    Finished `dev` profile [unoptimized + debuginfo] target(s) in 10.29s
     Running `target/reconciliation/debug/conduit-xtask-dispatch check speech-ipa`
    Finished `dev` profile [unoptimized + debuginfo] target(s) in 2.35s
     Running `target/reconciliation/debug/xtask check speech-ipa`
» [speech-ipa.nominal-projection] Preserve nominal identifier and sequence encoding in both evaluators
  $ cargo test -p conduit-plot --test nominal_field_projection --test nominal_sequence_literal --test native_expression_construction --test quoted_text_source --test nominal_record_projection --test nominal_collection_expression --locked
    Finished `test` profile [unoptimized + debuginfo] target(s) in 0.12s
     Running tests/native_expression_construction.rs (target/reconciliation/debug/deps/native_expression_construction-621f16b05cf7a791)

running 16 tests
test imported_shape_without_law_metadata_cannot_authorize_construction ... ok
test qualified_constructors_preserve_case_payload_and_exact_variant_identity ... ok
test prepared_qualified_variants_match_portable_evaluation ... ok
test variant_record_payload_keeps_its_native_schema_identity ... ok
test native_record_construction_retains_declared_schema_and_field_types ... ok
test construction_cannot_bypass_native_refinements_or_record_laws ... ok
test foreign_cases_missing_cases_and_wrong_payloads_refuse_at_checking ... ok
test imported_checked_metadata_preserves_refinement_construction_rules ... ok
test refined_constants_keep_existing_arithmetic_proof_and_refuse_invalid_values ... ok
test nominal_text_constants_preserve_identity_and_prove_their_bounds ... ok
test closed_record_construction_executes_its_where_laws_before_play ... ok
test variant_payload_projection_preserves_exact_forwarded_refinements ... ok
test nested_conditional_and_variant_fields_preserve_every_active_refinement ... ok
test refined_record_construction_preserves_exact_forwarded_field_contracts ... ok
test named_sequence_construction_checks_each_nominal_element_and_empty_sequences ... ok
test closed_parent_laws_cannot_bypass_nested_record_collection_or_variant_laws ... ok

test result: ok. 16 passed; 0 failed; 0 ignored; 0 measured; 0 filtered out; finished in 0.01s

     Running tests/nominal_collection_expression.rs (target/reconciliation/debug/deps/nominal_collection_expression-9ebd37791ccf8f9c)

running 2 tests
test nominal_exact_collection_preserves_profile_in_prepared_and_reference_execution ... ok
test nominal_collection_refuses_wrong_length_and_invalid_refined_element ... ok

test result: ok. 2 passed; 0 failed; 0 ignored; 0 measured; 0 filtered out; finished in 0.00s

     Running tests/nominal_field_projection.rs (target/reconciliation/debug/deps/nominal_field_projection-9485b15f8fbfd236)

running 1 test
test projected_nominal_text_compares_equal_to_an_identical_contextual_literal ... ok

test result: ok. 1 passed; 0 failed; 0 ignored; 0 measured; 0 filtered out; finished in 0.00s

     Running tests/nominal_record_projection.rs (target/reconciliation/debug/deps/nominal_record_projection-2c114e669c0a2db7)

running 1 test
test reference_and_prepared_projection_preserve_refined_nominal_primitive_record_fields ... ok

test result: ok. 1 passed; 0 failed; 0 ignored; 0 measured; 0 filtered out; finished in 0.00s

     Running tests/nominal_sequence_literal.rs (target/reconciliation/debug/deps/nominal_sequence_literal-9a19b59660e34f08)

running 2 tests
test named_sequence_keeps_its_cardinality_and_element_contracts ... ok
test named_empty_and_unicode_sequences_have_exact_prepared_parity ... ok

test result: ok. 2 passed; 0 failed; 0 ignored; 0 measured; 0 filtered out; finished in 0.00s

     Running tests/quoted_text_source.rs (target/reconciliation/debug/deps/quoted_text_source-b09e38144cd31545)

running 2 tests
test decoded_unicode_and_escapes_map_to_exact_authored_ranges ... ok
test bounded_mapping_refuses_foreign_tokens_bad_escapes_and_oversize ... ok

test result: ok. 2 passed; 0 failed; 0 ignored; 0 measured; 0 filtered out; finished in 0.00s

» [speech-ipa.plot-library] Regress ordinary parsing and checking after quoted-source custody changes
  $ cargo test -p conduit-plot --lib --locked
    Finished `test` profile [unoptimized + debuginfo] target(s) in 0.13s
     Running unittests src/lib.rs (target/reconciliation/debug/deps/conduit_plot-b1958bdb16692a1c)

running 313 tests
test canonical_expansion::configuration_contract::tests::decimals_lower_to_exact_microunits_without_reinterpreting_integer_literals ... ok
test canonical_expansion_tests::canonical_kind_fore_owns_callable_default_truth ... ok
test canonical_expansion::startup::tests::structured_parameter_requires_a_concrete_value_of_the_same_exact_type ... ok
test canonical_expansion::structured_selector::semantic_call::diagnostic_tests::ambiguous_runtime_arithmetic_names_the_explicit_temporal_families ... ok
test canonical_expansion_tests::canonical_back_refuses_a_front_that_differs_from_the_high_level_kind ... ok
test canonical_expansion_tests::canonical_keep_uses_the_existing_retained_current_gear_and_direction_sugar ... ok
test canonical_expansion_tests::abnormal_projection_requires_the_exact_source_fore_terminal_kind ... ok
test activation_tests::scan_refuses_a_unary_combine_plot_instead_of_faking_unary_activation ... ok
test activation_tests::select_refuses_non_boolean_predicates_without_truthiness_coercion ... ok
test activation_tests::scan_retains_exact_initial_and_two_input_combine_truth ... ok
test canonical_expansion_tests::exact_recovery_discharges_the_containing_plot_abnormal_export ... ok
test canonical_expansion_tests::exact_back_admission_refuses_stale_source_and_checked_plot_identities ... ok
test activation_tests::activation_refuses_a_flow_behavior ... ok
test activation_tests::expansion_keeps_selected_plot_opaque_and_emits_flow_coordinator ... ok
test activation_tests::select_specialization_keeps_the_exact_predicate_but_outputs_the_retained_item ... ok
test behavior_parameter_tests::type_and_behavior_parameters_specialize_one_exact_generic_fore ... ok
test canonical_expansion_tests::exact_abnormal_terminal_can_bind_a_typed_plot_output_without_becoming_payload ... ok
test activation_tests::fold_refuses_a_unary_combine_plot ... ok
test activation_tests::fold_retains_exact_initial_and_two_input_combine_truth ... ok
test canonical_expansion_tests::expanded_identity_rejects_graph_contract_and_provenance_mutation ... ok
test activation_tests::specialization_retains_one_exact_checked_activation ... ok
test behavior_parameter_tests::exact_behavior_identity_changes_checked_specialization_identity ... ok
test activation_tests::activation_law_participates_in_checked_identity ... ok
test behavior_parameter_tests::local_plot_captures_outer_behavior_only_as_compile_time_identity ... ok
test canonical_expansion_tests::canonical_terminal_transduction_survives_expansion_and_changes_identity ... ok
test canonical_expansion_tests::normal_close_projection_refuses_a_nonclosing_flow ... ok
test canonical_expansion_tests::nested_plot_observation_does_not_hide_unhandled_root_abnormal ... ok
test canonical_expansion_tests::fixed_arity_relational_glyph_expands_to_one_ordinary_gear ... ok
test canonical_expansion_tests::optional_keep_refuses_an_explicit_bound_smaller_than_some_payload ... ok
test canonical_expansion_tests::profile_startup_catalog_preserves_quantity_dimensions ... ok
test canonical_expansion_tests::initialized_boolean_keep_lowers_to_exact_typed_state ... ok
test canonical_expansion_tests::multiple_unresolved_child_abnormals_refuse_implicit_fanin ... ok
test canonical_expansion_tests::local_plot_cycles_refuse_before_any_privileged_nested_runtime_exists ... ok
test canonical_expansion_tests::multiple_abnormal_origins_cannot_claim_one_implicit_recovery_input ... ok
test canonical_expansion_tests::inferred_plot_abnormal_composes_recursively_without_payload_binding ... ok
test canonical_expansion_tests::expression_body_refuses_effectful_stateful_and_suspending_calls_without_escape_hatches ... ok
test canonical_expansion_tests::expression_body_checks_and_expands_identically_to_its_explicit_plot ... ok
test canonical_expansion_tests::optional_keep_lowers_omitted_and_present_initializers_to_none_and_some ... ok
test canonical_expansion_tests::inline_reusable_and_primitive_gears_expand_without_a_parallel_path ... ok
test canonical_expansion_tests::nested_plot_exact_recovery_clears_the_runtime_abnormal_obligation ... ok
test canonical_expansion_tests::lexical_local_plot_expands_as_an_ordinary_nested_plot_with_exact_provenance ... ok
test diagnostic::tests::attacker_controlled_message_is_truncated_on_a_utf8_boundary ... ok
test canonical_expansion_tests::reusable_plot_without_declared_shorthand_requires_named_port ... ok
test diagnostic::tests::unknown_schema_and_unbounded_related_subjects_fail_closed ... ok
test canonical_expansion_tests::pure_expression_lowers_to_one_exact_ordinary_gear ... ok
test canonical_expansion_tests::public_input_fanout_flattens_to_explicit_ordinary_connections ... ok
test expression_definition::identity_tests::streaming_identity_preserves_the_existing_exact_delimited_bytes ... ok
test canonical_expansion_tests::front_binding_preserves_flow_closure_and_current_observation_contracts ... ok
test canonical_expansion_tests::pool_name_is_not_ambiently_captured_by_nested_plots_or_graph_cords ... ok
test canonical_expansion_tests::parameterized_plot_flattens_to_ordinary_primitive_graph ... ok
test functional_front::tests::eligibility_refuses_same_identity_and_front_with_different_semantic_law ... ok
test functional_front::tests::equivalent_alternate_back_retains_contract_and_distinct_implementation ... ok
test canonical_expansion_tests::primitive_contract_bounds_and_front_types_fail_closed ... ok
test canonical_expansion_tests::terminal_projections_lower_to_distinct_typed_connection_tracks ... ok
test canonical_expansion_tests::selected_canonical_back_changes_only_expansion_identity_and_records_exact_provenance ... ok
test canonical_expansion_tests::terminal_projection_survives_a_nested_plot_input_boundary ... ok
test generic_plot_tests::generic_inference_refuses_conflicting_port_evidence ... ok
test canonical_expansion_tests::variadic_relational_glyph_expands_to_one_finitely_specialized_gear ... ok
test generic_plot_tests::explicit_generic_application_cannot_disagree_with_connected_ports ... ok
test generic_plot_tests::behavior_parameter_refuses_an_incompatible_named_fore ... ok
test generic_plot_tests::generic_specialization_preserves_temporal_modalities_and_data_references ... ok
test canonical_expansion_tests::unhandled_child_abnormal_is_an_exact_separate_containing_plot_export ... ok
test generic_plot_tests::exact_source_plot_behavior_parameter_specializes_to_an_ordinary_gear ... ok
test canonical_expansion_tests::optional_dimensioned_keep_preserves_none_some_identity_bound_and_duration ... ok
test generic_plot_tests::installed_kind_and_source_plot_arguments_share_the_same_fore_check ... ok
test canonical_expansion_tests::nested_expansion_and_source_reordering_have_deterministic_identity ... ok
test canonical_expansion_tests::two_uses_share_one_plot_definition_but_have_distinct_occurrence_paths ... ok
test integer_literal::tests::every_canonical_base_and_separator_normalizes_to_exact_meaning ... ok
test generic_plot_tests::type_parameter_cannot_masquerade_as_a_runtime_front_name ... ok
test generic_plot_tests::runtime_startup_values_remain_after_compile_time_type_arguments_disappear ... ok
test generic_plot_tests::named_parameters_specialize_independently_to_structured_and_scalar_types ... ok
test generic_plot_tests::specialization_propagates_finite_bounds_into_startup_and_retained_state ... ok
test generic_plot_tests::same_fore_effectful_behavior_refuses_when_the_use_requires_purity ... ok
test generic_plot_tests::type_arguments_must_resolve_to_exact_checked_types ... ok
test generic_plot_tests::generic_use_alias_preserves_the_canonical_specialization_identity ... ok
test generic_plot_tests::unary_generic_application_infers_one_unambiguous_port_type ... ok
test integer_literal::tests::range_sign_and_separator_errors_refuse_portably ... ok
test generic_plot_tests::named_type_parameters_specialize_to_exact_ordinary_fores ... ok
test expression_program::checked_encoding::tests::streamed_checked_programs_match_the_retained_v2_tree_encoding ... ok
test canonical_expansion_tests::semantic_cancellation_is_an_ordinary_cord_to_an_exact_declared_fore_control ... ok
test package_bundle_tests::lexical_local_plot_cannot_become_a_pack_export ... ok
test generic_plot_tests::specialization_expands_without_a_generic_runtime_gear ... ok
test package_bundle_tests::export_source_name_remains_distinct_from_canonical_plot_name ... ok
test generic_plot_tests::supplied_behavior_laws_survive_specialization_into_the_ordinary_graph ... ok
test package_bundle_tests::package_bundle_refuses_local_module_cycles_and_duplicate_plots ... ok
test canonical_expansion_tests::two_explicit_consumers_share_one_exact_expanded_pool_reference ... ok
test package_bundle_tests::package_bundle_refuses_missing_exports_members_and_plots ... ok
test package_bundle_tests::package_bundle_identity_covers_sorted_member_paths_and_exact_source ... ok
test package_check_tests::cross_module_plot_is_not_ambiently_visible ... ok
test canonical_expansion_tests::type_laws_mark_only_proven_integer_arithmetic_unchecked ... ok
test package_check_tests::an_unimported_external_plot_name_does_not_create_an_ambient_binding ... ok
test package_resolution_tests::deserialized_or_manually_constructed_package_truth_revalidates_fail_closed ... ok
test package_resolution_tests::checked_package_content_cannot_be_detached_from_its_parsed_source ... ok
test package_resolution_tests::legacy_export_keyword_is_not_a_compatibility_spelling ... ok
test generic_plot_tests::multi_port_behavior_parameter_preserves_every_named_fore_role ... ok
test package_resolution_tests::legacy_package_keyword_is_not_a_compatibility_spelling ... ok
test package_resolution_tests::malformed_package_source_never_falls_back_to_plot_syntax ... ok
test package_resolution_tests::legacy_require_and_quoted_versions_are_not_compatibility_spellings ... ok
test canonical_expansion_tests::recursion_and_expansion_depth_fail_with_distinct_diagnostics ... ok
test package_check_tests::package_check_retains_checked_codes ... ok
test package_resolution_tests::later_constraints_backtrack_to_the_highest_jointly_compatible_version ... ok
test package_check_tests::local_source_path_does_not_replace_the_canonical_plot_name ... ok
test rust_binding::bounded::tests::sequence_and_text_are_fixed_capacity_and_fail_closed ... ok
test package_resolution_tests::package_catalog_and_root_work_have_explicit_finite_admission_bounds ... ok
test package_resolution_tests::package_source_is_lossless_finite_and_canonicalizes_order ... ok
test package_resolution_tests::cycles_conflicts_and_duplicate_content_refuse_distinctly ... ok
test refinement_tests::duplicate_constraint_family_refuses_instead_of_last_write_wins ... ok
test refinement_tests::authored_ranges_preserve_open_and_closed_endpoints ... ok
test refinement_tests::ieee_float_refinements_are_exact_finite_and_identity_bearing ... ok
test rust_binding::generate::names::tests::reserved_words_escape_without_changing_semantic_spelling ... ok
test rust_binding::generate_tests::byte_bindings_retain_the_full_checked_structured_capacity ... ok
test package_resolution_tests::resolver_selects_highest_matching_version_and_locks_exact_content ... ok
test refinement_tests::malformed_or_incompatible_authored_refinements_refuse_during_checking ... ok
test package_check_tests::explicit_local_import_resolves_a_pool_member_plot ... ok
test rust_binding::generate_tests::checked_form_generates_the_only_rust_discriminant_table ... ok
test rust_binding::generate_tests::constrained_integer_nominal_validates_without_structured_allocation ... ok
test package_check_tests::explicit_local_glyph_import_checks_as_the_exact_ordinary_plot ... ok
test rust_binding::generate_tests::constrained_copy_record_validation_does_not_clone_the_candidate ... ok
test refinement_tests::missing_range_ends_remain_semantically_open ... ok
test refinement_tests::membership_is_canonical_and_composes_with_pattern_independent_of_authored_order ... ok
test refinement_tests::canonical_anchors_select_prefix_suffix_and_whole_value_profiles ... ok
test rust_binding::generate_tests::generated_code_preserves_explicit_iota_origin ... ok
test refinement_tests::negated_membership_and_pattern_are_checked_relations ... ok
test refinement_tests::leading_lookahead_is_checked_once_and_searches_within_the_admitted_text ... ok
test rust_binding::generate_tests::generated_contracts_preserve_semantic_openness ... ok
test rust_binding::generate_tests::quantity_unit_fields_use_the_canonical_native_unit_vocabulary ... ok
test rust_binding::external_binding_validation::tests::foreign_record_variant_payload_retains_exact_nested_owner_bindings ... ok
test rust_binding::generate_tests::selected_constrained_record_validates_direct_integer_bounds_without_structured_allocation ... ok
test rust_binding::generate_tests::record_constructor_order_must_name_every_field_exactly_once ... ok
test structured_startup::literal::float_literal_tests::exact_float_literals_preserve_signed_zero_and_refuse_excess_precision ... ok
test structured_startup::literal::float_literal_tests::structured_text_literals_decode_source_quotes_and_escapes_once ... ok
test rust_binding::generate_layout_tests::inline_variant_layout_is_explicit_and_preserves_semantic_identity ... ok
test structured_startup::tests::fixed_six_decimal_scalar_literals_refuse_precision_and_range_overflow ... ok
test rust_binding::generate_tests::selected_record_can_retain_established_constructor_argument_order ... ok
test rust_binding::generate_tests::ordinary_generation_refuses_missing_drifted_and_unused_external_bindings ... ok
test surface_tests::canonical_ast_spans_are_exact_utf8_byte_slices ... ok
test surface_tests::body_wardrobe_directives_are_role_specific_lossless_syntax ... ok
test surface_tests::all_canonical_temporal_modalities_and_finite_bounds_are_retained ... ok
test surface_tests::canonical_back_represents_values_named_arguments_and_anonymous_gears ... ok
test surface_tests::canonical_clock_plot_round_trips_with_named_and_inline_gears ... ok
test rust_binding::generate_tests::locked_package_generation_revalidates_exact_source_without_network_work ... ok
test rust_binding::generate_tests::wide_record_constructor_allows_its_generated_argument_shape ... ok
test rust_binding::generate_tests::exact_reference_leaves_use_validated_native_bindings ... ok
test surface_tests::canonical_document_roles_share_tokens_declarations_values_and_diagnostics ... ok
test surface_tests::canonical_parser_rejects_unbalanced_invocation_expressions ... ok
test surface_tests::canonical_front_keeps_startup_values_runtime_ports_and_shorthand_distinct ... ok
test surface_tests::checked_pattern_refinement_is_lossless_front_syntax ... ok
test surface_tests::canonical_negative_corpus_has_stable_diagnostics_and_exact_spans ... ok
test surface_tests::canonical_parser_handles_inline_plot_calls_and_quoted_punctuation ... ok
test surface_tests::english_completion_keyword_is_not_retained_as_an_alias ... ok
test surface_tests::comparisons_do_not_become_legacy_cord_diagnostics ... ok
test surface_tests::freestanding_completion_full_stop_is_rejected ... ok
test surface_tests::data_references_and_exact_width_integer_types_are_canonical_fore_types ... ok
test surface_tests::canonical_parser_accepts_multiple_plots_without_semantic_lowering ... ok
test surface_tests::canonical_duplex_front_has_auxiliary_ports_without_a_shorthand_path ... ok
test surface_tests::generic_native_type_syntax_is_lossless_and_target_neutral ... ok
test surface_tests::expression_body_is_one_lossless_sugar_for_an_explicit_cord ... ok
test surface_tests::input_tuple_record_projection_and_semantic_calls_have_distinct_syntax ... ok
test surface_tests::legacy_without_glyphs_header_is_not_a_compatibility_spelling ... ok
test surface_tests::legacy_use_keyword_is_not_a_compatibility_spelling ... ok
test surface_tests::legacy_single_greater_than_is_not_retained_as_a_cord_alias ... ok
test surface_tests::malformed_statement_before_inline_comment_keeps_its_exact_span ... ok
test surface_tests::keep_parses_initializers_bounds_and_every_canonical_lifetime ... ok
test surface_tests::named_type_parameters_are_not_runtime_startup_values ... ok
test surface_tests::native_fixed_collection_requires_one_exact_finite_length ... ok
test surface_tests::local_plots_are_lossless_nested_source_syntax ... ok
test surface_tests::native_sequence_supports_large_but_finite_semantic_families ... ok
test surface_tests::native_sequence_can_state_exact_nonzero_cardinality_bounds ... ok
test surface_tests::native_sequence_type_requires_one_explicit_finite_cardinality_bound ... ok
test surface_tests::native_variant_case_can_carry_a_type_directly ... ok
test surface_tests::open_ended_ranges_remain_lossless_until_the_type_supplies_their_bounds ... ok
test surface_tests::native_semantic_types_are_lossless_finite_syntax_not_rust_shapes ... ok
test surface_tests::portable_lookahead_and_group_profiles_are_lossless_front_syntax ... ok
test surface_tests::parenthesized_runtime_expression_is_one_cord_stage ... ok
test surface_tests::plots_are_live_by_default_and_completion_is_explicit ... ok
test surface_tests::percentage_quantity_suffix_is_not_a_remainder_without_a_right_operand ... ok
test surface_tests::inline_comments_are_lossless_trivia_across_surface_roles ... ok
test surface_tests::quoted_text_is_a_distinct_lossless_graph_stage ... ok
test surface_tests::range_membership_and_composition_are_lossless_front_syntax ... ok
test surface_tests::recursive_or_empty_data_reference_types_are_rejected ... ok
test surface_tests::punctuation_gear_names_are_lossless_but_core_tokens_remain_grammar ... ok
test surface_tests::pure_expression_precedence_and_ternary_are_structural_not_opaque_text ... ok
test surface_tests::temporal_markers_cannot_be_combined_or_left_without_a_value_type ... ok
test surface_tests::where_is_not_a_when_compatibility_alias ... ok
test surface_tests::with_headers_and_glyph_opt_out_are_lossless_document_structure ... ok
test surface_tests::when_terminal_quiescence_and_cancellation_stages_are_not_ordinary_references ... ok
test syntax_check_tests::back_bindings_cannot_shadow_fore_symbols ... ok
test syntax_check_tests::authored_with_alias_resolves_to_canonical_kind_without_changing_checked_identity ... ok
test syntax_check_tests::checked_front_canonicalizes_runtime_port_declaration_order ... ok
test syntax_check_tests::comment_only_edits_change_source_identity_but_not_checked_meaning ... ok
test syntax_check_tests::checked_front_equality_ignores_callable_name_and_back ... ok
test syntax_check_tests::completion_policy_is_exact_checked_meaning ... ok
test syntax_check_tests::configured_gear_occurrence_may_have_a_glyph_name ... ok
test package_check_tests::pack_can_define_ship_and_use_native_semantic_types ... ok
test syntax_check_tests::defaults_are_used_only_when_omitted_and_explicit_values_override_them ... ok
test syntax_check_tests::dependent_defaults_use_explicit_caller_binding_without_mutating_signature ... ok
test syntax_check_tests::delimiter_like_literal_text_is_bound_unambiguously_into_identity ... ok
test syntax_check_tests::duplicate_immutable_bindings_fail_without_last_write_wins ... ok
test syntax_check_tests::duplicate_gear_and_unsupported_kind_diagnostics_are_stable ... ok
test surface_tests::kind_parameter_retains_its_exact_named_fore_constraint ... ok
test syntax_check_tests::duplicate_named_arguments_are_conflicting_not_last_write_wins ... ok
test syntax_check_tests::explicit_unary_glyph_inspection_uses_the_checked_fore_and_lossless_replacement ... ok
test syntax_check_tests::fixed_width_integer_defaults_are_checked_before_identity ... ok
test syntax_check_tests::checked_front_equality_binds_startup_ports_and_shorthand ... ok
test syntax_check_tests::explicit_iota_order_requires_each_variant_exactly_once ... ok
test syntax_check_tests::fixed_arity_relational_glyph_binds_operands_in_checked_fore_order ... ok
test syntax_check_tests::form_iota_refuses_u8_overflow ... ok
test syntax_check_tests::form_iota_may_start_at_an_explicit_u8_value ... ok
test syntax_check_tests::form_is_named_bounded_and_distinct_from_type_identity ... ok
test syntax_check_tests::finite_value_bounds_survive_in_the_exact_checked_fore ... ok
test syntax_check_tests::explicit_glyph_alias_lowers_to_the_same_ordinary_inline_gear ... ok
test syntax_check_tests::forward_reference_chains_resolve_to_one_canonical_value ... ok
test syntax_check_tests::front_default_cycles_are_rejected_even_before_invocation ... ok
test syntax_check_tests::form_mapping_changes_compatibility_not_semantic_type_identity ... ok
test syntax_check_tests::front_defaults_are_resolved_in_definition_scope_for_checked_identity ... ok
test syntax_check_tests::grouped_with_resolves_each_exact_installed_kind ... ok
test syntax_check_tests::generic_family_aliases_share_canonical_concrete_references ... ok
test syntax_check_tests::generic_native_types_refuse_each_invalid_parameter_contract ... ok
test syntax_check_tests::legacy_code_keyword_is_not_a_compatibility_alias ... ok
test syntax_check_tests::installed_kind_glyph_requires_and_uses_its_exact_checked_fore ... ok
test syntax_check_tests::fixed_width_integer_literals_are_range_checked_and_canonicalized ... ok
test syntax_check_tests::local_plot_is_checked_through_one_private_ordinary_plot_seam ... ok
test syntax_check_tests::local_bindings_cannot_shadow_front_values_or_runtime_ports ... ok
test syntax_check_tests::keep_lifetime_optional_and_bound_are_exact_checked_meaning ... ok
test syntax_check_tests::local_plot_privacy_and_implicit_capture_fail_closed ... ok
test syntax_check_tests::local_plot_captures_outer_type_parameters_only_as_exact_compile_time_identity ... ok
test syntax_check_tests::native_fixed_collection_checks_to_exact_structured_collection_truth ... ok
test syntax_check_tests::multiple_positional_and_named_bindings_follow_one_declared_signature ... ok
test syntax_check_tests::local_values_and_gears_resolve_independently_of_statement_order ... ok
test syntax_check_tests::native_text_bounds_and_negated_refinements_remain_checked_contracts ... ok
test syntax_check_tests::native_record_where_laws_must_be_boolean_and_follow_fields ... ok
test syntax_check_tests::native_record_where_laws_are_typed_owned_and_enforced ... ok
test syntax_check_tests::native_type_identity_ignores_source_trivia_but_not_semantic_name ... ok
test syntax_check_tests::native_types_resolve_forward_references_and_refuse_recursive_cycles ... ok
test syntax_check_tests::generic_native_types_monomorphize_to_exact_finite_checked_meaning ... ok
test syntax_check_tests::native_types_preserve_open_semantic_range_ends_for_every_numeric_family ... ok
test syntax_check_tests::old_executable_form_spelling_is_not_a_plot_alias ... ok
test syntax_check_tests::native_scalar_record_and_variant_types_own_nominal_checked_identity ... ok
test syntax_check_tests::positional_and_named_binding_of_one_parameter_is_rejected ... ok
test syntax_check_tests::optional_ports_resolve_to_the_canonical_finite_variant_profile ... ok
test syntax_check_tests::pre_v1_representation_keyword_is_not_a_compatibility_alias ... ok
test syntax_check_tests::pool_member_must_be_declared_and_size_is_a_positive_finite_bound ... ok
test syntax_check_tests::public_front_names_cannot_be_duplicated_or_shadowed_by_gears ... ok
test syntax_check_tests::positional_named_and_local_reference_bindings_are_semantically_equivalent ... ok
test syntax_check_tests::pool_declaration_seals_member_front_and_bound_without_nominal_identity ... ok
test syntax_check_tests::pure_expression_identity_is_structural_and_ignores_parentheses_and_trivia ... ok
test syntax_check_tests::reusable_plot_arguments_use_declared_front_startup_signature_without_expansion ... ok
test syntax_check_tests::relational_glyph_refuses_wrong_arity_and_mixed_adjacent_meanings ... ok
test syntax_check_tests::repeated_variadic_glyph_specializes_one_exact_ordinary_gear ... ok
test syntax_check_tests::runtime_ports_cannot_masquerade_as_startup_values ... ok
test syntax_check_tests::native_types_work_in_keeps_and_data_refs_without_structural_interchange ... ok
test syntax_check_tests::pattern_refinement_refuses_wrong_kind_and_bounds_star_by_the_text_envelope ... ok
test syntax_check_tests::runtime_ports_hidden_inside_unsupported_expressions_still_fail_as_runtime_values ... ok
test syntax_check_tests::shorthand_pair_participates_in_checked_identity ... ok
test syntax_check_tests::scientific_quantity_dimension_and_canonical_spelling_are_checked ... ok
test syntax_check_tests::scientific_quantity_defaults_and_locals_are_checked_typed_values ... ok
test syntax_check_tests::startup_aliases_canonicalize_front_identity_and_fingerprint ... ok
test syntax_check_tests::startup_dependency_cycles_are_rejected_exactly ... ok
test syntax_check_tests::sans_glyphs_removes_only_the_standard_prelude ... ok
test syntax_check_tests::startup_type_and_default_semantics_have_explicit_identity_boundaries ... ok
test syntax_check_tests::unsupported_expression_plots_fail_instead_of_becoming_opaque_literals ... ok
test syntax_check_tests::unknown_missing_and_excess_parameters_are_distinct ... ok
test syntax_check_tests::unresolved_unused_duplicate_and_shadowing_imports_refuse ... ok
test syntax_check_tests::text_pattern_refinement_enters_the_checked_fore_and_identity ... ok
test syntax_highlight::tests::checked_pattern_spelling_is_one_lossless_language_construct ... ok
test syntax_highlight::tests::composed_refinement_words_are_language_keywords ... ok
test syntax_check_tests::variadic_glyph_refuses_an_implicit_unary_specialization ... ok
test syntax_check_tests::pure_expressions_admit_only_explicit_integer_widening_and_variant_tags ... ok
test syntax_highlight::tests::canonical_source_is_lossless_and_grammar_aware ... ok
test syntax_highlight::tests::inline_comments_are_distinct_from_hashes_inside_strings ... ok
test syntax_highlight::tests::kind_parameter_uses_the_compile_time_keyword ... ok
test syntax_highlight::tests::incomplete_invalid_edit_still_highlights_exact_source ... ok
test syntax_highlight::tests::named_type_parameter_uses_the_compile_time_keyword ... ok
test syntax_highlight::tests::pack_source_uses_the_shared_lossless_highlighter ... ok
test syntax_highlight::tests::punctuation_and_literals_remain_finite_without_regex_rewriting ... ok
test syntax_highlight::tests::scientific_quantity_typography_is_one_preserved_numeric_span ... ok
test syntax_highlight::tests::unicode_comments_and_names_keep_utf8_byte_boundaries ... ok
test text_value::tests::text_startup_quoting_preserves_unicode_and_each_retained_escape ... ok
test syntax_highlight::tests::with_and_glyph_header_words_are_language_keywords ... ok
test value_pattern_tests::admitted_match_work_is_refused_before_play ... ok
test value_pattern_tests::empty_plots_have_exact_regular_language_meanings ... ok
test value_pattern_tests::canonical_bounded_regex_source_compiles_before_play ... ok
test syntax_check_tests::standard_glyph_prelude_resolves_every_reviewed_binding_lazily ... ok
test value_pattern_tests::leading_positive_and_negative_lookahead_compile_to_finite_languages ... ok
test syntax_check_tests::variant_case_tests_resolve_against_the_exact_declared_type ... ok
test value_pattern_tests::malformed_source_has_exact_errors ... ok
test value_pattern_tests::overlapping_choices_are_determinized_into_disjoint_ranges ... ok
test value_pattern_tests::source_refuses_malformed_constructs ... ok
test value_pattern_tests::unicode_range_crossing_surrogates_is_split_canonically ... ok
test value_type::tests::canonical_text_resolves_without_changing_exact_explicit_kinds ... ok
test value_pattern_tests::noncapturing_and_named_groups_compile_to_the_same_boolean_language ... ok
test value_pattern_tests::sequence_choice_and_finite_repeat_compile_to_full_match ... ok
test value_type::tests::data_reference_wraps_the_exact_checked_content_type_once ... ok
test value_type::tests::semantic_owner_can_register_a_value_spelling_without_plot_changes ... ok
test value_type::tests::unregistered_author_alias_refuses_before_planning ... ok
test variadic_front::tests::malformed_or_empty_family_refuses_before_catalog_truth ... ok
test variadic_front::tests::specialization_is_finite_exact_and_canonically_named ... ok
test variadic_front::tests::semantic_kind_specialization_repeats_exact_per_input_terminal_law ... ok
test value_pattern_tests::star_and_plus_are_finitely_bound_by_the_input_contract ... ok
test value_pattern_tests::compiled_state_ceiling_is_refused_exactly ... ok
test rust_binding::generate_tests::selected_record_can_retain_established_public_fields ... ok
test rust_binding::generate_tests::selected_serde_record_can_retain_deny_unknown_fields ... ok
test rust_binding::generate_tests::exact_float_law_generates_semantic_wrappers_and_checked_refinements ... ok
test rust_binding::generate_tests::selected_record_retains_copy_and_serde_binding_traits ... ok
test rust_binding::generate_tests::binding_only_boxing_preserves_semantic_identity_and_refuses_invalid_targets ... ok
test rust_binding::generate_tests::serde_variant_exclusion_preserves_a_non_serde_binding ... ok
test rust_binding::generate_tests::rust_only_variant_order_preserves_serde_abi_without_changing_type_identity ... ok
test rust_binding::generate_tests::generation_is_deterministic_and_keeps_rust_spelling_out_of_identity ... ok
test rust_binding::generate_tests::colliding_or_invalid_rust_spellings_refuse_instead_of_rebinding ... ok
test surface_tests::authored_imports_have_one_explicit_finite_document_bound ... ok
test syntax_highlight::tests::source_and_token_pressure_refuse_distinctly ... ok
test rust_binding::generate_tests::locked_dependency_types_come_only_from_their_exact_source_bundle ... ok
test rust_binding::generate_tests::generated_bindings_compile_as_an_independent_rust_library ... ok

test result: ok. 313 passed; 0 failed; 0 ignored; 0 measured; 0 filtered out; finished in 0.61s

» [speech-ipa.authoring-and-admission] Check authored phone/phoneme values, Unicode notation and inventory custody
  $ cargo test -p conduit-speech --features kernel,semantic-bindings --test ipa_authoring --test ipa_quoted_phone --test ipa_quoted_constructors --test ipa_language_basis --test ipa_phone --test ipa_notation --test ipa_phonetic --test ipa_phonemic --test ipa_inventory --test ipa_membership --test ipa_source_execution --test profile_phones --locked
   Compiling conduit-speech v0.1.0 (/home/dancxjo/Documents/Codex/2026-10-08/goal-finish-and-close-out-5260/work/conduit/semantics/speech)
    Finished `test` profile [unoptimized + debuginfo] target(s) in 2.29s
     Running tests/ipa_authoring.rs (target/reconciliation/debug/deps/ipa_authoring-4064bc9387212ea9)

running 3 tests
test authored_phone_literal_executes_as_the_same_native_domain_value ... ok
test authored_phoneme_keeps_explicit_phone_alternatives_and_optional_default ... ok
test source_checker_refuses_phone_as_phoneme_and_phoneme_as_phone ... ok

test result: ok. 3 passed; 0 failed; 0 ignored; 0 measured; 0 filtered out; finished in 35.26s

     Running tests/ipa_inventory.rs (target/reconciliation/debug/deps/ipa_inventory-85afc2a13bedd2d7)

running 4 tests
test phoneme_realization_cannot_reference_a_foreign_phone ... ok
test exact_definitions_keep_distinct_identities_and_executed_notation ... ok
test quoted_phoneme_constructor_resolves_only_with_the_explicit_inventory ... ok
test foreign_basis_missing_bindings_and_provider_codes_refuse ... ok

test result: ok. 4 passed; 0 failed; 0 ignored; 0 measured; 0 filtered out; finished in 0.11s

     Running tests/ipa_language_basis.rs (target/reconciliation/debug/deps/ipa_language_basis-752375a93c98933e)

running 1 test
test inventory_basis_import_retains_language_laws_and_owner_abi ... ok

test result: ok. 1 passed; 0 failed; 0 ignored; 0 measured; 0 filtered out; finished in 18.51s

     Running tests/ipa_membership.rs (target/reconciliation/debug/deps/ipa_membership-c32fa9f941daec12)

running 2 tests
test duplicate_definitions_and_guessed_aliases_cannot_prepare ... ok
test executed_ipa_retains_full_profile_and_refuses_foreign_basis ... ok

test result: ok. 2 passed; 0 failed; 0 ignored; 0 measured; 0 filtered out; finished in 0.06s

     Running tests/ipa_notation.rs (target/reconciliation/debug/deps/ipa_notation-41defe7fd56d9bc0)

running 3 tests
test unsupported_notation_delimiters_and_suprasegmental_order_refuse ... ok
test located_refusals_keep_byte_and_scalar_coordinates_in_original_unicode_source ... ok
test checked_unicode_profile_retains_original_spelling_and_all_unit_spans ... ok

test result: ok. 3 passed; 0 failed; 0 ignored; 0 measured; 0 filtered out; finished in 0.19s

     Running tests/ipa_phone.rs (target/reconciliation/debug/deps/ipa_phone-590a0d1c8fb6acc2)

running 2 tests
test single_phone_refuses_sequences_suprasegmentals_and_provider_codes ... ok
test universal_phone_needs_no_inventory_and_retains_multiscalar_spelling ... ok

test result: ok. 2 passed; 0 failed; 0 ignored; 0 measured; 0 filtered out; finished in 0.09s

     Running tests/ipa_phonemic.rs (target/reconciliation/debug/deps/ipa_phonemic-b1fb3300a9852506)

running 5 tests
test capacity_refusals_use_body_coordinates_before_display_copying ... ok
test unbound_length_and_known_ipa_outside_the_inventory_refuse_precisely ... ok
test version_one_refuses_stress_inside_a_phoneme_binding ... ok
test transcription_resolves_declared_contrasts_and_retains_unicode_alias_evidence ... ok
test complete_partition_refuses_competing_definitions_and_groupings ... ok

test result: ok. 5 passed; 0 failed; 0 ignored; 0 measured; 0 filtered out; finished in 0.41s

     Running tests/ipa_phonetic.rs (target/reconciliation/debug/deps/ipa_phonetic-b9f3f5e6d712f297)

running 4 tests
test a_variant_cannot_smuggle_an_unchecked_phone_past_its_native_spelling_law ... ok
test unsupported_marks_delimiters_order_and_capacity_refuse_at_the_exact_body_span ... ok
test transcription_does_not_convert_ascii_codes_or_invent_equivalence ... ok
test universal_transcription_preserves_typed_phones_events_and_source_coordinates ... ok

test result: ok. 4 passed; 0 failed; 0 ignored; 0 measured; 0 filtered out; finished in 0.25s

     Running tests/ipa_quoted_constructors.rs (target/reconciliation/debug/deps/ipa_quoted_constructors-d7a8f1404215b85d)

running 5 tests
test preparation_refuses_counterfeit_profiles_and_legacy_inventory_identity ... ok
test source_round_trip_preserves_escaped_provenance_and_explicit_nasal_spelling ... ok
test source_refuses_competing_phonemes_and_equal_spelling_across_types ... ok
test source_refusals_locate_unicode_escapes_and_explicit_scope_fields ... ok
test four_qualified_source_constructors_produce_distinct_native_values ... ok

test result: ok. 5 passed; 0 failed; 0 ignored; 0 measured; 0 filtered out; finished in 21.31s

     Running tests/ipa_quoted_phone.rs (target/reconciliation/debug/deps/ipa_quoted_phone-c05339fa352adf82)

running 1 test
test quoted_phone_constructor_checks_unicode_and_preserves_tooling_and_native_identity ... ok

test result: ok. 1 passed; 0 failed; 0 ignored; 0 measured; 0 filtered out; finished in 20.10s

     Running tests/ipa_source_execution.rs (target/reconciliation/debug/deps/ipa_source_execution-7377bb3adf699437)

running 2 tests
test actual_source_laws_refuse_unsupported_units_and_wrong_kinds ... ok
test actual_source_unit_laws_and_pure_projection_preserve_complete_definition ... ok

test result: ok. 2 passed; 0 failed; 0 ignored; 0 measured; 0 filtered out; finished in 0.36s

     Running tests/profile_phones.rs (target/reconciliation/debug/deps/profile_phones-5867519a1f0dc874)

running 8 tests
test native_binding_refuses_a_conflicting_ipa_model ... ok
test mismatching_definition_metadata_refuses_even_with_the_same_id_and_ipa ... ok
test observed_token_feature_constraints_refuse_separately ... ok
test rich_definition_renders_without_fabricating_a_source_phoneme ... ok
test supplied_feature_constraints_are_never_silently_discarded ... ok
test stress_states_are_preserved_or_returned_unresolved ... ok
test unsupported_and_ambiguous_profile_bindings_are_distinct ... ok
test affricate_projection_requires_explicit_single_phone_tie_bar ... ok

test result: ok. 8 passed; 0 failed; 0 ignored; 0 measured; 0 filtered out; finished in 0.16s

» [speech-ipa.speech-library] Regress Speech contracts after aligning Native and authoring owner imports
  $ cargo test -p conduit-speech --features kernel,semantic-bindings --lib --locked
   Compiling conduit-speech v0.1.0 (/home/dancxjo/Documents/Codex/2026-10-08/goal-finish-and-close-out-5260/work/conduit/semantics/speech)
    Finished `test` profile [unoptimized + debuginfo] target(s) in 2m 28s
     Running unittests src/lib.rs (target/reconciliation/debug/deps/conduit_speech-00685ead986792b2)

running 72 tests
test connection_parity::connected_context_keeps_stop_place_stress_and_history_distinct ... ok
test connection_parity::sonorant_joins_share_an_exact_midpoint_without_merging_durations ... ok
test connection_parity::boundaries_and_noise_or_stop_neighbors_keep_isolated_envelopes ... ok
test allophone_selection_parity::eligibility_and_request_state_laws_match_checked_portable_evaluation ... ok
test frication_parity::low_voicing_is_noise_independent_and_upper_noise_is_phase_independent ... ok
test duration_parity::frame_span_uses_checked_subtraction ... ok
test frication_transfer::unused_bypass_does_not_refuse_but_selected_overflow_does ... ok
test frication_transfer::diffuse_frication_is_direct_noise_and_keeps_its_source_class ... ok
test glottal_parity::fixed_period_flow_has_zero_dc_closed_phase_and_bounded_excitation ... ok
test frication_parity::voiced_fricatives_have_a_stable_low_bar_and_retain_their_noise_bands ... ok
test differential::compiled_integer_operations_match_checked_overflow_and_boundary_behavior ... ok
test arithmetic_bounds::all_intermediate_profile_operations_fit_signed_32_bits ... ok
test inflection_parity::every_stem_class_and_suffix_matches_portable_eligibility ... ok
test inflection_parity::every_declared_stem_and_unknown_controls_match_portable_stem_class ... ok
test intensity_parity::local_intensity_is_neutral_at_joins_and_monotone_on_each_edge ... ok
test duration_parity::sum_preserves_exact_values_and_checked_refusals ... ok
test ipa_partition::diagnostic_tests::ambiguity_skips_a_common_declared_prefix ... ok
test ipa_partition::diagnostic_tests::unsupported_combining_mark_has_an_exact_utf8_span ... ok
test ipa_partition::tests::ambiguous_complete_partition_refuses_instead_of_longest_match ... ok
test ipa_partition::tests::multicodepoint_units_and_explicit_alias_preserve_source ... ok
test ipa_partition::tests::no_partial_success_or_silent_truncation ... ok
test ipa_unicode::tests::declared_unicode_units_survive_without_ascii_reinterpretation ... ok
test ipa_unicode::tests::suprasegmentals_have_distinct_kinds ... ok
test frication_transfer::sibilants_emphasize_upper_spectrum_and_retain_distinct_place_cues ... ok
test allophone_selection_parity::every_finish_carrier_matches_checked_portable_evaluation ... ok
test control_parity::fractional_cycles_retain_subframe_offset_and_bound_every_advance ... ok
test neighbor_match_parity::every_alternative_pair_matches_portable_evaluation ... ok
test neighbor_match_parity::every_neighbor_carrier_matches_portable_evaluation ... ok
test onset_parity::onset_models_restore_targets_keep_stable_poles_and_respect_boundaries ... ok
test arithmetic_bounds::every_profile_target_stays_inside_the_fixed_arithmetic_envelope ... ok
test allophone_selection_parity::every_status_mask_matches_portable_law_and_uses_the_original_native_type ... ok
test output_features_parity::every_default_feature_presence_pair_matches_portable_native_meaning ... ok
test intensity_parity::neutral_branch_is_exact_and_selected_scaling_refuses_overflow ... ok
test output_features_parity::every_output_feature_layer_carrier_matches_portable_native_meaning ... ok
test frame_parity::frame_history_matches_the_original_checked_scalar_composition ... ok
test onset_parity::stop_place_is_derived_from_the_exact_selected_phone ... ok
test prosody_parity::pitch_policy_stays_bounded_monotone_and_retains_uncertainty ... ok
test realization_parity::projected_phone_model_matches_every_retained_phone_and_stress ... ok
test inflection_parity::scanner_length_and_character_equivalence_classes_match_portable_candidates ... ok
test rule_conditions_parity::explicit_style_carriers_agree_with_checked_portable_law ... ok
test rule_conditions_parity::feature_presence_policy_agrees_with_checked_portable_law ... ok
test rule_input_parity::every_identity_pattern_carrier_agrees_with_checked_portable_policy ... ok
test source_balance::hello_noise_and_vowel_have_audible_bounded_levels_and_exact_pause ... ok
test source_balance::turbulent_source_energy_does_not_overpower_the_voiced_source ... ok
test timing_parity::exact_rate_projection_matches_portable_unsigned_arithmetic ... ok
test trajectory_parity::diphthongs_move_spectrum_without_changing_duration_or_segment_identity ... ok
test trajectory_parity::plain_stops_have_silent_closure_and_audible_finite_release ... ok
test trajectory_parity::stop_place_and_voicing_have_distinct_bounded_realizations ... ok
test inflection_parity::every_final_phoneme_and_suffix_matches_portable_ending_meaning ... ok
test pronunciation_parity::digit_normalization_has_exact_portable_values_and_matches_digit_name_lexicon ... ok
test trajectory_parity::unvoiced_stop_spectra_separate_low_mid_and_high_energy_models ... ok
test differential::all_compiled_phone_targets_match_the_portable_typed_program ... ok
test upper_source_parity::upper_voicing_difference_tracks_exact_source_and_keeps_noise_unchanged ... ok
test aspiration_parity::every_aspiration_carrier_matches_the_portable_plot ... ok
test upper_source_parity::steady_voicing_is_rejected_and_unused_history_cannot_refuse_noise ... ok
test rule_conditions_parity::every_stress_mask_presence_state_and_tag_agrees_with_checked_portable_law ... ok
test allophone_selection_parity::every_legal_priority_fold_carrier_matches_checked_portable_evaluation ... ok
test context_match_parity::every_context_carrier_matches_the_checked_portable_program ... ok
test duration_parity::admitted_grid_domain_and_duration_targets_match_portable_plots ... ok
test pronunciation_parity::lexicon_and_spelling_outputs_match_portable_exact_native_values ... ok
test glottal_parity::source_graph_matches_portable_at_open_closure_and_refusal_edges ... ok
test control_parity::resolved_cycle_frames_match_the_portable_graph_at_phase_and_domain_edges ... ok
test intensity_parity::every_phone_and_stress_preserves_context_and_has_exact_portable_intensity ... ok
test neighbor_parity::both_neighbor_endpoints_match_portable_graph_and_scalar_composition ... ok
test onset_parity::onset_graph_matches_portable_models_for_every_phone_place_and_window_edge ... ok
test trajectory_parity::temporal_targets_match_portable_graph_for_every_phone_and_transition_edge ... ok
test frame_parity::composed_frame_agrees_with_portable_graph_at_all_phone_and_envelope_edges ... ok
test realization_parity::every_realization_preserves_typed_input_phone_and_derivation ... ok
test connection_parity::connected_target_graph_matches_portable_models_at_every_transition_edge ... ok
test prosody_parity::authored_pitch_and_dsp_chain_matches_portable_graph_with_exact_context ... ok
test onset_parity::contextual_frame_preserves_onset_context_and_matches_the_portable_chain has been running for over 60 seconds
test trajectory_parity::temporal_frame_preserves_typed_context_and_matches_portable_specialization has been running for over 60 seconds
test trajectory_parity::temporal_frame_preserves_typed_context_and_matches_portable_specialization ... ok
test onset_parity::contextual_frame_preserves_onset_context_and_matches_the_portable_chain ... ok

test result: ok. 72 passed; 0 failed; 0 ignored; 0 measured; 0 filtered out; finished in 220.42s

» [speech-ipa.installed-construction] Execute four quoted constructors through installed Backs and the kernel
  $ cargo test -p conduit-std-host --test ipa_constructors --test native_speech --locked
   Compiling syn v3.0.6
   Compiling crypto-common v0.1.7
   Compiling digest v0.10.7
   Compiling sha2 v0.10.9
   Compiling zeroize v1.9.0
   Compiling libc v0.2.189
   Compiling subtle v2.6.1
   Compiling curve25519-dalek v4.1.3
   Compiling serde_derive v1.0.229
   Compiling serde v1.0.229
   Compiling conduit-assigned-plan v0.1.0 (/home/dancxjo/Documents/Codex/2026-10-08/goal-finish-and-close-out-5260/work/conduit/architecture/assigned-plan)
   Compiling conduit-core v0.1.0 (/home/dancxjo/Documents/Codex/2026-10-08/goal-finish-and-close-out-5260/work/conduit/architecture/core)
   Compiling conduit-plot v0.1.0 (/home/dancxjo/Documents/Codex/2026-10-08/goal-finish-and-close-out-5260/work/conduit/architecture/plot)
   Compiling conduit-time v0.1.0 (/home/dancxjo/Documents/Codex/2026-10-08/goal-finish-and-close-out-5260/work/conduit/semantics/time)
   Compiling conduit-kernel v0.1.0 (/home/dancxjo/Documents/Codex/2026-10-08/goal-finish-and-close-out-5260/work/conduit/architecture/kernel)
   Compiling thiserror-impl v2.0.20
   Compiling thiserror v2.0.20
   Compiling conduit-human v0.1.0 (/home/dancxjo/Documents/Codex/2026-10-08/goal-finish-and-close-out-5260/work/conduit/semantics/human)
   Compiling signature v2.2.0
   Compiling ed25519 v2.2.3
   Compiling conduit-data v0.1.0 (/home/dancxjo/Documents/Codex/2026-10-08/goal-finish-and-close-out-5260/work/conduit/semantics/data)
   Compiling cobs v0.3.0
   Compiling postcard v1.1.3
   Compiling conduit-presentation v0.1.0 (/home/dancxjo/Documents/Codex/2026-10-08/goal-finish-and-close-out-5260/work/conduit/semantics/presentation)
   Compiling ed25519-dalek v2.2.0
   Compiling conduit-body v0.1.0 (/home/dancxjo/Documents/Codex/2026-10-08/goal-finish-and-close-out-5260/work/conduit/architecture/body)
   Compiling conduit-audio v0.1.0 (/home/dancxjo/Documents/Codex/2026-10-08/goal-finish-and-close-out-5260/work/conduit/semantics/audio)
   Compiling conduit-language v0.1.0 (/home/dancxjo/Documents/Codex/2026-10-08/goal-finish-and-close-out-5260/work/conduit/semantics/language)
   Compiling conduit-web v0.1.0 (/home/dancxjo/Documents/Codex/2026-10-08/goal-finish-and-close-out-5260/work/conduit/semantics/web)
   Compiling conduit-alife v0.1.0 (/home/dancxjo/Documents/Codex/2026-10-08/goal-finish-and-close-out-5260/work/conduit/semantics/alife)
   Compiling conduit-text v0.1.0 (/home/dancxjo/Documents/Codex/2026-10-08/goal-finish-and-close-out-5260/work/conduit/semantics/text)
   Compiling conduit-net v0.1.0 (/home/dancxjo/Documents/Codex/2026-10-08/goal-finish-and-close-out-5260/work/conduit/semantics/net)
   Compiling conduit-education v0.1.0 (/home/dancxjo/Documents/Codex/2026-10-08/goal-finish-and-close-out-5260/work/conduit/semantics/education)
   Compiling conduit-process v0.1.0 (/home/dancxjo/Documents/Codex/2026-10-08/goal-finish-and-close-out-5260/work/conduit/semantics/process)
   Compiling conduit-robotics v0.1.0 (/home/dancxjo/Documents/Codex/2026-10-08/goal-finish-and-close-out-5260/work/conduit/semantics/robotics)
   Compiling conduit-purpose v0.1.0 (/home/dancxjo/Documents/Codex/2026-10-08/goal-finish-and-close-out-5260/work/conduit/semantics/purpose)
   Compiling conduit-planner v0.1.0 (/home/dancxjo/Documents/Codex/2026-10-08/goal-finish-and-close-out-5260/work/conduit/architecture/planner)
   Compiling stable_deref_trait v1.2.1
   Compiling conduit-midi v0.1.0 (/home/dancxjo/Documents/Codex/2026-10-08/goal-finish-and-close-out-5260/work/conduit/mechanisms/protocols/midi)
   Compiling conduit-semantic-catalog v0.1.0 (/home/dancxjo/Documents/Codex/2026-10-08/goal-finish-and-close-out-5260/work/conduit/semantics/catalog)
   Compiling toml_datetime v0.6.11
   Compiling serde_spanned v0.6.9
   Compiling toml_edit v0.22.27
   Compiling thiserror v1.0.69
   Compiling toml v0.8.23
   Compiling getrandom v0.2.17
   Compiling conduit-host-make v0.1.0 (/home/dancxjo/Documents/Codex/2026-10-08/goal-finish-and-close-out-5260/work/conduit/make/host)
   Compiling smallvec v1.16.1
   Compiling conduit-ai v0.1.0 (/home/dancxjo/Documents/Codex/2026-10-08/goal-finish-and-close-out-5260/work/conduit/semantics/ai)
   Compiling str-newtype-derive v2.0.0
   Compiling static-automata-macros v1.0.3
   Compiling dirs-sys v0.5.0
   Compiling static-automata v1.0.3
   Compiling str-newtype v2.0.0
   Compiling ring v0.17.14
   Compiling langtag v1.1.0
   Compiling heapless v0.8.0
   Compiling dirs v6.0.0
   Compiling conduit-plan-lowering v0.1.0 (/home/dancxjo/Documents/Codex/2026-10-08/goal-finish-and-close-out-5260/work/conduit/architecture/plan-lowering)
   Compiling conduit-tongues v0.1.0 (/home/dancxjo/Documents/Codex/2026-10-08/goal-finish-and-close-out-5260/work/conduit/semantics/tongues)
   Compiling conduit-signal v0.1.0 (/home/dancxjo/Documents/Codex/2026-10-08/goal-finish-and-close-out-5260/work/conduit/semantics/signal)
   Compiling conduit-chat v0.1.0 (/home/dancxjo/Documents/Codex/2026-10-08/goal-finish-and-close-out-5260/work/conduit/semantics/chat)
   Compiling getrandom v0.3.4
   Compiling speaking v0.1.0 (https://github.com/dancxjo/tongues.git?rev=b5d7535b2ccd3730b4db878fb61b2e4e48ae89c9#b5d7535b)
   Compiling serde-json-core v0.6.0
   Compiling parking_lot_core v0.9.12
   Compiling log v0.4.34
   Compiling parking_lot v0.12.5
   Compiling rand_core v0.6.4
   Compiling conduit-todo-plot v0.1.0 (/home/dancxjo/Documents/Codex/2026-10-08/goal-finish-and-close-out-5260/work/conduit/plots/todo/model)
   Compiling conduit-wire v0.1.0 (/home/dancxjo/Documents/Codex/2026-10-08/goal-finish-and-close-out-5260/work/conduit/architecture/wire)
   Compiling rustls-pki-types v1.15.1
   Compiling cipher v0.4.4
   Compiling conduit-std-offers v0.1.0 (/home/dancxjo/Documents/Codex/2026-10-08/goal-finish-and-close-out-5260/work/conduit/targets/std/offers)
   Compiling universal-hash v0.5.1
   Compiling poly1305 v0.8.0
   Compiling chacha20 v0.9.1
   Compiling synstructure v0.14.0
   Compiling chacha20poly1305 v0.10.1
   Compiling conduit-bluetooth v0.1.0 (/home/dancxjo/Documents/Codex/2026-10-08/goal-finish-and-close-out-5260/work/conduit/mechanisms/protocols/bluetooth)
   Compiling getrandom v0.4.3
   Compiling conduit-host-browser-make v0.1.0 (/home/dancxjo/Documents/Codex/2026-10-08/goal-finish-and-close-out-5260/work/conduit/targets/browser/make)
   Compiling conduit-tutorial-plot v0.1.0 (/home/dancxjo/Documents/Codex/2026-10-08/goal-finish-and-close-out-5260/work/conduit/semantics/tutorial)
   Compiling conduit-body-invitation-plot v0.1.0 (/home/dancxjo/Documents/Codex/2026-10-08/goal-finish-and-close-out-5260/work/conduit/semantics/body-invitation)
   Compiling conduit-plot-library v0.1.0 (/home/dancxjo/Documents/Codex/2026-10-08/goal-finish-and-close-out-5260/work/conduit/semantics/plot-library)
   Compiling once_cell v1.21.4
   Compiling rustls v0.23.45
   Compiling conduit-signal-conformance v0.1.0 (/home/dancxjo/Documents/Codex/2026-10-08/goal-finish-and-close-out-5260/work/conduit/proof/conformance/signal)
   Compiling noise-rust-crypto v0.6.2
   Compiling zerofrom-derive v0.1.8
   Compiling conduit-host-hosted v0.1.0 (/home/dancxjo/Documents/Codex/2026-10-08/goal-finish-and-close-out-5260/work/conduit/targets/std/make)
   Compiling rustls-webpki v0.103.15
   Compiling rand_chacha v0.3.1
   Compiling x25519-dalek v2.0.1
   Compiling conduit-host-rp2040 v0.1.0 (/home/dancxjo/Documents/Codex/2026-10-08/goal-finish-and-close-out-5260/work/conduit/targets/rp2040/make)
   Compiling conduit-host-orange-pi v0.1.0 (/home/dancxjo/Documents/Codex/2026-10-08/goal-finish-and-close-out-5260/work/conduit/targets/orange-pi/make)
   Compiling conduit-host-conduitos-make v0.1.0 (/home/dancxjo/Documents/Codex/2026-10-08/goal-finish-and-close-out-5260/work/conduit/targets/conduitos/make)
   Compiling conduit-host-raspberry-pi v0.1.0 (/home/dancxjo/Documents/Codex/2026-10-08/goal-finish-and-close-out-5260/work/conduit/targets/raspberry-pi/make)
   Compiling conduit-linear-framebuffer-make v0.1.0 (/home/dancxjo/Documents/Codex/2026-10-08/goal-finish-and-close-out-5260/work/conduit/mechanisms/implementations/linear-framebuffer-make)
   Compiling conduit-host-esp32-make v0.1.0 (/home/dancxjo/Documents/Codex/2026-10-08/goal-finish-and-close-out-5260/work/conduit/targets/esp32/make)
   Compiling conduit-host-avr-make v0.1.0 (/home/dancxjo/Documents/Codex/2026-10-08/goal-finish-and-close-out-5260/work/conduit/targets/avr/make)
   Compiling patchbay-graph v0.1.0 (/home/dancxjo/Documents/Codex/2026-10-08/goal-finish-and-close-out-5260/work/conduit/plots/patchbay/graph)
   Compiling conduit-finance v0.1.0 (/home/dancxjo/Documents/Codex/2026-10-08/goal-finish-and-close-out-5260/work/conduit/semantics/finance)
   Compiling conduit-speech v0.1.0 (/home/dancxjo/Documents/Codex/2026-10-08/goal-finish-and-close-out-5260/work/conduit/semantics/speech)
   Compiling patchbay-control v0.1.0 (/home/dancxjo/Documents/Codex/2026-10-08/goal-finish-and-close-out-5260/work/conduit/plots/patchbay)
   Compiling patchbay-application v0.1.0 (/home/dancxjo/Documents/Codex/2026-10-08/goal-finish-and-close-out-5260/work/conduit/plots/patchbay/application)
   Compiling conduit-protected-line v0.1.0 (/home/dancxjo/Documents/Codex/2026-10-08/goal-finish-and-close-out-5260/work/conduit/architecture/protected-line)
   Compiling rand v0.8.8
   Compiling rand v0.10.3
   Compiling zerofrom v0.1.8
   Compiling conduit-browser-mask-offer v0.1.0 (/home/dancxjo/Documents/Codex/2026-10-08/goal-finish-and-close-out-5260/work/conduit/targets/browser/mask-offer)
   Compiling ureq-proto v0.6.4
   Compiling yoke-derive v0.8.3
   Compiling webpki-roots v1.0.9
   Compiling conduit-composite v0.1.0 (/home/dancxjo/Documents/Codex/2026-10-08/goal-finish-and-close-out-5260/work/conduit/architecture/composite)
   Compiling conduit-body-make v0.1.0 (/home/dancxjo/Documents/Codex/2026-10-08/goal-finish-and-close-out-5260/work/conduit/make/body)
   Compiling conduit-tour-model v0.1.0 (/home/dancxjo/Documents/Codex/2026-10-08/goal-finish-and-close-out-5260/work/conduit/plots/tour)
   Compiling conduit-synth v0.1.0 (/home/dancxjo/Documents/Codex/2026-10-08/goal-finish-and-close-out-5260/work/conduit/mechanisms/implementations/synth)
   Compiling conduit-birth-plot v0.1.0 (/home/dancxjo/Documents/Codex/2026-10-08/goal-finish-and-close-out-5260/work/conduit/plots/birth)
   Compiling conduit-little-seismograph-fixture v0.1.0 (/home/dancxjo/Documents/Codex/2026-10-08/goal-finish-and-close-out-5260/work/conduit/plots/little-seismograph/fixture)
   Compiling num_cpus v1.17.0
   Compiling conduit-browser-runtime v0.1.0 (/home/dancxjo/Documents/Codex/2026-10-08/goal-finish-and-close-out-5260/work/conduit/targets/browser/runtime)
   Compiling tungstenite v0.30.0
   Compiling ureq v3.4.2
   Compiling instant-distance v0.6.1
   Compiling yoke v0.8.3
   Compiling conduit-r1-network-conformance v0.1.0 (/home/dancxjo/Documents/Codex/2026-10-08/goal-finish-and-close-out-5260/work/conduit/proof/conformance/network-r1)
   Compiling rustls-pemfile v2.2.0
   Compiling conduit-alife-distributed-conformance v0.1.0 (/home/dancxjo/Documents/Codex/2026-10-08/goal-finish-and-close-out-5260/work/conduit/proof/conformance/alife-distributed)
   Compiling conduit-rp2040-network-realization v0.1.0 (/home/dancxjo/Documents/Codex/2026-10-08/goal-finish-and-close-out-5260/work/conduit/targets/rp2040/network-realization)
   Compiling zerovec-derive v0.11.6
   Compiling zerovec v0.11.8
   Compiling displaydoc v0.2.7
   Compiling tinystr v0.8.4
   Compiling litemap v0.8.3
   Compiling writeable v0.6.4
   Compiling icu_locale_core v2.3.0
   Compiling zerotrie v0.2.5
   Compiling potential_utf v0.1.6
   Compiling icu_normalizer_data v2.3.0
   Compiling icu_properties_data v2.3.0
   Compiling icu_collections v2.3.0
   Compiling icu_provider v2.3.1
   Compiling memoffset v0.7.1
   Compiling errno v0.3.14
   Compiling futures-core v0.3.34
   Compiling futures-sink v0.3.34
   Compiling signal-hook-registry v1.4.8
   Compiling icu_properties v2.3.0
   Compiling icu_normalizer v2.3.0
   Compiling rand_core v0.9.5
   Compiling tokio-macros v2.7.2
   Compiling mio v1.2.3
   Compiling socket2 v0.6.5
   Compiling tokio v1.53.1
   Compiling rand_chacha v0.9.0
   Compiling idna_adapter v1.2.2
   Compiling futures-channel v0.3.34
   Compiling futures-macro v0.3.34
   Compiling futures-task v0.3.34
   Compiling slab v0.4.12
   Compiling pin-utils v0.1.0
   Compiling futures-io v0.3.34
   Compiling nix v0.26.4
   Compiling futures-util v0.3.34
   Compiling idna v1.1.0
   Compiling rand v0.9.5
   Compiling form_urlencoded v1.2.2
   Compiling async-trait v0.1.92
   Compiling num-conv v0.2.2
   Compiling crc-catalog v2.5.0
   Compiling time-core v0.1.9
   Compiling powerfmt v0.2.0
   Compiling ipnet v2.12.2
   Compiling deranged v0.5.8
   Compiling lazy_static v1.5.0
   Compiling leb128fmt v0.1.0
   Compiling rustix v1.1.5
   Compiling wasm-encoder v0.259.0
   Compiling webrtc-util v0.17.2
   Compiling time v0.3.55
   Compiling crc v3.4.0
   Compiling url v2.5.8
   Compiling futures-executor v0.3.34
   Compiling md-5 v0.10.6
   Compiling bumpalo v3.20.3
   Compiling bitflags v2.13.2
   Compiling linux-raw-sys v0.12.1
   Compiling wast v259.0.0
   Compiling stun v0.17.2
   Compiling futures v0.3.34
   Compiling yasna v0.6.0
   Compiling tokio-util v0.7.19
   Compiling pem v4.0.0
   Compiling conduit-observatory v0.1.0 (/home/dancxjo/Documents/Codex/2026-10-08/goal-finish-and-close-out-5260/work/conduit/architecture/observatory)
   Compiling fastrand v2.5.0
   Compiling tempfile v3.27.0
   Compiling conduit-workspace-make v0.1.0 (/home/dancxjo/Documents/Codex/2026-10-08/goal-finish-and-close-out-5260/work/conduit/make/workspace)
   Compiling rcgen v0.14.10
   Compiling turn v0.17.2
   Compiling wat v1.259.0
   Compiling conduit-std-host v0.1.0 (/home/dancxjo/Documents/Codex/2026-10-08/goal-finish-and-close-out-5260/work/conduit/targets/std)
    Finished `test` profile [unoptimized + debuginfo] target(s) in 6m 35s
     Running tests/ipa_constructors.rs (target/reconciliation/debug/deps/ipa_constructors-3aa1ae79e22ea42c)

running 1 test
test installed_constructors_emit_exact_typed_values_once_without_play_storage_growth ... ok

test result: ok. 1 passed; 0 failed; 0 ignored; 0 measured; 0 filtered out; finished in 19.64s

     Running tests/native_speech.rs (target/reconciliation/debug/deps/native_speech-08822aac865274cf)

running 3 tests
test installed_native_voice_refuses_other_languages_and_pronunciation_varieties_before_play ... ok
test minimal_and_reference_compositions_truthfully_select_the_native_family ... ok
test installed_host_runs_native_voice_and_closes_after_exact_pcm_delivery ... ok

test result: ok. 3 passed; 0 failed; 0 ignored; 0 measured; 0 filtered out; finished in 0.50s

» [speech-ipa.std-library] Regress std execution, including exact IPA offers, pressure and cancellation
  $ cargo test -p conduit-std-host --lib --locked
   Compiling conduit-std-host v0.1.0 (/home/dancxjo/Documents/Codex/2026-10-08/goal-finish-and-close-out-5260/work/conduit/targets/std)
    Finished `test` profile [unoptimized + debuginfo] target(s) in 43.65s
     Running unittests src/lib.rs (target/reconciliation/debug/deps/conduit_std_host-48a3e9af1878c8a7)

running 670 tests
test body_causal_evidence::tests::lookup_is_exact_and_honors_bounded_visitor_refusal ... ok
test acoustic_emergency::tests::independent_reduction_proof_does_not_trust_unresponsive_ordinary_work ... ok
test acoustic_emergency::tests::admission_requires_current_unmuted_provider_and_exact_birth_contract ... ok
test body_causal_evidence::tests::only_failed_unrecovered_semantic_abnormal_accepts_terminal_correlation ... ok
test body_causal_evidence::tests::successful_recovery_metadata_never_implies_a_semantic_terminal ... ok
test acoustic_emergency::tests::mute_loss_replacement_and_overflow_fail_closed_without_retry ... ok
test acoustic_emergency::tests::exact_phrase_requests_only_admitted_authority_reductions_once ... ok
test body_clock_line::tests::malformed_or_extended_frame_is_refused ... ok
test body_clock_line::tests::real_process_clock_responder ... ignored
test body_clock_line::tests::adapter_without_identified_monotonic_sample_is_refused ... ok
test body_causal_evidence::tests::causal_send_receive_survives_overlapping_inverted_physical_estimates ... ok
test acoustic_emergency::tests::recurring_corpus_refuses_partial_wrong_order_and_replay_but_accepts_bounded_noise ... ok
test browser_admission::selected_speech_tests::selected_speech_status_requires_a_bounded_correlated_operation ... ok
test body_execution::tests::continuing_body_clock_refuses_regression_and_basis_replacement ... ok
test body_coordination::conformance::tests::wire_failures_remain_distinct_machine_outcomes ... ok
test browser_admission::tests::acquired_media_truth_and_later_use_plan_are_exact_bounded_frames ... ok
test browser_admission::tests::offer_evidence_tests::admitted_offer_evidence_round_trips_without_becoming_planning_detail ... ok
test browser_admission::tests::exact_return_frames_decode_and_malformed_proof_remains_distinct ... ok
test browser_admission::tests::egress_refuses_wrong_protocol_and_too_small_output ... ok
test browser_admission::tests::biography_evidence_tests::bounded_validated_biography_evidence_round_trips_separately_from_admission ... ok
test browser_admission::tests::bounded_advertisement_round_trips_without_creating_membership ... ok
test browser_admission::tests::offer_evidence_tests::planning_disclosure_request_requires_current_identity_and_canonical_selection ... ok
test browser_admission::tests::presence_renewal_round_trips_and_zero_sequence_is_refused ... ok
test browser_admission::tests::malformed_oversized_and_bad_key_frames_are_distinct ... ok
test browser_admission::tests::webrtc_bootstrap_bounds_ephemeral_turn_without_making_it_line_authority ... ok
test body_clock_line::tests::tcp_clock_handshake_refuses_wrong_preshared_key ... ok
test browser_admission::webrtc_signaling::tests::failed_candidate_preflight_preserves_exact_prior_grant ... ok
test browser_admission::wardrobe_wire_tests::wardrobe_request_uses_correlated_revision_bound_action_shape ... ok
test civil_deadline_wait::tests::wall_steps_do_not_change_an_admitted_monotonic_wait ... ok
test browser_admission::webrtc_signaling::tests::exact_available_pair_routes_offer_then_answer_and_invalidates_on_boot_loss ... ok
test civil_deadline_wait::tests::rebooted_clock_cannot_satisfy_the_old_deadline ... ok
test browser_admission::webrtc_signaling::tests::stale_target_wrong_direction_and_duplicate_stage_refuse_without_relay ... ok
test browser_admission::tests::owner_face_frames_require_one_exact_credential_basis_and_bounded_response ... ok
test browser_admission::tests::loopback_socket_carries_one_exact_inert_advertisement_and_refusal ... ok
test civil_deadline_wait::tests::resolved_fold_runs_on_one_monotonic_deadline_despite_wall_step ... ok
test browser_admission::tests::bounded_webrtc_grant_request_and_reply_round_trip ... ok
test body_clock_line::tests::protected_clock_exchange_crosses_bounded_tcp_frames ... ok
test body_coordination::tests::two_production_kernel_fragments_exchange_message_and_reply ... ok
test body_clock_line::tests::protected_two_host_exchange_reconciles_only_admitted_source ... ok
test deadline_reactor::tests::equal_deadlines_are_key_ordered_and_cancel_is_exact ... ok
test deadline_reactor::tests::full_duplicate_overflow_and_clock_failure_are_distinct ... ok
test deadline_reactor::tests::hosted_monotonic_clock_uses_the_same_zero_duration_contract ... ok
test deadline_reactor::tests::virtual_clock_uses_the_same_arm_wait_and_wake_contract_without_allocation ... ok
test composition::tests::planner_cannot_obtain_an_unselected_family_from_a_category_prefix ... ok
test composition::tests::a_selected_family_contributes_only_its_exact_operation_offers ... ok
test direct_spoken_mask::tests::installed_espeak_admits_the_direct_face_mask_without_terminal_attachment ... ignored, requires installed eSpeak NG and data; proves live-provider planning, not audio playback
test direct_spoken_mask_runtime::tests::pre_show_direct_wording_is_an_explicit_bounded_opening ... ok
test distributed_signal::tests::missing_and_stale_observed_links_fail_planning ... ok
test composition::tests::external_websocket_listener_is_an_explicit_capability_and_resource_family ... ok
test distributed_signal::tests::source_cancellation_releases_in_flight_values_and_rejects_late_acknowledgement ... ok
test direct_spoken_mask::tests::attached_spoken_output_advertises_the_installed_face_tee ... ok
test composition::tests::hosted_http_is_opt_in_and_seals_resources_operations_and_authority ... ok
test distributed_signal::tests::unchanged_plot_prepares_exact_independent_remote_fragments ... ok
test distributed_toggle::source::tests::complete_trigger_wait_rejects_eof ... ok
test direct_spoken_mask::tests::direct_face_artifact_graph_is_an_ordinary_checked_mask ... ok
test distributed_toggle::physical_light_switch_tests::planned_kernel_emits_off_on_off ... ok
test distributed_toggle::source::tests::complete_trigger_wait_rejects_read_error ... ok
test distributed_toggle::source::tests::missing_link_binding_fails_toggle_planning ... ok
test external_websocket::tests::peer_message_and_shape_limits_fail_explicitly ... ok
test external_websocket::tests::two_actual_clients_exchange_in_order_and_one_survives_the_other_closing ... ok
test flow_activation::tests::each_allocates_nothing_after_receipt_backed_installation ... ok
test distributed_toggle::source::tests::full_admitted_trigger_sequence_flips_then_closes_exactly ... ok
test flow_activation::tests::production_todo_child_factory_refuses_substituted_plan_facts ... ok
test flow_activation::tests::each_and_select_execute_with_pressure_terminal_and_cancellation_truth ... ok
test distributed_toggle::source::tests::unchanged_toggle_plot_prepares_exact_independent_remote_fragments ... ok
test flow_activation::tests::installation_rejects_stale_identity_and_consumed_receipts ... ok
test flow_activation::tests::fold_and_scan_execute_from_exact_receipt_backed_children ... ok
test flow_activation::tests::production_todo_scan_preserves_queue_pressure_and_cancellation ... ok
test flow_activation::tests::pure_todo_scan_handoff_refuses_non_exact_or_effectful_children ... ok
test flow_activation::tests::pure_todo_scan_handoff_preserves_receipts_pressure_and_child_signs ... ok
test flow_activation::todo_combine::tests::child_step_bound_refuses_a_second_gear_even_when_its_plan_is_sealed ... ok
test flow_activation::tests::todo_commands_advance_one_receipt_backed_scan ... ok
test host_execution::reporting::tests::terminal_identity_cannot_be_borrowed_from_another_execution ... ok
test hosted_audio::alsa_aplay::tests::exact_pcm_and_continuity_are_validated_before_open ... ok
test hosted_audio::alsa_aplay::tests::wrong_profile_refuses_before_open ... ok
test hosted_audio::discovery::tests::malformed_device_rows_fail_closed ... ok
test hosted_audio::discovery::tests::no_playback_device_is_an_exact_empty_observation_set ... ok
test hosted_audio::discovery::tests::parses_only_exact_playback_device_rows_without_opening ... ok
test hosted_audio::fake::tests::cancellation_closes_exactly_from_each_nonterminal_lifecycle ... ok
test hosted_audio::fake::tests::injected_cleanup_failure_is_not_clean_completion ... ok
test hosted_audio::fake::tests::provider_loss_after_first_block_is_active_pcm_loss ... ok
test hosted_audio::fake::tests::unsupported_representation_rate_and_layout_refuse_before_open ... ok
test hosted_audio::profile_tests::playback_profile_is_reusable_without_claiming_a_device ... ok
test hosted_audio::staged::tests::below_lead_pcm_waits_for_input_close_and_drains_to_selected_sink ... ok
test flow_activation::todo_scan_offer::tests::offer_refuses_out_of_range_and_distinct_initial_forms ... ok
test hosted_audio::staged::tests::overflowing_source_position_is_refused_before_queueing_pcm ... ok
test hosted_audio::staged::tests::selected_provider_loss_at_drain_is_not_playback_completion ... ok
test hosted_audio::staged::tests::staged_speech_admits_declared_duration_and_refuses_the_next_frame ... ok
test hosted_audio::staged::tests::stop_before_lead_discards_queued_pcm_without_opening_sink ... ok
test flow_activation::todo_scan_offer::tests::authored_todo_selects_exact_production_offer_and_child ... ok
test hosted_body_conversation_context::tests::line_workload_and_new_wake_replace_current_truth_while_prior_wake_is_stale ... ok
test hosted_body_conversation_context::tests::replacement_is_basis_checked_coalesced_and_loss_is_distinct ... ok
test hosted_body_conversation_context::tests::retained_chat_uses_replacement_host_and_plan_truth_on_the_next_turn ... ok
test hosted_calendar::tests::all_day_and_recurrence_values_survive_the_provider_request_boundary ... ok
test hosted_calendar::tests::credentials_are_redacted_and_never_enter_request_values ... ok
test hosted_calendar::tests::invitation_authority_failure_is_not_collapsed_into_general_write_denial ... ok
test hosted_calendar::tests::provider_failures_remain_distinct_and_requests_are_bounded ... ok
test hosted_calendar::tests::provider_normalization_cannot_silently_rewrite_time_or_recurrence ... ok
test hosted_calendar::tests::read_free_busy_create_update_and_cancel_are_exact_distinct_exchanges ... ok
test hosted_history::tests::clear_reclaims_capacity_without_restarting_sequence_identity ... ok
test hosted_history::tests::exhausted_sequence_cannot_publish_or_retain_content ... ok
test hosted_history::tests::invalid_resource_and_time_scale_do_not_publish_content ... ok
test hosted_history::tests::item_and_byte_pressure_preserve_prior_content_and_sequence ... ok
test hosted_calendar::plan_contract::tests::google_realizations_preserve_every_owner_issued_calendar_front ... ok
test hosted_history::tests::profile_clock_extent_and_version_failures_are_distinct_and_atomic ... ok
test hosted_history::tests::retains_exact_ordered_samples_without_hot_path_allocations ... ok
test hosted_http::release::tests::release_transport_refuses_ambient_or_insecure_sources_before_io ... ok
test hosted_http::tests::real_loopback_preserves_status_body_and_correlation ... ok
test hosted_http::tests::unsupported_tls_and_unreachable_provider_are_distinct ... ok
test hosted_language::tests::language_refusals_keep_distinct_finite_host_call_details ... ok
test hosted_http::tests::listener_refuses_more_than_the_admitted_pending_capacity ... ok
test hosted_local_model::ollama_present::schema::tests::schema_binds_source_identity_and_requires_tagged_claims ... ok
test hosted_local_model::ollama_present::tests::exported_finite_wording_policy_is_exactly_the_admitted_ollama_policy ... ok
test hosted_local_model::ollama_present::tests::exact_orifina_policy_is_admitted_without_entering_semantic_data ... ok
test hosted_local_model::ollama_present::tests::finite_model_choice_retains_raw_output_and_emits_only_face_grounded_wording ... ok
test hosted_local_model::ollama_present::tests::provider_cannot_invent_an_action_or_change_the_template ... ok
test hosted_local_model::ollama_present::tests::provider_cannot_invent_or_paraphrase_face_wording ... ok
test hosted_local_model::ollama_present::tests::finite_wording_refuses_a_result_before_context_or_body_only_wording ... ok
test hosted_local_model::ollama_present::tests::reviewed_policy_and_semantic_data_cross_separate_provider_roles ... ok
test hosted_local_model::ollama_present::tests::spoken_action_itself_produces_one_current_affordance ... ok
test hosted_local_model::ollama_present::tests::valid_face_without_spoken_items_refuses_before_provider ... ok
test hosted_local_model::ollama_stream::tests::incremental_lines_cross_the_boundary_before_completion ... ok
test hosted_audio::staged::tests::full_queue_applies_pressure_without_growing_or_dropping_ordered_pcm ... ok
test hosted_local_model::ollama_vision::tests::base64_uses_prepared_storage_and_exact_padding ... ok
test hosted_local_model::ollama_vision::tests::request_contains_one_exact_image_and_tentative_context ... ok
test hosted_local_model::ollama_present::tests::stale_invented_and_malformed_model_claims_become_retained_refusals ... ok
test hosted_local_model::ollama_stream::tests::pressure_cancellation_bounds_and_missing_close_remain_distinct ... ok
test hosted_local_model::tests::house_prompt_projection_plans_the_exact_std_realization ... ok
test hosted_local_model::tests::local_model_pool_observation_binds_current_provider_and_resource_truth ... ok
test hosted_local_model::tests::only_initialized_adapter_capabilities_enter_the_host_advertisement ... ok
test hosted_local_model::tests::ordinary_plot_planning_selects_only_the_exact_local_model_offer ... ok
test hosted_messaging::tests::authority_recipient_attachment_retry_and_provider_failures_stay_distinct ... ok
test hosted_messaging::tests::exact_portable_request_maps_only_to_provider_acknowledged_sent_state ... ok
test hosted_messaging::tests::github_offer_preserves_portable_front_with_exact_resource_and_authority ... ok
test flow_activation::todo_combine::tests::exact_todo_child_takes_two_steps_per_item_even_with_output_held ... ok
test body_clock_line::tests::protected_tcp_bootstrap_uses_distinct_real_process_clocks ... ok
test body_clock_line::tests::tcp_clock_framing_rejects_oversize_and_slow_peer ... ok
test composition::tests::reference_host_browser_and_pico_have_different_exact_offer_sets ... ok
test hosted_microphone::tests::malformed_rows_and_invalid_limits_fail_closed ... ok
test hosted_microphone::tests::parses_exact_capture_rows_and_empty_inventory ... ok
test hosted_microphone::tests::short_capture_fails_closed ... ok
test hosted_microphone::tests::stale_selection_and_oversized_capture_are_distinct ... ok
test hosted_midi::discovery::tests::empty_listing_is_exactly_no_endpoint ... ok
test hosted_midi::discovery::tests::malformed_identity_fails_closed ... ok
test hosted_midi::discovery::tests::parses_exact_ports_but_excludes_alsa_system_services ... ok
test hosted_midi::input::tests::exact_missing_or_wrong_direction_selection_refuses_preparation ... ok
test hosted_midi::input::tests::malformed_clock_capacity_and_cancel_are_distinct ... ok
test hosted_midi::input::tests::nonblocking_pressure_waits_without_consumption_then_observes_loss ... ok
test hosted_midi::input::tests::one_bounded_read_retains_order_and_one_read_timestamp ... ok
test hosted_midi::output::tests::dropping_an_open_session_attempts_all_notes_off_before_close ... ok
test hosted_midi::output::tests::exact_but_missing_raw_device_refuses_during_pre_play_preparation ... ok
test hosted_midi::output::tests::pressure_and_provider_loss_remain_distinct ... ok
test hosted_midi::output::tests::raw_session_writes_exact_messages_and_cleanup_before_close ... ok
test hosted_midi::output_fake::provider_loss_does_not_make_successful_all_notes_off ... ok
test hosted_midi::raw_discovery::tests::duplex_row_becomes_two_exact_directional_observations ... ok
test hosted_midi::raw_discovery::tests::malformed_coordinate_direction_and_capacity_fail_closed ... ok
test hosted_midi::raw_discovery::tests::subdevice_does_not_alias_a_direct_device_node ... ok
test hosted_midi::raw_selection::tests::absent_or_wrong_direction_endpoint_refuses_selection ... ok
test hosted_midi::raw_selection::tests::advertisement_names_raw_backend_and_refuses_unopenable_subdevice ... ok
test hosted_midi::raw_selection::tests::host_construction_advertises_without_opening_the_observed_device ... ok
test copy_task::tests::grant_change_after_prepare_refuses_at_use_without_mutating_the_plan ... ok
test hosted_midi::raw_selection::tests::input_host_refuses_output_direction_or_stale_identity ... ok
test hosted_midi::raw_selection::tests::readable_advertisement_is_exact_bounded_and_distinct_from_output ... ok
test hosted_midi::raw_selection::tests::reconnect_requires_a_fresh_generation_scoped_resource_identity ... ok
test hosted_midi::raw_selection::tests::selection_pins_exact_direction_boot_generation_and_coordinates ... ok
test hosted_midi::tests::output_profile_is_reusable_without_claiming_an_endpoint ... ok
test hosted_midi::raw_selection::tests::input_host_construction_offers_exact_resource_and_independent_authority ... ok
test body_chat_tests::installed_supervisor_source_accepts_only_fresh_current_truth ... ok
test hosted_local_model::tests::all_six_l3_profiles_execute_through_ordinary_plan_and_play ... ok
test hosted_midi::tests::selection_is_exact_directional_and_boot_scoped ... ok
test copy_task::tests::revoked_handle_identity_cannot_be_reissued_to_revive_an_old_plan ... ok
test body_chat_tests::generic_host_cannot_offer_body_truth_until_supervisor_installs_canonical_context ... ok
test hosted_process::tests::oversized_stdin_refuses_before_spawn ... ok
test hosted_process::tests::pipe_failure_invalidates_apparent_success ... ok
test hosted_process::tests::prelaunch_cancellation_does_not_start_a_process ... ok
test hosted_process::tests::retirement_pipe_failure_preserves_the_established_terminal_cause ... ok
test copy_task::tests::issued_play_refuses_a_different_immutable_plan_before_effects ... ok
test hosted_process::stream::tests::stdout_and_stderr_overflow_refuse_completion ... ok
test copy_task::tests::public_stop_token_cancels_the_kernel_before_any_chunk_is_copied ... ok
test hosted_speech_recognition::tests::another_artifact_cannot_lend_coverage_and_source_drift_is_distinct ... ok
test hosted_speech_recognition::tests::bare_discovery_and_wrong_language_never_start_the_provider ... ok
test hosted_process::tests::output_pressure_retains_bound_and_observes_full_stream ... ok
test composition::tests::compiled_families_are_not_ambient_runtime_promises ... ok
test hosted_process::tests::writes_bounded_stdin_and_clears_environment ... ok
test hosted_speech_synthesis::streaming::tests::process_pcm_budget_failure_keeps_its_work_exhaustion_identity ... ok
test hosted_speech_recognition::tests::profile_bounds_and_cancellation_fail_distinctly ... ok
test hosted_speech_synthesis::tests::discovery_refuses_symlinks_and_engine_replacement ... ok
test hosted_speech_synthesis::streaming::tests::stream_contract_admits_explicit_total_work_without_changing_single_shot ... ok
test hosted_speech_synthesis::tests::failures_keep_authority_cancellation_and_capacity_distinct ... ok
test hosted_speech_synthesis::tests::installed_espeak_produces_real_bounded_pcm_from_parameter_like_text ... ignored, requires explicitly selected installed eSpeak NG and English voice data; creates audio bytes but never playback
test hosted_process::tests::successful_parent_cannot_leave_pipe_readers_hanging ... ok
test hosted_speech_recognition::tests::exact_provider_emits_canonical_recognition_and_receipt ... ok
test hosted_speech_synthesis::tests::retained_provider_accepts_new_offer_generation_but_old_placement_stays_stale ... ok
test hosted_speech_synthesis::tests::wav_requires_exact_bounded_mono_pcm_or_espeak_streaming_header ... ok
test hosted_speech_synthesis::tests::exact_provider_admission_rejects_forged_placement_and_changed_content ... ok
test flow_activation::todo_scan_offer::tests::live_reference_host_does_not_advertise_unplayable_scan ... ok
test hosted_speech_synthesis::tests::selected_voice_needs_exact_artifact_mapping_and_coverage ... ok
test hosted_synth::tests::invalid_profile_cannot_become_a_conformance_claim ... ok
test hosted_synth::tests::profile_is_derived_from_validated_plan_sealed_synth_facts ... ok
test composition::tests::pulse_observation_is_an_explicit_effect_free_family ... ok
test hosted_process::stream::tests::cancellation_and_timeout_reap_process_without_successful_eof ... ok
test hosted_speech_synthesis::tests::text_is_stdin_only_and_cancelled_request_never_launches ... ok
test hosted_terminal_mask_host::tests::closed_peer_is_never_advertised ... ok
test hosted_vector_index::offer::tests::offer_keeps_every_reviewed_backend_fact_outside_the_portable_front ... ok
test hosted_vector_search::tests::one_active_request_refuses_pressure_and_cancel_rejects_late_completion ... ok
test hosted_spoken_output_host::tests::selected_speaker_attaches_to_existing_host_without_inventing_a_boot ... ok
test hosted_spoken_output_host::tests::conflicting_resource_cannot_be_adopted_as_selected_playback ... ok
test hosted_vision::ocr::tests::output_retains_exact_image_and_provider_provenance ... ok
test hosted_vision::tests::exact_generation_resolves_once_and_reuses_one_continuous_observation ... ok
test hosted_vision::tests::object_output_is_typed_and_reuses_the_exact_cached_observation ... ok
test hosted_vision::tests::unknown_generation_and_shape_mismatch_refuse_without_fallback ... ok
test hosted_process::tests::endless_output_cannot_starve_cancellation ... ok
test hosted_wav_artifact::tests::cancelled_play_releases_reservation_without_publishing_partial ... ok
test hosted_terminal_mask_host::tests::terminal_offer_changes_keep_retained_spoken_resources_current ... ok
test hosted_wav_artifact::tests::concurrent_preparations_cannot_reserve_the_same_play_twice ... ok
test hosted_vision::describe::tests::four_exact_inputs_emit_one_provenance_bearing_impression ... ok
test hosted_wav_artifact::tests::explicitly_admitted_birth_pool_refuses_byte_pressure ... ok
test hosted_wav_artifact::tests::malformed_or_unfinished_pcm_never_creates_an_artifact ... ok
test hosted_wav_artifact::tests::stale_quota_lock_withdraws_route_without_removing_evidence ... ok
test hosted_vision::experience::tests::five_typed_inputs_become_one_checked_experience ... ok
test image_binding_tests::running_std_host_exposes_exact_image_identity_and_truthful_offer_subset ... ok
test installed_std::address_detect_back::tests::exact_inputs_produce_the_same_detection_in_either_arrival_order ... ok
test installed_std::address_detect_back::tests::unaddressed_text_is_an_explicit_value_and_malformed_addresses_refuse ... ok
test installed_std::alife_backs::tests::reordered_tick_and_completion_after_cancel_remain_machine_readable_failures ... ok
test hosted_wav_artifact::tests::exact_plays_publish_separately_and_refuse_stale_or_full_pool ... ok
test installed_std::audio_play_back::tests::input_is_serialized_and_close_requests_exact_drain ... ok
test installed_std::alife_backs::tests::value_closure_then_ordered_tick_is_the_only_accepted_lifecycle ... ok
test installed_std::audio_stream_budget::tests::unsupported_profile_is_refused_before_it_can_undercharge_duration ... ok
test installed_std::audio_tone_back::tests::back_declares_the_exact_lowered_terminal_contract ... ok
test installed_std::audio_tone_back::tests::current_frequency_changes_subsequent_contiguous_pcm ... ok
test installed_std::audio_tone_back::tests::every_checked_frequency_encoding_crosses_the_back_boundary ... ok
test installed_std::body_chat_prompt_back::tests::installed_prompt_host_owns_bounded_history_across_stateless_model_requests ... ok
test installed_std::body_conversation_context_back::tests::current_source_requests_each_replacement_and_never_completes_after_first_value ... ok
test image_binding_tests::rebuild_keeps_the_old_plan_bound_to_the_old_boot ... ok
test installed_std::body_kernel::activation_binding_tests::installed_body_preparation_retains_exact_todo_scan_entry ... ok
test composition::tests::reference_host_advertises_every_supported_std_revision_and_no_legacy_revision ... ok
test hosted_wav_artifact::tests::explicitly_admitted_birth_pool_passes_64_and_refuses_its_finite_limit ... ok
test hosted_spoken_output_host::tests::stale_speaker_never_changes_the_installed_host_offer ... ok
test copy_task::tests::create_and_replace_copy_through_bounded_kernel_steps_with_exact_receipt ... ok
test installed_std::body_kernel::clock_observation::tests::captures_each_new_event_once_and_refuses_changed_or_regressed_basis ... ok
test installed_std::body_kernel::clock_observation::tests::wrong_boot_never_enters_host_observations ... ok
test installed_std::body_kernel::fore_route::tests::unplanned_sequence_refuses_in_fore_preparation ... ok
test installed_std::body_kernel::fore_route::tests::unplanned_value_refuses_in_fore_preparation ... ok
test installed_std::audio_stream_budget::tests::duration_counts_consumed_frames_not_absolute_clock_position ... ok
test hosted_terminal_mask_host::tests::lost_attached_peer_retires_its_offers_and_plan_basis ... ok
test hosted_terminal_mask_host::tests::only_a_live_attachment_can_plan_on_the_actual_host_offer ... ok
test installed_std::body_kernel::scan_route::tests::fixture_scan_owner_is_not_a_production_offer ... ok
test installed_std::combine_latest_back::tests::closed_inventory_preserves_both_all_close_contracts ... ok
test installed_std::combine_latest_back::tests::early_close_retains_latest_and_last_close_completes ... ok
test installed_std::combine_latest_back::tests::waits_for_initialization_then_emits_each_replacement_with_retained_peer ... ok
test installed_std::distance_frequency_back::tests::descending_theremin_range_reaches_both_exact_endpoints ... ok
test installed_std::distance_frequency_back::tests::exact_bounds_map_to_exact_bounded_frequency_payloads ... ok
test installed_std::external_fore_feeder::tests::full_retries_same_value_and_sequence_then_closes_once ... ok
test installed_std::external_fore_feeder::tests::live_queue_retains_full_value_then_closes_once_after_drain ... ok
test installed_std::external_fore_feeder::tests::sixty_four_values_fit_the_finite_fore_envelope_and_sixty_five_refuse ... ok
test installed_std::flow_collect_back::tests::exact_offer_prepares_the_shared_back_and_finite_budget ... ok
test installed_std::flow_collect_back::tests::preparation_refuses_identity_law_and_bound_drift ... ok
test installed_std::flow_first_back::tests::both_normal_closures_complete_without_winner_or_cancellation ... ok
test installed_std::flow_first_back::tests::left_and_right_winners_emit_once_and_cancel_only_the_loser ... ok
test installed_std::flow_first_back::tests::simultaneous_values_choose_left_and_discard_right_deterministically ... ok
test installed_std::flow_gate_back::tests::gate_cancellation_clears_pending_decode_and_update_bound_fails_closed ... ok
test installed_std::flow_gate_back::tests::gate_defaults_closed_then_tracks_exact_false_and_true_completions ... ok
test installed_std::flow_gate_back::tests::gate_waits_for_both_closures_and_bool_codec_rejects_noncanonical_bytes ... ok
test installed_std::flow_join_by_key_back::tests::closed_inventory_preserves_both_all_close_profiles ... ok
test installed_std::flow_join_by_key_back::tests::duplicate_keys_pair_oldest_with_oldest ... ok
test installed_std::flow_join_by_key_back::tests::early_close_discards_impossible_side_but_retains_matchable_side ... ok
test installed_std::flow_join_by_key_back::tests::full_unmatched_side_backpressures_without_eviction ... ok
test installed_std::flow_join_by_key_back::tests::opposite_arrival_completes_one_exact_join ... ok
test installed_std::flow_pressure_backs::tests::flow_pressure_operation_passes_values_and_closure ... ok
test hosted_process::tests::timeout_and_cancellation_retire_descendant_held_pipes ... ok
test installed_std::flow_state_backs::tests::latest_replaces_one_retained_value_and_releases_on_close ... ok
test installed_std::flow_state_backs::tests::tee_exposes_both_outputs_in_one_operation_transaction ... ok
test installed_std::flow_zip_back::tests::closed_installed_inventory_preserves_both_terminal_contracts ... ok
test installed_std::generated_speech_commit_back::tests::cancellation_discards_pending_unsaid_text ... ok
test installed_std::generated_speech_commit_back::tests::closing_completion_retains_input_until_its_explicit_discard_commits ... ok
test installed_std::generated_speech_commit_back::tests::stable_boundaries_flow_in_order_and_close_flushes_the_tail ... ok
test installed_std::house_prompt_back::tests::either_input_order_emits_only_after_both_canonical_values ... ok
test installed_std::house_prompt_back::tests::not_addressed_refuses_after_context_without_output ... ok
test installed_std::http::tests::installed_http_realizations_preserve_owner_issued_fronts ... ok
test installed_std::image_text_back::tests::host_composes_after_either_exact_input_order ... ok
test installed_std::image_text_back::tests::malformed_inputs_refuse_without_manufacturing_a_record ... ok
test copy_task::tests::partial_cancellation_and_cleanup_failure_are_distinct_and_never_commit ... ok
test installed_std::image_text_record_back::tests::adapter_rejects_malformed_exact_type_payload ... ok
test installed_std::input_semantic_backs::tests::cancellation_clears_one_pending_semantic_request_without_a_duplicate ... ok
test installed_std::input_semantic_backs::tests::host_semantics_share_the_core_state_machine_and_refuse_malformed_input ... ok
test installed_std::image_text_record_back::tests::adapter_emits_the_shared_exact_typed_record_value ... ok
test installed_std::instrument_map_back::tests::admitted_event_bound_fails_closed_before_consuming_more_input ... ok
test installed_std::instrument_map_back::tests::eight_buttons_map_to_portable_frequencies_and_preserve_identity_and_time ... ok
test installed_std::instrument_map_back::tests::invalid_indices_values_and_occurrences_are_refused ... ok
test installed_std::instrument_map_back::tests::operation_waits_for_pressure_release_and_only_closes_when_idle ... ok
test installed_std::instrument_map_back::tests::sustain_modulation_and_expression_use_the_distinct_control_port ... ok
test installed_std::instrument_map_back::tests::wrong_profile_and_malformed_canonical_input_fail_closed ... ok
test installed_std::ipa_constructor_back::tests::cancelling_a_pressured_prepared_value_prevents_later_delivery ... ok
test installed_std::instrument_map_back::tests::factory_accepts_only_the_exact_planned_offer_and_structured_mapping ... ok
test installed_std::body_kernel::activation_binding_tests::internal_preloaded_todo_body_cancels_after_first_delivery ... ok
test installed_std::ipa_constructor_back::tests::prepared_value_survives_pressure_and_is_emitted_only_once ... ok
test hosted_microphone::tests::authorized_microphone_clip_runs_through_whisper_in_one_plan_play ... ok
test hosted_microphone::tests::cancellation_kills_and_reaps_the_provider ... ok
test hosted_local_model::tests::selected_model_and_todo_checkpoint_share_one_host_across_checkpoint_generation ... ok
test hosted_microphone::tests::discovery_overflow_fails_closed ... ok
test installed_std::body_kernel::activation_binding_tests::authored_todo_prepares_typed_body_fore_with_exact_preloaded_gate ... ok
test installed_std::kernel_preparation::tests::generic_tables_retain_lowered_remote_cord_endpoints ... ok
test installed_std::keyboard_input_back::button::tests::malformed_failure_and_late_completion_remain_distinct ... ok
test installed_std::keyboard_input_back::button::tests::transitions_continue_in_one_play_until_explicit_stop ... ok
test installed_std::local_model_back::tests::streaming_operation_pulls_one_chunk_only_after_prior_delivery ... ok
test installed_std::local_vision_back::tests::operation_can_process_repeated_current_images_and_close ... ok
test installed_std::logic_backs::tests::cancellation_clears_all_operation_owned_decision_state ... ok
test installed_std::logic_backs::tests::compare_implements_the_complete_finite_operator_set_at_scalar_boundaries ... ok
test installed_std::logic_backs::tests::not_rejects_noncanonical_bool_and_closure_releases_both_prepared_decisions ... ok
test installed_std::logic_backs::tests::select_retains_unknown_candidates_then_transfers_only_the_selected_identity ... ok
test installed_std::logic_backs::tests::select_unknown_selector_closure_releases_both_retained_candidates_atomically ... ok
test installed_std::json_backs::collection_tests::todo_unknown_index_refuses_without_emitting_a_success_snapshot ... ok
test installed_std::math_backs::tests::cancellation_clears_pending_transform_without_inventing_output ... ok
test installed_std::math_backs::tests::operation_requires_one_exact_completion_and_closure_is_terminal ... ok
test installed_std::math_backs::tests::transform_vectors_match_the_portable_no_std_semantics ... ok
test installed_std::math_backs::tests::quantity_completion_checks_output_bound_and_preserves_failure_detail ... ok
test installed_std::midi_input_back::tests::overlap_retrigger_velocity_zero_and_order_are_deterministic ... ok
test installed_std::midi_input_back::tests::unsupported_protocol_observation_and_cancellation_fail_closed ... ok
test installed_std::midi_output_back::tests::exact_portable_events_cross_the_bounded_host_boundary_in_order ... ok
test installed_std::midi_input_back::tests::sustain_modulation_and_pitch_bend_use_the_control_port ... ok
test installed_std::midi_output_back::tests::scheduler_operation_keeps_note_and_control_bindings_distinct ... ok
test installed_std::midi_output_back::tests::provider_loss_remains_a_host_failure ... ok
test installed_std::model_host::tests::malformed_structure_and_provider_loss_keep_distinct_machine_details ... ok
test installed_std::model_work_host::tests::provider_loss_and_malformed_input_remain_distinct ... ok
test installed_std::pacing_backs::tests::delay_retains_finite_values_and_drains_them_in_order_after_close ... ok
test installed_std::pacing_backs::tests::leading_throttle_drops_during_interval_and_cancels_exact_timer_on_close ... ok
test installed_std::midi_output_back::tests::stale_authority_and_unrepresentable_pitch_fail_closed ... ok
test installed_std::pacing_backs::tests::leading_throttle_reopens_only_after_correlated_completion ... ok
test installed_std::pcm_profile_conversion_back::tests::malformed_wrong_profile_and_discontinuity_fail_before_state_moves ... ok
test installed_std::pcm_profile_conversion_back::tests::rational_mapping_is_contiguous_across_source_blocks ... ok
test hosted_microphone::tests::exact_discovery_selection_and_bounded_capture_produce_a_receipt ... ok
test hosted_wav_artifact::tests::bounded_long_artifact_is_incremental_and_unfinished_output_is_not_published ... ok
test installed_std::preparation::body_workload_tests::cancellation::release_failure_retains_the_original_pre_play_refusal ... ok
test installed_std::ipa_constructor_back::tests::installed_preparation_refuses_foreign_artifact_front_contract_and_arguments ... ok
test installed_std::body_kernel::live_fore_tests::later_typed_actions_share_one_live_body_play_until_explicit_close ... ok
test installed_std::json_backs::summary_tests::todo_restore_decodes_the_actual_edited_snapshot_before_counting ... ok
test installed_std::json_backs::summary_tests::todo_summary_refuses_missing_or_non_boolean_completion ... ok
test installed_std::json_backs::collection_tests::todo_add_toggle_remove_execute_composed_plots_through_production_kernel ... ok
test installed_std::pulse_observation_back::tests::closure_requires_no_minimum_count_and_refuses_late_values ... ok
test installed_std::pulse_observation_back::tests::factory_checks_exact_identity_and_needs_no_lifetime_output_allocation ... ok
test installed_std::pulse_observation_back::tests::kernel::installed_pulse_stream_runs_in_production_kernel_with_capacity_one_cords ... ok
test installed_std::pulse_observation_back::tests::malformed_order_and_cancel_have_distinct_terminal_details ... ok
test installed_std::flow_pressure_plot_tests::scalar_source_can_use_coalesce_latest_as_a_continuous_std_plot ... ok
test installed_std::quantity_mapping::tests::host_encoding_preserves_quantity_unit_and_distinct_refusals ... ok
test installed_std::recognized_turn_commit_back::tests::only_tongues_committed_recognition_emits_a_body_turn ... ok
test installed_std::recorded_speech_back::tests::recorded_fixture_realization_preserves_owner_issued_front ... ok
test installed_std::remote_fragment_kernel::terminal_tests::remote_abnormal_truth_must_inhabit_the_exact_planned_kind_and_bound ... ok
test installed_std::rhythm_compare_back::tests::exact_ports_request_admitted_host_calls_without_retaining_inputs ... ok
test installed_std::rhythm_compare_back::tests::oversized_value_and_wrong_completion_fail_closed ... ok
test installed_std::rhythm_compare_back::tests::performance_close_drains_missed_feedback_before_exact_completion ... ok
test installed_std::rhythm_compare_host::tests::exact_vectors_report_early_late_recovery_and_deliberate_displacement ... ok
test installed_std::rhythm_compare_host::tests::malformed_identity_and_finite_capacity_refuse_without_output ... ok
test installed_std::rhythm_compare_host::tests::note_off_is_ignored_and_drain_emits_each_missed_beat ... ok
test installed_std::simple_presentation_host::tests::text_output_retains_its_exact_wire_marker_and_human_line ... ok
test installed_std::body_kernel::live_fore_tests::cancellation_reports_staged_command_not_admitted_to_kernel ... ok
test installed_std::simple_presentation_host::tests::unsupported_and_malformed_inputs_never_write_success_output ... ok
test installed_std::speech_synthesis_back::tests::fake_provider_emits_three_canonical_contiguous_profile_blocks ... ok
test installed_std::speech_synthesis_back::tests::operation_pulls_one_block_only_after_each_emit_commits ... ok
test installed_std::speech_synthesis_back::tests::operation_refuses_a_provider_block_beyond_the_admitted_count ... ok
test installed_std::speech_synthesis_back::tests::streaming_operation_synthesizes_ordered_segments_until_input_closes ... ok
test installed_std::spoken_mask_backs::tee_tests::long_face_needs_its_admitted_cord_and_never_panics_on_pressure ... ok
test installed_std::state_select_back::tests::emits_canonical_current_values_without_retaining_input_references ... ok
test installed_std::speech_recognition_adapter_back::tests::browser_shaped_pcm_normalizes_to_one_canonical_whisper_clip ... ok
test installed_std::streaming_speech_tests::installed_espeak_narrates_a_chapter_through_incremental_plan_and_play ... ignored, requires installed eSpeak NG and data; produces a substantive real WAV, no playback/model inference
test installed_std::json_backs::summary_tests::todo_restore_refuses_corrupt_or_invalid_snapshot_content ... ok
test installed_std::synth_render::tests::clock_origin_global_order_and_render_continuity_are_exact ... ok
test installed_std::synth_render::tests::event_inside_a_block_starts_at_its_exact_sample_offset ... ok
test installed_std::body_kernel::activation_binding_tests::scoped_todo_host_refuses_preloaded_inputs_above_selected_bound_before_play ... ok
test installed_std::text_backs_tests::text_transforms_reject_invalid_utf8_and_combined_overflow ... ok
test installed_std::text_backs_tests::text_transforms_reuse_the_preallocated_adapter_buffer ... ok
test installed_std::tick_backs::tests::cancelled_tick_rejects_a_late_timer_completion ... ok
test installed_std::synth_render::tests::exact_render_demand_applies_queued_events_at_sample_offsets ... ok
test installed_std::tick_backs::tests::recurring_every_rearms_fixed_storage_past_tick_four ... ok
test installed_std::timing_backs::tests::armed_deadline_ignores_input_close_and_emits_request_only_after_completion ... ok
test installed_std::timing_backs::tests::deadline_close_before_arm_completes_without_request ... ok
test installed_std::timing_backs::tests::debounce_burst_resets_exact_request_and_flushes_pending_value_on_close ... ok
test installed_std::timing_backs::tests::timeout_distinguishes_expiry_recovery_reset_and_terminal_cancellation ... ok
test installed_std::todo_combine_back::tests::production_catalog_prepares_exact_todo_combine ... ok
test installed_std::todo_combine_back::tests::production_preparation_refuses_identity_drift ... ok
test installed_std::toggle_back::tests::emits_exact_initial_value_then_alternates_until_input_closes ... ok
test installed_std::toggle_back::tests::stages_initial_delivery_before_input_and_refuses_malformed_ticks ... ok
test installed_std::typed_record_back::tests::text_decoder_refuses_a_quantity_record ... ok
test installed_std::vector_search_host::tests::provider_loss_and_malformed_input_remain_distinct ... ok
test installed_std::vision_describe_back::tests::early_provider_output_and_missing_final_output_fail_closed ... ok
test installed_std::vision_describe_back::tests::four_exact_inputs_complete_one_impression_without_early_output ... ok
test installed_std::typed_record_back::tests::all_four_hosts_round_trip_exact_text_without_growing_buffers ... ok
test installed_std::vision_experience_back::tests::five_inputs_complete_exactly_once ... ok
test installed_std::pulse_observation_back::tests::plot::reusable_pulse_plot_plans_and_executes_outside_choir ... ok
test installed_std::streaming_speech_tests::text_flow_enters_canonical_committed_segments_with_explicit_work_limits ... ok
test installed_std::streaming_speech_tests::external_value_is_not_an_implicit_closing_flow ... ok
test installed_std::json_backs::summary_tests::todo_summary_counts_remaining_and_completed_after_kernel_edits ... ok
test installed_std::body_kernel::live_fore_tests::stop_wakes_idle_live_body_without_synthetic_close ... ok
test installed_std::body_kernel::activation_binding_tests::internal_preloaded_todo_body_play_delivers_before_complete_with_child_signs ... ok
test installed_std::preparation::body_workload_tests::body_time_qualified_plan_requires_ready_monotonic_correlation_before_execution ... ok
test installed_std::preparation::body_workload_tests::body_time_qualified_play_fails_when_local_clock_disappears ... ok
test installed_std::preparation::tests::real_partition_operations_use_global_slots_and_original_placement_identity ... ok
test installed_std::preparation::tests::wrong_partition_and_out_of_range_nodes_refuse_before_value_preparation ... ok
test installed_std::preparation::tests::two_real_clock_partitions_remain_live_then_stop_through_the_shared_kernel_installation ... ok
test installed_std::preparation::body_workload_tests::canonical_button_clock_and_telegraph_share_admission_and_one_installed_kernel ... ok
test installed_std::preparation::body_workload_tests::cancellation::pending_keyboard_cancellation_releases_the_whole_workload_for_another_play ... ok
test installed_std::wav_artifact_back::budget_tests::sparse_speech_pipeline_retains_host_inputs_for_entire_long_stream ... ok
test installed_std_tests::audio_playback_conformance::discovery_offer_without_independent_authority_refuses_planning ... ok
test copy_task::tests::stale_denied_oversized_and_destination_exists_remain_distinct ... ok
test installed_std::preparation::body_workload_tests::production_body_entry_executes_and_preserves_failed_and_refused_outcomes ... ok
test installed_std_tests::audio_playback_conformance::cancellation_before_open_never_commits_pcm_and_closes_the_session ... ok
test installed_std_tests::audio_playback_conformance::stale_selection_and_wrong_grant_fail_before_play ... ok
test installed_std_tests::audio_playback_conformance::speech_conversion_feeds_the_selected_playback_base_through_plan_and_play ... ok
test installed_std_tests::authored_tone_cancellation_routes_exact_observed_terminal_truth ... ok
test installed_std_tests::audio_playback_conformance::exact_grant_and_resource_run_bounded_specimen_through_production_kernel ... ok
test installed_std_tests::canonical_clock_has_zero_successful_post_play_start_allocations ... ok
test installed_std_tests::body_causal_evidence_conformance::real_body_failure_correlates_typed_terminal_with_exact_execution_evidence ... ok
test installed_std_tests::bool_presentation_conformance::current_booleans_manifest_through_the_admitted_std_operation ... ok
test installed_std_tests::body_causal_evidence_conformance::real_body_recovery_retains_exact_execution_evidence_without_a_semantic_terminal ... ok
test installed_std_tests::bool_presentation_conformance::mutated_std_presenter_identity_refuses_before_play ... ok
test installed_std_tests::calendar_provider_conformance::authorized_create_update_and_cancel_chain_exact_receipts_through_plan_and_play ... ok
test installed_std_tests::canonical_greet_has_zero_successful_post_play_start_allocations ... ok
test installed_std_tests::canonical_text_pipeline_has_zero_successful_post_play_start_allocations ... ok
test installed_std_tests::canonical_state_count_executes_current_values_with_bounded_sign ... ok
test installed_std_tests::current_frequency_drives_bounded_pcm_through_one_ordinary_play ... ok
test installed_std_tests::data_text_conformance::text_save_then_load_uses_one_shared_pool_and_no_play_allocations ... ok
test installed_std_tests::data_text_conformance::fifth_publication_is_one_exact_recovered_typed_terminal ... ok
test installed_std_tests::body_causal_evidence_conformance::production_timer_observes_retained_events_on_exact_host_boot_and_basis ... ok
test installed_std_tests::input_semantics_conformance::unsupported_layout_and_cross_plane_wiring_refuse_before_play ... ok
test installed_std_tests::external_fore_conformance::one_external_fore_payload_is_delivered_to_every_sealed_internal_branch ... ok
test installed_std_tests::external_fore_conformance::ordinary_open_plot_runs_through_sealed_fore_and_observed_terminal ... ok
test installed_std_tests::final_normalized_pattern_conformance::final_pattern_adapter_is_reused_for_calibration_revisions ... ok
test installed_std_tests::json_conformance::json_is_an_explicit_composition_family ... ok
test installed_std_tests::calendar_proposal_conformance::checked_calendar_request_prepares_then_emits_three_inert_candidates ... ok
test installed_std_tests::gate_conformance::gate_zero_capacity_and_mutated_decoder_identity_fail_before_play ... ok
test installed_std_tests::calendar_provider_conformance::read_and_free_busy_use_distinct_authority_through_plan_and_play ... ok
test installed_std_tests::gate_conformance::latest_tee_and_gate_run_together_with_closed_open_closed_and_uneven_pressure ... ok
test installed_std_tests::graphics_conformance::ordinary_presentation_back_lowers_through_multiple_graphics_kinds ... ok
test installed_std_tests::image_text_conformance::authored_image_text_runs_through_planner_and_production_kernel ... ok
test installed_std_tests::input_semantics_conformance::keymap_text_flows_directly_into_text_upper_without_an_adapter ... ok
test installed_std_tests::input_semantics_conformance::ordinary_plot_splits_text_and_chords_through_the_production_kernel ... ok
test installed_std_tests::instrument_conformance::render_clock_requires_fresh_current_resource_truth ... ok
test installed_std_tests::logic_conformance::unsupported_operator_and_incompatible_select_branch_fail_as_authored_plots ... ok
test installed_std_tests::invalid_utf8_fails_before_a_successful_text_presentation ... ok
test installed_std_tests::layout_conformance::representative_shell_and_front_execute_as_one_ordinary_plot ... ok
test installed_std_tests::json_conformance::ordinary_plot_runs_shared_bounded_json_through_the_production_kernel ... ok
test installed_std_tests::image_text_conformance::authored_image_text_plans_an_exact_remote_framed_record_session ... ok
test installed_std_tests::instrument_conformance::ordinary_plot_runs_midi_synth_and_playback_through_one_kernel ... ok
test installed_std_tests::logic_conformance::mutated_logic_implementation_fails_before_play ... ok
test installed_std_tests::logic_conformance::compare_not_and_select_plan_and_execute_together_through_the_production_kernel ... ok
test installed_std_tests::math_conformance::deadband_scale_and_clamp_execute_together_through_the_production_kernel ... ok
test installed_std::body_kernel::activation_binding_tests::scoped_std_host_runs_public_preloaded_todo_body_with_correlated_child_signs ... ok
test installed_std_tests::midi_input_conformance::provider_loss_with_an_active_note_fails_the_semantic_run ... ok
test installed_std_tests::midi_input_conformance::authored_input_reaches_portable_ports_and_output_through_one_kernel ... ok
test installed_std_tests::midi_output_conformance::missing_typed_authority_refuses_before_play ... ok
test installed_std_tests::midi_output_conformance::planned_portable_performance_runs_through_the_production_kernel ... ok
test installed_std_tests::midi_output_conformance::stop_before_first_event_closes_with_only_all_notes_off ... ok
test installed_std_tests::math_conformance::quantity_mapping_completes_one_admitted_kernel_request ... ok
test installed_std_tests::local_vision_conformance::authored_motion_runs_through_protected_finite_base_and_production_kernel ... ok
test installed_std_tests::mutated_tick_executable_identity_fails_before_any_wait ... ok
test installed_std_tests::local_vision_conformance::authored_ocr_runs_through_exact_provider_and_production_kernel ... ok
test installed_std_tests::math_conformance::authored_quantity_plots_execute_and_present_through_the_production_kernel ... ok
test installed_std_tests::local_vision_conformance::authored_objects_run_through_protected_finite_base_and_production_kernel ... ok
test installed_std_tests::math_conformance::quantity_range_and_quantization_refusals_reach_the_production_kernel ... ok
test installed_std_tests::mutated_typed_tee_identity_fails_before_play ... ok
test installed_std_tests::presentation_composition::ordinary_plot_executes_the_canonical_composition_family ... ok
test installed_std_tests::math_conformance::invalid_clamp_and_mutated_math_implementation_refuse_before_play ... ok
test installed_std_tests::external_fore_conformance::finite_sequence_uses_one_sealed_flow_and_delivers_in_order_under_capacity_one ... ok
test installed_std_tests::pure_expression_conformance::anonymous_record_and_tuple_plan_and_play_through_the_std_host ... ok
test installed_std_tests::robotics_conformance::every_robotics_observation_contract_plans_with_distinct_exact_info ... ok
test installed_std_tests::pure_expression_conformance::fixed_integer_expression_plans_and_plays_through_the_std_host ... ok
test installed_std_tests::navigation_conformance::portable_navigation_executes_as_one_bounded_production_play ... ok
test installed_std_tests::pattern_comparison_conformance::reusable_pattern_comparison_executes_with_explicit_policy_through_one_play ... ok
test installed_std_tests::pure_expression_conformance::semantic_call_with_literal_argument_plans_and_plays_as_real_gears ... ok
test installed_std_tests::math_conformance::quantity_refusals_do_not_make_a_connected_presentation ... ok
test installed_std_tests::pure_expression_conformance::scientific_quantity_comparison_plans_and_plays_through_the_std_host ... ok
test installed_std_tests::local_vision_description_conformance::authored_description_and_experience_join_through_one_production_play ... ok
test installed_std_tests::pure_expression_conformance::ternary_selects_one_exact_branch_through_the_std_host ... ok
test installed_std_tests::structured_values_conformance::malformed_or_untyped_quantity_literals_refuse_before_play ... ok
test installed_std_tests::rhythm_compare_conformance::portable_lesson_executes_with_generic_structured_sources ... ok
test installed_std_tests::pure_expression_conformance::one_value_when_plans_and_plays_as_exact_some_or_none_through_the_std_host ... ok
test installed_std_tests::robotics_conformance::portable_drive_meaning_has_one_effect_free_prewake_projection ... ok
test installed_std_tests::recurrence_conformance::checked_civil_recurrence_executes_through_the_production_kernel ... ok
test installed_std_tests::sequence_normalization_conformance::reusable_normalization_plot_executes_outside_secret_knock_without_play_allocations ... ok
test installed_std_tests::structured_values_conformance::authored_quantities_survive_plan_play_sign_and_typed_presentation ... ok
test installed_std_tests::secret_knock_conformance::secret_knock_composes_input_timing_storage_comparison_and_result_in_one_play ... ok
test installed_std_tests::template_pattern_selection_conformance::found_storage_result_feeds_reusable_comparison_through_checked_selectors ... ok
test installed_std_tests::talking_polaroid_body::canonical_image_text_composition_coexists_in_one_body_play ... ok
test installed_std_tests::audio_playback_conformance::busy_open_underrun_provider_loss_and_drain_remain_distinct ... ok
test installed_std_tests::remote_fragment_conformance::body_time_qualified_tick_crosses_two_host_fragments ... ok
test installed_std_tests::template_storage_conformance::reusable_named_template_storage_requires_a_slot_and_executes_without_play_allocations ... ok
test installed_std_tests::theremin_pitch_distance_maps_near_high_and_far_low ... ok
test installed_std_tests::timed_button_attempt_conformance::portable_button_flow_becomes_one_timed_attempt_in_the_production_kernel ... ok
test installed_std_tests::structured_selector_conformance::music_and_llm_records_execute_the_same_planned_selector_infrastructure ... ok
test installed_std_tests::timing_conformance::early_monotonic_wake_does_not_fire_a_deadline ... ok
test installed_std_tests::timing_conformance::authored_deadline_requests_typed_operation_cancellation_without_scheduler_cancellation ... ok
test installed_std_tests::calendar_proposal_conformance::stale_missing_and_over_profile_calendar_requests_refuse_before_play ... ok
test installed_std_tests::sound_replanning::provider_loss_requires_a_fresh_plan_and_play_for_the_new_exact_endpoint ... ok
test installed_std_tests::timed_pattern_conformance::reusable_ordered_event_intervals_plan_and_execute_through_one_kernel_play ... ok
test installed_std_tests::remote_vision_conformance::image_crosses_an_exact_line_into_the_production_vision_back ... ok
test hosted_process::stream::tests::first_bytes_arrive_before_process_completion_and_consumer_drives_reads ... ok
test installed_std_tests::remote_fragment_conformance::generic_remote_fragment_routes_through_latest_and_atomic_tee ... ok
test installed_std_tests::typed_latest_and_tee_plan_and_execute_with_capacity_one_pressure ... ok
test installed_std_tests::typed_state_conformance::canonical_four_kib_text_keep_plans_on_the_durable_back_and_larger_refuses ... ok
test installed_std_tests::vector_search_conformance::adapters_expose_equal_hit_semantics_but_distinct_proof_classes ... ok
test installed_std_tests::vector_search_conformance::provider_loss_is_terminal_and_emits_no_retrieval_value ... ok
test installed_std_tests::timing_conformance::missing_or_regressed_monotonic_base_fails_deterministically ... ok
test installed_std_tests::sound_replanning::replacement_refuses_old_or_absent_authority_and_loss_during_drain ... ok
test installed_std_tests::vector_search_conformance::unchanged_plot_runs_through_ordinary_play_on_exact_and_hnsw ... ok
test kernel_multivalue::tests::cancellation_clears_pending_work_and_terminates_without_effects ... ok
test kernel_multivalue::tests::exact_multi_value_plot_executes_real_host_calls_through_kernel ... ok
test kernel_multivalue::tests::exact_multi_value_plot_plans_and_lowers_all_numeric_tables ... ok
test kernel_multivalue::tests::sign_exhaustion_fails_closed_inside_the_installed_scheduler ... ok
test kernel_multivalue::tests::stale_completion_identity_fails_closed_before_host_effect ... ok
test installed_std_tests::typed_text_plans_presents_and_completes_through_the_installed_kernel ... ok
test installed_std_tests::typed_state_conformance::body_durable_keep_selects_and_executes_only_the_sealed_durable_back ... ok
test installed_std_tests::typed_tick_plans_and_executes_through_the_installed_kernel_table ... ok
test kernel_preparation::tests::body_reservation_verifies_complete_activation_plan_before_exact_offer ... ok
test kernel_preparation::tests::exact_reservation_rejects_overlap_releases_and_does_not_grow ... ok
test kernel_preparation::tests::pool_member_reservation_is_atomic_and_releases_exact_capacity ... ok
test installed_std_tests::typed_state_conformance::initialized_keep_plans_and_runs_as_installed_typed_state ... ok
test pico_admission::tests::codec_carries_exact_advertisement_and_rejects_protocol_and_size ... ok
test microphone_whisper_proof::language_contract_tests::microphone_source_checks_with_an_explicit_language_request ... ok
test installed_std_tests::timing_conformance::delay_zero_maximum_and_late_wakes_preserve_exact_ordered_schedule ... ok
test pico_control_source::tests::pulse_source_and_control_source_cannot_masquerade_as_each_other ... ok
test installed_std_tests::typed_state_conformance::optional_keep_plans_runs_and_retains_canonical_some_value ... ok
test installed_std_tests::timing_conformance::simultaneous_input_deadline_order_is_deterministic_and_late_wakes_remain_correlated ... ok
test pico_control_source::tests::six_deliberate_inputs_cross_the_exact_control_session_with_pressure ... ok
test pico_admission::tests::decoded_pico_proof_enters_only_the_canonical_admission_manager ... ok
test pico_indicator::tests::peripheral::tests::corrupt_identity_header_or_request_poison_acquisition ... ok
test pico_indicator::tests::peripheral::tests::eight_exact_effects_then_bound_refusal ... ok
test pico_indicator::tests::peripheral::tests::replay_and_different_play_refuse ... ok
test pool_member_sessions::tests::selected_worker_prepares_only_its_exact_finite_port_sessions ... ok
test r1_control::tests::duplicate_level_and_peer_sequence_fail_without_mutating_merge ... ok
test r1_control::tests::every_peer_independently_drives_keydown_on_and_keyup_off ... ok
test r1_control_input::tests::browser_frames_bind_exact_peer_width_sequence_and_level ... ok
test reaction_diffusion::tests::hosted_reference_is_repeatable ... ok
test reaction_diffusion::tests::offer_matches_portable_contract_with_finite_hosted_limits ... ok
test relay_client::tests::descriptor_is_bounded_and_debug_redacts_capability ... ok
test relay_client::tests::outcome_requires_exact_service_and_route_identity ... ok
test installed_std_tests::zero_count_tick_completes_without_wait_or_value_receipt ... ok
test remote_cord_sessions::tests::opposite_fragments_prepare_the_same_exact_session_binding ... ok
test remote_emergency::tests::current_member_over_exact_protected_session_reduces_local_authority ... ok
test remote_emergency::tests::propagation_is_finite_evidence_after_independent_local_action ... ok
test remote_emergency::tests::phrase_knowledge_and_stale_membership_never_authorize ... ok
test run_control::tests::accepted_stop_identity_is_taken_once_and_still_rejects_duplicates ... ok
test run_control::tests::activity_between_observation_and_wait_is_not_lost ... ok
test run_control::tests::stop_notifies_an_idle_waiter_without_polling ... ok
test remote_emergency::tests::transport_and_application_replay_are_independently_refused ... ok
test kernel_preparation::partition_tests::combined_capability_limit_refuses_even_when_each_plot_and_all_pools_fit ... ok
test secure_websocket::tests::secure_remote_listener_cannot_rebrand_loopback ... ok
test kernel_preparation::partition_tests::complete_set_reserves_and_releases_each_original_plan_without_growing_live_ledger ... ok
test sound_recovery::tests::loss_cancels_notes_and_sustain_without_claiming_device_cleanup ... ok
test sound_recovery::tests::replacement_starts_empty_and_rejects_old_play_completion ... ok
test spoken_face_mask::tests::accepted_navigation_retires_only_the_old_turn_and_reads_the_new_focus ... ok
test spoken_face_mask::tests::accepted_wording_keeps_exact_text_and_current_show_in_one_bounded_flow ... ok
test kernel_preparation::partition_tests::duplicate_empty_and_over_bound_sets_cannot_reserve ... ok
test spoken_face_mask::tests::direct_opening_leads_with_context_then_result_and_leaves_detail_to_read_all ... ok
test spoken_face_mask::tests::direct_opening_offers_content_action_without_generic_context_navigation ... ok
test spoken_face_mask::tests::host_owned_arrival_is_read_completely_with_one_bounded_segment_in_flight ... ok
test spoken_face_mask::tests::direct_opening_bounds_long_collections_without_losing_full_reading ... ok
test spoken_face_mask::tests::host_owned_text_readout_and_focus_claim_no_audio ... ok
test spoken_face_mask::tests::long_primary_list_reads_bounded_items_and_offers_exact_detail_command ... ok
test secure_websocket::tests::native_client_verifies_exact_certificate_binding_and_bounded_frames ... ok
test spoken_face_mask::tests::mechanical_projection_matches_interactive_wording_before_any_show ... ok
test spoken_face_mask::tests::inward_text_edit_and_birth_request_are_exact_typed_interactions ... ok
test spoken_face_mask::tests::refused_navigation_or_input_preserves_the_current_read_all_turn ... ok
test spoken_face_mask::tests::one_long_face_fact_streams_in_order_and_refresh_resets_indexed_focus ... ok
test spoken_face_mask::tests::read_current_items_uses_the_same_show_without_completed_detail ... ok
test installed_std_tests::robotics_conformance::missing_stale_invalid_cancelled_pressure_and_unavailable_remain_distinct ... ok
test spoken_face_mask::tests::requested_items_close_before_later_non_item_face_clauses ... ok
test spoken_face_mask::tests::source_audio_receipts_refuse_wrong_text_and_preserve_chunk_order ... ok
test spoken_face_mask::tests::smaller_closing_flows_preserve_all_face_text_and_cancel_between_batches ... ok
test spoken_face_mask::tests::stale_revision_cannot_speak_or_invoke_and_stop_requires_cancel_ack ... ok
test spoken_face_mask::tests::utf8_chunking_never_splits_a_character ... ok
test spoken_face_mask::tests::stop_never_turns_a_late_audio_completion_into_success ... ok
test spoken_face_mask::tests::screen_free_reader_reaches_below_viewport_and_navigates_semantic_roles ... ok
test spoken_face_stream_execution::tests::exact_single_segment_is_admitted_and_receipt_is_terminal_only_after_audio ... ok
test kernel_preparation::partition_tests::late_capacity_and_invalid_partition_leave_existing_reservations_unchanged ... ok
test spoken_face_stream_execution::tests::platform::installed_espeak_produces_exact_plan_play_pcm_receipt ... ignored, requires installed eSpeak NG and writes a real WAV
test spoken_face_stream_execution::tests::platform::installed_espeak_stream_drains_selected_alsa_speaker ... ignored, requires installed eSpeak NG, explicit ALSA card/device, and speaker output
test spoken_face_stream_execution::tests::selected_playback_block_admission_covers_its_declared_duration ... ok
test spoken_face_stream_execution::tests::multiple_real_committed_segments_pass_preflight_without_creating_artifact ... ok
test spoken_face_stream_execution::tests::attached_host_entrance_refuses_a_missing_speech_provider ... ok
test spoken_face_mask::tests::spoken_reader_names_finite_text_choices_and_refuses_unoffered_value ... ok
test pico_indicator::tests::native_provider_and_firmware_correlate_all_eight_acknowledgments ... ok
test spoken_face_stream_execution::tests::language::english_proof_face_back_refuses_french_before_selected_playback ... ok
test installed_std_tests::typed_state_conformance::optional_keep_continuity_preserves_exact_variant_and_generation ... ok
test secure_websocket::tests::absolute_socket_deadline_terminates_a_partial_frame ... ok
test spoken_mask_journey::cancellation_tests::streamed_mask_stop_reaps_provider_and_never_acknowledges_partial_audio ... ignored, requires installed eSpeak NG; observes actual PCM, cancels and verifies no completed Mask artifact
test installed_std_tests::typed_state_conformance::typed_state_runs_in_the_installed_kernel_and_unsealed_state_refuses ... ok
test secure_websocket::tests::wildcard_listener_requires_explicit_authorization_and_retains_exact_scope ... ok
test spoken_mask_journey::tests::installed_espeak_mask_retains_acknowledged_wav_through_plan_and_play ... ignored, requires explicitly installed eSpeak NG, English data and shared library; produces WAV only, no playback
test spoken_mask_journey::tests::installed_espeak_streaming_mask_acknowledges_substantive_chapter ... ignored, requires installed eSpeak NG; validates real streaming Mask audio using an explicitly fixture Presenter candidate
test spoken_face_stream_execution::tests::selected_speaker_refuses_full_wav_pool_before_a_completed_play ... ok
test spoken_face_stream_execution::tests::selected_speaker_play_is_distinct_from_wav_and_drains_ordered_segments ... ok
test spoken_face_stream_execution::tests::selected_speaker_loss_is_not_a_completed_spoken_show ... ok
test installed_std_tests::timing_conformance::representative_robot_debounce_and_timeout_run_through_one_production_kernel ... ok
test state_value::durable::residence::tests::commit_is_idempotent_and_conflicts_are_exact ... ok
test state_value::durable::residence::tests::exact_recovery_refuses_drift_and_carries_the_full_text_bound ... ok
test spoken_face_stream_execution::tests::selected_speaker_and_wav_share_one_play_and_one_converted_pcm_stream ... ok
test state_value::durable::residence::tests::residence_distinguishes_absent_corrupt_incompatible_and_lost ... ok
test state_value::durable::tests::durable_binding_refuses_more_than_the_canonical_text_bound ... ok
test state_value::durable::tests::four_kib_recovery_is_bound_to_metadata_and_forwards_the_hosted_value ... ok
test state_value::durable::tests::incomplete_candidate_is_ignored_and_commit_is_idempotent_but_not_ambiguous ... ok
test state_value::durable::tests::mismatched_receipt_never_publishes_candidate ... ok

running 1 test
test state_value::durable::tests::recovery_distinguishes_absent_corrupt_incompatible_and_lost ... ok
test state_value::durable::tests::transition_waits_for_exact_commit_receipt_before_consuming_or_emitting ... ok
test spoken_mask_journey::tests::french_mask_request_refuses_the_english_fixture_before_play ... ok
test spoken_face_stream_execution::tests::spoken_turn_rejects_undrained_speaker_receipt_without_losing_pending_batch ... ok
test spoken_face_stream_execution::tests::stopped_spoken_play_does_not_report_completed_playback ... ok
test terminal_face_mask::tests::document_escapes_terminal_control_bytes_in_face_wording ... ok
test terminal_face_mask::tests::key_decoder_is_incremental_bounded_and_distinguishes_escape ... ok
test pico_indicator::tests::missing_and_old_firmware_fail_finitely ... ok
test installed_std_tests::timing_conformance::zero_and_maximum_duration_schedules_are_deterministic ... ok
test spoken_face_stream_execution::tests::selected_playback_keeps_the_same_host_across_two_plays ... ok
test terminal_face_mask::tests::full_document_preserves_words_relationships_and_inspection ... ok
test terminal_face_mask::tests::missing_or_oversized_input_is_refused_without_submission ... ok
test terminal_face_mask::tests::terminal_face_names_small_exact_text_choices_without_changing_the_contract ... ok
test terminal_face_mask::tests::flush_failure_cannot_produce_receipt_or_leave_input_active ... ok
test terminal_face_mask::tests::read_only_owner_face_can_be_read_but_never_submitted ... ok
test terminal_face_mask::tests::controls_follow_canonical_clause_order_and_page_navigation_has_no_action ... ok
test terminal_face_mask::tests::only_latest_effect_receipt_and_available_exact_show_bind ... ok
test terminal_face_mask::tests::todo_default_is_a_checklist_with_exact_actions_and_full_inspection ... ok
test terminal_mask_execution::tests::cancellation_and_no_input_drain_are_distinct_and_next_play_is_fresh ... ok
test terminal_face_mask::tests::typed_edits_preserve_unicode_and_exact_action_correlation ... ok
test terminal_mask_execution::tests::failed_terminal_write_cancels_kernel_without_available_show ... ok
test installed_std_tests::typed_state_conformance::public_host_replaces_play_with_owned_state_and_fresh_boot_without_semantic_reset ... ok
test terminal_mask_execution::tests::ordinary_mask_runs_to_real_renderer_call_then_show_and_interaction_fore ... ok
test terminal_mask_execution::tests::renderer_is_pending_until_exact_flush_receipt_and_receipt_cannot_replay ... ok
test terminal_mask_execution::tests::stale_interaction_and_changed_host_retire_pending_execution ... ok
test terminal_mask_execution::tests::oversized_face_refuses_before_admitting_a_play ... ok
test tests::sealed_profiles_do_not_reenter_semantic_or_allocating_preparation ... ok
test spoken_mask_runtime_tests::final_artifact_slot_still_acks_its_completed_show ... ok
test spoken_mask_runtime_tests::producer_callable_replays_a_retained_live_manifestation_through_the_spoken_mask ... ok
test spoken_mask_runtime_tests::registered_spoken_mask_executes_to_an_artifact_acknowledged_show ... ok
test todo_checkpoint_call::tests::unknown_publication_outcome_never_acknowledges_state ... ok
test todo_checkpoint_read_call::tests::unavailable_revision_outcomes_remain_distinct ... ok
test usb_cdc::tests::test_1_partial_reads_assemble_one_current_stream_frame ... ok
test usb_cdc::tests::test_2_multiple_frames_arriving_in_one_read_decode_separately ... ok
test usb_cdc::tests::test_3_partial_writes_are_completed ... ok
test usb_cdc::tests::test_4_timeout_would_block_is_finite ... ok
test usb_cdc::tests::test_5_eof_disconnect_is_distinct_from_timeout ... ok
test usb_cdc::tests::test_6_malformed_length_framing_fails_closed ... ok
test usb_cdc::tests::test_7_source_sink_session_machine_exchange_works_over_line ... ok
test usb_cdc::tests::test_8_operator_terminal_initializes_and_restores_tty ... ok
test vision_ocr::tests::executable_provider_binds_identity_and_visits_exact_candidates ... ok
test vision_ocr::tests::graymap_framing_is_exact_and_never_grows ... ok
test vision_ocr::tests::malformed_overflow_and_out_of_frame_results_refuse ... ok
test spoken_mask_journey::tests::finite_wording_replay_uses_the_presenter_policy_and_revalidates_the_face ... ok
test vision_ocr::tests::tsv_retains_word_geometry_and_bounded_confidence ... ok
test vision_ocr::tests::provider_that_never_reads_input_is_killed_at_the_exact_deadline ... ok
test websocket::tests::actual_loopback_rfc6455_is_binary_only_and_message_bounded ... ok
test vision_tracker::tests::overlapping_candidates_keep_only_local_continuity_and_exact_history ... ok
test pico_indicator::tests::optional_device_provenance_is_boot_local_and_does_not_create_capabilities ... ok
test websocket::tests::planned_listener_rejects_unspecified_bind_and_peer_facts ... ok
test websocket::tests::unavailable_and_unspecified_client_endpoints_fail_distinctly ... ok
test terminal_mask_execution::tests::disconnected_foreground_cannot_produce_an_available_terminal_show ... ok
test websocket::tests::planned_listener_admission_has_a_finite_deadline ... ok
test terminal_mask_execution::tests::failed_foreground_flush_never_acknowledges_a_show ... ok
test terminal_mask_execution::tests::attached_owner_host_waits_for_actual_foreground_flush_before_available_show ... ok
test tests::deterministic_boot_ids_are_injectable ... ok
test websocket::tests::disconnect_before_readiness_and_with_an_in_flight_frame_are_distinct ... ok
test tests::local_three_sink_signal_fanout_uses_only_the_sealed_kernel_profile ... ok
test tests::exact_signal_fragment_lowers_to_numeric_kernel_tables ... ok
test tests::unsupported_production_std_plot_fails_closed_without_a_legacy_pump ... ok
test tests::streamed_output_uses_a_virtual_clock_and_retains_terminal_sign ... ok
test tests::fresh_starts_get_fresh_boot_ids ... ok
test installed_std_tests::every_text_presentation_executable_identity_mutation_fails_before_output ... ok
test spoken_mask_runtime_tests::screen_free_spoken_producer_actualizes_the_shared_ten_action_journey ... ok
test todo_checkpoint_transition::tests::checkpoint_offer_transition_keeps_selected_speaker_and_artifact_on_same_boot ... ok
test installed_std_tests::timing_conformance::identical_simulated_schedules_have_identical_normalized_output_and_signs ... ok
test installed_std_tests::typed_state_conformance::keep_duration_requires_exact_back_support_before_planning ... ok
test pico_indicator::tests::bad_acknowledgments_poison_provider_without_retry ... ok
test hosted_speech_recognition::tests::timeout_kills_provider_and_missing_output_is_failure ... ok

running 1 test
test state_value::durable::residence::tests::fresh_process_abrupt_loss_recovers_only_published_generation ... ok

test result: ok. 661 passed; 0 failed; 9 ignored; 0 measured; 0 filtered out; finished in 4.90s

» [speech-ipa.product-catalog] Check quoted IPA at the ordinary product source boundary
  $ cargo test -p conduit --lib plot_source::tests --locked
   Compiling syn v3.0.6
   Compiling curve25519-dalek v4.1.3
   Compiling ed25519-dalek v2.2.0
   Compiling ring v0.17.14
   Compiling serde_derive v1.0.229
   Compiling thiserror-impl v2.0.20
   Compiling thiserror v2.0.20
   Compiling cobs v0.3.0
   Compiling static-automata-macros v1.0.3
   Compiling serde v1.0.229
   Compiling conduit-assigned-plan v0.1.0 (/home/dancxjo/Documents/Codex/2026-10-08/goal-finish-and-close-out-5260/work/conduit/architecture/assigned-plan)
   Compiling conduit-core v0.1.0 (/home/dancxjo/Documents/Codex/2026-10-08/goal-finish-and-close-out-5260/work/conduit/architecture/core)
   Compiling conduit-plot v0.1.0 (/home/dancxjo/Documents/Codex/2026-10-08/goal-finish-and-close-out-5260/work/conduit/architecture/plot)
   Compiling conduit-kernel v0.1.0 (/home/dancxjo/Documents/Codex/2026-10-08/goal-finish-and-close-out-5260/work/conduit/architecture/kernel)
   Compiling postcard v1.1.3
   Compiling conduit-body v0.1.0 (/home/dancxjo/Documents/Codex/2026-10-08/goal-finish-and-close-out-5260/work/conduit/architecture/body)
   Compiling conduit-time v0.1.0 (/home/dancxjo/Documents/Codex/2026-10-08/goal-finish-and-close-out-5260/work/conduit/semantics/time)
   Compiling conduit-human v0.1.0 (/home/dancxjo/Documents/Codex/2026-10-08/goal-finish-and-close-out-5260/work/conduit/semantics/human)
   Compiling conduit-presentation v0.1.0 (/home/dancxjo/Documents/Codex/2026-10-08/goal-finish-and-close-out-5260/work/conduit/semantics/presentation)
   Compiling conduit-data v0.1.0 (/home/dancxjo/Documents/Codex/2026-10-08/goal-finish-and-close-out-5260/work/conduit/semantics/data)
   Compiling conduit-language v0.1.0 (/home/dancxjo/Documents/Codex/2026-10-08/goal-finish-and-close-out-5260/work/conduit/semantics/language)
   Compiling conduit-audio v0.1.0 (/home/dancxjo/Documents/Codex/2026-10-08/goal-finish-and-close-out-5260/work/conduit/semantics/audio)
   Compiling conduit-web v0.1.0 (/home/dancxjo/Documents/Codex/2026-10-08/goal-finish-and-close-out-5260/work/conduit/semantics/web)
   Compiling conduit-text v0.1.0 (/home/dancxjo/Documents/Codex/2026-10-08/goal-finish-and-close-out-5260/work/conduit/semantics/text)
   Compiling conduit-alife v0.1.0 (/home/dancxjo/Documents/Codex/2026-10-08/goal-finish-and-close-out-5260/work/conduit/semantics/alife)
   Compiling conduit-net v0.1.0 (/home/dancxjo/Documents/Codex/2026-10-08/goal-finish-and-close-out-5260/work/conduit/semantics/net)
   Compiling conduit-education v0.1.0 (/home/dancxjo/Documents/Codex/2026-10-08/goal-finish-and-close-out-5260/work/conduit/semantics/education)
   Compiling conduit-process v0.1.0 (/home/dancxjo/Documents/Codex/2026-10-08/goal-finish-and-close-out-5260/work/conduit/semantics/process)
   Compiling conduit-purpose v0.1.0 (/home/dancxjo/Documents/Codex/2026-10-08/goal-finish-and-close-out-5260/work/conduit/semantics/purpose)
   Compiling conduit-robotics v0.1.0 (/home/dancxjo/Documents/Codex/2026-10-08/goal-finish-and-close-out-5260/work/conduit/semantics/robotics)
   Compiling conduit-midi v0.1.0 (/home/dancxjo/Documents/Codex/2026-10-08/goal-finish-and-close-out-5260/work/conduit/mechanisms/protocols/midi)
   Compiling toml_datetime v0.6.11
   Compiling serde_spanned v0.6.9
   Compiling toml_edit v0.22.27
   Compiling toml v0.8.23
   Compiling conduit-ai v0.1.0 (/home/dancxjo/Documents/Codex/2026-10-08/goal-finish-and-close-out-5260/work/conduit/semantics/ai)
   Compiling static-automata v1.0.3
   Compiling langtag v1.1.0
   Compiling conduit-chat v0.1.0 (/home/dancxjo/Documents/Codex/2026-10-08/goal-finish-and-close-out-5260/work/conduit/semantics/chat)
   Compiling conduit-tongues v0.1.0 (/home/dancxjo/Documents/Codex/2026-10-08/goal-finish-and-close-out-5260/work/conduit/semantics/tongues)
   Compiling conduit-signal v0.1.0 (/home/dancxjo/Documents/Codex/2026-10-08/goal-finish-and-close-out-5260/work/conduit/semantics/signal)
   Compiling conduit-plan-lowering v0.1.0 (/home/dancxjo/Documents/Codex/2026-10-08/goal-finish-and-close-out-5260/work/conduit/architecture/plan-lowering)
   Compiling heapless v0.8.0
   Compiling serde-json-core v0.6.0
   Compiling speaking v0.1.0 (https://github.com/dancxjo/tongues.git?rev=b5d7535b2ccd3730b4db878fb61b2e4e48ae89c9#b5d7535b)
   Compiling conduit-todo-plot v0.1.0 (/home/dancxjo/Documents/Codex/2026-10-08/goal-finish-and-close-out-5260/work/conduit/plots/todo/model)
   Compiling conduit-wire v0.1.0 (/home/dancxjo/Documents/Codex/2026-10-08/goal-finish-and-close-out-5260/work/conduit/architecture/wire)
   Compiling conduit-bluetooth v0.1.0 (/home/dancxjo/Documents/Codex/2026-10-08/goal-finish-and-close-out-5260/work/conduit/mechanisms/protocols/bluetooth)
   Compiling conduit-body-invitation-plot v0.1.0 (/home/dancxjo/Documents/Codex/2026-10-08/goal-finish-and-close-out-5260/work/conduit/semantics/body-invitation)
   Compiling conduit-plot-library v0.1.0 (/home/dancxjo/Documents/Codex/2026-10-08/goal-finish-and-close-out-5260/work/conduit/semantics/plot-library)
   Compiling conduit-tutorial-plot v0.1.0 (/home/dancxjo/Documents/Codex/2026-10-08/goal-finish-and-close-out-5260/work/conduit/semantics/tutorial)
   Compiling chacha20poly1305 v0.10.1
   Compiling noise-rust-crypto v0.6.2
   Compiling conduit-planner v0.1.0 (/home/dancxjo/Documents/Codex/2026-10-08/goal-finish-and-close-out-5260/work/conduit/architecture/planner)
   Compiling conduit-semantic-catalog v0.1.0 (/home/dancxjo/Documents/Codex/2026-10-08/goal-finish-and-close-out-5260/work/conduit/semantics/catalog)
   Compiling conduit-host-make v0.1.0 (/home/dancxjo/Documents/Codex/2026-10-08/goal-finish-and-close-out-5260/work/conduit/make/host)
   Compiling conduit-std-offers v0.1.0 (/home/dancxjo/Documents/Codex/2026-10-08/goal-finish-and-close-out-5260/work/conduit/targets/std/offers)
   Compiling conduit-host-browser-make v0.1.0 (/home/dancxjo/Documents/Codex/2026-10-08/goal-finish-and-close-out-5260/work/conduit/targets/browser/make)
   Compiling conduit-host-hosted v0.1.0 (/home/dancxjo/Documents/Codex/2026-10-08/goal-finish-and-close-out-5260/work/conduit/targets/std/make)
   Compiling conduit-signal-conformance v0.1.0 (/home/dancxjo/Documents/Codex/2026-10-08/goal-finish-and-close-out-5260/work/conduit/proof/conformance/signal)
   Compiling conduit-host-orange-pi v0.1.0 (/home/dancxjo/Documents/Codex/2026-10-08/goal-finish-and-close-out-5260/work/conduit/targets/orange-pi/make)
   Compiling conduit-host-conduitos-make v0.1.0 (/home/dancxjo/Documents/Codex/2026-10-08/goal-finish-and-close-out-5260/work/conduit/targets/conduitos/make)
   Compiling conduit-linear-framebuffer-make v0.1.0 (/home/dancxjo/Documents/Codex/2026-10-08/goal-finish-and-close-out-5260/work/conduit/mechanisms/implementations/linear-framebuffer-make)
   Compiling conduit-host-rp2040 v0.1.0 (/home/dancxjo/Documents/Codex/2026-10-08/goal-finish-and-close-out-5260/work/conduit/targets/rp2040/make)
   Compiling conduit-host-raspberry-pi v0.1.0 (/home/dancxjo/Documents/Codex/2026-10-08/goal-finish-and-close-out-5260/work/conduit/targets/raspberry-pi/make)
   Compiling conduit-host-esp32-make v0.1.0 (/home/dancxjo/Documents/Codex/2026-10-08/goal-finish-and-close-out-5260/work/conduit/targets/esp32/make)
   Compiling conduit-host-avr-make v0.1.0 (/home/dancxjo/Documents/Codex/2026-10-08/goal-finish-and-close-out-5260/work/conduit/targets/avr/make)
   Compiling patchbay-graph v0.1.0 (/home/dancxjo/Documents/Codex/2026-10-08/goal-finish-and-close-out-5260/work/conduit/plots/patchbay/graph)
   Compiling patchbay-control v0.1.0 (/home/dancxjo/Documents/Codex/2026-10-08/goal-finish-and-close-out-5260/work/conduit/plots/patchbay)
   Compiling x25519-dalek v2.0.1
   Compiling conduit-protected-line v0.1.0 (/home/dancxjo/Documents/Codex/2026-10-08/goal-finish-and-close-out-5260/work/conduit/architecture/protected-line)
   Compiling patchbay-application v0.1.0 (/home/dancxjo/Documents/Codex/2026-10-08/goal-finish-and-close-out-5260/work/conduit/plots/patchbay/application)
   Compiling conduit-browser-mask-offer v0.1.0 (/home/dancxjo/Documents/Codex/2026-10-08/goal-finish-and-close-out-5260/work/conduit/targets/browser/mask-offer)
   Compiling conduit-body-make v0.1.0 (/home/dancxjo/Documents/Codex/2026-10-08/goal-finish-and-close-out-5260/work/conduit/make/body)
   Compiling conduit-tour-model v0.1.0 (/home/dancxjo/Documents/Codex/2026-10-08/goal-finish-and-close-out-5260/work/conduit/plots/tour)
   Compiling conduit-speech v0.1.0 (/home/dancxjo/Documents/Codex/2026-10-08/goal-finish-and-close-out-5260/work/conduit/semantics/speech)
   Compiling conduit-composite v0.1.0 (/home/dancxjo/Documents/Codex/2026-10-08/goal-finish-and-close-out-5260/work/conduit/architecture/composite)
   Compiling conduit-synth v0.1.0 (/home/dancxjo/Documents/Codex/2026-10-08/goal-finish-and-close-out-5260/work/conduit/mechanisms/implementations/synth)
   Compiling conduit-birth-plot v0.1.0 (/home/dancxjo/Documents/Codex/2026-10-08/goal-finish-and-close-out-5260/work/conduit/plots/birth)
   Compiling conduit-little-seismograph-fixture v0.1.0 (/home/dancxjo/Documents/Codex/2026-10-08/goal-finish-and-close-out-5260/work/conduit/plots/little-seismograph/fixture)
   Compiling conduit-finance v0.1.0 (/home/dancxjo/Documents/Codex/2026-10-08/goal-finish-and-close-out-5260/work/conduit/semantics/finance)
   Compiling rustls-webpki v0.103.15
   Compiling rustls v0.23.45
   Compiling conduit-browser-runtime v0.1.0 (/home/dancxjo/Documents/Codex/2026-10-08/goal-finish-and-close-out-5260/work/conduit/targets/browser/runtime)
   Compiling tungstenite v0.30.0
   Compiling ureq v3.4.2
   Compiling conduit-r1-network-conformance v0.1.0 (/home/dancxjo/Documents/Codex/2026-10-08/goal-finish-and-close-out-5260/work/conduit/proof/conformance/network-r1)
   Compiling conduit-alife-distributed-conformance v0.1.0 (/home/dancxjo/Documents/Codex/2026-10-08/goal-finish-and-close-out-5260/work/conduit/proof/conformance/alife-distributed)
   Compiling conduit-observatory v0.1.0 (/home/dancxjo/Documents/Codex/2026-10-08/goal-finish-and-close-out-5260/work/conduit/architecture/observatory)
   Compiling patchbay-workbench-host-contract v0.1.0 (/home/dancxjo/Documents/Codex/2026-10-08/goal-finish-and-close-out-5260/work/conduit/plots/patchbay/workbench/host-contract)
   Compiling conduit-rp2040-network-realization v0.1.0 (/home/dancxjo/Documents/Codex/2026-10-08/goal-finish-and-close-out-5260/work/conduit/targets/rp2040/network-realization)
   Compiling clap_derive v4.6.7
   Compiling conduit-workspace-make v0.1.0 (/home/dancxjo/Documents/Codex/2026-10-08/goal-finish-and-close-out-5260/work/conduit/make/workspace)
   Compiling conduit-patchbay-workbench-conformance v0.1.0 (/home/dancxjo/Documents/Codex/2026-10-08/goal-finish-and-close-out-5260/work/conduit/proof/conformance/patchbay-workbench)
   Compiling rcgen v0.14.10
   Compiling conduit-patchbay-workbench v0.1.0 (/home/dancxjo/Documents/Codex/2026-10-08/goal-finish-and-close-out-5260/work/conduit/plots/patchbay/workbench/model)
   Compiling clap v4.6.7
   Compiling conduit-conduitos-mask-offer v0.1.0 (/home/dancxjo/Documents/Codex/2026-10-08/goal-finish-and-close-out-5260/work/conduit/targets/conduitos/mask-offer)
   Compiling conduit-todo-face v0.1.0 (/home/dancxjo/Documents/Codex/2026-10-08/goal-finish-and-close-out-5260/work/conduit/plots/todo/face)
   Compiling patchbay-svg-mask v0.1.0 (/home/dancxjo/Documents/Codex/2026-10-08/goal-finish-and-close-out-5260/work/conduit/plots/patchbay/workbench/svg-mask)
   Compiling socket2 v0.6.5
   Compiling conduit-std-host v0.1.0 (/home/dancxjo/Documents/Codex/2026-10-08/goal-finish-and-close-out-5260/work/conduit/targets/std)
   Compiling patchbay-hosted v0.1.0 (/home/dancxjo/Documents/Codex/2026-10-08/goal-finish-and-close-out-5260/work/conduit/targets/std/patchbay-workbench)
   Compiling conduit v0.1.0 (/home/dancxjo/Documents/Codex/2026-10-08/goal-finish-and-close-out-5260/work/conduit/products/conduit)
    Finished `test` profile [unoptimized + debuginfo] target(s) in 7m 37s
     Running unittests src/lib.rs (target/reconciliation/debug/deps/conduit-62ab9ddee8567d29)

running 4 tests
test plot_source::tests::authored_entry_survives_checked_dependency_reordering ... ok
test plot_source::tests::product_compiler_checks_the_ordinary_mask_plot_boundary ... ok
test plot_source::tests::product_authoring_checks_quoted_ipa_with_the_ordinary_speech_catalog ... ok
test plot_source::tests::product_checks_qualified_quoted_transcriptions_and_located_refusals ... ok

test result: ok. 4 passed; 0 failed; 0 ignored; 0 measured; 5 filtered out; finished in 56.07s

» [speech-ipa.product-diagnostics] Keep human and JSON IPA refusals at the exact authored source span
  $ cargo test -p conduit --test structured_diagnostics --locked
   Compiling conduit v0.1.0 (/home/dancxjo/Documents/Codex/2026-10-08/goal-finish-and-close-out-5260/work/conduit/products/conduit)
    Finished `test` profile [unoptimized + debuginfo] target(s) in 10.14s
     Running tests/structured_diagnostics.rs (target/reconciliation/debug/deps/structured_diagnostics-a6750ae4d02cb247)

running 3 tests
test unsupported_kind_keeps_source_identity_and_exact_primary_span ... ok
test malformed_plot_human_and_json_render_the_same_owned_diagnostic ... ok
test quoted_ipa_refusal_preserves_the_authored_escape_in_human_and_json_diagnostics ... ok

test result: ok. 3 passed; 0 failed; 0 ignored; 0 measured; 0 filtered out; finished in 37.84s

» [speech-ipa.no-std thumbv6m-none-eabi/contract-compile] Compile the typed IPA preparation APIs without std on Thumb
  $ cargo check -p conduit-speech --no-default-features --features semantic-bindings --target thumbv6m-none-eabi --locked
   Compiling version_check v0.9.5
   Compiling proc-macro2 v1.0.107
   Compiling generic-array v0.14.7
   Compiling serde_core v1.0.229
   Compiling quote v1.0.47
   Compiling unicode-ident v1.0.26
   Compiling serde v1.0.229
   Compiling libm v0.2.16
   Compiling syn v3.0.6
   Compiling block-buffer v0.10.4
   Compiling crypto-common v0.1.7
   Compiling serde_derive v1.0.229
   Compiling digest v0.10.7
   Compiling sha2 v0.10.9
   Compiling conduit-assigned-plan v0.1.0 (/home/dancxjo/Documents/Codex/2026-10-08/goal-finish-and-close-out-5260/work/conduit/architecture/assigned-plan)
    Checking typenum v1.20.1
   Compiling conduit-core v0.1.0 (/home/dancxjo/Documents/Codex/2026-10-08/goal-finish-and-close-out-5260/work/conduit/architecture/core)
    Checking cfg-if v1.0.5
   Compiling conduit-plot v0.1.0 (/home/dancxjo/Documents/Codex/2026-10-08/goal-finish-and-close-out-5260/work/conduit/architecture/plot)
   Compiling conduit-language v0.1.0 (/home/dancxjo/Documents/Codex/2026-10-08/goal-finish-and-close-out-5260/work/conduit/semantics/language)
   Compiling conduit-speech v0.1.0 (/home/dancxjo/Documents/Codex/2026-10-08/goal-finish-and-close-out-5260/work/conduit/semantics/speech)
    Finished `dev` profile [unoptimized + debuginfo] target(s) in 3m 59s
