    Finished `dev` profile [unoptimized] target(s) in 0.09s
     Running `target/debug/conduit-xtask-dispatch make conduitos prove --arch x86-64`
   Compiling ring v0.17.14
   Compiling conduit-browser-runtime v0.1.0 (/home/dancxjo/Documents/Codex/2026-10-06/goal-please-finish-and-close-5113/work/conduit/targets/browser/runtime)
   Compiling rustls v0.23.45
   Compiling rustls-webpki v0.103.15
   Compiling ureq v3.4.2
   Compiling conduit-std-host v0.1.0 (/home/dancxjo/Documents/Codex/2026-10-06/goal-please-finish-and-close-5113/work/conduit/targets/std)
   Compiling conduit-patchbay-workbench v0.1.0 (/home/dancxjo/Documents/Codex/2026-10-06/goal-please-finish-and-close-5113/work/conduit/plots/patchbay/workbench/model)
   Compiling xtask v0.1.0 (/home/dancxjo/Documents/Codex/2026-10-06/goal-please-finish-and-close-5113/work/conduit/tools/xtask)
    Finished `dev` profile [unoptimized] target(s) in 30.01s
     Running `target/debug/xtask make conduitos prove --arch x86-64`
   Compiling syn v3.0.6
   Compiling generic-array v0.14.7
    Checking typenum v1.20.1
    Checking cfg-if v1.0.5
   Compiling serde_core v1.0.229
    Checking cpufeatures v0.2.17
   Compiling serde v1.0.229
   Compiling libm v0.2.16
    Checking zeroize v1.9.0
    Checking subtle v2.6.1
    Checking crypto-common v0.1.7
    Checking block-buffer v0.10.4
   Compiling curve25519-dalek v4.1.3
    Checking digest v0.10.7
   Compiling thiserror v2.0.20
    Checking sha2 v0.10.9
   Compiling zmij v1.0.23
   Compiling serde_json v1.0.151
    Checking itoa v1.0.18
    Checking signature v2.2.0
    Checking memchr v2.8.3
    Checking ed25519 v2.2.3
    Checking minicbor v2.3.0
    Checking ed25519-dalek v2.2.0
    Checking inout v0.1.4
    Checking cipher v0.4.4
    Checking universal-hash v0.5.1
   Compiling serde_derive v1.0.229
   Compiling thiserror-impl v2.0.20
    Checking opaque-debug v0.3.1
    Checking poly1305 v0.8.0
    Checking chacha20 v0.9.1
    Checking aead v0.5.2
    Checking arrayvec v0.7.8
    Checking chacha20poly1305 v0.10.1
    Checking rand_core v0.6.4
    Checking noise-protocol v0.2.1
    Checking x25519-dalek v2.0.1
   Compiling conduitos v0.1.0 (/home/dancxjo/Documents/Codex/2026-10-06/goal-please-finish-and-close-5113/work/conduit/targets/conduitos)
    Checking noise-rust-crypto v0.6.2
    Checking conduit-protected-line v0.1.0 (/home/dancxjo/Documents/Codex/2026-10-06/goal-please-finish-and-close-5113/work/conduit/architecture/protected-line)
    Checking cobs v0.3.0
    Checking conduit-assigned-plan v0.1.0 (/home/dancxjo/Documents/Codex/2026-10-06/goal-please-finish-and-close-5113/work/conduit/architecture/assigned-plan)
    Checking postcard v1.1.3
    Checking patchbay-control v0.1.0 (/home/dancxjo/Documents/Codex/2026-10-06/goal-please-finish-and-close-5113/work/conduit/plots/patchbay)
    Checking conduit-core v0.1.0 (/home/dancxjo/Documents/Codex/2026-10-06/goal-please-finish-and-close-5113/work/conduit/architecture/core)
    Checking conduit-kernel v0.1.0 (/home/dancxjo/Documents/Codex/2026-10-06/goal-please-finish-and-close-5113/work/conduit/architecture/kernel)
    Checking conduit-plot v0.1.0 (/home/dancxjo/Documents/Codex/2026-10-06/goal-please-finish-and-close-5113/work/conduit/architecture/plot)
    Checking conduit-body v0.1.0 (/home/dancxjo/Documents/Codex/2026-10-06/goal-please-finish-and-close-5113/work/conduit/architecture/body)
    Checking conduit-plan-lowering v0.1.0 (/home/dancxjo/Documents/Codex/2026-10-06/goal-please-finish-and-close-5113/work/conduit/architecture/plan-lowering)
    Checking conduit-observatory v0.1.0 (/home/dancxjo/Documents/Codex/2026-10-06/goal-please-finish-and-close-5113/work/conduit/architecture/observatory)
    Checking conduit-composite v0.1.0 (/home/dancxjo/Documents/Codex/2026-10-06/goal-please-finish-and-close-5113/work/conduit/architecture/composite)
   Compiling conduit-time v0.1.0 (/home/dancxjo/Documents/Codex/2026-10-06/goal-please-finish-and-close-5113/work/conduit/semantics/time)
   Compiling conduit-human v0.1.0 (/home/dancxjo/Documents/Codex/2026-10-06/goal-please-finish-and-close-5113/work/conduit/semantics/human)
   Compiling conduit-audio v0.1.0 (/home/dancxjo/Documents/Codex/2026-10-06/goal-please-finish-and-close-5113/work/conduit/semantics/audio)
   Compiling conduit-text v0.1.0 (/home/dancxjo/Documents/Codex/2026-10-06/goal-please-finish-and-close-5113/work/conduit/semantics/text)
   Compiling conduit-process v0.1.0 (/home/dancxjo/Documents/Codex/2026-10-06/goal-please-finish-and-close-5113/work/conduit/semantics/process)
   Compiling conduit-alife v0.1.0 (/home/dancxjo/Documents/Codex/2026-10-06/goal-please-finish-and-close-5113/work/conduit/semantics/alife)
   Compiling conduit-web v0.1.0 (/home/dancxjo/Documents/Codex/2026-10-06/goal-please-finish-and-close-5113/work/conduit/semantics/web)
   Compiling conduit-robotics v0.1.0 (/home/dancxjo/Documents/Codex/2026-10-06/goal-please-finish-and-close-5113/work/conduit/semantics/robotics)
   Compiling conduit-purpose v0.1.0 (/home/dancxjo/Documents/Codex/2026-10-06/goal-please-finish-and-close-5113/work/conduit/semantics/purpose)
   Compiling conduit-net v0.1.0 (/home/dancxjo/Documents/Codex/2026-10-06/goal-please-finish-and-close-5113/work/conduit/semantics/net)
   Compiling conduit-language v0.1.0 (/home/dancxjo/Documents/Codex/2026-10-06/goal-please-finish-and-close-5113/work/conduit/semantics/language)
   Compiling conduit-home-model v0.1.0 (/home/dancxjo/Documents/Codex/2026-10-06/goal-please-finish-and-close-5113/work/conduit/semantics/home)
   Compiling conduit-tutorial-plot v0.1.0 (/home/dancxjo/Documents/Codex/2026-10-06/goal-please-finish-and-close-5113/work/conduit/semantics/tutorial)
   Compiling conduit-wire v0.1.0 (/home/dancxjo/Documents/Codex/2026-10-06/goal-please-finish-and-close-5113/work/conduit/architecture/wire)
   Compiling conduit-data v0.1.0 (/home/dancxjo/Documents/Codex/2026-10-06/goal-please-finish-and-close-5113/work/conduit/semantics/data)
   Compiling conduit-presentation v0.1.0 (/home/dancxjo/Documents/Codex/2026-10-06/goal-please-finish-and-close-5113/work/conduit/semantics/presentation)
    Checking conduit-midi v0.1.0 (/home/dancxjo/Documents/Codex/2026-10-06/goal-please-finish-and-close-5113/work/conduit/mechanisms/protocols/midi)
    Checking conduit-synth v0.1.0 (/home/dancxjo/Documents/Codex/2026-10-06/goal-please-finish-and-close-5113/work/conduit/mechanisms/implementations/synth)
   Compiling conduit-education v0.1.0 (/home/dancxjo/Documents/Codex/2026-10-06/goal-please-finish-and-close-5113/work/conduit/semantics/education)
   Compiling conduit-ai v0.1.0 (/home/dancxjo/Documents/Codex/2026-10-06/goal-please-finish-and-close-5113/work/conduit/semantics/ai)
    Checking conduit-birth-plot v0.1.0 (/home/dancxjo/Documents/Codex/2026-10-06/goal-please-finish-and-close-5113/work/conduit/plots/birth)
    Checking conduit-semantic-catalog v0.1.0 (/home/dancxjo/Documents/Codex/2026-10-06/goal-please-finish-and-close-5113/work/conduit/semantics/catalog)
    Checking patchbay-graph v0.1.0 (/home/dancxjo/Documents/Codex/2026-10-06/goal-please-finish-and-close-5113/work/conduit/plots/patchbay/graph)
    Checking conduit-tour-model v0.1.0 (/home/dancxjo/Documents/Codex/2026-10-06/goal-please-finish-and-close-5113/work/conduit/plots/tour)
    Checking patchbay-application v0.1.0 (/home/dancxjo/Documents/Codex/2026-10-06/goal-please-finish-and-close-5113/work/conduit/plots/patchbay/application)
    Checking conduit-planner v0.1.0 (/home/dancxjo/Documents/Codex/2026-10-06/goal-please-finish-and-close-5113/work/conduit/architecture/planner)
    Checking conduit-conduitos-mask-offer v0.1.0 (/home/dancxjo/Documents/Codex/2026-10-06/goal-please-finish-and-close-5113/work/conduit/targets/conduitos/mask-offer)
warning: unused imports: `prepare_exact` and `propose_partitions`
  --> targets/conduitos/src/native_workset.rs:16:27
   |
16 | pub(crate) use planning::{prepare_exact, propose_partitions};
   |                           ^^^^^^^^^^^^^  ^^^^^^^^^^^^^^^^^^
   |
   = note: `#[warn(unused_imports)]` (part of `#[warn(unused)]`) on by default

warning: struct `ObservedModule` is never constructed
  --> targets/conduitos/src/boot/modules.rs:12:19
   |
12 | pub(crate) struct ObservedModule<'a> {
   |                   ^^^^^^^^^^^^^^
   |
   = note: `#[warn(dead_code)]` (part of `#[warn(unused)]`) on by default

warning: function `select_named` is never used
  --> targets/conduitos/src/boot/modules.rs:17:15
   |
17 | pub(crate) fn select_named<'a>(
   |               ^^^^^^^^^^^^

warning: function `prepare` is never used
  --> targets/conduitos/src/tour_two_host.rs:11:8
   |
11 | pub fn prepare(
   |        ^^^^^^^

warning: function `run` is never used
  --> targets/conduitos/src/tour_two_host.rs:19:8
   |
19 | pub fn run(
   |        ^^^

warning: fields `scheduler`, `endpoint`, and `cord` are never read
  --> targets/conduitos/src/tour_two_host_kernel.rs:48:5
   |
47 | pub struct SourceKernel {
   |            ------------ fields in this struct
48 |     scheduler: SourceScheduler,
   |     ^^^^^^^^^
49 |     endpoint: RemoteEndpointId,
   |     ^^^^^^^^
50 |     cord: conduit_kernel::CordId,
   |     ^^^^

warning: fields `scheduler`, `endpoint`, and `cord` are never read
  --> targets/conduitos/src/tour_two_host_kernel.rs:54:5
   |
53 | pub struct SinkKernel {
   |            ---------- fields in this struct
54 |     scheduler: SinkScheduler,
   |     ^^^^^^^^^
55 |     endpoint: RemoteEndpointId,
   |     ^^^^^^^^
56 |     cord: conduit_kernel::CordId,
   |     ^^^^

warning: methods `step`, `offer`, `accept`, `delivered`, `decisions`, and `signs` are never used
   --> targets/conduitos/src/tour_two_host_kernel.rs:114:12
    |
 59 | impl SourceKernel {
    | ----------------- methods in this implementation
...
114 |     pub fn step(&mut self) -> Result<SchedulerStatus, SchedulerError> {
    |            ^^^^
...
118 |     pub fn offer(&mut self) -> Result<Option<(u64, &[u8])>, SchedulerError> {
    |            ^^^^^
...
131 |     pub fn accept(&mut self, sequence: u64) -> Result<(), SchedulerError> {
    |            ^^^^^^
...
136 |     pub fn delivered(&mut self, sequence: u64) -> Result<(), SchedulerError> {
    |            ^^^^^^^^^
...
141 |     pub fn decisions(&self) -> u32 {
    |            ^^^^^^^^^
...
144 |     pub fn signs(&self) -> u16 {
    |            ^^^^^

warning: multiple methods are never used
   --> targets/conduitos/src/tour_two_host_kernel.rs:190:12
    |
149 | impl SinkKernel {
    | --------------- methods in this implementation
...
190 |     pub fn admit(
    |            ^^^^^
...
199 |     pub fn close(&mut self) -> Result<(), SchedulerError> {
    |            ^^^^^
...
203 |     pub fn step(&mut self) -> Result<SchedulerStatus, SchedulerError> {
    |            ^^^^
...
206 |     pub fn request(&mut self) -> Option<HostCallRequest> {
    |            ^^^^^^^
...
209 |     pub fn value(&self, request: HostCallRequest) -> Result<&[u8], SchedulerError> {
    |            ^^^^^
...
212 |     pub fn complete(&mut self, request: HostCallRequest) -> Result<(), SchedulerError> {
    |            ^^^^^^^^
...
223 |     pub fn decisions(&self) -> u32 {
    |            ^^^^^^^^^
...
226 |     pub fn signs(&self) -> u16 {
    |            ^^^^^

warning: fields `source` and `sink` are never read
  --> targets/conduitos/src/tour_two_host_plan.rs:31:16
   |
24 | pub struct PreparedTourTwoHostPlan {
   |            ----------------------- fields in this struct
...
31 |     pub(crate) source: crate::tour_two_host_kernel::SourceKernel,
   |                ^^^^^^
32 |     pub(crate) sink: crate::tour_two_host_kernel::SinkKernel,
   |                ^^^^

warning: constant `MAXIMUM_STEPS` is never used
  --> targets/conduitos/src/tour_two_host_play.rs:11:7
   |
11 | const MAXIMUM_STEPS: u32 = 32;
   |       ^^^^^^^^^^^^^

warning: function `run` is never used
  --> targets/conduitos/src/tour_two_host_play.rs:13:8
   |
13 | pub fn run(
   |        ^^^

warning: function `step_source` is never used
  --> targets/conduitos/src/tour_two_host_play.rs:96:4
   |
96 | fn step_source(
   |    ^^^^^^^^^^^

warning: function `step_sink` is never used
   --> targets/conduitos/src/tour_two_host_play.rs:107:4
    |
107 | fn step_sink(sink: &mut crate::tour_two_host_kernel::SinkKernel) -> Result<(), MachineRunError> {
    |    ^^^^^^^^^

warning: function `drain_source` is never used
   --> targets/conduitos/src/tour_two_host_play.rs:116:4
    |
116 | fn drain_source(
    |    ^^^^^^^^^^^^

warning: function `drain_sink` is never used
   --> targets/conduitos/src/tour_two_host_play.rs:129:4
    |
129 | fn drain_sink(sink: &mut crate::tour_two_host_kernel::SinkKernel) -> Result<(), MachineRunError> {
    |    ^^^^^^^^^^

warning: `conduitos` (lib) generated 16 warnings (run `cargo fix --lib -p conduitos` to apply 1 suggestion)
    Finished `dev` profile [unoptimized] target(s) in 28.70s
   Compiling generic-array v0.14.7
    Checking typenum v1.20.1
    Checking cpufeatures v0.2.17
    Checking cfg-if v1.0.5
   Compiling serde_core v1.0.229
   Compiling serde v1.0.229
   Compiling libm v0.2.16
    Checking zeroize v1.9.0
    Checking subtle v2.6.1
   Compiling conduit-time v0.1.0 (/home/dancxjo/Documents/Codex/2026-10-06/goal-please-finish-and-close-5113/work/conduit/semantics/time)
   Compiling curve25519-dalek v4.1.3
   Compiling thiserror v2.0.20
   Compiling zmij v1.0.23
   Compiling serde_json v1.0.151
    Checking memchr v2.8.3
    Checking crypto-common v0.1.7
    Checking block-buffer v0.10.4
    Checking signature v2.2.0
    Checking itoa v1.0.18
    Checking digest v0.10.7
    Checking ed25519 v2.2.3
    Checking sha2 v0.10.9
    Checking cobs v0.3.0
   Compiling conduit-human v0.1.0 (/home/dancxjo/Documents/Codex/2026-10-06/goal-please-finish-and-close-5113/work/conduit/semantics/human)
    Checking minicbor v2.3.0
    Checking conduit-assigned-plan v0.1.0 (/home/dancxjo/Documents/Codex/2026-10-06/goal-please-finish-and-close-5113/work/conduit/architecture/assigned-plan)
    Checking ed25519-dalek v2.2.0
    Checking postcard v1.1.3
    Checking conduit-core v0.1.0 (/home/dancxjo/Documents/Codex/2026-10-06/goal-please-finish-and-close-5113/work/conduit/architecture/core)
   Compiling conduit-presentation v0.1.0 (/home/dancxjo/Documents/Codex/2026-10-06/goal-please-finish-and-close-5113/work/conduit/semantics/presentation)
   Compiling conduit-data v0.1.0 (/home/dancxjo/Documents/Codex/2026-10-06/goal-please-finish-and-close-5113/work/conduit/semantics/data)
   Compiling conduit-audio v0.1.0 (/home/dancxjo/Documents/Codex/2026-10-06/goal-please-finish-and-close-5113/work/conduit/semantics/audio)
    Checking conduit-kernel v0.1.0 (/home/dancxjo/Documents/Codex/2026-10-06/goal-please-finish-and-close-5113/work/conduit/architecture/kernel)
   Compiling conduit-purpose v0.1.0 (/home/dancxjo/Documents/Codex/2026-10-06/goal-please-finish-and-close-5113/work/conduit/semantics/purpose)
   Compiling conduit-web v0.1.0 (/home/dancxjo/Documents/Codex/2026-10-06/goal-please-finish-and-close-5113/work/conduit/semantics/web)
   Compiling conduit-alife v0.1.0 (/home/dancxjo/Documents/Codex/2026-10-06/goal-please-finish-and-close-5113/work/conduit/semantics/alife)
   Compiling conduit-process v0.1.0 (/home/dancxjo/Documents/Codex/2026-10-06/goal-please-finish-and-close-5113/work/conduit/semantics/process)
   Compiling conduit-robotics v0.1.0 (/home/dancxjo/Documents/Codex/2026-10-06/goal-please-finish-and-close-5113/work/conduit/semantics/robotics)
   Compiling conduit-net v0.1.0 (/home/dancxjo/Documents/Codex/2026-10-06/goal-please-finish-and-close-5113/work/conduit/semantics/net)
   Compiling conduit-text v0.1.0 (/home/dancxjo/Documents/Codex/2026-10-06/goal-please-finish-and-close-5113/work/conduit/semantics/text)
   Compiling conduit-education v0.1.0 (/home/dancxjo/Documents/Codex/2026-10-06/goal-please-finish-and-close-5113/work/conduit/semantics/education)
    Checking inout v0.1.4
    Checking universal-hash v0.5.1
    Checking cipher v0.4.4
    Checking opaque-debug v0.3.1
    Checking poly1305 v0.8.0
    Checking chacha20 v0.9.1
   Compiling conduit-language v0.1.0 (/home/dancxjo/Documents/Codex/2026-10-06/goal-please-finish-and-close-5113/work/conduit/semantics/language)
    Checking aead v0.5.2
    Checking arrayvec v0.7.8
    Checking chacha20poly1305 v0.10.1
   Compiling conduit-ai v0.1.0 (/home/dancxjo/Documents/Codex/2026-10-06/goal-please-finish-and-close-5113/work/conduit/semantics/ai)
    Checking noise-protocol v0.2.1
    Checking rand_core v0.6.4
    Checking x25519-dalek v2.0.1
   Compiling conduit-wire v0.1.0 (/home/dancxjo/Documents/Codex/2026-10-06/goal-please-finish-and-close-5113/work/conduit/architecture/wire)
   Compiling conduit-home-model v0.1.0 (/home/dancxjo/Documents/Codex/2026-10-06/goal-please-finish-and-close-5113/work/conduit/semantics/home)
   Compiling conduit-tutorial-plot v0.1.0 (/home/dancxjo/Documents/Codex/2026-10-06/goal-please-finish-and-close-5113/work/conduit/semantics/tutorial)
    Checking noise-rust-crypto v0.6.2
    Checking patchbay-control v0.1.0 (/home/dancxjo/Documents/Codex/2026-10-06/goal-please-finish-and-close-5113/work/conduit/plots/patchbay)
    Checking bitflags v2.13.2
    Checking limine v0.5.0
   Compiling conduitos v0.1.0 (/home/dancxjo/Documents/Codex/2026-10-06/goal-please-finish-and-close-5113/work/conduit/targets/conduitos)
    Checking conduit-protected-line v0.1.0 (/home/dancxjo/Documents/Codex/2026-10-06/goal-please-finish-and-close-5113/work/conduit/architecture/protected-line)
    Checking conduit-plot v0.1.0 (/home/dancxjo/Documents/Codex/2026-10-06/goal-please-finish-and-close-5113/work/conduit/architecture/plot)
    Checking conduit-body v0.1.0 (/home/dancxjo/Documents/Codex/2026-10-06/goal-please-finish-and-close-5113/work/conduit/architecture/body)
    Checking conduit-midi v0.1.0 (/home/dancxjo/Documents/Codex/2026-10-06/goal-please-finish-and-close-5113/work/conduit/mechanisms/protocols/midi)
    Checking conduit-semantic-catalog v0.1.0 (/home/dancxjo/Documents/Codex/2026-10-06/goal-please-finish-and-close-5113/work/conduit/semantics/catalog)
    Checking patchbay-graph v0.1.0 (/home/dancxjo/Documents/Codex/2026-10-06/goal-please-finish-and-close-5113/work/conduit/plots/patchbay/graph)
    Checking conduit-planner v0.1.0 (/home/dancxjo/Documents/Codex/2026-10-06/goal-please-finish-and-close-5113/work/conduit/architecture/planner)
    Checking conduit-plan-lowering v0.1.0 (/home/dancxjo/Documents/Codex/2026-10-06/goal-please-finish-and-close-5113/work/conduit/architecture/plan-lowering)
    Checking conduit-composite v0.1.0 (/home/dancxjo/Documents/Codex/2026-10-06/goal-please-finish-and-close-5113/work/conduit/architecture/composite)
    Checking conduit-conduitos-mask-offer v0.1.0 (/home/dancxjo/Documents/Codex/2026-10-06/goal-please-finish-and-close-5113/work/conduit/targets/conduitos/mask-offer)
    Checking patchbay-application v0.1.0 (/home/dancxjo/Documents/Codex/2026-10-06/goal-please-finish-and-close-5113/work/conduit/plots/patchbay/application)
    Checking conduit-tour-model v0.1.0 (/home/dancxjo/Documents/Codex/2026-10-06/goal-please-finish-and-close-5113/work/conduit/plots/tour)
    Checking conduit-birth-plot v0.1.0 (/home/dancxjo/Documents/Codex/2026-10-06/goal-please-finish-and-close-5113/work/conduit/plots/birth)
    Checking conduit-synth v0.1.0 (/home/dancxjo/Documents/Codex/2026-10-06/goal-please-finish-and-close-5113/work/conduit/mechanisms/implementations/synth)
    Checking conduit-observatory v0.1.0 (/home/dancxjo/Documents/Codex/2026-10-06/goal-please-finish-and-close-5113/work/conduit/architecture/observatory)
    Finished `dev` profile [unoptimized] target(s) in 49.68s
   Compiling generic-array v0.14.7
    Checking typenum v1.20.1
    Checking cfg-if v1.0.5
   Compiling serde_core v1.0.229
   Compiling serde v1.0.229
    Checking cpufeatures v0.2.17
   Compiling libm v0.2.16
    Checking zeroize v1.9.0
    Checking subtle v2.6.1
   Compiling conduit-time v0.1.0 (/home/dancxjo/Documents/Codex/2026-10-06/goal-please-finish-and-close-5113/work/conduit/semantics/time)
   Compiling curve25519-dalek v4.1.3
   Compiling zmij v1.0.23
   Compiling thiserror v2.0.20
    Checking crypto-common v0.1.7
    Checking block-buffer v0.10.4
   Compiling serde_json v1.0.151
    Checking digest v0.10.7
    Checking itoa v1.0.18
    Checking sha2 v0.10.9
    Checking memchr v2.8.3
    Checking signature v2.2.0
    Checking ed25519 v2.2.3
    Checking cobs v0.3.0
    Checking ed25519-dalek v2.2.0
   Compiling conduit-human v0.1.0 (/home/dancxjo/Documents/Codex/2026-10-06/goal-please-finish-and-close-5113/work/conduit/semantics/human)
    Checking minicbor v2.3.0
    Checking conduit-assigned-plan v0.1.0 (/home/dancxjo/Documents/Codex/2026-10-06/goal-please-finish-and-close-5113/work/conduit/architecture/assigned-plan)
    Checking conduit-core v0.1.0 (/home/dancxjo/Documents/Codex/2026-10-06/goal-please-finish-and-close-5113/work/conduit/architecture/core)
    Checking postcard v1.1.3
   Compiling conduit-presentation v0.1.0 (/home/dancxjo/Documents/Codex/2026-10-06/goal-please-finish-and-close-5113/work/conduit/semantics/presentation)
   Compiling conduit-data v0.1.0 (/home/dancxjo/Documents/Codex/2026-10-06/goal-please-finish-and-close-5113/work/conduit/semantics/data)
   Compiling conduit-audio v0.1.0 (/home/dancxjo/Documents/Codex/2026-10-06/goal-please-finish-and-close-5113/work/conduit/semantics/audio)
    Checking conduit-kernel v0.1.0 (/home/dancxjo/Documents/Codex/2026-10-06/goal-please-finish-and-close-5113/work/conduit/architecture/kernel)
   Compiling conduit-process v0.1.0 (/home/dancxjo/Documents/Codex/2026-10-06/goal-please-finish-and-close-5113/work/conduit/semantics/process)
   Compiling conduit-purpose v0.1.0 (/home/dancxjo/Documents/Codex/2026-10-06/goal-please-finish-and-close-5113/work/conduit/semantics/purpose)
   Compiling conduit-robotics v0.1.0 (/home/dancxjo/Documents/Codex/2026-10-06/goal-please-finish-and-close-5113/work/conduit/semantics/robotics)
   Compiling conduit-web v0.1.0 (/home/dancxjo/Documents/Codex/2026-10-06/goal-please-finish-and-close-5113/work/conduit/semantics/web)
   Compiling conduit-alife v0.1.0 (/home/dancxjo/Documents/Codex/2026-10-06/goal-please-finish-and-close-5113/work/conduit/semantics/alife)
   Compiling conduit-net v0.1.0 (/home/dancxjo/Documents/Codex/2026-10-06/goal-please-finish-and-close-5113/work/conduit/semantics/net)
   Compiling conduit-text v0.1.0 (/home/dancxjo/Documents/Codex/2026-10-06/goal-please-finish-and-close-5113/work/conduit/semantics/text)
   Compiling conduit-education v0.1.0 (/home/dancxjo/Documents/Codex/2026-10-06/goal-please-finish-and-close-5113/work/conduit/semantics/education)
    Checking inout v0.1.4
    Checking universal-hash v0.5.1
    Checking opaque-debug v0.3.1
    Checking cipher v0.4.4
    Checking poly1305 v0.8.0
   Compiling conduit-language v0.1.0 (/home/dancxjo/Documents/Codex/2026-10-06/goal-please-finish-and-close-5113/work/conduit/semantics/language)
    Checking chacha20 v0.9.1
    Checking aead v0.5.2
    Checking arrayvec v0.7.8
    Checking chacha20poly1305 v0.10.1
   Compiling conduit-ai v0.1.0 (/home/dancxjo/Documents/Codex/2026-10-06/goal-please-finish-and-close-5113/work/conduit/semantics/ai)
    Checking noise-protocol v0.2.1
    Checking rand_core v0.6.4
    Checking x25519-dalek v2.0.1
   Compiling conduit-home-model v0.1.0 (/home/dancxjo/Documents/Codex/2026-10-06/goal-please-finish-and-close-5113/work/conduit/semantics/home)
   Compiling conduit-tutorial-plot v0.1.0 (/home/dancxjo/Documents/Codex/2026-10-06/goal-please-finish-and-close-5113/work/conduit/semantics/tutorial)
   Compiling conduit-wire v0.1.0 (/home/dancxjo/Documents/Codex/2026-10-06/goal-please-finish-and-close-5113/work/conduit/architecture/wire)
    Checking noise-rust-crypto v0.6.2
    Checking patchbay-control v0.1.0 (/home/dancxjo/Documents/Codex/2026-10-06/goal-please-finish-and-close-5113/work/conduit/plots/patchbay)
    Checking bitflags v2.13.2
    Checking limine v0.5.0
   Compiling conduitos v0.1.0 (/home/dancxjo/Documents/Codex/2026-10-06/goal-please-finish-and-close-5113/work/conduit/targets/conduitos)
    Checking conduit-protected-line v0.1.0 (/home/dancxjo/Documents/Codex/2026-10-06/goal-please-finish-and-close-5113/work/conduit/architecture/protected-line)
    Checking conduit-plot v0.1.0 (/home/dancxjo/Documents/Codex/2026-10-06/goal-please-finish-and-close-5113/work/conduit/architecture/plot)
    Checking conduit-body v0.1.0 (/home/dancxjo/Documents/Codex/2026-10-06/goal-please-finish-and-close-5113/work/conduit/architecture/body)
    Checking conduit-midi v0.1.0 (/home/dancxjo/Documents/Codex/2026-10-06/goal-please-finish-and-close-5113/work/conduit/mechanisms/protocols/midi)
    Checking conduit-semantic-catalog v0.1.0 (/home/dancxjo/Documents/Codex/2026-10-06/goal-please-finish-and-close-5113/work/conduit/semantics/catalog)
    Checking patchbay-graph v0.1.0 (/home/dancxjo/Documents/Codex/2026-10-06/goal-please-finish-and-close-5113/work/conduit/plots/patchbay/graph)
    Checking conduit-planner v0.1.0 (/home/dancxjo/Documents/Codex/2026-10-06/goal-please-finish-and-close-5113/work/conduit/architecture/planner)
    Checking conduit-plan-lowering v0.1.0 (/home/dancxjo/Documents/Codex/2026-10-06/goal-please-finish-and-close-5113/work/conduit/architecture/plan-lowering)
    Checking conduit-composite v0.1.0 (/home/dancxjo/Documents/Codex/2026-10-06/goal-please-finish-and-close-5113/work/conduit/architecture/composite)
    Checking conduit-conduitos-mask-offer v0.1.0 (/home/dancxjo/Documents/Codex/2026-10-06/goal-please-finish-and-close-5113/work/conduit/targets/conduitos/mask-offer)
    Checking patchbay-application v0.1.0 (/home/dancxjo/Documents/Codex/2026-10-06/goal-please-finish-and-close-5113/work/conduit/plots/patchbay/application)
    Checking conduit-tour-model v0.1.0 (/home/dancxjo/Documents/Codex/2026-10-06/goal-please-finish-and-close-5113/work/conduit/plots/tour)
    Checking conduit-birth-plot v0.1.0 (/home/dancxjo/Documents/Codex/2026-10-06/goal-please-finish-and-close-5113/work/conduit/plots/birth)
    Checking conduit-synth v0.1.0 (/home/dancxjo/Documents/Codex/2026-10-06/goal-please-finish-and-close-5113/work/conduit/mechanisms/implementations/synth)
    Checking conduit-observatory v0.1.0 (/home/dancxjo/Documents/Codex/2026-10-06/goal-please-finish-and-close-5113/work/conduit/architecture/observatory)
warning: unused imports: `prepare_exact` and `propose_partitions`
  --> targets/conduitos/src/native_workset.rs:16:27
   |
16 | pub(crate) use planning::{prepare_exact, propose_partitions};
   |                           ^^^^^^^^^^^^^  ^^^^^^^^^^^^^^^^^^
   |
   = note: `#[warn(unused_imports)]` (part of `#[warn(unused)]`) on by default

warning: function `prepare` is never used
  --> targets/conduitos/src/tour_two_host.rs:11:8
   |
11 | pub fn prepare(
   |        ^^^^^^^
   |
   = note: `#[warn(dead_code)]` (part of `#[warn(unused)]`) on by default

warning: function `run` is never used
  --> targets/conduitos/src/tour_two_host.rs:19:8
   |
19 | pub fn run(
   |        ^^^

warning: fields `scheduler`, `endpoint`, and `cord` are never read
  --> targets/conduitos/src/tour_two_host_kernel.rs:48:5
   |
47 | pub struct SourceKernel {
   |            ------------ fields in this struct
48 |     scheduler: SourceScheduler,
   |     ^^^^^^^^^
49 |     endpoint: RemoteEndpointId,
   |     ^^^^^^^^
50 |     cord: conduit_kernel::CordId,
   |     ^^^^

warning: fields `scheduler`, `endpoint`, and `cord` are never read
  --> targets/conduitos/src/tour_two_host_kernel.rs:54:5
   |
53 | pub struct SinkKernel {
   |            ---------- fields in this struct
54 |     scheduler: SinkScheduler,
   |     ^^^^^^^^^
55 |     endpoint: RemoteEndpointId,
   |     ^^^^^^^^
56 |     cord: conduit_kernel::CordId,
   |     ^^^^

warning: methods `step`, `offer`, `accept`, `delivered`, `decisions`, and `signs` are never used
   --> targets/conduitos/src/tour_two_host_kernel.rs:114:12
    |
 59 | impl SourceKernel {
    | ----------------- methods in this implementation
...
114 |     pub fn step(&mut self) -> Result<SchedulerStatus, SchedulerError> {
    |            ^^^^
...
118 |     pub fn offer(&mut self) -> Result<Option<(u64, &[u8])>, SchedulerError> {
    |            ^^^^^
...
131 |     pub fn accept(&mut self, sequence: u64) -> Result<(), SchedulerError> {
    |            ^^^^^^
...
136 |     pub fn delivered(&mut self, sequence: u64) -> Result<(), SchedulerError> {
    |            ^^^^^^^^^
...
141 |     pub fn decisions(&self) -> u32 {
    |            ^^^^^^^^^
...
144 |     pub fn signs(&self) -> u16 {
    |            ^^^^^

warning: multiple methods are never used
   --> targets/conduitos/src/tour_two_host_kernel.rs:190:12
    |
149 | impl SinkKernel {
    | --------------- methods in this implementation
...
190 |     pub fn admit(
    |            ^^^^^
...
199 |     pub fn close(&mut self) -> Result<(), SchedulerError> {
    |            ^^^^^
...
203 |     pub fn step(&mut self) -> Result<SchedulerStatus, SchedulerError> {
    |            ^^^^
...
206 |     pub fn request(&mut self) -> Option<HostCallRequest> {
    |            ^^^^^^^
...
209 |     pub fn value(&self, request: HostCallRequest) -> Result<&[u8], SchedulerError> {
    |            ^^^^^
...
212 |     pub fn complete(&mut self, request: HostCallRequest) -> Result<(), SchedulerError> {
    |            ^^^^^^^^
...
223 |     pub fn decisions(&self) -> u32 {
    |            ^^^^^^^^^
...
226 |     pub fn signs(&self) -> u16 {
    |            ^^^^^

warning: fields `source` and `sink` are never read
  --> targets/conduitos/src/tour_two_host_plan.rs:31:16
   |
24 | pub struct PreparedTourTwoHostPlan {
   |            ----------------------- fields in this struct
...
31 |     pub(crate) source: crate::tour_two_host_kernel::SourceKernel,
   |                ^^^^^^
32 |     pub(crate) sink: crate::tour_two_host_kernel::SinkKernel,
   |                ^^^^

warning: constant `MAXIMUM_STEPS` is never used
  --> targets/conduitos/src/tour_two_host_play.rs:11:7
   |
11 | const MAXIMUM_STEPS: u32 = 32;
   |       ^^^^^^^^^^^^^

warning: function `run` is never used
  --> targets/conduitos/src/tour_two_host_play.rs:13:8
   |
13 | pub fn run(
   |        ^^^

warning: function `step_source` is never used
  --> targets/conduitos/src/tour_two_host_play.rs:96:4
   |
96 | fn step_source(
   |    ^^^^^^^^^^^

warning: function `step_sink` is never used
   --> targets/conduitos/src/tour_two_host_play.rs:107:4
    |
107 | fn step_sink(sink: &mut crate::tour_two_host_kernel::SinkKernel) -> Result<(), MachineRunError> {
    |    ^^^^^^^^^

warning: function `drain_source` is never used
   --> targets/conduitos/src/tour_two_host_play.rs:116:4
    |
116 | fn drain_source(
    |    ^^^^^^^^^^^^

warning: function `drain_sink` is never used
   --> targets/conduitos/src/tour_two_host_play.rs:129:4
    |
129 | fn drain_sink(sink: &mut crate::tour_two_host_kernel::SinkKernel) -> Result<(), MachineRunError> {
    |    ^^^^^^^^^^

warning: `conduitos` (lib) generated 14 warnings (run `cargo fix --lib -p conduitos` to apply 1 suggestion)
    Finished `dev` profile [unoptimized] target(s) in 51.67s
   Compiling compiler_builtins v0.1.160 (/home/dancxjo/.rustup/toolchains/1.98.1-x86_64-unknown-linux-gnu/lib/rustlib/src/rust/library/compiler-builtins/compiler-builtins)
   Compiling proc-macro2 v1.0.107
   Compiling core v0.0.0 (/home/dancxjo/.rustup/toolchains/1.98.1-x86_64-unknown-linux-gnu/lib/rustlib/src/rust/library/core)
   Compiling generic-array v0.14.7
   Compiling serde_core v1.0.229
   Compiling serde v1.0.229
   Compiling libm v0.2.16
   Compiling curve25519-dalek v4.1.3
   Compiling thiserror v2.0.20
   Compiling zmij v1.0.23
   Compiling serde_json v1.0.151
   Compiling conduitos v0.1.0 (/home/dancxjo/Documents/Codex/2026-10-06/goal-please-finish-and-close-5113/work/conduit/targets/conduitos)
   Compiling quote v1.0.47
   Compiling syn v3.0.6
   Compiling syn v2.0.119
   Compiling serde_derive v1.0.229
   Compiling thiserror-impl v2.0.20
   Compiling zeroize_derive v1.5.0
   Compiling conduit-assigned-plan v0.1.0 (/home/dancxjo/Documents/Codex/2026-10-06/goal-please-finish-and-close-5113/work/conduit/architecture/assigned-plan)
   Compiling conduit-core v0.1.0 (/home/dancxjo/Documents/Codex/2026-10-06/goal-please-finish-and-close-5113/work/conduit/architecture/core)
   Compiling conduit-plot v0.1.0 (/home/dancxjo/Documents/Codex/2026-10-06/goal-please-finish-and-close-5113/work/conduit/architecture/plot)
   Compiling conduit-time v0.1.0 (/home/dancxjo/Documents/Codex/2026-10-06/goal-please-finish-and-close-5113/work/conduit/semantics/time)
   Compiling conduit-human v0.1.0 (/home/dancxjo/Documents/Codex/2026-10-06/goal-please-finish-and-close-5113/work/conduit/semantics/human)
   Compiling alloc v0.0.0 (/home/dancxjo/.rustup/toolchains/1.98.1-x86_64-unknown-linux-gnu/lib/rustlib/src/rust/library/alloc)
   Compiling conduit-audio v0.1.0 (/home/dancxjo/Documents/Codex/2026-10-06/goal-please-finish-and-close-5113/work/conduit/semantics/audio)
   Compiling conduit-net v0.1.0 (/home/dancxjo/Documents/Codex/2026-10-06/goal-please-finish-and-close-5113/work/conduit/semantics/net)
   Compiling conduit-web v0.1.0 (/home/dancxjo/Documents/Codex/2026-10-06/goal-please-finish-and-close-5113/work/conduit/semantics/web)
   Compiling conduit-alife v0.1.0 (/home/dancxjo/Documents/Codex/2026-10-06/goal-please-finish-and-close-5113/work/conduit/semantics/alife)
   Compiling conduit-process v0.1.0 (/home/dancxjo/Documents/Codex/2026-10-06/goal-please-finish-and-close-5113/work/conduit/semantics/process)
   Compiling conduit-text v0.1.0 (/home/dancxjo/Documents/Codex/2026-10-06/goal-please-finish-and-close-5113/work/conduit/semantics/text)
    Checking typenum v1.20.1
    Checking cfg-if v1.0.5
    Checking subtle v2.6.1
    Checking zeroize v1.9.0
    Checking signature v2.2.0
   Compiling conduit-data v0.1.0 (/home/dancxjo/Documents/Codex/2026-10-06/goal-please-finish-and-close-5113/work/conduit/semantics/data)
    Checking crypto-common v0.1.7
    Checking block-buffer v0.10.4
    Checking digest v0.10.7
    Checking sha2 v0.10.9
    Checking memchr v2.8.3
    Checking itoa v1.0.18
    Checking ed25519 v2.2.3
    Checking cobs v0.3.0
    Checking ed25519-dalek v2.2.0
    Checking postcard v1.1.3
   Compiling conduit-presentation v0.1.0 (/home/dancxjo/Documents/Codex/2026-10-06/goal-please-finish-and-close-5113/work/conduit/semantics/presentation)
    Checking minicbor v2.3.0
    Checking conduit-kernel v0.1.0 (/home/dancxjo/Documents/Codex/2026-10-06/goal-please-finish-and-close-5113/work/conduit/architecture/kernel)
   Compiling conduit-purpose v0.1.0 (/home/dancxjo/Documents/Codex/2026-10-06/goal-please-finish-and-close-5113/work/conduit/semantics/purpose)
   Compiling conduit-robotics v0.1.0 (/home/dancxjo/Documents/Codex/2026-10-06/goal-please-finish-and-close-5113/work/conduit/semantics/robotics)
    Checking inout v0.1.4
    Checking cipher v0.4.4
    Checking universal-hash v0.5.1
    Checking opaque-debug v0.3.1
   Compiling conduit-language v0.1.0 (/home/dancxjo/Documents/Codex/2026-10-06/goal-please-finish-and-close-5113/work/conduit/semantics/language)
    Checking chacha20 v0.9.1
    Checking poly1305 v0.8.0
   Compiling conduit-ai v0.1.0 (/home/dancxjo/Documents/Codex/2026-10-06/goal-please-finish-and-close-5113/work/conduit/semantics/ai)
    Checking conduit-body v0.1.0 (/home/dancxjo/Documents/Codex/2026-10-06/goal-please-finish-and-close-5113/work/conduit/architecture/body)
   Compiling conduit-education v0.1.0 (/home/dancxjo/Documents/Codex/2026-10-06/goal-please-finish-and-close-5113/work/conduit/semantics/education)
    Checking aead v0.5.2
    Checking arrayvec v0.7.8
    Checking noise-protocol v0.2.1
    Checking chacha20poly1305 v0.10.1
    Checking conduit-midi v0.1.0 (/home/dancxjo/Documents/Codex/2026-10-06/goal-please-finish-and-close-5113/work/conduit/mechanisms/protocols/midi)
    Checking rand_core v0.6.4
   Compiling conduit-home-model v0.1.0 (/home/dancxjo/Documents/Codex/2026-10-06/goal-please-finish-and-close-5113/work/conduit/semantics/home)
   Compiling conduit-wire v0.1.0 (/home/dancxjo/Documents/Codex/2026-10-06/goal-please-finish-and-close-5113/work/conduit/architecture/wire)
    Checking conduit-semantic-catalog v0.1.0 (/home/dancxjo/Documents/Codex/2026-10-06/goal-please-finish-and-close-5113/work/conduit/semantics/catalog)
   Compiling conduit-tutorial-plot v0.1.0 (/home/dancxjo/Documents/Codex/2026-10-06/goal-please-finish-and-close-5113/work/conduit/semantics/tutorial)
    Checking x25519-dalek v2.0.1
    Checking noise-rust-crypto v0.6.2
    Checking conduit-plan-lowering v0.1.0 (/home/dancxjo/Documents/Codex/2026-10-06/goal-please-finish-and-close-5113/work/conduit/architecture/plan-lowering)
    Checking patchbay-control v0.1.0 (/home/dancxjo/Documents/Codex/2026-10-06/goal-please-finish-and-close-5113/work/conduit/plots/patchbay)
    Checking patchbay-graph v0.1.0 (/home/dancxjo/Documents/Codex/2026-10-06/goal-please-finish-and-close-5113/work/conduit/plots/patchbay/graph)
    Checking conduit-tour-model v0.1.0 (/home/dancxjo/Documents/Codex/2026-10-06/goal-please-finish-and-close-5113/work/conduit/plots/tour)
    Checking patchbay-application v0.1.0 (/home/dancxjo/Documents/Codex/2026-10-06/goal-please-finish-and-close-5113/work/conduit/plots/patchbay/application)
    Checking conduit-composite v0.1.0 (/home/dancxjo/Documents/Codex/2026-10-06/goal-please-finish-and-close-5113/work/conduit/architecture/composite)
    Checking conduit-protected-line v0.1.0 (/home/dancxjo/Documents/Codex/2026-10-06/goal-please-finish-and-close-5113/work/conduit/architecture/protected-line)
    Checking conduit-birth-plot v0.1.0 (/home/dancxjo/Documents/Codex/2026-10-06/goal-please-finish-and-close-5113/work/conduit/plots/birth)
    Checking conduit-synth v0.1.0 (/home/dancxjo/Documents/Codex/2026-10-06/goal-please-finish-and-close-5113/work/conduit/mechanisms/implementations/synth)
    Checking conduit-observatory v0.1.0 (/home/dancxjo/Documents/Codex/2026-10-06/goal-please-finish-and-close-5113/work/conduit/architecture/observatory)
    Checking conduit-planner v0.1.0 (/home/dancxjo/Documents/Codex/2026-10-06/goal-please-finish-and-close-5113/work/conduit/architecture/planner)
    Checking conduit-conduitos-mask-offer v0.1.0 (/home/dancxjo/Documents/Codex/2026-10-06/goal-please-finish-and-close-5113/work/conduit/targets/conduitos/mask-offer)
warning: unused imports: `prepare_exact` and `propose_partitions`
  --> targets/conduitos/src/native_workset.rs:16:27
   |
16 | pub(crate) use planning::{prepare_exact, propose_partitions};
   |                           ^^^^^^^^^^^^^  ^^^^^^^^^^^^^^^^^^
   |
   = note: `#[warn(unused_imports)]` (part of `#[warn(unused)]`) on by default

warning: struct `ObservedModule` is never constructed
  --> targets/conduitos/src/boot/modules.rs:12:19
   |
12 | pub(crate) struct ObservedModule<'a> {
   |                   ^^^^^^^^^^^^^^
   |
   = note: `#[warn(dead_code)]` (part of `#[warn(unused)]`) on by default

warning: function `select_named` is never used
  --> targets/conduitos/src/boot/modules.rs:17:15
   |
17 | pub(crate) fn select_named<'a>(
   |               ^^^^^^^^^^^^

warning: function `prepare` is never used
  --> targets/conduitos/src/tour_two_host.rs:11:8
   |
11 | pub fn prepare(
   |        ^^^^^^^

warning: function `run` is never used
  --> targets/conduitos/src/tour_two_host.rs:19:8
   |
19 | pub fn run(
   |        ^^^

warning: fields `scheduler`, `endpoint`, and `cord` are never read
  --> targets/conduitos/src/tour_two_host_kernel.rs:48:5
   |
47 | pub struct SourceKernel {
   |            ------------ fields in this struct
48 |     scheduler: SourceScheduler,
   |     ^^^^^^^^^
49 |     endpoint: RemoteEndpointId,
   |     ^^^^^^^^
50 |     cord: conduit_kernel::CordId,
   |     ^^^^

warning: fields `scheduler`, `endpoint`, and `cord` are never read
  --> targets/conduitos/src/tour_two_host_kernel.rs:54:5
   |
53 | pub struct SinkKernel {
   |            ---------- fields in this struct
54 |     scheduler: SinkScheduler,
   |     ^^^^^^^^^
55 |     endpoint: RemoteEndpointId,
   |     ^^^^^^^^
56 |     cord: conduit_kernel::CordId,
   |     ^^^^

warning: methods `step`, `offer`, `accept`, `delivered`, `decisions`, and `signs` are never used
   --> targets/conduitos/src/tour_two_host_kernel.rs:114:12
    |
 59 | impl SourceKernel {
    | ----------------- methods in this implementation
...
114 |     pub fn step(&mut self) -> Result<SchedulerStatus, SchedulerError> {
    |            ^^^^
...
118 |     pub fn offer(&mut self) -> Result<Option<(u64, &[u8])>, SchedulerError> {
    |            ^^^^^
...
131 |     pub fn accept(&mut self, sequence: u64) -> Result<(), SchedulerError> {
    |            ^^^^^^
...
136 |     pub fn delivered(&mut self, sequence: u64) -> Result<(), SchedulerError> {
    |            ^^^^^^^^^
...
141 |     pub fn decisions(&self) -> u32 {
    |            ^^^^^^^^^
...
144 |     pub fn signs(&self) -> u16 {
    |            ^^^^^

warning: multiple methods are never used
   --> targets/conduitos/src/tour_two_host_kernel.rs:190:12
    |
149 | impl SinkKernel {
    | --------------- methods in this implementation
...
190 |     pub fn admit(
    |            ^^^^^
...
199 |     pub fn close(&mut self) -> Result<(), SchedulerError> {
    |            ^^^^^
...
203 |     pub fn step(&mut self) -> Result<SchedulerStatus, SchedulerError> {
    |            ^^^^
...
206 |     pub fn request(&mut self) -> Option<HostCallRequest> {
    |            ^^^^^^^
...
209 |     pub fn value(&self, request: HostCallRequest) -> Result<&[u8], SchedulerError> {
    |            ^^^^^
...
212 |     pub fn complete(&mut self, request: HostCallRequest) -> Result<(), SchedulerError> {
    |            ^^^^^^^^
...
223 |     pub fn decisions(&self) -> u32 {
    |            ^^^^^^^^^
...
226 |     pub fn signs(&self) -> u16 {
    |            ^^^^^

warning: fields `source` and `sink` are never read
  --> targets/conduitos/src/tour_two_host_plan.rs:31:16
   |
24 | pub struct PreparedTourTwoHostPlan {
   |            ----------------------- fields in this struct
...
31 |     pub(crate) source: crate::tour_two_host_kernel::SourceKernel,
   |                ^^^^^^
32 |     pub(crate) sink: crate::tour_two_host_kernel::SinkKernel,
   |                ^^^^

warning: constant `MAXIMUM_STEPS` is never used
  --> targets/conduitos/src/tour_two_host_play.rs:11:7
   |
11 | const MAXIMUM_STEPS: u32 = 32;
   |       ^^^^^^^^^^^^^

warning: function `run` is never used
  --> targets/conduitos/src/tour_two_host_play.rs:13:8
   |
13 | pub fn run(
   |        ^^^

warning: function `step_source` is never used
  --> targets/conduitos/src/tour_two_host_play.rs:96:4
   |
96 | fn step_source(
   |    ^^^^^^^^^^^

warning: function `step_sink` is never used
   --> targets/conduitos/src/tour_two_host_play.rs:107:4
    |
107 | fn step_sink(sink: &mut crate::tour_two_host_kernel::SinkKernel) -> Result<(), MachineRunError> {
    |    ^^^^^^^^^

warning: function `drain_source` is never used
   --> targets/conduitos/src/tour_two_host_play.rs:116:4
    |
116 | fn drain_source(
    |    ^^^^^^^^^^^^

warning: function `drain_sink` is never used
   --> targets/conduitos/src/tour_two_host_play.rs:129:4
    |
129 | fn drain_sink(sink: &mut crate::tour_two_host_kernel::SinkKernel) -> Result<(), MachineRunError> {
    |    ^^^^^^^^^^

warning: `conduitos` (lib) generated 16 warnings (run `cargo fix --lib -p conduitos` to apply 1 suggestion)
    Finished `dev` profile [unoptimized] target(s) in 44.35s
   Compiling proc-macro2 v1.0.107
   Compiling generic-array v0.14.7
    Checking typenum v1.20.1
    Checking cfg-if v1.0.5
   Compiling serde_core v1.0.229
   Compiling serde v1.0.229
   Compiling libm v0.2.16
   Compiling quote v1.0.47
   Compiling syn v3.0.6
   Compiling syn v2.0.119
    Checking crypto-common v0.1.7
    Checking block-buffer v0.10.4
    Checking digest v0.10.7
    Checking sha2 v0.10.9
    Checking subtle v2.6.1
   Compiling curve25519-dalek v4.1.3
   Compiling zmij v1.0.23
   Compiling thiserror v2.0.20
   Compiling serde_json v1.0.151
    Checking memchr v2.8.3
    Checking signature v2.2.0
    Checking itoa v1.0.18
    Checking ed25519 v2.2.3
    Checking minicbor v2.3.0
    Checking inout v0.1.4
    Checking universal-hash v0.5.1
    Checking opaque-debug v0.3.1
    Checking aead v0.5.2
    Checking poly1305 v0.8.0
   Compiling serde_derive v1.0.229
   Compiling thiserror-impl v2.0.20
    Checking arrayvec v0.7.8
    Checking noise-protocol v0.2.1
    Checking rand_core v0.6.4
    Checking bitflags v2.13.2
    Checking limine v0.5.0
   Compiling conduitos v0.1.0 (/home/dancxjo/Documents/Codex/2026-10-06/goal-please-finish-and-close-5113/work/conduit/targets/conduitos)
    Checking cobs v0.3.0
   Compiling zeroize_derive v1.5.0
   Compiling conduit-assigned-plan v0.1.0 (/home/dancxjo/Documents/Codex/2026-10-06/goal-please-finish-and-close-5113/work/conduit/architecture/assigned-plan)
    Checking conduit-core v0.1.0 (/home/dancxjo/Documents/Codex/2026-10-06/goal-please-finish-and-close-5113/work/conduit/architecture/core)
    Checking conduit-plot v0.1.0 (/home/dancxjo/Documents/Codex/2026-10-06/goal-please-finish-and-close-5113/work/conduit/architecture/plot)
    Checking zeroize v1.9.0
    Checking ed25519-dalek v2.2.0
    Checking postcard v1.1.3
    Checking conduit-body v0.1.0 (/home/dancxjo/Documents/Codex/2026-10-06/goal-please-finish-and-close-5113/work/conduit/architecture/body)
    Checking conduit-kernel v0.1.0 (/home/dancxjo/Documents/Codex/2026-10-06/goal-please-finish-and-close-5113/work/conduit/architecture/kernel)
    Checking cipher v0.4.4
    Checking chacha20 v0.9.1
    Checking chacha20poly1305 v0.10.1
    Checking noise-rust-crypto v0.6.2
    Checking conduit-plan-lowering v0.1.0 (/home/dancxjo/Documents/Codex/2026-10-06/goal-please-finish-and-close-5113/work/conduit/architecture/plan-lowering)
    Checking x25519-dalek v2.0.1
    Checking patchbay-control v0.1.0 (/home/dancxjo/Documents/Codex/2026-10-06/goal-please-finish-and-close-5113/work/conduit/plots/patchbay)
    Checking conduit-protected-line v0.1.0 (/home/dancxjo/Documents/Codex/2026-10-06/goal-please-finish-and-close-5113/work/conduit/architecture/protected-line)
    Checking conduit-composite v0.1.0 (/home/dancxjo/Documents/Codex/2026-10-06/goal-please-finish-and-close-5113/work/conduit/architecture/composite)
    Checking conduit-observatory v0.1.0 (/home/dancxjo/Documents/Codex/2026-10-06/goal-please-finish-and-close-5113/work/conduit/architecture/observatory)
   Compiling conduit-time v0.1.0 (/home/dancxjo/Documents/Codex/2026-10-06/goal-please-finish-and-close-5113/work/conduit/semantics/time)
   Compiling conduit-human v0.1.0 (/home/dancxjo/Documents/Codex/2026-10-06/goal-please-finish-and-close-5113/work/conduit/semantics/human)
   Compiling conduit-audio v0.1.0 (/home/dancxjo/Documents/Codex/2026-10-06/goal-please-finish-and-close-5113/work/conduit/semantics/audio)
   Compiling conduit-data v0.1.0 (/home/dancxjo/Documents/Codex/2026-10-06/goal-please-finish-and-close-5113/work/conduit/semantics/data)
   Compiling conduit-presentation v0.1.0 (/home/dancxjo/Documents/Codex/2026-10-06/goal-please-finish-and-close-5113/work/conduit/semantics/presentation)
   Compiling conduit-web v0.1.0 (/home/dancxjo/Documents/Codex/2026-10-06/goal-please-finish-and-close-5113/work/conduit/semantics/web)
   Compiling conduit-alife v0.1.0 (/home/dancxjo/Documents/Codex/2026-10-06/goal-please-finish-and-close-5113/work/conduit/semantics/alife)
   Compiling conduit-purpose v0.1.0 (/home/dancxjo/Documents/Codex/2026-10-06/goal-please-finish-and-close-5113/work/conduit/semantics/purpose)
   Compiling conduit-education v0.1.0 (/home/dancxjo/Documents/Codex/2026-10-06/goal-please-finish-and-close-5113/work/conduit/semantics/education)
   Compiling conduit-process v0.1.0 (/home/dancxjo/Documents/Codex/2026-10-06/goal-please-finish-and-close-5113/work/conduit/semantics/process)
   Compiling conduit-net v0.1.0 (/home/dancxjo/Documents/Codex/2026-10-06/goal-please-finish-and-close-5113/work/conduit/semantics/net)
   Compiling conduit-robotics v0.1.0 (/home/dancxjo/Documents/Codex/2026-10-06/goal-please-finish-and-close-5113/work/conduit/semantics/robotics)
   Compiling conduit-text v0.1.0 (/home/dancxjo/Documents/Codex/2026-10-06/goal-please-finish-and-close-5113/work/conduit/semantics/text)
    Checking conduit-midi v0.1.0 (/home/dancxjo/Documents/Codex/2026-10-06/goal-please-finish-and-close-5113/work/conduit/mechanisms/protocols/midi)
   Compiling conduit-language v0.1.0 (/home/dancxjo/Documents/Codex/2026-10-06/goal-please-finish-and-close-5113/work/conduit/semantics/language)
   Compiling conduit-ai v0.1.0 (/home/dancxjo/Documents/Codex/2026-10-06/goal-please-finish-and-close-5113/work/conduit/semantics/ai)
    Checking conduit-semantic-catalog v0.1.0 (/home/dancxjo/Documents/Codex/2026-10-06/goal-please-finish-and-close-5113/work/conduit/semantics/catalog)
   Compiling conduit-tutorial-plot v0.1.0 (/home/dancxjo/Documents/Codex/2026-10-06/goal-please-finish-and-close-5113/work/conduit/semantics/tutorial)
   Compiling conduit-wire v0.1.0 (/home/dancxjo/Documents/Codex/2026-10-06/goal-please-finish-and-close-5113/work/conduit/architecture/wire)
   Compiling conduit-home-model v0.1.0 (/home/dancxjo/Documents/Codex/2026-10-06/goal-please-finish-and-close-5113/work/conduit/semantics/home)
    Checking patchbay-graph v0.1.0 (/home/dancxjo/Documents/Codex/2026-10-06/goal-please-finish-and-close-5113/work/conduit/plots/patchbay/graph)
    Checking patchbay-application v0.1.0 (/home/dancxjo/Documents/Codex/2026-10-06/goal-please-finish-and-close-5113/work/conduit/plots/patchbay/application)
    Checking conduit-tour-model v0.1.0 (/home/dancxjo/Documents/Codex/2026-10-06/goal-please-finish-and-close-5113/work/conduit/plots/tour)
    Checking conduit-birth-plot v0.1.0 (/home/dancxjo/Documents/Codex/2026-10-06/goal-please-finish-and-close-5113/work/conduit/plots/birth)
    Checking conduit-synth v0.1.0 (/home/dancxjo/Documents/Codex/2026-10-06/goal-please-finish-and-close-5113/work/conduit/mechanisms/implementations/synth)
    Checking conduit-planner v0.1.0 (/home/dancxjo/Documents/Codex/2026-10-06/goal-please-finish-and-close-5113/work/conduit/architecture/planner)
    Checking conduit-conduitos-mask-offer v0.1.0 (/home/dancxjo/Documents/Codex/2026-10-06/goal-please-finish-and-close-5113/work/conduit/targets/conduitos/mask-offer)
warning: unused imports: `prepare_exact` and `propose_partitions`
  --> targets/conduitos/src/native_workset.rs:16:27
   |
16 | pub(crate) use planning::{prepare_exact, propose_partitions};
   |                           ^^^^^^^^^^^^^  ^^^^^^^^^^^^^^^^^^
   |
   = note: `#[warn(unused_imports)]` (part of `#[warn(unused)]`) on by default

warning: static `ACTIVE` is never used
 --> targets/conduitos/src/arch/riscv64/domain_budget.rs:9:8
  |
9 | static ACTIVE: AtomicBool = AtomicBool::new(false);
  |        ^^^^^^
  |
  = note: `#[warn(dead_code)]` (part of `#[warn(unused)]`) on by default

warning: static `READY` is never used
  --> targets/conduitos/src/arch/riscv64/domain_budget.rs:10:8
   |
10 | static READY: AtomicBool = AtomicBool::new(false);
   |        ^^^^^

warning: struct `Budget` is never constructed
  --> targets/conduitos/src/arch/riscv64/domain_budget.rs:17:19
   |
17 | pub(super) struct Budget;
   |                   ^^^^^^

warning: associated function `arm` is never used
  --> targets/conduitos/src/arch/riscv64/domain_budget.rs:20:12
   |
18 | impl Budget {
   | ----------- associated function in this implementation
19 |     /// Caller holds supervisor interrupts masked; Root's vector is installed.
20 |     pub fn arm() -> Result<Self, DomainRefusal> {
   |            ^^^

warning: function `user_interrupts` is never used
   --> targets/conduitos/src/arch/riscv64/domain_budget.rs:126:15
    |
126 | pub(super) fn user_interrupts() -> (u32, u32) {
    |               ^^^^^^^^^^^^^^^

warning: function `interrupt_entries` is never used
   --> targets/conduitos/src/arch/riscv64/domain_budget.rs:132:15
    |
132 | pub(super) fn interrupt_entries() -> u32 {
    |               ^^^^^^^^^^^^^^^^^

warning: function `prepare` is never used
  --> targets/conduitos/src/tour_two_host.rs:11:8
   |
11 | pub fn prepare(
   |        ^^^^^^^

warning: function `run` is never used
  --> targets/conduitos/src/tour_two_host.rs:19:8
   |
19 | pub fn run(
   |        ^^^

warning: fields `scheduler`, `endpoint`, and `cord` are never read
  --> targets/conduitos/src/tour_two_host_kernel.rs:48:5
   |
47 | pub struct SourceKernel {
   |            ------------ fields in this struct
48 |     scheduler: SourceScheduler,
   |     ^^^^^^^^^
49 |     endpoint: RemoteEndpointId,
   |     ^^^^^^^^
50 |     cord: conduit_kernel::CordId,
   |     ^^^^

warning: fields `scheduler`, `endpoint`, and `cord` are never read
  --> targets/conduitos/src/tour_two_host_kernel.rs:54:5
   |
53 | pub struct SinkKernel {
   |            ---------- fields in this struct
54 |     scheduler: SinkScheduler,
   |     ^^^^^^^^^
55 |     endpoint: RemoteEndpointId,
   |     ^^^^^^^^
56 |     cord: conduit_kernel::CordId,
   |     ^^^^

warning: methods `step`, `offer`, `accept`, `delivered`, `decisions`, and `signs` are never used
   --> targets/conduitos/src/tour_two_host_kernel.rs:114:12
    |
 59 | impl SourceKernel {
    | ----------------- methods in this implementation
...
114 |     pub fn step(&mut self) -> Result<SchedulerStatus, SchedulerError> {
    |            ^^^^
...
118 |     pub fn offer(&mut self) -> Result<Option<(u64, &[u8])>, SchedulerError> {
    |            ^^^^^
...
131 |     pub fn accept(&mut self, sequence: u64) -> Result<(), SchedulerError> {
    |            ^^^^^^
...
136 |     pub fn delivered(&mut self, sequence: u64) -> Result<(), SchedulerError> {
    |            ^^^^^^^^^
...
141 |     pub fn decisions(&self) -> u32 {
    |            ^^^^^^^^^
...
144 |     pub fn signs(&self) -> u16 {
    |            ^^^^^

warning: multiple methods are never used
   --> targets/conduitos/src/tour_two_host_kernel.rs:190:12
    |
149 | impl SinkKernel {
    | --------------- methods in this implementation
...
190 |     pub fn admit(
    |            ^^^^^
...
199 |     pub fn close(&mut self) -> Result<(), SchedulerError> {
    |            ^^^^^
...
203 |     pub fn step(&mut self) -> Result<SchedulerStatus, SchedulerError> {
    |            ^^^^
...
206 |     pub fn request(&mut self) -> Option<HostCallRequest> {
    |            ^^^^^^^
...
209 |     pub fn value(&self, request: HostCallRequest) -> Result<&[u8], SchedulerError> {
    |            ^^^^^
...
212 |     pub fn complete(&mut self, request: HostCallRequest) -> Result<(), SchedulerError> {
    |            ^^^^^^^^
...
223 |     pub fn decisions(&self) -> u32 {
    |            ^^^^^^^^^
...
226 |     pub fn signs(&self) -> u16 {
    |            ^^^^^

warning: fields `source` and `sink` are never read
  --> targets/conduitos/src/tour_two_host_plan.rs:31:16
   |
24 | pub struct PreparedTourTwoHostPlan {
   |            ----------------------- fields in this struct
...
31 |     pub(crate) source: crate::tour_two_host_kernel::SourceKernel,
   |                ^^^^^^
32 |     pub(crate) sink: crate::tour_two_host_kernel::SinkKernel,
   |                ^^^^

warning: constant `MAXIMUM_STEPS` is never used
  --> targets/conduitos/src/tour_two_host_play.rs:11:7
   |
11 | const MAXIMUM_STEPS: u32 = 32;
   |       ^^^^^^^^^^^^^

warning: function `run` is never used
  --> targets/conduitos/src/tour_two_host_play.rs:13:8
   |
13 | pub fn run(
   |        ^^^

warning: function `step_source` is never used
  --> targets/conduitos/src/tour_two_host_play.rs:96:4
   |
96 | fn step_source(
   |    ^^^^^^^^^^^

warning: function `step_sink` is never used
   --> targets/conduitos/src/tour_two_host_play.rs:107:4
    |
107 | fn step_sink(sink: &mut crate::tour_two_host_kernel::SinkKernel) -> Result<(), MachineRunError> {
    |    ^^^^^^^^^

warning: function `drain_source` is never used
   --> targets/conduitos/src/tour_two_host_play.rs:116:4
    |
116 | fn drain_source(
    |    ^^^^^^^^^^^^

warning: function `drain_sink` is never used
   --> targets/conduitos/src/tour_two_host_play.rs:129:4
    |
129 | fn drain_sink(sink: &mut crate::tour_two_host_kernel::SinkKernel) -> Result<(), MachineRunError> {
    |    ^^^^^^^^^^

warning: `conduitos` (lib) generated 20 warnings (run `cargo fix --lib -p conduitos` to apply 1 suggestion)
    Finished `dev` profile [unoptimized] target(s) in 55.19s
   Compiling generic-array v0.14.7
    Checking typenum v1.20.1
    Checking cfg-if v1.0.5
   Compiling serde_core v1.0.229
   Compiling serde v1.0.229
   Compiling libm v0.2.16
    Checking zeroize v1.9.0
    Checking subtle v2.6.1
   Compiling conduit-time v0.1.0 (/home/dancxjo/Documents/Codex/2026-10-06/goal-please-finish-and-close-5113/work/conduit/semantics/time)
   Compiling curve25519-dalek v4.1.3
    Checking crypto-common v0.1.7
    Checking block-buffer v0.10.4
   Compiling thiserror v2.0.20
   Compiling zmij v1.0.23
   Compiling serde_json v1.0.151
    Checking digest v0.10.7
    Checking itoa v1.0.18
    Checking memchr v2.8.3
    Checking sha2 v0.10.9
    Checking signature v2.2.0
    Checking ed25519 v2.2.3
    Checking cobs v0.3.0
   Compiling conduit-human v0.1.0 (/home/dancxjo/Documents/Codex/2026-10-06/goal-please-finish-and-close-5113/work/conduit/semantics/human)
    Checking minicbor v2.3.0
    Checking ed25519-dalek v2.2.0
   Compiling conduit-presentation v0.1.0 (/home/dancxjo/Documents/Codex/2026-10-06/goal-please-finish-and-close-5113/work/conduit/semantics/presentation)
   Compiling conduit-data v0.1.0 (/home/dancxjo/Documents/Codex/2026-10-06/goal-please-finish-and-close-5113/work/conduit/semantics/data)
    Checking conduit-assigned-plan v0.1.0 (/home/dancxjo/Documents/Codex/2026-10-06/goal-please-finish-and-close-5113/work/conduit/architecture/assigned-plan)
    Checking conduit-core v0.1.0 (/home/dancxjo/Documents/Codex/2026-10-06/goal-please-finish-and-close-5113/work/conduit/architecture/core)
    Checking postcard v1.1.3
   Compiling conduit-audio v0.1.0 (/home/dancxjo/Documents/Codex/2026-10-06/goal-please-finish-and-close-5113/work/conduit/semantics/audio)
    Checking conduit-kernel v0.1.0 (/home/dancxjo/Documents/Codex/2026-10-06/goal-please-finish-and-close-5113/work/conduit/architecture/kernel)
   Compiling conduit-process v0.1.0 (/home/dancxjo/Documents/Codex/2026-10-06/goal-please-finish-and-close-5113/work/conduit/semantics/process)
   Compiling conduit-purpose v0.1.0 (/home/dancxjo/Documents/Codex/2026-10-06/goal-please-finish-and-close-5113/work/conduit/semantics/purpose)
   Compiling conduit-alife v0.1.0 (/home/dancxjo/Documents/Codex/2026-10-06/goal-please-finish-and-close-5113/work/conduit/semantics/alife)
   Compiling conduit-robotics v0.1.0 (/home/dancxjo/Documents/Codex/2026-10-06/goal-please-finish-and-close-5113/work/conduit/semantics/robotics)
   Compiling conduit-web v0.1.0 (/home/dancxjo/Documents/Codex/2026-10-06/goal-please-finish-and-close-5113/work/conduit/semantics/web)
   Compiling conduit-text v0.1.0 (/home/dancxjo/Documents/Codex/2026-10-06/goal-please-finish-and-close-5113/work/conduit/semantics/text)
   Compiling conduit-net v0.1.0 (/home/dancxjo/Documents/Codex/2026-10-06/goal-please-finish-and-close-5113/work/conduit/semantics/net)
   Compiling conduit-education v0.1.0 (/home/dancxjo/Documents/Codex/2026-10-06/goal-please-finish-and-close-5113/work/conduit/semantics/education)
    Checking inout v0.1.4
    Checking universal-hash v0.5.1
    Checking cipher v0.4.4
    Checking opaque-debug v0.3.1
    Checking poly1305 v0.8.0
    Checking chacha20 v0.9.1
   Compiling conduit-language v0.1.0 (/home/dancxjo/Documents/Codex/2026-10-06/goal-please-finish-and-close-5113/work/conduit/semantics/language)
    Checking aead v0.5.2
    Checking arrayvec v0.7.8
    Checking noise-protocol v0.2.1
    Checking chacha20poly1305 v0.10.1
   Compiling conduit-ai v0.1.0 (/home/dancxjo/Documents/Codex/2026-10-06/goal-please-finish-and-close-5113/work/conduit/semantics/ai)
    Checking rand_core v0.6.4
    Checking x25519-dalek v2.0.1
   Compiling conduit-home-model v0.1.0 (/home/dancxjo/Documents/Codex/2026-10-06/goal-please-finish-and-close-5113/work/conduit/semantics/home)
   Compiling conduit-wire v0.1.0 (/home/dancxjo/Documents/Codex/2026-10-06/goal-please-finish-and-close-5113/work/conduit/architecture/wire)
   Compiling conduit-tutorial-plot v0.1.0 (/home/dancxjo/Documents/Codex/2026-10-06/goal-please-finish-and-close-5113/work/conduit/semantics/tutorial)
    Checking noise-rust-crypto v0.6.2
    Checking patchbay-control v0.1.0 (/home/dancxjo/Documents/Codex/2026-10-06/goal-please-finish-and-close-5113/work/conduit/plots/patchbay)
    Checking bitflags v2.13.2
    Checking limine v0.5.0
   Compiling conduitos v0.1.0 (/home/dancxjo/Documents/Codex/2026-10-06/goal-please-finish-and-close-5113/work/conduit/targets/conduitos)
    Checking conduit-protected-line v0.1.0 (/home/dancxjo/Documents/Codex/2026-10-06/goal-please-finish-and-close-5113/work/conduit/architecture/protected-line)
    Checking conduit-plot v0.1.0 (/home/dancxjo/Documents/Codex/2026-10-06/goal-please-finish-and-close-5113/work/conduit/architecture/plot)
    Checking conduit-body v0.1.0 (/home/dancxjo/Documents/Codex/2026-10-06/goal-please-finish-and-close-5113/work/conduit/architecture/body)
    Checking conduit-midi v0.1.0 (/home/dancxjo/Documents/Codex/2026-10-06/goal-please-finish-and-close-5113/work/conduit/mechanisms/protocols/midi)
    Checking conduit-semantic-catalog v0.1.0 (/home/dancxjo/Documents/Codex/2026-10-06/goal-please-finish-and-close-5113/work/conduit/semantics/catalog)
    Checking patchbay-graph v0.1.0 (/home/dancxjo/Documents/Codex/2026-10-06/goal-please-finish-and-close-5113/work/conduit/plots/patchbay/graph)
    Checking conduit-planner v0.1.0 (/home/dancxjo/Documents/Codex/2026-10-06/goal-please-finish-and-close-5113/work/conduit/architecture/planner)
    Checking conduit-plan-lowering v0.1.0 (/home/dancxjo/Documents/Codex/2026-10-06/goal-please-finish-and-close-5113/work/conduit/architecture/plan-lowering)
    Checking conduit-composite v0.1.0 (/home/dancxjo/Documents/Codex/2026-10-06/goal-please-finish-and-close-5113/work/conduit/architecture/composite)
    Checking conduit-conduitos-mask-offer v0.1.0 (/home/dancxjo/Documents/Codex/2026-10-06/goal-please-finish-and-close-5113/work/conduit/targets/conduitos/mask-offer)
    Checking patchbay-application v0.1.0 (/home/dancxjo/Documents/Codex/2026-10-06/goal-please-finish-and-close-5113/work/conduit/plots/patchbay/application)
    Checking conduit-tour-model v0.1.0 (/home/dancxjo/Documents/Codex/2026-10-06/goal-please-finish-and-close-5113/work/conduit/plots/tour)
    Checking conduit-birth-plot v0.1.0 (/home/dancxjo/Documents/Codex/2026-10-06/goal-please-finish-and-close-5113/work/conduit/plots/birth)
    Checking conduit-synth v0.1.0 (/home/dancxjo/Documents/Codex/2026-10-06/goal-please-finish-and-close-5113/work/conduit/mechanisms/implementations/synth)
    Checking conduit-observatory v0.1.0 (/home/dancxjo/Documents/Codex/2026-10-06/goal-please-finish-and-close-5113/work/conduit/architecture/observatory)
warning: unused imports: `prepare_exact` and `propose_partitions`
  --> targets/conduitos/src/native_workset.rs:16:27
   |
16 | pub(crate) use planning::{prepare_exact, propose_partitions};
   |                           ^^^^^^^^^^^^^  ^^^^^^^^^^^^^^^^^^
   |
   = note: `#[warn(unused_imports)]` (part of `#[warn(unused)]`) on by default

warning: static `ACTIVE` is never used
 --> targets/conduitos/src/arch/loongarch64/domain_budget.rs:9:8
  |
9 | static ACTIVE: AtomicBool = AtomicBool::new(false);
  |        ^^^^^^
  |
  = note: `#[warn(dead_code)]` (part of `#[warn(unused)]`) on by default

warning: static `READY` is never used
  --> targets/conduitos/src/arch/loongarch64/domain_budget.rs:10:8
   |
10 | static READY: AtomicBool = AtomicBool::new(false);
   |        ^^^^^

warning: struct `Budget` is never constructed
  --> targets/conduitos/src/arch/loongarch64/domain_budget.rs:17:19
   |
17 | pub(super) struct Budget;
   |                   ^^^^^^

warning: associated function `arm` is never used
  --> targets/conduitos/src/arch/loongarch64/domain_budget.rs:20:12
   |
18 | impl Budget {
   | ----------- associated function in this implementation
19 |     /// Caller holds Root interrupts masked; Root's vector is installed.
20 |     pub fn arm() -> Result<Self, DomainRefusal> {
   |            ^^^

warning: function `user_interrupts` is never used
   --> targets/conduitos/src/arch/loongarch64/domain_budget.rs:126:15
    |
126 | pub(super) fn user_interrupts() -> (u32, u32) {
    |               ^^^^^^^^^^^^^^^

warning: function `interrupt_entries` is never used
   --> targets/conduitos/src/arch/loongarch64/domain_budget.rs:132:15
    |
132 | pub(super) fn interrupt_entries() -> u32 {
    |               ^^^^^^^^^^^^^^^^^

warning: function `prepare` is never used
  --> targets/conduitos/src/tour_two_host.rs:11:8
   |
11 | pub fn prepare(
   |        ^^^^^^^

warning: function `run` is never used
  --> targets/conduitos/src/tour_two_host.rs:19:8
   |
19 | pub fn run(
   |        ^^^

warning: fields `scheduler`, `endpoint`, and `cord` are never read
  --> targets/conduitos/src/tour_two_host_kernel.rs:48:5
   |
47 | pub struct SourceKernel {
   |            ------------ fields in this struct
48 |     scheduler: SourceScheduler,
   |     ^^^^^^^^^
49 |     endpoint: RemoteEndpointId,
   |     ^^^^^^^^
50 |     cord: conduit_kernel::CordId,
   |     ^^^^

warning: fields `scheduler`, `endpoint`, and `cord` are never read
  --> targets/conduitos/src/tour_two_host_kernel.rs:54:5
   |
53 | pub struct SinkKernel {
   |            ---------- fields in this struct
54 |     scheduler: SinkScheduler,
   |     ^^^^^^^^^
55 |     endpoint: RemoteEndpointId,
   |     ^^^^^^^^
56 |     cord: conduit_kernel::CordId,
   |     ^^^^

warning: methods `step`, `offer`, `accept`, `delivered`, `decisions`, and `signs` are never used
   --> targets/conduitos/src/tour_two_host_kernel.rs:114:12
    |
 59 | impl SourceKernel {
    | ----------------- methods in this implementation
...
114 |     pub fn step(&mut self) -> Result<SchedulerStatus, SchedulerError> {
    |            ^^^^
...
118 |     pub fn offer(&mut self) -> Result<Option<(u64, &[u8])>, SchedulerError> {
    |            ^^^^^
...
131 |     pub fn accept(&mut self, sequence: u64) -> Result<(), SchedulerError> {
    |            ^^^^^^
...
136 |     pub fn delivered(&mut self, sequence: u64) -> Result<(), SchedulerError> {
    |            ^^^^^^^^^
...
141 |     pub fn decisions(&self) -> u32 {
    |            ^^^^^^^^^
...
144 |     pub fn signs(&self) -> u16 {
    |            ^^^^^

warning: multiple methods are never used
   --> targets/conduitos/src/tour_two_host_kernel.rs:190:12
    |
149 | impl SinkKernel {
    | --------------- methods in this implementation
...
190 |     pub fn admit(
    |            ^^^^^
...
199 |     pub fn close(&mut self) -> Result<(), SchedulerError> {
    |            ^^^^^
...
203 |     pub fn step(&mut self) -> Result<SchedulerStatus, SchedulerError> {
    |            ^^^^
...
206 |     pub fn request(&mut self) -> Option<HostCallRequest> {
    |            ^^^^^^^
...
209 |     pub fn value(&self, request: HostCallRequest) -> Result<&[u8], SchedulerError> {
    |            ^^^^^
...
212 |     pub fn complete(&mut self, request: HostCallRequest) -> Result<(), SchedulerError> {
    |            ^^^^^^^^
...
223 |     pub fn decisions(&self) -> u32 {
    |            ^^^^^^^^^
...
226 |     pub fn signs(&self) -> u16 {
    |            ^^^^^

warning: fields `source` and `sink` are never read
  --> targets/conduitos/src/tour_two_host_plan.rs:31:16
   |
24 | pub struct PreparedTourTwoHostPlan {
   |            ----------------------- fields in this struct
...
31 |     pub(crate) source: crate::tour_two_host_kernel::SourceKernel,
   |                ^^^^^^
32 |     pub(crate) sink: crate::tour_two_host_kernel::SinkKernel,
   |                ^^^^

warning: constant `MAXIMUM_STEPS` is never used
  --> targets/conduitos/src/tour_two_host_play.rs:11:7
   |
11 | const MAXIMUM_STEPS: u32 = 32;
   |       ^^^^^^^^^^^^^

warning: function `run` is never used
  --> targets/conduitos/src/tour_two_host_play.rs:13:8
   |
13 | pub fn run(
   |        ^^^

warning: function `step_source` is never used
  --> targets/conduitos/src/tour_two_host_play.rs:96:4
   |
96 | fn step_source(
   |    ^^^^^^^^^^^

warning: function `step_sink` is never used
   --> targets/conduitos/src/tour_two_host_play.rs:107:4
    |
107 | fn step_sink(sink: &mut crate::tour_two_host_kernel::SinkKernel) -> Result<(), MachineRunError> {
    |    ^^^^^^^^^

warning: function `drain_source` is never used
   --> targets/conduitos/src/tour_two_host_play.rs:116:4
    |
116 | fn drain_source(
    |    ^^^^^^^^^^^^

warning: function `drain_sink` is never used
   --> targets/conduitos/src/tour_two_host_play.rs:129:4
    |
129 | fn drain_sink(sink: &mut crate::tour_two_host_kernel::SinkKernel) -> Result<(), MachineRunError> {
    |    ^^^^^^^^^^

warning: `conduitos` (lib) generated 20 warnings (run `cargo fix --lib -p conduitos` to apply 1 suggestion)
    Finished `dev` profile [unoptimized] target(s) in 44.13s
   Compiling conduit-language v0.1.0 (/home/dancxjo/Documents/Codex/2026-10-06/goal-please-finish-and-close-5113/work/conduit/semantics/language)
   Compiling conduitos v0.1.0 (/home/dancxjo/Documents/Codex/2026-10-06/goal-please-finish-and-close-5113/work/conduit/targets/conduitos)
   Compiling conduit-birth-plot v0.1.0 (/home/dancxjo/Documents/Codex/2026-10-06/goal-please-finish-and-close-5113/work/conduit/plots/birth)
   Compiling conduit-planner v0.1.0 (/home/dancxjo/Documents/Codex/2026-10-06/goal-please-finish-and-close-5113/work/conduit/architecture/planner)
   Compiling conduit-conduitos-mask-offer v0.1.0 (/home/dancxjo/Documents/Codex/2026-10-06/goal-please-finish-and-close-5113/work/conduit/targets/conduitos/mask-offer)
    Finished `release` profile [optimized] target(s) in 53.19s
ConduitOS ELF: /home/dancxjo/Documents/Codex/2026-10-06/goal-please-finish-and-close-5113/work/conduit/target/conduitos/x86_64/conduitos
ConduitOS image: /home/dancxjo/Documents/Codex/2026-10-06/goal-please-finish-and-close-5113/work/conduit/target/conduitos/x86_64/conduitos.iso
    Checking serde v1.0.229
    Checking zeroize v1.9.0
   Compiling conduit-time v0.1.0 (/home/dancxjo/Documents/Codex/2026-10-06/goal-please-finish-and-close-5113/work/conduit/semantics/time)
    Checking thiserror v2.0.20
    Checking cobs v0.3.0
    Checking curve25519-dalek v4.1.3
   Compiling conduit-human v0.1.0 (/home/dancxjo/Documents/Codex/2026-10-06/goal-please-finish-and-close-5113/work/conduit/semantics/human)
    Checking conduit-assigned-plan v0.1.0 (/home/dancxjo/Documents/Codex/2026-10-06/goal-please-finish-and-close-5113/work/conduit/architecture/assigned-plan)
    Checking ed25519-dalek v2.2.0
    Checking postcard v1.1.3
    Checking conduit-core v0.1.0 (/home/dancxjo/Documents/Codex/2026-10-06/goal-please-finish-and-close-5113/work/conduit/architecture/core)
   Compiling conduit-presentation v0.1.0 (/home/dancxjo/Documents/Codex/2026-10-06/goal-please-finish-and-close-5113/work/conduit/semantics/presentation)
   Compiling conduit-data v0.1.0 (/home/dancxjo/Documents/Codex/2026-10-06/goal-please-finish-and-close-5113/work/conduit/semantics/data)
   Compiling conduit-audio v0.1.0 (/home/dancxjo/Documents/Codex/2026-10-06/goal-please-finish-and-close-5113/work/conduit/semantics/audio)
    Checking conduit-kernel v0.1.0 (/home/dancxjo/Documents/Codex/2026-10-06/goal-please-finish-and-close-5113/work/conduit/architecture/kernel)
   Compiling conduit-process v0.1.0 (/home/dancxjo/Documents/Codex/2026-10-06/goal-please-finish-and-close-5113/work/conduit/semantics/process)
   Compiling conduit-robotics v0.1.0 (/home/dancxjo/Documents/Codex/2026-10-06/goal-please-finish-and-close-5113/work/conduit/semantics/robotics)
   Compiling conduit-alife v0.1.0 (/home/dancxjo/Documents/Codex/2026-10-06/goal-please-finish-and-close-5113/work/conduit/semantics/alife)
   Compiling conduit-net v0.1.0 (/home/dancxjo/Documents/Codex/2026-10-06/goal-please-finish-and-close-5113/work/conduit/semantics/net)
   Compiling conduit-purpose v0.1.0 (/home/dancxjo/Documents/Codex/2026-10-06/goal-please-finish-and-close-5113/work/conduit/semantics/purpose)
   Compiling conduit-web v0.1.0 (/home/dancxjo/Documents/Codex/2026-10-06/goal-please-finish-and-close-5113/work/conduit/semantics/web)
   Compiling conduit-text v0.1.0 (/home/dancxjo/Documents/Codex/2026-10-06/goal-please-finish-and-close-5113/work/conduit/semantics/text)
   Compiling conduit-education v0.1.0 (/home/dancxjo/Documents/Codex/2026-10-06/goal-please-finish-and-close-5113/work/conduit/semantics/education)
    Checking cipher v0.4.4
   Compiling conduit-language v0.1.0 (/home/dancxjo/Documents/Codex/2026-10-06/goal-please-finish-and-close-5113/work/conduit/semantics/language)
    Checking chacha20 v0.9.1
    Checking chacha20poly1305 v0.10.1
   Compiling conduit-ai v0.1.0 (/home/dancxjo/Documents/Codex/2026-10-06/goal-please-finish-and-close-5113/work/conduit/semantics/ai)
    Checking x25519-dalek v2.0.1
   Compiling conduit-tutorial-plot v0.1.0 (/home/dancxjo/Documents/Codex/2026-10-06/goal-please-finish-and-close-5113/work/conduit/semantics/tutorial)
   Compiling conduit-home-model v0.1.0 (/home/dancxjo/Documents/Codex/2026-10-06/goal-please-finish-and-close-5113/work/conduit/semantics/home)
   Compiling conduit-wire v0.1.0 (/home/dancxjo/Documents/Codex/2026-10-06/goal-please-finish-and-close-5113/work/conduit/architecture/wire)
    Checking noise-rust-crypto v0.6.2
    Checking patchbay-control v0.1.0 (/home/dancxjo/Documents/Codex/2026-10-06/goal-please-finish-and-close-5113/work/conduit/plots/patchbay)
    Checking conduit-protected-line v0.1.0 (/home/dancxjo/Documents/Codex/2026-10-06/goal-please-finish-and-close-5113/work/conduit/architecture/protected-line)
    Checking conduit-plot v0.1.0 (/home/dancxjo/Documents/Codex/2026-10-06/goal-please-finish-and-close-5113/work/conduit/architecture/plot)
    Checking conduit-body v0.1.0 (/home/dancxjo/Documents/Codex/2026-10-06/goal-please-finish-and-close-5113/work/conduit/architecture/body)
    Checking conduit-plan-lowering v0.1.0 (/home/dancxjo/Documents/Codex/2026-10-06/goal-please-finish-and-close-5113/work/conduit/architecture/plan-lowering)
    Checking conduit-observatory v0.1.0 (/home/dancxjo/Documents/Codex/2026-10-06/goal-please-finish-and-close-5113/work/conduit/architecture/observatory)
    Checking conduit-composite v0.1.0 (/home/dancxjo/Documents/Codex/2026-10-06/goal-please-finish-and-close-5113/work/conduit/architecture/composite)
    Checking conduit-midi v0.1.0 (/home/dancxjo/Documents/Codex/2026-10-06/goal-please-finish-and-close-5113/work/conduit/mechanisms/protocols/midi)
    Checking conduit-synth v0.1.0 (/home/dancxjo/Documents/Codex/2026-10-06/goal-please-finish-and-close-5113/work/conduit/mechanisms/implementations/synth)
    Checking conduit-semantic-catalog v0.1.0 (/home/dancxjo/Documents/Codex/2026-10-06/goal-please-finish-and-close-5113/work/conduit/semantics/catalog)
    Checking conduit-birth-plot v0.1.0 (/home/dancxjo/Documents/Codex/2026-10-06/goal-please-finish-and-close-5113/work/conduit/plots/birth)
    Checking patchbay-graph v0.1.0 (/home/dancxjo/Documents/Codex/2026-10-06/goal-please-finish-and-close-5113/work/conduit/plots/patchbay/graph)
    Checking conduit-tour-model v0.1.0 (/home/dancxjo/Documents/Codex/2026-10-06/goal-please-finish-and-close-5113/work/conduit/plots/tour)
    Checking patchbay-application v0.1.0 (/home/dancxjo/Documents/Codex/2026-10-06/goal-please-finish-and-close-5113/work/conduit/plots/patchbay/application)
    Checking conduit-planner v0.1.0 (/home/dancxjo/Documents/Codex/2026-10-06/goal-please-finish-and-close-5113/work/conduit/architecture/planner)
    Checking conduit-conduitos-mask-offer v0.1.0 (/home/dancxjo/Documents/Codex/2026-10-06/goal-please-finish-and-close-5113/work/conduit/targets/conduitos/mask-offer)
    Checking conduitos v0.1.0 (/home/dancxjo/Documents/Codex/2026-10-06/goal-please-finish-and-close-5113/work/conduit/targets/conduitos)
warning: unused imports: `prepare_exact` and `propose_partitions`
  --> targets/conduitos/src/native_workset.rs:16:27
   |
16 | pub(crate) use planning::{prepare_exact, propose_partitions};
   |                           ^^^^^^^^^^^^^  ^^^^^^^^^^^^^^^^^^
   |
   = note: `#[warn(unused_imports)]` (part of `#[warn(unused)]`) on by default

warning: struct `ObservedModule` is never constructed
  --> targets/conduitos/src/boot/modules.rs:12:19
   |
12 | pub(crate) struct ObservedModule<'a> {
   |                   ^^^^^^^^^^^^^^
   |
   = note: `#[warn(dead_code)]` (part of `#[warn(unused)]`) on by default

warning: function `select_named` is never used
  --> targets/conduitos/src/boot/modules.rs:17:15
   |
17 | pub(crate) fn select_named<'a>(
   |               ^^^^^^^^^^^^

warning: function `prepare` is never used
  --> targets/conduitos/src/tour_two_host.rs:11:8
   |
11 | pub fn prepare(
   |        ^^^^^^^

warning: function `run` is never used
  --> targets/conduitos/src/tour_two_host.rs:19:8
   |
19 | pub fn run(
   |        ^^^

warning: fields `scheduler`, `endpoint`, and `cord` are never read
  --> targets/conduitos/src/tour_two_host_kernel.rs:48:5
   |
47 | pub struct SourceKernel {
   |            ------------ fields in this struct
48 |     scheduler: SourceScheduler,
   |     ^^^^^^^^^
49 |     endpoint: RemoteEndpointId,
   |     ^^^^^^^^
50 |     cord: conduit_kernel::CordId,
   |     ^^^^

warning: fields `scheduler`, `endpoint`, and `cord` are never read
  --> targets/conduitos/src/tour_two_host_kernel.rs:54:5
   |
53 | pub struct SinkKernel {
   |            ---------- fields in this struct
54 |     scheduler: SinkScheduler,
   |     ^^^^^^^^^
55 |     endpoint: RemoteEndpointId,
   |     ^^^^^^^^
56 |     cord: conduit_kernel::CordId,
   |     ^^^^

warning: methods `step`, `offer`, `accept`, `delivered`, `decisions`, and `signs` are never used
   --> targets/conduitos/src/tour_two_host_kernel.rs:114:12
    |
 59 | impl SourceKernel {
    | ----------------- methods in this implementation
...
114 |     pub fn step(&mut self) -> Result<SchedulerStatus, SchedulerError> {
    |            ^^^^
...
118 |     pub fn offer(&mut self) -> Result<Option<(u64, &[u8])>, SchedulerError> {
    |            ^^^^^
...
131 |     pub fn accept(&mut self, sequence: u64) -> Result<(), SchedulerError> {
    |            ^^^^^^
...
136 |     pub fn delivered(&mut self, sequence: u64) -> Result<(), SchedulerError> {
    |            ^^^^^^^^^
...
141 |     pub fn decisions(&self) -> u32 {
    |            ^^^^^^^^^
...
144 |     pub fn signs(&self) -> u16 {
    |            ^^^^^

warning: multiple methods are never used
   --> targets/conduitos/src/tour_two_host_kernel.rs:190:12
    |
149 | impl SinkKernel {
    | --------------- methods in this implementation
...
190 |     pub fn admit(
    |            ^^^^^
...
199 |     pub fn close(&mut self) -> Result<(), SchedulerError> {
    |            ^^^^^
...
203 |     pub fn step(&mut self) -> Result<SchedulerStatus, SchedulerError> {
    |            ^^^^
...
206 |     pub fn request(&mut self) -> Option<HostCallRequest> {
    |            ^^^^^^^
...
209 |     pub fn value(&self, request: HostCallRequest) -> Result<&[u8], SchedulerError> {
    |            ^^^^^
...
212 |     pub fn complete(&mut self, request: HostCallRequest) -> Result<(), SchedulerError> {
    |            ^^^^^^^^
...
223 |     pub fn decisions(&self) -> u32 {
    |            ^^^^^^^^^
...
226 |     pub fn signs(&self) -> u16 {
    |            ^^^^^

warning: fields `source` and `sink` are never read
  --> targets/conduitos/src/tour_two_host_plan.rs:31:16
   |
24 | pub struct PreparedTourTwoHostPlan {
   |            ----------------------- fields in this struct
...
31 |     pub(crate) source: crate::tour_two_host_kernel::SourceKernel,
   |                ^^^^^^
32 |     pub(crate) sink: crate::tour_two_host_kernel::SinkKernel,
   |                ^^^^

warning: constant `MAXIMUM_STEPS` is never used
  --> targets/conduitos/src/tour_two_host_play.rs:11:7
   |
11 | const MAXIMUM_STEPS: u32 = 32;
   |       ^^^^^^^^^^^^^

warning: function `run` is never used
  --> targets/conduitos/src/tour_two_host_play.rs:13:8
   |
13 | pub fn run(
   |        ^^^

warning: function `step_source` is never used
  --> targets/conduitos/src/tour_two_host_play.rs:96:4
   |
96 | fn step_source(
   |    ^^^^^^^^^^^

warning: function `step_sink` is never used
   --> targets/conduitos/src/tour_two_host_play.rs:107:4
    |
107 | fn step_sink(sink: &mut crate::tour_two_host_kernel::SinkKernel) -> Result<(), MachineRunError> {
    |    ^^^^^^^^^

warning: function `drain_source` is never used
   --> targets/conduitos/src/tour_two_host_play.rs:116:4
    |
116 | fn drain_source(
    |    ^^^^^^^^^^^^

warning: function `drain_sink` is never used
   --> targets/conduitos/src/tour_two_host_play.rs:129:4
    |
129 | fn drain_sink(sink: &mut crate::tour_two_host_kernel::SinkKernel) -> Result<(), MachineRunError> {
    |    ^^^^^^^^^^

warning: `conduitos` (lib) generated 16 warnings (run `cargo fix --lib -p conduitos` to apply 1 suggestion)
    Finished `dev` profile [unoptimized] target(s) in 19.07s
    Checking serde v1.0.229
    Checking zeroize v1.9.0
   Compiling conduit-time v0.1.0 (/home/dancxjo/Documents/Codex/2026-10-06/goal-please-finish-and-close-5113/work/conduit/semantics/time)
   Compiling curve25519-dalek-derive v0.1.1
    Checking thiserror v2.0.20
    Checking cobs v0.3.0
   Compiling conduit-human v0.1.0 (/home/dancxjo/Documents/Codex/2026-10-06/goal-please-finish-and-close-5113/work/conduit/semantics/human)
    Checking conduit-assigned-plan v0.1.0 (/home/dancxjo/Documents/Codex/2026-10-06/goal-please-finish-and-close-5113/work/conduit/architecture/assigned-plan)
    Checking curve25519-dalek v4.1.3
    Checking conduit-core v0.1.0 (/home/dancxjo/Documents/Codex/2026-10-06/goal-please-finish-and-close-5113/work/conduit/architecture/core)
    Checking postcard v1.1.3
   Compiling conduit-presentation v0.1.0 (/home/dancxjo/Documents/Codex/2026-10-06/goal-please-finish-and-close-5113/work/conduit/semantics/presentation)
   Compiling conduit-data v0.1.0 (/home/dancxjo/Documents/Codex/2026-10-06/goal-please-finish-and-close-5113/work/conduit/semantics/data)
   Compiling conduit-audio v0.1.0 (/home/dancxjo/Documents/Codex/2026-10-06/goal-please-finish-and-close-5113/work/conduit/semantics/audio)
    Checking ed25519-dalek v2.2.0
    Checking conduit-kernel v0.1.0 (/home/dancxjo/Documents/Codex/2026-10-06/goal-please-finish-and-close-5113/work/conduit/architecture/kernel)
   Compiling conduit-text v0.1.0 (/home/dancxjo/Documents/Codex/2026-10-06/goal-please-finish-and-close-5113/work/conduit/semantics/text)
   Compiling conduit-purpose v0.1.0 (/home/dancxjo/Documents/Codex/2026-10-06/goal-please-finish-and-close-5113/work/conduit/semantics/purpose)
   Compiling conduit-robotics v0.1.0 (/home/dancxjo/Documents/Codex/2026-10-06/goal-please-finish-and-close-5113/work/conduit/semantics/robotics)
   Compiling conduit-net v0.1.0 (/home/dancxjo/Documents/Codex/2026-10-06/goal-please-finish-and-close-5113/work/conduit/semantics/net)
   Compiling conduit-process v0.1.0 (/home/dancxjo/Documents/Codex/2026-10-06/goal-please-finish-and-close-5113/work/conduit/semantics/process)
   Compiling conduit-alife v0.1.0 (/home/dancxjo/Documents/Codex/2026-10-06/goal-please-finish-and-close-5113/work/conduit/semantics/alife)
   Compiling conduit-web v0.1.0 (/home/dancxjo/Documents/Codex/2026-10-06/goal-please-finish-and-close-5113/work/conduit/semantics/web)
   Compiling conduit-education v0.1.0 (/home/dancxjo/Documents/Codex/2026-10-06/goal-please-finish-and-close-5113/work/conduit/semantics/education)
    Checking cipher v0.4.4
   Compiling conduit-language v0.1.0 (/home/dancxjo/Documents/Codex/2026-10-06/goal-please-finish-and-close-5113/work/conduit/semantics/language)
    Checking chacha20 v0.9.1
    Checking chacha20poly1305 v0.10.1
   Compiling conduit-ai v0.1.0 (/home/dancxjo/Documents/Codex/2026-10-06/goal-please-finish-and-close-5113/work/conduit/semantics/ai)
    Checking x25519-dalek v2.0.1
   Compiling conduit-home-model v0.1.0 (/home/dancxjo/Documents/Codex/2026-10-06/goal-please-finish-and-close-5113/work/conduit/semantics/home)
   Compiling conduit-wire v0.1.0 (/home/dancxjo/Documents/Codex/2026-10-06/goal-please-finish-and-close-5113/work/conduit/architecture/wire)
   Compiling conduit-tutorial-plot v0.1.0 (/home/dancxjo/Documents/Codex/2026-10-06/goal-please-finish-and-close-5113/work/conduit/semantics/tutorial)
    Checking noise-rust-crypto v0.6.2
    Checking patchbay-control v0.1.0 (/home/dancxjo/Documents/Codex/2026-10-06/goal-please-finish-and-close-5113/work/conduit/plots/patchbay)
    Checking conduit-protected-line v0.1.0 (/home/dancxjo/Documents/Codex/2026-10-06/goal-please-finish-and-close-5113/work/conduit/architecture/protected-line)
    Checking conduit-plot v0.1.0 (/home/dancxjo/Documents/Codex/2026-10-06/goal-please-finish-and-close-5113/work/conduit/architecture/plot)
    Checking conduit-body v0.1.0 (/home/dancxjo/Documents/Codex/2026-10-06/goal-please-finish-and-close-5113/work/conduit/architecture/body)
    Checking conduit-plan-lowering v0.1.0 (/home/dancxjo/Documents/Codex/2026-10-06/goal-please-finish-and-close-5113/work/conduit/architecture/plan-lowering)
    Checking conduit-observatory v0.1.0 (/home/dancxjo/Documents/Codex/2026-10-06/goal-please-finish-and-close-5113/work/conduit/architecture/observatory)
    Checking conduit-composite v0.1.0 (/home/dancxjo/Documents/Codex/2026-10-06/goal-please-finish-and-close-5113/work/conduit/architecture/composite)
    Checking conduit-midi v0.1.0 (/home/dancxjo/Documents/Codex/2026-10-06/goal-please-finish-and-close-5113/work/conduit/mechanisms/protocols/midi)
    Checking conduit-synth v0.1.0 (/home/dancxjo/Documents/Codex/2026-10-06/goal-please-finish-and-close-5113/work/conduit/mechanisms/implementations/synth)
    Checking conduit-birth-plot v0.1.0 (/home/dancxjo/Documents/Codex/2026-10-06/goal-please-finish-and-close-5113/work/conduit/plots/birth)
    Checking conduit-semantic-catalog v0.1.0 (/home/dancxjo/Documents/Codex/2026-10-06/goal-please-finish-and-close-5113/work/conduit/semantics/catalog)
    Checking patchbay-graph v0.1.0 (/home/dancxjo/Documents/Codex/2026-10-06/goal-please-finish-and-close-5113/work/conduit/plots/patchbay/graph)
    Checking conduit-tour-model v0.1.0 (/home/dancxjo/Documents/Codex/2026-10-06/goal-please-finish-and-close-5113/work/conduit/plots/tour)
    Checking patchbay-application v0.1.0 (/home/dancxjo/Documents/Codex/2026-10-06/goal-please-finish-and-close-5113/work/conduit/plots/patchbay/application)
    Checking conduit-planner v0.1.0 (/home/dancxjo/Documents/Codex/2026-10-06/goal-please-finish-and-close-5113/work/conduit/architecture/planner)
    Checking conduit-conduitos-mask-offer v0.1.0 (/home/dancxjo/Documents/Codex/2026-10-06/goal-please-finish-and-close-5113/work/conduit/targets/conduitos/mask-offer)
    Checking conduitos v0.1.0 (/home/dancxjo/Documents/Codex/2026-10-06/goal-please-finish-and-close-5113/work/conduit/targets/conduitos)
    Finished `dev` profile [unoptimized] target(s) in 22.02s
    Checking serde v1.0.229
    Checking zeroize v1.9.0
   Compiling conduit-time v0.1.0 (/home/dancxjo/Documents/Codex/2026-10-06/goal-please-finish-and-close-5113/work/conduit/semantics/time)
    Checking thiserror v2.0.20
    Checking cobs v0.3.0
    Checking curve25519-dalek v4.1.3
   Compiling conduit-human v0.1.0 (/home/dancxjo/Documents/Codex/2026-10-06/goal-please-finish-and-close-5113/work/conduit/semantics/human)
    Checking conduit-assigned-plan v0.1.0 (/home/dancxjo/Documents/Codex/2026-10-06/goal-please-finish-and-close-5113/work/conduit/architecture/assigned-plan)
    Checking ed25519-dalek v2.2.0
    Checking postcard v1.1.3
    Checking conduit-core v0.1.0 (/home/dancxjo/Documents/Codex/2026-10-06/goal-please-finish-and-close-5113/work/conduit/architecture/core)
   Compiling conduit-presentation v0.1.0 (/home/dancxjo/Documents/Codex/2026-10-06/goal-please-finish-and-close-5113/work/conduit/semantics/presentation)
   Compiling conduit-data v0.1.0 (/home/dancxjo/Documents/Codex/2026-10-06/goal-please-finish-and-close-5113/work/conduit/semantics/data)
   Compiling conduit-audio v0.1.0 (/home/dancxjo/Documents/Codex/2026-10-06/goal-please-finish-and-close-5113/work/conduit/semantics/audio)
    Checking conduit-kernel v0.1.0 (/home/dancxjo/Documents/Codex/2026-10-06/goal-please-finish-and-close-5113/work/conduit/architecture/kernel)
   Compiling conduit-purpose v0.1.0 (/home/dancxjo/Documents/Codex/2026-10-06/goal-please-finish-and-close-5113/work/conduit/semantics/purpose)
   Compiling conduit-web v0.1.0 (/home/dancxjo/Documents/Codex/2026-10-06/goal-please-finish-and-close-5113/work/conduit/semantics/web)
   Compiling conduit-process v0.1.0 (/home/dancxjo/Documents/Codex/2026-10-06/goal-please-finish-and-close-5113/work/conduit/semantics/process)
   Compiling conduit-text v0.1.0 (/home/dancxjo/Documents/Codex/2026-10-06/goal-please-finish-and-close-5113/work/conduit/semantics/text)
   Compiling conduit-robotics v0.1.0 (/home/dancxjo/Documents/Codex/2026-10-06/goal-please-finish-and-close-5113/work/conduit/semantics/robotics)
   Compiling conduit-net v0.1.0 (/home/dancxjo/Documents/Codex/2026-10-06/goal-please-finish-and-close-5113/work/conduit/semantics/net)
   Compiling conduit-alife v0.1.0 (/home/dancxjo/Documents/Codex/2026-10-06/goal-please-finish-and-close-5113/work/conduit/semantics/alife)
   Compiling conduit-education v0.1.0 (/home/dancxjo/Documents/Codex/2026-10-06/goal-please-finish-and-close-5113/work/conduit/semantics/education)
    Checking cipher v0.4.4
   Compiling conduit-language v0.1.0 (/home/dancxjo/Documents/Codex/2026-10-06/goal-please-finish-and-close-5113/work/conduit/semantics/language)
   Compiling conduit-ai v0.1.0 (/home/dancxjo/Documents/Codex/2026-10-06/goal-please-finish-and-close-5113/work/conduit/semantics/ai)
    Checking chacha20 v0.9.1
    Checking chacha20poly1305 v0.10.1
    Checking x25519-dalek v2.0.1
   Compiling conduit-home-model v0.1.0 (/home/dancxjo/Documents/Codex/2026-10-06/goal-please-finish-and-close-5113/work/conduit/semantics/home)
   Compiling conduit-wire v0.1.0 (/home/dancxjo/Documents/Codex/2026-10-06/goal-please-finish-and-close-5113/work/conduit/architecture/wire)
   Compiling conduit-tutorial-plot v0.1.0 (/home/dancxjo/Documents/Codex/2026-10-06/goal-please-finish-and-close-5113/work/conduit/semantics/tutorial)
    Checking noise-rust-crypto v0.6.2
    Checking patchbay-control v0.1.0 (/home/dancxjo/Documents/Codex/2026-10-06/goal-please-finish-and-close-5113/work/conduit/plots/patchbay)
    Checking conduit-protected-line v0.1.0 (/home/dancxjo/Documents/Codex/2026-10-06/goal-please-finish-and-close-5113/work/conduit/architecture/protected-line)
    Checking conduit-plot v0.1.0 (/home/dancxjo/Documents/Codex/2026-10-06/goal-please-finish-and-close-5113/work/conduit/architecture/plot)
    Checking conduit-body v0.1.0 (/home/dancxjo/Documents/Codex/2026-10-06/goal-please-finish-and-close-5113/work/conduit/architecture/body)
    Checking conduit-plan-lowering v0.1.0 (/home/dancxjo/Documents/Codex/2026-10-06/goal-please-finish-and-close-5113/work/conduit/architecture/plan-lowering)
    Checking conduit-observatory v0.1.0 (/home/dancxjo/Documents/Codex/2026-10-06/goal-please-finish-and-close-5113/work/conduit/architecture/observatory)
    Checking conduit-composite v0.1.0 (/home/dancxjo/Documents/Codex/2026-10-06/goal-please-finish-and-close-5113/work/conduit/architecture/composite)
    Checking conduit-midi v0.1.0 (/home/dancxjo/Documents/Codex/2026-10-06/goal-please-finish-and-close-5113/work/conduit/mechanisms/protocols/midi)
    Checking conduit-synth v0.1.0 (/home/dancxjo/Documents/Codex/2026-10-06/goal-please-finish-and-close-5113/work/conduit/mechanisms/implementations/synth)
    Checking conduit-birth-plot v0.1.0 (/home/dancxjo/Documents/Codex/2026-10-06/goal-please-finish-and-close-5113/work/conduit/plots/birth)
    Checking conduit-semantic-catalog v0.1.0 (/home/dancxjo/Documents/Codex/2026-10-06/goal-please-finish-and-close-5113/work/conduit/semantics/catalog)
    Checking patchbay-graph v0.1.0 (/home/dancxjo/Documents/Codex/2026-10-06/goal-please-finish-and-close-5113/work/conduit/plots/patchbay/graph)
    Checking conduit-tour-model v0.1.0 (/home/dancxjo/Documents/Codex/2026-10-06/goal-please-finish-and-close-5113/work/conduit/plots/tour)
    Checking patchbay-application v0.1.0 (/home/dancxjo/Documents/Codex/2026-10-06/goal-please-finish-and-close-5113/work/conduit/plots/patchbay/application)
    Checking conduit-planner v0.1.0 (/home/dancxjo/Documents/Codex/2026-10-06/goal-please-finish-and-close-5113/work/conduit/architecture/planner)
    Checking conduit-conduitos-mask-offer v0.1.0 (/home/dancxjo/Documents/Codex/2026-10-06/goal-please-finish-and-close-5113/work/conduit/targets/conduitos/mask-offer)
    Checking conduitos v0.1.0 (/home/dancxjo/Documents/Codex/2026-10-06/goal-please-finish-and-close-5113/work/conduit/targets/conduitos)
warning: unused imports: `prepare_exact` and `propose_partitions`
  --> targets/conduitos/src/native_workset.rs:16:27
   |
16 | pub(crate) use planning::{prepare_exact, propose_partitions};
   |                           ^^^^^^^^^^^^^  ^^^^^^^^^^^^^^^^^^
   |
   = note: `#[warn(unused_imports)]` (part of `#[warn(unused)]`) on by default

warning: function `prepare` is never used
  --> targets/conduitos/src/tour_two_host.rs:11:8
   |
11 | pub fn prepare(
   |        ^^^^^^^
   |
   = note: `#[warn(dead_code)]` (part of `#[warn(unused)]`) on by default

warning: function `run` is never used
  --> targets/conduitos/src/tour_two_host.rs:19:8
   |
19 | pub fn run(
   |        ^^^

warning: fields `scheduler`, `endpoint`, and `cord` are never read
  --> targets/conduitos/src/tour_two_host_kernel.rs:48:5
   |
47 | pub struct SourceKernel {
   |            ------------ fields in this struct
48 |     scheduler: SourceScheduler,
   |     ^^^^^^^^^
49 |     endpoint: RemoteEndpointId,
   |     ^^^^^^^^
50 |     cord: conduit_kernel::CordId,
   |     ^^^^

warning: fields `scheduler`, `endpoint`, and `cord` are never read
  --> targets/conduitos/src/tour_two_host_kernel.rs:54:5
   |
53 | pub struct SinkKernel {
   |            ---------- fields in this struct
54 |     scheduler: SinkScheduler,
   |     ^^^^^^^^^
55 |     endpoint: RemoteEndpointId,
   |     ^^^^^^^^
56 |     cord: conduit_kernel::CordId,
   |     ^^^^

warning: methods `step`, `offer`, `accept`, `delivered`, `decisions`, and `signs` are never used
   --> targets/conduitos/src/tour_two_host_kernel.rs:114:12
    |
 59 | impl SourceKernel {
    | ----------------- methods in this implementation
...
114 |     pub fn step(&mut self) -> Result<SchedulerStatus, SchedulerError> {
    |            ^^^^
...
118 |     pub fn offer(&mut self) -> Result<Option<(u64, &[u8])>, SchedulerError> {
    |            ^^^^^
...
131 |     pub fn accept(&mut self, sequence: u64) -> Result<(), SchedulerError> {
    |            ^^^^^^
...
136 |     pub fn delivered(&mut self, sequence: u64) -> Result<(), SchedulerError> {
    |            ^^^^^^^^^
...
141 |     pub fn decisions(&self) -> u32 {
    |            ^^^^^^^^^
...
144 |     pub fn signs(&self) -> u16 {
    |            ^^^^^

warning: multiple methods are never used
   --> targets/conduitos/src/tour_two_host_kernel.rs:190:12
    |
149 | impl SinkKernel {
    | --------------- methods in this implementation
...
190 |     pub fn admit(
    |            ^^^^^
...
199 |     pub fn close(&mut self) -> Result<(), SchedulerError> {
    |            ^^^^^
...
203 |     pub fn step(&mut self) -> Result<SchedulerStatus, SchedulerError> {
    |            ^^^^
...
206 |     pub fn request(&mut self) -> Option<HostCallRequest> {
    |            ^^^^^^^
...
209 |     pub fn value(&self, request: HostCallRequest) -> Result<&[u8], SchedulerError> {
    |            ^^^^^
...
212 |     pub fn complete(&mut self, request: HostCallRequest) -> Result<(), SchedulerError> {
    |            ^^^^^^^^
...
223 |     pub fn decisions(&self) -> u32 {
    |            ^^^^^^^^^
...
226 |     pub fn signs(&self) -> u16 {
    |            ^^^^^

warning: fields `source` and `sink` are never read
  --> targets/conduitos/src/tour_two_host_plan.rs:31:16
   |
24 | pub struct PreparedTourTwoHostPlan {
   |            ----------------------- fields in this struct
...
31 |     pub(crate) source: crate::tour_two_host_kernel::SourceKernel,
   |                ^^^^^^
32 |     pub(crate) sink: crate::tour_two_host_kernel::SinkKernel,
   |                ^^^^

warning: constant `MAXIMUM_STEPS` is never used
  --> targets/conduitos/src/tour_two_host_play.rs:11:7
   |
11 | const MAXIMUM_STEPS: u32 = 32;
   |       ^^^^^^^^^^^^^

warning: function `run` is never used
  --> targets/conduitos/src/tour_two_host_play.rs:13:8
   |
13 | pub fn run(
   |        ^^^

warning: function `step_source` is never used
  --> targets/conduitos/src/tour_two_host_play.rs:96:4
   |
96 | fn step_source(
   |    ^^^^^^^^^^^

warning: function `step_sink` is never used
   --> targets/conduitos/src/tour_two_host_play.rs:107:4
    |
107 | fn step_sink(sink: &mut crate::tour_two_host_kernel::SinkKernel) -> Result<(), MachineRunError> {
    |    ^^^^^^^^^

warning: function `drain_source` is never used
   --> targets/conduitos/src/tour_two_host_play.rs:116:4
    |
116 | fn drain_source(
    |    ^^^^^^^^^^^^

warning: function `drain_sink` is never used
   --> targets/conduitos/src/tour_two_host_play.rs:129:4
    |
129 | fn drain_sink(sink: &mut crate::tour_two_host_kernel::SinkKernel) -> Result<(), MachineRunError> {
    |    ^^^^^^^^^^

warning: `conduitos` (lib) generated 14 warnings (run `cargo fix --lib -p conduitos` to apply 1 suggestion)
    Finished `dev` profile [unoptimized] target(s) in 25.88s
   Compiling proc-macro2 v1.0.107
   Compiling quote v1.0.47
   Compiling syn v3.0.6
   Compiling syn v2.0.119
   Compiling serde_derive v1.0.229
   Compiling thiserror-impl v2.0.20
    Checking thiserror v2.0.20
   Compiling zeroize_derive v1.5.0
   Compiling serde v1.0.229
    Checking cobs v0.3.0
    Checking zeroize v1.9.0
   Compiling conduit-assigned-plan v0.1.0 (/home/dancxjo/Documents/Codex/2026-10-06/goal-please-finish-and-close-5113/work/conduit/architecture/assigned-plan)
    Checking postcard v1.1.3
    Checking curve25519-dalek v4.1.3
   Compiling conduit-core v0.1.0 (/home/dancxjo/Documents/Codex/2026-10-06/goal-please-finish-and-close-5113/work/conduit/architecture/core)
    Checking cipher v0.4.4
    Checking conduit-kernel v0.1.0 (/home/dancxjo/Documents/Codex/2026-10-06/goal-please-finish-and-close-5113/work/conduit/architecture/kernel)
    Checking ed25519-dalek v2.2.0
    Checking chacha20 v0.9.1
    Checking chacha20poly1305 v0.10.1
    Checking noise-rust-crypto v0.6.2
    Checking x25519-dalek v2.0.1
    Checking patchbay-control v0.1.0 (/home/dancxjo/Documents/Codex/2026-10-06/goal-please-finish-and-close-5113/work/conduit/plots/patchbay)
    Checking conduit-protected-line v0.1.0 (/home/dancxjo/Documents/Codex/2026-10-06/goal-please-finish-and-close-5113/work/conduit/architecture/protected-line)
    Checking conduit-plot v0.1.0 (/home/dancxjo/Documents/Codex/2026-10-06/goal-please-finish-and-close-5113/work/conduit/architecture/plot)
    Checking conduit-body v0.1.0 (/home/dancxjo/Documents/Codex/2026-10-06/goal-please-finish-and-close-5113/work/conduit/architecture/body)
    Checking conduit-plan-lowering v0.1.0 (/home/dancxjo/Documents/Codex/2026-10-06/goal-please-finish-and-close-5113/work/conduit/architecture/plan-lowering)
    Checking conduit-observatory v0.1.0 (/home/dancxjo/Documents/Codex/2026-10-06/goal-please-finish-and-close-5113/work/conduit/architecture/observatory)
    Checking conduit-composite v0.1.0 (/home/dancxjo/Documents/Codex/2026-10-06/goal-please-finish-and-close-5113/work/conduit/architecture/composite)
   Compiling conduit-time v0.1.0 (/home/dancxjo/Documents/Codex/2026-10-06/goal-please-finish-and-close-5113/work/conduit/semantics/time)
   Compiling conduit-human v0.1.0 (/home/dancxjo/Documents/Codex/2026-10-06/goal-please-finish-and-close-5113/work/conduit/semantics/human)
   Compiling conduit-audio v0.1.0 (/home/dancxjo/Documents/Codex/2026-10-06/goal-please-finish-and-close-5113/work/conduit/semantics/audio)
   Compiling conduit-robotics v0.1.0 (/home/dancxjo/Documents/Codex/2026-10-06/goal-please-finish-and-close-5113/work/conduit/semantics/robotics)
   Compiling conduit-process v0.1.0 (/home/dancxjo/Documents/Codex/2026-10-06/goal-please-finish-and-close-5113/work/conduit/semantics/process)
   Compiling conduit-net v0.1.0 (/home/dancxjo/Documents/Codex/2026-10-06/goal-please-finish-and-close-5113/work/conduit/semantics/net)
   Compiling conduit-data v0.1.0 (/home/dancxjo/Documents/Codex/2026-10-06/goal-please-finish-and-close-5113/work/conduit/semantics/data)
   Compiling conduit-presentation v0.1.0 (/home/dancxjo/Documents/Codex/2026-10-06/goal-please-finish-and-close-5113/work/conduit/semantics/presentation)
   Compiling conduit-purpose v0.1.0 (/home/dancxjo/Documents/Codex/2026-10-06/goal-please-finish-and-close-5113/work/conduit/semantics/purpose)
   Compiling conduit-text v0.1.0 (/home/dancxjo/Documents/Codex/2026-10-06/goal-please-finish-and-close-5113/work/conduit/semantics/text)
   Compiling conduit-alife v0.1.0 (/home/dancxjo/Documents/Codex/2026-10-06/goal-please-finish-and-close-5113/work/conduit/semantics/alife)
   Compiling conduit-web v0.1.0 (/home/dancxjo/Documents/Codex/2026-10-06/goal-please-finish-and-close-5113/work/conduit/semantics/web)
   Compiling conduit-education v0.1.0 (/home/dancxjo/Documents/Codex/2026-10-06/goal-please-finish-and-close-5113/work/conduit/semantics/education)
    Checking conduit-midi v0.1.0 (/home/dancxjo/Documents/Codex/2026-10-06/goal-please-finish-and-close-5113/work/conduit/mechanisms/protocols/midi)
   Compiling conduit-language v0.1.0 (/home/dancxjo/Documents/Codex/2026-10-06/goal-please-finish-and-close-5113/work/conduit/semantics/language)
   Compiling conduit-ai v0.1.0 (/home/dancxjo/Documents/Codex/2026-10-06/goal-please-finish-and-close-5113/work/conduit/semantics/ai)
   Compiling conduit-wire v0.1.0 (/home/dancxjo/Documents/Codex/2026-10-06/goal-please-finish-and-close-5113/work/conduit/architecture/wire)
   Compiling conduit-home-model v0.1.0 (/home/dancxjo/Documents/Codex/2026-10-06/goal-please-finish-and-close-5113/work/conduit/semantics/home)
   Compiling conduit-tutorial-plot v0.1.0 (/home/dancxjo/Documents/Codex/2026-10-06/goal-please-finish-and-close-5113/work/conduit/semantics/tutorial)
    Checking conduit-semantic-catalog v0.1.0 (/home/dancxjo/Documents/Codex/2026-10-06/goal-please-finish-and-close-5113/work/conduit/semantics/catalog)
    Checking conduit-birth-plot v0.1.0 (/home/dancxjo/Documents/Codex/2026-10-06/goal-please-finish-and-close-5113/work/conduit/plots/birth)
    Checking conduit-synth v0.1.0 (/home/dancxjo/Documents/Codex/2026-10-06/goal-please-finish-and-close-5113/work/conduit/mechanisms/implementations/synth)
    Checking patchbay-graph v0.1.0 (/home/dancxjo/Documents/Codex/2026-10-06/goal-please-finish-and-close-5113/work/conduit/plots/patchbay/graph)
    Checking conduit-tour-model v0.1.0 (/home/dancxjo/Documents/Codex/2026-10-06/goal-please-finish-and-close-5113/work/conduit/plots/tour)
    Checking patchbay-application v0.1.0 (/home/dancxjo/Documents/Codex/2026-10-06/goal-please-finish-and-close-5113/work/conduit/plots/patchbay/application)
    Checking conduit-planner v0.1.0 (/home/dancxjo/Documents/Codex/2026-10-06/goal-please-finish-and-close-5113/work/conduit/architecture/planner)
    Checking conduit-conduitos-mask-offer v0.1.0 (/home/dancxjo/Documents/Codex/2026-10-06/goal-please-finish-and-close-5113/work/conduit/targets/conduitos/mask-offer)
    Checking conduitos v0.1.0 (/home/dancxjo/Documents/Codex/2026-10-06/goal-please-finish-and-close-5113/work/conduit/targets/conduitos)
warning: unused imports: `prepare_exact` and `propose_partitions`
  --> targets/conduitos/src/native_workset.rs:16:27
   |
16 | pub(crate) use planning::{prepare_exact, propose_partitions};
   |                           ^^^^^^^^^^^^^  ^^^^^^^^^^^^^^^^^^
   |
   = note: `#[warn(unused_imports)]` (part of `#[warn(unused)]`) on by default

warning: struct `ObservedModule` is never constructed
  --> targets/conduitos/src/boot/modules.rs:12:19
   |
12 | pub(crate) struct ObservedModule<'a> {
   |                   ^^^^^^^^^^^^^^
   |
   = note: `#[warn(dead_code)]` (part of `#[warn(unused)]`) on by default

warning: function `select_named` is never used
  --> targets/conduitos/src/boot/modules.rs:17:15
   |
17 | pub(crate) fn select_named<'a>(
   |               ^^^^^^^^^^^^

warning: function `prepare` is never used
  --> targets/conduitos/src/tour_two_host.rs:11:8
   |
11 | pub fn prepare(
   |        ^^^^^^^

warning: function `run` is never used
  --> targets/conduitos/src/tour_two_host.rs:19:8
   |
19 | pub fn run(
   |        ^^^

warning: fields `scheduler`, `endpoint`, and `cord` are never read
  --> targets/conduitos/src/tour_two_host_kernel.rs:48:5
   |
47 | pub struct SourceKernel {
   |            ------------ fields in this struct
48 |     scheduler: SourceScheduler,
   |     ^^^^^^^^^
49 |     endpoint: RemoteEndpointId,
   |     ^^^^^^^^
50 |     cord: conduit_kernel::CordId,
   |     ^^^^

warning: fields `scheduler`, `endpoint`, and `cord` are never read
  --> targets/conduitos/src/tour_two_host_kernel.rs:54:5
   |
53 | pub struct SinkKernel {
   |            ---------- fields in this struct
54 |     scheduler: SinkScheduler,
   |     ^^^^^^^^^
55 |     endpoint: RemoteEndpointId,
   |     ^^^^^^^^
56 |     cord: conduit_kernel::CordId,
   |     ^^^^

warning: methods `step`, `offer`, `accept`, `delivered`, `decisions`, and `signs` are never used
   --> targets/conduitos/src/tour_two_host_kernel.rs:114:12
    |
 59 | impl SourceKernel {
    | ----------------- methods in this implementation
...
114 |     pub fn step(&mut self) -> Result<SchedulerStatus, SchedulerError> {
    |            ^^^^
...
118 |     pub fn offer(&mut self) -> Result<Option<(u64, &[u8])>, SchedulerError> {
    |            ^^^^^
...
131 |     pub fn accept(&mut self, sequence: u64) -> Result<(), SchedulerError> {
    |            ^^^^^^
...
136 |     pub fn delivered(&mut self, sequence: u64) -> Result<(), SchedulerError> {
    |            ^^^^^^^^^
...
141 |     pub fn decisions(&self) -> u32 {
    |            ^^^^^^^^^
...
144 |     pub fn signs(&self) -> u16 {
    |            ^^^^^

warning: multiple methods are never used
   --> targets/conduitos/src/tour_two_host_kernel.rs:190:12
    |
149 | impl SinkKernel {
    | --------------- methods in this implementation
...
190 |     pub fn admit(
    |            ^^^^^
...
199 |     pub fn close(&mut self) -> Result<(), SchedulerError> {
    |            ^^^^^
...
203 |     pub fn step(&mut self) -> Result<SchedulerStatus, SchedulerError> {
    |            ^^^^
...
206 |     pub fn request(&mut self) -> Option<HostCallRequest> {
    |            ^^^^^^^
...
209 |     pub fn value(&self, request: HostCallRequest) -> Result<&[u8], SchedulerError> {
    |            ^^^^^
...
212 |     pub fn complete(&mut self, request: HostCallRequest) -> Result<(), SchedulerError> {
    |            ^^^^^^^^
...
223 |     pub fn decisions(&self) -> u32 {
    |            ^^^^^^^^^
...
226 |     pub fn signs(&self) -> u16 {
    |            ^^^^^

warning: fields `source` and `sink` are never read
  --> targets/conduitos/src/tour_two_host_plan.rs:31:16
   |
24 | pub struct PreparedTourTwoHostPlan {
   |            ----------------------- fields in this struct
...
31 |     pub(crate) source: crate::tour_two_host_kernel::SourceKernel,
   |                ^^^^^^
32 |     pub(crate) sink: crate::tour_two_host_kernel::SinkKernel,
   |                ^^^^

warning: constant `MAXIMUM_STEPS` is never used
  --> targets/conduitos/src/tour_two_host_play.rs:11:7
   |
11 | const MAXIMUM_STEPS: u32 = 32;
   |       ^^^^^^^^^^^^^

warning: function `run` is never used
  --> targets/conduitos/src/tour_two_host_play.rs:13:8
   |
13 | pub fn run(
   |        ^^^

warning: function `step_source` is never used
  --> targets/conduitos/src/tour_two_host_play.rs:96:4
   |
96 | fn step_source(
   |    ^^^^^^^^^^^

warning: function `step_sink` is never used
   --> targets/conduitos/src/tour_two_host_play.rs:107:4
    |
107 | fn step_sink(sink: &mut crate::tour_two_host_kernel::SinkKernel) -> Result<(), MachineRunError> {
    |    ^^^^^^^^^

warning: function `drain_source` is never used
   --> targets/conduitos/src/tour_two_host_play.rs:116:4
    |
116 | fn drain_source(
    |    ^^^^^^^^^^^^

warning: function `drain_sink` is never used
   --> targets/conduitos/src/tour_two_host_play.rs:129:4
    |
129 | fn drain_sink(sink: &mut crate::tour_two_host_kernel::SinkKernel) -> Result<(), MachineRunError> {
    |    ^^^^^^^^^^

warning: `conduitos` (lib) generated 16 warnings (run `cargo fix --lib -p conduitos` to apply 1 suggestion)
    Finished `dev` profile [unoptimized] target(s) in 45.97s
   Compiling proc-macro2 v1.0.107
   Compiling quote v1.0.47
   Compiling syn v3.0.6
   Compiling syn v2.0.119
   Compiling serde_derive v1.0.229
   Compiling thiserror-impl v2.0.20
    Checking thiserror v2.0.20
    Checking cobs v0.3.0
   Compiling zeroize_derive v1.5.0
    Checking zeroize v1.9.0
   Compiling serde v1.0.229
    Checking curve25519-dalek v4.1.3
    Checking cipher v0.4.4
    Checking chacha20 v0.9.1
    Checking chacha20poly1305 v0.10.1
    Checking conduit-assigned-plan v0.1.0 (/home/dancxjo/Documents/Codex/2026-10-06/goal-please-finish-and-close-5113/work/conduit/architecture/assigned-plan)
    Checking postcard v1.1.3
    Checking ed25519-dalek v2.2.0
    Checking conduit-core v0.1.0 (/home/dancxjo/Documents/Codex/2026-10-06/goal-please-finish-and-close-5113/work/conduit/architecture/core)
    Checking conduit-kernel v0.1.0 (/home/dancxjo/Documents/Codex/2026-10-06/goal-please-finish-and-close-5113/work/conduit/architecture/kernel)
    Checking x25519-dalek v2.0.1
    Checking noise-rust-crypto v0.6.2
    Checking patchbay-control v0.1.0 (/home/dancxjo/Documents/Codex/2026-10-06/goal-please-finish-and-close-5113/work/conduit/plots/patchbay)
    Checking conduit-protected-line v0.1.0 (/home/dancxjo/Documents/Codex/2026-10-06/goal-please-finish-and-close-5113/work/conduit/architecture/protected-line)
    Checking conduit-plot v0.1.0 (/home/dancxjo/Documents/Codex/2026-10-06/goal-please-finish-and-close-5113/work/conduit/architecture/plot)
    Checking conduit-body v0.1.0 (/home/dancxjo/Documents/Codex/2026-10-06/goal-please-finish-and-close-5113/work/conduit/architecture/body)
    Checking conduit-plan-lowering v0.1.0 (/home/dancxjo/Documents/Codex/2026-10-06/goal-please-finish-and-close-5113/work/conduit/architecture/plan-lowering)
    Checking conduit-observatory v0.1.0 (/home/dancxjo/Documents/Codex/2026-10-06/goal-please-finish-and-close-5113/work/conduit/architecture/observatory)
    Checking conduit-composite v0.1.0 (/home/dancxjo/Documents/Codex/2026-10-06/goal-please-finish-and-close-5113/work/conduit/architecture/composite)
   Compiling conduit-time v0.1.0 (/home/dancxjo/Documents/Codex/2026-10-06/goal-please-finish-and-close-5113/work/conduit/semantics/time)
   Compiling conduit-human v0.1.0 (/home/dancxjo/Documents/Codex/2026-10-06/goal-please-finish-and-close-5113/work/conduit/semantics/human)
   Compiling conduit-audio v0.1.0 (/home/dancxjo/Documents/Codex/2026-10-06/goal-please-finish-and-close-5113/work/conduit/semantics/audio)
   Compiling conduit-purpose v0.1.0 (/home/dancxjo/Documents/Codex/2026-10-06/goal-please-finish-and-close-5113/work/conduit/semantics/purpose)
   Compiling conduit-process v0.1.0 (/home/dancxjo/Documents/Codex/2026-10-06/goal-please-finish-and-close-5113/work/conduit/semantics/process)
   Compiling conduit-net v0.1.0 (/home/dancxjo/Documents/Codex/2026-10-06/goal-please-finish-and-close-5113/work/conduit/semantics/net)
   Compiling conduit-text v0.1.0 (/home/dancxjo/Documents/Codex/2026-10-06/goal-please-finish-and-close-5113/work/conduit/semantics/text)
   Compiling conduit-alife v0.1.0 (/home/dancxjo/Documents/Codex/2026-10-06/goal-please-finish-and-close-5113/work/conduit/semantics/alife)
   Compiling conduit-robotics v0.1.0 (/home/dancxjo/Documents/Codex/2026-10-06/goal-please-finish-and-close-5113/work/conduit/semantics/robotics)
   Compiling conduit-web v0.1.0 (/home/dancxjo/Documents/Codex/2026-10-06/goal-please-finish-and-close-5113/work/conduit/semantics/web)
   Compiling conduit-language v0.1.0 (/home/dancxjo/Documents/Codex/2026-10-06/goal-please-finish-and-close-5113/work/conduit/semantics/language)
   Compiling conduit-tutorial-plot v0.1.0 (/home/dancxjo/Documents/Codex/2026-10-06/goal-please-finish-and-close-5113/work/conduit/semantics/tutorial)
   Compiling conduit-wire v0.1.0 (/home/dancxjo/Documents/Codex/2026-10-06/goal-please-finish-and-close-5113/work/conduit/architecture/wire)
   Compiling conduit-home-model v0.1.0 (/home/dancxjo/Documents/Codex/2026-10-06/goal-please-finish-and-close-5113/work/conduit/semantics/home)
   Compiling conduit-data v0.1.0 (/home/dancxjo/Documents/Codex/2026-10-06/goal-please-finish-and-close-5113/work/conduit/semantics/data)
   Compiling conduit-presentation v0.1.0 (/home/dancxjo/Documents/Codex/2026-10-06/goal-please-finish-and-close-5113/work/conduit/semantics/presentation)
    Checking conduit-midi v0.1.0 (/home/dancxjo/Documents/Codex/2026-10-06/goal-please-finish-and-close-5113/work/conduit/mechanisms/protocols/midi)
    Checking conduit-synth v0.1.0 (/home/dancxjo/Documents/Codex/2026-10-06/goal-please-finish-and-close-5113/work/conduit/mechanisms/implementations/synth)
   Compiling conduit-education v0.1.0 (/home/dancxjo/Documents/Codex/2026-10-06/goal-please-finish-and-close-5113/work/conduit/semantics/education)
   Compiling conduit-ai v0.1.0 (/home/dancxjo/Documents/Codex/2026-10-06/goal-please-finish-and-close-5113/work/conduit/semantics/ai)
    Checking conduit-semantic-catalog v0.1.0 (/home/dancxjo/Documents/Codex/2026-10-06/goal-please-finish-and-close-5113/work/conduit/semantics/catalog)
    Checking conduit-birth-plot v0.1.0 (/home/dancxjo/Documents/Codex/2026-10-06/goal-please-finish-and-close-5113/work/conduit/plots/birth)
    Checking patchbay-graph v0.1.0 (/home/dancxjo/Documents/Codex/2026-10-06/goal-please-finish-and-close-5113/work/conduit/plots/patchbay/graph)
    Checking conduit-tour-model v0.1.0 (/home/dancxjo/Documents/Codex/2026-10-06/goal-please-finish-and-close-5113/work/conduit/plots/tour)
    Checking patchbay-application v0.1.0 (/home/dancxjo/Documents/Codex/2026-10-06/goal-please-finish-and-close-5113/work/conduit/plots/patchbay/application)
    Checking conduit-planner v0.1.0 (/home/dancxjo/Documents/Codex/2026-10-06/goal-please-finish-and-close-5113/work/conduit/architecture/planner)
    Checking conduit-conduitos-mask-offer v0.1.0 (/home/dancxjo/Documents/Codex/2026-10-06/goal-please-finish-and-close-5113/work/conduit/targets/conduitos/mask-offer)
    Checking conduitos v0.1.0 (/home/dancxjo/Documents/Codex/2026-10-06/goal-please-finish-and-close-5113/work/conduit/targets/conduitos)
warning: unused imports: `prepare_exact` and `propose_partitions`
  --> targets/conduitos/src/native_workset.rs:16:27
   |
16 | pub(crate) use planning::{prepare_exact, propose_partitions};
   |                           ^^^^^^^^^^^^^  ^^^^^^^^^^^^^^^^^^
   |
   = note: `#[warn(unused_imports)]` (part of `#[warn(unused)]`) on by default

warning: static `ACTIVE` is never used
 --> targets/conduitos/src/arch/riscv64/domain_budget.rs:9:8
  |
9 | static ACTIVE: AtomicBool = AtomicBool::new(false);
  |        ^^^^^^
  |
  = note: `#[warn(dead_code)]` (part of `#[warn(unused)]`) on by default

warning: static `READY` is never used
  --> targets/conduitos/src/arch/riscv64/domain_budget.rs:10:8
   |
10 | static READY: AtomicBool = AtomicBool::new(false);
   |        ^^^^^

warning: struct `Budget` is never constructed
  --> targets/conduitos/src/arch/riscv64/domain_budget.rs:17:19
   |
17 | pub(super) struct Budget;
   |                   ^^^^^^

warning: associated function `arm` is never used
  --> targets/conduitos/src/arch/riscv64/domain_budget.rs:20:12
   |
18 | impl Budget {
   | ----------- associated function in this implementation
19 |     /// Caller holds supervisor interrupts masked; Root's vector is installed.
20 |     pub fn arm() -> Result<Self, DomainRefusal> {
   |            ^^^

warning: function `user_interrupts` is never used
   --> targets/conduitos/src/arch/riscv64/domain_budget.rs:126:15
    |
126 | pub(super) fn user_interrupts() -> (u32, u32) {
    |               ^^^^^^^^^^^^^^^

warning: function `interrupt_entries` is never used
   --> targets/conduitos/src/arch/riscv64/domain_budget.rs:132:15
    |
132 | pub(super) fn interrupt_entries() -> u32 {
    |               ^^^^^^^^^^^^^^^^^

warning: function `prepare` is never used
  --> targets/conduitos/src/tour_two_host.rs:11:8
   |
11 | pub fn prepare(
   |        ^^^^^^^

warning: function `run` is never used
  --> targets/conduitos/src/tour_two_host.rs:19:8
   |
19 | pub fn run(
   |        ^^^

warning: fields `scheduler`, `endpoint`, and `cord` are never read
  --> targets/conduitos/src/tour_two_host_kernel.rs:48:5
   |
47 | pub struct SourceKernel {
   |            ------------ fields in this struct
48 |     scheduler: SourceScheduler,
   |     ^^^^^^^^^
49 |     endpoint: RemoteEndpointId,
   |     ^^^^^^^^
50 |     cord: conduit_kernel::CordId,
   |     ^^^^

warning: fields `scheduler`, `endpoint`, and `cord` are never read
  --> targets/conduitos/src/tour_two_host_kernel.rs:54:5
   |
53 | pub struct SinkKernel {
   |            ---------- fields in this struct
54 |     scheduler: SinkScheduler,
   |     ^^^^^^^^^
55 |     endpoint: RemoteEndpointId,
   |     ^^^^^^^^
56 |     cord: conduit_kernel::CordId,
   |     ^^^^

warning: methods `step`, `offer`, `accept`, `delivered`, `decisions`, and `signs` are never used
   --> targets/conduitos/src/tour_two_host_kernel.rs:114:12
    |
 59 | impl SourceKernel {
    | ----------------- methods in this implementation
...
114 |     pub fn step(&mut self) -> Result<SchedulerStatus, SchedulerError> {
    |            ^^^^
...
118 |     pub fn offer(&mut self) -> Result<Option<(u64, &[u8])>, SchedulerError> {
    |            ^^^^^
...
131 |     pub fn accept(&mut self, sequence: u64) -> Result<(), SchedulerError> {
    |            ^^^^^^
...
136 |     pub fn delivered(&mut self, sequence: u64) -> Result<(), SchedulerError> {
    |            ^^^^^^^^^
...
141 |     pub fn decisions(&self) -> u32 {
    |            ^^^^^^^^^
...
144 |     pub fn signs(&self) -> u16 {
    |            ^^^^^

warning: multiple methods are never used
   --> targets/conduitos/src/tour_two_host_kernel.rs:190:12
    |
149 | impl SinkKernel {
    | --------------- methods in this implementation
...
190 |     pub fn admit(
    |            ^^^^^
...
199 |     pub fn close(&mut self) -> Result<(), SchedulerError> {
    |            ^^^^^
...
203 |     pub fn step(&mut self) -> Result<SchedulerStatus, SchedulerError> {
    |            ^^^^
...
206 |     pub fn request(&mut self) -> Option<HostCallRequest> {
    |            ^^^^^^^
...
209 |     pub fn value(&self, request: HostCallRequest) -> Result<&[u8], SchedulerError> {
    |            ^^^^^
...
212 |     pub fn complete(&mut self, request: HostCallRequest) -> Result<(), SchedulerError> {
    |            ^^^^^^^^
...
223 |     pub fn decisions(&self) -> u32 {
    |            ^^^^^^^^^
...
226 |     pub fn signs(&self) -> u16 {
    |            ^^^^^

warning: fields `source` and `sink` are never read
  --> targets/conduitos/src/tour_two_host_plan.rs:31:16
   |
24 | pub struct PreparedTourTwoHostPlan {
   |            ----------------------- fields in this struct
...
31 |     pub(crate) source: crate::tour_two_host_kernel::SourceKernel,
   |                ^^^^^^
32 |     pub(crate) sink: crate::tour_two_host_kernel::SinkKernel,
   |                ^^^^

warning: constant `MAXIMUM_STEPS` is never used
  --> targets/conduitos/src/tour_two_host_play.rs:11:7
   |
11 | const MAXIMUM_STEPS: u32 = 32;
   |       ^^^^^^^^^^^^^

warning: function `run` is never used
  --> targets/conduitos/src/tour_two_host_play.rs:13:8
   |
13 | pub fn run(
   |        ^^^

warning: function `step_source` is never used
  --> targets/conduitos/src/tour_two_host_play.rs:96:4
   |
96 | fn step_source(
   |    ^^^^^^^^^^^

warning: function `step_sink` is never used
   --> targets/conduitos/src/tour_two_host_play.rs:107:4
    |
107 | fn step_sink(sink: &mut crate::tour_two_host_kernel::SinkKernel) -> Result<(), MachineRunError> {
    |    ^^^^^^^^^

warning: function `drain_source` is never used
   --> targets/conduitos/src/tour_two_host_play.rs:116:4
    |
116 | fn drain_source(
    |    ^^^^^^^^^^^^

warning: function `drain_sink` is never used
   --> targets/conduitos/src/tour_two_host_play.rs:129:4
    |
129 | fn drain_sink(sink: &mut crate::tour_two_host_kernel::SinkKernel) -> Result<(), MachineRunError> {
    |    ^^^^^^^^^^

warning: `conduitos` (lib) generated 20 warnings (run `cargo fix --lib -p conduitos` to apply 1 suggestion)
    Finished `dev` profile [unoptimized] target(s) in 27.75s
    Checking serde v1.0.229
    Checking zeroize v1.9.0
   Compiling conduit-time v0.1.0 (/home/dancxjo/Documents/Codex/2026-10-06/goal-please-finish-and-close-5113/work/conduit/semantics/time)
    Checking thiserror v2.0.20
    Checking cobs v0.3.0
    Checking curve25519-dalek v4.1.3
   Compiling conduit-human v0.1.0 (/home/dancxjo/Documents/Codex/2026-10-06/goal-please-finish-and-close-5113/work/conduit/semantics/human)
    Checking conduit-assigned-plan v0.1.0 (/home/dancxjo/Documents/Codex/2026-10-06/goal-please-finish-and-close-5113/work/conduit/architecture/assigned-plan)
    Checking ed25519-dalek v2.2.0
    Checking postcard v1.1.3
    Checking conduit-core v0.1.0 (/home/dancxjo/Documents/Codex/2026-10-06/goal-please-finish-and-close-5113/work/conduit/architecture/core)
   Compiling conduit-presentation v0.1.0 (/home/dancxjo/Documents/Codex/2026-10-06/goal-please-finish-and-close-5113/work/conduit/semantics/presentation)
   Compiling conduit-data v0.1.0 (/home/dancxjo/Documents/Codex/2026-10-06/goal-please-finish-and-close-5113/work/conduit/semantics/data)
   Compiling conduit-audio v0.1.0 (/home/dancxjo/Documents/Codex/2026-10-06/goal-please-finish-and-close-5113/work/conduit/semantics/audio)
    Checking conduit-kernel v0.1.0 (/home/dancxjo/Documents/Codex/2026-10-06/goal-please-finish-and-close-5113/work/conduit/architecture/kernel)
   Compiling conduit-purpose v0.1.0 (/home/dancxjo/Documents/Codex/2026-10-06/goal-please-finish-and-close-5113/work/conduit/semantics/purpose)
   Compiling conduit-net v0.1.0 (/home/dancxjo/Documents/Codex/2026-10-06/goal-please-finish-and-close-5113/work/conduit/semantics/net)
   Compiling conduit-alife v0.1.0 (/home/dancxjo/Documents/Codex/2026-10-06/goal-please-finish-and-close-5113/work/conduit/semantics/alife)
   Compiling conduit-process v0.1.0 (/home/dancxjo/Documents/Codex/2026-10-06/goal-please-finish-and-close-5113/work/conduit/semantics/process)
   Compiling conduit-web v0.1.0 (/home/dancxjo/Documents/Codex/2026-10-06/goal-please-finish-and-close-5113/work/conduit/semantics/web)
   Compiling conduit-text v0.1.0 (/home/dancxjo/Documents/Codex/2026-10-06/goal-please-finish-and-close-5113/work/conduit/semantics/text)
   Compiling conduit-robotics v0.1.0 (/home/dancxjo/Documents/Codex/2026-10-06/goal-please-finish-and-close-5113/work/conduit/semantics/robotics)
   Compiling conduit-education v0.1.0 (/home/dancxjo/Documents/Codex/2026-10-06/goal-please-finish-and-close-5113/work/conduit/semantics/education)
    Checking cipher v0.4.4
   Compiling conduit-language v0.1.0 (/home/dancxjo/Documents/Codex/2026-10-06/goal-please-finish-and-close-5113/work/conduit/semantics/language)
    Checking chacha20 v0.9.1
    Checking chacha20poly1305 v0.10.1
   Compiling conduit-ai v0.1.0 (/home/dancxjo/Documents/Codex/2026-10-06/goal-please-finish-and-close-5113/work/conduit/semantics/ai)
    Checking x25519-dalek v2.0.1
   Compiling conduit-tutorial-plot v0.1.0 (/home/dancxjo/Documents/Codex/2026-10-06/goal-please-finish-and-close-5113/work/conduit/semantics/tutorial)
   Compiling conduit-wire v0.1.0 (/home/dancxjo/Documents/Codex/2026-10-06/goal-please-finish-and-close-5113/work/conduit/architecture/wire)
   Compiling conduit-home-model v0.1.0 (/home/dancxjo/Documents/Codex/2026-10-06/goal-please-finish-and-close-5113/work/conduit/semantics/home)
    Checking noise-rust-crypto v0.6.2
    Checking patchbay-control v0.1.0 (/home/dancxjo/Documents/Codex/2026-10-06/goal-please-finish-and-close-5113/work/conduit/plots/patchbay)
    Checking conduit-protected-line v0.1.0 (/home/dancxjo/Documents/Codex/2026-10-06/goal-please-finish-and-close-5113/work/conduit/architecture/protected-line)
    Checking conduit-plot v0.1.0 (/home/dancxjo/Documents/Codex/2026-10-06/goal-please-finish-and-close-5113/work/conduit/architecture/plot)
    Checking conduit-body v0.1.0 (/home/dancxjo/Documents/Codex/2026-10-06/goal-please-finish-and-close-5113/work/conduit/architecture/body)
    Checking conduit-plan-lowering v0.1.0 (/home/dancxjo/Documents/Codex/2026-10-06/goal-please-finish-and-close-5113/work/conduit/architecture/plan-lowering)
    Checking conduit-observatory v0.1.0 (/home/dancxjo/Documents/Codex/2026-10-06/goal-please-finish-and-close-5113/work/conduit/architecture/observatory)
    Checking conduit-composite v0.1.0 (/home/dancxjo/Documents/Codex/2026-10-06/goal-please-finish-and-close-5113/work/conduit/architecture/composite)
    Checking conduit-midi v0.1.0 (/home/dancxjo/Documents/Codex/2026-10-06/goal-please-finish-and-close-5113/work/conduit/mechanisms/protocols/midi)
    Checking conduit-synth v0.1.0 (/home/dancxjo/Documents/Codex/2026-10-06/goal-please-finish-and-close-5113/work/conduit/mechanisms/implementations/synth)
    Checking conduit-semantic-catalog v0.1.0 (/home/dancxjo/Documents/Codex/2026-10-06/goal-please-finish-and-close-5113/work/conduit/semantics/catalog)
    Checking conduit-birth-plot v0.1.0 (/home/dancxjo/Documents/Codex/2026-10-06/goal-please-finish-and-close-5113/work/conduit/plots/birth)
    Checking patchbay-graph v0.1.0 (/home/dancxjo/Documents/Codex/2026-10-06/goal-please-finish-and-close-5113/work/conduit/plots/patchbay/graph)
    Checking conduit-tour-model v0.1.0 (/home/dancxjo/Documents/Codex/2026-10-06/goal-please-finish-and-close-5113/work/conduit/plots/tour)
    Checking patchbay-application v0.1.0 (/home/dancxjo/Documents/Codex/2026-10-06/goal-please-finish-and-close-5113/work/conduit/plots/patchbay/application)
    Checking conduit-planner v0.1.0 (/home/dancxjo/Documents/Codex/2026-10-06/goal-please-finish-and-close-5113/work/conduit/architecture/planner)
    Checking conduit-conduitos-mask-offer v0.1.0 (/home/dancxjo/Documents/Codex/2026-10-06/goal-please-finish-and-close-5113/work/conduit/targets/conduitos/mask-offer)
    Checking conduitos v0.1.0 (/home/dancxjo/Documents/Codex/2026-10-06/goal-please-finish-and-close-5113/work/conduit/targets/conduitos)
warning: unused imports: `prepare_exact` and `propose_partitions`
  --> targets/conduitos/src/native_workset.rs:16:27
   |
16 | pub(crate) use planning::{prepare_exact, propose_partitions};
   |                           ^^^^^^^^^^^^^  ^^^^^^^^^^^^^^^^^^
   |
   = note: `#[warn(unused_imports)]` (part of `#[warn(unused)]`) on by default

warning: static `ACTIVE` is never used
 --> targets/conduitos/src/arch/loongarch64/domain_budget.rs:9:8
  |
9 | static ACTIVE: AtomicBool = AtomicBool::new(false);
  |        ^^^^^^
  |
  = note: `#[warn(dead_code)]` (part of `#[warn(unused)]`) on by default

warning: static `READY` is never used
  --> targets/conduitos/src/arch/loongarch64/domain_budget.rs:10:8
   |
10 | static READY: AtomicBool = AtomicBool::new(false);
   |        ^^^^^

warning: struct `Budget` is never constructed
  --> targets/conduitos/src/arch/loongarch64/domain_budget.rs:17:19
   |
17 | pub(super) struct Budget;
   |                   ^^^^^^

warning: associated function `arm` is never used
  --> targets/conduitos/src/arch/loongarch64/domain_budget.rs:20:12
   |
18 | impl Budget {
   | ----------- associated function in this implementation
19 |     /// Caller holds Root interrupts masked; Root's vector is installed.
20 |     pub fn arm() -> Result<Self, DomainRefusal> {
   |            ^^^

warning: function `user_interrupts` is never used
   --> targets/conduitos/src/arch/loongarch64/domain_budget.rs:126:15
    |
126 | pub(super) fn user_interrupts() -> (u32, u32) {
    |               ^^^^^^^^^^^^^^^

warning: function `interrupt_entries` is never used
   --> targets/conduitos/src/arch/loongarch64/domain_budget.rs:132:15
    |
132 | pub(super) fn interrupt_entries() -> u32 {
    |               ^^^^^^^^^^^^^^^^^

warning: function `prepare` is never used
  --> targets/conduitos/src/tour_two_host.rs:11:8
   |
11 | pub fn prepare(
   |        ^^^^^^^

warning: function `run` is never used
  --> targets/conduitos/src/tour_two_host.rs:19:8
   |
19 | pub fn run(
   |        ^^^

warning: fields `scheduler`, `endpoint`, and `cord` are never read
  --> targets/conduitos/src/tour_two_host_kernel.rs:48:5
   |
47 | pub struct SourceKernel {
   |            ------------ fields in this struct
48 |     scheduler: SourceScheduler,
   |     ^^^^^^^^^
49 |     endpoint: RemoteEndpointId,
   |     ^^^^^^^^
50 |     cord: conduit_kernel::CordId,
   |     ^^^^

warning: fields `scheduler`, `endpoint`, and `cord` are never read
  --> targets/conduitos/src/tour_two_host_kernel.rs:54:5
   |
53 | pub struct SinkKernel {
   |            ---------- fields in this struct
54 |     scheduler: SinkScheduler,
   |     ^^^^^^^^^
55 |     endpoint: RemoteEndpointId,
   |     ^^^^^^^^
56 |     cord: conduit_kernel::CordId,
   |     ^^^^

warning: methods `step`, `offer`, `accept`, `delivered`, `decisions`, and `signs` are never used
   --> targets/conduitos/src/tour_two_host_kernel.rs:114:12
    |
 59 | impl SourceKernel {
    | ----------------- methods in this implementation
...
114 |     pub fn step(&mut self) -> Result<SchedulerStatus, SchedulerError> {
    |            ^^^^
...
118 |     pub fn offer(&mut self) -> Result<Option<(u64, &[u8])>, SchedulerError> {
    |            ^^^^^
...
131 |     pub fn accept(&mut self, sequence: u64) -> Result<(), SchedulerError> {
    |            ^^^^^^
...
136 |     pub fn delivered(&mut self, sequence: u64) -> Result<(), SchedulerError> {
    |            ^^^^^^^^^
...
141 |     pub fn decisions(&self) -> u32 {
    |            ^^^^^^^^^
...
144 |     pub fn signs(&self) -> u16 {
    |            ^^^^^

warning: multiple methods are never used
   --> targets/conduitos/src/tour_two_host_kernel.rs:190:12
    |
149 | impl SinkKernel {
    | --------------- methods in this implementation
...
190 |     pub fn admit(
    |            ^^^^^
...
199 |     pub fn close(&mut self) -> Result<(), SchedulerError> {
    |            ^^^^^
...
203 |     pub fn step(&mut self) -> Result<SchedulerStatus, SchedulerError> {
    |            ^^^^
...
206 |     pub fn request(&mut self) -> Option<HostCallRequest> {
    |            ^^^^^^^
...
209 |     pub fn value(&self, request: HostCallRequest) -> Result<&[u8], SchedulerError> {
    |            ^^^^^
...
212 |     pub fn complete(&mut self, request: HostCallRequest) -> Result<(), SchedulerError> {
    |            ^^^^^^^^
...
223 |     pub fn decisions(&self) -> u32 {
    |            ^^^^^^^^^
...
226 |     pub fn signs(&self) -> u16 {
    |            ^^^^^

warning: fields `source` and `sink` are never read
  --> targets/conduitos/src/tour_two_host_plan.rs:31:16
   |
24 | pub struct PreparedTourTwoHostPlan {
   |            ----------------------- fields in this struct
...
31 |     pub(crate) source: crate::tour_two_host_kernel::SourceKernel,
   |                ^^^^^^
32 |     pub(crate) sink: crate::tour_two_host_kernel::SinkKernel,
   |                ^^^^

warning: constant `MAXIMUM_STEPS` is never used
  --> targets/conduitos/src/tour_two_host_play.rs:11:7
   |
11 | const MAXIMUM_STEPS: u32 = 32;
   |       ^^^^^^^^^^^^^

warning: function `run` is never used
  --> targets/conduitos/src/tour_two_host_play.rs:13:8
   |
13 | pub fn run(
   |        ^^^

warning: function `step_source` is never used
  --> targets/conduitos/src/tour_two_host_play.rs:96:4
   |
96 | fn step_source(
   |    ^^^^^^^^^^^

warning: function `step_sink` is never used
   --> targets/conduitos/src/tour_two_host_play.rs:107:4
    |
107 | fn step_sink(sink: &mut crate::tour_two_host_kernel::SinkKernel) -> Result<(), MachineRunError> {
    |    ^^^^^^^^^

warning: function `drain_source` is never used
   --> targets/conduitos/src/tour_two_host_play.rs:116:4
    |
116 | fn drain_source(
    |    ^^^^^^^^^^^^

warning: function `drain_sink` is never used
   --> targets/conduitos/src/tour_two_host_play.rs:129:4
    |
129 | fn drain_sink(sink: &mut crate::tour_two_host_kernel::SinkKernel) -> Result<(), MachineRunError> {
    |    ^^^^^^^^^^

warning: `conduitos` (lib) generated 20 warnings (run `cargo fix --lib -p conduitos` to apply 1 suggestion)
    Finished `dev` profile [unoptimized] target(s) in 18.37s
   Compiling conduitos v0.1.0 (/home/dancxjo/Documents/Codex/2026-10-06/goal-please-finish-and-close-5113/work/conduit/targets/conduitos)
    Finished `release` profile [optimized] target(s) in 30.05s
ConduitOS ELF: /home/dancxjo/Documents/Codex/2026-10-06/goal-please-finish-and-close-5113/work/conduit/target/conduitos/x86_64/conduitos
ConduitOS image: /home/dancxjo/Documents/Codex/2026-10-06/goal-please-finish-and-close-5113/work/conduit/target/conduitos/x86_64/conduitos.iso
{"schema":"conduit.conduitos.boot-sign/v1","status":"accepted","arch":"x86_64","firmware":"x86-bios","profile_id":"sha256:44f70590ea7435a73efad4147dce8b065908dca53622a7a14d76a4ffa6c4dd33","build_id":"build:sha256:ee5f0527c48fb0fa9bbbb5c4b5874ca4c08c67bd06e24d557467519d4f8c882d","image_binding":"image:sha256:03a95fa60c73d1a22dd1eef20319428837c5d2be735fcbf6e0d2647168ff11fc","offer_generation":1,"limine":"12.5.2","qemu_profile":"q35-single-cpu-64m-headless-xhci-usb-kbd-usb-mouse-usb-ftdi-adlib","host_id":"2a12d1cba191a31b7727d86e71fb7eb3ab11a270d4809225913a1ec007fb292d","boot_id":"703d53af2430caadd11046578720ff459c065084967babbace0e16511c6c9262","memory_regions":19,"artifacts":1,"framebuffers":1,"command_line_bytes":38,"runtime_arena_bytes":16777216}
{"schema":"conduit.conduitos.kernel-sign/v2","status":"accepted","arch":"x86_64","build_id":"build:sha256:ee5f0527c48fb0fa9bbbb5c4b5874ca4c08c67bd06e24d557467519d4f8c882d","kernel":"conduit-kernel","scheduler_profile":"conduitos/two-lane-cooperative@1","host_id":"2a12d1cba191a31b7727d86e71fb7eb3ab11a270d4809225913a1ec007fb292d","boot_id":"703d53af2430caadd11046578720ff459c065084967babbace0e16511c6c9262","pipeline":"check-plan-lower-kernel","source_document_id":"1341e1bd04eec43342f6e9ae79c7da5ca92574c1d2e373386c3495823527a9f8","checked_plot_id":"4c0e3092ab0f3f04f0edaabca73cae5c1cf8625f7f883fcd5fc8b7e8f55ce7bb","expanded_plot_id":"f7e5f1f4ab99cdea2114cc2ee68687be252999401c4c0f1cc2f77f3924f7e587","plan_id":"09749bdda9b4938ea2ae09d3fa67833af5417742a048612d07ac9f12d1c47acb","fragment_id":"4f64da76bd5e56dad718e8f6814c5726b07348bb458aaffb1cbed6eb816b431e","active_play_id":"88ffbaf0c6c76e77af08cd0054d93eee28b8c5707056a69a1cffe1edad47370b","planned_sign_items":15,"planned_sign_bytes":847,"cord_item_capacity":3,"cord_byte_capacity":192,"semantic_result":"HELLO, CONDUITOS","allocation_before_play":1209728,"allocation_after_play":1209728,"allocation_capacity":16777216,"allocation_stable_during_play":true,"base_ids":["77c480e0f6535791ca2f6aa43194fadf35710944e4694da6b0c4340a327f7478","bf6c1c1d61b2f8dc5ef5932539a44d99920dca5497bc776a24d8068b5caf5c72","fcf453d70f58b4c18157628d018c91b07e377dc1d362c9e913add983350fbbbf","0a6ed9328d88c63e905feb6298979f1d2c7ea0e54dc9eb5feced9c045153416e","3aa2168dd1c2310e6588876b596ca89427d4e275645ce318d39da80698cbdb3a","418c32b282a868bd1ed5be4295d071c4ea7d9f3a7ea8b0ec6c810a86eb3734fd","befe5025a9c50ddba7305e604318b5f5618f427767e8389d2751ad255c72d770"],"base_count":7,"memory_arena_bytes":16777216,"execution_regions":2,"execution_lanes":2,"region_ids":["region/text","region/timer"],"lane_resource_ids":["conduitos-pool-1-execution-lane","conduitos-pool-4-execution-lane"],"lane_base_id":"befe5025a9c50ddba7305e604318b5f5618f427767e8389d2751ad255c72d770","timer_slots":1,"serial_slots":2,"serial_maximum_bytes":256,"interrupt_fact_slots":4,"sign_item_slots":64,"logical_operations":5,"kernel_decisions":14,"kernel_signs":36,"timer_irq_wakes":1,"idle_entries":0,"serial_presentations":2,"clock_monotonic":true,"pending_host_calls":0,"overlap_witness":true,"timer_pending_during_text_progress":true,"physical_parallelism":false,"preemption":false,"isolation":false,"sse2":true,"rdrand":true,"invariant_tsc":false}
{"schema":"conduit.observatory.snapshot/v2","hosts":[{"advertisement":{"protocol_version":1,"host_id":"2a12d1cba191a31b7727d86e71fb7eb3ab11a270d4809225913a1ec007fb292d","boot_id":"703d53af2430caadd11046578720ff459c065084967babbace0e16511c6c9262","offer_generation":1,"profile":"conduitos/two-lane-cooperative@1","bases":[{"base_id":"0a6ed9328d88c63e905feb6298979f1d2c7ea0e54dc9eb5feced9c045153416e","provider_instance_id":"f67f6187d0978da6231c49daeaa6dbf6a88395ec9c8723f3313213299de45183","provider_generation":1,"implementation_id":"conduitos/base/serial@1","mechanism_family":"serial","enforcement_class":"Cooperative","lifecycle":"Ready","capability_ids":["conduitos/dual-1@1","conduitos/dual-4@1"],"resource_pool_ids":["conduitos-pool-3-serial"]},{"base_id":"814800ef2daf19a983ef6d8512cba484be0e17fa910aca64b31f174f1f5b1aae","provider_instance_id":"f6df69a37a6544ac66c7081ea5c06b8ce9f801c954aa900001992f9b91cdb576","provider_generation":1,"implementation_id":"conduitos.base/xhci@1","mechanism_family":"conduitos.base/keyboard-input@1","enforcement_class":"ConduitOsKernelEnforced","lifecycle":"Ready","capability_ids":["conduitos/input-keyboard@1"],"resource_pool_ids":["conduitos-device-0-814800ef2daf19a983ef6d8512cba484be0e17fa910aca64b31f174f1f5b1aae","conduitos-device-1-764d93a1428483ce33f8483bdf92947cd1af4cdd98d03c8ef8e7ef2980da6540","conduitos-device-2-f7dbc27e43c16f9dac3f0701f93d885aa4ecb1d6b6aceb6131981e4ed013ef83","conduitos-device-3-f6df69a37a6544ac66c7081ea5c06b8ce9f801c954aa900001992f9b91cdb576","conduitos-device-4-f6df69a37a6544ac66c7081ea5c06b8ce9f801c954aa900001992f9b91cdb576","conduitos-device-5-f6df69a37a6544ac66c7081ea5c06b8ce9f801c954aa900001992f9b91cdb576","conduitos-device-6-f6df69a37a6544ac66c7081ea5c06b8ce9f801c954aa900001992f9b91cdb576"]}],"resources":[{"pool_id":"conduitos-device-0-814800ef2daf19a983ef6d8512cba484be0e17fa910aca64b31f174f1f5b1aae","class_id":"conduitos.resource/device-controller-instance@1","capacity_units":1,"compute":null},{"pool_id":"conduitos-device-1-764d93a1428483ce33f8483bdf92947cd1af4cdd98d03c8ef8e7ef2980da6540","class_id":"conduitos.resource/device-instance@1","capacity_units":1,"compute":null},{"pool_id":"conduitos-device-2-f7dbc27e43c16f9dac3f0701f93d885aa4ecb1d6b6aceb6131981e4ed013ef83","class_id":"conduitos.resource/device-interface-instance@1","capacity_units":1,"compute":null},{"pool_id":"conduitos-device-3-f6df69a37a6544ac66c7081ea5c06b8ce9f801c954aa900001992f9b91cdb576","class_id":"conduitos.resource/device-endpoint-instance@1","capacity_units":1,"compute":null},{"pool_id":"conduitos-device-4-f6df69a37a6544ac66c7081ea5c06b8ce9f801c954aa900001992f9b91cdb576","class_id":"conduitos.resource/input-report-buffer@1","capacity_units":8,"compute":null},{"pool_id":"conduitos-device-5-f6df69a37a6544ac66c7081ea5c06b8ce9f801c954aa900001992f9b91cdb576","class_id":"conduitos.resource/input-transition-slot@1","capacity_units":8,"compute":null},{"pool_id":"conduitos-device-6-f6df69a37a6544ac66c7081ea5c06b8ce9f801c954aa900001992f9b91cdb576","class_id":"conduitos.resource/input-operation-slot@1","capacity_units":8,"compute":null},{"pool_id":"conduitos-pool-0-memory","class_id":"conduit.resource/runtime-memory@1","capacity_units":16777216,"compute":null},{"pool_id":"conduitos-pool-1-execution-lane","class_id":"conduit.resource/execution-lane@1","capacity_units":1,"compute":null},{"pool_id":"conduitos-pool-2-timer","class_id":"conduit.resource/timer-slot@1","capacity_units":1,"compute":null},{"pool_id":"conduitos-pool-3-serial","class_id":"conduit.resource/presentation-slot@1","capacity_units":2,"compute":null},{"pool_id":"conduitos-pool-4-execution-lane","class_id":"conduit.resource/execution-lane@1","capacity_units":1,"compute":null}],"capabilities":[{"startup_parameters":[{"name":"count","value_type":"value/count","has_default":true},{"name":"period-ms","value_type":"value/count","has_default":true}],"shorthand":null,"capability_id":"conduitos/dual-0@1","kind_id":"time/tick","kind_contract_revision":"conduit.std/time-tick@2","inputs":[],"outputs":[{"port_id":"tick","value_kind":"value/tick@1","direction":"Output","temporal":{"Flow":{"closes":true}}}],"semantic_contract":{"configuration":[{"key":"count","default_value":{"U64":4},"rule":{"U64Range":{"minimum":0,"maximum":4096}}},{"key":"period-ms","default_value":{"U64":1000},"rule":{"U64Range":{"minimum":0,"maximum":"18446744073709551615"}}}],"laws":[{"Terminal":"CompletesAfterConfiguredCount"}]},"execution_profile_id":"conduitos/single-lane-cooperative@1","implementation_id":"conduitos/kernel-time-tick@1","artifact_id":"conduitos-build/build:sha256:ee5f0527c48fb0fa9bbbb5c4b5874ca4c08c67bd06e24d557467519d4f8c882d","host_calls":[{"contract_id":"conduit.host/wait@1","target_kind":null,"maximum_in_flight":1,"maximum_input_bytes":8,"maximum_output_bytes":0}],"resource_requirements":[{"class_id":"conduit.resource/runtime-memory@1","units":4096,"protected_role":null,"compute":null},{"class_id":"conduit.resource/timer-slot@1","units":1,"protected_role":null,"compute":null}],"authority_requirements":[],"limits":{"max_active_instances":16,"max_queue_items":4,"max_queue_bytes":64}},{"startup_parameters":[],"shorthand":null,"capability_id":"conduitos/dual-1@1","kind_id":"presentation/tick","kind_contract_revision":"conduit.std/presentation-tick@2","inputs":[{"port_id":"tick","value_kind":"value/tick@1","direction":"Input","temporal":{"Flow":{"closes":false}}}],"outputs":[],"semantic_contract":{"configuration":[],"laws":[{"Terminal":"CompletesWhenInputsClose"}]},"execution_profile_id":"conduitos/single-lane-cooperative@1","implementation_id":"conduitos/kernel-serial-tick@1","artifact_id":"conduitos-build/build:sha256:ee5f0527c48fb0fa9bbbb5c4b5874ca4c08c67bd06e24d557467519d4f8c882d","host_calls":[{"contract_id":"conduit.host/present@1","target_kind":"presentation/conduitos-tick","maximum_in_flight":1,"maximum_input_bytes":8,"maximum_output_bytes":256}],"resource_requirements":[{"class_id":"conduit.resource/presentation-slot@1","units":1,"protected_role":null,"compute":null},{"class_id":"conduit.resource/runtime-memory@1","units":4096,"protected_role":null,"compute":null}],"authority_requirements":[],"limits":{"max_active_instances":16,"max_queue_items":4,"max_queue_bytes":64}},{"startup_parameters":[{"name":"value","value_type":"value/text","has_default":false}],"shorthand":null,"capability_id":"conduitos/dual-2@1","kind_id":"text/literal","kind_contract_revision":"conduit.std/text-literal@1","inputs":[],"outputs":[{"port_id":"text","value_kind":"value/text","direction":"Output","temporal":"Value"}],"semantic_contract":{"configuration":[{"key":"value","default_value":{"Text":""},"rule":{"TextBytes":{"maximum":256}}}],"laws":[{"Terminal":"EmitsOnce"}]},"execution_profile_id":"conduitos/single-lane-cooperative@1","implementation_id":"conduitos/kernel-text-literal@1","artifact_id":"conduitos-build/build:sha256:ee5f0527c48fb0fa9bbbb5c4b5874ca4c08c67bd06e24d557467519d4f8c882d","host_calls":[],"resource_requirements":[{"class_id":"conduit.resource/runtime-memory@1","units":4096,"protected_role":null,"compute":null}],"authority_requirements":[],"limits":{"max_active_instances":16,"max_queue_items":4,"max_queue_bytes":256}},{"startup_parameters":[],"shorthand":["source","text"],"capability_id":"conduitos/dual-3@1","kind_id":"text/upper","kind_contract_revision":"conduit.std/text-upper@1","inputs":[{"port_id":"source","value_kind":"value/text","direction":"Input","temporal":"Value"}],"outputs":[{"port_id":"text","value_kind":"value/text","direction":"Output","temporal":"Value"}],"semantic_contract":{"configuration":[],"laws":[{"Terminal":"MirrorsInputTerminal"}]},"execution_profile_id":"conduitos/single-lane-cooperative@1","implementation_id":"conduitos/kernel-text-upper@1","artifact_id":"conduitos-build/build:sha256:ee5f0527c48fb0fa9bbbb5c4b5874ca4c08c67bd06e24d557467519d4f8c882d","host_calls":[{"contract_id":"conduit.host/text-upper@1","target_kind":"text/uppercase-utf8","maximum_in_flight":1,"maximum_input_bytes":256,"maximum_output_bytes":256}],"resource_requirements":[{"class_id":"conduit.resource/runtime-memory@1","units":145360,"protected_role":null,"compute":null}],"authority_requirements":[],"limits":{"max_active_instances":16,"max_queue_items":4,"max_queue_bytes":256}},{"startup_parameters":[{"name":"maximum-values","value_type":"value/count","has_default":true}],"shorthand":null,"capability_id":"conduitos/dual-4@1","kind_id":"presentation/text","kind_contract_revision":"conduit.std/presentation-text@1","inputs":[{"port_id":"text","value_kind":"value/text","direction":"Input","temporal":"Value"}],"outputs":[],"semantic_contract":{"configuration":[{"key":"maximum-values","default_value":{"U64":8},"rule":{"U64Range":{"minimum":1,"maximum":8}}}],"laws":[{"Terminal":"CompletesWhenInputsClose"}]},"execution_profile_id":"conduitos/single-lane-cooperative@1","implementation_id":"conduitos/kernel-serial-text@1","artifact_id":"conduitos-build/build:sha256:ee5f0527c48fb0fa9bbbb5c4b5874ca4c08c67bd06e24d557467519d4f8c882d","host_calls":[{"contract_id":"conduit.host/present@1","target_kind":"presentation/conduitos-text","maximum_in_flight":1,"maximum_input_bytes":256,"maximum_output_bytes":256}],"resource_requirements":[{"class_id":"conduit.resource/presentation-slot@1","units":1,"protected_role":null,"compute":null},{"class_id":"conduit.resource/runtime-memory@1","units":4096,"protected_role":null,"compute":null}],"authority_requirements":[],"limits":{"max_active_instances":16,"max_queue_items":4,"max_queue_bytes":256}},{"startup_parameters":[],"shorthand":null,"capability_id":"conduitos/input-keyboard@1","kind_id":"input/keyboard","kind_contract_revision":"conduit.input/keyboard@2","inputs":[],"outputs":[{"port_id":"key","value_kind":"input/key-event@1","direction":"Output","temporal":{"Flow":{"closes":false}}}],"semantic_contract":{"configuration":[],"laws":[{"Terminal":"HostInputEndsOrFailsSource"}]},"execution_profile_id":"conduitos/usb-input-cooperative@1","implementation_id":"conduitos/usb-hid-keyboard@1","artifact_id":"conduitos-build/build:sha256:ee5f0527c48fb0fa9bbbb5c4b5874ca4c08c67bd06e24d557467519d4f8c882d","host_calls":[{"contract_id":"conduit.host/input-next-key-event@1","target_kind":"input/key-event@1","maximum_in_flight":1,"maximum_input_bytes":0,"maximum_output_bytes":3}],"resource_requirements":[{"class_id":"conduit.resource/runtime-memory@1","units":4096,"protected_role":null,"compute":null},{"class_id":"conduitos.resource/device-controller-instance@1","units":1,"protected_role":null,"compute":null},{"class_id":"conduitos.resource/device-endpoint-instance@1","units":1,"protected_role":null,"compute":null},{"class_id":"conduitos.resource/device-instance@1","units":1,"protected_role":null,"compute":null},{"class_id":"conduitos.resource/device-interface-instance@1","units":1,"protected_role":null,"compute":null},{"class_id":"conduitos.resource/input-operation-slot@1","units":1,"protected_role":null,"compute":null},{"class_id":"conduitos.resource/input-report-buffer@1","units":1,"protected_role":null,"compute":null},{"class_id":"conduitos.resource/input-transition-slot@1","units":1,"protected_role":null,"compute":null}],"authority_requirements":[],"limits":{"max_active_instances":1,"max_queue_items":8,"max_queue_bytes":64}}],"planner_capabilities":[]},"state":"Available","capabilities":[{"capability_id":"conduitos/dual-0@1","freshness":"Fresh","support":"Supported","availability":"Available"},{"capability_id":"conduitos/dual-1@1","freshness":"Fresh","support":"Supported","availability":"Available"},{"capability_id":"conduitos/dual-2@1","freshness":"Fresh","support":"Supported","availability":"Available"},{"capability_id":"conduitos/dual-3@1","freshness":"Fresh","support":"Supported","availability":"Available"},{"capability_id":"conduitos/dual-4@1","freshness":"Fresh","support":"Supported","availability":"Available"},{"capability_id":"conduitos/input-keyboard@1","freshness":"Fresh","support":"Supported","availability":"Available"}],"devices":[]}],"bases":[{"host_id":"2a12d1cba191a31b7727d86e71fb7eb3ab11a270d4809225913a1ec007fb292d","boot_id":"703d53af2430caadd11046578720ff459c065084967babbace0e16511c6c9262","base_id":"77c480e0f6535791ca2f6aa43194fadf35710944e4694da6b0c4340a327f7478","provider_instance_id":"1d86784d5b965641574d4e715b5ff04260978b7a3ebd13d49f6dedba8da47384","provider_generation":1,"kind_id":"conduitos.base/memory@1","state":"Available","capacity_units":16777216},{"host_id":"2a12d1cba191a31b7727d86e71fb7eb3ab11a270d4809225913a1ec007fb292d","boot_id":"703d53af2430caadd11046578720ff459c065084967babbace0e16511c6c9262","base_id":"bf6c1c1d61b2f8dc5ef5932539a44d99920dca5497bc776a24d8068b5caf5c72","provider_instance_id":"1b15068ebd5fa066f6dd9a3699858560e5c4135dd8f1211bc5d602e7a1028bd8","provider_generation":1,"kind_id":"conduitos.base/clock@1","state":"Available","capacity_units":1},{"host_id":"2a12d1cba191a31b7727d86e71fb7eb3ab11a270d4809225913a1ec007fb292d","boot_id":"703d53af2430caadd11046578720ff459c065084967babbace0e16511c6c9262","base_id":"fcf453d70f58b4c18157628d018c91b07e377dc1d362c9e913add983350fbbbf","provider_instance_id":"4d7cbfb90f06d0eef341093caa7019c445a87321aefe41922cc1e5f0b7973c37","provider_generation":1,"kind_id":"conduitos.base/timer@1","state":"Available","capacity_units":1},{"host_id":"2a12d1cba191a31b7727d86e71fb7eb3ab11a270d4809225913a1ec007fb292d","boot_id":"703d53af2430caadd11046578720ff459c065084967babbace0e16511c6c9262","base_id":"0a6ed9328d88c63e905feb6298979f1d2c7ea0e54dc9eb5feced9c045153416e","provider_instance_id":"f67f6187d0978da6231c49daeaa6dbf6a88395ec9c8723f3313213299de45183","provider_generation":1,"kind_id":"serial","implementation_id":"conduitos/base/serial@1","enforcement_class":"Cooperative","lifecycle":"Ready","state":"Available","capacity_units":2},{"host_id":"2a12d1cba191a31b7727d86e71fb7eb3ab11a270d4809225913a1ec007fb292d","boot_id":"703d53af2430caadd11046578720ff459c065084967babbace0e16511c6c9262","base_id":"3aa2168dd1c2310e6588876b596ca89427d4e275645ce318d39da80698cbdb3a","provider_instance_id":"d1dae9857f81223cf49dcc3addae68e553d5ac7c5625e420dd38cd60b995facf","provider_generation":1,"kind_id":"conduitos.base/interrupt@1","state":"Available","capacity_units":4},{"host_id":"2a12d1cba191a31b7727d86e71fb7eb3ab11a270d4809225913a1ec007fb292d","boot_id":"703d53af2430caadd11046578720ff459c065084967babbace0e16511c6c9262","base_id":"418c32b282a868bd1ed5be4295d071c4ea7d9f3a7ea8b0ec6c810a86eb3734fd","provider_instance_id":"18053792900eb4a7629c246b8ad1ab8b8826452f7d39f00e63e4e3371085451b","provider_generation":1,"kind_id":"conduitos.base/idle@1","state":"Available","capacity_units":1},{"host_id":"2a12d1cba191a31b7727d86e71fb7eb3ab11a270d4809225913a1ec007fb292d","boot_id":"703d53af2430caadd11046578720ff459c065084967babbace0e16511c6c9262","base_id":"befe5025a9c50ddba7305e604318b5f5618f427767e8389d2751ad255c72d770","provider_instance_id":"528779446df08da0c4954c5f0d9fb6eb90f52e42d9aa93ee07109f29a420a4fe","provider_generation":1,"kind_id":"conduitos.base/execution-lane@1","state":"Available","capacity_units":2},{"host_id":"2a12d1cba191a31b7727d86e71fb7eb3ab11a270d4809225913a1ec007fb292d","boot_id":"703d53af2430caadd11046578720ff459c065084967babbace0e16511c6c9262","base_id":"814800ef2daf19a983ef6d8512cba484be0e17fa910aca64b31f174f1f5b1aae","provider_instance_id":"f6df69a37a6544ac66c7081ea5c06b8ce9f801c954aa900001992f9b91cdb576","provider_generation":1,"kind_id":"conduitos.base/keyboard-input@1","implementation_id":"conduitos.base/xhci@1","enforcement_class":"ConduitOsKernelEnforced","lifecycle":"Ready","state":"Available","capacity_units":28},{"host_id":"2a12d1cba191a31b7727d86e71fb7eb3ab11a270d4809225913a1ec007fb292d","boot_id":"703d53af2430caadd11046578720ff459c065084967babbace0e16511c6c9262","base_id":"028ed4c7c6529e7a97fc7add95bec49d4ce38cb4eb388908901a89a9ea9c2b93","provider_instance_id":"028ed4c7c6529e7a97fc7add95bec49d4ce38cb4eb388908901a89a9ea9c2b93/provider/1","provider_generation":1,"kind_id":"conduitos.base/framebuffer@1","state":"Available","capacity_units":4096000}],"lines":[],"plans":[{"plan_id":"09749bdda9b4938ea2ae09d3fa67833af5417742a048612d07ac9f12d1c47acb","source_document_id":"1341e1bd04eec43342f6e9ae79c7da5ca92574c1d2e373386c3495823527a9f8","checked_plot_id":"4c0e3092ab0f3f04f0edaabca73cae5c1cf8625f7f883fcd5fc8b7e8f55ce7bb","expanded_plot_id":"f7e5f1f4ab99cdea2114cc2ee68687be252999401c4c0f1cc2f77f3924f7e587","completion_policy":"Live","realization_backs":[],"fragments":[{"plan_id":"09749bdda9b4938ea2ae09d3fa67833af5417742a048612d07ac9f12d1c47acb","fragment_id":"4f64da76bd5e56dad718e8f6814c5726b07348bb458aaffb1cbed6eb816b431e","source_document_id":"1341e1bd04eec43342f6e9ae79c7da5ca92574c1d2e373386c3495823527a9f8","checked_plot_id":"4c0e3092ab0f3f04f0edaabca73cae5c1cf8625f7f883fcd5fc8b7e8f55ce7bb","expanded_plot_id":"f7e5f1f4ab99cdea2114cc2ee68687be252999401c4c0f1cc2f77f3924f7e587","completion_policy":"Live","realization_backs":[],"host_id":"2a12d1cba191a31b7727d86e71fb7eb3ab11a270d4809225913a1ec007fb292d","boot_id":"703d53af2430caadd11046578720ff459c065084967babbace0e16511c6c9262","offer_generation":1,"placements":[{"placement_id":"e88c471cbc32c8f3eeda31560452fefd94023e6ab31733eff15b13ae9ce7cf6b","gear_id":"conduitos-two-regions/clock","kind_id":"time/tick","kind_contract_revision":"conduit.std/time-tick@2","source_span":{"start":40,"end":75,"line":2,"column":12,"end_line":2,"end_column":47},"execution_profile_id":"conduitos/single-lane-cooperative@1","configuration":[{"key":"count","value":{"U64":1}},{"key":"period-ms","value":{"U64":1}}],"host_id":"2a12d1cba191a31b7727d86e71fb7eb3ab11a270d4809225913a1ec007fb292d","boot_id":"703d53af2430caadd11046578720ff459c065084967babbace0e16511c6c9262","offer_generation":1,"capability_id":"conduitos/dual-0@1","implementation_id":"conduitos/kernel-time-tick@1","artifact_id":"conduitos-build/build:sha256:ee5f0527c48fb0fa9bbbb5c4b5874ca4c08c67bd06e24d557467519d4f8c882d","realization_characteristics":[],"limits":{"max_active_instances":16,"max_queue_items":4,"max_queue_bytes":64},"inputs":[],"outputs":[{"port_id":"tick","value_kind":"value/tick@1","direction":"Output","temporal":{"Flow":{"closes":true}}}],"semantic_contract":{"configuration":[{"key":"count","default_value":{"U64":4},"rule":{"U64Range":{"minimum":0,"maximum":4096}}},{"key":"period-ms","default_value":{"U64":1000},"rule":{"U64Range":{"minimum":0,"maximum":"18446744073709551615"}}}],"laws":[{"Terminal":"CompletesAfterConfiguredCount"}]},"host_calls":[{"contract_id":"conduit.host/wait@1","target_kind":null,"maximum_in_flight":1,"maximum_input_bytes":8,"maximum_output_bytes":0}],"resources":[{"pool_id":"conduitos-pool-0-memory","class_id":"conduit.resource/runtime-memory@1","units":4096,"protected":null,"compute":null},{"pool_id":"conduitos-pool-2-timer","class_id":"conduit.resource/timer-slot@1","units":1,"protected":null,"compute":null}],"authority":[],"pool_references":[]},{"placement_id":"41b0a1f45db90dfdfc63bdd7df19ed8ae5e2cb4961d852b9dab70ce7c9df38c1","gear_id":"conduitos-two-regions/literal-a03a45950785-0","kind_id":"text/literal","kind_contract_revision":"conduit.std/text-literal@1","source_span":{"start":178,"end":196,"line":7,"column":5,"end_line":7,"end_column":23},"execution_profile_id":"conduitos/single-lane-cooperative@1","configuration":[{"key":"value","value":{"Text":"Hello, ConduitOS"}}],"host_id":"2a12d1cba191a31b7727d86e71fb7eb3ab11a270d4809225913a1ec007fb292d","boot_id":"703d53af2430caadd11046578720ff459c065084967babbace0e16511c6c9262","offer_generation":1,"capability_id":"conduitos/dual-2@1","implementation_id":"conduitos/kernel-text-literal@1","artifact_id":"conduitos-build/build:sha256:ee5f0527c48fb0fa9bbbb5c4b5874ca4c08c67bd06e24d557467519d4f8c882d","realization_characteristics":[],"limits":{"max_active_instances":16,"max_queue_items":4,"max_queue_bytes":256},"inputs":[],"outputs":[{"port_id":"text","value_kind":"value/text","direction":"Output","temporal":"Value"}],"semantic_contract":{"configuration":[{"key":"value","default_value":{"Text":""},"rule":{"TextBytes":{"maximum":256}}}],"laws":[{"Terminal":"EmitsOnce"}]},"host_calls":[],"resources":[{"pool_id":"conduitos-pool-0-memory","class_id":"conduit.resource/runtime-memory@1","units":4096,"protected":null,"compute":null}],"authority":[],"pool_references":[]},{"placement_id":"ec7b3c2d0b30325738343798498e24cda9ba070d54b921d712a3038c276f8b87","gear_id":"conduitos-two-regions/text","kind_id":"presentation/text","kind_contract_revision":"conduit.std/presentation-text@1","source_span":{"start":137,"end":154,"line":5,"column":11,"end_line":5,"end_column":28},"execution_profile_id":"conduitos/single-lane-cooperative@1","configuration":[{"key":"maximum-values","value":{"U64":8}}],"host_id":"2a12d1cba191a31b7727d86e71fb7eb3ab11a270d4809225913a1ec007fb292d","boot_id":"703d53af2430caadd11046578720ff459c065084967babbace0e16511c6c9262","offer_generation":1,"capability_id":"conduitos/dual-4@1","implementation_id":"conduitos/kernel-serial-text@1","artifact_id":"conduitos-build/build:sha256:ee5f0527c48fb0fa9bbbb5c4b5874ca4c08c67bd06e24d557467519d4f8c882d","base":{"base_id":"0a6ed9328d88c63e905feb6298979f1d2c7ea0e54dc9eb5feced9c045153416e","provider_instance_id":"f67f6187d0978da6231c49daeaa6dbf6a88395ec9c8723f3313213299de45183","provider_generation":1,"implementation_id":"conduitos/base/serial@1","mechanism_family":"serial","enforcement_class":"Cooperative"},"realization_characteristics":[],"limits":{"max_active_instances":16,"max_queue_items":4,"max_queue_bytes":256},"inputs":[{"port_id":"text","value_kind":"value/text","direction":"Input","temporal":"Value"}],"outputs":[],"semantic_contract":{"configuration":[{"key":"maximum-values","default_value":{"U64":8},"rule":{"U64Range":{"minimum":1,"maximum":8}}}],"laws":[{"Terminal":"CompletesWhenInputsClose"}]},"host_calls":[{"contract_id":"conduit.host/present@1","target_kind":"presentation/conduitos-text","maximum_in_flight":1,"maximum_input_bytes":256,"maximum_output_bytes":256}],"resources":[{"pool_id":"conduitos-pool-0-memory","class_id":"conduit.resource/runtime-memory@1","units":4096,"protected":null,"compute":null},{"pool_id":"conduitos-pool-3-serial","class_id":"conduit.resource/presentation-slot@1","units":1,"protected":null,"compute":null}],"authority":[],"pool_references":[]},{"placement_id":"1279bb668c543eab06287f55e3670b4f269c125fa6e1345b855296e3dbcac5e9","gear_id":"conduitos-two-regions/ticks","kind_id":"presentation/tick","kind_contract_revision":"conduit.std/presentation-tick@2","source_span":{"start":87,"end":104,"line":3,"column":12,"end_line":3,"end_column":29},"execution_profile_id":"conduitos/single-lane-cooperative@1","configuration":[],"host_id":"2a12d1cba191a31b7727d86e71fb7eb3ab11a270d4809225913a1ec007fb292d","boot_id":"703d53af2430caadd11046578720ff459c065084967babbace0e16511c6c9262","offer_generation":1,"capability_id":"conduitos/dual-1@1","implementation_id":"conduitos/kernel-serial-tick@1","artifact_id":"conduitos-build/build:sha256:ee5f0527c48fb0fa9bbbb5c4b5874ca4c08c67bd06e24d557467519d4f8c882d","base":{"base_id":"0a6ed9328d88c63e905feb6298979f1d2c7ea0e54dc9eb5feced9c045153416e","provider_instance_id":"f67f6187d0978da6231c49daeaa6dbf6a88395ec9c8723f3313213299de45183","provider_generation":1,"implementation_id":"conduitos/base/serial@1","mechanism_family":"serial","enforcement_class":"Cooperative"},"realization_characteristics":[],"limits":{"max_active_instances":16,"max_queue_items":4,"max_queue_bytes":64},"inputs":[{"port_id":"tick","value_kind":"value/tick@1","direction":"Input","temporal":{"Flow":{"closes":false}}}],"outputs":[],"semantic_contract":{"configuration":[],"laws":[{"Terminal":"CompletesWhenInputsClose"}]},"host_calls":[{"contract_id":"conduit.host/present@1","target_kind":"presentation/conduitos-tick","maximum_in_flight":1,"maximum_input_bytes":8,"maximum_output_bytes":256}],"resources":[{"pool_id":"conduitos-pool-0-memory","class_id":"conduit.resource/runtime-memory@1","units":4096,"protected":null,"compute":null},{"pool_id":"conduitos-pool-3-serial","class_id":"conduit.resource/presentation-slot@1","units":1,"protected":null,"compute":null}],"authority":[],"pool_references":[]},{"placement_id":"76ea51580cbd5c6d57ef4efb449d51625b33ccba163e751ef5893844351ff7ef","gear_id":"conduitos-two-regions/upper","kind_id":"text/upper","kind_contract_revision":"conduit.std/text-upper@1","source_span":{"start":116,"end":126,"line":4,"column":12,"end_line":4,"end_column":22},"execution_profile_id":"conduitos/single-lane-cooperative@1","configuration":[],"host_id":"2a12d1cba191a31b7727d86e71fb7eb3ab11a270d4809225913a1ec007fb292d","boot_id":"703d53af2430caadd11046578720ff459c065084967babbace0e16511c6c9262","offer_generation":1,"capability_id":"conduitos/dual-3@1","implementation_id":"conduitos/kernel-text-upper@1","artifact_id":"conduitos-build/build:sha256:ee5f0527c48fb0fa9bbbb5c4b5874ca4c08c67bd06e24d557467519d4f8c882d","realization_characteristics":[],"limits":{"max_active_instances":16,"max_queue_items":4,"max_queue_bytes":256},"inputs":[{"port_id":"source","value_kind":"value/text","direction":"Input","temporal":"Value"}],"outputs":[{"port_id":"text","value_kind":"value/text","direction":"Output","temporal":"Value"}],"semantic_contract":{"configuration":[],"laws":[{"Terminal":"MirrorsInputTerminal"}]},"host_calls":[{"contract_id":"conduit.host/text-upper@1","target_kind":"text/uppercase-utf8","maximum_in_flight":1,"maximum_input_bytes":256,"maximum_output_bytes":256}],"resources":[{"pool_id":"conduitos-pool-0-memory","class_id":"conduit.resource/runtime-memory@1","units":145360,"protected":null,"compute":null}],"authority":[],"pool_references":[]}],"execution_regions":[{"region_id":"region/text","admitted_placements":["41b0a1f45db90dfdfc63bdd7df19ed8ae5e2cb4961d852b9dab70ce7c9df38c1","76ea51580cbd5c6d57ef4efb449d51625b33ccba163e751ef5893844351ff7ef","ec7b3c2d0b30325738343798498e24cda9ba070d54b921d712a3038c276f8b87"],"execution_profile_id":"conduitos/protected-region@1","scheduling":"CooperativeBoundedStep","lane_count":1,"lane_resource":{"pool_id":"conduitos-pool-1-execution-lane","class_id":"conduit.resource/execution-lane@1","units":1,"protected":null,"compute":{"selected_lanes":1,"service_guarantee":"Reserved","architecture_base_id":"befe5025a9c50ddba7305e604318b5f5618f427767e8389d2751ad255c72d770","architecture_base_kind":"BareMetal","topology_group_id":null,"performance_class":null,"nominal_clock_hz":null}},"lane_base_id":"befe5025a9c50ddba7305e604318b5f5618f427767e8389d2751ad255c72d770","requirements":{"runtime_memory_bytes":153552,"timer_slots":0,"cord_item_capacity":2,"cord_byte_capacity":128,"mandatory_sign_items":15,"mandatory_sign_bytes":847},"preemption_required":true,"isolation_required":true},{"region_id":"region/timer","admitted_placements":["1279bb668c543eab06287f55e3670b4f269c125fa6e1345b855296e3dbcac5e9","e88c471cbc32c8f3eeda31560452fefd94023e6ab31733eff15b13ae9ce7cf6b"],"execution_profile_id":"conduitos/cooperative-bounded-step@1","scheduling":"CooperativeBoundedStep","lane_count":1,"lane_resource":{"pool_id":"conduitos-pool-4-execution-lane","class_id":"conduit.resource/execution-lane@1","units":1,"protected":null,"compute":{"selected_lanes":1,"service_guarantee":"Reserved","architecture_base_id":"befe5025a9c50ddba7305e604318b5f5618f427767e8389d2751ad255c72d770","architecture_base_kind":"BareMetal","topology_group_id":null,"performance_class":null,"nominal_clock_hz":null}},"lane_base_id":"befe5025a9c50ddba7305e604318b5f5618f427767e8389d2751ad255c72d770","requirements":{"runtime_memory_bytes":8192,"timer_slots":1,"cord_item_capacity":1,"cord_byte_capacity":64,"mandatory_sign_items":15,"mandatory_sign_bytes":847},"preemption_required":false,"isolation_required":false}],"execution_fusions":[],"connections":[{"connection_id":"bce8fe8ee8c7eacccb7973503ba65eb7a70a441715527375ada9a4cea1a1c411","source_placement_id":"e88c471cbc32c8f3eeda31560452fefd94023e6ab31733eff15b13ae9ce7cf6b","source_port_id":"tick","sink_placement_id":"1279bb668c543eab06287f55e3670b4f269c125fa6e1345b855296e3dbcac5e9","sink_port_id":"tick","value_kind":"value/tick@1","track":"payload","temporal":{"Flow":{"closes":true}},"pressure_policy":"preserve-order","selected_line":null,"admitted_lines":[],"item_capacity":1,"byte_capacity":64},{"connection_id":"7cd0103f3291c668fa0ca9710b31373626ecf34a18ee5b0d185dcbd0e22d87bb","source_placement_id":"41b0a1f45db90dfdfc63bdd7df19ed8ae5e2cb4961d852b9dab70ce7c9df38c1","source_port_id":"text","sink_placement_id":"76ea51580cbd5c6d57ef4efb449d51625b33ccba163e751ef5893844351ff7ef","sink_port_id":"source","value_kind":"value/text","track":"payload","temporal":"Value","pressure_policy":"preserve-order","selected_line":null,"admitted_lines":[],"item_capacity":1,"byte_capacity":64},{"connection_id":"c3a126e1cb878fad5a311c82c7aa9666cd0bc9783b41cd527d294966023217be","source_placement_id":"76ea51580cbd5c6d57ef4efb449d51625b33ccba163e751ef5893844351ff7ef","source_port_id":"text","sink_placement_id":"ec7b3c2d0b30325738343798498e24cda9ba070d54b921d712a3038c276f8b87","sink_port_id":"text","value_kind":"value/text","track":"payload","temporal":"Value","pressure_policy":"preserve-order","selected_line":null,"admitted_lines":[],"item_capacity":1,"byte_capacity":64}],"shared_pools":[],"startup_dependencies":[{"prerequisite_placement_id":"1279bb668c543eab06287f55e3670b4f269c125fa6e1345b855296e3dbcac5e9","dependent_placement_id":"e88c471cbc32c8f3eeda31560452fefd94023e6ab31733eff15b13ae9ce7cf6b"},{"prerequisite_placement_id":"76ea51580cbd5c6d57ef4efb449d51625b33ccba163e751ef5893844351ff7ef","dependent_placement_id":"41b0a1f45db90dfdfc63bdd7df19ed8ae5e2cb4961d852b9dab70ce7c9df38c1"},{"prerequisite_placement_id":"ec7b3c2d0b30325738343798498e24cda9ba070d54b921d712a3038c276f8b87","dependent_placement_id":"76ea51580cbd5c6d57ef4efb449d51625b33ccba163e751ef5893844351ff7ef"}],"startup_order":["1279bb668c543eab06287f55e3670b4f269c125fa6e1345b855296e3dbcac5e9","e88c471cbc32c8f3eeda31560452fefd94023e6ab31733eff15b13ae9ce7cf6b","ec7b3c2d0b30325738343798498e24cda9ba070d54b921d712a3038c276f8b87","76ea51580cbd5c6d57ef4efb449d51625b33ccba163e751ef5893844351ff7ef","41b0a1f45db90dfdfc63bdd7df19ed8ae5e2cb4961d852b9dab70ce7c9df38c1"],"cancellation_policy":"CancelAllAndRejectLateCompletion","terminal_policy":"RequireAllPlacementsAndConnections","expected_terminals":[{"PlacementCompleted":"e88c471cbc32c8f3eeda31560452fefd94023e6ab31733eff15b13ae9ce7cf6b"},{"PlacementCompleted":"41b0a1f45db90dfdfc63bdd7df19ed8ae5e2cb4961d852b9dab70ce7c9df38c1"},{"PlacementCompleted":"ec7b3c2d0b30325738343798498e24cda9ba070d54b921d712a3038c276f8b87"},{"PlacementCompleted":"1279bb668c543eab06287f55e3670b4f269c125fa6e1345b855296e3dbcac5e9"},{"PlacementCompleted":"76ea51580cbd5c6d57ef4efb449d51625b33ccba163e751ef5893844351ff7ef"},{"ConnectionCompleted":"bce8fe8ee8c7eacccb7973503ba65eb7a70a441715527375ada9a4cea1a1c411"},{"ConnectionCompleted":"7cd0103f3291c668fa0ca9710b31373626ecf34a18ee5b0d185dcbd0e22d87bb"},{"ConnectionCompleted":"c3a126e1cb878fad5a311c82c7aa9666cd0bc9783b41cd527d294966023217be"},"PlanCompleted"],"expected_sign":["PlanFragmentReceived",{"PlacementPrepared":"e88c471cbc32c8f3eeda31560452fefd94023e6ab31733eff15b13ae9ce7cf6b"},{"PlacementPrepared":"41b0a1f45db90dfdfc63bdd7df19ed8ae5e2cb4961d852b9dab70ce7c9df38c1"},{"PlacementPrepared":"ec7b3c2d0b30325738343798498e24cda9ba070d54b921d712a3038c276f8b87"},{"PlacementPrepared":"1279bb668c543eab06287f55e3670b4f269c125fa6e1345b855296e3dbcac5e9"},{"PlacementPrepared":"76ea51580cbd5c6d57ef4efb449d51625b33ccba163e751ef5893844351ff7ef"},{"PlacementTerminal":"e88c471cbc32c8f3eeda31560452fefd94023e6ab31733eff15b13ae9ce7cf6b"},{"PlacementTerminal":"41b0a1f45db90dfdfc63bdd7df19ed8ae5e2cb4961d852b9dab70ce7c9df38c1"},{"PlacementTerminal":"ec7b3c2d0b30325738343798498e24cda9ba070d54b921d712a3038c276f8b87"},{"PlacementTerminal":"1279bb668c543eab06287f55e3670b4f269c125fa6e1345b855296e3dbcac5e9"},{"PlacementTerminal":"76ea51580cbd5c6d57ef4efb449d51625b33ccba163e751ef5893844351ff7ef"},{"ConnectionTerminal":"bce8fe8ee8c7eacccb7973503ba65eb7a70a441715527375ada9a4cea1a1c411"},{"ConnectionTerminal":"7cd0103f3291c668fa0ca9710b31373626ecf34a18ee5b0d185dcbd0e22d87bb"},{"ConnectionTerminal":"c3a126e1cb878fad5a311c82c7aa9666cd0bc9783b41cd527d294966023217be"},"PlanTerminal"],"sign_storage_budget":{"item_capacity":15,"byte_capacity":847},"plan_fragments":[{"host_id":"2a12d1cba191a31b7727d86e71fb7eb3ab11a270d4809225913a1ec007fb292d","fragment_id":"4f64da76bd5e56dad718e8f6814c5726b07348bb458aaffb1cbed6eb816b431e"}]}]}],"plays":[{"active_play_id":"88ffbaf0c6c76e77af08cd0054d93eee28b8c5707056a69a1cffe1edad47370b","plan_id":"09749bdda9b4938ea2ae09d3fa67833af5417742a048612d07ac9f12d1c47acb","host_id":"2a12d1cba191a31b7727d86e71fb7eb3ab11a270d4809225913a1ec007fb292d","boot_id":"703d53af2430caadd11046578720ff459c065084967babbace0e16511c6c9262","lifecycle":"Completed","terminal_disposition":"Completed","failure_message":null,"placements":[{"placement_id":"e88c471cbc32c8f3eeda31560452fefd94023e6ab31733eff15b13ae9ce7cf6b","lifecycle":"Completed","terminal_disposition":"Completed","failure_message":null},{"placement_id":"41b0a1f45db90dfdfc63bdd7df19ed8ae5e2cb4961d852b9dab70ce7c9df38c1","lifecycle":"Completed","terminal_disposition":"Completed","failure_message":null},{"placement_id":"ec7b3c2d0b30325738343798498e24cda9ba070d54b921d712a3038c276f8b87","lifecycle":"Completed","terminal_disposition":"Completed","failure_message":null},{"placement_id":"1279bb668c543eab06287f55e3670b4f269c125fa6e1345b855296e3dbcac5e9","lifecycle":"Completed","terminal_disposition":"Completed","failure_message":null},{"placement_id":"76ea51580cbd5c6d57ef4efb449d51625b33ccba163e751ef5893844351ff7ef","lifecycle":"Completed","terminal_disposition":"Completed","failure_message":null}],"connections":[{"connection_id":"bce8fe8ee8c7eacccb7973503ba65eb7a70a441715527375ada9a4cea1a1c411","lifecycle":"Completed","terminal_disposition":{"disposition":"Completed","last_accepted_sequence":0,"last_manifested_sequence":0,"undeliverable_items":0},"pressure":{"current_in_flight_items":0,"current_buffered_bytes":0,"pressure_events":0,"last_pressure_sequence":null},"failure_message":null},{"connection_id":"7cd0103f3291c668fa0ca9710b31373626ecf34a18ee5b0d185dcbd0e22d87bb","lifecycle":"Completed","terminal_disposition":{"disposition":"Completed","last_accepted_sequence":0,"last_manifested_sequence":0,"undeliverable_items":0},"pressure":{"current_in_flight_items":0,"current_buffered_bytes":0,"pressure_events":0,"last_pressure_sequence":null},"failure_message":null},{"connection_id":"c3a126e1cb878fad5a311c82c7aa9666cd0bc9783b41cd527d294966023217be","lifecycle":"Completed","terminal_disposition":{"disposition":"Completed","last_accepted_sequence":0,"last_manifested_sequence":0,"undeliverable_items":0},"pressure":{"current_in_flight_items":0,"current_buffered_bytes":0,"pressure_events":0,"last_pressure_sequence":null},"failure_message":null}]}],"observations":[{"sign_id":"89a0e955d5f2d6bf62e9307e98d75bde05c38c677af1477a269cbc6ca7bcce26","active_play_id":"88ffbaf0c6c76e77af08cd0054d93eee28b8c5707056a69a1cffe1edad47370b","presentation_id":null,"host_id":"2a12d1cba191a31b7727d86e71fb7eb3ab11a270d4809225913a1ec007fb292d","boot_id":"703d53af2430caadd11046578720ff459c065084967babbace0e16511c6c9262","plan_id":"09749bdda9b4938ea2ae09d3fa67833af5417742a048612d07ac9f12d1c47acb","placement_id":null,"connection_id":null,"kind":{"ExecutionRegionOverlap":{"waiting_region_id":"region/timer","progressing_region_id":"region/text","physical_parallelism":false}}},{"sign_id":"9eb6632d979cf10234d79438515fbc308600313329270fe690abe819ad658e2f","active_play_id":"88ffbaf0c6c76e77af08cd0054d93eee28b8c5707056a69a1cffe1edad47370b","presentation_id":null,"host_id":"2a12d1cba191a31b7727d86e71fb7eb3ab11a270d4809225913a1ec007fb292d","boot_id":"703d53af2430caadd11046578720ff459c065084967babbace0e16511c6c9262","plan_id":"09749bdda9b4938ea2ae09d3fa67833af5417742a048612d07ac9f12d1c47acb","placement_id":"e88c471cbc32c8f3eeda31560452fefd94023e6ab31733eff15b13ae9ce7cf6b","connection_id":null,"kind":{"PlacementTerminal":{"disposition":"Completed"}}},{"sign_id":"cd08759cf575f22324f7f46834e5dc7c20eb7d4df5c45853a021c08041142fad","active_play_id":"88ffbaf0c6c76e77af08cd0054d93eee28b8c5707056a69a1cffe1edad47370b","presentation_id":null,"host_id":"2a12d1cba191a31b7727d86e71fb7eb3ab11a270d4809225913a1ec007fb292d","boot_id":"703d53af2430caadd11046578720ff459c065084967babbace0e16511c6c9262","plan_id":"09749bdda9b4938ea2ae09d3fa67833af5417742a048612d07ac9f12d1c47acb","placement_id":"41b0a1f45db90dfdfc63bdd7df19ed8ae5e2cb4961d852b9dab70ce7c9df38c1","connection_id":null,"kind":{"PlacementTerminal":{"disposition":"Completed"}}},{"sign_id":"392a69da7d45059a9aea63a192842d8be0a1be00b4f1b3f199cc64e0da7889f6","active_play_id":"88ffbaf0c6c76e77af08cd0054d93eee28b8c5707056a69a1cffe1edad47370b","presentation_id":null,"host_id":"2a12d1cba191a31b7727d86e71fb7eb3ab11a270d4809225913a1ec007fb292d","boot_id":"703d53af2430caadd11046578720ff459c065084967babbace0e16511c6c9262","plan_id":"09749bdda9b4938ea2ae09d3fa67833af5417742a048612d07ac9f12d1c47acb","placement_id":"ec7b3c2d0b30325738343798498e24cda9ba070d54b921d712a3038c276f8b87","connection_id":null,"kind":{"PlacementTerminal":{"disposition":"Completed"}}},{"sign_id":"ba08055163c10f28f0f7e5d8f139783ae2df09a02acc3b7f3c657b1ae86414f8","active_play_id":"88ffbaf0c6c76e77af08cd0054d93eee28b8c5707056a69a1cffe1edad47370b","presentation_id":null,"host_id":"2a12d1cba191a31b7727d86e71fb7eb3ab11a270d4809225913a1ec007fb292d","boot_id":"703d53af2430caadd11046578720ff459c065084967babbace0e16511c6c9262","plan_id":"09749bdda9b4938ea2ae09d3fa67833af5417742a048612d07ac9f12d1c47acb","placement_id":"1279bb668c543eab06287f55e3670b4f269c125fa6e1345b855296e3dbcac5e9","connection_id":null,"kind":{"PlacementTerminal":{"disposition":"Completed"}}},{"sign_id":"837950a959e4d7b7c249d80e44828e3531a3ad879779d3d6505cb2a59da20d7c","active_play_id":"88ffbaf0c6c76e77af08cd0054d93eee28b8c5707056a69a1cffe1edad47370b","presentation_id":null,"host_id":"2a12d1cba191a31b7727d86e71fb7eb3ab11a270d4809225913a1ec007fb292d","boot_id":"703d53af2430caadd11046578720ff459c065084967babbace0e16511c6c9262","plan_id":"09749bdda9b4938ea2ae09d3fa67833af5417742a048612d07ac9f12d1c47acb","placement_id":"76ea51580cbd5c6d57ef4efb449d51625b33ccba163e751ef5893844351ff7ef","connection_id":null,"kind":{"PlacementTerminal":{"disposition":"Completed"}}},{"sign_id":"19087eeabc105c874051ed1d08c3cbe5b330609c239a06a10190cdebe2f1e206","active_play_id":"88ffbaf0c6c76e77af08cd0054d93eee28b8c5707056a69a1cffe1edad47370b","presentation_id":null,"host_id":"2a12d1cba191a31b7727d86e71fb7eb3ab11a270d4809225913a1ec007fb292d","boot_id":"703d53af2430caadd11046578720ff459c065084967babbace0e16511c6c9262","plan_id":"09749bdda9b4938ea2ae09d3fa67833af5417742a048612d07ac9f12d1c47acb","placement_id":null,"connection_id":"bce8fe8ee8c7eacccb7973503ba65eb7a70a441715527375ada9a4cea1a1c411","kind":{"ConnectionTerminal":{"disposition":{"disposition":"Completed","last_accepted_sequence":0,"last_manifested_sequence":0,"undeliverable_items":0}}}},{"sign_id":"7f469e0e5c1d7d0c556cd460c7e7aa9b78c6203a56fb370af2eed68a1a3a1fd8","active_play_id":"88ffbaf0c6c76e77af08cd0054d93eee28b8c5707056a69a1cffe1edad47370b","presentation_id":null,"host_id":"2a12d1cba191a31b7727d86e71fb7eb3ab11a270d4809225913a1ec007fb292d","boot_id":"703d53af2430caadd11046578720ff459c065084967babbace0e16511c6c9262","plan_id":"09749bdda9b4938ea2ae09d3fa67833af5417742a048612d07ac9f12d1c47acb","placement_id":null,"connection_id":"7cd0103f3291c668fa0ca9710b31373626ecf34a18ee5b0d185dcbd0e22d87bb","kind":{"ConnectionTerminal":{"disposition":{"disposition":"Completed","last_accepted_sequence":0,"last_manifested_sequence":0,"undeliverable_items":0}}}},{"sign_id":"0de9c835599444787e64187ecfcacc5aea58a7d81ff8ae08e9a9106bd09fa4bd","active_play_id":"88ffbaf0c6c76e77af08cd0054d93eee28b8c5707056a69a1cffe1edad47370b","presentation_id":null,"host_id":"2a12d1cba191a31b7727d86e71fb7eb3ab11a270d4809225913a1ec007fb292d","boot_id":"703d53af2430caadd11046578720ff459c065084967babbace0e16511c6c9262","plan_id":"09749bdda9b4938ea2ae09d3fa67833af5417742a048612d07ac9f12d1c47acb","placement_id":null,"connection_id":"c3a126e1cb878fad5a311c82c7aa9666cd0bc9783b41cd527d294966023217be","kind":{"ConnectionTerminal":{"disposition":{"disposition":"Completed","last_accepted_sequence":0,"last_manifested_sequence":0,"undeliverable_items":0}}}},{"sign_id":"31de469dd6e3902e4b2144c878a725a19899de1b3098d7b63045a51f6907685a","active_play_id":"88ffbaf0c6c76e77af08cd0054d93eee28b8c5707056a69a1cffe1edad47370b","presentation_id":null,"host_id":"2a12d1cba191a31b7727d86e71fb7eb3ab11a270d4809225913a1ec007fb292d","boot_id":"703d53af2430caadd11046578720ff459c065084967babbace0e16511c6c9262","plan_id":"09749bdda9b4938ea2ae09d3fa67833af5417742a048612d07ac9f12d1c47acb","placement_id":null,"connection_id":null,"kind":{"PlanTerminal":{"disposition":"Completed"}}}],"historical_observations":[{"sign_id":"6a680b9ce09a2be7edb0e72bf328eaf220f935659ab2341657b52bfa7983339c","active_play_id":null,"presentation_id":null,"host_id":"2a12d1cba191a31b7727d86e71fb7eb3ab11a270d4809225913a1ec007fb292d","boot_id":"703d53af2430caadd11046578720ff459c065084967babbace0e16511c6c9262","plan_id":null,"placement_id":null,"connection_id":null,"kind":"HostStarted"},{"sign_id":"2f79028c17dbd98e714ac6d0bd607f6d950f37232508447cab58cbbeb09dc387","active_play_id":null,"presentation_id":null,"host_id":"2a12d1cba191a31b7727d86e71fb7eb3ab11a270d4809225913a1ec007fb292d","boot_id":"703d53af2430caadd11046578720ff459c065084967babbace0e16511c6c9262","plan_id":null,"placement_id":null,"connection_id":null,"kind":"AdvertisementPublished"},{"sign_id":"fcc1a8160c11da79769a931b5921f8e739194b75a68c01ebbb00a08fdd265ad7","active_play_id":null,"presentation_id":null,"host_id":"2a12d1cba191a31b7727d86e71fb7eb3ab11a270d4809225913a1ec007fb292d","boot_id":"703d53af2430caadd11046578720ff459c065084967babbace0e16511c6c9262","plan_id":"09749bdda9b4938ea2ae09d3fa67833af5417742a048612d07ac9f12d1c47acb","placement_id":null,"connection_id":null,"kind":"PlanFragmentReceived"},{"sign_id":"389e1e07fcb43b6a7877e27f221bd9255c378e5b4805a71a3d0a66522436051e","active_play_id":null,"presentation_id":null,"host_id":"2a12d1cba191a31b7727d86e71fb7eb3ab11a270d4809225913a1ec007fb292d","boot_id":"703d53af2430caadd11046578720ff459c065084967babbace0e16511c6c9262","plan_id":"09749bdda9b4938ea2ae09d3fa67833af5417742a048612d07ac9f12d1c47acb","placement_id":"e88c471cbc32c8f3eeda31560452fefd94023e6ab31733eff15b13ae9ce7cf6b","connection_id":null,"kind":"PlacementPrepared"},{"sign_id":"0695ec7710bff236af3ed0743197645531109a88c95b9e9d479e0c5dd672557a","active_play_id":null,"presentation_id":null,"host_id":"2a12d1cba191a31b7727d86e71fb7eb3ab11a270d4809225913a1ec007fb292d","boot_id":"703d53af2430caadd11046578720ff459c065084967babbace0e16511c6c9262","plan_id":"09749bdda9b4938ea2ae09d3fa67833af5417742a048612d07ac9f12d1c47acb","placement_id":"41b0a1f45db90dfdfc63bdd7df19ed8ae5e2cb4961d852b9dab70ce7c9df38c1","connection_id":null,"kind":"PlacementPrepared"},{"sign_id":"9955f4d43a31aef92fcec170f29b7db34e79fe3d7bd5b792af61800742c22ccc","active_play_id":null,"presentation_id":null,"host_id":"2a12d1cba191a31b7727d86e71fb7eb3ab11a270d4809225913a1ec007fb292d","boot_id":"703d53af2430caadd11046578720ff459c065084967babbace0e16511c6c9262","plan_id":"09749bdda9b4938ea2ae09d3fa67833af5417742a048612d07ac9f12d1c47acb","placement_id":"ec7b3c2d0b30325738343798498e24cda9ba070d54b921d712a3038c276f8b87","connection_id":null,"kind":"PlacementPrepared"},{"sign_id":"f5e5ffbdae47529410af6bd4f8b5ea50fc4f173f37b66a9789968725f16584f0","active_play_id":null,"presentation_id":null,"host_id":"2a12d1cba191a31b7727d86e71fb7eb3ab11a270d4809225913a1ec007fb292d","boot_id":"703d53af2430caadd11046578720ff459c065084967babbace0e16511c6c9262","plan_id":"09749bdda9b4938ea2ae09d3fa67833af5417742a048612d07ac9f12d1c47acb","placement_id":"1279bb668c543eab06287f55e3670b4f269c125fa6e1345b855296e3dbcac5e9","connection_id":null,"kind":"PlacementPrepared"},{"sign_id":"0f0b6cc2f2d9970a05e3680500f1d4b6ad849b2e30e4dc2066ddabfdfb84685d","active_play_id":null,"presentation_id":null,"host_id":"2a12d1cba191a31b7727d86e71fb7eb3ab11a270d4809225913a1ec007fb292d","boot_id":"703d53af2430caadd11046578720ff459c065084967babbace0e16511c6c9262","plan_id":"09749bdda9b4938ea2ae09d3fa67833af5417742a048612d07ac9f12d1c47acb","placement_id":"76ea51580cbd5c6d57ef4efb449d51625b33ccba163e751ef5893844351ff7ef","connection_id":null,"kind":"PlacementPrepared"},{"sign_id":"bfadc480619fed209b84b50feba4f0675c23df81d2048d8d64e45158ab8193d2","active_play_id":"88ffbaf0c6c76e77af08cd0054d93eee28b8c5707056a69a1cffe1edad47370b","presentation_id":null,"host_id":"2a12d1cba191a31b7727d86e71fb7eb3ab11a270d4809225913a1ec007fb292d","boot_id":"703d53af2430caadd11046578720ff459c065084967babbace0e16511c6c9262","plan_id":"09749bdda9b4938ea2ae09d3fa67833af5417742a048612d07ac9f12d1c47acb","placement_id":null,"connection_id":null,"kind":"PlanPlayStarted"}],"sealed_boot_provenance":[{"host_id":"2a12d1cba191a31b7727d86e71fb7eb3ab11a270d4809225913a1ec007fb292d","boot_id":"703d53af2430caadd11046578720ff459c065084967babbace0e16511c6c9262","firmware_environment":"x86-bios","adapter_name":"Limine","adapter_version":"12.5.2","adapter_revision":"3","image_id":"image:sha256:03a95fa60c73d1a22dd1eef20319428837c5d2be735fcbf6e0d2647168ff11fc","build_id":"build:sha256:ee5f0527c48fb0fa9bbbb5c4b5874ca4c08c67bd06e24d557467519d4f8c882d","image_build_trace":{"profile_id":"sha256:44f70590ea7435a73efad4147dce8b065908dca53622a7a14d76a4ffa6c4dd33","inclusions":[]},"memory_map":{"normalized_region_count":19,"runtime_arena_bytes":16777216},"boot_artifacts":[],"initial_plan_artifact_id":null,"recovery_plan_artifact_id":null,"framebuffers":[{"base_id":"028ed4c7c6529e7a97fc7add95bec49d4ce38cb4eb388908901a89a9ea9c2b93","width":1280,"height":800,"pitch_bytes":5120,"bits_per_pixel":32}],"proof_class":"FreestandingEmulator"}],"retention":{"item_capacity":64,"retained_items":19,"dropped_items":0}}
{"schema":"conduit.conduitos.boot-sign/v1","status":"accepted","arch":"x86_64","firmware":"x86-bios","profile_id":"sha256:44f70590ea7435a73efad4147dce8b065908dca53622a7a14d76a4ffa6c4dd33","build_id":"build:sha256:ee5f0527c48fb0fa9bbbb5c4b5874ca4c08c67bd06e24d557467519d4f8c882d","image_binding":"image:sha256:03a95fa60c73d1a22dd1eef20319428837c5d2be735fcbf6e0d2647168ff11fc","offer_generation":1,"limine":"12.5.2","qemu_profile":"q35-single-cpu-64m-headless-xhci-usb-kbd-usb-mouse-usb-ftdi-adlib","host_id":"d1cd36e5e1e08be68eae821f154cf6eccf57164040c093c2213c9f0caae03d6a","boot_id":"6a440718013ff32674190290c5fa146b05823e2fbbea77cfa2ea0ee0f3292e42","memory_regions":19,"artifacts":1,"framebuffers":1,"command_line_bytes":38,"runtime_arena_bytes":16777216}
{"schema":"conduit.conduitos.kernel-sign/v2","status":"accepted","arch":"x86_64","build_id":"build:sha256:ee5f0527c48fb0fa9bbbb5c4b5874ca4c08c67bd06e24d557467519d4f8c882d","kernel":"conduit-kernel","scheduler_profile":"conduitos/two-lane-cooperative@1","host_id":"d1cd36e5e1e08be68eae821f154cf6eccf57164040c093c2213c9f0caae03d6a","boot_id":"6a440718013ff32674190290c5fa146b05823e2fbbea77cfa2ea0ee0f3292e42","pipeline":"check-plan-lower-kernel","source_document_id":"1341e1bd04eec43342f6e9ae79c7da5ca92574c1d2e373386c3495823527a9f8","checked_plot_id":"4c0e3092ab0f3f04f0edaabca73cae5c1cf8625f7f883fcd5fc8b7e8f55ce7bb","expanded_plot_id":"f7e5f1f4ab99cdea2114cc2ee68687be252999401c4c0f1cc2f77f3924f7e587","plan_id":"6751b9028a2fee47c02ad0569855813ca366da1e8cd768d84b186246ec40ac50","fragment_id":"30fd43e345a4cff9e129e8b1a05970504768a032231b79b8bfb9ee80bb8bc484","active_play_id":"621614c9f0d09d7b209bd56821b7d42fbab9e05782ec43e53ad7876c66f39ba9","planned_sign_items":15,"planned_sign_bytes":847,"cord_item_capacity":3,"cord_byte_capacity":192,"semantic_result":"HELLO, CONDUITOS","allocation_before_play":1209728,"allocation_after_play":1209728,"allocation_capacity":16777216,"allocation_stable_during_play":true,"base_ids":["a5651501fa6434b9603bad9bbb5f3a510dcccd1d1bdd07fdbd1de40464d7ee75","d9d437faa1adf9af8db3bbbbfa2d24ef09c72c296420505ac51c1372f97b4436","124761275418872cb3215d443667227f2a21a56b90593c90f183e033da85a266","ef13281632d62e96ebeafa5bd2309c1ee3bfecb37d5204fb57f96d3e8ad4d100","6c199aa0bcf5447b14ed10a375735007d149c1cc965b11e4ef158e127bdcb1bd","170094300b4a802f34ed4c1703ee7040be5beca54a39dc36c3b19b3f68ca8558","b88142cfa4c6c40e12c25ee3d8c37b0e3d2a934fc5b4dd710c4c78e8ff9c8484"],"base_count":7,"memory_arena_bytes":16777216,"execution_regions":2,"execution_lanes":2,"region_ids":["region/text","region/timer"],"lane_resource_ids":["conduitos-pool-1-execution-lane","conduitos-pool-4-execution-lane"],"lane_base_id":"b88142cfa4c6c40e12c25ee3d8c37b0e3d2a934fc5b4dd710c4c78e8ff9c8484","timer_slots":1,"serial_slots":2,"serial_maximum_bytes":256,"interrupt_fact_slots":4,"sign_item_slots":64,"logical_operations":5,"kernel_decisions":14,"kernel_signs":36,"timer_irq_wakes":1,"idle_entries":0,"serial_presentations":2,"clock_monotonic":true,"pending_host_calls":0,"overlap_witness":true,"timer_pending_during_text_progress":true,"physical_parallelism":false,"preemption":false,"isolation":false,"sse2":true,"rdrand":true,"invariant_tsc":false}
{"schema":"conduit.observatory.snapshot/v2","hosts":[{"advertisement":{"protocol_version":1,"host_id":"d1cd36e5e1e08be68eae821f154cf6eccf57164040c093c2213c9f0caae03d6a","boot_id":"6a440718013ff32674190290c5fa146b05823e2fbbea77cfa2ea0ee0f3292e42","offer_generation":1,"profile":"conduitos/two-lane-cooperative@1","bases":[{"base_id":"ef13281632d62e96ebeafa5bd2309c1ee3bfecb37d5204fb57f96d3e8ad4d100","provider_instance_id":"654b9543b505f891d98370e441ea9aa279819bf82c63ce91a8df3b5958ecf809","provider_generation":1,"implementation_id":"conduitos/base/serial@1","mechanism_family":"serial","enforcement_class":"Cooperative","lifecycle":"Ready","capability_ids":["conduitos/dual-1@1","conduitos/dual-4@1"],"resource_pool_ids":["conduitos-pool-3-serial"]},{"base_id":"217ce2819268c9350d09bbcbe4469d69a8bf7085235618a39f0099819864be41","provider_instance_id":"3f8a188e66223a4ede323ed1ddcfaa7383c81bd19b6dd0161e7242e17c35d278","provider_generation":1,"implementation_id":"conduitos.base/xhci@1","mechanism_family":"conduitos.base/keyboard-input@1","enforcement_class":"ConduitOsKernelEnforced","lifecycle":"Ready","capability_ids":["conduitos/input-keyboard@1"],"resource_pool_ids":["conduitos-device-0-217ce2819268c9350d09bbcbe4469d69a8bf7085235618a39f0099819864be41","conduitos-device-1-840a9b738bd374ee64f1f0670a45c2892897ae1625b0373220b44e6853f1e0a3","conduitos-device-2-cd0d4b917334ab4932f6f61552ed061ae11349a49d2f8e1790eb36553dd83b30","conduitos-device-3-3f8a188e66223a4ede323ed1ddcfaa7383c81bd19b6dd0161e7242e17c35d278","conduitos-device-4-3f8a188e66223a4ede323ed1ddcfaa7383c81bd19b6dd0161e7242e17c35d278","conduitos-device-5-3f8a188e66223a4ede323ed1ddcfaa7383c81bd19b6dd0161e7242e17c35d278","conduitos-device-6-3f8a188e66223a4ede323ed1ddcfaa7383c81bd19b6dd0161e7242e17c35d278"]}],"resources":[{"pool_id":"conduitos-device-0-217ce2819268c9350d09bbcbe4469d69a8bf7085235618a39f0099819864be41","class_id":"conduitos.resource/device-controller-instance@1","capacity_units":1,"compute":null},{"pool_id":"conduitos-device-1-840a9b738bd374ee64f1f0670a45c2892897ae1625b0373220b44e6853f1e0a3","class_id":"conduitos.resource/device-instance@1","capacity_units":1,"compute":null},{"pool_id":"conduitos-device-2-cd0d4b917334ab4932f6f61552ed061ae11349a49d2f8e1790eb36553dd83b30","class_id":"conduitos.resource/device-interface-instance@1","capacity_units":1,"compute":null},{"pool_id":"conduitos-device-3-3f8a188e66223a4ede323ed1ddcfaa7383c81bd19b6dd0161e7242e17c35d278","class_id":"conduitos.resource/device-endpoint-instance@1","capacity_units":1,"compute":null},{"pool_id":"conduitos-device-4-3f8a188e66223a4ede323ed1ddcfaa7383c81bd19b6dd0161e7242e17c35d278","class_id":"conduitos.resource/input-report-buffer@1","capacity_units":8,"compute":null},{"pool_id":"conduitos-device-5-3f8a188e66223a4ede323ed1ddcfaa7383c81bd19b6dd0161e7242e17c35d278","class_id":"conduitos.resource/input-transition-slot@1","capacity_units":8,"compute":null},{"pool_id":"conduitos-device-6-3f8a188e66223a4ede323ed1ddcfaa7383c81bd19b6dd0161e7242e17c35d278","class_id":"conduitos.resource/input-operation-slot@1","capacity_units":8,"compute":null},{"pool_id":"conduitos-pool-0-memory","class_id":"conduit.resource/runtime-memory@1","capacity_units":16777216,"compute":null},{"pool_id":"conduitos-pool-1-execution-lane","class_id":"conduit.resource/execution-lane@1","capacity_units":1,"compute":null},{"pool_id":"conduitos-pool-2-timer","class_id":"conduit.resource/timer-slot@1","capacity_units":1,"compute":null},{"pool_id":"conduitos-pool-3-serial","class_id":"conduit.resource/presentation-slot@1","capacity_units":2,"compute":null},{"pool_id":"conduitos-pool-4-execution-lane","class_id":"conduit.resource/execution-lane@1","capacity_units":1,"compute":null}],"capabilities":[{"startup_parameters":[{"name":"count","value_type":"value/count","has_default":true},{"name":"period-ms","value_type":"value/count","has_default":true}],"shorthand":null,"capability_id":"conduitos/dual-0@1","kind_id":"time/tick","kind_contract_revision":"conduit.std/time-tick@2","inputs":[],"outputs":[{"port_id":"tick","value_kind":"value/tick@1","direction":"Output","temporal":{"Flow":{"closes":true}}}],"semantic_contract":{"configuration":[{"key":"count","default_value":{"U64":4},"rule":{"U64Range":{"minimum":0,"maximum":4096}}},{"key":"period-ms","default_value":{"U64":1000},"rule":{"U64Range":{"minimum":0,"maximum":"18446744073709551615"}}}],"laws":[{"Terminal":"CompletesAfterConfiguredCount"}]},"execution_profile_id":"conduitos/single-lane-cooperative@1","implementation_id":"conduitos/kernel-time-tick@1","artifact_id":"conduitos-build/build:sha256:ee5f0527c48fb0fa9bbbb5c4b5874ca4c08c67bd06e24d557467519d4f8c882d","host_calls":[{"contract_id":"conduit.host/wait@1","target_kind":null,"maximum_in_flight":1,"maximum_input_bytes":8,"maximum_output_bytes":0}],"resource_requirements":[{"class_id":"conduit.resource/runtime-memory@1","units":4096,"protected_role":null,"compute":null},{"class_id":"conduit.resource/timer-slot@1","units":1,"protected_role":null,"compute":null}],"authority_requirements":[],"limits":{"max_active_instances":16,"max_queue_items":4,"max_queue_bytes":64}},{"startup_parameters":[],"shorthand":null,"capability_id":"conduitos/dual-1@1","kind_id":"presentation/tick","kind_contract_revision":"conduit.std/presentation-tick@2","inputs":[{"port_id":"tick","value_kind":"value/tick@1","direction":"Input","temporal":{"Flow":{"closes":false}}}],"outputs":[],"semantic_contract":{"configuration":[],"laws":[{"Terminal":"CompletesWhenInputsClose"}]},"execution_profile_id":"conduitos/single-lane-cooperative@1","implementation_id":"conduitos/kernel-serial-tick@1","artifact_id":"conduitos-build/build:sha256:ee5f0527c48fb0fa9bbbb5c4b5874ca4c08c67bd06e24d557467519d4f8c882d","host_calls":[{"contract_id":"conduit.host/present@1","target_kind":"presentation/conduitos-tick","maximum_in_flight":1,"maximum_input_bytes":8,"maximum_output_bytes":256}],"resource_requirements":[{"class_id":"conduit.resource/presentation-slot@1","units":1,"protected_role":null,"compute":null},{"class_id":"conduit.resource/runtime-memory@1","units":4096,"protected_role":null,"compute":null}],"authority_requirements":[],"limits":{"max_active_instances":16,"max_queue_items":4,"max_queue_bytes":64}},{"startup_parameters":[{"name":"value","value_type":"value/text","has_default":false}],"shorthand":null,"capability_id":"conduitos/dual-2@1","kind_id":"text/literal","kind_contract_revision":"conduit.std/text-literal@1","inputs":[],"outputs":[{"port_id":"text","value_kind":"value/text","direction":"Output","temporal":"Value"}],"semantic_contract":{"configuration":[{"key":"value","default_value":{"Text":""},"rule":{"TextBytes":{"maximum":256}}}],"laws":[{"Terminal":"EmitsOnce"}]},"execution_profile_id":"conduitos/single-lane-cooperative@1","implementation_id":"conduitos/kernel-text-literal@1","artifact_id":"conduitos-build/build:sha256:ee5f0527c48fb0fa9bbbb5c4b5874ca4c08c67bd06e24d557467519d4f8c882d","host_calls":[],"resource_requirements":[{"class_id":"conduit.resource/runtime-memory@1","units":4096,"protected_role":null,"compute":null}],"authority_requirements":[],"limits":{"max_active_instances":16,"max_queue_items":4,"max_queue_bytes":256}},{"startup_parameters":[],"shorthand":["source","text"],"capability_id":"conduitos/dual-3@1","kind_id":"text/upper","kind_contract_revision":"conduit.std/text-upper@1","inputs":[{"port_id":"source","value_kind":"value/text","direction":"Input","temporal":"Value"}],"outputs":[{"port_id":"text","value_kind":"value/text","direction":"Output","temporal":"Value"}],"semantic_contract":{"configuration":[],"laws":[{"Terminal":"MirrorsInputTerminal"}]},"execution_profile_id":"conduitos/single-lane-cooperative@1","implementation_id":"conduitos/kernel-text-upper@1","artifact_id":"conduitos-build/build:sha256:ee5f0527c48fb0fa9bbbb5c4b5874ca4c08c67bd06e24d557467519d4f8c882d","host_calls":[{"contract_id":"conduit.host/text-upper@1","target_kind":"text/uppercase-utf8","maximum_in_flight":1,"maximum_input_bytes":256,"maximum_output_bytes":256}],"resource_requirements":[{"class_id":"conduit.resource/runtime-memory@1","units":145360,"protected_role":null,"compute":null}],"authority_requirements":[],"limits":{"max_active_instances":16,"max_queue_items":4,"max_queue_bytes":256}},{"startup_parameters":[{"name":"maximum-values","value_type":"value/count","has_default":true}],"shorthand":null,"capability_id":"conduitos/dual-4@1","kind_id":"presentation/text","kind_contract_revision":"conduit.std/presentation-text@1","inputs":[{"port_id":"text","value_kind":"value/text","direction":"Input","temporal":"Value"}],"outputs":[],"semantic_contract":{"configuration":[{"key":"maximum-values","default_value":{"U64":8},"rule":{"U64Range":{"minimum":1,"maximum":8}}}],"laws":[{"Terminal":"CompletesWhenInputsClose"}]},"execution_profile_id":"conduitos/single-lane-cooperative@1","implementation_id":"conduitos/kernel-serial-text@1","artifact_id":"conduitos-build/build:sha256:ee5f0527c48fb0fa9bbbb5c4b5874ca4c08c67bd06e24d557467519d4f8c882d","host_calls":[{"contract_id":"conduit.host/present@1","target_kind":"presentation/conduitos-text","maximum_in_flight":1,"maximum_input_bytes":256,"maximum_output_bytes":256}],"resource_requirements":[{"class_id":"conduit.resource/presentation-slot@1","units":1,"protected_role":null,"compute":null},{"class_id":"conduit.resource/runtime-memory@1","units":4096,"protected_role":null,"compute":null}],"authority_requirements":[],"limits":{"max_active_instances":16,"max_queue_items":4,"max_queue_bytes":256}},{"startup_parameters":[],"shorthand":null,"capability_id":"conduitos/input-keyboard@1","kind_id":"input/keyboard","kind_contract_revision":"conduit.input/keyboard@2","inputs":[],"outputs":[{"port_id":"key","value_kind":"input/key-event@1","direction":"Output","temporal":{"Flow":{"closes":false}}}],"semantic_contract":{"configuration":[],"laws":[{"Terminal":"HostInputEndsOrFailsSource"}]},"execution_profile_id":"conduitos/usb-input-cooperative@1","implementation_id":"conduitos/usb-hid-keyboard@1","artifact_id":"conduitos-build/build:sha256:ee5f0527c48fb0fa9bbbb5c4b5874ca4c08c67bd06e24d557467519d4f8c882d","host_calls":[{"contract_id":"conduit.host/input-next-key-event@1","target_kind":"input/key-event@1","maximum_in_flight":1,"maximum_input_bytes":0,"maximum_output_bytes":3}],"resource_requirements":[{"class_id":"conduit.resource/runtime-memory@1","units":4096,"protected_role":null,"compute":null},{"class_id":"conduitos.resource/device-controller-instance@1","units":1,"protected_role":null,"compute":null},{"class_id":"conduitos.resource/device-endpoint-instance@1","units":1,"protected_role":null,"compute":null},{"class_id":"conduitos.resource/device-instance@1","units":1,"protected_role":null,"compute":null},{"class_id":"conduitos.resource/device-interface-instance@1","units":1,"protected_role":null,"compute":null},{"class_id":"conduitos.resource/input-operation-slot@1","units":1,"protected_role":null,"compute":null},{"class_id":"conduitos.resource/input-report-buffer@1","units":1,"protected_role":null,"compute":null},{"class_id":"conduitos.resource/input-transition-slot@1","units":1,"protected_role":null,"compute":null}],"authority_requirements":[],"limits":{"max_active_instances":1,"max_queue_items":8,"max_queue_bytes":64}}],"planner_capabilities":[]},"state":"Available","capabilities":[{"capability_id":"conduitos/dual-0@1","freshness":"Fresh","support":"Supported","availability":"Available"},{"capability_id":"conduitos/dual-1@1","freshness":"Fresh","support":"Supported","availability":"Available"},{"capability_id":"conduitos/dual-2@1","freshness":"Fresh","support":"Supported","availability":"Available"},{"capability_id":"conduitos/dual-3@1","freshness":"Fresh","support":"Supported","availability":"Available"},{"capability_id":"conduitos/dual-4@1","freshness":"Fresh","support":"Supported","availability":"Available"},{"capability_id":"conduitos/input-keyboard@1","freshness":"Fresh","support":"Supported","availability":"Available"}],"devices":[]}],"bases":[{"host_id":"d1cd36e5e1e08be68eae821f154cf6eccf57164040c093c2213c9f0caae03d6a","boot_id":"6a440718013ff32674190290c5fa146b05823e2fbbea77cfa2ea0ee0f3292e42","base_id":"a5651501fa6434b9603bad9bbb5f3a510dcccd1d1bdd07fdbd1de40464d7ee75","provider_instance_id":"1065965fae5fde2ddf26cd46c9ca44945753519a2404dafe1be5f12962167b2b","provider_generation":1,"kind_id":"conduitos.base/memory@1","state":"Available","capacity_units":16777216},{"host_id":"d1cd36e5e1e08be68eae821f154cf6eccf57164040c093c2213c9f0caae03d6a","boot_id":"6a440718013ff32674190290c5fa146b05823e2fbbea77cfa2ea0ee0f3292e42","base_id":"d9d437faa1adf9af8db3bbbbfa2d24ef09c72c296420505ac51c1372f97b4436","provider_instance_id":"78781e79ae41aa45c35e28733caca9dfc3b165f029a683c5f8109d8bbca29738","provider_generation":1,"kind_id":"conduitos.base/clock@1","state":"Available","capacity_units":1},{"host_id":"d1cd36e5e1e08be68eae821f154cf6eccf57164040c093c2213c9f0caae03d6a","boot_id":"6a440718013ff32674190290c5fa146b05823e2fbbea77cfa2ea0ee0f3292e42","base_id":"124761275418872cb3215d443667227f2a21a56b90593c90f183e033da85a266","provider_instance_id":"84184bac8a3a9b047791305237bf3aca0e039c8a26bbc9cbc6d2a6e21622837f","provider_generation":1,"kind_id":"conduitos.base/timer@1","state":"Available","capacity_units":1},{"host_id":"d1cd36e5e1e08be68eae821f154cf6eccf57164040c093c2213c9f0caae03d6a","boot_id":"6a440718013ff32674190290c5fa146b05823e2fbbea77cfa2ea0ee0f3292e42","base_id":"ef13281632d62e96ebeafa5bd2309c1ee3bfecb37d5204fb57f96d3e8ad4d100","provider_instance_id":"654b9543b505f891d98370e441ea9aa279819bf82c63ce91a8df3b5958ecf809","provider_generation":1,"kind_id":"serial","implementation_id":"conduitos/base/serial@1","enforcement_class":"Cooperative","lifecycle":"Ready","state":"Available","capacity_units":2},{"host_id":"d1cd36e5e1e08be68eae821f154cf6eccf57164040c093c2213c9f0caae03d6a","boot_id":"6a440718013ff32674190290c5fa146b05823e2fbbea77cfa2ea0ee0f3292e42","base_id":"6c199aa0bcf5447b14ed10a375735007d149c1cc965b11e4ef158e127bdcb1bd","provider_instance_id":"19985db80b343466dcefeece1d7e829a0b539905f694b216bd23ecb1134308f6","provider_generation":1,"kind_id":"conduitos.base/interrupt@1","state":"Available","capacity_units":4},{"host_id":"d1cd36e5e1e08be68eae821f154cf6eccf57164040c093c2213c9f0caae03d6a","boot_id":"6a440718013ff32674190290c5fa146b05823e2fbbea77cfa2ea0ee0f3292e42","base_id":"170094300b4a802f34ed4c1703ee7040be5beca54a39dc36c3b19b3f68ca8558","provider_instance_id":"8aac3ab22564c328b7ff2db4d550f75cd421ad55f4f0d08742816362533266ad","provider_generation":1,"kind_id":"conduitos.base/idle@1","state":"Available","capacity_units":1},{"host_id":"d1cd36e5e1e08be68eae821f154cf6eccf57164040c093c2213c9f0caae03d6a","boot_id":"6a440718013ff32674190290c5fa146b05823e2fbbea77cfa2ea0ee0f3292e42","base_id":"b88142cfa4c6c40e12c25ee3d8c37b0e3d2a934fc5b4dd710c4c78e8ff9c8484","provider_instance_id":"33ed8ad4b01a6ad03940e91b8e3558646c0eb0850c1ccccb58f04c661b1249a6","provider_generation":1,"kind_id":"conduitos.base/execution-lane@1","state":"Available","capacity_units":2},{"host_id":"d1cd36e5e1e08be68eae821f154cf6eccf57164040c093c2213c9f0caae03d6a","boot_id":"6a440718013ff32674190290c5fa146b05823e2fbbea77cfa2ea0ee0f3292e42","base_id":"217ce2819268c9350d09bbcbe4469d69a8bf7085235618a39f0099819864be41","provider_instance_id":"3f8a188e66223a4ede323ed1ddcfaa7383c81bd19b6dd0161e7242e17c35d278","provider_generation":1,"kind_id":"conduitos.base/keyboard-input@1","implementation_id":"conduitos.base/xhci@1","enforcement_class":"ConduitOsKernelEnforced","lifecycle":"Ready","state":"Available","capacity_units":28},{"host_id":"d1cd36e5e1e08be68eae821f154cf6eccf57164040c093c2213c9f0caae03d6a","boot_id":"6a440718013ff32674190290c5fa146b05823e2fbbea77cfa2ea0ee0f3292e42","base_id":"6c35a9f340920fa7ca316cf63c8a5cc6dee572a98090c739de8741284585f96b","provider_instance_id":"6c35a9f340920fa7ca316cf63c8a5cc6dee572a98090c739de8741284585f96b/provider/1","provider_generation":1,"kind_id":"conduitos.base/framebuffer@1","state":"Available","capacity_units":4096000}],"lines":[],"plans":[{"plan_id":"6751b9028a2fee47c02ad0569855813ca366da1e8cd768d84b186246ec40ac50","source_document_id":"1341e1bd04eec43342f6e9ae79c7da5ca92574c1d2e373386c3495823527a9f8","checked_plot_id":"4c0e3092ab0f3f04f0edaabca73cae5c1cf8625f7f883fcd5fc8b7e8f55ce7bb","expanded_plot_id":"f7e5f1f4ab99cdea2114cc2ee68687be252999401c4c0f1cc2f77f3924f7e587","completion_policy":"Live","realization_backs":[],"fragments":[{"plan_id":"6751b9028a2fee47c02ad0569855813ca366da1e8cd768d84b186246ec40ac50","fragment_id":"30fd43e345a4cff9e129e8b1a05970504768a032231b79b8bfb9ee80bb8bc484","source_document_id":"1341e1bd04eec43342f6e9ae79c7da5ca92574c1d2e373386c3495823527a9f8","checked_plot_id":"4c0e3092ab0f3f04f0edaabca73cae5c1cf8625f7f883fcd5fc8b7e8f55ce7bb","expanded_plot_id":"f7e5f1f4ab99cdea2114cc2ee68687be252999401c4c0f1cc2f77f3924f7e587","completion_policy":"Live","realization_backs":[],"host_id":"d1cd36e5e1e08be68eae821f154cf6eccf57164040c093c2213c9f0caae03d6a","boot_id":"6a440718013ff32674190290c5fa146b05823e2fbbea77cfa2ea0ee0f3292e42","offer_generation":1,"placements":[{"placement_id":"fb2394200e2472a2933cfd6839db8d392b849b74c5aef2f7272d36b1c2138f1c","gear_id":"conduitos-two-regions/clock","kind_id":"time/tick","kind_contract_revision":"conduit.std/time-tick@2","source_span":{"start":40,"end":75,"line":2,"column":12,"end_line":2,"end_column":47},"execution_profile_id":"conduitos/single-lane-cooperative@1","configuration":[{"key":"count","value":{"U64":1}},{"key":"period-ms","value":{"U64":1}}],"host_id":"d1cd36e5e1e08be68eae821f154cf6eccf57164040c093c2213c9f0caae03d6a","boot_id":"6a440718013ff32674190290c5fa146b05823e2fbbea77cfa2ea0ee0f3292e42","offer_generation":1,"capability_id":"conduitos/dual-0@1","implementation_id":"conduitos/kernel-time-tick@1","artifact_id":"conduitos-build/build:sha256:ee5f0527c48fb0fa9bbbb5c4b5874ca4c08c67bd06e24d557467519d4f8c882d","realization_characteristics":[],"limits":{"max_active_instances":16,"max_queue_items":4,"max_queue_bytes":64},"inputs":[],"outputs":[{"port_id":"tick","value_kind":"value/tick@1","direction":"Output","temporal":{"Flow":{"closes":true}}}],"semantic_contract":{"configuration":[{"key":"count","default_value":{"U64":4},"rule":{"U64Range":{"minimum":0,"maximum":4096}}},{"key":"period-ms","default_value":{"U64":1000},"rule":{"U64Range":{"minimum":0,"maximum":"18446744073709551615"}}}],"laws":[{"Terminal":"CompletesAfterConfiguredCount"}]},"host_calls":[{"contract_id":"conduit.host/wait@1","target_kind":null,"maximum_in_flight":1,"maximum_input_bytes":8,"maximum_output_bytes":0}],"resources":[{"pool_id":"conduitos-pool-0-memory","class_id":"conduit.resource/runtime-memory@1","units":4096,"protected":null,"compute":null},{"pool_id":"conduitos-pool-2-timer","class_id":"conduit.resource/timer-slot@1","units":1,"protected":null,"compute":null}],"authority":[],"pool_references":[]},{"placement_id":"085bbffc25624e39c3ea40350bc27db38455d6f7adadba81f3c854de6151a524","gear_id":"conduitos-two-regions/literal-a03a45950785-0","kind_id":"text/literal","kind_contract_revision":"conduit.std/text-literal@1","source_span":{"start":178,"end":196,"line":7,"column":5,"end_line":7,"end_column":23},"execution_profile_id":"conduitos/single-lane-cooperative@1","configuration":[{"key":"value","value":{"Text":"Hello, ConduitOS"}}],"host_id":"d1cd36e5e1e08be68eae821f154cf6eccf57164040c093c2213c9f0caae03d6a","boot_id":"6a440718013ff32674190290c5fa146b05823e2fbbea77cfa2ea0ee0f3292e42","offer_generation":1,"capability_id":"conduitos/dual-2@1","implementation_id":"conduitos/kernel-text-literal@1","artifact_id":"conduitos-build/build:sha256:ee5f0527c48fb0fa9bbbb5c4b5874ca4c08c67bd06e24d557467519d4f8c882d","realization_characteristics":[],"limits":{"max_active_instances":16,"max_queue_items":4,"max_queue_bytes":256},"inputs":[],"outputs":[{"port_id":"text","value_kind":"value/text","direction":"Output","temporal":"Value"}],"semantic_contract":{"configuration":[{"key":"value","default_value":{"Text":""},"rule":{"TextBytes":{"maximum":256}}}],"laws":[{"Terminal":"EmitsOnce"}]},"host_calls":[],"resources":[{"pool_id":"conduitos-pool-0-memory","class_id":"conduit.resource/runtime-memory@1","units":4096,"protected":null,"compute":null}],"authority":[],"pool_references":[]},{"placement_id":"9ced06a7e676322182753fc57cac5ad847549a22efeb4029c7eee9fd9fa9a4e1","gear_id":"conduitos-two-regions/text","kind_id":"presentation/text","kind_contract_revision":"conduit.std/presentation-text@1","source_span":{"start":137,"end":154,"line":5,"column":11,"end_line":5,"end_column":28},"execution_profile_id":"conduitos/single-lane-cooperative@1","configuration":[{"key":"maximum-values","value":{"U64":8}}],"host_id":"d1cd36e5e1e08be68eae821f154cf6eccf57164040c093c2213c9f0caae03d6a","boot_id":"6a440718013ff32674190290c5fa146b05823e2fbbea77cfa2ea0ee0f3292e42","offer_generation":1,"capability_id":"conduitos/dual-4@1","implementation_id":"conduitos/kernel-serial-text@1","artifact_id":"conduitos-build/build:sha256:ee5f0527c48fb0fa9bbbb5c4b5874ca4c08c67bd06e24d557467519d4f8c882d","base":{"base_id":"ef13281632d62e96ebeafa5bd2309c1ee3bfecb37d5204fb57f96d3e8ad4d100","provider_instance_id":"654b9543b505f891d98370e441ea9aa279819bf82c63ce91a8df3b5958ecf809","provider_generation":1,"implementation_id":"conduitos/base/serial@1","mechanism_family":"serial","enforcement_class":"Cooperative"},"realization_characteristics":[],"limits":{"max_active_instances":16,"max_queue_items":4,"max_queue_bytes":256},"inputs":[{"port_id":"text","value_kind":"value/text","direction":"Input","temporal":"Value"}],"outputs":[],"semantic_contract":{"configuration":[{"key":"maximum-values","default_value":{"U64":8},"rule":{"U64Range":{"minimum":1,"maximum":8}}}],"laws":[{"Terminal":"CompletesWhenInputsClose"}]},"host_calls":[{"contract_id":"conduit.host/present@1","target_kind":"presentation/conduitos-text","maximum_in_flight":1,"maximum_input_bytes":256,"maximum_output_bytes":256}],"resources":[{"pool_id":"conduitos-pool-0-memory","class_id":"conduit.resource/runtime-memory@1","units":4096,"protected":null,"compute":null},{"pool_id":"conduitos-pool-3-serial","class_id":"conduit.resource/presentation-slot@1","units":1,"protected":null,"compute":null}],"authority":[],"pool_references":[]},{"placement_id":"ce3cf294604e7ae55247a407a28c31fdb5437166b316848b38c29b99ff061ef8","gear_id":"conduitos-two-regions/ticks","kind_id":"presentation/tick","kind_contract_revision":"conduit.std/presentation-tick@2","source_span":{"start":87,"end":104,"line":3,"column":12,"end_line":3,"end_column":29},"execution_profile_id":"conduitos/single-lane-cooperative@1","configuration":[],"host_id":"d1cd36e5e1e08be68eae821f154cf6eccf57164040c093c2213c9f0caae03d6a","boot_id":"6a440718013ff32674190290c5fa146b05823e2fbbea77cfa2ea0ee0f3292e42","offer_generation":1,"capability_id":"conduitos/dual-1@1","implementation_id":"conduitos/kernel-serial-tick@1","artifact_id":"conduitos-build/build:sha256:ee5f0527c48fb0fa9bbbb5c4b5874ca4c08c67bd06e24d557467519d4f8c882d","base":{"base_id":"ef13281632d62e96ebeafa5bd2309c1ee3bfecb37d5204fb57f96d3e8ad4d100","provider_instance_id":"654b9543b505f891d98370e441ea9aa279819bf82c63ce91a8df3b5958ecf809","provider_generation":1,"implementation_id":"conduitos/base/serial@1","mechanism_family":"serial","enforcement_class":"Cooperative"},"realization_characteristics":[],"limits":{"max_active_instances":16,"max_queue_items":4,"max_queue_bytes":64},"inputs":[{"port_id":"tick","value_kind":"value/tick@1","direction":"Input","temporal":{"Flow":{"closes":false}}}],"outputs":[],"semantic_contract":{"configuration":[],"laws":[{"Terminal":"CompletesWhenInputsClose"}]},"host_calls":[{"contract_id":"conduit.host/present@1","target_kind":"presentation/conduitos-tick","maximum_in_flight":1,"maximum_input_bytes":8,"maximum_output_bytes":256}],"resources":[{"pool_id":"conduitos-pool-0-memory","class_id":"conduit.resource/runtime-memory@1","units":4096,"protected":null,"compute":null},{"pool_id":"conduitos-pool-3-serial","class_id":"conduit.resource/presentation-slot@1","units":1,"protected":null,"compute":null}],"authority":[],"pool_references":[]},{"placement_id":"dc18e406e1bbcd9c4bae8c9566ea1c2be0c60aa9bbf1b7f4da1ddc0025dd4fa7","gear_id":"conduitos-two-regions/upper","kind_id":"text/upper","kind_contract_revision":"conduit.std/text-upper@1","source_span":{"start":116,"end":126,"line":4,"column":12,"end_line":4,"end_column":22},"execution_profile_id":"conduitos/single-lane-cooperative@1","configuration":[],"host_id":"d1cd36e5e1e08be68eae821f154cf6eccf57164040c093c2213c9f0caae03d6a","boot_id":"6a440718013ff32674190290c5fa146b05823e2fbbea77cfa2ea0ee0f3292e42","offer_generation":1,"capability_id":"conduitos/dual-3@1","implementation_id":"conduitos/kernel-text-upper@1","artifact_id":"conduitos-build/build:sha256:ee5f0527c48fb0fa9bbbb5c4b5874ca4c08c67bd06e24d557467519d4f8c882d","realization_characteristics":[],"limits":{"max_active_instances":16,"max_queue_items":4,"max_queue_bytes":256},"inputs":[{"port_id":"source","value_kind":"value/text","direction":"Input","temporal":"Value"}],"outputs":[{"port_id":"text","value_kind":"value/text","direction":"Output","temporal":"Value"}],"semantic_contract":{"configuration":[],"laws":[{"Terminal":"MirrorsInputTerminal"}]},"host_calls":[{"contract_id":"conduit.host/text-upper@1","target_kind":"text/uppercase-utf8","maximum_in_flight":1,"maximum_input_bytes":256,"maximum_output_bytes":256}],"resources":[{"pool_id":"conduitos-pool-0-memory","class_id":"conduit.resource/runtime-memory@1","units":145360,"protected":null,"compute":null}],"authority":[],"pool_references":[]}],"execution_regions":[{"region_id":"region/text","admitted_placements":["085bbffc25624e39c3ea40350bc27db38455d6f7adadba81f3c854de6151a524","9ced06a7e676322182753fc57cac5ad847549a22efeb4029c7eee9fd9fa9a4e1","dc18e406e1bbcd9c4bae8c9566ea1c2be0c60aa9bbf1b7f4da1ddc0025dd4fa7"],"execution_profile_id":"conduitos/protected-region@1","scheduling":"CooperativeBoundedStep","lane_count":1,"lane_resource":{"pool_id":"conduitos-pool-1-execution-lane","class_id":"conduit.resource/execution-lane@1","units":1,"protected":null,"compute":{"selected_lanes":1,"service_guarantee":"Reserved","architecture_base_id":"b88142cfa4c6c40e12c25ee3d8c37b0e3d2a934fc5b4dd710c4c78e8ff9c8484","architecture_base_kind":"BareMetal","topology_group_id":null,"performance_class":null,"nominal_clock_hz":null}},"lane_base_id":"b88142cfa4c6c40e12c25ee3d8c37b0e3d2a934fc5b4dd710c4c78e8ff9c8484","requirements":{"runtime_memory_bytes":153552,"timer_slots":0,"cord_item_capacity":2,"cord_byte_capacity":128,"mandatory_sign_items":15,"mandatory_sign_bytes":847},"preemption_required":true,"isolation_required":true},{"region_id":"region/timer","admitted_placements":["ce3cf294604e7ae55247a407a28c31fdb5437166b316848b38c29b99ff061ef8","fb2394200e2472a2933cfd6839db8d392b849b74c5aef2f7272d36b1c2138f1c"],"execution_profile_id":"conduitos/cooperative-bounded-step@1","scheduling":"CooperativeBoundedStep","lane_count":1,"lane_resource":{"pool_id":"conduitos-pool-4-execution-lane","class_id":"conduit.resource/execution-lane@1","units":1,"protected":null,"compute":{"selected_lanes":1,"service_guarantee":"Reserved","architecture_base_id":"b88142cfa4c6c40e12c25ee3d8c37b0e3d2a934fc5b4dd710c4c78e8ff9c8484","architecture_base_kind":"BareMetal","topology_group_id":null,"performance_class":null,"nominal_clock_hz":null}},"lane_base_id":"b88142cfa4c6c40e12c25ee3d8c37b0e3d2a934fc5b4dd710c4c78e8ff9c8484","requirements":{"runtime_memory_bytes":8192,"timer_slots":1,"cord_item_capacity":1,"cord_byte_capacity":64,"mandatory_sign_items":15,"mandatory_sign_bytes":847},"preemption_required":false,"isolation_required":false}],"execution_fusions":[],"connections":[{"connection_id":"bce8fe8ee8c7eacccb7973503ba65eb7a70a441715527375ada9a4cea1a1c411","source_placement_id":"fb2394200e2472a2933cfd6839db8d392b849b74c5aef2f7272d36b1c2138f1c","source_port_id":"tick","sink_placement_id":"ce3cf294604e7ae55247a407a28c31fdb5437166b316848b38c29b99ff061ef8","sink_port_id":"tick","value_kind":"value/tick@1","track":"payload","temporal":{"Flow":{"closes":true}},"pressure_policy":"preserve-order","selected_line":null,"admitted_lines":[],"item_capacity":1,"byte_capacity":64},{"connection_id":"7cd0103f3291c668fa0ca9710b31373626ecf34a18ee5b0d185dcbd0e22d87bb","source_placement_id":"085bbffc25624e39c3ea40350bc27db38455d6f7adadba81f3c854de6151a524","source_port_id":"text","sink_placement_id":"dc18e406e1bbcd9c4bae8c9566ea1c2be0c60aa9bbf1b7f4da1ddc0025dd4fa7","sink_port_id":"source","value_kind":"value/text","track":"payload","temporal":"Value","pressure_policy":"preserve-order","selected_line":null,"admitted_lines":[],"item_capacity":1,"byte_capacity":64},{"connection_id":"c3a126e1cb878fad5a311c82c7aa9666cd0bc9783b41cd527d294966023217be","source_placement_id":"dc18e406e1bbcd9c4bae8c9566ea1c2be0c60aa9bbf1b7f4da1ddc0025dd4fa7","source_port_id":"text","sink_placement_id":"9ced06a7e676322182753fc57cac5ad847549a22efeb4029c7eee9fd9fa9a4e1","sink_port_id":"text","value_kind":"value/text","track":"payload","temporal":"Value","pressure_policy":"preserve-order","selected_line":null,"admitted_lines":[],"item_capacity":1,"byte_capacity":64}],"shared_pools":[],"startup_dependencies":[{"prerequisite_placement_id":"9ced06a7e676322182753fc57cac5ad847549a22efeb4029c7eee9fd9fa9a4e1","dependent_placement_id":"dc18e406e1bbcd9c4bae8c9566ea1c2be0c60aa9bbf1b7f4da1ddc0025dd4fa7"},{"prerequisite_placement_id":"ce3cf294604e7ae55247a407a28c31fdb5437166b316848b38c29b99ff061ef8","dependent_placement_id":"fb2394200e2472a2933cfd6839db8d392b849b74c5aef2f7272d36b1c2138f1c"},{"prerequisite_placement_id":"dc18e406e1bbcd9c4bae8c9566ea1c2be0c60aa9bbf1b7f4da1ddc0025dd4fa7","dependent_placement_id":"085bbffc25624e39c3ea40350bc27db38455d6f7adadba81f3c854de6151a524"}],"startup_order":["9ced06a7e676322182753fc57cac5ad847549a22efeb4029c7eee9fd9fa9a4e1","ce3cf294604e7ae55247a407a28c31fdb5437166b316848b38c29b99ff061ef8","dc18e406e1bbcd9c4bae8c9566ea1c2be0c60aa9bbf1b7f4da1ddc0025dd4fa7","085bbffc25624e39c3ea40350bc27db38455d6f7adadba81f3c854de6151a524","fb2394200e2472a2933cfd6839db8d392b849b74c5aef2f7272d36b1c2138f1c"],"cancellation_policy":"CancelAllAndRejectLateCompletion","terminal_policy":"RequireAllPlacementsAndConnections","expected_terminals":[{"PlacementCompleted":"fb2394200e2472a2933cfd6839db8d392b849b74c5aef2f7272d36b1c2138f1c"},{"PlacementCompleted":"085bbffc25624e39c3ea40350bc27db38455d6f7adadba81f3c854de6151a524"},{"PlacementCompleted":"9ced06a7e676322182753fc57cac5ad847549a22efeb4029c7eee9fd9fa9a4e1"},{"PlacementCompleted":"ce3cf294604e7ae55247a407a28c31fdb5437166b316848b38c29b99ff061ef8"},{"PlacementCompleted":"dc18e406e1bbcd9c4bae8c9566ea1c2be0c60aa9bbf1b7f4da1ddc0025dd4fa7"},{"ConnectionCompleted":"bce8fe8ee8c7eacccb7973503ba65eb7a70a441715527375ada9a4cea1a1c411"},{"ConnectionCompleted":"7cd0103f3291c668fa0ca9710b31373626ecf34a18ee5b0d185dcbd0e22d87bb"},{"ConnectionCompleted":"c3a126e1cb878fad5a311c82c7aa9666cd0bc9783b41cd527d294966023217be"},"PlanCompleted"],"expected_sign":["PlanFragmentReceived",{"PlacementPrepared":"fb2394200e2472a2933cfd6839db8d392b849b74c5aef2f7272d36b1c2138f1c"},{"PlacementPrepared":"085bbffc25624e39c3ea40350bc27db38455d6f7adadba81f3c854de6151a524"},{"PlacementPrepared":"9ced06a7e676322182753fc57cac5ad847549a22efeb4029c7eee9fd9fa9a4e1"},{"PlacementPrepared":"ce3cf294604e7ae55247a407a28c31fdb5437166b316848b38c29b99ff061ef8"},{"PlacementPrepared":"dc18e406e1bbcd9c4bae8c9566ea1c2be0c60aa9bbf1b7f4da1ddc0025dd4fa7"},{"PlacementTerminal":"fb2394200e2472a2933cfd6839db8d392b849b74c5aef2f7272d36b1c2138f1c"},{"PlacementTerminal":"085bbffc25624e39c3ea40350bc27db38455d6f7adadba81f3c854de6151a524"},{"PlacementTerminal":"9ced06a7e676322182753fc57cac5ad847549a22efeb4029c7eee9fd9fa9a4e1"},{"PlacementTerminal":"ce3cf294604e7ae55247a407a28c31fdb5437166b316848b38c29b99ff061ef8"},{"PlacementTerminal":"dc18e406e1bbcd9c4bae8c9566ea1c2be0c60aa9bbf1b7f4da1ddc0025dd4fa7"},{"ConnectionTerminal":"bce8fe8ee8c7eacccb7973503ba65eb7a70a441715527375ada9a4cea1a1c411"},{"ConnectionTerminal":"7cd0103f3291c668fa0ca9710b31373626ecf34a18ee5b0d185dcbd0e22d87bb"},{"ConnectionTerminal":"c3a126e1cb878fad5a311c82c7aa9666cd0bc9783b41cd527d294966023217be"},"PlanTerminal"],"sign_storage_budget":{"item_capacity":15,"byte_capacity":847},"plan_fragments":[{"host_id":"d1cd36e5e1e08be68eae821f154cf6eccf57164040c093c2213c9f0caae03d6a","fragment_id":"30fd43e345a4cff9e129e8b1a05970504768a032231b79b8bfb9ee80bb8bc484"}]}]}],"plays":[{"active_play_id":"621614c9f0d09d7b209bd56821b7d42fbab9e05782ec43e53ad7876c66f39ba9","plan_id":"6751b9028a2fee47c02ad0569855813ca366da1e8cd768d84b186246ec40ac50","host_id":"d1cd36e5e1e08be68eae821f154cf6eccf57164040c093c2213c9f0caae03d6a","boot_id":"6a440718013ff32674190290c5fa146b05823e2fbbea77cfa2ea0ee0f3292e42","lifecycle":"Completed","terminal_disposition":"Completed","failure_message":null,"placements":[{"placement_id":"fb2394200e2472a2933cfd6839db8d392b849b74c5aef2f7272d36b1c2138f1c","lifecycle":"Completed","terminal_disposition":"Completed","failure_message":null},{"placement_id":"085bbffc25624e39c3ea40350bc27db38455d6f7adadba81f3c854de6151a524","lifecycle":"Completed","terminal_disposition":"Completed","failure_message":null},{"placement_id":"9ced06a7e676322182753fc57cac5ad847549a22efeb4029c7eee9fd9fa9a4e1","lifecycle":"Completed","terminal_disposition":"Completed","failure_message":null},{"placement_id":"ce3cf294604e7ae55247a407a28c31fdb5437166b316848b38c29b99ff061ef8","lifecycle":"Completed","terminal_disposition":"Completed","failure_message":null},{"placement_id":"dc18e406e1bbcd9c4bae8c9566ea1c2be0c60aa9bbf1b7f4da1ddc0025dd4fa7","lifecycle":"Completed","terminal_disposition":"Completed","failure_message":null}],"connections":[{"connection_id":"bce8fe8ee8c7eacccb7973503ba65eb7a70a441715527375ada9a4cea1a1c411","lifecycle":"Completed","terminal_disposition":{"disposition":"Completed","last_accepted_sequence":0,"last_manifested_sequence":0,"undeliverable_items":0},"pressure":{"current_in_flight_items":0,"current_buffered_bytes":0,"pressure_events":0,"last_pressure_sequence":null},"failure_message":null},{"connection_id":"7cd0103f3291c668fa0ca9710b31373626ecf34a18ee5b0d185dcbd0e22d87bb","lifecycle":"Completed","terminal_disposition":{"disposition":"Completed","last_accepted_sequence":0,"last_manifested_sequence":0,"undeliverable_items":0},"pressure":{"current_in_flight_items":0,"current_buffered_bytes":0,"pressure_events":0,"last_pressure_sequence":null},"failure_message":null},{"connection_id":"c3a126e1cb878fad5a311c82c7aa9666cd0bc9783b41cd527d294966023217be","lifecycle":"Completed","terminal_disposition":{"disposition":"Completed","last_accepted_sequence":0,"last_manifested_sequence":0,"undeliverable_items":0},"pressure":{"current_in_flight_items":0,"current_buffered_bytes":0,"pressure_events":0,"last_pressure_sequence":null},"failure_message":null}]}],"observations":[{"sign_id":"2bf686bd1cffd5c7c60ee6a1a2971db8f4a882ca489b9ab0207f68e357cd27ec","active_play_id":"621614c9f0d09d7b209bd56821b7d42fbab9e05782ec43e53ad7876c66f39ba9","presentation_id":null,"host_id":"d1cd36e5e1e08be68eae821f154cf6eccf57164040c093c2213c9f0caae03d6a","boot_id":"6a440718013ff32674190290c5fa146b05823e2fbbea77cfa2ea0ee0f3292e42","plan_id":"6751b9028a2fee47c02ad0569855813ca366da1e8cd768d84b186246ec40ac50","placement_id":null,"connection_id":null,"kind":{"ExecutionRegionOverlap":{"waiting_region_id":"region/timer","progressing_region_id":"region/text","physical_parallelism":false}}},{"sign_id":"ff122b88fa5bcd7aebd11b4b27bef5a701a7dc3c4098286b365228c587e8e824","active_play_id":"621614c9f0d09d7b209bd56821b7d42fbab9e05782ec43e53ad7876c66f39ba9","presentation_id":null,"host_id":"d1cd36e5e1e08be68eae821f154cf6eccf57164040c093c2213c9f0caae03d6a","boot_id":"6a440718013ff32674190290c5fa146b05823e2fbbea77cfa2ea0ee0f3292e42","plan_id":"6751b9028a2fee47c02ad0569855813ca366da1e8cd768d84b186246ec40ac50","placement_id":"fb2394200e2472a2933cfd6839db8d392b849b74c5aef2f7272d36b1c2138f1c","connection_id":null,"kind":{"PlacementTerminal":{"disposition":"Completed"}}},{"sign_id":"a82a39e2bd70a51f5b29504b7b0823f4bb422446170e2c1a21d534d8a3f0a967","active_play_id":"621614c9f0d09d7b209bd56821b7d42fbab9e05782ec43e53ad7876c66f39ba9","presentation_id":null,"host_id":"d1cd36e5e1e08be68eae821f154cf6eccf57164040c093c2213c9f0caae03d6a","boot_id":"6a440718013ff32674190290c5fa146b05823e2fbbea77cfa2ea0ee0f3292e42","plan_id":"6751b9028a2fee47c02ad0569855813ca366da1e8cd768d84b186246ec40ac50","placement_id":"085bbffc25624e39c3ea40350bc27db38455d6f7adadba81f3c854de6151a524","connection_id":null,"kind":{"PlacementTerminal":{"disposition":"Completed"}}},{"sign_id":"ed075aa9b7986a6abb869ac537350b3b25946f0395de3cdd0dd929657115db16","active_play_id":"621614c9f0d09d7b209bd56821b7d42fbab9e05782ec43e53ad7876c66f39ba9","presentation_id":null,"host_id":"d1cd36e5e1e08be68eae821f154cf6eccf57164040c093c2213c9f0caae03d6a","boot_id":"6a440718013ff32674190290c5fa146b05823e2fbbea77cfa2ea0ee0f3292e42","plan_id":"6751b9028a2fee47c02ad0569855813ca366da1e8cd768d84b186246ec40ac50","placement_id":"9ced06a7e676322182753fc57cac5ad847549a22efeb4029c7eee9fd9fa9a4e1","connection_id":null,"kind":{"PlacementTerminal":{"disposition":"Completed"}}},{"sign_id":"4c420eb6449ac5ac066122bd101c6cd70f5e78fc9dd9e7bc924e4ab635021e42","active_play_id":"621614c9f0d09d7b209bd56821b7d42fbab9e05782ec43e53ad7876c66f39ba9","presentation_id":null,"host_id":"d1cd36e5e1e08be68eae821f154cf6eccf57164040c093c2213c9f0caae03d6a","boot_id":"6a440718013ff32674190290c5fa146b05823e2fbbea77cfa2ea0ee0f3292e42","plan_id":"6751b9028a2fee47c02ad0569855813ca366da1e8cd768d84b186246ec40ac50","placement_id":"ce3cf294604e7ae55247a407a28c31fdb5437166b316848b38c29b99ff061ef8","connection_id":null,"kind":{"PlacementTerminal":{"disposition":"Completed"}}},{"sign_id":"395fb1440d5103e6bf6235ad30531ccfd2962105e63a8a4ab635e42879ecb157","active_play_id":"621614c9f0d09d7b209bd56821b7d42fbab9e05782ec43e53ad7876c66f39ba9","presentation_id":null,"host_id":"d1cd36e5e1e08be68eae821f154cf6eccf57164040c093c2213c9f0caae03d6a","boot_id":"6a440718013ff32674190290c5fa146b05823e2fbbea77cfa2ea0ee0f3292e42","plan_id":"6751b9028a2fee47c02ad0569855813ca366da1e8cd768d84b186246ec40ac50","placement_id":"dc18e406e1bbcd9c4bae8c9566ea1c2be0c60aa9bbf1b7f4da1ddc0025dd4fa7","connection_id":null,"kind":{"PlacementTerminal":{"disposition":"Completed"}}},{"sign_id":"b98298657c8499c4836c636528f03c55e3349e9f41f5e2b5886b7c5d2d06864e","active_play_id":"621614c9f0d09d7b209bd56821b7d42fbab9e05782ec43e53ad7876c66f39ba9","presentation_id":null,"host_id":"d1cd36e5e1e08be68eae821f154cf6eccf57164040c093c2213c9f0caae03d6a","boot_id":"6a440718013ff32674190290c5fa146b05823e2fbbea77cfa2ea0ee0f3292e42","plan_id":"6751b9028a2fee47c02ad0569855813ca366da1e8cd768d84b186246ec40ac50","placement_id":null,"connection_id":"bce8fe8ee8c7eacccb7973503ba65eb7a70a441715527375ada9a4cea1a1c411","kind":{"ConnectionTerminal":{"disposition":{"disposition":"Completed","last_accepted_sequence":0,"last_manifested_sequence":0,"undeliverable_items":0}}}},{"sign_id":"552bcf8dd1d49712ba5ecf0d5ac490a2d0d438b35f9d81eb829ffbf95d198360","active_play_id":"621614c9f0d09d7b209bd56821b7d42fbab9e05782ec43e53ad7876c66f39ba9","presentation_id":null,"host_id":"d1cd36e5e1e08be68eae821f154cf6eccf57164040c093c2213c9f0caae03d6a","boot_id":"6a440718013ff32674190290c5fa146b05823e2fbbea77cfa2ea0ee0f3292e42","plan_id":"6751b9028a2fee47c02ad0569855813ca366da1e8cd768d84b186246ec40ac50","placement_id":null,"connection_id":"7cd0103f3291c668fa0ca9710b31373626ecf34a18ee5b0d185dcbd0e22d87bb","kind":{"ConnectionTerminal":{"disposition":{"disposition":"Completed","last_accepted_sequence":0,"last_manifested_sequence":0,"undeliverable_items":0}}}},{"sign_id":"6ccc10ed90b931a62eb0db4485f1b09405c698aae0b8da476fe5b1cb7c1543cc","active_play_id":"621614c9f0d09d7b209bd56821b7d42fbab9e05782ec43e53ad7876c66f39ba9","presentation_id":null,"host_id":"d1cd36e5e1e08be68eae821f154cf6eccf57164040c093c2213c9f0caae03d6a","boot_id":"6a440718013ff32674190290c5fa146b05823e2fbbea77cfa2ea0ee0f3292e42","plan_id":"6751b9028a2fee47c02ad0569855813ca366da1e8cd768d84b186246ec40ac50","placement_id":null,"connection_id":"c3a126e1cb878fad5a311c82c7aa9666cd0bc9783b41cd527d294966023217be","kind":{"ConnectionTerminal":{"disposition":{"disposition":"Completed","last_accepted_sequence":0,"last_manifested_sequence":0,"undeliverable_items":0}}}},{"sign_id":"31be425effcaacbd6c83fb1d7861e3b6c04a734b1579741884812f9eca3853e4","active_play_id":"621614c9f0d09d7b209bd56821b7d42fbab9e05782ec43e53ad7876c66f39ba9","presentation_id":null,"host_id":"d1cd36e5e1e08be68eae821f154cf6eccf57164040c093c2213c9f0caae03d6a","boot_id":"6a440718013ff32674190290c5fa146b05823e2fbbea77cfa2ea0ee0f3292e42","plan_id":"6751b9028a2fee47c02ad0569855813ca366da1e8cd768d84b186246ec40ac50","placement_id":null,"connection_id":null,"kind":{"PlanTerminal":{"disposition":"Completed"}}}],"historical_observations":[{"sign_id":"60d1cfce510498de486731845803b9e738ed98077362630c4a1765960b913ef5","active_play_id":null,"presentation_id":null,"host_id":"d1cd36e5e1e08be68eae821f154cf6eccf57164040c093c2213c9f0caae03d6a","boot_id":"6a440718013ff32674190290c5fa146b05823e2fbbea77cfa2ea0ee0f3292e42","plan_id":null,"placement_id":null,"connection_id":null,"kind":"HostStarted"},{"sign_id":"cec3cf35ba9a932fd0514bf75903f8e1dcf5aca3c56299bd563cd038bda8a220","active_play_id":null,"presentation_id":null,"host_id":"d1cd36e5e1e08be68eae821f154cf6eccf57164040c093c2213c9f0caae03d6a","boot_id":"6a440718013ff32674190290c5fa146b05823e2fbbea77cfa2ea0ee0f3292e42","plan_id":null,"placement_id":null,"connection_id":null,"kind":"AdvertisementPublished"},{"sign_id":"9f09b47e5a05c59b983d990ef962574f0ab59a9332a979fd3f771a7b04c78994","active_play_id":null,"presentation_id":null,"host_id":"d1cd36e5e1e08be68eae821f154cf6eccf57164040c093c2213c9f0caae03d6a","boot_id":"6a440718013ff32674190290c5fa146b05823e2fbbea77cfa2ea0ee0f3292e42","plan_id":"6751b9028a2fee47c02ad0569855813ca366da1e8cd768d84b186246ec40ac50","placement_id":null,"connection_id":null,"kind":"PlanFragmentReceived"},{"sign_id":"4e248b4d49c38e151ec99d33961e730b7e001d1d831e7609d8acfdaeb24994ff","active_play_id":null,"presentation_id":null,"host_id":"d1cd36e5e1e08be68eae821f154cf6eccf57164040c093c2213c9f0caae03d6a","boot_id":"6a440718013ff32674190290c5fa146b05823e2fbbea77cfa2ea0ee0f3292e42","plan_id":"6751b9028a2fee47c02ad0569855813ca366da1e8cd768d84b186246ec40ac50","placement_id":"fb2394200e2472a2933cfd6839db8d392b849b74c5aef2f7272d36b1c2138f1c","connection_id":null,"kind":"PlacementPrepared"},{"sign_id":"919665cd0455a2c7fbae96d077a731a1144997c5a9566c26674ea11e7c656730","active_play_id":null,"presentation_id":null,"host_id":"d1cd36e5e1e08be68eae821f154cf6eccf57164040c093c2213c9f0caae03d6a","boot_id":"6a440718013ff32674190290c5fa146b05823e2fbbea77cfa2ea0ee0f3292e42","plan_id":"6751b9028a2fee47c02ad0569855813ca366da1e8cd768d84b186246ec40ac50","placement_id":"085bbffc25624e39c3ea40350bc27db38455d6f7adadba81f3c854de6151a524","connection_id":null,"kind":"PlacementPrepared"},{"sign_id":"09abd55db7e13bdeb068ed745c09933667167bbd858056670f076e97d061c937","active_play_id":null,"presentation_id":null,"host_id":"d1cd36e5e1e08be68eae821f154cf6eccf57164040c093c2213c9f0caae03d6a","boot_id":"6a440718013ff32674190290c5fa146b05823e2fbbea77cfa2ea0ee0f3292e42","plan_id":"6751b9028a2fee47c02ad0569855813ca366da1e8cd768d84b186246ec40ac50","placement_id":"9ced06a7e676322182753fc57cac5ad847549a22efeb4029c7eee9fd9fa9a4e1","connection_id":null,"kind":"PlacementPrepared"},{"sign_id":"4d069277d31ddb18bf75d6bf45535f74a19dbc7baf45e2df78be40f7391787c0","active_play_id":null,"presentation_id":null,"host_id":"d1cd36e5e1e08be68eae821f154cf6eccf57164040c093c2213c9f0caae03d6a","boot_id":"6a440718013ff32674190290c5fa146b05823e2fbbea77cfa2ea0ee0f3292e42","plan_id":"6751b9028a2fee47c02ad0569855813ca366da1e8cd768d84b186246ec40ac50","placement_id":"ce3cf294604e7ae55247a407a28c31fdb5437166b316848b38c29b99ff061ef8","connection_id":null,"kind":"PlacementPrepared"},{"sign_id":"69ad76021dab858ee43992528975a5a7abb14a67b1e3b8dbe61b97a1565c4482","active_play_id":null,"presentation_id":null,"host_id":"d1cd36e5e1e08be68eae821f154cf6eccf57164040c093c2213c9f0caae03d6a","boot_id":"6a440718013ff32674190290c5fa146b05823e2fbbea77cfa2ea0ee0f3292e42","plan_id":"6751b9028a2fee47c02ad0569855813ca366da1e8cd768d84b186246ec40ac50","placement_id":"dc18e406e1bbcd9c4bae8c9566ea1c2be0c60aa9bbf1b7f4da1ddc0025dd4fa7","connection_id":null,"kind":"PlacementPrepared"},{"sign_id":"3656ee38b52d3004911357ed3e4174b3ee1286842784406225d0418fd0092e65","active_play_id":"621614c9f0d09d7b209bd56821b7d42fbab9e05782ec43e53ad7876c66f39ba9","presentation_id":null,"host_id":"d1cd36e5e1e08be68eae821f154cf6eccf57164040c093c2213c9f0caae03d6a","boot_id":"6a440718013ff32674190290c5fa146b05823e2fbbea77cfa2ea0ee0f3292e42","plan_id":"6751b9028a2fee47c02ad0569855813ca366da1e8cd768d84b186246ec40ac50","placement_id":null,"connection_id":null,"kind":"PlanPlayStarted"}],"sealed_boot_provenance":[{"host_id":"d1cd36e5e1e08be68eae821f154cf6eccf57164040c093c2213c9f0caae03d6a","boot_id":"6a440718013ff32674190290c5fa146b05823e2fbbea77cfa2ea0ee0f3292e42","firmware_environment":"x86-bios","adapter_name":"Limine","adapter_version":"12.5.2","adapter_revision":"3","image_id":"image:sha256:03a95fa60c73d1a22dd1eef20319428837c5d2be735fcbf6e0d2647168ff11fc","build_id":"build:sha256:ee5f0527c48fb0fa9bbbb5c4b5874ca4c08c67bd06e24d557467519d4f8c882d","image_build_trace":{"profile_id":"sha256:44f70590ea7435a73efad4147dce8b065908dca53622a7a14d76a4ffa6c4dd33","inclusions":[]},"memory_map":{"normalized_region_count":19,"runtime_arena_bytes":16777216},"boot_artifacts":[],"initial_plan_artifact_id":null,"recovery_plan_artifact_id":null,"framebuffers":[{"base_id":"6c35a9f340920fa7ca316cf63c8a5cc6dee572a98090c739de8741284585f96b","width":1280,"height":800,"pitch_bytes":5120,"bits_per_pixel":32}],"proof_class":"FreestandingEmulator"}],"retention":{"item_capacity":64,"retained_items":19,"dropped_items":0}}
xtask error: ConduitOS proof refusal [patchbay-linear-projection-incomplete]: native Patchbay output omitted runtime-memory=12288
