2026-10-08T21:55:58.9027769Z Current runner version: '2.337.0'
2026-10-08T21:55:58.9052258Z ##[group]Runner Image Provisioner
2026-10-08T21:55:58.9053269Z Hosted Compute Agent
2026-10-08T21:55:58.9053857Z Version: 20261002.596
2026-10-08T21:55:58.9054881Z Commit: c3d12f3313a95f25162a1503be624f3b0617f8c0
2026-10-08T21:55:58.9055704Z Build Date: 2026-10-02T22:28:27Z
2026-10-08T21:55:58.9056379Z Worker ID: {8fdeb6b1-40dd-4b7f-94dc-575f6c303d6e}
2026-10-08T21:55:58.9057249Z Region: westcentralus
2026-10-08T21:55:58.9057821Z Cloud: Azure
2026-10-08T21:55:58.9058382Z ##[endgroup]
2026-10-08T21:55:58.9059879Z ##[group]Operating System
2026-10-08T21:55:58.9060507Z Ubuntu
2026-10-08T21:55:58.9061162Z 24.04.5
2026-10-08T21:55:58.9061730Z LTS
2026-10-08T21:55:58.9062325Z ##[endgroup]
2026-10-08T21:55:58.9062946Z ##[group]Runner Image
2026-10-08T21:55:58.9063527Z Image: ubuntu-24.04
2026-10-08T21:55:58.9064164Z Version: 20261004.327.1
2026-10-08T21:55:58.9065690Z Included Software: https://github.com/actions/runner-images/blob/ubuntu24/20261004.327/images/ubuntu/Ubuntu2404-Readme.md
2026-10-08T21:55:58.9067366Z Image Release: https://github.com/actions/runner-images/releases/tag/ubuntu24%2F20261004.327
2026-10-08T21:55:58.9068386Z ##[endgroup]
2026-10-08T21:55:58.9069629Z ##[group]GITHUB_TOKEN Permissions
2026-10-08T21:55:58.9071686Z Contents: read
2026-10-08T21:55:58.9072359Z Metadata: read
2026-10-08T21:55:58.9072914Z ##[endgroup]
2026-10-08T21:55:58.9075378Z Secret source: Actions
2026-10-08T21:55:58.9076439Z Cache mode: write
2026-10-08T21:55:58.9077111Z Prepare workflow directory
2026-10-08T21:55:58.9678649Z Prepare all required actions
2026-10-08T21:55:58.9752981Z Getting action download info
2026-10-08T21:55:59.2803268Z Download action repository 'actions/checkout@v7.0.1' (SHA:3d3c42e5aac5ba805825da76410c181273ba90b1)
2026-10-08T21:55:59.3806284Z Download action repository 'dtolnay/rust-toolchain@1.98.1' (SHA:c6590455eca8e79d081430ebfe2074192ae90290)
2026-10-08T21:55:59.5829612Z Download action repository 'actions/setup-node@v7.0.0' (SHA:820762786026740c76f36085b0efc47a31fe5020)
2026-10-08T21:55:59.6617272Z Download action repository 'Swatinem/rust-cache@v2' (SHA:6323deb102c322ba6fcbdcafc7e3dddab59af2b6)
2026-10-08T21:56:00.3892171Z Download action repository 'actions/cache@v6.1.0' (SHA:55cc8345863c7cc4c66a329aec7e433d2d1c52a9)
2026-10-08T21:56:00.4988569Z Download action repository 'actions/upload-artifact@v7.0.1' (SHA:043fb46d1a93c77aae656e7c1c64a875d1fc6a0a)
2026-10-08T21:56:00.7861821Z Uses: dancxjo/conduit/.github/workflows/ci.yml@refs/pull/5324/merge (5cd7c4686cdbd85d047543cf04d6a82b52ea3945)
2026-10-08T21:56:00.7867641Z ##[group] Inputs
2026-10-08T21:56:00.7868556Z   sha: 7f8069c3aebaa63cb12f9cb112b1dbeaa5fe4d57
2026-10-08T21:56:00.7869962Z   exhaustive: true
2026-10-08T21:56:00.7870810Z   base: 6cc4ba02f2139716e454da8463ff28f0b3502814
2026-10-08T21:56:00.7871843Z ##[endgroup]
2026-10-08T21:56:00.7872617Z Complete job name: proof / target / browser
2026-10-08T21:56:00.8900801Z ##[group]Run actions/checkout@v7.0.1
2026-10-08T21:56:00.8902086Z with:
2026-10-08T21:56:00.8902889Z   ref: 7f8069c3aebaa63cb12f9cb112b1dbeaa5fe4d57
2026-10-08T21:56:00.8903906Z   fetch-depth: 0
2026-10-08T21:56:00.8905001Z   persist-credentials: false
2026-10-08T21:56:00.8905901Z   repository: dancxjo/conduit
2026-10-08T21:56:00.8914411Z   token: ***
2026-10-08T21:56:00.8915290Z   ssh-strict: true
2026-10-08T21:56:00.8916008Z   ssh-user: git
2026-10-08T21:56:00.8916702Z   clean: true
2026-10-08T21:56:00.8917437Z   sparse-checkout-cone-mode: true
2026-10-08T21:56:00.8918322Z   fetch-tags: false
2026-10-08T21:56:00.8919053Z   show-progress: true
2026-10-08T21:56:00.8919782Z   lfs: false
2026-10-08T21:56:00.8920455Z   submodules: false
2026-10-08T21:56:00.8921198Z   set-safe-directory: true
2026-10-08T21:56:00.8922059Z   allow-unsafe-pr-checkout: false
2026-10-08T21:56:00.8923495Z env:
2026-10-08T21:56:00.8924327Z   CARGO_TERM_COLOR: always
2026-10-08T21:56:00.8925356Z   CARGO_INCREMENTAL: 0
2026-10-08T21:56:00.8926168Z   CARGO_PROFILE_DEV_DEBUG: 0
2026-10-08T21:56:00.8927322Z   CARGO_PROFILE_TEST_DEBUG: 0
2026-10-08T21:56:00.8928169Z   RUSTUP_TOOLCHAIN: 1.98.1
2026-10-08T21:56:00.8929228Z   CONDUIT_CHECKOUT_SHA: 7f8069c3aebaa63cb12f9cb112b1dbeaa5fe4d57
2026-10-08T21:56:00.8930396Z ##[endgroup]
2026-10-08T21:56:01.0031785Z Syncing repository: dancxjo/conduit
2026-10-08T21:56:01.0034223Z ##[group]Getting Git version info
2026-10-08T21:56:01.0035848Z Working directory is '/home/runner/work/conduit/conduit'
2026-10-08T21:56:01.0037636Z [command]/usr/bin/git version
2026-10-08T21:56:01.0115255Z git version 2.55.0
2026-10-08T21:56:01.0137952Z ##[endgroup]
2026-10-08T21:56:01.0149472Z Temporarily overriding HOME='/home/runner/work/_temp/342f8ca4-2591-4290-9101-867edb349f70' before making global git config changes
2026-10-08T21:56:01.0153993Z Adding repository directory to the temporary git global config as a safe directory
2026-10-08T21:56:01.0157920Z [command]/usr/bin/git config --global --add safe.directory /home/runner/work/conduit/conduit
2026-10-08T21:56:01.0206725Z Deleting the contents of '/home/runner/work/conduit/conduit'
2026-10-08T21:56:01.0210226Z ##[group]Determining repository object format
2026-10-08T21:56:01.0212204Z ##[endgroup]
2026-10-08T21:56:01.0213419Z ##[group]Initializing the repository
2026-10-08T21:56:01.0215722Z [command]/usr/bin/git init /home/runner/work/conduit/conduit
2026-10-08T21:56:01.0350848Z hint: Using 'master' as the name for the initial branch. This default branch name
2026-10-08T21:56:01.0353569Z hint: will change to "main" in Git 3.0. To configure the initial branch name
2026-10-08T21:56:01.0356862Z hint: to use in all of your new repositories, which will suppress this warning,
2026-10-08T21:56:01.0358219Z hint: call:
2026-10-08T21:56:01.0358867Z hint:
2026-10-08T21:56:01.0359715Z hint: 	git config --global init.defaultBranch <name>
2026-10-08T21:56:01.0360756Z hint:
2026-10-08T21:56:01.0362239Z hint: Names commonly chosen instead of 'master' are 'main', 'trunk' and
2026-10-08T21:56:01.0363896Z hint: 'development'. The just-created branch can be renamed via this command:
2026-10-08T21:56:01.0365620Z hint:
2026-10-08T21:56:01.0366691Z hint: 	git branch -m <name>
2026-10-08T21:56:01.0367491Z hint:
2026-10-08T21:56:01.0368568Z hint: Disable this message with "git config set advice.defaultBranchName false"
2026-10-08T21:56:01.0370347Z Initialized empty Git repository in /home/runner/work/conduit/conduit/.git/
2026-10-08T21:56:01.0373268Z [command]/usr/bin/git remote add origin https://github.com/dancxjo/conduit
2026-10-08T21:56:01.0418713Z ##[endgroup]
2026-10-08T21:56:01.0420015Z ##[group]Disabling automatic garbage collection
2026-10-08T21:56:01.0421501Z [command]/usr/bin/git config --local gc.auto 0
2026-10-08T21:56:01.0451345Z ##[endgroup]
2026-10-08T21:56:01.0453148Z ##[group]Setting up auth
2026-10-08T21:56:01.0454065Z Removing SSH command configuration
2026-10-08T21:56:01.0457998Z [command]/usr/bin/git config --local --name-only --get-regexp core\.sshCommand
2026-10-08T21:56:01.0489681Z [command]/usr/bin/git submodule foreach --recursive sh -c "git config --local --name-only --get-regexp 'core\.sshCommand' && git config --local --unset-all 'core.sshCommand' || :"
2026-10-08T21:56:01.0874833Z Removing HTTP extra header
2026-10-08T21:56:01.0881721Z [command]/usr/bin/git config --local --name-only --get-regexp http\.https\:\/\/github\.com\/\.extraheader
2026-10-08T21:56:01.0914393Z [command]/usr/bin/git submodule foreach --recursive sh -c "git config --local --name-only --get-regexp 'http\.https\:\/\/github\.com\/\.extraheader' && git config --local --unset-all 'http.https://github.com/.extraheader' || :"
2026-10-08T21:56:01.1127438Z Removing includeIf entries pointing to credentials config files
2026-10-08T21:56:01.1133043Z [command]/usr/bin/git config --local --name-only --get-regexp ^includeIf\.gitdir:
2026-10-08T21:56:01.1165852Z [command]/usr/bin/git submodule foreach --recursive git config --local --show-origin --name-only --get-regexp remote.origin.url
2026-10-08T21:56:01.1388248Z [command]/usr/bin/git config --file /home/runner/work/_temp/git-credentials-d0caf2a4-34a3-495c-9bbb-0c64eefacf0f.config http.https://github.com/.extraheader AUTHORIZATION: basic ***
2026-10-08T21:56:01.1426882Z [command]/usr/bin/git config --local includeIf.gitdir:/home/runner/work/conduit/conduit/.git.path /home/runner/work/_temp/git-credentials-d0caf2a4-34a3-495c-9bbb-0c64eefacf0f.config
2026-10-08T21:56:01.1466835Z [command]/usr/bin/git config --local includeIf.gitdir:/home/runner/work/conduit/conduit/.git/worktrees/*.path /home/runner/work/_temp/git-credentials-d0caf2a4-34a3-495c-9bbb-0c64eefacf0f.config
2026-10-08T21:56:01.1503308Z [command]/usr/bin/git config --local includeIf.gitdir:/github/workspace/.git.path /github/runner_temp/git-credentials-d0caf2a4-34a3-495c-9bbb-0c64eefacf0f.config
2026-10-08T21:56:01.1536448Z [command]/usr/bin/git config --local includeIf.gitdir:/github/workspace/.git/worktrees/*.path /github/runner_temp/git-credentials-d0caf2a4-34a3-495c-9bbb-0c64eefacf0f.config
2026-10-08T21:56:01.1562895Z ##[endgroup]
2026-10-08T21:56:01.1565423Z ##[group]Fetching the repository
2026-10-08T21:56:01.1571862Z [command]/usr/bin/git -c protocol.version=2 fetch --no-tags --prune --no-recurse-submodules origin +refs/heads/*:refs/remotes/origin/* +refs/tags/*:refs/tags/*
2026-10-08T21:56:13.2360233Z From https://github.com/dancxjo/conduit
2026-10-08T21:56:13.2380625Z  * [new branch]          archive/branch-cleanup-20261006/4807-face-human-labels -> origin/archive/branch-cleanup-20261006/4807-face-human-labels
2026-10-08T21:56:13.2382691Z  * [new branch]          archive/branch-cleanup-20261006/4922-presentation-seal -> origin/archive/branch-cleanup-20261006/4922-presentation-seal
2026-10-08T21:56:13.2384441Z  * [new branch]          archive/branch-cleanup-20261006/native-face-scene -> origin/archive/branch-cleanup-20261006/native-face-scene
2026-10-08T21:56:13.2386710Z  * [new branch]          archive/cleanup-20261002/codex/3938-conduitese-routing -> origin/archive/cleanup-20261002/codex/3938-conduitese-routing
2026-10-08T21:56:13.2388678Z  * [new branch]          archive/cleanup-20261002/codex/4001-body-evidence-journey -> origin/archive/cleanup-20261002/codex/4001-body-evidence-journey
2026-10-08T21:56:13.2392125Z  * [new branch]          archive/cleanup-20261002/codex/4001-observatory-causal-projection -> origin/archive/cleanup-20261002/codex/4001-observatory-causal-projection
2026-10-08T21:56:13.2394033Z  * [new branch]          archive/cleanup-20261002/codex/4001-observatory-vertical -> origin/archive/cleanup-20261002/codex/4001-observatory-vertical
2026-10-08T21:56:13.2395922Z  * [new branch]          archive/cleanup-20261002/codex/4001-source-spans -> origin/archive/cleanup-20261002/codex/4001-source-spans
2026-10-08T21:56:13.2397650Z  * [new branch]          archive/cleanup-20261002/codex/4001-terminal-causal-correlation -> origin/archive/cleanup-20261002/codex/4001-terminal-causal-correlation
2026-10-08T21:56:13.2399122Z  * [new branch]          archive/cleanup-20261002/codex/4001-visible-causal-face -> origin/archive/cleanup-20261002/codex/4001-visible-causal-face
2026-10-08T21:56:13.2400159Z  * [new branch]          archive/cleanup-20261002/codex/4055-package-graph -> origin/archive/cleanup-20261002/codex/4055-package-graph
2026-10-08T21:56:13.2401146Z  * [new branch]          archive/cleanup-20261002/codex/4061-browser-debounce -> origin/archive/cleanup-20261002/codex/4061-browser-debounce
2026-10-08T21:56:13.2402131Z  * [new branch]          archive/cleanup-20261002/codex/4061-browser-window -> origin/archive/cleanup-20261002/codex/4061-browser-window
2026-10-08T21:56:13.2403226Z  * [new branch]          archive/cleanup-20261002/codex/4061-browser-window-install -> origin/archive/cleanup-20261002/codex/4061-browser-window-install
2026-10-08T21:56:13.2404207Z  * [new branch]          archive/cleanup-20261002/codex/4061-deadline -> origin/archive/cleanup-20261002/codex/4061-deadline
2026-10-08T21:56:13.2405982Z  * [new branch]          archive/cleanup-20261002/codex/4061-sample-specialization -> origin/archive/cleanup-20261002/codex/4061-sample-specialization
2026-10-08T21:56:13.2408079Z  * [new branch]          archive/cleanup-20261002/codex/4061-shared-debounce -> origin/archive/cleanup-20261002/codex/4061-shared-debounce
2026-10-08T21:56:13.2409869Z  * [new branch]          archive/cleanup-20261002/codex/4061-standalone-lock-repair -> origin/archive/cleanup-20261002/codex/4061-standalone-lock-repair
2026-10-08T21:56:13.2411703Z  * [new branch]          archive/cleanup-20261002/codex/4064-current-sample -> origin/archive/cleanup-20261002/codex/4064-current-sample
2026-10-08T21:56:13.2413332Z  * [new branch]          archive/cleanup-20261002/codex/4064-flow-zip -> origin/archive/cleanup-20261002/codex/4064-flow-zip
2026-10-08T21:56:13.2415205Z  * [new branch]          archive/cleanup-20261002/codex/4064-flow-zip-current -> origin/archive/cleanup-20261002/codex/4064-flow-zip-current
2026-10-08T21:56:13.2416953Z  * [new branch]          archive/cleanup-20261002/codex/4064-join-diagnostic -> origin/archive/cleanup-20261002/codex/4064-join-diagnostic
2026-10-08T21:56:13.2418540Z  * [new branch]          archive/cleanup-20261002/codex/4064-keyed-join -> origin/archive/cleanup-20261002/codex/4064-keyed-join
2026-10-08T21:56:13.2420364Z  * [new branch]          archive/cleanup-20261002/codex/4072-derived-transformation-eligibility -> origin/archive/cleanup-20261002/codex/4072-derived-transformation-eligibility
2026-10-08T21:56:13.2422377Z  * [new branch]          archive/cleanup-20261002/codex/4072-retained-retry-evidence -> origin/archive/cleanup-20261002/codex/4072-retained-retry-evidence
2026-10-08T21:56:13.2424212Z  * [new branch]          archive/cleanup-20261002/codex/4080-local-integration -> origin/archive/cleanup-20261002/codex/4080-local-integration
2026-10-08T21:56:13.2426328Z  * [new branch]          archive/cleanup-20261002/codex/4090-field-station-patchbay -> origin/archive/cleanup-20261002/codex/4090-field-station-patchbay
2026-10-08T21:56:13.2428058Z  * [new branch]          archive/cleanup-20261002/codex/4090-sdk-recovery -> origin/archive/cleanup-20261002/codex/4090-sdk-recovery
2026-10-08T21:56:13.2429857Z  * [new branch]          archive/cleanup-20261002/codex/4091-canonical-integration -> origin/archive/cleanup-20261002/codex/4091-canonical-integration
2026-10-08T21:56:13.2431866Z  * [new branch]          archive/cleanup-20261002/codex/4092-canonical-recursive-provider -> origin/archive/cleanup-20261002/codex/4092-canonical-recursive-provider
2026-10-08T21:56:13.2434097Z  * [new branch]          archive/cleanup-20261002/codex/4092-delete-generate-text -> origin/archive/cleanup-20261002/codex/4092-delete-generate-text
2026-10-08T21:56:13.2435646Z  * [new branch]          archive/cleanup-20261002/codex/4092-delete-generate-text-semantics -> origin/archive/cleanup-20261002/codex/4092-delete-generate-text-semantics
2026-10-08T21:56:13.2437001Z  * [new branch]          archive/cleanup-20261002/codex/4092-live-canonical -> origin/archive/cleanup-20261002/codex/4092-live-canonical
2026-10-08T21:56:13.2438019Z  * [new branch]          archive/cleanup-20261002/codex/4093-acceptance-gap -> origin/archive/cleanup-20261002/codex/4093-acceptance-gap
2026-10-08T21:56:13.2439130Z  * [new branch]          archive/cleanup-20261002/codex/4093-construction-truth -> origin/archive/cleanup-20261002/codex/4093-construction-truth
2026-10-08T21:56:13.2441056Z  * [new branch]          archive/cleanup-20261002/codex/4093-delete-piper-documentary -> origin/archive/cleanup-20261002/codex/4093-delete-piper-documentary
2026-10-08T21:56:13.2442494Z  * [new branch]          archive/cleanup-20261002/codex/4093-face-mask-show-track -> origin/archive/cleanup-20261002/codex/4093-face-mask-show-track
2026-10-08T21:56:13.2443572Z  * [new branch]          archive/cleanup-20261002/codex/4093-hosted-live-mask -> origin/archive/cleanup-20261002/codex/4093-hosted-live-mask
2026-10-08T21:56:13.2444963Z  * [new branch]          archive/cleanup-20261002/codex/4093-remove-recording-overlay -> origin/archive/cleanup-20261002/codex/4093-remove-recording-overlay
2026-10-08T21:56:13.2446147Z  * [new branch]          archive/cleanup-20261002/codex/4093-single-action-contract -> origin/archive/cleanup-20261002/codex/4093-single-action-contract
2026-10-08T21:56:13.2447410Z  * [new branch]          archive/cleanup-20261002/codex/4095-field-station -> origin/archive/cleanup-20261002/codex/4095-field-station
2026-10-08T21:56:13.2448437Z  * [new branch]          archive/cleanup-20261002/codex/4096-field-station-tick -> origin/archive/cleanup-20261002/codex/4096-field-station-tick
2026-10-08T21:56:13.2449517Z  * [new branch]          archive/cleanup-20261002/codex/4098-semantic-tone-pcm -> origin/archive/cleanup-20261002/codex/4098-semantic-tone-pcm
2026-10-08T21:56:13.2450570Z  * [new branch]          archive/cleanup-20261002/codex/4102-spoken-zero-body -> origin/archive/cleanup-20261002/codex/4102-spoken-zero-body
2026-10-08T21:56:13.2452314Z  * [new branch]          archive/cleanup-20261002/codex/4109-cancellation-admission -> origin/archive/cleanup-20261002/codex/4109-cancellation-admission
2026-10-08T21:56:13.2453811Z  * [new branch]          archive/cleanup-20261002/codex/4109-canonical-highlight -> origin/archive/cleanup-20261002/codex/4109-canonical-highlight
2026-10-08T21:56:13.2455169Z  * [new branch]          archive/cleanup-20261002/codex/4109-initialized-keep -> origin/archive/cleanup-20261002/codex/4109-initialized-keep
2026-10-08T21:56:13.2456445Z  * [new branch]          archive/cleanup-20261002/codex/4109-nested-abnormal-boundary -> origin/archive/cleanup-20261002/codex/4109-nested-abnormal-boundary
2026-10-08T21:56:13.2458246Z  * [new branch]          archive/cleanup-20261002/codex/4109-offer-semantic-contract -> origin/archive/cleanup-20261002/codex/4109-offer-semantic-contract
2026-10-08T21:56:13.2459667Z  * [new branch]          archive/cleanup-20261002/codex/4109-optional-keep-lowering -> origin/archive/cleanup-20261002/codex/4109-optional-keep-lowering
2026-10-08T21:56:13.2460855Z  * [new branch]          archive/cleanup-20261002/codex/4109-optional-quantity-keep -> origin/archive/cleanup-20261002/codex/4109-optional-quantity-keep
2026-10-08T21:56:13.2462036Z  * [new branch]          archive/cleanup-20261002/codex/4109-parser-front-extraction -> origin/archive/cleanup-20261002/codex/4109-parser-front-extraction
2026-10-08T21:56:13.2463608Z  * [new branch]          archive/cleanup-20261002/codex/4109-resource-valued-ports -> origin/archive/cleanup-20261002/codex/4109-resource-valued-ports
2026-10-08T21:56:13.2465017Z  * [new branch]          archive/cleanup-20261002/codex/4109-sequence-cardinality -> origin/archive/cleanup-20261002/codex/4109-sequence-cardinality
2026-10-08T21:56:13.2466119Z  * [new branch]          archive/cleanup-20261002/codex/4109-source-conformance -> origin/archive/cleanup-20261002/codex/4109-source-conformance
2026-10-08T21:56:13.2467198Z  * [new branch]          archive/cleanup-20261002/codex/4109-source-package-lock -> origin/archive/cleanup-20261002/codex/4109-source-package-lock
2026-10-08T21:56:13.2468776Z  * [new branch]          archive/cleanup-20261002/codex/4109-terminal-control-highlighting -> origin/archive/cleanup-20261002/codex/4109-terminal-control-highlighting
2026-10-08T21:56:13.2470025Z  * [new branch]          archive/cleanup-20261002/codex/4109-typed-abnormal-terminal -> origin/archive/cleanup-20261002/codex/4109-typed-abnormal-terminal
2026-10-08T21:56:13.2471150Z  * [new branch]          archive/cleanup-20261002/codex/4115-4167-acceptance-gaps -> origin/archive/cleanup-20261002/codex/4115-4167-acceptance-gaps
2026-10-08T21:56:13.2472225Z  * [new branch]          archive/cleanup-20261002/codex/4115-authored-wardrobe -> origin/archive/cleanup-20261002/codex/4115-authored-wardrobe
2026-10-08T21:56:13.2473249Z  * [new branch]          archive/cleanup-20261002/codex/4115-browser-mask -> origin/archive/cleanup-20261002/codex/4115-browser-mask
2026-10-08T21:56:13.2474298Z  * [new branch]          archive/cleanup-20261002/codex/4115-browser-mask-runtime -> origin/archive/cleanup-20261002/codex/4115-browser-mask-runtime
2026-10-08T21:56:13.2475869Z  * [new branch]          archive/cleanup-20261002/codex/4115-delete-pete-interaction-scaffold -> origin/archive/cleanup-20261002/codex/4115-delete-pete-interaction-scaffold
2026-10-08T21:56:13.2477261Z  * [new branch]          archive/cleanup-20261002/codex/4115-delete-pete-presenter -> origin/archive/cleanup-20261002/codex/4115-delete-pete-presenter
2026-10-08T21:56:13.2478293Z  * [new branch]          archive/cleanup-20261002/codex/4115-face-fore -> origin/archive/cleanup-20261002/codex/4115-face-fore
2026-10-08T21:56:13.2479287Z  * [new branch]          archive/cleanup-20261002/codex/4115-mask-context -> origin/archive/cleanup-20261002/codex/4115-mask-context
2026-10-08T21:56:13.2480269Z  * [new branch]          archive/cleanup-20261002/codex/4115-mask-topology -> origin/archive/cleanup-20261002/codex/4115-mask-topology
2026-10-08T21:56:13.2481319Z  * [new branch]          archive/cleanup-20261002/codex/4115-native-mask-evidence -> origin/archive/cleanup-20261002/codex/4115-native-mask-evidence
2026-10-08T21:56:13.2482408Z  * [new branch]          archive/cleanup-20261002/codex/4115-native-mask-runtime -> origin/archive/cleanup-20261002/codex/4115-native-mask-runtime
2026-10-08T21:56:13.2483478Z  * [new branch]          archive/cleanup-20261002/codex/4115-spoken-generative -> origin/archive/cleanup-20261002/codex/4115-spoken-generative
2026-10-08T21:56:13.2484750Z  * [new branch]          archive/cleanup-20261002/codex/4116-current-snapshot -> origin/archive/cleanup-20261002/codex/4116-current-snapshot
2026-10-08T21:56:13.2485854Z  * [new branch]          archive/cleanup-20261002/codex/4116-durable-body-state -> origin/archive/cleanup-20261002/codex/4116-durable-body-state
2026-10-08T21:56:13.2486916Z  * [new branch]          archive/cleanup-20261002/codex/4116-durable-text-state -> origin/archive/cleanup-20261002/codex/4116-durable-text-state
2026-10-08T21:56:13.2488101Z  * [new branch]          archive/cleanup-20261002/codex/4116-exact-data-generation-contract -> origin/archive/cleanup-20261002/codex/4116-exact-data-generation-contract
2026-10-08T21:56:13.2489330Z  * [new branch]          archive/cleanup-20261002/codex/4116-keep-retention-admission -> origin/archive/cleanup-20261002/codex/4116-keep-retention-admission
2026-10-08T21:56:13.2490495Z  * [new branch]          archive/cleanup-20261002/codex/4116-patchbay-retained-state -> origin/archive/cleanup-20261002/codex/4116-patchbay-retained-state
2026-10-08T21:56:13.2491636Z  * [new branch]          archive/cleanup-20261002/codex/4130-delete-policy-theater -> origin/archive/cleanup-20261002/codex/4130-delete-policy-theater
2026-10-08T21:56:13.2492696Z  * [new branch]          archive/cleanup-20261002/codex/4130-face-grounding -> origin/archive/cleanup-20261002/codex/4130-face-grounding
2026-10-08T21:56:13.2493713Z  * [new branch]          archive/cleanup-20261002/codex/4134-presentation-core -> origin/archive/cleanup-20261002/codex/4134-presentation-core
2026-10-08T21:56:13.2495229Z  * [new branch]          archive/cleanup-20261002/codex/4135-presentation-contributions -> origin/archive/cleanup-20261002/codex/4135-presentation-contributions
2026-10-08T21:56:13.2496360Z  * [new branch]          archive/cleanup-20261002/codex/4136-patchbay-form -> origin/archive/cleanup-20261002/codex/4136-patchbay-form
2026-10-08T21:56:13.2497501Z  * [new branch]          archive/cleanup-20261002/codex/4162-decouple-avr-browser-admission -> origin/archive/cleanup-20261002/codex/4162-decouple-avr-browser-admission
2026-10-08T21:56:13.2498772Z  * [new branch]          archive/cleanup-20261002/codex/4164-delete-dead-product-proof-ci -> origin/archive/cleanup-20261002/codex/4164-delete-dead-product-proof-ci
2026-10-08T21:56:13.2499958Z  * [new branch]          archive/cleanup-20261002/codex/4167-aural-input-contracts -> origin/archive/cleanup-20261002/codex/4167-aural-input-contracts
2026-10-08T21:56:13.2501041Z  * [new branch]          archive/cleanup-20261002/codex/4167-aural-properties -> origin/archive/cleanup-20261002/codex/4167-aural-properties
2026-10-08T21:56:13.2502105Z  * [new branch]          archive/cleanup-20261002/codex/4167-deterministic-aural -> origin/archive/cleanup-20261002/codex/4167-deterministic-aural
2026-10-08T21:56:13.2503470Z  * [new branch]          archive/cleanup-20261002/codex/4167-domain-conformance -> origin/archive/cleanup-20261002/codex/4167-domain-conformance
2026-10-08T21:56:13.2504904Z  * [new branch]          archive/cleanup-20261002/codex/4167-honest-mask-conformance -> origin/archive/cleanup-20261002/codex/4167-honest-mask-conformance
2026-10-08T21:56:13.2506086Z  * [new branch]          archive/cleanup-20261002/codex/4167-ordinary-browser-mask -> origin/archive/cleanup-20261002/codex/4167-ordinary-browser-mask
2026-10-08T21:56:13.2507121Z  * [new branch]          archive/cleanup-20261002/codex/4167-pattern-face -> origin/archive/cleanup-20261002/codex/4167-pattern-face
2026-10-08T21:56:13.2508154Z  * [new branch]          archive/cleanup-20261002/codex/4167-pressure-specimen -> origin/archive/cleanup-20261002/codex/4167-pressure-specimen
2026-10-08T21:56:13.2509740Z  * [new branch]          archive/cleanup-20261002/codex/4167-production-face-participation -> origin/archive/cleanup-20261002/codex/4167-production-face-participation
2026-10-08T21:56:13.2510999Z  * [new branch]          archive/cleanup-20261002/codex/4167-production-patchbay-matrix -> origin/archive/cleanup-20261002/codex/4167-production-patchbay-matrix
2026-10-08T21:56:13.2512294Z  * [new branch]          archive/cleanup-20261002/codex/4167-range-membership -> origin/archive/cleanup-20261002/codex/4167-range-membership
2026-10-08T21:56:13.2513759Z  * [new branch]          archive/cleanup-20261002/codex/4167-real-mask-evidence -> origin/archive/cleanup-20261002/codex/4167-real-mask-evidence
2026-10-08T21:56:13.2515058Z  * [new branch]          archive/cleanup-20261002/codex/4167-specimen-audit -> origin/archive/cleanup-20261002/codex/4167-specimen-audit
2026-10-08T21:56:13.2516151Z  * [new branch]          archive/cleanup-20261002/codex/4173-delete-fourth-product -> origin/archive/cleanup-20261002/codex/4173-delete-fourth-product
2026-10-08T21:56:13.2517292Z  * [new branch]          archive/cleanup-20261002/codex/4174-generative-interaction -> origin/archive/cleanup-20261002/codex/4174-generative-interaction
2026-10-08T21:56:13.2518474Z  * [new branch]          archive/cleanup-20261002/codex/4176-generated-validation -> origin/archive/cleanup-20261002/codex/4176-generated-validation
2026-10-08T21:56:13.2519830Z  * [new branch]          archive/cleanup-20261002/codex/4180-delete-synthetic-human-interaction -> origin/archive/cleanup-20261002/codex/4180-delete-synthetic-human-interaction
2026-10-08T21:56:13.2521128Z  * [new branch]          archive/cleanup-20261002/codex/4182-repair-generative-interaction -> origin/archive/cleanup-20261002/codex/4182-repair-generative-interaction
2026-10-08T21:56:13.2522430Z  * [new branch]          archive/cleanup-20261002/codex/4185-fore-value-bounds -> origin/archive/cleanup-20261002/codex/4185-fore-value-bounds
2026-10-08T21:56:13.2523545Z  * [new branch]          archive/cleanup-20261002/codex/4188-exact-semantic-contract -> origin/archive/cleanup-20261002/codex/4188-exact-semantic-contract
2026-10-08T21:56:13.2524910Z  * [new branch]          archive/cleanup-20261002/codex/4190-causal-dag -> origin/archive/cleanup-20261002/codex/4190-causal-dag
2026-10-08T21:56:13.2526066Z  * [new branch]          archive/cleanup-20261002/codex/4192-semantic-composition-names -> origin/archive/cleanup-20261002/codex/4192-semantic-composition-names
2026-10-08T21:56:13.2527813Z  * [new branch]          archive/cleanup-20261002/codex/4195-remove-pages-rescue -> origin/archive/cleanup-20261002/codex/4195-remove-pages-rescue
2026-10-08T21:56:13.2529270Z  * [new branch]          archive/cleanup-20261002/codex/4197-flow-first -> origin/archive/cleanup-20261002/codex/4197-flow-first
2026-10-08T21:56:13.2530241Z  * [new branch]          archive/cleanup-20261002/codex/4198-inward-face -> origin/archive/cleanup-20261002/codex/4198-inward-face
2026-10-08T21:56:13.2531354Z  * [new branch]          archive/cleanup-20261002/codex/4199-authored-pattern-refinement -> origin/archive/cleanup-20261002/codex/4199-authored-pattern-refinement
2026-10-08T21:56:13.2532693Z  * [new branch]          archive/cleanup-20261002/codex/4199-portable-lookahead -> origin/archive/cleanup-20261002/codex/4199-portable-lookahead
2026-10-08T21:56:13.2533778Z  * [new branch]          archive/cleanup-20261002/codex/4199-refinement-families -> origin/archive/cleanup-20261002/codex/4199-refinement-families
2026-10-08T21:56:13.2535224Z  * [new branch]          archive/cleanup-20261002/codex/4223-remove-final-piper-remnants -> origin/archive/cleanup-20261002/codex/4223-remove-final-piper-remnants
2026-10-08T21:56:13.2536435Z  * [new branch]          archive/cleanup-20261002/codex/4231-body-execution-protocol -> origin/archive/cleanup-20261002/codex/4231-body-execution-protocol
2026-10-08T21:56:13.2537670Z  * [new branch]          archive/cleanup-20261002/codex/4231-body-lifecycle-session-rebuild -> origin/archive/cleanup-20261002/codex/4231-body-lifecycle-session-rebuild
2026-10-08T21:56:13.2539048Z  * [new branch]          archive/cleanup-20261002/codex/4231-browser-membership -> origin/archive/cleanup-20261002/codex/4231-browser-membership
2026-10-08T21:56:13.2540162Z  * [new branch]          archive/cleanup-20261002/codex/4231-browser-vendor-assets -> origin/archive/cleanup-20261002/codex/4231-browser-vendor-assets
2026-10-08T21:56:13.2541318Z  * [new branch]          archive/cleanup-20261002/codex/4231-browser-workbench-assets -> origin/archive/cleanup-20261002/codex/4231-browser-workbench-assets
2026-10-08T21:56:13.2542891Z  * [new branch]          archive/cleanup-20261002/codex/4231-delete-browser-tour-refresh -> origin/archive/cleanup-20261002/codex/4231-delete-browser-tour-refresh
2026-10-08T21:56:13.2544315Z  * [new branch]          archive/cleanup-20261002/codex/4231-delete-dead-browser-carrier-builds -> origin/archive/cleanup-20261002/codex/4231-delete-dead-browser-carrier-builds
2026-10-08T21:56:13.2546058Z  * [new branch]          archive/cleanup-20261002/codex/4231-delete-dead-creche-facade -> origin/archive/cleanup-20261002/codex/4231-delete-dead-creche-facade
2026-10-08T21:56:13.2547563Z  * [new branch]          archive/cleanup-20261002/codex/4231-delete-disabled-browser-ci -> origin/archive/cleanup-20261002/codex/4231-delete-disabled-browser-ci
2026-10-08T21:56:13.2548955Z  * [new branch]          archive/cleanup-20261002/codex/4231-delete-disabled-browser-ci-stage2 -> origin/archive/cleanup-20261002/codex/4231-delete-disabled-browser-ci-stage2
2026-10-08T21:56:13.2550369Z  * [new branch]          archive/cleanup-20261002/codex/4231-delete-disabled-browser-ci-stage2-archive -> origin/archive/cleanup-20261002/codex/4231-delete-disabled-browser-ci-stage2-archive
2026-10-08T21:56:13.2551719Z  * [new branch]          archive/cleanup-20261002/codex/4231-delete-front-controls-facade -> origin/archive/cleanup-20261002/codex/4231-delete-front-controls-facade
2026-10-08T21:56:13.2553341Z  * [new branch]          archive/cleanup-20261002/codex/4231-delete-home-application-speech -> origin/archive/cleanup-20261002/codex/4231-delete-home-application-speech
2026-10-08T21:56:13.2554883Z  * [new branch]          archive/cleanup-20261002/codex/4231-delete-home-evidence -> origin/archive/cleanup-20261002/codex/4231-delete-home-evidence
2026-10-08T21:56:13.2556076Z  * [new branch]          archive/cleanup-20261002/codex/4231-delete-html-coordinator -> origin/archive/cleanup-20261002/codex/4231-delete-html-coordinator
2026-10-08T21:56:13.2557286Z  * [new branch]          archive/cleanup-20261002/codex/4231-delete-patchbay-graph-facade -> origin/archive/cleanup-20261002/codex/4231-delete-patchbay-graph-facade
2026-10-08T21:56:13.2558516Z  * [new branch]          archive/cleanup-20261002/codex/4231-delete-patchbay-seed-alias -> origin/archive/cleanup-20261002/codex/4231-delete-patchbay-seed-alias
2026-10-08T21:56:13.2559732Z  * [new branch]          archive/cleanup-20261002/codex/4231-delete-tour-route-aliases -> origin/archive/cleanup-20261002/codex/4231-delete-tour-route-aliases
2026-10-08T21:56:13.2561903Z  * [new branch]          archive/cleanup-20261002/codex/4231-delete-unused-candidate-adapter -> origin/archive/cleanup-20261002/codex/4231-delete-unused-candidate-adapter
2026-10-08T21:56:13.2563263Z  * [new branch]          archive/cleanup-20261002/codex/4231-delete-workspace-model-pool-v2 -> origin/archive/cleanup-20261002/codex/4231-delete-workspace-model-pool-v2
2026-10-08T21:56:13.2564888Z  * [new branch]          archive/cleanup-20261002/codex/4231-deterministic-microphone-test -> origin/archive/cleanup-20261002/codex/4231-deterministic-microphone-test
2026-10-08T21:56:13.2566196Z  * [new branch]          archive/cleanup-20261002/codex/4231-drop-retired-carrier -> origin/archive/cleanup-20261002/codex/4231-drop-retired-carrier
2026-10-08T21:56:13.2567385Z  * [new branch]          archive/cleanup-20261002/codex/4231-extract-current-host-offers -> origin/archive/cleanup-20261002/codex/4231-extract-current-host-offers
2026-10-08T21:56:13.2568579Z  * [new branch]          archive/cleanup-20261002/codex/4231-extract-maker-workbench -> origin/archive/cleanup-20261002/codex/4231-extract-maker-workbench
2026-10-08T21:56:13.2569735Z  * [new branch]          archive/cleanup-20261002/codex/4231-forms-impact-ownership -> origin/archive/cleanup-20261002/codex/4231-forms-impact-ownership
2026-10-08T21:56:13.2570872Z  * [new branch]          archive/cleanup-20261002/codex/4231-gate-schema-transition -> origin/archive/cleanup-20261002/codex/4231-gate-schema-transition
2026-10-08T21:56:13.2572059Z  * [new branch]          archive/cleanup-20261002/codex/4231-harvest-tour-journey-refresh -> origin/archive/cleanup-20261002/codex/4231-harvest-tour-journey-refresh
2026-10-08T21:56:13.2573230Z  * [new branch]          archive/cleanup-20261002/codex/4231-home-truthful-journey -> origin/archive/cleanup-20261002/codex/4231-home-truthful-journey
2026-10-08T21:56:13.2574225Z  * [new branch]          archive/cleanup-20261002/codex/4231-html-sdk -> origin/archive/cleanup-20261002/codex/4231-html-sdk
2026-10-08T21:56:13.2575423Z  * [new branch]          archive/cleanup-20261002/codex/4231-move-shared-face-toolkit -> origin/archive/cleanup-20261002/codex/4231-move-shared-face-toolkit
2026-10-08T21:56:13.2576658Z  * [new branch]          archive/cleanup-20261002/codex/4231-narrow-pages-carrier-ownership -> origin/archive/cleanup-20261002/codex/4231-narrow-pages-carrier-ownership
2026-10-08T21:56:13.2577923Z  * [new branch]          archive/cleanup-20261002/codex/4231-native-direct-patchbay-graph -> origin/archive/cleanup-20261002/codex/4231-native-direct-patchbay-graph
2026-10-08T21:56:13.2579165Z  * [new branch]          archive/cleanup-20261002/codex/4231-native-patchbay-ci-ownership -> origin/archive/cleanup-20261002/codex/4231-native-patchbay-ci-ownership
2026-10-08T21:56:13.2580447Z  * [new branch]          archive/cleanup-20261002/codex/4231-neutral-lucide -> origin/archive/cleanup-20261002/codex/4231-neutral-lucide
2026-10-08T21:56:13.2581464Z  * [new branch]          archive/cleanup-20261002/codex/4231-neutral-unifont -> origin/archive/cleanup-20261002/codex/4231-neutral-unifont
2026-10-08T21:56:13.2582465Z  * [new branch]          archive/cleanup-20261002/codex/4231-next-cleanup -> origin/archive/cleanup-20261002/codex/4231-next-cleanup
2026-10-08T21:56:13.2583441Z  * [new branch]          archive/cleanup-20261002/codex/4231-next-deletion -> origin/archive/cleanup-20261002/codex/4231-next-deletion
2026-10-08T21:56:13.2584639Z  * [new branch]          archive/cleanup-20261002/codex/4231-pages-current-surfaces -> origin/archive/cleanup-20261002/codex/4231-pages-current-surfaces
2026-10-08T21:56:13.2585818Z  * [new branch]          archive/cleanup-20261002/codex/4231-patchbay-application-move -> origin/archive/cleanup-20261002/codex/4231-patchbay-application-move
2026-10-08T21:56:13.2586984Z  * [new branch]          archive/cleanup-20261002/codex/4231-patchbay-doc-boundary -> origin/archive/cleanup-20261002/codex/4231-patchbay-doc-boundary
2026-10-08T21:56:13.2588090Z  * [new branch]          archive/cleanup-20261002/codex/4231-patchbay-graph-move -> origin/archive/cleanup-20261002/codex/4231-patchbay-graph-move
2026-10-08T21:56:13.2589320Z  * [new branch]          archive/cleanup-20261002/codex/4231-pete-canonical-truth -> origin/archive/cleanup-20261002/codex/4231-pete-canonical-truth
2026-10-08T21:56:13.2590375Z  * [new branch]          archive/cleanup-20261002/codex/4231-pete-inspection -> origin/archive/cleanup-20261002/codex/4231-pete-inspection
2026-10-08T21:56:13.2591533Z  * [new branch]          archive/cleanup-20261002/codex/4231-require-local-integration-gate -> origin/archive/cleanup-20261002/codex/4231-require-local-integration-gate
2026-10-08T21:56:13.2592747Z  * [new branch]          archive/cleanup-20261002/codex/4231-resident-patchbay-form -> origin/archive/cleanup-20261002/codex/4231-resident-patchbay-form
2026-10-08T21:56:13.2593988Z  * [new branch]          archive/cleanup-20261002/codex/4231-retire-browser-application-docs -> origin/archive/cleanup-20261002/codex/4231-retire-browser-application-docs
2026-10-08T21:56:13.2595452Z  * [new branch]          archive/cleanup-20261002/codex/4231-retire-native-tour -> origin/archive/cleanup-20261002/codex/4231-retire-native-tour
2026-10-08T21:56:13.2596638Z  * [new branch]          archive/cleanup-20261002/codex/4231-retire-workspace-model-rebuild -> origin/archive/cleanup-20261002/codex/4231-retire-workspace-model-rebuild
2026-10-08T21:56:13.2597843Z  * [new branch]          archive/cleanup-20261002/codex/4231-sdk-body-participation -> origin/archive/cleanup-20261002/codex/4231-sdk-body-participation
2026-10-08T21:56:13.2599024Z  * [new branch]          archive/cleanup-20261002/codex/4231-sdk-external-body-execution -> origin/archive/cleanup-20261002/codex/4231-sdk-external-body-execution
2026-10-08T21:56:13.2600269Z  * [new branch]          archive/cleanup-20261002/codex/4231-semantic-workspace-readiness -> origin/archive/cleanup-20261002/codex/4231-semantic-workspace-readiness
2026-10-08T21:56:13.2601447Z  * [new branch]          archive/cleanup-20261002/codex/4231-std-patchbay-adapter -> origin/archive/cleanup-20261002/codex/4231-std-patchbay-adapter
2026-10-08T21:56:13.2602652Z  * [new branch]          archive/cleanup-20261002/codex/4231-tour-form-ownership-rebuild -> origin/archive/cleanup-20261002/codex/4231-tour-form-ownership-rebuild
2026-10-08T21:56:13.2603915Z  * [new branch]          archive/cleanup-20261002/codex/4231-tutorial-form-ownership-rebuild -> origin/archive/cleanup-20261002/codex/4231-tutorial-form-ownership-rebuild
2026-10-08T21:56:13.2605354Z  * [new branch]          archive/cleanup-20261002/codex/4231-webrtc-assets -> origin/archive/cleanup-20261002/codex/4231-webrtc-assets
2026-10-08T21:56:13.2606462Z  * [new branch]          archive/cleanup-20261002/codex/4231-workbench-host-contract -> origin/archive/cleanup-20261002/codex/4231-workbench-host-contract
2026-10-08T21:56:13.2607727Z  * [new branch]          archive/cleanup-20261002/codex/4335-fixed-arity-glyphs -> origin/archive/cleanup-20261002/codex/4335-fixed-arity-glyphs
2026-10-08T21:56:13.2608813Z  * [new branch]          archive/cleanup-20261002/codex/4341-host-install-plan -> origin/archive/cleanup-20261002/codex/4341-host-install-plan
2026-10-08T21:56:13.2609832Z  * [new branch]          archive/cleanup-20261002/codex/4381-rust-bindings -> origin/archive/cleanup-20261002/codex/4381-rust-bindings
2026-10-08T21:56:13.2610875Z  * [new branch]          archive/cleanup-20261002/codex/4382-audio-tone-terminal -> origin/archive/cleanup-20261002/codex/4382-audio-tone-terminal
2026-10-08T21:56:13.2612008Z  * [new branch]          archive/cleanup-20261002/codex/4382-consolidated-followup -> origin/archive/cleanup-20261002/codex/4382-consolidated-followup
2026-10-08T21:56:13.2613074Z  * [new branch]          archive/cleanup-20261002/codex/4382-finance-types -> origin/archive/cleanup-20261002/codex/4382-finance-types
2026-10-08T21:56:13.2614089Z  * [new branch]          archive/cleanup-20261002/codex/4382-language-offset -> origin/archive/cleanup-20261002/codex/4382-language-offset
2026-10-08T21:56:13.2615440Z  * [new branch]          archive/cleanup-20261002/codex/4382-portable-variants-2 -> origin/archive/cleanup-20261002/codex/4382-portable-variants-2
2026-10-08T21:56:13.2616503Z  * [new branch]          archive/cleanup-20261002/codex/4383-sugar-inspection -> origin/archive/cleanup-20261002/codex/4383-sugar-inspection
2026-10-08T21:56:13.2617556Z  * [new branch]          archive/cleanup-20261002/codex/4399-bounded-activation -> origin/archive/cleanup-20261002/codex/4399-bounded-activation
2026-10-08T21:56:13.2618670Z  * [new branch]          archive/cleanup-20261002/codex/4399-exact-terminal-contract -> origin/archive/cleanup-20261002/codex/4399-exact-terminal-contract
2026-10-08T21:56:13.2619749Z  * [new branch]          archive/cleanup-20261002/codex/4484-quiescence-mark -> origin/archive/cleanup-20261002/codex/4484-quiescence-mark
2026-10-08T21:56:13.2620778Z  * [new branch]          archive/cleanup-20261002/codex/4639-proof-arithmetic -> origin/archive/cleanup-20261002/codex/4639-proof-arithmetic
2026-10-08T21:56:13.2621887Z  * [new branch]          archive/cleanup-20261002/codex/accidental-4103-preservation -> origin/archive/cleanup-20261002/codex/accidental-4103-preservation
2026-10-08T21:56:13.2623088Z  * [new branch]          archive/cleanup-20261002/codex/archive-4115-parallel-mask-graph -> origin/archive/cleanup-20261002/codex/archive-4115-parallel-mask-graph
2026-10-08T21:56:13.2624202Z  * [new branch]          archive/cleanup-20261002/codex/b-relay-integration -> origin/archive/cleanup-20261002/codex/b-relay-integration
2026-10-08T21:56:13.2625411Z  * [new branch]          archive/cleanup-20261002/codex/ci-browser-artifact-shards -> origin/archive/cleanup-20261002/codex/ci-browser-artifact-shards
2026-10-08T21:56:13.2626548Z  * [new branch]          archive/cleanup-20261002/codex/ci-browser-runtime-upload -> origin/archive/cleanup-20261002/codex/ci-browser-runtime-upload
2026-10-08T21:56:13.2627650Z  * [new branch]          archive/cleanup-20261002/codex/ci-pages-prefix-cleanup -> origin/archive/cleanup-20261002/codex/ci-pages-prefix-cleanup
2026-10-08T21:56:13.2628729Z  * [new branch]          archive/cleanup-20261002/codex/ci-relay-terminal-race -> origin/archive/cleanup-20261002/codex/ci-relay-terminal-race
2026-10-08T21:56:13.2629808Z  * [new branch]          archive/cleanup-20261002/codex/ci-test-only-face-impact -> origin/archive/cleanup-20261002/codex/ci-test-only-face-impact
2026-10-08T21:56:13.2630996Z  * [new branch]          archive/cleanup-20261002/codex/delete-application-view-face-seam -> origin/archive/cleanup-20261002/codex/delete-application-view-face-seam
2026-10-08T21:56:13.2632201Z  * [new branch]          archive/cleanup-20261002/codex/dev-feature-warning-cleanup -> origin/archive/cleanup-20261002/codex/dev-feature-warning-cleanup
2026-10-08T21:56:13.2633522Z  * [new branch]          archive/cleanup-20261002/codex/disable-release-liveness-issues -> origin/archive/cleanup-20261002/codex/disable-release-liveness-issues
2026-10-08T21:56:13.2634983Z  * [new branch]          archive/cleanup-20261002/codex/finite-lifetime-integrated -> origin/archive/cleanup-20261002/codex/finite-lifetime-integrated
2026-10-08T21:56:13.2636026Z  * [new branch]          archive/cleanup-20261002/codex/form-diagram -> origin/archive/cleanup-20261002/codex/form-diagram
2026-10-08T21:56:13.2636990Z  * [new branch]          archive/cleanup-20261002/codex/form-diagram-details -> origin/archive/cleanup-20261002/codex/form-diagram-details
2026-10-08T21:56:13.2638044Z  * [new branch]          archive/cleanup-20261002/codex/form-diagram-orthogonal -> origin/archive/cleanup-20261002/codex/form-diagram-orthogonal
2026-10-08T21:56:13.2639168Z  * [new branch]          archive/cleanup-20261002/codex/form-diagram-port-hierarchy -> origin/archive/cleanup-20261002/codex/form-diagram-port-hierarchy
2026-10-08T21:56:13.2640610Z  * [new branch]          archive/cleanup-20261002/codex/native-planned-line -> origin/archive/cleanup-20261002/codex/native-planned-line
2026-10-08T21:56:13.2641695Z  * [new branch]          archive/cleanup-20261002/codex/owner-browser-participants -> origin/archive/cleanup-20261002/codex/owner-browser-participants
2026-10-08T21:56:13.2643102Z  * [new branch]          archive/cleanup-20261002/codex/release-finalizer-journey-policy -> origin/archive/cleanup-20261002/codex/release-finalizer-journey-policy
2026-10-08T21:56:13.2644396Z  * [new branch]          archive/cleanup-20261002/codex/remove-obsolete-biography-compaction -> origin/archive/cleanup-20261002/codex/remove-obsolete-biography-compaction
2026-10-08T21:56:13.2645967Z  * [new branch]          archive/cleanup-20261002/codex/repair-esp32-locks-minimal -> origin/archive/cleanup-20261002/codex/repair-esp32-locks-minimal
2026-10-08T21:56:13.2647146Z  * [new branch]          archive/cleanup-20261002/codex/repair-esp32-standalone-locks -> origin/archive/cleanup-20261002/codex/repair-esp32-standalone-locks
2026-10-08T21:56:13.2648244Z  * [new branch]          archive/cleanup-20261002/codex/retire-book-compat -> origin/archive/cleanup-20261002/codex/retire-book-compat
2026-10-08T21:56:13.2649292Z  * [new branch]          archive/cleanup-20261002/codex/simplify-browser-check -> origin/archive/cleanup-20261002/codex/simplify-browser-check
2026-10-08T21:56:13.2650416Z  * [new branch]          archive/cleanup-20261002/codex/three-bodies-contract-repair -> origin/archive/cleanup-20261002/codex/three-bodies-contract-repair
2026-10-08T21:56:13.2651593Z  * [new branch]          archive/cleanup-20261002/codex/three-bodies-mask-integration -> origin/archive/cleanup-20261002/codex/three-bodies-mask-integration
2026-10-08T21:56:13.2652999Z  * [new branch]          archive/cleanup-20261002/codex/three-bodies-mask-integration-pre-restack-20260927 -> origin/archive/cleanup-20261002/codex/three-bodies-mask-integration-pre-restack-20260927
2026-10-08T21:56:13.2654600Z  * [new branch]          archive/cleanup-20261002/codex/three-bodies-mask-integration-restacked -> origin/archive/cleanup-20261002/codex/three-bodies-mask-integration-restacked
2026-10-08T21:56:13.2655942Z  * [new branch]          archive/cleanup-20261002/codex/three-bodies-mask-journey -> origin/archive/cleanup-20261002/codex/three-bodies-mask-journey
2026-10-08T21:56:13.2685106Z  * [new branch]          archive/cleanup-20261002/codex/user-operated-relay -> origin/archive/cleanup-20261002/codex/user-operated-relay
2026-10-08T21:56:13.2686893Z  * [new branch]          archive/cleanup-20261002/wip/conduit-4055-package-graph -> origin/archive/cleanup-20261002/wip/conduit-4055-package-graph
2026-10-08T21:56:13.2688813Z  * [new branch]          archive/cleanup-20261002/wip/conduit-4231-tour-form-ownership -> origin/archive/cleanup-20261002/wip/conduit-4231-tour-form-ownership
2026-10-08T21:56:13.2690667Z  * [new branch]          archive/cleanup-20261002/wip/conduit-ci-wiring -> origin/archive/cleanup-20261002/wip/conduit-ci-wiring
2026-10-08T21:56:13.2692655Z  * [new branch]          archive/recovery-20261006/conduit-5131-std-observation -> origin/archive/recovery-20261006/conduit-5131-std-observation
2026-10-08T21:56:13.2694860Z  * [new branch]          archive/recovery-20261006/conduit-5132-browser-monotonic -> origin/archive/recovery-20261006/conduit-5132-browser-monotonic
2026-10-08T21:56:13.2696818Z  * [new branch]          archive/recovery-20261006/conduit-5132-civil-bridge -> origin/archive/recovery-20261006/conduit-5132-civil-bridge
2026-10-08T21:56:13.2698753Z  * [new branch]          archive/recovery-20261006/conduit-5132-conduitos-monotonic -> origin/archive/recovery-20261006/conduit-5132-conduitos-monotonic
2026-10-08T21:56:13.2700541Z  * [new branch]          archive/recovery-20261006/conduit-5132-plan-quality -> origin/archive/recovery-20261006/conduit-5132-plan-quality
2026-10-08T21:56:13.2701783Z  * [new branch]          archive/recovery-20261006/heads/conduit-4807-audio-gate-eae9af1b0d7d -> origin/archive/recovery-20261006/heads/conduit-4807-audio-gate-eae9af1b0d7d
2026-10-08T21:56:13.2703275Z  * [new branch]          archive/recovery-20261006/heads/conduit-4807-host-loss-recovery-f4eb5585f345 -> origin/archive/recovery-20261006/heads/conduit-4807-host-loss-recovery-f4eb5585f345
2026-10-08T21:56:13.2705191Z  * [new branch]          archive/recovery-20261006/heads/conduit-4807-journey-page-b4a67fddab85 -> origin/archive/recovery-20261006/heads/conduit-4807-journey-page-b4a67fddab85
2026-10-08T21:56:13.2706632Z  * [new branch]          archive/recovery-20261006/heads/conduit-4807-same-play-linux-590bbe0a3000 -> origin/archive/recovery-20261006/heads/conduit-4807-same-play-linux-590bbe0a3000
2026-10-08T21:56:13.2708119Z  * [new branch]          archive/recovery-20261006/heads/conduit-4807-spoken-model-budget-5d9341a7844a -> origin/archive/recovery-20261006/heads/conduit-4807-spoken-model-budget-5d9341a7844a
2026-10-08T21:56:13.2709642Z  * [new branch]          archive/recovery-20261006/heads/conduit-browser-interaction-line-b381fad014ff -> origin/archive/recovery-20261006/heads/conduit-browser-interaction-line-b381fad014ff
2026-10-08T21:56:13.2711213Z  * [new branch]          archive/recovery-20261006/heads/conduit-browser-proof-entrance-repair-642de6a88cbd -> origin/archive/recovery-20261006/heads/conduit-browser-proof-entrance-repair-642de6a88cbd
2026-10-08T21:56:13.2712840Z  * [new branch]          archive/recovery-20261006/heads/conduit-current-view-spoken-navigation-6a105d558eb3 -> origin/archive/recovery-20261006/heads/conduit-current-view-spoken-navigation-6a105d558eb3
2026-10-08T21:56:13.2714354Z  * [new branch]          archive/recovery-20261006/heads/conduit-face-plain-language-740cd0fa5a33 -> origin/archive/recovery-20261006/heads/conduit-face-plain-language-740cd0fa5a33
2026-10-08T21:56:13.2716049Z  * [new branch]          archive/recovery-20261006/heads/conduit-journey-publication-60b8af5d843d -> origin/archive/recovery-20261006/heads/conduit-journey-publication-60b8af5d843d
2026-10-08T21:56:13.2717508Z  * [new branch]          archive/recovery-20261006/heads/conduit-mechanical-spoken-face-7f4231508bc4 -> origin/archive/recovery-20261006/heads/conduit-mechanical-spoken-face-7f4231508bc4
2026-10-08T21:56:13.2718990Z  * [new branch]          archive/recovery-20261006/heads/conduit-model-route-restoration-6f5b4819e2d8 -> origin/archive/recovery-20261006/heads/conduit-model-route-restoration-6f5b4819e2d8
2026-10-08T21:56:13.2720547Z  * [new branch]          archive/recovery-20261006/heads/conduit-native-face-graphical-richness-670f598f4eeb -> origin/archive/recovery-20261006/heads/conduit-native-face-graphical-richness-670f598f4eeb
2026-10-08T21:56:13.2722151Z  * [new branch]          archive/recovery-20261006/heads/conduit-native-face-mask-integration-5df58d0415ed -> origin/archive/recovery-20261006/heads/conduit-native-face-mask-integration-5df58d0415ed
2026-10-08T21:56:13.2723644Z  * [new branch]          archive/recovery-20261006/heads/conduit-native-face-snapshot-61a52673d1dc -> origin/archive/recovery-20261006/heads/conduit-native-face-snapshot-61a52673d1dc
2026-10-08T21:56:13.2725466Z  * [new branch]          archive/recovery-20261006/heads/conduit-native-face-tui-richness-727913ceb04a -> origin/archive/recovery-20261006/heads/conduit-native-face-tui-richness-727913ceb04a
2026-10-08T21:56:13.2726944Z  * [new branch]          archive/recovery-20261006/heads/conduit-native-planned-line-b94754cdda55 -> origin/archive/recovery-20261006/heads/conduit-native-planned-line-b94754cdda55
2026-10-08T21:56:13.2728435Z  * [new branch]          archive/recovery-20261006/heads/conduit-native-postbirth-face-mask-4e52baacabb1 -> origin/archive/recovery-20261006/heads/conduit-native-postbirth-face-mask-4e52baacabb1
2026-10-08T21:56:13.2729927Z  * [new branch]          archive/recovery-20261006/heads/conduit-owner-wardrobe-routes-771bc7cd9326 -> origin/archive/recovery-20261006/heads/conduit-owner-wardrobe-routes-771bc7cd9326
2026-10-08T21:56:13.2731425Z  * [new branch]          archive/recovery-20261006/heads/conduit-proof-combined-owner-face-0adf69a52307 -> origin/archive/recovery-20261006/heads/conduit-proof-combined-owner-face-0adf69a52307
2026-10-08T21:56:13.2732966Z  * [new branch]          archive/recovery-20261006/heads/conduit-proof-three-host-owner-face-30e45f6aeb65 -> origin/archive/recovery-20261006/heads/conduit-proof-three-host-owner-face-30e45f6aeb65
2026-10-08T21:56:13.2734837Z  * [new branch]          archive/recovery-20261006/heads/conduit-provisional-owner-route-da74fde0bad5 -> origin/archive/recovery-20261006/heads/conduit-provisional-owner-route-da74fde0bad5
2026-10-08T21:56:13.2736418Z  * [new branch]          archive/recovery-20261006/heads/conduit-provisional-owner-route-member-53c7fc4a19a3 -> origin/archive/recovery-20261006/heads/conduit-provisional-owner-route-member-53c7fc4a19a3
2026-10-08T21:56:13.2738004Z  * [new branch]          archive/recovery-20261006/heads/conduit-provisional-owner-route-tls-6bb71662e4fe -> origin/archive/recovery-20261006/heads/conduit-provisional-owner-route-tls-6bb71662e4fe
2026-10-08T21:56:13.2739474Z  * [new branch]          archive/recovery-20261006/heads/conduit-qemu-audio-capture-05fe631d3394 -> origin/archive/recovery-20261006/heads/conduit-qemu-audio-capture-05fe631d3394
2026-10-08T21:56:13.2740928Z  * [new branch]          archive/recovery-20261006/heads/conduit-readable-terminal-capture-3c2865efc3a3 -> origin/archive/recovery-20261006/heads/conduit-readable-terminal-capture-3c2865efc3a3
2026-10-08T21:56:13.2742386Z  * [new branch]          archive/recovery-20261006/heads/conduit-real-owner-provision-51fd34ab3bd5 -> origin/archive/recovery-20261006/heads/conduit-real-owner-provision-51fd34ab3bd5
2026-10-08T21:56:13.2743773Z  * [new branch]          archive/recovery-20261006/heads/conduit-screen-free-lull-bc7afc639bf1 -> origin/archive/recovery-20261006/heads/conduit-screen-free-lull-bc7afc639bf1
2026-10-08T21:56:13.2745424Z  * [new branch]          archive/recovery-20261006/heads/conduit-selected-speech-browser-proof-20aa799b8819 -> origin/archive/recovery-20261006/heads/conduit-selected-speech-browser-proof-20aa799b8819
2026-10-08T21:56:13.2747049Z  * [new branch]          archive/recovery-20261006/heads/conduit-sequential-external-fore-speech-2301190eff99 -> origin/archive/recovery-20261006/heads/conduit-sequential-external-fore-speech-2301190eff99
2026-10-08T21:56:13.2748655Z  * [new branch]          archive/recovery-20261006/heads/conduit-spoken-face-stream-execution-9727d65c25a3 -> origin/archive/recovery-20261006/heads/conduit-spoken-face-stream-execution-9727d65c25a3
2026-10-08T21:56:13.2750175Z  * [new branch]          archive/recovery-20261006/heads/conduit-terminal-mask-execution-79b95ad06bad -> origin/archive/recovery-20261006/heads/conduit-terminal-mask-execution-79b95ad06bad
2026-10-08T21:56:13.2751575Z  * [new branch]          archive/recovery-20261006/heads/conduit-three-host-llm-f7bac1d0cba4 -> origin/archive/recovery-20261006/heads/conduit-three-host-llm-f7bac1d0cba4
2026-10-08T21:56:13.2752785Z  * [new branch]          archive/recovery-20261006/wip/conduit-4055-package-graph -> origin/archive/recovery-20261006/wip/conduit-4055-package-graph
2026-10-08T21:56:13.2754101Z  * [new branch]          archive/recovery-20261006/wip/conduit-4231-tour-form-ownership -> origin/archive/recovery-20261006/wip/conduit-4231-tour-form-ownership
2026-10-08T21:56:13.2755516Z  * [new branch]          archive/recovery-20261006/wip/conduit-ci-wiring -> origin/archive/recovery-20261006/wip/conduit-ci-wiring
2026-10-08T21:56:13.2756608Z  * [new branch]          archive/recovery-20261006/wip/conduit-native-owner-wardrobe -> origin/archive/recovery-20261006/wip/conduit-native-owner-wardrobe
2026-10-08T21:56:13.2757792Z  * [new branch]          archive/recovery-20261006/wip/conduit-owner-speech-service -> origin/archive/recovery-20261006/wip/conduit-owner-speech-service
2026-10-08T21:56:13.2758830Z  * [new branch]          archive/stopping-20261008/4055-package-graph -> origin/archive/stopping-20261008/4055-package-graph
2026-10-08T21:56:13.2759849Z  * [new branch]          archive/stopping-20261008/4231-tour-form-ownership -> origin/archive/stopping-20261008/4231-tour-form-ownership
2026-10-08T21:56:13.2760868Z  * [new branch]          archive/stopping-20261008/4807-combined-fixture -> origin/archive/stopping-20261008/4807-combined-fixture
2026-10-08T21:56:13.2761863Z  * [new branch]          archive/stopping-20261008/4907-asr -> origin/archive/stopping-20261008/4907-asr
2026-10-08T21:56:13.2762753Z  * [new branch]          archive/stopping-20261008/4907-decode-accounting -> origin/archive/stopping-20261008/4907-decode-accounting
2026-10-08T21:56:13.2763817Z  * [new branch]          archive/stopping-20261008/4907-foundation-browser-proof -> origin/archive/stopping-20261008/4907-foundation-browser-proof
2026-10-08T21:56:13.2765018Z  * [new branch]          archive/stopping-20261008/4907-incremental -> origin/archive/stopping-20261008/4907-incremental
2026-10-08T21:56:13.2765894Z  * [new branch]          archive/stopping-20261008/4907-joint -> origin/archive/stopping-20261008/4907-joint
2026-10-08T21:56:13.2766795Z  * [new branch]          archive/stopping-20261008/4907-native-admission -> origin/archive/stopping-20261008/4907-native-admission
2026-10-08T21:56:13.2767679Z  * [new branch]          archive/stopping-20261008/4907-parser -> origin/archive/stopping-20261008/4907-parser
2026-10-08T21:56:13.2768602Z  * [new branch]          archive/stopping-20261008/4907-production-custody -> origin/archive/stopping-20261008/4907-production-custody
2026-10-08T21:56:13.2769558Z  * [new branch]          archive/stopping-20261008/4907-text-material -> origin/archive/stopping-20261008/4907-text-material
2026-10-08T21:56:13.2770411Z  * [new branch]          archive/stopping-20261008/4907-window8 -> origin/archive/stopping-20261008/4907-window8
2026-10-08T21:56:13.2771297Z  * [new branch]          archive/stopping-20261008/5131-std-observation -> origin/archive/stopping-20261008/5131-std-observation
2026-10-08T21:56:13.2772258Z  * [new branch]          archive/stopping-20261008/5132-browser-monotonic -> origin/archive/stopping-20261008/5132-browser-monotonic
2026-10-08T21:56:13.2773198Z  * [new branch]          archive/stopping-20261008/5132-civil-bridge -> origin/archive/stopping-20261008/5132-civil-bridge
2026-10-08T21:56:13.2774163Z  * [new branch]          archive/stopping-20261008/5132-conduitos-monotonic -> origin/archive/stopping-20261008/5132-conduitos-monotonic
2026-10-08T21:56:13.2775241Z  * [new branch]          archive/stopping-20261008/5132-plan-quality -> origin/archive/stopping-20261008/5132-plan-quality
2026-10-08T21:56:13.2776073Z  * [new branch]          archive/stopping-20261008/ci-wiring -> origin/archive/stopping-20261008/ci-wiring
2026-10-08T21:56:13.2776959Z  * [new branch]          archive/stopping-20261008/native-owner-wardrobe -> origin/archive/stopping-20261008/native-owner-wardrobe
2026-10-08T21:56:13.2777925Z  * [new branch]          archive/stopping-20261008/owner-speech-service -> origin/archive/stopping-20261008/owner-speech-service
2026-10-08T21:56:13.2778838Z  * [new branch]          backup/2026-10-06-4831-ordinary-hid-input -> origin/backup/2026-10-06-4831-ordinary-hid-input
2026-10-08T21:56:13.2779766Z  * [new branch]          backup/2026-10-06-dirty-1-conduit -> origin/backup/2026-10-06-dirty-1-conduit
2026-10-08T21:56:13.2780495Z  * [new branch]          backup/2026-10-06-dirty-2-c302 -> origin/backup/2026-10-06-dirty-2-c302
2026-10-08T21:56:13.2781337Z  * [new branch]          backup/2026-10-06-dirty-4-conduit-4231-complete -> origin/backup/2026-10-06-dirty-4-conduit-4231-complete
2026-10-08T21:56:13.2782240Z  * [new branch]          backup/2026-10-06-usb-device-decode-wip -> origin/backup/2026-10-06-usb-device-decode-wip
2026-10-08T21:56:13.2782964Z  * [new branch]          backup/4103-pre-rebuild     -> origin/backup/4103-pre-rebuild
2026-10-08T21:56:13.2783641Z  * [new branch]          codex/4231-tour-form-ownership -> origin/codex/4231-tour-form-ownership
2026-10-08T21:56:13.2784375Z  * [new branch]          codex/4807-birth-same-play-audio -> origin/codex/4807-birth-same-play-audio
2026-10-08T21:56:13.2785268Z  * [new branch]          codex/4807-browser-timer-package -> origin/codex/4807-browser-timer-package
2026-10-08T21:56:13.2785973Z  * [new branch]          codex/4807-complete-carrier -> origin/codex/4807-complete-carrier
2026-10-08T21:56:13.2786766Z  * [new branch]          codex/4807-live-walkthrough -> origin/codex/4807-live-walkthrough
2026-10-08T21:56:13.2787472Z  * [new branch]          codex/4807-model-route-lifecycle -> origin/codex/4807-model-route-lifecycle
2026-10-08T21:56:13.2788241Z  * [new branch]          codex/4807-partial-site-acceptance -> origin/codex/4807-partial-site-acceptance
2026-10-08T21:56:13.2788971Z  * [new branch]          codex/4807-producer-receipts -> origin/codex/4807-producer-receipts
2026-10-08T21:56:13.2789704Z  * [new branch]          codex/4807-readable-retained-page -> origin/codex/4807-readable-retained-page
2026-10-08T21:56:13.2790426Z  * [new branch]          codex/4807-renderer-contract -> origin/codex/4807-renderer-contract
2026-10-08T21:56:13.2791263Z  * [new branch]          codex/4807-retained-development-publication -> origin/codex/4807-retained-development-publication
2026-10-08T21:56:13.2792133Z  * [new branch]          codex/4807-retained-site-navigation -> origin/codex/4807-retained-site-navigation
2026-10-08T21:56:13.2792968Z  * [new branch]          codex/4807-screen-free-owner-wardrobe -> origin/codex/4807-screen-free-owner-wardrobe
2026-10-08T21:56:13.2793845Z  * [new branch]          codex/4807-screen-free-proof-continuation -> origin/codex/4807-screen-free-proof-continuation
2026-10-08T21:56:13.2794932Z  * [new branch]          codex/4807-screen-free-wardrobe-continuation -> origin/codex/4807-screen-free-wardrobe-continuation
2026-10-08T21:56:13.2795771Z  * [new branch]          codex/4807-spoken-play-sequence -> origin/codex/4807-spoken-play-sequence
2026-10-08T21:56:13.2796517Z  * [new branch]          codex/4807-terminal-owner-replan -> origin/codex/4807-terminal-owner-replan
2026-10-08T21:56:13.2797272Z  * [new branch]          codex/4898-coherent-public-driver -> origin/codex/4898-coherent-public-driver
2026-10-08T21:56:13.2797975Z  * [new branch]          codex/4898-common-greeting  -> origin/codex/4898-common-greeting
2026-10-08T21:56:13.2798625Z  * [new branch]          codex/4898-feature-stream   -> origin/codex/4898-feature-stream
2026-10-08T21:56:13.2799247Z  * [new branch]          codex/4898-fixed-neural     -> origin/codex/4898-fixed-neural
2026-10-08T21:56:13.2799918Z  * [new branch]          codex/4898-numeric-conditioning -> origin/codex/4898-numeric-conditioning
2026-10-08T21:56:13.2800598Z  * [new branch]          codex/4898-pair-storage     -> origin/codex/4898-pair-storage
2026-10-08T21:56:13.2801208Z  * [new branch]          codex/4898-topology         -> origin/codex/4898-topology
2026-10-08T21:56:13.2801859Z  * [new branch]          codex/4907-decode-accounting -> origin/codex/4907-decode-accounting
2026-10-08T21:56:13.2802527Z  * [new branch]          codex/4907-discourse        -> origin/codex/4907-discourse
2026-10-08T21:56:13.2803309Z  * [new branch]          codex/4907-evaluation-identity -> origin/codex/4907-evaluation-identity
2026-10-08T21:56:13.2803967Z  * [new branch]          codex/4907-incremental      -> origin/codex/4907-incremental
2026-10-08T21:56:13.2804677Z  * [new branch]          codex/4907-joint            -> origin/codex/4907-joint
2026-10-08T21:56:13.2805323Z  * [new branch]          codex/4907-learned-integration -> origin/codex/4907-learned-integration
2026-10-08T21:56:13.2805957Z  * [new branch]          codex/4907-lexical          -> origin/codex/4907-lexical
2026-10-08T21:56:13.2806579Z  * [new branch]          codex/4907-native-admission -> origin/codex/4907-native-admission
2026-10-08T21:56:13.2807240Z  * [new branch]          codex/4907-native-evaluation -> origin/codex/4907-native-evaluation
2026-10-08T21:56:13.2807873Z  * [new branch]          codex/4907-native-reuse     -> origin/codex/4907-native-reuse
2026-10-08T21:56:13.2808458Z  * [new branch]          codex/4907-parser           -> origin/codex/4907-parser
2026-10-08T21:56:13.2809074Z  * [new branch]          codex/4907-pitch-trajectory -> origin/codex/4907-pitch-trajectory
2026-10-08T21:56:13.2809686Z  * [new branch]          codex/4907-playback         -> origin/codex/4907-playback
2026-10-08T21:56:13.2810434Z  * [new branch]          codex/4907-playback-proof   -> origin/codex/4907-playback-proof
2026-10-08T21:56:13.2811117Z  * [new branch]          codex/4907-production-custody -> origin/codex/4907-production-custody
2026-10-08T21:56:13.2811776Z  * [new branch]          codex/4907-pronunciation    -> origin/codex/4907-pronunciation
2026-10-08T21:56:13.2812371Z  * [new branch]          codex/4907-prosody          -> origin/codex/4907-prosody
2026-10-08T21:56:13.2812940Z  * [new branch]          codex/4907-scorer           -> origin/codex/4907-scorer
2026-10-08T21:56:13.2813550Z  * [new branch]          codex/4907-speech-coverage  -> origin/codex/4907-speech-coverage
2026-10-08T21:56:13.2814151Z  * [new branch]          codex/4907-window8          -> origin/codex/4907-window8
2026-10-08T21:56:13.2814896Z  * [new branch]          codex/5111-live-proof       -> origin/codex/5111-live-proof
2026-10-08T21:56:13.2815541Z  * [new branch]          codex/5113-pause-checkpoint -> origin/codex/5113-pause-checkpoint
2026-10-08T21:56:13.2816300Z  * [new branch]          codex/5113-paused-aarch64-checkpoint -> origin/codex/5113-paused-aarch64-checkpoint
2026-10-08T21:56:13.2817194Z  * [new branch]          codex/5113-repair-birth-publication-fixture -> origin/codex/5113-repair-birth-publication-fixture
2026-10-08T21:56:13.2817998Z  * [new branch]          codex/5183-numeric-foundation -> origin/codex/5183-numeric-foundation
2026-10-08T21:56:13.2818693Z  * [new branch]          codex/5196-revision-foundation -> origin/codex/5196-revision-foundation
2026-10-08T21:56:13.2819381Z  * [new branch]          codex/5201-biography-archive -> origin/codex/5201-biography-archive
2026-10-08T21:56:13.2820059Z  * [new branch]          codex/5201-live-todo-journey -> origin/codex/5201-live-todo-journey
2026-10-08T21:56:13.2820803Z  * [new branch]          codex/5201-native-return-live-proof -> origin/codex/5201-native-return-live-proof
2026-10-08T21:56:13.2821555Z  * [new branch]          codex/5201-native-return-route -> origin/codex/5201-native-return-route
2026-10-08T21:56:13.2822223Z  * [new branch]          codex/5201-native-todo-qmp  -> origin/codex/5201-native-todo-qmp
2026-10-08T21:56:13.2822848Z  * [new branch]          codex/5201-todo-browser     -> origin/codex/5201-todo-browser
2026-10-08T21:56:13.2823608Z  * [new branch]          codex/5201-todo-face-bindings-experiment -> origin/codex/5201-todo-face-bindings-experiment
2026-10-08T21:56:13.2824391Z  * [new branch]          codex/5201-todo-fresh-producer -> origin/codex/5201-todo-fresh-producer
2026-10-08T21:56:13.2825182Z  * [new branch]          codex/5201-todo-integrated  -> origin/codex/5201-todo-integrated
2026-10-08T21:56:13.2825807Z  * [new branch]          codex/5201-todo-kernel      -> origin/codex/5201-todo-kernel
2026-10-08T21:56:13.2826584Z  * [new branch]          codex/5201-todo-live-producer -> origin/codex/5201-todo-live-producer
2026-10-08T21:56:13.2827258Z  * [new branch]          codex/5201-todo-next-action -> origin/codex/5201-todo-next-action
2026-10-08T21:56:13.2827939Z  * [new branch]          codex/5201-todo-read-encounter -> origin/codex/5201-todo-read-encounter
2026-10-08T21:56:13.2828627Z  * [new branch]          codex/5201-todo-write-receipt -> origin/codex/5201-todo-write-receipt
2026-10-08T21:56:13.2829407Z  * [new branch]          codex/5205-5207-conduitvoice-docs-first -> origin/codex/5205-5207-conduitvoice-docs-first
2026-10-08T21:56:13.2830137Z  * [new branch]          codex/5212-common-intent    -> origin/codex/5212-common-intent
2026-10-08T21:56:13.2830767Z  * [new branch]          codex/5216-audio-foundation -> origin/codex/5216-audio-foundation
2026-10-08T21:56:13.2831415Z  * [new branch]          codex/5216-audio-quantities -> origin/codex/5216-audio-quantities
2026-10-08T21:56:13.2832074Z  * [new branch]          codex/5260-canonical-ipa-ir -> origin/codex/5260-canonical-ipa-ir
2026-10-08T21:56:13.2832698Z  * [new branch]          codex/5264-todo-core        -> origin/codex/5264-todo-core
2026-10-08T21:56:13.2833481Z  * [new branch]          codex/5265-todo-continuity  -> origin/codex/5265-todo-continuity
2026-10-08T21:56:13.2834123Z  * [new branch]          codex/5266-speech-selection -> origin/codex/5266-speech-selection
2026-10-08T21:56:13.2834966Z  * [new branch]          codex/5269-ticker-presentation -> origin/codex/5269-ticker-presentation
2026-10-08T21:56:13.2835624Z  * [new branch]          codex/5300-fresh-boot       -> origin/codex/5300-fresh-boot
2026-10-08T21:56:13.2836320Z  * [new branch]          codex/burn-durable-corpus-cursor -> origin/codex/burn-durable-corpus-cursor
2026-10-08T21:56:13.2837133Z  * [new branch]          codex/integer-categorical-foundation -> origin/codex/integer-categorical-foundation
2026-10-08T21:56:13.2837874Z  * [new branch]          codex/portable-foundations  -> origin/codex/portable-foundations
2026-10-08T21:56:13.2838621Z  * [new branch]          codex/portable-foundations-omnibus -> origin/codex/portable-foundations-omnibus
2026-10-08T21:56:13.2839407Z  * [new branch]          codex/portable-foundations-probe -> origin/codex/portable-foundations-probe
2026-10-08T21:56:13.2840111Z  * [new branch]          codex/todo-direct-opening   -> origin/codex/todo-direct-opening
2026-10-08T21:56:13.2840773Z  * [new branch]          codex/todo-model-checkpoint -> origin/codex/todo-model-checkpoint
2026-10-08T21:56:13.2841418Z  * [new branch]          codex/todo-spoken-play      -> origin/codex/todo-spoken-play
2026-10-08T21:56:13.2842115Z  * [new branch]          conduit-visual-evidence-history -> origin/conduit-visual-evidence-history
2026-10-08T21:56:13.2842922Z  * [new branch]          copilot/check-distance-frequency-form -> origin/copilot/check-distance-frequency-form
2026-10-08T21:56:13.2843807Z  * [new branch]          copilot/make-frequency-drive-bounded-pcm -> origin/copilot/make-frequency-drive-bounded-pcm
2026-10-08T21:56:13.2844904Z  * [new branch]          copilot/turn-off-release-liveness-issue-creation -> origin/copilot/turn-off-release-liveness-issue-creation
2026-10-08T21:56:13.2845656Z  * [new branch]          dev                         -> origin/dev
2026-10-08T21:56:13.2846171Z  * [new branch]          gh-pages                    -> origin/gh-pages
2026-10-08T21:56:13.2846676Z  * [new branch]          main                        -> origin/main
2026-10-08T21:56:13.2847443Z  * [new branch]          recovery/4907-custody-reprioritization-20261008 -> origin/recovery/4907-custody-reprioritization-20261008
2026-10-08T21:56:13.2848400Z  * [new branch]          recovery/5183-before-numeric-split-20261008 -> origin/recovery/5183-before-numeric-split-20261008
2026-10-08T21:56:13.2849304Z  * [new branch]          recovery/5278-before-audio-split-20261008 -> origin/recovery/5278-before-audio-split-20261008
2026-10-08T21:56:13.2850376Z  * [new branch]          release/01b016fc7c5c0b3acb5f81078edcf2d9a75c158c -> origin/release/01b016fc7c5c0b3acb5f81078edcf2d9a75c158c
2026-10-08T21:56:13.2851369Z  * [new branch]          release/027c4f423223e98ca051693221165d998cebde8f -> origin/release/027c4f423223e98ca051693221165d998cebde8f
2026-10-08T21:56:13.2852340Z  * [new branch]          release/02ecbc0a99672819bbf5810fca973b76bb361068 -> origin/release/02ecbc0a99672819bbf5810fca973b76bb361068
2026-10-08T21:56:13.2853309Z  * [new branch]          release/0e33ad13100b21424fff64086ba687f62fa1eb06 -> origin/release/0e33ad13100b21424fff64086ba687f62fa1eb06
2026-10-08T21:56:13.2854279Z  * [new branch]          release/0eebcc254044a05e6c3427a4844e627dd6c63b07 -> origin/release/0eebcc254044a05e6c3427a4844e627dd6c63b07
2026-10-08T21:56:13.2855509Z  * [new branch]          release/0fea630c0327fe5b14f3d06c83b45c380836a73e -> origin/release/0fea630c0327fe5b14f3d06c83b45c380836a73e
2026-10-08T21:56:13.2856474Z  * [new branch]          release/11cc70175696782b1c22bc0174fc304c6d0d00a8 -> origin/release/11cc70175696782b1c22bc0174fc304c6d0d00a8
2026-10-08T21:56:13.2857452Z  * [new branch]          release/16eb6053e2888ad28015b437e9a37b8cb6be349d -> origin/release/16eb6053e2888ad28015b437e9a37b8cb6be349d
2026-10-08T21:56:13.2858597Z  * [new branch]          release/1876ecccacef607dec6b529a1d0d7bc89bd25a4f -> origin/release/1876ecccacef607dec6b529a1d0d7bc89bd25a4f
2026-10-08T21:56:13.2859583Z  * [new branch]          release/18bd07bb6c1bf460082fffa408d731b4ea57d73f -> origin/release/18bd07bb6c1bf460082fffa408d731b4ea57d73f
2026-10-08T21:56:13.2860555Z  * [new branch]          release/1afb89711f6c618ab50cb1092dc825fa0f2d8c58 -> origin/release/1afb89711f6c618ab50cb1092dc825fa0f2d8c58
2026-10-08T21:56:13.2861528Z  * [new branch]          release/1b4d7bb3b8ff6b972f7477632c8649b4c160a294 -> origin/release/1b4d7bb3b8ff6b972f7477632c8649b4c160a294
2026-10-08T21:56:13.2862500Z  * [new branch]          release/1ec25b49a70a46125c2e7d79f941cbade5ca7b66 -> origin/release/1ec25b49a70a46125c2e7d79f941cbade5ca7b66
2026-10-08T21:56:13.2863480Z  * [new branch]          release/21f21bab09157ce98dde41888d6584032487adda -> origin/release/21f21bab09157ce98dde41888d6584032487adda
2026-10-08T21:56:13.2864573Z  * [new branch]          release/2685a777ecfa52f6607eab35cc7ca6add9df2229 -> origin/release/2685a777ecfa52f6607eab35cc7ca6add9df2229
2026-10-08T21:56:13.2865571Z  * [new branch]          release/2aacaa6bde9ec1aa3e56abb49999df6dec8a78db -> origin/release/2aacaa6bde9ec1aa3e56abb49999df6dec8a78db
2026-10-08T21:56:13.2866551Z  * [new branch]          release/2e39f2eed5131a6b306f84862d371f70225cb3d4 -> origin/release/2e39f2eed5131a6b306f84862d371f70225cb3d4
2026-10-08T21:56:13.2867520Z  * [new branch]          release/2e7d1b4cd1767dab1b5dd78aa2c101c6aa35924d -> origin/release/2e7d1b4cd1767dab1b5dd78aa2c101c6aa35924d
2026-10-08T21:56:13.2868489Z  * [new branch]          release/332b37e2af034f891153a05b577852c8fd5e7882 -> origin/release/332b37e2af034f891153a05b577852c8fd5e7882
2026-10-08T21:56:13.2869450Z  * [new branch]          release/35a6603a39a6e8b812f5ad49166cf8925f97564f -> origin/release/35a6603a39a6e8b812f5ad49166cf8925f97564f
2026-10-08T21:56:13.2870401Z  * [new branch]          release/36d330035fbc01e05225e9559424f5f14fd0c83a -> origin/release/36d330035fbc01e05225e9559424f5f14fd0c83a
2026-10-08T21:56:13.2871367Z  * [new branch]          release/3907fec0c6256eb1dfb1fee045056c044b33decf -> origin/release/3907fec0c6256eb1dfb1fee045056c044b33decf
2026-10-08T21:56:13.2872334Z  * [new branch]          release/391774a5d5bd753c3bb06c575e3a820ec388bf68 -> origin/release/391774a5d5bd753c3bb06c575e3a820ec388bf68
2026-10-08T21:56:13.2873308Z  * [new branch]          release/3be4914d5fca80e81a4ddddccdd0877db87d4931 -> origin/release/3be4914d5fca80e81a4ddddccdd0877db87d4931
2026-10-08T21:56:13.2874286Z  * [new branch]          release/3d01a7591ef1a42d5f9749999e1028bfde90afd3 -> origin/release/3d01a7591ef1a42d5f9749999e1028bfde90afd3
2026-10-08T21:56:13.2875391Z  * [new branch]          release/3d780e728d1cd5fe57c2dc71569dd8e77fefb57e -> origin/release/3d780e728d1cd5fe57c2dc71569dd8e77fefb57e
2026-10-08T21:56:13.2876501Z  * [new branch]          release/3e0c4967bc8e1c5f1d5eee77e68ec0d1f448595f -> origin/release/3e0c4967bc8e1c5f1d5eee77e68ec0d1f448595f
2026-10-08T21:56:13.2877492Z  * [new branch]          release/408410e23ee2225595f1b6ef3b017868a0fffd6f -> origin/release/408410e23ee2225595f1b6ef3b017868a0fffd6f
2026-10-08T21:56:13.2878460Z  * [new branch]          release/40b553c2f12ab0cfa205b3774509ee9ce639db6d -> origin/release/40b553c2f12ab0cfa205b3774509ee9ce639db6d
2026-10-08T21:56:13.2879431Z  * [new branch]          release/42d6c212f9dac742c92025c5fde8c74dfbde4e47 -> origin/release/42d6c212f9dac742c92025c5fde8c74dfbde4e47
2026-10-08T21:56:13.2880400Z  * [new branch]          release/433bcf390e00ee3f4be396106d8d290d0207699f -> origin/release/433bcf390e00ee3f4be396106d8d290d0207699f
2026-10-08T21:56:13.2881376Z  * [new branch]          release/46ab9c2f68bb17c7194ff78b24ee65ba94917d75 -> origin/release/46ab9c2f68bb17c7194ff78b24ee65ba94917d75
2026-10-08T21:56:13.2882348Z  * [new branch]          release/47cae77611c671d4b44460125f3728f99cf73bb6 -> origin/release/47cae77611c671d4b44460125f3728f99cf73bb6
2026-10-08T21:56:13.2883425Z  * [new branch]          release/4881699e4d922e7106678f2eefbade44ec543a1b -> origin/release/4881699e4d922e7106678f2eefbade44ec543a1b
2026-10-08T21:56:13.2884385Z  * [new branch]          release/49f0eb5c4771b285ce2d17161c7dcd05edfb9a40 -> origin/release/49f0eb5c4771b285ce2d17161c7dcd05edfb9a40
2026-10-08T21:56:13.2885486Z  * [new branch]          release/4a204e1fd258a8e11278ff43edb9665ac85570f0 -> origin/release/4a204e1fd258a8e11278ff43edb9665ac85570f0
2026-10-08T21:56:13.2886454Z  * [new branch]          release/51e9884e3f6738ae8d237987e339f3e198f9d738 -> origin/release/51e9884e3f6738ae8d237987e339f3e198f9d738
2026-10-08T21:56:13.2887417Z  * [new branch]          release/52370b257b6188f2f6aba42cd8065489203ef78f -> origin/release/52370b257b6188f2f6aba42cd8065489203ef78f
2026-10-08T21:56:13.2888376Z  * [new branch]          release/56326c9df80f2b424055b0f2a12323d19248c44f -> origin/release/56326c9df80f2b424055b0f2a12323d19248c44f
2026-10-08T21:56:13.2889335Z  * [new branch]          release/575ebf2b909db91d11451420aa830a4e7235d4ac -> origin/release/575ebf2b909db91d11451420aa830a4e7235d4ac
2026-10-08T21:56:13.2890321Z  * [new branch]          release/5b57fa034dffc60cc5fccc99fb3a0bdd92ca831b -> origin/release/5b57fa034dffc60cc5fccc99fb3a0bdd92ca831b
2026-10-08T21:56:13.2891300Z  * [new branch]          release/5be5340248af5e82a4b5d54410f4ef745afdfa7c -> origin/release/5be5340248af5e82a4b5d54410f4ef745afdfa7c
2026-10-08T21:56:13.2892271Z  * [new branch]          release/5ce79086e3ee0ced0fc4b99df150e64890104971 -> origin/release/5ce79086e3ee0ced0fc4b99df150e64890104971
2026-10-08T21:56:13.2893239Z  * [new branch]          release/6183b3c233a80594a50735725cf78d7df650c40c -> origin/release/6183b3c233a80594a50735725cf78d7df650c40c
2026-10-08T21:56:13.2894197Z  * [new branch]          release/61f8a40a173eb785d0bace51b2c90bcf5c1074a1 -> origin/release/61f8a40a173eb785d0bace51b2c90bcf5c1074a1
2026-10-08T21:56:13.2895322Z  * [new branch]          release/6289b3df16bb9b6d42fb83b2e4c5a72ee03d3ee5 -> origin/release/6289b3df16bb9b6d42fb83b2e4c5a72ee03d3ee5
2026-10-08T21:56:13.2896319Z  * [new branch]          release/62fbfacbbf35fd4aca39c2100c889246352ba819 -> origin/release/62fbfacbbf35fd4aca39c2100c889246352ba819
2026-10-08T21:56:13.2897297Z  * [new branch]          release/6a301334e5ac81c6d40ecc17beedbc1081bf0a84 -> origin/release/6a301334e5ac81c6d40ecc17beedbc1081bf0a84
2026-10-08T21:56:13.2898271Z  * [new branch]          release/6b678a36c965250a1db13d45b293a547d0a78b00 -> origin/release/6b678a36c965250a1db13d45b293a547d0a78b00
2026-10-08T21:56:13.2899237Z  * [new branch]          release/6cc4ba02f2139716e454da8463ff28f0b3502814 -> origin/release/6cc4ba02f2139716e454da8463ff28f0b3502814
2026-10-08T21:56:13.2900200Z  * [new branch]          release/6cc58a14764208543fad460bce5f6bf2a207d82d -> origin/release/6cc58a14764208543fad460bce5f6bf2a207d82d
2026-10-08T21:56:13.2901303Z  * [new branch]          release/6efc44762c0c8c9779b51bbe86dc382dd1aeced7 -> origin/release/6efc44762c0c8c9779b51bbe86dc382dd1aeced7
2026-10-08T21:56:13.2902299Z  * [new branch]          release/7014e10ccb2c6fe3559b8ffe533a5917b76bc862 -> origin/release/7014e10ccb2c6fe3559b8ffe533a5917b76bc862
2026-10-08T21:56:13.2903293Z  * [new branch]          release/7283954d16316a912e6af790e871b61008ff4a29 -> origin/release/7283954d16316a912e6af790e871b61008ff4a29
2026-10-08T21:56:13.2904255Z  * [new branch]          release/739718c80a7ca8894ab9e36d4c82fcd4c19e583c -> origin/release/739718c80a7ca8894ab9e36d4c82fcd4c19e583c
2026-10-08T21:56:13.2905337Z  * [new branch]          release/7529270b3e51606f3485840b4a74053c5bea07b8 -> origin/release/7529270b3e51606f3485840b4a74053c5bea07b8
2026-10-08T21:56:13.2906299Z  * [new branch]          release/770a4a62474e78da3c2a0ccddd3b2fa3591f8197 -> origin/release/770a4a62474e78da3c2a0ccddd3b2fa3591f8197
2026-10-08T21:56:13.2907279Z  * [new branch]          release/78d8e98b5d8b38562a0c2f6ec055b0cc84d8d90d -> origin/release/78d8e98b5d8b38562a0c2f6ec055b0cc84d8d90d
2026-10-08T21:56:13.2908245Z  * [new branch]          release/7991e50b4c8756ad2be2c0f238c6b220e325c6ee -> origin/release/7991e50b4c8756ad2be2c0f238c6b220e325c6ee
2026-10-08T21:56:13.2909344Z  * [new branch]          release/7acbc416d21386ea60c6618978994ba83dac8136 -> origin/release/7acbc416d21386ea60c6618978994ba83dac8136
2026-10-08T21:56:13.2910322Z  * [new branch]          release/7b03d378423fbdcc493fa901b1a72130379acc4d -> origin/release/7b03d378423fbdcc493fa901b1a72130379acc4d
2026-10-08T21:56:13.2911289Z  * [new branch]          release/7d85e8394ad575bdbe268a2944232b3c72c37b08 -> origin/release/7d85e8394ad575bdbe268a2944232b3c72c37b08
2026-10-08T21:56:13.2912261Z  * [new branch]          release/81a135cba4490794085bbcfd0b09b51db1db2134 -> origin/release/81a135cba4490794085bbcfd0b09b51db1db2134
2026-10-08T21:56:13.2913238Z  * [new branch]          release/84904771e67ccbd6bf87b80ccdf31a4eacf0fb0e -> origin/release/84904771e67ccbd6bf87b80ccdf31a4eacf0fb0e
2026-10-08T21:56:13.2914214Z  * [new branch]          release/864964ce59531d3fda3b9ae676dad14d25dcca0a -> origin/release/864964ce59531d3fda3b9ae676dad14d25dcca0a
2026-10-08T21:56:13.2915338Z  * [new branch]          release/87e368092bd4cc72240cb1229a84d30a360a7f90 -> origin/release/87e368092bd4cc72240cb1229a84d30a360a7f90
2026-10-08T21:56:13.2916331Z  * [new branch]          release/8818b446aa6faf01dfe901cb20126ee4256edc97 -> origin/release/8818b446aa6faf01dfe901cb20126ee4256edc97
2026-10-08T21:56:13.2917306Z  * [new branch]          release/8ac24a8eea83cae06158b85208d90979a89493e8 -> origin/release/8ac24a8eea83cae06158b85208d90979a89493e8
2026-10-08T21:56:13.2918284Z  * [new branch]          release/8b216ee721a3fe492fd0d02fb4a3fa4b606519c1 -> origin/release/8b216ee721a3fe492fd0d02fb4a3fa4b606519c1
2026-10-08T21:56:13.2919258Z  * [new branch]          release/976463aa709f43db46d89f7d55898ea2db3e17a4 -> origin/release/976463aa709f43db46d89f7d55898ea2db3e17a4
2026-10-08T21:56:13.2920230Z  * [new branch]          release/99d3dd46a2fe01d7d117184921c9aff7da33f7d7 -> origin/release/99d3dd46a2fe01d7d117184921c9aff7da33f7d7
2026-10-08T21:56:13.2921211Z  * [new branch]          release/9bf8f89bd937e2a3e13c128a10dfa1b63f51d893 -> origin/release/9bf8f89bd937e2a3e13c128a10dfa1b63f51d893
2026-10-08T21:56:13.2922220Z  * [new branch]          release/a06600168677a5d91ab293cc04b0d0ebce382344 -> origin/release/a06600168677a5d91ab293cc04b0d0ebce382344
2026-10-08T21:56:13.2923193Z  * [new branch]          release/a12eb786d4ced5b57dfa550bec0581fec9c5c2d7 -> origin/release/a12eb786d4ced5b57dfa550bec0581fec9c5c2d7
2026-10-08T21:56:13.2924168Z  * [new branch]          release/a3b6edf83b4c5354b7c2091e6109188b2eb872ab -> origin/release/a3b6edf83b4c5354b7c2091e6109188b2eb872ab
2026-10-08T21:56:13.2925271Z  * [new branch]          release/a6cbe9eec12feeeddfc2e88cce7d7a4a592b5fbe -> origin/release/a6cbe9eec12feeeddfc2e88cce7d7a4a592b5fbe
2026-10-08T21:56:13.2926395Z  * [new branch]          release/a95efd41d209df01ada6e1b6eb0ad3a31694d61f -> origin/release/a95efd41d209df01ada6e1b6eb0ad3a31694d61f
2026-10-08T21:56:13.2927386Z  * [new branch]          release/aa0207c094edc5c3d999a84b4bd94ffe84244ea0 -> origin/release/aa0207c094edc5c3d999a84b4bd94ffe84244ea0
2026-10-08T21:56:13.2928386Z  * [new branch]          release/ad9df47da8e98e3d3f206df1a9bdbeae29e7655d -> origin/release/ad9df47da8e98e3d3f206df1a9bdbeae29e7655d
2026-10-08T21:56:13.2929402Z  * [new branch]          release/adc05effe82356458007207c4fdb989243741b18 -> origin/release/adc05effe82356458007207c4fdb989243741b18
2026-10-08T21:56:13.2930377Z  * [new branch]          release/ade28c3ac6f3f694b29513c2abb32f77bdd36575 -> origin/release/ade28c3ac6f3f694b29513c2abb32f77bdd36575
2026-10-08T21:56:13.2931351Z  * [new branch]          release/ae8b29c1cf932618566452ff43d0185af05e3569 -> origin/release/ae8b29c1cf932618566452ff43d0185af05e3569
2026-10-08T21:56:13.2932329Z  * [new branch]          release/afd39cf25c43f2b21be9ec65776b7c5a99d888c7 -> origin/release/afd39cf25c43f2b21be9ec65776b7c5a99d888c7
2026-10-08T21:56:13.2933302Z  * [new branch]          release/b0486c6c03d1dc06a819b0badf83c28249258a81 -> origin/release/b0486c6c03d1dc06a819b0badf83c28249258a81
2026-10-08T21:56:13.2934407Z  * [new branch]          release/b0ffd1310b07601ea4d960fd2a5b7fdbe86d2cd4 -> origin/release/b0ffd1310b07601ea4d960fd2a5b7fdbe86d2cd4
2026-10-08T21:56:13.2935531Z  * [new branch]          release/b4583786bbe1639ea1467f504543febffa7003a9 -> origin/release/b4583786bbe1639ea1467f504543febffa7003a9
2026-10-08T21:56:13.2936503Z  * [new branch]          release/b8979d81802c06a204dac1cce6d4c3adee14f7a7 -> origin/release/b8979d81802c06a204dac1cce6d4c3adee14f7a7
2026-10-08T21:56:13.2937482Z  * [new branch]          release/b8bbd828afd1456faf7bd7c519e09d50f6406f51 -> origin/release/b8bbd828afd1456faf7bd7c519e09d50f6406f51
2026-10-08T21:56:13.2938467Z  * [new branch]          release/ba5ab1438e6c5f55bee71043e0ae2d5c552bfbe9 -> origin/release/ba5ab1438e6c5f55bee71043e0ae2d5c552bfbe9
2026-10-08T21:56:13.2939466Z  * [new branch]          release/bac20dafac992040846f1dd7e5cc53be615f1784 -> origin/release/bac20dafac992040846f1dd7e5cc53be615f1784
2026-10-08T21:56:13.2940454Z  * [new branch]          release/bacb1971de3756ecbe7144639fb5de16b9fd60e5 -> origin/release/bacb1971de3756ecbe7144639fb5de16b9fd60e5
2026-10-08T21:56:13.2941438Z  * [new branch]          release/bbdfe6c4ce74985a875994a69de7c933db561686 -> origin/release/bbdfe6c4ce74985a875994a69de7c933db561686
2026-10-08T21:56:13.2942408Z  * [new branch]          release/bc302dbe73d11032875e6f153776d360e5289303 -> origin/release/bc302dbe73d11032875e6f153776d360e5289303
2026-10-08T21:56:13.2943371Z  * [new branch]          release/bc78963dfba895c2fa36b0b6bc3c13957b280f70 -> origin/release/bc78963dfba895c2fa36b0b6bc3c13957b280f70
2026-10-08T21:56:13.2944365Z  * [new branch]          release/bfbd3f46a3be7aed6c3bbe870ed7af184679b9d8 -> origin/release/bfbd3f46a3be7aed6c3bbe870ed7af184679b9d8
2026-10-08T21:56:13.2945470Z  * [new branch]          release/c256418f3e375a1d261a80fff6cf05cdb2bd7ad1 -> origin/release/c256418f3e375a1d261a80fff6cf05cdb2bd7ad1
2026-10-08T21:56:13.2946452Z  * [new branch]          release/c3b298831ee42b6bd636b08d5cafe6032bb6a54b -> origin/release/c3b298831ee42b6bd636b08d5cafe6032bb6a54b
2026-10-08T21:56:13.2947445Z  * [new branch]          release/c5af0cc2150500a03535cad6ce69e6b42fa59a81 -> origin/release/c5af0cc2150500a03535cad6ce69e6b42fa59a81
2026-10-08T21:56:13.2948426Z  * [new branch]          release/c618372861a64aaac9c6f1ee31e7a31c77dbc4f3 -> origin/release/c618372861a64aaac9c6f1ee31e7a31c77dbc4f3
2026-10-08T21:56:13.2949408Z  * [new branch]          release/c8e97dd8ba7748bc9848da531aeccfbd7fc234ee -> origin/release/c8e97dd8ba7748bc9848da531aeccfbd7fc234ee
2026-10-08T21:56:13.2950386Z  * [new branch]          release/ca076749aa14b1e3a5d964d9dba32115f018ca2f -> origin/release/ca076749aa14b1e3a5d964d9dba32115f018ca2f
2026-10-08T21:56:13.2951495Z  * [new branch]          release/ca778e0e9d3f0304bb29cfa96b8622fdcb7df823 -> origin/release/ca778e0e9d3f0304bb29cfa96b8622fdcb7df823
2026-10-08T21:56:13.2952482Z  * [new branch]          release/ce3619665f4cd7683e625c5b63e657ee9101be65 -> origin/release/ce3619665f4cd7683e625c5b63e657ee9101be65
2026-10-08T21:56:13.2953468Z  * [new branch]          release/d083598e5fe74c69ebb7759693d9cb6a359409af -> origin/release/d083598e5fe74c69ebb7759693d9cb6a359409af
2026-10-08T21:56:13.2954621Z  * [new branch]          release/d2dd87601dc2e1dbbc1d8ab5e858fbf8fe9a115f -> origin/release/d2dd87601dc2e1dbbc1d8ab5e858fbf8fe9a115f
2026-10-08T21:56:13.2955611Z  * [new branch]          release/d509ccd9a0b69c11e23329a009200d4130f39434 -> origin/release/d509ccd9a0b69c11e23329a009200d4130f39434
2026-10-08T21:56:13.2956579Z  * [new branch]          release/d66c1eaf35afcdea06860385954f13142a725ec9 -> origin/release/d66c1eaf35afcdea06860385954f13142a725ec9
2026-10-08T21:56:13.2957550Z  * [new branch]          release/db6365499ff3424d9502f9380eb09eacf6cc357c -> origin/release/db6365499ff3424d9502f9380eb09eacf6cc357c
2026-10-08T21:56:13.2958519Z  * [new branch]          release/dca5553bca9bf40611ee70f6c495b468234b8f2e -> origin/release/dca5553bca9bf40611ee70f6c495b468234b8f2e
2026-10-08T21:56:13.2959636Z  * [new branch]          release/dce9fe6a1e35bab4fe174cf1a93d0e593824b43e -> origin/release/dce9fe6a1e35bab4fe174cf1a93d0e593824b43e
2026-10-08T21:56:13.2960619Z  * [new branch]          release/de93fa716c88cdb8e181d2b46f9222f5d6112ca3 -> origin/release/de93fa716c88cdb8e181d2b46f9222f5d6112ca3
2026-10-08T21:56:13.2961582Z  * [new branch]          release/e52b3d96c6e04335106ad3e389fcb2504eaca8e1 -> origin/release/e52b3d96c6e04335106ad3e389fcb2504eaca8e1
2026-10-08T21:56:13.2962546Z  * [new branch]          release/e678ab559e9ff0aa8452175d45ac3ac02d1819d4 -> origin/release/e678ab559e9ff0aa8452175d45ac3ac02d1819d4
2026-10-08T21:56:13.2963517Z  * [new branch]          release/eb928febf145ac21562dbc1692abf02af2bc2dc6 -> origin/release/eb928febf145ac21562dbc1692abf02af2bc2dc6
2026-10-08T21:56:13.2964616Z  * [new branch]          release/ed28a4d18e55736a06c44032162e107c0d955bf1 -> origin/release/ed28a4d18e55736a06c44032162e107c0d955bf1
2026-10-08T21:56:13.2965597Z  * [new branch]          release/f06a7fe7ba212f285a2243d9715d5b0732077cb6 -> origin/release/f06a7fe7ba212f285a2243d9715d5b0732077cb6
2026-10-08T21:56:13.2966564Z  * [new branch]          release/f2362d62dcc4e63de0bddac86c3467dc4c78f365 -> origin/release/f2362d62dcc4e63de0bddac86c3467dc4c78f365
2026-10-08T21:56:13.2967532Z  * [new branch]          release/f243cd2601899e3ff76086cccf63ff5aecef6c66 -> origin/release/f243cd2601899e3ff76086cccf63ff5aecef6c66
2026-10-08T21:56:13.2968497Z  * [new branch]          release/f281d74a32aca69863f2fcf70d6c857d105540c7 -> origin/release/f281d74a32aca69863f2fcf70d6c857d105540c7
2026-10-08T21:56:13.2969462Z  * [new branch]          release/f562fa371ff703d3b0e8f325aafb4e4a284794a4 -> origin/release/f562fa371ff703d3b0e8f325aafb4e4a284794a4
2026-10-08T21:56:13.2970448Z  * [new branch]          release/f967dead4f207c8fc856f2c3a9fb2cd4cb2fde73 -> origin/release/f967dead4f207c8fc856f2c3a9fb2cd4cb2fde73
2026-10-08T21:56:13.2971426Z  * [new branch]          release/fadea97b3560d40363148778b21dd15fc1fc19ff -> origin/release/fadea97b3560d40363148778b21dd15fc1fc19ff
2026-10-08T21:56:13.2972415Z  * [new branch]          release/fdc9be1cd6dc2c2b918ef92bb52b5ee87c80e9cf -> origin/release/fdc9be1cd6dc2c2b918ef92bb52b5ee87c80e9cf
2026-10-08T21:56:13.2973401Z  * [new branch]          release/fdd0852745a0b1d9ac39f5a7766f3378039561e2 -> origin/release/fdd0852745a0b1d9ac39f5a7766f3378039561e2
2026-10-08T21:56:13.2974375Z  * [new branch]          release/ffe6802225f68923f998a32c3b6342f9730cf946 -> origin/release/ffe6802225f68923f998a32c3b6342f9730cf946
2026-10-08T21:56:13.2975526Z  * [new tag]             journey-evidence/36e0071f040196340c2a5458b096ff012d30e127 -> journey-evidence/36e0071f040196340c2a5458b096ff012d30e127
2026-10-08T21:56:13.2976579Z  * [new tag]             journey-evidence/53659025933f2bbec9dea3c53aaa4aa716a83227 -> journey-evidence/53659025933f2bbec9dea3c53aaa4aa716a83227
2026-10-08T21:56:13.2977497Z  * [new tag]             pre-reboot-2026-08-04       -> pre-reboot-2026-08-04
2026-10-08T21:56:13.2978018Z  * [new tag]             reboot-0                    -> reboot-0
2026-10-08T21:56:13.2978566Z  * [new tag]             reboot-prototype-2026-08-04 -> reboot-prototype-2026-08-04
2026-10-08T21:56:13.2979282Z  * [new tag]             reboot-prototype-copy-risk-2026-08-04 -> reboot-prototype-copy-risk-2026-08-04
2026-10-08T21:56:13.2980304Z  * [new tag]             recovery/20261006/local/codex-3709-learned-lifecycle-3e095d570aeb -> recovery/20261006/local/codex-3709-learned-lifecycle-3e095d570aeb
2026-10-08T21:56:13.2981486Z  * [new tag]             recovery/20261006/local/codex-3938-matched-routing-bec30bfec43d -> recovery/20261006/local/codex-3938-matched-routing-bec30bfec43d
2026-10-08T21:56:13.2982681Z  * [new tag]             recovery/20261006/local/codex-4055-canonical-spelling-5f8969950f5d -> recovery/20261006/local/codex-4055-canonical-spelling-5f8969950f5d
2026-10-08T21:56:13.2983878Z  * [new tag]             recovery/20261006/local/codex-4055-package-imports-d969a15e35f9 -> recovery/20261006/local/codex-4055-package-imports-d969a15e35f9
2026-10-08T21:56:13.2985349Z  * [new tag]             recovery/20261006/local/codex-4059-named-type-parameters-e16d044e6ab5 -> recovery/20261006/local/codex-4059-named-type-parameters-e16d044e6ab5
2026-10-08T21:56:13.2986599Z  * [new tag]             recovery/20261006/local/codex-4064-per-input-terminal-e42d44ffe61d -> recovery/20261006/local/codex-4064-per-input-terminal-e42d44ffe61d
2026-10-08T21:56:13.2987908Z  * [new tag]             recovery/20261006/local/codex-4081-journey-release-separation-ff49a8ea298b -> recovery/20261006/local/codex-4081-journey-release-separation-ff49a8ea298b
2026-10-08T21:56:13.2989215Z  * [new tag]             recovery/20261006/local/codex-4109-abnormal-composition-9e04f0b5fff8 -> recovery/20261006/local/codex-4109-abnormal-composition-9e04f0b5fff8
2026-10-08T21:56:13.2990422Z  * [new tag]             recovery/20261006/local/codex-4109-language-canon-4a2f8e93b258 -> recovery/20261006/local/codex-4109-language-canon-4a2f8e93b258
2026-10-08T21:56:13.2991724Z  * [new tag]             recovery/20261006/local/codex-4109-runtime-terminal-transduction-897e7b97dd1c -> recovery/20261006/local/codex-4109-runtime-terminal-transduction-897e7b97dd1c
2026-10-08T21:56:13.2993035Z  * [new tag]             recovery/20261006/local/codex-4115-mask-fore-execution-8e4402e6c56e -> recovery/20261006/local/codex-4115-mask-fore-execution-8e4402e6c56e
2026-10-08T21:56:13.2994178Z  * [new tag]             recovery/20261006/local/codex-4115-mask-forms-fd398708a6bf -> recovery/20261006/local/codex-4115-mask-forms-fd398708a6bf
2026-10-08T21:56:13.2995392Z  * [new tag]             recovery/20261006/local/codex-4115-three-bodies-0dd121f8f68d -> recovery/20261006/local/codex-4115-three-bodies-0dd121f8f68d
2026-10-08T21:56:13.2996581Z  * [new tag]             recovery/20261006/local/codex-4199-negated-refinements-5f8969950f5d -> recovery/20261006/local/codex-4199-negated-refinements-5f8969950f5d
2026-10-08T21:56:13.2997789Z  * [new tag]             recovery/20261006/local/codex-4199-value-constraints-5082b0bfdcdb -> recovery/20261006/local/codex-4199-value-constraints-5082b0bfdcdb
2026-10-08T21:56:13.2998943Z  * [new tag]             recovery/20261006/local/codex-4223-remove-piper-a41e5cf90cd6 -> recovery/20261006/local/codex-4223-remove-piper-a41e5cf90cd6
2026-10-08T21:56:13.3000128Z  * [new tag]             recovery/20261006/local/codex-4231-html-browser-face-sdk-670f1e273942 -> recovery/20261006/local/codex-4231-html-browser-face-sdk-670f1e273942
2026-10-08T21:56:13.3001310Z  * [new tag]             recovery/20261006/local/codex-4335-glyph-prelude-f9ab157190d1 -> recovery/20261006/local/codex-4335-glyph-prelude-f9ab157190d1
2026-10-08T21:56:13.3002549Z  * [new tag]             recovery/20261006/local/codex-4340-hostile-join-refusals-999e4f6d9f1e -> recovery/20261006/local/codex-4340-hostile-join-refusals-999e4f6d9f1e
2026-10-08T21:56:13.3003927Z  * [new tag]             recovery/20261006/local/codex-4340-portable-invitation-d05ce370d2cb -> recovery/20261006/local/codex-4340-portable-invitation-d05ce370d2cb
2026-10-08T21:56:13.3005228Z  * [new tag]             recovery/20261006/local/codex-next-board-slice-709aa621e33a -> recovery/20261006/local/codex-next-board-slice-709aa621e33a
2026-10-08T21:56:13.3006408Z  * [new tag]             recovery/20261006/local/codex-rename-fabricate-to-make-97268783f0c5 -> recovery/20261006/local/codex-rename-fabricate-to-make-97268783f0c5
2026-10-08T21:56:13.3007619Z  * [new tag]             recovery/20261006/local/codex-repair-3709-host-shard-2547113a182e -> recovery/20261006/local/codex-repair-3709-host-shard-2547113a182e
2026-10-08T21:56:13.3008843Z  * [new tag]             recovery/20261006/retired-local/codex-4376-native-types-c5d1e50ce8ff -> recovery/20261006/retired-local/codex-4376-native-types-c5d1e50ce8ff
2026-10-08T21:56:13.3010225Z  * [new tag]             recovery/20261006/retired-local/codex-4382-consolidated-migrations-054ac5419d7f -> recovery/20261006/retired-local/codex-4382-consolidated-migrations-054ac5419d7f
2026-10-08T21:56:13.3011842Z  * [new tag]             recovery/20261006/retired-local/codex-4382-domain-variants-36288c75d9e8 -> recovery/20261006/retired-local/codex-4382-domain-variants-36288c75d9e8
2026-10-08T21:56:13.3013160Z  * [new tag]             recovery/20261006/retired-local/codex-4382-finance-comparison-d9c3957e9dc5 -> recovery/20261006/retired-local/codex-4382-finance-comparison-d9c3957e9dc5
2026-10-08T21:56:13.3014655Z  * [new tag]             recovery/20261006/retired-local/codex-4382-unit-variant-traits-aaff8e2da5fe -> recovery/20261006/retired-local/codex-4382-unit-variant-traits-aaff8e2da5fe
2026-10-08T21:56:13.3016091Z  * [new tag]             recovery/20261006/retired-local/codex-b-3718-presentation-contracts-d2888b56f8c4 -> recovery/20261006/retired-local/codex-b-3718-presentation-contracts-d2888b56f8c4
2026-10-08T21:56:13.3017549Z  * [new tag]             recovery/20261006/retired-local/codex-ci-one-body-evidence-scope-9a14c1d1e828 -> recovery/20261006/retired-local/codex-ci-one-body-evidence-scope-9a14c1d1e828
2026-10-08T21:56:13.3018870Z  * [new tag]             recovery/20261006/retired/codex-3529-flagship-journey-08df5b8b5f95 -> recovery/20261006/retired/codex-3529-flagship-journey-08df5b8b5f95
2026-10-08T21:56:13.3020044Z  * [new tag]             recovery/20261006/retired/codex-3666-bounded-cbor-5f9d1f144ee8 -> recovery/20261006/retired/codex-3666-bounded-cbor-5f9d1f144ee8
2026-10-08T21:56:13.3021235Z  * [new tag]             recovery/20261006/retired/codex-3686-emergency-machine-c770fade6735 -> recovery/20261006/retired/codex-3686-emergency-machine-c770fade6735
2026-10-08T21:56:13.3022608Z  * [new tag]             recovery/20261006/retired/codex-3746-retire-standalone-creche-proof-3bfd17115e94 -> recovery/20261006/retired/codex-3746-retire-standalone-creche-proof-3bfd17115e94
2026-10-08T21:56:13.3023962Z  * [new tag]             recovery/20261006/retired/codex-3864-presentation-step-1d28e91754ea -> recovery/20261006/retired/codex-3864-presentation-step-1d28e91754ea
2026-10-08T21:56:13.3025243Z  * [new tag]             recovery/20261006/retired/codex-4115-4117-finish-2a90dea6327b -> recovery/20261006/retired/codex-4115-4117-finish-2a90dea6327b
2026-10-08T21:56:13.3026433Z  * [new tag]             recovery/20261006/retired/codex-4115-native-mask-runtime-4a92e6c313f9 -> recovery/20261006/retired/codex-4115-native-mask-runtime-4a92e6c313f9
2026-10-08T21:56:13.3027683Z  * [new tag]             recovery/20261006/retired/codex-4115-spoken-generative-f0aa487a16d3 -> recovery/20261006/retired/codex-4115-spoken-generative-f0aa487a16d3
2026-10-08T21:56:13.3029016Z  * [new tag]             recovery/20261006/retired/codex-4117-conduitos-resource-vertical-f5b854e7512a -> recovery/20261006/retired/codex-4117-conduitos-resource-vertical-f5b854e7512a
2026-10-08T21:56:13.3030500Z  * [new tag]             recovery/20261006/retired/codex-4117-host-source-admission-3e1d333540b4 -> recovery/20261006/retired/codex-4117-host-source-admission-3e1d333540b4
2026-10-08T21:56:13.3031784Z  * [new tag]             recovery/20261006/retired/codex-4117-runtime-possession-6687634e5f79 -> recovery/20261006/retired/codex-4117-runtime-possession-6687634e5f79
2026-10-08T21:56:13.3032986Z  * [new tag]             recovery/20261006/retired/codex-4134-semantic-names-200b51188ff9 -> recovery/20261006/retired/codex-4134-semantic-names-200b51188ff9
2026-10-08T21:56:13.3034231Z  * [new tag]             recovery/20261006/retired/codex-4231-body-lifecycle-session-df254c589d71 -> recovery/20261006/retired/codex-4231-body-lifecycle-session-df254c589d71
2026-10-08T21:56:13.3035696Z  * [new tag]             recovery/20261006/retired/codex-4231-browser-admission-matrix-f461b346125d -> recovery/20261006/retired/codex-4231-browser-admission-matrix-f461b346125d
2026-10-08T21:56:13.3037018Z  * [new tag]             recovery/20261006/retired/codex-4231-delete-browser-home-eab1f13a25cb -> recovery/20261006/retired/codex-4231-delete-browser-home-eab1f13a25cb
2026-10-08T21:56:13.3038282Z  * [new tag]             recovery/20261006/retired/codex-4231-delete-browser-tour-bfe6e05ebccc -> recovery/20261006/retired/codex-4231-delete-browser-tour-bfe6e05ebccc
2026-10-08T21:56:13.3039771Z  * [new tag]             recovery/20261006/retired/codex-4231-delete-patchbay-execution-ui-bd6596caf7a4 -> recovery/20261006/retired/codex-4231-delete-patchbay-execution-ui-bd6596caf7a4
2026-10-08T21:56:13.3041212Z  * [new tag]             recovery/20261006/retired/codex-4231-delete-workspace-model-pool-22d5ff9c59a5 -> recovery/20261006/retired/codex-4231-delete-workspace-model-pool-22d5ff9c59a5
2026-10-08T21:56:13.3042576Z  * [new tag]             recovery/20261006/retired/codex-4231-form-library-ownership-29912643aa3b -> recovery/20261006/retired/codex-4231-form-library-ownership-29912643aa3b
2026-10-08T21:56:13.3043890Z  * [new tag]             recovery/20261006/retired/codex-4231-harvest-tour-journey-b5c4f828fc0c -> recovery/20261006/retired/codex-4231-harvest-tour-journey-b5c4f828fc0c
2026-10-08T21:56:13.3045283Z  * [new tag]             recovery/20261006/retired/codex-4231-home-form-ownership-b11a14b3b2cb -> recovery/20261006/retired/codex-4231-home-form-ownership-b11a14b3b2cb
2026-10-08T21:56:13.3046638Z  * [new tag]             recovery/20261006/retired/codex-4231-html-direct-patchbay-graph-d83082bbbc2f -> recovery/20261006/retired/codex-4231-html-direct-patchbay-graph-d83082bbbc2f
2026-10-08T21:56:13.3048005Z  * [new tag]             recovery/20261006/retired/codex-4231-tutorial-form-ownership-ea26cde49bec -> recovery/20261006/retired/codex-4231-tutorial-form-ownership-ea26cde49bec
2026-10-08T21:56:13.3049341Z  * [new tag]             recovery/20261006/retired/codex-4335-explicit-glyph-aliases-f6aa21e2fa90 -> recovery/20261006/retired/codex-4335-explicit-glyph-aliases-f6aa21e2fa90
2026-10-08T21:56:13.3050636Z  * [new tag]             recovery/20261006/retired/codex-4375-ai-float-vocabulary-b3eb6d3e95ed -> recovery/20261006/retired/codex-4375-ai-float-vocabulary-b3eb6d3e95ed
2026-10-08T21:56:13.3051911Z  * [new tag]             recovery/20261006/retired/codex-4375-education-assessment-85a07d291ec2 -> recovery/20261006/retired/codex-4375-education-assessment-85a07d291ec2
2026-10-08T21:56:13.3053197Z  * [new tag]             recovery/20261006/retired/codex-4375-house-request-family-766e73102e2c -> recovery/20261006/retired/codex-4375-house-request-family-766e73102e2c
2026-10-08T21:56:13.3054594Z  * [new tag]             recovery/20261006/retired/codex-4375-native-data-adjacent-8f87b6bfbf85 -> recovery/20261006/retired/codex-4375-native-data-adjacent-8f87b6bfbf85
2026-10-08T21:56:13.3055863Z  * [new tag]             recovery/20261006/retired/codex-4375-native-data-family-8190165f83f5 -> recovery/20261006/retired/codex-4375-native-data-family-8190165f83f5
2026-10-08T21:56:13.3057095Z  * [new tag]             recovery/20261006/retired/codex-4375-native-time-family-84d9014d1691 -> recovery/20261006/retired/codex-4375-native-time-family-84d9014d1691
2026-10-08T21:56:13.3058498Z  * [new tag]             recovery/20261006/retired/codex-4375-native-visual-family-7433c94c8918 -> recovery/20261006/retired/codex-4375-native-visual-family-7433c94c8918
2026-10-08T21:56:13.3059761Z  * [new tag]             recovery/20261006/retired/codex-4375-native-web-family-bc9e6354256a -> recovery/20261006/retired/codex-4375-native-web-family-bc9e6354256a
2026-10-08T21:56:13.3060990Z  * [new tag]             recovery/20261006/retired/codex-4375-native-wire-family-7a3e414e0c99 -> recovery/20261006/retired/codex-4375-native-wire-family-7a3e414e0c99
2026-10-08T21:56:13.3062249Z  * [new tag]             recovery/20261006/retired/codex-4375-next-portable-family-2fe9fd68b2a3 -> recovery/20261006/retired/codex-4375-next-portable-family-2fe9fd68b2a3
2026-10-08T21:56:13.3063571Z  * [new tag]             recovery/20261006/retired/codex-4375-presentation-vocabulary-1a44741acfa5 -> recovery/20261006/retired/codex-4375-presentation-vocabulary-1a44741acfa5
2026-10-08T21:56:13.3065009Z  * [new tag]             recovery/20261006/retired/codex-4375-signal-garden-family-84dbca2dcb0d -> recovery/20261006/retired/codex-4375-signal-garden-family-84dbca2dcb0d
2026-10-08T21:56:13.3066467Z  * [new tag]             recovery/20261006/retired/codex-4376-presentation-consumers-1687e6263967 -> recovery/20261006/retired/codex-4376-presentation-consumers-1687e6263967
2026-10-08T21:56:13.3067807Z  * [new tag]             recovery/20261006/retired/codex-4378-flow-activation-targets-8cf5f11ceb1e -> recovery/20261006/retired/codex-4378-flow-activation-targets-8cf5f11ceb1e
2026-10-08T21:56:13.3069097Z  * [new tag]             recovery/20261006/retired/codex-4378-flow-bounded-total-1be1c267b1ec -> recovery/20261006/retired/codex-4378-flow-bounded-total-1be1c267b1ec
2026-10-08T21:56:13.3070330Z  * [new tag]             recovery/20261006/retired/codex-4378-flow-collect-back-ba3819275ea7 -> recovery/20261006/retired/codex-4378-flow-collect-back-ba3819275ea7
2026-10-08T21:56:13.3071589Z  * [new tag]             recovery/20261006/retired/codex-4378-flow-collect-browser-5a7d7e0dff12 -> recovery/20261006/retired/codex-4378-flow-collect-browser-5a7d7e0dff12
2026-10-08T21:56:13.3072893Z  * [new tag]             recovery/20261006/retired/codex-4378-flow-collect-contract-3bada0a85402 -> recovery/20261006/retired/codex-4378-flow-collect-contract-3bada0a85402
2026-10-08T21:56:13.3074164Z  * [new tag]             recovery/20261006/retired/codex-4378-flow-collect-offer-aeea5b750b46 -> recovery/20261006/retired/codex-4378-flow-collect-offer-aeea5b750b46
2026-10-08T21:56:13.3075499Z  * [new tag]             recovery/20261006/retired/codex-4378-flow-each-kind-96945474de7e -> recovery/20261006/retired/codex-4378-flow-each-kind-96945474de7e
2026-10-08T21:56:13.3076688Z  * [new tag]             recovery/20261006/retired/codex-4378-flow-each-source-13b49e32a675 -> recovery/20261006/retired/codex-4378-flow-each-source-13b49e32a675
2026-10-08T21:56:13.3077833Z  * [new tag]             recovery/20261006/retired/codex-4378-flow-fold-35f41fb6b9c5 -> recovery/20261006/retired/codex-4378-flow-fold-35f41fb6b9c5
2026-10-08T21:56:13.3079005Z  * [new tag]             recovery/20261006/retired/codex-4378-flow-fold-execution-21f1237576f4 -> recovery/20261006/retired/codex-4378-flow-fold-execution-21f1237576f4
2026-10-08T21:56:13.3080162Z  * [new tag]             recovery/20261006/retired/codex-4378-flow-scan-024a3b792ae0 -> recovery/20261006/retired/codex-4378-flow-scan-024a3b792ae0
2026-10-08T21:56:13.3081252Z  * [new tag]             recovery/20261006/retired/codex-4378-flow-select-fe555964f4d2 -> recovery/20261006/retired/codex-4378-flow-select-fe555964f4d2
2026-10-08T21:56:13.3082438Z  * [new tag]             recovery/20261006/retired/codex-4378-flow-select-runtime-75797dee5d4d -> recovery/20261006/retired/codex-4378-flow-select-runtime-75797dee5d4d
2026-10-08T21:56:13.3083838Z  * [new tag]             recovery/20261006/retired/codex-4382-ai-model-signature-representation-f732525f1975 -> recovery/20261006/retired/codex-4382-ai-model-signature-representation-f732525f1975
2026-10-08T21:56:13.3085486Z  * [new tag]             recovery/20261006/retired/codex-4382-alife-lenia-chunk-kind-760fe1e9ddc4 -> recovery/20261006/retired/codex-4382-alife-lenia-chunk-kind-760fe1e9ddc4
2026-10-08T21:56:13.3086894Z  * [new tag]             recovery/20261006/retired/codex-4382-alife-lenia-chunk-native-dev-96dfa23dc35b -> recovery/20261006/retired/codex-4382-alife-lenia-chunk-native-dev-96dfa23dc35b
2026-10-08T21:56:13.3088209Z  * [new tag]             recovery/20261006/retired/codex-4382-chat-state-types-200ceb680751 -> recovery/20261006/retired/codex-4382-chat-state-types-200ceb680751
2026-10-08T21:56:13.3089432Z  * [new tag]             recovery/20261006/retired/codex-4382-data-policy-types-671da17f9c3b -> recovery/20261006/retired/codex-4382-data-policy-types-671da17f9c3b
2026-10-08T21:56:13.3090714Z  * [new tag]             recovery/20261006/retired/codex-4382-human-chord-native-dev-edd12f0a17bd -> recovery/20261006/retired/codex-4382-human-chord-native-dev-edd12f0a17bd
2026-10-08T21:56:13.3092038Z  * [new tag]             recovery/20261006/retired/codex-4382-human-chord-vocabulary-f855f80fed51 -> recovery/20261006/retired/codex-4382-human-chord-vocabulary-f855f80fed51
2026-10-08T21:56:13.3093539Z  * [new tag]             recovery/20261006/retired/codex-4382-native-experience-vocabulary-ea512b4c417b -> recovery/20261006/retired/codex-4382-native-experience-vocabulary-ea512b4c417b
2026-10-08T21:56:13.3095040Z  * [new tag]             recovery/20261006/retired/codex-4382-native-garden-refusal-b6d94afa13c6 -> recovery/20261006/retired/codex-4382-native-garden-refusal-b6d94afa13c6
2026-10-08T21:56:13.3096410Z  * [new tag]             recovery/20261006/retired/codex-4382-native-math-scalar-refusal-8f73a2cce593 -> recovery/20261006/retired/codex-4382-native-math-scalar-refusal-8f73a2cce593
2026-10-08T21:56:13.3097763Z  * [new tag]             recovery/20261006/retired/codex-4382-native-musical-control-453647c0c581 -> recovery/20261006/retired/codex-4382-native-musical-control-453647c0c581
2026-10-08T21:56:13.3099207Z  * [new tag]             recovery/20261006/retired/codex-4382-native-normalized-quantity-refusal-a5d839172932 -> recovery/20261006/retired/codex-4382-native-normalized-quantity-refusal-a5d839172932
2026-10-08T21:56:13.3100723Z  * [new tag]             recovery/20261006/retired/codex-4382-native-presentation-vocabulary-a8526e83acb6 -> recovery/20261006/retired/codex-4382-native-presentation-vocabulary-a8526e83acb6
2026-10-08T21:56:13.3102237Z  * [new tag]             recovery/20261006/retired/codex-4382-native-quantity-mapping-vocabulary-7a2210e4eaa4 -> recovery/20261006/retired/codex-4382-native-quantity-mapping-vocabulary-7a2210e4eaa4
2026-10-08T21:56:13.3103888Z  * [new tag]             recovery/20261006/retired/codex-4382-native-robotics-simulation-availability-b121f1334762 -> recovery/20261006/retired/codex-4382-native-robotics-simulation-availability-b121f1334762
2026-10-08T21:56:13.3105491Z  * [new tag]             recovery/20261006/retired/codex-4382-native-scalar-comparison-a1b75daba372 -> recovery/20261006/retired/codex-4382-native-scalar-comparison-a1b75daba372
2026-10-08T21:56:13.3106876Z  * [new tag]             recovery/20261006/retired/codex-4382-native-schedule-vocabulary-44599535beea -> recovery/20261006/retired/codex-4382-native-schedule-vocabulary-44599535beea
2026-10-08T21:56:13.3108251Z  * [new tag]             recovery/20261006/retired/codex-4382-native-sequence-refusals-274bde626a0e -> recovery/20261006/retired/codex-4382-native-sequence-refusals-274bde626a0e
2026-10-08T21:56:13.3109573Z  * [new tag]             recovery/20261006/retired/codex-4382-native-signal-records-ac392b0fdd43 -> recovery/20261006/retired/codex-4382-native-signal-records-ac392b0fdd43
2026-10-08T21:56:13.3111014Z  * [new tag]             recovery/20261006/retired/codex-4382-native-template-collection-refusal-69d609ef7c31 -> recovery/20261006/retired/codex-4382-native-template-collection-refusal-69d609ef7c31
2026-10-08T21:56:13.3112648Z  * [new tag]             recovery/20261006/retired/codex-4382-native-workflow-timing-outcome-53d4ac61ae37 -> recovery/20261006/retired/codex-4382-native-workflow-timing-outcome-53d4ac61ae37
2026-10-08T21:56:13.3114015Z  * [new tag]             recovery/20261006/retired/codex-4382-network-unit-types-ae00c4eaccc1 -> recovery/20261006/retired/codex-4382-network-unit-types-ae00c4eaccc1
2026-10-08T21:56:13.3115568Z  * [new tag]             recovery/20261006/retired/codex-4382-presentation-graphics-native-dev-1fa03c3e413d -> recovery/20261006/retired/codex-4382-presentation-graphics-native-dev-1fa03c3e413d
2026-10-08T21:56:13.3117103Z  * [new tag]             recovery/20261006/retired/codex-4382-presentation-graphics-vocabulary-c5c25199c8ba -> recovery/20261006/retired/codex-4382-presentation-graphics-vocabulary-c5c25199c8ba
2026-10-08T21:56:13.3118474Z  * [new tag]             recovery/20261006/retired/codex-4382-robotics-variants-8201ea547a32 -> recovery/20261006/retired/codex-4382-robotics-variants-8201ea547a32
2026-10-08T21:56:13.3119635Z  * [new tag]             recovery/20261006/retired/codex-4382-text-phase-5a401f149ba0 -> recovery/20261006/retired/codex-4382-text-phase-5a401f149ba0
2026-10-08T21:56:13.3120934Z  * [new tag]             recovery/20261006/retired/codex-4382-web-http-variants-4d9a82f68fef -> recovery/20261006/retired/codex-4382-web-http-variants-4d9a82f68fef
2026-10-08T21:56:13.3122242Z  * [new tag]             recovery/20261006/retired/codex-4428-audio-tone-representation-154ff52ba339 -> recovery/20261006/retired/codex-4428-audio-tone-representation-154ff52ba339
2026-10-08T21:56:13.3123562Z  * [new tag]             recovery/20261006/retired/codex-4484-quiescence-language-c8b30d4b85df -> recovery/20261006/retired/codex-4484-quiescence-language-c8b30d4b85df
2026-10-08T21:56:13.3124969Z  * [new tag]             recovery/20261006/retired/codex-4519-host-release-dispatch-6ca539289d5f -> recovery/20261006/retired/codex-4519-host-release-dispatch-6ca539289d5f
2026-10-08T21:56:13.3126233Z  * [new tag]             recovery/20261006/retired/codex-4674-typed-case-tests-ef4b89891248 -> recovery/20261006/retired/codex-4674-typed-case-tests-ef4b89891248
2026-10-08T21:56:13.3127471Z  * [new tag]             recovery/20261006/retired/codex-4807-browser-wardrobe-ui-1fc74ce4224a -> recovery/20261006/retired/codex-4807-browser-wardrobe-ui-1fc74ce4224a
2026-10-08T21:56:13.3128761Z  * [new tag]             recovery/20261006/retired/codex-4807-explicit-route-switch-d0ed24896715 -> recovery/20261006/retired/codex-4807-explicit-route-switch-d0ed24896715
2026-10-08T21:56:13.3130138Z  * [new tag]             recovery/20261006/retired/codex-4807-native-compositor-diagnostic-e3bc3e4fe6ec -> recovery/20261006/retired/codex-4807-native-compositor-diagnostic-e3bc3e4fe6ec
2026-10-08T21:56:13.3131537Z  * [new tag]             recovery/20261006/retired/codex-4807-native-face-domain-reset-4b561c3f1c91 -> recovery/20261006/retired/codex-4807-native-face-domain-reset-4b561c3f1c91
2026-10-08T21:56:13.3132835Z  * [new tag]             recovery/20261006/retired/codex-4807-native-face-reseal-d275e9f019fd -> recovery/20261006/retired/codex-4807-native-face-reseal-d275e9f019fd
2026-10-08T21:56:13.3134135Z  * [new tag]             recovery/20261006/retired/codex-4807-native-owner-retirement-ece0c8b6838f -> recovery/20261006/retired/codex-4807-native-owner-retirement-ece0c8b6838f
2026-10-08T21:56:13.3135719Z  * [new tag]             recovery/20261006/retired/codex-4807-native-refreshed-route-diagnostic-bac4cdc4fb0b -> recovery/20261006/retired/codex-4807-native-refreshed-route-diagnostic-bac4cdc4fb0b
2026-10-08T21:56:13.3137163Z  * [new tag]             recovery/20261006/retired/codex-4807-native-selected-wardrobe-49448047a739 -> recovery/20261006/retired/codex-4807-native-selected-wardrobe-49448047a739
2026-10-08T21:56:13.3138516Z  * [new tag]             recovery/20261006/retired/codex-4807-native-standby-selection-e50f5a7f4c40 -> recovery/20261006/retired/codex-4807-native-standby-selection-e50f5a7f4c40
2026-10-08T21:56:13.3140062Z  * [new tag]             recovery/20261006/retired/codex-4807-owner-action-proof-correlation-54422b8ad0fd -> recovery/20261006/retired/codex-4807-owner-action-proof-correlation-54422b8ad0fd
2026-10-08T21:56:13.3141422Z  * [new tag]             recovery/20261006/retired/codex-4807-owner-direct-live-1fb8c8ba0b44 -> recovery/20261006/retired/codex-4807-owner-direct-live-1fb8c8ba0b44
2026-10-08T21:56:13.3142649Z  * [new tag]             recovery/20261006/retired/codex-4807-owner-direct-plot-08bd2a419d99 -> recovery/20261006/retired/codex-4807-owner-direct-plot-08bd2a419d99
2026-10-08T21:56:13.3143964Z  * [new tag]             recovery/20261006/retired/codex-4807-owner-direct-show-contract-c601e5952a99 -> recovery/20261006/retired/codex-4807-owner-direct-show-contract-c601e5952a99
2026-10-08T21:56:13.3145361Z  * [new tag]             recovery/20261006/retired/codex-4807-owner-llm-live-4b28801a2baf -> recovery/20261006/retired/codex-4807-owner-llm-live-4b28801a2baf
2026-10-08T21:56:13.3146559Z  * [new tag]             recovery/20261006/retired/codex-4807-owner-model-boot-f62fd8386bf4 -> recovery/20261006/retired/codex-4807-owner-model-boot-f62fd8386bf4
2026-10-08T21:56:13.3147828Z  * [new tag]             recovery/20261006/retired/codex-4807-owner-speech-wardrobe-cd69c75dc47c -> recovery/20261006/retired/codex-4807-owner-speech-wardrobe-cd69c75dc47c
2026-10-08T21:56:13.3149217Z  * [new tag]             recovery/20261006/retired/codex-4807-owner-spoken-mask-20dec6ae5b05 -> recovery/20261006/retired/codex-4807-owner-spoken-mask-20dec6ae5b05
2026-10-08T21:56:13.3151181Z  * [new tag]             recovery/20261006/retired/codex-4807-per-play-spoken-artifacts-c5ab08730828 -> recovery/20261006/retired/codex-4807-per-play-spoken-artifacts-c5ab08730828
2026-10-08T21:56:13.3152565Z  * [new tag]             recovery/20261006/retired/codex-4807-workload-route-reseal-b99b323934e4 -> recovery/20261006/retired/codex-4807-workload-route-reseal-b99b323934e4
2026-10-08T21:56:13.3153796Z  * [new tag]             recovery/20261006/retired/codex-4831-control-ring-5057cc0f2a7f -> recovery/20261006/retired/codex-4831-control-ring-5057cc0f2a7f
2026-10-08T21:56:13.3155243Z  * [new tag]             recovery/20261006/retired/codex-4831-controller-event-retention-e4a598d72bee -> recovery/20261006/retired/codex-4831-controller-event-retention-e4a598d72bee
2026-10-08T21:56:13.3156565Z  * [new tag]             recovery/20261006/retired/codex-4831-hid-boot-control-7b9347ed35d3 -> recovery/20261006/retired/codex-4831-hid-boot-control-7b9347ed35d3
2026-10-08T21:56:13.3157801Z  * [new tag]             recovery/20261006/retired/codex-4831-hid-native-current-66cccd9c7bf6 -> recovery/20261006/retired/codex-4831-hid-native-current-66cccd9c7bf6
2026-10-08T21:56:13.3159075Z  * [new tag]             recovery/20261006/retired/codex-4831-hid-source-admission-686a9dbdb789 -> recovery/20261006/retired/codex-4831-hid-source-admission-686a9dbdb789
2026-10-08T21:56:13.3160414Z  * [new tag]             recovery/20261006/retired/codex-4831-mouse-capture-integration-ccb7c84eb46a -> recovery/20261006/retired/codex-4831-mouse-capture-integration-ccb7c84eb46a
2026-10-08T21:56:13.3161750Z  * [new tag]             recovery/20261006/retired/codex-4831-mouse-native-capture-b9f9f75bd5e4 -> recovery/20261006/retired/codex-4831-mouse-native-capture-b9f9f75bd5e4
2026-10-08T21:56:13.3163069Z  * [new tag]             recovery/20261006/retired/codex-4831-native-placement-issuer-eed212819e75 -> recovery/20261006/retired/codex-4831-native-placement-issuer-eed212819e75
2026-10-08T21:56:13.3164361Z  * [new tag]             recovery/20261006/retired/codex-4831-ordinary-hid-input-d07fb3b110a1 -> recovery/20261006/retired/codex-4831-ordinary-hid-input-d07fb3b110a1
2026-10-08T21:56:13.3165791Z  * [new tag]             recovery/20261006/retired/codex-4831-ordinary-hid-installation-859d8ea64fc9 -> recovery/20261006/retired/codex-4831-ordinary-hid-installation-859d8ea64fc9
2026-10-08T21:56:13.3167215Z  * [new tag]             recovery/20261006/retired/codex-4831-ordinary-hid-ordered-input-a14f78e112c5 -> recovery/20261006/retired/codex-4831-ordinary-hid-ordered-input-a14f78e112c5
2026-10-08T21:56:13.3168692Z  * [new tag]             recovery/20261006/retired/codex-4831-ordinary-hid-window-6d966537261a -> recovery/20261006/retired/codex-4831-ordinary-hid-window-6d966537261a
2026-10-08T21:56:13.3169992Z  * [new tag]             recovery/20261006/retired/codex-4831-xhci-command-events-e6091d920222 -> recovery/20261006/retired/codex-4831-xhci-command-events-e6091d920222
2026-10-08T21:56:13.3171241Z  * [new tag]             recovery/20261006/retired/codex-4922-owner-body-wardrobe-1d157f5471a8 -> recovery/20261006/retired/codex-4922-owner-body-wardrobe-1d157f5471a8
2026-10-08T21:56:13.3172491Z  * [new tag]             recovery/20261006/retired/codex-4952-projection-loss-c8be94ab0161 -> recovery/20261006/retired/codex-4952-projection-loss-c8be94ab0161
2026-10-08T21:56:13.3173673Z  * [new tag]             recovery/20261006/retired/codex-4957-hosted-current-12504f677477 -> recovery/20261006/retired/codex-4957-hosted-current-12504f677477
2026-10-08T21:56:13.3174969Z  * [new tag]             recovery/20261006/retired/codex-4957-hosted-final-c79dd2e7fee4 -> recovery/20261006/retired/codex-4957-hosted-final-c79dd2e7fee4
2026-10-08T21:56:13.3176250Z  * [new tag]             recovery/20261006/retired/codex-4957-hosted-locks-7bf67e012062 -> recovery/20261006/retired/codex-4957-hosted-locks-7bf67e012062
2026-10-08T21:56:13.3177453Z  * [new tag]             recovery/20261006/retired/codex-4957-hosted-publication-7bf67e012062 -> recovery/20261006/retired/codex-4957-hosted-publication-7bf67e012062
2026-10-08T21:56:13.3178649Z  * [new tag]             recovery/20261006/retired/codex-4957-hosted-speech-569c6d31c518 -> recovery/20261006/retired/codex-4957-hosted-speech-569c6d31c518
2026-10-08T21:56:13.3179905Z  * [new tag]             recovery/20261006/retired/codex-4957-source-material-current-9f04cdfee772 -> recovery/20261006/retired/codex-4957-source-material-current-9f04cdfee772
2026-10-08T21:56:13.3181198Z  * [new tag]             recovery/20261006/retired/codex-4957-source-publication-78c66755184a -> recovery/20261006/retired/codex-4957-source-publication-78c66755184a
2026-10-08T21:56:13.3182386Z  * [new tag]             recovery/20261006/retired/codex-4957-source-spine-45ad91632f37 -> recovery/20261006/retired/codex-4957-source-spine-45ad91632f37
2026-10-08T21:56:13.3183516Z  * [new tag]             recovery/20261006/retired/codex-4957-source-text-2ba92fdb2d33 -> recovery/20261006/retired/codex-4957-source-text-2ba92fdb2d33
2026-10-08T21:56:13.3184783Z  * [new tag]             recovery/20261006/retired/codex-4984-apt-diagnostic-16c24fe7757e -> recovery/20261006/retired/codex-4984-apt-diagnostic-16c24fe7757e
2026-10-08T21:56:13.3186014Z  * [new tag]             recovery/20261006/retired/codex-4984-apt-diagnostic-auth-a251439459bc -> recovery/20261006/retired/codex-4984-apt-diagnostic-auth-a251439459bc
2026-10-08T21:56:13.3187291Z  * [new tag]             recovery/20261006/retired/codex-4984-apt-diagnostic-fixed-174fad16f017 -> recovery/20261006/retired/codex-4984-apt-diagnostic-fixed-174fad16f017
2026-10-08T21:56:13.3188541Z  * [new tag]             recovery/20261006/retired/codex-all-open-integration-9da3e0760dd6 -> recovery/20261006/retired/codex-all-open-integration-9da3e0760dd6
2026-10-08T21:56:13.3189877Z  * [new tag]             recovery/20261006/retired/codex-b-3712-canonical-primitive-info-db9061b4ed7c -> recovery/20261006/retired/codex-b-3712-canonical-primitive-info-db9061b4ed7c
2026-10-08T21:56:13.3191292Z  * [new tag]             recovery/20261006/retired/codex-b-3716-semantic-substitutability-3fbf582c8f8d -> recovery/20261006/retired/codex-b-3716-semantic-substitutability-3fbf582c8f8d
2026-10-08T21:56:13.3192548Z  * [new tag]             recovery/20261006/retired/codex-b-3718-ai-offers-8b8227b6b649 -> recovery/20261006/retired/codex-b-3718-ai-offers-8b8227b6b649
2026-10-08T21:56:13.3193718Z  * [new tag]             recovery/20261006/retired/codex-b-3718-alife-contracts-63213a0a61b3 -> recovery/20261006/retired/codex-b-3718-alife-contracts-63213a0a61b3
2026-10-08T21:56:13.3195235Z  * [new tag]             recovery/20261006/retired/codex-b-3718-body-chat-contracts-614044d69ebf -> recovery/20261006/retired/codex-b-3718-body-chat-contracts-614044d69ebf
2026-10-08T21:56:13.3196593Z  * [new tag]             recovery/20261006/retired/codex-b-3718-browser-button-attempt-ed62ae9f7d49 -> recovery/20261006/retired/codex-b-3718-browser-button-attempt-ed62ae9f7d49
2026-10-08T21:56:13.3197884Z  * [new tag]             recovery/20261006/retired/codex-b-3718-browser-garden-bf4f8826aad7 -> recovery/20261006/retired/codex-b-3718-browser-garden-bf4f8826aad7
2026-10-08T21:56:13.3199103Z  * [new tag]             recovery/20261006/retired/codex-b-3718-browser-history-e41ed8e24581 -> recovery/20261006/retired/codex-b-3718-browser-history-e41ed8e24581
2026-10-08T21:56:13.3200370Z  * [new tag]             recovery/20261006/retired/codex-b-3718-browser-human-media-29a603fe25b2 -> recovery/20261006/retired/codex-b-3718-browser-human-media-29a603fe25b2
2026-10-08T21:56:13.3201679Z  * [new tag]             recovery/20261006/retired/codex-b-3718-browser-input-offers-de667515a133 -> recovery/20261006/retired/codex-b-3718-browser-input-offers-de667515a133
2026-10-08T21:56:13.3203150Z  * [new tag]             recovery/20261006/retired/codex-b-3718-browser-linguistics-f1dfa3090023 -> recovery/20261006/retired/codex-b-3718-browser-linguistics-f1dfa3090023
2026-10-08T21:56:13.3204626Z  * [new tag]             recovery/20261006/retired/codex-b-3718-browser-measurement-plot-53f39c41b70a -> recovery/20261006/retired/codex-b-3718-browser-measurement-plot-53f39c41b70a
2026-10-08T21:56:13.3206117Z  * [new tag]             recovery/20261006/retired/codex-b-3718-browser-measurement-presentation-0454d9b7241f -> recovery/20261006/retired/codex-b-3718-browser-measurement-presentation-0454d9b7241f
2026-10-08T21:56:13.3207609Z  * [new tag]             recovery/20261006/retired/codex-b-3718-browser-measurement-state-371ebffedf3f -> recovery/20261006/retired/codex-b-3718-browser-measurement-state-371ebffedf3f
2026-10-08T21:56:13.3209054Z  * [new tag]             recovery/20261006/retired/codex-b-3718-browser-measurement-summary-ad0ec9d41be4 -> recovery/20261006/retired/codex-b-3718-browser-measurement-summary-ad0ec9d41be4
2026-10-08T21:56:13.3210390Z  * [new tag]             recovery/20261006/retired/codex-b-3718-browser-morse-1ed3fecefd65 -> recovery/20261006/retired/codex-b-3718-browser-morse-1ed3fecefd65
2026-10-08T21:56:13.3211684Z  * [new tag]             recovery/20261006/retired/codex-b-3718-browser-offer-migration-1731d45645d0 -> recovery/20261006/retired/codex-b-3718-browser-offer-migration-1731d45645d0
2026-10-08T21:56:13.3213048Z  * [new tag]             recovery/20261006/retired/codex-b-3718-browser-pointer-offer-02bd350c4328 -> recovery/20261006/retired/codex-b-3718-browser-pointer-offer-02bd350c4328
2026-10-08T21:56:13.3214425Z  * [new tag]             recovery/20261006/retired/codex-b-3718-browser-pointer-selectors-77f9933b718d -> recovery/20261006/retired/codex-b-3718-browser-pointer-selectors-77f9933b718d
2026-10-08T21:56:13.3215910Z  * [new tag]             recovery/20261006/retired/codex-b-3718-browser-presenters-00d2600da051 -> recovery/20261006/retired/codex-b-3718-browser-presenters-00d2600da051
2026-10-08T21:56:13.3217251Z  * [new tag]             recovery/20261006/retired/codex-b-3718-browser-quantity-offer-0dcc90a11990 -> recovery/20261006/retired/codex-b-3718-browser-quantity-offer-0dcc90a11990
2026-10-08T21:56:13.3218523Z  * [new tag]             recovery/20261006/retired/codex-b-3718-browser-replay-594bb2a19a48 -> recovery/20261006/retired/codex-b-3718-browser-replay-594bb2a19a48
2026-10-08T21:56:13.3219733Z  * [new tag]             recovery/20261006/retired/codex-b-3718-browser-rhythm-5e94fe2085b2 -> recovery/20261006/retired/codex-b-3718-browser-rhythm-5e94fe2085b2
2026-10-08T21:56:13.3221042Z  * [new tag]             recovery/20261006/retired/codex-b-3718-browser-specimen-capture-c07b43d42a30 -> recovery/20261006/retired/codex-b-3718-browser-specimen-capture-c07b43d42a30
2026-10-08T21:56:13.3222559Z  * [new tag]             recovery/20261006/retired/codex-b-3718-browser-structured-text-fe99bbdce03d -> recovery/20261006/retired/codex-b-3718-browser-structured-text-fe99bbdce03d
2026-10-08T21:56:13.3223962Z  * [new tag]             recovery/20261006/retired/codex-b-3718-browser-time-every-offer-186dda1ce23f -> recovery/20261006/retired/codex-b-3718-browser-time-every-offer-186dda1ce23f
2026-10-08T21:56:13.3225504Z  * [new tag]             recovery/20261006/retired/codex-b-3718-button-indicator-contracts-59bdd2be9d1f -> recovery/20261006/retired/codex-b-3718-button-indicator-contracts-59bdd2be9d1f
2026-10-08T21:56:13.3226874Z  * [new tag]             recovery/20261006/retired/codex-b-3718-calendar-contracts-8a450eaa8579 -> recovery/20261006/retired/codex-b-3718-calendar-contracts-8a450eaa8579
2026-10-08T21:56:13.3228127Z  * [new tag]             recovery/20261006/retired/codex-b-3718-calendar-offers-d52ff0d48a75 -> recovery/20261006/retired/codex-b-3718-calendar-offers-d52ff0d48a75
2026-10-08T21:56:13.3229319Z  * [new tag]             recovery/20261006/retired/codex-b-3718-chat-offers-38c50692de57 -> recovery/20261006/retired/codex-b-3718-chat-offers-38c50692de57
2026-10-08T21:56:13.3230695Z  * [new tag]             recovery/20261006/retired/codex-b-3718-conduitos-functional-7c5e1edc19b3 -> recovery/20261006/retired/codex-b-3718-conduitos-functional-7c5e1edc19b3
2026-10-08T21:56:13.3231959Z  * [new tag]             recovery/20261006/retired/codex-b-3718-conduitos-http-257dce4f27be -> recovery/20261006/retired/codex-b-3718-conduitos-http-257dce4f27be
2026-10-08T21:56:13.3233328Z  * [new tag]             recovery/20261006/retired/codex-b-3718-conversation-commit-contracts-74aad34e2d74 -> recovery/20261006/retired/codex-b-3718-conversation-commit-contracts-74aad34e2d74
2026-10-08T21:56:13.3234916Z  * [new tag]             recovery/20261006/retired/codex-b-3718-copy-result-presentation-84861c718fd2 -> recovery/20261006/retired/codex-b-3718-copy-result-presentation-84861c718fd2
2026-10-08T21:56:13.3236198Z  * [new tag]             recovery/20261006/retired/codex-b-3718-data-offers-989a5b17c447 -> recovery/20261006/retired/codex-b-3718-data-offers-989a5b17c447
2026-10-08T21:56:13.3237498Z  * [new tag]             recovery/20261006/retired/codex-b-3718-domain-specimen-contracts-89d1396451bd -> recovery/20261006/retired/codex-b-3718-domain-specimen-contracts-89d1396451bd
2026-10-08T21:56:13.3238864Z  * [new tag]             recovery/20261006/retired/codex-b-3718-flow-state-contracts-70d410c87b28 -> recovery/20261006/retired/codex-b-3718-flow-state-contracts-70d410c87b28
2026-10-08T21:56:13.3240268Z  * [new tag]             recovery/20261006/retired/codex-b-3718-generalized-input-contracts-8ace73def64f -> recovery/20261006/retired/codex-b-3718-generalized-input-contracts-8ace73def64f
2026-10-08T21:56:13.3241604Z  * [new tag]             recovery/20261006/retired/codex-b-3718-geometry-offers-d7154dbea0e3 -> recovery/20261006/retired/codex-b-3718-geometry-offers-d7154dbea0e3
2026-10-08T21:56:13.3242903Z  * [new tag]             recovery/20261006/retired/codex-b-3718-house-prompt-contract-1a8a6f8d479e -> recovery/20261006/retired/codex-b-3718-house-prompt-contract-1a8a6f8d479e
2026-10-08T21:56:13.3244146Z  * [new tag]             recovery/20261006/retired/codex-b-3718-http-offers-3b353552d933 -> recovery/20261006/retired/codex-b-3718-http-offers-3b353552d933
2026-10-08T21:56:13.3245502Z  * [new tag]             recovery/20261006/retired/codex-b-3718-image-text-contracts-1e40a22c3cb9 -> recovery/20261006/retired/codex-b-3718-image-text-contracts-1e40a22c3cb9
2026-10-08T21:56:13.3246830Z  * [new tag]             recovery/20261006/retired/codex-b-3718-isolated-http-offer-5f9f62b561c5 -> recovery/20261006/retired/codex-b-3718-isolated-http-offer-5f9f62b561c5
2026-10-08T21:56:13.3248081Z  * [new tag]             recovery/20261006/retired/codex-b-3718-json-contracts-6b3a50fd444a -> recovery/20261006/retired/codex-b-3718-json-contracts-6b3a50fd444a
2026-10-08T21:56:13.3249447Z  * [new tag]             recovery/20261006/retired/codex-b-3718-keyboard-contract-cff651cedc0a -> recovery/20261006/retired/codex-b-3718-keyboard-contract-cff651cedc0a
2026-10-08T21:56:13.3250730Z  * [new tag]             recovery/20261006/retired/codex-b-3718-linguistics-offers-1638b112cb5d -> recovery/20261006/retired/codex-b-3718-linguistics-offers-1638b112cb5d
2026-10-08T21:56:13.3252061Z  * [new tag]             recovery/20261006/retired/codex-b-3718-local-vision-contracts-349c04200fe7 -> recovery/20261006/retired/codex-b-3718-local-vision-contracts-349c04200fe7
2026-10-08T21:56:13.3253367Z  * [new tag]             recovery/20261006/retired/codex-b-3718-messaging-offers-8d9332856bc5 -> recovery/20261006/retired/codex-b-3718-messaging-offers-8d9332856bc5
2026-10-08T21:56:13.3254831Z  * [new tag]             recovery/20261006/retired/codex-b-3718-microphone-contract-a0b6d075a163 -> recovery/20261006/retired/codex-b-3718-microphone-contract-a0b6d075a163
2026-10-08T21:56:13.3256195Z  * [new tag]             recovery/20261006/retired/codex-b-3718-model-text-contracts-e9ec0761b2f4 -> recovery/20261006/retired/codex-b-3718-model-text-contracts-e9ec0761b2f4
2026-10-08T21:56:13.3257585Z  * [new tag]             recovery/20261006/retired/codex-b-3718-morse-composition-contract-3d767dd1a58c -> recovery/20261006/retired/codex-b-3718-morse-composition-contract-3d767dd1a58c
2026-10-08T21:56:13.3259095Z  * [new tag]             recovery/20261006/retired/codex-b-3718-navigation-contracts-a0ed3856d15d -> recovery/20261006/retired/codex-b-3718-navigation-contracts-a0ed3856d15d
2026-10-08T21:56:13.3260371Z  * [new tag]             recovery/20261006/retired/codex-b-3718-network-offers-f1bf1bb629fa -> recovery/20261006/retired/codex-b-3718-network-offers-f1bf1bb629fa
2026-10-08T21:56:13.3261720Z  * [new tag]             recovery/20261006/retired/codex-b-3718-normalized-pattern-contract-fc9720f7fb41 -> recovery/20261006/retired/codex-b-3718-normalized-pattern-contract-fc9720f7fb41
2026-10-08T21:56:13.3263097Z  * [new tag]             recovery/20261006/retired/codex-b-3718-offer-construction-be68c441b713 -> recovery/20261006/retired/codex-b-3718-offer-construction-be68c441b713
2026-10-08T21:56:13.3264369Z  * [new tag]             recovery/20261006/retired/codex-b-3718-offer-drift-guard-b4594e1ec129 -> recovery/20261006/retired/codex-b-3718-offer-drift-guard-b4594e1ec129
2026-10-08T21:56:13.3265876Z  * [new tag]             recovery/20261006/retired/codex-b-3718-pattern-comparison-contract-6b29a669e02c -> recovery/20261006/retired/codex-b-3718-pattern-comparison-contract-6b29a669e02c
2026-10-08T21:56:13.3267200Z  * [new tag]             recovery/20261006/retired/codex-b-3718-pete-robotics-59e8d3cf5f9b -> recovery/20261006/retired/codex-b-3718-pete-robotics-59e8d3cf5f9b
2026-10-08T21:56:13.3268491Z  * [new tag]             recovery/20261006/retired/codex-b-3718-presentation-identities-8764d94766e6 -> recovery/20261006/retired/codex-b-3718-presentation-identities-8764d94766e6
2026-10-08T21:56:13.3269841Z  * [new tag]             recovery/20261006/retired/codex-b-3718-presentation-offers-6acbc51d2e36 -> recovery/20261006/retired/codex-b-3718-presentation-offers-6acbc51d2e36
2026-10-08T21:56:13.3271219Z  * [new tag]             recovery/20261006/retired/codex-b-3718-pulse-observation-contract-4052550ceb4b -> recovery/20261006/retired/codex-b-3718-pulse-observation-contract-4052550ceb4b
2026-10-08T21:56:13.3272578Z  * [new tag]             recovery/20261006/retired/codex-b-3718-quantity-contracts-d5e178c96d04 -> recovery/20261006/retired/codex-b-3718-quantity-contracts-d5e178c96d04
2026-10-08T21:56:13.3273930Z  * [new tag]             recovery/20261006/retired/codex-b-3718-reaction-diffusion-offer-f0585bd1a5e5 -> recovery/20261006/retired/codex-b-3718-reaction-diffusion-offer-f0585bd1a5e5
2026-10-08T21:56:13.3275340Z  * [new tag]             recovery/20261006/retired/codex-b-3718-reboot-offer-b85cabe24098 -> recovery/20261006/retired/codex-b-3718-reboot-offer-b85cabe24098
2026-10-08T21:56:13.3276725Z  * [new tag]             recovery/20261006/retired/codex-b-3718-record-contracts-5aed63561292 -> recovery/20261006/retired/codex-b-3718-record-contracts-5aed63561292
2026-10-08T21:56:13.3278083Z  * [new tag]             recovery/20261006/retired/codex-b-3718-record-transcript-contract-69e3e2407597 -> recovery/20261006/retired/codex-b-3718-record-transcript-contract-69e3e2407597
2026-10-08T21:56:13.3279474Z  * [new tag]             recovery/20261006/retired/codex-b-3718-recorded-speech-offer-135951421f1e -> recovery/20261006/retired/codex-b-3718-recorded-speech-offer-135951421f1e
2026-10-08T21:56:13.3280796Z  * [new tag]             recovery/20261006/retired/codex-b-3718-robotics-contracts-cbeeccfea9d8 -> recovery/20261006/retired/codex-b-3718-robotics-contracts-cbeeccfea9d8
2026-10-08T21:56:13.3282057Z  * [new tag]             recovery/20261006/retired/codex-b-3718-signal-contracts-d2888b56f8c4 -> recovery/20261006/retired/codex-b-3718-signal-contracts-d2888b56f8c4
2026-10-08T21:56:13.3283389Z  * [new tag]             recovery/20261006/retired/codex-b-3718-speech-adapter-contracts-038cf6d12512 -> recovery/20261006/retired/codex-b-3718-speech-adapter-contracts-038cf6d12512
2026-10-08T21:56:13.3284797Z  * [new tag]             recovery/20261006/retired/codex-b-3718-speech-commit-e6fb26ab4438 -> recovery/20261006/retired/codex-b-3718-speech-commit-e6fb26ab4438
2026-10-08T21:56:13.3286289Z  * [new tag]             recovery/20261006/retired/codex-b-3718-speech-recognition-contracts-484a15e3dfef -> recovery/20261006/retired/codex-b-3718-speech-recognition-contracts-484a15e3dfef
2026-10-08T21:56:13.3287716Z  * [new tag]             recovery/20261006/retired/codex-b-3718-state-input-contracts-53b46daf1ab7 -> recovery/20261006/retired/codex-b-3718-state-input-contracts-53b46daf1ab7
2026-10-08T21:56:13.3289092Z  * [new tag]             recovery/20261006/retired/codex-b-3718-std-contract-migration-2-e35afad9a726 -> recovery/20261006/retired/codex-b-3718-std-contract-migration-2-e35afad9a726
2026-10-08T21:56:13.3290454Z  * [new tag]             recovery/20261006/retired/codex-b-3718-std-offer-migration-5cadbd9ed289 -> recovery/20261006/retired/codex-b-3718-std-offer-migration-5cadbd9ed289
2026-10-08T21:56:13.3291835Z  * [new tag]             recovery/20261006/retired/codex-b-3718-structured-music-contracts-1386ec11615d -> recovery/20261006/retired/codex-b-3718-structured-music-contracts-1386ec11615d
2026-10-08T21:56:13.3293302Z  * [new tag]             recovery/20261006/retired/codex-b-3718-structured-selector-contract-a87f9e647461 -> recovery/20261006/retired/codex-b-3718-structured-selector-contract-a87f9e647461
2026-10-08T21:56:13.3294812Z  * [new tag]             recovery/20261006/retired/codex-b-3718-structured-values-aa73ef9fa4ab -> recovery/20261006/retired/codex-b-3718-structured-values-aa73ef9fa4ab
2026-10-08T21:56:13.3296169Z  * [new tag]             recovery/20261006/retired/codex-b-3718-template-storage-contract-d97724a4daa2 -> recovery/20261006/retired/codex-b-3718-template-storage-contract-d97724a4daa2
2026-10-08T21:56:13.3297485Z  * [new tag]             recovery/20261006/retired/codex-b-3718-text-contracts-830b5f2c4ebd -> recovery/20261006/retired/codex-b-3718-text-contracts-830b5f2c4ebd
2026-10-08T21:56:13.3298694Z  * [new tag]             recovery/20261006/retired/codex-b-3718-text-lab-offer-0e5608d4c0dc -> recovery/20261006/retired/codex-b-3718-text-lab-offer-0e5608d4c0dc
2026-10-08T21:56:13.3299964Z  * [new tag]             recovery/20261006/retired/codex-b-3718-text-state-contract-fb55b2a2ee96 -> recovery/20261006/retired/codex-b-3718-text-state-contract-fb55b2a2ee96
2026-10-08T21:56:13.3301294Z  * [new tag]             recovery/20261006/retired/codex-b-3718-timed-button-contract-37f31c3313df -> recovery/20261006/retired/codex-b-3718-timed-button-contract-37f31c3313df
2026-10-08T21:56:13.3302609Z  * [new tag]             recovery/20261006/retired/codex-b-3718-timing-contracts-49814708f16b -> recovery/20261006/retired/codex-b-3718-timing-contracts-49814708f16b
2026-10-08T21:56:13.3303827Z  * [new tag]             recovery/20261006/retired/codex-b-3718-tongues-offers-3b7724119679 -> recovery/20261006/retired/codex-b-3718-tongues-offers-3b7724119679
2026-10-08T21:56:13.3305352Z  * [new tag]             recovery/20261006/retired/codex-b-3718-typed-record-contracts-ceba1efe5aa8 -> recovery/20261006/retired/codex-b-3718-typed-record-contracts-ceba1efe5aa8
2026-10-08T21:56:13.3306705Z  * [new tag]             recovery/20261006/retired/codex-b-3718-workflow-contracts-3a20d1f5ab9e -> recovery/20261006/retired/codex-b-3718-workflow-contracts-3a20d1f5ab9e
2026-10-08T21:56:13.3308083Z  * [new tag]             recovery/20261006/retired/codex-b-3724-canonical-startup-contract-84ab9ec2fc5e -> recovery/20261006/retired/codex-b-3724-canonical-startup-contract-84ab9ec2fc5e
2026-10-08T21:56:13.3309410Z  * [new tag]             recovery/20261006/retired/codex-b-3725-domain-ownership-e297581cb795 -> recovery/20261006/retired/codex-b-3725-domain-ownership-e297581cb795
2026-10-08T21:56:13.3310663Z  * [new tag]             recovery/20261006/retired/codex-b-3746-creche-retirement-55a09b86ddd2 -> recovery/20261006/retired/codex-b-3746-creche-retirement-55a09b86ddd2
2026-10-08T21:56:13.3311975Z  * [new tag]             recovery/20261006/retired/codex-b-conduitos-protected-relay-e7ae99d19d67 -> recovery/20261006/retired/codex-b-conduitos-protected-relay-e7ae99d19d67
2026-10-08T21:56:13.3313428Z  * [new tag]             recovery/20261006/retired/codex-backlog-aspiration-refresh-4013b6e540ca -> recovery/20261006/retired/codex-backlog-aspiration-refresh-4013b6e540ca
2026-10-08T21:56:13.3314909Z  * [new tag]             recovery/20261006/retired/codex-backlog-inflection-refresh-6af3dd05246b -> recovery/20261006/retired/codex-backlog-inflection-refresh-6af3dd05246b
2026-10-08T21:56:13.3316232Z  * [new tag]             recovery/20261006/retired/codex-backlog-native-ud-refresh-a6191f27a788 -> recovery/20261006/retired/codex-backlog-native-ud-refresh-a6191f27a788
2026-10-08T21:56:13.3317436Z  * [new tag]             recovery/20261006/retired/codex-backlog-omnibus-2956ba470f6a -> recovery/20261006/retired/codex-backlog-omnibus-2956ba470f6a
2026-10-08T21:56:13.3318704Z  * [new tag]             recovery/20261006/retired/codex-backlog-owner-wardrobe-repair-da3fb59f012d -> recovery/20261006/retired/codex-backlog-owner-wardrobe-repair-da3fb59f012d
2026-10-08T21:56:13.3320033Z  * [new tag]             recovery/20261006/retired/codex-backlog-protocol-refresh-22b7e019e851 -> recovery/20261006/retired/codex-backlog-protocol-refresh-22b7e019e851
2026-10-08T21:56:13.3321352Z  * [new tag]             recovery/20261006/retired/codex-board-integrated-after-3651-6af3772dd93d -> recovery/20261006/retired/codex-board-integrated-after-3651-6af3772dd93d
2026-10-08T21:56:13.3322625Z  * [new tag]             recovery/20261006/retired/codex-global-default-choice-28c22cbd7395 -> recovery/20261006/retired/codex-global-default-choice-28c22cbd7395
2026-10-08T21:56:13.3323849Z  * [new tag]             recovery/20261006/retired/codex-global-default-intent-6f53c0588567 -> recovery/20261006/retired/codex-global-default-intent-6f53c0588567
2026-10-08T21:56:13.3325194Z  * [new tag]             recovery/20261006/retired/codex-global-default-voice-b4b367c00382 -> recovery/20261006/retired/codex-global-default-voice-b4b367c00382
2026-10-08T21:56:13.3326508Z  * [new tag]             recovery/20261006/retired/codex-global-intent-realization-956d095b81f4 -> recovery/20261006/retired/codex-global-intent-realization-956d095b81f4
2026-10-08T21:56:13.3327823Z  * [new tag]             recovery/20261006/retired/codex-global-phoneme-admission-389d8678b728 -> recovery/20261006/retired/codex-global-phoneme-admission-389d8678b728
2026-10-08T21:56:13.3329162Z  * [new tag]             recovery/20261006/retired/codex-global-rule-voice-realization-94eebd3065ca -> recovery/20261006/retired/codex-global-rule-voice-realization-94eebd3065ca
2026-10-08T21:56:13.3330509Z  * [new tag]             recovery/20261006/retired/codex-native-feature-aspiration-9e8d952e16d9 -> recovery/20261006/retired/codex-native-feature-aspiration-9e8d952e16d9
2026-10-08T21:56:13.3331958Z  * [new tag]             recovery/20261006/retired/codex-native-language-lock-repair-f6ece6772f7f -> recovery/20261006/retired/codex-native-language-lock-repair-f6ece6772f7f
2026-10-08T21:56:13.3333416Z  * [new tag]             recovery/20261006/retired/codex-native-regular-inflection-current-dev-10891c979b31 -> recovery/20261006/retired/codex-native-regular-inflection-current-dev-10891c979b31
2026-10-08T21:56:13.3334904Z  * [new tag]             recovery/20261006/retired/codex-native-rule-output-d9c8ca477bc0 -> recovery/20261006/retired/codex-native-rule-output-d9c8ca477bc0
2026-10-08T21:56:13.3336225Z  * [new tag]             recovery/20261006/retired/codex-native-speech-explicit-duration-5d45fd4ded3f -> recovery/20261006/retired/codex-native-speech-explicit-duration-5d45fd4ded3f
2026-10-08T21:56:13.3337609Z  * [new tag]             recovery/20261006/retired/codex-native-speech-rich-profile-c3d738cce79a -> recovery/20261006/retired/codex-native-speech-rich-profile-c3d738cce79a
2026-10-08T21:56:13.3338910Z  * [new tag]             recovery/20261006/retired/codex-native-ud-arc-admission-a9b11f0a79ec -> recovery/20261006/retired/codex-native-ud-arc-admission-a9b11f0a79ec
2026-10-08T21:56:13.3340135Z  * [new tag]             recovery/20261006/retired/codex-native-ud-relations-adf4d25ba103 -> recovery/20261006/retired/codex-native-ud-relations-adf4d25ba103
2026-10-08T21:56:13.3341530Z  * [new tag]             recovery/20261006/retired/codex-release-3920-browser-relay-036c7de07765 -> recovery/20261006/retired/codex-release-3920-browser-relay-036c7de07765
2026-10-08T21:56:13.3342807Z  * [new tag]             recovery/20261006/retired/codex-repair-3730-linguistics-7a0570f67031 -> recovery/20261006/retired/codex-repair-3730-linguistics-7a0570f67031
2026-10-08T21:56:13.3344113Z  * [new tag]             recovery/20261006/retired/codex-repair-3731-domain-ownership-cb9789dea2e9 -> recovery/20261006/retired/codex-repair-3731-domain-ownership-cb9789dea2e9
2026-10-08T21:56:13.3345531Z  * [new tag]             recovery/20261006/retired/codex-service-browser-window-a443ec7f7d18 -> recovery/20261006/retired/codex-service-browser-window-a443ec7f7d18
2026-10-08T21:56:13.3346703Z  * [new tag]             recovery/20261006/retired/codex-slash-justfile-c349287d05cd -> recovery/20261006/retired/codex-slash-justfile-c349287d05cd
2026-10-08T21:56:13.3347876Z  * [new tag]             recovery/20261006/retired/codex-source-terminal-state-793481612322 -> recovery/20261006/retired/codex-source-terminal-state-793481612322
2026-10-08T21:56:13.3349088Z  * [new tag]             recovery/20261006/retired/codex-sourced-global-intent-90dc21fb6628 -> recovery/20261006/retired/codex-sourced-global-intent-90dc21fb6628
2026-10-08T21:56:13.3350427Z  * [new tag]             recovery/20261006/retired/codex-speech-intent-foundation-repair-fb9ba023a195 -> recovery/20261006/retired/codex-speech-intent-foundation-repair-fb9ba023a195
2026-10-08T21:56:13.3351787Z  * [new tag]             recovery/20261006/retired/codex-three-bodies-mask-journey-5169b46a604c -> recovery/20261006/retired/codex-three-bodies-mask-journey-5169b46a604c
2026-10-08T21:56:13.3353052Z  * [new tag]             recovery/20261006/retired/codex-total-omnibus-current-c208ae9fd71b -> recovery/20261006/retired/codex-total-omnibus-current-c208ae9fd71b
2026-10-08T21:56:13.3354253Z  * [new tag]             recovery/20261006/retired/codex-xtask-check-scopes-54d7d057ed28 -> recovery/20261006/retired/codex-xtask-check-scopes-54d7d057ed28
2026-10-08T21:56:13.3355616Z  * [new tag]             recovery/20261006/retired/codex-xtask-intent-audio-midi-d57bf240860d -> recovery/20261006/retired/codex-xtask-intent-audio-midi-d57bf240860d
2026-10-08T21:56:13.3356818Z  * [new tag]             recovery/20261006/retired/codex-xtask-intent-pete-596357b7ab3f -> recovery/20261006/retired/codex-xtask-intent-pete-596357b7ab3f
2026-10-08T21:56:13.3358043Z  * [new tag]             recovery/20261006/retired/codex-xtask-prove-coordination-db485cb05371 -> recovery/20261006/retired/codex-xtask-prove-coordination-db485cb05371
2026-10-08T21:56:13.3359389Z  * [new tag]             recovery/20261006/retired/codex-xtask-retire-demo-c22eaed9ea28 -> recovery/20261006/retired/codex-xtask-retire-demo-c22eaed9ea28
2026-10-08T21:56:13.3360444Z  * [new tag]             release-001845eba63d4fb6f3472de9fc33089d2a1f7d6e -> release-001845eba63d4fb6f3472de9fc33089d2a1f7d6e
2026-10-08T21:56:13.3361403Z  * [new tag]             release-01b016fc7c5c0b3acb5f81078edcf2d9a75c158c -> release-01b016fc7c5c0b3acb5f81078edcf2d9a75c158c
2026-10-08T21:56:13.3362345Z  * [new tag]             release-027c4f423223e98ca051693221165d998cebde8f -> release-027c4f423223e98ca051693221165d998cebde8f
2026-10-08T21:56:13.3363269Z  * [new tag]             release-02ecbc0a99672819bbf5810fca973b76bb361068 -> release-02ecbc0a99672819bbf5810fca973b76bb361068
2026-10-08T21:56:13.3364203Z  * [new tag]             release-0eebcc254044a05e6c3427a4844e627dd6c63b07 -> release-0eebcc254044a05e6c3427a4844e627dd6c63b07
2026-10-08T21:56:13.3365262Z  * [new tag]             release-0fea630c0327fe5b14f3d06c83b45c380836a73e -> release-0fea630c0327fe5b14f3d06c83b45c380836a73e
2026-10-08T21:56:13.3366195Z  * [new tag]             release-11cc70175696782b1c22bc0174fc304c6d0d00a8 -> release-11cc70175696782b1c22bc0174fc304c6d0d00a8
2026-10-08T21:56:13.3367278Z  * [new tag]             release-16eb6053e2888ad28015b437e9a37b8cb6be349d -> release-16eb6053e2888ad28015b437e9a37b8cb6be349d
2026-10-08T21:56:13.3368223Z  * [new tag]             release-1876ecccacef607dec6b529a1d0d7bc89bd25a4f -> release-1876ecccacef607dec6b529a1d0d7bc89bd25a4f
2026-10-08T21:56:13.3369167Z  * [new tag]             release-18bd07bb6c1bf460082fffa408d731b4ea57d73f -> release-18bd07bb6c1bf460082fffa408d731b4ea57d73f
2026-10-08T21:56:13.3370101Z  * [new tag]             release-1afb89711f6c618ab50cb1092dc825fa0f2d8c58 -> release-1afb89711f6c618ab50cb1092dc825fa0f2d8c58
2026-10-08T21:56:13.3371033Z  * [new tag]             release-1b4d7bb3b8ff6b972f7477632c8649b4c160a294 -> release-1b4d7bb3b8ff6b972f7477632c8649b4c160a294
2026-10-08T21:56:13.3371972Z  * [new tag]             release-1ec25b49a70a46125c2e7d79f941cbade5ca7b66 -> release-1ec25b49a70a46125c2e7d79f941cbade5ca7b66
2026-10-08T21:56:13.3372909Z  * [new tag]             release-21f21bab09157ce98dde41888d6584032487adda -> release-21f21bab09157ce98dde41888d6584032487adda
2026-10-08T21:56:13.3373849Z  * [new tag]             release-2685a777ecfa52f6607eab35cc7ca6add9df2229 -> release-2685a777ecfa52f6607eab35cc7ca6add9df2229
2026-10-08T21:56:13.3374960Z  * [new tag]             release-2aacaa6bde9ec1aa3e56abb49999df6dec8a78db -> release-2aacaa6bde9ec1aa3e56abb49999df6dec8a78db
2026-10-08T21:56:13.3375907Z  * [new tag]             release-2e39f2eed5131a6b306f84862d371f70225cb3d4 -> release-2e39f2eed5131a6b306f84862d371f70225cb3d4
2026-10-08T21:56:13.3376841Z  * [new tag]             release-2e7d1b4cd1767dab1b5dd78aa2c101c6aa35924d -> release-2e7d1b4cd1767dab1b5dd78aa2c101c6aa35924d
2026-10-08T21:56:13.3377780Z  * [new tag]             release-31000d584550860f7324826ca5a7ebed0719bdfc -> release-31000d584550860f7324826ca5a7ebed0719bdfc
2026-10-08T21:56:13.3378709Z  * [new tag]             release-332b37e2af034f891153a05b577852c8fd5e7882 -> release-332b37e2af034f891153a05b577852c8fd5e7882
2026-10-08T21:56:13.3379637Z  * [new tag]             release-35a6603a39a6e8b812f5ad49166cf8925f97564f -> release-35a6603a39a6e8b812f5ad49166cf8925f97564f
2026-10-08T21:56:13.3380562Z  * [new tag]             release-36d330035fbc01e05225e9559424f5f14fd0c83a -> release-36d330035fbc01e05225e9559424f5f14fd0c83a
2026-10-08T21:56:13.3381491Z  * [new tag]             release-3907fec0c6256eb1dfb1fee045056c044b33decf -> release-3907fec0c6256eb1dfb1fee045056c044b33decf
2026-10-08T21:56:13.3382420Z  * [new tag]             release-391774a5d5bd753c3bb06c575e3a820ec388bf68 -> release-391774a5d5bd753c3bb06c575e3a820ec388bf68
2026-10-08T21:56:13.3383363Z  * [new tag]             release-3be4914d5fca80e81a4ddddccdd0877db87d4931 -> release-3be4914d5fca80e81a4ddddccdd0877db87d4931
2026-10-08T21:56:13.3384312Z  * [new tag]             release-3d780e728d1cd5fe57c2dc71569dd8e77fefb57e -> release-3d780e728d1cd5fe57c2dc71569dd8e77fefb57e
2026-10-08T21:56:13.3385491Z  * [new tag]             release-3e0c4967bc8e1c5f1d5eee77e68ec0d1f448595f -> release-3e0c4967bc8e1c5f1d5eee77e68ec0d1f448595f
2026-10-08T21:56:13.3386509Z  * [new tag]             release-408410e23ee2225595f1b6ef3b017868a0fffd6f -> release-408410e23ee2225595f1b6ef3b017868a0fffd6f
2026-10-08T21:56:13.3387539Z  * [new tag]             release-40b553c2f12ab0cfa205b3774509ee9ce639db6d -> release-40b553c2f12ab0cfa205b3774509ee9ce639db6d
2026-10-08T21:56:13.3388602Z  * [new tag]             release-42d6c212f9dac742c92025c5fde8c74dfbde4e47 -> release-42d6c212f9dac742c92025c5fde8c74dfbde4e47
2026-10-08T21:56:13.3389781Z  * [new tag]             release-433bcf390e00ee3f4be396106d8d290d0207699f -> release-433bcf390e00ee3f4be396106d8d290d0207699f
2026-10-08T21:56:13.3390819Z  * [new tag]             release-46ab9c2f68bb17c7194ff78b24ee65ba94917d75 -> release-46ab9c2f68bb17c7194ff78b24ee65ba94917d75
2026-10-08T21:56:13.3391889Z  * [new tag]             release-47cae77611c671d4b44460125f3728f99cf73bb6 -> release-47cae77611c671d4b44460125f3728f99cf73bb6
2026-10-08T21:56:13.3392924Z  * [new tag]             release-4881699e4d922e7106678f2eefbade44ec543a1b -> release-4881699e4d922e7106678f2eefbade44ec543a1b
2026-10-08T21:56:13.3394201Z  * [new tag]             release-49f0eb5c4771b285ce2d17161c7dcd05edfb9a40 -> release-49f0eb5c4771b285ce2d17161c7dcd05edfb9a40
2026-10-08T21:56:13.3395518Z  * [new tag]             release-4a204e1fd258a8e11278ff43edb9665ac85570f0 -> release-4a204e1fd258a8e11278ff43edb9665ac85570f0
2026-10-08T21:56:13.3396551Z  * [new tag]             release-51e9884e3f6738ae8d237987e339f3e198f9d738 -> release-51e9884e3f6738ae8d237987e339f3e198f9d738
2026-10-08T21:56:13.3397603Z  * [new tag]             release-52370b257b6188f2f6aba42cd8065489203ef78f -> release-52370b257b6188f2f6aba42cd8065489203ef78f
2026-10-08T21:56:13.3398636Z  * [new tag]             release-56326c9df80f2b424055b0f2a12323d19248c44f -> release-56326c9df80f2b424055b0f2a12323d19248c44f
2026-10-08T21:56:13.3399696Z  * [new tag]             release-575ebf2b909db91d11451420aa830a4e7235d4ac -> release-575ebf2b909db91d11451420aa830a4e7235d4ac
2026-10-08T21:56:13.3400825Z  * [new tag]             release-5b57fa034dffc60cc5fccc99fb3a0bdd92ca831b -> release-5b57fa034dffc60cc5fccc99fb3a0bdd92ca831b
2026-10-08T21:56:13.3401864Z  * [new tag]             release-5be5340248af5e82a4b5d54410f4ef745afdfa7c -> release-5be5340248af5e82a4b5d54410f4ef745afdfa7c
2026-10-08T21:56:13.3402965Z  * [new tag]             release-5ce79086e3ee0ced0fc4b99df150e64890104971 -> release-5ce79086e3ee0ced0fc4b99df150e64890104971
2026-10-08T21:56:13.3404004Z  * [new tag]             release-6183b3c233a80594a50735725cf78d7df650c40c -> release-6183b3c233a80594a50735725cf78d7df650c40c
2026-10-08T21:56:13.3405198Z  * [new tag]             release-61f8a40a173eb785d0bace51b2c90bcf5c1074a1 -> release-61f8a40a173eb785d0bace51b2c90bcf5c1074a1
2026-10-08T21:56:13.3406335Z  * [new tag]             release-6289b3df16bb9b6d42fb83b2e4c5a72ee03d3ee5 -> release-6289b3df16bb9b6d42fb83b2e4c5a72ee03d3ee5
2026-10-08T21:56:13.3407392Z  * [new tag]             release-62fbfacbbf35fd4aca39c2100c889246352ba819 -> release-62fbfacbbf35fd4aca39c2100c889246352ba819
2026-10-08T21:56:13.3408454Z  * [new tag]             release-63e90c0390d7cda3e34176944811e797e4c9c613 -> release-63e90c0390d7cda3e34176944811e797e4c9c613
2026-10-08T21:56:13.3409496Z  * [new tag]             release-6a301334e5ac81c6d40ecc17beedbc1081bf0a84 -> release-6a301334e5ac81c6d40ecc17beedbc1081bf0a84
2026-10-08T21:56:13.3410557Z  * [new tag]             release-6b678a36c965250a1db13d45b293a547d0a78b00 -> release-6b678a36c965250a1db13d45b293a547d0a78b00
2026-10-08T21:56:13.3411640Z  * [new tag]             release-6cc4ba02f2139716e454da8463ff28f0b3502814 -> release-6cc4ba02f2139716e454da8463ff28f0b3502814
2026-10-08T21:56:13.3412710Z  * [new tag]             release-6cc58a14764208543fad460bce5f6bf2a207d82d -> release-6cc58a14764208543fad460bce5f6bf2a207d82d
2026-10-08T21:56:13.3413910Z  * [new tag]             release-6efc44762c0c8c9779b51bbe86dc382dd1aeced7 -> release-6efc44762c0c8c9779b51bbe86dc382dd1aeced7
2026-10-08T21:56:13.3415174Z  * [new tag]             release-7014e10ccb2c6fe3559b8ffe533a5917b76bc862 -> release-7014e10ccb2c6fe3559b8ffe533a5917b76bc862
2026-10-08T21:56:13.3416198Z  * [new tag]             release-7283954d16316a912e6af790e871b61008ff4a29 -> release-7283954d16316a912e6af790e871b61008ff4a29
2026-10-08T21:56:13.3417275Z  * [new tag]             release-739718c80a7ca8894ab9e36d4c82fcd4c19e583c -> release-739718c80a7ca8894ab9e36d4c82fcd4c19e583c
2026-10-08T21:56:13.3418331Z  * [new tag]             release-7529270b3e51606f3485840b4a74053c5bea07b8 -> release-7529270b3e51606f3485840b4a74053c5bea07b8
2026-10-08T21:56:13.3419373Z  * [new tag]             release-770a4a62474e78da3c2a0ccddd3b2fa3591f8197 -> release-770a4a62474e78da3c2a0ccddd3b2fa3591f8197
2026-10-08T21:56:13.3420438Z  * [new tag]             release-78d8e98b5d8b38562a0c2f6ec055b0cc84d8d90d -> release-78d8e98b5d8b38562a0c2f6ec055b0cc84d8d90d
2026-10-08T21:56:13.3437955Z  * [new tag]             release-7991e50b4c8756ad2be2c0f238c6b220e325c6ee -> release-7991e50b4c8756ad2be2c0f238c6b220e325c6ee
2026-10-08T21:56:13.3439310Z  * [new tag]             release-7acbc416d21386ea60c6618978994ba83dac8136 -> release-7acbc416d21386ea60c6618978994ba83dac8136
2026-10-08T21:56:13.3440301Z  * [new tag]             release-7b03d378423fbdcc493fa901b1a72130379acc4d -> release-7b03d378423fbdcc493fa901b1a72130379acc4d
2026-10-08T21:56:13.3441261Z  * [new tag]             release-81a135cba4490794085bbcfd0b09b51db1db2134 -> release-81a135cba4490794085bbcfd0b09b51db1db2134
2026-10-08T21:56:13.3442202Z  * [new tag]             release-84411a1e1369c226bc849e93c3ab63d9cb0605fa -> release-84411a1e1369c226bc849e93c3ab63d9cb0605fa
2026-10-08T21:56:13.3443153Z  * [new tag]             release-84904771e67ccbd6bf87b80ccdf31a4eacf0fb0e -> release-84904771e67ccbd6bf87b80ccdf31a4eacf0fb0e
2026-10-08T21:56:13.3444137Z  * [new tag]             release-864964ce59531d3fda3b9ae676dad14d25dcca0a -> release-864964ce59531d3fda3b9ae676dad14d25dcca0a
2026-10-08T21:56:13.3445399Z  * [new tag]             release-87e368092bd4cc72240cb1229a84d30a360a7f90 -> release-87e368092bd4cc72240cb1229a84d30a360a7f90
2026-10-08T21:56:13.3446437Z  * [new tag]             release-8818b446aa6faf01dfe901cb20126ee4256edc97 -> release-8818b446aa6faf01dfe901cb20126ee4256edc97
2026-10-08T21:56:13.3447383Z  * [new tag]             release-8ac24a8eea83cae06158b85208d90979a89493e8 -> release-8ac24a8eea83cae06158b85208d90979a89493e8
2026-10-08T21:56:13.3448347Z  * [new tag]             release-8b216ee721a3fe492fd0d02fb4a3fa4b606519c1 -> release-8b216ee721a3fe492fd0d02fb4a3fa4b606519c1
2026-10-08T21:56:13.3449289Z  * [new tag]             release-90a17e38b31d09c6ec1e0eb17dd1cb9f62f87ff9 -> release-90a17e38b31d09c6ec1e0eb17dd1cb9f62f87ff9
2026-10-08T21:56:13.3450219Z  * [new tag]             release-976463aa709f43db46d89f7d55898ea2db3e17a4 -> release-976463aa709f43db46d89f7d55898ea2db3e17a4
2026-10-08T21:56:13.3451155Z  * [new tag]             release-99d3dd46a2fe01d7d117184921c9aff7da33f7d7 -> release-99d3dd46a2fe01d7d117184921c9aff7da33f7d7
2026-10-08T21:56:13.3452111Z  * [new tag]             release-9bf8f89bd937e2a3e13c128a10dfa1b63f51d893 -> release-9bf8f89bd937e2a3e13c128a10dfa1b63f51d893
2026-10-08T21:56:13.3453053Z  * [new tag]             release-a06600168677a5d91ab293cc04b0d0ebce382344 -> release-a06600168677a5d91ab293cc04b0d0ebce382344
2026-10-08T21:56:13.3453989Z  * [new tag]             release-a12eb786d4ced5b57dfa550bec0581fec9c5c2d7 -> release-a12eb786d4ced5b57dfa550bec0581fec9c5c2d7
2026-10-08T21:56:13.3455182Z  * [new tag]             release-a3b6edf83b4c5354b7c2091e6109188b2eb872ab -> release-a3b6edf83b4c5354b7c2091e6109188b2eb872ab
2026-10-08T21:56:13.3456138Z  * [new tag]             release-a6cbe9eec12feeeddfc2e88cce7d7a4a592b5fbe -> release-a6cbe9eec12feeeddfc2e88cce7d7a4a592b5fbe
2026-10-08T21:56:13.3457244Z  * [new tag]             release-a95efd41d209df01ada6e1b6eb0ad3a31694d61f -> release-a95efd41d209df01ada6e1b6eb0ad3a31694d61f
2026-10-08T21:56:13.3458208Z  * [new tag]             release-aa0207c094edc5c3d999a84b4bd94ffe84244ea0 -> release-aa0207c094edc5c3d999a84b4bd94ffe84244ea0
2026-10-08T21:56:13.3459165Z  * [new tag]             release-ad9df47da8e98e3d3f206df1a9bdbeae29e7655d -> release-ad9df47da8e98e3d3f206df1a9bdbeae29e7655d
2026-10-08T21:56:13.3460100Z  * [new tag]             release-adc05effe82356458007207c4fdb989243741b18 -> release-adc05effe82356458007207c4fdb989243741b18
2026-10-08T21:56:13.3461034Z  * [new tag]             release-ade28c3ac6f3f694b29513c2abb32f77bdd36575 -> release-ade28c3ac6f3f694b29513c2abb32f77bdd36575
2026-10-08T21:56:13.3461961Z  * [new tag]             release-ae8b29c1cf932618566452ff43d0185af05e3569 -> release-ae8b29c1cf932618566452ff43d0185af05e3569
2026-10-08T21:56:13.3462894Z  * [new tag]             release-afd39cf25c43f2b21be9ec65776b7c5a99d888c7 -> release-afd39cf25c43f2b21be9ec65776b7c5a99d888c7
2026-10-08T21:56:13.3463837Z  * [new tag]             release-b0486c6c03d1dc06a819b0badf83c28249258a81 -> release-b0486c6c03d1dc06a819b0badf83c28249258a81
2026-10-08T21:56:13.3465104Z  * [new tag]             release-b0ffd1310b07601ea4d960fd2a5b7fdbe86d2cd4 -> release-b0ffd1310b07601ea4d960fd2a5b7fdbe86d2cd4
2026-10-08T21:56:13.3466062Z  * [new tag]             release-b8979d81802c06a204dac1cce6d4c3adee14f7a7 -> release-b8979d81802c06a204dac1cce6d4c3adee14f7a7
2026-10-08T21:56:13.3467008Z  * [new tag]             release-b8bbd828afd1456faf7bd7c519e09d50f6406f51 -> release-b8bbd828afd1456faf7bd7c519e09d50f6406f51
2026-10-08T21:56:13.3467954Z  * [new tag]             release-ba5ab1438e6c5f55bee71043e0ae2d5c552bfbe9 -> release-ba5ab1438e6c5f55bee71043e0ae2d5c552bfbe9
2026-10-08T21:56:13.3468904Z  * [new tag]             release-bacb1971de3756ecbe7144639fb5de16b9fd60e5 -> release-bacb1971de3756ecbe7144639fb5de16b9fd60e5
2026-10-08T21:56:13.3469865Z  * [new tag]             release-bbdfe6c4ce74985a875994a69de7c933db561686 -> release-bbdfe6c4ce74985a875994a69de7c933db561686
2026-10-08T21:56:13.3470806Z  * [new tag]             release-bc302dbe73d11032875e6f153776d360e5289303 -> release-bc302dbe73d11032875e6f153776d360e5289303
2026-10-08T21:56:13.3471746Z  * [new tag]             release-bc78963dfba895c2fa36b0b6bc3c13957b280f70 -> release-bc78963dfba895c2fa36b0b6bc3c13957b280f70
2026-10-08T21:56:13.3472693Z  * [new tag]             release-bfbd3f46a3be7aed6c3bbe870ed7af184679b9d8 -> release-bfbd3f46a3be7aed6c3bbe870ed7af184679b9d8
2026-10-08T21:56:13.3473641Z  * [new tag]             release-c256418f3e375a1d261a80fff6cf05cdb2bd7ad1 -> release-c256418f3e375a1d261a80fff6cf05cdb2bd7ad1
2026-10-08T21:56:13.3474820Z  * [new tag]             release-c5af0cc2150500a03535cad6ce69e6b42fa59a81 -> release-c5af0cc2150500a03535cad6ce69e6b42fa59a81
2026-10-08T21:56:13.3475785Z  * [new tag]             release-c618372861a64aaac9c6f1ee31e7a31c77dbc4f3 -> release-c618372861a64aaac9c6f1ee31e7a31c77dbc4f3
2026-10-08T21:56:13.3476748Z  * [new tag]             release-c8e97dd8ba7748bc9848da531aeccfbd7fc234ee -> release-c8e97dd8ba7748bc9848da531aeccfbd7fc234ee
2026-10-08T21:56:13.3477715Z  * [new tag]             release-ca076749aa14b1e3a5d964d9dba32115f018ca2f -> release-ca076749aa14b1e3a5d964d9dba32115f018ca2f
2026-10-08T21:56:13.3478666Z  * [new tag]             release-ca778e0e9d3f0304bb29cfa96b8622fdcb7df823 -> release-ca778e0e9d3f0304bb29cfa96b8622fdcb7df823
2026-10-08T21:56:13.3479625Z  * [new tag]             release-cc2aae47b8e66bc47be5d980569d57a142f3cae5 -> release-cc2aae47b8e66bc47be5d980569d57a142f3cae5
2026-10-08T21:56:13.3480564Z  * [new tag]             release-ce3619665f4cd7683e625c5b63e657ee9101be65 -> release-ce3619665f4cd7683e625c5b63e657ee9101be65
2026-10-08T21:56:13.3481502Z  * [new tag]             release-d083598e5fe74c69ebb7759693d9cb6a359409af -> release-d083598e5fe74c69ebb7759693d9cb6a359409af
2026-10-08T21:56:13.3482469Z  * [new tag]             release-d2dd87601dc2e1dbbc1d8ab5e858fbf8fe9a115f -> release-d2dd87601dc2e1dbbc1d8ab5e858fbf8fe9a115f
2026-10-08T21:56:13.3483557Z  * [new tag]             release-d509ccd9a0b69c11e23329a009200d4130f39434 -> release-d509ccd9a0b69c11e23329a009200d4130f39434
2026-10-08T21:56:13.3484790Z  * [new tag]             release-db6365499ff3424d9502f9380eb09eacf6cc357c -> release-db6365499ff3424d9502f9380eb09eacf6cc357c
2026-10-08T21:56:13.3485772Z  * [new tag]             release-dca5553bca9bf40611ee70f6c495b468234b8f2e -> release-dca5553bca9bf40611ee70f6c495b468234b8f2e
2026-10-08T21:56:13.3486728Z  * [new tag]             release-dce9fe6a1e35bab4fe174cf1a93d0e593824b43e -> release-dce9fe6a1e35bab4fe174cf1a93d0e593824b43e
2026-10-08T21:56:13.3487681Z  * [new tag]             release-de93fa716c88cdb8e181d2b46f9222f5d6112ca3 -> release-de93fa716c88cdb8e181d2b46f9222f5d6112ca3
2026-10-08T21:56:13.3488625Z  * [new tag]             release-df17cde50cf5f8549ea6d0d0d432de75175a93ac -> release-df17cde50cf5f8549ea6d0d0d432de75175a93ac
2026-10-08T21:56:13.3489567Z  * [new tag]             release-e52b3d96c6e04335106ad3e389fcb2504eaca8e1 -> release-e52b3d96c6e04335106ad3e389fcb2504eaca8e1
2026-10-08T21:56:13.3490519Z  * [new tag]             release-e678ab559e9ff0aa8452175d45ac3ac02d1819d4 -> release-e678ab559e9ff0aa8452175d45ac3ac02d1819d4
2026-10-08T21:56:13.3491645Z  * [new tag]             release-eb928febf145ac21562dbc1692abf02af2bc2dc6 -> release-eb928febf145ac21562dbc1692abf02af2bc2dc6
2026-10-08T21:56:13.3492585Z  * [new tag]             release-ed28a4d18e55736a06c44032162e107c0d955bf1 -> release-ed28a4d18e55736a06c44032162e107c0d955bf1
2026-10-08T21:56:13.3493527Z  * [new tag]             release-f06a7fe7ba212f285a2243d9715d5b0732077cb6 -> release-f06a7fe7ba212f285a2243d9715d5b0732077cb6
2026-10-08T21:56:13.3494704Z  * [new tag]             release-f2362d62dcc4e63de0bddac86c3467dc4c78f365 -> release-f2362d62dcc4e63de0bddac86c3467dc4c78f365
2026-10-08T21:56:13.3495688Z  * [new tag]             release-f243cd2601899e3ff76086cccf63ff5aecef6c66 -> release-f243cd2601899e3ff76086cccf63ff5aecef6c66
2026-10-08T21:56:13.3496640Z  * [new tag]             release-f281d74a32aca69863f2fcf70d6c857d105540c7 -> release-f281d74a32aca69863f2fcf70d6c857d105540c7
2026-10-08T21:56:13.3497579Z  * [new tag]             release-f562fa371ff703d3b0e8f325aafb4e4a284794a4 -> release-f562fa371ff703d3b0e8f325aafb4e4a284794a4
2026-10-08T21:56:13.3498520Z  * [new tag]             release-f967dead4f207c8fc856f2c3a9fb2cd4cb2fde73 -> release-f967dead4f207c8fc856f2c3a9fb2cd4cb2fde73
2026-10-08T21:56:13.3499469Z  * [new tag]             release-fadea97b3560d40363148778b21dd15fc1fc19ff -> release-fadea97b3560d40363148778b21dd15fc1fc19ff
2026-10-08T21:56:13.3500403Z  * [new tag]             release-fbb01d9d047ab5a8438d12ea027517ebba2b0145 -> release-fbb01d9d047ab5a8438d12ea027517ebba2b0145
2026-10-08T21:56:13.3501360Z  * [new tag]             release-fdc9be1cd6dc2c2b918ef92bb52b5ee87c80e9cf -> release-fdc9be1cd6dc2c2b918ef92bb52b5ee87c80e9cf
2026-10-08T21:56:13.3502318Z  * [new tag]             release-fdd0852745a0b1d9ac39f5a7766f3378039561e2 -> release-fdd0852745a0b1d9ac39f5a7766f3378039561e2
2026-10-08T21:56:13.3503293Z  * [new tag]             release-ffe6802225f68923f998a32c3b6342f9730cf946 -> release-ffe6802225f68923f998a32c3b6342f9730cf946
2026-10-08T21:56:13.3505329Z [command]/usr/bin/git rev-parse --verify --quiet 7f8069c3aebaa63cb12f9cb112b1dbeaa5fe4d57^{object}
2026-10-08T21:56:13.3505932Z 7f8069c3aebaa63cb12f9cb112b1dbeaa5fe4d57
2026-10-08T21:56:13.3506811Z ##[endgroup]
2026-10-08T21:56:13.3507278Z ##[group]Determining the checkout info
2026-10-08T21:56:13.3507756Z ##[endgroup]
2026-10-08T21:56:13.3508070Z [command]/usr/bin/git sparse-checkout disable
2026-10-08T21:56:13.3508922Z [command]/usr/bin/git config --local --unset-all extensions.worktreeConfig
2026-10-08T21:56:13.3509921Z ##[group]Checking out the ref
2026-10-08T21:56:13.3510459Z [command]/usr/bin/git checkout --progress --force 7f8069c3aebaa63cb12f9cb112b1dbeaa5fe4d57
2026-10-08T21:56:14.1216868Z Note: switching to '7f8069c3aebaa63cb12f9cb112b1dbeaa5fe4d57'.
2026-10-08T21:56:14.1217350Z 
2026-10-08T21:56:14.1217990Z You are in 'detached HEAD' state. You can look around, make experimental
2026-10-08T21:56:14.1218896Z changes and commit them, and you can discard any commits you make in this
2026-10-08T21:56:14.1219756Z state without impacting any branches by switching back to a branch.
2026-10-08T21:56:14.1220257Z 
2026-10-08T21:56:14.1220571Z If you want to create a new branch to retain commits you create, you may
2026-10-08T21:56:14.1221299Z do so (now or later) by using -c with the switch command. Example:
2026-10-08T21:56:14.1221737Z 
2026-10-08T21:56:14.1221911Z   git switch -c <new-branch-name>
2026-10-08T21:56:14.1222229Z 
2026-10-08T21:56:14.1222400Z Or undo this operation with:
2026-10-08T21:56:14.1222655Z 
2026-10-08T21:56:14.1222794Z   git switch -
2026-10-08T21:56:14.1222998Z 
2026-10-08T21:56:14.1223354Z Turn off this advice by setting config variable advice.detachedHead to false
2026-10-08T21:56:14.1223869Z 
2026-10-08T21:56:14.1224233Z HEAD is now at 7f8069c3a test(burn): preserve corpus cursor validation evidence
2026-10-08T21:56:14.1270004Z ##[endgroup]
2026-10-08T21:56:14.1319557Z [command]/usr/bin/git log -1 --format=%H
2026-10-08T21:56:14.1344069Z 7f8069c3aebaa63cb12f9cb112b1dbeaa5fe4d57
2026-10-08T21:56:14.1353969Z ##[group]Removing auth
2026-10-08T21:56:14.1354426Z Removing SSH command configuration
2026-10-08T21:56:14.1359231Z [command]/usr/bin/git config --local --name-only --get-regexp core\.sshCommand
2026-10-08T21:56:14.1389912Z [command]/usr/bin/git submodule foreach --recursive sh -c "git config --local --name-only --get-regexp 'core\.sshCommand' && git config --local --unset-all 'core.sshCommand' || :"
2026-10-08T21:56:14.1614262Z Removing HTTP extra header
2026-10-08T21:56:14.1618364Z [command]/usr/bin/git config --local --name-only --get-regexp http\.https\:\/\/github\.com\/\.extraheader
2026-10-08T21:56:14.1647910Z [command]/usr/bin/git submodule foreach --recursive sh -c "git config --local --name-only --get-regexp 'http\.https\:\/\/github\.com\/\.extraheader' && git config --local --unset-all 'http.https://github.com/.extraheader' || :"
2026-10-08T21:56:14.1869008Z Removing includeIf entries pointing to credentials config files
2026-10-08T21:56:14.1873347Z [command]/usr/bin/git config --local --name-only --get-regexp ^includeIf\.gitdir:
2026-10-08T21:56:14.1901313Z includeif.gitdir:/home/runner/work/conduit/conduit/.git.path
2026-10-08T21:56:14.1902182Z includeif.gitdir:/home/runner/work/conduit/conduit/.git/worktrees/*.path
2026-10-08T21:56:14.1902979Z includeif.gitdir:/github/workspace/.git.path
2026-10-08T21:56:14.1903660Z includeif.gitdir:/github/workspace/.git/worktrees/*.path
2026-10-08T21:56:14.1911286Z [command]/usr/bin/git config --local --get-all includeif.gitdir:/home/runner/work/conduit/conduit/.git.path
2026-10-08T21:56:14.1932882Z /home/runner/work/_temp/git-credentials-d0caf2a4-34a3-495c-9bbb-0c64eefacf0f.config
2026-10-08T21:56:14.1943766Z [command]/usr/bin/git config --local --unset includeif.gitdir:/home/runner/work/conduit/conduit/.git.path \/home\/runner\/work\/_temp\/git\-credentials\-d0caf2a4\-34a3\-495c\-9bbb\-0c64eefacf0f\.config
2026-10-08T21:56:14.1977471Z [command]/usr/bin/git config --local --get-all includeif.gitdir:/home/runner/work/conduit/conduit/.git/worktrees/*.path
2026-10-08T21:56:14.2003202Z /home/runner/work/_temp/git-credentials-d0caf2a4-34a3-495c-9bbb-0c64eefacf0f.config
2026-10-08T21:56:14.2011480Z [command]/usr/bin/git config --local --unset includeif.gitdir:/home/runner/work/conduit/conduit/.git/worktrees/*.path \/home\/runner\/work\/_temp\/git\-credentials\-d0caf2a4\-34a3\-495c\-9bbb\-0c64eefacf0f\.config
2026-10-08T21:56:14.2048690Z [command]/usr/bin/git config --local --get-all includeif.gitdir:/github/workspace/.git.path
2026-10-08T21:56:14.2070050Z /github/runner_temp/git-credentials-d0caf2a4-34a3-495c-9bbb-0c64eefacf0f.config
2026-10-08T21:56:14.2077280Z [command]/usr/bin/git config --local --unset includeif.gitdir:/github/workspace/.git.path \/github\/runner_temp\/git\-credentials\-d0caf2a4\-34a3\-495c\-9bbb\-0c64eefacf0f\.config
2026-10-08T21:56:14.2110627Z [command]/usr/bin/git config --local --get-all includeif.gitdir:/github/workspace/.git/worktrees/*.path
2026-10-08T21:56:14.2131334Z /github/runner_temp/git-credentials-d0caf2a4-34a3-495c-9bbb-0c64eefacf0f.config
2026-10-08T21:56:14.2138751Z [command]/usr/bin/git config --local --unset includeif.gitdir:/github/workspace/.git/worktrees/*.path \/github\/runner_temp\/git\-credentials\-d0caf2a4\-34a3\-495c\-9bbb\-0c64eefacf0f\.config
2026-10-08T21:56:14.2170578Z [command]/usr/bin/git submodule foreach --recursive git config --local --show-origin --name-only --get-regexp remote.origin.url
2026-10-08T21:56:14.2423638Z Removing credentials config '/home/runner/work/_temp/git-credentials-d0caf2a4-34a3-495c-9bbb-0c64eefacf0f.config'
2026-10-08T21:56:14.2427423Z ##[endgroup]
2026-10-08T21:56:14.2757682Z ##[group]Run dtolnay/rust-toolchain@1.98.1
2026-10-08T21:56:14.2758014Z with:
2026-10-08T21:56:14.2758206Z env:
2026-10-08T21:56:14.2758393Z   CARGO_TERM_COLOR: always
2026-10-08T21:56:14.2758632Z   CARGO_INCREMENTAL: 0
2026-10-08T21:56:14.2758854Z   CARGO_PROFILE_DEV_DEBUG: 0
2026-10-08T21:56:14.2759089Z   CARGO_PROFILE_TEST_DEBUG: 0
2026-10-08T21:56:14.2759495Z   RUSTUP_TOOLCHAIN: 1.98.1
2026-10-08T21:56:14.2759795Z   CONDUIT_CHECKOUT_SHA: 7f8069c3aebaa63cb12f9cb112b1dbeaa5fe4d57
2026-10-08T21:56:14.2760138Z ##[endgroup]
2026-10-08T21:56:14.2823278Z ##[start-action display=Parse toolchain version;id=__dtolnay_rust-toolchain.parse]
2026-10-08T21:56:14.2883072Z ##[group]Run if [[ -z $toolchain ]]; then
2026-10-08T21:56:14.2883451Z [36;1mif [[ -z $toolchain ]]; then[0m
2026-10-08T21:56:14.2884005Z [36;1m  # GitHub does not enforce `required: true` inputs itself. https://github.com/actions/runner/issues/1070[0m
2026-10-08T21:56:14.2884805Z [36;1m  echo "'toolchain' is a required input" >&2[0m
2026-10-08T21:56:14.2885110Z [36;1m  exit 1[0m
2026-10-08T21:56:14.2885442Z [36;1melif [[ $toolchain =~ ^stable' '[0-9]+' '(year|month|week|day)s?' 'ago$ ]]; then[0m
2026-10-08T21:56:14.2885855Z [36;1m  if [[ Linux == macOS ]]; then[0m
2026-10-08T21:56:14.2886381Z [36;1m    echo "toolchain=1.$((($(date -v-$(sed 's/stable \([0-9]*\) \(.\).*/\1\2/' <<< $toolchain) +%s)/60/60/24-16569)/7/6))" >> $GITHUB_OUTPUT[0m
2026-10-08T21:56:14.2886902Z [36;1m  else[0m
2026-10-08T21:56:14.2887302Z [36;1m    echo "toolchain=1.$((($(date --date "${toolchain#stable }" +%s)/60/60/24-16569)/7/6))" >> $GITHUB_OUTPUT[0m
2026-10-08T21:56:14.2887746Z [36;1m  fi[0m
2026-10-08T21:56:14.2888040Z [36;1melif [[ $toolchain =~ ^stable' 'minus' '[0-9]+' 'releases?$ ]]; then[0m
2026-10-08T21:56:14.2888573Z [36;1m  echo "toolchain=1.$((($(date +%s)/60/60/24-16569)/7/6-${toolchain//[^0-9]/}))" >> $GITHUB_OUTPUT[0m
2026-10-08T21:56:14.2889029Z [36;1melif [[ $toolchain =~ ^1\.[0-9]+$ ]]; then[0m
2026-10-08T21:56:14.2889561Z [36;1m  echo "toolchain=1.$((i=${toolchain#1.}, c=($(date +%s)/60/60/24-16569)/7/6, i+9*i*(10*i<=c)+90*i*(100*i<=c)))" >> $GITHUB_OUTPUT[0m
2026-10-08T21:56:14.2890068Z [36;1melse[0m
2026-10-08T21:56:14.2890317Z [36;1m  echo "toolchain=$toolchain" >> $GITHUB_OUTPUT[0m
2026-10-08T21:56:14.2890615Z [36;1mfi[0m
2026-10-08T21:56:14.3178490Z shell: /usr/bin/bash --noprofile --norc -e -o pipefail {0}
2026-10-08T21:56:14.3178855Z env:
2026-10-08T21:56:14.3179061Z   CARGO_TERM_COLOR: always
2026-10-08T21:56:14.3179292Z   CARGO_INCREMENTAL: 0
2026-10-08T21:56:14.3179522Z   CARGO_PROFILE_DEV_DEBUG: 0
2026-10-08T21:56:14.3179763Z   CARGO_PROFILE_TEST_DEBUG: 0
2026-10-08T21:56:14.3180009Z   RUSTUP_TOOLCHAIN: 1.98.1
2026-10-08T21:56:14.3180329Z   CONDUIT_CHECKOUT_SHA: 7f8069c3aebaa63cb12f9cb112b1dbeaa5fe4d57
2026-10-08T21:56:14.3180675Z   toolchain: 1.98.1
2026-10-08T21:56:14.3180876Z ##[endgroup]
2026-10-08T21:56:14.3318142Z ##[end-action id=__dtolnay_rust-toolchain.parse;outcome=success;conclusion=success;duration_ms=49]
2026-10-08T21:56:14.3324308Z ##[start-action display=Construct rustup command line;id=__dtolnay_rust-toolchain.flags]
2026-10-08T21:56:14.3349871Z ##[group]Run echo "targets=$(for t in ${targets//,/ }; do echo -n ' --target' $t; done)" >> $GITHUB_OUTPUT
2026-10-08T21:56:14.3350502Z [36;1mecho "targets=$(for t in ${targets//,/ }; do echo -n ' --target' $t; done)" >> $GITHUB_OUTPUT[0m
2026-10-08T21:56:14.3351130Z [36;1mecho "components=$(for c in ${components//,/ }; do echo -n ' --component' $c; done)" >> $GITHUB_OUTPUT[0m
2026-10-08T21:56:14.3351615Z [36;1mecho "downgrade=" >> $GITHUB_OUTPUT[0m
2026-10-08T21:56:14.3411428Z shell: /usr/bin/bash --noprofile --norc -e -o pipefail {0}
2026-10-08T21:56:14.3411771Z env:
2026-10-08T21:56:14.3411975Z   CARGO_TERM_COLOR: always
2026-10-08T21:56:14.3412211Z   CARGO_INCREMENTAL: 0
2026-10-08T21:56:14.3412433Z   CARGO_PROFILE_DEV_DEBUG: 0
2026-10-08T21:56:14.3412671Z   CARGO_PROFILE_TEST_DEBUG: 0
2026-10-08T21:56:14.3413086Z   RUSTUP_TOOLCHAIN: 1.98.1
2026-10-08T21:56:14.3413401Z   CONDUIT_CHECKOUT_SHA: 7f8069c3aebaa63cb12f9cb112b1dbeaa5fe4d57
2026-10-08T21:56:14.3413745Z   targets: 
2026-10-08T21:56:14.3413932Z   components: 
2026-10-08T21:56:14.3414122Z ##[endgroup]
2026-10-08T21:56:14.3510012Z ##[end-action id=__dtolnay_rust-toolchain.flags;outcome=success;conclusion=success;duration_ms=18]
2026-10-08T21:56:14.3512375Z ##[start-action display=Set $CARGO_HOME;id=__dtolnay_rust-toolchain.__run]
2026-10-08T21:56:14.3536813Z ##[group]Run echo CARGO_HOME=${CARGO_HOME:-"$HOME/.cargo"} >> $GITHUB_ENV
2026-10-08T21:56:14.3537276Z [36;1mecho CARGO_HOME=${CARGO_HOME:-"$HOME/.cargo"} >> $GITHUB_ENV[0m
2026-10-08T21:56:14.3598404Z shell: /usr/bin/bash --noprofile --norc -e -o pipefail {0}
2026-10-08T21:56:14.3598756Z env:
2026-10-08T21:56:14.3598957Z   CARGO_TERM_COLOR: always
2026-10-08T21:56:14.3599196Z   CARGO_INCREMENTAL: 0
2026-10-08T21:56:14.3599421Z   CARGO_PROFILE_DEV_DEBUG: 0
2026-10-08T21:56:14.3599671Z   CARGO_PROFILE_TEST_DEBUG: 0
2026-10-08T21:56:14.3599914Z   RUSTUP_TOOLCHAIN: 1.98.1
2026-10-08T21:56:14.3600218Z   CONDUIT_CHECKOUT_SHA: 7f8069c3aebaa63cb12f9cb112b1dbeaa5fe4d57
2026-10-08T21:56:14.3600563Z ##[endgroup]
2026-10-08T21:56:14.3689168Z ##[end-action id=__dtolnay_rust-toolchain.__run;outcome=success;conclusion=success;duration_ms=17]
2026-10-08T21:56:14.3691317Z ##[start-action display=Install rustup if needed;id=__dtolnay_rust-toolchain.__run_2]
2026-10-08T21:56:14.3720685Z ##[group]Run if ! command -v rustup &>/dev/null; then
2026-10-08T21:56:14.3721039Z [36;1mif ! command -v rustup &>/dev/null; then[0m
2026-10-08T21:56:14.3721774Z [36;1m  curl --proto '=https' --tlsv1.2 --retry 10 --retry-connrefused --location --silent --show-error --fail https://sh.rustup.rs | sh -s -- --default-toolchain none -y[0m
2026-10-08T21:56:14.3722489Z [36;1m  echo "$CARGO_HOME/bin" >> $GITHUB_PATH[0m
2026-10-08T21:56:14.3722761Z [36;1mfi[0m
2026-10-08T21:56:14.3784929Z shell: /usr/bin/bash --noprofile --norc -e -o pipefail {0}
2026-10-08T21:56:14.3785292Z env:
2026-10-08T21:56:14.3785488Z   CARGO_TERM_COLOR: always
2026-10-08T21:56:14.3785722Z   CARGO_INCREMENTAL: 0
2026-10-08T21:56:14.3785939Z   CARGO_PROFILE_DEV_DEBUG: 0
2026-10-08T21:56:14.3786169Z   CARGO_PROFILE_TEST_DEBUG: 0
2026-10-08T21:56:14.3786544Z   RUSTUP_TOOLCHAIN: 1.98.1
2026-10-08T21:56:14.3807701Z   CONDUIT_CHECKOUT_SHA: 7f8069c3aebaa63cb12f9cb112b1dbeaa5fe4d57
2026-10-08T21:56:14.3808169Z   CARGO_HOME: /home/runner/.cargo
2026-10-08T21:56:14.3808435Z ##[endgroup]
2026-10-08T21:56:14.3898439Z ##[end-action id=__dtolnay_rust-toolchain.__run_2;outcome=success;conclusion=success;duration_ms=20]
2026-10-08T21:56:14.3900749Z ##[start-action display=Install rustup if needed on windows;id=__dtolnay_rust-toolchain.__run_3]
2026-10-08T21:56:14.3906873Z ##[end-action id=__dtolnay_rust-toolchain.__run_3;outcome=skipped;conclusion=skipped;duration_ms=0]
2026-10-08T21:56:14.3918247Z ##[start-action display=rustup toolchain install 1.98.1;id=__dtolnay_rust-toolchain.__run_4]
2026-10-08T21:56:14.3944111Z ##[group]Run log=$(mktemp)
2026-10-08T21:56:14.3944369Z [36;1mlog=$(mktemp)[0m
2026-10-08T21:56:14.3944967Z [36;1mtrap 'rm -f "$log"' EXIT[0m
2026-10-08T21:56:14.3945238Z [36;1mfor attempt in 1 2 3 4 5; do[0m
2026-10-08T21:56:14.3945763Z [36;1m  if rustup toolchain install 1.98.1 --profile minimal --no-self-update --force-non-host 2>&1 | tee "$log"; then[0m
2026-10-08T21:56:14.3946294Z [36;1m    break[0m
2026-10-08T21:56:14.3946494Z [36;1m  else[0m
2026-10-08T21:56:14.3946688Z [36;1m    status=$?[0m
2026-10-08T21:56:14.3946903Z [36;1m  fi[0m
2026-10-08T21:56:14.3947189Z [36;1m  if [[ $attempt == 5 ]] || ! grep -Fq 'checksum failed for ' "$log" \[0m
2026-10-08T21:56:14.3947739Z [36;1m      || ! grep -Fq 'this is likely due to an ongoing update of the official release server' "$log"; then[0m
2026-10-08T21:56:14.3948194Z [36;1m    exit "$status"[0m
2026-10-08T21:56:14.3948414Z [36;1m  fi[0m
2026-10-08T21:56:14.3948923Z [36;1m  echo "Retrying rustup toolchain install in 30 seconds (retry $attempt of 4)" >&2[0m
2026-10-08T21:56:14.3949354Z [36;1m  sleep 30[0m
2026-10-08T21:56:14.3949550Z [36;1mdone[0m
2026-10-08T21:56:14.4011580Z shell: /usr/bin/bash --noprofile --norc -e -o pipefail {0}
2026-10-08T21:56:14.4011914Z env:
2026-10-08T21:56:14.4012104Z   CARGO_TERM_COLOR: always
2026-10-08T21:56:14.4012332Z   CARGO_INCREMENTAL: 0
2026-10-08T21:56:14.4012705Z   CARGO_PROFILE_DEV_DEBUG: 0
2026-10-08T21:56:14.4012938Z   CARGO_PROFILE_TEST_DEBUG: 0
2026-10-08T21:56:14.4013168Z   RUSTUP_TOOLCHAIN: 1.98.1
2026-10-08T21:56:14.4013467Z   CONDUIT_CHECKOUT_SHA: 7f8069c3aebaa63cb12f9cb112b1dbeaa5fe4d57
2026-10-08T21:56:14.4013818Z   CARGO_HOME: /home/runner/.cargo
2026-10-08T21:56:14.4014065Z   RUSTUP_PERMIT_COPY_RENAME: 1
2026-10-08T21:56:14.4014293Z ##[endgroup]
2026-10-08T21:56:14.4635272Z info: syncing channel updates for 1.98.1-x86_64-unknown-linux-gnu
2026-10-08T21:56:14.7531207Z info: latest update on 2026-09-03 for version 1.98.1 (48a229cea 2026-09-01)
2026-10-08T21:56:14.7531724Z info: downloading 3 components
2026-10-08T21:56:22.1718893Z 
2026-10-08T21:56:22.1788904Z   1.98.1-x86_64-unknown-linux-gnu installed - rustc 1.98.1 (48a229cea 2026-09-01)
2026-10-08T21:56:22.1789382Z 
2026-10-08T21:56:22.1858008Z ##[end-action id=__dtolnay_rust-toolchain.__run_4;outcome=success;conclusion=success;duration_ms=7793]
2026-10-08T21:56:22.1862891Z ##[start-action display=rustup default 1.98.1;id=__dtolnay_rust-toolchain.__run_5]
2026-10-08T21:56:22.1883095Z ##[group]Run rustup default 1.98.1 --force-non-host
2026-10-08T21:56:22.1883460Z [36;1mrustup default 1.98.1 --force-non-host[0m
2026-10-08T21:56:22.1943055Z shell: /usr/bin/bash --noprofile --norc -e -o pipefail {0}
2026-10-08T21:56:22.1943397Z env:
2026-10-08T21:56:22.1943589Z   CARGO_TERM_COLOR: always
2026-10-08T21:56:22.1943819Z   CARGO_INCREMENTAL: 0
2026-10-08T21:56:22.1944049Z   CARGO_PROFILE_DEV_DEBUG: 0
2026-10-08T21:56:22.1944288Z   CARGO_PROFILE_TEST_DEBUG: 0
2026-10-08T21:56:22.1944737Z   RUSTUP_TOOLCHAIN: 1.98.1
2026-10-08T21:56:22.1945063Z   CONDUIT_CHECKOUT_SHA: 7f8069c3aebaa63cb12f9cb112b1dbeaa5fe4d57
2026-10-08T21:56:22.1945420Z   CARGO_HOME: /home/runner/.cargo
2026-10-08T21:56:22.1945662Z ##[endgroup]
2026-10-08T21:56:22.2061893Z info: using existing install for 1.98.1-x86_64-unknown-linux-gnu
2026-10-08T21:56:22.2068851Z info: default toolchain set to 1.98.1-x86_64-unknown-linux-gnu
2026-10-08T21:56:22.2069185Z 
2026-10-08T21:56:22.2136628Z info: note that the toolchain '1.98.1-x86_64-unknown-linux-gnu' is currently in use (overridden by environment variable RUSTUP_TOOLCHAIN)
2026-10-08T21:56:22.2137424Z   1.98.1-x86_64-unknown-linux-gnu unchanged - rustc 1.98.1 (48a229cea 2026-09-01)
2026-10-08T21:56:22.2137933Z 
2026-10-08T21:56:22.2151842Z ##[end-action id=__dtolnay_rust-toolchain.__run_5;outcome=success;conclusion=success;duration_ms=28]
2026-10-08T21:56:22.2154174Z ##[start-action display=Create cachekey;id=__dtolnay_rust-toolchain.rustc-version]
2026-10-08T21:56:22.2175303Z ##[group]Run DATE=$(rustc +1.98.1 --version --verbose | sed -ne 's/^commit-date: \(20[0-9][0-9]\)-\([01][0-9]\)-\([0-3][0-9]\)$/\1\2\3/p')
2026-10-08T21:56:22.2176103Z [36;1mDATE=$(rustc +1.98.1 --version --verbose | sed -ne 's/^commit-date: \(20[0-9][0-9]\)-\([01][0-9]\)-\([0-3][0-9]\)$/\1\2\3/p')[0m
2026-10-08T21:56:22.2176724Z [36;1mHASH=$(rustc +1.98.1 --version --verbose | sed -ne 's/^commit-hash: //p')[0m
2026-10-08T21:56:22.2177215Z [36;1mecho "cachekey=$(echo $DATE$HASH | head -c12)" >> $GITHUB_OUTPUT[0m
2026-10-08T21:56:22.2235913Z shell: /usr/bin/bash --noprofile --norc -e -o pipefail {0}
2026-10-08T21:56:22.2236251Z env:
2026-10-08T21:56:22.2236442Z   CARGO_TERM_COLOR: always
2026-10-08T21:56:22.2236677Z   CARGO_INCREMENTAL: 0
2026-10-08T21:56:22.2236899Z   CARGO_PROFILE_DEV_DEBUG: 0
2026-10-08T21:56:22.2237138Z   CARGO_PROFILE_TEST_DEBUG: 0
2026-10-08T21:56:22.2237388Z   RUSTUP_TOOLCHAIN: 1.98.1
2026-10-08T21:56:22.2237700Z   CONDUIT_CHECKOUT_SHA: 7f8069c3aebaa63cb12f9cb112b1dbeaa5fe4d57
2026-10-08T21:56:22.2238227Z   CARGO_HOME: /home/runner/.cargo
2026-10-08T21:56:22.2238486Z ##[endgroup]
2026-10-08T21:56:22.2570814Z ##[end-action id=__dtolnay_rust-toolchain.rustc-version;outcome=success;conclusion=success;duration_ms=41]
2026-10-08T21:56:22.2573273Z ##[start-action display=Disable incremental compilation;id=__dtolnay_rust-toolchain.__run_6]
2026-10-08T21:56:22.2593490Z ##[group]Run if [ -z "${CARGO_INCREMENTAL+set}" ]; then
2026-10-08T21:56:22.2593993Z [36;1mif [ -z "${CARGO_INCREMENTAL+set}" ]; then[0m
2026-10-08T21:56:22.2594321Z [36;1m  echo CARGO_INCREMENTAL=0 >> $GITHUB_ENV[0m
2026-10-08T21:56:22.2594883Z [36;1mfi[0m
2026-10-08T21:56:22.2654236Z shell: /usr/bin/bash --noprofile --norc -e -o pipefail {0}
2026-10-08T21:56:22.2654927Z env:
2026-10-08T21:56:22.2655137Z   CARGO_TERM_COLOR: always
2026-10-08T21:56:22.2655369Z   CARGO_INCREMENTAL: 0
2026-10-08T21:56:22.2655592Z   CARGO_PROFILE_DEV_DEBUG: 0
2026-10-08T21:56:22.2655827Z   CARGO_PROFILE_TEST_DEBUG: 0
2026-10-08T21:56:22.2656059Z   RUSTUP_TOOLCHAIN: 1.98.1
2026-10-08T21:56:22.2656365Z   CONDUIT_CHECKOUT_SHA: 7f8069c3aebaa63cb12f9cb112b1dbeaa5fe4d57
2026-10-08T21:56:22.2656723Z   CARGO_HOME: /home/runner/.cargo
2026-10-08T21:56:22.2656965Z ##[endgroup]
2026-10-08T21:56:22.2734212Z ##[end-action id=__dtolnay_rust-toolchain.__run_6;outcome=success;conclusion=success;duration_ms=16]
2026-10-08T21:56:22.2736624Z ##[start-action display=Enable colors in Cargo output;id=__dtolnay_rust-toolchain.__run_7]
2026-10-08T21:56:22.2754884Z ##[group]Run if [ -z "${CARGO_TERM_COLOR+set}" ]; then
2026-10-08T21:56:22.2755242Z [36;1mif [ -z "${CARGO_TERM_COLOR+set}" ]; then[0m
2026-10-08T21:56:22.2755576Z [36;1m  echo CARGO_TERM_COLOR=always >> $GITHUB_ENV[0m
2026-10-08T21:56:22.2755862Z [36;1mfi[0m
2026-10-08T21:56:22.2808600Z shell: /usr/bin/bash --noprofile --norc -e -o pipefail {0}
2026-10-08T21:56:22.2808934Z env:
2026-10-08T21:56:22.2809122Z   CARGO_TERM_COLOR: always
2026-10-08T21:56:22.2809349Z   CARGO_INCREMENTAL: 0
2026-10-08T21:56:22.2809569Z   CARGO_PROFILE_DEV_DEBUG: 0
2026-10-08T21:56:22.2809814Z   CARGO_PROFILE_TEST_DEBUG: 0
2026-10-08T21:56:22.2810051Z   RUSTUP_TOOLCHAIN: 1.98.1
2026-10-08T21:56:22.2810354Z   CONDUIT_CHECKOUT_SHA: 7f8069c3aebaa63cb12f9cb112b1dbeaa5fe4d57
2026-10-08T21:56:22.2810703Z   CARGO_HOME: /home/runner/.cargo
2026-10-08T21:56:22.2810939Z ##[endgroup]
2026-10-08T21:56:22.2887678Z ##[end-action id=__dtolnay_rust-toolchain.__run_7;outcome=success;conclusion=success;duration_ms=15]
2026-10-08T21:56:22.2889741Z ##[start-action display=Enable Cargo sparse registry;id=__dtolnay_rust-toolchain.__run_8]
2026-10-08T21:56:22.2909239Z ##[group]Run # implemented in 1.66, stabilized in 1.68, made default in 1.70
2026-10-08T21:56:22.2909742Z [36;1m# implemented in 1.66, stabilized in 1.68, made default in 1.70[0m
2026-10-08T21:56:22.2910462Z [36;1mif [ -z "${CARGO_REGISTRIES_CRATES_IO_PROTOCOL+set}" -o -f "/home/runner/work/_temp"/.implicit_cargo_registries_crates_io_protocol ]; then[0m
2026-10-08T21:56:22.2911200Z [36;1m  if rustc +1.98.1 --version --verbose | grep -q '^release: 1\.6[89]\.'; then[0m
2026-10-08T21:56:22.2911764Z [36;1m    touch "/home/runner/work/_temp"/.implicit_cargo_registries_crates_io_protocol || true[0m
2026-10-08T21:56:22.2912301Z [36;1m    echo CARGO_REGISTRIES_CRATES_IO_PROTOCOL=sparse >> $GITHUB_ENV[0m
2026-10-08T21:56:22.2912786Z [36;1m  elif rustc +1.98.1 --version --verbose | grep -q '^release: 1\.6[67]\.'; then[0m
2026-10-08T21:56:22.2913341Z [36;1m    touch "/home/runner/work/_temp"/.implicit_cargo_registries_crates_io_protocol || true[0m
2026-10-08T21:56:22.2913856Z [36;1m    echo CARGO_REGISTRIES_CRATES_IO_PROTOCOL=git >> $GITHUB_ENV[0m
2026-10-08T21:56:22.2914197Z [36;1m  fi[0m
2026-10-08T21:56:22.2914389Z [36;1mfi[0m
2026-10-08T21:56:22.2967408Z shell: /usr/bin/bash --noprofile --norc -e -o pipefail {0}
2026-10-08T21:56:22.2967749Z env:
2026-10-08T21:56:22.2967943Z   CARGO_TERM_COLOR: always
2026-10-08T21:56:22.2968186Z   CARGO_INCREMENTAL: 0
2026-10-08T21:56:22.2968410Z   CARGO_PROFILE_DEV_DEBUG: 0
2026-10-08T21:56:22.2968790Z   CARGO_PROFILE_TEST_DEBUG: 0
2026-10-08T21:56:22.2969060Z   RUSTUP_TOOLCHAIN: 1.98.1
2026-10-08T21:56:22.2969371Z   CONDUIT_CHECKOUT_SHA: 7f8069c3aebaa63cb12f9cb112b1dbeaa5fe4d57
2026-10-08T21:56:22.2969725Z   CARGO_HOME: /home/runner/.cargo
2026-10-08T21:56:22.2969961Z ##[endgroup]
2026-10-08T21:56:22.3272596Z ##[end-action id=__dtolnay_rust-toolchain.__run_8;outcome=success;conclusion=success;duration_ms=38]
2026-10-08T21:56:22.3275599Z ##[start-action display=Work around spurious network errors in curl 8.0;id=__dtolnay_rust-toolchain.__run_9]
2026-10-08T21:56:22.3296339Z ##[group]Run # https://rust-lang.zulipchat.com/#narrow/stream/246057-t-cargo/topic/timeout.20investigation
2026-10-08T21:56:22.3297074Z [36;1m# https://rust-lang.zulipchat.com/#narrow/stream/246057-t-cargo/topic/timeout.20investigation[0m
2026-10-08T21:56:22.3297674Z [36;1mif rustc +1.98.1 --version --verbose | grep -q '^release: 1\.7[01]\.'; then[0m
2026-10-08T21:56:22.3298135Z [36;1m  echo CARGO_HTTP_MULTIPLEXING=false >> $GITHUB_ENV[0m
2026-10-08T21:56:22.3298445Z [36;1mfi[0m
2026-10-08T21:56:22.3357531Z shell: /usr/bin/bash --noprofile --norc -e -o pipefail {0}
2026-10-08T21:56:22.3357868Z env:
2026-10-08T21:56:22.3358062Z   CARGO_TERM_COLOR: always
2026-10-08T21:56:22.3358300Z   CARGO_INCREMENTAL: 0
2026-10-08T21:56:22.3358524Z   CARGO_PROFILE_DEV_DEBUG: 0
2026-10-08T21:56:22.3358794Z   CARGO_PROFILE_TEST_DEBUG: 0
2026-10-08T21:56:22.3359029Z   RUSTUP_TOOLCHAIN: 1.98.1
2026-10-08T21:56:22.3359333Z   CONDUIT_CHECKOUT_SHA: 7f8069c3aebaa63cb12f9cb112b1dbeaa5fe4d57
2026-10-08T21:56:22.3359694Z   CARGO_HOME: /home/runner/.cargo
2026-10-08T21:56:22.3359936Z ##[endgroup]
2026-10-08T21:56:22.3549366Z ##[end-action id=__dtolnay_rust-toolchain.__run_9;outcome=success;conclusion=success;duration_ms=27]
2026-10-08T21:56:22.3575808Z ##[start-action display=rustc +1.98.1 --version --verbose;id=__dtolnay_rust-toolchain.__run_10]
2026-10-08T21:56:22.3596110Z ##[group]Run rustc +1.98.1 --version --verbose
2026-10-08T21:56:22.3596449Z [36;1mrustc +1.98.1 --version --verbose[0m
2026-10-08T21:56:22.3652828Z shell: /usr/bin/bash --noprofile --norc -e -o pipefail {0}
2026-10-08T21:56:22.3653168Z env:
2026-10-08T21:56:22.3653356Z   CARGO_TERM_COLOR: always
2026-10-08T21:56:22.3653585Z   CARGO_INCREMENTAL: 0
2026-10-08T21:56:22.3653801Z   CARGO_PROFILE_DEV_DEBUG: 0
2026-10-08T21:56:22.3654034Z   CARGO_PROFILE_TEST_DEBUG: 0
2026-10-08T21:56:22.3654283Z   RUSTUP_TOOLCHAIN: 1.98.1
2026-10-08T21:56:22.3654909Z   CONDUIT_CHECKOUT_SHA: 7f8069c3aebaa63cb12f9cb112b1dbeaa5fe4d57
2026-10-08T21:56:22.3655282Z   CARGO_HOME: /home/runner/.cargo
2026-10-08T21:56:22.3655529Z ##[endgroup]
2026-10-08T21:56:22.3831505Z rustc 1.98.1 (48a229cea 2026-09-01)
2026-10-08T21:56:22.3832198Z binary: rustc
2026-10-08T21:56:22.3832731Z commit-hash: 48a229ceaefd4985c50990b14116b6d856af0985
2026-10-08T21:56:22.3833116Z commit-date: 2026-09-01
2026-10-08T21:56:22.3833373Z host: x86_64-unknown-linux-gnu
2026-10-08T21:56:22.3833614Z release: 1.98.1
2026-10-08T21:56:22.3833901Z LLVM version: 22.1.8
2026-10-08T21:56:22.3849317Z ##[end-action id=__dtolnay_rust-toolchain.__run_10;outcome=success;conclusion=success;duration_ms=27]
2026-10-08T21:56:22.3943955Z ##[group]Run actions/setup-node@v7.0.0
2026-10-08T21:56:22.3944249Z with:
2026-10-08T21:56:22.3944447Z   node-version: 22
2026-10-08T21:56:22.3944986Z   check-latest: false
2026-10-08T21:56:22.3947587Z   token: ***
2026-10-08T21:56:22.3947817Z   package-manager-cache: true
2026-10-08T21:56:22.3948062Z env:
2026-10-08T21:56:22.3948249Z   CARGO_TERM_COLOR: always
2026-10-08T21:56:22.3948479Z   CARGO_INCREMENTAL: 0
2026-10-08T21:56:22.3948698Z   CARGO_PROFILE_DEV_DEBUG: 0
2026-10-08T21:56:22.3948938Z   CARGO_PROFILE_TEST_DEBUG: 0
2026-10-08T21:56:22.3949173Z   RUSTUP_TOOLCHAIN: 1.98.1
2026-10-08T21:56:22.3949476Z   CONDUIT_CHECKOUT_SHA: 7f8069c3aebaa63cb12f9cb112b1dbeaa5fe4d57
2026-10-08T21:56:22.3949835Z   CARGO_HOME: /home/runner/.cargo
2026-10-08T21:56:22.3950077Z ##[endgroup]
2026-10-08T21:56:22.5232271Z Found in cache @ /opt/hostedtoolcache/node/22.23.3/x64
2026-10-08T21:56:22.5265288Z ##[group]Environment details
2026-10-08T21:56:22.9643044Z node: v22.23.3
2026-10-08T21:56:22.9643649Z npm: 10.9.9
2026-10-08T21:56:22.9643900Z yarn: 1.22.22
2026-10-08T21:56:22.9644763Z ##[endgroup]
2026-10-08T21:56:22.9792555Z ##[group]Run Swatinem/rust-cache@v2
2026-10-08T21:56:22.9792832Z with:
2026-10-08T21:56:22.9793181Z   key: target-browser
2026-10-08T21:56:22.9793413Z   prefix-key: conduit-compiler-v1
2026-10-08T21:56:22.9793660Z   cache-targets: false
2026-10-08T21:56:22.9793972Z   cache-directories: target/debug
target/release
target/*-unknown-*

2026-10-08T21:56:22.9794343Z   cache-on-failure: false
2026-10-08T21:56:22.9794984Z   add-job-id-key: true
2026-10-08T21:56:22.9795228Z   add-rust-environment-hash-key: true
2026-10-08T21:56:22.9795512Z   cache-all-crates: false
2026-10-08T21:56:22.9795748Z   cache-workspace-crates: false
2026-10-08T21:56:22.9795986Z   save-if: true
2026-10-08T21:56:22.9796193Z   cache-provider: github
2026-10-08T21:56:22.9796413Z   cache-bin: true
2026-10-08T21:56:22.9796610Z   lookup-only: false
2026-10-08T21:56:22.9796810Z   cmd-format: {0}
2026-10-08T21:56:22.9796995Z env:
2026-10-08T21:56:22.9797178Z   CARGO_TERM_COLOR: always
2026-10-08T21:56:22.9797438Z   CARGO_INCREMENTAL: 0
2026-10-08T21:56:22.9797657Z   CARGO_PROFILE_DEV_DEBUG: 0
2026-10-08T21:56:22.9797902Z   CARGO_PROFILE_TEST_DEBUG: 0
2026-10-08T21:56:22.9798144Z   RUSTUP_TOOLCHAIN: 1.98.1
2026-10-08T21:56:22.9798443Z   CONDUIT_CHECKOUT_SHA: 7f8069c3aebaa63cb12f9cb112b1dbeaa5fe4d57
2026-10-08T21:56:22.9798800Z   CARGO_HOME: /home/runner/.cargo
2026-10-08T21:56:22.9799043Z ##[endgroup]
2026-10-08T21:56:24.0423853Z ##[group]Cache Configuration
2026-10-08T21:56:24.0432145Z Cache Provider:
2026-10-08T21:56:24.0432590Z     github
2026-10-08T21:56:24.0432929Z Workspaces:
2026-10-08T21:56:24.0433352Z     /home/runner/work/conduit/conduit
2026-10-08T21:56:24.0433808Z Cache Paths:
2026-10-08T21:56:24.0434155Z     /home/runner/.cargo/bin
2026-10-08T21:56:24.0434835Z     /home/runner/.cargo/.crates.toml
2026-10-08T21:56:24.0435361Z     /home/runner/.cargo/.crates2.json
2026-10-08T21:56:24.0435847Z     /home/runner/.cargo/registry
2026-10-08T21:56:24.0436266Z     /home/runner/.cargo/git
2026-10-08T21:56:24.0436683Z     target/debug
2026-10-08T21:56:24.0437029Z     target/release
2026-10-08T21:56:24.0437373Z     target/*-unknown-*
2026-10-08T21:56:24.0437750Z Restore Key:
2026-10-08T21:56:24.0438336Z     conduit-compiler-v1-target-browser-target-Linux-x64-2f443374
2026-10-08T21:56:24.0438949Z Cache Key:
2026-10-08T21:56:24.0439583Z     conduit-compiler-v1-target-browser-target-Linux-x64-2f443374-b8a65865
2026-10-08T21:56:24.0440264Z .. Prefix:
2026-10-08T21:56:24.0440773Z   - conduit-compiler-v1-target-browser-target-Linux-x64
2026-10-08T21:56:24.0441394Z .. Environment considered:
2026-10-08T21:56:24.0441794Z   - Rust Versions:
2026-10-08T21:56:24.0442375Z     - 1.98.1 x86_64-unknown-linux-gnu 48a229ceaefd4985c50990b14116b6d856af0985
2026-10-08T21:56:24.0442943Z     - 1.99.0 x86_64-unknown-linux-gnu b940084d7eb6a299eb4bfeb8e34901bc051e7ac4
2026-10-08T21:56:24.0443326Z   - CARGO_HOME
2026-10-08T21:56:24.0443560Z   - CARGO_INCREMENTAL
2026-10-08T21:56:24.0443795Z   - CARGO_PROFILE_DEV_DEBUG
2026-10-08T21:56:24.0444081Z   - CARGO_PROFILE_TEST_DEBUG
2026-10-08T21:56:24.0444323Z   - CARGO_TERM_COLOR
2026-10-08T21:56:24.0445167Z   - RUSTUP_TOOLCHAIN
2026-10-08T21:56:24.0445628Z .. Lockfiles considered:
2026-10-08T21:56:24.0446182Z   - /home/runner/work/conduit/conduit/.cargo/config.toml
2026-10-08T21:56:24.0447004Z   - /home/runner/work/conduit/conduit/architecture/assigned-plan/Cargo.toml
2026-10-08T21:56:24.0447868Z   - /home/runner/work/conduit/conduit/architecture/body/Cargo.toml
2026-10-08T21:56:24.0448700Z   - /home/runner/work/conduit/conduit/architecture/composite/Cargo.toml
2026-10-08T21:56:24.0449267Z   - /home/runner/work/conduit/conduit/architecture/core/Cargo.toml
2026-10-08T21:56:24.0449746Z   - /home/runner/work/conduit/conduit/architecture/kernel/Cargo.toml
2026-10-08T21:56:24.0450241Z   - /home/runner/work/conduit/conduit/architecture/observatory/Cargo.toml
2026-10-08T21:56:24.0450763Z   - /home/runner/work/conduit/conduit/architecture/plan-lowering/Cargo.toml
2026-10-08T21:56:24.0451608Z   - /home/runner/work/conduit/conduit/architecture/planner/Cargo.toml
2026-10-08T21:56:24.0452144Z   - /home/runner/work/conduit/conduit/architecture/plot/Cargo.toml
2026-10-08T21:56:24.0452834Z   - /home/runner/work/conduit/conduit/architecture/protected-line/Cargo.toml
2026-10-08T21:56:24.0453346Z   - /home/runner/work/conduit/conduit/architecture/wire/Cargo.toml
2026-10-08T21:56:24.0453803Z   - /home/runner/work/conduit/conduit/bodies/pete/Cargo.toml
2026-10-08T21:56:24.0454205Z   - /home/runner/work/conduit/conduit/Cargo.lock
2026-10-08T21:56:24.0454857Z   - /home/runner/work/conduit/conduit/make/body/Cargo.toml
2026-10-08T21:56:24.0455347Z   - /home/runner/work/conduit/conduit/make/embedded-build/Cargo.toml
2026-10-08T21:56:24.0455805Z   - /home/runner/work/conduit/conduit/make/host/Cargo.toml
2026-10-08T21:56:24.0456255Z   - /home/runner/work/conduit/conduit/make/workspace/Cargo.toml
2026-10-08T21:56:24.0456765Z   - /home/runner/work/conduit/conduit/mechanisms/devices/create-oi/Cargo.toml
2026-10-08T21:56:24.0457323Z   - /home/runner/work/conduit/conduit/mechanisms/devices/mpu6050/Cargo.toml
2026-10-08T21:56:24.0457852Z   - /home/runner/work/conduit/conduit/mechanisms/devices/ssd1306/Cargo.toml
2026-10-08T21:56:24.0458468Z   - /home/runner/work/conduit/conduit/mechanisms/implementations/burn-model/Cargo.toml
2026-10-08T21:56:24.0459680Z   - /home/runner/work/conduit/conduit/mechanisms/implementations/emergency-keyword-spotter/Cargo.toml
2026-10-08T21:56:24.0460459Z   - /home/runner/work/conduit/conduit/mechanisms/implementations/linear-framebuffer-make/Cargo.toml
2026-10-08T21:56:24.0461122Z   - /home/runner/work/conduit/conduit/mechanisms/implementations/synth/Cargo.toml
2026-10-08T21:56:24.0461705Z   - /home/runner/work/conduit/conduit/mechanisms/protocols/bluetooth/Cargo.toml
2026-10-08T21:56:24.0462616Z   - /home/runner/work/conduit/conduit/mechanisms/protocols/midi/Cargo.toml
2026-10-08T21:56:24.0463450Z   - /home/runner/work/conduit/conduit/plots/birth/Cargo.toml
2026-10-08T21:56:24.0463994Z   - /home/runner/work/conduit/conduit/plots/little-seismograph/fixture/Cargo.toml
2026-10-08T21:56:24.0464851Z   - /home/runner/work/conduit/conduit/plots/patchbay/application/Cargo.toml
2026-10-08T21:56:24.0465744Z   - /home/runner/work/conduit/conduit/plots/patchbay/Cargo.toml
2026-10-08T21:56:24.0466265Z   - /home/runner/work/conduit/conduit/plots/patchbay/graph/Cargo.toml
2026-10-08T21:56:24.0466832Z   - /home/runner/work/conduit/conduit/plots/patchbay/workbench/host-contract/Cargo.toml
2026-10-08T21:56:24.0467441Z   - /home/runner/work/conduit/conduit/plots/patchbay/workbench/model/Cargo.toml
2026-10-08T21:56:24.0468014Z   - /home/runner/work/conduit/conduit/plots/patchbay/workbench/svg-mask/Cargo.toml
2026-10-08T21:56:24.0468532Z   - /home/runner/work/conduit/conduit/plots/todo/face/Cargo.toml
2026-10-08T21:56:24.0468985Z   - /home/runner/work/conduit/conduit/plots/todo/model/Cargo.toml
2026-10-08T21:56:24.0469422Z   - /home/runner/work/conduit/conduit/plots/tour/Cargo.toml
2026-10-08T21:56:24.0469873Z   - /home/runner/work/conduit/conduit/products/conduit/Cargo.toml
2026-10-08T21:56:24.0470414Z   - /home/runner/work/conduit/conduit/proof/conformance/alife-distributed/Cargo.toml
2026-10-08T21:56:24.0471014Z   - /home/runner/work/conduit/conduit/proof/conformance/body-lifecycle/Cargo.toml
2026-10-08T21:56:24.0471572Z   - /home/runner/work/conduit/conduit/proof/conformance/network-r1/Cargo.toml
2026-10-08T21:56:24.0472165Z   - /home/runner/work/conduit/conduit/proof/conformance/patchbay-workbench/Cargo.toml
2026-10-08T21:56:24.0472757Z   - /home/runner/work/conduit/conduit/proof/conformance/pete-workload/Cargo.toml
2026-10-08T21:56:24.0473300Z   - /home/runner/work/conduit/conduit/proof/conformance/signal/Cargo.toml
2026-10-08T21:56:24.0473950Z   - /home/runner/work/conduit/conduit/proof/fixtures/rp2040-pio-audio-extension/Cargo.toml
2026-10-08T21:56:24.0474733Z   - /home/runner/work/conduit/conduit/rust-toolchain.toml
2026-10-08T21:56:24.0475182Z   - /home/runner/work/conduit/conduit/semantics/ai/Cargo.toml
2026-10-08T21:56:24.0475885Z   - /home/runner/work/conduit/conduit/semantics/alife/Cargo.toml
2026-10-08T21:56:24.0476350Z   - /home/runner/work/conduit/conduit/semantics/audio/Cargo.toml
2026-10-08T21:56:24.0476949Z   - /home/runner/work/conduit/conduit/semantics/body-invitation/Cargo.toml
2026-10-08T21:56:24.0477458Z   - /home/runner/work/conduit/conduit/semantics/catalog/Cargo.toml
2026-10-08T21:56:24.0477908Z   - /home/runner/work/conduit/conduit/semantics/chat/Cargo.toml
2026-10-08T21:56:24.0478381Z   - /home/runner/work/conduit/conduit/semantics/data/Cargo.toml
2026-10-08T21:56:24.0478836Z   - /home/runner/work/conduit/conduit/semantics/education/Cargo.toml
2026-10-08T21:56:24.0479297Z   - /home/runner/work/conduit/conduit/semantics/finance/Cargo.toml
2026-10-08T21:56:24.0479736Z   - /home/runner/work/conduit/conduit/semantics/home/Cargo.toml
2026-10-08T21:56:24.0480164Z   - /home/runner/work/conduit/conduit/semantics/human/Cargo.toml
2026-10-08T21:56:24.0480839Z   - /home/runner/work/conduit/conduit/semantics/language/Cargo.toml
2026-10-08T21:56:24.0481293Z   - /home/runner/work/conduit/conduit/semantics/net/Cargo.toml
2026-10-08T21:56:24.0481764Z   - /home/runner/work/conduit/conduit/semantics/plot-library/Cargo.toml
2026-10-08T21:56:24.0482275Z   - /home/runner/work/conduit/conduit/semantics/presentation/Cargo.toml
2026-10-08T21:56:24.0482756Z   - /home/runner/work/conduit/conduit/semantics/process/Cargo.toml
2026-10-08T21:56:24.0483207Z   - /home/runner/work/conduit/conduit/semantics/purpose/Cargo.toml
2026-10-08T21:56:24.0483661Z   - /home/runner/work/conduit/conduit/semantics/robotics/Cargo.toml
2026-10-08T21:56:24.0484121Z   - /home/runner/work/conduit/conduit/semantics/signal/Cargo.toml
2026-10-08T21:56:24.0484858Z   - /home/runner/work/conduit/conduit/semantics/speech/Cargo.toml
2026-10-08T21:56:24.0485383Z   - /home/runner/work/conduit/conduit/semantics/system-continuity/Cargo.toml
2026-10-08T21:56:24.0485881Z   - /home/runner/work/conduit/conduit/semantics/text/Cargo.toml
2026-10-08T21:56:24.0486317Z   - /home/runner/work/conduit/conduit/semantics/time/Cargo.toml
2026-10-08T21:56:24.0486756Z   - /home/runner/work/conduit/conduit/semantics/tongues/Cargo.toml
2026-10-08T21:56:24.0487228Z   - /home/runner/work/conduit/conduit/semantics/tutorial/Cargo.toml
2026-10-08T21:56:24.0487669Z   - /home/runner/work/conduit/conduit/semantics/web/Cargo.toml
2026-10-08T21:56:24.0488212Z   - /home/runner/work/conduit/conduit/targets/avr/firmware/promicro-host/.cargo/config.toml
2026-10-08T21:56:24.0488878Z   - /home/runner/work/conduit/conduit/targets/avr/firmware/promicro-host/rust-toolchain.toml
2026-10-08T21:56:24.0489430Z   - /home/runner/work/conduit/conduit/targets/avr/make/Cargo.toml
2026-10-08T21:56:24.0489898Z   - /home/runner/work/conduit/conduit/targets/browser/host/Cargo.toml
2026-10-08T21:56:24.0490375Z   - /home/runner/work/conduit/conduit/targets/browser/make/Cargo.toml
2026-10-08T21:56:24.0490878Z   - /home/runner/work/conduit/conduit/targets/browser/mask-offer/Cargo.toml
2026-10-08T21:56:24.0491454Z   - /home/runner/work/conduit/conduit/targets/browser/patchbay-workbench/Cargo.toml
2026-10-08T21:56:24.0492133Z   - /home/runner/work/conduit/conduit/targets/browser/runtime/Cargo.toml
2026-10-08T21:56:24.0492623Z   - /home/runner/work/conduit/conduit/targets/conduitos/Cargo.toml
2026-10-08T21:56:24.0493105Z   - /home/runner/work/conduit/conduit/targets/conduitos/make/Cargo.toml
2026-10-08T21:56:24.0493628Z   - /home/runner/work/conduit/conduit/targets/conduitos/mask-offer/Cargo.toml
2026-10-08T21:56:24.0494216Z   - /home/runner/work/conduit/conduit/targets/esp32/firmware/c3-signal/.cargo/config.toml
2026-10-08T21:56:24.0494985Z   - /home/runner/work/conduit/conduit/targets/esp32/firmware/s3-signal/.cargo/config.toml
2026-10-08T21:56:24.0495627Z   - /home/runner/work/conduit/conduit/targets/esp32/firmware/wroom-signal/.cargo/config.toml
2026-10-08T21:56:24.0496187Z   - /home/runner/work/conduit/conduit/targets/esp32/make/Cargo.toml
2026-10-08T21:56:24.0496666Z   - /home/runner/work/conduit/conduit/targets/orange-pi/make/Cargo.toml
2026-10-08T21:56:24.0497322Z   - /home/runner/work/conduit/conduit/targets/raspberry-pi/make/Cargo.toml
2026-10-08T21:56:24.0498007Z   - /home/runner/work/conduit/conduit/targets/rp2040/make/Cargo.toml
2026-10-08T21:56:24.0498540Z   - /home/runner/work/conduit/conduit/targets/rp2040/network-realization/Cargo.toml
2026-10-08T21:56:24.0499144Z   - /home/runner/work/conduit/conduit/targets/std/Cargo.toml
2026-10-08T21:56:24.0499580Z   - /home/runner/work/conduit/conduit/targets/std/make/Cargo.toml
2026-10-08T21:56:24.0500034Z   - /home/runner/work/conduit/conduit/targets/std/offers/Cargo.toml
2026-10-08T21:56:24.0500551Z   - /home/runner/work/conduit/conduit/targets/std/patchbay-workbench/Cargo.toml
2026-10-08T21:56:24.0501159Z   - /home/runner/work/conduit/conduit/tools/xtask-dispatch/Cargo.toml
2026-10-08T21:56:24.0501607Z   - /home/runner/work/conduit/conduit/tools/xtask/Cargo.toml
2026-10-08T21:56:24.0502133Z ##[endgroup]
2026-10-08T21:56:24.0502253Z 
2026-10-08T21:56:24.0502373Z ... Restoring cache ...
2026-10-08T21:56:24.2369826Z No cache found.
2026-10-08T21:56:24.2488863Z ##[group]Run cargo xtask ci pipeline acquisition-key "$TARGET"
2026-10-08T21:56:24.2489668Z [36;1mcargo xtask ci pipeline acquisition-key "$TARGET"[0m
2026-10-08T21:56:24.2579043Z shell: /usr/bin/bash --noprofile --norc -e -o pipefail {0}
2026-10-08T21:56:24.2579387Z env:
2026-10-08T21:56:24.2579580Z   CARGO_TERM_COLOR: always
2026-10-08T21:56:24.2579814Z   CARGO_INCREMENTAL: 0
2026-10-08T21:56:24.2580035Z   CARGO_PROFILE_DEV_DEBUG: 0
2026-10-08T21:56:24.2580288Z   CARGO_PROFILE_TEST_DEBUG: 0
2026-10-08T21:56:24.2580525Z   RUSTUP_TOOLCHAIN: 1.98.1
2026-10-08T21:56:24.2580834Z   CONDUIT_CHECKOUT_SHA: 7f8069c3aebaa63cb12f9cb112b1dbeaa5fe4d57
2026-10-08T21:56:24.2581202Z   CARGO_HOME: /home/runner/.cargo
2026-10-08T21:56:24.2581446Z   CACHE_ON_FAILURE: false
2026-10-08T21:56:24.2581659Z   TARGET: browser
2026-10-08T21:56:24.2581850Z ##[endgroup]
2026-10-08T21:56:24.3406206Z [1m[92m    Updating[0m crates.io index
2026-10-08T21:56:24.3417693Z [1m[92m    Updating[0m git repository `https://github.com/dancxjo/tongues.git`
2026-10-08T21:56:33.2132541Z [1m[92m Downloading[0m crates ...
2026-10-08T21:56:33.3254960Z [1m[92m  Downloaded[0m crypto-common v0.1.7
2026-10-08T21:56:33.3277419Z [1m[92m  Downloaded[0m block-buffer v0.10.4
2026-10-08T21:56:33.3303215Z [1m[92m  Downloaded[0m cfg-if v1.0.5
2026-10-08T21:56:33.3406681Z [1m[92m  Downloaded[0m cobs v0.3.0
2026-10-08T21:56:33.3429610Z [1m[92m  Downloaded[0m cpufeatures v0.2.17
2026-10-08T21:56:33.3488490Z [1m[92m  Downloaded[0m toml_write v0.1.2
2026-10-08T21:56:33.3504833Z [1m[92m  Downloaded[0m toml v0.8.23
2026-10-08T21:56:33.3532213Z [1m[92m  Downloaded[0m version_check v0.9.5
2026-10-08T21:56:33.3660228Z [1m[92m  Downloaded[0m proc-macro2 v1.0.107
2026-10-08T21:56:33.3796440Z [1m[92m  Downloaded[0m embedded-io v0.6.1
2026-10-08T21:56:33.3813061Z [1m[92m  Downloaded[0m equivalent v1.0.2
2026-10-08T21:56:33.3824453Z [1m[92m  Downloaded[0m generic-array v0.14.7
2026-10-08T21:56:33.3840349Z [1m[92m  Downloaded[0m serde_spanned v0.6.9
2026-10-08T21:56:33.3852702Z [1m[92m  Downloaded[0m toml_datetime v0.6.11
2026-10-08T21:56:33.3988392Z [1m[92m  Downloaded[0m embedded-io v0.4.0
2026-10-08T21:56:33.4007654Z [1m[92m  Downloaded[0m itoa v1.0.18
2026-10-08T21:56:33.4150764Z [1m[92m  Downloaded[0m quote v1.0.47
2026-10-08T21:56:33.4179618Z [1m[92m  Downloaded[0m sha2 v0.10.9
2026-10-08T21:56:33.4206552Z [1m[92m  Downloaded[0m thiserror-impl v2.0.20
2026-10-08T21:56:33.4221083Z [1m[92m  Downloaded[0m zmij v1.0.23
2026-10-08T21:56:33.4239173Z [1m[92m  Downloaded[0m postcard v1.1.3
2026-10-08T21:56:33.4297188Z [1m[92m  Downloaded[0m digest v0.10.7
2026-10-08T21:56:33.4317734Z [1m[92m  Downloaded[0m thiserror v2.0.20
2026-10-08T21:56:33.4386191Z [1m[92m  Downloaded[0m minicbor v2.3.0
2026-10-08T21:56:33.4408040Z [1m[92m  Downloaded[0m serde_derive v1.0.229
2026-10-08T21:56:33.4440045Z [1m[92m  Downloaded[0m serde_core v1.0.229
2026-10-08T21:56:33.4468977Z [1m[92m  Downloaded[0m unicode-ident v1.0.26
2026-10-08T21:56:33.4504270Z [1m[92m  Downloaded[0m toml_edit v0.22.27
2026-10-08T21:56:33.4550498Z [1m[92m  Downloaded[0m indexmap v2.14.2
2026-10-08T21:56:33.4593986Z [1m[92m  Downloaded[0m serde v1.0.229
2026-10-08T21:56:33.4629626Z [1m[92m  Downloaded[0m typenum v1.20.1
2026-10-08T21:56:33.4663576Z [1m[92m  Downloaded[0m memchr v2.8.3
2026-10-08T21:56:33.4718797Z [1m[92m  Downloaded[0m hashbrown v0.17.1
2026-10-08T21:56:33.4770840Z [1m[92m  Downloaded[0m serde_json v1.0.151
2026-10-08T21:56:33.4843000Z [1m[92m  Downloaded[0m libm v0.2.16
2026-10-08T21:56:33.4955992Z [1m[92m  Downloaded[0m winnow v0.7.15
2026-10-08T21:56:33.5051906Z [1m[92m  Downloaded[0m syn v3.0.6
2026-10-08T21:56:33.5967642Z [1m[92m   Compiling[0m proc-macro2 v1.0.107
2026-10-08T21:56:33.5968530Z [1m[92m   Compiling[0m unicode-ident v1.0.26
2026-10-08T21:56:33.5969234Z [1m[92m   Compiling[0m quote v1.0.47
2026-10-08T21:56:33.5970186Z [1m[92m   Compiling[0m version_check v0.9.5
2026-10-08T21:56:33.6804879Z [1m[92m   Compiling[0m typenum v1.20.1
2026-10-08T21:56:33.7936162Z [1m[92m   Compiling[0m cpufeatures v0.2.17
2026-10-08T21:56:33.8109977Z [1m[92m   Compiling[0m generic-array v0.14.7
2026-10-08T21:56:33.8223516Z [1m[92m   Compiling[0m cfg-if v1.0.5
2026-10-08T21:56:33.8566586Z [1m[92m   Compiling[0m libm v0.2.16
2026-10-08T21:56:33.9041502Z [1m[92m   Compiling[0m serde_core v1.0.229
2026-10-08T21:56:34.0986813Z [1m[92m   Compiling[0m serde v1.0.229
2026-10-08T21:56:34.4306241Z [1m[92m   Compiling[0m syn v3.0.6
2026-10-08T21:56:35.3726049Z [1m[92m   Compiling[0m block-buffer v0.10.4
2026-10-08T21:56:35.4695721Z [1m[92m   Compiling[0m crypto-common v0.1.7
2026-10-08T21:56:35.5366257Z [1m[92m   Compiling[0m digest v0.10.7
2026-10-08T21:56:35.6556563Z [1m[92m   Compiling[0m sha2 v0.10.9
2026-10-08T21:56:36.6928447Z [1m[92m   Compiling[0m thiserror v2.0.20
2026-10-08T21:56:36.7876438Z [1m[92m   Compiling[0m serde_derive v1.0.229
2026-10-08T21:56:36.9366186Z [1m[92m   Compiling[0m thiserror-impl v2.0.20
2026-10-08T21:56:36.9536650Z [1m[92m   Compiling[0m zmij v1.0.23
2026-10-08T21:56:37.1156166Z [1m[92m   Compiling[0m serde_json v1.0.151
2026-10-08T21:56:37.5046711Z [1m[92m   Compiling[0m itoa v1.0.18
2026-10-08T21:56:37.6226595Z [1m[92m   Compiling[0m memchr v2.8.3
2026-10-08T21:56:38.0726486Z [1m[92m   Compiling[0m cobs v0.3.0
2026-10-08T21:56:38.1696128Z [1m[92m   Compiling[0m minicbor v2.3.0
2026-10-08T21:56:38.2336456Z [1m[92m   Compiling[0m equivalent v1.0.2
2026-10-08T21:56:38.2716437Z [1m[92m   Compiling[0m hashbrown v0.17.1
2026-10-08T21:56:38.8056222Z [1m[92m   Compiling[0m indexmap v2.14.2
2026-10-08T21:56:39.0682396Z [1m[92m   Compiling[0m winnow v0.7.15
2026-10-08T21:56:39.4456264Z [1m[92m   Compiling[0m toml_write v0.1.2
2026-10-08T21:56:39.9466734Z [1m[92m   Compiling[0m conduit-assigned-plan v0.1.0 (/home/runner/work/conduit/conduit/architecture/assigned-plan)
2026-10-08T21:56:39.9766946Z [1m[92m   Compiling[0m postcard v1.1.3
2026-10-08T21:56:40.1906863Z [1m[92m   Compiling[0m conduit-core v0.1.0 (/home/runner/work/conduit/conduit/architecture/core)
2026-10-08T21:56:40.2606305Z [1m[92m   Compiling[0m serde_spanned v0.6.9
2026-10-08T21:56:40.3796719Z [1m[92m   Compiling[0m toml_datetime v0.6.11
2026-10-08T21:56:40.6106373Z [1m[92m   Compiling[0m toml_edit v0.22.27
2026-10-08T21:56:41.7798168Z [1m[92m   Compiling[0m toml v0.8.23
2026-10-08T21:56:48.4366921Z [1m[92m   Compiling[0m conduit-plot v0.1.0 (/home/runner/work/conduit/conduit/architecture/plot)
2026-10-08T21:56:48.4386264Z [1m[92m   Compiling[0m conduit-body v0.1.0 (/home/runner/work/conduit/conduit/architecture/body)
2026-10-08T21:56:57.0768905Z [1m[92m   Compiling[0m conduit-time v0.1.0 (/home/runner/work/conduit/conduit/semantics/time)
2026-10-08T21:56:57.0770373Z [1m[92m   Compiling[0m conduit-human v0.1.0 (/home/runner/work/conduit/conduit/semantics/human)
2026-10-08T21:56:57.0771912Z [1m[92m   Compiling[0m conduit-audio v0.1.0 (/home/runner/work/conduit/conduit/semantics/audio)
2026-10-08T21:57:04.2006531Z [1m[92m   Compiling[0m conduit-data v0.1.0 (/home/runner/work/conduit/conduit/semantics/data)
2026-10-08T21:57:04.9837149Z [1m[92m   Compiling[0m conduit-presentation v0.1.0 (/home/runner/work/conduit/conduit/semantics/presentation)
2026-10-08T21:57:10.3036771Z [1m[92m   Compiling[0m conduit-alife v0.1.0 (/home/runner/work/conduit/conduit/semantics/alife)
2026-10-08T21:57:10.6726537Z [1m[92m   Compiling[0m conduit-robotics v0.1.0 (/home/runner/work/conduit/conduit/semantics/robotics)
2026-10-08T21:57:11.0186644Z [1m[92m   Compiling[0m conduit-process v0.1.0 (/home/runner/work/conduit/conduit/semantics/process)
2026-10-08T21:57:11.2707186Z [1m[92m   Compiling[0m conduit-purpose v0.1.0 (/home/runner/work/conduit/conduit/semantics/purpose)
2026-10-08T21:57:11.4826514Z [1m[92m   Compiling[0m conduit-text v0.1.0 (/home/runner/work/conduit/conduit/semantics/text)
2026-10-08T21:57:11.7517708Z [1m[92m   Compiling[0m conduit-net v0.1.0 (/home/runner/work/conduit/conduit/semantics/net)
2026-10-08T21:57:11.9856631Z [1m[92m   Compiling[0m conduit-web v0.1.0 (/home/runner/work/conduit/conduit/semantics/web)
2026-10-08T21:57:13.4806619Z [1m[92m   Compiling[0m conduit-education v0.1.0 (/home/runner/work/conduit/conduit/semantics/education)
2026-10-08T21:57:13.4855260Z [1m[92m   Compiling[0m conduit-midi v0.1.0 (/home/runner/work/conduit/conduit/mechanisms/protocols/midi)
2026-10-08T21:57:16.7306725Z [1m[92m   Compiling[0m conduit-semantic-catalog v0.1.0 (/home/runner/work/conduit/conduit/semantics/catalog)
2026-10-08T21:57:18.4551256Z [1m[92m   Compiling[0m conduit-host-make v0.1.0 (/home/runner/work/conduit/conduit/make/host)
2026-10-08T21:57:20.9838462Z [1m[92m   Compiling[0m conduit-xtask-dispatch v0.1.0 (/home/runner/work/conduit/conduit/tools/xtask-dispatch)
2026-10-08T21:57:21.6603354Z [1m[92m    Finished[0m `dev` profile [unoptimized] target(s) in 57.38s
2026-10-08T21:57:21.7568643Z [1m[92m     Running[0m `target/debug/conduit-xtask-dispatch ci pipeline acquisition-key browser`
2026-10-08T21:57:21.8209447Z {"target":"browser","key":"conduit-acquisition-v1-linux-x64-ubuntu24-20261004.327.1-browser-80f661acefe91207edd1a22248d9fb65d0780377797856de876fafe2abef152d","specificationKey":"80f661acefe91207edd1a22248d9fb65d0780377797856de876fafe2abef152d","runnerImage":{"os":"ubuntu24","version":"20261004.327.1"},"paths":["/home/runner/.cache/conduit-ci","/home/runner/.cache/ms-playwright","/home/runner/.npm"],"cacheable":true}
2026-10-08T21:57:21.8313065Z ##[group]Run actions/cache/restore@v6.1.0
2026-10-08T21:57:21.8313372Z with:
2026-10-08T21:57:21.8313746Z   path: /home/runner/.cache/conduit-ci
/home/runner/.cache/ms-playwright
/home/runner/.npm
2026-10-08T21:57:21.8314955Z   key: conduit-acquisition-v1-linux-x64-ubuntu24-20261004.327.1-browser-80f661acefe91207edd1a22248d9fb65d0780377797856de876fafe2abef152d
2026-10-08T21:57:21.8315674Z   enableCrossOsArchive: false
2026-10-08T21:57:21.8315935Z   fail-on-cache-miss: false
2026-10-08T21:57:21.8316190Z   lookup-only: false
2026-10-08T21:57:21.8316396Z env:
2026-10-08T21:57:21.8316584Z   CARGO_TERM_COLOR: always
2026-10-08T21:57:21.8316810Z   CARGO_INCREMENTAL: 0
2026-10-08T21:57:21.8317031Z   CARGO_PROFILE_DEV_DEBUG: 0
2026-10-08T21:57:21.8317278Z   CARGO_PROFILE_TEST_DEBUG: 0
2026-10-08T21:57:21.8317510Z   RUSTUP_TOOLCHAIN: 1.98.1
2026-10-08T21:57:21.8317811Z   CONDUIT_CHECKOUT_SHA: 7f8069c3aebaa63cb12f9cb112b1dbeaa5fe4d57
2026-10-08T21:57:21.8318204Z   CARGO_HOME: /home/runner/.cargo
2026-10-08T21:57:21.8318450Z   CACHE_ON_FAILURE: false
2026-10-08T21:57:21.8318671Z ##[endgroup]
2026-10-08T21:57:22.1195553Z Cache not found for input keys: conduit-acquisition-v1-linux-x64-ubuntu24-20261004.327.1-browser-80f661acefe91207edd1a22248d9fb65d0780377797856de876fafe2abef152d
2026-10-08T21:57:22.1280782Z ##[group]Run cargo xtask ci pipeline setup "$TARGET"
2026-10-08T21:57:22.1281185Z [36;1mcargo xtask ci pipeline setup "$TARGET"[0m
2026-10-08T21:57:22.1341846Z shell: /usr/bin/bash --noprofile --norc -e -o pipefail {0}
2026-10-08T21:57:22.1342352Z env:
2026-10-08T21:57:22.1342555Z   CARGO_TERM_COLOR: always
2026-10-08T21:57:22.1342791Z   CARGO_INCREMENTAL: 0
2026-10-08T21:57:22.1343016Z   CARGO_PROFILE_DEV_DEBUG: 0
2026-10-08T21:57:22.1343266Z   CARGO_PROFILE_TEST_DEBUG: 0
2026-10-08T21:57:22.1343504Z   RUSTUP_TOOLCHAIN: 1.98.1
2026-10-08T21:57:22.1343805Z   CONDUIT_CHECKOUT_SHA: 7f8069c3aebaa63cb12f9cb112b1dbeaa5fe4d57
2026-10-08T21:57:22.1344168Z   CARGO_HOME: /home/runner/.cargo
2026-10-08T21:57:22.1344416Z   CACHE_ON_FAILURE: false
2026-10-08T21:57:22.1344805Z   TARGET: browser
2026-10-08T21:57:22.1347292Z   GITHUB_TOKEN: ***
2026-10-08T21:57:22.1347515Z ##[endgroup]
2026-10-08T21:57:22.3770357Z [1m[92m    Finished[0m `dev` profile [unoptimized] target(s) in 0.22s
2026-10-08T21:57:22.3831924Z [1m[92m     Running[0m `target/debug/conduit-xtask-dispatch ci pipeline setup browser`
2026-10-08T21:57:22.4639762Z > npm ci --prefix proof/browser
2026-10-08T21:57:23.5604807Z 
2026-10-08T21:57:23.5605383Z added 5 packages, and audited 6 packages in 1s
2026-10-08T21:57:23.5612676Z 
2026-10-08T21:57:23.5612880Z found 0 vulnerabilities
2026-10-08T21:58:02.4356086Z {"schema":"conduit.ci/apt-acquisition@1","requested":["build-essential","cmake","fonts-freefont-ttf","fonts-ipafont-gothic","fonts-tlwg-loma-otf","fonts-unifont","fonts-wqy-zenhei","libasound2-dev","libclang-dev","libssl-dev","libudev-dev","pkg-config","xfonts-cyrillic","xfonts-encodings","xfonts-scalable","xfonts-utils"],"repositoryScope":{"policy":"ubuntu-build-prerequisites@1","resolution":"no-removal-no-version-downgrade@1","os":"PRETTY_NAME=\"Ubuntu 24.04.5 LTS\"\nNAME=\"Ubuntu\"\nVERSION_ID=\"24.04\"\nVERSION=\"24.04.5 LTS (Noble Numbat)\"\nVERSION_CODENAME=noble\nID=ubuntu\nID_LIKE=debian\nHOME_URL=\"https://www.ubuntu.com/\"\nSUPPORT_URL=\"https://help.ubuntu.com/\"\nBUG_REPORT_URL=\"https://bugs.launchpad.net/ubuntu/\"\nPRIVACY_POLICY_URL=\"https://www.ubuntu.com/legal/terms-and-policies/privacy-policy\"\nUBUNTU_CODENAME=noble\nLOGO=ubuntu-logo\n","suite":"noble","source":"Types: deb\nURIs: https://archive.ubuntu.com/ubuntu\nSuites: noble noble-updates\nComponents: main restricted universe multiverse\nArchitectures: amd64\nSigned-By: /usr/share/keyrings/ubuntu-archive-keyring.gpg\n\nTypes: deb\nURIs: https://security.ubuntu.com/ubuntu\nSuites: noble-security\nComponents: main restricted universe multiverse\nArchitectures: amd64\nSigned-By: /usr/share/keyrings/ubuntu-archive-keyring.gpg\n","signingKeySha256":"80a36b0a6de2f69f49d2df75ef473ccde121e9e190b9ea01d20a4f63778d5c31"},"cache":"miss","downloadedPackages":18,"downloadedBytes":63579326,"installedVersions":{"build-essential":"12.10ubuntu1","cmake":"3.28.3-1build7","fonts-freefont-ttf":"20211204+svn4273-2","fonts-ipafont-gothic":"00303-21ubuntu1","fonts-tlwg-loma-otf":"1:0.7.3-1","fonts-unifont":"1:15.1.01-1build1","fonts-wqy-zenhei":"0.9.45-8","libasound2-dev":"1.2.11-1ubuntu0.3","libclang-dev":"1:18.0-59~exp2","libssl-dev":"3.0.13-0ubuntu3.16","libudev-dev":"255.4-1ubuntu8.17","pkg-config":"1.8.1-2build1","xfonts-cyrillic":"1:1.0.5+nmu1","xfonts-encodings":"1:1.0.5-0ubuntu2","xfonts-scalable":"1:1.0.3-1.3","xfonts-utils":"1:7.7+6build3"},"durationMs":36584,"resolutionKey":"62c66aeed4056e169d6506fffa6a0e5708af424b8cb25b5c1d9d7a31f9f761b2","resolvedPackages":[{"name":"build-essential","version":"12.10ubuntu1","architecture":"amd64","sha256":"9b2159b95a4c01937309783c7c8a6ec8dfbcb7ffd604951c9713ac52ee9c7268","bytes":4928},{"name":"cmake-data","version":"3.28.3-1build7","architecture":"all","sha256":"20a3b644211ce82f35c24f1f5052199adeb0ac159978a8740fd6c0959611557f","bytes":2154936},{"name":"cmake","version":"3.28.3-1build7","architecture":"amd64","sha256":"4b0a7f8c0daf27b26b46997d994ae5d1ee7a3d11dfcda9f7627bb1462c162295","bytes":11190006},{"name":"fonts-freefont-ttf","version":"20211204+svn4273-2","architecture":"all","sha256":"c8283ec9ca390e6ad8d2114cb0942182db62bb97f5142c2f955218fc5f2027b4","bytes":5640794},{"name":"fonts-ipafont-gothic","version":"00303-21ubuntu1","architecture":"all","sha256":"71e63f0f88cca672fbb24ed27873d799d8c37233f001aa0bbcdc2f303b1b98a2","bytes":3513360},{"name":"fonts-tlwg-loma-otf","version":"1:0.7.3-1","architecture":"all","sha256":"888038637a15d11993e3a9ddd50f6391a704918b2e38fe75b2f4d74b4fcfda9a","bytes":106786},{"name":"fonts-unifont","version":"1:15.1.01-1build1","architecture":"all","sha256":"56c9d46ce8223fa29c28eaeb99cabfc3a3159d3eec58f0bbbea839953f4cf363","bytes":2993066},{"name":"fonts-wqy-zenhei","version":"0.9.45-8","architecture":"all","sha256":"496969d65dc5664a3291e678d5cbef6815dc308ee5bf37b656c00af2cb490410","bytes":7471624},{"name":"libasound2-dev","version":"1.2.11-1ubuntu0.3","architecture":"amd64","sha256":"b83795b1ba0e40cfa8363359fd17a06260838d8ae0f315531771a62f7c7e215a","bytes":115386},{"name":"libclang-18-dev","version":"1:18.1.3-1ubuntu1","architecture":"amd64","sha256":"c7575822ec648defe1b04d83a1d6b7779fc26da548c2453acfa120e26d47ed53","bytes":28788538},{"name":"libclang-dev","version":"1:18.0-59~exp2","architecture":"amd64","sha256":"4089fd3e1ee1245b0d17a6da51fd9ea42910bff8e630b72ac3348e5f04b3ee7c","bytes":5424},{"name":"libjsoncpp25","version":"1.9.5-6build1","architecture":"amd64","sha256":"8efea5b75952f3ad1c40e6b5b31de687c297ea29f87f8b63efebb55e13467211","bytes":82754},{"name":"librhash0","version":"1.4.3-3build1","architecture":"amd64","sha256":"e9ee69963ff1a56378b9c5ffdd21ea0feaec9647c522349b7612b25103490528","bytes":128748},{"name":"libudev-dev","version":"255.4-1ubuntu8.17","architecture":"amd64","sha256":"e3fde14b59c81d0ef3b9caa7c627d09b5925a915b280919616cc5909096f7519","bytes":22016},{"name":"xfonts-cyrillic","version":"1:1.0.5+nmu1","architecture":"all","sha256":"d4a63d4da9f6d58467ccaa22b7b26c009ab46b07f0b1be2138d3bb037e74d2cb","bytes":384312},{"name":"xfonts-encodings","version":"1:1.0.5-0ubuntu2","architecture":"all","sha256":"3bac5ff1cba3b001aee1652e3af45d200c415b68e9b27932cb51fe9c464feb40","bytes":578092},{"name":"xfonts-scalable","version":"1:1.0.3-1.3","architecture":"all","sha256":"517f73a4f6e37332addffe6ff1795d5371f2f9c0863781efc31c4613f69993de","bytes":304118},{"name":"xfonts-utils","version":"1:7.7+6build3","architecture":"amd64","sha256":"8da5fccbc50005d50dd69ef558ae72673435026e1d3134d0c1cc836d22953c44","bytes":94438}]}
2026-10-08T21:58:02.4554029Z > rustup target list --installed --toolchain 1.98.1-x86_64-unknown-linux-gnu
2026-10-08T21:58:02.4802609Z > rustup target add --toolchain 1.98.1-x86_64-unknown-linux-gnu wasm32-unknown-unknown
2026-10-08T21:58:02.5270120Z info: downloading component rust-std
2026-10-08T21:58:04.4737839Z > rustup target list --installed --toolchain 1.98.1-x86_64-unknown-linux-gnu
2026-10-08T21:58:04.4983207Z > node proof/browser/node_modules/@playwright/test/cli.js install chromium
2026-10-08T21:58:05.0046921Z Downloading Chrome for Testing 151.0.7922.34 (playwright chromium v1234) from https://cdn.playwright.dev/builds/cft/151.0.7922.34/linux64/chrome-linux64.zip
2026-10-08T21:58:06.0365209Z |                                                                                |   0% of 184.3 MiB
2026-10-08T21:58:06.3859417Z |■■■■■■■■                                                                        |  10% of 184.3 MiB
2026-10-08T21:58:06.5144760Z |■■■■■■■■■■■■■■■■                                                                |  20% of 184.3 MiB
2026-10-08T21:58:06.7252566Z |■■■■■■■■■■■■■■■■■■■■■■■■                                                        |  30% of 184.3 MiB
2026-10-08T21:58:06.8059534Z |■■■■■■■■■■■■■■■■■■■■■■■■■■■■■■■■                                                |  40% of 184.3 MiB
2026-10-08T21:58:06.8705920Z |■■■■■■■■■■■■■■■■■■■■■■■■■■■■■■■■■■■■■■■■                                        |  50% of 184.3 MiB
2026-10-08T21:58:06.9357124Z |■■■■■■■■■■■■■■■■■■■■■■■■■■■■■■■■■■■■■■■■■■■■■■■■                                |  60% of 184.3 MiB
2026-10-08T21:58:07.0366602Z |■■■■■■■■■■■■■■■■■■■■■■■■■■■■■■■■■■■■■■■■■■■■■■■■■■■■■■■■                        |  70% of 184.3 MiB
2026-10-08T21:58:07.2662535Z |■■■■■■■■■■■■■■■■■■■■■■■■■■■■■■■■■■■■■■■■■■■■■■■■■■■■■■■■■■■■■■■■                |  80% of 184.3 MiB
2026-10-08T21:58:07.4907903Z |■■■■■■■■■■■■■■■■■■■■■■■■■■■■■■■■■■■■■■■■■■■■■■■■■■■■■■■■■■■■■■■■■■■■■■■■        |  90% of 184.3 MiB
2026-10-08T21:58:07.6209653Z |■■■■■■■■■■■■■■■■■■■■■■■■■■■■■■■■■■■■■■■■■■■■■■■■■■■■■■■■■■■■■■■■■■■■■■■■■■■■■■■■| 100% of 184.3 MiB
2026-10-08T21:58:10.3359653Z Chrome for Testing 151.0.7922.34 (playwright chromium v1234) downloaded to /home/runner/.cache/ms-playwright/chromium-1234
2026-10-08T21:58:10.3362536Z Downloading FFmpeg (playwright ffmpeg v1011) from https://cdn.playwright.dev/dbazure/download/playwright/builds/ffmpeg/1011/ffmpeg-linux.zip
2026-10-08T21:58:11.3742240Z |                                                                                |   0% of 2.3 MiB
2026-10-08T21:58:11.4120653Z |■■■■■■■■                                                                        |  10% of 2.3 MiB
2026-10-08T21:58:11.4393778Z |■■■■■■■■■■■■■■■■                                                                |  20% of 2.3 MiB
2026-10-08T21:58:11.4497998Z |■■■■■■■■■■■■■■■■■■■■■■■■                                                        |  30% of 2.3 MiB
2026-10-08T21:58:11.4614878Z |■■■■■■■■■■■■■■■■■■■■■■■■■■■■■■■■                                                |  40% of 2.3 MiB
2026-10-08T21:58:11.4746902Z |■■■■■■■■■■■■■■■■■■■■■■■■■■■■■■■■■■■■■■■■                                        |  50% of 2.3 MiB
2026-10-08T21:58:11.4795444Z |■■■■■■■■■■■■■■■■■■■■■■■■■■■■■■■■■■■■■■■■■■■■■■■■                                |  60% of 2.3 MiB
2026-10-08T21:58:11.4913312Z |■■■■■■■■■■■■■■■■■■■■■■■■■■■■■■■■■■■■■■■■■■■■■■■■■■■■■■■■                        |  70% of 2.3 MiB
2026-10-08T21:58:11.4945434Z |■■■■■■■■■■■■■■■■■■■■■■■■■■■■■■■■■■■■■■■■■■■■■■■■■■■■■■■■■■■■■■■■                |  80% of 2.3 MiB
2026-10-08T21:58:11.4977677Z |■■■■■■■■■■■■■■■■■■■■■■■■■■■■■■■■■■■■■■■■■■■■■■■■■■■■■■■■■■■■■■■■■■■■■■■■        |  90% of 2.3 MiB
2026-10-08T21:58:11.5014830Z |■■■■■■■■■■■■■■■■■■■■■■■■■■■■■■■■■■■■■■■■■■■■■■■■■■■■■■■■■■■■■■■■■■■■■■■■■■■■■■■■| 100% of 2.3 MiB
2026-10-08T21:58:11.5608422Z FFmpeg (playwright ffmpeg v1011) downloaded to /home/runner/.cache/ms-playwright/ffmpeg-1011
2026-10-08T21:58:11.5611892Z Downloading Chrome Headless Shell 151.0.7922.34 (playwright chromium-headless-shell v1234) from https://cdn.playwright.dev/builds/cft/151.0.7922.34/linux64/chrome-headless-shell-linux64.zip
2026-10-08T21:58:12.5873352Z |                                                                                |   0% of 114.7 MiB
2026-10-08T21:58:12.7648028Z |■■■■■■■■                                                                        |  10% of 114.7 MiB
2026-10-08T21:58:12.8207081Z |■■■■■■■■■■■■■■■■                                                                |  20% of 114.7 MiB
2026-10-08T21:58:12.8684889Z |■■■■■■■■■■■■■■■■■■■■■■■■                                                        |  30% of 114.7 MiB
2026-10-08T21:58:12.9295728Z |■■■■■■■■■■■■■■■■■■■■■■■■■■■■■■■■                                                |  40% of 114.7 MiB
2026-10-08T21:58:12.9950544Z |■■■■■■■■■■■■■■■■■■■■■■■■■■■■■■■■■■■■■■■■                                        |  50% of 114.7 MiB
2026-10-08T21:58:13.0486209Z |■■■■■■■■■■■■■■■■■■■■■■■■■■■■■■■■■■■■■■■■■■■■■■■■                                |  60% of 114.7 MiB
2026-10-08T21:58:13.1215820Z |■■■■■■■■■■■■■■■■■■■■■■■■■■■■■■■■■■■■■■■■■■■■■■■■■■■■■■■■                        |  70% of 114.7 MiB
2026-10-08T21:58:13.1723394Z |■■■■■■■■■■■■■■■■■■■■■■■■■■■■■■■■■■■■■■■■■■■■■■■■■■■■■■■■■■■■■■■■                |  80% of 114.7 MiB
2026-10-08T21:58:13.2328908Z |■■■■■■■■■■■■■■■■■■■■■■■■■■■■■■■■■■■■■■■■■■■■■■■■■■■■■■■■■■■■■■■■■■■■■■■■        |  90% of 114.7 MiB
2026-10-08T21:58:13.2878847Z |■■■■■■■■■■■■■■■■■■■■■■■■■■■■■■■■■■■■■■■■■■■■■■■■■■■■■■■■■■■■■■■■■■■■■■■■■■■■■■■■| 100% of 114.7 MiB
2026-10-08T21:58:15.2184814Z Chrome Headless Shell 151.0.7922.34 (playwright chromium-headless-shell v1234) downloaded to /home/runner/.cache/ms-playwright/chromium_headless_shell-1234
2026-10-08T21:58:15.5148468Z > /home/runner/.cache/ms-playwright/chromium-1234/chrome-linux64/chrome --version
2026-10-08T21:58:15.7708347Z > /home/runner/.cache/ms-playwright/chromium_headless_shell-1234/chrome-headless-shell-linux64/chrome-headless-shell --version
2026-10-08T21:58:15.9240643Z > /home/runner/.cache/ms-playwright/ffmpeg-1011/ffmpeg-linux -version
2026-10-08T21:58:15.9317757Z Acquisition browser: success in 53492 ms; report target/acquisition/browser.json
2026-10-08T21:58:15.9685704Z ##[group]Run actions/cache/save@v6.1.0
2026-10-08T21:58:15.9686003Z with:
2026-10-08T21:58:15.9686370Z   path: /home/runner/.cache/conduit-ci
/home/runner/.cache/ms-playwright
/home/runner/.npm
2026-10-08T21:58:15.9687383Z   key: conduit-acquisition-v1-linux-x64-ubuntu24-20261004.327.1-browser-80f661acefe91207edd1a22248d9fb65d0780377797856de876fafe2abef152d
2026-10-08T21:58:15.9688205Z   enableCrossOsArchive: false
2026-10-08T21:58:15.9688438Z env:
2026-10-08T21:58:15.9688621Z   CARGO_TERM_COLOR: always
2026-10-08T21:58:15.9688844Z   CARGO_INCREMENTAL: 0
2026-10-08T21:58:15.9689061Z   CARGO_PROFILE_DEV_DEBUG: 0
2026-10-08T21:58:15.9689289Z   CARGO_PROFILE_TEST_DEBUG: 0
2026-10-08T21:58:15.9689540Z   RUSTUP_TOOLCHAIN: 1.98.1
2026-10-08T21:58:15.9689834Z   CONDUIT_CHECKOUT_SHA: 7f8069c3aebaa63cb12f9cb112b1dbeaa5fe4d57
2026-10-08T21:58:15.9690178Z   CARGO_HOME: /home/runner/.cargo
2026-10-08T21:58:15.9690418Z   CACHE_ON_FAILURE: false
2026-10-08T21:58:15.9690628Z ##[endgroup]
2026-10-08T21:58:16.0992466Z [command]/usr/bin/tar --posix -cf cache.tzst --exclude cache.tzst -P -C /home/runner/work/conduit/conduit --files-from manifest.txt --use-compress-program zstdmt
2026-10-08T21:58:19.3091673Z Sent 14689068 of 350233388 (4.2%), 14.0 MBs/sec
2026-10-08T21:58:20.3090770Z Sent 283124524 of 350233388 (80.8%), 135.0 MBs/sec
2026-10-08T21:58:20.5654194Z Sent 350233388 of 350233388 (100.0%), 148.0 MBs/sec
2026-10-08T21:58:20.8314051Z Cache saved with key: conduit-acquisition-v1-linux-x64-ubuntu24-20261004.327.1-browser-80f661acefe91207edd1a22248d9fb65d0780377797856de876fafe2abef152d
2026-10-08T21:58:20.8470162Z ##[group]Run actions/upload-artifact@v7.0.1
2026-10-08T21:58:20.8470467Z with:
2026-10-08T21:58:20.8470828Z   name: acquisition-browser
2026-10-08T21:58:20.8471083Z   path: target/acquisition/browser.json
2026-10-08T21:58:20.8471363Z   if-no-files-found: warn
2026-10-08T21:58:20.8471592Z   retention-days: 14
2026-10-08T21:58:20.8471807Z   compression-level: 6
2026-10-08T21:58:20.8472017Z   overwrite: false
2026-10-08T21:58:20.8472231Z   include-hidden-files: false
2026-10-08T21:58:20.8472471Z   archive: true
2026-10-08T21:58:20.8472659Z env:
2026-10-08T21:58:20.8472845Z   CARGO_TERM_COLOR: always
2026-10-08T21:58:20.8473069Z   CARGO_INCREMENTAL: 0
2026-10-08T21:58:20.8473293Z   CARGO_PROFILE_DEV_DEBUG: 0
2026-10-08T21:58:20.8473527Z   CARGO_PROFILE_TEST_DEBUG: 0
2026-10-08T21:58:20.8473760Z   RUSTUP_TOOLCHAIN: 1.98.1
2026-10-08T21:58:20.8474064Z   CONDUIT_CHECKOUT_SHA: 7f8069c3aebaa63cb12f9cb112b1dbeaa5fe4d57
2026-10-08T21:58:20.8474423Z   CARGO_HOME: /home/runner/.cargo
2026-10-08T21:58:20.8475009Z   CACHE_ON_FAILURE: false
2026-10-08T21:58:20.8475230Z ##[endgroup]
2026-10-08T21:58:20.9914885Z With the provided path, there will be 1 file uploaded
2026-10-08T21:58:20.9919672Z Artifact name is valid!
2026-10-08T21:58:20.9920599Z Root directory input is valid!
2026-10-08T21:58:21.3101975Z Uploading artifact: acquisition-browser.zip
2026-10-08T21:58:21.3143885Z Beginning upload of artifact content to blob storage
2026-10-08T21:58:21.5412769Z Uploaded bytes 3443
2026-10-08T21:58:21.5979575Z Finished uploading artifact content to blob storage!
2026-10-08T21:58:21.5980803Z SHA256 digest of uploaded artifact is 79401e36e4688a45baf1b1f2f1a36e93b681e693382a3bba35c198029fa5115e
2026-10-08T21:58:21.5981826Z Finalizing artifact upload
2026-10-08T21:58:21.9624933Z Artifact acquisition-browser successfully finalized. Artifact ID 11580819540
2026-10-08T21:58:21.9626589Z Artifact acquisition-browser has been successfully uploaded! Final size is 3443 bytes. Artifact ID is 11580819540
2026-10-08T21:58:21.9629928Z Artifact download URL: https://github.com/dancxjo/conduit/actions/runs/37849229396/artifacts/11580819540
2026-10-08T21:58:21.9751073Z ##[group]Run cargo xtask ci pipeline target "$TARGET" "$SHA"
2026-10-08T21:58:21.9751718Z [36;1mcargo xtask ci pipeline target "$TARGET" "$SHA"[0m
2026-10-08T21:58:21.9812337Z shell: /usr/bin/bash --noprofile --norc -e -o pipefail {0}
2026-10-08T21:58:21.9812877Z env:
2026-10-08T21:58:21.9813247Z   CARGO_TERM_COLOR: always
2026-10-08T21:58:21.9813636Z   CARGO_INCREMENTAL: 0
2026-10-08T21:58:21.9813964Z   CARGO_PROFILE_DEV_DEBUG: 0
2026-10-08T21:58:21.9814373Z   CARGO_PROFILE_TEST_DEBUG: 0
2026-10-08T21:58:21.9814978Z   RUSTUP_TOOLCHAIN: 1.98.1
2026-10-08T21:58:21.9815453Z   CONDUIT_CHECKOUT_SHA: 7f8069c3aebaa63cb12f9cb112b1dbeaa5fe4d57
2026-10-08T21:58:21.9815982Z   CARGO_HOME: /home/runner/.cargo
2026-10-08T21:58:21.9816346Z   CACHE_ON_FAILURE: false
2026-10-08T21:58:21.9816749Z   TARGET: browser
2026-10-08T21:58:21.9817123Z   SHA: 7f8069c3aebaa63cb12f9cb112b1dbeaa5fe4d57
2026-10-08T21:58:21.9817573Z ##[endgroup]
2026-10-08T21:58:22.2178321Z [1m[92m    Finished[0m `dev` profile [unoptimized] target(s) in 0.22s
2026-10-08T21:58:22.2237423Z [1m[92m     Running[0m `target/debug/conduit-xtask-dispatch ci pipeline target browser 7f8069c3aebaa63cb12f9cb112b1dbeaa5fe4d57`
2026-10-08T21:58:22.3518540Z > cargo +1.98.1-x86_64-unknown-linux-gnu build --locked -p conduit --bin conduit -p conduit-browser-host --bin conduit-browser-host -p conduit-browser-patchbay-workbench --bin conduit-browser-patchbay-workbench -p conduit-std-host --bin webchat-server --bin browser-admission-probe
2026-10-08T21:58:22.5688526Z [1m[92m Downloading[0m crates ...
2026-10-08T21:58:22.6927617Z [1m[92m  Downloaded[0m anstyle-parse v1.0.0
2026-10-08T21:58:22.6963273Z [1m[92m  Downloaded[0m aead v0.5.2
2026-10-08T21:58:22.7081847Z [1m[92m  Downloaded[0m arrayvec v0.7.8
2026-10-08T21:58:22.7151081Z [1m[92m  Downloaded[0m anstyle-query v1.1.5
2026-10-08T21:58:22.7213024Z [1m[92m  Downloaded[0m autocfg v1.5.1
2026-10-08T21:58:22.7323892Z [1m[92m  Downloaded[0m anstream v1.0.0
2026-10-08T21:58:22.7347513Z [1m[92m  Downloaded[0m universal-hash v0.5.1
2026-10-08T21:58:22.7381034Z [1m[92m  Downloaded[0m anstyle v1.0.14
2026-10-08T21:58:22.7395832Z [1m[92m  Downloaded[0m base64ct v1.8.3
2026-10-08T21:58:22.7420942Z [1m[92m  Downloaded[0m anyhow v1.0.104
2026-10-08T21:58:22.7460790Z [1m[92m  Downloaded[0m sha1 v0.11.0
2026-10-08T21:58:22.7478291Z [1m[92m  Downloaded[0m instant-distance v0.6.1
2026-10-08T21:58:22.7493886Z [1m[92m  Downloaded[0m curve25519-dalek-derive v0.1.1
2026-10-08T21:58:22.7503610Z [1m[92m  Downloaded[0m percent-encoding v2.3.2
2026-10-08T21:58:22.7512148Z [1m[92m  Downloaded[0m signature v2.2.0
2026-10-08T21:58:22.7581354Z [1m[92m  Downloaded[0m proc-macro-error v1.0.4
2026-10-08T21:58:22.7628054Z [1m[92m  Downloaded[0m tinyvec v1.13.3
2026-10-08T21:58:22.7669110Z [1m[92m  Downloaded[0m base64 v0.23.1
2026-10-08T21:58:22.7718223Z [1m[92m  Downloaded[0m opaque-debug v0.3.1
2026-10-08T21:58:22.7729974Z [1m[92m  Downloaded[0m dirs-sys v0.5.0
2026-10-08T21:58:22.7741525Z [1m[92m  Downloaded[0m noise-protocol v0.2.1
2026-10-08T21:58:22.7751951Z [1m[92m  Downloaded[0m colorchoice v1.0.5
2026-10-08T21:58:22.7761353Z [1m[92m  Downloaded[0m is_terminal_polyfill v1.70.2
2026-10-08T21:58:22.7770177Z [1m[92m  Downloaded[0m num_cpus v1.17.0
2026-10-08T21:58:22.7802398Z [1m[92m  Downloaded[0m block-buffer v0.12.1
2026-10-08T21:58:22.7814284Z [1m[92m  Downloaded[0m thiserror v1.0.69
2026-10-08T21:58:22.7870742Z [1m[92m  Downloaded[0m socket2 v0.6.5
2026-10-08T21:58:22.7889001Z [1m[92m  Downloaded[0m zeroize_derive v1.5.0
2026-10-08T21:58:22.7898607Z [1m[92m  Downloaded[0m untrusted v0.9.0
2026-10-08T21:58:22.7914733Z [1m[92m  Downloaded[0m siphasher v1.0.3
2026-10-08T21:58:22.7928243Z [1m[92m  Downloaded[0m stable_deref_trait v1.2.1
2026-10-08T21:58:22.7936655Z [1m[92m  Downloaded[0m static-automata-macros v1.0.3
2026-10-08T21:58:22.7943611Z [1m[92m  Downloaded[0m utf8-zero v0.8.1
2026-10-08T21:58:22.7958639Z [1m[92m  Downloaded[0m proc-macro-error-attr v1.0.4
2026-10-08T21:58:22.7968105Z [1m[92m  Downloaded[0m utf8parse v0.2.2
2026-10-08T21:58:22.7977813Z [1m[92m  Downloaded[0m strsim v0.11.1
2026-10-08T21:58:22.7990973Z [1m[92m  Downloaded[0m hash32 v0.3.1
2026-10-08T21:58:22.8005664Z [1m[92m  Downloaded[0m phf_shared v0.11.3
2026-10-08T21:58:22.8014788Z [1m[92m  Downloaded[0m inout v0.1.4
2026-10-08T21:58:22.8025892Z [1m[92m  Downloaded[0m option-ext v0.2.0
2026-10-08T21:58:22.8034086Z [1m[92m  Downloaded[0m pkcs8 v0.10.2
2026-10-08T21:58:22.8063139Z [1m[92m  Downloaded[0m chacha20 v0.9.1
2026-10-08T21:58:22.8081408Z [1m[92m  Downloaded[0m subtle v2.6.1
2026-10-08T21:58:22.8093005Z [1m[92m  Downloaded[0m getrandom v0.2.17
2026-10-08T21:58:22.8122652Z [1m[92m  Downloaded[0m rand_chacha v0.3.1
2026-10-08T21:58:22.8133585Z [1m[92m  Downloaded[0m str-newtype-derive v2.0.0
2026-10-08T21:58:22.8143883Z [1m[92m  Downloaded[0m clap_lex v1.1.1
2026-10-08T21:58:22.8154528Z [1m[92m  Downloaded[0m static-automata v1.0.3
2026-10-08T21:58:22.8169472Z [1m[92m  Downloaded[0m crypto-common v0.2.2
2026-10-08T21:58:22.8180582Z [1m[92m  Downloaded[0m str-newtype v2.0.0
2026-10-08T21:58:22.8194631Z [1m[92m  Downloaded[0m noise-rust-crypto v0.6.2
2026-10-08T21:58:22.8202694Z [1m[92m  Downloaded[0m zeroize v1.9.0
2026-10-08T21:58:22.8217936Z [1m[92m  Downloaded[0m cpufeatures v0.3.1
2026-10-08T21:58:22.8232181Z [1m[92m  Downloaded[0m rustc_version v0.4.1
2026-10-08T21:58:22.8244681Z [1m[92m  Downloaded[0m scopeguard v1.2.0
2026-10-08T21:58:22.8256508Z [1m[92m  Downloaded[0m poly1305 v0.8.0
2026-10-08T21:58:22.8280621Z [1m[92m  Downloaded[0m spki v0.7.3
2026-10-08T21:58:22.8298428Z [1m[92m  Downloaded[0m dirs v6.0.0
2026-10-08T21:58:22.8311397Z [1m[92m  Downloaded[0m lock_api v0.4.14
2026-10-08T21:58:22.8323650Z [1m[92m  Downloaded[0m thiserror-impl v1.0.69
2026-10-08T21:58:22.8337747Z [1m[92m  Downloaded[0m data-encoding v2.11.1
2026-10-08T21:58:22.8347669Z [1m[92m  Downloaded[0m heck v0.5.0
2026-10-08T21:58:22.8360429Z [1m[92m  Downloaded[0m either v1.18.0
2026-10-08T21:58:22.8374838Z [1m[92m  Downloaded[0m ordered-float v3.9.2
2026-10-08T21:58:22.8388953Z [1m[92m  Downloaded[0m rustls-pemfile v2.2.0
2026-10-08T21:58:22.8413959Z [1m[92m  Downloaded[0m phf v0.11.3
2026-10-08T21:58:22.8426709Z [1m[92m  Downloaded[0m serde-json-core v0.6.0
2026-10-08T21:58:22.8448550Z [1m[92m  Downloaded[0m byteorder v1.5.0
2026-10-08T21:58:22.8464000Z [1m[92m  Downloaded[0m crossbeam-epoch v0.9.21
2026-10-08T21:58:22.8489000Z [1m[92m  Downloaded[0m digest v0.11.3
2026-10-08T21:58:22.8513526Z [1m[92m  Downloaded[0m smallvec v1.16.1
2026-10-08T21:58:22.8527861Z [1m[92m  Downloaded[0m langtag v1.1.0
2026-10-08T21:58:22.8554097Z [1m[92m  Downloaded[0m ed25519 v2.2.3
2026-10-08T21:58:22.8571712Z [1m[92m  Downloaded[0m find-msvc-tools v0.1.14
2026-10-08T21:58:22.8590300Z [1m[92m  Downloaded[0m ppv-lite86 v0.2.21
2026-10-08T21:58:22.8603428Z [1m[92m  Downloaded[0m shlex v2.0.1
2026-10-08T21:58:22.8616950Z [1m[92m  Downloaded[0m cipher v0.4.4
2026-10-08T21:58:22.8631914Z [1m[92m  Downloaded[0m parking_lot_core v0.9.12
2026-10-08T21:58:22.8652273Z [1m[92m  Downloaded[0m crossbeam-deque v0.8.8
2026-10-08T21:58:22.8667222Z [1m[92m  Downloaded[0m httparse v1.10.1
2026-10-08T21:58:22.8691965Z [1m[92m  Downloaded[0m chacha20 v0.10.2
2026-10-08T21:58:22.8716036Z [1m[92m  Downloaded[0m clap_derive v4.6.7
2026-10-08T21:58:22.8737290Z [1m[92m  Downloaded[0m once_cell v1.21.4
2026-10-08T21:58:22.8762329Z [1m[92m  Downloaded[0m sha2 v0.11.0
2026-10-08T21:58:22.8799992Z [1m[92m  Downloaded[0m crossbeam-utils v0.8.23
2026-10-08T21:58:22.8827214Z [1m[92m  Downloaded[0m hybrid-array v0.4.15
2026-10-08T21:58:22.8848526Z [1m[92m  Downloaded[0m rand_core v0.10.1
2026-10-08T21:58:22.8864218Z [1m[92m  Downloaded[0m rustls-pki-types v1.15.1
2026-10-08T21:58:22.8889402Z [1m[92m  Downloaded[0m semver v1.0.28
2026-10-08T21:58:22.8912445Z [1m[92m  Downloaded[0m const-oid v0.9.6
2026-10-08T21:58:22.8930712Z [1m[92m  Downloaded[0m ryu v1.0.23
2026-10-08T21:58:22.8963333Z [1m[92m  Downloaded[0m tungstenite v0.30.0
2026-10-08T21:58:22.8997695Z [1m[92m  Downloaded[0m ureq-proto v0.6.4
2026-10-08T21:58:22.9040849Z [1m[92m  Downloaded[0m getrandom v0.4.3
2026-10-08T21:58:22.9078572Z [1m[92m  Downloaded[0m log v0.4.34
2026-10-08T21:58:22.9103217Z [1m[92m  Downloaded[0m parking_lot v0.12.5
2026-10-08T21:58:22.9127851Z [1m[92m  Downloaded[0m getrandom v0.3.4
2026-10-08T21:58:22.9162314Z [1m[92m  Downloaded[0m rand_core v0.6.4
2026-10-08T21:58:22.9175075Z [1m[92m  Downloaded[0m bytes v1.12.1
2026-10-08T21:58:22.9210203Z [1m[92m  Downloaded[0m const-oid v0.10.2
2026-10-08T21:58:22.9233898Z [1m[92m  Downloaded[0m clap v4.6.7
2026-10-08T21:58:22.9333344Z [1m[92m  Downloaded[0m num-traits v0.2.19
2026-10-08T21:58:22.9359622Z [1m[92m  Downloaded[0m x25519-dalek v2.0.1
2026-10-08T21:58:22.9376198Z [1m[92m  Downloaded[0m heapless v0.8.0
2026-10-08T21:58:22.9413594Z [1m[92m  Downloaded[0m rayon-core v1.13.0
2026-10-08T21:58:22.9450352Z [1m[92m  Downloaded[0m rand v0.8.8
2026-10-08T21:58:22.9483149Z [1m[92m  Downloaded[0m chacha20poly1305 v0.10.1
2026-10-08T21:58:22.9505504Z [1m[92m  Downloaded[0m qrcode v0.14.1
2026-10-08T21:58:22.9537337Z [1m[92m  Downloaded[0m der v0.7.10
2026-10-08T21:58:22.9590523Z [1m[92m  Downloaded[0m rustls-webpki v0.103.15
2026-10-08T21:58:22.9621068Z [1m[92m  Downloaded[0m http v1.5.0
2026-10-08T21:58:22.9656954Z [1m[92m  Downloaded[0m ed25519-dalek v2.2.0
2026-10-08T21:58:22.9687804Z [1m[92m  Downloaded[0m rand v0.10.3
2026-10-08T21:58:22.9724758Z [1m[92m  Downloaded[0m cc v1.6.0
2026-10-08T21:58:22.9759131Z [1m[92m  Downloaded[0m unicode-segmentation v1.13.3
2026-10-08T21:58:22.9787619Z [1m[92m  Downloaded[0m clap_builder v4.6.7
2026-10-08T21:58:22.9850652Z [1m[92m  Downloaded[0m rayon v1.12.0
2026-10-08T21:58:22.9945735Z [1m[92m  Downloaded[0m unicode-normalization v0.1.25
2026-10-08T21:58:22.9979492Z [1m[92m  Downloaded[0m rustls v0.23.45
2026-10-08T21:58:23.0097147Z [1m[92m  Downloaded[0m ureq v3.4.2
2026-10-08T21:58:23.0152934Z [1m[92m  Downloaded[0m webpki-roots v1.0.9
2026-10-08T21:58:23.0182993Z [1m[92m  Downloaded[0m curve25519-dalek v4.1.3
2026-10-08T21:58:23.0264751Z [1m[92m  Downloaded[0m isolang v2.4.0
2026-10-08T21:58:23.0331292Z [1m[92m  Downloaded[0m syn v2.0.119
2026-10-08T21:58:23.0435976Z [1m[92m  Downloaded[0m libc v0.2.189
2026-10-08T21:58:23.0872125Z [1m[92m  Downloaded[0m syn v1.0.109
2026-10-08T21:58:23.0964653Z [1m[92m  Downloaded[0m zerocopy v0.8.57
2026-10-08T21:58:23.1178637Z [1m[92m  Downloaded[0m ring v0.17.14
2026-10-08T21:58:23.3263494Z [1m[92m   Compiling[0m syn v3.0.6
2026-10-08T21:58:23.3264902Z [1m[92m   Compiling[0m typenum v1.20.1
2026-10-08T21:58:23.3321355Z [1m[92m   Compiling[0m syn v2.0.119
2026-10-08T21:58:23.3354173Z [1m[92m   Compiling[0m subtle v2.6.1
2026-10-08T21:58:23.4203638Z [1m[92m   Compiling[0m thiserror v2.0.20
2026-10-08T21:58:23.6419141Z [1m[92m   Compiling[0m semver v1.0.28
2026-10-08T21:58:23.8756740Z [1m[92m   Compiling[0m rustc_version v0.4.1
2026-10-08T21:58:24.0796174Z [1m[92m   Compiling[0m curve25519-dalek v4.1.3
2026-10-08T21:58:24.2146001Z [1m[92m   Compiling[0m signature v2.2.0
2026-10-08T21:58:24.2438160Z [1m[92m   Compiling[0m generic-array v0.14.7
2026-10-08T21:58:24.2646291Z [1m[92m   Compiling[0m ed25519 v2.2.3
2026-10-08T21:58:24.3506228Z [1m[92m   Compiling[0m libc v0.2.189
2026-10-08T21:58:24.7644056Z [1m[92m   Compiling[0m crypto-common v0.1.7
2026-10-08T21:58:24.8216498Z [1m[92m   Compiling[0m block-buffer v0.10.4
2026-10-08T21:58:24.8894032Z [1m[92m   Compiling[0m digest v0.10.7
2026-10-08T21:58:25.0266037Z [1m[92m   Compiling[0m sha2 v0.10.9
2026-10-08T21:58:25.3396897Z [1m[92m   Compiling[0m proc-macro-error-attr v1.0.4
2026-10-08T21:58:25.4186216Z [1m[92m   Compiling[0m syn v1.0.109
2026-10-08T21:58:25.5546360Z [1m[92m   Compiling[0m proc-macro-error v1.0.4
2026-10-08T21:58:25.8496234Z [1m[92m   Compiling[0m hybrid-array v0.4.15
2026-10-08T21:58:26.2386340Z [1m[92m   Compiling[0m cpufeatures v0.3.1
2026-10-08T21:58:26.2746248Z [1m[92m   Compiling[0m thiserror v1.0.69
2026-10-08T21:58:26.3726135Z [1m[92m   Compiling[0m crypto-common v0.2.2
2026-10-08T21:58:26.4546277Z [1m[92m   Compiling[0m block-buffer v0.12.1
2026-10-08T21:58:26.5436252Z [1m[92m   Compiling[0m const-oid v0.10.2
2026-10-08T21:58:26.6767048Z [1m[92m   Compiling[0m siphasher v1.0.3
2026-10-08T21:58:26.8076488Z [1m[92m   Compiling[0m phf_shared v0.11.3
2026-10-08T21:58:26.9226066Z [1m[92m   Compiling[0m getrandom v0.2.17
2026-10-08T21:58:27.0289272Z [1m[92m   Compiling[0m serde_derive v1.0.229
2026-10-08T21:58:27.0501813Z [1m[92m   Compiling[0m thiserror-impl v2.0.20
2026-10-08T21:58:27.3596141Z [1m[92m   Compiling[0m digest v0.11.3
2026-10-08T21:58:27.4606601Z [1m[92m   Compiling[0m heapless v0.8.0
2026-10-08T21:58:27.6026805Z [1m[92m   Compiling[0m option-ext v0.2.0
2026-10-08T21:58:27.6396148Z [1m[92m   Compiling[0m byteorder v1.5.0
2026-10-08T21:58:27.7636139Z [1m[92m   Compiling[0m anyhow v1.0.104
2026-10-08T21:58:27.9776455Z [1m[92m   Compiling[0m hash32 v0.3.1
2026-10-08T21:58:28.0325912Z [1m[92m   Compiling[0m zeroize_derive v1.5.0
2026-10-08T21:58:28.0486452Z [1m[92m   Compiling[0m curve25519-dalek-derive v0.1.1
2026-10-08T21:58:28.2046954Z [1m[92m   Compiling[0m cobs v0.3.0
2026-10-08T21:58:28.3116687Z [1m[92m   Compiling[0m thiserror-impl v1.0.69
2026-10-08T21:58:28.4456334Z [1m[92m   Compiling[0m zeroize v1.9.0
2026-10-08T21:58:28.4586322Z [1m[92m   Compiling[0m static-automata-macros v1.0.3
2026-10-08T21:58:28.6579190Z [1m[92m   Compiling[0m static-automata v1.0.3
2026-10-08T21:58:28.7056384Z [1m[92m   Compiling[0m dirs-sys v0.5.0
2026-10-08T21:58:28.9002981Z [1m[92m   Compiling[0m phf v0.11.3
2026-10-08T21:58:29.0017687Z [1m[92m   Compiling[0m speaking v0.1.0 (https://github.com/dancxjo/tongues.git?rev=b5d7535b2ccd3730b4db878fb61b2e4e48ae89c9#b5d7535b)
2026-10-08T21:58:29.0886125Z [1m[92m   Compiling[0m tinyvec v1.13.3
2026-10-08T21:58:29.3277347Z [1m[92m   Compiling[0m ed25519-dalek v2.2.0
2026-10-08T21:58:29.4562712Z [1m[92m   Compiling[0m str-newtype-derive v2.0.0
2026-10-08T21:58:29.5096507Z [1m[92m   Compiling[0m stable_deref_trait v1.2.1
2026-10-08T21:58:29.5426385Z [1m[92m   Compiling[0m unicode-normalization v0.1.25
2026-10-08T21:58:29.5565373Z [1m[92m   Compiling[0m isolang v2.4.0
2026-10-08T21:58:29.9176501Z [1m[92m   Compiling[0m dirs v6.0.0
2026-10-08T21:58:30.0666798Z [1m[92m   Compiling[0m serde v1.0.229
2026-10-08T21:58:30.2186184Z [1m[92m   Compiling[0m sha2 v0.11.0
2026-10-08T21:58:30.4006649Z [1m[92m   Compiling[0m str-newtype v2.0.0
2026-10-08T21:58:30.4416124Z [1m[92m   Compiling[0m langtag v1.1.0
2026-10-08T21:58:30.5763090Z [1m[92m   Compiling[0m conduit-assigned-plan v0.1.0 (/home/runner/work/conduit/conduit/architecture/assigned-plan)
2026-10-08T21:58:30.8356497Z [1m[92m   Compiling[0m conduit-core v0.1.0 (/home/runner/work/conduit/conduit/architecture/core)
2026-10-08T21:58:31.5917017Z [1m[92m   Compiling[0m conduit-kernel v0.1.0 (/home/runner/work/conduit/conduit/architecture/kernel)
2026-10-08T21:58:32.3916676Z [1m[92m   Compiling[0m postcard v1.1.3
2026-10-08T21:58:32.6655995Z [1m[92m   Compiling[0m serde_spanned v0.6.9
2026-10-08T21:58:32.7286294Z [1m[92m   Compiling[0m toml_datetime v0.6.11
2026-10-08T21:58:32.8985726Z [1m[92m   Compiling[0m toml_edit v0.22.27
2026-10-08T21:58:33.2446554Z [1m[92m   Compiling[0m ryu v1.0.23
2026-10-08T21:58:33.3596431Z [1m[92m   Compiling[0m unicode-segmentation v1.13.3
2026-10-08T21:58:35.9886373Z [1m[92m   Compiling[0m toml v0.8.23
2026-10-08T21:58:36.5836082Z [1m[92m   Compiling[0m serde-json-core v0.6.0
2026-10-08T21:58:36.8816309Z [1m[92m   Compiling[0m find-msvc-tools v0.1.14
2026-10-08T21:58:37.0526431Z [1m[92m   Compiling[0m shlex v2.0.1
2026-10-08T21:58:37.1696577Z [1m[92m   Compiling[0m cc v1.6.0
2026-10-08T21:58:38.7306213Z [1m[92m   Compiling[0m rand_core v0.6.4
2026-10-08T21:58:38.8666023Z [1m[92m   Compiling[0m inout v0.1.4
2026-10-08T21:58:38.9296153Z [1m[92m   Compiling[0m crossbeam-utils v0.8.23
2026-10-08T21:58:39.0779569Z [1m[92m   Compiling[0m cipher v0.4.4
2026-10-08T21:58:39.2353299Z [1m[92m   Compiling[0m ring v0.17.14
2026-10-08T21:58:39.5686215Z [1m[92m   Compiling[0m universal-hash v0.5.1
2026-10-08T21:58:39.6376256Z [1m[92m   Compiling[0m zerocopy v0.8.57
2026-10-08T21:58:39.8746263Z [1m[92m   Compiling[0m crossbeam-epoch v0.9.21
2026-10-08T21:58:39.9856933Z [1m[92m   Compiling[0m opaque-debug v0.3.1
2026-10-08T21:58:40.0146056Z [1m[92m   Compiling[0m poly1305 v0.8.0
2026-10-08T21:58:44.1236570Z [1m[92m   Compiling[0m conduit-plot v0.1.0 (/home/runner/work/conduit/conduit/architecture/plot)
2026-10-08T21:58:44.5156747Z [1m[92m   Compiling[0m conduit-body v0.1.0 (/home/runner/work/conduit/conduit/architecture/body)
2026-10-08T21:58:51.9564734Z [1m[92m   Compiling[0m conduit-plan-lowering v0.1.0 (/home/runner/work/conduit/conduit/architecture/plan-lowering)
2026-10-08T21:58:53.0596626Z [1m[92m   Compiling[0m chacha20 v0.9.1
2026-10-08T21:58:53.6253936Z [1m[92m   Compiling[0m rustls-pki-types v1.15.1
2026-10-08T21:58:54.0246167Z [1m[92m   Compiling[0m aead v0.5.2
2026-10-08T21:58:54.0876220Z [1m[92m   Compiling[0m httparse v1.10.1
2026-10-08T21:58:54.2972963Z [1m[92m   Compiling[0m autocfg v1.5.1
2026-10-08T21:58:54.6156460Z [1m[92m   Compiling[0m arrayvec v0.7.8
2026-10-08T21:58:54.7576645Z [1m[92m   Compiling[0m crossbeam-deque v0.8.8
2026-10-08T21:58:54.8716654Z [1m[92m   Compiling[0m noise-protocol v0.2.1
2026-10-08T21:58:55.0756463Z [1m[92m   Compiling[0m num-traits v0.2.19
2026-10-08T21:58:55.1425170Z [1m[92m   Compiling[0m chacha20poly1305 v0.10.1
2026-10-08T21:58:55.2475055Z [1m[92m   Compiling[0m rand_core v0.10.1
2026-10-08T21:58:55.3056958Z [1m[92m   Compiling[0m conduit-time v0.1.0 (/home/runner/work/conduit/conduit/semantics/time)
2026-10-08T21:58:55.4017696Z [1m[92m   Compiling[0m conduit-human v0.1.0 (/home/runner/work/conduit/conduit/semantics/human)
2026-10-08T21:59:00.6384365Z [1m[92m   Compiling[0m conduit-language v0.1.0 (/home/runner/work/conduit/conduit/semantics/language)
2026-10-08T21:59:00.9026525Z [1m[92m   Compiling[0m conduit-audio v0.1.0 (/home/runner/work/conduit/conduit/semantics/audio)
2026-10-08T21:59:02.8566841Z [1m[92m   Compiling[0m conduit-presentation v0.1.0 (/home/runner/work/conduit/conduit/semantics/presentation)
2026-10-08T21:59:02.9797197Z [1m[92m   Compiling[0m conduit-data v0.1.0 (/home/runner/work/conduit/conduit/semantics/data)
2026-10-08T21:59:08.4316986Z [1m[92m   Compiling[0m conduit-web v0.1.0 (/home/runner/work/conduit/conduit/semantics/web)
2026-10-08T21:59:09.5596588Z [1m[92m   Compiling[0m conduit-text v0.1.0 (/home/runner/work/conduit/conduit/semantics/text)
2026-10-08T21:59:09.7936985Z [1m[92m   Compiling[0m conduit-alife v0.1.0 (/home/runner/work/conduit/conduit/semantics/alife)
2026-10-08T21:59:10.1176781Z [1m[92m   Compiling[0m conduit-net v0.1.0 (/home/runner/work/conduit/conduit/semantics/net)
2026-10-08T21:59:10.4687414Z [1m[92m   Compiling[0m conduit-purpose v0.1.0 (/home/runner/work/conduit/conduit/semantics/purpose)
2026-10-08T21:59:10.6786615Z [1m[92m   Compiling[0m conduit-robotics v0.1.0 (/home/runner/work/conduit/conduit/semantics/robotics)
2026-10-08T21:59:10.9826612Z [1m[92m   Compiling[0m conduit-process v0.1.0 (/home/runner/work/conduit/conduit/semantics/process)
2026-10-08T21:59:17.0597615Z [1m[92m   Compiling[0m conduit-education v0.1.0 (/home/runner/work/conduit/conduit/semantics/education)
2026-10-08T21:59:17.3065238Z [1m[92m   Compiling[0m conduit-midi v0.1.0 (/home/runner/work/conduit/conduit/mechanisms/protocols/midi)
2026-10-08T21:59:18.0857610Z [1m[92m   Compiling[0m conduit-ai v0.1.0 (/home/runner/work/conduit/conduit/semantics/ai)
2026-10-08T21:59:18.5886300Z [1m[92m   Compiling[0m conduit-chat v0.1.0 (/home/runner/work/conduit/conduit/semantics/chat)
2026-10-08T21:59:18.9047109Z [1m[92m   Compiling[0m conduit-tongues v0.1.0 (/home/runner/work/conduit/conduit/semantics/tongues)
2026-10-08T21:59:19.2027519Z [1m[92m   Compiling[0m conduit-signal v0.1.0 (/home/runner/work/conduit/conduit/semantics/signal)
2026-10-08T21:59:19.4066556Z [1m[92m   Compiling[0m conduit-todo-plot v0.1.0 (/home/runner/work/conduit/conduit/plots/todo/model)
2026-10-08T21:59:19.5036821Z [1m[92m   Compiling[0m conduit-wire v0.1.0 (/home/runner/work/conduit/conduit/architecture/wire)
2026-10-08T21:59:19.6256405Z [1m[92m   Compiling[0m conduit-tutorial-plot v0.1.0 (/home/runner/work/conduit/conduit/semantics/tutorial)
2026-10-08T21:59:19.8277350Z [1m[92m   Compiling[0m conduit-body-invitation-plot v0.1.0 (/home/runner/work/conduit/conduit/semantics/body-invitation)
2026-10-08T21:59:20.0317064Z [1m[92m   Compiling[0m conduit-plot-library v0.1.0 (/home/runner/work/conduit/conduit/semantics/plot-library)
2026-10-08T21:59:20.2287118Z [1m[92m   Compiling[0m conduit-bluetooth v0.1.0 (/home/runner/work/conduit/conduit/mechanisms/protocols/bluetooth)
2026-10-08T21:59:20.2905853Z [1m[92m   Compiling[0m bytes v1.12.1
2026-10-08T21:59:20.5056461Z [1m[92m   Compiling[0m log v0.4.34
2026-10-08T21:59:20.5995435Z [1m[92m   Compiling[0m parking_lot_core v0.9.12
2026-10-08T21:59:20.6931443Z [1m[92m   Compiling[0m untrusted v0.9.0
2026-10-08T21:59:20.7446653Z [1m[92m   Compiling[0m getrandom v0.4.3
2026-10-08T21:59:20.7675944Z [1m[92m   Compiling[0m rayon-core v1.13.0
2026-10-08T21:59:20.8538186Z [1m[92m   Compiling[0m http v1.5.0
2026-10-08T21:59:21.6596090Z [1m[92m   Compiling[0m ppv-lite86 v0.2.21
2026-10-08T21:59:22.0447776Z [1m[92m   Compiling[0m noise-rust-crypto v0.6.2
2026-10-08T21:59:22.4627067Z [1m[92m   Compiling[0m x25519-dalek v2.0.1
2026-10-08T21:59:22.5236631Z [1m[92m   Compiling[0m patchbay-control v0.1.0 (/home/runner/work/conduit/conduit/plots/patchbay)
2026-10-08T21:59:22.5339013Z [1m[92m   Compiling[0m smallvec v1.16.1
2026-10-08T21:59:22.6296040Z [1m[92m   Compiling[0m rustls v0.23.45
2026-10-08T21:59:22.6706434Z [1m[92m   Compiling[0m scopeguard v1.2.0
2026-10-08T21:59:22.7057380Z [1m[92m   Compiling[0m lock_api v0.4.14
2026-10-08T21:59:22.8446855Z [1m[92m   Compiling[0m conduit-protected-line v0.1.0 (/home/runner/work/conduit/conduit/architecture/protected-line)
2026-10-08T21:59:23.4546416Z [1m[92m   Compiling[0m rand_chacha v0.3.1
2026-10-08T21:59:23.6766099Z [1m[92m   Compiling[0m rustls-webpki v0.103.15
2026-10-08T21:59:24.2276740Z [1m[92m   Compiling[0m conduit-synth v0.1.0 (/home/runner/work/conduit/conduit/mechanisms/implementations/synth)
2026-10-08T21:59:24.4306722Z [1m[92m   Compiling[0m conduit-birth-plot v0.1.0 (/home/runner/work/conduit/conduit/plots/birth)
2026-10-08T21:59:24.4746932Z [1m[92m   Compiling[0m conduit-little-seismograph-fixture v0.1.0 (/home/runner/work/conduit/conduit/plots/little-seismograph/fixture)
2026-10-08T21:59:24.5665999Z [1m[92m   Compiling[0m chacha20 v0.10.2
2026-10-08T21:59:24.7446804Z [1m[92m   Compiling[0m conduit-finance v0.1.0 (/home/runner/work/conduit/conduit/semantics/finance)
2026-10-08T21:59:24.9461501Z [1m[92m   Compiling[0m conduit-composite v0.1.0 (/home/runner/work/conduit/conduit/architecture/composite)
2026-10-08T21:59:25.0046357Z [1m[92m   Compiling[0m qrcode v0.14.1
2026-10-08T21:59:25.4206466Z [1m[92m   Compiling[0m once_cell v1.21.4
2026-10-08T21:59:25.5507130Z [1m[92m   Compiling[0m base64 v0.23.1
2026-10-08T21:59:25.8175936Z [1m[92m   Compiling[0m either v1.18.0
2026-10-08T21:59:25.9516372Z [1m[92m   Compiling[0m getrandom v0.3.4
2026-10-08T21:59:26.0985942Z [1m[92m   Compiling[0m rayon v1.12.0
2026-10-08T21:59:26.8795934Z [1m[92m   Compiling[0m ureq-proto v0.6.4
2026-10-08T21:59:28.0405896Z [1m[92m   Compiling[0m rand v0.10.3
2026-10-08T21:59:28.6276464Z [1m[92m   Compiling[0m rand v0.8.8
2026-10-08T21:59:29.4717245Z [1m[92m   Compiling[0m ordered-float v3.9.2
2026-10-08T21:59:29.7705046Z [1m[92m   Compiling[0m parking_lot v0.12.5
2026-10-08T21:59:30.0636625Z [1m[92m   Compiling[0m webpki-roots v1.0.9
2026-10-08T21:59:30.1266403Z [1m[92m   Compiling[0m sha1 v0.11.0
2026-10-08T21:59:30.2755939Z [1m[92m   Compiling[0m num_cpus v1.17.0
2026-10-08T21:59:30.4906419Z [1m[92m   Compiling[0m percent-encoding v2.3.2
2026-10-08T21:59:30.5933531Z [1m[92m   Compiling[0m utf8-zero v0.8.1
2026-10-08T21:59:30.6756662Z [1m[92m   Compiling[0m data-encoding v2.11.1
2026-10-08T21:59:31.2776919Z [1m[92m   Compiling[0m tungstenite v0.30.0
2026-10-08T21:59:32.0906905Z [1m[92m   Compiling[0m ureq v3.4.2
2026-10-08T21:59:32.5416730Z [1m[92m   Compiling[0m instant-distance v0.6.1
2026-10-08T21:59:33.4383980Z [1m[92m   Compiling[0m rustls-pemfile v2.2.0
2026-10-08T21:59:33.5437565Z [1m[92m   Compiling[0m conduit-rp2040-network-realization v0.1.0 (/home/runner/work/conduit/conduit/targets/rp2040/network-realization)
2026-10-08T21:59:33.6737696Z [1m[92m   Compiling[0m conduit-emergency-keyword-spotter v0.1.0 (/home/runner/work/conduit/conduit/mechanisms/implementations/emergency-keyword-spotter)
2026-10-08T21:59:33.7018791Z [1m[92m   Compiling[0m patchbay-workbench-host-contract v0.1.0 (/home/runner/work/conduit/conduit/plots/patchbay/workbench/host-contract)
2026-10-08T21:59:33.7592238Z [1m[92m   Compiling[0m conduit-observatory v0.1.0 (/home/runner/work/conduit/conduit/architecture/observatory)
2026-10-08T21:59:33.7650646Z [1m[92m   Compiling[0m serde_json v1.0.151
2026-10-08T21:59:33.8406144Z [1m[92m   Compiling[0m utf8parse v0.2.2
2026-10-08T21:59:33.8846428Z [1m[92m   Compiling[0m anstyle-parse v1.0.0
2026-10-08T21:59:33.9936419Z [1m[92m   Compiling[0m anstyle v1.0.14
2026-10-08T21:59:34.1286174Z [1m[92m   Compiling[0m anstyle-query v1.1.5
2026-10-08T21:59:34.1676536Z [1m[92m   Compiling[0m is_terminal_polyfill v1.70.2
2026-10-08T21:59:34.2036661Z [1m[92m   Compiling[0m colorchoice v1.0.5
2026-10-08T21:59:34.2407036Z [1m[92m   Compiling[0m anstream v1.0.0
2026-10-08T21:59:35.4727002Z [1m[92m   Compiling[0m clap_lex v1.1.1
2026-10-08T21:59:35.5936167Z [1m[92m   Compiling[0m strsim v0.11.1
2026-10-08T21:59:35.8151101Z [1m[92m   Compiling[0m heck v0.5.0
2026-10-08T21:59:35.9546047Z [1m[92m   Compiling[0m clap_derive v4.6.7
2026-10-08T21:59:36.7226061Z [1m[92m   Compiling[0m clap_builder v4.6.7
2026-10-08T21:59:37.5467092Z [1m[92m   Compiling[0m conduit-browser-patchbay-workbench v0.1.0 (/home/runner/work/conduit/conduit/targets/browser/patchbay-workbench)
2026-10-08T21:59:37.8087219Z [1m[92m   Compiling[0m conduit-browser-host v0.1.0 (/home/runner/work/conduit/conduit/targets/browser/host)
2026-10-08T21:59:38.0326396Z [1m[92m   Compiling[0m conduit-todo-face v0.1.0 (/home/runner/work/conduit/conduit/plots/todo/face)
2026-10-08T21:59:38.1846832Z [1m[92m   Compiling[0m patchbay-svg-mask v0.1.0 (/home/runner/work/conduit/conduit/plots/patchbay/workbench/svg-mask)
2026-10-08T21:59:38.8306364Z [1m[92m   Compiling[0m clap v4.6.7
2026-10-08T21:59:38.8665079Z [1m[92m   Compiling[0m socket2 v0.6.5
2026-10-08T21:59:53.7988138Z [1m[92m   Compiling[0m conduit-planner v0.1.0 (/home/runner/work/conduit/conduit/architecture/planner)
2026-10-08T21:59:55.2969358Z [1m[92m   Compiling[0m conduit-speech v0.1.0 (/home/runner/work/conduit/conduit/semantics/speech)
2026-10-08T21:59:56.5355273Z [1m[92m   Compiling[0m conduit-semantic-catalog v0.1.0 (/home/runner/work/conduit/conduit/semantics/catalog)
2026-10-08T21:59:56.5357199Z [1m[92m   Compiling[0m conduit-alife-distributed-conformance v0.1.0 (/home/runner/work/conduit/conduit/proof/conformance/alife-distributed)
2026-10-08T21:59:56.7112757Z [1m[92m   Compiling[0m conduit-conduitos-mask-offer v0.1.0 (/home/runner/work/conduit/conduit/targets/conduitos/mask-offer)
2026-10-08T21:59:58.8663556Z [1m[92m   Compiling[0m conduit-host-make v0.1.0 (/home/runner/work/conduit/conduit/make/host)
2026-10-08T22:00:01.3226890Z [1m[92m   Compiling[0m conduit-std-offers v0.1.0 (/home/runner/work/conduit/conduit/targets/std/offers)
2026-10-08T22:00:02.1136917Z [1m[92m   Compiling[0m conduit-host-browser-make v0.1.0 (/home/runner/work/conduit/conduit/targets/browser/make)
2026-10-08T22:00:02.3736840Z [1m[92m   Compiling[0m conduit-signal-conformance v0.1.0 (/home/runner/work/conduit/conduit/proof/conformance/signal)
2026-10-08T22:00:02.8176942Z [1m[92m   Compiling[0m conduit-host-hosted v0.1.0 (/home/runner/work/conduit/conduit/targets/std/make)
2026-10-08T22:00:03.1447282Z [1m[92m   Compiling[0m conduit-linear-framebuffer-make v0.1.0 (/home/runner/work/conduit/conduit/mechanisms/implementations/linear-framebuffer-make)
2026-10-08T22:00:03.2836864Z [1m[92m   Compiling[0m conduit-host-esp32-make v0.1.0 (/home/runner/work/conduit/conduit/targets/esp32/make)
2026-10-08T22:00:03.4557036Z [1m[92m   Compiling[0m conduit-host-orange-pi v0.1.0 (/home/runner/work/conduit/conduit/targets/orange-pi/make)
2026-10-08T22:00:03.5977491Z [1m[92m   Compiling[0m conduit-host-avr-make v0.1.0 (/home/runner/work/conduit/conduit/targets/avr/make)
2026-10-08T22:00:03.6277671Z [1m[92m   Compiling[0m conduit-host-conduitos-make v0.1.0 (/home/runner/work/conduit/conduit/targets/conduitos/make)
2026-10-08T22:00:03.6835234Z [1m[92m   Compiling[0m conduit-host-raspberry-pi v0.1.0 (/home/runner/work/conduit/conduit/targets/raspberry-pi/make)
2026-10-08T22:00:03.7606597Z [1m[92m   Compiling[0m conduit-host-rp2040 v0.1.0 (/home/runner/work/conduit/conduit/targets/rp2040/make)
2026-10-08T22:00:03.8246489Z [1m[92m   Compiling[0m patchbay-graph v0.1.0 (/home/runner/work/conduit/conduit/plots/patchbay/graph)
2026-10-08T22:00:03.8587462Z [1m[92m   Compiling[0m conduit-browser-mask-offer v0.1.0 (/home/runner/work/conduit/conduit/targets/browser/mask-offer)
2026-10-08T22:00:04.0566411Z [1m[92m   Compiling[0m conduit-body-make v0.1.0 (/home/runner/work/conduit/conduit/make/body)
2026-10-08T22:00:04.1887049Z [1m[92m   Compiling[0m conduit-tour-model v0.1.0 (/home/runner/work/conduit/conduit/plots/tour)
2026-10-08T22:00:04.5897283Z [1m[92m   Compiling[0m patchbay-application v0.1.0 (/home/runner/work/conduit/conduit/plots/patchbay/application)
2026-10-08T22:00:04.6856838Z [1m[92m   Compiling[0m conduit-r1-network-conformance v0.1.0 (/home/runner/work/conduit/conduit/proof/conformance/network-r1)
2026-10-08T22:00:05.2357369Z [1m[92m   Compiling[0m conduit-workspace-make v0.1.0 (/home/runner/work/conduit/conduit/make/workspace)
2026-10-08T22:00:05.7656855Z [1m[92m   Compiling[0m conduit-patchbay-workbench-conformance v0.1.0 (/home/runner/work/conduit/conduit/proof/conformance/patchbay-workbench)
2026-10-08T22:00:07.8547876Z [1m[92m   Compiling[0m conduit-browser-runtime v0.1.0 (/home/runner/work/conduit/conduit/targets/browser/runtime)
2026-10-08T22:00:20.0151586Z [1m[92m   Compiling[0m conduit-patchbay-workbench v0.1.0 (/home/runner/work/conduit/conduit/plots/patchbay/workbench/model)
2026-10-08T22:02:59.4096439Z [1m[92m   Compiling[0m conduit-std-host v0.1.0 (/home/runner/work/conduit/conduit/targets/std)
2026-10-08T22:03:08.3044984Z [1m[92m   Compiling[0m patchbay-hosted v0.1.0 (/home/runner/work/conduit/conduit/targets/std/patchbay-workbench)
2026-10-08T22:03:08.4411973Z [1m[92m   Compiling[0m conduit v0.1.0 (/home/runner/work/conduit/conduit/products/conduit)
2026-10-08T22:03:24.7658830Z [1m[92m    Finished[0m `dev` profile [unoptimized] target(s) in 5m 02s
2026-10-08T22:03:24.8137766Z > cargo +1.98.1-x86_64-unknown-linux-gnu xtask make host release --platform browser --output /home/runner/work/conduit/conduit/target/pipeline/browser/host-release --locked
2026-10-08T22:03:25.0517529Z [1m[92m    Finished[0m `dev` profile [unoptimized] target(s) in 0.22s
2026-10-08T22:03:25.0583342Z [1m[92m     Running[0m `target/debug/conduit-xtask-dispatch make host release --platform browser --output /home/runner/work/conduit/conduit/target/pipeline/browser/host-release --locked`
2026-10-08T22:03:25.3829275Z [1m[92m   Compiling[0m proc-macro2 v1.0.107
2026-10-08T22:03:25.3830121Z [1m[92m   Compiling[0m quote v1.0.47
2026-10-08T22:03:25.3830985Z [1m[92m   Compiling[0m unicode-ident v1.0.26
2026-10-08T22:03:25.3831533Z [1m[92m   Compiling[0m version_check v0.9.5
2026-10-08T22:03:25.4415618Z [1m[92m   Compiling[0m typenum v1.20.1
2026-10-08T22:03:25.5190754Z [1m[92m   Compiling[0m cfg-if v1.0.5
2026-10-08T22:03:25.5482146Z [1m[92m   Compiling[0m libm v0.2.16
2026-10-08T22:03:25.5986441Z [1m[92m   Compiling[0m generic-array v0.14.7
2026-10-08T22:03:25.6846258Z [1m[92m   Compiling[0m cpufeatures v0.2.17
2026-10-08T22:03:25.7112174Z [1m[92m   Compiling[0m serde_core v1.0.229
2026-10-08T22:03:25.8836175Z [1m[92m   Compiling[0m serde v1.0.229
2026-10-08T22:03:26.2266294Z [1m[92m   Compiling[0m syn v3.0.6
2026-10-08T22:03:26.6798319Z [1m[92m   Compiling[0m block-buffer v0.10.4
2026-10-08T22:03:26.7512506Z [1m[92m   Compiling[0m crypto-common v0.1.7
2026-10-08T22:03:26.8056212Z [1m[92m   Compiling[0m digest v0.10.7
2026-10-08T22:03:26.9196264Z [1m[92m   Compiling[0m sha2 v0.10.9
2026-10-08T22:03:27.8666980Z [1m[92m   Compiling[0m thiserror v2.0.20
2026-10-08T22:03:28.0858831Z [1m[92m   Compiling[0m zmij v1.0.23
2026-10-08T22:03:28.2382043Z [1m[92m   Compiling[0m serde_json v1.0.151
2026-10-08T22:03:28.4956526Z [1m[92m   Compiling[0m memchr v2.8.3
2026-10-08T22:03:28.6156550Z [1m[92m   Compiling[0m itoa v1.0.18
2026-10-08T22:03:28.7276237Z [1m[92m   Compiling[0m minicbor v2.3.0
2026-10-08T22:03:29.1576663Z [1m[92m   Compiling[0m equivalent v1.0.2
2026-10-08T22:03:29.1855937Z [1m[92m   Compiling[0m hashbrown v0.17.1
2026-10-08T22:03:29.6266201Z [1m[92m   Compiling[0m toml_write v0.1.2
2026-10-08T22:03:29.7456541Z [1m[92m   Compiling[0m indexmap v2.14.2
2026-10-08T22:03:29.7586472Z [1m[92m   Compiling[0m utf8parse v0.2.2
2026-10-08T22:03:29.8026643Z [1m[92m   Compiling[0m winnow v0.7.15
2026-10-08T22:03:30.1018838Z [1m[92m   Compiling[0m serde_derive v1.0.229
2026-10-08T22:03:30.3936631Z [1m[92m   Compiling[0m thiserror-impl v2.0.20
2026-10-08T22:03:30.5136283Z [1m[92m   Compiling[0m anstyle-parse v1.0.0
2026-10-08T22:03:30.6186545Z [1m[92m   Compiling[0m colorchoice v1.0.5
2026-10-08T22:03:30.6636354Z [1m[92m   Compiling[0m is_terminal_polyfill v1.70.2
2026-10-08T22:03:30.6970633Z [1m[92m   Compiling[0m anstyle v1.0.14
2026-10-08T22:03:30.8566126Z [1m[92m   Compiling[0m anstyle-query v1.1.5
2026-10-08T22:03:30.9036672Z [1m[92m   Compiling[0m anstream v1.0.0
2026-10-08T22:03:31.1186581Z [1m[92m   Compiling[0m heck v0.5.0
2026-10-08T22:03:31.2646101Z [1m[92m   Compiling[0m clap_lex v1.1.1
2026-10-08T22:03:31.4036630Z [1m[92m   Compiling[0m strsim v0.11.1
2026-10-08T22:03:31.5666113Z [1m[92m   Compiling[0m cobs v0.3.0
2026-10-08T22:03:31.6186648Z [1m[92m   Compiling[0m clap_builder v4.6.7
2026-10-08T22:03:31.6406163Z [1m[92m   Compiling[0m clap_derive v4.6.7
2026-10-08T22:03:32.8896719Z [1m[92m   Compiling[0m conduit-assigned-plan v0.1.0 (/home/runner/work/conduit/conduit/architecture/assigned-plan)
2026-10-08T22:03:33.1156600Z [1m[92m   Compiling[0m conduit-core v0.1.0 (/home/runner/work/conduit/conduit/architecture/core)
2026-10-08T22:03:33.3185782Z [1m[92m   Compiling[0m postcard v1.1.3
2026-10-08T22:03:33.6746504Z [1m[92m   Compiling[0m serde_spanned v0.6.9
2026-10-08T22:03:33.7348300Z [1m[92m   Compiling[0m toml_datetime v0.6.11
2026-10-08T22:03:33.9036199Z [1m[92m   Compiling[0m toml_edit v0.22.27
2026-10-08T22:03:34.7356027Z [1m[92m   Compiling[0m clap v4.6.7
2026-10-08T22:03:35.6446748Z [1m[92m   Compiling[0m toml v0.8.23
2026-10-08T22:03:41.6193948Z [1m[92m   Compiling[0m conduit-plot v0.1.0 (/home/runner/work/conduit/conduit/architecture/plot)
2026-10-08T22:03:41.6200649Z [1m[92m   Compiling[0m conduit-body v0.1.0 (/home/runner/work/conduit/conduit/architecture/body)
2026-10-08T22:03:50.6066963Z [1m[92m   Compiling[0m conduit-time v0.1.0 (/home/runner/work/conduit/conduit/semantics/time)
2026-10-08T22:03:50.6068765Z [1m[92m   Compiling[0m conduit-human v0.1.0 (/home/runner/work/conduit/conduit/semantics/human)
2026-10-08T22:03:50.6069623Z [1m[92m   Compiling[0m conduit-audio v0.1.0 (/home/runner/work/conduit/conduit/semantics/audio)
2026-10-08T22:03:58.1586473Z [1m[92m   Compiling[0m conduit-data v0.1.0 (/home/runner/work/conduit/conduit/semantics/data)
2026-10-08T22:03:58.4646462Z [1m[92m   Compiling[0m conduit-presentation v0.1.0 (/home/runner/work/conduit/conduit/semantics/presentation)
2026-10-08T22:04:01.1546484Z [1m[92m   Compiling[0m conduit-robotics v0.1.0 (/home/runner/work/conduit/conduit/semantics/robotics)
2026-10-08T22:04:01.4856793Z [1m[92m   Compiling[0m conduit-web v0.1.0 (/home/runner/work/conduit/conduit/semantics/web)
2026-10-08T22:04:03.8306535Z [1m[92m   Compiling[0m conduit-purpose v0.1.0 (/home/runner/work/conduit/conduit/semantics/purpose)
2026-10-08T22:04:04.0536596Z [1m[92m   Compiling[0m conduit-process v0.1.0 (/home/runner/work/conduit/conduit/semantics/process)
2026-10-08T22:04:04.3176414Z [1m[92m   Compiling[0m conduit-net v0.1.0 (/home/runner/work/conduit/conduit/semantics/net)
2026-10-08T22:04:04.5357065Z [1m[92m   Compiling[0m conduit-alife v0.1.0 (/home/runner/work/conduit/conduit/semantics/alife)
2026-10-08T22:04:04.8776547Z [1m[92m   Compiling[0m conduit-text v0.1.0 (/home/runner/work/conduit/conduit/semantics/text)
2026-10-08T22:04:07.5937789Z [1m[92m   Compiling[0m conduit-education v0.1.0 (/home/runner/work/conduit/conduit/semantics/education)
2026-10-08T22:04:09.4106743Z [1m[92m   Compiling[0m conduit-midi v0.1.0 (/home/runner/work/conduit/conduit/mechanisms/protocols/midi)
2026-10-08T22:04:10.4247049Z [1m[92m   Compiling[0m conduit-semantic-catalog v0.1.0 (/home/runner/work/conduit/conduit/semantics/catalog)
2026-10-08T22:04:12.2565950Z [1m[92m   Compiling[0m conduit-host-make v0.1.0 (/home/runner/work/conduit/conduit/make/host)
2026-10-08T22:04:14.4271383Z [1m[92m   Compiling[0m conduit-host-browser-make v0.1.0 (/home/runner/work/conduit/conduit/targets/browser/make)
2026-10-08T22:04:14.9784335Z [1m[92m   Compiling[0m conduit-xtask-dispatch v0.1.0 (/home/runner/work/conduit/conduit/tools/xtask-dispatch)
2026-10-08T22:04:15.7922413Z [1m[92m    Finished[0m `dev` profile [unoptimized] target(s) in 50.71s
2026-10-08T22:04:15.8039599Z [1m[92m     Running[0m `target/xtask-host-release/debug/conduit-xtask-dispatch host release --platform browser --output /home/runner/work/conduit/conduit/target/pipeline/browser/host-release --locked`
2026-10-08T22:04:16.1822197Z [1m[92m   Compiling[0m proc-macro2 v1.0.107
2026-10-08T22:04:16.1825269Z [1m[92m   Compiling[0m unicode-ident v1.0.26
2026-10-08T22:04:16.1825904Z [1m[92m   Compiling[0m quote v1.0.47
2026-10-08T22:04:16.1826491Z [1m[92m   Compiling[0m version_check v0.9.5
2026-10-08T22:04:16.2456898Z [1m[92m   Compiling[0m libm v0.2.16
2026-10-08T22:04:16.3336156Z [1m[92m   Compiling[0m typenum v1.20.1
2026-10-08T22:04:16.3836834Z [1m[92m   Compiling[0m generic-array v0.14.7
2026-10-08T22:04:16.4096287Z [1m[92m   Compiling[0m serde_core v1.0.229
2026-10-08T22:04:16.4743048Z [1m[92m   Compiling[0m serde v1.0.229
2026-10-08T22:04:16.6410757Z [1m[92m   Compiling[0m cpufeatures v0.2.17
2026-10-08T22:04:16.6696198Z [1m[92m   Compiling[0m cfg-if v1.0.5
2026-10-08T22:04:17.1896132Z [1m[92m   Compiling[0m syn v3.0.6
2026-10-08T22:04:17.6186136Z [1m[92m   Compiling[0m crypto-common v0.1.7
2026-10-08T22:04:17.6636180Z [1m[92m   Compiling[0m block-buffer v0.10.4
2026-10-08T22:04:17.7336215Z [1m[92m   Compiling[0m digest v0.10.7
2026-10-08T22:04:17.8485137Z [1m[92m   Compiling[0m sha2 v0.10.9
2026-10-08T22:04:19.6128908Z [1m[92m   Compiling[0m serde_derive v1.0.229
2026-10-08T22:04:20.3988749Z [1m[92m   Compiling[0m thiserror v2.0.20
2026-10-08T22:04:20.5768796Z [1m[92m   Compiling[0m thiserror-impl v2.0.20
2026-10-08T22:04:20.7046086Z [1m[92m   Compiling[0m zmij v1.0.23
2026-10-08T22:04:20.8316911Z [1m[92m   Compiling[0m semver v1.0.28
2026-10-08T22:04:21.0499451Z [1m[92m   Compiling[0m rustc_version v0.4.1
2026-10-08T22:04:21.0960669Z [1m[92m   Compiling[0m serde_json v1.0.151
2026-10-08T22:04:21.2596285Z [1m[92m   Compiling[0m curve25519-dalek v4.1.3
2026-10-08T22:04:21.3736128Z [1m[92m   Compiling[0m itoa v1.0.18
2026-10-08T22:04:21.3836048Z [1m[92m   Compiling[0m memchr v2.8.3
2026-10-08T22:04:21.5716272Z [1m[92m   Compiling[0m zeroize v1.9.0
2026-10-08T22:04:21.6936355Z [1m[92m   Compiling[0m signature v2.2.0
2026-10-08T22:04:21.7400881Z [1m[92m   Compiling[0m subtle v2.6.1
2026-10-08T22:04:21.9526289Z [1m[92m   Compiling[0m ed25519 v2.2.3
2026-10-08T22:04:22.1056498Z [1m[92m   Compiling[0m cobs v0.3.0
2026-10-08T22:04:22.2696268Z [1m[92m   Compiling[0m minicbor v2.3.0
2026-10-08T22:04:23.2247122Z [1m[92m   Compiling[0m conduit-assigned-plan v0.1.0 (/home/runner/work/conduit/conduit/architecture/assigned-plan)
2026-10-08T22:04:23.4737195Z [1m[92m   Compiling[0m conduit-core v0.1.0 (/home/runner/work/conduit/conduit/architecture/core)
2026-10-08T22:04:23.6376859Z [1m[92m   Compiling[0m ed25519-dalek v2.2.0
2026-10-08T22:04:23.8916270Z [1m[92m   Compiling[0m postcard v1.1.3
2026-10-08T22:04:23.9006238Z [1m[92m   Compiling[0m hashbrown v0.17.1
2026-10-08T22:04:24.2986793Z [1m[92m   Compiling[0m conduit-kernel v0.1.0 (/home/runner/work/conduit/conduit/architecture/kernel)
2026-10-08T22:04:24.5026372Z [1m[92m   Compiling[0m equivalent v1.0.2
2026-10-08T22:04:24.5386170Z [1m[92m   Compiling[0m indexmap v2.14.2
2026-10-08T22:04:25.2346048Z [1m[92m   Compiling[0m serde_spanned v0.6.9
2026-10-08T22:04:25.3036199Z [1m[92m   Compiling[0m toml_datetime v0.6.11
2026-10-08T22:04:25.6336025Z [1m[92m   Compiling[0m winnow v0.7.15
2026-10-08T22:04:25.7357291Z [1m[92m   Compiling[0m toml_write v0.1.2
2026-10-08T22:04:25.9036563Z [1m[92m   Compiling[0m proc-macro-error-attr v1.0.4
2026-10-08T22:04:25.9816323Z [1m[92m   Compiling[0m syn v1.0.109
2026-10-08T22:04:26.1749954Z [1m[92m   Compiling[0m syn v2.0.119
2026-10-08T22:04:27.7759566Z [1m[92m   Compiling[0m toml_edit v0.22.27
2026-10-08T22:04:29.9696496Z [1m[92m   Compiling[0m toml v0.8.23
2026-10-08T22:04:31.3386492Z [1m[92m   Compiling[0m proc-macro-error v1.0.4
2026-10-08T22:04:32.3256123Z [1m[92m   Compiling[0m thiserror v1.0.69
2026-10-08T22:04:32.4736138Z [1m[92m   Compiling[0m byteorder v1.5.0
2026-10-08T22:04:32.6096770Z [1m[92m   Compiling[0m heapless v0.8.0
2026-10-08T22:04:32.7686264Z [1m[92m   Compiling[0m hash32 v0.3.1
2026-10-08T22:04:32.8826116Z [1m[92m   Compiling[0m thiserror-impl v1.0.69
2026-10-08T22:04:33.9396193Z [1m[92m   Compiling[0m hybrid-array v0.4.15
2026-10-08T22:04:34.4886447Z [1m[92m   Compiling[0m stable_deref_trait v1.2.1
2026-10-08T22:04:35.0536377Z [1m[92m   Compiling[0m siphasher v1.0.3
2026-10-08T22:04:35.2075868Z [1m[92m   Compiling[0m ryu v1.0.23
2026-10-08T22:04:35.4004822Z [1m[92m   Compiling[0m serde-json-core v0.6.0
2026-10-08T22:04:35.8376558Z [1m[92m   Compiling[0m conduit-plot v0.1.0 (/home/runner/work/conduit/conduit/architecture/plot)
2026-10-08T22:04:36.1516133Z [1m[92m   Compiling[0m phf_shared v0.11.3
2026-10-08T22:04:36.2986628Z [1m[92m   Compiling[0m str-newtype-derive v2.0.0
2026-10-08T22:04:37.6428459Z [1m[92m   Compiling[0m conduit-body v0.1.0 (/home/runner/work/conduit/conduit/architecture/body)
2026-10-08T22:04:46.9559353Z [1m[92m   Compiling[0m conduit-time v0.1.0 (/home/runner/work/conduit/conduit/semantics/time)
2026-10-08T22:04:51.6626747Z [1m[92m   Compiling[0m conduit-human v0.1.0 (/home/runner/work/conduit/conduit/semantics/human)
2026-10-08T22:04:54.4626708Z [1m[92m   Compiling[0m conduit-data v0.1.0 (/home/runner/work/conduit/conduit/semantics/data)
2026-10-08T22:04:56.7767240Z [1m[92m   Compiling[0m conduit-presentation v0.1.0 (/home/runner/work/conduit/conduit/semantics/presentation)
2026-10-08T22:04:57.6737522Z [1m[92m   Compiling[0m conduit-audio v0.1.0 (/home/runner/work/conduit/conduit/semantics/audio)
2026-10-08T22:05:06.5357037Z [1m[92m   Compiling[0m conduit-web v0.1.0 (/home/runner/work/conduit/conduit/semantics/web)
2026-10-08T22:05:14.5176567Z [1m[92m   Compiling[0m conduit-net v0.1.0 (/home/runner/work/conduit/conduit/semantics/net)
2026-10-08T22:05:14.7226755Z [1m[92m   Compiling[0m conduit-text v0.1.0 (/home/runner/work/conduit/conduit/semantics/text)
2026-10-08T22:05:14.9466746Z [1m[92m   Compiling[0m conduit-language v0.1.0 (/home/runner/work/conduit/conduit/semantics/language)
2026-10-08T22:05:23.9886956Z [1m[92m   Compiling[0m conduit-education v0.1.0 (/home/runner/work/conduit/conduit/semantics/education)
2026-10-08T22:05:24.3207005Z [1m[92m   Compiling[0m conduit-process v0.1.0 (/home/runner/work/conduit/conduit/semantics/process)
2026-10-08T22:05:24.5506477Z [1m[92m   Compiling[0m conduit-alife v0.1.0 (/home/runner/work/conduit/conduit/semantics/alife)
2026-10-08T22:05:24.8756665Z [1m[92m   Compiling[0m conduit-purpose v0.1.0 (/home/runner/work/conduit/conduit/semantics/purpose)
2026-10-08T22:05:25.0766298Z [1m[92m   Compiling[0m conduit-robotics v0.1.0 (/home/runner/work/conduit/conduit/semantics/robotics)
2026-10-08T22:05:30.7106818Z [1m[92m   Compiling[0m conduit-midi v0.1.0 (/home/runner/work/conduit/conduit/mechanisms/protocols/midi)
2026-10-08T22:05:31.0616889Z [1m[92m   Compiling[0m conduit-ai v0.1.0 (/home/runner/work/conduit/conduit/semantics/ai)
2026-10-08T22:05:33.0216888Z [1m[92m   Compiling[0m conduit-signal v0.1.0 (/home/runner/work/conduit/conduit/semantics/signal)
2026-10-08T22:05:33.2247119Z [1m[92m   Compiling[0m conduit-chat v0.1.0 (/home/runner/work/conduit/conduit/semantics/chat)
2026-10-08T22:05:33.6146318Z [1m[92m   Compiling[0m conduit-wire v0.1.0 (/home/runner/work/conduit/conduit/architecture/wire)
2026-10-08T22:05:33.8156205Z [1m[92m   Compiling[0m static-automata-macros v1.0.3
2026-10-08T22:05:33.9750797Z [1m[92m   Compiling[0m block-buffer v0.12.1
2026-10-08T22:05:34.0001794Z [1m[92m   Compiling[0m crypto-common v0.2.2
2026-10-08T22:05:34.0706072Z [1m[92m   Compiling[0m anyhow v1.0.104
2026-10-08T22:05:34.2106207Z [1m[92m   Compiling[0m const-oid v0.10.2
2026-10-08T22:05:34.3875443Z [1m[92m   Compiling[0m option-ext v0.2.0
2026-10-08T22:05:34.4256133Z [1m[92m   Compiling[0m dirs-sys v0.5.0
2026-10-08T22:05:34.5176588Z [1m[92m   Compiling[0m static-automata v1.0.3
2026-10-08T22:05:34.5786559Z [1m[92m   Compiling[0m conduit-todo-plot v0.1.0 (/home/runner/work/conduit/conduit/plots/todo/model)
2026-10-08T22:05:34.8898421Z [1m[92m   Compiling[0m digest v0.11.3
2026-10-08T22:05:34.9886334Z [1m[92m   Compiling[0m str-newtype v2.0.0
2026-10-08T22:05:35.0236231Z [1m[92m   Compiling[0m phf v0.11.3
2026-10-08T22:05:35.1296328Z [1m[92m   Compiling[0m tinyvec v1.13.3
2026-10-08T22:05:35.4293441Z [1m[92m   Compiling[0m speaking v0.1.0 (https://github.com/dancxjo/tongues.git?rev=b5d7535b2ccd3730b4db878fb61b2e4e48ae89c9#b5d7535b)
2026-10-08T22:05:35.5099428Z [1m[92m   Compiling[0m unicode-normalization v0.1.25
2026-10-08T22:05:35.6016568Z [1m[92m   Compiling[0m isolang v2.4.0
2026-10-08T22:05:35.9396674Z [1m[92m   Compiling[0m langtag v1.1.0
2026-10-08T22:05:38.2915838Z [1m[92m   Compiling[0m sha2 v0.11.0
2026-10-08T22:05:41.1725982Z [1m[92m   Compiling[0m dirs v6.0.0
2026-10-08T22:05:41.2196836Z [1m[92m   Compiling[0m conduit-body-invitation-plot v0.1.0 (/home/runner/work/conduit/conduit/semantics/body-invitation)
2026-10-08T22:05:41.4220249Z [1m[92m   Compiling[0m conduit-tutorial-plot v0.1.0 (/home/runner/work/conduit/conduit/semantics/tutorial)
2026-10-08T22:05:41.6276937Z [1m[92m   Compiling[0m conduit-tongues v0.1.0 (/home/runner/work/conduit/conduit/semantics/tongues)
2026-10-08T22:05:41.9017421Z [1m[92m   Compiling[0m conduit-plot-library v0.1.0 (/home/runner/work/conduit/conduit/semantics/plot-library)
2026-10-08T22:05:42.1037633Z [1m[92m   Compiling[0m conduit-plan-lowering v0.1.0 (/home/runner/work/conduit/conduit/architecture/plan-lowering)
2026-10-08T22:05:43.2264385Z [1m[92m   Compiling[0m unicode-segmentation v1.13.3
2026-10-08T22:05:45.4157507Z [1m[92m   Compiling[0m conduit-bluetooth v0.1.0 (/home/runner/work/conduit/conduit/mechanisms/protocols/bluetooth)
2026-10-08T22:05:45.7666602Z [1m[92m   Compiling[0m patchbay-control v0.1.0 (/home/runner/work/conduit/conduit/plots/patchbay)
2026-10-08T22:05:46.4016857Z [1m[92m   Compiling[0m conduit-composite v0.1.0 (/home/runner/work/conduit/conduit/architecture/composite)
2026-10-08T22:05:59.0209748Z [1m[92m   Compiling[0m conduit-synth v0.1.0 (/home/runner/work/conduit/conduit/mechanisms/implementations/synth)
2026-10-08T22:05:59.3837081Z [1m[92m   Compiling[0m conduit-birth-plot v0.1.0 (/home/runner/work/conduit/conduit/plots/birth)
2026-10-08T22:06:00.8576821Z [1m[92m   Compiling[0m conduit-little-seismograph-fixture v0.1.0 (/home/runner/work/conduit/conduit/plots/little-seismograph/fixture)
2026-10-08T22:06:00.9866601Z [1m[92m   Compiling[0m qrcode v0.14.1
2026-10-08T22:06:08.1856909Z [1m[92m   Compiling[0m conduit-planner v0.1.0 (/home/runner/work/conduit/conduit/architecture/planner)
2026-10-08T22:06:11.8786695Z [1m[92m   Compiling[0m conduit-semantic-catalog v0.1.0 (/home/runner/work/conduit/conduit/semantics/catalog)
2026-10-08T22:06:16.5696937Z [1m[92m   Compiling[0m conduit-host-make v0.1.0 (/home/runner/work/conduit/conduit/make/host)
2026-10-08T22:06:24.6821365Z [1m[92m   Compiling[0m conduit-std-offers v0.1.0 (/home/runner/work/conduit/conduit/targets/std/offers)
2026-10-08T22:06:25.8257069Z [1m[92m   Compiling[0m conduit-host-browser-make v0.1.0 (/home/runner/work/conduit/conduit/targets/browser/make)
2026-10-08T22:06:26.4167217Z [1m[92m   Compiling[0m patchbay-graph v0.1.0 (/home/runner/work/conduit/conduit/plots/patchbay/graph)
2026-10-08T22:06:26.4658577Z [1m[92m   Compiling[0m conduit-browser-mask-offer v0.1.0 (/home/runner/work/conduit/conduit/targets/browser/mask-offer)
2026-10-08T22:06:26.8617385Z [1m[92m   Compiling[0m conduit-signal-conformance v0.1.0 (/home/runner/work/conduit/conduit/proof/conformance/signal)
2026-10-08T22:06:27.8616906Z [1m[92m   Compiling[0m patchbay-application v0.1.0 (/home/runner/work/conduit/conduit/plots/patchbay/application)
2026-10-08T22:06:28.3236825Z [1m[92m   Compiling[0m conduit-host-hosted v0.1.0 (/home/runner/work/conduit/conduit/targets/std/make)
2026-10-08T22:06:28.8576557Z [1m[92m   Compiling[0m conduit-body-make v0.1.0 (/home/runner/work/conduit/conduit/make/body)
2026-10-08T22:06:29.1526791Z [1m[92m   Compiling[0m conduit-host-esp32-make v0.1.0 (/home/runner/work/conduit/conduit/targets/esp32/make)
2026-10-08T22:06:31.6387028Z [1m[92m   Compiling[0m conduit-host-orange-pi v0.1.0 (/home/runner/work/conduit/conduit/targets/orange-pi/make)
2026-10-08T22:06:31.8146688Z [1m[92m   Compiling[0m conduit-host-conduitos-make v0.1.0 (/home/runner/work/conduit/conduit/targets/conduitos/make)
2026-10-08T22:06:32.2047127Z [1m[92m   Compiling[0m conduit-host-rp2040 v0.1.0 (/home/runner/work/conduit/conduit/targets/rp2040/make)
2026-10-08T22:06:32.3057771Z [1m[92m   Compiling[0m conduit-linear-framebuffer-make v0.1.0 (/home/runner/work/conduit/conduit/mechanisms/implementations/linear-framebuffer-make)
2026-10-08T22:06:32.4406919Z [1m[92m   Compiling[0m conduit-host-raspberry-pi v0.1.0 (/home/runner/work/conduit/conduit/targets/raspberry-pi/make)
2026-10-08T22:06:32.5307833Z [1m[92m   Compiling[0m conduit-host-avr-make v0.1.0 (/home/runner/work/conduit/conduit/targets/avr/make)
2026-10-08T22:06:32.6167325Z [1m[92m   Compiling[0m conduit-tour-model v0.1.0 (/home/runner/work/conduit/conduit/plots/tour)
2026-10-08T22:06:41.0570480Z [1m[92m   Compiling[0m conduit-browser-runtime v0.1.0 (/home/runner/work/conduit/conduit/targets/browser/runtime)
2026-10-08T22:07:08.5743390Z [1m[92m    Finished[0m `release` profile [optimized] target(s) in 2m 52s
2026-10-08T22:07:08.8813379Z SEALED existing-computer Host releases in /home/runner/work/conduit/conduit/target/pipeline/browser/host-release
2026-10-08T22:07:08.8822152Z > cargo +1.98.1-x86_64-unknown-linux-gnu xtask make host release-catalog --root /home/runner/work/conduit/conduit/target/pipeline/browser/host-release --generation 1 --locked
2026-10-08T22:07:09.1320602Z [1m[92m    Finished[0m `dev` profile [unoptimized] target(s) in 0.24s
2026-10-08T22:07:09.1390237Z [1m[92m     Running[0m `target/debug/conduit-xtask-dispatch make host release-catalog --root /home/runner/work/conduit/conduit/target/pipeline/browser/host-release --generation 1 --locked`
2026-10-08T22:07:09.1477044Z SEALED release catalog /home/runner/work/conduit/conduit/target/pipeline/browser/host-release/release-catalog.json generation=1 targets=1
2026-10-08T22:07:09.1483604Z > sh targets/browser/tools/stage-browser-workspace.sh /home/runner/work/conduit/conduit/target/pipeline/browser/host-release/runtime.wasm target/workspace-product /home/runner/work/conduit/conduit/target/pipeline/browser/host-release
2026-10-08T22:07:09.5403524Z [1m[92m    Finished[0m `dev` profile [unoptimized] target(s) in 0.24s
2026-10-08T22:07:09.5473503Z [1m[92m     Running[0m `target/debug/conduit-xtask-dispatch make host release-catalog --root target/workspace-product/artifacts --generation 1`
2026-10-08T22:07:09.5554794Z SEALED release catalog target/workspace-product/artifacts/release-catalog.json generation=1 targets=1
2026-10-08T22:07:09.8397296Z [1m[92m    Finished[0m `dev` profile [unoptimized] target(s) in 0.24s
2026-10-08T22:07:09.8504424Z [1m[92m     Running[0m `target/debug/conduit-xtask-dispatch check plots bundle-initial-body --output target/workspace-product/plots/initial-body.conduit`
2026-10-08T22:07:10.0537798Z [1m[92m Downloading[0m crates ...
2026-10-08T22:07:10.1687826Z [1m[92m  Downloaded[0m adler2 v2.0.1
2026-10-08T22:07:10.1765043Z [1m[92m  Downloaded[0m arrayref v0.3.9
2026-10-08T22:07:10.1833502Z [1m[92m  Downloaded[0m bitflags v1.3.2
2026-10-08T22:07:10.2043244Z [1m[92m  Downloaded[0m base64 v0.13.1
2026-10-08T22:07:10.2186623Z [1m[92m  Downloaded[0m strict-num v0.1.1
2026-10-08T22:07:10.2198147Z [1m[92m  Downloaded[0m base64 v0.22.1
2026-10-08T22:07:10.2269419Z [1m[92m  Downloaded[0m icu_locale_fallback_data v2.3.0
2026-10-08T22:07:10.2280974Z [1m[92m  Downloaded[0m potential_utf v0.1.6
2026-10-08T22:07:10.2401501Z [1m[92m  Downloaded[0m futures-task v0.3.34
2026-10-08T22:07:10.2416640Z [1m[92m  Downloaded[0m pico-args v0.5.0
2026-10-08T22:07:10.2431478Z [1m[92m  Downloaded[0m rgb v0.8.53
2026-10-08T22:07:10.2529957Z [1m[92m  Downloaded[0m unit-prefix v0.5.2
2026-10-08T22:07:10.2543355Z [1m[92m  Downloaded[0m utf8_iter v1.0.4
2026-10-08T22:07:10.2554875Z [1m[92m  Downloaded[0m zerofrom v0.1.8
2026-10-08T22:07:10.2567073Z [1m[92m  Downloaded[0m pulldown-cmark-escape v0.11.0
2026-10-08T22:07:10.2574645Z [1m[92m  Downloaded[0m futures-core v0.3.34
2026-10-08T22:07:10.2603766Z [1m[92m  Downloaded[0m float-cmp v0.9.0
2026-10-08T22:07:10.2616113Z [1m[92m  Downloaded[0m futures-io v0.3.34
2026-10-08T22:07:10.2624409Z [1m[92m  Downloaded[0m futures-sink v0.3.34
2026-10-08T22:07:10.2719972Z [1m[92m  Downloaded[0m tinystr v0.8.4
2026-10-08T22:07:10.2743331Z [1m[92m  Downloaded[0m yoke-derive v0.8.3
2026-10-08T22:07:10.2761655Z [1m[92m  Downloaded[0m zerovec-derive v0.11.6
2026-10-08T22:07:10.2781163Z [1m[92m  Downloaded[0m hash32 v0.2.1
2026-10-08T22:07:10.2796429Z [1m[92m  Downloaded[0m sha1 v0.10.7
2026-10-08T22:07:10.2812150Z [1m[92m  Downloaded[0m zerofrom-derive v0.1.8
2026-10-08T22:07:10.2835175Z [1m[92m  Downloaded[0m icu_locale_fallback v2.3.0
2026-10-08T22:07:10.2881391Z [1m[92m  Downloaded[0m simplecss v0.2.2
2026-10-08T22:07:10.2904785Z [1m[92m  Downloaded[0m smawk v0.3.3
2026-10-08T22:07:10.2927121Z [1m[92m  Downloaded[0m displaydoc v0.2.7
2026-10-08T22:07:10.2951325Z [1m[92m  Downloaded[0m getopts v0.2.24
2026-10-08T22:07:10.2968359Z [1m[92m  Downloaded[0m limine v0.5.0
2026-10-08T22:07:10.2986784Z [1m[92m  Downloaded[0m imagesize v0.13.0
2026-10-08T22:07:10.3014428Z [1m[92m  Downloaded[0m writeable v0.6.4
2026-10-08T22:07:10.3037426Z [1m[92m  Downloaded[0m pin-project-lite v0.2.17
2026-10-08T22:07:10.3107085Z [1m[92m  Downloaded[0m simd-adler32 v0.3.10
2026-10-08T22:07:10.3126613Z [1m[92m  Downloaded[0m fdeflate v0.3.7
2026-10-08T22:07:10.3143435Z [1m[92m  Downloaded[0m litemap v0.8.3
2026-10-08T22:07:10.3171250Z [1m[92m  Downloaded[0m synstructure v0.14.0
2026-10-08T22:07:10.3186110Z [1m[92m  Downloaded[0m xmlwriter v0.1.0
2026-10-08T22:07:10.3197705Z [1m[92m  Downloaded[0m slab v0.4.12
2026-10-08T22:07:10.3218391Z [1m[92m  Downloaded[0m unicase v2.9.0
2026-10-08T22:07:10.3246089Z [1m[92m  Downloaded[0m crc32fast v1.5.2
2026-10-08T22:07:10.3278104Z [1m[92m  Downloaded[0m data-url v0.3.2
2026-10-08T22:07:10.3293100Z [1m[92m  Downloaded[0m spin v0.9.9
2026-10-08T22:07:10.3317152Z [1m[92m  Downloaded[0m console v0.16.6
2026-10-08T22:07:10.3340064Z [1m[92m  Downloaded[0m futures-channel v0.3.34
2026-10-08T22:07:10.3365494Z [1m[92m  Downloaded[0m yoke v0.8.3
2026-10-08T22:07:10.3394517Z [1m[92m  Downloaded[0m bytemuck v1.25.2
2026-10-08T22:07:10.3449006Z [1m[92m  Downloaded[0m textwrap v0.16.4
2026-10-08T22:07:10.3475465Z [1m[92m  Downloaded[0m bitflags v2.13.2
2026-10-08T22:07:10.3534394Z [1m[92m  Downloaded[0m cliclack v0.5.6
2026-10-08T22:07:10.3589201Z [1m[92m  Downloaded[0m svgtypes v0.15.3
2026-10-08T22:07:10.3626496Z [1m[92m  Downloaded[0m icu_provider v2.3.1
2026-10-08T22:07:10.3652870Z [1m[92m  Downloaded[0m roxmltree v0.20.0
2026-10-08T22:07:10.3836855Z [1m[92m  Downloaded[0m embedded-websocket v0.9.5
2026-10-08T22:07:10.3855817Z [1m[92m  Downloaded[0m futures v0.3.34
2026-10-08T22:07:10.3907127Z [1m[92m  Downloaded[0m heapless v0.7.17
2026-10-08T22:07:10.3944584Z [1m[92m  Downloaded[0m miniz_oxide v0.8.9
2026-10-08T22:07:10.3969627Z [1m[92m  Downloaded[0m flate2 v1.1.10
2026-10-08T22:07:10.4020101Z [1m[92m  Downloaded[0m indicatif v0.18.6
2026-10-08T22:07:10.4056555Z [1m[92m  Downloaded[0m miniz_oxide v0.9.1
2026-10-08T22:07:10.4083883Z [1m[92m  Downloaded[0m zerotrie v0.2.5
2026-10-08T22:07:10.4124029Z [1m[92m  Downloaded[0m euclid v0.22.14
2026-10-08T22:07:10.4156545Z [1m[92m  Downloaded[0m icu_collections v2.3.0
2026-10-08T22:07:10.4222210Z [1m[92m  Downloaded[0m tiny-skia-path v0.11.4
2026-10-08T22:07:10.4241539Z [1m[92m  Downloaded[0m icu_locale_core v2.3.0
2026-10-08T22:07:10.4312112Z [1m[92m  Downloaded[0m resvg v0.45.1
2026-10-08T22:07:10.4341521Z [1m[92m  Downloaded[0m kurbo v0.11.3
2026-10-08T22:07:10.4386201Z [1m[92m  Downloaded[0m png v0.17.16
2026-10-08T22:07:10.4424971Z [1m[92m  Downloaded[0m zerovec v0.11.8
2026-10-08T22:07:10.4486821Z [1m[92m  Downloaded[0m pulldown-cmark v0.12.2
2026-10-08T22:07:10.4535328Z [1m[92m  Downloaded[0m usvg v0.45.1
2026-10-08T22:07:10.4578624Z [1m[92m  Downloaded[0m futures-util v0.3.34
2026-10-08T22:07:10.4713487Z [1m[92m  Downloaded[0m zlib-rs v0.6.8
2026-10-08T22:07:10.4768530Z [1m[92m  Downloaded[0m tiny-skia v0.11.4
2026-10-08T22:07:10.4904089Z [1m[92m  Downloaded[0m portable-atomic v1.15.0
2026-10-08T22:07:10.4978311Z [1m[92m  Downloaded[0m unicode-width v0.2.2
2026-10-08T22:07:10.5033561Z [1m[92m  Downloaded[0m icu_segmenter v2.3.0
2026-10-08T22:07:10.5561667Z [1m[92m  Downloaded[0m icu_segmenter_data v2.3.0
2026-10-08T22:07:10.7864852Z [1m[92m   Compiling[0m syn v3.0.6
2026-10-08T22:07:10.7909065Z [1m[92m   Compiling[0m zeroize v1.9.0
2026-10-08T22:07:10.7933208Z [1m[92m   Compiling[0m memchr v2.8.3
2026-10-08T22:07:10.7971407Z [1m[92m   Compiling[0m stable_deref_trait v1.2.1
2026-10-08T22:07:10.8342986Z [1m[92m   Compiling[0m log v0.4.34
2026-10-08T22:07:10.9096419Z [1m[92m   Compiling[0m curve25519-dalek v4.1.3
2026-10-08T22:07:10.9783601Z [1m[92m   Compiling[0m cipher v0.4.4
2026-10-08T22:07:11.1385588Z [1m[92m   Compiling[0m simd-adler32 v0.3.10
2026-10-08T22:07:11.2817094Z [1m[92m   Compiling[0m serde_json v1.0.151
2026-10-08T22:07:11.4506271Z [1m[92m   Compiling[0m writeable v0.6.4
2026-10-08T22:07:11.7088116Z [1m[92m   Compiling[0m ed25519-dalek v2.2.0
2026-10-08T22:07:11.8946546Z [1m[92m   Compiling[0m chacha20 v0.9.1
2026-10-08T22:07:11.9486894Z [1m[92m   Compiling[0m crc32fast v1.5.2
2026-10-08T22:07:12.0586173Z [1m[92m   Compiling[0m adler2 v2.0.1
2026-10-08T22:07:12.1046301Z [1m[92m   Compiling[0m chacha20poly1305 v0.10.1
2026-10-08T22:07:12.1216271Z [1m[92m   Compiling[0m rustls-pki-types v1.15.1
2026-10-08T22:07:12.1736236Z [1m[92m   Compiling[0m litemap v0.8.3
2026-10-08T22:07:12.3516729Z [1m[92m   Compiling[0m unicode-width v0.2.2
2026-10-08T22:07:12.3796336Z [1m[92m   Compiling[0m icu_locale_fallback_data v2.3.0
2026-10-08T22:07:12.4656276Z [1m[92m   Compiling[0m noise-rust-crypto v0.6.2
2026-10-08T22:07:12.5206123Z [1m[92m   Compiling[0m miniz_oxide v0.9.1
2026-10-08T22:07:12.6626674Z [1m[92m   Compiling[0m x25519-dalek v2.0.1
2026-10-08T22:07:12.7160859Z [1m[92m   Compiling[0m bytemuck v1.25.2
2026-10-08T22:07:12.7306348Z [1m[92m   Compiling[0m icu_segmenter_data v2.3.0
2026-10-08T22:07:12.8105553Z [1m[92m   Compiling[0m float-cmp v0.9.0
2026-10-08T22:07:12.8628553Z [1m[92m   Compiling[0m conduit-protected-line v0.1.0 (/home/runner/work/conduit/conduit/architecture/protected-line)
2026-10-08T22:07:12.8776467Z [1m[92m   Compiling[0m strict-num v0.1.1
2026-10-08T22:07:12.9727028Z [1m[92m   Compiling[0m flate2 v1.1.10
2026-10-08T22:07:13.1641817Z [1m[92m   Compiling[0m futures-sink v0.3.34
2026-10-08T22:07:13.2024247Z [1m[92m   Compiling[0m once_cell v1.21.4
2026-10-08T22:07:13.2376862Z [1m[92m   Compiling[0m utf8_iter v1.0.4
2026-10-08T22:07:13.3136190Z [1m[92m   Compiling[0m portable-atomic v1.15.0
2026-10-08T22:07:13.3470817Z [1m[92m   Compiling[0m arrayref v0.3.9
2026-10-08T22:07:13.3536508Z [1m[92m   Compiling[0m futures-core v0.3.34
2026-10-08T22:07:13.3786315Z [1m[92m   Compiling[0m tiny-skia-path v0.11.4
2026-10-08T22:07:13.4145814Z [1m[92m   Compiling[0m rustls-webpki v0.103.15
2026-10-08T22:07:13.8036695Z [1m[92m   Compiling[0m miniz_oxide v0.8.9
2026-10-08T22:07:13.9935469Z [1m[92m   Compiling[0m fdeflate v0.3.7
2026-10-08T22:07:14.3076317Z [1m[92m   Compiling[0m synstructure v0.14.0
2026-10-08T22:07:14.3603075Z [1m[92m   Compiling[0m kurbo v0.11.3
2026-10-08T22:07:14.4076135Z [1m[92m   Compiling[0m heapless v0.7.17
2026-10-08T22:07:14.5326822Z [1m[92m   Compiling[0m pin-project-lite v0.2.17
2026-10-08T22:07:14.5766752Z [1m[92m   Compiling[0m bitflags v2.13.2
2026-10-08T22:07:14.7166300Z [1m[92m   Compiling[0m bitflags v1.3.2
2026-10-08T22:07:14.7496376Z [1m[92m   Compiling[0m futures-task v0.3.34
2026-10-08T22:07:14.8106336Z [1m[92m   Compiling[0m futures-util v0.3.34
2026-10-08T22:07:14.8186129Z [1m[92m   Compiling[0m ureq-proto v0.6.4
2026-10-08T22:07:15.4596811Z [1m[92m   Compiling[0m svgtypes v0.15.3
2026-10-08T22:07:15.5977170Z [1m[92m   Compiling[0m png v0.17.16
2026-10-08T22:07:16.0215977Z [1m[92m   Compiling[0m rustls v0.23.45
2026-10-08T22:07:16.0396222Z [1m[92m   Compiling[0m serde_derive v1.0.229
2026-10-08T22:07:16.3276796Z [1m[92m   Compiling[0m thiserror-impl v2.0.20
2026-10-08T22:07:16.5786673Z [1m[92m   Compiling[0m zerofrom-derive v0.1.8
2026-10-08T22:07:17.4670462Z [1m[92m   Compiling[0m thiserror v2.0.20
2026-10-08T22:07:17.5156913Z [1m[92m   Compiling[0m cobs v0.3.0
2026-10-08T22:07:17.6246770Z [1m[92m   Compiling[0m static-automata-macros v1.0.3
2026-10-08T22:07:17.7086988Z [1m[92m   Compiling[0m zerofrom v0.1.8
2026-10-08T22:07:17.7916658Z [1m[92m   Compiling[0m yoke-derive v0.8.3
2026-10-08T22:07:17.8557686Z [1m[92m   Compiling[0m static-automata v1.0.3
2026-10-08T22:07:17.9176238Z [1m[92m   Compiling[0m langtag v1.1.0
2026-10-08T22:07:18.7826765Z [1m[92m   Compiling[0m yoke v0.8.3
2026-10-08T22:07:18.9367038Z [1m[92m   Compiling[0m zerovec-derive v0.11.6
2026-10-08T22:07:19.1117032Z [1m[92m   Compiling[0m serde v1.0.229
2026-10-08T22:07:19.6505308Z [1m[92m   Compiling[0m conduit-assigned-plan v0.1.0 (/home/runner/work/conduit/conduit/architecture/assigned-plan)
2026-10-08T22:07:19.8946665Z [1m[92m   Compiling[0m conduit-core v0.1.0 (/home/runner/work/conduit/conduit/architecture/core)
2026-10-08T22:07:19.9696676Z [1m[92m   Compiling[0m conduit-kernel v0.1.0 (/home/runner/work/conduit/conduit/architecture/kernel)
2026-10-08T22:07:21.1496654Z [1m[92m   Compiling[0m postcard v1.1.3
2026-10-08T22:07:21.4296362Z [1m[92m   Compiling[0m serde_spanned v0.6.9
2026-10-08T22:07:21.5016874Z [1m[92m   Compiling[0m toml_datetime v0.6.11
2026-10-08T22:07:21.5217872Z [1m[92m   Compiling[0m heapless v0.8.0
2026-10-08T22:07:21.6916545Z [1m[92m   Compiling[0m toml_edit v0.22.27
2026-10-08T22:07:22.0113212Z [1m[92m   Compiling[0m speaking v0.1.0 (https://github.com/dancxjo/tongues.git?rev=b5d7535b2ccd3730b4db878fb61b2e4e48ae89c9#b5d7535b)
2026-10-08T22:07:24.9336123Z [1m[92m   Compiling[0m toml v0.8.23
2026-10-08T22:07:25.5356738Z [1m[92m   Compiling[0m serde-json-core v0.6.0
2026-10-08T22:07:25.8556666Z [1m[92m   Compiling[0m zerovec v0.11.8
2026-10-08T22:07:26.8416762Z [1m[92m   Compiling[0m displaydoc v0.2.7
2026-10-08T22:07:27.4046185Z [1m[92m   Compiling[0m tinystr v0.8.4
2026-10-08T22:07:27.5466487Z [1m[92m   Compiling[0m icu_locale_core v2.3.0
2026-10-08T22:07:29.1256618Z [1m[92m   Compiling[0m zerotrie v0.2.5
2026-10-08T22:07:29.6746095Z [1m[92m   Compiling[0m potential_utf v0.1.6
2026-10-08T22:07:29.7665136Z [1m[92m   Compiling[0m patchbay-control v0.1.0 (/home/runner/work/conduit/conduit/plots/patchbay)
2026-10-08T22:07:29.8898389Z [1m[92m   Compiling[0m icu_provider v2.3.1
2026-10-08T22:07:30.3296751Z [1m[92m   Compiling[0m icu_locale_fallback v2.3.0
2026-10-08T22:07:30.5566142Z [1m[92m   Compiling[0m icu_collections v2.3.0
2026-10-08T22:07:30.9886201Z [1m[92m   Compiling[0m icu_segmenter v2.3.0
2026-10-08T22:07:32.2627237Z [1m[92m   Compiling[0m conduit-plot v0.1.0 (/home/runner/work/conduit/conduit/architecture/plot)
2026-10-08T22:07:34.4892258Z [1m[92m   Compiling[0m conduit-body v0.1.0 (/home/runner/work/conduit/conduit/architecture/body)
2026-10-08T22:07:42.1786715Z [1m[92m   Compiling[0m conduit-plan-lowering v0.1.0 (/home/runner/work/conduit/conduit/architecture/plan-lowering)
2026-10-08T22:07:43.3105341Z [1m[92m   Compiling[0m tongues-pipeline v0.1.0 (https://github.com/dancxjo/tongues.git?rev=b5d7535b2ccd3730b4db878fb61b2e4e48ae89c9#b5d7535b)
2026-10-08T22:07:43.7566658Z [1m[92m   Compiling[0m conduit-time v0.1.0 (/home/runner/work/conduit/conduit/semantics/time)
2026-10-08T22:07:45.7426428Z [1m[92m   Compiling[0m conduit-human v0.1.0 (/home/runner/work/conduit/conduit/semantics/human)
2026-10-08T22:07:46.1996561Z [1m[92m   Compiling[0m conduit-audio v0.1.0 (/home/runner/work/conduit/conduit/semantics/audio)
2026-10-08T22:07:46.6046701Z [1m[92m   Compiling[0m conduit-language v0.1.0 (/home/runner/work/conduit/conduit/semantics/language)
2026-10-08T22:07:51.4487221Z [1m[92m   Compiling[0m conduit-presentation v0.1.0 (/home/runner/work/conduit/conduit/semantics/presentation)
2026-10-08T22:07:52.5486647Z [1m[92m   Compiling[0m conduit-data v0.1.0 (/home/runner/work/conduit/conduit/semantics/data)
2026-10-08T22:08:02.0297009Z [1m[92m   Compiling[0m conduit-web v0.1.0 (/home/runner/work/conduit/conduit/semantics/web)
2026-10-08T22:08:04.4296976Z [1m[92m   Compiling[0m conduit-alife v0.1.0 (/home/runner/work/conduit/conduit/semantics/alife)
2026-10-08T22:08:04.7916869Z [1m[92m   Compiling[0m conduit-text v0.1.0 (/home/runner/work/conduit/conduit/semantics/text)
2026-10-08T22:08:05.0587383Z [1m[92m   Compiling[0m conduit-net v0.1.0 (/home/runner/work/conduit/conduit/semantics/net)
2026-10-08T22:08:05.4226386Z [1m[92m   Compiling[0m conduit-purpose v0.1.0 (/home/runner/work/conduit/conduit/semantics/purpose)
2026-10-08T22:08:05.6357232Z [1m[92m   Compiling[0m conduit-robotics v0.1.0 (/home/runner/work/conduit/conduit/semantics/robotics)
2026-10-08T22:08:05.9597277Z [1m[92m   Compiling[0m conduit-process v0.1.0 (/home/runner/work/conduit/conduit/semantics/process)
2026-10-08T22:08:08.9147028Z [1m[92m   Compiling[0m conduit-education v0.1.0 (/home/runner/work/conduit/conduit/semantics/education)
2026-10-08T22:08:09.7497096Z [1m[92m   Compiling[0m conduit-midi v0.1.0 (/home/runner/work/conduit/conduit/mechanisms/protocols/midi)
2026-10-08T22:08:09.9687588Z [1m[92m   Compiling[0m conduit-ai v0.1.0 (/home/runner/work/conduit/conduit/semantics/ai)
2026-10-08T22:08:10.4846968Z [1m[92m   Compiling[0m conduit-signal v0.1.0 (/home/runner/work/conduit/conduit/semantics/signal)
2026-10-08T22:08:10.6998014Z [1m[92m   Compiling[0m conduit-tongues v0.1.0 (/home/runner/work/conduit/conduit/semantics/tongues)
2026-10-08T22:08:11.0046829Z [1m[92m   Compiling[0m conduit-chat v0.1.0 (/home/runner/work/conduit/conduit/semantics/chat)
2026-10-08T22:08:11.0946708Z [1m[92m   Compiling[0m conduit-todo-plot v0.1.0 (/home/runner/work/conduit/conduit/plots/todo/model)
2026-10-08T22:08:11.3376511Z [1m[92m   Compiling[0m conduit-wire v0.1.0 (/home/runner/work/conduit/conduit/architecture/wire)
2026-10-08T22:08:11.4416603Z [1m[92m   Compiling[0m conduit-tutorial-plot v0.1.0 (/home/runner/work/conduit/conduit/semantics/tutorial)
2026-10-08T22:08:11.6862629Z [1m[92m   Compiling[0m conduit-body-invitation-plot v0.1.0 (/home/runner/work/conduit/conduit/semantics/body-invitation)
2026-10-08T22:08:11.9067070Z [1m[92m   Compiling[0m conduit-plot-library v0.1.0 (/home/runner/work/conduit/conduit/semantics/plot-library)
2026-10-08T22:08:12.1271772Z [1m[92m   Compiling[0m conduit-bluetooth v0.1.0 (/home/runner/work/conduit/conduit/mechanisms/protocols/bluetooth)
2026-10-08T22:08:12.1316255Z [1m[92m   Compiling[0m conduit-composite v0.1.0 (/home/runner/work/conduit/conduit/architecture/composite)
2026-10-08T22:08:12.4317616Z [1m[92m   Compiling[0m conduit-synth v0.1.0 (/home/runner/work/conduit/conduit/mechanisms/implementations/synth)
2026-10-08T22:08:12.6246498Z [1m[92m   Compiling[0m conduit-birth-plot v0.1.0 (/home/runner/work/conduit/conduit/plots/birth)
2026-10-08T22:08:13.1686590Z [1m[92m   Compiling[0m conduit-observatory v0.1.0 (/home/runner/work/conduit/conduit/architecture/observatory)
2026-10-08T22:08:14.2866962Z [1m[92m   Compiling[0m conduit-little-seismograph-fixture v0.1.0 (/home/runner/work/conduit/conduit/plots/little-seismograph/fixture)
2026-10-08T22:08:14.3736454Z [1m[92m   Compiling[0m conduit-finance v0.1.0 (/home/runner/work/conduit/conduit/semantics/finance)
2026-10-08T22:08:14.6006591Z [1m[92m   Compiling[0m conduit-home-model v0.1.0 (/home/runner/work/conduit/conduit/semantics/home)
2026-10-08T22:08:14.8466746Z [1m[92m   Compiling[0m futures-channel v0.3.34
2026-10-08T22:08:14.8746367Z [1m[92m   Compiling[0m console v0.16.6
2026-10-08T22:08:15.4851156Z [1m[92m   Compiling[0m webpki-roots v1.0.9
2026-10-08T22:08:15.5576286Z [1m[92m   Compiling[0m spin v0.9.9
2026-10-08T22:08:15.6805932Z [1m[92m   Compiling[0m simplecss v0.2.2
2026-10-08T22:08:16.0016053Z [1m[92m   Compiling[0m hash32 v0.2.1
2026-10-08T22:08:16.1056795Z [1m[92m   Compiling[0m conduitos v0.1.0 (/home/runner/work/conduit/conduit/targets/conduitos)
2026-10-08T22:08:16.1496643Z [1m[92m   Compiling[0m unit-prefix v0.5.2
2026-10-08T22:08:16.2196883Z [1m[92m   Compiling[0m conduit-create-oi v0.1.0 (/home/runner/work/conduit/conduit/mechanisms/devices/create-oi)
2026-10-08T22:08:16.3862492Z [1m[92m   Compiling[0m imagesize v0.13.0
2026-10-08T22:08:16.4836481Z [1m[92m   Compiling[0m pulldown-cmark v0.12.2
2026-10-08T22:08:16.5586035Z [1m[92m   Compiling[0m data-url v0.3.2
2026-10-08T22:08:16.6866852Z [1m[92m   Compiling[0m roxmltree v0.20.0
2026-10-08T22:08:16.7656163Z [1m[92m   Compiling[0m smawk v0.3.3
2026-10-08T22:08:16.8286277Z [1m[92m   Compiling[0m xmlwriter v0.1.0
2026-10-08T22:08:16.9338932Z [1m[92m   Compiling[0m base64 v0.22.1
2026-10-08T22:08:17.1626945Z [1m[92m   Compiling[0m futures-io v0.3.34
2026-10-08T22:08:17.1904005Z [1m[92m   Compiling[0m pico-args v0.5.0
2026-10-08T22:08:17.2636445Z [1m[92m   Compiling[0m ureq v3.4.2
2026-10-08T22:08:17.3146485Z [1m[92m   Compiling[0m usvg v0.45.1
2026-10-08T22:08:18.7716552Z [1m[92m   Compiling[0m futures v0.3.34
2026-10-08T22:08:18.8000492Z [1m[92m   Compiling[0m textwrap v0.16.4
2026-10-08T22:08:19.1736233Z [1m[92m   Compiling[0m clap_derive v4.6.7
2026-10-08T22:08:19.2346491Z [1m[92m   Compiling[0m indicatif v0.18.6
2026-10-08T22:08:19.9296185Z [1m[92m   Compiling[0m tungstenite v0.30.0
2026-10-08T22:08:21.2911356Z [1m[92m   Compiling[0m patchbay-workbench-host-contract v0.1.0 (/home/runner/work/conduit/conduit/plots/patchbay/workbench/host-contract)
2026-10-08T22:08:21.3556939Z [1m[92m   Compiling[0m conduit-rp2040-network-realization v0.1.0 (/home/runner/work/conduit/conduit/targets/rp2040/network-realization)
2026-10-08T22:08:21.4076180Z [1m[92m   Compiling[0m tiny-skia v0.11.4
2026-10-08T22:08:21.5346534Z [1m[92m   Compiling[0m limine v0.5.0
2026-10-08T22:08:21.8606516Z [1m[92m   Compiling[0m rgb v0.8.53
2026-10-08T22:08:22.1668527Z [1m[92m   Compiling[0m getopts v0.2.24
2026-10-08T22:08:22.4546489Z [1m[92m   Compiling[0m rustls-pemfile v2.2.0
2026-10-08T22:08:22.5626753Z [1m[92m   Compiling[0m sha1 v0.10.7
2026-10-08T22:08:22.6916865Z [1m[92m   Compiling[0m unicase v2.9.0
2026-10-08T22:08:22.8046834Z [1m[92m   Compiling[0m base64 v0.13.1
2026-10-08T22:08:22.9356678Z [1m[92m   Compiling[0m conduit-mpu6050 v0.1.0 (/home/runner/work/conduit/conduit/mechanisms/devices/mpu6050)
2026-10-08T22:08:23.0451286Z [1m[92m   Compiling[0m pulldown-cmark-escape v0.11.0
2026-10-08T22:08:23.2816553Z [1m[92m   Compiling[0m embedded-websocket v0.9.5
2026-10-08T22:08:23.5566116Z [1m[92m   Compiling[0m resvg v0.45.1
2026-10-08T22:08:24.0756359Z [1m[92m   Compiling[0m clap v4.6.7
2026-10-08T22:08:24.1126614Z [1m[92m   Compiling[0m cliclack v0.5.6
2026-10-08T22:08:24.4227668Z [1m[92m   Compiling[0m conduit-embedded-build v0.1.0 (/home/runner/work/conduit/conduit/make/embedded-build)
2026-10-08T22:08:38.3791737Z [1m[92m   Compiling[0m conduit-planner v0.1.0 (/home/runner/work/conduit/conduit/architecture/planner)
2026-10-08T22:08:40.9782144Z [1m[92m   Compiling[0m conduit-semantic-catalog v0.1.0 (/home/runner/work/conduit/conduit/semantics/catalog)
2026-10-08T22:08:40.9806673Z [1m[92m   Compiling[0m conduit-conduitos-mask-offer v0.1.0 (/home/runner/work/conduit/conduit/targets/conduitos/mask-offer)
2026-10-08T22:08:41.2184037Z [1m[92m   Compiling[0m conduit-alife-distributed-conformance v0.1.0 (/home/runner/work/conduit/conduit/proof/conformance/alife-distributed)
2026-10-08T22:08:42.6536673Z [1m[92m   Compiling[0m conduit-speech v0.1.0 (/home/runner/work/conduit/conduit/semantics/speech)
2026-10-08T22:08:43.5403416Z [1m[92m   Compiling[0m conduit-host-make v0.1.0 (/home/runner/work/conduit/conduit/make/host)
2026-10-08T22:08:45.7336623Z [1m[92m   Compiling[0m patchbay-graph v0.1.0 (/home/runner/work/conduit/conduit/plots/patchbay/graph)
2026-10-08T22:08:46.8106590Z [1m[92m   Compiling[0m conduit-std-offers v0.1.0 (/home/runner/work/conduit/conduit/targets/std/offers)
2026-10-08T22:08:47.6157368Z [1m[92m   Compiling[0m conduit-host-browser-make v0.1.0 (/home/runner/work/conduit/conduit/targets/browser/make)
2026-10-08T22:08:47.8856863Z [1m[92m   Compiling[0m conduit-signal-conformance v0.1.0 (/home/runner/work/conduit/conduit/proof/conformance/signal)
2026-10-08T22:08:48.1276819Z [1m[92m   Compiling[0m conduit-host-hosted v0.1.0 (/home/runner/work/conduit/conduit/targets/std/make)
2026-10-08T22:08:48.3397252Z [1m[92m   Compiling[0m conduit-host-rp2040 v0.1.0 (/home/runner/work/conduit/conduit/targets/rp2040/make)
2026-10-08T22:08:48.4066783Z [1m[92m   Compiling[0m conduit-host-esp32-make v0.1.0 (/home/runner/work/conduit/conduit/targets/esp32/make)
2026-10-08T22:08:48.4767148Z [1m[92m   Compiling[0m conduit-host-raspberry-pi v0.1.0 (/home/runner/work/conduit/conduit/targets/raspberry-pi/make)
2026-10-08T22:08:48.5576596Z [1m[92m   Compiling[0m conduit-host-avr-make v0.1.0 (/home/runner/work/conduit/conduit/targets/avr/make)
2026-10-08T22:08:48.6417400Z [1m[92m   Compiling[0m conduit-linear-framebuffer-make v0.1.0 (/home/runner/work/conduit/conduit/mechanisms/implementations/linear-framebuffer-make)
2026-10-08T22:08:48.7937027Z [1m[92m   Compiling[0m conduit-host-conduitos-make v0.1.0 (/home/runner/work/conduit/conduit/targets/conduitos/make)
2026-10-08T22:08:48.8549380Z [1m[92m   Compiling[0m conduit-host-orange-pi v0.1.0 (/home/runner/work/conduit/conduit/targets/orange-pi/make)
2026-10-08T22:08:49.0098076Z [1m[92m   Compiling[0m patchbay-application v0.1.0 (/home/runner/work/conduit/conduit/plots/patchbay/application)
2026-10-08T22:08:49.0386593Z [1m[92m   Compiling[0m conduit-tour-model v0.1.0 (/home/runner/work/conduit/conduit/plots/tour)
2026-10-08T22:08:49.3326751Z [1m[92m   Compiling[0m conduit-browser-mask-offer v0.1.0 (/home/runner/work/conduit/conduit/targets/browser/mask-offer)
2026-10-08T22:08:49.5116995Z [1m[92m   Compiling[0m conduit-body-make v0.1.0 (/home/runner/work/conduit/conduit/make/body)
2026-10-08T22:08:49.5406712Z [1m[92m   Compiling[0m conduit-workspace-make v0.1.0 (/home/runner/work/conduit/conduit/make/workspace)
2026-10-08T22:08:50.0447034Z [1m[92m   Compiling[0m conduit-r1-network-conformance v0.1.0 (/home/runner/work/conduit/conduit/proof/conformance/network-r1)
2026-10-08T22:08:50.5957010Z [1m[92m   Compiling[0m conduit-patchbay-workbench-conformance v0.1.0 (/home/runner/work/conduit/conduit/proof/conformance/patchbay-workbench)
2026-10-08T22:08:50.7996950Z [1m[92m   Compiling[0m conduit-pete v0.1.0 (/home/runner/work/conduit/conduit/bodies/pete)
2026-10-08T22:08:54.1037929Z [1m[92m   Compiling[0m conduit-browser-runtime v0.1.0 (/home/runner/work/conduit/conduit/targets/browser/runtime)
2026-10-08T22:09:10.3239153Z [1m[92m   Compiling[0m conduit-patchbay-workbench v0.1.0 (/home/runner/work/conduit/conduit/plots/patchbay/workbench/model)
2026-10-08T22:11:52.2450647Z [1m[92m   Compiling[0m conduit-std-host v0.1.0 (/home/runner/work/conduit/conduit/targets/std)
2026-10-08T22:12:05.5486027Z [1m[92m   Compiling[0m xtask v0.1.0 (/home/runner/work/conduit/conduit/tools/xtask)
2026-10-08T22:12:26.6261808Z [1m[92m    Finished[0m `dev` profile [unoptimized] target(s) in 5m 16s
2026-10-08T22:12:26.6538802Z [1m[92m     Running[0m `target/debug/xtask check plots bundle-initial-body --output target/workspace-product/plots/initial-body.conduit`
2026-10-08T22:12:26.9243428Z [1m[92m    Finished[0m `dev` profile [unoptimized] target(s) in 0.23s
2026-10-08T22:12:26.9310113Z [1m[92m     Running[0m `target/debug/conduit-xtask-dispatch check plots bundle-workspace-catalog --output target/workspace-product/plots/workspace-catalog.json`
2026-10-08T22:12:27.2486891Z [1m[92m    Finished[0m `dev` profile [unoptimized] target(s) in 0.30s
2026-10-08T22:12:27.2684255Z [1m[92m     Running[0m `target/debug/xtask check plots bundle-workspace-catalog --output target/workspace-product/plots/workspace-catalog.json`
2026-10-08T22:12:29.6511791Z > cargo +1.98.1-x86_64-unknown-linux-gnu xtask make body static --application targets/browser/handbook/handbook.application.template.json --output target/handbook-static --release /home/runner/work/conduit/conduit/target/pipeline/browser/host-release --handbook --locked
2026-10-08T22:12:29.8924342Z [1m[92m    Finished[0m `dev` profile [unoptimized] target(s) in 0.23s
2026-10-08T22:12:29.8989264Z [1m[92m     Running[0m `target/debug/conduit-xtask-dispatch make body static --application targets/browser/handbook/handbook.application.template.json --output target/handbook-static --release /home/runner/work/conduit/conduit/target/pipeline/browser/host-release --handbook --locked`
2026-10-08T22:12:30.2119448Z [1m[92m    Finished[0m `dev` profile [unoptimized] target(s) in 0.29s
2026-10-08T22:12:30.2315244Z [1m[92m     Running[0m `target/debug/xtask make body static --application targets/browser/handbook/handbook.application.template.json --output target/handbook-static --release /home/runner/work/conduit/conduit/target/pipeline/browser/host-release --handbook --locked`
2026-10-08T22:12:30.2813382Z handbook staged at /tmp/conduit-static-17234-1791497550244079430/handbook
2026-10-08T22:12:30.6446120Z Static browser application: target/handbook-static
2026-10-08T22:12:30.6491175Z > cargo +1.98.1-x86_64-unknown-linux-gnu xtask make body static --application targets/browser/examples/clock-lab/application.template.json --output target/handbook-static-second --release /home/runner/work/conduit/conduit/target/pipeline/browser/host-release --locked
2026-10-08T22:12:30.8912179Z [1m[92m    Finished[0m `dev` profile [unoptimized] target(s) in 0.23s
2026-10-08T22:12:30.8987673Z [1m[92m     Running[0m `target/debug/conduit-xtask-dispatch make body static --application targets/browser/examples/clock-lab/application.template.json --output target/handbook-static-second --release /home/runner/work/conduit/conduit/target/pipeline/browser/host-release --locked`
2026-10-08T22:12:31.2155428Z [1m[92m    Finished[0m `dev` profile [unoptimized] target(s) in 0.30s
2026-10-08T22:12:31.2365213Z [1m[92m     Running[0m `target/debug/xtask make body static --application targets/browser/examples/clock-lab/application.template.json --output target/handbook-static-second --release /home/runner/work/conduit/conduit/target/pipeline/browser/host-release --locked`
2026-10-08T22:12:31.5475491Z Static browser application: target/handbook-static-second
2026-10-08T22:12:31.6381708Z > node --test targets/browser/sdk/browser-sdk-continuity.test.mjs targets/browser/sdk/browser-sdk-errors.test.mjs targets/browser/sdk/browser-sdk-events.test.mjs targets/browser/sdk/browser-sdk-face-actions.test.mjs targets/browser/sdk/browser-sdk-face.test.mjs targets/browser/sdk/browser-sdk-plots.test.mjs targets/browser/sdk/browser-sdk-syntax.test.mjs targets/browser/sdk/browser-sdk-wardrobe.test.mjs targets/browser/sdk/package-browser-bundle.test.mjs targets/browser/tools/static-application-csp.test.mjs proof/browser/application-graph-canvas.test.mjs proof/browser/browser-body-input.test.mjs proof/browser/browser-body-host.test.mjs proof/browser/workspace-handoff.test.mjs proof/browser/browser-plot-effects.test.mjs proof/browser/browser-pitch-tone.test.mjs proof/browser/browser-host-calls.test.mjs proof/browser/creche-rendezvous.test.mjs proof/browser/physical-host-workflow.test.mjs proof/browser/creche-release-catalog.test.mjs
2026-10-08T22:12:31.6949270Z TAP version 13
2026-10-08T22:12:31.7516072Z # Subtest: decodes exact native canvas shape and Unicode without inventing graph facts
2026-10-08T22:12:31.7575920Z ok 1 - decodes exact native canvas shape and Unicode without inventing graph facts
2026-10-08T22:12:31.7595622Z   ---
2026-10-08T22:12:31.7625286Z   duration_ms: 3.567943
2026-10-08T22:12:31.7674443Z   type: 'test'
2026-10-08T22:12:31.7675609Z   ...
2026-10-08T22:12:31.7676621Z # Subtest: rejects stale unknown selection and dangling endpoint
2026-10-08T22:12:31.7677841Z ok 2 - rejects stale unknown selection and dangling endpoint
2026-10-08T22:12:31.7678627Z   ---
2026-10-08T22:12:31.7679126Z   duration_ms: 1.105455
2026-10-08T22:12:31.7679679Z   type: 'test'
2026-10-08T22:12:31.7680258Z   ...
2026-10-08T22:12:31.7680999Z # Subtest: rejects extra bytes and finite bounds overflow
2026-10-08T22:12:31.7681939Z ok 3 - rejects extra bytes and finite bounds overflow
2026-10-08T22:12:31.7682628Z   ---
2026-10-08T22:12:31.7683124Z   duration_ms: 0.683921
2026-10-08T22:12:31.7683691Z   type: 'test'
2026-10-08T22:12:31.7684196Z   ...
2026-10-08T22:12:31.7805963Z # Subtest: one acquired window-input adapter reports every admitted logical input unit
2026-10-08T22:12:31.7825689Z ok 4 - one acquired window-input adapter reports every admitted logical input unit
2026-10-08T22:12:31.7826534Z   ---
2026-10-08T22:12:31.7826911Z   duration_ms: 10.109214
2026-10-08T22:12:31.7827314Z   type: 'test'
2026-10-08T22:12:31.7827735Z   ...
2026-10-08T22:12:31.7829017Z # Subtest: acquired browser clock exposes a basis-qualified sample and refuses after close
2026-10-08T22:12:31.7830334Z ok 5 - acquired browser clock exposes a basis-qualified sample and refuses after close
2026-10-08T22:12:31.7831141Z   ---
2026-10-08T22:12:31.7831500Z   duration_ms: 3.769969
2026-10-08T22:12:31.7831896Z   type: 'test'
2026-10-08T22:12:31.7832311Z   ...
2026-10-08T22:12:31.8006393Z # Subtest: three admitted timer slots run independently through the page Host
2026-10-08T22:12:31.8035758Z ok 6 - three admitted timer slots run independently through the page Host
2026-10-08T22:12:31.8065183Z   ---
2026-10-08T22:12:31.8095414Z   duration_ms: 12.904209
2026-10-08T22:12:31.8096004Z   type: 'test'
2026-10-08T22:12:31.8096461Z   ...
2026-10-08T22:12:31.8097398Z # Subtest: a synchronously completed Body retains its receipt before dispatch or retirement
2026-10-08T22:12:31.8098737Z ok 7 - a synchronously completed Body retains its receipt before dispatch or retirement
2026-10-08T22:12:31.8099606Z   ---
2026-10-08T22:12:31.8115472Z   duration_ms: 1.130101
2026-10-08T22:12:31.8116328Z   type: 'test'
2026-10-08T22:12:31.8117015Z   ...
2026-10-08T22:12:31.8118094Z # Subtest: acquisition reports owned slots without starting a play or copying offer capacity
2026-10-08T22:12:31.8119624Z ok 8 - acquisition reports owned slots without starting a play or copying offer capacity
2026-10-08T22:12:31.8120617Z   ---
2026-10-08T22:12:31.8121185Z   duration_ms: 1.27483
2026-10-08T22:12:31.8121838Z   type: 'test'
2026-10-08T22:12:31.8122409Z   ...
2026-10-08T22:12:31.8123426Z # Subtest: wrong Boot, excessive demand, unsupported pools, and lost slots refuse
2026-10-08T22:12:31.8125047Z ok 9 - wrong Boot, excessive demand, unsupported pools, and lost slots refuse
2026-10-08T22:12:31.8126016Z   ---
2026-10-08T22:12:31.8126635Z   duration_ms: 1.316437
2026-10-08T22:12:31.8127275Z   type: 'test'
2026-10-08T22:12:31.8127869Z   ...
2026-10-08T22:12:31.8128983Z # Subtest: a plan selecting another admitted host retains an exact pre-play Line refusal
2026-10-08T22:12:31.8130862Z ok 10 - a plan selecting another admitted host retains an exact pre-play Line refusal
2026-10-08T22:12:31.8131879Z   ---
2026-10-08T22:12:31.8132415Z   duration_ms: 0.508115
2026-10-08T22:12:31.8133038Z   type: 'test'
2026-10-08T22:12:31.8133629Z   ...
2026-10-08T22:12:31.8134919Z # Subtest: Body placement admission follows the runtime envelope instead of a duplicated page constant
2026-10-08T22:12:31.8136530Z ok 11 - Body placement admission follows the runtime envelope instead of a duplicated page constant
2026-10-08T22:12:31.8137368Z   ---
2026-10-08T22:12:31.8137723Z   duration_ms: 0.74252
2026-10-08T22:12:31.8138091Z   type: 'test'
2026-10-08T22:12:31.8138425Z   ...
2026-10-08T22:12:31.8139136Z # Subtest: an exact externally managed distributed Plot stays in the body Plan but outside the local scheduler
2026-10-08T22:12:31.8140120Z ok 12 - an exact externally managed distributed Plot stays in the body Plan but outside the local scheduler
2026-10-08T22:12:31.8140759Z   ---
2026-10-08T22:12:31.8141093Z   duration_ms: 0.719758
2026-10-08T22:12:31.8141456Z   type: 'test'
2026-10-08T22:12:31.8141795Z   ...
2026-10-08T22:12:31.8142363Z # Subtest: closing pending timer work settles the dispatcher and releases the owner
2026-10-08T22:12:31.8143124Z ok 13 - closing pending timer work settles the dispatcher and releases the owner
2026-10-08T22:12:31.8143643Z   ---
2026-10-08T22:12:31.8143967Z   duration_ms: 1.17226
2026-10-08T22:12:31.8144324Z   type: 'test'
2026-10-08T22:12:31.8145178Z   ...
2026-10-08T22:12:31.8146162Z # Subtest: closing a quiescent Play cancels it instead of mistaking pending effects for a terminal receipt
2026-10-08T22:12:31.8147702Z ok 14 - closing a quiescent Play cancels it instead of mistaking pending effects for a terminal receipt
2026-10-08T22:12:31.8148414Z   ---
2026-10-08T22:12:31.8148718Z   duration_ms: 0.756957
2026-10-08T22:12:31.8149090Z   type: 'test'
2026-10-08T22:12:31.8149403Z   ...
2026-10-08T22:12:31.8150333Z # Subtest: adapter failure is not converted into successful execution
2026-10-08T22:12:31.8151164Z ok 15 - adapter failure is not converted into successful execution
2026-10-08T22:12:31.8151714Z   ---
2026-10-08T22:12:31.8152016Z   duration_ms: 0.668633
2026-10-08T22:12:31.8152349Z   type: 'test'
2026-10-08T22:12:31.8152676Z   ...
2026-10-08T22:12:31.8153283Z # Subtest: pre-start refusal and an unknown WASM start outcome remain distinct
2026-10-08T22:12:31.8154231Z ok 16 - pre-start refusal and an unknown WASM start outcome remain distinct
2026-10-08T22:12:31.8155083Z   ---
2026-10-08T22:12:31.8155414Z   duration_ms: 0.827989
2026-10-08T22:12:31.8155770Z   type: 'test'
2026-10-08T22:12:31.8156084Z   ...
2026-10-08T22:12:31.8156770Z # Subtest: first access to the body input arena may replace the WASM memory buffer
2026-10-08T22:12:31.8157761Z ok 17 - first access to the body input arena may replace the WASM memory buffer
2026-10-08T22:12:31.8158398Z   ---
2026-10-08T22:12:31.8158712Z   duration_ms: 0.383042
2026-10-08T22:12:31.8159095Z   type: 'test'
2026-10-08T22:12:31.8159416Z   ...
2026-10-08T22:12:31.8160096Z # Subtest: malformed successful start output still retires the acquired session
2026-10-08T22:12:31.8161108Z ok 18 - malformed successful start output still retires the acquired session
2026-10-08T22:12:31.8161736Z   ---
2026-10-08T22:12:31.8162039Z   duration_ms: 0.572514
2026-10-08T22:12:31.8162397Z   type: 'test'
2026-10-08T22:12:31.8162718Z   ...
2026-10-08T22:12:31.8163496Z # Subtest: the kernel-local template slot has one preparation owner and is released on close
2026-10-08T22:12:31.8164912Z ok 19 - the kernel-local template slot has one preparation owner and is released on close
2026-10-08T22:12:31.8165634Z   ---
2026-10-08T22:12:31.8165953Z   duration_ms: 0.569609
2026-10-08T22:12:31.8166319Z   type: 'test'
2026-10-08T22:12:31.8166638Z   ...
2026-10-08T22:12:31.8167451Z # Subtest: closing an application-event-only Play settles dispatch without a later user action
2026-10-08T22:12:31.8168691Z ok 20 - closing an application-event-only Play settles dispatch without a later user action
2026-10-08T22:12:31.8169662Z   ---
2026-10-08T22:12:31.8169988Z   duration_ms: 0.948964
2026-10-08T22:12:31.8170357Z   type: 'test'
2026-10-08T22:12:31.8170662Z   ...
2026-10-08T22:12:31.8171502Z # Subtest: closing a failed dispatcher preserves its original rejection and returns a cancellation receipt
2026-10-08T22:12:31.8172848Z ok 21 - closing a failed dispatcher preserves its original rejection and returns a cancellation receipt
2026-10-08T22:12:31.8173678Z   ---
2026-10-08T22:12:31.8174008Z   duration_ms: 0.605666
2026-10-08T22:12:31.8174386Z   type: 'test'
2026-10-08T22:12:31.8174973Z   ...
2026-10-08T22:12:31.9986623Z # Subtest: foreground changes route future keys while preserving background pending requests
2026-10-08T22:12:32.0005778Z ok 22 - foreground changes route future keys while preserving background pending requests
2026-10-08T22:12:32.0049494Z   ---
2026-10-08T22:12:32.0065399Z   duration_ms: 3.154815
2026-10-08T22:12:32.0095313Z   type: 'test'
2026-10-08T22:12:32.0115430Z   ...
2026-10-08T22:12:32.0120720Z # Subtest: queued keys retain capture focus and held-key releases stay with their press
2026-10-08T22:12:32.0123008Z ok 23 - queued keys retain capture focus and held-key releases stay with their press
2026-10-08T22:12:32.0123884Z   ---
2026-10-08T22:12:32.0124335Z   duration_ms: 0.604584
2026-10-08T22:12:32.0125085Z   type: 'test'
2026-10-08T22:12:32.0125543Z   ...
2026-10-08T22:12:32.0126325Z # Subtest: cancelling one input request does not cancel another plot's request
2026-10-08T22:12:32.0129114Z ok 24 - cancelling one input request does not cancel another plot's request
2026-10-08T22:12:32.0129922Z   ---
2026-10-08T22:12:32.0130389Z   duration_ms: 1.22118
2026-10-08T22:12:32.0130909Z   type: 'test'
2026-10-08T22:12:32.0131550Z   ...
2026-10-08T22:12:32.0132459Z # Subtest: uninstalled identities and duplicate requests refuse without consuming input
2026-10-08T22:12:32.0134069Z ok 25 - uninstalled identities and duplicate requests refuse without consuming input
2026-10-08T22:12:32.0135036Z   ---
2026-10-08T22:12:32.0135371Z   duration_ms: 0.759692
2026-10-08T22:12:32.0135756Z   type: 'test'
2026-10-08T22:12:32.0136087Z   ...
2026-10-08T22:12:32.0136713Z # Subtest: ordered pressure terminates only the affected Plot stream
2026-10-08T22:12:32.0137593Z ok 26 - ordered pressure terminates only the affected Plot stream
2026-10-08T22:12:32.0138158Z   ---
2026-10-08T22:12:32.0138492Z   duration_ms: 1.319042
2026-10-08T22:12:32.0139005Z   type: 'test'
2026-10-08T22:12:32.0139338Z   ...
2026-10-08T22:12:32.0140136Z # Subtest: pointer delivery follows its captured Plot and unrelated input cannot fill its queue
2026-10-08T22:12:32.0141350Z ok 27 - pointer delivery follows its captured Plot and unrelated input cannot fill its queue
2026-10-08T22:12:32.0142064Z   ---
2026-10-08T22:12:32.0142416Z   duration_ms: 0.635662
2026-10-08T22:12:32.0142788Z   type: 'test'
2026-10-08T22:12:32.0143113Z   ...
2026-10-08T22:12:32.0195033Z # Subtest: pointer pressure coalesces 100,000 observations through one reusable slot
2026-10-08T22:12:32.0196340Z ok 28 - pointer pressure coalesces 100,000 observations through one reusable slot
2026-10-08T22:12:32.0197073Z   ---
2026-10-08T22:12:32.0197430Z   duration_ms: 196.37821
2026-10-08T22:12:32.0197836Z   type: 'test'
2026-10-08T22:12:32.0198187Z   ...
2026-10-08T22:12:32.0198864Z # Subtest: ordered storage is reusable across repeated queue wraparound
2026-10-08T22:12:32.0199818Z ok 29 - ordered storage is reusable across repeated queue wraparound
2026-10-08T22:12:32.0200465Z   ---
2026-10-08T22:12:32.0200854Z   duration_ms: 58.075543
2026-10-08T22:12:32.0201275Z   type: 'test'
2026-10-08T22:12:32.0201635Z   ...
2026-10-08T22:12:32.0275791Z # Subtest: artifact handoff admits exact bounded identity and preserves terminal distinctions
2026-10-08T22:12:32.0293117Z ok 30 - artifact handoff admits exact bounded identity and preserves terminal distinctions
2026-10-08T22:12:32.0334137Z   ---
2026-10-08T22:12:32.0335250Z   duration_ms: 4.794533
2026-10-08T22:12:32.0335691Z   type: 'test'
2026-10-08T22:12:32.0336053Z   ...
2026-10-08T22:12:32.0336730Z # Subtest: artifact and location validation fail before platform effects
2026-10-08T22:12:32.0337698Z ok 31 - artifact and location validation fail before platform effects
2026-10-08T22:12:32.0338335Z   ---
2026-10-08T22:12:32.0338679Z   duration_ms: 17.069597
2026-10-08T22:12:32.0339080Z   type: 'test'
2026-10-08T22:12:32.0339415Z   ...
2026-10-08T22:12:32.0340141Z # Subtest: location movement is bounded presentation state and remains correlated
2026-10-08T22:12:32.0341213Z ok 32 - location movement is bounded presentation state and remains correlated
2026-10-08T22:12:32.0341899Z   ---
2026-10-08T22:12:32.0342237Z   duration_ms: 1.437502
2026-10-08T22:12:32.0342626Z   type: 'test'
2026-10-08T22:12:32.0342970Z   ...
2026-10-08T22:12:32.0343727Z # Subtest: device choice is profile gated and acquisition grants no membership or Plan
2026-10-08T22:12:32.0349334Z ok 33 - device choice is profile gated and acquisition grants no membership or Plan
2026-10-08T22:12:32.0354242Z   ---
2026-10-08T22:12:32.0354944Z   duration_ms: 1.070169
2026-10-08T22:12:32.0385025Z   type: 'test'
2026-10-08T22:12:32.0408704Z   ...
2026-10-08T22:12:32.0435516Z # Subtest: device outcomes and stale completions remain distinct
2026-10-08T22:12:32.0445868Z ok 34 - device outcomes and stale completions remain distinct
2026-10-08T22:12:32.0477150Z   ---
2026-10-08T22:12:32.0495299Z   duration_ms: 0.824102
2026-10-08T22:12:32.0499847Z   type: 'test'
2026-10-08T22:12:32.0504325Z   ...
2026-10-08T22:12:32.0509572Z # Subtest: device authority, activation, API, chooser, and identity outcomes stay separate
2026-10-08T22:12:32.0518999Z ok 35 - device authority, activation, API, chooser, and identity outcomes stay separate
2026-10-08T22:12:32.0524020Z   ---
2026-10-08T22:12:32.0524808Z   duration_ms: 1.291761
2026-10-08T22:12:32.0529347Z   type: 'test'
2026-10-08T22:12:32.0533910Z   ...
2026-10-08T22:12:32.0539422Z # Subtest: call slots are finite and duplicate correlation refuses
2026-10-08T22:12:32.0544789Z ok 36 - call slots are finite and duplicate correlation refuses
2026-10-08T22:12:32.0549607Z   ---
2026-10-08T22:12:32.0554109Z   duration_ms: 1.315445
2026-10-08T22:12:32.0558762Z   type: 'test'
2026-10-08T22:12:32.0559395Z   ...
2026-10-08T22:12:32.0564278Z # Subtest: the admitted pitch is sent to a short conservatively gained oscillator
2026-10-08T22:12:32.0569742Z ok 37 - the admitted pitch is sent to a short conservatively gained oscillator
2026-10-08T22:12:32.0574799Z   ---
2026-10-08T22:12:32.0579348Z   duration_ms: 3.031085
2026-10-08T22:12:32.0579985Z   type: 'test'
2026-10-08T22:12:32.0584813Z   ...
2026-10-08T22:12:32.0589955Z # Subtest: audio policy denial stays distinct from an invalid or unavailable effect
2026-10-08T22:12:32.0595491Z ok 38 - audio policy denial stays distinct from an invalid or unavailable effect
2026-10-08T22:12:32.0600352Z   ---
2026-10-08T22:12:32.0604864Z   duration_ms: 0.946509
2026-10-08T22:12:32.0605558Z   type: 'test'
2026-10-08T22:12:32.0610047Z   ...
2026-10-08T22:12:32.0615130Z # Subtest: one host dispatcher preserves cross-plot completion correlation
2026-10-08T22:12:32.0616529Z ok 39 - one host dispatcher preserves cross-plot completion correlation
2026-10-08T22:12:32.0617411Z   ---
2026-10-08T22:12:32.0617952Z   duration_ms: 5.730865
2026-10-08T22:12:32.0618681Z   type: 'test'
2026-10-08T22:12:32.0619187Z   ...
2026-10-08T22:12:32.0620133Z # Subtest: duplicate or excessive pending effects refuse and abort admitted adapters
2026-10-08T22:12:32.0621442Z ok 40 - duplicate or excessive pending effects refuse and abort admitted adapters
2026-10-08T22:12:32.0622373Z   ---
2026-10-08T22:12:32.0622887Z   duration_ms: 1.369927
2026-10-08T22:12:32.0623444Z   type: 'test'
2026-10-08T22:12:32.0623931Z   ...
2026-10-08T22:12:32.0624996Z # Subtest: an adapter failure is not converted into a successful completion
2026-10-08T22:12:32.0626164Z ok 41 - an adapter failure is not converted into a successful completion
2026-10-08T22:12:32.0627418Z   ---
2026-10-08T22:12:32.0627929Z   duration_ms: 0.53785
2026-10-08T22:12:32.0628440Z   type: 'test'
2026-10-08T22:12:32.0628926Z   ...
2026-10-08T22:12:32.0633717Z # Subtest: kernel cancellation aborts its exact timer before acknowledgement
2026-10-08T22:12:32.0635289Z ok 42 - kernel cancellation aborts its exact timer before acknowledgement
2026-10-08T22:12:32.0640686Z   ---
2026-10-08T22:12:32.0641215Z   duration_ms: 0.954295
2026-10-08T22:12:32.0641750Z   type: 'test'
2026-10-08T22:12:32.0642212Z   ...
2026-10-08T22:12:32.0643059Z # Subtest: typed Host denial is correlated without stopping unrelated pending work
2026-10-08T22:12:32.0648849Z ok 43 - typed Host denial is correlated without stopping unrelated pending work
2026-10-08T22:12:32.0649848Z   ---
2026-10-08T22:12:32.0650406Z   duration_ms: 1.47373
2026-10-08T22:12:32.0656345Z   type: 'test'
2026-10-08T22:12:32.0656881Z   ...
2026-10-08T22:12:32.0661933Z # Subtest: retirement aborts pending effects and fences late completions from a successor kernel
2026-10-08T22:12:32.0667723Z ok 44 - retirement aborts pending effects and fences late completions from a successor kernel
2026-10-08T22:12:32.0673171Z   ---
2026-10-08T22:12:32.0673804Z   duration_ms: 0.836816
2026-10-08T22:12:32.0674370Z   type: 'test'
2026-10-08T22:12:32.0679014Z   ...
2026-10-08T22:12:32.0680085Z # Subtest: synchronous retirement at the waiting boundary cannot strand its wake promise
2026-10-08T22:12:32.0685861Z ok 45 - synchronous retirement at the waiting boundary cannot strand its wake promise
2026-10-08T22:12:32.0690876Z   ---
2026-10-08T22:12:32.0691396Z   duration_ms: 0.746779
2026-10-08T22:12:32.0691945Z   type: 'test'
2026-10-08T22:12:32.0696609Z   ...
2026-10-08T22:12:32.0701507Z # Subtest: selected target alone is fetched, verified, and reused from immutable cache
2026-10-08T22:12:32.0702962Z ok 46 - selected target alone is fetched, verified, and reused from immutable cache
2026-10-08T22:12:32.0708351Z   ---
2026-10-08T22:12:32.0713147Z   duration_ms: 48.386677
2026-10-08T22:12:32.0713911Z   type: 'test'
2026-10-08T22:12:32.0714407Z   ...
2026-10-08T22:12:32.0719370Z # Subtest: catalog cannot relabel one artifact as another target
2026-10-08T22:12:32.0724212Z ok 47 - catalog cannot relabel one artifact as another target
2026-10-08T22:12:32.0729263Z   ---
2026-10-08T22:12:32.0729829Z   duration_ms: 4.657897
2026-10-08T22:12:32.0734384Z   type: 'test'
2026-10-08T22:12:32.0739048Z   ...
2026-10-08T22:12:32.0740091Z # Subtest: target-owned image validators can resolve one exact catalog artifact
2026-10-08T22:12:32.0745696Z ok 48 - target-owned image validators can resolve one exact catalog artifact
2026-10-08T22:12:32.0750482Z   ---
2026-10-08T22:12:32.0751063Z   duration_ms: 3.838005
2026-10-08T22:12:32.0751493Z   type: 'test'
2026-10-08T22:12:32.0755079Z   ...
2026-10-08T22:12:32.0755868Z # Subtest: browser decodes the exact canonical Rust and ConduitOS rendezvous vector
2026-10-08T22:12:32.0757040Z ok 49 - browser decodes the exact canonical Rust and ConduitOS rendezvous vector
2026-10-08T22:12:32.0758059Z   ---
2026-10-08T22:12:32.0758404Z   duration_ms: 4.247376
2026-10-08T22:12:32.0758796Z   type: 'test'
2026-10-08T22:12:32.0759130Z   ...
2026-10-08T22:12:32.0759947Z # Subtest: browser decodes the shared bounded WebRTC candidate without retaining signaling
2026-10-08T22:12:32.0761157Z ok 50 - browser decodes the shared bounded WebRTC candidate without retaining signaling
2026-10-08T22:12:32.0761894Z   ---
2026-10-08T22:12:32.0762268Z   duration_ms: 0.965004
2026-10-08T22:12:32.0762678Z   type: 'test'
2026-10-08T22:12:32.0763209Z   ...
2026-10-08T22:12:32.0763930Z # Subtest: browser records ordered direct failure before WebRTC selection
2026-10-08T22:12:32.0765340Z ok 51 - browser records ordered direct failure before WebRTC selection
2026-10-08T22:12:32.0766020Z   ---
2026-10-08T22:12:32.0766394Z   duration_ms: 1.393781
2026-10-08T22:12:32.0766802Z   type: 'test'
2026-10-08T22:12:32.0767156Z   ...
2026-10-08T22:12:32.0768324Z # Subtest: browser records direct and WebRTC failure before protected relay fallback
2026-10-08T22:12:32.0769522Z ok 52 - browser records direct and WebRTC failure before protected relay fallback
2026-10-08T22:12:32.0770259Z   ---
2026-10-08T22:12:32.0770619Z   duration_ms: 0.956919
2026-10-08T22:12:32.0771032Z   type: 'test'
2026-10-08T22:12:32.0771390Z   ...
2026-10-08T22:12:32.0772165Z # Subtest: candidate adapters reuse bounded WebRTC and protected-relay Line APIs
2026-10-08T22:12:32.0773329Z ok 53 - candidate adapters reuse bounded WebRTC and protected-relay Line APIs
2026-10-08T22:12:32.0774048Z   ---
2026-10-08T22:12:32.0774429Z   duration_ms: 1.143977
2026-10-08T22:12:32.0775118Z   type: 'test'
2026-10-08T22:12:32.0775465Z   ...
2026-10-08T22:12:32.1186797Z # Subtest: browser verifies the exact RFC 9052 Sign1 vector under caller-owned policy
2026-10-08T22:12:32.1211319Z ok 54 - browser verifies the exact RFC 9052 Sign1 vector under caller-owned policy
2026-10-08T22:12:32.1212261Z   ---
2026-10-08T22:12:32.1212776Z   duration_ms: 22.442693
2026-10-08T22:12:32.1213300Z   type: 'test'
2026-10-08T22:12:32.1213814Z   ...
2026-10-08T22:12:32.1215067Z # Subtest: running host rendezvous code resolves one authenticated loopback WebSocket Line
2026-10-08T22:12:32.1216454Z ok 55 - running host rendezvous code resolves one authenticated loopback WebSocket Line
2026-10-08T22:12:32.1217502Z   ---
2026-10-08T22:12:32.1217976Z   duration_ms: 0.666198
2026-10-08T22:12:32.1218851Z   type: 'test'
2026-10-08T22:12:32.1219290Z   ...
2026-10-08T22:12:32.1220017Z # Subtest: malformed, zero-secret, and non-loopback codes refuse
2026-10-08T22:12:32.1220974Z ok 56 - malformed, zero-secret, and non-loopback codes refuse
2026-10-08T22:12:32.1221668Z   ---
2026-10-08T22:12:32.1222118Z   duration_ms: 0.690644
2026-10-08T22:12:32.1222610Z   type: 'test'
2026-10-08T22:12:32.1223033Z   ...
2026-10-08T22:12:32.1223792Z # Subtest: serial rendezvous code selects the browser-attended serial Line
2026-10-08T22:12:32.1225596Z ok 57 - serial rendezvous code selects the browser-attended serial Line
2026-10-08T22:12:32.1226402Z   ---
2026-10-08T22:12:32.1226838Z   duration_ms: 0.565041
2026-10-08T22:12:32.1227314Z   type: 'test'
2026-10-08T22:12:32.1227738Z   ...
2026-10-08T22:12:32.1228521Z # Subtest: finite secure LAN descriptor selects the authenticated TLS Line
2026-10-08T22:12:32.1229727Z ok 58 - finite secure LAN descriptor selects the authenticated TLS Line
2026-10-08T22:12:32.1230538Z   ---
2026-10-08T22:12:32.1230999Z   duration_ms: 3.616493
2026-10-08T22:12:32.1231504Z   type: 'test'
2026-10-08T22:12:32.1231967Z   ...
2026-10-08T22:12:32.1232919Z # Subtest: shared WebRTC candidate carries the unchanged running-Host admission session
2026-10-08T22:12:32.1234277Z ok 59 - shared WebRTC candidate carries the unchanged running-Host admission session
2026-10-08T22:12:32.1235391Z   ---
2026-10-08T22:12:32.1235898Z   duration_ms: 31.165959
2026-10-08T22:12:32.1236426Z   type: 'test'
2026-10-08T22:12:32.1236905Z   ...
2026-10-08T22:12:32.1237873Z # Subtest: one code carries a current advertisement and exactly one invitation proof
2026-10-08T22:12:32.1239177Z ok 60 - one code carries a current advertisement and exactly one invitation proof
2026-10-08T22:12:32.1240066Z   ---
2026-10-08T22:12:32.1240582Z   duration_ms: 3.123486
2026-10-08T22:12:32.1241119Z   type: 'test'
2026-10-08T22:12:32.1241600Z   ...
2026-10-08T22:12:32.1242414Z # Subtest: Workspace may retain the authenticated joined Line until explicit close
2026-10-08T22:12:32.1243714Z ok 61 - Workspace may retain the authenticated joined Line until explicit close
2026-10-08T22:12:32.1244904Z   ---
2026-10-08T22:12:32.1246153Z   duration_ms: 5.558714
2026-10-08T22:12:32.1246901Z   type: 'test'
2026-10-08T22:12:32.1247412Z   ...
2026-10-08T22:12:32.1248273Z # Subtest: the same invitation exchange runs over a Web Serial stream
2026-10-08T22:12:32.1249256Z ok 62 - the same invitation exchange runs over a Web Serial stream
2026-10-08T22:12:32.1249826Z   ---
2026-10-08T22:12:32.1250166Z   duration_ms: 9.312753
2026-10-08T22:12:32.1250939Z   type: 'test'
2026-10-08T22:12:32.1251328Z   ...
2026-10-08T22:12:32.1366041Z # Subtest: physical target catalog admits exact evidence maxima and preserves finite refusals
2026-10-08T22:12:32.1385704Z ok 63 - physical target catalog admits exact evidence maxima and preserves finite refusals
2026-10-08T22:12:32.1415247Z   ---
2026-10-08T22:12:32.1415657Z   duration_ms: 5.559966
2026-10-08T22:12:32.1416177Z   type: 'test'
2026-10-08T22:12:32.1416850Z   ...
2026-10-08T22:12:32.1417714Z # Subtest: physical workflow cancels one bounded operation without accepting late truth
2026-10-08T22:12:32.1418939Z ok 64 - physical workflow cancels one bounded operation without accepting late truth
2026-10-08T22:12:32.1419676Z   ---
2026-10-08T22:12:32.1420023Z   duration_ms: 13.190202
2026-10-08T22:12:32.1420423Z   type: 'test'
2026-10-08T22:12:32.1420757Z   ...
2026-10-08T22:12:32.1421560Z # Subtest: physical workflow refuses oversized operation evidence before accepting its result
2026-10-08T22:12:32.1422810Z ok 65 - physical workflow refuses oversized operation evidence before accepting its result
2026-10-08T22:12:32.1423595Z   ---
2026-10-08T22:12:32.1447456Z   duration_ms: 3.265631
2026-10-08T22:12:32.1448031Z   type: 'test'
2026-10-08T22:12:32.1448496Z   ...
2026-10-08T22:12:32.1449647Z # Subtest: physical workflow delegates the exact observed join to its owning Body product
2026-10-08T22:12:32.1456111Z ok 66 - physical workflow delegates the exact observed join to its owning Body product
2026-10-08T22:12:32.1475090Z   ---
2026-10-08T22:12:32.1505136Z   duration_ms: 6.967984
2026-10-08T22:12:32.1505680Z   type: 'test'
2026-10-08T22:12:32.1506069Z   ...
2026-10-08T22:12:32.1507054Z # Subtest: Gallery handoff accepts one complete current identity and refuses substitution or ambiguous fields
2026-10-08T22:12:32.1508542Z ok 67 - Gallery handoff accepts one complete current identity and refuses substitution or ambiguous fields
2026-10-08T22:12:32.1509387Z   ---
2026-10-08T22:12:32.1510075Z   duration_ms: 1.510197
2026-10-08T22:12:32.1510477Z   type: 'test'
2026-10-08T22:12:32.1510810Z   ...
2026-10-08T22:12:32.1511635Z # Subtest: birth admission preserves selected source bytes without admitting the whole catalog
2026-10-08T22:12:32.1512896Z ok 68 - birth admission preserves selected source bytes without admitting the whole catalog
2026-10-08T22:12:32.1513650Z   ---
2026-10-08T22:12:32.1513995Z   duration_ms: 1.954173
2026-10-08T22:12:32.1514375Z   type: 'test'
2026-10-08T22:12:32.1514921Z   ...
2026-10-08T22:12:32.1515679Z # Subtest: long birth refusals retain their detail without overflowing a status label
2026-10-08T22:12:32.1516789Z ok 69 - long birth refusals retain their detail without overflowing a status label
2026-10-08T22:12:32.1517533Z   ---
2026-10-08T22:12:32.1517880Z   duration_ms: 3.446341
2026-10-08T22:12:32.1518275Z   type: 'test'
2026-10-08T22:12:32.1518614Z   ...
2026-10-08T22:12:32.1893162Z # Subtest: application and compatibility identities isolate state while compatible packages retain it
2026-10-08T22:12:32.1905521Z ok 70 - application and compatibility identities isolate state while compatible packages retain it
2026-10-08T22:12:32.1906648Z   ---
2026-10-08T22:12:32.1907221Z   duration_ms: 12.679773
2026-10-08T22:12:32.1907909Z   type: 'test'
2026-10-08T22:12:32.1908530Z   ...
2026-10-08T22:12:32.1909602Z # Subtest: ownership is lazy and a session caches its one Body without duplicate restore
2026-10-08T22:12:32.1911084Z ok 71 - ownership is lazy and a session caches its one Body without duplicate restore
2026-10-08T22:12:32.1912105Z   ---
2026-10-08T22:12:32.1912647Z   duration_ms: 2.27011
2026-10-08T22:12:32.1913240Z   type: 'test'
2026-10-08T22:12:32.1913866Z   ...
2026-10-08T22:12:32.1914993Z # Subtest: failed termination cannot clear state or release ownership
2026-10-08T22:12:32.1930334Z ok 72 - failed termination cannot clear state or release ownership
2026-10-08T22:12:32.1931264Z   ---
2026-10-08T22:12:32.1931928Z   duration_ms: 0.474492
2026-10-08T22:12:32.1933248Z   type: 'test'
2026-10-08T22:12:32.1933890Z   ...
2026-10-08T22:12:32.1935243Z # Subtest: forgetting unopened state acquires ownership; refused ownership cannot reset
2026-10-08T22:12:32.1936870Z ok 73 - forgetting unopened state acquires ownership; refused ownership cannot reset
2026-10-08T22:12:32.1937951Z   ---
2026-10-08T22:12:32.1938614Z   duration_ms: 0.395315
2026-10-08T22:12:32.1939303Z   type: 'test'
2026-10-08T22:12:32.1939944Z   ...
2026-10-08T22:12:32.1941139Z # Subtest: cooperative lock excludes competitors, releases explicitly, and retains Workspace default
2026-10-08T22:12:32.1942886Z ok 74 - cooperative lock excludes competitors, releases explicitly, and retains Workspace default
2026-10-08T22:12:32.1944037Z   ---
2026-10-08T22:12:32.1944941Z   duration_ms: 3.551122
2026-10-08T22:12:32.1945639Z   type: 'test'
2026-10-08T22:12:32.1946258Z   ...
2026-10-08T22:12:32.1947319Z # Subtest: close waits for an in-flight birth and its Body settlement before releasing
2026-10-08T22:12:32.1948824Z ok 75 - close waits for an in-flight birth and its Body settlement before releasing
2026-10-08T22:12:32.1949742Z   ---
2026-10-08T22:12:32.1950276Z   duration_ms: 0.516811
2026-10-08T22:12:32.1950929Z   type: 'test'
2026-10-08T22:12:32.1951494Z   ...
2026-10-08T22:12:32.2181146Z # Subtest: typed lifecycle refusals preserve their category, operation, evidence, and exact identities
2026-10-08T22:12:32.2205852Z ok 76 - typed lifecycle refusals preserve their category, operation, evidence, and exact identities
2026-10-08T22:12:32.2212620Z   ---
2026-10-08T22:12:32.2265247Z   duration_ms: 1.824281
2026-10-08T22:12:32.2266118Z   type: 'test'
2026-10-08T22:12:32.2325303Z   ...
2026-10-08T22:12:32.2342890Z # Subtest: BrowserHost cannot be made outside the admitted Conduit entrance
2026-10-08T22:12:32.2352105Z ok 77 - BrowserHost cannot be made outside the admitted Conduit entrance
2026-10-08T22:12:32.2365399Z   ---
2026-10-08T22:12:32.2365805Z   duration_ms: 0.64049
2026-10-08T22:12:32.2385567Z   type: 'test'
2026-10-08T22:12:32.2416274Z   ...
2026-10-08T22:12:32.2445615Z # Subtest: snapshot projection is the immutable exact Workspace response
2026-10-08T22:12:32.2446929Z ok 78 - snapshot projection is the immutable exact Workspace response
2026-10-08T22:12:32.2447783Z   ---
2026-10-08T22:12:32.2448285Z   duration_ms: 2.202895
2026-10-08T22:12:32.2448875Z   type: 'test'
2026-10-08T22:12:32.2449366Z   ...
2026-10-08T22:12:32.2450249Z # Subtest: lifecycle events correlate the exact retained biography record and sign
2026-10-08T22:12:32.2451620Z ok 79 - lifecycle events correlate the exact retained biography record and sign
2026-10-08T22:12:32.2452417Z   ---
2026-10-08T22:12:32.2452860Z   duration_ms: 0.922325
2026-10-08T22:12:32.2453362Z   type: 'test'
2026-10-08T22:12:32.2453790Z   ...
2026-10-08T22:12:32.2454980Z # Subtest: host offer transitions report observed changes and coalesced generation advances
2026-10-08T22:12:32.2456380Z ok 80 - host offer transitions report observed changes and coalesced generation advances
2026-10-08T22:12:32.2457494Z   ---
2026-10-08T22:12:32.2457948Z   duration_ms: 1.569928
2026-10-08T22:12:32.2458460Z   type: 'test'
2026-10-08T22:12:32.2458865Z   ...
2026-10-08T22:12:32.2459728Z # Subtest: event streams replay only when requested and release their finite subscription
2026-10-08T22:12:32.2461068Z ok 81 - event streams replay only when requested and release their finite subscription
2026-10-08T22:12:32.2461965Z   ---
2026-10-08T22:12:32.2462479Z   duration_ms: 0.53825
2026-10-08T22:12:32.2462993Z   type: 'test'
2026-10-08T22:12:32.2463475Z   ...
2026-10-08T22:12:32.2464437Z # Subtest: unrequested replay starts from current evidence and polling bounds are enforced
2026-10-08T22:12:32.2466131Z ok 82 - unrequested replay starts from current evidence and polling bounds are enforced
2026-10-08T22:12:32.2467012Z   ---
2026-10-08T22:12:32.2467473Z   duration_ms: 0.790189
2026-10-08T22:12:32.2468023Z   type: 'test'
2026-10-08T22:12:32.2468506Z   ...
2026-10-08T22:12:32.2469434Z # Subtest: compaction is reported from its retained boundary before later biography records
2026-10-08T22:12:32.2471330Z ok 83 - compaction is reported from its retained boundary before later biography records
2026-10-08T22:12:32.2472488Z   ---
2026-10-08T22:12:32.2473047Z   duration_ms: 0.401967
2026-10-08T22:12:32.2473514Z   type: 'test'
2026-10-08T22:12:32.2473886Z   ...
2026-10-08T22:12:32.2715035Z # Subtest: browser Face controls pass only named, bounded values from the current action
2026-10-08T22:12:32.2761541Z ok 84 - browser Face controls pass only named, bounded values from the current action
2026-10-08T22:12:32.2800159Z   ---
2026-10-08T22:12:32.2832748Z   duration_ms: 3.202454
2026-10-08T22:12:32.2845435Z   type: 'test'
2026-10-08T22:12:32.2846281Z   ...
2026-10-08T22:12:32.2847511Z # Subtest: actions with no arguments are ordinary buttons; nontext without choices is unavailable
2026-10-08T22:12:32.2849116Z ok 85 - actions with no arguments are ordinary buttons; nontext without choices is unavailable
2026-10-08T22:12:32.2849992Z   ---
2026-10-08T22:12:32.2850382Z   duration_ms: 0.311209
2026-10-08T22:12:32.2850798Z   type: 'test'
2026-10-08T22:12:32.2851171Z   ...
2026-10-08T22:12:32.3036102Z # Subtest: Face snapshot uses one bounded same-origin SDK request
2026-10-08T22:12:32.3037125Z ok 86 - Face snapshot uses one bounded same-origin SDK request
2026-10-08T22:12:32.3037767Z   ---
2026-10-08T22:12:32.3038195Z   duration_ms: 37.742959
2026-10-08T22:12:32.3038623Z   type: 'test'
2026-10-08T22:12:32.3039085Z   ...
2026-10-08T22:12:32.3075761Z # Subtest: Face interaction carries exact caller-owned semantic basis
2026-10-08T22:12:32.3077421Z ok 87 - Face interaction carries exact caller-owned semantic basis
2026-10-08T22:12:32.3105271Z   ---
2026-10-08T22:12:32.3105674Z   duration_ms: 0.623679
2026-10-08T22:12:32.3135707Z   type: 'test'
2026-10-08T22:12:32.3145739Z   ...
2026-10-08T22:12:32.3146662Z # Subtest: Face client refuses failed, empty, and oversized responses
2026-10-08T22:12:32.3148595Z ok 88 - Face client refuses failed, empty, and oversized responses
2026-10-08T22:12:32.3149534Z   ---
2026-10-08T22:12:32.3150103Z   duration_ms: 1.593663
2026-10-08T22:12:32.3150623Z   type: 'test'
2026-10-08T22:12:32.3151111Z   ...
2026-10-08T22:12:32.3238445Z # Subtest: Plot check projects Rust source and checked identities without parsing in JavaScript
2026-10-08T22:12:32.3255944Z ok 89 - Plot check projects Rust source and checked identities without parsing in JavaScript
2026-10-08T22:12:32.3256911Z   ---
2026-10-08T22:12:32.3257399Z   duration_ms: 2.707934
2026-10-08T22:12:32.3258021Z   type: 'test'
2026-10-08T22:12:32.3258491Z   ...
2026-10-08T22:12:32.3259441Z # Subtest: invalid source returns canonical diagnostics and parser spans without prose scraping
2026-10-08T22:12:32.3260829Z ok 90 - invalid source returns canonical diagnostics and parser spans without prose scraping
2026-10-08T22:12:32.3305316Z   ---
2026-10-08T22:12:32.3306381Z   duration_ms: 0.361221
2026-10-08T22:12:32.3335229Z   type: 'test'
2026-10-08T22:12:32.3335655Z   ...
2026-10-08T22:12:32.3370981Z # Subtest: Plot Patchbay exposes immutable Rust-checked Front constraints without creating a Body
2026-10-08T22:12:32.3396271Z ok 91 - Plot Patchbay exposes immutable Rust-checked Front constraints without creating a Body
2026-10-08T22:12:32.3410209Z   ---
2026-10-08T22:12:32.3425713Z   duration_ms: 0.824092
2026-10-08T22:12:32.3458338Z   type: 'test'
2026-10-08T22:12:32.3465728Z   ...
2026-10-08T22:12:32.3467090Z # Subtest: Host workload review returns bounded realization requirements without creating a Plan or acquiring resources
2026-10-08T22:12:32.3469209Z ok 92 - Host workload review returns bounded realization requirements without creating a Plan or acquiring resources
2026-10-08T22:12:32.3470552Z   ---
2026-10-08T22:12:32.3471217Z   duration_ms: 0.964383
2026-10-08T22:12:32.3479220Z   type: 'test'
2026-10-08T22:12:32.3479881Z   ...
2026-10-08T22:12:32.3481041Z # Subtest: workset changes send canonical checked identity and exact observed workload revision
2026-10-08T22:12:32.3483135Z ok 93 - workset changes send canonical checked identity and exact observed workload revision
2026-10-08T22:12:32.3484298Z   ---
2026-10-08T22:12:32.3485205Z   duration_ms: 3.106074
2026-10-08T22:12:32.3485880Z   type: 'test'
2026-10-08T22:12:32.3486520Z   ...
2026-10-08T22:12:32.3487655Z # Subtest: Body Patchbay uses the Rust projection and binds it to exact Body and Boot truth
2026-10-08T22:12:32.3489159Z ok 94 - Body Patchbay uses the Rust projection and binds it to exact Body and Boot truth
2026-10-08T22:12:32.3490213Z   ---
2026-10-08T22:12:32.3490852Z   duration_ms: 1.477106
2026-10-08T22:12:32.3491522Z   type: 'test'
2026-10-08T22:12:32.3492126Z   ...
2026-10-08T22:12:32.3493021Z # Subtest: workset refusal retains the exact expected revision
2026-10-08T22:12:32.3494183Z ok 95 - workset refusal retains the exact expected revision
2026-10-08T22:12:32.3495275Z   ---
2026-10-08T22:12:32.3495860Z   duration_ms: 1.65139
2026-10-08T22:12:32.3496523Z   type: 'test'
2026-10-08T22:12:32.3497164Z   ...
2026-10-08T22:12:32.3498310Z # Subtest: durable birth retains runtime-owned Body truth with its freshly checked source
2026-10-08T22:12:32.3499918Z ok 96 - durable birth retains runtime-owned Body truth with its freshly checked source
2026-10-08T22:12:32.3500918Z   ---
2026-10-08T22:12:32.3501498Z   duration_ms: 0.784097
2026-10-08T22:12:32.3502155Z   type: 'test'
2026-10-08T22:12:32.3502739Z   ...
2026-10-08T22:12:32.3503905Z # Subtest: recover rechecks retained Plots and restores the same Body under the fresh Boot without a Play
2026-10-08T22:12:32.3506911Z ok 97 - recover rechecks retained Plots and restores the same Body under the fresh Boot without a Play
2026-10-08T22:12:32.3508135Z   ---
2026-10-08T22:12:32.3508770Z   duration_ms: 1.365408
2026-10-08T22:12:32.3509469Z   type: 'test'
2026-10-08T22:12:32.3510105Z   ...
2026-10-08T22:12:32.3511083Z # Subtest: birth refuses to overwrite a retained Body that requires recovery
2026-10-08T22:12:32.3512750Z ok 98 - birth refuses to overwrite a retained Body that requires recovery
2026-10-08T22:12:32.3513725Z   ---
2026-10-08T22:12:32.3514388Z   duration_ms: 0.833039
2026-10-08T22:12:32.3515399Z   type: 'test'
2026-10-08T22:12:32.3516079Z   ...
2026-10-08T22:12:32.3517211Z # Subtest: recover refuses retained Plot identities that no longer match canonical checking
2026-10-08T22:12:32.3518803Z ok 99 - recover refuses retained Plot identities that no longer match canonical checking
2026-10-08T22:12:32.3519808Z   ---
2026-10-08T22:12:32.3520419Z   duration_ms: 0.586791
2026-10-08T22:12:32.3521099Z   type: 'test'
2026-10-08T22:12:32.3521736Z   ...
2026-10-08T22:12:32.3522770Z # Subtest: closing a Body settles admitted selection before fencing stale handles
2026-10-08T22:12:32.3524237Z ok 100 - closing a Body settles admitted selection before fencing stale handles
2026-10-08T22:12:32.3525525Z   ---
2026-10-08T22:12:32.3526154Z   duration_ms: 1.388732
2026-10-08T22:12:32.3526833Z   type: 'test'
2026-10-08T22:12:32.3527437Z   ...
2026-10-08T22:12:32.3528647Z # Subtest: bundled edits retain reviewed presentation profiles and Patchbay projects exact foreground source
2026-10-08T22:12:32.3530352Z ok 101 - bundled edits retain reviewed presentation profiles and Patchbay projects exact foreground source
2026-10-08T22:12:32.3531382Z   ---
2026-10-08T22:12:32.3531926Z   duration_ms: 2.092981
2026-10-08T22:12:32.3532532Z   type: 'test'
2026-10-08T22:12:32.3533049Z   ...
2026-10-08T22:12:32.3641924Z # Subtest: adapter forwards incomplete and Unicode source unchanged to native ABI
2026-10-08T22:12:32.3643497Z ok 102 - adapter forwards incomplete and Unicode source unchanged to native ABI
2026-10-08T22:12:32.3644712Z   ---
2026-10-08T22:12:32.3645464Z   duration_ms: 3.023451
2026-10-08T22:12:32.3646090Z   type: 'test'
2026-10-08T22:12:32.3646715Z   ...
2026-10-08T22:12:32.3647640Z # Subtest: byte overflow and malformed Unicode refuse before invoking native ABI
2026-10-08T22:12:32.3648997Z ok 103 - byte overflow and malformed Unicode refuse before invoking native ABI
2026-10-08T22:12:32.3650295Z   ---
2026-10-08T22:12:32.3650815Z   duration_ms: 2.096998
2026-10-08T22:12:32.3651406Z   type: 'test'
2026-10-08T22:12:32.3651926Z   ...
2026-10-08T22:12:32.3652692Z # Subtest: refuses malformed native projection: wrong protocol
2026-10-08T22:12:32.3653694Z ok 104 - refuses malformed native projection: wrong protocol
2026-10-08T22:12:32.3654469Z   ---
2026-10-08T22:12:32.3655318Z   duration_ms: 0.281904
2026-10-08T22:12:32.3655915Z   type: 'test'
2026-10-08T22:12:32.3656434Z   ...
2026-10-08T22:12:32.3657280Z # Subtest: refuses malformed native projection: wrong length
2026-10-08T22:12:32.3658434Z ok 105 - refuses malformed native projection: wrong length
2026-10-08T22:12:32.3659330Z   ---
2026-10-08T22:12:32.3659974Z   duration_ms: 0.259532
2026-10-08T22:12:32.3660655Z   type: 'test'
2026-10-08T22:12:32.3661272Z   ...
2026-10-08T22:12:32.3667865Z # Subtest: refuses malformed native projection: unknown kind
2026-10-08T22:12:32.3669126Z ok 106 - refuses malformed native projection: unknown kind
2026-10-08T22:12:32.3670082Z   ---
2026-10-08T22:12:32.3670720Z   duration_ms: 0.33885
2026-10-08T22:12:32.3671406Z   type: 'test'
2026-10-08T22:12:32.3672026Z   ...
2026-10-08T22:12:32.3672880Z # Subtest: refuses malformed native projection: gap
2026-10-08T22:12:32.3673944Z ok 107 - refuses malformed native projection: gap
2026-10-08T22:12:32.3675048Z   ---
2026-10-08T22:12:32.3675906Z   duration_ms: 0.261516
2026-10-08T22:12:32.3676609Z   type: 'test'
2026-10-08T22:12:32.3677234Z   ...
2026-10-08T22:12:32.3678144Z # Subtest: refuses malformed native projection: split UTF-8
2026-10-08T22:12:32.3680371Z ok 108 - refuses malformed native projection: split UTF-8
2026-10-08T22:12:32.3681261Z   ---
2026-10-08T22:12:32.3681893Z   duration_ms: 0.366811
2026-10-08T22:12:32.3682573Z   type: 'test'
2026-10-08T22:12:32.3683193Z   ...
2026-10-08T22:12:32.3712365Z # Subtest: native refusal remains a refusal
2026-10-08T22:12:32.3713486Z ok 109 - native refusal remains a refusal
2026-10-08T22:12:32.3714376Z   ---
2026-10-08T22:12:32.3715766Z   duration_ms: 0.377622
2026-10-08T22:12:32.3716518Z   type: 'test'
2026-10-08T22:12:32.3717188Z   ...
2026-10-08T22:12:32.3839823Z # Subtest: wardrobe preserves exact owner revision and distinguishes route availability from policy
2026-10-08T22:12:32.3841850Z ok 110 - wardrobe preserves exact owner revision and distinguishes route availability from policy
2026-10-08T22:12:32.3842919Z   ---
2026-10-08T22:12:32.3843447Z   duration_ms: 3.949262
2026-10-08T22:12:32.3843999Z   type: 'test'
2026-10-08T22:12:32.3844978Z   ...
2026-10-08T22:12:32.3845971Z # Subtest: wardrobe refuses stale identities, invented routes, and malformed selection
2026-10-08T22:12:32.3847422Z ok 111 - wardrobe refuses stale identities, invented routes, and malformed selection
2026-10-08T22:12:32.3848310Z   ---
2026-10-08T22:12:32.3848788Z   duration_ms: 0.620403
2026-10-08T22:12:32.3849327Z   type: 'test'
2026-10-08T22:12:32.3849806Z   ...
2026-10-08T22:12:33.2994985Z # Subtest: targets/browser/sdk/package-browser-bundle.test.mjs
2026-10-08T22:12:33.2995905Z ok 19 - targets/browser/sdk/package-browser-bundle.test.mjs
2026-10-08T22:12:33.2996471Z   ---
2026-10-08T22:12:33.2996811Z   duration_ms: 953.321985
2026-10-08T22:12:33.2997206Z   type: 'test'
2026-10-08T22:12:33.2997534Z   ...
2026-10-08T22:12:33.2998288Z # Subtest: policy precedes executable assets while preserving SVG and authored markup
2026-10-08T22:12:33.2999411Z ok 113 - policy precedes executable assets while preserving SVG and authored markup
2026-10-08T22:12:33.3000095Z   ---
2026-10-08T22:12:33.3000423Z   duration_ms: 1.228233
2026-10-08T22:12:33.3000807Z   type: 'test'
2026-10-08T22:12:33.3001138Z   ...
2026-10-08T22:12:33.3001949Z # Subtest: policy permits reviewed module and Wasm loading without script eval or backend origins
2026-10-08T22:12:33.3003103Z ok 114 - policy permits reviewed module and Wasm loading without script eval or backend origins
2026-10-08T22:12:33.3003574Z   ---
2026-10-08T22:12:33.3003788Z   duration_ms: 0.879255
2026-10-08T22:12:33.3004300Z   type: 'test'
2026-10-08T22:12:33.3004748Z   ...
2026-10-08T22:12:33.3005311Z # Subtest: existing tighter policy survives and headless fragments refuse packaging
2026-10-08T22:12:33.3005987Z ok 115 - existing tighter policy survives and headless fragments refuse packaging
2026-10-08T22:12:33.3006401Z   ---
2026-10-08T22:12:33.3006613Z   duration_ms: 0.493016
2026-10-08T22:12:33.3006847Z   type: 'test'
2026-10-08T22:12:33.3007048Z   ...
2026-10-08T22:12:33.3007508Z # Subtest: explicit owner window widens only its document to bounded loopback WebSockets
2026-10-08T22:12:33.3008196Z ok 116 - explicit owner window widens only its document to bounded loopback WebSockets
2026-10-08T22:12:33.3008616Z   ---
2026-10-08T22:12:33.3008817Z   duration_ms: 0.288656
2026-10-08T22:12:33.3009054Z   type: 'test'
2026-10-08T22:12:33.3009255Z   ...
2026-10-08T22:12:33.3009442Z 1..116
2026-10-08T22:12:33.3009635Z # tests 116
2026-10-08T22:12:33.3009828Z # suites 0
2026-10-08T22:12:33.3010025Z # pass 116
2026-10-08T22:12:33.3010224Z # fail 0
2026-10-08T22:12:33.3010427Z # cancelled 0
2026-10-08T22:12:33.3010631Z # skipped 0
2026-10-08T22:12:33.3010827Z # todo 0
2026-10-08T22:12:33.3011040Z # duration_ms 1630.907541
2026-10-08T22:12:33.3071107Z > node proof/browser/node_modules/@playwright/test/cli.js test --config proof/browser/playwright.config.mjs --project chromium --workers 1 --retries 0 workspace-arrival.spec.mjs workspace-birth-naming.spec.mjs sdk-external-body-execution.spec.mjs workspace-membership.spec.mjs workspace-library.spec.mjs workspace-resident-applications.spec.mjs workspace-continuity.spec.mjs workspace-shared-journey.spec.mjs field-station-clock.spec.mjs sdk-body-participation.spec.mjs static-body-application.spec.mjs creche-browser-configuration.spec.mjs creche-rendezvous.spec.mjs signal-dom-host.spec.mjs browser-body-time.spec.mjs browser-host-calls.spec.mjs browser-pointer.spec.mjs browser-human-input.spec.mjs browser-host-entrance.spec.mjs browser-media-host.spec.mjs browser-device-base.spec.mjs browser-usb-device-base.spec.mjs rp2040-browser-deployment.spec.mjs esp32-browser-deployment.spec.mjs
2026-10-08T22:12:35.5651928Z 
2026-10-08T22:12:35.5652508Z Running 100 tests using 1 worker
2026-10-08T22:12:35.5652755Z 
2026-10-08T22:12:35.9800851Z [1/100] [chromium] › proof/browser/browser-body-time.spec.mjs:5:1 › real browser monotonic timer ignores wall-clock steps
2026-10-08T22:12:36.5432604Z [2/100] [chromium] › proof/browser/browser-body-time.spec.mjs:38:1 › Chromium and native std process reconcile their distinct monotonic bases
2026-10-08T22:12:51.3646296Z [3/100] [chromium] › proof/browser/browser-device-base.spec.mjs:119:1 › superset WebSerial adapter refuses PROFILE omission before the chooser
2026-10-08T22:12:51.7282369Z [4/100] [chromium] › proof/browser/browser-device-base.spec.mjs:143:1 › explicit Web Serial acquisition creates one exact finite Base then bounded use
2026-10-08T22:12:52.2617181Z [5/100] [chromium] › proof/browser/browser-device-base.spec.mjs:235:1 › one admitted serial read bounds internal bytes, browser chunks, and elapsed time
2026-10-08T22:12:53.3651647Z [6/100] [chromium] › proof/browser/browser-device-base.spec.mjs:352:1 › permission, selection, API, and open failures remain distinct
2026-10-08T22:12:54.9038218Z [7/100] [chromium] › proof/browser/browser-device-base.spec.mjs:380:1 › disconnect and page cancellation terminate without retry or replacement
2026-10-08T22:12:56.0848053Z [8/100] [chromium] › proof/browser/browser-host-calls.spec.mjs:3:1 › artifact handoff requires activation and carries exact admitted bytes
2026-10-08T22:12:56.2475061Z [9/100] [chromium] › proof/browser/browser-host-calls.spec.mjs:26:1 › history movement is presentation-scoped and exactly correlated
2026-10-08T22:12:56.3950454Z [10/100] [chromium] › proof/browser/browser-host-calls.spec.mjs:41:1 › profile-gated device choice returns bounded browser-visible resource truth only
2026-10-08T22:12:56.5480137Z [11/100] [chromium] › proof/browser/browser-host-entrance.spec.mjs:40:1 › shows bounded startup suspense until the browser Host is ready
2026-10-08T22:12:57.5956429Z [12/100] [chromium] › proof/browser/browser-host-entrance.spec.mjs:62:1 › independent entrances own distinct Hosts while reload retains Host and replaces Boot
2026-10-08T22:12:58.5011342Z [13/100] [chromium] › proof/browser/browser-human-input.spec.mjs:3:1 › document-wide input leaves native controls operable without an admitted key request
2026-10-08T22:12:58.6693950Z [14/100] [chromium] › proof/browser/browser-human-input.spec.mjs:12:1 › ordered button transitions survive gaps between Host requests and refuse overflow
2026-10-08T22:12:58.9118017Z [15/100] [chromium] › proof/browser/browser-human-input.spec.mjs:39:1 › queued button release cannot survive a replacement Boot
2026-10-08T22:12:59.0759637Z [16/100] [chromium] › proof/browser/browser-human-input.spec.mjs:52:1 › selected keyboard and pointer adapt real Chromium actions to portable values
2026-10-08T22:12:59.2737902Z [17/100] [chromium] › proof/browser/browser-human-input.spec.mjs:91:1 › ordered keyboard transitions survive gaps between Host requests and refuse overflow
2026-10-08T22:12:59.4660795Z [18/100] [chromium] › proof/browser/browser-human-input.spec.mjs:111:1 › profile omission, finite pressure, cancellation, and stale Boot stay distinct
2026-10-08T22:12:59.6536984Z [19/100] [chromium] › proof/browser/browser-human-input.spec.mjs:134:1 › focus loss is recoverable while page loss is terminal
2026-10-08T22:12:59.8281530Z [20/100] [chromium] › proof/browser/browser-human-input.spec.mjs:149:1 › Body routing reuses one pointer slot for 100,000 browser observations
2026-10-08T22:13:00.5533617Z [21/100] [chromium] › proof/browser/browser-media-host.spec.mjs:28:1 › superset adapter cannot acquire media omitted from the selected PROFILE
2026-10-08T22:13:00.8959382Z [22/100] [chromium] › proof/browser/browser-media-host.spec.mjs:47:1 › two independent Hosts acquire and consume bounded camera and microphone values
2026-10-08T22:13:01.7397987Z [23/100] [chromium] › proof/browser/browser-media-host.spec.mjs:79:3 › deterministic adapter preserves denial
2026-10-08T22:13:02.1161071Z [24/100] [chromium] › proof/browser/browser-media-host.spec.mjs:79:3 › deterministic adapter preserves dismissal
2026-10-08T22:13:02.5069706Z [25/100] [chromium] › proof/browser/browser-media-host.spec.mjs:79:3 › deterministic adapter preserves unsupported constraints
2026-10-08T22:13:02.8979666Z [26/100] [chromium] › proof/browser/browser-pointer.spec.mjs:3:1 › real Chromium pointer input crosses the planned production kernel
2026-10-08T22:13:03.3363201Z [27/100] [chromium] › proof/browser/browser-usb-device-base.spec.mjs:110:1 › superset WebUSB adapter refuses PROFILE omission before the chooser
2026-10-08T22:13:03.6826959Z [28/100] [chromium] › proof/browser/browser-usb-device-base.spec.mjs:134:1 › explicit WebUSB acquisition creates one exact finite Base then bounded use
2026-10-08T22:13:04.1662415Z [29/100] [chromium] › proof/browser/browser-usb-device-base.spec.mjs:212:1 › selection, API, open, configuration, interface, and alternate failures remain distinct
2026-10-08T22:13:06.8213670Z [30/100] [chromium] › proof/browser/browser-usb-device-base.spec.mjs:262:1 › control transfers and zero-length acknowledgements remain finite Base truth
2026-10-08T22:13:07.1630386Z [31/100] [chromium] › proof/browser/browser-usb-device-base.spec.mjs:328:1 › disconnect, cancellation, overflow, and stalled transfer terminate without replacement
2026-10-08T22:13:08.7156617Z [32/100] [chromium] › proof/browser/creche-browser-configuration.spec.mjs:11:1 › Crèche evidence budgets cover the release runtime's canonical advertisement and join envelope
2026-10-08T22:13:08.8331486Z [33/100] [chromium] › proof/browser/creche-browser-configuration.spec.mjs:24:1 › one reviewed distribution makes materially different, capability-enforcing browser Hosts
2026-10-08T22:13:24.7793635Z [34/100] [chromium] › proof/browser/creche-browser-configuration.spec.mjs:87:1 › browser outfitting is catalog-driven, editable, and handed to checked make
2026-10-08T22:13:29.3877189Z [35/100] [chromium] › proof/browser/creche-browser-configuration.spec.mjs:142:1 › stale restored browser choices are refused before lifecycle change
2026-10-08T22:13:30.4385391Z [36/100] [chromium] › proof/browser/creche-rendezvous.spec.mjs:19:1 › a rendezvous code admits one already-running raw Host through the web Crèche
2026-10-08T22:13:34.1750939Z [37/100] [chromium] › proof/browser/esp32-browser-deployment.spec.mjs:177:1 › exact ESP32 IMAGE deploys through one finite Web Serial Base without runtime promotion
2026-10-08T22:13:34.5719636Z [38/100] [chromium] › proof/browser/esp32-browser-deployment.spec.mjs:222:1 › two Bodies produce distinct native ESP32 images with recoverable provisioning
2026-10-08T22:13:35.1038464Z [39/100] [chromium] › proof/browser/esp32-browser-deployment.spec.mjs:276:1 › wrong chip and flash verification mismatch remain distinct terminal refusals
2026-10-08T22:13:35.8280235Z [40/100] [chromium] › proof/browser/esp32-browser-deployment.spec.mjs:296:1 › insufficient serial operation budget refuses before use or reset
2026-10-08T22:13:36.2106498Z [41/100] [chromium] › proof/browser/esp32-browser-deployment.spec.mjs:308:1 › stale body-bound artifact content refuses before serial use
2026-10-08T22:13:36.5579075Z [42/100] [chromium] › proof/browser/esp32-browser-deployment.spec.mjs:322:1 › IMAGE chip incompatibility refuses before serial use
2026-10-08T22:13:36.9122066Z [43/100] [chromium] › proof/browser/esp32-browser-deployment.spec.mjs:336:1 › reset-line and serial-transfer failures remain distinct terminals
2026-10-08T22:13:37.6509346Z [44/100] [chromium] › proof/browser/esp32-browser-deployment.spec.mjs:354:1 › WROOM and S3 retain their distinct chip observations and bootloader offsets
2026-10-08T22:13:38.4896030Z [45/100] [chromium] › proof/browser/field-station-clock.spec.mjs:10:1 › an external page recovers one Clock Body across a fresh Boot without resurrecting its Play
2026-10-08T22:13:43.1465251Z [46/100] [chromium] › proof/browser/rp2040-browser-deployment.spec.mjs:215:1 › target-owned make returns exact attributable bytes through two local strategies
2026-10-08T22:13:43.3243869Z [47/100] [chromium] › proof/browser/rp2040-browser-deployment.spec.mjs:275:1 › one reviewed IMAGE yields distinct directly plantable body-bound UF2 spores
2026-10-08T22:13:43.4836067Z [48/100] [chromium] › proof/browser/rp2040-browser-deployment.spec.mjs:338:1 › browser serial observes a distinct fresh Boot and invitation-bound Pico join
2026-10-08T22:13:43.8440478Z [49/100] [chromium] › proof/browser/rp2040-browser-deployment.spec.mjs:411:1 › expired invitation and join-to-advertisement mismatch refuse before admission
2026-10-08T22:13:44.1800056Z [50/100] [chromium] › proof/browser/rp2040-browser-deployment.spec.mjs:468:1 › exact RP2040 UF2 deploys through one finite WebUSB Base without runtime promotion
2026-10-08T22:13:44.5660421Z [51/100] [chromium] › proof/browser/rp2040-browser-deployment.spec.mjs:576:1 › running accepted firmware acknowledges a build-bound BOOTSEL reboot through Web Serial
2026-10-08T22:13:44.9237693Z [52/100] [chromium] › proof/browser/rp2040-browser-deployment.spec.mjs:609:1 › wrong IMAGE family and stale command status refuse without deployment success
2026-10-08T22:13:45.3227183Z [53/100] [chromium] › proof/browser/sdk-body-participation.spec.mjs:10:1 › the browser SDK lends its exact admitted Host and Boot to an external Body
2026-10-08T22:13:46.4255735Z [54/100] [chromium] › proof/browser/sdk-body-participation.spec.mjs:72:1 › Host admission and refresh do not require or paint an application surface
2026-10-08T22:13:46.9766369Z [55/100] [chromium] › proof/browser/sdk-body-participation.spec.mjs:99:1 › a rootless Host refuses Body execution before acquiring a missing application surface
2026-10-08T22:13:47.6342221Z [56/100] [chromium] › proof/browser/sdk-external-body-execution.spec.mjs:15:1 › a Workspace Body continues through the browser SDK without a Patchbay page runtime
2026-10-08T22:13:56.0687424Z [57/100] [chromium] › proof/browser/sdk-external-body-execution.spec.mjs:59:1 › Rosehip measurement processing and bounded history continue through the SDK
2026-10-08T22:13:59.3101135Z [58/100] [chromium] › proof/browser/signal-dom-host.spec.mjs:3:1 › two actual page hosts retain bounded exactly correlated DOM receipts
2026-10-08T22:14:03.9203558Z [59/100] [chromium] › proof/browser/static-body-application.spec.mjs:27:1 › static Handbook applications retain independent local Bodies through use, navigation, exclusion, reset and browser restart
2026-10-08T22:14:33.3089553Z [60/100] [chromium] › proof/browser/workspace-arrival.spec.mjs:22:1 › Birth hands off to a Lulled Body; Wake starts listening Plots and reload preserves the body
2026-10-08T22:14:40.3247388Z [61/100] [chromium] › proof/browser/workspace-arrival.spec.mjs:87:1 › a failed started-state save cancels the real Play before dispatching effects
2026-10-08T22:14:43.9913751Z [62/100] [chromium] › proof/browser/workspace-arrival.spec.mjs:120:1 › a second window cannot recover a body while its first host is alive
2026-10-08T22:14:48.5346219Z [63/100] [chromium] › proof/browser/workspace-arrival.spec.mjs:135:1 › Birth and the listening surface fit a narrow window
2026-10-08T22:14:52.5377062Z [64/100] [chromium] › proof/browser/workspace-arrival.spec.mjs:149:1 › an intentionally empty Body remains lulled without inventing a play
2026-10-08T22:14:56.2027256Z [65/100] [chromium] › proof/browser/workspace-arrival.spec.mjs:169:1 › contextual tutorial follows the real Body instead of retaining lesson progress
2026-10-08T22:15:01.4138343Z [66/100] [chromium] › proof/browser/workspace-arrival.spec.mjs:188:1 › explicit Finish retires work, records provenance, and restores as read-only Fulfilled history
2026-10-08T22:15:06.7343427Z [67/100] [chromium] › proof/browser/workspace-arrival.spec.mjs:234:1 › a sound-only Body renders the original cue through real browser audio and settles idle
2026-10-08T22:15:12.6872435Z [68/100] [chromium] › proof/browser/workspace-arrival.spec.mjs:261:1 › first-wake audio stays silent after reload of the same body with a fresh Boot
2026-10-08T22:15:18.7772956Z [69/100] [chromium] › proof/browser/workspace-arrival.spec.mjs:284:1 › removing the default cue survives reload and a later first-wake installation stays silent
2026-10-08T22:15:40.5008464Z   1) [chromium] › proof/browser/workspace-arrival.spec.mjs:284:1 › removing the default cue survives reload and a later first-wake installation stays silent 
2026-10-08T22:15:40.5009491Z 
2026-10-08T22:15:40.5009759Z     Test timeout of 20000ms exceeded.
2026-10-08T22:15:40.5010111Z 
2026-10-08T22:15:40.5010450Z     Error: expect(locator).toContainText(expected) failed
2026-10-08T22:15:40.5010897Z 
2026-10-08T22:15:40.5011514Z     Locator: locator('[data-application-key^="library-plot-"]').filter({ hasText: 'Startup Chime' })
2026-10-08T22:15:40.5012440Z     Expected substring: "Not in your body"
2026-10-08T22:15:40.5012950Z     Received string:    ""
2026-10-08T22:15:40.5013230Z 
2026-10-08T22:15:40.5013385Z     Call log:
2026-10-08T22:15:40.5013919Z       - Expect "toContainText" with timeout 5000ms
2026-10-08T22:15:40.5015208Z       - waiting for locator('[data-application-key^="library-plot-"]').filter({ hasText: 'Startup Chime' })
2026-10-08T22:15:40.5016451Z       - Protocol error (Runtime.callFunctionOn): Internal server error, session closed.
2026-10-08T22:15:40.5017083Z 
2026-10-08T22:15:40.5017094Z 
2026-10-08T22:15:40.5017599Z       315 |   expect((await liveEvidence(page)).host_completions.records).toEqual([]);
2026-10-08T22:15:40.5018670Z       316 |   await page.getByRole('button', { name: '+ Plots', exact: true }).click();
2026-10-08T22:15:40.5019633Z     > 317 |   await expect(card('Startup Chime')).toContainText('Not in your body');
2026-10-08T22:15:40.5020439Z           |                                       ^
2026-10-08T22:15:40.5021261Z       318 |   await expect(card('First wake Chime')).toContainText('In your body');
2026-10-08T22:15:40.5022477Z       319 |   await page.getByRole('button', { name: 'back to the surface', exact: true }).click();
2026-10-08T22:15:40.5024359Z       320 |   await page.getByRole('navigation', { name: 'Your plots' }).getByRole('button', { name: 'Memory Lantern', exact: true }).click();
2026-10-08T22:15:40.5026008Z         at /home/runner/work/conduit/conduit/proof/browser/workspace-arrival.spec.mjs:317:39
2026-10-08T22:15:40.5026634Z 
2026-10-08T22:15:40.5027631Z     Error Context: proof/browser/test-results/default/workspace-arrival-removing-8ca98-e-installation-stays-silent-chromium/error-context.md
2026-10-08T22:15:40.5029033Z 
2026-10-08T22:15:40.5029884Z     attachment #2: trace (application/zip) ─────────────────────────────────────────────────────────
2026-10-08T22:15:40.5031305Z     proof/browser/test-results/default/workspace-arrival-removing-8ca98-e-installation-stays-silent-chromium/trace.zip
2026-10-08T22:15:40.5031998Z     Usage:
2026-10-08T22:15:40.5032118Z 
2026-10-08T22:15:40.5032793Z         npx playwright show-trace proof/browser/test-results/default/workspace-arrival-removing-8ca98-e-installation-stays-silent-chromium/trace.zip
2026-10-08T22:15:40.5033408Z 
2026-10-08T22:15:40.5033793Z     ────────────────────────────────────────────────────────────────────────────────────────────────
2026-10-08T22:15:40.5034091Z 
2026-10-08T22:15:40.5034096Z 
2026-10-08T22:15:41.1040161Z [70/100] [chromium] › proof/browser/workspace-arrival.spec.mjs:325:1 › unavailable audio is omitted by default and an explicitly installed cue cannot stop other Plots
2026-10-08T22:15:46.2278013Z [71/100] [chromium] › proof/browser/workspace-arrival.spec.mjs:340:1 › a suspended real audio context reports denial while the body keeps listening
2026-10-08T22:15:50.3625445Z [72/100] [chromium] › proof/browser/workspace-arrival.spec.mjs:357:1 › Workspace Birth binds naming, search, exact selection, review, and receipt
2026-10-08T22:15:54.1270079Z [73/100] [chromium] › proof/browser/workspace-arrival.spec.mjs:425:1 › Workspace Birth serves the canonical reviewed inventory source without edits
2026-10-08T22:15:56.2718345Z [74/100] [chromium] › proof/browser/workspace-arrival.spec.mjs:443:1 › Workspace Birth controls remain bounded and usable at a narrow width
2026-10-08T22:15:57.3493135Z [75/100] [chromium] › proof/browser/workspace-birth-naming.spec.mjs:11:1 › Workspace Birth suggestions expose diverse structures while remaining editable metadata
2026-10-08T22:16:00.6164150Z [76/100] [chromium] › proof/browser/workspace-continuity.spec.mjs:16:1 › Workspace returns a retained Body to its Plots without a parallel application
2026-10-08T22:16:06.5018871Z [77/100] [chromium] › proof/browser/workspace-library.spec.mjs:25:1 › five ordinary plots start together beyond the old aggregate placement ceiling
2026-10-08T22:16:11.1895948Z [78/100] [chromium] › proof/browser/workspace-library.spec.mjs:38:1 › repeated Wake and Lull compacts retained evidence instead of exhausting lifecycle Signs
2026-10-08T22:16:26.3438964Z [79/100] [chromium] › proof/browser/workspace-library.spec.mjs:54:1 › Use installs into the same body; repeated Use preserves Play and removal survives reload
2026-10-08T22:16:51.9538069Z [80/100] [chromium] › proof/browser/workspace-library.spec.mjs:110:1 › Pocket Theremin plays continuous two-axis PCM on the browser host
2026-10-08T22:17:04.9463190Z [81/100] [chromium] › proof/browser/workspace-library.spec.mjs:175:1 › the reviewed shelf reveals conversation Plots without pretending this browser can run them
2026-10-08T22:17:15.8874946Z [82/100] [chromium] › proof/browser/workspace-library.spec.mjs:191:1 › window focus loss retires the pending Play and lets the same body wake again
2026-10-08T22:17:20.2963950Z [83/100] [chromium] › proof/browser/workspace-library.spec.mjs:206:1 › removing the final Plot retains an empty Body that can acquire Plots again
2026-10-08T22:17:40.9517290Z [84/100] [chromium] › proof/browser/workspace-library.spec.mjs:237:1 › a failed workset save stops before replacement effects and reload recovers the saved workload
2026-10-08T22:17:54.0010822Z [85/100] [chromium] › proof/browser/workspace-library.spec.mjs:291:1 › a Gallery handoff installs in the retained body and cannot reinstall a later removed Plot on reload
2026-10-08T22:18:09.2897655Z [86/100] [chromium] › proof/browser/workspace-library.spec.mjs:311:1 › a new Gallery arrival selects the plot in the actual Crèche; a stale handoff leaves the body usable
2026-10-08T22:18:15.8986078Z [87/100] [chromium] › proof/browser/workspace-library.spec.mjs:332:3 › Gallery Plot Firefly Choir is resident and repeatedly usable in the body
2026-10-08T22:18:21.4181762Z [88/100] [chromium] › proof/browser/workspace-library.spec.mjs:332:3 › Gallery Plot Night Radio is resident and repeatedly usable in the body
2026-10-08T22:18:24.5386705Z [89/100] [chromium] › proof/browser/workspace-library.spec.mjs:332:3 › Gallery Plot Secret Knock is resident and repeatedly usable in the body
2026-10-08T22:18:28.1747468Z [90/100] [chromium] › proof/browser/workspace-resident-applications.spec.mjs:14:1 › the first body runs and can remove its resident Tutorial Plot without losing its face
2026-10-08T22:18:38.5931099Z [91/100] [chromium] › proof/browser/workspace-resident-applications.spec.mjs:39:1 › resident Patchbay inspects and begins an exact edit in one browser Body Play
2026-10-08T22:18:43.5623596Z [92/100] [chromium] › proof/browser/workspace-shared-journey.spec.mjs:12:1 › the shared Workspace journey from zero Body through explicit rest and finish
2026-10-08T22:18:48.3733589Z [93/100] [chromium] › proof/browser/workspace-membership.spec.mjs:23:1 › the ordinary face binds and admits one compiler-free reviewed browser Host
2026-10-08T22:19:10.9005816Z [94/100] [chromium] › proof/browser/workspace-membership.spec.mjs:310:1 › a second distinct browser Host explicitly joins through one canonical Body invitation
2026-10-08T22:19:23.2607020Z [95/100] [chromium] › proof/browser/workspace-membership.spec.mjs:418:1 › the POST share target refuses ambiguous, oversized, and GET delivery
2026-10-08T22:19:24.2857001Z [96/100] [chromium] › proof/browser/workspace-membership.spec.mjs:455:1 › pending share delivery survives worker replacement and expired delivery refuses
2026-10-08T22:19:26.4614424Z [97/100] [chromium] › proof/browser/workspace-membership.spec.mjs:495:1 › malformed invitation framing is refused without creating a body
2026-10-08T22:19:27.2754353Z [98/100] [chromium] › proof/browser/workspace-membership.spec.mjs:501:1 › an unavailable running host leaves the current body and browser Host intact
2026-10-08T22:19:30.5279592Z [99/100] [chromium] › proof/browser/workspace-membership.spec.mjs:521:1 › an already-running host joins without displacing the browser Host or its body
2026-10-08T22:19:35.2406957Z [100/100] [chromium] › proof/browser/workspace-membership.spec.mjs:564:1 › loss of a joined Host Line removes only its current offers and keeps the body
2026-10-08T22:19:38.7189090Z   1 failed
2026-10-08T22:19:38.7191872Z     [chromium] › proof/browser/workspace-arrival.spec.mjs:284:1 › removing the default cue survives reload and a later first-wake installation stays silent 
2026-10-08T22:19:38.7192739Z   99 passed (7.1m)
2026-10-08T22:19:38.7339746Z FAILED: pipeline/target: node proof/browser/node_modules/@playwright/test/cli.js test --config proof/browser/playwright.config.mjs --project chromium --workers 1 --retries 0 workspace-arrival.spec.mjs workspace-birth-naming.spec.mjs sdk-external-body-execution.spec.mjs workspace-membership.spec.mjs workspace-library.spec.mjs workspace-resident-applications.spec.mjs workspace-continuity.spec.mjs workspace-shared-journey.spec.mjs field-station-clock.spec.mjs sdk-body-participation.spec.mjs static-body-application.spec.mjs creche-browser-configuration.spec.mjs creche-rendezvous.spec.mjs signal-dom-host.spec.mjs browser-body-time.spec.mjs browser-host-calls.spec.mjs browser-pointer.spec.mjs browser-human-input.spec.mjs browser-host-entrance.spec.mjs browser-media-host.spec.mjs browser-device-base.spec.mjs browser-usb-device-base.spec.mjs rp2040-browser-deployment.spec.mjs esp32-browser-deployment.spec.mjs failed: 1
2026-10-08T22:19:38.7385212Z xtask error: pipeline failed: exit status: 1
2026-10-08T22:19:38.7402940Z ##[error]Process completed with exit code 1.
2026-10-08T22:19:38.7480751Z ##[group]Run actions/upload-artifact@v7.0.1
2026-10-08T22:19:38.7481063Z with:
2026-10-08T22:19:38.7481270Z   name: diagnostics-browser
2026-10-08T22:19:38.7481763Z   path: proof/browser/test-results/
target/conduitos/**/*.log
target/conduitos/**/*.json
target/conduitos/**/*.png

2026-10-08T22:19:38.7482297Z   if-no-files-found: ignore
2026-10-08T22:19:38.7482534Z   retention-days: 7
2026-10-08T22:19:38.7482748Z   compression-level: 6
2026-10-08T22:19:38.7482970Z   overwrite: false
2026-10-08T22:19:38.7483189Z   include-hidden-files: false
2026-10-08T22:19:38.7483429Z   archive: true
2026-10-08T22:19:38.7483624Z env:
2026-10-08T22:19:38.7483814Z   CARGO_TERM_COLOR: always
2026-10-08T22:19:38.7484045Z   CARGO_INCREMENTAL: 0
2026-10-08T22:19:38.7484274Z   CARGO_PROFILE_DEV_DEBUG: 0
2026-10-08T22:19:38.7484791Z   CARGO_PROFILE_TEST_DEBUG: 0
2026-10-08T22:19:38.7485053Z   RUSTUP_TOOLCHAIN: 1.98.1
2026-10-08T22:19:38.7485414Z   CONDUIT_CHECKOUT_SHA: 7f8069c3aebaa63cb12f9cb112b1dbeaa5fe4d57
2026-10-08T22:19:38.7485782Z   CARGO_HOME: /home/runner/.cargo
2026-10-08T22:19:38.7486043Z   CACHE_ON_FAILURE: false
2026-10-08T22:19:38.7486267Z ##[endgroup]
2026-10-08T22:19:38.9649270Z Multiple search paths detected. Calculating the least common ancestor of all paths
2026-10-08T22:19:38.9651211Z The least common ancestor is /home/runner/work/conduit/conduit. This will be the root directory of the artifact
2026-10-08T22:19:38.9651905Z With the provided path, there will be 248 files uploaded
2026-10-08T22:19:38.9652424Z Artifact name is valid!
2026-10-08T22:19:38.9652707Z Root directory input is valid!
2026-10-08T22:19:39.3933093Z Uploading artifact: diagnostics-browser.zip
2026-10-08T22:19:39.3971953Z Beginning upload of artifact content to blob storage
2026-10-08T22:19:40.5505814Z Uploaded bytes 8388608
2026-10-08T22:19:40.7601524Z Uploaded bytes 16777216
2026-10-08T22:19:40.8609681Z Uploaded bytes 18654226
2026-10-08T22:19:40.9142879Z Finished uploading artifact content to blob storage!
2026-10-08T22:19:40.9147266Z SHA256 digest of uploaded artifact is 0d50dd4d05a54a61933288d7a30160d0bc013d90ec2bb917a83c678449e22568
2026-10-08T22:19:40.9149687Z Finalizing artifact upload
2026-10-08T22:19:41.2364309Z Artifact diagnostics-browser successfully finalized. Artifact ID 11582503037
2026-10-08T22:19:41.2365639Z Artifact diagnostics-browser has been successfully uploaded! Final size is 18654226 bytes. Artifact ID is 11582503037
2026-10-08T22:19:41.2370428Z Artifact download URL: https://github.com/dancxjo/conduit/actions/runs/37849229396/artifacts/11582503037
2026-10-08T22:19:41.2590281Z Post job cleanup.
2026-10-08T22:19:41.3441178Z [command]/usr/bin/git version
2026-10-08T22:19:41.3484106Z git version 2.55.0
2026-10-08T22:19:41.3551913Z Temporarily overriding HOME='/home/runner/work/_temp/c546ab52-0398-479b-9526-17d6183df71c' before making global git config changes
2026-10-08T22:19:41.3553352Z Adding repository directory to the temporary git global config as a safe directory
2026-10-08T22:19:41.3556997Z [command]/usr/bin/git config --global --add safe.directory /home/runner/work/conduit/conduit
2026-10-08T22:19:41.3585889Z Removing SSH command configuration
2026-10-08T22:19:41.3591763Z [command]/usr/bin/git config --local --name-only --get-regexp core\.sshCommand
2026-10-08T22:19:41.3624832Z [command]/usr/bin/git submodule foreach --recursive sh -c "git config --local --name-only --get-regexp 'core\.sshCommand' && git config --local --unset-all 'core.sshCommand' || :"
2026-10-08T22:19:41.3854262Z Removing HTTP extra header
2026-10-08T22:19:41.3858870Z [command]/usr/bin/git config --local --name-only --get-regexp http\.https\:\/\/github\.com\/\.extraheader
2026-10-08T22:19:41.3890155Z [command]/usr/bin/git submodule foreach --recursive sh -c "git config --local --name-only --get-regexp 'http\.https\:\/\/github\.com\/\.extraheader' && git config --local --unset-all 'http.https://github.com/.extraheader' || :"
2026-10-08T22:19:41.4105352Z Removing includeIf entries pointing to credentials config files
2026-10-08T22:19:41.4110608Z [command]/usr/bin/git config --local --name-only --get-regexp ^includeIf\.gitdir:
2026-10-08T22:19:41.4140487Z [command]/usr/bin/git submodule foreach --recursive git config --local --show-origin --name-only --get-regexp remote.origin.url
2026-10-08T22:19:41.4500124Z Cleaning up orphan processes
