2026-10-08T22:00:19.6513912Z ##[debug]Starting: proof / target / browser
2026-10-08T22:00:19.6540718Z ##[debug]Cleaning runner temp folder: /home/runner/work/_temp
2026-10-08T22:00:19.6733598Z ##[debug]Starting: Set up job
2026-10-08T22:00:19.6735993Z Current runner version: '2.337.0'
2026-10-08T22:00:19.6768915Z ##[group]Runner Image Provisioner
2026-10-08T22:00:19.6770081Z Hosted Compute Agent
2026-10-08T22:00:19.6770981Z Version: 20261002.596
2026-10-08T22:00:19.6772252Z Commit: c3d12f3313a95f25162a1503be624f3b0617f8c0
2026-10-08T22:00:19.6773557Z Build Date: 2026-10-02T22:28:27Z
2026-10-08T22:00:19.6775149Z Worker ID: {6e435378-698e-458b-b182-fc35511bfb1f}
2026-10-08T22:00:19.6776355Z Region: eastus
2026-10-08T22:00:19.6777409Z Cloud: Azure
2026-10-08T22:00:19.6778403Z ##[endgroup]
2026-10-08T22:00:19.6780712Z ##[group]Operating System
2026-10-08T22:00:19.6781925Z Ubuntu
2026-10-08T22:00:19.6782753Z 24.04.5
2026-10-08T22:00:19.6783686Z LTS
2026-10-08T22:00:19.6784663Z ##[endgroup]
2026-10-08T22:00:19.6785852Z ##[group]Runner Image
2026-10-08T22:00:19.6787272Z Image: ubuntu-24.04
2026-10-08T22:00:19.6788234Z Version: 20261004.327.1
2026-10-08T22:00:19.6790379Z Included Software: https://github.com/actions/runner-images/blob/ubuntu24/20261004.327/images/ubuntu/Ubuntu2404-Readme.md
2026-10-08T22:00:19.6793108Z Image Release: https://github.com/actions/runner-images/releases/tag/ubuntu24%2F20261004.327
2026-10-08T22:00:19.6795099Z ##[endgroup]
2026-10-08T22:00:19.6796907Z ##[group]GITHUB_TOKEN Permissions
2026-10-08T22:00:19.6800029Z Contents: read
2026-10-08T22:00:19.6801037Z Metadata: read
2026-10-08T22:00:19.6802068Z ##[endgroup]
2026-10-08T22:00:19.6805387Z Secret source: Actions
2026-10-08T22:00:19.6807085Z Cache mode: write
2026-10-08T22:00:19.6808700Z ##[debug]Primary repository: dancxjo/conduit
2026-10-08T22:00:19.6810060Z Prepare workflow directory
2026-10-08T22:00:19.6890039Z ##[debug]Creating pipeline directory: '/home/runner/work/conduit'
2026-10-08T22:00:19.6893756Z ##[debug]Creating workspace directory: '/home/runner/work/conduit/conduit'
2026-10-08T22:00:19.6895871Z ##[debug]Update context data
2026-10-08T22:00:19.6899692Z ##[debug]Evaluating job-level environment variables
2026-10-08T22:00:19.7269668Z ##[debug]Evaluating: inputs.sha
2026-10-08T22:00:19.7275925Z ##[debug]Evaluating Index:
2026-10-08T22:00:19.7278619Z ##[debug]..Evaluating inputs:
2026-10-08T22:00:19.7288582Z ##[debug]..=> Object
2026-10-08T22:00:19.7297389Z ##[debug]..Evaluating String:
2026-10-08T22:00:19.7298463Z ##[debug]..=> 'sha'
2026-10-08T22:00:19.7303045Z ##[debug]=> 'd932da60c7f04bde62c797126e298e38aa9819d0'
2026-10-08T22:00:19.7306818Z ##[debug]Result: 'd932da60c7f04bde62c797126e298e38aa9819d0'
2026-10-08T22:00:19.7326417Z ##[debug]Evaluating job container
2026-10-08T22:00:19.7329496Z ##[debug]Evaluating job service containers
2026-10-08T22:00:19.7332283Z ##[debug]Evaluating job defaults
2026-10-08T22:00:19.7380422Z Prepare all required actions
2026-10-08T22:00:19.7429697Z Getting action download info
2026-10-08T22:00:19.9913654Z Download action repository 'actions/checkout@v7.0.1' (SHA:3d3c42e5aac5ba805825da76410c181273ba90b1)
2026-10-08T22:00:19.9945788Z ##[debug]Copied action archive '/opt/actionarchivecache/actions_checkout/3d3c42e5aac5ba805825da76410c181273ba90b1.tar.gz' to '/home/runner/work/_actions/_temp_67f8e7f2-98cc-4f64-a76e-398ee74c8590/b0ec9ad9-1e1e-4e6e-946c-c5d9cc033c4f.tar.gz'
2026-10-08T22:00:20.0664480Z ##[debug]Unwrap 'actions-checkout-3d3c42e' to '/home/runner/work/_actions/actions/checkout/v7.0.1'
2026-10-08T22:00:20.0877532Z ##[debug]Archive '/home/runner/work/_actions/_temp_67f8e7f2-98cc-4f64-a76e-398ee74c8590/b0ec9ad9-1e1e-4e6e-946c-c5d9cc033c4f.tar.gz' has been unzipped into '/home/runner/work/_actions/actions/checkout/v7.0.1'.
2026-10-08T22:00:20.0974014Z Download action repository 'dtolnay/rust-toolchain@1.98.1' (SHA:c6590455eca8e79d081430ebfe2074192ae90290)
2026-10-08T22:00:20.1743903Z ##[debug]Download 'https://codeload.github.com/dtolnay/rust-toolchain/tar.gz/c6590455eca8e79d081430ebfe2074192ae90290' to '/home/runner/work/_actions/_temp_30f750f4-df3e-4e46-906f-87d6aebb8bf5/884df393-c77a-4f4e-9802-8d42257b3376.tar.gz'
2026-10-08T22:00:20.1818074Z ##[debug]Unwrap 'rust-toolchain-c6590455eca8e79d081430ebfe2074192ae90290' to '/home/runner/work/_actions/dtolnay/rust-toolchain/1.98.1'
2026-10-08T22:00:20.1830833Z ##[debug]Archive '/home/runner/work/_actions/_temp_30f750f4-df3e-4e46-906f-87d6aebb8bf5/884df393-c77a-4f4e-9802-8d42257b3376.tar.gz' has been unzipped into '/home/runner/work/_actions/dtolnay/rust-toolchain/1.98.1'.
2026-10-08T22:00:20.1843077Z Download action repository 'actions/setup-node@v7.0.0' (SHA:820762786026740c76f36085b0efc47a31fe5020)
2026-10-08T22:00:20.2197333Z ##[debug]Copied action archive '/opt/actionarchivecache/actions_setup-node/820762786026740c76f36085b0efc47a31fe5020.tar.gz' to '/home/runner/work/_actions/_temp_18b4ef82-51d3-44b7-ab52-f591216f42e7/6ddd7aa3-1c46-43f6-9316-9c9e06356918.tar.gz'
2026-10-08T22:00:20.2701424Z ##[debug]Unwrap 'actions-setup-node-8207627' to '/home/runner/work/_actions/actions/setup-node/v7.0.0'
2026-10-08T22:00:20.2886121Z ##[debug]Archive '/home/runner/work/_actions/_temp_18b4ef82-51d3-44b7-ab52-f591216f42e7/6ddd7aa3-1c46-43f6-9316-9c9e06356918.tar.gz' has been unzipped into '/home/runner/work/_actions/actions/setup-node/v7.0.0'.
2026-10-08T22:00:20.2938157Z Download action repository 'Swatinem/rust-cache@v2' (SHA:6323deb102c322ba6fcbdcafc7e3dddab59af2b6)
2026-10-08T22:00:20.3905259Z ##[debug]Download 'https://codeload.github.com/Swatinem/rust-cache/tar.gz/6323deb102c322ba6fcbdcafc7e3dddab59af2b6' to '/home/runner/work/_actions/_temp_ccf3b3b6-9e75-494e-90e0-1f8ff0e370c5/ccab8b1b-6f97-4e39-a430-f94ab1557759.tar.gz'
2026-10-08T22:00:20.4471295Z ##[debug]Unwrap 'rust-cache-6323deb102c322ba6fcbdcafc7e3dddab59af2b6' to '/home/runner/work/_actions/Swatinem/rust-cache/v2'
2026-10-08T22:00:20.4565636Z ##[debug]Archive '/home/runner/work/_actions/_temp_ccf3b3b6-9e75-494e-90e0-1f8ff0e370c5/ccab8b1b-6f97-4e39-a430-f94ab1557759.tar.gz' has been unzipped into '/home/runner/work/_actions/Swatinem/rust-cache/v2'.
2026-10-08T22:00:20.4603865Z Download action repository 'actions/cache@v6.1.0' (SHA:55cc8345863c7cc4c66a329aec7e433d2d1c52a9)
2026-10-08T22:00:20.5136814Z ##[debug]Copied action archive '/opt/actionarchivecache/actions_cache/55cc8345863c7cc4c66a329aec7e433d2d1c52a9.tar.gz' to '/home/runner/work/_actions/_temp_5ccf54f4-a2cc-4fb4-806f-c3b54e416c9b/c2f76087-cb81-4349-b187-c3779ee4b6ee.tar.gz'
2026-10-08T22:00:20.5992304Z ##[debug]Unwrap 'actions-cache-55cc834' to '/home/runner/work/_actions/actions/cache/v6.1.0'
2026-10-08T22:00:20.6207576Z ##[debug]Archive '/home/runner/work/_actions/_temp_5ccf54f4-a2cc-4fb4-806f-c3b54e416c9b/c2f76087-cb81-4349-b187-c3779ee4b6ee.tar.gz' has been unzipped into '/home/runner/work/_actions/actions/cache/v6.1.0'.
2026-10-08T22:00:20.6254482Z ##[debug]Action 'actions/cache@v6.1.0' already downloaded at '/home/runner/work/_actions/actions/cache/v6.1.0'.
2026-10-08T22:00:20.6259465Z Download action repository 'actions/upload-artifact@v7.0.1' (SHA:043fb46d1a93c77aae656e7c1c64a875d1fc6a0a)
2026-10-08T22:00:20.6619451Z ##[debug]Copied action archive '/opt/actionarchivecache/actions_upload-artifact/043fb46d1a93c77aae656e7c1c64a875d1fc6a0a.tar.gz' to '/home/runner/work/_actions/_temp_ad7f07d5-9f9f-452e-9b14-1d6e5962487a/75f04eeb-0ba0-4649-8a6b-c26723c44c27.tar.gz'
2026-10-08T22:00:20.7188843Z ##[debug]Unwrap 'actions-upload-artifact-043fb46' to '/home/runner/work/_actions/actions/upload-artifact/v7.0.1'
2026-10-08T22:00:20.7291349Z ##[debug]Archive '/home/runner/work/_actions/_temp_ad7f07d5-9f9f-452e-9b14-1d6e5962487a/75f04eeb-0ba0-4649-8a6b-c26723c44c27.tar.gz' has been unzipped into '/home/runner/work/_actions/actions/upload-artifact/v7.0.1'.
2026-10-08T22:00:20.7329368Z ##[debug]Action 'actions/upload-artifact@v7.0.1' already downloaded at '/home/runner/work/_actions/actions/upload-artifact/v7.0.1'.
2026-10-08T22:00:20.7335908Z ##[debug]Action 'actions/upload-artifact@v7.0.1' already downloaded at '/home/runner/work/_actions/actions/upload-artifact/v7.0.1'.
2026-10-08T22:00:20.7353624Z ##[debug]action.yml for action: '/home/runner/work/_actions/actions/checkout/v7.0.1/action.yml'.
2026-10-08T22:00:20.8127541Z ##[debug]action.yml for action: '/home/runner/work/_actions/dtolnay/rust-toolchain/1.98.1/action.yml'.
2026-10-08T22:00:20.8755931Z ##[debug]action.yml for action: '/home/runner/work/_actions/actions/setup-node/v7.0.0/action.yml'.
2026-10-08T22:00:20.8844715Z ##[debug]action.yml for action: '/home/runner/work/_actions/Swatinem/rust-cache/v2/action.yml'.
2026-10-08T22:00:20.8959119Z ##[debug]action.yml for action: '/home/runner/work/_actions/actions/cache/v6.1.0/restore/action.yml'.
2026-10-08T22:00:20.9020233Z ##[debug]action.yml for action: '/home/runner/work/_actions/actions/cache/v6.1.0/save/action.yml'.
2026-10-08T22:00:20.9066538Z ##[debug]action.yml for action: '/home/runner/work/_actions/actions/upload-artifact/v7.0.1/action.yml'.
2026-10-08T22:00:20.9138920Z ##[debug]action.yml for action: '/home/runner/work/_actions/actions/upload-artifact/v7.0.1/action.yml'.
2026-10-08T22:00:20.9210738Z ##[debug]action.yml for action: '/home/runner/work/_actions/actions/upload-artifact/v7.0.1/action.yml'.
2026-10-08T22:00:20.9319683Z ##[debug]Set step '__actions_checkout' display name to: 'Run actions/checkout@v7.0.1'
2026-10-08T22:00:20.9324279Z ##[debug]Set step '__dtolnay_rust-toolchain' display name to: 'Run dtolnay/rust-toolchain@1.98.1'
2026-10-08T22:00:20.9328092Z ##[debug]Set step '__actions_setup-node' display name to: 'Run actions/setup-node@v7.0.0'
2026-10-08T22:00:20.9331364Z ##[debug]Set step '__Swatinem_rust-cache' display name to: 'Run Swatinem/rust-cache@v2'
2026-10-08T22:00:20.9334452Z ##[debug]Set step 'tools' display name to: 'Resolve acquisition cache'
2026-10-08T22:00:20.9407278Z ##[debug]Set step 'tools-cache' display name to: 'Run actions/cache/restore@v6.1.0'
2026-10-08T22:00:20.9410809Z ##[debug]Set step '__run' display name to: 'Acquire target tools'
2026-10-08T22:00:20.9413826Z ##[debug]Set step '__actions_cache' display name to: 'Run actions/cache/save@v6.1.0'
2026-10-08T22:00:20.9417503Z ##[debug]Set step '__actions_upload-artifact' display name to: 'Retain acquisition measurements'
2026-10-08T22:00:20.9420909Z ##[debug]Set step '__run_2' display name to: 'Build, prove, and retain the exact product'
2026-10-08T22:00:20.9424098Z ##[debug]Set step '__run_3' display name to: 'Preserve product executable modes'
2026-10-08T22:00:20.9427779Z ##[debug]Set step '__actions_upload-artifact_2' display name to: 'Run actions/upload-artifact@v7.0.1'
2026-10-08T22:00:20.9431289Z ##[debug]Set step '__actions_upload-artifact_3' display name to: 'Retain failure diagnostics'
2026-10-08T22:00:20.9435334Z Uses: dancxjo/conduit/.github/workflows/ci.yml@refs/pull/5208/merge (4797b533bd4e2e4652ec77c88de33d274dee7b9c)
2026-10-08T22:00:20.9440498Z ##[group] Inputs
2026-10-08T22:00:20.9441184Z   sha: d932da60c7f04bde62c797126e298e38aa9819d0
2026-10-08T22:00:20.9442381Z   exhaustive: true
2026-10-08T22:00:20.9443017Z   base: 6cc4ba02f2139716e454da8463ff28f0b3502814
2026-10-08T22:00:20.9443822Z ##[endgroup]
2026-10-08T22:00:20.9444374Z Complete job name: proof / target / browser
2026-10-08T22:00:20.9526683Z ##[debug]Collect running processes for tracking orphan processes.
2026-10-08T22:00:20.9751942Z ##[debug]Finishing: Set up job
2026-10-08T22:00:20.9908278Z ##[debug]Evaluating condition for step: 'Run actions/checkout@v7.0.1'
2026-10-08T22:00:20.9931526Z ##[debug]Evaluating: success()
2026-10-08T22:00:20.9933200Z ##[debug]Evaluating success:
2026-10-08T22:00:20.9941192Z ##[debug]=> true
2026-10-08T22:00:20.9943717Z ##[debug]Result: true
2026-10-08T22:00:20.9962128Z ##[debug]Starting: Run actions/checkout@v7.0.1
2026-10-08T22:00:21.0060430Z ##[debug]Register post job cleanup for action: actions/checkout@v7.0.1
2026-10-08T22:00:21.0174292Z ##[debug]Loading inputs
2026-10-08T22:00:21.0179736Z ##[debug]Evaluating: inputs.sha
2026-10-08T22:00:21.0180529Z ##[debug]Evaluating Index:
2026-10-08T22:00:21.0181198Z ##[debug]..Evaluating inputs:
2026-10-08T22:00:21.0181890Z ##[debug]..=> Object
2026-10-08T22:00:21.0182755Z ##[debug]..Evaluating String:
2026-10-08T22:00:21.0183404Z ##[debug]..=> 'sha'
2026-10-08T22:00:21.0184319Z ##[debug]=> 'd932da60c7f04bde62c797126e298e38aa9819d0'
2026-10-08T22:00:21.0185662Z ##[debug]Result: 'd932da60c7f04bde62c797126e298e38aa9819d0'
2026-10-08T22:00:21.0192853Z ##[debug]Evaluating: (((matrix.id == 'browser') && '0') || '1')
2026-10-08T22:00:21.0193903Z ##[debug]Evaluating Or:
2026-10-08T22:00:21.0196414Z ##[debug]..Evaluating And:
2026-10-08T22:00:21.0198632Z ##[debug]....Evaluating Equal:
2026-10-08T22:00:21.0200129Z ##[debug]......Evaluating Index:
2026-10-08T22:00:21.0200862Z ##[debug]........Evaluating matrix:
2026-10-08T22:00:21.0201575Z ##[debug]........=> Object
2026-10-08T22:00:21.0202218Z ##[debug]........Evaluating String:
2026-10-08T22:00:21.0202905Z ##[debug]........=> 'id'
2026-10-08T22:00:21.0203538Z ##[debug]......=> 'browser'
2026-10-08T22:00:21.0204172Z ##[debug]......Evaluating String:
2026-10-08T22:00:21.0204831Z ##[debug]......=> 'browser'
2026-10-08T22:00:21.0208547Z ##[debug]....=> true
2026-10-08T22:00:21.0209414Z ##[debug]....Evaluating String:
2026-10-08T22:00:21.0210091Z ##[debug]....=> '0'
2026-10-08T22:00:21.0210633Z ##[debug]..=> '0'
2026-10-08T22:00:21.0211349Z ##[debug]=> '0'
2026-10-08T22:00:21.0217721Z ##[debug]Expanded: ((('browser' == 'browser') && '0') || '1')
2026-10-08T22:00:21.0218663Z ##[debug]Result: '0'
2026-10-08T22:00:21.0228147Z ##[debug]Evaluating: github.repository
2026-10-08T22:00:21.0228972Z ##[debug]Evaluating Index:
2026-10-08T22:00:21.0229633Z ##[debug]..Evaluating github:
2026-10-08T22:00:21.0230419Z ##[debug]..=> Object
2026-10-08T22:00:21.0231015Z ##[debug]..Evaluating String:
2026-10-08T22:00:21.0231663Z ##[debug]..=> 'repository'
2026-10-08T22:00:21.0232381Z ##[debug]=> 'dancxjo/conduit'
2026-10-08T22:00:21.0233057Z ##[debug]Result: 'dancxjo/conduit'
2026-10-08T22:00:21.0237029Z ##[debug]Evaluating: github.token
2026-10-08T22:00:21.0237750Z ##[debug]Evaluating Index:
2026-10-08T22:00:21.0238384Z ##[debug]..Evaluating github:
2026-10-08T22:00:21.0239049Z ##[debug]..=> Object
2026-10-08T22:00:21.0239615Z ##[debug]..Evaluating String:
2026-10-08T22:00:21.0240234Z ##[debug]..=> 'token'
2026-10-08T22:00:21.0248955Z ##[debug]=> '***'
2026-10-08T22:00:21.0257645Z ##[debug]Result: '***'
2026-10-08T22:00:21.0293002Z ##[debug]Loading env
2026-10-08T22:00:21.0373910Z ##[group]Run actions/checkout@v7.0.1
2026-10-08T22:00:21.0375311Z with:
2026-10-08T22:00:21.0376055Z   ref: d932da60c7f04bde62c797126e298e38aa9819d0
2026-10-08T22:00:21.0376912Z   fetch-depth: 0
2026-10-08T22:00:21.0377455Z   persist-credentials: false
2026-10-08T22:00:21.0378113Z   repository: dancxjo/conduit
2026-10-08T22:00:21.0386696Z   token: ***
2026-10-08T22:00:21.0387206Z   ssh-strict: true
2026-10-08T22:00:21.0387712Z   ssh-user: git
2026-10-08T22:00:21.0388185Z   clean: true
2026-10-08T22:00:21.0388709Z   sparse-checkout-cone-mode: true
2026-10-08T22:00:21.0389379Z   fetch-tags: false
2026-10-08T22:00:21.0389902Z   show-progress: true
2026-10-08T22:00:21.0390454Z   lfs: false
2026-10-08T22:00:21.0390928Z   submodules: false
2026-10-08T22:00:21.0391459Z   set-safe-directory: true
2026-10-08T22:00:21.0392088Z   allow-unsafe-pr-checkout: false
2026-10-08T22:00:21.0393074Z env:
2026-10-08T22:00:21.0393913Z   CARGO_TERM_COLOR: always
2026-10-08T22:00:21.0394546Z   CARGO_INCREMENTAL: 0
2026-10-08T22:00:21.0395295Z   CARGO_PROFILE_DEV_DEBUG: 0
2026-10-08T22:00:21.0395937Z   CARGO_PROFILE_TEST_DEBUG: 0
2026-10-08T22:00:21.0396557Z   RUSTUP_TOOLCHAIN: 1.98.1
2026-10-08T22:00:21.0397362Z   CONDUIT_CHECKOUT_SHA: d932da60c7f04bde62c797126e298e38aa9819d0
2026-10-08T22:00:21.0398287Z ##[endgroup]
2026-10-08T22:00:21.1346292Z ##[debug]GITHUB_WORKSPACE = '/home/runner/work/conduit/conduit'
2026-10-08T22:00:21.1348768Z ##[debug]qualified repository = 'dancxjo/conduit'
2026-10-08T22:00:21.1351707Z ##[debug]ref = ''
2026-10-08T22:00:21.1353705Z ##[debug]commit = 'd932da60c7f04bde62c797126e298e38aa9819d0'
2026-10-08T22:00:21.1356071Z ##[debug]clean = true
2026-10-08T22:00:21.1357936Z ##[debug]filter = undefined
2026-10-08T22:00:21.1360904Z ##[debug]fetch depth = 0
2026-10-08T22:00:21.1362718Z ##[debug]fetch tags = false
2026-10-08T22:00:21.1364604Z ##[debug]show progress = true
2026-10-08T22:00:21.1367043Z ##[debug]lfs = false
2026-10-08T22:00:21.1368765Z ##[debug]submodules = false
2026-10-08T22:00:21.1370997Z ##[debug]recursive submodules = false
2026-10-08T22:00:21.1372474Z ##[debug]GitHub Host URL = 
2026-10-08T22:00:21.1373666Z ##[debug]allow unsafe PR checkout = false
2026-10-08T22:00:21.1376513Z ::add-matcher::/home/runner/work/_actions/actions/checkout/v7.0.1/dist/problem-matcher.json
2026-10-08T22:00:21.1468139Z ##[debug]Added matchers: 'checkout-git'. Problem matchers scan action output for known warning or error strings and report these inline.
2026-10-08T22:00:21.1473838Z Syncing repository: dancxjo/conduit
2026-10-08T22:00:21.1475724Z ::group::Getting Git version info
2026-10-08T22:00:21.1477172Z ##[group]Getting Git version info
2026-10-08T22:00:21.1478126Z Working directory is '/home/runner/work/conduit/conduit'
2026-10-08T22:00:21.1479612Z ##[debug]Getting git version
2026-10-08T22:00:21.1480253Z [command]/usr/bin/git version
2026-10-08T22:00:21.1508166Z git version 2.55.0
2026-10-08T22:00:21.1528567Z ##[debug]0
2026-10-08T22:00:21.1529744Z ##[debug]git version 2.55.0
2026-10-08T22:00:21.1530754Z ##[debug]
2026-10-08T22:00:21.1534536Z ##[debug]Set git useragent to: git/2.55.0 (github-actions-checkout) actions_orchestration_id/08b3e3b6-da02-8b12-974f-fb0750839c9c.proof.target.browser_browser_ubuntu-24
2026-10-08T22:00:21.1537678Z ::endgroup::
2026-10-08T22:00:21.1538215Z ##[endgroup]
2026-10-08T22:00:21.1542384Z ::add-mask::***
2026-10-08T22:00:21.1546189Z Temporarily overriding HOME='/home/runner/work/_temp/ac749282-108e-4393-a5bd-42e35e3cf501' before making global git config changes
2026-10-08T22:00:21.1549735Z Adding repository directory to the temporary git global config as a safe directory
2026-10-08T22:00:21.1552127Z [command]/usr/bin/git config --global --add safe.directory /home/runner/work/conduit/conduit
2026-10-08T22:00:21.1603234Z ##[debug]0
2026-10-08T22:00:21.1604100Z ##[debug]
2026-10-08T22:00:21.1606919Z Deleting the contents of '/home/runner/work/conduit/conduit'
2026-10-08T22:00:21.1610303Z ::group::Determining repository object format
2026-10-08T22:00:21.1611623Z ##[group]Determining repository object format
2026-10-08T22:00:21.1613329Z ::endgroup::
2026-10-08T22:00:21.1613801Z ##[endgroup]
2026-10-08T22:00:21.1614667Z ::group::Initializing the repository
2026-10-08T22:00:21.1615688Z ##[group]Initializing the repository
2026-10-08T22:00:21.1617296Z [command]/usr/bin/git init /home/runner/work/conduit/conduit
2026-10-08T22:00:21.1722292Z hint: Using 'master' as the name for the initial branch. This default branch name
2026-10-08T22:00:21.1724463Z hint: will change to "main" in Git 3.0. To configure the initial branch name
2026-10-08T22:00:21.1727267Z hint: to use in all of your new repositories, which will suppress this warning,
2026-10-08T22:00:21.1729633Z hint: call:
2026-10-08T22:00:21.1730863Z hint:
2026-10-08T22:00:21.1732224Z hint: 	git config --global init.defaultBranch <name>
2026-10-08T22:00:21.1733854Z hint:
2026-10-08T22:00:21.1736044Z hint: Names commonly chosen instead of 'master' are 'main', 'trunk' and
2026-10-08T22:00:21.1738162Z hint: 'development'. The just-created branch can be renamed via this command:
2026-10-08T22:00:21.1739232Z hint:
2026-10-08T22:00:21.1739728Z hint: 	git branch -m <name>
2026-10-08T22:00:21.1740302Z hint:
2026-10-08T22:00:21.1741134Z hint: Disable this message with "git config set advice.defaultBranchName false"
2026-10-08T22:00:21.1742591Z Initialized empty Git repository in /home/runner/work/conduit/conduit/.git/
2026-10-08T22:00:21.1744156Z ##[debug]0
2026-10-08T22:00:21.1746026Z ##[debug]Initialized empty Git repository in /home/runner/work/conduit/conduit/.git/
2026-10-08T22:00:21.1747189Z ##[debug]
2026-10-08T22:00:21.1748033Z [command]/usr/bin/git remote add origin https://github.com/dancxjo/conduit
2026-10-08T22:00:21.1791085Z ##[debug]0
2026-10-08T22:00:21.1792077Z ##[debug]
2026-10-08T22:00:21.1792902Z ::endgroup::
2026-10-08T22:00:21.1793626Z ##[endgroup]
2026-10-08T22:00:21.1795086Z ::group::Disabling automatic garbage collection
2026-10-08T22:00:21.1796662Z ##[group]Disabling automatic garbage collection
2026-10-08T22:00:21.1798197Z [command]/usr/bin/git config --local gc.auto 0
2026-10-08T22:00:21.1824338Z ##[debug]0
2026-10-08T22:00:21.1825971Z ##[debug]
2026-10-08T22:00:21.1827330Z ::endgroup::
2026-10-08T22:00:21.1828098Z ##[endgroup]
2026-10-08T22:00:21.1829161Z ::group::Setting up auth
2026-10-08T22:00:21.1829748Z ##[group]Setting up auth
2026-10-08T22:00:21.1830384Z Removing SSH command configuration
2026-10-08T22:00:21.1832135Z [command]/usr/bin/git config --local --name-only --get-regexp core\.sshCommand
2026-10-08T22:00:21.1857091Z ##[debug]1
2026-10-08T22:00:21.1858038Z ##[debug]
2026-10-08T22:00:21.1862975Z [command]/usr/bin/git submodule foreach --recursive sh -c "git config --local --name-only --get-regexp 'core\.sshCommand' && git config --local --unset-all 'core.sshCommand' || :"
2026-10-08T22:00:21.2187387Z ##[debug]0
2026-10-08T22:00:21.2188861Z ##[debug]
2026-10-08T22:00:21.2190079Z Removing HTTP extra header
2026-10-08T22:00:21.2195158Z [command]/usr/bin/git config --local --name-only --get-regexp http\.https\:\/\/github\.com\/\.extraheader
2026-10-08T22:00:21.2221337Z ##[debug]1
2026-10-08T22:00:21.2222241Z ##[debug]
2026-10-08T22:00:21.2227868Z [command]/usr/bin/git submodule foreach --recursive sh -c "git config --local --name-only --get-regexp 'http\.https\:\/\/github\.com\/\.extraheader' && git config --local --unset-all 'http.https://github.com/.extraheader' || :"
2026-10-08T22:00:21.2449006Z ##[debug]0
2026-10-08T22:00:21.2450619Z ##[debug]
2026-10-08T22:00:21.2451762Z Removing includeIf entries pointing to credentials config files
2026-10-08T22:00:21.2454435Z [command]/usr/bin/git config --local --name-only --get-regexp ^includeIf\.gitdir:
2026-10-08T22:00:21.2481714Z ##[debug]1
2026-10-08T22:00:21.2482676Z ##[debug]
2026-10-08T22:00:21.2486363Z [command]/usr/bin/git submodule foreach --recursive git config --local --show-origin --name-only --get-regexp remote.origin.url
2026-10-08T22:00:21.2704343Z ##[debug]0
2026-10-08T22:00:21.2706309Z ##[debug]
2026-10-08T22:00:21.2709754Z ##[debug]Credentials config path: /home/runner/work/_temp/git-credentials-a0ecc3df-97b5-4fb2-8ffc-70b4371e75a8.config
2026-10-08T22:00:21.2714348Z [command]/usr/bin/git config --file /home/runner/work/_temp/git-credentials-a0ecc3df-97b5-4fb2-8ffc-70b4371e75a8.config http.https://github.com/.extraheader AUTHORIZATION: basic ***
2026-10-08T22:00:21.2739925Z ##[debug]0
2026-10-08T22:00:21.2741374Z ##[debug]
2026-10-08T22:00:21.2752005Z [command]/usr/bin/git config --local includeIf.gitdir:/home/runner/work/conduit/conduit/.git.path /home/runner/work/_temp/git-credentials-a0ecc3df-97b5-4fb2-8ffc-70b4371e75a8.config
2026-10-08T22:00:21.2778843Z ##[debug]0
2026-10-08T22:00:21.2780214Z ##[debug]
2026-10-08T22:00:21.2783344Z [command]/usr/bin/git config --local includeIf.gitdir:/home/runner/work/conduit/conduit/.git/worktrees/*.path /home/runner/work/_temp/git-credentials-a0ecc3df-97b5-4fb2-8ffc-70b4371e75a8.config
2026-10-08T22:00:21.2812853Z ##[debug]0
2026-10-08T22:00:21.2814031Z ##[debug]
2026-10-08T22:00:21.2817800Z [command]/usr/bin/git config --local includeIf.gitdir:/github/workspace/.git.path /github/runner_temp/git-credentials-a0ecc3df-97b5-4fb2-8ffc-70b4371e75a8.config
2026-10-08T22:00:21.2844196Z ##[debug]0
2026-10-08T22:00:21.2845970Z ##[debug]
2026-10-08T22:00:21.2851037Z [command]/usr/bin/git config --local includeIf.gitdir:/github/workspace/.git/worktrees/*.path /github/runner_temp/git-credentials-a0ecc3df-97b5-4fb2-8ffc-70b4371e75a8.config
2026-10-08T22:00:21.2878215Z ##[debug]0
2026-10-08T22:00:21.2879746Z ##[debug]
2026-10-08T22:00:21.2881314Z ::endgroup::
2026-10-08T22:00:21.2882185Z ##[endgroup]
2026-10-08T22:00:21.2883780Z ::group::Fetching the repository
2026-10-08T22:00:21.2885255Z ##[group]Fetching the repository
2026-10-08T22:00:21.2889322Z [command]/usr/bin/git -c protocol.version=2 fetch --no-tags --prune --no-recurse-submodules origin +refs/heads/*:refs/remotes/origin/* +refs/tags/*:refs/tags/*
2026-10-08T22:00:31.5137070Z From https://github.com/dancxjo/conduit
2026-10-08T22:00:31.5138192Z  * [new branch]          archive/branch-cleanup-20261006/4807-face-human-labels -> origin/archive/branch-cleanup-20261006/4807-face-human-labels
2026-10-08T22:00:31.5139777Z  * [new branch]          archive/branch-cleanup-20261006/4922-presentation-seal -> origin/archive/branch-cleanup-20261006/4922-presentation-seal
2026-10-08T22:00:31.5141516Z  * [new branch]          archive/branch-cleanup-20261006/native-face-scene -> origin/archive/branch-cleanup-20261006/native-face-scene
2026-10-08T22:00:31.5142829Z  * [new branch]          archive/cleanup-20261002/codex/3938-conduitese-routing -> origin/archive/cleanup-20261002/codex/3938-conduitese-routing
2026-10-08T22:00:31.5144790Z  * [new branch]          archive/cleanup-20261002/codex/4001-body-evidence-journey -> origin/archive/cleanup-20261002/codex/4001-body-evidence-journey
2026-10-08T22:00:31.5147803Z  * [new branch]          archive/cleanup-20261002/codex/4001-observatory-causal-projection -> origin/archive/cleanup-20261002/codex/4001-observatory-causal-projection
2026-10-08T22:00:31.5149949Z  * [new branch]          archive/cleanup-20261002/codex/4001-observatory-vertical -> origin/archive/cleanup-20261002/codex/4001-observatory-vertical
2026-10-08T22:00:31.5151878Z  * [new branch]          archive/cleanup-20261002/codex/4001-source-spans -> origin/archive/cleanup-20261002/codex/4001-source-spans
2026-10-08T22:00:31.5155284Z  * [new branch]          archive/cleanup-20261002/codex/4001-terminal-causal-correlation -> origin/archive/cleanup-20261002/codex/4001-terminal-causal-correlation
2026-10-08T22:00:31.5156464Z  * [new branch]          archive/cleanup-20261002/codex/4001-visible-causal-face -> origin/archive/cleanup-20261002/codex/4001-visible-causal-face
2026-10-08T22:00:31.5157503Z  * [new branch]          archive/cleanup-20261002/codex/4055-package-graph -> origin/archive/cleanup-20261002/codex/4055-package-graph
2026-10-08T22:00:31.5158456Z  * [new branch]          archive/cleanup-20261002/codex/4061-browser-debounce -> origin/archive/cleanup-20261002/codex/4061-browser-debounce
2026-10-08T22:00:31.5159398Z  * [new branch]          archive/cleanup-20261002/codex/4061-browser-window -> origin/archive/cleanup-20261002/codex/4061-browser-window
2026-10-08T22:00:31.5160414Z  * [new branch]          archive/cleanup-20261002/codex/4061-browser-window-install -> origin/archive/cleanup-20261002/codex/4061-browser-window-install
2026-10-08T22:00:31.5161360Z  * [new branch]          archive/cleanup-20261002/codex/4061-deadline -> origin/archive/cleanup-20261002/codex/4061-deadline
2026-10-08T22:00:31.5162280Z  * [new branch]          archive/cleanup-20261002/codex/4061-sample-specialization -> origin/archive/cleanup-20261002/codex/4061-sample-specialization
2026-10-08T22:00:31.5163313Z  * [new branch]          archive/cleanup-20261002/codex/4061-shared-debounce -> origin/archive/cleanup-20261002/codex/4061-shared-debounce
2026-10-08T22:00:31.5164677Z  * [new branch]          archive/cleanup-20261002/codex/4061-standalone-lock-repair -> origin/archive/cleanup-20261002/codex/4061-standalone-lock-repair
2026-10-08T22:00:31.5166626Z  * [new branch]          archive/cleanup-20261002/codex/4064-current-sample -> origin/archive/cleanup-20261002/codex/4064-current-sample
2026-10-08T22:00:31.5167692Z  * [new branch]          archive/cleanup-20261002/codex/4064-flow-zip -> origin/archive/cleanup-20261002/codex/4064-flow-zip
2026-10-08T22:00:31.5168860Z  * [new branch]          archive/cleanup-20261002/codex/4064-flow-zip-current -> origin/archive/cleanup-20261002/codex/4064-flow-zip-current
2026-10-08T22:00:31.5169800Z  * [new branch]          archive/cleanup-20261002/codex/4064-join-diagnostic -> origin/archive/cleanup-20261002/codex/4064-join-diagnostic
2026-10-08T22:00:31.5170670Z  * [new branch]          archive/cleanup-20261002/codex/4064-keyed-join -> origin/archive/cleanup-20261002/codex/4064-keyed-join
2026-10-08T22:00:31.5171940Z  * [new branch]          archive/cleanup-20261002/codex/4072-derived-transformation-eligibility -> origin/archive/cleanup-20261002/codex/4072-derived-transformation-eligibility
2026-10-08T22:00:31.5173693Z  * [new branch]          archive/cleanup-20261002/codex/4072-retained-retry-evidence -> origin/archive/cleanup-20261002/codex/4072-retained-retry-evidence
2026-10-08T22:00:31.5174820Z  * [new branch]          archive/cleanup-20261002/codex/4080-local-integration -> origin/archive/cleanup-20261002/codex/4080-local-integration
2026-10-08T22:00:31.5176806Z  * [new branch]          archive/cleanup-20261002/codex/4090-field-station-patchbay -> origin/archive/cleanup-20261002/codex/4090-field-station-patchbay
2026-10-08T22:00:31.5178561Z  * [new branch]          archive/cleanup-20261002/codex/4090-sdk-recovery -> origin/archive/cleanup-20261002/codex/4090-sdk-recovery
2026-10-08T22:00:31.5180374Z  * [new branch]          archive/cleanup-20261002/codex/4091-canonical-integration -> origin/archive/cleanup-20261002/codex/4091-canonical-integration
2026-10-08T22:00:31.5182396Z  * [new branch]          archive/cleanup-20261002/codex/4092-canonical-recursive-provider -> origin/archive/cleanup-20261002/codex/4092-canonical-recursive-provider
2026-10-08T22:00:31.5184269Z  * [new branch]          archive/cleanup-20261002/codex/4092-delete-generate-text -> origin/archive/cleanup-20261002/codex/4092-delete-generate-text
2026-10-08T22:00:31.5186436Z  * [new branch]          archive/cleanup-20261002/codex/4092-delete-generate-text-semantics -> origin/archive/cleanup-20261002/codex/4092-delete-generate-text-semantics
2026-10-08T22:00:31.5230667Z  * [new branch]          archive/cleanup-20261002/codex/4092-live-canonical -> origin/archive/cleanup-20261002/codex/4092-live-canonical
2026-10-08T22:00:31.5231700Z  * [new branch]          archive/cleanup-20261002/codex/4093-acceptance-gap -> origin/archive/cleanup-20261002/codex/4093-acceptance-gap
2026-10-08T22:00:31.5233244Z  * [new branch]          archive/cleanup-20261002/codex/4093-construction-truth -> origin/archive/cleanup-20261002/codex/4093-construction-truth
2026-10-08T22:00:31.5234738Z  * [new branch]          archive/cleanup-20261002/codex/4093-delete-piper-documentary -> origin/archive/cleanup-20261002/codex/4093-delete-piper-documentary
2026-10-08T22:00:31.5236284Z  * [new branch]          archive/cleanup-20261002/codex/4093-face-mask-show-track -> origin/archive/cleanup-20261002/codex/4093-face-mask-show-track
2026-10-08T22:00:31.5237322Z  * [new branch]          archive/cleanup-20261002/codex/4093-hosted-live-mask -> origin/archive/cleanup-20261002/codex/4093-hosted-live-mask
2026-10-08T22:00:31.5238654Z  * [new branch]          archive/cleanup-20261002/codex/4093-remove-recording-overlay -> origin/archive/cleanup-20261002/codex/4093-remove-recording-overlay
2026-10-08T22:00:31.5240196Z  * [new branch]          archive/cleanup-20261002/codex/4093-single-action-contract -> origin/archive/cleanup-20261002/codex/4093-single-action-contract
2026-10-08T22:00:31.5241471Z  * [new branch]          archive/cleanup-20261002/codex/4095-field-station -> origin/archive/cleanup-20261002/codex/4095-field-station
2026-10-08T22:00:31.5242482Z  * [new branch]          archive/cleanup-20261002/codex/4096-field-station-tick -> origin/archive/cleanup-20261002/codex/4096-field-station-tick
2026-10-08T22:00:31.5243564Z  * [new branch]          archive/cleanup-20261002/codex/4098-semantic-tone-pcm -> origin/archive/cleanup-20261002/codex/4098-semantic-tone-pcm
2026-10-08T22:00:31.5244582Z  * [new branch]          archive/cleanup-20261002/codex/4102-spoken-zero-body -> origin/archive/cleanup-20261002/codex/4102-spoken-zero-body
2026-10-08T22:00:31.5245945Z  * [new branch]          archive/cleanup-20261002/codex/4109-cancellation-admission -> origin/archive/cleanup-20261002/codex/4109-cancellation-admission
2026-10-08T22:00:31.5247012Z  * [new branch]          archive/cleanup-20261002/codex/4109-canonical-highlight -> origin/archive/cleanup-20261002/codex/4109-canonical-highlight
2026-10-08T22:00:31.5248200Z  * [new branch]          archive/cleanup-20261002/codex/4109-initialized-keep -> origin/archive/cleanup-20261002/codex/4109-initialized-keep
2026-10-08T22:00:31.5249260Z  * [new branch]          archive/cleanup-20261002/codex/4109-nested-abnormal-boundary -> origin/archive/cleanup-20261002/codex/4109-nested-abnormal-boundary
2026-10-08T22:00:31.5250377Z  * [new branch]          archive/cleanup-20261002/codex/4109-offer-semantic-contract -> origin/archive/cleanup-20261002/codex/4109-offer-semantic-contract
2026-10-08T22:00:31.5251461Z  * [new branch]          archive/cleanup-20261002/codex/4109-optional-keep-lowering -> origin/archive/cleanup-20261002/codex/4109-optional-keep-lowering
2026-10-08T22:00:31.5252538Z  * [new branch]          archive/cleanup-20261002/codex/4109-optional-quantity-keep -> origin/archive/cleanup-20261002/codex/4109-optional-quantity-keep
2026-10-08T22:00:31.5253638Z  * [new branch]          archive/cleanup-20261002/codex/4109-parser-front-extraction -> origin/archive/cleanup-20261002/codex/4109-parser-front-extraction
2026-10-08T22:00:31.5254721Z  * [new branch]          archive/cleanup-20261002/codex/4109-resource-valued-ports -> origin/archive/cleanup-20261002/codex/4109-resource-valued-ports
2026-10-08T22:00:31.5255967Z  * [new branch]          archive/cleanup-20261002/codex/4109-sequence-cardinality -> origin/archive/cleanup-20261002/codex/4109-sequence-cardinality
2026-10-08T22:00:31.5256986Z  * [new branch]          archive/cleanup-20261002/codex/4109-source-conformance -> origin/archive/cleanup-20261002/codex/4109-source-conformance
2026-10-08T22:00:31.5258007Z  * [new branch]          archive/cleanup-20261002/codex/4109-source-package-lock -> origin/archive/cleanup-20261002/codex/4109-source-package-lock
2026-10-08T22:00:31.5259120Z  * [new branch]          archive/cleanup-20261002/codex/4109-terminal-control-highlighting -> origin/archive/cleanup-20261002/codex/4109-terminal-control-highlighting
2026-10-08T22:00:31.5260263Z  * [new branch]          archive/cleanup-20261002/codex/4109-typed-abnormal-terminal -> origin/archive/cleanup-20261002/codex/4109-typed-abnormal-terminal
2026-10-08T22:00:31.5261320Z  * [new branch]          archive/cleanup-20261002/codex/4115-4167-acceptance-gaps -> origin/archive/cleanup-20261002/codex/4115-4167-acceptance-gaps
2026-10-08T22:00:31.5262324Z  * [new branch]          archive/cleanup-20261002/codex/4115-authored-wardrobe -> origin/archive/cleanup-20261002/codex/4115-authored-wardrobe
2026-10-08T22:00:31.5263272Z  * [new branch]          archive/cleanup-20261002/codex/4115-browser-mask -> origin/archive/cleanup-20261002/codex/4115-browser-mask
2026-10-08T22:00:31.5264233Z  * [new branch]          archive/cleanup-20261002/codex/4115-browser-mask-runtime -> origin/archive/cleanup-20261002/codex/4115-browser-mask-runtime
2026-10-08T22:00:31.5265483Z  * [new branch]          archive/cleanup-20261002/codex/4115-delete-pete-interaction-scaffold -> origin/archive/cleanup-20261002/codex/4115-delete-pete-interaction-scaffold
2026-10-08T22:00:31.5266767Z  * [new branch]          archive/cleanup-20261002/codex/4115-delete-pete-presenter -> origin/archive/cleanup-20261002/codex/4115-delete-pete-presenter
2026-10-08T22:00:31.5267728Z  * [new branch]          archive/cleanup-20261002/codex/4115-face-fore -> origin/archive/cleanup-20261002/codex/4115-face-fore
2026-10-08T22:00:31.5268597Z  * [new branch]          archive/cleanup-20261002/codex/4115-mask-context -> origin/archive/cleanup-20261002/codex/4115-mask-context
2026-10-08T22:00:31.5269498Z  * [new branch]          archive/cleanup-20261002/codex/4115-mask-topology -> origin/archive/cleanup-20261002/codex/4115-mask-topology
2026-10-08T22:00:31.5270466Z  * [new branch]          archive/cleanup-20261002/codex/4115-native-mask-evidence -> origin/archive/cleanup-20261002/codex/4115-native-mask-evidence
2026-10-08T22:00:31.5271474Z  * [new branch]          archive/cleanup-20261002/codex/4115-native-mask-runtime -> origin/archive/cleanup-20261002/codex/4115-native-mask-runtime
2026-10-08T22:00:31.5272590Z  * [new branch]          archive/cleanup-20261002/codex/4115-spoken-generative -> origin/archive/cleanup-20261002/codex/4115-spoken-generative
2026-10-08T22:00:31.5273791Z  * [new branch]          archive/cleanup-20261002/codex/4116-current-snapshot -> origin/archive/cleanup-20261002/codex/4116-current-snapshot
2026-10-08T22:00:31.5274794Z  * [new branch]          archive/cleanup-20261002/codex/4116-durable-body-state -> origin/archive/cleanup-20261002/codex/4116-durable-body-state
2026-10-08T22:00:31.5276177Z  * [new branch]          archive/cleanup-20261002/codex/4116-durable-text-state -> origin/archive/cleanup-20261002/codex/4116-durable-text-state
2026-10-08T22:00:31.5277287Z  * [new branch]          archive/cleanup-20261002/codex/4116-exact-data-generation-contract -> origin/archive/cleanup-20261002/codex/4116-exact-data-generation-contract
2026-10-08T22:00:31.5278694Z  * [new branch]          archive/cleanup-20261002/codex/4116-keep-retention-admission -> origin/archive/cleanup-20261002/codex/4116-keep-retention-admission
2026-10-08T22:00:31.5279815Z  * [new branch]          archive/cleanup-20261002/codex/4116-patchbay-retained-state -> origin/archive/cleanup-20261002/codex/4116-patchbay-retained-state
2026-10-08T22:00:31.5281091Z  * [new branch]          archive/cleanup-20261002/codex/4130-delete-policy-theater -> origin/archive/cleanup-20261002/codex/4130-delete-policy-theater
2026-10-08T22:00:31.5282101Z  * [new branch]          archive/cleanup-20261002/codex/4130-face-grounding -> origin/archive/cleanup-20261002/codex/4130-face-grounding
2026-10-08T22:00:31.5283056Z  * [new branch]          archive/cleanup-20261002/codex/4134-presentation-core -> origin/archive/cleanup-20261002/codex/4134-presentation-core
2026-10-08T22:00:31.5284213Z  * [new branch]          archive/cleanup-20261002/codex/4135-presentation-contributions -> origin/archive/cleanup-20261002/codex/4135-presentation-contributions
2026-10-08T22:00:31.5286181Z  * [new branch]          archive/cleanup-20261002/codex/4136-patchbay-form -> origin/archive/cleanup-20261002/codex/4136-patchbay-form
2026-10-08T22:00:31.5287285Z  * [new branch]          archive/cleanup-20261002/codex/4162-decouple-avr-browser-admission -> origin/archive/cleanup-20261002/codex/4162-decouple-avr-browser-admission
2026-10-08T22:00:31.5288587Z  * [new branch]          archive/cleanup-20261002/codex/4164-delete-dead-product-proof-ci -> origin/archive/cleanup-20261002/codex/4164-delete-dead-product-proof-ci
2026-10-08T22:00:31.5290273Z  * [new branch]          archive/cleanup-20261002/codex/4167-aural-input-contracts -> origin/archive/cleanup-20261002/codex/4167-aural-input-contracts
2026-10-08T22:00:31.5291303Z  * [new branch]          archive/cleanup-20261002/codex/4167-aural-properties -> origin/archive/cleanup-20261002/codex/4167-aural-properties
2026-10-08T22:00:31.5292290Z  * [new branch]          archive/cleanup-20261002/codex/4167-deterministic-aural -> origin/archive/cleanup-20261002/codex/4167-deterministic-aural
2026-10-08T22:00:31.5293473Z  * [new branch]          archive/cleanup-20261002/codex/4167-domain-conformance -> origin/archive/cleanup-20261002/codex/4167-domain-conformance
2026-10-08T22:00:31.5294515Z  * [new branch]          archive/cleanup-20261002/codex/4167-honest-mask-conformance -> origin/archive/cleanup-20261002/codex/4167-honest-mask-conformance
2026-10-08T22:00:31.5296207Z  * [new branch]          archive/cleanup-20261002/codex/4167-ordinary-browser-mask -> origin/archive/cleanup-20261002/codex/4167-ordinary-browser-mask
2026-10-08T22:00:31.5297201Z  * [new branch]          archive/cleanup-20261002/codex/4167-pattern-face -> origin/archive/cleanup-20261002/codex/4167-pattern-face
2026-10-08T22:00:31.5298148Z  * [new branch]          archive/cleanup-20261002/codex/4167-pressure-specimen -> origin/archive/cleanup-20261002/codex/4167-pressure-specimen
2026-10-08T22:00:31.5299232Z  * [new branch]          archive/cleanup-20261002/codex/4167-production-face-participation -> origin/archive/cleanup-20261002/codex/4167-production-face-participation
2026-10-08T22:00:31.5300631Z  * [new branch]          archive/cleanup-20261002/codex/4167-production-patchbay-matrix -> origin/archive/cleanup-20261002/codex/4167-production-patchbay-matrix
2026-10-08T22:00:31.5301679Z  * [new branch]          archive/cleanup-20261002/codex/4167-range-membership -> origin/archive/cleanup-20261002/codex/4167-range-membership
2026-10-08T22:00:31.5302652Z  * [new branch]          archive/cleanup-20261002/codex/4167-real-mask-evidence -> origin/archive/cleanup-20261002/codex/4167-real-mask-evidence
2026-10-08T22:00:31.5303729Z  * [new branch]          archive/cleanup-20261002/codex/4167-specimen-audit -> origin/archive/cleanup-20261002/codex/4167-specimen-audit
2026-10-08T22:00:31.5305582Z  * [new branch]          archive/cleanup-20261002/codex/4173-delete-fourth-product -> origin/archive/cleanup-20261002/codex/4173-delete-fourth-product
2026-10-08T22:00:31.5307124Z  * [new branch]          archive/cleanup-20261002/codex/4174-generative-interaction -> origin/archive/cleanup-20261002/codex/4174-generative-interaction
2026-10-08T22:00:31.5308193Z  * [new branch]          archive/cleanup-20261002/codex/4176-generated-validation -> origin/archive/cleanup-20261002/codex/4176-generated-validation
2026-10-08T22:00:31.5309346Z  * [new branch]          archive/cleanup-20261002/codex/4180-delete-synthetic-human-interaction -> origin/archive/cleanup-20261002/codex/4180-delete-synthetic-human-interaction
2026-10-08T22:00:31.5310577Z  * [new branch]          archive/cleanup-20261002/codex/4182-repair-generative-interaction -> origin/archive/cleanup-20261002/codex/4182-repair-generative-interaction
2026-10-08T22:00:31.5311645Z  * [new branch]          archive/cleanup-20261002/codex/4185-fore-value-bounds -> origin/archive/cleanup-20261002/codex/4185-fore-value-bounds
2026-10-08T22:00:31.5312663Z  * [new branch]          archive/cleanup-20261002/codex/4188-exact-semantic-contract -> origin/archive/cleanup-20261002/codex/4188-exact-semantic-contract
2026-10-08T22:00:31.5313877Z  * [new branch]          archive/cleanup-20261002/codex/4190-causal-dag -> origin/archive/cleanup-20261002/codex/4190-causal-dag
2026-10-08T22:00:31.5315255Z  * [new branch]          archive/cleanup-20261002/codex/4192-semantic-composition-names -> origin/archive/cleanup-20261002/codex/4192-semantic-composition-names
2026-10-08T22:00:31.5316667Z  * [new branch]          archive/cleanup-20261002/codex/4195-remove-pages-rescue -> origin/archive/cleanup-20261002/codex/4195-remove-pages-rescue
2026-10-08T22:00:31.5317814Z  * [new branch]          archive/cleanup-20261002/codex/4197-flow-first -> origin/archive/cleanup-20261002/codex/4197-flow-first
2026-10-08T22:00:31.5318968Z  * [new branch]          archive/cleanup-20261002/codex/4198-inward-face -> origin/archive/cleanup-20261002/codex/4198-inward-face
2026-10-08T22:00:31.5319993Z  * [new branch]          archive/cleanup-20261002/codex/4199-authored-pattern-refinement -> origin/archive/cleanup-20261002/codex/4199-authored-pattern-refinement
2026-10-08T22:00:31.5321309Z  * [new branch]          archive/cleanup-20261002/codex/4199-portable-lookahead -> origin/archive/cleanup-20261002/codex/4199-portable-lookahead
2026-10-08T22:00:31.5322952Z  * [new branch]          archive/cleanup-20261002/codex/4199-refinement-families -> origin/archive/cleanup-20261002/codex/4199-refinement-families
2026-10-08T22:00:31.5324081Z  * [new branch]          archive/cleanup-20261002/codex/4223-remove-final-piper-remnants -> origin/archive/cleanup-20261002/codex/4223-remove-final-piper-remnants
2026-10-08T22:00:31.5325351Z  * [new branch]          archive/cleanup-20261002/codex/4231-body-execution-protocol -> origin/archive/cleanup-20261002/codex/4231-body-execution-protocol
2026-10-08T22:00:31.5326498Z  * [new branch]          archive/cleanup-20261002/codex/4231-body-lifecycle-session-rebuild -> origin/archive/cleanup-20261002/codex/4231-body-lifecycle-session-rebuild
2026-10-08T22:00:31.5327753Z  * [new branch]          archive/cleanup-20261002/codex/4231-browser-membership -> origin/archive/cleanup-20261002/codex/4231-browser-membership
2026-10-08T22:00:31.5328992Z  * [new branch]          archive/cleanup-20261002/codex/4231-browser-vendor-assets -> origin/archive/cleanup-20261002/codex/4231-browser-vendor-assets
2026-10-08T22:00:31.5330054Z  * [new branch]          archive/cleanup-20261002/codex/4231-browser-workbench-assets -> origin/archive/cleanup-20261002/codex/4231-browser-workbench-assets
2026-10-08T22:00:31.5331169Z  * [new branch]          archive/cleanup-20261002/codex/4231-delete-browser-tour-refresh -> origin/archive/cleanup-20261002/codex/4231-delete-browser-tour-refresh
2026-10-08T22:00:31.5332363Z  * [new branch]          archive/cleanup-20261002/codex/4231-delete-dead-browser-carrier-builds -> origin/archive/cleanup-20261002/codex/4231-delete-dead-browser-carrier-builds
2026-10-08T22:00:31.5333524Z  * [new branch]          archive/cleanup-20261002/codex/4231-delete-dead-creche-facade -> origin/archive/cleanup-20261002/codex/4231-delete-dead-creche-facade
2026-10-08T22:00:31.5334644Z  * [new branch]          archive/cleanup-20261002/codex/4231-delete-disabled-browser-ci -> origin/archive/cleanup-20261002/codex/4231-delete-disabled-browser-ci
2026-10-08T22:00:31.5336428Z  * [new branch]          archive/cleanup-20261002/codex/4231-delete-disabled-browser-ci-stage2 -> origin/archive/cleanup-20261002/codex/4231-delete-disabled-browser-ci-stage2
2026-10-08T22:00:31.5338194Z  * [new branch]          archive/cleanup-20261002/codex/4231-delete-disabled-browser-ci-stage2-archive -> origin/archive/cleanup-20261002/codex/4231-delete-disabled-browser-ci-stage2-archive
2026-10-08T22:00:31.5339456Z  * [new branch]          archive/cleanup-20261002/codex/4231-delete-front-controls-facade -> origin/archive/cleanup-20261002/codex/4231-delete-front-controls-facade
2026-10-08T22:00:31.5340627Z  * [new branch]          archive/cleanup-20261002/codex/4231-delete-home-application-speech -> origin/archive/cleanup-20261002/codex/4231-delete-home-application-speech
2026-10-08T22:00:31.5341756Z  * [new branch]          archive/cleanup-20261002/codex/4231-delete-home-evidence -> origin/archive/cleanup-20261002/codex/4231-delete-home-evidence
2026-10-08T22:00:31.5342794Z  * [new branch]          archive/cleanup-20261002/codex/4231-delete-html-coordinator -> origin/archive/cleanup-20261002/codex/4231-delete-html-coordinator
2026-10-08T22:00:31.5343948Z  * [new branch]          archive/cleanup-20261002/codex/4231-delete-patchbay-graph-facade -> origin/archive/cleanup-20261002/codex/4231-delete-patchbay-graph-facade
2026-10-08T22:00:31.5345259Z  * [new branch]          archive/cleanup-20261002/codex/4231-delete-patchbay-seed-alias -> origin/archive/cleanup-20261002/codex/4231-delete-patchbay-seed-alias
2026-10-08T22:00:31.5346418Z  * [new branch]          archive/cleanup-20261002/codex/4231-delete-tour-route-aliases -> origin/archive/cleanup-20261002/codex/4231-delete-tour-route-aliases
2026-10-08T22:00:31.5347570Z  * [new branch]          archive/cleanup-20261002/codex/4231-delete-unused-candidate-adapter -> origin/archive/cleanup-20261002/codex/4231-delete-unused-candidate-adapter
2026-10-08T22:00:31.5348928Z  * [new branch]          archive/cleanup-20261002/codex/4231-delete-workspace-model-pool-v2 -> origin/archive/cleanup-20261002/codex/4231-delete-workspace-model-pool-v2
2026-10-08T22:00:31.5350128Z  * [new branch]          archive/cleanup-20261002/codex/4231-deterministic-microphone-test -> origin/archive/cleanup-20261002/codex/4231-deterministic-microphone-test
2026-10-08T22:00:31.5351224Z  * [new branch]          archive/cleanup-20261002/codex/4231-drop-retired-carrier -> origin/archive/cleanup-20261002/codex/4231-drop-retired-carrier
2026-10-08T22:00:31.5352302Z  * [new branch]          archive/cleanup-20261002/codex/4231-extract-current-host-offers -> origin/archive/cleanup-20261002/codex/4231-extract-current-host-offers
2026-10-08T22:00:31.5353402Z  * [new branch]          archive/cleanup-20261002/codex/4231-extract-maker-workbench -> origin/archive/cleanup-20261002/codex/4231-extract-maker-workbench
2026-10-08T22:00:31.5354584Z  * [new branch]          archive/cleanup-20261002/codex/4231-forms-impact-ownership -> origin/archive/cleanup-20261002/codex/4231-forms-impact-ownership
2026-10-08T22:00:31.5355954Z  * [new branch]          archive/cleanup-20261002/codex/4231-gate-schema-transition -> origin/archive/cleanup-20261002/codex/4231-gate-schema-transition
2026-10-08T22:00:31.5357060Z  * [new branch]          archive/cleanup-20261002/codex/4231-harvest-tour-journey-refresh -> origin/archive/cleanup-20261002/codex/4231-harvest-tour-journey-refresh
2026-10-08T22:00:31.5358144Z  * [new branch]          archive/cleanup-20261002/codex/4231-home-truthful-journey -> origin/archive/cleanup-20261002/codex/4231-home-truthful-journey
2026-10-08T22:00:31.5359067Z  * [new branch]          archive/cleanup-20261002/codex/4231-html-sdk -> origin/archive/cleanup-20261002/codex/4231-html-sdk
2026-10-08T22:00:31.5360030Z  * [new branch]          archive/cleanup-20261002/codex/4231-move-shared-face-toolkit -> origin/archive/cleanup-20261002/codex/4231-move-shared-face-toolkit
2026-10-08T22:00:31.5361171Z  * [new branch]          archive/cleanup-20261002/codex/4231-narrow-pages-carrier-ownership -> origin/archive/cleanup-20261002/codex/4231-narrow-pages-carrier-ownership
2026-10-08T22:00:31.5362354Z  * [new branch]          archive/cleanup-20261002/codex/4231-native-direct-patchbay-graph -> origin/archive/cleanup-20261002/codex/4231-native-direct-patchbay-graph
2026-10-08T22:00:31.5363502Z  * [new branch]          archive/cleanup-20261002/codex/4231-native-patchbay-ci-ownership -> origin/archive/cleanup-20261002/codex/4231-native-patchbay-ci-ownership
2026-10-08T22:00:31.5364529Z  * [new branch]          archive/cleanup-20261002/codex/4231-neutral-lucide -> origin/archive/cleanup-20261002/codex/4231-neutral-lucide
2026-10-08T22:00:31.5365579Z  * [new branch]          archive/cleanup-20261002/codex/4231-neutral-unifont -> origin/archive/cleanup-20261002/codex/4231-neutral-unifont
2026-10-08T22:00:31.5366489Z  * [new branch]          archive/cleanup-20261002/codex/4231-next-cleanup -> origin/archive/cleanup-20261002/codex/4231-next-cleanup
2026-10-08T22:00:31.5367379Z  * [new branch]          archive/cleanup-20261002/codex/4231-next-deletion -> origin/archive/cleanup-20261002/codex/4231-next-deletion
2026-10-08T22:00:31.5368353Z  * [new branch]          archive/cleanup-20261002/codex/4231-pages-current-surfaces -> origin/archive/cleanup-20261002/codex/4231-pages-current-surfaces
2026-10-08T22:00:31.5369426Z  * [new branch]          archive/cleanup-20261002/codex/4231-patchbay-application-move -> origin/archive/cleanup-20261002/codex/4231-patchbay-application-move
2026-10-08T22:00:31.5370487Z  * [new branch]          archive/cleanup-20261002/codex/4231-patchbay-doc-boundary -> origin/archive/cleanup-20261002/codex/4231-patchbay-doc-boundary
2026-10-08T22:00:31.5371497Z  * [new branch]          archive/cleanup-20261002/codex/4231-patchbay-graph-move -> origin/archive/cleanup-20261002/codex/4231-patchbay-graph-move
2026-10-08T22:00:31.5372677Z  * [new branch]          archive/cleanup-20261002/codex/4231-pete-canonical-truth -> origin/archive/cleanup-20261002/codex/4231-pete-canonical-truth
2026-10-08T22:00:31.5373681Z  * [new branch]          archive/cleanup-20261002/codex/4231-pete-inspection -> origin/archive/cleanup-20261002/codex/4231-pete-inspection
2026-10-08T22:00:31.5374750Z  * [new branch]          archive/cleanup-20261002/codex/4231-require-local-integration-gate -> origin/archive/cleanup-20261002/codex/4231-require-local-integration-gate
2026-10-08T22:00:31.5376098Z  * [new branch]          archive/cleanup-20261002/codex/4231-resident-patchbay-form -> origin/archive/cleanup-20261002/codex/4231-resident-patchbay-form
2026-10-08T22:00:31.5377224Z  * [new branch]          archive/cleanup-20261002/codex/4231-retire-browser-application-docs -> origin/archive/cleanup-20261002/codex/4231-retire-browser-application-docs
2026-10-08T22:00:31.5378454Z  * [new branch]          archive/cleanup-20261002/codex/4231-retire-native-tour -> origin/archive/cleanup-20261002/codex/4231-retire-native-tour
2026-10-08T22:00:31.5379540Z  * [new branch]          archive/cleanup-20261002/codex/4231-retire-workspace-model-rebuild -> origin/archive/cleanup-20261002/codex/4231-retire-workspace-model-rebuild
2026-10-08T22:00:31.5380654Z  * [new branch]          archive/cleanup-20261002/codex/4231-sdk-body-participation -> origin/archive/cleanup-20261002/codex/4231-sdk-body-participation
2026-10-08T22:00:31.5381742Z  * [new branch]          archive/cleanup-20261002/codex/4231-sdk-external-body-execution -> origin/archive/cleanup-20261002/codex/4231-sdk-external-body-execution
2026-10-08T22:00:31.5382880Z  * [new branch]          archive/cleanup-20261002/codex/4231-semantic-workspace-readiness -> origin/archive/cleanup-20261002/codex/4231-semantic-workspace-readiness
2026-10-08T22:00:31.5383963Z  * [new branch]          archive/cleanup-20261002/codex/4231-std-patchbay-adapter -> origin/archive/cleanup-20261002/codex/4231-std-patchbay-adapter
2026-10-08T22:00:31.5385174Z  * [new branch]          archive/cleanup-20261002/codex/4231-tour-form-ownership-rebuild -> origin/archive/cleanup-20261002/codex/4231-tour-form-ownership-rebuild
2026-10-08T22:00:31.5386344Z  * [new branch]          archive/cleanup-20261002/codex/4231-tutorial-form-ownership-rebuild -> origin/archive/cleanup-20261002/codex/4231-tutorial-form-ownership-rebuild
2026-10-08T22:00:31.5387385Z  * [new branch]          archive/cleanup-20261002/codex/4231-webrtc-assets -> origin/archive/cleanup-20261002/codex/4231-webrtc-assets
2026-10-08T22:00:31.5388373Z  * [new branch]          archive/cleanup-20261002/codex/4231-workbench-host-contract -> origin/archive/cleanup-20261002/codex/4231-workbench-host-contract
2026-10-08T22:00:31.5389387Z  * [new branch]          archive/cleanup-20261002/codex/4335-fixed-arity-glyphs -> origin/archive/cleanup-20261002/codex/4335-fixed-arity-glyphs
2026-10-08T22:00:31.5390356Z  * [new branch]          archive/cleanup-20261002/codex/4341-host-install-plan -> origin/archive/cleanup-20261002/codex/4341-host-install-plan
2026-10-08T22:00:31.5391298Z  * [new branch]          archive/cleanup-20261002/codex/4381-rust-bindings -> origin/archive/cleanup-20261002/codex/4381-rust-bindings
2026-10-08T22:00:31.5392248Z  * [new branch]          archive/cleanup-20261002/codex/4382-audio-tone-terminal -> origin/archive/cleanup-20261002/codex/4382-audio-tone-terminal
2026-10-08T22:00:31.5393263Z  * [new branch]          archive/cleanup-20261002/codex/4382-consolidated-followup -> origin/archive/cleanup-20261002/codex/4382-consolidated-followup
2026-10-08T22:00:31.5394225Z  * [new branch]          archive/cleanup-20261002/codex/4382-finance-types -> origin/archive/cleanup-20261002/codex/4382-finance-types
2026-10-08T22:00:31.5395408Z  * [new branch]          archive/cleanup-20261002/codex/4382-language-offset -> origin/archive/cleanup-20261002/codex/4382-language-offset
2026-10-08T22:00:31.5396396Z  * [new branch]          archive/cleanup-20261002/codex/4382-portable-variants-2 -> origin/archive/cleanup-20261002/codex/4382-portable-variants-2
2026-10-08T22:00:31.5397526Z  * [new branch]          archive/cleanup-20261002/codex/4383-sugar-inspection -> origin/archive/cleanup-20261002/codex/4383-sugar-inspection
2026-10-08T22:00:31.5398501Z  * [new branch]          archive/cleanup-20261002/codex/4399-bounded-activation -> origin/archive/cleanup-20261002/codex/4399-bounded-activation
2026-10-08T22:00:31.5399520Z  * [new branch]          archive/cleanup-20261002/codex/4399-exact-terminal-contract -> origin/archive/cleanup-20261002/codex/4399-exact-terminal-contract
2026-10-08T22:00:31.5400513Z  * [new branch]          archive/cleanup-20261002/codex/4484-quiescence-mark -> origin/archive/cleanup-20261002/codex/4484-quiescence-mark
2026-10-08T22:00:31.5401453Z  * [new branch]          archive/cleanup-20261002/codex/4639-proof-arithmetic -> origin/archive/cleanup-20261002/codex/4639-proof-arithmetic
2026-10-08T22:00:31.5402583Z  * [new branch]          archive/cleanup-20261002/codex/accidental-4103-preservation -> origin/archive/cleanup-20261002/codex/accidental-4103-preservation
2026-10-08T22:00:31.5403706Z  * [new branch]          archive/cleanup-20261002/codex/archive-4115-parallel-mask-graph -> origin/archive/cleanup-20261002/codex/archive-4115-parallel-mask-graph
2026-10-08T22:00:31.5404736Z  * [new branch]          archive/cleanup-20261002/codex/b-relay-integration -> origin/archive/cleanup-20261002/codex/b-relay-integration
2026-10-08T22:00:31.5405891Z  * [new branch]          archive/cleanup-20261002/codex/ci-browser-artifact-shards -> origin/archive/cleanup-20261002/codex/ci-browser-artifact-shards
2026-10-08T22:00:31.5406923Z  * [new branch]          archive/cleanup-20261002/codex/ci-browser-runtime-upload -> origin/archive/cleanup-20261002/codex/ci-browser-runtime-upload
2026-10-08T22:00:31.5407932Z  * [new branch]          archive/cleanup-20261002/codex/ci-pages-prefix-cleanup -> origin/archive/cleanup-20261002/codex/ci-pages-prefix-cleanup
2026-10-08T22:00:31.5408926Z  * [new branch]          archive/cleanup-20261002/codex/ci-relay-terminal-race -> origin/archive/cleanup-20261002/codex/ci-relay-terminal-race
2026-10-08T22:00:31.5409924Z  * [new branch]          archive/cleanup-20261002/codex/ci-test-only-face-impact -> origin/archive/cleanup-20261002/codex/ci-test-only-face-impact
2026-10-08T22:00:31.5411013Z  * [new branch]          archive/cleanup-20261002/codex/delete-application-view-face-seam -> origin/archive/cleanup-20261002/codex/delete-application-view-face-seam
2026-10-08T22:00:31.5412117Z  * [new branch]          archive/cleanup-20261002/codex/dev-feature-warning-cleanup -> origin/archive/cleanup-20261002/codex/dev-feature-warning-cleanup
2026-10-08T22:00:31.5413214Z  * [new branch]          archive/cleanup-20261002/codex/disable-release-liveness-issues -> origin/archive/cleanup-20261002/codex/disable-release-liveness-issues
2026-10-08T22:00:31.5414296Z  * [new branch]          archive/cleanup-20261002/codex/finite-lifetime-integrated -> origin/archive/cleanup-20261002/codex/finite-lifetime-integrated
2026-10-08T22:00:31.5415371Z  * [new branch]          archive/cleanup-20261002/codex/form-diagram -> origin/archive/cleanup-20261002/codex/form-diagram
2026-10-08T22:00:31.5416248Z  * [new branch]          archive/cleanup-20261002/codex/form-diagram-details -> origin/archive/cleanup-20261002/codex/form-diagram-details
2026-10-08T22:00:31.5417221Z  * [new branch]          archive/cleanup-20261002/codex/form-diagram-orthogonal -> origin/archive/cleanup-20261002/codex/form-diagram-orthogonal
2026-10-08T22:00:31.5418245Z  * [new branch]          archive/cleanup-20261002/codex/form-diagram-port-hierarchy -> origin/archive/cleanup-20261002/codex/form-diagram-port-hierarchy
2026-10-08T22:00:31.5419226Z  * [new branch]          archive/cleanup-20261002/codex/native-planned-line -> origin/archive/cleanup-20261002/codex/native-planned-line
2026-10-08T22:00:31.5420212Z  * [new branch]          archive/cleanup-20261002/codex/owner-browser-participants -> origin/archive/cleanup-20261002/codex/owner-browser-participants
2026-10-08T22:00:31.5421465Z  * [new branch]          archive/cleanup-20261002/codex/release-finalizer-journey-policy -> origin/archive/cleanup-20261002/codex/release-finalizer-journey-policy
2026-10-08T22:00:31.5422664Z  * [new branch]          archive/cleanup-20261002/codex/remove-obsolete-biography-compaction -> origin/archive/cleanup-20261002/codex/remove-obsolete-biography-compaction
2026-10-08T22:00:31.5423789Z  * [new branch]          archive/cleanup-20261002/codex/repair-esp32-locks-minimal -> origin/archive/cleanup-20261002/codex/repair-esp32-locks-minimal
2026-10-08T22:00:31.5425160Z  * [new branch]          archive/cleanup-20261002/codex/repair-esp32-standalone-locks -> origin/archive/cleanup-20261002/codex/repair-esp32-standalone-locks
2026-10-08T22:00:31.5426243Z  * [new branch]          archive/cleanup-20261002/codex/retire-book-compat -> origin/archive/cleanup-20261002/codex/retire-book-compat
2026-10-08T22:00:31.5427374Z  * [new branch]          archive/cleanup-20261002/codex/simplify-browser-check -> origin/archive/cleanup-20261002/codex/simplify-browser-check
2026-10-08T22:00:31.5428416Z  * [new branch]          archive/cleanup-20261002/codex/three-bodies-contract-repair -> origin/archive/cleanup-20261002/codex/three-bodies-contract-repair
2026-10-08T22:00:31.5429504Z  * [new branch]          archive/cleanup-20261002/codex/three-bodies-mask-integration -> origin/archive/cleanup-20261002/codex/three-bodies-mask-integration
2026-10-08T22:00:31.5430792Z  * [new branch]          archive/cleanup-20261002/codex/three-bodies-mask-integration-pre-restack-20260927 -> origin/archive/cleanup-20261002/codex/three-bodies-mask-integration-pre-restack-20260927
2026-10-08T22:00:31.5432150Z  * [new branch]          archive/cleanup-20261002/codex/three-bodies-mask-integration-restacked -> origin/archive/cleanup-20261002/codex/three-bodies-mask-integration-restacked
2026-10-08T22:00:31.5433305Z  * [new branch]          archive/cleanup-20261002/codex/three-bodies-mask-journey -> origin/archive/cleanup-20261002/codex/three-bodies-mask-journey
2026-10-08T22:00:31.5434284Z  * [new branch]          archive/cleanup-20261002/codex/user-operated-relay -> origin/archive/cleanup-20261002/codex/user-operated-relay
2026-10-08T22:00:31.5435596Z  * [new branch]          archive/cleanup-20261002/wip/conduit-4055-package-graph -> origin/archive/cleanup-20261002/wip/conduit-4055-package-graph
2026-10-08T22:00:31.5436675Z  * [new branch]          archive/cleanup-20261002/wip/conduit-4231-tour-form-ownership -> origin/archive/cleanup-20261002/wip/conduit-4231-tour-form-ownership
2026-10-08T22:00:31.5437661Z  * [new branch]          archive/cleanup-20261002/wip/conduit-ci-wiring -> origin/archive/cleanup-20261002/wip/conduit-ci-wiring
2026-10-08T22:00:31.5438599Z  * [new branch]          archive/recovery-20261006/conduit-5131-std-observation -> origin/archive/recovery-20261006/conduit-5131-std-observation
2026-10-08T22:00:31.5439624Z  * [new branch]          archive/recovery-20261006/conduit-5132-browser-monotonic -> origin/archive/recovery-20261006/conduit-5132-browser-monotonic
2026-10-08T22:00:31.5440609Z  * [new branch]          archive/recovery-20261006/conduit-5132-civil-bridge -> origin/archive/recovery-20261006/conduit-5132-civil-bridge
2026-10-08T22:00:31.5441612Z  * [new branch]          archive/recovery-20261006/conduit-5132-conduitos-monotonic -> origin/archive/recovery-20261006/conduit-5132-conduitos-monotonic
2026-10-08T22:00:31.5442621Z  * [new branch]          archive/recovery-20261006/conduit-5132-plan-quality -> origin/archive/recovery-20261006/conduit-5132-plan-quality
2026-10-08T22:00:31.5443744Z  * [new branch]          archive/recovery-20261006/heads/conduit-4807-audio-gate-eae9af1b0d7d -> origin/archive/recovery-20261006/heads/conduit-4807-audio-gate-eae9af1b0d7d
2026-10-08T22:00:31.5445152Z  * [new branch]          archive/recovery-20261006/heads/conduit-4807-host-loss-recovery-f4eb5585f345 -> origin/archive/recovery-20261006/heads/conduit-4807-host-loss-recovery-f4eb5585f345
2026-10-08T22:00:31.5446612Z  * [new branch]          archive/recovery-20261006/heads/conduit-4807-journey-page-b4a67fddab85 -> origin/archive/recovery-20261006/heads/conduit-4807-journey-page-b4a67fddab85
2026-10-08T22:00:31.5447881Z  * [new branch]          archive/recovery-20261006/heads/conduit-4807-same-play-linux-590bbe0a3000 -> origin/archive/recovery-20261006/heads/conduit-4807-same-play-linux-590bbe0a3000
2026-10-08T22:00:31.5449209Z  * [new branch]          archive/recovery-20261006/heads/conduit-4807-spoken-model-budget-5d9341a7844a -> origin/archive/recovery-20261006/heads/conduit-4807-spoken-model-budget-5d9341a7844a
2026-10-08T22:00:31.5450572Z  * [new branch]          archive/recovery-20261006/heads/conduit-browser-interaction-line-b381fad014ff -> origin/archive/recovery-20261006/heads/conduit-browser-interaction-line-b381fad014ff
2026-10-08T22:00:31.5452005Z  * [new branch]          archive/recovery-20261006/heads/conduit-browser-proof-entrance-repair-642de6a88cbd -> origin/archive/recovery-20261006/heads/conduit-browser-proof-entrance-repair-642de6a88cbd
2026-10-08T22:00:31.5453609Z  * [new branch]          archive/recovery-20261006/heads/conduit-current-view-spoken-navigation-6a105d558eb3 -> origin/archive/recovery-20261006/heads/conduit-current-view-spoken-navigation-6a105d558eb3
2026-10-08T22:00:31.5455219Z  * [new branch]          archive/recovery-20261006/heads/conduit-face-plain-language-740cd0fa5a33 -> origin/archive/recovery-20261006/heads/conduit-face-plain-language-740cd0fa5a33
2026-10-08T22:00:31.5456523Z  * [new branch]          archive/recovery-20261006/heads/conduit-journey-publication-60b8af5d843d -> origin/archive/recovery-20261006/heads/conduit-journey-publication-60b8af5d843d
2026-10-08T22:00:31.5457827Z  * [new branch]          archive/recovery-20261006/heads/conduit-mechanical-spoken-face-7f4231508bc4 -> origin/archive/recovery-20261006/heads/conduit-mechanical-spoken-face-7f4231508bc4
2026-10-08T22:00:31.5459179Z  * [new branch]          archive/recovery-20261006/heads/conduit-model-route-restoration-6f5b4819e2d8 -> origin/archive/recovery-20261006/heads/conduit-model-route-restoration-6f5b4819e2d8
2026-10-08T22:00:31.5460606Z  * [new branch]          archive/recovery-20261006/heads/conduit-native-face-graphical-richness-670f598f4eeb -> origin/archive/recovery-20261006/heads/conduit-native-face-graphical-richness-670f598f4eeb
2026-10-08T22:00:31.5462069Z  * [new branch]          archive/recovery-20261006/heads/conduit-native-face-mask-integration-5df58d0415ed -> origin/archive/recovery-20261006/heads/conduit-native-face-mask-integration-5df58d0415ed
2026-10-08T22:00:31.5463438Z  * [new branch]          archive/recovery-20261006/heads/conduit-native-face-snapshot-61a52673d1dc -> origin/archive/recovery-20261006/heads/conduit-native-face-snapshot-61a52673d1dc
2026-10-08T22:00:31.5464772Z  * [new branch]          archive/recovery-20261006/heads/conduit-native-face-tui-richness-727913ceb04a -> origin/archive/recovery-20261006/heads/conduit-native-face-tui-richness-727913ceb04a
2026-10-08T22:00:31.5466400Z  * [new branch]          archive/recovery-20261006/heads/conduit-native-planned-line-b94754cdda55 -> origin/archive/recovery-20261006/heads/conduit-native-planned-line-b94754cdda55
2026-10-08T22:00:31.5467757Z  * [new branch]          archive/recovery-20261006/heads/conduit-native-postbirth-face-mask-4e52baacabb1 -> origin/archive/recovery-20261006/heads/conduit-native-postbirth-face-mask-4e52baacabb1
2026-10-08T22:00:31.5469118Z  * [new branch]          archive/recovery-20261006/heads/conduit-owner-wardrobe-routes-771bc7cd9326 -> origin/archive/recovery-20261006/heads/conduit-owner-wardrobe-routes-771bc7cd9326
2026-10-08T22:00:31.5470472Z  * [new branch]          archive/recovery-20261006/heads/conduit-proof-combined-owner-face-0adf69a52307 -> origin/archive/recovery-20261006/heads/conduit-proof-combined-owner-face-0adf69a52307
2026-10-08T22:00:31.5471881Z  * [new branch]          archive/recovery-20261006/heads/conduit-proof-three-host-owner-face-30e45f6aeb65 -> origin/archive/recovery-20261006/heads/conduit-proof-three-host-owner-face-30e45f6aeb65
2026-10-08T22:00:31.5473416Z  * [new branch]          archive/recovery-20261006/heads/conduit-provisional-owner-route-da74fde0bad5 -> origin/archive/recovery-20261006/heads/conduit-provisional-owner-route-da74fde0bad5
2026-10-08T22:00:31.5475091Z  * [new branch]          archive/recovery-20261006/heads/conduit-provisional-owner-route-member-53c7fc4a19a3 -> origin/archive/recovery-20261006/heads/conduit-provisional-owner-route-member-53c7fc4a19a3
2026-10-08T22:00:31.5476689Z  * [new branch]          archive/recovery-20261006/heads/conduit-provisional-owner-route-tls-6bb71662e4fe -> origin/archive/recovery-20261006/heads/conduit-provisional-owner-route-tls-6bb71662e4fe
2026-10-08T22:00:31.5478032Z  * [new branch]          archive/recovery-20261006/heads/conduit-qemu-audio-capture-05fe631d3394 -> origin/archive/recovery-20261006/heads/conduit-qemu-audio-capture-05fe631d3394
2026-10-08T22:00:31.5479517Z  * [new branch]          archive/recovery-20261006/heads/conduit-readable-terminal-capture-3c2865efc3a3 -> origin/archive/recovery-20261006/heads/conduit-readable-terminal-capture-3c2865efc3a3
2026-10-08T22:00:31.5480865Z  * [new branch]          archive/recovery-20261006/heads/conduit-real-owner-provision-51fd34ab3bd5 -> origin/archive/recovery-20261006/heads/conduit-real-owner-provision-51fd34ab3bd5
2026-10-08T22:00:31.5482130Z  * [new branch]          archive/recovery-20261006/heads/conduit-screen-free-lull-bc7afc639bf1 -> origin/archive/recovery-20261006/heads/conduit-screen-free-lull-bc7afc639bf1
2026-10-08T22:00:31.5483476Z  * [new branch]          archive/recovery-20261006/heads/conduit-selected-speech-browser-proof-20aa799b8819 -> origin/archive/recovery-20261006/heads/conduit-selected-speech-browser-proof-20aa799b8819
2026-10-08T22:00:31.5485098Z  * [new branch]          archive/recovery-20261006/heads/conduit-sequential-external-fore-speech-2301190eff99 -> origin/archive/recovery-20261006/heads/conduit-sequential-external-fore-speech-2301190eff99
2026-10-08T22:00:31.5486587Z  * [new branch]          archive/recovery-20261006/heads/conduit-spoken-face-stream-execution-9727d65c25a3 -> origin/archive/recovery-20261006/heads/conduit-spoken-face-stream-execution-9727d65c25a3
2026-10-08T22:00:31.5487982Z  * [new branch]          archive/recovery-20261006/heads/conduit-terminal-mask-execution-79b95ad06bad -> origin/archive/recovery-20261006/heads/conduit-terminal-mask-execution-79b95ad06bad
2026-10-08T22:00:31.5489260Z  * [new branch]          archive/recovery-20261006/heads/conduit-three-host-llm-f7bac1d0cba4 -> origin/archive/recovery-20261006/heads/conduit-three-host-llm-f7bac1d0cba4
2026-10-08T22:00:31.5490373Z  * [new branch]          archive/recovery-20261006/wip/conduit-4055-package-graph -> origin/archive/recovery-20261006/wip/conduit-4055-package-graph
2026-10-08T22:00:31.5491450Z  * [new branch]          archive/recovery-20261006/wip/conduit-4231-tour-form-ownership -> origin/archive/recovery-20261006/wip/conduit-4231-tour-form-ownership
2026-10-08T22:00:31.5492455Z  * [new branch]          archive/recovery-20261006/wip/conduit-ci-wiring -> origin/archive/recovery-20261006/wip/conduit-ci-wiring
2026-10-08T22:00:31.5493438Z  * [new branch]          archive/recovery-20261006/wip/conduit-native-owner-wardrobe -> origin/archive/recovery-20261006/wip/conduit-native-owner-wardrobe
2026-10-08T22:00:31.5494508Z  * [new branch]          archive/recovery-20261006/wip/conduit-owner-speech-service -> origin/archive/recovery-20261006/wip/conduit-owner-speech-service
2026-10-08T22:00:31.5495581Z  * [new branch]          archive/stopping-20261008/4055-package-graph -> origin/archive/stopping-20261008/4055-package-graph
2026-10-08T22:00:31.5496464Z  * [new branch]          archive/stopping-20261008/4231-tour-form-ownership -> origin/archive/stopping-20261008/4231-tour-form-ownership
2026-10-08T22:00:31.5497374Z  * [new branch]          archive/stopping-20261008/4807-combined-fixture -> origin/archive/stopping-20261008/4807-combined-fixture
2026-10-08T22:00:31.5498179Z  * [new branch]          archive/stopping-20261008/4907-asr -> origin/archive/stopping-20261008/4907-asr
2026-10-08T22:00:31.5499111Z  * [new branch]          archive/stopping-20261008/4907-decode-accounting -> origin/archive/stopping-20261008/4907-decode-accounting
2026-10-08T22:00:31.5500079Z  * [new branch]          archive/stopping-20261008/4907-foundation-browser-proof -> origin/archive/stopping-20261008/4907-foundation-browser-proof
2026-10-08T22:00:31.5500985Z  * [new branch]          archive/stopping-20261008/4907-incremental -> origin/archive/stopping-20261008/4907-incremental
2026-10-08T22:00:31.5501750Z  * [new branch]          archive/stopping-20261008/4907-joint -> origin/archive/stopping-20261008/4907-joint
2026-10-08T22:00:31.5502556Z  * [new branch]          archive/stopping-20261008/4907-native-admission -> origin/archive/stopping-20261008/4907-native-admission
2026-10-08T22:00:31.5503359Z  * [new branch]          archive/stopping-20261008/4907-parser -> origin/archive/stopping-20261008/4907-parser
2026-10-08T22:00:31.5504303Z  * [new branch]          archive/stopping-20261008/4907-production-custody -> origin/archive/stopping-20261008/4907-production-custody
2026-10-08T22:00:31.5505424Z  * [new branch]          archive/stopping-20261008/4907-text-material -> origin/archive/stopping-20261008/4907-text-material
2026-10-08T22:00:31.5506221Z  * [new branch]          archive/stopping-20261008/4907-window8 -> origin/archive/stopping-20261008/4907-window8
2026-10-08T22:00:31.5507022Z  * [new branch]          archive/stopping-20261008/5131-std-observation -> origin/archive/stopping-20261008/5131-std-observation
2026-10-08T22:00:31.5507904Z  * [new branch]          archive/stopping-20261008/5132-browser-monotonic -> origin/archive/stopping-20261008/5132-browser-monotonic
2026-10-08T22:00:31.5508763Z  * [new branch]          archive/stopping-20261008/5132-civil-bridge -> origin/archive/stopping-20261008/5132-civil-bridge
2026-10-08T22:00:31.5509637Z  * [new branch]          archive/stopping-20261008/5132-conduitos-monotonic -> origin/archive/stopping-20261008/5132-conduitos-monotonic
2026-10-08T22:00:31.5510510Z  * [new branch]          archive/stopping-20261008/5132-plan-quality -> origin/archive/stopping-20261008/5132-plan-quality
2026-10-08T22:00:31.5511266Z  * [new branch]          archive/stopping-20261008/ci-wiring -> origin/archive/stopping-20261008/ci-wiring
2026-10-08T22:00:31.5512065Z  * [new branch]          archive/stopping-20261008/native-owner-wardrobe -> origin/archive/stopping-20261008/native-owner-wardrobe
2026-10-08T22:00:31.5512951Z  * [new branch]          archive/stopping-20261008/owner-speech-service -> origin/archive/stopping-20261008/owner-speech-service
2026-10-08T22:00:31.5513785Z  * [new branch]          backup/2026-10-06-4831-ordinary-hid-input -> origin/backup/2026-10-06-4831-ordinary-hid-input
2026-10-08T22:00:31.5514510Z  * [new branch]          backup/2026-10-06-dirty-1-conduit -> origin/backup/2026-10-06-dirty-1-conduit
2026-10-08T22:00:31.5515481Z  * [new branch]          backup/2026-10-06-dirty-2-c302 -> origin/backup/2026-10-06-dirty-2-c302
2026-10-08T22:00:31.5516257Z  * [new branch]          backup/2026-10-06-dirty-4-conduit-4231-complete -> origin/backup/2026-10-06-dirty-4-conduit-4231-complete
2026-10-08T22:00:31.5517083Z  * [new branch]          backup/2026-10-06-usb-device-decode-wip -> origin/backup/2026-10-06-usb-device-decode-wip
2026-10-08T22:00:31.5517743Z  * [new branch]          backup/4103-pre-rebuild     -> origin/backup/4103-pre-rebuild
2026-10-08T22:00:31.5518359Z  * [new branch]          codex/4231-tour-form-ownership -> origin/codex/4231-tour-form-ownership
2026-10-08T22:00:31.5519020Z  * [new branch]          codex/4807-birth-same-play-audio -> origin/codex/4807-birth-same-play-audio
2026-10-08T22:00:31.5519692Z  * [new branch]          codex/4807-browser-timer-package -> origin/codex/4807-browser-timer-package
2026-10-08T22:00:31.5520324Z  * [new branch]          codex/4807-complete-carrier -> origin/codex/4807-complete-carrier
2026-10-08T22:00:31.5520916Z  * [new branch]          codex/4807-live-walkthrough -> origin/codex/4807-live-walkthrough
2026-10-08T22:00:31.5521682Z  * [new branch]          codex/4807-model-route-lifecycle -> origin/codex/4807-model-route-lifecycle
2026-10-08T22:00:31.5522381Z  * [new branch]          codex/4807-partial-site-acceptance -> origin/codex/4807-partial-site-acceptance
2026-10-08T22:00:31.5523051Z  * [new branch]          codex/4807-producer-receipts -> origin/codex/4807-producer-receipts
2026-10-08T22:00:31.5523710Z  * [new branch]          codex/4807-readable-retained-page -> origin/codex/4807-readable-retained-page
2026-10-08T22:00:31.5524360Z  * [new branch]          codex/4807-renderer-contract -> origin/codex/4807-renderer-contract
2026-10-08T22:00:31.5525245Z  * [new branch]          codex/4807-retained-development-publication -> origin/codex/4807-retained-development-publication
2026-10-08T22:00:31.5526048Z  * [new branch]          codex/4807-retained-site-navigation -> origin/codex/4807-retained-site-navigation
2026-10-08T22:00:31.5526917Z  * [new branch]          codex/4807-screen-free-owner-wardrobe -> origin/codex/4807-screen-free-owner-wardrobe
2026-10-08T22:00:31.5527713Z  * [new branch]          codex/4807-screen-free-proof-continuation -> origin/codex/4807-screen-free-proof-continuation
2026-10-08T22:00:31.5528569Z  * [new branch]          codex/4807-screen-free-wardrobe-continuation -> origin/codex/4807-screen-free-wardrobe-continuation
2026-10-08T22:00:31.5529325Z  * [new branch]          codex/4807-spoken-play-sequence -> origin/codex/4807-spoken-play-sequence
2026-10-08T22:00:31.5529993Z  * [new branch]          codex/4807-terminal-owner-replan -> origin/codex/4807-terminal-owner-replan
2026-10-08T22:00:31.5530673Z  * [new branch]          codex/4898-coherent-public-driver -> origin/codex/4898-coherent-public-driver
2026-10-08T22:00:31.5531313Z  * [new branch]          codex/4898-common-greeting  -> origin/codex/4898-common-greeting
2026-10-08T22:00:31.5531898Z  * [new branch]          codex/4898-feature-stream   -> origin/codex/4898-feature-stream
2026-10-08T22:00:31.5532468Z  * [new branch]          codex/4898-fixed-neural     -> origin/codex/4898-fixed-neural
2026-10-08T22:00:31.5533081Z  * [new branch]          codex/4898-numeric-conditioning -> origin/codex/4898-numeric-conditioning
2026-10-08T22:00:31.5533707Z  * [new branch]          codex/4898-pair-storage     -> origin/codex/4898-pair-storage
2026-10-08T22:00:31.5534254Z  * [new branch]          codex/4898-topology         -> origin/codex/4898-topology
2026-10-08T22:00:31.5534946Z  * [new branch]          codex/4907-decode-accounting -> origin/codex/4907-decode-accounting
2026-10-08T22:00:31.5535646Z  * [new branch]          codex/4907-discourse        -> origin/codex/4907-discourse
2026-10-08T22:00:31.5536241Z  * [new branch]          codex/4907-evaluation-identity -> origin/codex/4907-evaluation-identity
2026-10-08T22:00:31.5536839Z  * [new branch]          codex/4907-incremental      -> origin/codex/4907-incremental
2026-10-08T22:00:31.5537386Z  * [new branch]          codex/4907-joint            -> origin/codex/4907-joint
2026-10-08T22:00:31.5537970Z  * [new branch]          codex/4907-learned-integration -> origin/codex/4907-learned-integration
2026-10-08T22:00:31.5538547Z  * [new branch]          codex/4907-lexical          -> origin/codex/4907-lexical
2026-10-08T22:00:31.5539098Z  * [new branch]          codex/4907-native-admission -> origin/codex/4907-native-admission
2026-10-08T22:00:31.5539698Z  * [new branch]          codex/4907-native-evaluation -> origin/codex/4907-native-evaluation
2026-10-08T22:00:31.5540280Z  * [new branch]          codex/4907-native-reuse     -> origin/codex/4907-native-reuse
2026-10-08T22:00:31.5540815Z  * [new branch]          codex/4907-parser           -> origin/codex/4907-parser
2026-10-08T22:00:31.5541369Z  * [new branch]          codex/4907-pitch-trajectory -> origin/codex/4907-pitch-trajectory
2026-10-08T22:00:31.5541929Z  * [new branch]          codex/4907-playback         -> origin/codex/4907-playback
2026-10-08T22:00:31.5542492Z  * [new branch]          codex/4907-playback-proof   -> origin/codex/4907-playback-proof
2026-10-08T22:00:31.5543288Z  * [new branch]          codex/4907-production-custody -> origin/codex/4907-production-custody
2026-10-08T22:00:31.5543901Z  * [new branch]          codex/4907-pronunciation    -> origin/codex/4907-pronunciation
2026-10-08T22:00:31.5544448Z  * [new branch]          codex/4907-prosody          -> origin/codex/4907-prosody
2026-10-08T22:00:31.5545131Z  * [new branch]          codex/4907-scorer           -> origin/codex/4907-scorer
2026-10-08T22:00:31.5545693Z  * [new branch]          codex/4907-speech-coverage  -> origin/codex/4907-speech-coverage
2026-10-08T22:00:31.5546247Z  * [new branch]          codex/4907-window8          -> origin/codex/4907-window8
2026-10-08T22:00:31.5546775Z  * [new branch]          codex/5111-live-proof       -> origin/codex/5111-live-proof
2026-10-08T22:00:31.5547351Z  * [new branch]          codex/5113-pause-checkpoint -> origin/codex/5113-pause-checkpoint
2026-10-08T22:00:31.5548215Z  * [new branch]          codex/5113-paused-aarch64-checkpoint -> origin/codex/5113-paused-aarch64-checkpoint
2026-10-08T22:00:31.5549027Z  * [new branch]          codex/5113-repair-birth-publication-fixture -> origin/codex/5113-repair-birth-publication-fixture
2026-10-08T22:00:31.5549764Z  * [new branch]          codex/5183-numeric-foundation -> origin/codex/5183-numeric-foundation
2026-10-08T22:00:31.5550405Z  * [new branch]          codex/5196-revision-foundation -> origin/codex/5196-revision-foundation
2026-10-08T22:00:31.5551030Z  * [new branch]          codex/5201-biography-archive -> origin/codex/5201-biography-archive
2026-10-08T22:00:31.5551639Z  * [new branch]          codex/5201-live-todo-journey -> origin/codex/5201-live-todo-journey
2026-10-08T22:00:31.5552308Z  * [new branch]          codex/5201-native-return-live-proof -> origin/codex/5201-native-return-live-proof
2026-10-08T22:00:31.5552990Z  * [new branch]          codex/5201-native-return-route -> origin/codex/5201-native-return-route
2026-10-08T22:00:31.5553607Z  * [new branch]          codex/5201-native-todo-qmp  -> origin/codex/5201-native-todo-qmp
2026-10-08T22:00:31.5554181Z  * [new branch]          codex/5201-todo-browser     -> origin/codex/5201-todo-browser
2026-10-08T22:00:31.5555043Z  * [new branch]          codex/5201-todo-face-bindings-experiment -> origin/codex/5201-todo-face-bindings-experiment
2026-10-08T22:00:31.5555969Z  * [new branch]          codex/5201-todo-fresh-producer -> origin/codex/5201-todo-fresh-producer
2026-10-08T22:00:31.5556588Z  * [new branch]          codex/5201-todo-integrated  -> origin/codex/5201-todo-integrated
2026-10-08T22:00:31.5557151Z  * [new branch]          codex/5201-todo-kernel      -> origin/codex/5201-todo-kernel
2026-10-08T22:00:31.5557733Z  * [new branch]          codex/5201-todo-live-producer -> origin/codex/5201-todo-live-producer
2026-10-08T22:00:31.5558338Z  * [new branch]          codex/5201-todo-next-action -> origin/codex/5201-todo-next-action
2026-10-08T22:00:31.5558957Z  * [new branch]          codex/5201-todo-read-encounter -> origin/codex/5201-todo-read-encounter
2026-10-08T22:00:31.5559594Z  * [new branch]          codex/5201-todo-write-receipt -> origin/codex/5201-todo-write-receipt
2026-10-08T22:00:31.5560309Z  * [new branch]          codex/5205-5207-conduitvoice-docs-first -> origin/codex/5205-5207-conduitvoice-docs-first
2026-10-08T22:00:31.5560979Z  * [new branch]          codex/5212-common-intent    -> origin/codex/5212-common-intent
2026-10-08T22:00:31.5561554Z  * [new branch]          codex/5216-audio-foundation -> origin/codex/5216-audio-foundation
2026-10-08T22:00:31.5562139Z  * [new branch]          codex/5216-audio-quantities -> origin/codex/5216-audio-quantities
2026-10-08T22:00:31.5562739Z  * [new branch]          codex/5260-canonical-ipa-ir -> origin/codex/5260-canonical-ipa-ir
2026-10-08T22:00:31.5563307Z  * [new branch]          codex/5264-todo-core        -> origin/codex/5264-todo-core
2026-10-08T22:00:31.5563870Z  * [new branch]          codex/5265-todo-continuity  -> origin/codex/5265-todo-continuity
2026-10-08T22:00:31.5564603Z  * [new branch]          codex/5266-speech-selection -> origin/codex/5266-speech-selection
2026-10-08T22:00:31.5565396Z  * [new branch]          codex/5269-ticker-presentation -> origin/codex/5269-ticker-presentation
2026-10-08T22:00:31.5565993Z  * [new branch]          codex/5300-fresh-boot       -> origin/codex/5300-fresh-boot
2026-10-08T22:00:31.5566618Z  * [new branch]          codex/burn-durable-corpus-cursor -> origin/codex/burn-durable-corpus-cursor
2026-10-08T22:00:31.5567358Z  * [new branch]          codex/integer-categorical-foundation -> origin/codex/integer-categorical-foundation
2026-10-08T22:00:31.5568053Z  * [new branch]          codex/portable-foundations  -> origin/codex/portable-foundations
2026-10-08T22:00:31.5568727Z  * [new branch]          codex/portable-foundations-omnibus -> origin/codex/portable-foundations-omnibus
2026-10-08T22:00:31.5569575Z  * [new branch]          codex/portable-foundations-probe -> origin/codex/portable-foundations-probe
2026-10-08T22:00:31.5570212Z  * [new branch]          codex/todo-direct-opening   -> origin/codex/todo-direct-opening
2026-10-08T22:00:31.5570817Z  * [new branch]          codex/todo-model-checkpoint -> origin/codex/todo-model-checkpoint
2026-10-08T22:00:31.5571399Z  * [new branch]          codex/todo-spoken-play      -> origin/codex/todo-spoken-play
2026-10-08T22:00:31.5572024Z  * [new branch]          conduit-visual-evidence-history -> origin/conduit-visual-evidence-history
2026-10-08T22:00:31.5572771Z  * [new branch]          copilot/check-distance-frequency-form -> origin/copilot/check-distance-frequency-form
2026-10-08T22:00:31.5573579Z  * [new branch]          copilot/make-frequency-drive-bounded-pcm -> origin/copilot/make-frequency-drive-bounded-pcm
2026-10-08T22:00:31.5574474Z  * [new branch]          copilot/turn-off-release-liveness-issue-creation -> origin/copilot/turn-off-release-liveness-issue-creation
2026-10-08T22:00:31.5575368Z  * [new branch]          dev                         -> origin/dev
2026-10-08T22:00:31.5575866Z  * [new branch]          gh-pages                    -> origin/gh-pages
2026-10-08T22:00:31.5576335Z  * [new branch]          main                        -> origin/main
2026-10-08T22:00:31.5577025Z  * [new branch]          recovery/4907-custody-reprioritization-20261008 -> origin/recovery/4907-custody-reprioritization-20261008
2026-10-08T22:00:31.5577915Z  * [new branch]          recovery/5183-before-numeric-split-20261008 -> origin/recovery/5183-before-numeric-split-20261008
2026-10-08T22:00:31.5578739Z  * [new branch]          recovery/5278-before-audio-split-20261008 -> origin/recovery/5278-before-audio-split-20261008
2026-10-08T22:00:31.5579602Z  * [new branch]          release/01b016fc7c5c0b3acb5f81078edcf2d9a75c158c -> origin/release/01b016fc7c5c0b3acb5f81078edcf2d9a75c158c
2026-10-08T22:00:31.5580499Z  * [new branch]          release/027c4f423223e98ca051693221165d998cebde8f -> origin/release/027c4f423223e98ca051693221165d998cebde8f
2026-10-08T22:00:31.5581388Z  * [new branch]          release/02ecbc0a99672819bbf5810fca973b76bb361068 -> origin/release/02ecbc0a99672819bbf5810fca973b76bb361068
2026-10-08T22:00:31.5582278Z  * [new branch]          release/0e33ad13100b21424fff64086ba687f62fa1eb06 -> origin/release/0e33ad13100b21424fff64086ba687f62fa1eb06
2026-10-08T22:00:31.5583167Z  * [new branch]          release/0eebcc254044a05e6c3427a4844e627dd6c63b07 -> origin/release/0eebcc254044a05e6c3427a4844e627dd6c63b07
2026-10-08T22:00:31.5584053Z  * [new branch]          release/0fea630c0327fe5b14f3d06c83b45c380836a73e -> origin/release/0fea630c0327fe5b14f3d06c83b45c380836a73e
2026-10-08T22:00:31.5585078Z  * [new branch]          release/11cc70175696782b1c22bc0174fc304c6d0d00a8 -> origin/release/11cc70175696782b1c22bc0174fc304c6d0d00a8
2026-10-08T22:00:31.5585963Z  * [new branch]          release/16eb6053e2888ad28015b437e9a37b8cb6be349d -> origin/release/16eb6053e2888ad28015b437e9a37b8cb6be349d
2026-10-08T22:00:31.5586904Z  * [new branch]          release/1876ecccacef607dec6b529a1d0d7bc89bd25a4f -> origin/release/1876ecccacef607dec6b529a1d0d7bc89bd25a4f
2026-10-08T22:00:31.5587938Z  * [new branch]          release/18bd07bb6c1bf460082fffa408d731b4ea57d73f -> origin/release/18bd07bb6c1bf460082fffa408d731b4ea57d73f
2026-10-08T22:00:31.5588845Z  * [new branch]          release/1afb89711f6c618ab50cb1092dc825fa0f2d8c58 -> origin/release/1afb89711f6c618ab50cb1092dc825fa0f2d8c58
2026-10-08T22:00:31.5589727Z  * [new branch]          release/1b4d7bb3b8ff6b972f7477632c8649b4c160a294 -> origin/release/1b4d7bb3b8ff6b972f7477632c8649b4c160a294
2026-10-08T22:00:31.5590611Z  * [new branch]          release/1ec25b49a70a46125c2e7d79f941cbade5ca7b66 -> origin/release/1ec25b49a70a46125c2e7d79f941cbade5ca7b66
2026-10-08T22:00:31.5591496Z  * [new branch]          release/21f21bab09157ce98dde41888d6584032487adda -> origin/release/21f21bab09157ce98dde41888d6584032487adda
2026-10-08T22:00:31.5592508Z  * [new branch]          release/2685a777ecfa52f6607eab35cc7ca6add9df2229 -> origin/release/2685a777ecfa52f6607eab35cc7ca6add9df2229
2026-10-08T22:00:31.5593423Z  * [new branch]          release/2aacaa6bde9ec1aa3e56abb49999df6dec8a78db -> origin/release/2aacaa6bde9ec1aa3e56abb49999df6dec8a78db
2026-10-08T22:00:31.5594327Z  * [new branch]          release/2e39f2eed5131a6b306f84862d371f70225cb3d4 -> origin/release/2e39f2eed5131a6b306f84862d371f70225cb3d4
2026-10-08T22:00:31.5595553Z  * [new branch]          release/2e7d1b4cd1767dab1b5dd78aa2c101c6aa35924d -> origin/release/2e7d1b4cd1767dab1b5dd78aa2c101c6aa35924d
2026-10-08T22:00:31.5596469Z  * [new branch]          release/332b37e2af034f891153a05b577852c8fd5e7882 -> origin/release/332b37e2af034f891153a05b577852c8fd5e7882
2026-10-08T22:00:31.5597346Z  * [new branch]          release/35a6603a39a6e8b812f5ad49166cf8925f97564f -> origin/release/35a6603a39a6e8b812f5ad49166cf8925f97564f
2026-10-08T22:00:31.5598225Z  * [new branch]          release/36d330035fbc01e05225e9559424f5f14fd0c83a -> origin/release/36d330035fbc01e05225e9559424f5f14fd0c83a
2026-10-08T22:00:31.5599125Z  * [new branch]          release/3907fec0c6256eb1dfb1fee045056c044b33decf -> origin/release/3907fec0c6256eb1dfb1fee045056c044b33decf
2026-10-08T22:00:31.5600014Z  * [new branch]          release/391774a5d5bd753c3bb06c575e3a820ec388bf68 -> origin/release/391774a5d5bd753c3bb06c575e3a820ec388bf68
2026-10-08T22:00:31.5600912Z  * [new branch]          release/3be4914d5fca80e81a4ddddccdd0877db87d4931 -> origin/release/3be4914d5fca80e81a4ddddccdd0877db87d4931
2026-10-08T22:00:31.5601806Z  * [new branch]          release/3d01a7591ef1a42d5f9749999e1028bfde90afd3 -> origin/release/3d01a7591ef1a42d5f9749999e1028bfde90afd3
2026-10-08T22:00:31.5602696Z  * [new branch]          release/3d780e728d1cd5fe57c2dc71569dd8e77fefb57e -> origin/release/3d780e728d1cd5fe57c2dc71569dd8e77fefb57e
2026-10-08T22:00:31.5603585Z  * [new branch]          release/3e0c4967bc8e1c5f1d5eee77e68ec0d1f448595f -> origin/release/3e0c4967bc8e1c5f1d5eee77e68ec0d1f448595f
2026-10-08T22:00:31.5604473Z  * [new branch]          release/408410e23ee2225595f1b6ef3b017868a0fffd6f -> origin/release/408410e23ee2225595f1b6ef3b017868a0fffd6f
2026-10-08T22:00:31.5605497Z  * [new branch]          release/40b553c2f12ab0cfa205b3774509ee9ce639db6d -> origin/release/40b553c2f12ab0cfa205b3774509ee9ce639db6d
2026-10-08T22:00:31.5606382Z  * [new branch]          release/42d6c212f9dac742c92025c5fde8c74dfbde4e47 -> origin/release/42d6c212f9dac742c92025c5fde8c74dfbde4e47
2026-10-08T22:00:31.5607271Z  * [new branch]          release/433bcf390e00ee3f4be396106d8d290d0207699f -> origin/release/433bcf390e00ee3f4be396106d8d290d0207699f
2026-10-08T22:00:31.5608160Z  * [new branch]          release/46ab9c2f68bb17c7194ff78b24ee65ba94917d75 -> origin/release/46ab9c2f68bb17c7194ff78b24ee65ba94917d75
2026-10-08T22:00:31.5609042Z  * [new branch]          release/47cae77611c671d4b44460125f3728f99cf73bb6 -> origin/release/47cae77611c671d4b44460125f3728f99cf73bb6
2026-10-08T22:00:31.5609928Z  * [new branch]          release/4881699e4d922e7106678f2eefbade44ec543a1b -> origin/release/4881699e4d922e7106678f2eefbade44ec543a1b
2026-10-08T22:00:31.5610954Z  * [new branch]          release/49f0eb5c4771b285ce2d17161c7dcd05edfb9a40 -> origin/release/49f0eb5c4771b285ce2d17161c7dcd05edfb9a40
2026-10-08T22:00:31.5611848Z  * [new branch]          release/4a204e1fd258a8e11278ff43edb9665ac85570f0 -> origin/release/4a204e1fd258a8e11278ff43edb9665ac85570f0
2026-10-08T22:00:31.5612720Z  * [new branch]          release/51e9884e3f6738ae8d237987e339f3e198f9d738 -> origin/release/51e9884e3f6738ae8d237987e339f3e198f9d738
2026-10-08T22:00:31.5613588Z  * [new branch]          release/52370b257b6188f2f6aba42cd8065489203ef78f -> origin/release/52370b257b6188f2f6aba42cd8065489203ef78f
2026-10-08T22:00:31.5614455Z  * [new branch]          release/56326c9df80f2b424055b0f2a12323d19248c44f -> origin/release/56326c9df80f2b424055b0f2a12323d19248c44f
2026-10-08T22:00:31.5615501Z  * [new branch]          release/575ebf2b909db91d11451420aa830a4e7235d4ac -> origin/release/575ebf2b909db91d11451420aa830a4e7235d4ac
2026-10-08T22:00:31.5616544Z  * [new branch]          release/5b57fa034dffc60cc5fccc99fb3a0bdd92ca831b -> origin/release/5b57fa034dffc60cc5fccc99fb3a0bdd92ca831b
2026-10-08T22:00:31.5617442Z  * [new branch]          release/5be5340248af5e82a4b5d54410f4ef745afdfa7c -> origin/release/5be5340248af5e82a4b5d54410f4ef745afdfa7c
2026-10-08T22:00:31.5618325Z  * [new branch]          release/5ce79086e3ee0ced0fc4b99df150e64890104971 -> origin/release/5ce79086e3ee0ced0fc4b99df150e64890104971
2026-10-08T22:00:31.5619209Z  * [new branch]          release/6183b3c233a80594a50735725cf78d7df650c40c -> origin/release/6183b3c233a80594a50735725cf78d7df650c40c
2026-10-08T22:00:31.5620085Z  * [new branch]          release/61f8a40a173eb785d0bace51b2c90bcf5c1074a1 -> origin/release/61f8a40a173eb785d0bace51b2c90bcf5c1074a1
2026-10-08T22:00:31.5620982Z  * [new branch]          release/6289b3df16bb9b6d42fb83b2e4c5a72ee03d3ee5 -> origin/release/6289b3df16bb9b6d42fb83b2e4c5a72ee03d3ee5
2026-10-08T22:00:31.5621887Z  * [new branch]          release/62fbfacbbf35fd4aca39c2100c889246352ba819 -> origin/release/62fbfacbbf35fd4aca39c2100c889246352ba819
2026-10-08T22:00:31.5622782Z  * [new branch]          release/6a301334e5ac81c6d40ecc17beedbc1081bf0a84 -> origin/release/6a301334e5ac81c6d40ecc17beedbc1081bf0a84
2026-10-08T22:00:31.5623670Z  * [new branch]          release/6b678a36c965250a1db13d45b293a547d0a78b00 -> origin/release/6b678a36c965250a1db13d45b293a547d0a78b00
2026-10-08T22:00:31.5624554Z  * [new branch]          release/6cc4ba02f2139716e454da8463ff28f0b3502814 -> origin/release/6cc4ba02f2139716e454da8463ff28f0b3502814
2026-10-08T22:00:31.5625599Z  * [new branch]          release/6cc58a14764208543fad460bce5f6bf2a207d82d -> origin/release/6cc58a14764208543fad460bce5f6bf2a207d82d
2026-10-08T22:00:31.5626495Z  * [new branch]          release/6efc44762c0c8c9779b51bbe86dc382dd1aeced7 -> origin/release/6efc44762c0c8c9779b51bbe86dc382dd1aeced7
2026-10-08T22:00:31.5627395Z  * [new branch]          release/7014e10ccb2c6fe3559b8ffe533a5917b76bc862 -> origin/release/7014e10ccb2c6fe3559b8ffe533a5917b76bc862
2026-10-08T22:00:31.5628273Z  * [new branch]          release/7283954d16316a912e6af790e871b61008ff4a29 -> origin/release/7283954d16316a912e6af790e871b61008ff4a29
2026-10-08T22:00:31.5629145Z  * [new branch]          release/739718c80a7ca8894ab9e36d4c82fcd4c19e583c -> origin/release/739718c80a7ca8894ab9e36d4c82fcd4c19e583c
2026-10-08T22:00:31.5630014Z  * [new branch]          release/7529270b3e51606f3485840b4a74053c5bea07b8 -> origin/release/7529270b3e51606f3485840b4a74053c5bea07b8
2026-10-08T22:00:31.5630891Z  * [new branch]          release/770a4a62474e78da3c2a0ccddd3b2fa3591f8197 -> origin/release/770a4a62474e78da3c2a0ccddd3b2fa3591f8197
2026-10-08T22:00:31.5631790Z  * [new branch]          release/78d8e98b5d8b38562a0c2f6ec055b0cc84d8d90d -> origin/release/78d8e98b5d8b38562a0c2f6ec055b0cc84d8d90d
2026-10-08T22:00:31.5632674Z  * [new branch]          release/7991e50b4c8756ad2be2c0f238c6b220e325c6ee -> origin/release/7991e50b4c8756ad2be2c0f238c6b220e325c6ee
2026-10-08T22:00:31.5633695Z  * [new branch]          release/7acbc416d21386ea60c6618978994ba83dac8136 -> origin/release/7acbc416d21386ea60c6618978994ba83dac8136
2026-10-08T22:00:31.5634586Z  * [new branch]          release/7b03d378423fbdcc493fa901b1a72130379acc4d -> origin/release/7b03d378423fbdcc493fa901b1a72130379acc4d
2026-10-08T22:00:31.5635790Z  * [new branch]          release/7d85e8394ad575bdbe268a2944232b3c72c37b08 -> origin/release/7d85e8394ad575bdbe268a2944232b3c72c37b08
2026-10-08T22:00:31.5636687Z  * [new branch]          release/81a135cba4490794085bbcfd0b09b51db1db2134 -> origin/release/81a135cba4490794085bbcfd0b09b51db1db2134
2026-10-08T22:00:31.5637584Z  * [new branch]          release/84904771e67ccbd6bf87b80ccdf31a4eacf0fb0e -> origin/release/84904771e67ccbd6bf87b80ccdf31a4eacf0fb0e
2026-10-08T22:00:31.5638473Z  * [new branch]          release/864964ce59531d3fda3b9ae676dad14d25dcca0a -> origin/release/864964ce59531d3fda3b9ae676dad14d25dcca0a
2026-10-08T22:00:31.5639507Z  * [new branch]          release/87e368092bd4cc72240cb1229a84d30a360a7f90 -> origin/release/87e368092bd4cc72240cb1229a84d30a360a7f90
2026-10-08T22:00:31.5640395Z  * [new branch]          release/8818b446aa6faf01dfe901cb20126ee4256edc97 -> origin/release/8818b446aa6faf01dfe901cb20126ee4256edc97
2026-10-08T22:00:31.5641285Z  * [new branch]          release/8ac24a8eea83cae06158b85208d90979a89493e8 -> origin/release/8ac24a8eea83cae06158b85208d90979a89493e8
2026-10-08T22:00:31.5642172Z  * [new branch]          release/8b216ee721a3fe492fd0d02fb4a3fa4b606519c1 -> origin/release/8b216ee721a3fe492fd0d02fb4a3fa4b606519c1
2026-10-08T22:00:31.5643096Z  * [new branch]          release/976463aa709f43db46d89f7d55898ea2db3e17a4 -> origin/release/976463aa709f43db46d89f7d55898ea2db3e17a4
2026-10-08T22:00:31.5643977Z  * [new branch]          release/99d3dd46a2fe01d7d117184921c9aff7da33f7d7 -> origin/release/99d3dd46a2fe01d7d117184921c9aff7da33f7d7
2026-10-08T22:00:31.5644994Z  * [new branch]          release/9bf8f89bd937e2a3e13c128a10dfa1b63f51d893 -> origin/release/9bf8f89bd937e2a3e13c128a10dfa1b63f51d893
2026-10-08T22:00:31.5645901Z  * [new branch]          release/a06600168677a5d91ab293cc04b0d0ebce382344 -> origin/release/a06600168677a5d91ab293cc04b0d0ebce382344
2026-10-08T22:00:31.5646782Z  * [new branch]          release/a12eb786d4ced5b57dfa550bec0581fec9c5c2d7 -> origin/release/a12eb786d4ced5b57dfa550bec0581fec9c5c2d7
2026-10-08T22:00:31.5647672Z  * [new branch]          release/a3b6edf83b4c5354b7c2091e6109188b2eb872ab -> origin/release/a3b6edf83b4c5354b7c2091e6109188b2eb872ab
2026-10-08T22:00:31.5648577Z  * [new branch]          release/a6cbe9eec12feeeddfc2e88cce7d7a4a592b5fbe -> origin/release/a6cbe9eec12feeeddfc2e88cce7d7a4a592b5fbe
2026-10-08T22:00:31.5649488Z  * [new branch]          release/a95efd41d209df01ada6e1b6eb0ad3a31694d61f -> origin/release/a95efd41d209df01ada6e1b6eb0ad3a31694d61f
2026-10-08T22:00:31.5650385Z  * [new branch]          release/aa0207c094edc5c3d999a84b4bd94ffe84244ea0 -> origin/release/aa0207c094edc5c3d999a84b4bd94ffe84244ea0
2026-10-08T22:00:31.5651295Z  * [new branch]          release/ad9df47da8e98e3d3f206df1a9bdbeae29e7655d -> origin/release/ad9df47da8e98e3d3f206df1a9bdbeae29e7655d
2026-10-08T22:00:31.5652189Z  * [new branch]          release/adc05effe82356458007207c4fdb989243741b18 -> origin/release/adc05effe82356458007207c4fdb989243741b18
2026-10-08T22:00:31.5653075Z  * [new branch]          release/ade28c3ac6f3f694b29513c2abb32f77bdd36575 -> origin/release/ade28c3ac6f3f694b29513c2abb32f77bdd36575
2026-10-08T22:00:31.5653979Z  * [new branch]          release/ae8b29c1cf932618566452ff43d0185af05e3569 -> origin/release/ae8b29c1cf932618566452ff43d0185af05e3569
2026-10-08T22:00:31.5655007Z  * [new branch]          release/afd39cf25c43f2b21be9ec65776b7c5a99d888c7 -> origin/release/afd39cf25c43f2b21be9ec65776b7c5a99d888c7
2026-10-08T22:00:31.5655902Z  * [new branch]          release/b0486c6c03d1dc06a819b0badf83c28249258a81 -> origin/release/b0486c6c03d1dc06a819b0badf83c28249258a81
2026-10-08T22:00:31.5656799Z  * [new branch]          release/b0ffd1310b07601ea4d960fd2a5b7fdbe86d2cd4 -> origin/release/b0ffd1310b07601ea4d960fd2a5b7fdbe86d2cd4
2026-10-08T22:00:31.5657807Z  * [new branch]          release/b4583786bbe1639ea1467f504543febffa7003a9 -> origin/release/b4583786bbe1639ea1467f504543febffa7003a9
2026-10-08T22:00:31.5658712Z  * [new branch]          release/b8979d81802c06a204dac1cce6d4c3adee14f7a7 -> origin/release/b8979d81802c06a204dac1cce6d4c3adee14f7a7
2026-10-08T22:00:31.5659604Z  * [new branch]          release/b8bbd828afd1456faf7bd7c519e09d50f6406f51 -> origin/release/b8bbd828afd1456faf7bd7c519e09d50f6406f51
2026-10-08T22:00:31.5660504Z  * [new branch]          release/ba5ab1438e6c5f55bee71043e0ae2d5c552bfbe9 -> origin/release/ba5ab1438e6c5f55bee71043e0ae2d5c552bfbe9
2026-10-08T22:00:31.5661400Z  * [new branch]          release/bac20dafac992040846f1dd7e5cc53be615f1784 -> origin/release/bac20dafac992040846f1dd7e5cc53be615f1784
2026-10-08T22:00:31.5662410Z  * [new branch]          release/bacb1971de3756ecbe7144639fb5de16b9fd60e5 -> origin/release/bacb1971de3756ecbe7144639fb5de16b9fd60e5
2026-10-08T22:00:31.5663301Z  * [new branch]          release/bbdfe6c4ce74985a875994a69de7c933db561686 -> origin/release/bbdfe6c4ce74985a875994a69de7c933db561686
2026-10-08T22:00:31.5664195Z  * [new branch]          release/bc302dbe73d11032875e6f153776d360e5289303 -> origin/release/bc302dbe73d11032875e6f153776d360e5289303
2026-10-08T22:00:31.5665538Z  * [new branch]          release/bc78963dfba895c2fa36b0b6bc3c13957b280f70 -> origin/release/bc78963dfba895c2fa36b0b6bc3c13957b280f70
2026-10-08T22:00:31.5666437Z  * [new branch]          release/bfbd3f46a3be7aed6c3bbe870ed7af184679b9d8 -> origin/release/bfbd3f46a3be7aed6c3bbe870ed7af184679b9d8
2026-10-08T22:00:31.5667334Z  * [new branch]          release/c256418f3e375a1d261a80fff6cf05cdb2bd7ad1 -> origin/release/c256418f3e375a1d261a80fff6cf05cdb2bd7ad1
2026-10-08T22:00:31.5668218Z  * [new branch]          release/c3b298831ee42b6bd636b08d5cafe6032bb6a54b -> origin/release/c3b298831ee42b6bd636b08d5cafe6032bb6a54b
2026-10-08T22:00:31.5669118Z  * [new branch]          release/c5af0cc2150500a03535cad6ce69e6b42fa59a81 -> origin/release/c5af0cc2150500a03535cad6ce69e6b42fa59a81
2026-10-08T22:00:31.5670009Z  * [new branch]          release/c618372861a64aaac9c6f1ee31e7a31c77dbc4f3 -> origin/release/c618372861a64aaac9c6f1ee31e7a31c77dbc4f3
2026-10-08T22:00:31.5670908Z  * [new branch]          release/c8e97dd8ba7748bc9848da531aeccfbd7fc234ee -> origin/release/c8e97dd8ba7748bc9848da531aeccfbd7fc234ee
2026-10-08T22:00:31.5671800Z  * [new branch]          release/ca076749aa14b1e3a5d964d9dba32115f018ca2f -> origin/release/ca076749aa14b1e3a5d964d9dba32115f018ca2f
2026-10-08T22:00:31.5672683Z  * [new branch]          release/ca778e0e9d3f0304bb29cfa96b8622fdcb7df823 -> origin/release/ca778e0e9d3f0304bb29cfa96b8622fdcb7df823
2026-10-08T22:00:31.5673565Z  * [new branch]          release/ce3619665f4cd7683e625c5b63e657ee9101be65 -> origin/release/ce3619665f4cd7683e625c5b63e657ee9101be65
2026-10-08T22:00:31.5674447Z  * [new branch]          release/d083598e5fe74c69ebb7759693d9cb6a359409af -> origin/release/d083598e5fe74c69ebb7759693d9cb6a359409af
2026-10-08T22:00:31.5675677Z  * [new branch]          release/d2dd87601dc2e1dbbc1d8ab5e858fbf8fe9a115f -> origin/release/d2dd87601dc2e1dbbc1d8ab5e858fbf8fe9a115f
2026-10-08T22:00:31.5676603Z  * [new branch]          release/d509ccd9a0b69c11e23329a009200d4130f39434 -> origin/release/d509ccd9a0b69c11e23329a009200d4130f39434
2026-10-08T22:00:31.5677487Z  * [new branch]          release/d66c1eaf35afcdea06860385954f13142a725ec9 -> origin/release/d66c1eaf35afcdea06860385954f13142a725ec9
2026-10-08T22:00:31.5678372Z  * [new branch]          release/db6365499ff3424d9502f9380eb09eacf6cc357c -> origin/release/db6365499ff3424d9502f9380eb09eacf6cc357c
2026-10-08T22:00:31.5679256Z  * [new branch]          release/dca5553bca9bf40611ee70f6c495b468234b8f2e -> origin/release/dca5553bca9bf40611ee70f6c495b468234b8f2e
2026-10-08T22:00:31.5680158Z  * [new branch]          release/dce9fe6a1e35bab4fe174cf1a93d0e593824b43e -> origin/release/dce9fe6a1e35bab4fe174cf1a93d0e593824b43e
2026-10-08T22:00:31.5681204Z  * [new branch]          release/de93fa716c88cdb8e181d2b46f9222f5d6112ca3 -> origin/release/de93fa716c88cdb8e181d2b46f9222f5d6112ca3
2026-10-08T22:00:31.5682102Z  * [new branch]          release/e52b3d96c6e04335106ad3e389fcb2504eaca8e1 -> origin/release/e52b3d96c6e04335106ad3e389fcb2504eaca8e1
2026-10-08T22:00:31.5682990Z  * [new branch]          release/e678ab559e9ff0aa8452175d45ac3ac02d1819d4 -> origin/release/e678ab559e9ff0aa8452175d45ac3ac02d1819d4
2026-10-08T22:00:31.5683881Z  * [new branch]          release/eb928febf145ac21562dbc1692abf02af2bc2dc6 -> origin/release/eb928febf145ac21562dbc1692abf02af2bc2dc6
2026-10-08T22:00:31.5684765Z  * [new branch]          release/ed28a4d18e55736a06c44032162e107c0d955bf1 -> origin/release/ed28a4d18e55736a06c44032162e107c0d955bf1
2026-10-08T22:00:31.5685792Z  * [new branch]          release/f06a7fe7ba212f285a2243d9715d5b0732077cb6 -> origin/release/f06a7fe7ba212f285a2243d9715d5b0732077cb6
2026-10-08T22:00:31.5686828Z  * [new branch]          release/f2362d62dcc4e63de0bddac86c3467dc4c78f365 -> origin/release/f2362d62dcc4e63de0bddac86c3467dc4c78f365
2026-10-08T22:00:31.5687723Z  * [new branch]          release/f243cd2601899e3ff76086cccf63ff5aecef6c66 -> origin/release/f243cd2601899e3ff76086cccf63ff5aecef6c66
2026-10-08T22:00:31.5688608Z  * [new branch]          release/f281d74a32aca69863f2fcf70d6c857d105540c7 -> origin/release/f281d74a32aca69863f2fcf70d6c857d105540c7
2026-10-08T22:00:31.5689497Z  * [new branch]          release/f562fa371ff703d3b0e8f325aafb4e4a284794a4 -> origin/release/f562fa371ff703d3b0e8f325aafb4e4a284794a4
2026-10-08T22:00:31.5690389Z  * [new branch]          release/f967dead4f207c8fc856f2c3a9fb2cd4cb2fde73 -> origin/release/f967dead4f207c8fc856f2c3a9fb2cd4cb2fde73
2026-10-08T22:00:31.5691284Z  * [new branch]          release/fadea97b3560d40363148778b21dd15fc1fc19ff -> origin/release/fadea97b3560d40363148778b21dd15fc1fc19ff
2026-10-08T22:00:31.5692187Z  * [new branch]          release/fdc9be1cd6dc2c2b918ef92bb52b5ee87c80e9cf -> origin/release/fdc9be1cd6dc2c2b918ef92bb52b5ee87c80e9cf
2026-10-08T22:00:31.5693090Z  * [new branch]          release/fdd0852745a0b1d9ac39f5a7766f3378039561e2 -> origin/release/fdd0852745a0b1d9ac39f5a7766f3378039561e2
2026-10-08T22:00:31.5693968Z  * [new branch]          release/ffe6802225f68923f998a32c3b6342f9730cf946 -> origin/release/ffe6802225f68923f998a32c3b6342f9730cf946
2026-10-08T22:00:31.5695038Z  * [new tag]             journey-evidence/36e0071f040196340c2a5458b096ff012d30e127 -> journey-evidence/36e0071f040196340c2a5458b096ff012d30e127
2026-10-08T22:00:31.5696004Z  * [new tag]             journey-evidence/53659025933f2bbec9dea3c53aaa4aa716a83227 -> journey-evidence/53659025933f2bbec9dea3c53aaa4aa716a83227
2026-10-08T22:00:31.5696736Z  * [new tag]             pre-reboot-2026-08-04       -> pre-reboot-2026-08-04
2026-10-08T22:00:31.5697210Z  * [new tag]             reboot-0                    -> reboot-0
2026-10-08T22:00:31.5697692Z  * [new tag]             reboot-prototype-2026-08-04 -> reboot-prototype-2026-08-04
2026-10-08T22:00:31.5698340Z  * [new tag]             reboot-prototype-copy-risk-2026-08-04 -> reboot-prototype-copy-risk-2026-08-04
2026-10-08T22:00:31.5699261Z  * [new tag]             recovery/20261006/local/codex-3709-learned-lifecycle-3e095d570aeb -> recovery/20261006/local/codex-3709-learned-lifecycle-3e095d570aeb
2026-10-08T22:00:31.5700342Z  * [new tag]             recovery/20261006/local/codex-3938-matched-routing-bec30bfec43d -> recovery/20261006/local/codex-3938-matched-routing-bec30bfec43d
2026-10-08T22:00:31.5701425Z  * [new tag]             recovery/20261006/local/codex-4055-canonical-spelling-5f8969950f5d -> recovery/20261006/local/codex-4055-canonical-spelling-5f8969950f5d
2026-10-08T22:00:31.5702512Z  * [new tag]             recovery/20261006/local/codex-4055-package-imports-d969a15e35f9 -> recovery/20261006/local/codex-4055-package-imports-d969a15e35f9
2026-10-08T22:00:31.5703634Z  * [new tag]             recovery/20261006/local/codex-4059-named-type-parameters-e16d044e6ab5 -> recovery/20261006/local/codex-4059-named-type-parameters-e16d044e6ab5
2026-10-08T22:00:31.5705060Z  * [new tag]             recovery/20261006/local/codex-4064-per-input-terminal-e42d44ffe61d -> recovery/20261006/local/codex-4064-per-input-terminal-e42d44ffe61d
2026-10-08T22:00:31.5706311Z  * [new tag]             recovery/20261006/local/codex-4081-journey-release-separation-ff49a8ea298b -> recovery/20261006/local/codex-4081-journey-release-separation-ff49a8ea298b
2026-10-08T22:00:31.5707528Z  * [new tag]             recovery/20261006/local/codex-4109-abnormal-composition-9e04f0b5fff8 -> recovery/20261006/local/codex-4109-abnormal-composition-9e04f0b5fff8
2026-10-08T22:00:31.5708633Z  * [new tag]             recovery/20261006/local/codex-4109-language-canon-4a2f8e93b258 -> recovery/20261006/local/codex-4109-language-canon-4a2f8e93b258
2026-10-08T22:00:31.5709939Z  * [new tag]             recovery/20261006/local/codex-4109-runtime-terminal-transduction-897e7b97dd1c -> recovery/20261006/local/codex-4109-runtime-terminal-transduction-897e7b97dd1c
2026-10-08T22:00:31.5711159Z  * [new tag]             recovery/20261006/local/codex-4115-mask-fore-execution-8e4402e6c56e -> recovery/20261006/local/codex-4115-mask-fore-execution-8e4402e6c56e
2026-10-08T22:00:31.5712206Z  * [new tag]             recovery/20261006/local/codex-4115-mask-forms-fd398708a6bf -> recovery/20261006/local/codex-4115-mask-forms-fd398708a6bf
2026-10-08T22:00:31.5713192Z  * [new tag]             recovery/20261006/local/codex-4115-three-bodies-0dd121f8f68d -> recovery/20261006/local/codex-4115-three-bodies-0dd121f8f68d
2026-10-08T22:00:31.5714277Z  * [new tag]             recovery/20261006/local/codex-4199-negated-refinements-5f8969950f5d -> recovery/20261006/local/codex-4199-negated-refinements-5f8969950f5d
2026-10-08T22:00:31.5715543Z  * [new tag]             recovery/20261006/local/codex-4199-value-constraints-5082b0bfdcdb -> recovery/20261006/local/codex-4199-value-constraints-5082b0bfdcdb
2026-10-08T22:00:31.5716597Z  * [new tag]             recovery/20261006/local/codex-4223-remove-piper-a41e5cf90cd6 -> recovery/20261006/local/codex-4223-remove-piper-a41e5cf90cd6
2026-10-08T22:00:31.5717677Z  * [new tag]             recovery/20261006/local/codex-4231-html-browser-face-sdk-670f1e273942 -> recovery/20261006/local/codex-4231-html-browser-face-sdk-670f1e273942
2026-10-08T22:00:31.5718763Z  * [new tag]             recovery/20261006/local/codex-4335-glyph-prelude-f9ab157190d1 -> recovery/20261006/local/codex-4335-glyph-prelude-f9ab157190d1
2026-10-08T22:00:31.5719847Z  * [new tag]             recovery/20261006/local/codex-4340-hostile-join-refusals-999e4f6d9f1e -> recovery/20261006/local/codex-4340-hostile-join-refusals-999e4f6d9f1e
2026-10-08T22:00:31.5720988Z  * [new tag]             recovery/20261006/local/codex-4340-portable-invitation-d05ce370d2cb -> recovery/20261006/local/codex-4340-portable-invitation-d05ce370d2cb
2026-10-08T22:00:31.5722054Z  * [new tag]             recovery/20261006/local/codex-next-board-slice-709aa621e33a -> recovery/20261006/local/codex-next-board-slice-709aa621e33a
2026-10-08T22:00:31.5723128Z  * [new tag]             recovery/20261006/local/codex-rename-fabricate-to-make-97268783f0c5 -> recovery/20261006/local/codex-rename-fabricate-to-make-97268783f0c5
2026-10-08T22:00:31.5724247Z  * [new tag]             recovery/20261006/local/codex-repair-3709-host-shard-2547113a182e -> recovery/20261006/local/codex-repair-3709-host-shard-2547113a182e
2026-10-08T22:00:31.5725494Z  * [new tag]             recovery/20261006/retired-local/codex-4376-native-types-c5d1e50ce8ff -> recovery/20261006/retired-local/codex-4376-native-types-c5d1e50ce8ff
2026-10-08T22:00:31.5726729Z  * [new tag]             recovery/20261006/retired-local/codex-4382-consolidated-migrations-054ac5419d7f -> recovery/20261006/retired-local/codex-4382-consolidated-migrations-054ac5419d7f
2026-10-08T22:00:31.5727983Z  * [new tag]             recovery/20261006/retired-local/codex-4382-domain-variants-36288c75d9e8 -> recovery/20261006/retired-local/codex-4382-domain-variants-36288c75d9e8
2026-10-08T22:00:31.5729314Z  * [new tag]             recovery/20261006/retired-local/codex-4382-finance-comparison-d9c3957e9dc5 -> recovery/20261006/retired-local/codex-4382-finance-comparison-d9c3957e9dc5
2026-10-08T22:00:31.5730563Z  * [new tag]             recovery/20261006/retired-local/codex-4382-unit-variant-traits-aaff8e2da5fe -> recovery/20261006/retired-local/codex-4382-unit-variant-traits-aaff8e2da5fe
2026-10-08T22:00:31.5731864Z  * [new tag]             recovery/20261006/retired-local/codex-b-3718-presentation-contracts-d2888b56f8c4 -> recovery/20261006/retired-local/codex-b-3718-presentation-contracts-d2888b56f8c4
2026-10-08T22:00:31.5733198Z  * [new tag]             recovery/20261006/retired-local/codex-ci-one-body-evidence-scope-9a14c1d1e828 -> recovery/20261006/retired-local/codex-ci-one-body-evidence-scope-9a14c1d1e828
2026-10-08T22:00:31.5734572Z  * [new tag]             recovery/20261006/retired/codex-3529-flagship-journey-08df5b8b5f95 -> recovery/20261006/retired/codex-3529-flagship-journey-08df5b8b5f95
2026-10-08T22:00:31.5735862Z  * [new tag]             recovery/20261006/retired/codex-3666-bounded-cbor-5f9d1f144ee8 -> recovery/20261006/retired/codex-3666-bounded-cbor-5f9d1f144ee8
2026-10-08T22:00:31.5736946Z  * [new tag]             recovery/20261006/retired/codex-3686-emergency-machine-c770fade6735 -> recovery/20261006/retired/codex-3686-emergency-machine-c770fade6735
2026-10-08T22:00:31.5738191Z  * [new tag]             recovery/20261006/retired/codex-3746-retire-standalone-creche-proof-3bfd17115e94 -> recovery/20261006/retired/codex-3746-retire-standalone-creche-proof-3bfd17115e94
2026-10-08T22:00:31.5739439Z  * [new tag]             recovery/20261006/retired/codex-3864-presentation-step-1d28e91754ea -> recovery/20261006/retired/codex-3864-presentation-step-1d28e91754ea
2026-10-08T22:00:31.5740500Z  * [new tag]             recovery/20261006/retired/codex-4115-4117-finish-2a90dea6327b -> recovery/20261006/retired/codex-4115-4117-finish-2a90dea6327b
2026-10-08T22:00:31.5741592Z  * [new tag]             recovery/20261006/retired/codex-4115-native-mask-runtime-4a92e6c313f9 -> recovery/20261006/retired/codex-4115-native-mask-runtime-4a92e6c313f9
2026-10-08T22:00:31.5742740Z  * [new tag]             recovery/20261006/retired/codex-4115-spoken-generative-f0aa487a16d3 -> recovery/20261006/retired/codex-4115-spoken-generative-f0aa487a16d3
2026-10-08T22:00:31.5744011Z  * [new tag]             recovery/20261006/retired/codex-4117-conduitos-resource-vertical-f5b854e7512a -> recovery/20261006/retired/codex-4117-conduitos-resource-vertical-f5b854e7512a
2026-10-08T22:00:31.5745409Z  * [new tag]             recovery/20261006/retired/codex-4117-host-source-admission-3e1d333540b4 -> recovery/20261006/retired/codex-4117-host-source-admission-3e1d333540b4
2026-10-08T22:00:31.5746580Z  * [new tag]             recovery/20261006/retired/codex-4117-runtime-possession-6687634e5f79 -> recovery/20261006/retired/codex-4117-runtime-possession-6687634e5f79
2026-10-08T22:00:31.5747692Z  * [new tag]             recovery/20261006/retired/codex-4134-semantic-names-200b51188ff9 -> recovery/20261006/retired/codex-4134-semantic-names-200b51188ff9
2026-10-08T22:00:31.5748832Z  * [new tag]             recovery/20261006/retired/codex-4231-body-lifecycle-session-df254c589d71 -> recovery/20261006/retired/codex-4231-body-lifecycle-session-df254c589d71
2026-10-08T22:00:31.5750061Z  * [new tag]             recovery/20261006/retired/codex-4231-browser-admission-matrix-f461b346125d -> recovery/20261006/retired/codex-4231-browser-admission-matrix-f461b346125d
2026-10-08T22:00:31.5751270Z  * [new tag]             recovery/20261006/retired/codex-4231-delete-browser-home-eab1f13a25cb -> recovery/20261006/retired/codex-4231-delete-browser-home-eab1f13a25cb
2026-10-08T22:00:31.5752427Z  * [new tag]             recovery/20261006/retired/codex-4231-delete-browser-tour-bfe6e05ebccc -> recovery/20261006/retired/codex-4231-delete-browser-tour-bfe6e05ebccc
2026-10-08T22:00:31.5753808Z  * [new tag]             recovery/20261006/retired/codex-4231-delete-patchbay-execution-ui-bd6596caf7a4 -> recovery/20261006/retired/codex-4231-delete-patchbay-execution-ui-bd6596caf7a4
2026-10-08T22:00:31.5755304Z  * [new tag]             recovery/20261006/retired/codex-4231-delete-workspace-model-pool-22d5ff9c59a5 -> recovery/20261006/retired/codex-4231-delete-workspace-model-pool-22d5ff9c59a5
2026-10-08T22:00:31.5756573Z  * [new tag]             recovery/20261006/retired/codex-4231-form-library-ownership-29912643aa3b -> recovery/20261006/retired/codex-4231-form-library-ownership-29912643aa3b
2026-10-08T22:00:31.5757777Z  * [new tag]             recovery/20261006/retired/codex-4231-harvest-tour-journey-b5c4f828fc0c -> recovery/20261006/retired/codex-4231-harvest-tour-journey-b5c4f828fc0c
2026-10-08T22:00:31.5758947Z  * [new tag]             recovery/20261006/retired/codex-4231-home-form-ownership-b11a14b3b2cb -> recovery/20261006/retired/codex-4231-home-form-ownership-b11a14b3b2cb
2026-10-08T22:00:31.5760309Z  * [new tag]             recovery/20261006/retired/codex-4231-html-direct-patchbay-graph-d83082bbbc2f -> recovery/20261006/retired/codex-4231-html-direct-patchbay-graph-d83082bbbc2f
2026-10-08T22:00:31.5761577Z  * [new tag]             recovery/20261006/retired/codex-4231-tutorial-form-ownership-ea26cde49bec -> recovery/20261006/retired/codex-4231-tutorial-form-ownership-ea26cde49bec
2026-10-08T22:00:31.5762801Z  * [new tag]             recovery/20261006/retired/codex-4335-explicit-glyph-aliases-f6aa21e2fa90 -> recovery/20261006/retired/codex-4335-explicit-glyph-aliases-f6aa21e2fa90
2026-10-08T22:00:31.5763995Z  * [new tag]             recovery/20261006/retired/codex-4375-ai-float-vocabulary-b3eb6d3e95ed -> recovery/20261006/retired/codex-4375-ai-float-vocabulary-b3eb6d3e95ed
2026-10-08T22:00:31.5765293Z  * [new tag]             recovery/20261006/retired/codex-4375-education-assessment-85a07d291ec2 -> recovery/20261006/retired/codex-4375-education-assessment-85a07d291ec2
2026-10-08T22:00:31.5766479Z  * [new tag]             recovery/20261006/retired/codex-4375-house-request-family-766e73102e2c -> recovery/20261006/retired/codex-4375-house-request-family-766e73102e2c
2026-10-08T22:00:31.5767646Z  * [new tag]             recovery/20261006/retired/codex-4375-native-data-adjacent-8f87b6bfbf85 -> recovery/20261006/retired/codex-4375-native-data-adjacent-8f87b6bfbf85
2026-10-08T22:00:31.5768791Z  * [new tag]             recovery/20261006/retired/codex-4375-native-data-family-8190165f83f5 -> recovery/20261006/retired/codex-4375-native-data-family-8190165f83f5
2026-10-08T22:00:31.5769918Z  * [new tag]             recovery/20261006/retired/codex-4375-native-time-family-84d9014d1691 -> recovery/20261006/retired/codex-4375-native-time-family-84d9014d1691
2026-10-08T22:00:31.5771060Z  * [new tag]             recovery/20261006/retired/codex-4375-native-visual-family-7433c94c8918 -> recovery/20261006/retired/codex-4375-native-visual-family-7433c94c8918
2026-10-08T22:00:31.5772206Z  * [new tag]             recovery/20261006/retired/codex-4375-native-web-family-bc9e6354256a -> recovery/20261006/retired/codex-4375-native-web-family-bc9e6354256a
2026-10-08T22:00:31.5773343Z  * [new tag]             recovery/20261006/retired/codex-4375-native-wire-family-7a3e414e0c99 -> recovery/20261006/retired/codex-4375-native-wire-family-7a3e414e0c99
2026-10-08T22:00:31.5774496Z  * [new tag]             recovery/20261006/retired/codex-4375-next-portable-family-2fe9fd68b2a3 -> recovery/20261006/retired/codex-4375-next-portable-family-2fe9fd68b2a3
2026-10-08T22:00:31.5775853Z  * [new tag]             recovery/20261006/retired/codex-4375-presentation-vocabulary-1a44741acfa5 -> recovery/20261006/retired/codex-4375-presentation-vocabulary-1a44741acfa5
2026-10-08T22:00:31.5777061Z  * [new tag]             recovery/20261006/retired/codex-4375-signal-garden-family-84dbca2dcb0d -> recovery/20261006/retired/codex-4375-signal-garden-family-84dbca2dcb0d
2026-10-08T22:00:31.5778253Z  * [new tag]             recovery/20261006/retired/codex-4376-presentation-consumers-1687e6263967 -> recovery/20261006/retired/codex-4376-presentation-consumers-1687e6263967
2026-10-08T22:00:31.5779623Z  * [new tag]             recovery/20261006/retired/codex-4378-flow-activation-targets-8cf5f11ceb1e -> recovery/20261006/retired/codex-4378-flow-activation-targets-8cf5f11ceb1e
2026-10-08T22:00:31.5780811Z  * [new tag]             recovery/20261006/retired/codex-4378-flow-bounded-total-1be1c267b1ec -> recovery/20261006/retired/codex-4378-flow-bounded-total-1be1c267b1ec
2026-10-08T22:00:31.5781942Z  * [new tag]             recovery/20261006/retired/codex-4378-flow-collect-back-ba3819275ea7 -> recovery/20261006/retired/codex-4378-flow-collect-back-ba3819275ea7
2026-10-08T22:00:31.5783085Z  * [new tag]             recovery/20261006/retired/codex-4378-flow-collect-browser-5a7d7e0dff12 -> recovery/20261006/retired/codex-4378-flow-collect-browser-5a7d7e0dff12
2026-10-08T22:00:31.5784377Z  * [new tag]             recovery/20261006/retired/codex-4378-flow-collect-contract-3bada0a85402 -> recovery/20261006/retired/codex-4378-flow-collect-contract-3bada0a85402
2026-10-08T22:00:31.5785710Z  * [new tag]             recovery/20261006/retired/codex-4378-flow-collect-offer-aeea5b750b46 -> recovery/20261006/retired/codex-4378-flow-collect-offer-aeea5b750b46
2026-10-08T22:00:31.5786809Z  * [new tag]             recovery/20261006/retired/codex-4378-flow-each-kind-96945474de7e -> recovery/20261006/retired/codex-4378-flow-each-kind-96945474de7e
2026-10-08T22:00:31.5787887Z  * [new tag]             recovery/20261006/retired/codex-4378-flow-each-source-13b49e32a675 -> recovery/20261006/retired/codex-4378-flow-each-source-13b49e32a675
2026-10-08T22:00:31.5788934Z  * [new tag]             recovery/20261006/retired/codex-4378-flow-fold-35f41fb6b9c5 -> recovery/20261006/retired/codex-4378-flow-fold-35f41fb6b9c5
2026-10-08T22:00:31.5790006Z  * [new tag]             recovery/20261006/retired/codex-4378-flow-fold-execution-21f1237576f4 -> recovery/20261006/retired/codex-4378-flow-fold-execution-21f1237576f4
2026-10-08T22:00:31.5791072Z  * [new tag]             recovery/20261006/retired/codex-4378-flow-scan-024a3b792ae0 -> recovery/20261006/retired/codex-4378-flow-scan-024a3b792ae0
2026-10-08T22:00:31.5792070Z  * [new tag]             recovery/20261006/retired/codex-4378-flow-select-fe555964f4d2 -> recovery/20261006/retired/codex-4378-flow-select-fe555964f4d2
2026-10-08T22:00:31.5793163Z  * [new tag]             recovery/20261006/retired/codex-4378-flow-select-runtime-75797dee5d4d -> recovery/20261006/retired/codex-4378-flow-select-runtime-75797dee5d4d
2026-10-08T22:00:31.5794454Z  * [new tag]             recovery/20261006/retired/codex-4382-ai-model-signature-representation-f732525f1975 -> recovery/20261006/retired/codex-4382-ai-model-signature-representation-f732525f1975
2026-10-08T22:00:31.5795909Z  * [new tag]             recovery/20261006/retired/codex-4382-alife-lenia-chunk-kind-760fe1e9ddc4 -> recovery/20261006/retired/codex-4382-alife-lenia-chunk-kind-760fe1e9ddc4
2026-10-08T22:00:31.5797194Z  * [new tag]             recovery/20261006/retired/codex-4382-alife-lenia-chunk-native-dev-96dfa23dc35b -> recovery/20261006/retired/codex-4382-alife-lenia-chunk-native-dev-96dfa23dc35b
2026-10-08T22:00:31.5798404Z  * [new tag]             recovery/20261006/retired/codex-4382-chat-state-types-200ceb680751 -> recovery/20261006/retired/codex-4382-chat-state-types-200ceb680751
2026-10-08T22:00:31.5799516Z  * [new tag]             recovery/20261006/retired/codex-4382-data-policy-types-671da17f9c3b -> recovery/20261006/retired/codex-4382-data-policy-types-671da17f9c3b
2026-10-08T22:00:31.5800695Z  * [new tag]             recovery/20261006/retired/codex-4382-human-chord-native-dev-edd12f0a17bd -> recovery/20261006/retired/codex-4382-human-chord-native-dev-edd12f0a17bd
2026-10-08T22:00:31.5801926Z  * [new tag]             recovery/20261006/retired/codex-4382-human-chord-vocabulary-f855f80fed51 -> recovery/20261006/retired/codex-4382-human-chord-vocabulary-f855f80fed51
2026-10-08T22:00:31.5803336Z  * [new tag]             recovery/20261006/retired/codex-4382-native-experience-vocabulary-ea512b4c417b -> recovery/20261006/retired/codex-4382-native-experience-vocabulary-ea512b4c417b
2026-10-08T22:00:31.5804610Z  * [new tag]             recovery/20261006/retired/codex-4382-native-garden-refusal-b6d94afa13c6 -> recovery/20261006/retired/codex-4382-native-garden-refusal-b6d94afa13c6
2026-10-08T22:00:31.5805978Z  * [new tag]             recovery/20261006/retired/codex-4382-native-math-scalar-refusal-8f73a2cce593 -> recovery/20261006/retired/codex-4382-native-math-scalar-refusal-8f73a2cce593
2026-10-08T22:00:31.5807225Z  * [new tag]             recovery/20261006/retired/codex-4382-native-musical-control-453647c0c581 -> recovery/20261006/retired/codex-4382-native-musical-control-453647c0c581
2026-10-08T22:00:31.5808541Z  * [new tag]             recovery/20261006/retired/codex-4382-native-normalized-quantity-refusal-a5d839172932 -> recovery/20261006/retired/codex-4382-native-normalized-quantity-refusal-a5d839172932
2026-10-08T22:00:31.5810083Z  * [new tag]             recovery/20261006/retired/codex-4382-native-presentation-vocabulary-a8526e83acb6 -> recovery/20261006/retired/codex-4382-native-presentation-vocabulary-a8526e83acb6
2026-10-08T22:00:31.5811483Z  * [new tag]             recovery/20261006/retired/codex-4382-native-quantity-mapping-vocabulary-7a2210e4eaa4 -> recovery/20261006/retired/codex-4382-native-quantity-mapping-vocabulary-7a2210e4eaa4
2026-10-08T22:00:31.5812960Z  * [new tag]             recovery/20261006/retired/codex-4382-native-robotics-simulation-availability-b121f1334762 -> recovery/20261006/retired/codex-4382-native-robotics-simulation-availability-b121f1334762
2026-10-08T22:00:31.5814348Z  * [new tag]             recovery/20261006/retired/codex-4382-native-scalar-comparison-a1b75daba372 -> recovery/20261006/retired/codex-4382-native-scalar-comparison-a1b75daba372
2026-10-08T22:00:31.5816023Z  * [new tag]             recovery/20261006/retired/codex-4382-native-schedule-vocabulary-44599535beea -> recovery/20261006/retired/codex-4382-native-schedule-vocabulary-44599535beea
2026-10-08T22:00:31.5817310Z  * [new tag]             recovery/20261006/retired/codex-4382-native-sequence-refusals-274bde626a0e -> recovery/20261006/retired/codex-4382-native-sequence-refusals-274bde626a0e
2026-10-08T22:00:31.5818533Z  * [new tag]             recovery/20261006/retired/codex-4382-native-signal-records-ac392b0fdd43 -> recovery/20261006/retired/codex-4382-native-signal-records-ac392b0fdd43
2026-10-08T22:00:31.5819850Z  * [new tag]             recovery/20261006/retired/codex-4382-native-template-collection-refusal-69d609ef7c31 -> recovery/20261006/retired/codex-4382-native-template-collection-refusal-69d609ef7c31
2026-10-08T22:00:31.5821230Z  * [new tag]             recovery/20261006/retired/codex-4382-native-workflow-timing-outcome-53d4ac61ae37 -> recovery/20261006/retired/codex-4382-native-workflow-timing-outcome-53d4ac61ae37
2026-10-08T22:00:31.5822475Z  * [new tag]             recovery/20261006/retired/codex-4382-network-unit-types-ae00c4eaccc1 -> recovery/20261006/retired/codex-4382-network-unit-types-ae00c4eaccc1
2026-10-08T22:00:31.5823751Z  * [new tag]             recovery/20261006/retired/codex-4382-presentation-graphics-native-dev-1fa03c3e413d -> recovery/20261006/retired/codex-4382-presentation-graphics-native-dev-1fa03c3e413d
2026-10-08T22:00:31.5825277Z  * [new tag]             recovery/20261006/retired/codex-4382-presentation-graphics-vocabulary-c5c25199c8ba -> recovery/20261006/retired/codex-4382-presentation-graphics-vocabulary-c5c25199c8ba
2026-10-08T22:00:31.5826546Z  * [new tag]             recovery/20261006/retired/codex-4382-robotics-variants-8201ea547a32 -> recovery/20261006/retired/codex-4382-robotics-variants-8201ea547a32
2026-10-08T22:00:31.5827605Z  * [new tag]             recovery/20261006/retired/codex-4382-text-phase-5a401f149ba0 -> recovery/20261006/retired/codex-4382-text-phase-5a401f149ba0
2026-10-08T22:00:31.5828670Z  * [new tag]             recovery/20261006/retired/codex-4382-web-http-variants-4d9a82f68fef -> recovery/20261006/retired/codex-4382-web-http-variants-4d9a82f68fef
2026-10-08T22:00:31.5830002Z  * [new tag]             recovery/20261006/retired/codex-4428-audio-tone-representation-154ff52ba339 -> recovery/20261006/retired/codex-4428-audio-tone-representation-154ff52ba339
2026-10-08T22:00:31.5831220Z  * [new tag]             recovery/20261006/retired/codex-4484-quiescence-language-c8b30d4b85df -> recovery/20261006/retired/codex-4484-quiescence-language-c8b30d4b85df
2026-10-08T22:00:31.5832400Z  * [new tag]             recovery/20261006/retired/codex-4519-host-release-dispatch-6ca539289d5f -> recovery/20261006/retired/codex-4519-host-release-dispatch-6ca539289d5f
2026-10-08T22:00:31.5833543Z  * [new tag]             recovery/20261006/retired/codex-4674-typed-case-tests-ef4b89891248 -> recovery/20261006/retired/codex-4674-typed-case-tests-ef4b89891248
2026-10-08T22:00:31.5834673Z  * [new tag]             recovery/20261006/retired/codex-4807-browser-wardrobe-ui-1fc74ce4224a -> recovery/20261006/retired/codex-4807-browser-wardrobe-ui-1fc74ce4224a
2026-10-08T22:00:31.5836133Z  * [new tag]             recovery/20261006/retired/codex-4807-explicit-route-switch-d0ed24896715 -> recovery/20261006/retired/codex-4807-explicit-route-switch-d0ed24896715
2026-10-08T22:00:31.5837407Z  * [new tag]             recovery/20261006/retired/codex-4807-native-compositor-diagnostic-e3bc3e4fe6ec -> recovery/20261006/retired/codex-4807-native-compositor-diagnostic-e3bc3e4fe6ec
2026-10-08T22:00:31.5838698Z  * [new tag]             recovery/20261006/retired/codex-4807-native-face-domain-reset-4b561c3f1c91 -> recovery/20261006/retired/codex-4807-native-face-domain-reset-4b561c3f1c91
2026-10-08T22:00:31.5839885Z  * [new tag]             recovery/20261006/retired/codex-4807-native-face-reseal-d275e9f019fd -> recovery/20261006/retired/codex-4807-native-face-reseal-d275e9f019fd
2026-10-08T22:00:31.5841068Z  * [new tag]             recovery/20261006/retired/codex-4807-native-owner-retirement-ece0c8b6838f -> recovery/20261006/retired/codex-4807-native-owner-retirement-ece0c8b6838f
2026-10-08T22:00:31.5842407Z  * [new tag]             recovery/20261006/retired/codex-4807-native-refreshed-route-diagnostic-bac4cdc4fb0b -> recovery/20261006/retired/codex-4807-native-refreshed-route-diagnostic-bac4cdc4fb0b
2026-10-08T22:00:31.5843768Z  * [new tag]             recovery/20261006/retired/codex-4807-native-selected-wardrobe-49448047a739 -> recovery/20261006/retired/codex-4807-native-selected-wardrobe-49448047a739
2026-10-08T22:00:31.5845135Z  * [new tag]             recovery/20261006/retired/codex-4807-native-standby-selection-e50f5a7f4c40 -> recovery/20261006/retired/codex-4807-native-standby-selection-e50f5a7f4c40
2026-10-08T22:00:31.5846444Z  * [new tag]             recovery/20261006/retired/codex-4807-owner-action-proof-correlation-54422b8ad0fd -> recovery/20261006/retired/codex-4807-owner-action-proof-correlation-54422b8ad0fd
2026-10-08T22:00:31.5847696Z  * [new tag]             recovery/20261006/retired/codex-4807-owner-direct-live-1fb8c8ba0b44 -> recovery/20261006/retired/codex-4807-owner-direct-live-1fb8c8ba0b44
2026-10-08T22:00:31.5848823Z  * [new tag]             recovery/20261006/retired/codex-4807-owner-direct-plot-08bd2a419d99 -> recovery/20261006/retired/codex-4807-owner-direct-plot-08bd2a419d99
2026-10-08T22:00:31.5850028Z  * [new tag]             recovery/20261006/retired/codex-4807-owner-direct-show-contract-c601e5952a99 -> recovery/20261006/retired/codex-4807-owner-direct-show-contract-c601e5952a99
2026-10-08T22:00:31.5851203Z  * [new tag]             recovery/20261006/retired/codex-4807-owner-llm-live-4b28801a2baf -> recovery/20261006/retired/codex-4807-owner-llm-live-4b28801a2baf
2026-10-08T22:00:31.5852295Z  * [new tag]             recovery/20261006/retired/codex-4807-owner-model-boot-f62fd8386bf4 -> recovery/20261006/retired/codex-4807-owner-model-boot-f62fd8386bf4
2026-10-08T22:00:31.5853444Z  * [new tag]             recovery/20261006/retired/codex-4807-owner-speech-wardrobe-cd69c75dc47c -> recovery/20261006/retired/codex-4807-owner-speech-wardrobe-cd69c75dc47c
2026-10-08T22:00:31.5854736Z  * [new tag]             recovery/20261006/retired/codex-4807-owner-spoken-mask-20dec6ae5b05 -> recovery/20261006/retired/codex-4807-owner-spoken-mask-20dec6ae5b05
2026-10-08T22:00:31.5856110Z  * [new tag]             recovery/20261006/retired/codex-4807-per-play-spoken-artifacts-c5ab08730828 -> recovery/20261006/retired/codex-4807-per-play-spoken-artifacts-c5ab08730828
2026-10-08T22:00:31.5857353Z  * [new tag]             recovery/20261006/retired/codex-4807-workload-route-reseal-b99b323934e4 -> recovery/20261006/retired/codex-4807-workload-route-reseal-b99b323934e4
2026-10-08T22:00:31.5858464Z  * [new tag]             recovery/20261006/retired/codex-4831-control-ring-5057cc0f2a7f -> recovery/20261006/retired/codex-4831-control-ring-5057cc0f2a7f
2026-10-08T22:00:31.5859626Z  * [new tag]             recovery/20261006/retired/codex-4831-controller-event-retention-e4a598d72bee -> recovery/20261006/retired/codex-4831-controller-event-retention-e4a598d72bee
2026-10-08T22:00:31.5860959Z  * [new tag]             recovery/20261006/retired/codex-4831-hid-boot-control-7b9347ed35d3 -> recovery/20261006/retired/codex-4831-hid-boot-control-7b9347ed35d3
2026-10-08T22:00:31.5862079Z  * [new tag]             recovery/20261006/retired/codex-4831-hid-native-current-66cccd9c7bf6 -> recovery/20261006/retired/codex-4831-hid-native-current-66cccd9c7bf6
2026-10-08T22:00:31.5863236Z  * [new tag]             recovery/20261006/retired/codex-4831-hid-source-admission-686a9dbdb789 -> recovery/20261006/retired/codex-4831-hid-source-admission-686a9dbdb789
2026-10-08T22:00:31.5864465Z  * [new tag]             recovery/20261006/retired/codex-4831-mouse-capture-integration-ccb7c84eb46a -> recovery/20261006/retired/codex-4831-mouse-capture-integration-ccb7c84eb46a
2026-10-08T22:00:31.5865813Z  * [new tag]             recovery/20261006/retired/codex-4831-mouse-native-capture-b9f9f75bd5e4 -> recovery/20261006/retired/codex-4831-mouse-native-capture-b9f9f75bd5e4
2026-10-08T22:00:31.5867034Z  * [new tag]             recovery/20261006/retired/codex-4831-native-placement-issuer-eed212819e75 -> recovery/20261006/retired/codex-4831-native-placement-issuer-eed212819e75
2026-10-08T22:00:31.5868220Z  * [new tag]             recovery/20261006/retired/codex-4831-ordinary-hid-input-d07fb3b110a1 -> recovery/20261006/retired/codex-4831-ordinary-hid-input-d07fb3b110a1
2026-10-08T22:00:31.5869415Z  * [new tag]             recovery/20261006/retired/codex-4831-ordinary-hid-installation-859d8ea64fc9 -> recovery/20261006/retired/codex-4831-ordinary-hid-installation-859d8ea64fc9
2026-10-08T22:00:31.5870688Z  * [new tag]             recovery/20261006/retired/codex-4831-ordinary-hid-ordered-input-a14f78e112c5 -> recovery/20261006/retired/codex-4831-ordinary-hid-ordered-input-a14f78e112c5
2026-10-08T22:00:31.5871896Z  * [new tag]             recovery/20261006/retired/codex-4831-ordinary-hid-window-6d966537261a -> recovery/20261006/retired/codex-4831-ordinary-hid-window-6d966537261a
2026-10-08T22:00:31.5873052Z  * [new tag]             recovery/20261006/retired/codex-4831-xhci-command-events-e6091d920222 -> recovery/20261006/retired/codex-4831-xhci-command-events-e6091d920222
2026-10-08T22:00:31.5874195Z  * [new tag]             recovery/20261006/retired/codex-4922-owner-body-wardrobe-1d157f5471a8 -> recovery/20261006/retired/codex-4922-owner-body-wardrobe-1d157f5471a8
2026-10-08T22:00:31.5875577Z  * [new tag]             recovery/20261006/retired/codex-4952-projection-loss-c8be94ab0161 -> recovery/20261006/retired/codex-4952-projection-loss-c8be94ab0161
2026-10-08T22:00:31.5877095Z  * [new tag]             recovery/20261006/retired/codex-4957-hosted-current-12504f677477 -> recovery/20261006/retired/codex-4957-hosted-current-12504f677477
2026-10-08T22:00:31.5878161Z  * [new tag]             recovery/20261006/retired/codex-4957-hosted-final-c79dd2e7fee4 -> recovery/20261006/retired/codex-4957-hosted-final-c79dd2e7fee4
2026-10-08T22:00:31.5879205Z  * [new tag]             recovery/20261006/retired/codex-4957-hosted-locks-7bf67e012062 -> recovery/20261006/retired/codex-4957-hosted-locks-7bf67e012062
2026-10-08T22:00:31.5880433Z  * [new tag]             recovery/20261006/retired/codex-4957-hosted-publication-7bf67e012062 -> recovery/20261006/retired/codex-4957-hosted-publication-7bf67e012062
2026-10-08T22:00:31.5881540Z  * [new tag]             recovery/20261006/retired/codex-4957-hosted-speech-569c6d31c518 -> recovery/20261006/retired/codex-4957-hosted-speech-569c6d31c518
2026-10-08T22:00:31.5882900Z  * [new tag]             recovery/20261006/retired/codex-4957-source-material-current-9f04cdfee772 -> recovery/20261006/retired/codex-4957-source-material-current-9f04cdfee772
2026-10-08T22:00:31.5884099Z  * [new tag]             recovery/20261006/retired/codex-4957-source-publication-78c66755184a -> recovery/20261006/retired/codex-4957-source-publication-78c66755184a
2026-10-08T22:00:31.5885327Z  * [new tag]             recovery/20261006/retired/codex-4957-source-spine-45ad91632f37 -> recovery/20261006/retired/codex-4957-source-spine-45ad91632f37
2026-10-08T22:00:31.5886779Z  * [new tag]             recovery/20261006/retired/codex-4957-source-text-2ba92fdb2d33 -> recovery/20261006/retired/codex-4957-source-text-2ba92fdb2d33
2026-10-08T22:00:31.5887840Z  * [new tag]             recovery/20261006/retired/codex-4984-apt-diagnostic-16c24fe7757e -> recovery/20261006/retired/codex-4984-apt-diagnostic-16c24fe7757e
2026-10-08T22:00:31.5888966Z  * [new tag]             recovery/20261006/retired/codex-4984-apt-diagnostic-auth-a251439459bc -> recovery/20261006/retired/codex-4984-apt-diagnostic-auth-a251439459bc
2026-10-08T22:00:31.5890130Z  * [new tag]             recovery/20261006/retired/codex-4984-apt-diagnostic-fixed-174fad16f017 -> recovery/20261006/retired/codex-4984-apt-diagnostic-fixed-174fad16f017
2026-10-08T22:00:31.5891271Z  * [new tag]             recovery/20261006/retired/codex-all-open-integration-9da3e0760dd6 -> recovery/20261006/retired/codex-all-open-integration-9da3e0760dd6
2026-10-08T22:00:31.5892487Z  * [new tag]             recovery/20261006/retired/codex-b-3712-canonical-primitive-info-db9061b4ed7c -> recovery/20261006/retired/codex-b-3712-canonical-primitive-info-db9061b4ed7c
2026-10-08T22:00:31.5893789Z  * [new tag]             recovery/20261006/retired/codex-b-3716-semantic-substitutability-3fbf582c8f8d -> recovery/20261006/retired/codex-b-3716-semantic-substitutability-3fbf582c8f8d
2026-10-08T22:00:31.5895134Z  * [new tag]             recovery/20261006/retired/codex-b-3718-ai-offers-8b8227b6b649 -> recovery/20261006/retired/codex-b-3718-ai-offers-8b8227b6b649
2026-10-08T22:00:31.5896203Z  * [new tag]             recovery/20261006/retired/codex-b-3718-alife-contracts-63213a0a61b3 -> recovery/20261006/retired/codex-b-3718-alife-contracts-63213a0a61b3
2026-10-08T22:00:31.5897356Z  * [new tag]             recovery/20261006/retired/codex-b-3718-body-chat-contracts-614044d69ebf -> recovery/20261006/retired/codex-b-3718-body-chat-contracts-614044d69ebf
2026-10-08T22:00:31.5898583Z  * [new tag]             recovery/20261006/retired/codex-b-3718-browser-button-attempt-ed62ae9f7d49 -> recovery/20261006/retired/codex-b-3718-browser-button-attempt-ed62ae9f7d49
2026-10-08T22:00:31.5899764Z  * [new tag]             recovery/20261006/retired/codex-b-3718-browser-garden-bf4f8826aad7 -> recovery/20261006/retired/codex-b-3718-browser-garden-bf4f8826aad7
2026-10-08T22:00:31.5911689Z  * [new tag]             recovery/20261006/retired/codex-b-3718-browser-history-e41ed8e24581 -> recovery/20261006/retired/codex-b-3718-browser-history-e41ed8e24581
2026-10-08T22:00:31.5913038Z  * [new tag]             recovery/20261006/retired/codex-b-3718-browser-human-media-29a603fe25b2 -> recovery/20261006/retired/codex-b-3718-browser-human-media-29a603fe25b2
2026-10-08T22:00:31.5914279Z  * [new tag]             recovery/20261006/retired/codex-b-3718-browser-input-offers-de667515a133 -> recovery/20261006/retired/codex-b-3718-browser-input-offers-de667515a133
2026-10-08T22:00:31.5915744Z  * [new tag]             recovery/20261006/retired/codex-b-3718-browser-linguistics-f1dfa3090023 -> recovery/20261006/retired/codex-b-3718-browser-linguistics-f1dfa3090023
2026-10-08T22:00:31.5917211Z  * [new tag]             recovery/20261006/retired/codex-b-3718-browser-measurement-plot-53f39c41b70a -> recovery/20261006/retired/codex-b-3718-browser-measurement-plot-53f39c41b70a
2026-10-08T22:00:31.5918608Z  * [new tag]             recovery/20261006/retired/codex-b-3718-browser-measurement-presentation-0454d9b7241f -> recovery/20261006/retired/codex-b-3718-browser-measurement-presentation-0454d9b7241f
2026-10-08T22:00:31.5919988Z  * [new tag]             recovery/20261006/retired/codex-b-3718-browser-measurement-state-371ebffedf3f -> recovery/20261006/retired/codex-b-3718-browser-measurement-state-371ebffedf3f
2026-10-08T22:00:31.5921313Z  * [new tag]             recovery/20261006/retired/codex-b-3718-browser-measurement-summary-ad0ec9d41be4 -> recovery/20261006/retired/codex-b-3718-browser-measurement-summary-ad0ec9d41be4
2026-10-08T22:00:31.5922715Z  * [new tag]             recovery/20261006/retired/codex-b-3718-browser-morse-1ed3fecefd65 -> recovery/20261006/retired/codex-b-3718-browser-morse-1ed3fecefd65
2026-10-08T22:00:31.5923912Z  * [new tag]             recovery/20261006/retired/codex-b-3718-browser-offer-migration-1731d45645d0 -> recovery/20261006/retired/codex-b-3718-browser-offer-migration-1731d45645d0
2026-10-08T22:00:31.5925324Z  * [new tag]             recovery/20261006/retired/codex-b-3718-browser-pointer-offer-02bd350c4328 -> recovery/20261006/retired/codex-b-3718-browser-pointer-offer-02bd350c4328
2026-10-08T22:00:31.5926612Z  * [new tag]             recovery/20261006/retired/codex-b-3718-browser-pointer-selectors-77f9933b718d -> recovery/20261006/retired/codex-b-3718-browser-pointer-selectors-77f9933b718d
2026-10-08T22:00:31.5927856Z  * [new tag]             recovery/20261006/retired/codex-b-3718-browser-presenters-00d2600da051 -> recovery/20261006/retired/codex-b-3718-browser-presenters-00d2600da051
2026-10-08T22:00:31.5929077Z  * [new tag]             recovery/20261006/retired/codex-b-3718-browser-quantity-offer-0dcc90a11990 -> recovery/20261006/retired/codex-b-3718-browser-quantity-offer-0dcc90a11990
2026-10-08T22:00:31.5930254Z  * [new tag]             recovery/20261006/retired/codex-b-3718-browser-replay-594bb2a19a48 -> recovery/20261006/retired/codex-b-3718-browser-replay-594bb2a19a48
2026-10-08T22:00:31.5931369Z  * [new tag]             recovery/20261006/retired/codex-b-3718-browser-rhythm-5e94fe2085b2 -> recovery/20261006/retired/codex-b-3718-browser-rhythm-5e94fe2085b2
2026-10-08T22:00:31.5932559Z  * [new tag]             recovery/20261006/retired/codex-b-3718-browser-specimen-capture-c07b43d42a30 -> recovery/20261006/retired/codex-b-3718-browser-specimen-capture-c07b43d42a30
2026-10-08T22:00:31.5933845Z  * [new tag]             recovery/20261006/retired/codex-b-3718-browser-structured-text-fe99bbdce03d -> recovery/20261006/retired/codex-b-3718-browser-structured-text-fe99bbdce03d
2026-10-08T22:00:31.5935275Z  * [new tag]             recovery/20261006/retired/codex-b-3718-browser-time-every-offer-186dda1ce23f -> recovery/20261006/retired/codex-b-3718-browser-time-every-offer-186dda1ce23f
2026-10-08T22:00:31.5936586Z  * [new tag]             recovery/20261006/retired/codex-b-3718-button-indicator-contracts-59bdd2be9d1f -> recovery/20261006/retired/codex-b-3718-button-indicator-contracts-59bdd2be9d1f
2026-10-08T22:00:31.5937843Z  * [new tag]             recovery/20261006/retired/codex-b-3718-calendar-contracts-8a450eaa8579 -> recovery/20261006/retired/codex-b-3718-calendar-contracts-8a450eaa8579
2026-10-08T22:00:31.5938999Z  * [new tag]             recovery/20261006/retired/codex-b-3718-calendar-offers-d52ff0d48a75 -> recovery/20261006/retired/codex-b-3718-calendar-offers-d52ff0d48a75
2026-10-08T22:00:31.5940084Z  * [new tag]             recovery/20261006/retired/codex-b-3718-chat-offers-38c50692de57 -> recovery/20261006/retired/codex-b-3718-chat-offers-38c50692de57
2026-10-08T22:00:31.5941221Z  * [new tag]             recovery/20261006/retired/codex-b-3718-conduitos-functional-7c5e1edc19b3 -> recovery/20261006/retired/codex-b-3718-conduitos-functional-7c5e1edc19b3
2026-10-08T22:00:31.5942510Z  * [new tag]             recovery/20261006/retired/codex-b-3718-conduitos-http-257dce4f27be -> recovery/20261006/retired/codex-b-3718-conduitos-http-257dce4f27be
2026-10-08T22:00:31.5943804Z  * [new tag]             recovery/20261006/retired/codex-b-3718-conversation-commit-contracts-74aad34e2d74 -> recovery/20261006/retired/codex-b-3718-conversation-commit-contracts-74aad34e2d74
2026-10-08T22:00:31.5945441Z  * [new tag]             recovery/20261006/retired/codex-b-3718-copy-result-presentation-84861c718fd2 -> recovery/20261006/retired/codex-b-3718-copy-result-presentation-84861c718fd2
2026-10-08T22:00:31.5946625Z  * [new tag]             recovery/20261006/retired/codex-b-3718-data-offers-989a5b17c447 -> recovery/20261006/retired/codex-b-3718-data-offers-989a5b17c447
2026-10-08T22:00:31.5947955Z  * [new tag]             recovery/20261006/retired/codex-b-3718-domain-specimen-contracts-89d1396451bd -> recovery/20261006/retired/codex-b-3718-domain-specimen-contracts-89d1396451bd
2026-10-08T22:00:31.5949205Z  * [new tag]             recovery/20261006/retired/codex-b-3718-flow-state-contracts-70d410c87b28 -> recovery/20261006/retired/codex-b-3718-flow-state-contracts-70d410c87b28
2026-10-08T22:00:31.5950483Z  * [new tag]             recovery/20261006/retired/codex-b-3718-generalized-input-contracts-8ace73def64f -> recovery/20261006/retired/codex-b-3718-generalized-input-contracts-8ace73def64f
2026-10-08T22:00:31.5951710Z  * [new tag]             recovery/20261006/retired/codex-b-3718-geometry-offers-d7154dbea0e3 -> recovery/20261006/retired/codex-b-3718-geometry-offers-d7154dbea0e3
2026-10-08T22:00:31.5952885Z  * [new tag]             recovery/20261006/retired/codex-b-3718-house-prompt-contract-1a8a6f8d479e -> recovery/20261006/retired/codex-b-3718-house-prompt-contract-1a8a6f8d479e
2026-10-08T22:00:31.5954021Z  * [new tag]             recovery/20261006/retired/codex-b-3718-http-offers-3b353552d933 -> recovery/20261006/retired/codex-b-3718-http-offers-3b353552d933
2026-10-08T22:00:31.5955327Z  * [new tag]             recovery/20261006/retired/codex-b-3718-image-text-contracts-1e40a22c3cb9 -> recovery/20261006/retired/codex-b-3718-image-text-contracts-1e40a22c3cb9
2026-10-08T22:00:31.5956541Z  * [new tag]             recovery/20261006/retired/codex-b-3718-isolated-http-offer-5f9f62b561c5 -> recovery/20261006/retired/codex-b-3718-isolated-http-offer-5f9f62b561c5
2026-10-08T22:00:31.5957694Z  * [new tag]             recovery/20261006/retired/codex-b-3718-json-contracts-6b3a50fd444a -> recovery/20261006/retired/codex-b-3718-json-contracts-6b3a50fd444a
2026-10-08T22:00:31.5958828Z  * [new tag]             recovery/20261006/retired/codex-b-3718-keyboard-contract-cff651cedc0a -> recovery/20261006/retired/codex-b-3718-keyboard-contract-cff651cedc0a
2026-10-08T22:00:31.5959994Z  * [new tag]             recovery/20261006/retired/codex-b-3718-linguistics-offers-1638b112cb5d -> recovery/20261006/retired/codex-b-3718-linguistics-offers-1638b112cb5d
2026-10-08T22:00:31.5961207Z  * [new tag]             recovery/20261006/retired/codex-b-3718-local-vision-contracts-349c04200fe7 -> recovery/20261006/retired/codex-b-3718-local-vision-contracts-349c04200fe7
2026-10-08T22:00:31.5962391Z  * [new tag]             recovery/20261006/retired/codex-b-3718-messaging-offers-8d9332856bc5 -> recovery/20261006/retired/codex-b-3718-messaging-offers-8d9332856bc5
2026-10-08T22:00:31.5963561Z  * [new tag]             recovery/20261006/retired/codex-b-3718-microphone-contract-a0b6d075a163 -> recovery/20261006/retired/codex-b-3718-microphone-contract-a0b6d075a163
2026-10-08T22:00:31.5964764Z  * [new tag]             recovery/20261006/retired/codex-b-3718-model-text-contracts-e9ec0761b2f4 -> recovery/20261006/retired/codex-b-3718-model-text-contracts-e9ec0761b2f4
2026-10-08T22:00:31.5966151Z  * [new tag]             recovery/20261006/retired/codex-b-3718-morse-composition-contract-3d767dd1a58c -> recovery/20261006/retired/codex-b-3718-morse-composition-contract-3d767dd1a58c
2026-10-08T22:00:31.5967541Z  * [new tag]             recovery/20261006/retired/codex-b-3718-navigation-contracts-a0ed3856d15d -> recovery/20261006/retired/codex-b-3718-navigation-contracts-a0ed3856d15d
2026-10-08T22:00:31.5968708Z  * [new tag]             recovery/20261006/retired/codex-b-3718-network-offers-f1bf1bb629fa -> recovery/20261006/retired/codex-b-3718-network-offers-f1bf1bb629fa
2026-10-08T22:00:31.5969945Z  * [new tag]             recovery/20261006/retired/codex-b-3718-normalized-pattern-contract-fc9720f7fb41 -> recovery/20261006/retired/codex-b-3718-normalized-pattern-contract-fc9720f7fb41
2026-10-08T22:00:31.5971210Z  * [new tag]             recovery/20261006/retired/codex-b-3718-offer-construction-be68c441b713 -> recovery/20261006/retired/codex-b-3718-offer-construction-be68c441b713
2026-10-08T22:00:31.5972366Z  * [new tag]             recovery/20261006/retired/codex-b-3718-offer-drift-guard-b4594e1ec129 -> recovery/20261006/retired/codex-b-3718-offer-drift-guard-b4594e1ec129
2026-10-08T22:00:31.5973742Z  * [new tag]             recovery/20261006/retired/codex-b-3718-pattern-comparison-contract-6b29a669e02c -> recovery/20261006/retired/codex-b-3718-pattern-comparison-contract-6b29a669e02c
2026-10-08T22:00:31.5975166Z  * [new tag]             recovery/20261006/retired/codex-b-3718-pete-robotics-59e8d3cf5f9b -> recovery/20261006/retired/codex-b-3718-pete-robotics-59e8d3cf5f9b
2026-10-08T22:00:31.5976362Z  * [new tag]             recovery/20261006/retired/codex-b-3718-presentation-identities-8764d94766e6 -> recovery/20261006/retired/codex-b-3718-presentation-identities-8764d94766e6
2026-10-08T22:00:31.5977588Z  * [new tag]             recovery/20261006/retired/codex-b-3718-presentation-offers-6acbc51d2e36 -> recovery/20261006/retired/codex-b-3718-presentation-offers-6acbc51d2e36
2026-10-08T22:00:31.5978845Z  * [new tag]             recovery/20261006/retired/codex-b-3718-pulse-observation-contract-4052550ceb4b -> recovery/20261006/retired/codex-b-3718-pulse-observation-contract-4052550ceb4b
2026-10-08T22:00:31.5980092Z  * [new tag]             recovery/20261006/retired/codex-b-3718-quantity-contracts-d5e178c96d04 -> recovery/20261006/retired/codex-b-3718-quantity-contracts-d5e178c96d04
2026-10-08T22:00:31.5981318Z  * [new tag]             recovery/20261006/retired/codex-b-3718-reaction-diffusion-offer-f0585bd1a5e5 -> recovery/20261006/retired/codex-b-3718-reaction-diffusion-offer-f0585bd1a5e5
2026-10-08T22:00:31.5982489Z  * [new tag]             recovery/20261006/retired/codex-b-3718-reboot-offer-b85cabe24098 -> recovery/20261006/retired/codex-b-3718-reboot-offer-b85cabe24098
2026-10-08T22:00:31.5983811Z  * [new tag]             recovery/20261006/retired/codex-b-3718-record-contracts-5aed63561292 -> recovery/20261006/retired/codex-b-3718-record-contracts-5aed63561292
2026-10-08T22:00:31.5985628Z  * [new tag]             recovery/20261006/retired/codex-b-3718-record-transcript-contract-69e3e2407597 -> recovery/20261006/retired/codex-b-3718-record-transcript-contract-69e3e2407597
2026-10-08T22:00:31.5987281Z  * [new tag]             recovery/20261006/retired/codex-b-3718-recorded-speech-offer-135951421f1e -> recovery/20261006/retired/codex-b-3718-recorded-speech-offer-135951421f1e
2026-10-08T22:00:31.5988491Z  * [new tag]             recovery/20261006/retired/codex-b-3718-robotics-contracts-cbeeccfea9d8 -> recovery/20261006/retired/codex-b-3718-robotics-contracts-cbeeccfea9d8
2026-10-08T22:00:31.5989658Z  * [new tag]             recovery/20261006/retired/codex-b-3718-signal-contracts-d2888b56f8c4 -> recovery/20261006/retired/codex-b-3718-signal-contracts-d2888b56f8c4
2026-10-08T22:00:31.5990865Z  * [new tag]             recovery/20261006/retired/codex-b-3718-speech-adapter-contracts-038cf6d12512 -> recovery/20261006/retired/codex-b-3718-speech-adapter-contracts-038cf6d12512
2026-10-08T22:00:31.5992047Z  * [new tag]             recovery/20261006/retired/codex-b-3718-speech-commit-e6fb26ab4438 -> recovery/20261006/retired/codex-b-3718-speech-commit-e6fb26ab4438
2026-10-08T22:00:31.5993426Z  * [new tag]             recovery/20261006/retired/codex-b-3718-speech-recognition-contracts-484a15e3dfef -> recovery/20261006/retired/codex-b-3718-speech-recognition-contracts-484a15e3dfef
2026-10-08T22:00:31.5994720Z  * [new tag]             recovery/20261006/retired/codex-b-3718-state-input-contracts-53b46daf1ab7 -> recovery/20261006/retired/codex-b-3718-state-input-contracts-53b46daf1ab7
2026-10-08T22:00:31.5996195Z  * [new tag]             recovery/20261006/retired/codex-b-3718-std-contract-migration-2-e35afad9a726 -> recovery/20261006/retired/codex-b-3718-std-contract-migration-2-e35afad9a726
2026-10-08T22:00:31.5997448Z  * [new tag]             recovery/20261006/retired/codex-b-3718-std-offer-migration-5cadbd9ed289 -> recovery/20261006/retired/codex-b-3718-std-offer-migration-5cadbd9ed289
2026-10-08T22:00:31.5998704Z  * [new tag]             recovery/20261006/retired/codex-b-3718-structured-music-contracts-1386ec11615d -> recovery/20261006/retired/codex-b-3718-structured-music-contracts-1386ec11615d
2026-10-08T22:00:31.6000171Z  * [new tag]             recovery/20261006/retired/codex-b-3718-structured-selector-contract-a87f9e647461 -> recovery/20261006/retired/codex-b-3718-structured-selector-contract-a87f9e647461
2026-10-08T22:00:31.6001423Z  * [new tag]             recovery/20261006/retired/codex-b-3718-structured-values-aa73ef9fa4ab -> recovery/20261006/retired/codex-b-3718-structured-values-aa73ef9fa4ab
2026-10-08T22:00:31.6002658Z  * [new tag]             recovery/20261006/retired/codex-b-3718-template-storage-contract-d97724a4daa2 -> recovery/20261006/retired/codex-b-3718-template-storage-contract-d97724a4daa2
2026-10-08T22:00:31.6003851Z  * [new tag]             recovery/20261006/retired/codex-b-3718-text-contracts-830b5f2c4ebd -> recovery/20261006/retired/codex-b-3718-text-contracts-830b5f2c4ebd
2026-10-08T22:00:31.6005089Z  * [new tag]             recovery/20261006/retired/codex-b-3718-text-lab-offer-0e5608d4c0dc -> recovery/20261006/retired/codex-b-3718-text-lab-offer-0e5608d4c0dc
2026-10-08T22:00:31.6006252Z  * [new tag]             recovery/20261006/retired/codex-b-3718-text-state-contract-fb55b2a2ee96 -> recovery/20261006/retired/codex-b-3718-text-state-contract-fb55b2a2ee96
2026-10-08T22:00:31.6007456Z  * [new tag]             recovery/20261006/retired/codex-b-3718-timed-button-contract-37f31c3313df -> recovery/20261006/retired/codex-b-3718-timed-button-contract-37f31c3313df
2026-10-08T22:00:31.6008633Z  * [new tag]             recovery/20261006/retired/codex-b-3718-timing-contracts-49814708f16b -> recovery/20261006/retired/codex-b-3718-timing-contracts-49814708f16b
2026-10-08T22:00:31.6009745Z  * [new tag]             recovery/20261006/retired/codex-b-3718-tongues-offers-3b7724119679 -> recovery/20261006/retired/codex-b-3718-tongues-offers-3b7724119679
2026-10-08T22:00:31.6010920Z  * [new tag]             recovery/20261006/retired/codex-b-3718-typed-record-contracts-ceba1efe5aa8 -> recovery/20261006/retired/codex-b-3718-typed-record-contracts-ceba1efe5aa8
2026-10-08T22:00:31.6012141Z  * [new tag]             recovery/20261006/retired/codex-b-3718-workflow-contracts-3a20d1f5ab9e -> recovery/20261006/retired/codex-b-3718-workflow-contracts-3a20d1f5ab9e
2026-10-08T22:00:31.6013388Z  * [new tag]             recovery/20261006/retired/codex-b-3724-canonical-startup-contract-84ab9ec2fc5e -> recovery/20261006/retired/codex-b-3724-canonical-startup-contract-84ab9ec2fc5e
2026-10-08T22:00:31.6014621Z  * [new tag]             recovery/20261006/retired/codex-b-3725-domain-ownership-e297581cb795 -> recovery/20261006/retired/codex-b-3725-domain-ownership-e297581cb795
2026-10-08T22:00:31.6015912Z  * [new tag]             recovery/20261006/retired/codex-b-3746-creche-retirement-55a09b86ddd2 -> recovery/20261006/retired/codex-b-3746-creche-retirement-55a09b86ddd2
2026-10-08T22:00:31.6017105Z  * [new tag]             recovery/20261006/retired/codex-b-conduitos-protected-relay-e7ae99d19d67 -> recovery/20261006/retired/codex-b-conduitos-protected-relay-e7ae99d19d67
2026-10-08T22:00:31.6018453Z  * [new tag]             recovery/20261006/retired/codex-backlog-aspiration-refresh-4013b6e540ca -> recovery/20261006/retired/codex-backlog-aspiration-refresh-4013b6e540ca
2026-10-08T22:00:31.6019674Z  * [new tag]             recovery/20261006/retired/codex-backlog-inflection-refresh-6af3dd05246b -> recovery/20261006/retired/codex-backlog-inflection-refresh-6af3dd05246b
2026-10-08T22:00:31.6020874Z  * [new tag]             recovery/20261006/retired/codex-backlog-native-ud-refresh-a6191f27a788 -> recovery/20261006/retired/codex-backlog-native-ud-refresh-a6191f27a788
2026-10-08T22:00:31.6021976Z  * [new tag]             recovery/20261006/retired/codex-backlog-omnibus-2956ba470f6a -> recovery/20261006/retired/codex-backlog-omnibus-2956ba470f6a
2026-10-08T22:00:31.6023121Z  * [new tag]             recovery/20261006/retired/codex-backlog-owner-wardrobe-repair-da3fb59f012d -> recovery/20261006/retired/codex-backlog-owner-wardrobe-repair-da3fb59f012d
2026-10-08T22:00:31.6024487Z  * [new tag]             recovery/20261006/retired/codex-backlog-protocol-refresh-22b7e019e851 -> recovery/20261006/retired/codex-backlog-protocol-refresh-22b7e019e851
2026-10-08T22:00:31.6025861Z  * [new tag]             recovery/20261006/retired/codex-board-integrated-after-3651-6af3772dd93d -> recovery/20261006/retired/codex-board-integrated-after-3651-6af3772dd93d
2026-10-08T22:00:31.6027032Z  * [new tag]             recovery/20261006/retired/codex-global-default-choice-28c22cbd7395 -> recovery/20261006/retired/codex-global-default-choice-28c22cbd7395
2026-10-08T22:00:31.6028153Z  * [new tag]             recovery/20261006/retired/codex-global-default-intent-6f53c0588567 -> recovery/20261006/retired/codex-global-default-intent-6f53c0588567
2026-10-08T22:00:31.6029255Z  * [new tag]             recovery/20261006/retired/codex-global-default-voice-b4b367c00382 -> recovery/20261006/retired/codex-global-default-voice-b4b367c00382
2026-10-08T22:00:31.6030399Z  * [new tag]             recovery/20261006/retired/codex-global-intent-realization-956d095b81f4 -> recovery/20261006/retired/codex-global-intent-realization-956d095b81f4
2026-10-08T22:00:31.6031593Z  * [new tag]             recovery/20261006/retired/codex-global-phoneme-admission-389d8678b728 -> recovery/20261006/retired/codex-global-phoneme-admission-389d8678b728
2026-10-08T22:00:31.6032808Z  * [new tag]             recovery/20261006/retired/codex-global-rule-voice-realization-94eebd3065ca -> recovery/20261006/retired/codex-global-rule-voice-realization-94eebd3065ca
2026-10-08T22:00:31.6034040Z  * [new tag]             recovery/20261006/retired/codex-native-feature-aspiration-9e8d952e16d9 -> recovery/20261006/retired/codex-native-feature-aspiration-9e8d952e16d9
2026-10-08T22:00:31.6035397Z  * [new tag]             recovery/20261006/retired/codex-native-language-lock-repair-f6ece6772f7f -> recovery/20261006/retired/codex-native-language-lock-repair-f6ece6772f7f
2026-10-08T22:00:31.6036717Z  * [new tag]             recovery/20261006/retired/codex-native-regular-inflection-current-dev-10891c979b31 -> recovery/20261006/retired/codex-native-regular-inflection-current-dev-10891c979b31
2026-10-08T22:00:31.6037963Z  * [new tag]             recovery/20261006/retired/codex-native-rule-output-d9c8ca477bc0 -> recovery/20261006/retired/codex-native-rule-output-d9c8ca477bc0
2026-10-08T22:00:31.6039150Z  * [new tag]             recovery/20261006/retired/codex-native-speech-explicit-duration-5d45fd4ded3f -> recovery/20261006/retired/codex-native-speech-explicit-duration-5d45fd4ded3f
2026-10-08T22:00:31.6040416Z  * [new tag]             recovery/20261006/retired/codex-native-speech-rich-profile-c3d738cce79a -> recovery/20261006/retired/codex-native-speech-rich-profile-c3d738cce79a
2026-10-08T22:00:31.6041597Z  * [new tag]             recovery/20261006/retired/codex-native-ud-arc-admission-a9b11f0a79ec -> recovery/20261006/retired/codex-native-ud-arc-admission-a9b11f0a79ec
2026-10-08T22:00:31.6042717Z  * [new tag]             recovery/20261006/retired/codex-native-ud-relations-adf4d25ba103 -> recovery/20261006/retired/codex-native-ud-relations-adf4d25ba103
2026-10-08T22:00:31.6044037Z  * [new tag]             recovery/20261006/retired/codex-release-3920-browser-relay-036c7de07765 -> recovery/20261006/retired/codex-release-3920-browser-relay-036c7de07765
2026-10-08T22:00:31.6045335Z  * [new tag]             recovery/20261006/retired/codex-repair-3730-linguistics-7a0570f67031 -> recovery/20261006/retired/codex-repair-3730-linguistics-7a0570f67031
2026-10-08T22:00:31.6046529Z  * [new tag]             recovery/20261006/retired/codex-repair-3731-domain-ownership-cb9789dea2e9 -> recovery/20261006/retired/codex-repair-3731-domain-ownership-cb9789dea2e9
2026-10-08T22:00:31.6047705Z  * [new tag]             recovery/20261006/retired/codex-service-browser-window-a443ec7f7d18 -> recovery/20261006/retired/codex-service-browser-window-a443ec7f7d18
2026-10-08T22:00:31.6048765Z  * [new tag]             recovery/20261006/retired/codex-slash-justfile-c349287d05cd -> recovery/20261006/retired/codex-slash-justfile-c349287d05cd
2026-10-08T22:00:31.6049956Z  * [new tag]             recovery/20261006/retired/codex-source-terminal-state-793481612322 -> recovery/20261006/retired/codex-source-terminal-state-793481612322
2026-10-08T22:00:31.6051069Z  * [new tag]             recovery/20261006/retired/codex-sourced-global-intent-90dc21fb6628 -> recovery/20261006/retired/codex-sourced-global-intent-90dc21fb6628
2026-10-08T22:00:31.6052288Z  * [new tag]             recovery/20261006/retired/codex-speech-intent-foundation-repair-fb9ba023a195 -> recovery/20261006/retired/codex-speech-intent-foundation-repair-fb9ba023a195
2026-10-08T22:00:31.6053548Z  * [new tag]             recovery/20261006/retired/codex-three-bodies-mask-journey-5169b46a604c -> recovery/20261006/retired/codex-three-bodies-mask-journey-5169b46a604c
2026-10-08T22:00:31.6054710Z  * [new tag]             recovery/20261006/retired/codex-total-omnibus-current-c208ae9fd71b -> recovery/20261006/retired/codex-total-omnibus-current-c208ae9fd71b
2026-10-08T22:00:31.6055972Z  * [new tag]             recovery/20261006/retired/codex-xtask-check-scopes-54d7d057ed28 -> recovery/20261006/retired/codex-xtask-check-scopes-54d7d057ed28
2026-10-08T22:00:31.6057090Z  * [new tag]             recovery/20261006/retired/codex-xtask-intent-audio-midi-d57bf240860d -> recovery/20261006/retired/codex-xtask-intent-audio-midi-d57bf240860d
2026-10-08T22:00:31.6058192Z  * [new tag]             recovery/20261006/retired/codex-xtask-intent-pete-596357b7ab3f -> recovery/20261006/retired/codex-xtask-intent-pete-596357b7ab3f
2026-10-08T22:00:31.6059315Z  * [new tag]             recovery/20261006/retired/codex-xtask-prove-coordination-db485cb05371 -> recovery/20261006/retired/codex-xtask-prove-coordination-db485cb05371
2026-10-08T22:00:31.6060425Z  * [new tag]             recovery/20261006/retired/codex-xtask-retire-demo-c22eaed9ea28 -> recovery/20261006/retired/codex-xtask-retire-demo-c22eaed9ea28
2026-10-08T22:00:31.6061380Z  * [new tag]             release-001845eba63d4fb6f3472de9fc33089d2a1f7d6e -> release-001845eba63d4fb6f3472de9fc33089d2a1f7d6e
2026-10-08T22:00:31.6062251Z  * [new tag]             release-01b016fc7c5c0b3acb5f81078edcf2d9a75c158c -> release-01b016fc7c5c0b3acb5f81078edcf2d9a75c158c
2026-10-08T22:00:31.6063104Z  * [new tag]             release-027c4f423223e98ca051693221165d998cebde8f -> release-027c4f423223e98ca051693221165d998cebde8f
2026-10-08T22:00:31.6063954Z  * [new tag]             release-02ecbc0a99672819bbf5810fca973b76bb361068 -> release-02ecbc0a99672819bbf5810fca973b76bb361068
2026-10-08T22:00:31.6064800Z  * [new tag]             release-0eebcc254044a05e6c3427a4844e627dd6c63b07 -> release-0eebcc254044a05e6c3427a4844e627dd6c63b07
2026-10-08T22:00:31.6065768Z  * [new tag]             release-0fea630c0327fe5b14f3d06c83b45c380836a73e -> release-0fea630c0327fe5b14f3d06c83b45c380836a73e
2026-10-08T22:00:31.6066614Z  * [new tag]             release-11cc70175696782b1c22bc0174fc304c6d0d00a8 -> release-11cc70175696782b1c22bc0174fc304c6d0d00a8
2026-10-08T22:00:31.6067459Z  * [new tag]             release-16eb6053e2888ad28015b437e9a37b8cb6be349d -> release-16eb6053e2888ad28015b437e9a37b8cb6be349d
2026-10-08T22:00:31.6068439Z  * [new tag]             release-1876ecccacef607dec6b529a1d0d7bc89bd25a4f -> release-1876ecccacef607dec6b529a1d0d7bc89bd25a4f
2026-10-08T22:00:31.6069318Z  * [new tag]             release-18bd07bb6c1bf460082fffa408d731b4ea57d73f -> release-18bd07bb6c1bf460082fffa408d731b4ea57d73f
2026-10-08T22:00:31.6070169Z  * [new tag]             release-1afb89711f6c618ab50cb1092dc825fa0f2d8c58 -> release-1afb89711f6c618ab50cb1092dc825fa0f2d8c58
2026-10-08T22:00:31.6071016Z  * [new tag]             release-1b4d7bb3b8ff6b972f7477632c8649b4c160a294 -> release-1b4d7bb3b8ff6b972f7477632c8649b4c160a294
2026-10-08T22:00:31.6071869Z  * [new tag]             release-1ec25b49a70a46125c2e7d79f941cbade5ca7b66 -> release-1ec25b49a70a46125c2e7d79f941cbade5ca7b66
2026-10-08T22:00:31.6072720Z  * [new tag]             release-21f21bab09157ce98dde41888d6584032487adda -> release-21f21bab09157ce98dde41888d6584032487adda
2026-10-08T22:00:31.6073685Z  * [new tag]             release-2685a777ecfa52f6607eab35cc7ca6add9df2229 -> release-2685a777ecfa52f6607eab35cc7ca6add9df2229
2026-10-08T22:00:31.6074561Z  * [new tag]             release-2aacaa6bde9ec1aa3e56abb49999df6dec8a78db -> release-2aacaa6bde9ec1aa3e56abb49999df6dec8a78db
2026-10-08T22:00:31.6075585Z  * [new tag]             release-2e39f2eed5131a6b306f84862d371f70225cb3d4 -> release-2e39f2eed5131a6b306f84862d371f70225cb3d4
2026-10-08T22:00:31.6076436Z  * [new tag]             release-2e7d1b4cd1767dab1b5dd78aa2c101c6aa35924d -> release-2e7d1b4cd1767dab1b5dd78aa2c101c6aa35924d
2026-10-08T22:00:31.6077284Z  * [new tag]             release-31000d584550860f7324826ca5a7ebed0719bdfc -> release-31000d584550860f7324826ca5a7ebed0719bdfc
2026-10-08T22:00:31.6078113Z  * [new tag]             release-332b37e2af034f891153a05b577852c8fd5e7882 -> release-332b37e2af034f891153a05b577852c8fd5e7882
2026-10-08T22:00:31.6078953Z  * [new tag]             release-35a6603a39a6e8b812f5ad49166cf8925f97564f -> release-35a6603a39a6e8b812f5ad49166cf8925f97564f
2026-10-08T22:00:31.6079806Z  * [new tag]             release-36d330035fbc01e05225e9559424f5f14fd0c83a -> release-36d330035fbc01e05225e9559424f5f14fd0c83a
2026-10-08T22:00:31.6080663Z  * [new tag]             release-3907fec0c6256eb1dfb1fee045056c044b33decf -> release-3907fec0c6256eb1dfb1fee045056c044b33decf
2026-10-08T22:00:31.6081518Z  * [new tag]             release-391774a5d5bd753c3bb06c575e3a820ec388bf68 -> release-391774a5d5bd753c3bb06c575e3a820ec388bf68
2026-10-08T22:00:31.6082373Z  * [new tag]             release-3be4914d5fca80e81a4ddddccdd0877db87d4931 -> release-3be4914d5fca80e81a4ddddccdd0877db87d4931
2026-10-08T22:00:31.6083228Z  * [new tag]             release-3d780e728d1cd5fe57c2dc71569dd8e77fefb57e -> release-3d780e728d1cd5fe57c2dc71569dd8e77fefb57e
2026-10-08T22:00:31.6084087Z  * [new tag]             release-3e0c4967bc8e1c5f1d5eee77e68ec0d1f448595f -> release-3e0c4967bc8e1c5f1d5eee77e68ec0d1f448595f
2026-10-08T22:00:31.6085057Z  * [new tag]             release-408410e23ee2225595f1b6ef3b017868a0fffd6f -> release-408410e23ee2225595f1b6ef3b017868a0fffd6f
2026-10-08T22:00:31.6085911Z  * [new tag]             release-40b553c2f12ab0cfa205b3774509ee9ce639db6d -> release-40b553c2f12ab0cfa205b3774509ee9ce639db6d
2026-10-08T22:00:31.6086759Z  * [new tag]             release-42d6c212f9dac742c92025c5fde8c74dfbde4e47 -> release-42d6c212f9dac742c92025c5fde8c74dfbde4e47
2026-10-08T22:00:31.6087605Z  * [new tag]             release-433bcf390e00ee3f4be396106d8d290d0207699f -> release-433bcf390e00ee3f4be396106d8d290d0207699f
2026-10-08T22:00:31.6088451Z  * [new tag]             release-46ab9c2f68bb17c7194ff78b24ee65ba94917d75 -> release-46ab9c2f68bb17c7194ff78b24ee65ba94917d75
2026-10-08T22:00:31.6089290Z  * [new tag]             release-47cae77611c671d4b44460125f3728f99cf73bb6 -> release-47cae77611c671d4b44460125f3728f99cf73bb6
2026-10-08T22:00:31.6090122Z  * [new tag]             release-4881699e4d922e7106678f2eefbade44ec543a1b -> release-4881699e4d922e7106678f2eefbade44ec543a1b
2026-10-08T22:00:31.6091099Z  * [new tag]             release-49f0eb5c4771b285ce2d17161c7dcd05edfb9a40 -> release-49f0eb5c4771b285ce2d17161c7dcd05edfb9a40
2026-10-08T22:00:31.6091956Z  * [new tag]             release-4a204e1fd258a8e11278ff43edb9665ac85570f0 -> release-4a204e1fd258a8e11278ff43edb9665ac85570f0
2026-10-08T22:00:31.6092799Z  * [new tag]             release-51e9884e3f6738ae8d237987e339f3e198f9d738 -> release-51e9884e3f6738ae8d237987e339f3e198f9d738
2026-10-08T22:00:31.6093637Z  * [new tag]             release-52370b257b6188f2f6aba42cd8065489203ef78f -> release-52370b257b6188f2f6aba42cd8065489203ef78f
2026-10-08T22:00:31.6094471Z  * [new tag]             release-56326c9df80f2b424055b0f2a12323d19248c44f -> release-56326c9df80f2b424055b0f2a12323d19248c44f
2026-10-08T22:00:31.6095468Z  * [new tag]             release-575ebf2b909db91d11451420aa830a4e7235d4ac -> release-575ebf2b909db91d11451420aa830a4e7235d4ac
2026-10-08T22:00:31.6096464Z  * [new tag]             release-5b57fa034dffc60cc5fccc99fb3a0bdd92ca831b -> release-5b57fa034dffc60cc5fccc99fb3a0bdd92ca831b
2026-10-08T22:00:31.6097330Z  * [new tag]             release-5be5340248af5e82a4b5d54410f4ef745afdfa7c -> release-5be5340248af5e82a4b5d54410f4ef745afdfa7c
2026-10-08T22:00:31.6098178Z  * [new tag]             release-5ce79086e3ee0ced0fc4b99df150e64890104971 -> release-5ce79086e3ee0ced0fc4b99df150e64890104971
2026-10-08T22:00:31.6099017Z  * [new tag]             release-6183b3c233a80594a50735725cf78d7df650c40c -> release-6183b3c233a80594a50735725cf78d7df650c40c
2026-10-08T22:00:31.6099860Z  * [new tag]             release-61f8a40a173eb785d0bace51b2c90bcf5c1074a1 -> release-61f8a40a173eb785d0bace51b2c90bcf5c1074a1
2026-10-08T22:00:31.6100719Z  * [new tag]             release-6289b3df16bb9b6d42fb83b2e4c5a72ee03d3ee5 -> release-6289b3df16bb9b6d42fb83b2e4c5a72ee03d3ee5
2026-10-08T22:00:31.6101587Z  * [new tag]             release-62fbfacbbf35fd4aca39c2100c889246352ba819 -> release-62fbfacbbf35fd4aca39c2100c889246352ba819
2026-10-08T22:00:31.6102439Z  * [new tag]             release-63e90c0390d7cda3e34176944811e797e4c9c613 -> release-63e90c0390d7cda3e34176944811e797e4c9c613
2026-10-08T22:00:31.6103288Z  * [new tag]             release-6a301334e5ac81c6d40ecc17beedbc1081bf0a84 -> release-6a301334e5ac81c6d40ecc17beedbc1081bf0a84
2026-10-08T22:00:31.6104128Z  * [new tag]             release-6b678a36c965250a1db13d45b293a547d0a78b00 -> release-6b678a36c965250a1db13d45b293a547d0a78b00
2026-10-08T22:00:31.6105096Z  * [new tag]             release-6cc4ba02f2139716e454da8463ff28f0b3502814 -> release-6cc4ba02f2139716e454da8463ff28f0b3502814
2026-10-08T22:00:31.6105949Z  * [new tag]             release-6cc58a14764208543fad460bce5f6bf2a207d82d -> release-6cc58a14764208543fad460bce5f6bf2a207d82d
2026-10-08T22:00:31.6106809Z  * [new tag]             release-6efc44762c0c8c9779b51bbe86dc382dd1aeced7 -> release-6efc44762c0c8c9779b51bbe86dc382dd1aeced7
2026-10-08T22:00:31.6107662Z  * [new tag]             release-7014e10ccb2c6fe3559b8ffe533a5917b76bc862 -> release-7014e10ccb2c6fe3559b8ffe533a5917b76bc862
2026-10-08T22:00:31.6108509Z  * [new tag]             release-7283954d16316a912e6af790e871b61008ff4a29 -> release-7283954d16316a912e6af790e871b61008ff4a29
2026-10-08T22:00:31.6109344Z  * [new tag]             release-739718c80a7ca8894ab9e36d4c82fcd4c19e583c -> release-739718c80a7ca8894ab9e36d4c82fcd4c19e583c
2026-10-08T22:00:31.6110175Z  * [new tag]             release-7529270b3e51606f3485840b4a74053c5bea07b8 -> release-7529270b3e51606f3485840b4a74053c5bea07b8
2026-10-08T22:00:31.6111011Z  * [new tag]             release-770a4a62474e78da3c2a0ccddd3b2fa3591f8197 -> release-770a4a62474e78da3c2a0ccddd3b2fa3591f8197
2026-10-08T22:00:31.6111864Z  * [new tag]             release-78d8e98b5d8b38562a0c2f6ec055b0cc84d8d90d -> release-78d8e98b5d8b38562a0c2f6ec055b0cc84d8d90d
2026-10-08T22:00:31.6112707Z  * [new tag]             release-7991e50b4c8756ad2be2c0f238c6b220e325c6ee -> release-7991e50b4c8756ad2be2c0f238c6b220e325c6ee
2026-10-08T22:00:31.6113555Z  * [new tag]             release-7acbc416d21386ea60c6618978994ba83dac8136 -> release-7acbc416d21386ea60c6618978994ba83dac8136
2026-10-08T22:00:31.6114524Z  * [new tag]             release-7b03d378423fbdcc493fa901b1a72130379acc4d -> release-7b03d378423fbdcc493fa901b1a72130379acc4d
2026-10-08T22:00:31.6115544Z  * [new tag]             release-81a135cba4490794085bbcfd0b09b51db1db2134 -> release-81a135cba4490794085bbcfd0b09b51db1db2134
2026-10-08T22:00:31.6116389Z  * [new tag]             release-84411a1e1369c226bc849e93c3ab63d9cb0605fa -> release-84411a1e1369c226bc849e93c3ab63d9cb0605fa
2026-10-08T22:00:31.6117245Z  * [new tag]             release-84904771e67ccbd6bf87b80ccdf31a4eacf0fb0e -> release-84904771e67ccbd6bf87b80ccdf31a4eacf0fb0e
2026-10-08T22:00:31.6118099Z  * [new tag]             release-864964ce59531d3fda3b9ae676dad14d25dcca0a -> release-864964ce59531d3fda3b9ae676dad14d25dcca0a
2026-10-08T22:00:31.6118945Z  * [new tag]             release-87e368092bd4cc72240cb1229a84d30a360a7f90 -> release-87e368092bd4cc72240cb1229a84d30a360a7f90
2026-10-08T22:00:31.6119957Z  * [new tag]             release-8818b446aa6faf01dfe901cb20126ee4256edc97 -> release-8818b446aa6faf01dfe901cb20126ee4256edc97
2026-10-08T22:00:31.6120805Z  * [new tag]             release-8ac24a8eea83cae06158b85208d90979a89493e8 -> release-8ac24a8eea83cae06158b85208d90979a89493e8
2026-10-08T22:00:31.6121648Z  * [new tag]             release-8b216ee721a3fe492fd0d02fb4a3fa4b606519c1 -> release-8b216ee721a3fe492fd0d02fb4a3fa4b606519c1
2026-10-08T22:00:31.6122509Z  * [new tag]             release-90a17e38b31d09c6ec1e0eb17dd1cb9f62f87ff9 -> release-90a17e38b31d09c6ec1e0eb17dd1cb9f62f87ff9
2026-10-08T22:00:31.6123354Z  * [new tag]             release-976463aa709f43db46d89f7d55898ea2db3e17a4 -> release-976463aa709f43db46d89f7d55898ea2db3e17a4
2026-10-08T22:00:31.6124199Z  * [new tag]             release-99d3dd46a2fe01d7d117184921c9aff7da33f7d7 -> release-99d3dd46a2fe01d7d117184921c9aff7da33f7d7
2026-10-08T22:00:31.6125196Z  * [new tag]             release-9bf8f89bd937e2a3e13c128a10dfa1b63f51d893 -> release-9bf8f89bd937e2a3e13c128a10dfa1b63f51d893
2026-10-08T22:00:31.6126062Z  * [new tag]             release-a06600168677a5d91ab293cc04b0d0ebce382344 -> release-a06600168677a5d91ab293cc04b0d0ebce382344
2026-10-08T22:00:31.6126914Z  * [new tag]             release-a12eb786d4ced5b57dfa550bec0581fec9c5c2d7 -> release-a12eb786d4ced5b57dfa550bec0581fec9c5c2d7
2026-10-08T22:00:31.6127777Z  * [new tag]             release-a3b6edf83b4c5354b7c2091e6109188b2eb872ab -> release-a3b6edf83b4c5354b7c2091e6109188b2eb872ab
2026-10-08T22:00:31.6128646Z  * [new tag]             release-a6cbe9eec12feeeddfc2e88cce7d7a4a592b5fbe -> release-a6cbe9eec12feeeddfc2e88cce7d7a4a592b5fbe
2026-10-08T22:00:31.6129525Z  * [new tag]             release-a95efd41d209df01ada6e1b6eb0ad3a31694d61f -> release-a95efd41d209df01ada6e1b6eb0ad3a31694d61f
2026-10-08T22:00:31.6130382Z  * [new tag]             release-aa0207c094edc5c3d999a84b4bd94ffe84244ea0 -> release-aa0207c094edc5c3d999a84b4bd94ffe84244ea0
2026-10-08T22:00:31.6131246Z  * [new tag]             release-ad9df47da8e98e3d3f206df1a9bdbeae29e7655d -> release-ad9df47da8e98e3d3f206df1a9bdbeae29e7655d
2026-10-08T22:00:31.6132104Z  * [new tag]             release-adc05effe82356458007207c4fdb989243741b18 -> release-adc05effe82356458007207c4fdb989243741b18
2026-10-08T22:00:31.6132961Z  * [new tag]             release-ade28c3ac6f3f694b29513c2abb32f77bdd36575 -> release-ade28c3ac6f3f694b29513c2abb32f77bdd36575
2026-10-08T22:00:31.6133813Z  * [new tag]             release-ae8b29c1cf932618566452ff43d0185af05e3569 -> release-ae8b29c1cf932618566452ff43d0185af05e3569
2026-10-08T22:00:31.6134663Z  * [new tag]             release-afd39cf25c43f2b21be9ec65776b7c5a99d888c7 -> release-afd39cf25c43f2b21be9ec65776b7c5a99d888c7
2026-10-08T22:00:31.6135720Z  * [new tag]             release-b0486c6c03d1dc06a819b0badf83c28249258a81 -> release-b0486c6c03d1dc06a819b0badf83c28249258a81
2026-10-08T22:00:31.6136597Z  * [new tag]             release-b0ffd1310b07601ea4d960fd2a5b7fdbe86d2cd4 -> release-b0ffd1310b07601ea4d960fd2a5b7fdbe86d2cd4
2026-10-08T22:00:31.6137614Z  * [new tag]             release-b8979d81802c06a204dac1cce6d4c3adee14f7a7 -> release-b8979d81802c06a204dac1cce6d4c3adee14f7a7
2026-10-08T22:00:31.6138497Z  * [new tag]             release-b8bbd828afd1456faf7bd7c519e09d50f6406f51 -> release-b8bbd828afd1456faf7bd7c519e09d50f6406f51
2026-10-08T22:00:31.6139359Z  * [new tag]             release-ba5ab1438e6c5f55bee71043e0ae2d5c552bfbe9 -> release-ba5ab1438e6c5f55bee71043e0ae2d5c552bfbe9
2026-10-08T22:00:31.6140223Z  * [new tag]             release-bacb1971de3756ecbe7144639fb5de16b9fd60e5 -> release-bacb1971de3756ecbe7144639fb5de16b9fd60e5
2026-10-08T22:00:31.6141086Z  * [new tag]             release-bbdfe6c4ce74985a875994a69de7c933db561686 -> release-bbdfe6c4ce74985a875994a69de7c933db561686
2026-10-08T22:00:31.6141930Z  * [new tag]             release-bc302dbe73d11032875e6f153776d360e5289303 -> release-bc302dbe73d11032875e6f153776d360e5289303
2026-10-08T22:00:31.6142894Z  * [new tag]             release-bc78963dfba895c2fa36b0b6bc3c13957b280f70 -> release-bc78963dfba895c2fa36b0b6bc3c13957b280f70
2026-10-08T22:00:31.6143809Z  * [new tag]             release-bfbd3f46a3be7aed6c3bbe870ed7af184679b9d8 -> release-bfbd3f46a3be7aed6c3bbe870ed7af184679b9d8
2026-10-08T22:00:31.6144673Z  * [new tag]             release-c256418f3e375a1d261a80fff6cf05cdb2bd7ad1 -> release-c256418f3e375a1d261a80fff6cf05cdb2bd7ad1
2026-10-08T22:00:31.6145666Z  * [new tag]             release-c5af0cc2150500a03535cad6ce69e6b42fa59a81 -> release-c5af0cc2150500a03535cad6ce69e6b42fa59a81
2026-10-08T22:00:31.6146521Z  * [new tag]             release-c618372861a64aaac9c6f1ee31e7a31c77dbc4f3 -> release-c618372861a64aaac9c6f1ee31e7a31c77dbc4f3
2026-10-08T22:00:31.6147383Z  * [new tag]             release-c8e97dd8ba7748bc9848da531aeccfbd7fc234ee -> release-c8e97dd8ba7748bc9848da531aeccfbd7fc234ee
2026-10-08T22:00:31.6148237Z  * [new tag]             release-ca076749aa14b1e3a5d964d9dba32115f018ca2f -> release-ca076749aa14b1e3a5d964d9dba32115f018ca2f
2026-10-08T22:00:31.6149100Z  * [new tag]             release-ca778e0e9d3f0304bb29cfa96b8622fdcb7df823 -> release-ca778e0e9d3f0304bb29cfa96b8622fdcb7df823
2026-10-08T22:00:31.6149962Z  * [new tag]             release-cc2aae47b8e66bc47be5d980569d57a142f3cae5 -> release-cc2aae47b8e66bc47be5d980569d57a142f3cae5
2026-10-08T22:00:31.6150808Z  * [new tag]             release-ce3619665f4cd7683e625c5b63e657ee9101be65 -> release-ce3619665f4cd7683e625c5b63e657ee9101be65
2026-10-08T22:00:31.6151650Z  * [new tag]             release-d083598e5fe74c69ebb7759693d9cb6a359409af -> release-d083598e5fe74c69ebb7759693d9cb6a359409af
2026-10-08T22:00:31.6152564Z  * [new tag]             release-d2dd87601dc2e1dbbc1d8ab5e858fbf8fe9a115f -> release-d2dd87601dc2e1dbbc1d8ab5e858fbf8fe9a115f
2026-10-08T22:00:31.6153423Z  * [new tag]             release-d509ccd9a0b69c11e23329a009200d4130f39434 -> release-d509ccd9a0b69c11e23329a009200d4130f39434
2026-10-08T22:00:31.6154272Z  * [new tag]             release-db6365499ff3424d9502f9380eb09eacf6cc357c -> release-db6365499ff3424d9502f9380eb09eacf6cc357c
2026-10-08T22:00:31.6155268Z  * [new tag]             release-dca5553bca9bf40611ee70f6c495b468234b8f2e -> release-dca5553bca9bf40611ee70f6c495b468234b8f2e
2026-10-08T22:00:31.6156137Z  * [new tag]             release-dce9fe6a1e35bab4fe174cf1a93d0e593824b43e -> release-dce9fe6a1e35bab4fe174cf1a93d0e593824b43e
2026-10-08T22:00:31.6157004Z  * [new tag]             release-de93fa716c88cdb8e181d2b46f9222f5d6112ca3 -> release-de93fa716c88cdb8e181d2b46f9222f5d6112ca3
2026-10-08T22:00:31.6157866Z  * [new tag]             release-df17cde50cf5f8549ea6d0d0d432de75175a93ac -> release-df17cde50cf5f8549ea6d0d0d432de75175a93ac
2026-10-08T22:00:31.6158728Z  * [new tag]             release-e52b3d96c6e04335106ad3e389fcb2504eaca8e1 -> release-e52b3d96c6e04335106ad3e389fcb2504eaca8e1
2026-10-08T22:00:31.6159588Z  * [new tag]             release-e678ab559e9ff0aa8452175d45ac3ac02d1819d4 -> release-e678ab559e9ff0aa8452175d45ac3ac02d1819d4
2026-10-08T22:00:31.6160453Z  * [new tag]             release-eb928febf145ac21562dbc1692abf02af2bc2dc6 -> release-eb928febf145ac21562dbc1692abf02af2bc2dc6
2026-10-08T22:00:31.6161443Z  * [new tag]             release-ed28a4d18e55736a06c44032162e107c0d955bf1 -> release-ed28a4d18e55736a06c44032162e107c0d955bf1
2026-10-08T22:00:31.6162296Z  * [new tag]             release-f06a7fe7ba212f285a2243d9715d5b0732077cb6 -> release-f06a7fe7ba212f285a2243d9715d5b0732077cb6
2026-10-08T22:00:31.6163157Z  * [new tag]             release-f2362d62dcc4e63de0bddac86c3467dc4c78f365 -> release-f2362d62dcc4e63de0bddac86c3467dc4c78f365
2026-10-08T22:00:31.6164020Z  * [new tag]             release-f243cd2601899e3ff76086cccf63ff5aecef6c66 -> release-f243cd2601899e3ff76086cccf63ff5aecef6c66
2026-10-08T22:00:31.6164995Z  * [new tag]             release-f281d74a32aca69863f2fcf70d6c857d105540c7 -> release-f281d74a32aca69863f2fcf70d6c857d105540c7
2026-10-08T22:00:31.6165850Z  * [new tag]             release-f562fa371ff703d3b0e8f325aafb4e4a284794a4 -> release-f562fa371ff703d3b0e8f325aafb4e4a284794a4
2026-10-08T22:00:31.6166851Z  * [new tag]             release-f967dead4f207c8fc856f2c3a9fb2cd4cb2fde73 -> release-f967dead4f207c8fc856f2c3a9fb2cd4cb2fde73
2026-10-08T22:00:31.6167709Z  * [new tag]             release-fadea97b3560d40363148778b21dd15fc1fc19ff -> release-fadea97b3560d40363148778b21dd15fc1fc19ff
2026-10-08T22:00:31.6168561Z  * [new tag]             release-fbb01d9d047ab5a8438d12ea027517ebba2b0145 -> release-fbb01d9d047ab5a8438d12ea027517ebba2b0145
2026-10-08T22:00:31.6169439Z  * [new tag]             release-fdc9be1cd6dc2c2b918ef92bb52b5ee87c80e9cf -> release-fdc9be1cd6dc2c2b918ef92bb52b5ee87c80e9cf
2026-10-08T22:00:31.6170291Z  * [new tag]             release-fdd0852745a0b1d9ac39f5a7766f3378039561e2 -> release-fdd0852745a0b1d9ac39f5a7766f3378039561e2
2026-10-08T22:00:31.6171127Z  * [new tag]             release-ffe6802225f68923f998a32c3b6342f9730cf946 -> release-ffe6802225f68923f998a32c3b6342f9730cf946
2026-10-08T22:00:31.6172437Z ##[debug]0
2026-10-08T22:00:31.6172852Z ##[debug]
2026-10-08T22:00:31.6173318Z [command]/usr/bin/git rev-parse --verify --quiet d932da60c7f04bde62c797126e298e38aa9819d0^{object}
2026-10-08T22:00:31.6173860Z d932da60c7f04bde62c797126e298e38aa9819d0
2026-10-08T22:00:31.6174342Z ##[debug]0
2026-10-08T22:00:31.6174808Z ##[debug]d932da60c7f04bde62c797126e298e38aa9819d0
2026-10-08T22:00:31.6175323Z ##[debug]
2026-10-08T22:00:31.6175738Z ::endgroup::
2026-10-08T22:00:31.6175986Z ##[endgroup]
2026-10-08T22:00:31.6176419Z ::group::Determining the checkout info
2026-10-08T22:00:31.6176745Z ##[group]Determining the checkout info
2026-10-08T22:00:31.6177203Z ::endgroup::
2026-10-08T22:00:31.6177444Z ##[endgroup]
2026-10-08T22:00:31.6177729Z [command]/usr/bin/git sparse-checkout disable
2026-10-08T22:00:31.6178218Z ##[debug]0
2026-10-08T22:00:31.6178602Z ##[debug]
2026-10-08T22:00:31.6178969Z [command]/usr/bin/git config --local --unset-all extensions.worktreeConfig
2026-10-08T22:00:31.6179579Z ##[debug]0
2026-10-08T22:00:31.6179961Z ##[debug]
2026-10-08T22:00:31.6180355Z ::group::Checking out the ref
2026-10-08T22:00:31.6180643Z ##[group]Checking out the ref
2026-10-08T22:00:31.6181114Z [command]/usr/bin/git checkout --progress --force d932da60c7f04bde62c797126e298e38aa9819d0
2026-10-08T22:00:32.3987722Z Note: switching to 'd932da60c7f04bde62c797126e298e38aa9819d0'.
2026-10-08T22:00:32.3988367Z 
2026-10-08T22:00:32.3988814Z You are in 'detached HEAD' state. You can look around, make experimental
2026-10-08T22:00:32.3989829Z changes and commit them, and you can discard any commits you make in this
2026-10-08T22:00:32.3990545Z state without impacting any branches by switching back to a branch.
2026-10-08T22:00:32.3990918Z 
2026-10-08T22:00:32.3991173Z If you want to create a new branch to retain commits you create, you may
2026-10-08T22:00:32.3991765Z do so (now or later) by using -c with the switch command. Example:
2026-10-08T22:00:32.3992108Z 
2026-10-08T22:00:32.3992260Z   git switch -c <new-branch-name>
2026-10-08T22:00:32.3992618Z 
2026-10-08T22:00:32.3992762Z Or undo this operation with:
2026-10-08T22:00:32.3992991Z 
2026-10-08T22:00:32.3993112Z   git switch -
2026-10-08T22:00:32.3993306Z 
2026-10-08T22:00:32.3993812Z Turn off this advice by setting config variable advice.detachedHead to false
2026-10-08T22:00:32.3994231Z 
2026-10-08T22:00:32.3994510Z HEAD is now at d932da60c Record final portable foundation omnibus validation
2026-10-08T22:00:32.4039198Z ##[debug]0
2026-10-08T22:00:32.4039588Z ##[debug]
2026-10-08T22:00:32.4039946Z ::endgroup::
2026-10-08T22:00:32.4040155Z ##[endgroup]
2026-10-08T22:00:32.4078928Z ##[debug]0
2026-10-08T22:00:32.4079823Z ##[debug]commit d932da60c7f04bde62c797126e298e38aa9819d0
2026-10-08T22:00:32.4080476Z ##[debug]Author: Travis Reed <tdreed@gmail.com>
2026-10-08T22:00:32.4081070Z ##[debug]Date:   Thu Oct 8 14:12:09 2026 -0700
2026-10-08T22:00:32.4081400Z ##[debug]
2026-10-08T22:00:32.4081674Z ##[debug]    Record final portable foundation omnibus validation
2026-10-08T22:00:32.4082260Z ##[debug]
2026-10-08T22:00:32.4083876Z [command]/usr/bin/git log -1 --format=%H
2026-10-08T22:00:32.4107896Z d932da60c7f04bde62c797126e298e38aa9819d0
2026-10-08T22:00:32.4112627Z ##[debug]0
2026-10-08T22:00:32.4113571Z ##[debug]d932da60c7f04bde62c797126e298e38aa9819d0
2026-10-08T22:00:32.4114088Z ##[debug]
2026-10-08T22:00:32.4123687Z ::group::Removing auth
2026-10-08T22:00:32.4124187Z ##[group]Removing auth
2026-10-08T22:00:32.4124713Z Removing SSH command configuration
2026-10-08T22:00:32.4125882Z [command]/usr/bin/git config --local --name-only --get-regexp core\.sshCommand
2026-10-08T22:00:32.4153185Z ##[debug]1
2026-10-08T22:00:32.4153736Z ##[debug]
2026-10-08T22:00:32.4157466Z [command]/usr/bin/git submodule foreach --recursive sh -c "git config --local --name-only --get-regexp 'core\.sshCommand' && git config --local --unset-all 'core.sshCommand' || :"
2026-10-08T22:00:32.4380631Z ##[debug]0
2026-10-08T22:00:32.4381133Z ##[debug]
2026-10-08T22:00:32.4381400Z Removing HTTP extra header
2026-10-08T22:00:32.4384616Z [command]/usr/bin/git config --local --name-only --get-regexp http\.https\:\/\/github\.com\/\.extraheader
2026-10-08T22:00:32.4410286Z ##[debug]1
2026-10-08T22:00:32.4410889Z ##[debug]
2026-10-08T22:00:32.4414517Z [command]/usr/bin/git submodule foreach --recursive sh -c "git config --local --name-only --get-regexp 'http\.https\:\/\/github\.com\/\.extraheader' && git config --local --unset-all 'http.https://github.com/.extraheader' || :"
2026-10-08T22:00:32.4634111Z ##[debug]0
2026-10-08T22:00:32.4634596Z ##[debug]
2026-10-08T22:00:32.4635194Z Removing includeIf entries pointing to credentials config files
2026-10-08T22:00:32.4638701Z [command]/usr/bin/git config --local --name-only --get-regexp ^includeIf\.gitdir:
2026-10-08T22:00:32.4663911Z includeif.gitdir:/home/runner/work/conduit/conduit/.git.path
2026-10-08T22:00:32.4664793Z includeif.gitdir:/home/runner/work/conduit/conduit/.git/worktrees/*.path
2026-10-08T22:00:32.4665984Z includeif.gitdir:/github/workspace/.git.path
2026-10-08T22:00:32.4666374Z includeif.gitdir:/github/workspace/.git/worktrees/*.path
2026-10-08T22:00:32.4667719Z ##[debug]0
2026-10-08T22:00:32.4668283Z ##[debug]includeif.gitdir:/home/runner/work/conduit/conduit/.git.path
2026-10-08T22:00:32.4668770Z ##[debug]includeif.gitdir:/home/runner/work/conduit/conduit/.git/worktrees/*.path
2026-10-08T22:00:32.4669203Z ##[debug]includeif.gitdir:/github/workspace/.git.path
2026-10-08T22:00:32.4669578Z ##[debug]includeif.gitdir:/github/workspace/.git/worktrees/*.path
2026-10-08T22:00:32.4669910Z ##[debug]
2026-10-08T22:00:32.4672616Z [command]/usr/bin/git config --local --get-all includeif.gitdir:/home/runner/work/conduit/conduit/.git.path
2026-10-08T22:00:32.4694757Z /home/runner/work/_temp/git-credentials-a0ecc3df-97b5-4fb2-8ffc-70b4371e75a8.config
2026-10-08T22:00:32.4698135Z ##[debug]0
2026-10-08T22:00:32.4698903Z ##[debug]/home/runner/work/_temp/git-credentials-a0ecc3df-97b5-4fb2-8ffc-70b4371e75a8.config
2026-10-08T22:00:32.4699364Z ##[debug]
2026-10-08T22:00:32.4703952Z [command]/usr/bin/git config --local --unset includeif.gitdir:/home/runner/work/conduit/conduit/.git.path \/home\/runner\/work\/_temp\/git\-credentials\-a0ecc3df\-97b5\-4fb2\-8ffc\-70b4371e75a8\.config
2026-10-08T22:00:32.4732431Z ##[debug]0
2026-10-08T22:00:32.4732926Z ##[debug]
2026-10-08T22:00:32.4739778Z [command]/usr/bin/git config --local --get-all includeif.gitdir:/home/runner/work/conduit/conduit/.git/worktrees/*.path
2026-10-08T22:00:32.4763983Z /home/runner/work/_temp/git-credentials-a0ecc3df-97b5-4fb2-8ffc-70b4371e75a8.config
2026-10-08T22:00:32.4768235Z ##[debug]0
2026-10-08T22:00:32.4768852Z ##[debug]/home/runner/work/_temp/git-credentials-a0ecc3df-97b5-4fb2-8ffc-70b4371e75a8.config
2026-10-08T22:00:32.4769305Z ##[debug]
2026-10-08T22:00:32.4772692Z [command]/usr/bin/git config --local --unset includeif.gitdir:/home/runner/work/conduit/conduit/.git/worktrees/*.path \/home\/runner\/work\/_temp\/git\-credentials\-a0ecc3df\-97b5\-4fb2\-8ffc\-70b4371e75a8\.config
2026-10-08T22:00:32.4800317Z ##[debug]0
2026-10-08T22:00:32.4800688Z ##[debug]
2026-10-08T22:00:32.4804312Z [command]/usr/bin/git config --local --get-all includeif.gitdir:/github/workspace/.git.path
2026-10-08T22:00:32.4825744Z /github/runner_temp/git-credentials-a0ecc3df-97b5-4fb2-8ffc-70b4371e75a8.config
2026-10-08T22:00:32.4831870Z ##[debug]0
2026-10-08T22:00:32.4833097Z ##[debug]/github/runner_temp/git-credentials-a0ecc3df-97b5-4fb2-8ffc-70b4371e75a8.config
2026-10-08T22:00:32.4833640Z ##[debug]
2026-10-08T22:00:32.4838015Z [command]/usr/bin/git config --local --unset includeif.gitdir:/github/workspace/.git.path \/github\/runner_temp\/git\-credentials\-a0ecc3df\-97b5\-4fb2\-8ffc\-70b4371e75a8\.config
2026-10-08T22:00:32.4866384Z ##[debug]0
2026-10-08T22:00:32.4866765Z ##[debug]
2026-10-08T22:00:32.4870378Z [command]/usr/bin/git config --local --get-all includeif.gitdir:/github/workspace/.git/worktrees/*.path
2026-10-08T22:00:32.4891533Z /github/runner_temp/git-credentials-a0ecc3df-97b5-4fb2-8ffc-70b4371e75a8.config
2026-10-08T22:00:32.4894162Z ##[debug]0
2026-10-08T22:00:32.4894734Z ##[debug]/github/runner_temp/git-credentials-a0ecc3df-97b5-4fb2-8ffc-70b4371e75a8.config
2026-10-08T22:00:32.4895453Z ##[debug]
2026-10-08T22:00:32.4898434Z [command]/usr/bin/git config --local --unset includeif.gitdir:/github/workspace/.git/worktrees/*.path \/github\/runner_temp\/git\-credentials\-a0ecc3df\-97b5\-4fb2\-8ffc\-70b4371e75a8\.config
2026-10-08T22:00:32.4925623Z ##[debug]0
2026-10-08T22:00:32.4925992Z ##[debug]
2026-10-08T22:00:32.4929649Z [command]/usr/bin/git submodule foreach --recursive git config --local --show-origin --name-only --get-regexp remote.origin.url
2026-10-08T22:00:32.5149602Z ##[debug]0
2026-10-08T22:00:32.5150336Z ##[debug]
2026-10-08T22:00:32.5151621Z Removing credentials config '/home/runner/work/_temp/git-credentials-a0ecc3df-97b5-4fb2-8ffc-70b4371e75a8.config'
2026-10-08T22:00:32.5160227Z ##[debug]Skipping removal of credentials config '/github/runner_temp/git-credentials-a0ecc3df-97b5-4fb2-8ffc-70b4371e75a8.config' - not under RUNNER_TEMP
2026-10-08T22:00:32.5161340Z ::endgroup::
2026-10-08T22:00:32.5161680Z ##[endgroup]
2026-10-08T22:00:32.5162453Z ##[debug]Unsetting HOME override
2026-10-08T22:00:32.5166857Z ::remove-matcher owner=checkout-git::
2026-10-08T22:00:32.5179955Z ##[debug]Removed matchers: 'checkout-git'
2026-10-08T22:00:32.5245606Z ##[debug]Node Action run completed with exit code 0
2026-10-08T22:00:32.5279102Z ##[debug]Save intra-action state isPost = true
2026-10-08T22:00:32.5279590Z ##[debug]Save intra-action state setSafeDirectory = true
2026-10-08T22:00:32.5280062Z ##[debug]Save intra-action state repositoryPath = /home/runner/work/conduit/conduit
2026-10-08T22:00:32.5284351Z ##[debug]Set output commit = d932da60c7f04bde62c797126e298e38aa9819d0
2026-10-08T22:00:32.5285762Z ##[debug]Set output ref = 
2026-10-08T22:00:32.5302396Z ##[debug]Finishing: Run actions/checkout@v7.0.1
2026-10-08T22:00:32.5318889Z ##[debug]Evaluating condition for step: 'Run dtolnay/rust-toolchain@1.98.1'
2026-10-08T22:00:32.5322699Z ##[debug]Evaluating: success()
2026-10-08T22:00:32.5323134Z ##[debug]Evaluating success:
2026-10-08T22:00:32.5323629Z ##[debug]=> true
2026-10-08T22:00:32.5324066Z ##[debug]Result: true
2026-10-08T22:00:32.5325255Z ##[debug]Starting: Run dtolnay/rust-toolchain@1.98.1
2026-10-08T22:00:32.5479520Z ##[debug]Loading inputs
2026-10-08T22:00:32.5482294Z ##[debug]Loading env
2026-10-08T22:00:32.5490183Z ##[group]Run dtolnay/rust-toolchain@1.98.1
2026-10-08T22:00:32.5490470Z with:
2026-10-08T22:00:32.5490654Z env:
2026-10-08T22:00:32.5490844Z   CARGO_TERM_COLOR: always
2026-10-08T22:00:32.5491081Z   CARGO_INCREMENTAL: 0
2026-10-08T22:00:32.5491304Z   CARGO_PROFILE_DEV_DEBUG: 0
2026-10-08T22:00:32.5491548Z   CARGO_PROFILE_TEST_DEBUG: 0
2026-10-08T22:00:32.5491799Z   RUSTUP_TOOLCHAIN: 1.98.1
2026-10-08T22:00:32.5492107Z   CONDUIT_CHECKOUT_SHA: d932da60c7f04bde62c797126e298e38aa9819d0
2026-10-08T22:00:32.5492487Z ##[endgroup]
2026-10-08T22:00:32.5553270Z ##[debug]Set step '' display name to: 'Parse toolchain version'
2026-10-08T22:00:32.5556477Z ##[start-action display=Parse toolchain version;id=__dtolnay_rust-toolchain.parse]
2026-10-08T22:00:32.5557104Z ##[debug]Evaluating condition for step: 'Parse toolchain version'
2026-10-08T22:00:32.5558634Z ##[debug]Evaluating: success()
2026-10-08T22:00:32.5559008Z ##[debug]Evaluating success:
2026-10-08T22:00:32.5559766Z ##[debug]=> true
2026-10-08T22:00:32.5560160Z ##[debug]Result: true
2026-10-08T22:00:32.5567757Z ##[debug]Starting: Parse toolchain version
2026-10-08T22:00:32.5584790Z ##[debug]Loading inputs
2026-10-08T22:00:32.5587707Z ##[debug]Evaluating: format('if [[ -z $toolchain ]]; then
2026-10-08T22:00:32.5588289Z ##[debug]  # GitHub does not enforce `required: true` inputs itself. https://github.com/actions/runner/issues/1070
2026-10-08T22:00:32.5588837Z ##[debug]  echo "''toolchain'' is a required input" >&2
2026-10-08T22:00:32.5589140Z ##[debug]  exit 1
2026-10-08T22:00:32.5589493Z ##[debug]elif [[ $toolchain =~ ^stable'' ''[0-9]+'' ''(year|month|week|day)s?'' ''ago$ ]]; then
2026-10-08T22:00:32.5589918Z ##[debug]  if [[ {0} == macOS ]]; then
2026-10-08T22:00:32.5590436Z ##[debug]    echo "toolchain=1.$((($(date -v-$(sed ''s/stable \([0-9]*\) \(.\).*/\1\2/'' <<< $toolchain) +%s)/60/60/24-16569)/7/6))" >> $GITHUB_OUTPUT
2026-10-08T22:00:32.5590942Z ##[debug]  else
2026-10-08T22:00:32.5591340Z ##[debug]    echo "toolchain=1.$((($(date --date "${{toolchain#stable }}" +%s)/60/60/24-16569)/7/6))" >> $GITHUB_OUTPUT
2026-10-08T22:00:32.5591790Z ##[debug]  fi
2026-10-08T22:00:32.5592091Z ##[debug]elif [[ $toolchain =~ ^stable'' ''minus'' ''[0-9]+'' ''releases?$ ]]; then
2026-10-08T22:00:32.5592631Z ##[debug]  echo "toolchain=1.$((($(date +%s)/60/60/24-16569)/7/6-${{toolchain//[^0-9]/}}))" >> $GITHUB_OUTPUT
2026-10-08T22:00:32.5593084Z ##[debug]elif [[ $toolchain =~ ^1\.[0-9]+$ ]]; then
2026-10-08T22:00:32.5593625Z ##[debug]  echo "toolchain=1.$((i=${{toolchain#1.}}, c=($(date +%s)/60/60/24-16569)/7/6, i+9*i*(10*i<=c)+90*i*(100*i<=c)))" >> $GITHUB_OUTPUT
2026-10-08T22:00:32.5594139Z ##[debug]else
2026-10-08T22:00:32.5594383Z ##[debug]  echo "toolchain=$toolchain" >> $GITHUB_OUTPUT
2026-10-08T22:00:32.5594680Z ##[debug]fi
2026-10-08T22:00:32.5595088Z ##[debug]', runner.os)
2026-10-08T22:00:32.5595367Z ##[debug]Evaluating format:
2026-10-08T22:00:32.5599079Z ##[debug]..Evaluating String:
2026-10-08T22:00:32.5599595Z ##[debug]..=> 'if [[ -z $toolchain ]]; then
2026-10-08T22:00:32.5618665Z ##[debug]  # GitHub does not enforce `required: true` inputs itself. https://github.com/actions/runner/issues/1070
2026-10-08T22:00:32.5619738Z ##[debug]  echo "''toolchain'' is a required input" >&2
2026-10-08T22:00:32.5620220Z ##[debug]  exit 1
2026-10-08T22:00:32.5620764Z ##[debug]elif [[ $toolchain =~ ^stable'' ''[0-9]+'' ''(year|month|week|day)s?'' ''ago$ ]]; then
2026-10-08T22:00:32.5621421Z ##[debug]  if [[ {0} == macOS ]]; then
2026-10-08T22:00:32.5622550Z ##[debug]    echo "toolchain=1.$((($(date -v-$(sed ''s/stable \([0-9]*\) \(.\).*/\1\2/'' <<< $toolchain) +%s)/60/60/24-16569)/7/6))" >> $GITHUB_OUTPUT
2026-10-08T22:00:32.5623403Z ##[debug]  else
2026-10-08T22:00:32.5624061Z ##[debug]    echo "toolchain=1.$((($(date --date "${{toolchain#stable }}" +%s)/60/60/24-16569)/7/6))" >> $GITHUB_OUTPUT
2026-10-08T22:00:32.5624810Z ##[debug]  fi
2026-10-08T22:00:32.5625507Z ##[debug]elif [[ $toolchain =~ ^stable'' ''minus'' ''[0-9]+'' ''releases?$ ]]; then
2026-10-08T22:00:32.5626362Z ##[debug]  echo "toolchain=1.$((($(date +%s)/60/60/24-16569)/7/6-${{toolchain//[^0-9]/}}))" >> $GITHUB_OUTPUT
2026-10-08T22:00:32.5627105Z ##[debug]elif [[ $toolchain =~ ^1\.[0-9]+$ ]]; then
2026-10-08T22:00:32.5627941Z ##[debug]  echo "toolchain=1.$((i=${{toolchain#1.}}, c=($(date +%s)/60/60/24-16569)/7/6, i+9*i*(10*i<=c)+90*i*(100*i<=c)))" >> $GITHUB_OUTPUT
2026-10-08T22:00:32.5628740Z ##[debug]else
2026-10-08T22:00:32.5629126Z ##[debug]  echo "toolchain=$toolchain" >> $GITHUB_OUTPUT
2026-10-08T22:00:32.5629614Z ##[debug]fi
2026-10-08T22:00:32.5629905Z ##[debug]'
2026-10-08T22:00:32.5649530Z ##[debug]..Evaluating Index:
2026-10-08T22:00:32.5650034Z ##[debug]....Evaluating runner:
2026-10-08T22:00:32.5650442Z ##[debug]....=> Object
2026-10-08T22:00:32.5650707Z ##[debug]....Evaluating String:
2026-10-08T22:00:32.5650962Z ##[debug]....=> 'os'
2026-10-08T22:00:32.5651282Z ##[debug]..=> 'Linux'
2026-10-08T22:00:32.5652451Z ##[debug]=> 'if [[ -z $toolchain ]]; then
2026-10-08T22:00:32.5652988Z ##[debug]  # GitHub does not enforce `required: true` inputs itself. https://github.com/actions/runner/issues/1070
2026-10-08T22:00:32.5653541Z ##[debug]  echo "''toolchain'' is a required input" >&2
2026-10-08T22:00:32.5653832Z ##[debug]  exit 1
2026-10-08T22:00:32.5654166Z ##[debug]elif [[ $toolchain =~ ^stable'' ''[0-9]+'' ''(year|month|week|day)s?'' ''ago$ ]]; then
2026-10-08T22:00:32.5654568Z ##[debug]  if [[ Linux == macOS ]]; then
2026-10-08T22:00:32.5655351Z ##[debug]    echo "toolchain=1.$((($(date -v-$(sed ''s/stable \([0-9]*\) \(.\).*/\1\2/'' <<< $toolchain) +%s)/60/60/24-16569)/7/6))" >> $GITHUB_OUTPUT
2026-10-08T22:00:32.5655861Z ##[debug]  else
2026-10-08T22:00:32.5656247Z ##[debug]    echo "toolchain=1.$((($(date --date "${toolchain#stable }" +%s)/60/60/24-16569)/7/6))" >> $GITHUB_OUTPUT
2026-10-08T22:00:32.5656686Z ##[debug]  fi
2026-10-08T22:00:32.5656976Z ##[debug]elif [[ $toolchain =~ ^stable'' ''minus'' ''[0-9]+'' ''releases?$ ]]; then
2026-10-08T22:00:32.5657503Z ##[debug]  echo "toolchain=1.$((($(date +%s)/60/60/24-16569)/7/6-${toolchain//[^0-9]/}))" >> $GITHUB_OUTPUT
2026-10-08T22:00:32.5657954Z ##[debug]elif [[ $toolchain =~ ^1\.[0-9]+$ ]]; then
2026-10-08T22:00:32.5658477Z ##[debug]  echo "toolchain=1.$((i=${toolchain#1.}, c=($(date +%s)/60/60/24-16569)/7/6, i+9*i*(10*i<=c)+90*i*(100*i<=c)))" >> $GITHUB_OUTPUT
2026-10-08T22:00:32.5658986Z ##[debug]else
2026-10-08T22:00:32.5659229Z ##[debug]  echo "toolchain=$toolchain" >> $GITHUB_OUTPUT
2026-10-08T22:00:32.5659530Z ##[debug]fi
2026-10-08T22:00:32.5659712Z ##[debug]'
2026-10-08T22:00:32.5660003Z ##[debug]Result: 'if [[ -z $toolchain ]]; then
2026-10-08T22:00:32.5660521Z ##[debug]  # GitHub does not enforce `required: true` inputs itself. https://github.com/actions/runner/issues/1070
2026-10-08T22:00:32.5661054Z ##[debug]  echo "''toolchain'' is a required input" >&2
2026-10-08T22:00:32.5661358Z ##[debug]  exit 1
2026-10-08T22:00:32.5661701Z ##[debug]elif [[ $toolchain =~ ^stable'' ''[0-9]+'' ''(year|month|week|day)s?'' ''ago$ ]]; then
2026-10-08T22:00:32.5662115Z ##[debug]  if [[ Linux == macOS ]]; then
2026-10-08T22:00:32.5662630Z ##[debug]    echo "toolchain=1.$((($(date -v-$(sed ''s/stable \([0-9]*\) \(.\).*/\1\2/'' <<< $toolchain) +%s)/60/60/24-16569)/7/6))" >> $GITHUB_OUTPUT
2026-10-08T22:00:32.5663131Z ##[debug]  else
2026-10-08T22:00:32.5663525Z ##[debug]    echo "toolchain=1.$((($(date --date "${toolchain#stable }" +%s)/60/60/24-16569)/7/6))" >> $GITHUB_OUTPUT
2026-10-08T22:00:32.5663973Z ##[debug]  fi
2026-10-08T22:00:32.5664476Z ##[debug]elif [[ $toolchain =~ ^stable'' ''minus'' ''[0-9]+'' ''releases?$ ]]; then
2026-10-08T22:00:32.5665164Z ##[debug]  echo "toolchain=1.$((($(date +%s)/60/60/24-16569)/7/6-${toolchain//[^0-9]/}))" >> $GITHUB_OUTPUT
2026-10-08T22:00:32.5665632Z ##[debug]elif [[ $toolchain =~ ^1\.[0-9]+$ ]]; then
2026-10-08T22:00:32.5666150Z ##[debug]  echo "toolchain=1.$((i=${toolchain#1.}, c=($(date +%s)/60/60/24-16569)/7/6, i+9*i*(10*i<=c)+90*i*(100*i<=c)))" >> $GITHUB_OUTPUT
2026-10-08T22:00:32.5666643Z ##[debug]else
2026-10-08T22:00:32.5666889Z ##[debug]  echo "toolchain=$toolchain" >> $GITHUB_OUTPUT
2026-10-08T22:00:32.5667187Z ##[debug]fi
2026-10-08T22:00:32.5667365Z ##[debug]'
2026-10-08T22:00:32.5667806Z ##[debug]Loading env
2026-10-08T22:00:32.5681698Z ##[group]Run if [[ -z $toolchain ]]; then
2026-10-08T22:00:32.5682061Z [36;1mif [[ -z $toolchain ]]; then[0m
2026-10-08T22:00:32.5682598Z [36;1m  # GitHub does not enforce `required: true` inputs itself. https://github.com/actions/runner/issues/1070[0m
2026-10-08T22:00:32.5683166Z [36;1m  echo "'toolchain' is a required input" >&2[0m
2026-10-08T22:00:32.5683459Z [36;1m  exit 1[0m
2026-10-08T22:00:32.5683959Z [36;1melif [[ $toolchain =~ ^stable' '[0-9]+' '(year|month|week|day)s?' 'ago$ ]]; then[0m
2026-10-08T22:00:32.5684369Z [36;1m  if [[ Linux == macOS ]]; then[0m
2026-10-08T22:00:32.5685142Z [36;1m    echo "toolchain=1.$((($(date -v-$(sed 's/stable \([0-9]*\) \(.\).*/\1\2/' <<< $toolchain) +%s)/60/60/24-16569)/7/6))" >> $GITHUB_OUTPUT[0m
2026-10-08T22:00:32.5685662Z [36;1m  else[0m
2026-10-08T22:00:32.5686061Z [36;1m    echo "toolchain=1.$((($(date --date "${toolchain#stable }" +%s)/60/60/24-16569)/7/6))" >> $GITHUB_OUTPUT[0m
2026-10-08T22:00:32.5686518Z [36;1m  fi[0m
2026-10-08T22:00:32.5686817Z [36;1melif [[ $toolchain =~ ^stable' 'minus' '[0-9]+' 'releases?$ ]]; then[0m
2026-10-08T22:00:32.5687343Z [36;1m  echo "toolchain=1.$((($(date +%s)/60/60/24-16569)/7/6-${toolchain//[^0-9]/}))" >> $GITHUB_OUTPUT[0m
2026-10-08T22:00:32.5687815Z [36;1melif [[ $toolchain =~ ^1\.[0-9]+$ ]]; then[0m
2026-10-08T22:00:32.5688331Z [36;1m  echo "toolchain=1.$((i=${toolchain#1.}, c=($(date +%s)/60/60/24-16569)/7/6, i+9*i*(10*i<=c)+90*i*(100*i<=c)))" >> $GITHUB_OUTPUT[0m
2026-10-08T22:00:32.5688823Z [36;1melse[0m
2026-10-08T22:00:32.5689068Z [36;1m  echo "toolchain=$toolchain" >> $GITHUB_OUTPUT[0m
2026-10-08T22:00:32.5689371Z [36;1mfi[0m
2026-10-08T22:00:32.5942509Z shell: /usr/bin/bash --noprofile --norc -e -o pipefail {0}
2026-10-08T22:00:32.5942955Z env:
2026-10-08T22:00:32.5943209Z   CARGO_TERM_COLOR: always
2026-10-08T22:00:32.5943516Z   CARGO_INCREMENTAL: 0
2026-10-08T22:00:32.5943814Z   CARGO_PROFILE_DEV_DEBUG: 0
2026-10-08T22:00:32.5944133Z   CARGO_PROFILE_TEST_DEBUG: 0
2026-10-08T22:00:32.5944443Z   RUSTUP_TOOLCHAIN: 1.98.1
2026-10-08T22:00:32.5945025Z   CONDUIT_CHECKOUT_SHA: d932da60c7f04bde62c797126e298e38aa9819d0
2026-10-08T22:00:32.5945489Z   toolchain: 1.98.1
2026-10-08T22:00:32.5945754Z ##[endgroup]
2026-10-08T22:00:32.6029675Z ##[debug]/usr/bin/bash --noprofile --norc -e -o pipefail /home/runner/work/_temp/9314e9e8-c802-4748-9334-abeaba891ffe.sh
2026-10-08T22:00:32.6075884Z ##[debug]Set output toolchain = 1.98.1
2026-10-08T22:00:32.6080850Z ##[debug]Finished: Parse toolchain version
2026-10-08T22:00:32.6085880Z ##[end-action id=__dtolnay_rust-toolchain.parse;outcome=success;conclusion=success;duration_ms=52]
2026-10-08T22:00:32.6091037Z ##[debug]Evaluating: (inputs.targets || inputs.target || '')
2026-10-08T22:00:32.6091451Z ##[debug]Evaluating Or:
2026-10-08T22:00:32.6091714Z ##[debug]..Evaluating Index:
2026-10-08T22:00:32.6091978Z ##[debug]....Evaluating inputs:
2026-10-08T22:00:32.6092301Z ##[debug]....=> Object
2026-10-08T22:00:32.6092560Z ##[debug]....Evaluating String:
2026-10-08T22:00:32.6092827Z ##[debug]....=> 'targets'
2026-10-08T22:00:32.6093128Z ##[debug]..=> ''
2026-10-08T22:00:32.6093375Z ##[debug]..Evaluating Index:
2026-10-08T22:00:32.6093634Z ##[debug]....Evaluating inputs:
2026-10-08T22:00:32.6093881Z ##[debug]....=> Object
2026-10-08T22:00:32.6094291Z ##[debug]....Evaluating String:
2026-10-08T22:00:32.6094589Z ##[debug]....=> 'target'
2026-10-08T22:00:32.6095170Z ##[debug]..=> ''
2026-10-08T22:00:32.6095458Z ##[debug]..Evaluating String:
2026-10-08T22:00:32.6095709Z ##[debug]..=> ''
2026-10-08T22:00:32.6095935Z ##[debug]=> ''
2026-10-08T22:00:32.6096212Z ##[debug]Expanded: ('' || '' || '')
2026-10-08T22:00:32.6096467Z ##[debug]Result: ''
2026-10-08T22:00:32.6097084Z ##[debug]Evaluating: inputs.components
2026-10-08T22:00:32.6097379Z ##[debug]Evaluating Index:
2026-10-08T22:00:32.6097635Z ##[debug]..Evaluating inputs:
2026-10-08T22:00:32.6097903Z ##[debug]..=> Object
2026-10-08T22:00:32.6098150Z ##[debug]..Evaluating String:
2026-10-08T22:00:32.6098400Z ##[debug]..=> 'components'
2026-10-08T22:00:32.6098652Z ##[debug]=> ''
2026-10-08T22:00:32.6098864Z ##[debug]Result: ''
2026-10-08T22:00:32.6100062Z ##[debug]Set step '' display name to: 'Construct rustup command line'
2026-10-08T22:00:32.6100617Z ##[start-action display=Construct rustup command line;id=__dtolnay_rust-toolchain.flags]
2026-10-08T22:00:32.6101189Z ##[debug]Evaluating condition for step: 'Construct rustup command line'
2026-10-08T22:00:32.6102749Z ##[debug]Evaluating: success()
2026-10-08T22:00:32.6103131Z ##[debug]Evaluating success:
2026-10-08T22:00:32.6103629Z ##[debug]=> true
2026-10-08T22:00:32.6104003Z ##[debug]Result: true
2026-10-08T22:00:32.6104569Z ##[debug]Starting: Construct rustup command line
2026-10-08T22:00:32.6121710Z ##[debug]Loading inputs
2026-10-08T22:00:32.6123757Z ##[debug]Evaluating: format('echo "targets=$(for t in ${{targets//,/ }}; do echo -n '' --target'' $t; done)" >> $GITHUB_OUTPUT
2026-10-08T22:00:32.6124494Z ##[debug]echo "components=$(for c in ${{components//,/ }}; do echo -n '' --component'' $c; done)" >> $GITHUB_OUTPUT
2026-10-08T22:00:32.6125449Z ##[debug]echo "downgrade={0}" >> $GITHUB_OUTPUT
2026-10-08T22:00:32.6125964Z ##[debug]', (((steps.parse.outputs.toolchain == 'nightly') && inputs.components && ' --allow-downgrade') || ''))
2026-10-08T22:00:32.6126483Z ##[debug]Evaluating format:
2026-10-08T22:00:32.6126741Z ##[debug]..Evaluating String:
2026-10-08T22:00:32.6127207Z ##[debug]..=> 'echo "targets=$(for t in ${{targets//,/ }}; do echo -n '' --target'' $t; done)" >> $GITHUB_OUTPUT
2026-10-08T22:00:32.6127833Z ##[debug]echo "components=$(for c in ${{components//,/ }}; do echo -n '' --component'' $c; done)" >> $GITHUB_OUTPUT
2026-10-08T22:00:32.6128317Z ##[debug]echo "downgrade={0}" >> $GITHUB_OUTPUT
2026-10-08T22:00:32.6128596Z ##[debug]'
2026-10-08T22:00:32.6128972Z ##[debug]..Evaluating Or:
2026-10-08T22:00:32.6129251Z ##[debug]....Evaluating And:
2026-10-08T22:00:32.6129516Z ##[debug]......Evaluating Equal:
2026-10-08T22:00:32.6129781Z ##[debug]........Evaluating Index:
2026-10-08T22:00:32.6130043Z ##[debug]..........Evaluating Index:
2026-10-08T22:00:32.6130308Z ##[debug]............Evaluating Index:
2026-10-08T22:00:32.6130580Z ##[debug]..............Evaluating steps:
2026-10-08T22:00:32.6130888Z ##[debug]..............=> Object
2026-10-08T22:00:32.6131169Z ##[debug]..............Evaluating String:
2026-10-08T22:00:32.6131456Z ##[debug]..............=> 'parse'
2026-10-08T22:00:32.6131737Z ##[debug]............=> Object
2026-10-08T22:00:32.6131993Z ##[debug]............Evaluating String:
2026-10-08T22:00:32.6132270Z ##[debug]............=> 'outputs'
2026-10-08T22:00:32.6132528Z ##[debug]..........=> Object
2026-10-08T22:00:32.6132775Z ##[debug]..........Evaluating String:
2026-10-08T22:00:32.6133042Z ##[debug]..........=> 'toolchain'
2026-10-08T22:00:32.6133295Z ##[debug]........=> '1.98.1'
2026-10-08T22:00:32.6133545Z ##[debug]........Evaluating String:
2026-10-08T22:00:32.6133806Z ##[debug]........=> 'nightly'
2026-10-08T22:00:32.6134051Z ##[debug]......=> false
2026-10-08T22:00:32.6134277Z ##[debug]....=> false
2026-10-08T22:00:32.6134500Z ##[debug]....Evaluating String:
2026-10-08T22:00:32.6134744Z ##[debug]....=> ''
2026-10-08T22:00:32.6135228Z ##[debug]..=> ''
2026-10-08T22:00:32.6135879Z ##[debug]=> 'echo "targets=$(for t in ${targets//,/ }; do echo -n '' --target'' $t; done)" >> $GITHUB_OUTPUT
2026-10-08T22:00:32.6136548Z ##[debug]echo "components=$(for c in ${components//,/ }; do echo -n '' --component'' $c; done)" >> $GITHUB_OUTPUT
2026-10-08T22:00:32.6137051Z ##[debug]echo "downgrade=" >> $GITHUB_OUTPUT
2026-10-08T22:00:32.6137322Z ##[debug]'
2026-10-08T22:00:32.6137744Z ##[debug]Result: 'echo "targets=$(for t in ${targets//,/ }; do echo -n '' --target'' $t; done)" >> $GITHUB_OUTPUT
2026-10-08T22:00:32.6138377Z ##[debug]echo "components=$(for c in ${components//,/ }; do echo -n '' --component'' $c; done)" >> $GITHUB_OUTPUT
2026-10-08T22:00:32.6138851Z ##[debug]echo "downgrade=" >> $GITHUB_OUTPUT
2026-10-08T22:00:32.6139113Z ##[debug]'
2026-10-08T22:00:32.6139524Z ##[debug]Loading env
2026-10-08T22:00:32.6143686Z ##[group]Run echo "targets=$(for t in ${targets//,/ }; do echo -n ' --target' $t; done)" >> $GITHUB_OUTPUT
2026-10-08T22:00:32.6144325Z [36;1mecho "targets=$(for t in ${targets//,/ }; do echo -n ' --target' $t; done)" >> $GITHUB_OUTPUT[0m
2026-10-08T22:00:32.6145230Z [36;1mecho "components=$(for c in ${components//,/ }; do echo -n ' --component' $c; done)" >> $GITHUB_OUTPUT[0m
2026-10-08T22:00:32.6145880Z [36;1mecho "downgrade=" >> $GITHUB_OUTPUT[0m
2026-10-08T22:00:32.6206564Z shell: /usr/bin/bash --noprofile --norc -e -o pipefail {0}
2026-10-08T22:00:32.6206905Z env:
2026-10-08T22:00:32.6207106Z   CARGO_TERM_COLOR: always
2026-10-08T22:00:32.6207348Z   CARGO_INCREMENTAL: 0
2026-10-08T22:00:32.6207580Z   CARGO_PROFILE_DEV_DEBUG: 0
2026-10-08T22:00:32.6207835Z   CARGO_PROFILE_TEST_DEBUG: 0
2026-10-08T22:00:32.6208077Z   RUSTUP_TOOLCHAIN: 1.98.1
2026-10-08T22:00:32.6208395Z   CONDUIT_CHECKOUT_SHA: d932da60c7f04bde62c797126e298e38aa9819d0
2026-10-08T22:00:32.6208730Z   targets: 
2026-10-08T22:00:32.6208918Z   components: 
2026-10-08T22:00:32.6209119Z ##[endgroup]
2026-10-08T22:00:32.6273267Z ##[debug]/usr/bin/bash --noprofile --norc -e -o pipefail /home/runner/work/_temp/211162a6-c7c9-4dbe-8f38-cbd7fc4277f9.sh
2026-10-08T22:00:32.6306277Z ##[debug]Set output targets = 
2026-10-08T22:00:32.6306602Z ##[debug]Set output components = 
2026-10-08T22:00:32.6306903Z ##[debug]Set output downgrade = 
2026-10-08T22:00:32.6308372Z ##[debug]Finished: Construct rustup command line
2026-10-08T22:00:32.6310389Z ##[end-action id=__dtolnay_rust-toolchain.flags;outcome=success;conclusion=success;duration_ms=20]
2026-10-08T22:00:32.6312638Z ##[debug]Set step '' display name to: 'Set $CARGO_HOME'
2026-10-08T22:00:32.6313103Z ##[start-action display=Set $CARGO_HOME;id=__dtolnay_rust-toolchain.__run]
2026-10-08T22:00:32.6313593Z ##[debug]Evaluating condition for step: 'Set $CARGO_HOME'
2026-10-08T22:00:32.6315250Z ##[debug]Evaluating: success()
2026-10-08T22:00:32.6315635Z ##[debug]Evaluating success:
2026-10-08T22:00:32.6316036Z ##[debug]=> true
2026-10-08T22:00:32.6316434Z ##[debug]Result: true
2026-10-08T22:00:32.6316973Z ##[debug]Starting: Set $CARGO_HOME
2026-10-08T22:00:32.6333202Z ##[debug]Loading inputs
2026-10-08T22:00:32.6335513Z ##[debug]Evaluating: format('echo CARGO_HOME=${{CARGO_HOME:-"{0}"}} >> $GITHUB_ENV', (((runner.os == 'Windows') && '$USERPROFILE\.cargo') || '$HOME/.cargo'))
2026-10-08T22:00:32.6336160Z ##[debug]Evaluating format:
2026-10-08T22:00:32.6336419Z ##[debug]..Evaluating String:
2026-10-08T22:00:32.6336760Z ##[debug]..=> 'echo CARGO_HOME=${{CARGO_HOME:-"{0}"}} >> $GITHUB_ENV'
2026-10-08T22:00:32.6337207Z ##[debug]..Evaluating Or:
2026-10-08T22:00:32.6337462Z ##[debug]....Evaluating And:
2026-10-08T22:00:32.6337727Z ##[debug]......Evaluating Equal:
2026-10-08T22:00:32.6337993Z ##[debug]........Evaluating Index:
2026-10-08T22:00:32.6338265Z ##[debug]..........Evaluating runner:
2026-10-08T22:00:32.6338545Z ##[debug]..........=> Object
2026-10-08T22:00:32.6338808Z ##[debug]..........Evaluating String:
2026-10-08T22:00:32.6339073Z ##[debug]..........=> 'os'
2026-10-08T22:00:32.6339405Z ##[debug]........=> 'Linux'
2026-10-08T22:00:32.6339654Z ##[debug]........Evaluating String:
2026-10-08T22:00:32.6340094Z ##[debug]........=> 'Windows'
2026-10-08T22:00:32.6340356Z ##[debug]......=> false
2026-10-08T22:00:32.6340583Z ##[debug]....=> false
2026-10-08T22:00:32.6340817Z ##[debug]....Evaluating String:
2026-10-08T22:00:32.6341073Z ##[debug]....=> '$HOME/.cargo'
2026-10-08T22:00:32.6341330Z ##[debug]..=> '$HOME/.cargo'
2026-10-08T22:00:32.6341681Z ##[debug]=> 'echo CARGO_HOME=${CARGO_HOME:-"$HOME/.cargo"} >> $GITHUB_ENV'
2026-10-08T22:00:32.6342189Z ##[debug]Result: 'echo CARGO_HOME=${CARGO_HOME:-"$HOME/.cargo"} >> $GITHUB_ENV'
2026-10-08T22:00:32.6342802Z ##[debug]Loading env
2026-10-08T22:00:32.6347123Z ##[group]Run echo CARGO_HOME=${CARGO_HOME:-"$HOME/.cargo"} >> $GITHUB_ENV
2026-10-08T22:00:32.6347581Z [36;1mecho CARGO_HOME=${CARGO_HOME:-"$HOME/.cargo"} >> $GITHUB_ENV[0m
2026-10-08T22:00:32.6411068Z shell: /usr/bin/bash --noprofile --norc -e -o pipefail {0}
2026-10-08T22:00:32.6411419Z env:
2026-10-08T22:00:32.6411618Z   CARGO_TERM_COLOR: always
2026-10-08T22:00:32.6411861Z   CARGO_INCREMENTAL: 0
2026-10-08T22:00:32.6412096Z   CARGO_PROFILE_DEV_DEBUG: 0
2026-10-08T22:00:32.6412338Z   CARGO_PROFILE_TEST_DEBUG: 0
2026-10-08T22:00:32.6412585Z   RUSTUP_TOOLCHAIN: 1.98.1
2026-10-08T22:00:32.6413044Z   CONDUIT_CHECKOUT_SHA: d932da60c7f04bde62c797126e298e38aa9819d0
2026-10-08T22:00:32.6413383Z ##[endgroup]
2026-10-08T22:00:32.6477693Z ##[debug]/usr/bin/bash --noprofile --norc -e -o pipefail /home/runner/work/_temp/c6dd5f3f-491a-404e-a546-2b396c91d7a5.sh
2026-10-08T22:00:32.6502065Z ##[debug]CARGO_HOME='/home/runner/.cargo'
2026-10-08T22:00:32.6504778Z ##[debug]Finished: Set $CARGO_HOME
2026-10-08T22:00:32.6507248Z ##[end-action id=__dtolnay_rust-toolchain.__run;outcome=success;conclusion=success;duration_ms=19]
2026-10-08T22:00:32.6509489Z ##[debug]Set step '' display name to: 'Install rustup if needed'
2026-10-08T22:00:32.6509994Z ##[start-action display=Install rustup if needed;id=__dtolnay_rust-toolchain.__run_2]
2026-10-08T22:00:32.6510531Z ##[debug]Evaluating condition for step: 'Install rustup if needed'
2026-10-08T22:00:32.6513771Z ##[debug]Evaluating: (success() && (runner.os != 'Windows'))
2026-10-08T22:00:32.6514234Z ##[debug]Evaluating And:
2026-10-08T22:00:32.6514596Z ##[debug]..Evaluating success:
2026-10-08T22:00:32.6515398Z ##[debug]..=> true
2026-10-08T22:00:32.6515826Z ##[debug]..Evaluating NotEqual:
2026-10-08T22:00:32.6517026Z ##[debug]....Evaluating Index:
2026-10-08T22:00:32.6517384Z ##[debug]......Evaluating runner:
2026-10-08T22:00:32.6517740Z ##[debug]......=> Object
2026-10-08T22:00:32.6518076Z ##[debug]......Evaluating String:
2026-10-08T22:00:32.6518396Z ##[debug]......=> 'os'
2026-10-08T22:00:32.6518746Z ##[debug]....=> 'Linux'
2026-10-08T22:00:32.6519074Z ##[debug]....Evaluating String:
2026-10-08T22:00:32.6519391Z ##[debug]....=> 'Windows'
2026-10-08T22:00:32.6520080Z ##[debug]..=> true
2026-10-08T22:00:32.6520531Z ##[debug]=> true
2026-10-08T22:00:32.6521886Z ##[debug]Expanded: (true && ('Linux' != 'Windows'))
2026-10-08T22:00:32.6522339Z ##[debug]Result: true
2026-10-08T22:00:32.6523046Z ##[debug]Starting: Install rustup if needed
2026-10-08T22:00:32.6540166Z ##[debug]Loading inputs
2026-10-08T22:00:32.6541608Z ##[debug]Loading env
2026-10-08T22:00:32.6545838Z ##[group]Run if ! command -v rustup &>/dev/null; then
2026-10-08T22:00:32.6546212Z [36;1mif ! command -v rustup &>/dev/null; then[0m
2026-10-08T22:00:32.6546992Z [36;1m  curl --proto '=https' --tlsv1.2 --retry 10 --retry-connrefused --location --silent --show-error --fail https://sh.rustup.rs | sh -s -- --default-toolchain none -y[0m
2026-10-08T22:00:32.6547728Z [36;1m  echo "$CARGO_HOME/bin" >> $GITHUB_PATH[0m
2026-10-08T22:00:32.6548013Z [36;1mfi[0m
2026-10-08T22:00:32.6610503Z shell: /usr/bin/bash --noprofile --norc -e -o pipefail {0}
2026-10-08T22:00:32.6610858Z env:
2026-10-08T22:00:32.6611061Z   CARGO_TERM_COLOR: always
2026-10-08T22:00:32.6611301Z   CARGO_INCREMENTAL: 0
2026-10-08T22:00:32.6611527Z   CARGO_PROFILE_DEV_DEBUG: 0
2026-10-08T22:00:32.6611770Z   CARGO_PROFILE_TEST_DEBUG: 0
2026-10-08T22:00:32.6612019Z   RUSTUP_TOOLCHAIN: 1.98.1
2026-10-08T22:00:32.6612476Z   CONDUIT_CHECKOUT_SHA: d932da60c7f04bde62c797126e298e38aa9819d0
2026-10-08T22:00:32.6612836Z   CARGO_HOME: /home/runner/.cargo
2026-10-08T22:00:32.6613085Z ##[endgroup]
2026-10-08T22:00:32.6677633Z ##[debug]/usr/bin/bash --noprofile --norc -e -o pipefail /home/runner/work/_temp/e4df36ce-c71e-462c-aafd-1bb53121f8d5.sh
2026-10-08T22:00:32.6702913Z ##[debug]Finished: Install rustup if needed
2026-10-08T22:00:32.6705138Z ##[end-action id=__dtolnay_rust-toolchain.__run_2;outcome=success;conclusion=success;duration_ms=19]
2026-10-08T22:00:32.6707445Z ##[debug]Set step '' display name to: 'Install rustup if needed on windows'
2026-10-08T22:00:32.6708093Z ##[start-action display=Install rustup if needed on windows;id=__dtolnay_rust-toolchain.__run_3]
2026-10-08T22:00:32.6708913Z ##[debug]Evaluating condition for step: 'Install rustup if needed on windows'
2026-10-08T22:00:32.6710960Z ##[debug]Evaluating: (success() && (runner.os == 'Windows'))
2026-10-08T22:00:32.6711414Z ##[debug]Evaluating And:
2026-10-08T22:00:32.6711764Z ##[debug]..Evaluating success:
2026-10-08T22:00:32.6712168Z ##[debug]..=> true
2026-10-08T22:00:32.6712672Z ##[debug]..Evaluating Equal:
2026-10-08T22:00:32.6713006Z ##[debug]....Evaluating Index:
2026-10-08T22:00:32.6713340Z ##[debug]......Evaluating runner:
2026-10-08T22:00:32.6713684Z ##[debug]......=> Object
2026-10-08T22:00:32.6714027Z ##[debug]......Evaluating String:
2026-10-08T22:00:32.6714358Z ##[debug]......=> 'os'
2026-10-08T22:00:32.6714717Z ##[debug]....=> 'Linux'
2026-10-08T22:00:32.6715360Z ##[debug]....Evaluating String:
2026-10-08T22:00:32.6715688Z ##[debug]....=> 'Windows'
2026-10-08T22:00:32.6715997Z ##[debug]..=> false
2026-10-08T22:00:32.6716283Z ##[debug]=> false
2026-10-08T22:00:32.6716791Z ##[debug]Expanded: (true && ('Linux' == 'Windows'))
2026-10-08T22:00:32.6717216Z ##[debug]Result: false
2026-10-08T22:00:32.6719403Z ##[end-action id=__dtolnay_rust-toolchain.__run_3;outcome=skipped;conclusion=skipped;duration_ms=0]
2026-10-08T22:00:32.6730234Z ##[debug]Evaluating: format('rustup toolchain install {0}', steps.parse.outputs.toolchain)
2026-10-08T22:00:32.6730722Z ##[debug]Evaluating format:
2026-10-08T22:00:32.6730991Z ##[debug]..Evaluating String:
2026-10-08T22:00:32.6731291Z ##[debug]..=> 'rustup toolchain install {0}'
2026-10-08T22:00:32.6731679Z ##[debug]..Evaluating Index:
2026-10-08T22:00:32.6731933Z ##[debug]....Evaluating Index:
2026-10-08T22:00:32.6732184Z ##[debug]......Evaluating Index:
2026-10-08T22:00:32.6732447Z ##[debug]........Evaluating steps:
2026-10-08T22:00:32.6732730Z ##[debug]........=> Object
2026-10-08T22:00:32.6732997Z ##[debug]........Evaluating String:
2026-10-08T22:00:32.6733266Z ##[debug]........=> 'parse'
2026-10-08T22:00:32.6733525Z ##[debug]......=> Object
2026-10-08T22:00:32.6733778Z ##[debug]......Evaluating String:
2026-10-08T22:00:32.6734047Z ##[debug]......=> 'outputs'
2026-10-08T22:00:32.6734286Z ##[debug]....=> Object
2026-10-08T22:00:32.6734517Z ##[debug]....Evaluating String:
2026-10-08T22:00:32.6734778Z ##[debug]....=> 'toolchain'
2026-10-08T22:00:32.6735375Z ##[debug]..=> '1.98.1'
2026-10-08T22:00:32.6735669Z ##[debug]=> 'rustup toolchain install 1.98.1'
2026-10-08T22:00:32.6736028Z ##[debug]Result: 'rustup toolchain install 1.98.1'
2026-10-08T22:00:32.6736630Z ##[debug]Set step '' display name to: 'rustup toolchain install 1.98.1'
2026-10-08T22:00:32.6737182Z ##[start-action display=rustup toolchain install 1.98.1;id=__dtolnay_rust-toolchain.__run_4]
2026-10-08T22:00:32.6737758Z ##[debug]Evaluating condition for step: 'rustup toolchain install 1.98.1'
2026-10-08T22:00:32.6739126Z ##[debug]Evaluating: success()
2026-10-08T22:00:32.6739485Z ##[debug]Evaluating success:
2026-10-08T22:00:32.6739860Z ##[debug]=> true
2026-10-08T22:00:32.6740203Z ##[debug]Result: true
2026-10-08T22:00:32.6740717Z ##[debug]Starting: rustup toolchain install 1.98.1
2026-10-08T22:00:32.6757847Z ##[debug]Loading inputs
2026-10-08T22:00:32.6759655Z ##[debug]Evaluating: format('log=$(mktemp)
2026-10-08T22:00:32.6760119Z ##[debug]trap ''rm -f "$log"'' EXIT
2026-10-08T22:00:32.6760406Z ##[debug]for attempt in 1 2 3 4 5; do
2026-10-08T22:00:32.6760931Z ##[debug]  if rustup toolchain install {0}{1}{2} --profile minimal{3} --no-self-update --force-non-host 2>&1 | tee "$log"; then
2026-10-08T22:00:32.6761450Z ##[debug]    break
2026-10-08T22:00:32.6761646Z ##[debug]  else
2026-10-08T22:00:32.6761843Z ##[debug]    status=$?
2026-10-08T22:00:32.6762052Z ##[debug]  fi
2026-10-08T22:00:32.6762355Z ##[debug]  if [[ $attempt == 5 ]] || ! grep -Fq ''checksum failed for '' "$log" \
2026-10-08T22:00:32.6762920Z ##[debug]      || ! grep -Fq ''this is likely due to an ongoing update of the official release server'' "$log"; then
2026-10-08T22:00:32.6763384Z ##[debug]    exit "$status"
2026-10-08T22:00:32.6763603Z ##[debug]  fi
2026-10-08T22:00:32.6763957Z ##[debug]  echo "Retrying rustup toolchain install in 30 seconds (retry $attempt of 4)" >&2
2026-10-08T22:00:32.6764372Z ##[debug]  sleep 30
2026-10-08T22:00:32.6764572Z ##[debug]done
2026-10-08T22:00:32.6765421Z ##[debug]', steps.parse.outputs.toolchain, steps.flags.outputs.targets, steps.flags.outputs.components, steps.flags.outputs.downgrade)
2026-10-08T22:00:32.6766223Z ##[debug]Evaluating format:
2026-10-08T22:00:32.6766483Z ##[debug]..Evaluating String:
2026-10-08T22:00:32.6766780Z ##[debug]..=> 'log=$(mktemp)
2026-10-08T22:00:32.6767021Z ##[debug]trap ''rm -f "$log"'' EXIT
2026-10-08T22:00:32.6767289Z ##[debug]for attempt in 1 2 3 4 5; do
2026-10-08T22:00:32.6767805Z ##[debug]  if rustup toolchain install {0}{1}{2} --profile minimal{3} --no-self-update --force-non-host 2>&1 | tee "$log"; then
2026-10-08T22:00:32.6768310Z ##[debug]    break
2026-10-08T22:00:32.6768508Z ##[debug]  else
2026-10-08T22:00:32.6768700Z ##[debug]    status=$?
2026-10-08T22:00:32.6768903Z ##[debug]  fi
2026-10-08T22:00:32.6769187Z ##[debug]  if [[ $attempt == 5 ]] || ! grep -Fq ''checksum failed for '' "$log" \
2026-10-08T22:00:32.6769738Z ##[debug]      || ! grep -Fq ''this is likely due to an ongoing update of the official release server'' "$log"; then
2026-10-08T22:00:32.6770194Z ##[debug]    exit "$status"
2026-10-08T22:00:32.6770419Z ##[debug]  fi
2026-10-08T22:00:32.6770774Z ##[debug]  echo "Retrying rustup toolchain install in 30 seconds (retry $attempt of 4)" >&2
2026-10-08T22:00:32.6771190Z ##[debug]  sleep 30
2026-10-08T22:00:32.6799820Z ##[debug]done
2026-10-08T22:00:32.6800043Z ##[debug]'
2026-10-08T22:00:32.6800496Z ##[debug]..Evaluating Index:
2026-10-08T22:00:32.6800804Z ##[debug]....Evaluating Index:
2026-10-08T22:00:32.6801062Z ##[debug]......Evaluating Index:
2026-10-08T22:00:32.6801320Z ##[debug]........Evaluating steps:
2026-10-08T22:00:32.6801739Z ##[debug]........=> Object
2026-10-08T22:00:32.6801998Z ##[debug]........Evaluating String:
2026-10-08T22:00:32.6802265Z ##[debug]........=> 'parse'
2026-10-08T22:00:32.6802531Z ##[debug]......=> Object
2026-10-08T22:00:32.6802775Z ##[debug]......Evaluating String:
2026-10-08T22:00:32.6803027Z ##[debug]......=> 'outputs'
2026-10-08T22:00:32.6803264Z ##[debug]....=> Object
2026-10-08T22:00:32.6803516Z ##[debug]....Evaluating String:
2026-10-08T22:00:32.6803775Z ##[debug]....=> 'toolchain'
2026-10-08T22:00:32.6804026Z ##[debug]..=> '1.98.1'
2026-10-08T22:00:32.6804288Z ##[debug]..Evaluating Index:
2026-10-08T22:00:32.6804533Z ##[debug]....Evaluating Index:
2026-10-08T22:00:32.6804786Z ##[debug]......Evaluating Index:
2026-10-08T22:00:32.6805322Z ##[debug]........Evaluating steps:
2026-10-08T22:00:32.6805595Z ##[debug]........=> Object
2026-10-08T22:00:32.6805845Z ##[debug]........Evaluating String:
2026-10-08T22:00:32.6806111Z ##[debug]........=> 'flags'
2026-10-08T22:00:32.6806360Z ##[debug]......=> Object
2026-10-08T22:00:32.6806601Z ##[debug]......Evaluating String:
2026-10-08T22:00:32.6806858Z ##[debug]......=> 'outputs'
2026-10-08T22:00:32.6807105Z ##[debug]....=> Object
2026-10-08T22:00:32.6807335Z ##[debug]....Evaluating String:
2026-10-08T22:00:32.6807583Z ##[debug]....=> 'targets'
2026-10-08T22:00:32.6807819Z ##[debug]..=> ''
2026-10-08T22:00:32.6808242Z ##[debug]..Evaluating Index:
2026-10-08T22:00:32.6808507Z ##[debug]....Evaluating Index:
2026-10-08T22:00:32.6808767Z ##[debug]......Evaluating Index:
2026-10-08T22:00:32.6809032Z ##[debug]........Evaluating steps:
2026-10-08T22:00:32.6809299Z ##[debug]........=> Object
2026-10-08T22:00:32.6809545Z ##[debug]........Evaluating String:
2026-10-08T22:00:32.6809803Z ##[debug]........=> 'flags'
2026-10-08T22:00:32.6810042Z ##[debug]......=> Object
2026-10-08T22:00:32.6810281Z ##[debug]......Evaluating String:
2026-10-08T22:00:32.6810544Z ##[debug]......=> 'outputs'
2026-10-08T22:00:32.6810778Z ##[debug]....=> Object
2026-10-08T22:00:32.6811006Z ##[debug]....Evaluating String:
2026-10-08T22:00:32.6811257Z ##[debug]....=> 'components'
2026-10-08T22:00:32.6811499Z ##[debug]..=> ''
2026-10-08T22:00:32.6811727Z ##[debug]..Evaluating Index:
2026-10-08T22:00:32.6811982Z ##[debug]....Evaluating Index:
2026-10-08T22:00:32.6812228Z ##[debug]......Evaluating Index:
2026-10-08T22:00:32.6812481Z ##[debug]........Evaluating steps:
2026-10-08T22:00:32.6812743Z ##[debug]........=> Object
2026-10-08T22:00:32.6812984Z ##[debug]........Evaluating String:
2026-10-08T22:00:32.6813362Z ##[debug]........=> 'flags'
2026-10-08T22:00:32.6813604Z ##[debug]......=> Object
2026-10-08T22:00:32.6813849Z ##[debug]......Evaluating String:
2026-10-08T22:00:32.6814106Z ##[debug]......=> 'outputs'
2026-10-08T22:00:32.6814344Z ##[debug]....=> Object
2026-10-08T22:00:32.6814573Z ##[debug]....Evaluating String:
2026-10-08T22:00:32.6814821Z ##[debug]....=> 'downgrade'
2026-10-08T22:00:32.6815348Z ##[debug]..=> ''
2026-10-08T22:00:32.6815636Z ##[debug]=> 'log=$(mktemp)
2026-10-08T22:00:32.6815885Z ##[debug]trap ''rm -f "$log"'' EXIT
2026-10-08T22:00:32.6816152Z ##[debug]for attempt in 1 2 3 4 5; do
2026-10-08T22:00:32.6816671Z ##[debug]  if rustup toolchain install 1.98.1 --profile minimal --no-self-update --force-non-host 2>&1 | tee "$log"; then
2026-10-08T22:00:32.6817188Z ##[debug]    break
2026-10-08T22:00:32.6817390Z ##[debug]  else
2026-10-08T22:00:32.6817591Z ##[debug]    status=$?
2026-10-08T22:00:32.6817797Z ##[debug]  fi
2026-10-08T22:00:32.6818091Z ##[debug]  if [[ $attempt == 5 ]] || ! grep -Fq ''checksum failed for '' "$log" \
2026-10-08T22:00:32.6818653Z ##[debug]      || ! grep -Fq ''this is likely due to an ongoing update of the official release server'' "$log"; then
2026-10-08T22:00:32.6819120Z ##[debug]    exit "$status"
2026-10-08T22:00:32.6819341Z ##[debug]  fi
2026-10-08T22:00:32.6819692Z ##[debug]  echo "Retrying rustup toolchain install in 30 seconds (retry $attempt of 4)" >&2
2026-10-08T22:00:32.6820114Z ##[debug]  sleep 30
2026-10-08T22:00:32.6820315Z ##[debug]done
2026-10-08T22:00:32.6820499Z ##[debug]'
2026-10-08T22:00:32.6820753Z ##[debug]Result: 'log=$(mktemp)
2026-10-08T22:00:32.6821004Z ##[debug]trap ''rm -f "$log"'' EXIT
2026-10-08T22:00:32.6821270Z ##[debug]for attempt in 1 2 3 4 5; do
2026-10-08T22:00:32.6821778Z ##[debug]  if rustup toolchain install 1.98.1 --profile minimal --no-self-update --force-non-host 2>&1 | tee "$log"; then
2026-10-08T22:00:32.6822283Z ##[debug]    break
2026-10-08T22:00:32.6822482Z ##[debug]  else
2026-10-08T22:00:32.6822684Z ##[debug]    status=$?
2026-10-08T22:00:32.6822893Z ##[debug]  fi
2026-10-08T22:00:32.6823176Z ##[debug]  if [[ $attempt == 5 ]] || ! grep -Fq ''checksum failed for '' "$log" \
2026-10-08T22:00:32.6823721Z ##[debug]      || ! grep -Fq ''this is likely due to an ongoing update of the official release server'' "$log"; then
2026-10-08T22:00:32.6824178Z ##[debug]    exit "$status"
2026-10-08T22:00:32.6824395Z ##[debug]  fi
2026-10-08T22:00:32.6824741Z ##[debug]  echo "Retrying rustup toolchain install in 30 seconds (retry $attempt of 4)" >&2
2026-10-08T22:00:32.6825523Z ##[debug]  sleep 30
2026-10-08T22:00:32.6825724Z ##[debug]done
2026-10-08T22:00:32.6825906Z ##[debug]'
2026-10-08T22:00:32.6826330Z ##[debug]Loading env
2026-10-08T22:00:32.6830194Z ##[group]Run log=$(mktemp)
2026-10-08T22:00:32.6830467Z [36;1mlog=$(mktemp)[0m
2026-10-08T22:00:32.6830700Z [36;1mtrap 'rm -f "$log"' EXIT[0m
2026-10-08T22:00:32.6831094Z [36;1mfor attempt in 1 2 3 4 5; do[0m
2026-10-08T22:00:32.6831616Z [36;1m  if rustup toolchain install 1.98.1 --profile minimal --no-self-update --force-non-host 2>&1 | tee "$log"; then[0m
2026-10-08T22:00:32.6832152Z [36;1m    break[0m
2026-10-08T22:00:32.6832362Z [36;1m  else[0m
2026-10-08T22:00:32.6832563Z [36;1m    status=$?[0m
2026-10-08T22:00:32.6832782Z [36;1m  fi[0m
2026-10-08T22:00:32.6833077Z [36;1m  if [[ $attempt == 5 ]] || ! grep -Fq 'checksum failed for ' "$log" \[0m
2026-10-08T22:00:32.6833632Z [36;1m      || ! grep -Fq 'this is likely due to an ongoing update of the official release server' "$log"; then[0m
2026-10-08T22:00:32.6834089Z [36;1m    exit "$status"[0m
2026-10-08T22:00:32.6834321Z [36;1m  fi[0m
2026-10-08T22:00:32.6834679Z [36;1m  echo "Retrying rustup toolchain install in 30 seconds (retry $attempt of 4)" >&2[0m
2026-10-08T22:00:32.6835384Z [36;1m  sleep 30[0m
2026-10-08T22:00:32.6835594Z [36;1mdone[0m
2026-10-08T22:00:32.6900648Z shell: /usr/bin/bash --noprofile --norc -e -o pipefail {0}
2026-10-08T22:00:32.6900997Z env:
2026-10-08T22:00:32.6901200Z   CARGO_TERM_COLOR: always
2026-10-08T22:00:32.6901575Z   CARGO_INCREMENTAL: 0
2026-10-08T22:00:32.6901810Z   CARGO_PROFILE_DEV_DEBUG: 0
2026-10-08T22:00:32.6902053Z   CARGO_PROFILE_TEST_DEBUG: 0
2026-10-08T22:00:32.6902300Z   RUSTUP_TOOLCHAIN: 1.98.1
2026-10-08T22:00:32.6902604Z   CONDUIT_CHECKOUT_SHA: d932da60c7f04bde62c797126e298e38aa9819d0
2026-10-08T22:00:32.6902953Z   CARGO_HOME: /home/runner/.cargo
2026-10-08T22:00:32.6903207Z   RUSTUP_PERMIT_COPY_RENAME: 1
2026-10-08T22:00:32.6903454Z ##[endgroup]
2026-10-08T22:00:32.6967833Z ##[debug]/usr/bin/bash --noprofile --norc -e -o pipefail /home/runner/work/_temp/f6fbe27b-a052-407e-9c82-906f529fcf79.sh
2026-10-08T22:00:32.7394375Z info: syncing channel updates for 1.98.1-x86_64-unknown-linux-gnu
2026-10-08T22:00:32.8554175Z info: latest update on 2026-09-03 for version 1.98.1 (48a229cea 2026-09-01)
2026-10-08T22:00:32.8554670Z info: downloading 3 components
2026-10-08T22:00:40.1774087Z 
2026-10-08T22:00:40.1842918Z   1.98.1-x86_64-unknown-linux-gnu installed - rustc 1.98.1 (48a229cea 2026-09-01)
2026-10-08T22:00:40.1843317Z 
2026-10-08T22:00:40.1901251Z ##[debug]Finished: rustup toolchain install 1.98.1
2026-10-08T22:00:40.1903813Z ##[end-action id=__dtolnay_rust-toolchain.__run_4;outcome=success;conclusion=success;duration_ms=7516]
2026-10-08T22:00:40.1908579Z ##[debug]Evaluating: format('rustup default {0}', steps.parse.outputs.toolchain)
2026-10-08T22:00:40.1909030Z ##[debug]Evaluating format:
2026-10-08T22:00:40.1909287Z ##[debug]..Evaluating String:
2026-10-08T22:00:40.1909597Z ##[debug]..=> 'rustup default {0}'
2026-10-08T22:00:40.1909972Z ##[debug]..Evaluating Index:
2026-10-08T22:00:40.1910225Z ##[debug]....Evaluating Index:
2026-10-08T22:00:40.1910472Z ##[debug]......Evaluating Index:
2026-10-08T22:00:40.1910725Z ##[debug]........Evaluating steps:
2026-10-08T22:00:40.1910990Z ##[debug]........=> Object
2026-10-08T22:00:40.1911272Z ##[debug]........Evaluating String:
2026-10-08T22:00:40.1911541Z ##[debug]........=> 'parse'
2026-10-08T22:00:40.1911820Z ##[debug]......=> Object
2026-10-08T22:00:40.1912067Z ##[debug]......Evaluating String:
2026-10-08T22:00:40.1912322Z ##[debug]......=> 'outputs'
2026-10-08T22:00:40.1912555Z ##[debug]....=> Object
2026-10-08T22:00:40.1912780Z ##[debug]....Evaluating String:
2026-10-08T22:00:40.1913025Z ##[debug]....=> 'toolchain'
2026-10-08T22:00:40.1913258Z ##[debug]..=> '1.98.1'
2026-10-08T22:00:40.1913558Z ##[debug]=> 'rustup default 1.98.1'
2026-10-08T22:00:40.1913841Z ##[debug]Result: 'rustup default 1.98.1'
2026-10-08T22:00:40.1914381Z ##[debug]Set step '' display name to: 'rustup default 1.98.1'
2026-10-08T22:00:40.1915129Z ##[start-action display=rustup default 1.98.1;id=__dtolnay_rust-toolchain.__run_5]
2026-10-08T22:00:40.1915687Z ##[debug]Evaluating condition for step: 'rustup default 1.98.1'
2026-10-08T22:00:40.1916974Z ##[debug]Evaluating: success()
2026-10-08T22:00:40.1917359Z ##[debug]Evaluating success:
2026-10-08T22:00:40.1917921Z ##[debug]=> true
2026-10-08T22:00:40.1918267Z ##[debug]Result: true
2026-10-08T22:00:40.1918759Z ##[debug]Starting: rustup default 1.98.1
2026-10-08T22:00:40.1931891Z ##[debug]Loading inputs
2026-10-08T22:00:40.1933347Z ##[debug]Evaluating: format('rustup default {0} --force-non-host', steps.parse.outputs.toolchain)
2026-10-08T22:00:40.1933840Z ##[debug]Evaluating format:
2026-10-08T22:00:40.1934093Z ##[debug]..Evaluating String:
2026-10-08T22:00:40.1934398Z ##[debug]..=> 'rustup default {0} --force-non-host'
2026-10-08T22:00:40.1934759Z ##[debug]..Evaluating Index:
2026-10-08T22:00:40.1935346Z ##[debug]....Evaluating Index:
2026-10-08T22:00:40.1935601Z ##[debug]......Evaluating Index:
2026-10-08T22:00:40.1935861Z ##[debug]........Evaluating steps:
2026-10-08T22:00:40.1936131Z ##[debug]........=> Object
2026-10-08T22:00:40.1936391Z ##[debug]........Evaluating String:
2026-10-08T22:00:40.1936651Z ##[debug]........=> 'parse'
2026-10-08T22:00:40.1936906Z ##[debug]......=> Object
2026-10-08T22:00:40.1937154Z ##[debug]......Evaluating String:
2026-10-08T22:00:40.1937408Z ##[debug]......=> 'outputs'
2026-10-08T22:00:40.1937826Z ##[debug]....=> Object
2026-10-08T22:00:40.1938055Z ##[debug]....Evaluating String:
2026-10-08T22:00:40.1938304Z ##[debug]....=> 'toolchain'
2026-10-08T22:00:40.1938532Z ##[debug]..=> '1.98.1'
2026-10-08T22:00:40.1938809Z ##[debug]=> 'rustup default 1.98.1 --force-non-host'
2026-10-08T22:00:40.1939178Z ##[debug]Result: 'rustup default 1.98.1 --force-non-host'
2026-10-08T22:00:40.1939617Z ##[debug]Loading env
2026-10-08T22:00:40.1943370Z ##[group]Run rustup default 1.98.1 --force-non-host
2026-10-08T22:00:40.1943721Z [36;1mrustup default 1.98.1 --force-non-host[0m
2026-10-08T22:00:40.2003669Z shell: /usr/bin/bash --noprofile --norc -e -o pipefail {0}
2026-10-08T22:00:40.2004011Z env:
2026-10-08T22:00:40.2004207Z   CARGO_TERM_COLOR: always
2026-10-08T22:00:40.2004443Z   CARGO_INCREMENTAL: 0
2026-10-08T22:00:40.2004666Z   CARGO_PROFILE_DEV_DEBUG: 0
2026-10-08T22:00:40.2005140Z   CARGO_PROFILE_TEST_DEBUG: 0
2026-10-08T22:00:40.2005383Z   RUSTUP_TOOLCHAIN: 1.98.1
2026-10-08T22:00:40.2005692Z   CONDUIT_CHECKOUT_SHA: d932da60c7f04bde62c797126e298e38aa9819d0
2026-10-08T22:00:40.2006042Z   CARGO_HOME: /home/runner/.cargo
2026-10-08T22:00:40.2006290Z ##[endgroup]
2026-10-08T22:00:40.2062077Z ##[debug]/usr/bin/bash --noprofile --norc -e -o pipefail /home/runner/work/_temp/a026c7d3-d289-4791-b7ec-0d3c3c3f0cf0.sh
2026-10-08T22:00:40.2124230Z info: using existing install for 1.98.1-x86_64-unknown-linux-gnu
2026-10-08T22:00:40.2131504Z info: default toolchain set to 1.98.1-x86_64-unknown-linux-gnu
2026-10-08T22:00:40.2131962Z 
2026-10-08T22:00:40.2198302Z info: note that the toolchain '1.98.1-x86_64-unknown-linux-gnu' is currently in use (overridden by environment variable RUSTUP_TOOLCHAIN)
2026-10-08T22:00:40.2199607Z   1.98.1-x86_64-unknown-linux-gnu unchanged - rustc 1.98.1 (48a229cea 2026-09-01)
2026-10-08T22:00:40.2200170Z 
2026-10-08T22:00:40.2212814Z ##[debug]Finished: rustup default 1.98.1
2026-10-08T22:00:40.2214481Z ##[end-action id=__dtolnay_rust-toolchain.__run_5;outcome=success;conclusion=success;duration_ms=29]
2026-10-08T22:00:40.2217090Z ##[debug]Set step '' display name to: 'Create cachekey'
2026-10-08T22:00:40.2217556Z ##[start-action display=Create cachekey;id=__dtolnay_rust-toolchain.rustc-version]
2026-10-08T22:00:40.2218063Z ##[debug]Evaluating condition for step: 'Create cachekey'
2026-10-08T22:00:40.2219391Z ##[debug]Evaluating: success()
2026-10-08T22:00:40.2219764Z ##[debug]Evaluating success:
2026-10-08T22:00:40.2220207Z ##[debug]=> true
2026-10-08T22:00:40.2220562Z ##[debug]Result: true
2026-10-08T22:00:40.2221090Z ##[debug]Starting: Create cachekey
2026-10-08T22:00:40.2234159Z ##[debug]Loading inputs
2026-10-08T22:00:40.2236221Z ##[debug]Evaluating: format('DATE=$(rustc +{0} --version --verbose | sed -ne ''s/^commit-date: \(20[0-9][0-9]\)-\([01][0-9]\)-\([0-3][0-9]\)$/\1\2\3/p'')
2026-10-08T22:00:40.2237128Z ##[debug]HASH=$(rustc +{1} --version --verbose | sed -ne ''s/^commit-hash: //p'')
2026-10-08T22:00:40.2237612Z ##[debug]echo "cachekey=$(echo $DATE$HASH | head -c12)" >> $GITHUB_OUTPUT
2026-10-08T22:00:40.2238086Z ##[debug]', steps.parse.outputs.toolchain, steps.parse.outputs.toolchain)
2026-10-08T22:00:40.2238489Z ##[debug]Evaluating format:
2026-10-08T22:00:40.2238743Z ##[debug]..Evaluating String:
2026-10-08T22:00:40.2239280Z ##[debug]..=> 'DATE=$(rustc +{0} --version --verbose | sed -ne ''s/^commit-date: \(20[0-9][0-9]\)-\([01][0-9]\)-\([0-3][0-9]\)$/\1\2\3/p'')
2026-10-08T22:00:40.2239917Z ##[debug]HASH=$(rustc +{1} --version --verbose | sed -ne ''s/^commit-hash: //p'')
2026-10-08T22:00:40.2240383Z ##[debug]echo "cachekey=$(echo $DATE$HASH | head -c12)" >> $GITHUB_OUTPUT
2026-10-08T22:00:40.2240730Z ##[debug]'
2026-10-08T22:00:40.2241043Z ##[debug]..Evaluating Index:
2026-10-08T22:00:40.2241294Z ##[debug]....Evaluating Index:
2026-10-08T22:00:40.2241544Z ##[debug]......Evaluating Index:
2026-10-08T22:00:40.2241800Z ##[debug]........Evaluating steps:
2026-10-08T22:00:40.2242090Z ##[debug]........=> Object
2026-10-08T22:00:40.2242363Z ##[debug]........Evaluating String:
2026-10-08T22:00:40.2242769Z ##[debug]........=> 'parse'
2026-10-08T22:00:40.2243032Z ##[debug]......=> Object
2026-10-08T22:00:40.2243269Z ##[debug]......Evaluating String:
2026-10-08T22:00:40.2243553Z ##[debug]......=> 'outputs'
2026-10-08T22:00:40.2243790Z ##[debug]....=> Object
2026-10-08T22:00:40.2244026Z ##[debug]....Evaluating String:
2026-10-08T22:00:40.2244273Z ##[debug]....=> 'toolchain'
2026-10-08T22:00:40.2244533Z ##[debug]..=> '1.98.1'
2026-10-08T22:00:40.2244789Z ##[debug]..Evaluating Index:
2026-10-08T22:00:40.2245336Z ##[debug]....Evaluating Index:
2026-10-08T22:00:40.2245582Z ##[debug]......Evaluating Index:
2026-10-08T22:00:40.2245833Z ##[debug]........Evaluating steps:
2026-10-08T22:00:40.2246103Z ##[debug]........=> Object
2026-10-08T22:00:40.2246346Z ##[debug]........Evaluating String:
2026-10-08T22:00:40.2246646Z ##[debug]........=> 'parse'
2026-10-08T22:00:40.2246891Z ##[debug]......=> Object
2026-10-08T22:00:40.2247121Z ##[debug]......Evaluating String:
2026-10-08T22:00:40.2247369Z ##[debug]......=> 'outputs'
2026-10-08T22:00:40.2247611Z ##[debug]....=> Object
2026-10-08T22:00:40.2247836Z ##[debug]....Evaluating String:
2026-10-08T22:00:40.2248082Z ##[debug]....=> 'toolchain'
2026-10-08T22:00:40.2248311Z ##[debug]..=> '1.98.1'
2026-10-08T22:00:40.2248838Z ##[debug]=> 'DATE=$(rustc +1.98.1 --version --verbose | sed -ne ''s/^commit-date: \(20[0-9][0-9]\)-\([01][0-9]\)-\([0-3][0-9]\)$/\1\2\3/p'')
2026-10-08T22:00:40.2249464Z ##[debug]HASH=$(rustc +1.98.1 --version --verbose | sed -ne ''s/^commit-hash: //p'')
2026-10-08T22:00:40.2249941Z ##[debug]echo "cachekey=$(echo $DATE$HASH | head -c12)" >> $GITHUB_OUTPUT
2026-10-08T22:00:40.2250284Z ##[debug]'
2026-10-08T22:00:40.2250787Z ##[debug]Result: 'DATE=$(rustc +1.98.1 --version --verbose | sed -ne ''s/^commit-date: \(20[0-9][0-9]\)-\([01][0-9]\)-\([0-3][0-9]\)$/\1\2\3/p'')
2026-10-08T22:00:40.2251450Z ##[debug]HASH=$(rustc +1.98.1 --version --verbose | sed -ne ''s/^commit-hash: //p'')
2026-10-08T22:00:40.2251936Z ##[debug]echo "cachekey=$(echo $DATE$HASH | head -c12)" >> $GITHUB_OUTPUT
2026-10-08T22:00:40.2252283Z ##[debug]'
2026-10-08T22:00:40.2252628Z ##[debug]Loading env
2026-10-08T22:00:40.2257401Z ##[group]Run DATE=$(rustc +1.98.1 --version --verbose | sed -ne 's/^commit-date: \(20[0-9][0-9]\)-\([01][0-9]\)-\([0-3][0-9]\)$/\1\2\3/p')
2026-10-08T22:00:40.2258207Z [36;1mDATE=$(rustc +1.98.1 --version --verbose | sed -ne 's/^commit-date: \(20[0-9][0-9]\)-\([01][0-9]\)-\([0-3][0-9]\)$/\1\2\3/p')[0m
2026-10-08T22:00:40.2258828Z [36;1mHASH=$(rustc +1.98.1 --version --verbose | sed -ne 's/^commit-hash: //p')[0m
2026-10-08T22:00:40.2259313Z [36;1mecho "cachekey=$(echo $DATE$HASH | head -c12)" >> $GITHUB_OUTPUT[0m
2026-10-08T22:00:40.2318875Z shell: /usr/bin/bash --noprofile --norc -e -o pipefail {0}
2026-10-08T22:00:40.2319205Z env:
2026-10-08T22:00:40.2319404Z   CARGO_TERM_COLOR: always
2026-10-08T22:00:40.2319632Z   CARGO_INCREMENTAL: 0
2026-10-08T22:00:40.2319998Z   CARGO_PROFILE_DEV_DEBUG: 0
2026-10-08T22:00:40.2320249Z   CARGO_PROFILE_TEST_DEBUG: 0
2026-10-08T22:00:40.2320498Z   RUSTUP_TOOLCHAIN: 1.98.1
2026-10-08T22:00:40.2320802Z   CONDUIT_CHECKOUT_SHA: d932da60c7f04bde62c797126e298e38aa9819d0
2026-10-08T22:00:40.2321146Z   CARGO_HOME: /home/runner/.cargo
2026-10-08T22:00:40.2321387Z ##[endgroup]
2026-10-08T22:00:40.2377899Z ##[debug]/usr/bin/bash --noprofile --norc -e -o pipefail /home/runner/work/_temp/47128319-36d8-4224-a224-0a34a58d3cc3.sh
2026-10-08T22:00:40.2652655Z ##[debug]Set output cachekey = 2026090148a2
2026-10-08T22:00:40.2654021Z ##[debug]Finished: Create cachekey
2026-10-08T22:00:40.2656172Z ##[end-action id=__dtolnay_rust-toolchain.rustc-version;outcome=success;conclusion=success;duration_ms=43]
2026-10-08T22:00:40.2658668Z ##[debug]Set step '' display name to: 'Disable incremental compilation'
2026-10-08T22:00:40.2659233Z ##[start-action display=Disable incremental compilation;id=__dtolnay_rust-toolchain.__run_6]
2026-10-08T22:00:40.2659848Z ##[debug]Evaluating condition for step: 'Disable incremental compilation'
2026-10-08T22:00:40.2661411Z ##[debug]Evaluating: success()
2026-10-08T22:00:40.2661784Z ##[debug]Evaluating success:
2026-10-08T22:00:40.2662191Z ##[debug]=> true
2026-10-08T22:00:40.2662534Z ##[debug]Result: true
2026-10-08T22:00:40.2663065Z ##[debug]Starting: Disable incremental compilation
2026-10-08T22:00:40.2676751Z ##[debug]Loading inputs
2026-10-08T22:00:40.2677837Z ##[debug]Loading env
2026-10-08T22:00:40.2681722Z ##[group]Run if [ -z "${CARGO_INCREMENTAL+set}" ]; then
2026-10-08T22:00:40.2682101Z [36;1mif [ -z "${CARGO_INCREMENTAL+set}" ]; then[0m
2026-10-08T22:00:40.2682424Z [36;1m  echo CARGO_INCREMENTAL=0 >> $GITHUB_ENV[0m
2026-10-08T22:00:40.2682702Z [36;1mfi[0m
2026-10-08T22:00:40.2742717Z shell: /usr/bin/bash --noprofile --norc -e -o pipefail {0}
2026-10-08T22:00:40.2743053Z env:
2026-10-08T22:00:40.2743254Z   CARGO_TERM_COLOR: always
2026-10-08T22:00:40.2743496Z   CARGO_INCREMENTAL: 0
2026-10-08T22:00:40.2743732Z   CARGO_PROFILE_DEV_DEBUG: 0
2026-10-08T22:00:40.2743972Z   CARGO_PROFILE_TEST_DEBUG: 0
2026-10-08T22:00:40.2744221Z   RUSTUP_TOOLCHAIN: 1.98.1
2026-10-08T22:00:40.2744521Z   CONDUIT_CHECKOUT_SHA: d932da60c7f04bde62c797126e298e38aa9819d0
2026-10-08T22:00:40.2745092Z   CARGO_HOME: /home/runner/.cargo
2026-10-08T22:00:40.2745343Z ##[endgroup]
2026-10-08T22:00:40.2802485Z ##[debug]/usr/bin/bash --noprofile --norc -e -o pipefail /home/runner/work/_temp/1db2544c-4c5f-4851-afb6-5dc0f2ffb044.sh
2026-10-08T22:00:40.2825289Z ##[debug]Finished: Disable incremental compilation
2026-10-08T22:00:40.2827061Z ##[end-action id=__dtolnay_rust-toolchain.__run_6;outcome=success;conclusion=success;duration_ms=16]
2026-10-08T22:00:40.2829185Z ##[debug]Set step '' display name to: 'Enable colors in Cargo output'
2026-10-08T22:00:40.2829712Z ##[start-action display=Enable colors in Cargo output;id=__dtolnay_rust-toolchain.__run_7]
2026-10-08T22:00:40.2830277Z ##[debug]Evaluating condition for step: 'Enable colors in Cargo output'
2026-10-08T22:00:40.2831468Z ##[debug]Evaluating: success()
2026-10-08T22:00:40.2831884Z ##[debug]Evaluating success:
2026-10-08T22:00:40.2832295Z ##[debug]=> true
2026-10-08T22:00:40.2832638Z ##[debug]Result: true
2026-10-08T22:00:40.2833123Z ##[debug]Starting: Enable colors in Cargo output
2026-10-08T22:00:40.2846037Z ##[debug]Loading inputs
2026-10-08T22:00:40.2847255Z ##[debug]Loading env
2026-10-08T22:00:40.2850891Z ##[group]Run if [ -z "${CARGO_TERM_COLOR+set}" ]; then
2026-10-08T22:00:40.2851247Z [36;1mif [ -z "${CARGO_TERM_COLOR+set}" ]; then[0m
2026-10-08T22:00:40.2851577Z [36;1m  echo CARGO_TERM_COLOR=always >> $GITHUB_ENV[0m
2026-10-08T22:00:40.2851865Z [36;1mfi[0m
2026-10-08T22:00:40.2906597Z shell: /usr/bin/bash --noprofile --norc -e -o pipefail {0}
2026-10-08T22:00:40.2906931Z env:
2026-10-08T22:00:40.2907127Z   CARGO_TERM_COLOR: always
2026-10-08T22:00:40.2907365Z   CARGO_INCREMENTAL: 0
2026-10-08T22:00:40.2907591Z   CARGO_PROFILE_DEV_DEBUG: 0
2026-10-08T22:00:40.2907980Z   CARGO_PROFILE_TEST_DEBUG: 0
2026-10-08T22:00:40.2908225Z   RUSTUP_TOOLCHAIN: 1.98.1
2026-10-08T22:00:40.2908532Z   CONDUIT_CHECKOUT_SHA: d932da60c7f04bde62c797126e298e38aa9819d0
2026-10-08T22:00:40.2908890Z   CARGO_HOME: /home/runner/.cargo
2026-10-08T22:00:40.2909130Z ##[endgroup]
2026-10-08T22:00:40.2965281Z ##[debug]/usr/bin/bash --noprofile --norc -e -o pipefail /home/runner/work/_temp/6e6cd0e7-43a8-480c-b84a-0a5252e2fd46.sh
2026-10-08T22:00:40.2986862Z ##[debug]Finished: Enable colors in Cargo output
2026-10-08T22:00:40.2988310Z ##[end-action id=__dtolnay_rust-toolchain.__run_7;outcome=success;conclusion=success;duration_ms=15]
2026-10-08T22:00:40.2990240Z ##[debug]Set step '' display name to: 'Enable Cargo sparse registry'
2026-10-08T22:00:40.2990764Z ##[start-action display=Enable Cargo sparse registry;id=__dtolnay_rust-toolchain.__run_8]
2026-10-08T22:00:40.2991315Z ##[debug]Evaluating condition for step: 'Enable Cargo sparse registry'
2026-10-08T22:00:40.2992420Z ##[debug]Evaluating: success()
2026-10-08T22:00:40.2992781Z ##[debug]Evaluating success:
2026-10-08T22:00:40.2993143Z ##[debug]=> true
2026-10-08T22:00:40.2993654Z ##[debug]Result: true
2026-10-08T22:00:40.2994150Z ##[debug]Starting: Enable Cargo sparse registry
2026-10-08T22:00:40.3016616Z ##[debug]Loading inputs
2026-10-08T22:00:40.3018445Z ##[debug]Evaluating: format('# implemented in 1.66, stabilized in 1.68, made default in 1.70
2026-10-08T22:00:40.3019155Z ##[debug]if [ -z "${{CARGO_REGISTRIES_CRATES_IO_PROTOCOL+set}}" -o -f "{0}"/.implicit_cargo_registries_crates_io_protocol ]; then
2026-10-08T22:00:40.3019793Z ##[debug]  if rustc +{1} --version --verbose | grep -q ''^release: 1\.6[89]\.''; then
2026-10-08T22:00:40.3020267Z ##[debug]    touch "{2}"/.implicit_cargo_registries_crates_io_protocol || true
2026-10-08T22:00:40.3020724Z ##[debug]    echo CARGO_REGISTRIES_CRATES_IO_PROTOCOL=sparse >> $GITHUB_ENV
2026-10-08T22:00:40.3021196Z ##[debug]  elif rustc +{3} --version --verbose | grep -q ''^release: 1\.6[67]\.''; then
2026-10-08T22:00:40.3021677Z ##[debug]    touch "{4}"/.implicit_cargo_registries_crates_io_protocol || true
2026-10-08T22:00:40.3022121Z ##[debug]    echo CARGO_REGISTRIES_CRATES_IO_PROTOCOL=git >> $GITHUB_ENV
2026-10-08T22:00:40.3022461Z ##[debug]  fi
2026-10-08T22:00:40.3022648Z ##[debug]fi
2026-10-08T22:00:40.3023106Z ##[debug]', runner.temp, steps.parse.outputs.toolchain, runner.temp, steps.parse.outputs.toolchain, runner.temp)
2026-10-08T22:00:40.3023624Z ##[debug]Evaluating format:
2026-10-08T22:00:40.3023878Z ##[debug]..Evaluating String:
2026-10-08T22:00:40.3024265Z ##[debug]..=> '# implemented in 1.66, stabilized in 1.68, made default in 1.70
2026-10-08T22:00:40.3025235Z ##[debug]if [ -z "${{CARGO_REGISTRIES_CRATES_IO_PROTOCOL+set}}" -o -f "{0}"/.implicit_cargo_registries_crates_io_protocol ]; then
2026-10-08T22:00:40.3025885Z ##[debug]  if rustc +{1} --version --verbose | grep -q ''^release: 1\.6[89]\.''; then
2026-10-08T22:00:40.3026364Z ##[debug]    touch "{2}"/.implicit_cargo_registries_crates_io_protocol || true
2026-10-08T22:00:40.3026816Z ##[debug]    echo CARGO_REGISTRIES_CRATES_IO_PROTOCOL=sparse >> $GITHUB_ENV
2026-10-08T22:00:40.3027287Z ##[debug]  elif rustc +{3} --version --verbose | grep -q ''^release: 1\.6[67]\.''; then
2026-10-08T22:00:40.3027758Z ##[debug]    touch "{4}"/.implicit_cargo_registries_crates_io_protocol || true
2026-10-08T22:00:40.3028199Z ##[debug]    echo CARGO_REGISTRIES_CRATES_IO_PROTOCOL=git >> $GITHUB_ENV
2026-10-08T22:00:40.3028541Z ##[debug]  fi
2026-10-08T22:00:40.3028727Z ##[debug]fi
2026-10-08T22:00:40.3028905Z ##[debug]'
2026-10-08T22:00:40.3029266Z ##[debug]..Evaluating Index:
2026-10-08T22:00:40.3029531Z ##[debug]....Evaluating runner:
2026-10-08T22:00:40.3029793Z ##[debug]....=> Object
2026-10-08T22:00:40.3030042Z ##[debug]....Evaluating String:
2026-10-08T22:00:40.3030290Z ##[debug]....=> 'temp'
2026-10-08T22:00:40.3030554Z ##[debug]..=> '/home/runner/work/_temp'
2026-10-08T22:00:40.3030919Z ##[debug]..Evaluating Index:
2026-10-08T22:00:40.3031336Z ##[debug]....Evaluating Index:
2026-10-08T22:00:40.3031598Z ##[debug]......Evaluating Index:
2026-10-08T22:00:40.3031854Z ##[debug]........Evaluating steps:
2026-10-08T22:00:40.3032122Z ##[debug]........=> Object
2026-10-08T22:00:40.3032368Z ##[debug]........Evaluating String:
2026-10-08T22:00:40.3032630Z ##[debug]........=> 'parse'
2026-10-08T22:00:40.3032875Z ##[debug]......=> Object
2026-10-08T22:00:40.3033123Z ##[debug]......Evaluating String:
2026-10-08T22:00:40.3033376Z ##[debug]......=> 'outputs'
2026-10-08T22:00:40.3033611Z ##[debug]....=> Object
2026-10-08T22:00:40.3033839Z ##[debug]....Evaluating String:
2026-10-08T22:00:40.3034079Z ##[debug]....=> 'toolchain'
2026-10-08T22:00:40.3034311Z ##[debug]..=> '1.98.1'
2026-10-08T22:00:40.3034573Z ##[debug]..Evaluating Index:
2026-10-08T22:00:40.3034813Z ##[debug]....Evaluating runner:
2026-10-08T22:00:40.3035354Z ##[debug]....=> Object
2026-10-08T22:00:40.3035590Z ##[debug]....Evaluating String:
2026-10-08T22:00:40.3035840Z ##[debug]....=> 'temp'
2026-10-08T22:00:40.3036092Z ##[debug]..=> '/home/runner/work/_temp'
2026-10-08T22:00:40.3036393Z ##[debug]..Evaluating Index:
2026-10-08T22:00:40.3036776Z ##[debug]....Evaluating Index:
2026-10-08T22:00:40.3037024Z ##[debug]......Evaluating Index:
2026-10-08T22:00:40.3037283Z ##[debug]........Evaluating steps:
2026-10-08T22:00:40.3037548Z ##[debug]........=> Object
2026-10-08T22:00:40.3037788Z ##[debug]........Evaluating String:
2026-10-08T22:00:40.3038051Z ##[debug]........=> 'parse'
2026-10-08T22:00:40.3038300Z ##[debug]......=> Object
2026-10-08T22:00:40.3038537Z ##[debug]......Evaluating String:
2026-10-08T22:00:40.3038787Z ##[debug]......=> 'outputs'
2026-10-08T22:00:40.3039034Z ##[debug]....=> Object
2026-10-08T22:00:40.3039257Z ##[debug]....Evaluating String:
2026-10-08T22:00:40.3039500Z ##[debug]....=> 'toolchain'
2026-10-08T22:00:40.3039735Z ##[debug]..=> '1.98.1'
2026-10-08T22:00:40.3039973Z ##[debug]..Evaluating Index:
2026-10-08T22:00:40.3040214Z ##[debug]....Evaluating runner:
2026-10-08T22:00:40.3040458Z ##[debug]....=> Object
2026-10-08T22:00:40.3040678Z ##[debug]....Evaluating String:
2026-10-08T22:00:40.3040911Z ##[debug]....=> 'temp'
2026-10-08T22:00:40.3041169Z ##[debug]..=> '/home/runner/work/_temp'
2026-10-08T22:00:40.3041597Z ##[debug]=> '# implemented in 1.66, stabilized in 1.68, made default in 1.70
2026-10-08T22:00:40.3042294Z ##[debug]if [ -z "${CARGO_REGISTRIES_CRATES_IO_PROTOCOL+set}" -o -f "/home/runner/work/_temp"/.implicit_cargo_registries_crates_io_protocol ]; then
2026-10-08T22:00:40.3042999Z ##[debug]  if rustc +1.98.1 --version --verbose | grep -q ''^release: 1\.6[89]\.''; then
2026-10-08T22:00:40.3043555Z ##[debug]    touch "/home/runner/work/_temp"/.implicit_cargo_registries_crates_io_protocol || true
2026-10-08T22:00:40.3044086Z ##[debug]    echo CARGO_REGISTRIES_CRATES_IO_PROTOCOL=sparse >> $GITHUB_ENV
2026-10-08T22:00:40.3044581Z ##[debug]  elif rustc +1.98.1 --version --verbose | grep -q ''^release: 1\.6[67]\.''; then
2026-10-08T22:00:40.3045340Z ##[debug]    touch "/home/runner/work/_temp"/.implicit_cargo_registries_crates_io_protocol || true
2026-10-08T22:00:40.3045877Z ##[debug]    echo CARGO_REGISTRIES_CRATES_IO_PROTOCOL=git >> $GITHUB_ENV
2026-10-08T22:00:40.3046227Z ##[debug]  fi
2026-10-08T22:00:40.3046416Z ##[debug]fi
2026-10-08T22:00:40.3046597Z ##[debug]'
2026-10-08T22:00:40.3046953Z ##[debug]Result: '# implemented in 1.66, stabilized in 1.68, made default in 1.70
2026-10-08T22:00:40.3047671Z ##[debug]if [ -z "${CARGO_REGISTRIES_CRATES_IO_PROTOCOL+set}" -o -f "/home/runner/work/_temp"/.implicit_cargo_registries_crates_io_protocol ]; then
2026-10-08T22:00:40.3048365Z ##[debug]  if rustc +1.98.1 --version --verbose | grep -q ''^release: 1\.6[89]\.''; then
2026-10-08T22:00:40.3048912Z ##[debug]    touch "/home/runner/work/_temp"/.implicit_cargo_registries_crates_io_protocol || true
2026-10-08T22:00:40.3049434Z ##[debug]    echo CARGO_REGISTRIES_CRATES_IO_PROTOCOL=sparse >> $GITHUB_ENV
2026-10-08T22:00:40.3050039Z ##[debug]  elif rustc +1.98.1 --version --verbose | grep -q ''^release: 1\.6[67]\.''; then
2026-10-08T22:00:40.3050590Z ##[debug]    touch "/home/runner/work/_temp"/.implicit_cargo_registries_crates_io_protocol || true
2026-10-08T22:00:40.3051106Z ##[debug]    echo CARGO_REGISTRIES_CRATES_IO_PROTOCOL=git >> $GITHUB_ENV
2026-10-08T22:00:40.3051444Z ##[debug]  fi
2026-10-08T22:00:40.3051629Z ##[debug]fi
2026-10-08T22:00:40.3051807Z ##[debug]'
2026-10-08T22:00:40.3052125Z ##[debug]Loading env
2026-10-08T22:00:40.3056094Z ##[group]Run # implemented in 1.66, stabilized in 1.68, made default in 1.70
2026-10-08T22:00:40.3056604Z [36;1m# implemented in 1.66, stabilized in 1.68, made default in 1.70[0m
2026-10-08T22:00:40.3057293Z [36;1mif [ -z "${CARGO_REGISTRIES_CRATES_IO_PROTOCOL+set}" -o -f "/home/runner/work/_temp"/.implicit_cargo_registries_crates_io_protocol ]; then[0m
2026-10-08T22:00:40.3057998Z [36;1m  if rustc +1.98.1 --version --verbose | grep -q '^release: 1\.6[89]\.'; then[0m
2026-10-08T22:00:40.3058564Z [36;1m    touch "/home/runner/work/_temp"/.implicit_cargo_registries_crates_io_protocol || true[0m
2026-10-08T22:00:40.3059096Z [36;1m    echo CARGO_REGISTRIES_CRATES_IO_PROTOCOL=sparse >> $GITHUB_ENV[0m
2026-10-08T22:00:40.3059704Z [36;1m  elif rustc +1.98.1 --version --verbose | grep -q '^release: 1\.6[67]\.'; then[0m
2026-10-08T22:00:40.3060259Z [36;1m    touch "/home/runner/work/_temp"/.implicit_cargo_registries_crates_io_protocol || true[0m
2026-10-08T22:00:40.3060772Z [36;1m    echo CARGO_REGISTRIES_CRATES_IO_PROTOCOL=git >> $GITHUB_ENV[0m
2026-10-08T22:00:40.3061118Z [36;1m  fi[0m
2026-10-08T22:00:40.3061311Z [36;1mfi[0m
2026-10-08T22:00:40.3114581Z shell: /usr/bin/bash --noprofile --norc -e -o pipefail {0}
2026-10-08T22:00:40.3115059Z env:
2026-10-08T22:00:40.3115260Z   CARGO_TERM_COLOR: always
2026-10-08T22:00:40.3115493Z   CARGO_INCREMENTAL: 0
2026-10-08T22:00:40.3115713Z   CARGO_PROFILE_DEV_DEBUG: 0
2026-10-08T22:00:40.3115947Z   CARGO_PROFILE_TEST_DEBUG: 0
2026-10-08T22:00:40.3116185Z   RUSTUP_TOOLCHAIN: 1.98.1
2026-10-08T22:00:40.3116502Z   CONDUIT_CHECKOUT_SHA: d932da60c7f04bde62c797126e298e38aa9819d0
2026-10-08T22:00:40.3116848Z   CARGO_HOME: /home/runner/.cargo
2026-10-08T22:00:40.3117092Z ##[endgroup]
2026-10-08T22:00:40.3172052Z ##[debug]/usr/bin/bash --noprofile --norc -e -o pipefail /home/runner/work/_temp/6e6d2a1b-fa8d-4459-b1d6-350d22e7aa69.sh
2026-10-08T22:00:40.3421544Z ##[debug]Finished: Enable Cargo sparse registry
2026-10-08T22:00:40.3423591Z ##[end-action id=__dtolnay_rust-toolchain.__run_8;outcome=success;conclusion=success;duration_ms=43]
2026-10-08T22:00:40.3426281Z ##[debug]Set step '' display name to: 'Work around spurious network errors in curl 8.0'
2026-10-08T22:00:40.3426936Z ##[start-action display=Work around spurious network errors in curl 8.0;id=__dtolnay_rust-toolchain.__run_9]
2026-10-08T22:00:40.3427622Z ##[debug]Evaluating condition for step: 'Work around spurious network errors in curl 8.0'
2026-10-08T22:00:40.3429134Z ##[debug]Evaluating: success()
2026-10-08T22:00:40.3429515Z ##[debug]Evaluating success:
2026-10-08T22:00:40.3429938Z ##[debug]=> true
2026-10-08T22:00:40.3430289Z ##[debug]Result: true
2026-10-08T22:00:40.3430908Z ##[debug]Starting: Work around spurious network errors in curl 8.0
2026-10-08T22:00:40.3443748Z ##[debug]Loading inputs
2026-10-08T22:00:40.3445727Z ##[debug]Evaluating: format('# https://rust-lang.zulipchat.com/#narrow/stream/246057-t-cargo/topic/timeout.20investigation
2026-10-08T22:00:40.3446418Z ##[debug]if rustc +{0} --version --verbose | grep -q ''^release: 1\.7[01]\.''; then
2026-10-08T22:00:40.3446864Z ##[debug]  echo CARGO_HTTP_MULTIPLEXING=false >> $GITHUB_ENV
2026-10-08T22:00:40.3447183Z ##[debug]fi
2026-10-08T22:00:40.3447400Z ##[debug]', steps.parse.outputs.toolchain)
2026-10-08T22:00:40.3447695Z ##[debug]Evaluating format:
2026-10-08T22:00:40.3447943Z ##[debug]..Evaluating String:
2026-10-08T22:00:40.3448433Z ##[debug]..=> '# https://rust-lang.zulipchat.com/#narrow/stream/246057-t-cargo/topic/timeout.20investigation
2026-10-08T22:00:40.3449211Z ##[debug]if rustc +{0} --version --verbose | grep -q ''^release: 1\.7[01]\.''; then
2026-10-08T22:00:40.3449658Z ##[debug]  echo CARGO_HTTP_MULTIPLEXING=false >> $GITHUB_ENV
2026-10-08T22:00:40.3449966Z ##[debug]fi
2026-10-08T22:00:40.3450141Z ##[debug]'
2026-10-08T22:00:40.3450433Z ##[debug]..Evaluating Index:
2026-10-08T22:00:40.3450679Z ##[debug]....Evaluating Index:
2026-10-08T22:00:40.3450922Z ##[debug]......Evaluating Index:
2026-10-08T22:00:40.3451177Z ##[debug]........Evaluating steps:
2026-10-08T22:00:40.3451453Z ##[debug]........=> Object
2026-10-08T22:00:40.3451710Z ##[debug]........Evaluating String:
2026-10-08T22:00:40.3451965Z ##[debug]........=> 'parse'
2026-10-08T22:00:40.3452226Z ##[debug]......=> Object
2026-10-08T22:00:40.3452463Z ##[debug]......Evaluating String:
2026-10-08T22:00:40.3452715Z ##[debug]......=> 'outputs'
2026-10-08T22:00:40.3452944Z ##[debug]....=> Object
2026-10-08T22:00:40.3453182Z ##[debug]....Evaluating String:
2026-10-08T22:00:40.3453427Z ##[debug]....=> 'toolchain'
2026-10-08T22:00:40.3453657Z ##[debug]..=> '1.98.1'
2026-10-08T22:00:40.3454145Z ##[debug]=> '# https://rust-lang.zulipchat.com/#narrow/stream/246057-t-cargo/topic/timeout.20investigation
2026-10-08T22:00:40.3455171Z ##[debug]if rustc +1.98.1 --version --verbose | grep -q ''^release: 1\.7[01]\.''; then
2026-10-08T22:00:40.3455637Z ##[debug]  echo CARGO_HTTP_MULTIPLEXING=false >> $GITHUB_ENV
2026-10-08T22:00:40.3455945Z ##[debug]fi
2026-10-08T22:00:40.3456125Z ##[debug]'
2026-10-08T22:00:40.3456583Z ##[debug]Result: '# https://rust-lang.zulipchat.com/#narrow/stream/246057-t-cargo/topic/timeout.20investigation
2026-10-08T22:00:40.3457188Z ##[debug]if rustc +1.98.1 --version --verbose | grep -q ''^release: 1\.7[01]\.''; then
2026-10-08T22:00:40.3457633Z ##[debug]  echo CARGO_HTTP_MULTIPLEXING=false >> $GITHUB_ENV
2026-10-08T22:00:40.3457936Z ##[debug]fi
2026-10-08T22:00:40.3458114Z ##[debug]'
2026-10-08T22:00:40.3458612Z ##[debug]Loading env
2026-10-08T22:00:40.3462525Z ##[group]Run # https://rust-lang.zulipchat.com/#narrow/stream/246057-t-cargo/topic/timeout.20investigation
2026-10-08T22:00:40.3463252Z [36;1m# https://rust-lang.zulipchat.com/#narrow/stream/246057-t-cargo/topic/timeout.20investigation[0m
2026-10-08T22:00:40.3463850Z [36;1mif rustc +1.98.1 --version --verbose | grep -q '^release: 1\.7[01]\.'; then[0m
2026-10-08T22:00:40.3464302Z [36;1m  echo CARGO_HTTP_MULTIPLEXING=false >> $GITHUB_ENV[0m
2026-10-08T22:00:40.3464616Z [36;1mfi[0m
2026-10-08T22:00:40.3524663Z shell: /usr/bin/bash --noprofile --norc -e -o pipefail {0}
2026-10-08T22:00:40.3525263Z env:
2026-10-08T22:00:40.3525462Z   CARGO_TERM_COLOR: always
2026-10-08T22:00:40.3525701Z   CARGO_INCREMENTAL: 0
2026-10-08T22:00:40.3525934Z   CARGO_PROFILE_DEV_DEBUG: 0
2026-10-08T22:00:40.3526180Z   CARGO_PROFILE_TEST_DEBUG: 0
2026-10-08T22:00:40.3526420Z   RUSTUP_TOOLCHAIN: 1.98.1
2026-10-08T22:00:40.3526723Z   CONDUIT_CHECKOUT_SHA: d932da60c7f04bde62c797126e298e38aa9819d0
2026-10-08T22:00:40.3527078Z   CARGO_HOME: /home/runner/.cargo
2026-10-08T22:00:40.3527322Z ##[endgroup]
2026-10-08T22:00:40.3583143Z ##[debug]/usr/bin/bash --noprofile --norc -e -o pipefail /home/runner/work/_temp/6dc74315-bcd6-4ebe-85dc-ee0cdddc8981.sh
2026-10-08T22:00:40.3717867Z ##[debug]Finished: Work around spurious network errors in curl 8.0
2026-10-08T22:00:40.3719902Z ##[end-action id=__dtolnay_rust-toolchain.__run_9;outcome=success;conclusion=success;duration_ms=29]
2026-10-08T22:00:40.3723130Z ##[debug]Evaluating: format('rustc +{0} --version --verbose', steps.parse.outputs.toolchain)
2026-10-08T22:00:40.3723638Z ##[debug]Evaluating format:
2026-10-08T22:00:40.3723905Z ##[debug]..Evaluating String:
2026-10-08T22:00:40.3724238Z ##[debug]..=> 'rustc +{0} --version --verbose'
2026-10-08T22:00:40.3724657Z ##[debug]..Evaluating Index:
2026-10-08T22:00:40.3725197Z ##[debug]....Evaluating Index:
2026-10-08T22:00:40.3725469Z ##[debug]......Evaluating Index:
2026-10-08T22:00:40.3725748Z ##[debug]........Evaluating steps:
2026-10-08T22:00:40.3726034Z ##[debug]........=> Object
2026-10-08T22:00:40.3726507Z ##[debug]........Evaluating String:
2026-10-08T22:00:40.3726789Z ##[debug]........=> 'parse'
2026-10-08T22:00:40.3727068Z ##[debug]......=> Object
2026-10-08T22:00:40.3727331Z ##[debug]......Evaluating String:
2026-10-08T22:00:40.3727601Z ##[debug]......=> 'outputs'
2026-10-08T22:00:40.3727853Z ##[debug]....=> Object
2026-10-08T22:00:40.3728085Z ##[debug]....Evaluating String:
2026-10-08T22:00:40.3728337Z ##[debug]....=> 'toolchain'
2026-10-08T22:00:40.3728583Z ##[debug]..=> '1.98.1'
2026-10-08T22:00:40.3728891Z ##[debug]=> 'rustc +1.98.1 --version --verbose'
2026-10-08T22:00:40.3729251Z ##[debug]Result: 'rustc +1.98.1 --version --verbose'
2026-10-08T22:00:40.3729884Z ##[debug]Set step '' display name to: 'rustc +1.98.1 --version --verbose'
2026-10-08T22:00:40.3730462Z ##[start-action display=rustc +1.98.1 --version --verbose;id=__dtolnay_rust-toolchain.__run_10]
2026-10-08T22:00:40.3731049Z ##[debug]Evaluating condition for step: 'rustc +1.98.1 --version --verbose'
2026-10-08T22:00:40.3732272Z ##[debug]Evaluating: success()
2026-10-08T22:00:40.3732650Z ##[debug]Evaluating success:
2026-10-08T22:00:40.3733031Z ##[debug]=> true
2026-10-08T22:00:40.3733542Z ##[debug]Result: true
2026-10-08T22:00:40.3734053Z ##[debug]Starting: rustc +1.98.1 --version --verbose
2026-10-08T22:00:40.3747449Z ##[debug]Loading inputs
2026-10-08T22:00:40.3748936Z ##[debug]Evaluating: format('rustc +{0} --version --verbose', steps.parse.outputs.toolchain)
2026-10-08T22:00:40.3749585Z ##[debug]Evaluating format:
2026-10-08T22:00:40.3749863Z ##[debug]..Evaluating String:
2026-10-08T22:00:40.3750158Z ##[debug]..=> 'rustc +{0} --version --verbose'
2026-10-08T22:00:40.3750522Z ##[debug]..Evaluating Index:
2026-10-08T22:00:40.3750769Z ##[debug]....Evaluating Index:
2026-10-08T22:00:40.3751017Z ##[debug]......Evaluating Index:
2026-10-08T22:00:40.3751277Z ##[debug]........Evaluating steps:
2026-10-08T22:00:40.3751540Z ##[debug]........=> Object
2026-10-08T22:00:40.3751787Z ##[debug]........Evaluating String:
2026-10-08T22:00:40.3752043Z ##[debug]........=> 'parse'
2026-10-08T22:00:40.3752301Z ##[debug]......=> Object
2026-10-08T22:00:40.3752539Z ##[debug]......Evaluating String:
2026-10-08T22:00:40.3752805Z ##[debug]......=> 'outputs'
2026-10-08T22:00:40.3753038Z ##[debug]....=> Object
2026-10-08T22:00:40.3753262Z ##[debug]....Evaluating String:
2026-10-08T22:00:40.3753501Z ##[debug]....=> 'toolchain'
2026-10-08T22:00:40.3753729Z ##[debug]..=> '1.98.1'
2026-10-08T22:00:40.3753999Z ##[debug]=> 'rustc +1.98.1 --version --verbose'
2026-10-08T22:00:40.3754338Z ##[debug]Result: 'rustc +1.98.1 --version --verbose'
2026-10-08T22:00:40.3754755Z ##[debug]Loading env
2026-10-08T22:00:40.3758703Z ##[group]Run rustc +1.98.1 --version --verbose
2026-10-08T22:00:40.3759025Z [36;1mrustc +1.98.1 --version --verbose[0m
2026-10-08T22:00:40.3817138Z shell: /usr/bin/bash --noprofile --norc -e -o pipefail {0}
2026-10-08T22:00:40.3817480Z env:
2026-10-08T22:00:40.3817684Z   CARGO_TERM_COLOR: always
2026-10-08T22:00:40.3817922Z   CARGO_INCREMENTAL: 0
2026-10-08T22:00:40.3818150Z   CARGO_PROFILE_DEV_DEBUG: 0
2026-10-08T22:00:40.3818395Z   CARGO_PROFILE_TEST_DEBUG: 0
2026-10-08T22:00:40.3818637Z   RUSTUP_TOOLCHAIN: 1.98.1
2026-10-08T22:00:40.3818940Z   CONDUIT_CHECKOUT_SHA: d932da60c7f04bde62c797126e298e38aa9819d0
2026-10-08T22:00:40.3819301Z   CARGO_HOME: /home/runner/.cargo
2026-10-08T22:00:40.3819546Z ##[endgroup]
2026-10-08T22:00:40.3876129Z ##[debug]/usr/bin/bash --noprofile --norc -e -o pipefail /home/runner/work/_temp/565d11a1-d5a1-4068-b9fe-17eccb624135.sh
2026-10-08T22:00:40.4010612Z rustc 1.98.1 (48a229cea 2026-09-01)
2026-10-08T22:00:40.4011385Z binary: rustc
2026-10-08T22:00:40.4012112Z commit-hash: 48a229ceaefd4985c50990b14116b6d856af0985
2026-10-08T22:00:40.4012887Z commit-date: 2026-09-01
2026-10-08T22:00:40.4013203Z host: x86_64-unknown-linux-gnu
2026-10-08T22:00:40.4013462Z release: 1.98.1
2026-10-08T22:00:40.4013671Z LLVM version: 22.1.8
2026-10-08T22:00:40.4040957Z ##[debug]Finished: rustc +1.98.1 --version --verbose
2026-10-08T22:00:40.4044027Z ##[end-action id=__dtolnay_rust-toolchain.__run_10;outcome=success;conclusion=success;duration_ms=31]
2026-10-08T22:00:40.4061002Z ##[debug]Evaluating: steps.rustc-version.outputs.cachekey
2026-10-08T22:00:40.4061662Z ##[debug]Evaluating Index:
2026-10-08T22:00:40.4062139Z ##[debug]..Evaluating Index:
2026-10-08T22:00:40.4062569Z ##[debug]....Evaluating Index:
2026-10-08T22:00:40.4063006Z ##[debug]......Evaluating steps:
2026-10-08T22:00:40.4063516Z ##[debug]......=> Object
2026-10-08T22:00:40.4063984Z ##[debug]......Evaluating String:
2026-10-08T22:00:40.4064459Z ##[debug]......=> 'rustc-version'
2026-10-08T22:00:40.4065199Z ##[debug]....=> Object
2026-10-08T22:00:40.4065620Z ##[debug]....Evaluating String:
2026-10-08T22:00:40.4066109Z ##[debug]....=> 'outputs'
2026-10-08T22:00:40.4066433Z ##[debug]..=> Object
2026-10-08T22:00:40.4066682Z ##[debug]..Evaluating String:
2026-10-08T22:00:40.4066930Z ##[debug]..=> 'cachekey'
2026-10-08T22:00:40.4067169Z ##[debug]=> '2026090148a2'
2026-10-08T22:00:40.4067440Z ##[debug]Result: '2026090148a2'
2026-10-08T22:00:40.4068088Z ##[debug]Evaluating: steps.parse.outputs.toolchain
2026-10-08T22:00:40.4068429Z ##[debug]Evaluating Index:
2026-10-08T22:00:40.4068881Z ##[debug]..Evaluating Index:
2026-10-08T22:00:40.4069126Z ##[debug]....Evaluating Index:
2026-10-08T22:00:40.4069379Z ##[debug]......Evaluating steps:
2026-10-08T22:00:40.4069644Z ##[debug]......=> Object
2026-10-08T22:00:40.4069887Z ##[debug]......Evaluating String:
2026-10-08T22:00:40.4070154Z ##[debug]......=> 'parse'
2026-10-08T22:00:40.4070395Z ##[debug]....=> Object
2026-10-08T22:00:40.4070624Z ##[debug]....Evaluating String:
2026-10-08T22:00:40.4070866Z ##[debug]....=> 'outputs'
2026-10-08T22:00:40.4071092Z ##[debug]..=> Object
2026-10-08T22:00:40.4071318Z ##[debug]..Evaluating String:
2026-10-08T22:00:40.4071565Z ##[debug]..=> 'toolchain'
2026-10-08T22:00:40.4071791Z ##[debug]=> '1.98.1'
2026-10-08T22:00:40.4072011Z ##[debug]Result: '1.98.1'
2026-10-08T22:00:40.4080359Z ##[debug]Finishing: Run dtolnay/rust-toolchain@1.98.1
2026-10-08T22:00:40.4088767Z ##[debug]Evaluating condition for step: 'Run actions/setup-node@v7.0.0'
2026-10-08T22:00:40.4090121Z ##[debug]Evaluating: success()
2026-10-08T22:00:40.4090516Z ##[debug]Evaluating success:
2026-10-08T22:00:40.4090905Z ##[debug]=> true
2026-10-08T22:00:40.4091241Z ##[debug]Result: true
2026-10-08T22:00:40.4091756Z ##[debug]Starting: Run actions/setup-node@v7.0.0
2026-10-08T22:00:40.4124662Z ##[debug]Register post job cleanup for action: actions/setup-node@v7.0.0
2026-10-08T22:00:40.4142438Z ##[debug]Loading inputs
2026-10-08T22:00:40.4147156Z ##[debug]Evaluating: (((github.server_url == 'https://github.com') && github.token) || '')
2026-10-08T22:00:40.4147637Z ##[debug]Evaluating Or:
2026-10-08T22:00:40.4147891Z ##[debug]..Evaluating And:
2026-10-08T22:00:40.4148149Z ##[debug]....Evaluating Equal:
2026-10-08T22:00:40.4148402Z ##[debug]......Evaluating Index:
2026-10-08T22:00:40.4148674Z ##[debug]........Evaluating github:
2026-10-08T22:00:40.4148962Z ##[debug]........=> Object
2026-10-08T22:00:40.4149257Z ##[debug]........Evaluating String:
2026-10-08T22:00:40.4149526Z ##[debug]........=> 'server_url'
2026-10-08T22:00:40.4149825Z ##[debug]......=> 'https://github.com'
2026-10-08T22:00:40.4150116Z ##[debug]......Evaluating String:
2026-10-08T22:00:40.4150389Z ##[debug]......=> 'https://github.com'
2026-10-08T22:00:40.4150676Z ##[debug]....=> true
2026-10-08T22:00:40.4150920Z ##[debug]....Evaluating Index:
2026-10-08T22:00:40.4151173Z ##[debug]......Evaluating github:
2026-10-08T22:00:40.4151433Z ##[debug]......=> Object
2026-10-08T22:00:40.4151675Z ##[debug]......Evaluating String:
2026-10-08T22:00:40.4151927Z ##[debug]......=> 'token'
2026-10-08T22:00:40.4154781Z ##[debug]....=> '***'
2026-10-08T22:00:40.4157663Z ##[debug]..=> '***'
2026-10-08T22:00:40.4160204Z ##[debug]=> '***'
2026-10-08T22:00:40.4162961Z ##[debug]Expanded: ((('https://github.com' == 'https://github.com') && '***') || '')
2026-10-08T22:00:40.4165983Z ##[debug]Result: '***'
2026-10-08T22:00:40.4171429Z ##[debug]Loading env
2026-10-08T22:00:40.4176254Z ##[group]Run actions/setup-node@v7.0.0
2026-10-08T22:00:40.4176518Z with:
2026-10-08T22:00:40.4176717Z   node-version: 22
2026-10-08T22:00:40.4176931Z   check-latest: false
2026-10-08T22:00:40.4179405Z   token: ***
2026-10-08T22:00:40.4179618Z   package-manager-cache: true
2026-10-08T22:00:40.4179855Z env:
2026-10-08T22:00:40.4180044Z   CARGO_TERM_COLOR: always
2026-10-08T22:00:40.4180275Z   CARGO_INCREMENTAL: 0
2026-10-08T22:00:40.4180503Z   CARGO_PROFILE_DEV_DEBUG: 0
2026-10-08T22:00:40.4180742Z   CARGO_PROFILE_TEST_DEBUG: 0
2026-10-08T22:00:40.4180979Z   RUSTUP_TOOLCHAIN: 1.98.1
2026-10-08T22:00:40.4181286Z   CONDUIT_CHECKOUT_SHA: d932da60c7f04bde62c797126e298e38aa9819d0
2026-10-08T22:00:40.4181637Z   CARGO_HOME: /home/runner/.cargo
2026-10-08T22:00:40.4181881Z ##[endgroup]
2026-10-08T22:00:40.5436920Z ##[debug]isExplicit: 
2026-10-08T22:00:40.5439659Z ##[debug]explicit? false
2026-10-08T22:00:40.5455483Z ##[debug]isExplicit: 22.23.3
2026-10-08T22:00:40.5456235Z ##[debug]explicit? true
2026-10-08T22:00:40.5456720Z ##[debug]isExplicit: 24.21.0
2026-10-08T22:00:40.5457170Z ##[debug]explicit? true
2026-10-08T22:00:40.5462928Z ##[debug]evaluating 2 versions
2026-10-08T22:00:40.5484715Z ##[debug]matched: 22.23.3
2026-10-08T22:00:40.5485774Z ##[debug]checking cache: /opt/hostedtoolcache/node/22.23.3/x64
2026-10-08T22:00:40.5487076Z ##[debug]Found tool in cache node 22.23.3 x64
2026-10-08T22:00:40.5487662Z Found in cache @ /opt/hostedtoolcache/node/22.23.3/x64
2026-10-08T22:00:40.5490725Z ::group::Environment details
2026-10-08T22:00:40.5491152Z ##[group]Environment details
2026-10-08T22:00:40.9342393Z node: v22.23.3
2026-10-08T22:00:40.9342718Z npm: 10.9.9
2026-10-08T22:00:40.9342931Z yarn: 1.22.22
2026-10-08T22:00:40.9343450Z ::endgroup::
2026-10-08T22:00:40.9343663Z ##[endgroup]
2026-10-08T22:00:40.9352947Z ##[add-matcher]/home/runner/work/_actions/actions/setup-node/v7.0.0/.github/tsc.json
2026-10-08T22:00:40.9377310Z ##[debug]Added matchers: 'tsc'. Problem matchers scan action output for known warning or error strings and report these inline.
2026-10-08T22:00:40.9379074Z ##[add-matcher]/home/runner/work/_actions/actions/setup-node/v7.0.0/.github/eslint-stylish.json
2026-10-08T22:00:40.9387970Z ##[debug]Added matchers: 'eslint-stylish'. Problem matchers scan action output for known warning or error strings and report these inline.
2026-10-08T22:00:40.9389007Z ##[add-matcher]/home/runner/work/_actions/actions/setup-node/v7.0.0/.github/eslint-compact.json
2026-10-08T22:00:40.9391519Z ##[debug]Added matchers: 'eslint-compact'. Problem matchers scan action output for known warning or error strings and report these inline.
2026-10-08T22:00:40.9425969Z ##[debug]Node Action run completed with exit code 0
2026-10-08T22:00:40.9429161Z ##[debug]Set output node-version = v22.23.3
2026-10-08T22:00:40.9430650Z ##[debug]Finishing: Run actions/setup-node@v7.0.0
2026-10-08T22:00:40.9438295Z ##[debug]Evaluating condition for step: 'Run Swatinem/rust-cache@v2'
2026-10-08T22:00:40.9440076Z ##[debug]Evaluating: success()
2026-10-08T22:00:40.9440463Z ##[debug]Evaluating success:
2026-10-08T22:00:40.9440963Z ##[debug]=> true
2026-10-08T22:00:40.9441332Z ##[debug]Result: true
2026-10-08T22:00:40.9442040Z ##[debug]Starting: Run Swatinem/rust-cache@v2
2026-10-08T22:00:40.9463967Z ##[debug]Register post job cleanup for action: Swatinem/rust-cache@v2
2026-10-08T22:00:40.9479013Z ##[debug]Loading inputs
2026-10-08T22:00:40.9480523Z ##[debug]Evaluating: format('target-{0}', matrix.id)
2026-10-08T22:00:40.9480864Z ##[debug]Evaluating format:
2026-10-08T22:00:40.9481132Z ##[debug]..Evaluating String:
2026-10-08T22:00:40.9481392Z ##[debug]..=> 'target-{0}'
2026-10-08T22:00:40.9481718Z ##[debug]..Evaluating Index:
2026-10-08T22:00:40.9481970Z ##[debug]....Evaluating matrix:
2026-10-08T22:00:40.9482239Z ##[debug]....=> Object
2026-10-08T22:00:40.9482521Z ##[debug]....Evaluating String:
2026-10-08T22:00:40.9482778Z ##[debug]....=> 'id'
2026-10-08T22:00:40.9483017Z ##[debug]..=> 'browser'
2026-10-08T22:00:40.9483260Z ##[debug]=> 'target-browser'
2026-10-08T22:00:40.9483535Z ##[debug]Result: 'target-browser'
2026-10-08T22:00:40.9491071Z ##[debug]Loading env
2026-10-08T22:00:40.9495571Z ##[group]Run Swatinem/rust-cache@v2
2026-10-08T22:00:40.9495826Z with:
2026-10-08T22:00:40.9496026Z   key: target-browser
2026-10-08T22:00:40.9496261Z   prefix-key: conduit-compiler-v1
2026-10-08T22:00:40.9496519Z   cache-targets: false
2026-10-08T22:00:40.9496836Z   cache-directories: target/debug
target/release
target/*-unknown-*

2026-10-08T22:00:40.9497215Z   cache-on-failure: false
2026-10-08T22:00:40.9497447Z   add-job-id-key: true
2026-10-08T22:00:40.9497682Z   add-rust-environment-hash-key: true
2026-10-08T22:00:40.9497952Z   cache-all-crates: false
2026-10-08T22:00:40.9498188Z   cache-workspace-crates: false
2026-10-08T22:00:40.9498434Z   save-if: true
2026-10-08T22:00:40.9498654Z   cache-provider: github
2026-10-08T22:00:40.9498876Z   cache-bin: true
2026-10-08T22:00:40.9499078Z   lookup-only: false
2026-10-08T22:00:40.9499285Z   cmd-format: {0}
2026-10-08T22:00:40.9499476Z env:
2026-10-08T22:00:40.9499666Z   CARGO_TERM_COLOR: always
2026-10-08T22:00:40.9499896Z   CARGO_INCREMENTAL: 0
2026-10-08T22:00:40.9500272Z   CARGO_PROFILE_DEV_DEBUG: 0
2026-10-08T22:00:40.9500516Z   CARGO_PROFILE_TEST_DEBUG: 0
2026-10-08T22:00:40.9500756Z   RUSTUP_TOOLCHAIN: 1.98.1
2026-10-08T22:00:40.9501058Z   CONDUIT_CHECKOUT_SHA: d932da60c7f04bde62c797126e298e38aa9819d0
2026-10-08T22:00:40.9501652Z   CARGO_HOME: /home/runner/.cargo
2026-10-08T22:00:40.9501911Z ##[endgroup]
2026-10-08T22:00:41.2701438Z ##[debug]followSymbolicLinks 'false'
2026-10-08T22:00:41.2743532Z ##[debug]followSymbolicLinks 'false'
2026-10-08T22:00:41.2744316Z ##[debug]implicitDescendants 'true'
2026-10-08T22:00:41.2745279Z ##[debug]matchDirectories 'true'
2026-10-08T22:00:41.2746020Z ##[debug]omitBrokenSymbolicLinks 'true'
2026-10-08T22:00:41.2746803Z ##[debug]excludeHiddenFiles 'false'
2026-10-08T22:00:41.2750774Z ##[debug]Search path '/home/runner/work/conduit/conduit/.cargo/config.toml'
2026-10-08T22:00:41.2753519Z ##[debug]Search path '/home/runner/work/conduit/conduit/rust-toolchain'
2026-10-08T22:00:41.2755624Z ##[debug]Search path '/home/runner/work/conduit/conduit/rust-toolchain.toml'
2026-10-08T22:00:41.2768443Z ##[debug]followSymbolicLinks 'false'
2026-10-08T22:00:41.2775710Z ##[debug]followSymbolicLinks 'false'
2026-10-08T22:00:41.2776688Z ##[debug]implicitDescendants 'true'
2026-10-08T22:00:41.2777435Z ##[debug]matchDirectories 'true'
2026-10-08T22:00:41.2777903Z ##[debug]omitBrokenSymbolicLinks 'true'
2026-10-08T22:00:41.2778370Z ##[debug]excludeHiddenFiles 'false'
2026-10-08T22:00:41.2783764Z ##[debug]Search path '/home/runner/work/conduit/conduit'
2026-10-08T22:00:42.0043157Z ##[debug]collecting metadata for "/home/runner/work/conduit/conduit"
2026-10-08T22:00:42.0565560Z ##[debug]workspace "/home/runner/work/conduit/conduit" has 90 packages
2026-10-08T22:00:42.1028965Z ::group::Cache Configuration
2026-10-08T22:00:42.1029818Z ##[group]Cache Configuration
2026-10-08T22:00:42.1036929Z Cache Provider:
2026-10-08T22:00:42.1037216Z     github
2026-10-08T22:00:42.1037427Z Workspaces:
2026-10-08T22:00:42.1037697Z     /home/runner/work/conduit/conduit
2026-10-08T22:00:42.1038012Z Cache Paths:
2026-10-08T22:00:42.1038242Z     /home/runner/.cargo/bin
2026-10-08T22:00:42.1038523Z     /home/runner/.cargo/.crates.toml
2026-10-08T22:00:42.1038830Z     /home/runner/.cargo/.crates2.json
2026-10-08T22:00:42.1039133Z     /home/runner/.cargo/registry
2026-10-08T22:00:42.1039434Z     /home/runner/.cargo/git
2026-10-08T22:00:42.1039671Z     target/debug
2026-10-08T22:00:42.1040048Z     target/release
2026-10-08T22:00:42.1040361Z     target/*-unknown-*
2026-10-08T22:00:42.1040630Z Restore Key:
2026-10-08T22:00:42.1040987Z     conduit-compiler-v1-target-browser-target-Linux-x64-2f443374
2026-10-08T22:00:42.1041363Z Cache Key:
2026-10-08T22:00:42.1041894Z     conduit-compiler-v1-target-browser-target-Linux-x64-2f443374-b8a65865
2026-10-08T22:00:42.1042311Z .. Prefix:
2026-10-08T22:00:42.1042615Z   - conduit-compiler-v1-target-browser-target-Linux-x64
2026-10-08T22:00:42.1042993Z .. Environment considered:
2026-10-08T22:00:42.1043240Z   - Rust Versions:
2026-10-08T22:00:42.1043617Z     - 1.98.1 x86_64-unknown-linux-gnu 48a229ceaefd4985c50990b14116b6d856af0985
2026-10-08T22:00:42.1044144Z     - 1.99.0 x86_64-unknown-linux-gnu b940084d7eb6a299eb4bfeb8e34901bc051e7ac4
2026-10-08T22:00:42.1044513Z   - CARGO_HOME
2026-10-08T22:00:42.1044718Z   - CARGO_INCREMENTAL
2026-10-08T22:00:42.1045275Z   - CARGO_PROFILE_DEV_DEBUG
2026-10-08T22:00:42.1045573Z   - CARGO_PROFILE_TEST_DEBUG
2026-10-08T22:00:42.1045818Z   - CARGO_TERM_COLOR
2026-10-08T22:00:42.1046040Z   - RUSTUP_TOOLCHAIN
2026-10-08T22:00:42.1046282Z .. Lockfiles considered:
2026-10-08T22:00:42.1046602Z   - /home/runner/work/conduit/conduit/.cargo/config.toml
2026-10-08T22:00:42.1047095Z   - /home/runner/work/conduit/conduit/architecture/assigned-plan/Cargo.toml
2026-10-08T22:00:42.1047613Z   - /home/runner/work/conduit/conduit/architecture/body/Cargo.toml
2026-10-08T22:00:42.1048111Z   - /home/runner/work/conduit/conduit/architecture/composite/Cargo.toml
2026-10-08T22:00:42.1048620Z   - /home/runner/work/conduit/conduit/architecture/core/Cargo.toml
2026-10-08T22:00:42.1049429Z   - /home/runner/work/conduit/conduit/architecture/kernel/Cargo.toml
2026-10-08T22:00:42.1050184Z   - /home/runner/work/conduit/conduit/architecture/observatory/Cargo.toml
2026-10-08T22:00:42.1050930Z   - /home/runner/work/conduit/conduit/architecture/plan-lowering/Cargo.toml
2026-10-08T22:00:42.1051479Z   - /home/runner/work/conduit/conduit/architecture/planner/Cargo.toml
2026-10-08T22:00:42.1051969Z   - /home/runner/work/conduit/conduit/architecture/plot/Cargo.toml
2026-10-08T22:00:42.1052624Z   - /home/runner/work/conduit/conduit/architecture/protected-line/Cargo.toml
2026-10-08T22:00:42.1053136Z   - /home/runner/work/conduit/conduit/architecture/wire/Cargo.toml
2026-10-08T22:00:42.1053670Z   - /home/runner/work/conduit/conduit/bodies/pete/Cargo.toml
2026-10-08T22:00:42.1054159Z   - /home/runner/work/conduit/conduit/Cargo.lock
2026-10-08T22:00:42.1054725Z   - /home/runner/work/conduit/conduit/make/body/Cargo.toml
2026-10-08T22:00:42.1055742Z   - /home/runner/work/conduit/conduit/make/embedded-build/Cargo.toml
2026-10-08T22:00:42.1056213Z   - /home/runner/work/conduit/conduit/make/host/Cargo.toml
2026-10-08T22:00:42.1056646Z   - /home/runner/work/conduit/conduit/make/workspace/Cargo.toml
2026-10-08T22:00:42.1057154Z   - /home/runner/work/conduit/conduit/mechanisms/devices/create-oi/Cargo.toml
2026-10-08T22:00:42.1057704Z   - /home/runner/work/conduit/conduit/mechanisms/devices/mpu6050/Cargo.toml
2026-10-08T22:00:42.1058227Z   - /home/runner/work/conduit/conduit/mechanisms/devices/ssd1306/Cargo.toml
2026-10-08T22:00:42.1058799Z   - /home/runner/work/conduit/conduit/mechanisms/implementations/burn-model/Cargo.toml
2026-10-08T22:00:42.1059846Z   - /home/runner/work/conduit/conduit/mechanisms/implementations/emergency-keyword-spotter/Cargo.toml
2026-10-08T22:00:42.1060610Z   - /home/runner/work/conduit/conduit/mechanisms/implementations/linear-framebuffer-make/Cargo.toml
2026-10-08T22:00:42.1061268Z   - /home/runner/work/conduit/conduit/mechanisms/implementations/synth/Cargo.toml
2026-10-08T22:00:42.1061856Z   - /home/runner/work/conduit/conduit/mechanisms/protocols/bluetooth/Cargo.toml
2026-10-08T22:00:42.1062486Z   - /home/runner/work/conduit/conduit/mechanisms/protocols/midi/Cargo.toml
2026-10-08T22:00:42.1063223Z   - /home/runner/work/conduit/conduit/plots/birth/Cargo.toml
2026-10-08T22:00:42.1063743Z   - /home/runner/work/conduit/conduit/plots/little-seismograph/fixture/Cargo.toml
2026-10-08T22:00:42.1064299Z   - /home/runner/work/conduit/conduit/plots/patchbay/application/Cargo.toml
2026-10-08T22:00:42.1064792Z   - /home/runner/work/conduit/conduit/plots/patchbay/Cargo.toml
2026-10-08T22:00:42.1065634Z   - /home/runner/work/conduit/conduit/plots/patchbay/graph/Cargo.toml
2026-10-08T22:00:42.1066660Z   - /home/runner/work/conduit/conduit/plots/patchbay/workbench/host-contract/Cargo.toml
2026-10-08T22:00:42.1067415Z   - /home/runner/work/conduit/conduit/plots/patchbay/workbench/model/Cargo.toml
2026-10-08T22:00:42.1068007Z   - /home/runner/work/conduit/conduit/plots/patchbay/workbench/svg-mask/Cargo.toml
2026-10-08T22:00:42.1068537Z   - /home/runner/work/conduit/conduit/plots/todo/face/Cargo.toml
2026-10-08T22:00:42.1068993Z   - /home/runner/work/conduit/conduit/plots/todo/model/Cargo.toml
2026-10-08T22:00:42.1069598Z   - /home/runner/work/conduit/conduit/plots/tour/Cargo.toml
2026-10-08T22:00:42.1070038Z   - /home/runner/work/conduit/conduit/products/conduit/Cargo.toml
2026-10-08T22:00:42.1070572Z   - /home/runner/work/conduit/conduit/proof/conformance/alife-distributed/Cargo.toml
2026-10-08T22:00:42.1071166Z   - /home/runner/work/conduit/conduit/proof/conformance/body-lifecycle/Cargo.toml
2026-10-08T22:00:42.1071734Z   - /home/runner/work/conduit/conduit/proof/conformance/network-r1/Cargo.toml
2026-10-08T22:00:42.1072314Z   - /home/runner/work/conduit/conduit/proof/conformance/patchbay-workbench/Cargo.toml
2026-10-08T22:00:42.1072909Z   - /home/runner/work/conduit/conduit/proof/conformance/pete-workload/Cargo.toml
2026-10-08T22:00:42.1073447Z   - /home/runner/work/conduit/conduit/proof/conformance/signal/Cargo.toml
2026-10-08T22:00:42.1074307Z   - /home/runner/work/conduit/conduit/proof/fixtures/rp2040-pio-audio-extension/Cargo.toml
2026-10-08T22:00:42.1075100Z   - /home/runner/work/conduit/conduit/rust-toolchain.toml
2026-10-08T22:00:42.1075553Z   - /home/runner/work/conduit/conduit/semantics/ai/Cargo.toml
2026-10-08T22:00:42.1075990Z   - /home/runner/work/conduit/conduit/semantics/alife/Cargo.toml
2026-10-08T22:00:42.1076432Z   - /home/runner/work/conduit/conduit/semantics/audio/Cargo.toml
2026-10-08T22:00:42.1076949Z   - /home/runner/work/conduit/conduit/semantics/body-invitation/Cargo.toml
2026-10-08T22:00:42.1077531Z   - /home/runner/work/conduit/conduit/semantics/catalog/Cargo.toml
2026-10-08T22:00:42.1078081Z   - /home/runner/work/conduit/conduit/semantics/chat/Cargo.toml
2026-10-08T22:00:42.1078520Z   - /home/runner/work/conduit/conduit/semantics/data/Cargo.toml
2026-10-08T22:00:42.1078973Z   - /home/runner/work/conduit/conduit/semantics/education/Cargo.toml
2026-10-08T22:00:42.1079448Z   - /home/runner/work/conduit/conduit/semantics/finance/Cargo.toml
2026-10-08T22:00:42.1079886Z   - /home/runner/work/conduit/conduit/semantics/home/Cargo.toml
2026-10-08T22:00:42.1080318Z   - /home/runner/work/conduit/conduit/semantics/human/Cargo.toml
2026-10-08T22:00:42.1080766Z   - /home/runner/work/conduit/conduit/semantics/language/Cargo.toml
2026-10-08T22:00:42.1081216Z   - /home/runner/work/conduit/conduit/semantics/net/Cargo.toml
2026-10-08T22:00:42.1081679Z   - /home/runner/work/conduit/conduit/semantics/plot-library/Cargo.toml
2026-10-08T22:00:42.1082177Z   - /home/runner/work/conduit/conduit/semantics/presentation/Cargo.toml
2026-10-08T22:00:42.1082787Z   - /home/runner/work/conduit/conduit/semantics/process/Cargo.toml
2026-10-08T22:00:42.1083251Z   - /home/runner/work/conduit/conduit/semantics/purpose/Cargo.toml
2026-10-08T22:00:42.1083701Z   - /home/runner/work/conduit/conduit/semantics/robotics/Cargo.toml
2026-10-08T22:00:42.1084151Z   - /home/runner/work/conduit/conduit/semantics/signal/Cargo.toml
2026-10-08T22:00:42.1084602Z   - /home/runner/work/conduit/conduit/semantics/speech/Cargo.toml
2026-10-08T22:00:42.1085410Z   - /home/runner/work/conduit/conduit/semantics/system-continuity/Cargo.toml
2026-10-08T22:00:42.1085904Z   - /home/runner/work/conduit/conduit/semantics/text/Cargo.toml
2026-10-08T22:00:42.1086339Z   - /home/runner/work/conduit/conduit/semantics/time/Cargo.toml
2026-10-08T22:00:42.1086782Z   - /home/runner/work/conduit/conduit/semantics/tongues/Cargo.toml
2026-10-08T22:00:42.1087234Z   - /home/runner/work/conduit/conduit/semantics/tutorial/Cargo.toml
2026-10-08T22:00:42.1087681Z   - /home/runner/work/conduit/conduit/semantics/web/Cargo.toml
2026-10-08T22:00:42.1088230Z   - /home/runner/work/conduit/conduit/targets/avr/firmware/promicro-host/.cargo/config.toml
2026-10-08T22:00:42.1088897Z   - /home/runner/work/conduit/conduit/targets/avr/firmware/promicro-host/rust-toolchain.toml
2026-10-08T22:00:42.1089453Z   - /home/runner/work/conduit/conduit/targets/avr/make/Cargo.toml
2026-10-08T22:00:42.1089917Z   - /home/runner/work/conduit/conduit/targets/browser/host/Cargo.toml
2026-10-08T22:00:42.1090410Z   - /home/runner/work/conduit/conduit/targets/browser/make/Cargo.toml
2026-10-08T22:00:42.1090918Z   - /home/runner/work/conduit/conduit/targets/browser/mask-offer/Cargo.toml
2026-10-08T22:00:42.1091486Z   - /home/runner/work/conduit/conduit/targets/browser/patchbay-workbench/Cargo.toml
2026-10-08T22:00:42.1092043Z   - /home/runner/work/conduit/conduit/targets/browser/runtime/Cargo.toml
2026-10-08T22:00:42.1092536Z   - /home/runner/work/conduit/conduit/targets/conduitos/Cargo.toml
2026-10-08T22:00:42.1093010Z   - /home/runner/work/conduit/conduit/targets/conduitos/make/Cargo.toml
2026-10-08T22:00:42.1093530Z   - /home/runner/work/conduit/conduit/targets/conduitos/mask-offer/Cargo.toml
2026-10-08T22:00:42.1094121Z   - /home/runner/work/conduit/conduit/targets/esp32/firmware/c3-signal/.cargo/config.toml
2026-10-08T22:00:42.1094747Z   - /home/runner/work/conduit/conduit/targets/esp32/firmware/s3-signal/.cargo/config.toml
2026-10-08T22:00:42.1095927Z   - /home/runner/work/conduit/conduit/targets/esp32/firmware/wroom-signal/.cargo/config.toml
2026-10-08T22:00:42.1096504Z   - /home/runner/work/conduit/conduit/targets/esp32/make/Cargo.toml
2026-10-08T22:00:42.1096994Z   - /home/runner/work/conduit/conduit/targets/orange-pi/make/Cargo.toml
2026-10-08T22:00:42.1097510Z   - /home/runner/work/conduit/conduit/targets/raspberry-pi/make/Cargo.toml
2026-10-08T22:00:42.1098014Z   - /home/runner/work/conduit/conduit/targets/rp2040/make/Cargo.toml
2026-10-08T22:00:42.1098563Z   - /home/runner/work/conduit/conduit/targets/rp2040/network-realization/Cargo.toml
2026-10-08T22:00:42.1099074Z   - /home/runner/work/conduit/conduit/targets/std/Cargo.toml
2026-10-08T22:00:42.1099506Z   - /home/runner/work/conduit/conduit/targets/std/make/Cargo.toml
2026-10-08T22:00:42.1099961Z   - /home/runner/work/conduit/conduit/targets/std/offers/Cargo.toml
2026-10-08T22:00:42.1100481Z   - /home/runner/work/conduit/conduit/targets/std/patchbay-workbench/Cargo.toml
2026-10-08T22:00:42.1101016Z   - /home/runner/work/conduit/conduit/tools/xtask-dispatch/Cargo.toml
2026-10-08T22:00:42.1101460Z   - /home/runner/work/conduit/conduit/tools/xtask/Cargo.toml
2026-10-08T22:00:42.1101968Z ::endgroup::
2026-10-08T22:00:42.1102163Z ##[endgroup]
2026-10-08T22:00:42.1102277Z 
2026-10-08T22:00:42.1102396Z ... Restoring cache ...
2026-10-08T22:00:42.1102770Z ##[debug]Cache service version: v2
2026-10-08T22:00:42.1103169Z ##[debug]Resolved Keys:
2026-10-08T22:00:42.1103940Z ##[debug]["conduit-compiler-v1-target-browser-target-Linux-x64-2f443374-b8a65865","conduit-compiler-v1-target-browser-target-Linux-x64-2f443374"]
2026-10-08T22:00:42.1105139Z ##[debug]Checking zstd --quiet --version
2026-10-08T22:00:42.1113325Z ##[debug]1.5.7
2026-10-08T22:00:42.1114325Z ##[debug]zstd version: 1.5.7
2026-10-08T22:00:42.1122699Z ##[debug][Request] GetCacheEntryDownloadURL https://results-receiver.actions.githubusercontent.com/twirp/github.actions.results.api.v1.CacheService/GetCacheEntryDownloadURL
2026-10-08T22:00:42.1644384Z ##[debug][Response] - 200
2026-10-08T22:00:42.1647031Z ##[debug]Headers: {
2026-10-08T22:00:42.1647340Z ##[debug]  "content-length": "54",
2026-10-08T22:00:42.1647917Z ##[debug]  "content-type": "application/json",
2026-10-08T22:00:42.1648444Z ##[debug]  "date": "Thu, 08 Oct 2026 22:00:42 GMT",
2026-10-08T22:00:42.1648851Z ##[debug]  "x-github-backend": "Kubernetes",
2026-10-08T22:00:42.1649333Z ##[debug]  "x-github-request-id": "D019:39FAC7:C6E823:D76548:6AC8128A",
2026-10-08T22:00:42.1649814Z ##[debug]  "x-github-edge-region": "iad",
2026-10-08T22:00:42.1650177Z ##[debug]  "server": "github.com"
2026-10-08T22:00:42.1650508Z ##[debug]}
2026-10-08T22:00:42.1650970Z ##[debug]Body: {
2026-10-08T22:00:42.1651228Z ##[debug]  "ok": false,
2026-10-08T22:00:42.1651530Z ##[debug]  "signed_download_url": "",
2026-10-08T22:00:42.1651871Z ##[debug]  "matched_key": ""
2026-10-08T22:00:42.1652166Z ##[debug]}
2026-10-08T22:00:42.1655603Z ##[debug]Cache not found for version 8ce08821a1354bce7bf7b915147de12b960f204e80a8771a514e642dc063d46e of keys: conduit-compiler-v1-target-browser-target-Linux-x64-2f443374-b8a65865, conduit-compiler-v1-target-browser-target-Linux-x64-2f443374
2026-10-08T22:00:42.1657132Z No cache found.
2026-10-08T22:00:42.1733797Z ##[debug]Node Action run completed with exit code 0
2026-10-08T22:00:42.1736004Z ##[debug]CACHE_ON_FAILURE='false'
2026-10-08T22:00:42.1736347Z ##[debug]CARGO_INCREMENTAL='0'
2026-10-08T22:00:42.1765358Z ##[debug]Save intra-action state RUST_CACHE_CONFIG = {"cmdFormat":"{0}","cachePaths":["/home/runner/.cargo/bin","/home/runner/.cargo/.crates.toml","/home/runner/.cargo/.crates2.json","/home/runner/.cargo/registry","/home/runner/.cargo/git","target/debug","target/release","target/*-unknown-*"],"cacheKey":"conduit-compiler-v1-target-browser-target-Linux-x64-2f443374-b8a65865","restoreKey":"conduit-compiler-v1-target-browser-target-Linux-x64-2f443374","cacheBin":true,"workspaces":[{"root":"/home/runner/work/conduit/conduit","target":"/home/runner/work/conduit/conduit/target"}],"cargoBins":["rustup"],"keyPrefix":"conduit-compiler-v1-target-browser-target-Linux-x64","keyRust":["1.98.1 x86_64-unknown-linux-gnu 48a229ceaefd4985c50990b14116b6d856af0985","1.99.0 x86_64-unknown-linux-gnu b940084d7eb6a299eb4bfeb8e34901bc051e7ac4"],"keyEnvs":["CARGO_HOME","CARGO_INCREMENTAL","CARGO_PROFILE_DEV_DEBUG","CARGO_PROFILE_TEST_DEBUG","CARGO_TERM_COLOR","RUSTUP_TOOLCHAIN"],"keyFiles":["/home/runner/work/conduit/conduit/.cargo/config.toml","/home/runner/work/conduit/conduit/architecture/assigned-plan/Cargo.toml","/home/runner/work/conduit/conduit/architecture/body/Cargo.toml","/home/runner/work/conduit/conduit/architecture/composite/Cargo.toml","/home/runner/work/conduit/conduit/architecture/core/Cargo.toml","/home/runner/work/conduit/conduit/architecture/kernel/Cargo.toml","/home/runner/work/conduit/conduit/architecture/observatory/Cargo.toml","/home/runner/work/conduit/conduit/architecture/plan-lowering/Cargo.toml","/home/runner/work/conduit/conduit/architecture/planner/Cargo.toml","/home/runner/work/conduit/conduit/architecture/plot/Cargo.toml","/home/runner/work/conduit/conduit/architecture/protected-line/Cargo.toml","/home/runner/work/conduit/conduit/architecture/wire/Cargo.toml","/home/runner/work/conduit/conduit/bodies/pete/Cargo.toml","/home/runner/work/conduit/conduit/Cargo.lock","/home/runner/work/conduit/conduit/make/body/Cargo.toml","/home/runner/work/conduit/conduit/make/embedded-build/Cargo.toml","/home/runner/work/conduit/conduit/make/host/Cargo.toml","/home/runner/work/conduit/conduit/make/workspace/Cargo.toml","/home/runner/work/conduit/conduit/mechanisms/devices/create-oi/Cargo.toml","/home/runner/work/conduit/conduit/mechanisms/devices/mpu6050/Cargo.toml","/home/runner/work/conduit/conduit/mechanisms/devices/ssd1306/Cargo.toml","/home/runner/work/conduit/conduit/mechanisms/implementations/burn-model/Cargo.toml","/home/runner/work/conduit/conduit/mechanisms/implementations/emergency-keyword-spotter/Cargo.toml","/home/runner/work/conduit/conduit/mechanisms/implementations/linear-framebuffer-make/Cargo.toml","/home/runner/work/conduit/conduit/mechanisms/implementations/synth/Cargo.toml","/home/runner/work/conduit/conduit/mechanisms/protocols/bluetooth/Cargo.toml","/home/runner/work/conduit/conduit/mechanisms/protocols/midi/Cargo.toml","/home/runner/work/conduit/conduit/plots/birth/Cargo.toml","/home/runner/work/conduit/conduit/plots/little-seismograph/fixture/Cargo.toml","/home/runner/work/conduit/conduit/plots/patchbay/application/Cargo.toml","/home/runner/work/conduit/conduit/plots/patchbay/Cargo.toml","/home/runner/work/conduit/conduit/plots/patchbay/graph/Cargo.toml","/home/runner/work/conduit/conduit/plots/patchbay/workbench/host-contract/Cargo.toml","/home/runner/work/conduit/conduit/plots/patchbay/workbench/model/Cargo.toml","/home/runner/work/conduit/conduit/plots/patchbay/workbench/svg-mask/Cargo.toml","/home/runner/work/conduit/conduit/plots/todo/face/Cargo.toml","/home/runner/work/conduit/conduit/plots/todo/model/Cargo.toml","/home/runner/work/conduit/conduit/plots/tour/Cargo.toml","/home/runner/work/conduit/conduit/products/conduit/Cargo.toml","/home/runner/work/conduit/conduit/proof/conformance/alife-distributed/Cargo.toml","/home/runner/work/conduit/conduit/proof/conformance/body-lifecycle/Cargo.toml","/home/runner/work/conduit/conduit/proof/conformance/network-r1/Cargo.toml","/home/runner/work/conduit/conduit/proof/conformance/patchbay-workbench/Cargo.toml","/home/runner/work/conduit/conduit/proof/conformance/pete-workload/Cargo.toml","/home/runner/work/conduit/conduit/proof/conformance/signal/Cargo.toml","/home/runner/work/conduit/conduit/proof/fixtures/rp2040-pio-audio-extension/Cargo.toml","/home/runner/work/conduit/conduit/rust-toolchain.toml","/home/runner/work/conduit/conduit/semantics/ai/Cargo.toml","/home/runner/work/conduit/conduit/semantics/alife/Cargo.toml","/home/runner/work/conduit/conduit/semantics/audio/Cargo.toml","/home/runner/work/conduit/conduit/semantics/body-invitation/Cargo.toml","/home/runner/work/conduit/conduit/semantics/catalog/Cargo.toml","/home/runner/work/conduit/conduit/semantics/chat/Cargo.toml","/home/runner/work/conduit/conduit/semantics/data/Cargo.toml","/home/runner/work/conduit/conduit/semantics/education/Cargo.toml","/home/runner/work/conduit/conduit/semantics/finance/Cargo.toml","/home/runner/work/conduit/conduit/semantics/home/Cargo.toml","/home/runner/work/conduit/conduit/semantics/human/Cargo.toml","/home/runner/work/conduit/conduit/semantics/language/Cargo.toml","/home/runner/work/conduit/conduit/semantics/net/Cargo.toml","/home/runner/work/conduit/conduit/semantics/plot-library/Cargo.toml","/home/runner/work/conduit/conduit/semantics/presentation/Cargo.toml","/home/runner/work/conduit/conduit/semantics/process/Cargo.toml","/home/runner/work/conduit/conduit/semantics/purpose/Cargo.toml","/home/runner/work/conduit/conduit/semantics/robotics/Cargo.toml","/home/runner/work/conduit/conduit/semantics/signal/Cargo.toml","/home/runner/work/conduit/conduit/semantics/speech/Cargo.toml","/home/runner/work/conduit/conduit/semantics/system-continuity/Cargo.toml","/home/runner/work/conduit/conduit/semantics/text/Cargo.toml","/home/runner/work/conduit/conduit/semantics/time/Cargo.toml","/home/runner/work/conduit/conduit/semantics/tongues/Cargo.toml","/home/runner/work/conduit/conduit/semantics/tutorial/Cargo.toml","/home/runner/work/conduit/conduit/semantics/web/Cargo.toml","/home/runner/work/conduit/conduit/targets/avr/firmware/promicro-host/.cargo/config.toml","/home/runner/work/conduit/conduit/targets/avr/firmware/promicro-host/rust-toolchain.toml","/home/runner/work/conduit/conduit/targets/avr/make/Cargo.toml","/home/runner/work/conduit/conduit/targets/browser/host/Cargo.toml","/home/runner/work/conduit/conduit/targets/browser/make/Cargo.toml","/home/runner/work/conduit/conduit/targets/browser/mask-offer/Cargo.toml","/home/runner/work/conduit/conduit/targets/browser/patchbay-workbench/Cargo.toml","/home/runner/work/conduit/conduit/targets/browser/runtime/Cargo.toml","/home/runner/work/conduit/conduit/targets/conduitos/Cargo.toml","/home/runner/work/conduit/conduit/targets/conduitos/make/Cargo.toml","/home/runner/work/conduit/conduit/targets/conduitos/mask-offer/Cargo.toml","/home/runner/work/conduit/conduit/targets/esp32/firmware/c3-signal/.cargo/config.toml","/home/runner/work/conduit/conduit/targets/esp32/firmware/s3-signal/.cargo/config.toml","/home/runner/work/conduit/conduit/targets/esp32/firmware/wroom-signal/.cargo/config.toml","/home/runner/work/conduit/conduit/targets/esp32/make/Cargo.toml","/home/runner/work/conduit/conduit/targets/orange-pi/make/Cargo.toml","/home/runner/work/conduit/conduit/targets/raspberry-pi/make/Cargo.toml","/home/runner/work/conduit/conduit/targets/rp2040/make/Cargo.toml","/home/runner/work/conduit/conduit/targets/rp2040/network-realization/Cargo.toml","/home/runner/work/conduit/conduit/targets/std/Cargo.toml","/home/runner/work/conduit/conduit/targets/std/make/Cargo.toml","/home/runner/work/conduit/conduit/targets/std/offers/Cargo.toml","/home/runner/work/conduit/conduit/targets/std/patchbay-workbench/Cargo.toml","/home/runner/work/conduit/conduit/tools/xtask-dispatch/Cargo.toml","/home/runner/work/conduit/conduit/tools/xtask/Cargo.toml"]}
2026-10-08T22:00:42.1794015Z ##[debug]Set output cache-hit = false
2026-10-08T22:00:42.1795740Z ##[debug]Finishing: Run Swatinem/rust-cache@v2
2026-10-08T22:00:42.1803664Z ##[debug]Evaluating: matrix.id
2026-10-08T22:00:42.1803979Z ##[debug]Evaluating Index:
2026-10-08T22:00:42.1804242Z ##[debug]..Evaluating matrix:
2026-10-08T22:00:42.1804512Z ##[debug]..=> Object
2026-10-08T22:00:42.1804779Z ##[debug]..Evaluating String:
2026-10-08T22:00:42.1805385Z ##[debug]..=> 'id'
2026-10-08T22:00:42.1805636Z ##[debug]=> 'browser'
2026-10-08T22:00:42.1805884Z ##[debug]Result: 'browser'
2026-10-08T22:00:42.1806416Z ##[debug]Evaluating condition for step: 'Resolve acquisition cache'
2026-10-08T22:00:42.1807700Z ##[debug]Evaluating: success()
2026-10-08T22:00:42.1808056Z ##[debug]Evaluating success:
2026-10-08T22:00:42.1808605Z ##[debug]=> true
2026-10-08T22:00:42.1808950Z ##[debug]Result: true
2026-10-08T22:00:42.1809460Z ##[debug]Starting: Resolve acquisition cache
2026-10-08T22:00:42.1822686Z ##[debug]Loading inputs
2026-10-08T22:00:42.1823694Z ##[debug]Loading env
2026-10-08T22:00:42.1828181Z ##[group]Run cargo xtask ci pipeline acquisition-key "$TARGET"
2026-10-08T22:00:42.1828649Z [36;1mcargo xtask ci pipeline acquisition-key "$TARGET"[0m
2026-10-08T22:00:42.1895212Z shell: /usr/bin/bash --noprofile --norc -e -o pipefail {0}
2026-10-08T22:00:42.1895559Z env:
2026-10-08T22:00:42.1895758Z   CARGO_TERM_COLOR: always
2026-10-08T22:00:42.1895991Z   CARGO_INCREMENTAL: 0
2026-10-08T22:00:42.1896215Z   CARGO_PROFILE_DEV_DEBUG: 0
2026-10-08T22:00:42.1896455Z   CARGO_PROFILE_TEST_DEBUG: 0
2026-10-08T22:00:42.1896692Z   RUSTUP_TOOLCHAIN: 1.98.1
2026-10-08T22:00:42.1896998Z   CONDUIT_CHECKOUT_SHA: d932da60c7f04bde62c797126e298e38aa9819d0
2026-10-08T22:00:42.1897342Z   CARGO_HOME: /home/runner/.cargo
2026-10-08T22:00:42.1897599Z   CACHE_ON_FAILURE: false
2026-10-08T22:00:42.1897813Z   TARGET: browser
2026-10-08T22:00:42.1898015Z ##[endgroup]
2026-10-08T22:00:42.1899316Z ##[debug]Overwrite 'shell' base on job defaults.
2026-10-08T22:00:42.1959991Z ##[debug]/usr/bin/bash --noprofile --norc -e -o pipefail /home/runner/work/_temp/5313a160-f8b4-486f-8f2c-7c1ae8757b96.sh
2026-10-08T22:00:42.2698033Z [1m[92m    Updating[0m crates.io index
2026-10-08T22:00:42.2708609Z [1m[92m    Updating[0m git repository `https://github.com/dancxjo/tongues.git`
2026-10-08T22:00:50.5462667Z [1m[92m Downloading[0m crates ...
2026-10-08T22:00:50.6622065Z [1m[92m  Downloaded[0m sha2 v0.10.9
2026-10-08T22:00:50.6654425Z [1m[92m  Downloaded[0m block-buffer v0.10.4
2026-10-08T22:00:50.6666669Z [1m[92m  Downloaded[0m version_check v0.9.5
2026-10-08T22:00:50.6680670Z [1m[92m  Downloaded[0m zmij v1.0.23
2026-10-08T22:00:50.6701333Z [1m[92m  Downloaded[0m equivalent v1.0.2
2026-10-08T22:00:50.6712879Z [1m[92m  Downloaded[0m libm v0.2.16
2026-10-08T22:00:50.6831725Z [1m[92m  Downloaded[0m thiserror v2.0.20
2026-10-08T22:00:50.6917585Z [1m[92m  Downloaded[0m embedded-io v0.4.0
2026-10-08T22:00:50.6939526Z [1m[92m  Downloaded[0m winnow v0.7.15
2026-10-08T22:00:50.7040689Z [1m[92m  Downloaded[0m cfg-if v1.0.5
2026-10-08T22:00:50.7053578Z [1m[92m  Downloaded[0m cpufeatures v0.2.17
2026-10-08T22:00:50.7067350Z [1m[92m  Downloaded[0m generic-array v0.14.7
2026-10-08T22:00:50.7081109Z [1m[92m  Downloaded[0m toml v0.8.23
2026-10-08T22:00:50.7105971Z [1m[92m  Downloaded[0m embedded-io v0.6.1
2026-10-08T22:00:50.7117967Z [1m[92m  Downloaded[0m hashbrown v0.17.1
2026-10-08T22:00:50.7171195Z [1m[92m  Downloaded[0m serde_core v1.0.229
2026-10-08T22:00:50.7198237Z [1m[92m  Downloaded[0m crypto-common v0.1.7
2026-10-08T22:00:50.7207965Z [1m[92m  Downloaded[0m postcard v1.1.3
2026-10-08T22:00:50.7236401Z [1m[92m  Downloaded[0m unicode-ident v1.0.26
2026-10-08T22:00:50.7265124Z [1m[92m  Downloaded[0m serde_json v1.0.151
2026-10-08T22:00:50.7343873Z [1m[92m  Downloaded[0m serde_spanned v0.6.9
2026-10-08T22:00:50.7354760Z [1m[92m  Downloaded[0m cobs v0.3.0
2026-10-08T22:00:50.7369241Z [1m[92m  Downloaded[0m itoa v1.0.18
2026-10-08T22:00:50.7384036Z [1m[92m  Downloaded[0m thiserror-impl v2.0.20
2026-10-08T22:00:50.7399140Z [1m[92m  Downloaded[0m toml_datetime v0.6.11
2026-10-08T22:00:50.7410089Z [1m[92m  Downloaded[0m toml_edit v0.22.27
2026-10-08T22:00:50.7453849Z [1m[92m  Downloaded[0m memchr v2.8.3
2026-10-08T22:00:50.7509964Z [1m[92m  Downloaded[0m digest v0.10.7
2026-10-08T22:00:50.7527790Z [1m[92m  Downloaded[0m proc-macro2 v1.0.107
2026-10-08T22:00:50.7557005Z [1m[92m  Downloaded[0m quote v1.0.47
2026-10-08T22:00:50.7583686Z [1m[92m  Downloaded[0m syn v3.0.6
2026-10-08T22:00:50.7689571Z [1m[92m  Downloaded[0m serde_derive v1.0.229
2026-10-08T22:00:50.7720693Z [1m[92m  Downloaded[0m indexmap v2.14.2
2026-10-08T22:00:50.7763131Z [1m[92m  Downloaded[0m typenum v1.20.1
2026-10-08T22:00:50.7797367Z [1m[92m  Downloaded[0m serde v1.0.229
2026-10-08T22:00:50.7831241Z [1m[92m  Downloaded[0m toml_write v0.1.2
2026-10-08T22:00:50.7843676Z [1m[92m  Downloaded[0m minicbor v2.3.0
2026-10-08T22:00:50.8668409Z [1m[92m   Compiling[0m proc-macro2 v1.0.107
2026-10-08T22:00:50.8669236Z [1m[92m   Compiling[0m unicode-ident v1.0.26
2026-10-08T22:00:50.8669910Z [1m[92m   Compiling[0m quote v1.0.47
2026-10-08T22:00:50.8670570Z [1m[92m   Compiling[0m version_check v0.9.5
2026-10-08T22:00:50.9274500Z [1m[92m   Compiling[0m typenum v1.20.1
2026-10-08T22:00:51.0240881Z [1m[92m   Compiling[0m cfg-if v1.0.5
2026-10-08T22:00:51.0606517Z [1m[92m   Compiling[0m libm v0.2.16
2026-10-08T22:00:51.0947294Z [1m[92m   Compiling[0m generic-array v0.14.7
2026-10-08T22:00:51.1846607Z [1m[92m   Compiling[0m cpufeatures v0.2.17
2026-10-08T22:00:51.2187329Z [1m[92m   Compiling[0m serde_core v1.0.229
2026-10-08T22:00:51.4100046Z [1m[92m   Compiling[0m serde v1.0.229
2026-10-08T22:00:51.7356550Z [1m[92m   Compiling[0m syn v3.0.6
2026-10-08T22:00:52.1896674Z [1m[92m   Compiling[0m block-buffer v0.10.4
2026-10-08T22:00:52.2636597Z [1m[92m   Compiling[0m crypto-common v0.1.7
2026-10-08T22:00:52.3196837Z [1m[92m   Compiling[0m digest v0.10.7
2026-10-08T22:00:52.5316495Z [1m[92m   Compiling[0m sha2 v0.10.9
2026-10-08T22:00:53.6106660Z [1m[92m   Compiling[0m thiserror v2.0.20
2026-10-08T22:00:53.9754772Z [1m[92m   Compiling[0m zmij v1.0.23
2026-10-08T22:00:54.1780487Z [1m[92m   Compiling[0m serde_json v1.0.151
2026-10-08T22:00:54.3246430Z [1m[92m   Compiling[0m itoa v1.0.18
2026-10-08T22:00:54.4256386Z [1m[92m   Compiling[0m serde_derive v1.0.229
2026-10-08T22:00:54.5136547Z [1m[92m   Compiling[0m thiserror-impl v2.0.20
2026-10-08T22:00:54.5572855Z [1m[92m   Compiling[0m memchr v2.8.3
2026-10-08T22:00:55.1886653Z [1m[92m   Compiling[0m minicbor v2.3.0
2026-10-08T22:00:55.7556645Z [1m[92m   Compiling[0m cobs v0.3.0
2026-10-08T22:00:55.8574724Z [1m[92m   Compiling[0m hashbrown v0.17.1
2026-10-08T22:00:56.0586170Z [1m[92m   Compiling[0m equivalent v1.0.2
2026-10-08T22:00:56.0986602Z [1m[92m   Compiling[0m winnow v0.7.15
2026-10-08T22:00:56.3896571Z [1m[92m   Compiling[0m indexmap v2.14.2
2026-10-08T22:00:56.5567171Z [1m[92m   Compiling[0m toml_write v0.1.2
2026-10-08T22:00:57.3897138Z [1m[92m   Compiling[0m conduit-assigned-plan v0.1.0 (/home/runner/work/conduit/conduit/architecture/assigned-plan)
2026-10-08T22:00:57.4207596Z [1m[92m   Compiling[0m postcard v1.1.3
2026-10-08T22:00:57.6304699Z [1m[92m   Compiling[0m conduit-core v0.1.0 (/home/runner/work/conduit/conduit/architecture/core)
2026-10-08T22:00:57.6966500Z [1m[92m   Compiling[0m toml_datetime v0.6.11
2026-10-08T22:00:57.8506570Z [1m[92m   Compiling[0m serde_spanned v0.6.9
2026-10-08T22:00:57.8967087Z [1m[92m   Compiling[0m toml_edit v0.22.27
2026-10-08T22:00:59.0869651Z [1m[92m   Compiling[0m toml v0.8.23
2026-10-08T22:01:05.9387917Z [1m[92m   Compiling[0m conduit-plot v0.1.0 (/home/runner/work/conduit/conduit/architecture/plot)
2026-10-08T22:01:05.9396853Z [1m[92m   Compiling[0m conduit-body v0.1.0 (/home/runner/work/conduit/conduit/architecture/body)
2026-10-08T22:01:14.5835958Z [1m[92m   Compiling[0m conduit-time v0.1.0 (/home/runner/work/conduit/conduit/semantics/time)
2026-10-08T22:01:14.5837552Z [1m[92m   Compiling[0m conduit-human v0.1.0 (/home/runner/work/conduit/conduit/semantics/human)
2026-10-08T22:01:14.5838921Z [1m[92m   Compiling[0m conduit-audio v0.1.0 (/home/runner/work/conduit/conduit/semantics/audio)
2026-10-08T22:01:21.8619831Z [1m[92m   Compiling[0m conduit-purpose v0.1.0 (/home/runner/work/conduit/conduit/semantics/purpose)
2026-10-08T22:01:22.0967105Z [1m[92m   Compiling[0m conduit-process v0.1.0 (/home/runner/work/conduit/conduit/semantics/process)
2026-10-08T22:01:22.3277064Z [1m[92m   Compiling[0m conduit-data v0.1.0 (/home/runner/work/conduit/conduit/semantics/data)
2026-10-08T22:01:22.3507167Z [1m[92m   Compiling[0m conduit-presentation v0.1.0 (/home/runner/work/conduit/conduit/semantics/presentation)
2026-10-08T22:01:25.2266989Z [1m[92m   Compiling[0m conduit-alife v0.1.0 (/home/runner/work/conduit/conduit/semantics/alife)
2026-10-08T22:01:28.2087315Z [1m[92m   Compiling[0m conduit-web v0.1.0 (/home/runner/work/conduit/conduit/semantics/web)
2026-10-08T22:01:28.4726912Z [1m[92m   Compiling[0m conduit-net v0.1.0 (/home/runner/work/conduit/conduit/semantics/net)
2026-10-08T22:01:28.7007512Z [1m[92m   Compiling[0m conduit-robotics v0.1.0 (/home/runner/work/conduit/conduit/semantics/robotics)
2026-10-08T22:01:29.0547322Z [1m[92m   Compiling[0m conduit-text v0.1.0 (/home/runner/work/conduit/conduit/semantics/text)
2026-10-08T22:01:31.5107087Z [1m[92m   Compiling[0m conduit-education v0.1.0 (/home/runner/work/conduit/conduit/semantics/education)
2026-10-08T22:01:32.5657333Z [1m[92m   Compiling[0m conduit-midi v0.1.0 (/home/runner/work/conduit/conduit/mechanisms/protocols/midi)
2026-10-08T22:01:34.3127031Z [1m[92m   Compiling[0m conduit-semantic-catalog v0.1.0 (/home/runner/work/conduit/conduit/semantics/catalog)
2026-10-08T22:01:36.0758838Z [1m[92m   Compiling[0m conduit-host-make v0.1.0 (/home/runner/work/conduit/conduit/make/host)
2026-10-08T22:01:38.6161087Z [1m[92m   Compiling[0m conduit-xtask-dispatch v0.1.0 (/home/runner/work/conduit/conduit/tools/xtask-dispatch)
2026-10-08T22:01:39.3084743Z [1m[92m    Finished[0m `dev` profile [unoptimized] target(s) in 57.10s
2026-10-08T22:01:39.4101630Z [1m[92m     Running[0m `target/debug/conduit-xtask-dispatch ci pipeline acquisition-key browser`
2026-10-08T22:01:39.4734677Z {"target":"browser","key":"conduit-acquisition-v1-linux-x64-ubuntu24-20261004.327.1-browser-80f661acefe91207edd1a22248d9fb65d0780377797856de876fafe2abef152d","specificationKey":"80f661acefe91207edd1a22248d9fb65d0780377797856de876fafe2abef152d","runnerImage":{"os":"ubuntu24","version":"20261004.327.1"},"paths":["/home/runner/.cache/conduit-ci","/home/runner/.cache/ms-playwright","/home/runner/.npm"],"cacheable":true}
2026-10-08T22:01:39.4788964Z ##[debug]Set output key = conduit-acquisition-v1-linux-x64-ubuntu24-20261004.327.1-browser-80f661acefe91207edd1a22248d9fb65d0780377797856de876fafe2abef152d
2026-10-08T22:01:39.4789927Z ##[debug]Set output cacheable = true
2026-10-08T22:01:39.4790387Z ##[debug]Set output paths = /home/runner/.cache/conduit-ci
2026-10-08T22:01:39.4790801Z ##[debug]/home/runner/.cache/ms-playwright
2026-10-08T22:01:39.4791138Z ##[debug]/home/runner/.npm
2026-10-08T22:01:39.4792693Z ##[debug]Finishing: Resolve acquisition cache
2026-10-08T22:01:39.4801294Z ##[debug]Evaluating condition for step: 'Run actions/cache/restore@v6.1.0'
2026-10-08T22:01:39.4803538Z ##[debug]Evaluating: (success() && (steps.tools.outputs.cacheable == 'true'))
2026-10-08T22:01:39.4804086Z ##[debug]Evaluating And:
2026-10-08T22:01:39.4804414Z ##[debug]..Evaluating success:
2026-10-08T22:01:39.4804776Z ##[debug]..=> true
2026-10-08T22:01:39.4805494Z ##[debug]..Evaluating Equal:
2026-10-08T22:01:39.4805843Z ##[debug]....Evaluating Index:
2026-10-08T22:01:39.4806180Z ##[debug]......Evaluating Index:
2026-10-08T22:01:39.4806514Z ##[debug]........Evaluating Index:
2026-10-08T22:01:39.4806850Z ##[debug]..........Evaluating steps:
2026-10-08T22:01:39.4807195Z ##[debug]..........=> Object
2026-10-08T22:01:39.4807615Z ##[debug]..........Evaluating String:
2026-10-08T22:01:39.4807964Z ##[debug]..........=> 'tools'
2026-10-08T22:01:39.4808340Z ##[debug]........=> Object
2026-10-08T22:01:39.4808662Z ##[debug]........Evaluating String:
2026-10-08T22:01:39.4809014Z ##[debug]........=> 'outputs'
2026-10-08T22:01:39.4809316Z ##[debug]......=> Object
2026-10-08T22:01:39.4809630Z ##[debug]......Evaluating String:
2026-10-08T22:01:39.4809953Z ##[debug]......=> 'cacheable'
2026-10-08T22:01:39.4810251Z ##[debug]....=> 'true'
2026-10-08T22:01:39.4810573Z ##[debug]....Evaluating String:
2026-10-08T22:01:39.4810936Z ##[debug]....=> 'true'
2026-10-08T22:01:39.4811214Z ##[debug]..=> true
2026-10-08T22:01:39.4811493Z ##[debug]=> true
2026-10-08T22:01:39.4812199Z ##[debug]Expanded: (true && ('true' == 'true'))
2026-10-08T22:01:39.4812604Z ##[debug]Result: true
2026-10-08T22:01:39.4813139Z ##[debug]Starting: Run actions/cache/restore@v6.1.0
2026-10-08T22:01:39.4838639Z ##[debug]Loading inputs
2026-10-08T22:01:39.4840099Z ##[debug]Evaluating: steps.tools.outputs.paths
2026-10-08T22:01:39.4840434Z ##[debug]Evaluating Index:
2026-10-08T22:01:39.4840690Z ##[debug]..Evaluating Index:
2026-10-08T22:01:39.4840939Z ##[debug]....Evaluating Index:
2026-10-08T22:01:39.4841196Z ##[debug]......Evaluating steps:
2026-10-08T22:01:39.4841459Z ##[debug]......=> Object
2026-10-08T22:01:39.4841711Z ##[debug]......Evaluating String:
2026-10-08T22:01:39.4841966Z ##[debug]......=> 'tools'
2026-10-08T22:01:39.4842197Z ##[debug]....=> Object
2026-10-08T22:01:39.4842426Z ##[debug]....Evaluating String:
2026-10-08T22:01:39.4842664Z ##[debug]....=> 'outputs'
2026-10-08T22:01:39.4842884Z ##[debug]..=> Object
2026-10-08T22:01:39.4843098Z ##[debug]..Evaluating String:
2026-10-08T22:01:39.4843335Z ##[debug]..=> 'paths'
2026-10-08T22:01:39.4843594Z ##[debug]=> '/home/runner/.cache/conduit-ci
2026-10-08T22:01:39.4843894Z ##[debug]/home/runner/.cache/ms-playwright
2026-10-08T22:01:39.4844170Z ##[debug]/home/runner/.npm'
2026-10-08T22:01:39.4844473Z ##[debug]Result: '/home/runner/.cache/conduit-ci
2026-10-08T22:01:39.4844772Z ##[debug]/home/runner/.cache/ms-playwright
2026-10-08T22:01:39.4845346Z ##[debug]/home/runner/.npm'
2026-10-08T22:01:39.4845761Z ##[debug]Evaluating: steps.tools.outputs.key
2026-10-08T22:01:39.4846057Z ##[debug]Evaluating Index:
2026-10-08T22:01:39.4846294Z ##[debug]..Evaluating Index:
2026-10-08T22:01:39.4846536Z ##[debug]....Evaluating Index:
2026-10-08T22:01:39.4846778Z ##[debug]......Evaluating steps:
2026-10-08T22:01:39.4847027Z ##[debug]......=> Object
2026-10-08T22:01:39.4847262Z ##[debug]......Evaluating String:
2026-10-08T22:01:39.4847506Z ##[debug]......=> 'tools'
2026-10-08T22:01:39.4847726Z ##[debug]....=> Object
2026-10-08T22:01:39.4847953Z ##[debug]....Evaluating String:
2026-10-08T22:01:39.4848192Z ##[debug]....=> 'outputs'
2026-10-08T22:01:39.4848406Z ##[debug]..=> Object
2026-10-08T22:01:39.4848620Z ##[debug]..Evaluating String:
2026-10-08T22:01:39.4848846Z ##[debug]..=> 'key'
2026-10-08T22:01:39.4849480Z ##[debug]=> 'conduit-acquisition-v1-linux-x64-ubuntu24-20261004.327.1-browser-80f661acefe91207edd1a22248d9fb65d0780377797856de876fafe2abef152d'
2026-10-08T22:01:39.4850812Z ##[debug]Result: 'conduit-acquisition-v1-linux-x64-ubuntu24-20261004.327.1-browser-80f661acefe91207edd1a22248d9fb65d0780377797856de876fafe2abef152d'
2026-10-08T22:01:39.4854091Z ##[debug]Loading env
2026-10-08T22:01:39.4858645Z ##[group]Run actions/cache/restore@v6.1.0
2026-10-08T22:01:39.4858914Z with:
2026-10-08T22:01:39.4859273Z   path: /home/runner/.cache/conduit-ci
/home/runner/.cache/ms-playwright
/home/runner/.npm
2026-10-08T22:01:39.4860099Z   key: conduit-acquisition-v1-linux-x64-ubuntu24-20261004.327.1-browser-80f661acefe91207edd1a22248d9fb65d0780377797856de876fafe2abef152d
2026-10-08T22:01:39.4860791Z   enableCrossOsArchive: false
2026-10-08T22:01:39.4861047Z   fail-on-cache-miss: false
2026-10-08T22:01:39.4861281Z   lookup-only: false
2026-10-08T22:01:39.4861485Z env:
2026-10-08T22:01:39.4861670Z   CARGO_TERM_COLOR: always
2026-10-08T22:01:39.4861898Z   CARGO_INCREMENTAL: 0
2026-10-08T22:01:39.4862120Z   CARGO_PROFILE_DEV_DEBUG: 0
2026-10-08T22:01:39.4862356Z   CARGO_PROFILE_TEST_DEBUG: 0
2026-10-08T22:01:39.4862592Z   RUSTUP_TOOLCHAIN: 1.98.1
2026-10-08T22:01:39.4862895Z   CONDUIT_CHECKOUT_SHA: d932da60c7f04bde62c797126e298e38aa9819d0
2026-10-08T22:01:39.4863249Z   CARGO_HOME: /home/runner/.cargo
2026-10-08T22:01:39.4863497Z   CACHE_ON_FAILURE: false
2026-10-08T22:01:39.4863712Z ##[endgroup]
2026-10-08T22:01:39.6063285Z ##[debug]Cache service version: v2
2026-10-08T22:01:39.6067188Z ##[debug]Resolved Keys:
2026-10-08T22:01:39.6068664Z ##[debug]["conduit-acquisition-v1-linux-x64-ubuntu24-20261004.327.1-browser-80f661acefe91207edd1a22248d9fb65d0780377797856de876fafe2abef152d"]
2026-10-08T22:01:39.6075156Z ##[debug]Checking zstd --quiet --version
2026-10-08T22:01:39.6169756Z ##[debug]1.5.7
2026-10-08T22:01:39.6170478Z ##[debug]zstd version: 1.5.7
2026-10-08T22:01:39.6182123Z ##[debug][Request] GetCacheEntryDownloadURL https://results-receiver.actions.githubusercontent.com/twirp/github.actions.results.api.v1.CacheService/GetCacheEntryDownloadURL
2026-10-08T22:01:39.6676164Z ##[debug][Response] - 200
2026-10-08T22:01:39.6678482Z ##[debug]Headers: {
2026-10-08T22:01:39.6678778Z ##[debug]  "content-length": "54",
2026-10-08T22:01:39.6679182Z ##[debug]  "content-type": "application/json",
2026-10-08T22:01:39.6679599Z ##[debug]  "date": "Thu, 08 Oct 2026 22:01:39 GMT",
2026-10-08T22:01:39.6680006Z ##[debug]  "x-github-backend": "Kubernetes",
2026-10-08T22:01:39.6680474Z ##[debug]  "x-github-request-id": "D018:1504D:370E24:4101F3:6AC812C3",
2026-10-08T22:01:39.6680947Z ##[debug]  "x-github-edge-region": "iad",
2026-10-08T22:01:39.6681307Z ##[debug]  "server": "github.com"
2026-10-08T22:01:39.6681628Z ##[debug]}
2026-10-08T22:01:39.6682172Z ##[debug]Body: {
2026-10-08T22:01:39.6682432Z ##[debug]  "ok": false,
2026-10-08T22:01:39.6682725Z ##[debug]  "signed_download_url": "",
2026-10-08T22:01:39.6683064Z ##[debug]  "matched_key": ""
2026-10-08T22:01:39.6683352Z ##[debug]}
2026-10-08T22:01:39.6687803Z ##[debug]Cache not found for version 09bd627ab3dfeb9f7245182f746705972490ead216880f5305261d0f29f69728 of keys: conduit-acquisition-v1-linux-x64-ubuntu24-20261004.327.1-browser-80f661acefe91207edd1a22248d9fb65d0780377797856de876fafe2abef152d
2026-10-08T22:01:39.6691296Z Cache not found for input keys: conduit-acquisition-v1-linux-x64-ubuntu24-20261004.327.1-browser-80f661acefe91207edd1a22248d9fb65d0780377797856de876fafe2abef152d
2026-10-08T22:01:39.6744053Z ##[debug]Node Action run completed with exit code 0
2026-10-08T22:01:39.6747065Z ##[debug]Set output cache-primary-key = conduit-acquisition-v1-linux-x64-ubuntu24-20261004.327.1-browser-80f661acefe91207edd1a22248d9fb65d0780377797856de876fafe2abef152d
2026-10-08T22:01:39.6749039Z ##[debug]Finishing: Run actions/cache/restore@v6.1.0
2026-10-08T22:01:39.6757674Z ##[debug]Evaluating: matrix.id
2026-10-08T22:01:39.6757979Z ##[debug]Evaluating Index:
2026-10-08T22:01:39.6758329Z ##[debug]..Evaluating matrix:
2026-10-08T22:01:39.6758758Z ##[debug]..=> Object
2026-10-08T22:01:39.6759149Z ##[debug]..Evaluating String:
2026-10-08T22:01:39.6759465Z ##[debug]..=> 'id'
2026-10-08T22:01:39.6759908Z ##[debug]=> 'browser'
2026-10-08T22:01:39.6760154Z ##[debug]Result: 'browser'
2026-10-08T22:01:39.6760654Z ##[debug]Evaluating: github.token
2026-10-08T22:01:39.6760915Z ##[debug]Evaluating Index:
2026-10-08T22:01:39.6761151Z ##[debug]..Evaluating github:
2026-10-08T22:01:39.6761395Z ##[debug]..=> Object
2026-10-08T22:01:39.6761620Z ##[debug]..Evaluating String:
2026-10-08T22:01:39.6761864Z ##[debug]..=> 'token'
2026-10-08T22:01:39.6764483Z ##[debug]=> '***'
2026-10-08T22:01:39.6767550Z ##[debug]Result: '***'
2026-10-08T22:01:39.6768001Z ##[debug]Evaluating condition for step: 'Acquire target tools'
2026-10-08T22:01:39.6769239Z ##[debug]Evaluating: success()
2026-10-08T22:01:39.6769592Z ##[debug]Evaluating success:
2026-10-08T22:01:39.6769950Z ##[debug]=> true
2026-10-08T22:01:39.6770278Z ##[debug]Result: true
2026-10-08T22:01:39.6770738Z ##[debug]Starting: Acquire target tools
2026-10-08T22:01:39.6782463Z ##[debug]Loading inputs
2026-10-08T22:01:39.6783397Z ##[debug]Loading env
2026-10-08T22:01:39.6787982Z ##[group]Run cargo xtask ci pipeline setup "$TARGET"
2026-10-08T22:01:39.6788355Z [36;1mcargo xtask ci pipeline setup "$TARGET"[0m
2026-10-08T22:01:39.6849407Z shell: /usr/bin/bash --noprofile --norc -e -o pipefail {0}
2026-10-08T22:01:39.6849741Z env:
2026-10-08T22:01:39.6849938Z   CARGO_TERM_COLOR: always
2026-10-08T22:01:39.6850170Z   CARGO_INCREMENTAL: 0
2026-10-08T22:01:39.6850396Z   CARGO_PROFILE_DEV_DEBUG: 0
2026-10-08T22:01:39.6850637Z   CARGO_PROFILE_TEST_DEBUG: 0
2026-10-08T22:01:39.6850874Z   RUSTUP_TOOLCHAIN: 1.98.1
2026-10-08T22:01:39.6851341Z   CONDUIT_CHECKOUT_SHA: d932da60c7f04bde62c797126e298e38aa9819d0
2026-10-08T22:01:39.6851698Z   CARGO_HOME: /home/runner/.cargo
2026-10-08T22:01:39.6851948Z   CACHE_ON_FAILURE: false
2026-10-08T22:01:39.6852169Z   TARGET: browser
2026-10-08T22:01:39.6854762Z   GITHUB_TOKEN: ***
2026-10-08T22:01:39.6855256Z ##[endgroup]
2026-10-08T22:01:39.6856504Z ##[debug]Overwrite 'shell' base on job defaults.
2026-10-08T22:01:39.6919599Z ##[debug]/usr/bin/bash --noprofile --norc -e -o pipefail /home/runner/work/_temp/37757ec7-5851-41a7-a6d0-daaf49c82d88.sh
2026-10-08T22:01:39.9330263Z [1m[92m    Finished[0m `dev` profile [unoptimized] target(s) in 0.23s
2026-10-08T22:01:39.9391247Z [1m[92m     Running[0m `target/debug/conduit-xtask-dispatch ci pipeline setup browser`
2026-10-08T22:01:40.0318836Z > npm ci --prefix proof/browser
2026-10-08T22:01:41.8070990Z 
2026-10-08T22:01:41.8071614Z added 5 packages, and audited 6 packages in 2s
2026-10-08T22:01:41.8079231Z 
2026-10-08T22:01:41.8079490Z found 0 vulnerabilities
2026-10-08T22:02:15.9063872Z {"schema":"conduit.ci/apt-acquisition@1","requested":["build-essential","cmake","fonts-freefont-ttf","fonts-ipafont-gothic","fonts-tlwg-loma-otf","fonts-unifont","fonts-wqy-zenhei","libasound2-dev","libclang-dev","libssl-dev","libudev-dev","pkg-config","xfonts-cyrillic","xfonts-encodings","xfonts-scalable","xfonts-utils"],"repositoryScope":{"policy":"ubuntu-build-prerequisites@1","resolution":"no-removal-no-version-downgrade@1","os":"PRETTY_NAME=\"Ubuntu 24.04.5 LTS\"\nNAME=\"Ubuntu\"\nVERSION_ID=\"24.04\"\nVERSION=\"24.04.5 LTS (Noble Numbat)\"\nVERSION_CODENAME=noble\nID=ubuntu\nID_LIKE=debian\nHOME_URL=\"https://www.ubuntu.com/\"\nSUPPORT_URL=\"https://help.ubuntu.com/\"\nBUG_REPORT_URL=\"https://bugs.launchpad.net/ubuntu/\"\nPRIVACY_POLICY_URL=\"https://www.ubuntu.com/legal/terms-and-policies/privacy-policy\"\nUBUNTU_CODENAME=noble\nLOGO=ubuntu-logo\n","suite":"noble","source":"Types: deb\nURIs: https://archive.ubuntu.com/ubuntu\nSuites: noble noble-updates\nComponents: main restricted universe multiverse\nArchitectures: amd64\nSigned-By: /usr/share/keyrings/ubuntu-archive-keyring.gpg\n\nTypes: deb\nURIs: https://security.ubuntu.com/ubuntu\nSuites: noble-security\nComponents: main restricted universe multiverse\nArchitectures: amd64\nSigned-By: /usr/share/keyrings/ubuntu-archive-keyring.gpg\n","signingKeySha256":"80a36b0a6de2f69f49d2df75ef473ccde121e9e190b9ea01d20a4f63778d5c31"},"cache":"miss","downloadedPackages":18,"downloadedBytes":63579326,"installedVersions":{"build-essential":"12.10ubuntu1","cmake":"3.28.3-1build7","fonts-freefont-ttf":"20211204+svn4273-2","fonts-ipafont-gothic":"00303-21ubuntu1","fonts-tlwg-loma-otf":"1:0.7.3-1","fonts-unifont":"1:15.1.01-1build1","fonts-wqy-zenhei":"0.9.45-8","libasound2-dev":"1.2.11-1ubuntu0.3","libclang-dev":"1:18.0-59~exp2","libssl-dev":"3.0.13-0ubuntu3.16","libudev-dev":"255.4-1ubuntu8.17","pkg-config":"1.8.1-2build1","xfonts-cyrillic":"1:1.0.5+nmu1","xfonts-encodings":"1:1.0.5-0ubuntu2","xfonts-scalable":"1:1.0.3-1.3","xfonts-utils":"1:7.7+6build3"},"durationMs":30553,"resolutionKey":"62c66aeed4056e169d6506fffa6a0e5708af424b8cb25b5c1d9d7a31f9f761b2","resolvedPackages":[{"name":"build-essential","version":"12.10ubuntu1","architecture":"amd64","sha256":"9b2159b95a4c01937309783c7c8a6ec8dfbcb7ffd604951c9713ac52ee9c7268","bytes":4928},{"name":"cmake-data","version":"3.28.3-1build7","architecture":"all","sha256":"20a3b644211ce82f35c24f1f5052199adeb0ac159978a8740fd6c0959611557f","bytes":2154936},{"name":"cmake","version":"3.28.3-1build7","architecture":"amd64","sha256":"4b0a7f8c0daf27b26b46997d994ae5d1ee7a3d11dfcda9f7627bb1462c162295","bytes":11190006},{"name":"fonts-freefont-ttf","version":"20211204+svn4273-2","architecture":"all","sha256":"c8283ec9ca390e6ad8d2114cb0942182db62bb97f5142c2f955218fc5f2027b4","bytes":5640794},{"name":"fonts-ipafont-gothic","version":"00303-21ubuntu1","architecture":"all","sha256":"71e63f0f88cca672fbb24ed27873d799d8c37233f001aa0bbcdc2f303b1b98a2","bytes":3513360},{"name":"fonts-tlwg-loma-otf","version":"1:0.7.3-1","architecture":"all","sha256":"888038637a15d11993e3a9ddd50f6391a704918b2e38fe75b2f4d74b4fcfda9a","bytes":106786},{"name":"fonts-unifont","version":"1:15.1.01-1build1","architecture":"all","sha256":"56c9d46ce8223fa29c28eaeb99cabfc3a3159d3eec58f0bbbea839953f4cf363","bytes":2993066},{"name":"fonts-wqy-zenhei","version":"0.9.45-8","architecture":"all","sha256":"496969d65dc5664a3291e678d5cbef6815dc308ee5bf37b656c00af2cb490410","bytes":7471624},{"name":"libasound2-dev","version":"1.2.11-1ubuntu0.3","architecture":"amd64","sha256":"b83795b1ba0e40cfa8363359fd17a06260838d8ae0f315531771a62f7c7e215a","bytes":115386},{"name":"libclang-18-dev","version":"1:18.1.3-1ubuntu1","architecture":"amd64","sha256":"c7575822ec648defe1b04d83a1d6b7779fc26da548c2453acfa120e26d47ed53","bytes":28788538},{"name":"libclang-dev","version":"1:18.0-59~exp2","architecture":"amd64","sha256":"4089fd3e1ee1245b0d17a6da51fd9ea42910bff8e630b72ac3348e5f04b3ee7c","bytes":5424},{"name":"libjsoncpp25","version":"1.9.5-6build1","architecture":"amd64","sha256":"8efea5b75952f3ad1c40e6b5b31de687c297ea29f87f8b63efebb55e13467211","bytes":82754},{"name":"librhash0","version":"1.4.3-3build1","architecture":"amd64","sha256":"e9ee69963ff1a56378b9c5ffdd21ea0feaec9647c522349b7612b25103490528","bytes":128748},{"name":"libudev-dev","version":"255.4-1ubuntu8.17","architecture":"amd64","sha256":"e3fde14b59c81d0ef3b9caa7c627d09b5925a915b280919616cc5909096f7519","bytes":22016},{"name":"xfonts-cyrillic","version":"1:1.0.5+nmu1","architecture":"all","sha256":"d4a63d4da9f6d58467ccaa22b7b26c009ab46b07f0b1be2138d3bb037e74d2cb","bytes":384312},{"name":"xfonts-encodings","version":"1:1.0.5-0ubuntu2","architecture":"all","sha256":"3bac5ff1cba3b001aee1652e3af45d200c415b68e9b27932cb51fe9c464feb40","bytes":578092},{"name":"xfonts-scalable","version":"1:1.0.3-1.3","architecture":"all","sha256":"517f73a4f6e37332addffe6ff1795d5371f2f9c0863781efc31c4613f69993de","bytes":304118},{"name":"xfonts-utils","version":"1:7.7+6build3","architecture":"amd64","sha256":"8da5fccbc50005d50dd69ef558ae72673435026e1d3134d0c1cc836d22953c44","bytes":94438}]}
2026-10-08T22:02:15.9244445Z > rustup target list --installed --toolchain 1.98.1-x86_64-unknown-linux-gnu
2026-10-08T22:02:15.9496631Z > rustup target add --toolchain 1.98.1-x86_64-unknown-linux-gnu wasm32-unknown-unknown
2026-10-08T22:02:15.9967328Z info: downloading component rust-std
2026-10-08T22:02:17.5921085Z > rustup target list --installed --toolchain 1.98.1-x86_64-unknown-linux-gnu
2026-10-08T22:02:17.6162343Z > node proof/browser/node_modules/@playwright/test/cli.js install chromium
2026-10-08T22:02:18.1306859Z Downloading Chrome for Testing 151.0.7922.34 (playwright chromium v1234) from https://cdn.playwright.dev/builds/cft/151.0.7922.34/linux64/chrome-linux64.zip
2026-10-08T22:02:19.1171619Z |                                                                                |   0% of 184.3 MiB
2026-10-08T22:02:19.2856640Z |■■■■■■■■                                                                        |  10% of 184.3 MiB
2026-10-08T22:02:19.3838777Z |■■■■■■■■■■■■■■■■                                                                |  20% of 184.3 MiB
2026-10-08T22:02:19.4743615Z |■■■■■■■■■■■■■■■■■■■■■■■■                                                        |  30% of 184.3 MiB
2026-10-08T22:02:19.5601009Z |■■■■■■■■■■■■■■■■■■■■■■■■■■■■■■■■                                                |  40% of 184.3 MiB
2026-10-08T22:02:19.6353619Z |■■■■■■■■■■■■■■■■■■■■■■■■■■■■■■■■■■■■■■■■                                        |  50% of 184.3 MiB
2026-10-08T22:02:19.7141959Z |■■■■■■■■■■■■■■■■■■■■■■■■■■■■■■■■■■■■■■■■■■■■■■■■                                |  60% of 184.3 MiB
2026-10-08T22:02:19.7877071Z |■■■■■■■■■■■■■■■■■■■■■■■■■■■■■■■■■■■■■■■■■■■■■■■■■■■■■■■■                        |  70% of 184.3 MiB
2026-10-08T22:02:19.8972031Z |■■■■■■■■■■■■■■■■■■■■■■■■■■■■■■■■■■■■■■■■■■■■■■■■■■■■■■■■■■■■■■■■                |  80% of 184.3 MiB
2026-10-08T22:02:19.9993412Z |■■■■■■■■■■■■■■■■■■■■■■■■■■■■■■■■■■■■■■■■■■■■■■■■■■■■■■■■■■■■■■■■■■■■■■■■        |  90% of 184.3 MiB
2026-10-08T22:02:20.0803443Z |■■■■■■■■■■■■■■■■■■■■■■■■■■■■■■■■■■■■■■■■■■■■■■■■■■■■■■■■■■■■■■■■■■■■■■■■■■■■■■■■| 100% of 184.3 MiB
2026-10-08T22:02:22.8247981Z Chrome for Testing 151.0.7922.34 (playwright chromium v1234) downloaded to /home/runner/.cache/ms-playwright/chromium-1234
2026-10-08T22:02:22.8251516Z Downloading FFmpeg (playwright ffmpeg v1011) from https://cdn.playwright.dev/dbazure/download/playwright/builds/ffmpeg/1011/ffmpeg-linux.zip
2026-10-08T22:02:23.7955770Z |                                                                                |   0% of 2.3 MiB
2026-10-08T22:02:23.8007635Z |■■■■■■■■                                                                        |  10% of 2.3 MiB
2026-10-08T22:02:23.8045351Z |■■■■■■■■■■■■■■■■                                                                |  20% of 2.3 MiB
2026-10-08T22:02:23.8069078Z |■■■■■■■■■■■■■■■■■■■■■■■■                                                        |  30% of 2.3 MiB
2026-10-08T22:02:23.8088429Z |■■■■■■■■■■■■■■■■■■■■■■■■■■■■■■■■                                                |  40% of 2.3 MiB
2026-10-08T22:02:23.8113205Z |■■■■■■■■■■■■■■■■■■■■■■■■■■■■■■■■■■■■■■■■                                        |  50% of 2.3 MiB
2026-10-08T22:02:23.8128148Z |■■■■■■■■■■■■■■■■■■■■■■■■■■■■■■■■■■■■■■■■■■■■■■■■                                |  60% of 2.3 MiB
2026-10-08T22:02:23.8140456Z |■■■■■■■■■■■■■■■■■■■■■■■■■■■■■■■■■■■■■■■■■■■■■■■■■■■■■■■■                        |  70% of 2.3 MiB
2026-10-08T22:02:23.8151582Z |■■■■■■■■■■■■■■■■■■■■■■■■■■■■■■■■■■■■■■■■■■■■■■■■■■■■■■■■■■■■■■■■                |  80% of 2.3 MiB
2026-10-08T22:02:23.8179493Z |■■■■■■■■■■■■■■■■■■■■■■■■■■■■■■■■■■■■■■■■■■■■■■■■■■■■■■■■■■■■■■■■■■■■■■■■        |  90% of 2.3 MiB
2026-10-08T22:02:23.8190610Z |■■■■■■■■■■■■■■■■■■■■■■■■■■■■■■■■■■■■■■■■■■■■■■■■■■■■■■■■■■■■■■■■■■■■■■■■■■■■■■■■| 100% of 2.3 MiB
2026-10-08T22:02:23.8789303Z FFmpeg (playwright ffmpeg v1011) downloaded to /home/runner/.cache/ms-playwright/ffmpeg-1011
2026-10-08T22:02:23.8792468Z Downloading Chrome Headless Shell 151.0.7922.34 (playwright chromium-headless-shell v1234) from https://cdn.playwright.dev/builds/cft/151.0.7922.34/linux64/chrome-headless-shell-linux64.zip
2026-10-08T22:02:24.8546412Z |                                                                                |   0% of 114.7 MiB
2026-10-08T22:02:25.0052798Z |■■■■■■■■                                                                        |  10% of 114.7 MiB
2026-10-08T22:02:25.1170392Z |■■■■■■■■■■■■■■■■                                                                |  20% of 114.7 MiB
2026-10-08T22:02:25.1782001Z |■■■■■■■■■■■■■■■■■■■■■■■■                                                        |  30% of 114.7 MiB
2026-10-08T22:02:25.2267236Z |■■■■■■■■■■■■■■■■■■■■■■■■■■■■■■■■                                                |  40% of 114.7 MiB
2026-10-08T22:02:25.2699776Z |■■■■■■■■■■■■■■■■■■■■■■■■■■■■■■■■■■■■■■■■                                        |  50% of 114.7 MiB
2026-10-08T22:02:25.3303859Z |■■■■■■■■■■■■■■■■■■■■■■■■■■■■■■■■■■■■■■■■■■■■■■■■                                |  60% of 114.7 MiB
2026-10-08T22:02:25.3761057Z |■■■■■■■■■■■■■■■■■■■■■■■■■■■■■■■■■■■■■■■■■■■■■■■■■■■■■■■■                        |  70% of 114.7 MiB
2026-10-08T22:02:25.4184306Z |■■■■■■■■■■■■■■■■■■■■■■■■■■■■■■■■■■■■■■■■■■■■■■■■■■■■■■■■■■■■■■■■                |  80% of 114.7 MiB
2026-10-08T22:02:25.4595629Z |■■■■■■■■■■■■■■■■■■■■■■■■■■■■■■■■■■■■■■■■■■■■■■■■■■■■■■■■■■■■■■■■■■■■■■■■        |  90% of 114.7 MiB
2026-10-08T22:02:25.5004280Z |■■■■■■■■■■■■■■■■■■■■■■■■■■■■■■■■■■■■■■■■■■■■■■■■■■■■■■■■■■■■■■■■■■■■■■■■■■■■■■■■| 100% of 114.7 MiB
2026-10-08T22:02:27.5257168Z Chrome Headless Shell 151.0.7922.34 (playwright chromium-headless-shell v1234) downloaded to /home/runner/.cache/ms-playwright/chromium_headless_shell-1234
2026-10-08T22:02:27.8397179Z > /home/runner/.cache/ms-playwright/chromium-1234/chrome-linux64/chrome --version
2026-10-08T22:02:28.0919118Z > /home/runner/.cache/ms-playwright/chromium_headless_shell-1234/chrome-headless-shell-linux64/chrome-headless-shell --version
2026-10-08T22:02:28.2458974Z > /home/runner/.cache/ms-playwright/ffmpeg-1011/ffmpeg-linux -version
2026-10-08T22:02:28.2535134Z Acquisition browser: success in 48246 ms; report target/acquisition/browser.json
2026-10-08T22:02:28.2681964Z ##[debug]Finishing: Acquire target tools
2026-10-08T22:02:28.2695423Z ##[debug]Evaluating condition for step: 'Run actions/cache/save@v6.1.0'
2026-10-08T22:02:28.2698718Z ##[debug]Evaluating: (success() && (steps.tools.outputs.cacheable == 'true') && (steps.tools-cache.outputs.cache-hit != 'true'))
2026-10-08T22:02:28.2699817Z ##[debug]Evaluating And:
2026-10-08T22:02:28.2700410Z ##[debug]..Evaluating success:
2026-10-08T22:02:28.2701020Z ##[debug]..=> true
2026-10-08T22:02:28.2701553Z ##[debug]..Evaluating Equal:
2026-10-08T22:02:28.2702096Z ##[debug]....Evaluating Index:
2026-10-08T22:02:28.2702671Z ##[debug]......Evaluating Index:
2026-10-08T22:02:28.2703256Z ##[debug]........Evaluating Index:
2026-10-08T22:02:28.2703832Z ##[debug]..........Evaluating steps:
2026-10-08T22:02:28.2704435Z ##[debug]..........=> Object
2026-10-08T22:02:28.2705328Z ##[debug]..........Evaluating String:
2026-10-08T22:02:28.2705907Z ##[debug]..........=> 'tools'
2026-10-08T22:02:28.2706485Z ##[debug]........=> Object
2026-10-08T22:02:28.2707066Z ##[debug]........Evaluating String:
2026-10-08T22:02:28.2707621Z ##[debug]........=> 'outputs'
2026-10-08T22:02:28.2708150Z ##[debug]......=> Object
2026-10-08T22:02:28.2708740Z ##[debug]......Evaluating String:
2026-10-08T22:02:28.2709331Z ##[debug]......=> 'cacheable'
2026-10-08T22:02:28.2709905Z ##[debug]....=> 'true'
2026-10-08T22:02:28.2710435Z ##[debug]....Evaluating String:
2026-10-08T22:02:28.2710985Z ##[debug]....=> 'true'
2026-10-08T22:02:28.2711500Z ##[debug]..=> true
2026-10-08T22:02:28.2712106Z ##[debug]..Evaluating NotEqual:
2026-10-08T22:02:28.2712703Z ##[debug]....Evaluating Index:
2026-10-08T22:02:28.2713287Z ##[debug]......Evaluating Index:
2026-10-08T22:02:28.2713871Z ##[debug]........Evaluating Index:
2026-10-08T22:02:28.2714485Z ##[debug]..........Evaluating steps:
2026-10-08T22:02:28.2715695Z ##[debug]..........=> Object
2026-10-08T22:02:28.2716322Z ##[debug]..........Evaluating String:
2026-10-08T22:02:28.2716965Z ##[debug]..........=> 'tools-cache'
2026-10-08T22:02:28.2717589Z ##[debug]........=> Object
2026-10-08T22:02:28.2718187Z ##[debug]........Evaluating String:
2026-10-08T22:02:28.2718805Z ##[debug]........=> 'outputs'
2026-10-08T22:02:28.2719373Z ##[debug]......=> Object
2026-10-08T22:02:28.2719945Z ##[debug]......Evaluating String:
2026-10-08T22:02:28.2720518Z ##[debug]......=> 'cache-hit'
2026-10-08T22:02:28.2721080Z ##[debug]....=> null
2026-10-08T22:02:28.2721614Z ##[debug]....Evaluating String:
2026-10-08T22:02:28.2722180Z ##[debug]....=> 'true'
2026-10-08T22:02:28.2735926Z ##[debug]..=> true
2026-10-08T22:02:28.2736238Z ##[debug]=> true
2026-10-08T22:02:28.2736898Z ##[debug]Expanded: (true && ('true' == 'true') && (null != 'true'))
2026-10-08T22:02:28.2737364Z ##[debug]Result: true
2026-10-08T22:02:28.2737928Z ##[debug]Starting: Run actions/cache/save@v6.1.0
2026-10-08T22:02:28.2760696Z ##[debug]Loading inputs
2026-10-08T22:02:28.2762407Z ##[debug]Evaluating: steps.tools.outputs.paths
2026-10-08T22:02:28.2762832Z ##[debug]Evaluating Index:
2026-10-08T22:02:28.2763198Z ##[debug]..Evaluating Index:
2026-10-08T22:02:28.2763671Z ##[debug]....Evaluating Index:
2026-10-08T22:02:28.2774499Z ##[debug]......Evaluating steps:
2026-10-08T22:02:28.2775339Z ##[debug]......=> Object
2026-10-08T22:02:28.2775714Z ##[debug]......Evaluating String:
2026-10-08T22:02:28.2775985Z ##[debug]......=> 'tools'
2026-10-08T22:02:28.2776231Z ##[debug]....=> Object
2026-10-08T22:02:28.2776471Z ##[debug]....Evaluating String:
2026-10-08T22:02:28.2776721Z ##[debug]....=> 'outputs'
2026-10-08T22:02:28.2776942Z ##[debug]..=> Object
2026-10-08T22:02:28.2777180Z ##[debug]..Evaluating String:
2026-10-08T22:02:28.2777421Z ##[debug]..=> 'paths'
2026-10-08T22:02:28.2777710Z ##[debug]=> '/home/runner/.cache/conduit-ci
2026-10-08T22:02:28.2778013Z ##[debug]/home/runner/.cache/ms-playwright
2026-10-08T22:02:28.2778314Z ##[debug]/home/runner/.npm'
2026-10-08T22:02:28.2778627Z ##[debug]Result: '/home/runner/.cache/conduit-ci
2026-10-08T22:02:28.2778940Z ##[debug]/home/runner/.cache/ms-playwright
2026-10-08T22:02:28.2779432Z ##[debug]/home/runner/.npm'
2026-10-08T22:02:28.2780016Z ##[debug]Evaluating: steps.tools.outputs.key
2026-10-08T22:02:28.2780339Z ##[debug]Evaluating Index:
2026-10-08T22:02:28.2780586Z ##[debug]..Evaluating Index:
2026-10-08T22:02:28.2780835Z ##[debug]....Evaluating Index:
2026-10-08T22:02:28.2781079Z ##[debug]......Evaluating steps:
2026-10-08T22:02:28.2781334Z ##[debug]......=> Object
2026-10-08T22:02:28.2781575Z ##[debug]......Evaluating String:
2026-10-08T22:02:28.2781831Z ##[debug]......=> 'tools'
2026-10-08T22:02:28.2782063Z ##[debug]....=> Object
2026-10-08T22:02:28.2782290Z ##[debug]....Evaluating String:
2026-10-08T22:02:28.2782539Z ##[debug]....=> 'outputs'
2026-10-08T22:02:28.2782762Z ##[debug]..=> Object
2026-10-08T22:02:28.2782982Z ##[debug]..Evaluating String:
2026-10-08T22:02:28.2783228Z ##[debug]..=> 'key'
2026-10-08T22:02:28.2783864Z ##[debug]=> 'conduit-acquisition-v1-linux-x64-ubuntu24-20261004.327.1-browser-80f661acefe91207edd1a22248d9fb65d0780377797856de876fafe2abef152d'
2026-10-08T22:02:28.2785285Z ##[debug]Result: 'conduit-acquisition-v1-linux-x64-ubuntu24-20261004.327.1-browser-80f661acefe91207edd1a22248d9fb65d0780377797856de876fafe2abef152d'
2026-10-08T22:02:28.2787498Z ##[debug]Loading env
2026-10-08T22:02:28.2791865Z ##[group]Run actions/cache/save@v6.1.0
2026-10-08T22:02:28.2792132Z with:
2026-10-08T22:02:28.2792496Z   path: /home/runner/.cache/conduit-ci
/home/runner/.cache/ms-playwright
/home/runner/.npm
2026-10-08T22:02:28.2793331Z   key: conduit-acquisition-v1-linux-x64-ubuntu24-20261004.327.1-browser-80f661acefe91207edd1a22248d9fb65d0780377797856de876fafe2abef152d
2026-10-08T22:02:28.2794006Z   enableCrossOsArchive: false
2026-10-08T22:02:28.2794250Z env:
2026-10-08T22:02:28.2794439Z   CARGO_TERM_COLOR: always
2026-10-08T22:02:28.2794666Z   CARGO_INCREMENTAL: 0
2026-10-08T22:02:28.2795363Z   CARGO_PROFILE_DEV_DEBUG: 0
2026-10-08T22:02:28.2795608Z   CARGO_PROFILE_TEST_DEBUG: 0
2026-10-08T22:02:28.2795845Z   RUSTUP_TOOLCHAIN: 1.98.1
2026-10-08T22:02:28.2796152Z   CONDUIT_CHECKOUT_SHA: d932da60c7f04bde62c797126e298e38aa9819d0
2026-10-08T22:02:28.2796504Z   CARGO_HOME: /home/runner/.cargo
2026-10-08T22:02:28.2796752Z   CACHE_ON_FAILURE: false
2026-10-08T22:02:28.2796967Z ##[endgroup]
2026-10-08T22:02:28.3962752Z ##[debug]Cache service version: v2
2026-10-08T22:02:28.3970113Z ##[debug]Checking zstd --quiet --version
2026-10-08T22:02:28.4063775Z ##[debug]1.5.7
2026-10-08T22:02:28.4064676Z ##[debug]zstd version: 1.5.7
2026-10-08T22:02:28.4074198Z ##[debug]implicitDescendants 'false'
2026-10-08T22:02:28.4098016Z ##[debug]followSymbolicLinks 'true'
2026-10-08T22:02:28.4098808Z ##[debug]implicitDescendants 'false'
2026-10-08T22:02:28.4099558Z ##[debug]matchDirectories 'true'
2026-10-08T22:02:28.4100276Z ##[debug]omitBrokenSymbolicLinks 'true'
2026-10-08T22:02:28.4101058Z ##[debug]excludeHiddenFiles 'false'
2026-10-08T22:02:28.4101847Z ##[debug]Search path '/home/runner/.cache/conduit-ci'
2026-10-08T22:02:28.4117467Z ##[debug]Search path '/home/runner/.cache/ms-playwright'
2026-10-08T22:02:28.4118665Z ##[debug]Search path '/home/runner/.npm'
2026-10-08T22:02:28.4125860Z ##[debug]Matched: ../../../.cache/conduit-ci
2026-10-08T22:02:28.4132066Z ##[debug]Matched: ../../../.cache/ms-playwright
2026-10-08T22:02:28.4148636Z ##[debug]Matched: ../../../.npm
2026-10-08T22:02:28.4149511Z ##[debug]Cache Paths:
2026-10-08T22:02:28.4151931Z ##[debug]["../../../.cache/conduit-ci","../../../.cache/ms-playwright","../../../.npm"]
2026-10-08T22:02:28.4168015Z ##[debug]Archive Path: /home/runner/work/_temp/76c829f0-25eb-49b1-9d04-bbf7e7753a52/cache.tzst
2026-10-08T22:02:28.4193375Z [command]/usr/bin/tar --posix -cf cache.tzst --exclude cache.tzst -P -C /home/runner/work/conduit/conduit --files-from manifest.txt --use-compress-program zstdmt
2026-10-08T22:02:30.9974516Z [command]/usr/bin/tar -tf /home/runner/work/_temp/76c829f0-25eb-49b1-9d04-bbf7e7753a52/cache.tzst -P --use-compress-program unzstd
2026-10-08T22:02:31.0028173Z ../../../.cache/conduit-ci/
2026-10-08T22:02:31.0029253Z ../../../.cache/conduit-ci/apt/
2026-10-08T22:02:31.0031133Z ../../../.cache/conduit-ci/apt/62c66aeed4056e169d6506fffa6a0e5708af424b8cb25b5c1d9d7a31f9f761b2/
2026-10-08T22:02:31.0033304Z ../../../.cache/conduit-ci/apt/62c66aeed4056e169d6506fffa6a0e5708af424b8cb25b5c1d9d7a31f9f761b2/manifest.json
2026-10-08T22:02:31.0035557Z ../../../.cache/conduit-ci/apt/62c66aeed4056e169d6506fffa6a0e5708af424b8cb25b5c1d9d7a31f9f761b2/archives/
2026-10-08T22:02:31.0037939Z ../../../.cache/conduit-ci/apt/62c66aeed4056e169d6506fffa6a0e5708af424b8cb25b5c1d9d7a31f9f761b2/archives/fonts-wqy-zenhei_0.9.45-8_all.deb
2026-10-08T22:02:31.0071772Z ../../../.cache/conduit-ci/apt/62c66aeed4056e169d6506fffa6a0e5708af424b8cb25b5c1d9d7a31f9f761b2/archives/xfonts-scalable_1%3a1.0.3-1.3_all.deb
2026-10-08T22:02:31.0075057Z ../../../.cache/conduit-ci/apt/62c66aeed4056e169d6506fffa6a0e5708af424b8cb25b5c1d9d7a31f9f761b2/archives/fonts-unifont_1%3a15.1.01-1build1_all.deb
2026-10-08T22:02:31.0089676Z ../../../.cache/conduit-ci/apt/62c66aeed4056e169d6506fffa6a0e5708af424b8cb25b5c1d9d7a31f9f761b2/archives/libclang-18-dev_1%3a18.1.3-1ubuntu1_amd64.deb
2026-10-08T22:02:31.0241104Z ../../../.cache/conduit-ci/apt/62c66aeed4056e169d6506fffa6a0e5708af424b8cb25b5c1d9d7a31f9f761b2/archives/libudev-dev_255.4-1ubuntu8.17_amd64.deb
2026-10-08T22:02:31.0243154Z ../../../.cache/conduit-ci/apt/62c66aeed4056e169d6506fffa6a0e5708af424b8cb25b5c1d9d7a31f9f761b2/archives/cmake_3.28.3-1build7_amd64.deb
2026-10-08T22:02:31.0305843Z ../../../.cache/conduit-ci/apt/62c66aeed4056e169d6506fffa6a0e5708af424b8cb25b5c1d9d7a31f9f761b2/archives/lock
2026-10-08T22:02:31.0307719Z ../../../.cache/conduit-ci/apt/62c66aeed4056e169d6506fffa6a0e5708af424b8cb25b5c1d9d7a31f9f761b2/archives/build-essential_12.10ubuntu1_amd64.deb
2026-10-08T22:02:31.0310954Z ../../../.cache/conduit-ci/apt/62c66aeed4056e169d6506fffa6a0e5708af424b8cb25b5c1d9d7a31f9f761b2/archives/libjsoncpp25_1.9.5-6build1_amd64.deb
2026-10-08T22:02:31.0313782Z ../../../.cache/conduit-ci/apt/62c66aeed4056e169d6506fffa6a0e5708af424b8cb25b5c1d9d7a31f9f761b2/archives/xfonts-cyrillic_1%3a1.0.5+nmu1_all.deb
2026-10-08T22:02:31.0316444Z ../../../.cache/conduit-ci/apt/62c66aeed4056e169d6506fffa6a0e5708af424b8cb25b5c1d9d7a31f9f761b2/archives/xfonts-encodings_1%3a1.0.5-0ubuntu2_all.deb
2026-10-08T22:02:31.0318743Z ../../../.cache/conduit-ci/apt/62c66aeed4056e169d6506fffa6a0e5708af424b8cb25b5c1d9d7a31f9f761b2/archives/libclang-dev_1%3a18.0-59~exp2_amd64.deb
2026-10-08T22:02:31.0320926Z ../../../.cache/conduit-ci/apt/62c66aeed4056e169d6506fffa6a0e5708af424b8cb25b5c1d9d7a31f9f761b2/archives/cmake-data_3.28.3-1build7_all.deb
2026-10-08T22:02:31.0328818Z ../../../.cache/conduit-ci/apt/62c66aeed4056e169d6506fffa6a0e5708af424b8cb25b5c1d9d7a31f9f761b2/archives/fonts-ipafont-gothic_00303-21ubuntu1_all.deb
2026-10-08T22:02:31.0346600Z ../../../.cache/conduit-ci/apt/62c66aeed4056e169d6506fffa6a0e5708af424b8cb25b5c1d9d7a31f9f761b2/archives/libasound2-dev_1.2.11-1ubuntu0.3_amd64.deb
2026-10-08T22:02:31.0350073Z ../../../.cache/conduit-ci/apt/62c66aeed4056e169d6506fffa6a0e5708af424b8cb25b5c1d9d7a31f9f761b2/archives/librhash0_1.4.3-3build1_amd64.deb
2026-10-08T22:02:31.0352345Z ../../../.cache/conduit-ci/apt/62c66aeed4056e169d6506fffa6a0e5708af424b8cb25b5c1d9d7a31f9f761b2/archives/fonts-tlwg-loma-otf_1%3a0.7.3-1_all.deb
2026-10-08T22:02:31.0354324Z ../../../.cache/conduit-ci/apt/62c66aeed4056e169d6506fffa6a0e5708af424b8cb25b5c1d9d7a31f9f761b2/archives/partial/
2026-10-08T22:02:31.0356630Z ../../../.cache/conduit-ci/apt/62c66aeed4056e169d6506fffa6a0e5708af424b8cb25b5c1d9d7a31f9f761b2/archives/fonts-freefont-ttf_20211204+svn4273-2_all.deb
2026-10-08T22:02:31.0377911Z ../../../.cache/conduit-ci/apt/62c66aeed4056e169d6506fffa6a0e5708af424b8cb25b5c1d9d7a31f9f761b2/archives/xfonts-utils_1%3a7.7+6build3_amd64.deb
2026-10-08T22:02:31.0380059Z ../../../.cache/conduit-ci/verified/
2026-10-08T22:02:31.0380890Z ../../../.cache/conduit-ci/verified/browser.json
2026-10-08T22:02:31.0381522Z ../../../.cache/ms-playwright/
2026-10-08T22:02:31.0381976Z ../../../.cache/ms-playwright/ffmpeg-1011/
2026-10-08T22:02:31.0382714Z ../../../.cache/ms-playwright/ffmpeg-1011/ffmpeg-linux
2026-10-08T22:02:31.0471713Z ../../../.cache/ms-playwright/ffmpeg-1011/INSTALLATION_COMPLETE
2026-10-08T22:02:31.0476990Z ../../../.cache/ms-playwright/ffmpeg-1011/COPYING.LGPLv2.1
2026-10-08T22:02:31.0478031Z ../../../.cache/ms-playwright/ffmpeg-1011/DEPENDENCIES_VALIDATED
2026-10-08T22:02:31.0479026Z ../../../.cache/ms-playwright/chromium_headless_shell-1234/
2026-10-08T22:02:31.0480204Z ../../../.cache/ms-playwright/chromium_headless_shell-1234/chrome-headless-shell-linux64/
2026-10-08T22:02:31.0481848Z ../../../.cache/ms-playwright/chromium_headless_shell-1234/chrome-headless-shell-linux64/headless_command_resources.pak
2026-10-08T22:02:31.0483688Z ../../../.cache/ms-playwright/chromium_headless_shell-1234/chrome-headless-shell-linux64/LICENSE.headless_shell
2026-10-08T22:02:31.0485548Z ../../../.cache/ms-playwright/chromium_headless_shell-1234/chrome-headless-shell-linux64/v8_context_snapshot.bin
2026-10-08T22:02:31.0493924Z ../../../.cache/ms-playwright/chromium_headless_shell-1234/chrome-headless-shell-linux64/libvk_swiftshader.so
2026-10-08T22:02:31.0574442Z ../../../.cache/ms-playwright/chromium_headless_shell-1234/chrome-headless-shell-linux64/rpm.deps
2026-10-08T22:02:31.0584520Z ../../../.cache/ms-playwright/chromium_headless_shell-1234/chrome-headless-shell-linux64/headless_lib_strings.pak
2026-10-08T22:02:31.0602357Z ../../../.cache/ms-playwright/chromium_headless_shell-1234/chrome-headless-shell-linux64/icudtl.dat
2026-10-08T22:02:31.0807250Z ../../../.cache/ms-playwright/chromium_headless_shell-1234/chrome-headless-shell-linux64/libvulkan.so.1
2026-10-08T22:02:31.0816239Z ../../../.cache/ms-playwright/chromium_headless_shell-1234/chrome-headless-shell-linux64/headless_lib_data.pak
2026-10-08T22:02:31.0819960Z ../../../.cache/ms-playwright/chromium_headless_shell-1234/chrome-headless-shell-linux64/ABOUT
2026-10-08T22:02:31.0821224Z ../../../.cache/ms-playwright/chromium_headless_shell-1234/chrome-headless-shell-linux64/chrome-headless-shell
2026-10-08T22:02:31.3689621Z ../../../.cache/ms-playwright/chromium_headless_shell-1234/chrome-headless-shell-linux64/vk_swiftshader_icd.json
2026-10-08T22:02:31.3691372Z ../../../.cache/ms-playwright/chromium_headless_shell-1234/chrome-headless-shell-linux64/libGLESv2.so
2026-10-08T22:02:31.3692747Z ../../../.cache/ms-playwright/chromium_headless_shell-1234/chrome-headless-shell-linux64/deb.deps
2026-10-08T22:02:31.3694111Z ../../../.cache/ms-playwright/chromium_headless_shell-1234/chrome-headless-shell-linux64/hyphen-data/
2026-10-08T22:02:31.3695848Z ../../../.cache/ms-playwright/chromium_headless_shell-1234/chrome-headless-shell-linux64/hyphen-data/hyph-gu.hyb
2026-10-08T22:02:31.3697388Z ../../../.cache/ms-playwright/chromium_headless_shell-1234/chrome-headless-shell-linux64/hyphen-data/hyph-ga.hyb
2026-10-08T22:02:31.3698964Z ../../../.cache/ms-playwright/chromium_headless_shell-1234/chrome-headless-shell-linux64/hyphen-data/hyph-cy.hyb
2026-10-08T22:02:31.3700504Z ../../../.cache/ms-playwright/chromium_headless_shell-1234/chrome-headless-shell-linux64/hyphen-data/hyph-hi.hyb
2026-10-08T22:02:31.3702032Z ../../../.cache/ms-playwright/chromium_headless_shell-1234/chrome-headless-shell-linux64/hyphen-data/hyph-sq.hyb
2026-10-08T22:02:31.3703538Z ../../../.cache/ms-playwright/chromium_headless_shell-1234/chrome-headless-shell-linux64/hyphen-data/hyph-hu.hyb
2026-10-08T22:02:31.3705265Z ../../../.cache/ms-playwright/chromium_headless_shell-1234/chrome-headless-shell-linux64/hyphen-data/hyph-cs.hyb
2026-10-08T22:02:31.3706819Z ../../../.cache/ms-playwright/chromium_headless_shell-1234/chrome-headless-shell-linux64/hyphen-data/hyph-be.hyb
2026-10-08T22:02:31.3708322Z ../../../.cache/ms-playwright/chromium_headless_shell-1234/chrome-headless-shell-linux64/hyphen-data/hyph-lv.hyb
2026-10-08T22:02:31.3709871Z ../../../.cache/ms-playwright/chromium_headless_shell-1234/chrome-headless-shell-linux64/hyphen-data/hyph-mr.hyb
2026-10-08T22:02:31.3711789Z ../../../.cache/ms-playwright/chromium_headless_shell-1234/chrome-headless-shell-linux64/hyphen-data/hyph-ru.hyb
2026-10-08T22:02:31.3713392Z ../../../.cache/ms-playwright/chromium_headless_shell-1234/chrome-headless-shell-linux64/hyphen-data/hyph-en-us.hyb
2026-10-08T22:02:31.3715309Z ../../../.cache/ms-playwright/chromium_headless_shell-1234/chrome-headless-shell-linux64/hyphen-data/hyph-nb.hyb
2026-10-08T22:02:31.3716940Z ../../../.cache/ms-playwright/chromium_headless_shell-1234/chrome-headless-shell-linux64/hyphen-data/hyph-mn-cyrl.hyb
2026-10-08T22:02:31.3718511Z ../../../.cache/ms-playwright/chromium_headless_shell-1234/chrome-headless-shell-linux64/hyphen-data/hyph-sl.hyb
2026-10-08T22:02:31.3720056Z ../../../.cache/ms-playwright/chromium_headless_shell-1234/chrome-headless-shell-linux64/hyphen-data/hyph-cu.hyb
2026-10-08T22:02:31.3721610Z ../../../.cache/ms-playwright/chromium_headless_shell-1234/chrome-headless-shell-linux64/hyphen-data/hyph-sv.hyb
2026-10-08T22:02:31.3723071Z ../../../.cache/ms-playwright/chromium_headless_shell-1234/chrome-headless-shell-linux64/hyphen-data/hyph-fr.hyb
2026-10-08T22:02:31.3724594Z ../../../.cache/ms-playwright/chromium_headless_shell-1234/chrome-headless-shell-linux64/hyphen-data/hyph-uk.hyb
2026-10-08T22:02:31.3726467Z ../../../.cache/ms-playwright/chromium_headless_shell-1234/chrome-headless-shell-linux64/hyphen-data/hyph-und-ethi.hyb
2026-10-08T22:02:31.3728092Z ../../../.cache/ms-playwright/chromium_headless_shell-1234/chrome-headless-shell-linux64/hyphen-data/hyph-kn.hyb
2026-10-08T22:02:31.3729584Z ../../../.cache/ms-playwright/chromium_headless_shell-1234/chrome-headless-shell-linux64/hyphen-data/hyph-eu.hyb
2026-10-08T22:02:31.3730978Z ../../../.cache/ms-playwright/chromium_headless_shell-1234/chrome-headless-shell-linux64/hyphen-data/hyph-lt.hyb
2026-10-08T22:02:31.3732375Z ../../../.cache/ms-playwright/chromium_headless_shell-1234/chrome-headless-shell-linux64/hyphen-data/hyph-ml.hyb
2026-10-08T22:02:31.3733996Z ../../../.cache/ms-playwright/chromium_headless_shell-1234/chrome-headless-shell-linux64/hyphen-data/hyph-ka.hyb
2026-10-08T22:02:31.3735676Z ../../../.cache/ms-playwright/chromium_headless_shell-1234/chrome-headless-shell-linux64/hyphen-data/hyph-pt.hyb
2026-10-08T22:02:31.3737124Z ../../../.cache/ms-playwright/chromium_headless_shell-1234/chrome-headless-shell-linux64/hyphen-data/hyph-de-1996.hyb
2026-10-08T22:02:31.3738614Z ../../../.cache/ms-playwright/chromium_headless_shell-1234/chrome-headless-shell-linux64/hyphen-data/hyph-de-1901.hyb
2026-10-08T22:02:31.3740070Z ../../../.cache/ms-playwright/chromium_headless_shell-1234/chrome-headless-shell-linux64/hyphen-data/hyph-el.hyb
2026-10-08T22:02:31.3741520Z ../../../.cache/ms-playwright/chromium_headless_shell-1234/chrome-headless-shell-linux64/hyphen-data/hyph-en-gb.hyb
2026-10-08T22:02:31.3742968Z ../../../.cache/ms-playwright/chromium_headless_shell-1234/chrome-headless-shell-linux64/hyphen-data/hyph-tk.hyb
2026-10-08T22:02:31.3744464Z ../../../.cache/ms-playwright/chromium_headless_shell-1234/chrome-headless-shell-linux64/hyphen-data/hyph-de-ch-1901.hyb
2026-10-08T22:02:31.3746313Z ../../../.cache/ms-playwright/chromium_headless_shell-1234/chrome-headless-shell-linux64/hyphen-data/hyph-or.hyb
2026-10-08T22:02:31.3747757Z ../../../.cache/ms-playwright/chromium_headless_shell-1234/chrome-headless-shell-linux64/hyphen-data/hyph-hy.hyb
2026-10-08T22:02:31.3749244Z ../../../.cache/ms-playwright/chromium_headless_shell-1234/chrome-headless-shell-linux64/hyphen-data/hyph-mul-ethi.hyb
2026-10-08T22:02:31.3750737Z ../../../.cache/ms-playwright/chromium_headless_shell-1234/chrome-headless-shell-linux64/hyphen-data/hyph-gl.hyb
2026-10-08T22:02:31.3752164Z ../../../.cache/ms-playwright/chromium_headless_shell-1234/chrome-headless-shell-linux64/hyphen-data/hyph-hr.hyb
2026-10-08T22:02:31.3753690Z ../../../.cache/ms-playwright/chromium_headless_shell-1234/chrome-headless-shell-linux64/hyphen-data/hyph-nl.hyb
2026-10-08T22:02:31.3755528Z ../../../.cache/ms-playwright/chromium_headless_shell-1234/chrome-headless-shell-linux64/hyphen-data/hyph-ta.hyb
2026-10-08T22:02:31.3757289Z ../../../.cache/ms-playwright/chromium_headless_shell-1234/chrome-headless-shell-linux64/hyphen-data/hyph-as.hyb
2026-10-08T22:02:31.3758842Z ../../../.cache/ms-playwright/chromium_headless_shell-1234/chrome-headless-shell-linux64/hyphen-data/hyph-te.hyb
2026-10-08T22:02:31.3760373Z ../../../.cache/ms-playwright/chromium_headless_shell-1234/chrome-headless-shell-linux64/hyphen-data/hyph-et.hyb
2026-10-08T22:02:31.3761909Z ../../../.cache/ms-playwright/chromium_headless_shell-1234/chrome-headless-shell-linux64/hyphen-data/hyph-es.hyb
2026-10-08T22:02:31.3763423Z ../../../.cache/ms-playwright/chromium_headless_shell-1234/chrome-headless-shell-linux64/hyphen-data/hyph-it.hyb
2026-10-08T22:02:31.3765136Z ../../../.cache/ms-playwright/chromium_headless_shell-1234/chrome-headless-shell-linux64/hyphen-data/hyph-la.hyb
2026-10-08T22:02:31.3766647Z ../../../.cache/ms-playwright/chromium_headless_shell-1234/chrome-headless-shell-linux64/hyphen-data/hyph-bg.hyb
2026-10-08T22:02:31.3768120Z ../../../.cache/ms-playwright/chromium_headless_shell-1234/chrome-headless-shell-linux64/hyphen-data/hyph-nn.hyb
2026-10-08T22:02:31.3769608Z ../../../.cache/ms-playwright/chromium_headless_shell-1234/chrome-headless-shell-linux64/hyphen-data/hyph-pa.hyb
2026-10-08T22:02:31.3771097Z ../../../.cache/ms-playwright/chromium_headless_shell-1234/chrome-headless-shell-linux64/hyphen-data/hyph-bn.hyb
2026-10-08T22:02:31.3772578Z ../../../.cache/ms-playwright/chromium_headless_shell-1234/chrome-headless-shell-linux64/hyphen-data/hyph-da.hyb
2026-10-08T22:02:31.3774047Z ../../../.cache/ms-playwright/chromium_headless_shell-1234/chrome-headless-shell-linux64/hyphen-data/hyph-sk.hyb
2026-10-08T22:02:31.3775809Z ../../../.cache/ms-playwright/chromium_headless_shell-1234/chrome-headless-shell-linux64/hyphen-data/hyph-af.hyb
2026-10-08T22:02:31.3777402Z ../../../.cache/ms-playwright/chromium_headless_shell-1234/chrome-headless-shell-linux64/locales/
2026-10-08T22:02:31.3778711Z ../../../.cache/ms-playwright/chromium_headless_shell-1234/chrome-headless-shell-linux64/locales/th.pak
2026-10-08T22:02:31.3830512Z ../../../.cache/ms-playwright/chromium_headless_shell-1234/chrome-headless-shell-linux64/locales/ur_FEMININE.pak
2026-10-08T22:02:31.3832078Z ../../../.cache/ms-playwright/chromium_headless_shell-1234/chrome-headless-shell-linux64/locales/es.pak
2026-10-08T22:02:31.3833581Z ../../../.cache/ms-playwright/chromium_headless_shell-1234/chrome-headless-shell-linux64/locales/te_NEUTER.pak
2026-10-08T22:02:31.3835263Z ../../../.cache/ms-playwright/chromium_headless_shell-1234/chrome-headless-shell-linux64/locales/pt-PT.pak
2026-10-08T22:02:31.3836719Z ../../../.cache/ms-playwright/chromium_headless_shell-1234/chrome-headless-shell-linux64/locales/ca.pak
2026-10-08T22:02:31.3838208Z ../../../.cache/ms-playwright/chromium_headless_shell-1234/chrome-headless-shell-linux64/locales/gu_FEMININE.pak
2026-10-08T22:02:31.3839771Z ../../../.cache/ms-playwright/chromium_headless_shell-1234/chrome-headless-shell-linux64/locales/sw_MASCULINE.pak
2026-10-08T22:02:31.3841321Z ../../../.cache/ms-playwright/chromium_headless_shell-1234/chrome-headless-shell-linux64/locales/sl_MASCULINE.pak
2026-10-08T22:02:31.3842866Z ../../../.cache/ms-playwright/chromium_headless_shell-1234/chrome-headless-shell-linux64/locales/sr_MASCULINE.pak
2026-10-08T22:02:31.3844398Z ../../../.cache/ms-playwright/chromium_headless_shell-1234/chrome-headless-shell-linux64/locales/sv_FEMININE.pak
2026-10-08T22:02:31.3846035Z ../../../.cache/ms-playwright/chromium_headless_shell-1234/chrome-headless-shell-linux64/locales/sl.pak
2026-10-08T22:02:31.3847531Z ../../../.cache/ms-playwright/chromium_headless_shell-1234/chrome-headless-shell-linux64/locales/ru_MASCULINE.pak
2026-10-08T22:02:31.3849102Z ../../../.cache/ms-playwright/chromium_headless_shell-1234/chrome-headless-shell-linux64/locales/bn_FEMININE.pak
2026-10-08T22:02:31.3850635Z ../../../.cache/ms-playwright/chromium_headless_shell-1234/chrome-headless-shell-linux64/locales/nb_MASCULINE.pak
2026-10-08T22:02:31.3852425Z ../../../.cache/ms-playwright/chromium_headless_shell-1234/chrome-headless-shell-linux64/locales/fa_MASCULINE.pak
2026-10-08T22:02:31.3854057Z ../../../.cache/ms-playwright/chromium_headless_shell-1234/chrome-headless-shell-linux64/locales/pt-BR_FEMININE.pak
2026-10-08T22:02:31.3855789Z ../../../.cache/ms-playwright/chromium_headless_shell-1234/chrome-headless-shell-linux64/locales/af_NEUTER.pak
2026-10-08T22:02:31.3857341Z ../../../.cache/ms-playwright/chromium_headless_shell-1234/chrome-headless-shell-linux64/locales/ru_FEMININE.pak
2026-10-08T22:02:31.3858771Z ../../../.cache/ms-playwright/chromium_headless_shell-1234/chrome-headless-shell-linux64/locales/ja.pak
2026-10-08T22:02:31.3860239Z ../../../.cache/ms-playwright/chromium_headless_shell-1234/chrome-headless-shell-linux64/locales/es-419.pak
2026-10-08T22:02:31.3861694Z ../../../.cache/ms-playwright/chromium_headless_shell-1234/chrome-headless-shell-linux64/locales/pt-BR.pak
2026-10-08T22:02:31.3869774Z ../../../.cache/ms-playwright/chromium_headless_shell-1234/chrome-headless-shell-linux64/locales/id_MASCULINE.pak
2026-10-08T22:02:31.3871342Z ../../../.cache/ms-playwright/chromium_headless_shell-1234/chrome-headless-shell-linux64/locales/et_MASCULINE.pak
2026-10-08T22:02:31.3872924Z ../../../.cache/ms-playwright/chromium_headless_shell-1234/chrome-headless-shell-linux64/locales/zh-TW_FEMININE.pak
2026-10-08T22:02:31.3874456Z ../../../.cache/ms-playwright/chromium_headless_shell-1234/chrome-headless-shell-linux64/locales/uk_NEUTER.pak
2026-10-08T22:02:31.3876089Z ../../../.cache/ms-playwright/chromium_headless_shell-1234/chrome-headless-shell-linux64/locales/sv.pak
2026-10-08T22:02:31.3880587Z ../../../.cache/ms-playwright/chromium_headless_shell-1234/chrome-headless-shell-linux64/locales/sk_NEUTER.pak
2026-10-08T22:02:31.3882331Z ../../../.cache/ms-playwright/chromium_headless_shell-1234/chrome-headless-shell-linux64/locales/da_FEMININE.pak
2026-10-08T22:02:31.3884390Z ../../../.cache/ms-playwright/chromium_headless_shell-1234/chrome-headless-shell-linux64/locales/id_FEMININE.pak
2026-10-08T22:02:31.3886377Z ../../../.cache/ms-playwright/chromium_headless_shell-1234/chrome-headless-shell-linux64/locales/ur_NEUTER.pak
2026-10-08T22:02:31.3888077Z ../../../.cache/ms-playwright/chromium_headless_shell-1234/chrome-headless-shell-linux64/locales/ta_NEUTER.pak
2026-10-08T22:02:31.3889800Z ../../../.cache/ms-playwright/chromium_headless_shell-1234/chrome-headless-shell-linux64/locales/uk_FEMININE.pak
2026-10-08T22:02:31.3891549Z ../../../.cache/ms-playwright/chromium_headless_shell-1234/chrome-headless-shell-linux64/locales/en-US_FEMININE.pak
2026-10-08T22:02:31.3893216Z ../../../.cache/ms-playwright/chromium_headless_shell-1234/chrome-headless-shell-linux64/locales/ml.pak
2026-10-08T22:02:31.3901639Z ../../../.cache/ms-playwright/chromium_headless_shell-1234/chrome-headless-shell-linux64/locales/lv.pak
2026-10-08T22:02:31.3912510Z ../../../.cache/ms-playwright/chromium_headless_shell-1234/chrome-headless-shell-linux64/locales/ko_NEUTER.pak
2026-10-08T22:02:31.3915375Z ../../../.cache/ms-playwright/chromium_headless_shell-1234/chrome-headless-shell-linux64/locales/fa_NEUTER.pak
2026-10-08T22:02:31.3917053Z ../../../.cache/ms-playwright/chromium_headless_shell-1234/chrome-headless-shell-linux64/locales/sw.pak
2026-10-08T22:02:31.3926983Z ../../../.cache/ms-playwright/chromium_headless_shell-1234/chrome-headless-shell-linux64/locales/bn_MASCULINE.pak
2026-10-08T22:02:31.3928599Z ../../../.cache/ms-playwright/chromium_headless_shell-1234/chrome-headless-shell-linux64/locales/vi_FEMININE.pak
2026-10-08T22:02:31.3930159Z ../../../.cache/ms-playwright/chromium_headless_shell-1234/chrome-headless-shell-linux64/locales/hi_MASCULINE.pak
2026-10-08T22:02:31.3931678Z ../../../.cache/ms-playwright/chromium_headless_shell-1234/chrome-headless-shell-linux64/locales/hu_FEMININE.pak
2026-10-08T22:02:31.3933199Z ../../../.cache/ms-playwright/chromium_headless_shell-1234/chrome-headless-shell-linux64/locales/sw_NEUTER.pak
2026-10-08T22:02:31.3935197Z ../../../.cache/ms-playwright/chromium_headless_shell-1234/chrome-headless-shell-linux64/locales/te_FEMININE.pak
2026-10-08T22:02:31.3936784Z ../../../.cache/ms-playwright/chromium_headless_shell-1234/chrome-headless-shell-linux64/locales/id_NEUTER.pak
2026-10-08T22:02:31.3938355Z ../../../.cache/ms-playwright/chromium_headless_shell-1234/chrome-headless-shell-linux64/locales/pt-PT_MASCULINE.pak
2026-10-08T22:02:31.3939836Z ../../../.cache/ms-playwright/chromium_headless_shell-1234/chrome-headless-shell-linux64/locales/gu.pak
2026-10-08T22:02:31.3943856Z ../../../.cache/ms-playwright/chromium_headless_shell-1234/chrome-headless-shell-linux64/locales/fa_FEMININE.pak
2026-10-08T22:02:31.3945697Z ../../../.cache/ms-playwright/chromium_headless_shell-1234/chrome-headless-shell-linux64/locales/zh-CN_NEUTER.pak
2026-10-08T22:02:31.3947198Z ../../../.cache/ms-playwright/chromium_headless_shell-1234/chrome-headless-shell-linux64/locales/kn.pak
2026-10-08T22:02:31.3960905Z ../../../.cache/ms-playwright/chromium_headless_shell-1234/chrome-headless-shell-linux64/locales/kn_FEMININE.pak
2026-10-08T22:02:31.3962164Z ../../../.cache/ms-playwright/chromium_headless_shell-1234/chrome-headless-shell-linux64/locales/af.pak
2026-10-08T22:02:31.3971024Z ../../../.cache/ms-playwright/chromium_headless_shell-1234/chrome-headless-shell-linux64/locales/fi_FEMININE.pak
2026-10-08T22:02:31.3972558Z ../../../.cache/ms-playwright/chromium_headless_shell-1234/chrome-headless-shell-linux64/locales/ru.pak
2026-10-08T22:02:31.3985246Z ../../../.cache/ms-playwright/chromium_headless_shell-1234/chrome-headless-shell-linux64/locales/en-GB.pak
2026-10-08T22:02:31.3993008Z ../../../.cache/ms-playwright/chromium_headless_shell-1234/chrome-headless-shell-linux64/locales/am_MASCULINE.pak
2026-10-08T22:02:31.3994220Z ../../../.cache/ms-playwright/chromium_headless_shell-1234/chrome-headless-shell-linux64/locales/fr_FEMININE.pak
2026-10-08T22:02:31.3996061Z ../../../.cache/ms-playwright/chromium_headless_shell-1234/chrome-headless-shell-linux64/locales/lt_MASCULINE.pak
2026-10-08T22:02:31.3997054Z ../../../.cache/ms-playwright/chromium_headless_shell-1234/chrome-headless-shell-linux64/locales/ko.pak
2026-10-08T22:02:31.4002372Z ../../../.cache/ms-playwright/chromium_headless_shell-1234/chrome-headless-shell-linux64/locales/am_FEMININE.pak
2026-10-08T22:02:31.4003832Z ../../../.cache/ms-playwright/chromium_headless_shell-1234/chrome-headless-shell-linux64/locales/lt_FEMININE.pak
2026-10-08T22:02:31.4005109Z ../../../.cache/ms-playwright/chromium_headless_shell-1234/chrome-headless-shell-linux64/locales/sw_FEMININE.pak
2026-10-08T22:02:31.4006112Z ../../../.cache/ms-playwright/chromium_headless_shell-1234/chrome-headless-shell-linux64/locales/lt.pak
2026-10-08T22:02:31.4013873Z ../../../.cache/ms-playwright/chromium_headless_shell-1234/chrome-headless-shell-linux64/locales/af_FEMININE.pak
2026-10-08T22:02:31.4015712Z ../../../.cache/ms-playwright/chromium_headless_shell-1234/chrome-headless-shell-linux64/locales/hr_NEUTER.pak
2026-10-08T22:02:31.4017205Z ../../../.cache/ms-playwright/chromium_headless_shell-1234/chrome-headless-shell-linux64/locales/ta.pak
2026-10-08T22:02:31.4034027Z ../../../.cache/ms-playwright/chromium_headless_shell-1234/chrome-headless-shell-linux64/locales/hu_MASCULINE.pak
2026-10-08T22:02:31.4035834Z ../../../.cache/ms-playwright/chromium_headless_shell-1234/chrome-headless-shell-linux64/locales/vi_MASCULINE.pak
2026-10-08T22:02:31.4037313Z ../../../.cache/ms-playwright/chromium_headless_shell-1234/chrome-headless-shell-linux64/locales/tr.pak
2026-10-08T22:02:31.4043593Z ../../../.cache/ms-playwright/chromium_headless_shell-1234/chrome-headless-shell-linux64/locales/zh-CN_FEMININE.pak
2026-10-08T22:02:31.4045399Z ../../../.cache/ms-playwright/chromium_headless_shell-1234/chrome-headless-shell-linux64/locales/th_FEMININE.pak
2026-10-08T22:02:31.4046907Z ../../../.cache/ms-playwright/chromium_headless_shell-1234/chrome-headless-shell-linux64/locales/ca_NEUTER.pak
2026-10-08T22:02:31.4048419Z ../../../.cache/ms-playwright/chromium_headless_shell-1234/chrome-headless-shell-linux64/locales/kn_NEUTER.pak
2026-10-08T22:02:31.4050152Z ../../../.cache/ms-playwright/chromium_headless_shell-1234/chrome-headless-shell-linux64/locales/ko_FEMININE.pak
2026-10-08T22:02:31.4051695Z ../../../.cache/ms-playwright/chromium_headless_shell-1234/chrome-headless-shell-linux64/locales/tr_NEUTER.pak
2026-10-08T22:02:31.4053220Z ../../../.cache/ms-playwright/chromium_headless_shell-1234/chrome-headless-shell-linux64/locales/uk_MASCULINE.pak
2026-10-08T22:02:31.4054987Z ../../../.cache/ms-playwright/chromium_headless_shell-1234/chrome-headless-shell-linux64/locales/ja_FEMININE.pak
2026-10-08T22:02:31.4056525Z ../../../.cache/ms-playwright/chromium_headless_shell-1234/chrome-headless-shell-linux64/locales/da_NEUTER.pak
2026-10-08T22:02:31.4058072Z ../../../.cache/ms-playwright/chromium_headless_shell-1234/chrome-headless-shell-linux64/locales/fil_FEMININE.pak
2026-10-08T22:02:31.4059560Z ../../../.cache/ms-playwright/chromium_headless_shell-1234/chrome-headless-shell-linux64/locales/it.pak
2026-10-08T22:02:31.4061045Z ../../../.cache/ms-playwright/chromium_headless_shell-1234/chrome-headless-shell-linux64/locales/ml_FEMININE.pak
2026-10-08T22:02:31.4062540Z ../../../.cache/ms-playwright/chromium_headless_shell-1234/chrome-headless-shell-linux64/locales/sv_NEUTER.pak
2026-10-08T22:02:31.4063986Z ../../../.cache/ms-playwright/chromium_headless_shell-1234/chrome-headless-shell-linux64/locales/he.pak
2026-10-08T22:02:31.4069547Z ../../../.cache/ms-playwright/chromium_headless_shell-1234/chrome-headless-shell-linux64/locales/sk.pak
2026-10-08T22:02:31.4081287Z ../../../.cache/ms-playwright/chromium_headless_shell-1234/chrome-headless-shell-linux64/locales/en-GB_NEUTER.pak
2026-10-08T22:02:31.4082779Z ../../../.cache/ms-playwright/chromium_headless_shell-1234/chrome-headless-shell-linux64/locales/nb.pak
2026-10-08T22:02:31.4089370Z ../../../.cache/ms-playwright/chromium_headless_shell-1234/chrome-headless-shell-linux64/locales/ml_MASCULINE.pak
2026-10-08T22:02:31.4090982Z ../../../.cache/ms-playwright/chromium_headless_shell-1234/chrome-headless-shell-linux64/locales/sr_FEMININE.pak
2026-10-08T22:02:31.4092567Z ../../../.cache/ms-playwright/chromium_headless_shell-1234/chrome-headless-shell-linux64/locales/pt-PT_FEMININE.pak
2026-10-08T22:02:31.4094115Z ../../../.cache/ms-playwright/chromium_headless_shell-1234/chrome-headless-shell-linux64/locales/vi_NEUTER.pak
2026-10-08T22:02:31.4095884Z ../../../.cache/ms-playwright/chromium_headless_shell-1234/chrome-headless-shell-linux64/locales/el_NEUTER.pak
2026-10-08T22:02:31.4097384Z ../../../.cache/ms-playwright/chromium_headless_shell-1234/chrome-headless-shell-linux64/locales/it_FEMININE.pak
2026-10-08T22:02:31.4098912Z ../../../.cache/ms-playwright/chromium_headless_shell-1234/chrome-headless-shell-linux64/locales/mr_MASCULINE.pak
2026-10-08T22:02:31.4100435Z ../../../.cache/ms-playwright/chromium_headless_shell-1234/chrome-headless-shell-linux64/locales/bg_MASCULINE.pak
2026-10-08T22:02:31.4101892Z ../../../.cache/ms-playwright/chromium_headless_shell-1234/chrome-headless-shell-linux64/locales/bg.pak
2026-10-08T22:02:31.4106603Z ../../../.cache/ms-playwright/chromium_headless_shell-1234/chrome-headless-shell-linux64/locales/he_FEMININE.pak
2026-10-08T22:02:31.4108647Z ../../../.cache/ms-playwright/chromium_headless_shell-1234/chrome-headless-shell-linux64/locales/ca_MASCULINE.pak
2026-10-08T22:02:31.4110208Z ../../../.cache/ms-playwright/chromium_headless_shell-1234/chrome-headless-shell-linux64/locales/tr_FEMININE.pak
2026-10-08T22:02:31.4111723Z ../../../.cache/ms-playwright/chromium_headless_shell-1234/chrome-headless-shell-linux64/locales/th_NEUTER.pak
2026-10-08T22:02:31.4113206Z ../../../.cache/ms-playwright/chromium_headless_shell-1234/chrome-headless-shell-linux64/locales/sl_FEMININE.pak
2026-10-08T22:02:31.4114727Z ../../../.cache/ms-playwright/chromium_headless_shell-1234/chrome-headless-shell-linux64/locales/ms_NEUTER.pak
2026-10-08T22:02:31.4116433Z ../../../.cache/ms-playwright/chromium_headless_shell-1234/chrome-headless-shell-linux64/locales/bn_NEUTER.pak
2026-10-08T22:02:31.4118194Z ../../../.cache/ms-playwright/chromium_headless_shell-1234/chrome-headless-shell-linux64/locales/ro_MASCULINE.pak
2026-10-08T22:02:31.4119807Z ../../../.cache/ms-playwright/chromium_headless_shell-1234/chrome-headless-shell-linux64/locales/es-419_FEMININE.pak
2026-10-08T22:02:31.4121354Z ../../../.cache/ms-playwright/chromium_headless_shell-1234/chrome-headless-shell-linux64/locales/pl_NEUTER.pak
2026-10-08T22:02:31.4122891Z ../../../.cache/ms-playwright/chromium_headless_shell-1234/chrome-headless-shell-linux64/locales/zh-CN_MASCULINE.pak
2026-10-08T22:02:31.4124399Z ../../../.cache/ms-playwright/chromium_headless_shell-1234/chrome-headless-shell-linux64/locales/en-US.pak
2026-10-08T22:02:31.4126009Z ../../../.cache/ms-playwright/chromium_headless_shell-1234/chrome-headless-shell-linux64/locales/da.pak
2026-10-08T22:02:31.4128020Z ../../../.cache/ms-playwright/chromium_headless_shell-1234/chrome-headless-shell-linux64/locales/fi_NEUTER.pak
2026-10-08T22:02:31.4129551Z ../../../.cache/ms-playwright/chromium_headless_shell-1234/chrome-headless-shell-linux64/locales/cs_FEMININE.pak
2026-10-08T22:02:31.4131080Z ../../../.cache/ms-playwright/chromium_headless_shell-1234/chrome-headless-shell-linux64/locales/ms_FEMININE.pak
2026-10-08T22:02:31.4132643Z ../../../.cache/ms-playwright/chromium_headless_shell-1234/chrome-headless-shell-linux64/locales/et_NEUTER.pak
2026-10-08T22:02:31.4134143Z ../../../.cache/ms-playwright/chromium_headless_shell-1234/chrome-headless-shell-linux64/locales/nb_NEUTER.pak
2026-10-08T22:02:31.4135940Z ../../../.cache/ms-playwright/chromium_headless_shell-1234/chrome-headless-shell-linux64/locales/he_NEUTER.pak
2026-10-08T22:02:31.4137442Z ../../../.cache/ms-playwright/chromium_headless_shell-1234/chrome-headless-shell-linux64/locales/cs_NEUTER.pak
2026-10-08T22:02:31.4139170Z ../../../.cache/ms-playwright/chromium_headless_shell-1234/chrome-headless-shell-linux64/locales/lv_MASCULINE.pak
2026-10-08T22:02:31.4140801Z ../../../.cache/ms-playwright/chromium_headless_shell-1234/chrome-headless-shell-linux64/locales/hu.pak
2026-10-08T22:02:31.4142302Z ../../../.cache/ms-playwright/chromium_headless_shell-1234/chrome-headless-shell-linux64/locales/he_MASCULINE.pak
2026-10-08T22:02:31.4143754Z ../../../.cache/ms-playwright/chromium_headless_shell-1234/chrome-headless-shell-linux64/locales/am.pak
2026-10-08T22:02:31.4156486Z ../../../.cache/ms-playwright/chromium_headless_shell-1234/chrome-headless-shell-linux64/locales/hr_MASCULINE.pak
2026-10-08T22:02:31.4158087Z ../../../.cache/ms-playwright/chromium_headless_shell-1234/chrome-headless-shell-linux64/locales/de_MASCULINE.pak
2026-10-08T22:02:31.4159661Z ../../../.cache/ms-playwright/chromium_headless_shell-1234/chrome-headless-shell-linux64/locales/ar_MASCULINE.pak
2026-10-08T22:02:31.4161176Z ../../../.cache/ms-playwright/chromium_headless_shell-1234/chrome-headless-shell-linux64/locales/ta_FEMININE.pak
2026-10-08T22:02:31.4162694Z ../../../.cache/ms-playwright/chromium_headless_shell-1234/chrome-headless-shell-linux64/locales/fr_MASCULINE.pak
2026-10-08T22:02:31.4164267Z ../../../.cache/ms-playwright/chromium_headless_shell-1234/chrome-headless-shell-linux64/locales/te_MASCULINE.pak
2026-10-08T22:02:31.4166017Z ../../../.cache/ms-playwright/chromium_headless_shell-1234/chrome-headless-shell-linux64/locales/nb_FEMININE.pak
2026-10-08T22:02:31.4167482Z ../../../.cache/ms-playwright/chromium_headless_shell-1234/chrome-headless-shell-linux64/locales/fi.pak
2026-10-08T22:02:31.4168889Z ../../../.cache/ms-playwright/chromium_headless_shell-1234/chrome-headless-shell-linux64/locales/pl.pak
2026-10-08T22:02:31.4178442Z ../../../.cache/ms-playwright/chromium_headless_shell-1234/chrome-headless-shell-linux64/locales/bg_FEMININE.pak
2026-10-08T22:02:31.4179952Z ../../../.cache/ms-playwright/chromium_headless_shell-1234/chrome-headless-shell-linux64/locales/vi.pak
2026-10-08T22:02:31.4187958Z ../../../.cache/ms-playwright/chromium_headless_shell-1234/chrome-headless-shell-linux64/locales/am_NEUTER.pak
2026-10-08T22:02:31.4189723Z ../../../.cache/ms-playwright/chromium_headless_shell-1234/chrome-headless-shell-linux64/locales/en-US_MASCULINE.pak
2026-10-08T22:02:31.4191306Z ../../../.cache/ms-playwright/chromium_headless_shell-1234/chrome-headless-shell-linux64/locales/ar_NEUTER.pak
2026-10-08T22:02:31.4192768Z ../../../.cache/ms-playwright/chromium_headless_shell-1234/chrome-headless-shell-linux64/locales/zh-CN.pak
2026-10-08T22:02:31.4200713Z ../../../.cache/ms-playwright/chromium_headless_shell-1234/chrome-headless-shell-linux64/locales/ml_NEUTER.pak
2026-10-08T22:02:31.4202295Z ../../../.cache/ms-playwright/chromium_headless_shell-1234/chrome-headless-shell-linux64/locales/sk_FEMININE.pak
2026-10-08T22:02:31.4203863Z ../../../.cache/ms-playwright/chromium_headless_shell-1234/chrome-headless-shell-linux64/locales/en-GB_FEMININE.pak
2026-10-08T22:02:31.4205579Z ../../../.cache/ms-playwright/chromium_headless_shell-1234/chrome-headless-shell-linux64/locales/et.pak
2026-10-08T22:02:31.4210713Z ../../../.cache/ms-playwright/chromium_headless_shell-1234/chrome-headless-shell-linux64/locales/ms_MASCULINE.pak
2026-10-08T22:02:31.4212283Z ../../../.cache/ms-playwright/chromium_headless_shell-1234/chrome-headless-shell-linux64/locales/pt-BR_NEUTER.pak
2026-10-08T22:02:31.4213760Z ../../../.cache/ms-playwright/chromium_headless_shell-1234/chrome-headless-shell-linux64/locales/mr.pak
2026-10-08T22:02:31.4226314Z ../../../.cache/ms-playwright/chromium_headless_shell-1234/chrome-headless-shell-linux64/locales/es-419_NEUTER.pak
2026-10-08T22:02:31.4227911Z ../../../.cache/ms-playwright/chromium_headless_shell-1234/chrome-headless-shell-linux64/locales/el_FEMININE.pak
2026-10-08T22:02:31.4229478Z ../../../.cache/ms-playwright/chromium_headless_shell-1234/chrome-headless-shell-linux64/locales/sk_MASCULINE.pak
2026-10-08T22:02:31.4230985Z ../../../.cache/ms-playwright/chromium_headless_shell-1234/chrome-headless-shell-linux64/locales/ro_FEMININE.pak
2026-10-08T22:02:31.4232832Z ../../../.cache/ms-playwright/chromium_headless_shell-1234/chrome-headless-shell-linux64/locales/fil_MASCULINE.pak
2026-10-08T22:02:31.4234513Z ../../../.cache/ms-playwright/chromium_headless_shell-1234/chrome-headless-shell-linux64/locales/pl_FEMININE.pak
2026-10-08T22:02:31.4236172Z ../../../.cache/ms-playwright/chromium_headless_shell-1234/chrome-headless-shell-linux64/locales/id.pak
2026-10-08T22:02:31.4237418Z ../../../.cache/ms-playwright/chromium_headless_shell-1234/chrome-headless-shell-linux64/locales/pt-PT_NEUTER.pak
2026-10-08T22:02:31.4238775Z ../../../.cache/ms-playwright/chromium_headless_shell-1234/chrome-headless-shell-linux64/locales/ru_NEUTER.pak
2026-10-08T22:02:31.4240219Z ../../../.cache/ms-playwright/chromium_headless_shell-1234/chrome-headless-shell-linux64/locales/ro_NEUTER.pak
2026-10-08T22:02:31.4241605Z ../../../.cache/ms-playwright/chromium_headless_shell-1234/chrome-headless-shell-linux64/locales/gu_MASCULINE.pak
2026-10-08T22:02:31.4242918Z ../../../.cache/ms-playwright/chromium_headless_shell-1234/chrome-headless-shell-linux64/locales/fa.pak
2026-10-08T22:02:31.4245635Z ../../../.cache/ms-playwright/chromium_headless_shell-1234/chrome-headless-shell-linux64/locales/ca_FEMININE.pak
2026-10-08T22:02:31.4247148Z ../../../.cache/ms-playwright/chromium_headless_shell-1234/chrome-headless-shell-linux64/locales/ur.pak
2026-10-08T22:02:31.4258101Z ../../../.cache/ms-playwright/chromium_headless_shell-1234/chrome-headless-shell-linux64/locales/ar_FEMININE.pak
2026-10-08T22:02:31.4259712Z ../../../.cache/ms-playwright/chromium_headless_shell-1234/chrome-headless-shell-linux64/locales/es_MASCULINE.pak
2026-10-08T22:02:31.4261279Z ../../../.cache/ms-playwright/chromium_headless_shell-1234/chrome-headless-shell-linux64/locales/hr_FEMININE.pak
2026-10-08T22:02:31.4262845Z ../../../.cache/ms-playwright/chromium_headless_shell-1234/chrome-headless-shell-linux64/locales/de_FEMININE.pak
2026-10-08T22:02:31.4264405Z ../../../.cache/ms-playwright/chromium_headless_shell-1234/chrome-headless-shell-linux64/locales/pl_MASCULINE.pak
2026-10-08T22:02:31.4266472Z ../../../.cache/ms-playwright/chromium_headless_shell-1234/chrome-headless-shell-linux64/locales/ta_MASCULINE.pak
2026-10-08T22:02:31.4267962Z ../../../.cache/ms-playwright/chromium_headless_shell-1234/chrome-headless-shell-linux64/locales/uk.pak
2026-10-08T22:02:31.4276190Z ../../../.cache/ms-playwright/chromium_headless_shell-1234/chrome-headless-shell-linux64/locales/gu_NEUTER.pak
2026-10-08T22:02:31.4277758Z ../../../.cache/ms-playwright/chromium_headless_shell-1234/chrome-headless-shell-linux64/locales/en-US_NEUTER.pak
2026-10-08T22:02:31.4279283Z ../../../.cache/ms-playwright/chromium_headless_shell-1234/chrome-headless-shell-linux64/locales/bg_NEUTER.pak
2026-10-08T22:02:31.4280796Z ../../../.cache/ms-playwright/chromium_headless_shell-1234/chrome-headless-shell-linux64/locales/ko_MASCULINE.pak
2026-10-08T22:02:31.4282355Z ../../../.cache/ms-playwright/chromium_headless_shell-1234/chrome-headless-shell-linux64/locales/zh-TW_MASCULINE.pak
2026-10-08T22:02:31.4283909Z ../../../.cache/ms-playwright/chromium_headless_shell-1234/chrome-headless-shell-linux64/locales/mr_FEMININE.pak
2026-10-08T22:02:31.4285691Z ../../../.cache/ms-playwright/chromium_headless_shell-1234/chrome-headless-shell-linux64/locales/pt-BR_MASCULINE.pak
2026-10-08T22:02:31.4287175Z ../../../.cache/ms-playwright/chromium_headless_shell-1234/chrome-headless-shell-linux64/locales/ms.pak
2026-10-08T22:02:31.4288630Z ../../../.cache/ms-playwright/chromium_headless_shell-1234/chrome-headless-shell-linux64/locales/sl_NEUTER.pak
2026-10-08T22:02:31.4290076Z ../../../.cache/ms-playwright/chromium_headless_shell-1234/chrome-headless-shell-linux64/locales/hr.pak
2026-10-08T22:02:31.4299047Z ../../../.cache/ms-playwright/chromium_headless_shell-1234/chrome-headless-shell-linux64/locales/mr_NEUTER.pak
2026-10-08T22:02:31.4300582Z ../../../.cache/ms-playwright/chromium_headless_shell-1234/chrome-headless-shell-linux64/locales/lv_NEUTER.pak
2026-10-08T22:02:31.4302231Z ../../../.cache/ms-playwright/chromium_headless_shell-1234/chrome-headless-shell-linux64/locales/fil.pak
2026-10-08T22:02:31.4309450Z ../../../.cache/ms-playwright/chromium_headless_shell-1234/chrome-headless-shell-linux64/locales/ur_MASCULINE.pak
2026-10-08T22:02:31.4310949Z ../../../.cache/ms-playwright/chromium_headless_shell-1234/chrome-headless-shell-linux64/locales/bn.pak
2026-10-08T22:02:31.4327084Z ../../../.cache/ms-playwright/chromium_headless_shell-1234/chrome-headless-shell-linux64/locales/ar.pak
2026-10-08T22:02:31.4340058Z ../../../.cache/ms-playwright/chromium_headless_shell-1234/chrome-headless-shell-linux64/locales/sr.pak
2026-10-08T22:02:31.4354126Z ../../../.cache/ms-playwright/chromium_headless_shell-1234/chrome-headless-shell-linux64/locales/hu_NEUTER.pak
2026-10-08T22:02:31.4355881Z ../../../.cache/ms-playwright/chromium_headless_shell-1234/chrome-headless-shell-linux64/locales/et_FEMININE.pak
2026-10-08T22:02:31.4357404Z ../../../.cache/ms-playwright/chromium_headless_shell-1234/chrome-headless-shell-linux64/locales/sr_NEUTER.pak
2026-10-08T22:02:31.4358853Z ../../../.cache/ms-playwright/chromium_headless_shell-1234/chrome-headless-shell-linux64/locales/hi.pak
2026-10-08T22:02:31.4371151Z ../../../.cache/ms-playwright/chromium_headless_shell-1234/chrome-headless-shell-linux64/locales/nl_FEMININE.pak
2026-10-08T22:02:31.4372662Z ../../../.cache/ms-playwright/chromium_headless_shell-1234/chrome-headless-shell-linux64/locales/ro.pak
2026-10-08T22:02:31.4381170Z ../../../.cache/ms-playwright/chromium_headless_shell-1234/chrome-headless-shell-linux64/locales/es_FEMININE.pak
2026-10-08T22:02:31.4382731Z ../../../.cache/ms-playwright/chromium_headless_shell-1234/chrome-headless-shell-linux64/locales/lv_FEMININE.pak
2026-10-08T22:02:31.4384085Z ../../../.cache/ms-playwright/chromium_headless_shell-1234/chrome-headless-shell-linux64/locales/nl_NEUTER.pak
2026-10-08T22:02:31.4385763Z ../../../.cache/ms-playwright/chromium_headless_shell-1234/chrome-headless-shell-linux64/locales/lt_NEUTER.pak
2026-10-08T22:02:31.4386638Z ../../../.cache/ms-playwright/chromium_headless_shell-1234/chrome-headless-shell-linux64/locales/zh-TW.pak
2026-10-08T22:02:31.4389761Z ../../../.cache/ms-playwright/chromium_headless_shell-1234/chrome-headless-shell-linux64/locales/el.pak
2026-10-08T22:02:31.4402516Z ../../../.cache/ms-playwright/chromium_headless_shell-1234/chrome-headless-shell-linux64/locales/es-419_MASCULINE.pak
2026-10-08T22:02:31.4403680Z ../../../.cache/ms-playwright/chromium_headless_shell-1234/chrome-headless-shell-linux64/locales/es_NEUTER.pak
2026-10-08T22:02:31.4404557Z ../../../.cache/ms-playwright/chromium_headless_shell-1234/chrome-headless-shell-linux64/locales/el_MASCULINE.pak
2026-10-08T22:02:31.4405615Z ../../../.cache/ms-playwright/chromium_headless_shell-1234/chrome-headless-shell-linux64/locales/it_MASCULINE.pak
2026-10-08T22:02:31.4406475Z ../../../.cache/ms-playwright/chromium_headless_shell-1234/chrome-headless-shell-linux64/locales/zh-TW_NEUTER.pak
2026-10-08T22:02:31.4407329Z ../../../.cache/ms-playwright/chromium_headless_shell-1234/chrome-headless-shell-linux64/locales/tr_MASCULINE.pak
2026-10-08T22:02:31.4408175Z ../../../.cache/ms-playwright/chromium_headless_shell-1234/chrome-headless-shell-linux64/locales/af_MASCULINE.pak
2026-10-08T22:02:31.4409016Z ../../../.cache/ms-playwright/chromium_headless_shell-1234/chrome-headless-shell-linux64/locales/sv_MASCULINE.pak
2026-10-08T22:02:31.4409821Z ../../../.cache/ms-playwright/chromium_headless_shell-1234/chrome-headless-shell-linux64/locales/de.pak
2026-10-08T22:02:31.4416232Z ../../../.cache/ms-playwright/chromium_headless_shell-1234/chrome-headless-shell-linux64/locales/it_NEUTER.pak
2026-10-08T22:02:31.4417399Z ../../../.cache/ms-playwright/chromium_headless_shell-1234/chrome-headless-shell-linux64/locales/kn_MASCULINE.pak
2026-10-08T22:02:31.4418257Z ../../../.cache/ms-playwright/chromium_headless_shell-1234/chrome-headless-shell-linux64/locales/fr_NEUTER.pak
2026-10-08T22:02:31.4419254Z ../../../.cache/ms-playwright/chromium_headless_shell-1234/chrome-headless-shell-linux64/locales/cs.pak
2026-10-08T22:02:31.4424003Z ../../../.cache/ms-playwright/chromium_headless_shell-1234/chrome-headless-shell-linux64/locales/fil_NEUTER.pak
2026-10-08T22:02:31.4425837Z ../../../.cache/ms-playwright/chromium_headless_shell-1234/chrome-headless-shell-linux64/locales/th_MASCULINE.pak
2026-10-08T22:02:31.4427783Z ../../../.cache/ms-playwright/chromium_headless_shell-1234/chrome-headless-shell-linux64/locales/de_NEUTER.pak
2026-10-08T22:02:31.4429328Z ../../../.cache/ms-playwright/chromium_headless_shell-1234/chrome-headless-shell-linux64/locales/nl_MASCULINE.pak
2026-10-08T22:02:31.4430790Z ../../../.cache/ms-playwright/chromium_headless_shell-1234/chrome-headless-shell-linux64/locales/hi_NEUTER.pak
2026-10-08T22:02:31.4432019Z ../../../.cache/ms-playwright/chromium_headless_shell-1234/chrome-headless-shell-linux64/locales/fr.pak
2026-10-08T22:02:31.4433389Z ../../../.cache/ms-playwright/chromium_headless_shell-1234/chrome-headless-shell-linux64/locales/en-GB_MASCULINE.pak
2026-10-08T22:02:31.4434721Z ../../../.cache/ms-playwright/chromium_headless_shell-1234/chrome-headless-shell-linux64/locales/nl.pak
2026-10-08T22:02:31.4440549Z ../../../.cache/ms-playwright/chromium_headless_shell-1234/chrome-headless-shell-linux64/locales/hi_FEMININE.pak
2026-10-08T22:02:31.4441567Z ../../../.cache/ms-playwright/chromium_headless_shell-1234/chrome-headless-shell-linux64/locales/ja_MASCULINE.pak
2026-10-08T22:02:31.4442468Z ../../../.cache/ms-playwright/chromium_headless_shell-1234/chrome-headless-shell-linux64/locales/da_MASCULINE.pak
2026-10-08T22:02:31.4443316Z ../../../.cache/ms-playwright/chromium_headless_shell-1234/chrome-headless-shell-linux64/locales/cs_MASCULINE.pak
2026-10-08T22:02:31.4444182Z ../../../.cache/ms-playwright/chromium_headless_shell-1234/chrome-headless-shell-linux64/locales/fi_MASCULINE.pak
2026-10-08T22:02:31.4445297Z ../../../.cache/ms-playwright/chromium_headless_shell-1234/chrome-headless-shell-linux64/locales/te.pak
2026-10-08T22:02:31.4453573Z ../../../.cache/ms-playwright/chromium_headless_shell-1234/chrome-headless-shell-linux64/locales/ja_NEUTER.pak
2026-10-08T22:02:31.4454560Z ../../../.cache/ms-playwright/chromium_headless_shell-1234/chrome-headless-shell-linux64/libEGL.so
2026-10-08T22:02:31.4458937Z ../../../.cache/ms-playwright/chromium_headless_shell-1234/INSTALLATION_COMPLETE
2026-10-08T22:02:31.4459887Z ../../../.cache/ms-playwright/chromium_headless_shell-1234/DEPENDENCIES_VALIDATED
2026-10-08T22:02:31.4460369Z ../../../.cache/ms-playwright/chromium-1234/
2026-10-08T22:02:31.4460799Z ../../../.cache/ms-playwright/chromium-1234/INSTALLATION_COMPLETE
2026-10-08T22:02:31.4461250Z ../../../.cache/ms-playwright/chromium-1234/chrome-linux64/
2026-10-08T22:02:31.4461756Z ../../../.cache/ms-playwright/chromium-1234/chrome-linux64/product_logo_48.png
2026-10-08T22:02:31.4462343Z ../../../.cache/ms-playwright/chromium-1234/chrome-linux64/v8_context_snapshot.bin
2026-10-08T22:02:31.4466734Z ../../../.cache/ms-playwright/chromium-1234/chrome-linux64/MEIPreload/
2026-10-08T22:02:31.4467654Z ../../../.cache/ms-playwright/chromium-1234/chrome-linux64/MEIPreload/manifest.json
2026-10-08T22:02:31.4468836Z ../../../.cache/ms-playwright/chromium-1234/chrome-linux64/MEIPreload/preloaded_data.pb
2026-10-08T22:02:31.4469488Z ../../../.cache/ms-playwright/chromium-1234/chrome-linux64/chrome_crashpad_handler
2026-10-08T22:02:31.4491904Z ../../../.cache/ms-playwright/chromium-1234/chrome-linux64/libvk_swiftshader.so
2026-10-08T22:02:31.4546039Z ../../../.cache/ms-playwright/chromium-1234/chrome-linux64/rpm.deps
2026-10-08T22:02:31.4547171Z ../../../.cache/ms-playwright/chromium-1234/chrome-linux64/chrome-wrapper
2026-10-08T22:02:31.4548317Z ../../../.cache/ms-playwright/chromium-1234/chrome-linux64/icudtl.dat
2026-10-08T22:02:31.4703620Z ../../../.cache/ms-playwright/chromium-1234/chrome-linux64/PrivacySandboxAttestationsPreloaded/
2026-10-08T22:02:31.4704736Z ../../../.cache/ms-playwright/chromium-1234/chrome-linux64/PrivacySandboxAttestationsPreloaded/manifest.json
2026-10-08T22:02:31.4706953Z ../../../.cache/ms-playwright/chromium-1234/chrome-linux64/PrivacySandboxAttestationsPreloaded/privacy-sandbox-attestations.dat
2026-10-08T22:02:31.4708089Z ../../../.cache/ms-playwright/chromium-1234/chrome-linux64/chrome_sandbox
2026-10-08T22:02:31.4709125Z ../../../.cache/ms-playwright/chromium-1234/chrome-linux64/libvulkan.so.1
2026-10-08T22:02:31.4713669Z ../../../.cache/ms-playwright/chromium-1234/chrome-linux64/resources.pak
2026-10-08T22:02:31.4842274Z ../../../.cache/ms-playwright/chromium-1234/chrome-linux64/ABOUT
2026-10-08T22:02:31.4843186Z ../../../.cache/ms-playwright/chromium-1234/chrome-linux64/chrome
2026-10-08T22:02:31.8770723Z ../../../.cache/ms-playwright/chromium-1234/chrome-linux64/vk_swiftshader_icd.json
2026-10-08T22:02:31.8772228Z ../../../.cache/ms-playwright/chromium-1234/chrome-linux64/chrome_200_percent.pak
2026-10-08T22:02:31.8776579Z ../../../.cache/ms-playwright/chromium-1234/chrome-linux64/libGLESv2.so
2026-10-08T22:02:31.8779894Z ../../../.cache/ms-playwright/chromium-1234/chrome-linux64/resources/
2026-10-08T22:02:31.8781693Z ../../../.cache/ms-playwright/chromium-1234/chrome-linux64/resources/accessibility/
2026-10-08T22:02:31.8783308Z ../../../.cache/ms-playwright/chromium-1234/chrome-linux64/resources/accessibility/reading_mode_gdocs_helper/
2026-10-08T22:02:31.8785569Z ../../../.cache/ms-playwright/chromium-1234/chrome-linux64/resources/accessibility/reading_mode_gdocs_helper/gdocs_script.js
2026-10-08T22:02:31.8786539Z ../../../.cache/ms-playwright/chromium-1234/chrome-linux64/resources/accessibility/reading_mode_gdocs_helper/content.js
2026-10-08T22:02:31.8787473Z ../../../.cache/ms-playwright/chromium-1234/chrome-linux64/resources/accessibility/reading_mode_gdocs_helper_manifest.json
2026-10-08T22:02:31.8788265Z ../../../.cache/ms-playwright/chromium-1234/chrome-linux64/resources/inspector_overlay/
2026-10-08T22:02:31.8789222Z ../../../.cache/ms-playwright/chromium-1234/chrome-linux64/resources/inspector_overlay/main.js
2026-10-08T22:02:31.8790775Z ../../../.cache/ms-playwright/chromium-1234/chrome-linux64/resources/inspector_overlay/inspector_overlay_resources.grd
2026-10-08T22:02:31.8792482Z ../../../.cache/ms-playwright/chromium-1234/chrome-linux64/deb.deps
2026-10-08T22:02:31.8793491Z ../../../.cache/ms-playwright/chromium-1234/chrome-linux64/WidevineCdm/
2026-10-08T22:02:31.8794600Z ../../../.cache/ms-playwright/chromium-1234/chrome-linux64/WidevineCdm/manifest.json
2026-10-08T22:02:31.8796063Z ../../../.cache/ms-playwright/chromium-1234/chrome-linux64/WidevineCdm/_platform_specific/
2026-10-08T22:02:31.8797456Z ../../../.cache/ms-playwright/chromium-1234/chrome-linux64/WidevineCdm/_platform_specific/linux_x64/
2026-10-08T22:02:31.8799098Z ../../../.cache/ms-playwright/chromium-1234/chrome-linux64/WidevineCdm/_platform_specific/linux_x64/libwidevinecdm.so
2026-10-08T22:02:31.8949977Z ../../../.cache/ms-playwright/chromium-1234/chrome-linux64/WidevineCdm/LICENSE
2026-10-08T22:02:31.8950867Z ../../../.cache/ms-playwright/chromium-1234/chrome-linux64/hyphen-data/
2026-10-08T22:02:31.8951507Z ../../../.cache/ms-playwright/chromium-1234/chrome-linux64/hyphen-data/manifest.json
2026-10-08T22:02:31.8952168Z ../../../.cache/ms-playwright/chromium-1234/chrome-linux64/hyphen-data/hyph-gu.hyb
2026-10-08T22:02:31.8952808Z ../../../.cache/ms-playwright/chromium-1234/chrome-linux64/hyphen-data/hyph-ga.hyb
2026-10-08T22:02:31.8953579Z ../../../.cache/ms-playwright/chromium-1234/chrome-linux64/hyphen-data/hyph-cy.hyb
2026-10-08T22:02:31.8954745Z ../../../.cache/ms-playwright/chromium-1234/chrome-linux64/hyphen-data/hyph-hi.hyb
2026-10-08T22:02:31.8956000Z ../../../.cache/ms-playwright/chromium-1234/chrome-linux64/hyphen-data/hyph-sq.hyb
2026-10-08T22:02:31.8956990Z ../../../.cache/ms-playwright/chromium-1234/chrome-linux64/hyphen-data/hyph-hu.hyb
2026-10-08T22:02:31.8957772Z ../../../.cache/ms-playwright/chromium-1234/chrome-linux64/hyphen-data/hyph-cs.hyb
2026-10-08T22:02:31.8959925Z ../../../.cache/ms-playwright/chromium-1234/chrome-linux64/hyphen-data/hyph-be.hyb
2026-10-08T22:02:31.8961037Z ../../../.cache/ms-playwright/chromium-1234/chrome-linux64/hyphen-data/hyph-lv.hyb
2026-10-08T22:02:31.8962443Z ../../../.cache/ms-playwright/chromium-1234/chrome-linux64/hyphen-data/hyph-mr.hyb
2026-10-08T22:02:31.8963320Z ../../../.cache/ms-playwright/chromium-1234/chrome-linux64/hyphen-data/hyph-ru.hyb
2026-10-08T22:02:31.8963964Z ../../../.cache/ms-playwright/chromium-1234/chrome-linux64/hyphen-data/hyph-en-us.hyb
2026-10-08T22:02:31.8964594Z ../../../.cache/ms-playwright/chromium-1234/chrome-linux64/hyphen-data/hyph-nb.hyb
2026-10-08T22:02:31.8965392Z ../../../.cache/ms-playwright/chromium-1234/chrome-linux64/hyphen-data/hyph-mn-cyrl.hyb
2026-10-08T22:02:31.8966027Z ../../../.cache/ms-playwright/chromium-1234/chrome-linux64/hyphen-data/hyph-sl.hyb
2026-10-08T22:02:31.8967475Z ../../../.cache/ms-playwright/chromium-1234/chrome-linux64/hyphen-data/hyph-cu.hyb
2026-10-08T22:02:31.8968408Z ../../../.cache/ms-playwright/chromium-1234/chrome-linux64/hyphen-data/hyph-sv.hyb
2026-10-08T22:02:31.8969469Z ../../../.cache/ms-playwright/chromium-1234/chrome-linux64/hyphen-data/hyph-fr.hyb
2026-10-08T22:02:31.8970776Z ../../../.cache/ms-playwright/chromium-1234/chrome-linux64/hyphen-data/hyph-uk.hyb
2026-10-08T22:02:31.8971884Z ../../../.cache/ms-playwright/chromium-1234/chrome-linux64/hyphen-data/hyph-und-ethi.hyb
2026-10-08T22:02:31.8972896Z ../../../.cache/ms-playwright/chromium-1234/chrome-linux64/hyphen-data/hyph-kn.hyb
2026-10-08T22:02:31.8973767Z ../../../.cache/ms-playwright/chromium-1234/chrome-linux64/hyphen-data/hyph-eu.hyb
2026-10-08T22:02:31.8974740Z ../../../.cache/ms-playwright/chromium-1234/chrome-linux64/hyphen-data/hyph-lt.hyb
2026-10-08T22:02:31.8976430Z ../../../.cache/ms-playwright/chromium-1234/chrome-linux64/hyphen-data/hyph-ml.hyb
2026-10-08T22:02:31.8977563Z ../../../.cache/ms-playwright/chromium-1234/chrome-linux64/hyphen-data/hyph-ka.hyb
2026-10-08T22:02:31.8978676Z ../../../.cache/ms-playwright/chromium-1234/chrome-linux64/hyphen-data/hyph-pt.hyb
2026-10-08T22:02:31.8979837Z ../../../.cache/ms-playwright/chromium-1234/chrome-linux64/hyphen-data/hyph-de-1996.hyb
2026-10-08T22:02:31.8981403Z ../../../.cache/ms-playwright/chromium-1234/chrome-linux64/hyphen-data/hyph-de-1901.hyb
2026-10-08T22:02:31.8982547Z ../../../.cache/ms-playwright/chromium-1234/chrome-linux64/hyphen-data/hyph-el.hyb
2026-10-08T22:02:31.8983212Z ../../../.cache/ms-playwright/chromium-1234/chrome-linux64/hyphen-data/hyph-en-gb.hyb
2026-10-08T22:02:31.8984154Z ../../../.cache/ms-playwright/chromium-1234/chrome-linux64/hyphen-data/hyph-tk.hyb
2026-10-08T22:02:31.8985249Z ../../../.cache/ms-playwright/chromium-1234/chrome-linux64/hyphen-data/hyph-de-ch-1901.hyb
2026-10-08T22:02:31.8986420Z ../../../.cache/ms-playwright/chromium-1234/chrome-linux64/hyphen-data/hyph-or.hyb
2026-10-08T22:02:31.8987044Z ../../../.cache/ms-playwright/chromium-1234/chrome-linux64/hyphen-data/hyph-hy.hyb
2026-10-08T22:02:31.8987680Z ../../../.cache/ms-playwright/chromium-1234/chrome-linux64/hyphen-data/hyph-mul-ethi.hyb
2026-10-08T22:02:31.8988589Z ../../../.cache/ms-playwright/chromium-1234/chrome-linux64/hyphen-data/hyph-gl.hyb
2026-10-08T22:02:31.8989366Z ../../../.cache/ms-playwright/chromium-1234/chrome-linux64/hyphen-data/hyph-hr.hyb
2026-10-08T22:02:31.8990325Z ../../../.cache/ms-playwright/chromium-1234/chrome-linux64/hyphen-data/hyph-nl.hyb
2026-10-08T22:02:31.8990923Z ../../../.cache/ms-playwright/chromium-1234/chrome-linux64/hyphen-data/hyph-ta.hyb
2026-10-08T22:02:31.8991863Z ../../../.cache/ms-playwright/chromium-1234/chrome-linux64/hyphen-data/hyph-as.hyb
2026-10-08T22:02:31.8992450Z ../../../.cache/ms-playwright/chromium-1234/chrome-linux64/hyphen-data/hyph-te.hyb
2026-10-08T22:02:31.8993381Z ../../../.cache/ms-playwright/chromium-1234/chrome-linux64/hyphen-data/hyph-et.hyb
2026-10-08T22:02:31.8994088Z ../../../.cache/ms-playwright/chromium-1234/chrome-linux64/hyphen-data/hyph-es.hyb
2026-10-08T22:02:31.8995400Z ../../../.cache/ms-playwright/chromium-1234/chrome-linux64/hyphen-data/hyph-it.hyb
2026-10-08T22:02:31.8996639Z ../../../.cache/ms-playwright/chromium-1234/chrome-linux64/hyphen-data/hyph-la.hyb
2026-10-08T22:02:31.8997709Z ../../../.cache/ms-playwright/chromium-1234/chrome-linux64/hyphen-data/hyph-bg.hyb
2026-10-08T22:02:31.8998672Z ../../../.cache/ms-playwright/chromium-1234/chrome-linux64/hyphen-data/hyph-nn.hyb
2026-10-08T22:02:31.8999288Z ../../../.cache/ms-playwright/chromium-1234/chrome-linux64/hyphen-data/hyph-pa.hyb
2026-10-08T22:02:31.9000168Z ../../../.cache/ms-playwright/chromium-1234/chrome-linux64/hyphen-data/hyph-bn.hyb
2026-10-08T22:02:31.9000769Z ../../../.cache/ms-playwright/chromium-1234/chrome-linux64/hyphen-data/hyph-da.hyb
2026-10-08T22:02:31.9001360Z ../../../.cache/ms-playwright/chromium-1234/chrome-linux64/hyphen-data/hyph-sk.hyb
2026-10-08T22:02:31.9001956Z ../../../.cache/ms-playwright/chromium-1234/chrome-linux64/hyphen-data/hyph-af.hyb
2026-10-08T22:02:31.9002491Z ../../../.cache/ms-playwright/chromium-1234/chrome-linux64/locales/
2026-10-08T22:02:31.9003227Z ../../../.cache/ms-playwright/chromium-1234/chrome-linux64/locales/th.pak
2026-10-08T22:02:31.9003959Z ../../../.cache/ms-playwright/chromium-1234/chrome-linux64/locales/ur_FEMININE.pak
2026-10-08T22:02:31.9005089Z ../../../.cache/ms-playwright/chromium-1234/chrome-linux64/locales/es.pak
2026-10-08T22:02:31.9006764Z ../../../.cache/ms-playwright/chromium-1234/chrome-linux64/locales/te_NEUTER.pak
2026-10-08T22:02:31.9007378Z ../../../.cache/ms-playwright/chromium-1234/chrome-linux64/locales/pt-PT.pak
2026-10-08T22:02:31.9018851Z ../../../.cache/ms-playwright/chromium-1234/chrome-linux64/locales/ca.pak
2026-10-08T22:02:31.9027021Z ../../../.cache/ms-playwright/chromium-1234/chrome-linux64/locales/gu_FEMININE.pak
2026-10-08T22:02:31.9027719Z ../../../.cache/ms-playwright/chromium-1234/chrome-linux64/locales/sw_MASCULINE.pak
2026-10-08T22:02:31.9028810Z ../../../.cache/ms-playwright/chromium-1234/chrome-linux64/locales/sl_MASCULINE.pak
2026-10-08T22:02:31.9029697Z ../../../.cache/ms-playwright/chromium-1234/chrome-linux64/locales/sr_MASCULINE.pak
2026-10-08T22:02:31.9030311Z ../../../.cache/ms-playwright/chromium-1234/chrome-linux64/locales/sv_FEMININE.pak
2026-10-08T22:02:31.9031051Z ../../../.cache/ms-playwright/chromium-1234/chrome-linux64/locales/sl.pak
2026-10-08T22:02:31.9039572Z ../../../.cache/ms-playwright/chromium-1234/chrome-linux64/locales/ru_MASCULINE.pak
2026-10-08T22:02:31.9040544Z ../../../.cache/ms-playwright/chromium-1234/chrome-linux64/locales/bn_FEMININE.pak
2026-10-08T22:02:31.9041293Z ../../../.cache/ms-playwright/chromium-1234/chrome-linux64/locales/nb_MASCULINE.pak
2026-10-08T22:02:31.9041922Z ../../../.cache/ms-playwright/chromium-1234/chrome-linux64/locales/fa_MASCULINE.pak
2026-10-08T22:02:31.9042549Z ../../../.cache/ms-playwright/chromium-1234/chrome-linux64/locales/pt-BR_FEMININE.pak
2026-10-08T22:02:31.9043169Z ../../../.cache/ms-playwright/chromium-1234/chrome-linux64/locales/af_NEUTER.pak
2026-10-08T22:02:31.9043771Z ../../../.cache/ms-playwright/chromium-1234/chrome-linux64/locales/ru_FEMININE.pak
2026-10-08T22:02:31.9044324Z ../../../.cache/ms-playwright/chromium-1234/chrome-linux64/locales/ja.pak
2026-10-08T22:02:31.9049751Z ../../../.cache/ms-playwright/chromium-1234/chrome-linux64/locales/es-419.pak
2026-10-08T22:02:31.9059612Z ../../../.cache/ms-playwright/chromium-1234/chrome-linux64/locales/pt-BR.pak
2026-10-08T22:02:31.9067376Z ../../../.cache/ms-playwright/chromium-1234/chrome-linux64/locales/id_MASCULINE.pak
2026-10-08T22:02:31.9068518Z ../../../.cache/ms-playwright/chromium-1234/chrome-linux64/locales/et_MASCULINE.pak
2026-10-08T22:02:31.9069630Z ../../../.cache/ms-playwright/chromium-1234/chrome-linux64/locales/zh-TW_FEMININE.pak
2026-10-08T22:02:31.9070714Z ../../../.cache/ms-playwright/chromium-1234/chrome-linux64/locales/uk_NEUTER.pak
2026-10-08T22:02:31.9071689Z ../../../.cache/ms-playwright/chromium-1234/chrome-linux64/locales/sv.pak
2026-10-08T22:02:31.9077911Z ../../../.cache/ms-playwright/chromium-1234/chrome-linux64/locales/sk_NEUTER.pak
2026-10-08T22:02:31.9079264Z ../../../.cache/ms-playwright/chromium-1234/chrome-linux64/locales/da_FEMININE.pak
2026-10-08T22:02:31.9080358Z ../../../.cache/ms-playwright/chromium-1234/chrome-linux64/locales/id_FEMININE.pak
2026-10-08T22:02:31.9081409Z ../../../.cache/ms-playwright/chromium-1234/chrome-linux64/locales/ur_NEUTER.pak
2026-10-08T22:02:31.9082483Z ../../../.cache/ms-playwright/chromium-1234/chrome-linux64/locales/ta_NEUTER.pak
2026-10-08T22:02:31.9083555Z ../../../.cache/ms-playwright/chromium-1234/chrome-linux64/locales/uk_FEMININE.pak
2026-10-08T22:02:31.9084642Z ../../../.cache/ms-playwright/chromium-1234/chrome-linux64/locales/en-US_FEMININE.pak
2026-10-08T22:02:31.9085894Z ../../../.cache/ms-playwright/chromium-1234/chrome-linux64/locales/ml.pak
2026-10-08T22:02:31.9100796Z ../../../.cache/ms-playwright/chromium-1234/chrome-linux64/locales/lv.pak
2026-10-08T22:02:31.9109480Z ../../../.cache/ms-playwright/chromium-1234/chrome-linux64/locales/ko_NEUTER.pak
2026-10-08T22:02:31.9110411Z ../../../.cache/ms-playwright/chromium-1234/chrome-linux64/locales/fa_NEUTER.pak
2026-10-08T22:02:31.9111099Z ../../../.cache/ms-playwright/chromium-1234/chrome-linux64/locales/sw.pak
2026-10-08T22:02:31.9119907Z ../../../.cache/ms-playwright/chromium-1234/chrome-linux64/locales/bn_MASCULINE.pak
2026-10-08T22:02:31.9121275Z ../../../.cache/ms-playwright/chromium-1234/chrome-linux64/locales/vi_FEMININE.pak
2026-10-08T22:02:31.9122559Z ../../../.cache/ms-playwright/chromium-1234/chrome-linux64/locales/hi_MASCULINE.pak
2026-10-08T22:02:31.9123878Z ../../../.cache/ms-playwright/chromium-1234/chrome-linux64/locales/hu_FEMININE.pak
2026-10-08T22:02:31.9125358Z ../../../.cache/ms-playwright/chromium-1234/chrome-linux64/locales/sw_NEUTER.pak
2026-10-08T22:02:31.9126654Z ../../../.cache/ms-playwright/chromium-1234/chrome-linux64/locales/te_FEMININE.pak
2026-10-08T22:02:31.9127902Z ../../../.cache/ms-playwright/chromium-1234/chrome-linux64/locales/id_NEUTER.pak
2026-10-08T22:02:31.9129211Z ../../../.cache/ms-playwright/chromium-1234/chrome-linux64/locales/pt-PT_MASCULINE.pak
2026-10-08T22:02:31.9130467Z ../../../.cache/ms-playwright/chromium-1234/chrome-linux64/locales/gu.pak
2026-10-08T22:02:31.9139472Z ../../../.cache/ms-playwright/chromium-1234/chrome-linux64/locales/fa_FEMININE.pak
2026-10-08T22:02:31.9140190Z ../../../.cache/ms-playwright/chromium-1234/chrome-linux64/locales/zh-CN_NEUTER.pak
2026-10-08T22:02:31.9140790Z ../../../.cache/ms-playwright/chromium-1234/chrome-linux64/locales/kn.pak
2026-10-08T22:02:31.9157360Z ../../../.cache/ms-playwright/chromium-1234/chrome-linux64/locales/kn_FEMININE.pak
2026-10-08T22:02:31.9157972Z ../../../.cache/ms-playwright/chromium-1234/chrome-linux64/locales/af.pak
2026-10-08T22:02:31.9163923Z ../../../.cache/ms-playwright/chromium-1234/chrome-linux64/locales/fi_FEMININE.pak
2026-10-08T22:02:31.9165175Z ../../../.cache/ms-playwright/chromium-1234/chrome-linux64/locales/ru.pak
2026-10-08T22:02:31.9177288Z ../../../.cache/ms-playwright/chromium-1234/chrome-linux64/locales/en-GB.pak
2026-10-08T22:02:31.9197386Z ../../../.cache/ms-playwright/chromium-1234/chrome-linux64/locales/am_MASCULINE.pak
2026-10-08T22:02:31.9198599Z ../../../.cache/ms-playwright/chromium-1234/chrome-linux64/locales/fr_FEMININE.pak
2026-10-08T22:02:31.9199282Z ../../../.cache/ms-playwright/chromium-1234/chrome-linux64/locales/lt_MASCULINE.pak
2026-10-08T22:02:31.9200296Z ../../../.cache/ms-playwright/chromium-1234/chrome-linux64/locales/ko.pak
2026-10-08T22:02:31.9200888Z ../../../.cache/ms-playwright/chromium-1234/chrome-linux64/locales/am_FEMININE.pak
2026-10-08T22:02:31.9201836Z ../../../.cache/ms-playwright/chromium-1234/chrome-linux64/locales/lt_FEMININE.pak
2026-10-08T22:02:31.9202459Z ../../../.cache/ms-playwright/chromium-1234/chrome-linux64/locales/sw_FEMININE.pak
2026-10-08T22:02:31.9203363Z ../../../.cache/ms-playwright/chromium-1234/chrome-linux64/locales/lt.pak
2026-10-08T22:02:31.9205654Z ../../../.cache/ms-playwright/chromium-1234/chrome-linux64/locales/af_FEMININE.pak
2026-10-08T22:02:31.9206953Z ../../../.cache/ms-playwright/chromium-1234/chrome-linux64/locales/hr_NEUTER.pak
2026-10-08T22:02:31.9207629Z ../../../.cache/ms-playwright/chromium-1234/chrome-linux64/locales/ta.pak
2026-10-08T22:02:31.9223887Z ../../../.cache/ms-playwright/chromium-1234/chrome-linux64/locales/hu_MASCULINE.pak
2026-10-08T22:02:31.9224541Z ../../../.cache/ms-playwright/chromium-1234/chrome-linux64/locales/vi_MASCULINE.pak
2026-10-08T22:02:31.9225287Z ../../../.cache/ms-playwright/chromium-1234/chrome-linux64/locales/tr.pak
2026-10-08T22:02:31.9232465Z ../../../.cache/ms-playwright/chromium-1234/chrome-linux64/locales/zh-CN_FEMININE.pak
2026-10-08T22:02:31.9233102Z ../../../.cache/ms-playwright/chromium-1234/chrome-linux64/locales/th_FEMININE.pak
2026-10-08T22:02:31.9233943Z ../../../.cache/ms-playwright/chromium-1234/chrome-linux64/locales/ca_NEUTER.pak
2026-10-08T22:02:31.9235957Z ../../../.cache/ms-playwright/chromium-1234/chrome-linux64/locales/kn_NEUTER.pak
2026-10-08T22:02:31.9236599Z ../../../.cache/ms-playwright/chromium-1234/chrome-linux64/locales/ko_FEMININE.pak
2026-10-08T22:02:31.9237187Z ../../../.cache/ms-playwright/chromium-1234/chrome-linux64/locales/tr_NEUTER.pak
2026-10-08T22:02:31.9238088Z ../../../.cache/ms-playwright/chromium-1234/chrome-linux64/locales/uk_MASCULINE.pak
2026-10-08T22:02:31.9239114Z ../../../.cache/ms-playwright/chromium-1234/chrome-linux64/locales/ja_FEMININE.pak
2026-10-08T22:02:31.9240147Z ../../../.cache/ms-playwright/chromium-1234/chrome-linux64/locales/da_NEUTER.pak
2026-10-08T22:02:31.9241087Z ../../../.cache/ms-playwright/chromium-1234/chrome-linux64/locales/fil_FEMININE.pak
2026-10-08T22:02:31.9242122Z ../../../.cache/ms-playwright/chromium-1234/chrome-linux64/locales/it.pak
2026-10-08T22:02:31.9242717Z ../../../.cache/ms-playwright/chromium-1234/chrome-linux64/locales/ml_FEMININE.pak
2026-10-08T22:02:31.9243777Z ../../../.cache/ms-playwright/chromium-1234/chrome-linux64/locales/sv_NEUTER.pak
2026-10-08T22:02:31.9244712Z ../../../.cache/ms-playwright/chromium-1234/chrome-linux64/locales/he.pak
2026-10-08T22:02:31.9253457Z ../../../.cache/ms-playwright/chromium-1234/chrome-linux64/locales/sk.pak
2026-10-08T22:02:31.9263802Z ../../../.cache/ms-playwright/chromium-1234/chrome-linux64/locales/en-GB_NEUTER.pak
2026-10-08T22:02:31.9264582Z ../../../.cache/ms-playwright/chromium-1234/chrome-linux64/locales/nb.pak
2026-10-08T22:02:31.9274040Z ../../../.cache/ms-playwright/chromium-1234/chrome-linux64/locales/ml_MASCULINE.pak
2026-10-08T22:02:31.9275170Z ../../../.cache/ms-playwright/chromium-1234/chrome-linux64/locales/sr_FEMININE.pak
2026-10-08T22:02:31.9275819Z ../../../.cache/ms-playwright/chromium-1234/chrome-linux64/locales/pt-PT_FEMININE.pak
2026-10-08T22:02:31.9276424Z ../../../.cache/ms-playwright/chromium-1234/chrome-linux64/locales/vi_NEUTER.pak
2026-10-08T22:02:31.9277007Z ../../../.cache/ms-playwright/chromium-1234/chrome-linux64/locales/el_NEUTER.pak
2026-10-08T22:02:31.9277606Z ../../../.cache/ms-playwright/chromium-1234/chrome-linux64/locales/it_FEMININE.pak
2026-10-08T22:02:31.9278221Z ../../../.cache/ms-playwright/chromium-1234/chrome-linux64/locales/mr_MASCULINE.pak
2026-10-08T22:02:31.9278856Z ../../../.cache/ms-playwright/chromium-1234/chrome-linux64/locales/bg_MASCULINE.pak
2026-10-08T22:02:31.9279445Z ../../../.cache/ms-playwright/chromium-1234/chrome-linux64/locales/bg.pak
2026-10-08T22:02:31.9286541Z ../../../.cache/ms-playwright/chromium-1234/chrome-linux64/locales/he_FEMININE.pak
2026-10-08T22:02:31.9287386Z ../../../.cache/ms-playwright/chromium-1234/chrome-linux64/locales/ca_MASCULINE.pak
2026-10-08T22:02:31.9288023Z ../../../.cache/ms-playwright/chromium-1234/chrome-linux64/locales/tr_FEMININE.pak
2026-10-08T22:02:31.9288626Z ../../../.cache/ms-playwright/chromium-1234/chrome-linux64/locales/th_NEUTER.pak
2026-10-08T22:02:31.9289237Z ../../../.cache/ms-playwright/chromium-1234/chrome-linux64/locales/sl_FEMININE.pak
2026-10-08T22:02:31.9289827Z ../../../.cache/ms-playwright/chromium-1234/chrome-linux64/locales/ms_NEUTER.pak
2026-10-08T22:02:31.9290578Z ../../../.cache/ms-playwright/chromium-1234/chrome-linux64/locales/bn_NEUTER.pak
2026-10-08T22:02:31.9291162Z ../../../.cache/ms-playwright/chromium-1234/chrome-linux64/locales/ro_MASCULINE.pak
2026-10-08T22:02:31.9291798Z ../../../.cache/ms-playwright/chromium-1234/chrome-linux64/locales/es-419_FEMININE.pak
2026-10-08T22:02:31.9292393Z ../../../.cache/ms-playwright/chromium-1234/chrome-linux64/locales/pl_NEUTER.pak
2026-10-08T22:02:31.9292988Z ../../../.cache/ms-playwright/chromium-1234/chrome-linux64/locales/zh-CN_MASCULINE.pak
2026-10-08T22:02:31.9293566Z ../../../.cache/ms-playwright/chromium-1234/chrome-linux64/locales/en-US.pak
2026-10-08T22:02:31.9298030Z ../../../.cache/ms-playwright/chromium-1234/chrome-linux64/locales/da.pak
2026-10-08T22:02:31.9303038Z ../../../.cache/ms-playwright/chromium-1234/chrome-linux64/locales/fi_NEUTER.pak
2026-10-08T22:02:31.9304640Z ../../../.cache/ms-playwright/chromium-1234/chrome-linux64/locales/cs_FEMININE.pak
2026-10-08T22:02:31.9305979Z ../../../.cache/ms-playwright/chromium-1234/chrome-linux64/locales/ms_FEMININE.pak
2026-10-08T22:02:31.9307065Z ../../../.cache/ms-playwright/chromium-1234/chrome-linux64/locales/et_NEUTER.pak
2026-10-08T22:02:31.9307973Z ../../../.cache/ms-playwright/chromium-1234/chrome-linux64/locales/nb_NEUTER.pak
2026-10-08T22:02:31.9308962Z ../../../.cache/ms-playwright/chromium-1234/chrome-linux64/locales/he_NEUTER.pak
2026-10-08T22:02:31.9309702Z ../../../.cache/ms-playwright/chromium-1234/chrome-linux64/locales/cs_NEUTER.pak
2026-10-08T22:02:31.9310412Z ../../../.cache/ms-playwright/chromium-1234/chrome-linux64/locales/lv_MASCULINE.pak
2026-10-08T22:02:31.9311205Z ../../../.cache/ms-playwright/chromium-1234/chrome-linux64/locales/hu.pak
2026-10-08T22:02:31.9314967Z ../../../.cache/ms-playwright/chromium-1234/chrome-linux64/locales/he_MASCULINE.pak
2026-10-08T22:02:31.9315845Z ../../../.cache/ms-playwright/chromium-1234/chrome-linux64/locales/am.pak
2026-10-08T22:02:31.9328880Z ../../../.cache/ms-playwright/chromium-1234/chrome-linux64/locales/hr_MASCULINE.pak
2026-10-08T22:02:31.9329622Z ../../../.cache/ms-playwright/chromium-1234/chrome-linux64/locales/de_MASCULINE.pak
2026-10-08T22:02:31.9330269Z ../../../.cache/ms-playwright/chromium-1234/chrome-linux64/locales/ar_MASCULINE.pak
2026-10-08T22:02:31.9331051Z ../../../.cache/ms-playwright/chromium-1234/chrome-linux64/locales/ta_FEMININE.pak
2026-10-08T22:02:31.9331674Z ../../../.cache/ms-playwright/chromium-1234/chrome-linux64/locales/fr_MASCULINE.pak
2026-10-08T22:02:31.9332271Z ../../../.cache/ms-playwright/chromium-1234/chrome-linux64/locales/te_MASCULINE.pak
2026-10-08T22:02:31.9332857Z ../../../.cache/ms-playwright/chromium-1234/chrome-linux64/locales/nb_FEMININE.pak
2026-10-08T22:02:31.9333413Z ../../../.cache/ms-playwright/chromium-1234/chrome-linux64/locales/fi.pak
2026-10-08T22:02:31.9337626Z ../../../.cache/ms-playwright/chromium-1234/chrome-linux64/locales/pl.pak
2026-10-08T22:02:31.9345966Z ../../../.cache/ms-playwright/chromium-1234/chrome-linux64/locales/bg_FEMININE.pak
2026-10-08T22:02:31.9346585Z ../../../.cache/ms-playwright/chromium-1234/chrome-linux64/locales/vi.pak
2026-10-08T22:02:31.9357638Z ../../../.cache/ms-playwright/chromium-1234/chrome-linux64/locales/am_NEUTER.pak
2026-10-08T22:02:31.9358305Z ../../../.cache/ms-playwright/chromium-1234/chrome-linux64/locales/en-US_MASCULINE.pak
2026-10-08T22:02:31.9358922Z ../../../.cache/ms-playwright/chromium-1234/chrome-linux64/locales/ar_NEUTER.pak
2026-10-08T22:02:31.9359694Z ../../../.cache/ms-playwright/chromium-1234/chrome-linux64/locales/zh-CN.pak
2026-10-08T22:02:31.9365825Z ../../../.cache/ms-playwright/chromium-1234/chrome-linux64/locales/ml_NEUTER.pak
2026-10-08T22:02:31.9366975Z ../../../.cache/ms-playwright/chromium-1234/chrome-linux64/locales/sk_FEMININE.pak
2026-10-08T22:02:31.9368095Z ../../../.cache/ms-playwright/chromium-1234/chrome-linux64/locales/en-GB_FEMININE.pak
2026-10-08T22:02:31.9369103Z ../../../.cache/ms-playwright/chromium-1234/chrome-linux64/locales/et.pak
2026-10-08T22:02:31.9376227Z ../../../.cache/ms-playwright/chromium-1234/chrome-linux64/locales/ms_MASCULINE.pak
2026-10-08T22:02:31.9377274Z ../../../.cache/ms-playwright/chromium-1234/chrome-linux64/locales/pt-BR_NEUTER.pak
2026-10-08T22:02:31.9378144Z ../../../.cache/ms-playwright/chromium-1234/chrome-linux64/locales/mr.pak
2026-10-08T22:02:31.9390976Z ../../../.cache/ms-playwright/chromium-1234/chrome-linux64/locales/es-419_NEUTER.pak
2026-10-08T22:02:31.9391617Z ../../../.cache/ms-playwright/chromium-1234/chrome-linux64/locales/el_FEMININE.pak
2026-10-08T22:02:31.9392694Z ../../../.cache/ms-playwright/chromium-1234/chrome-linux64/locales/sk_MASCULINE.pak
2026-10-08T22:02:31.9393342Z ../../../.cache/ms-playwright/chromium-1234/chrome-linux64/locales/ro_FEMININE.pak
2026-10-08T22:02:31.9394150Z ../../../.cache/ms-playwright/chromium-1234/chrome-linux64/locales/fil_MASCULINE.pak
2026-10-08T22:02:31.9395434Z ../../../.cache/ms-playwright/chromium-1234/chrome-linux64/locales/pl_FEMININE.pak
2026-10-08T22:02:31.9396036Z ../../../.cache/ms-playwright/chromium-1234/chrome-linux64/locales/id.pak
2026-10-08T22:02:31.9400467Z ../../../.cache/ms-playwright/chromium-1234/chrome-linux64/locales/pt-PT_NEUTER.pak
2026-10-08T22:02:31.9402356Z ../../../.cache/ms-playwright/chromium-1234/chrome-linux64/locales/ru_NEUTER.pak
2026-10-08T22:02:31.9403419Z ../../../.cache/ms-playwright/chromium-1234/chrome-linux64/locales/ro_NEUTER.pak
2026-10-08T22:02:31.9404482Z ../../../.cache/ms-playwright/chromium-1234/chrome-linux64/locales/gu_MASCULINE.pak
2026-10-08T22:02:31.9405667Z ../../../.cache/ms-playwright/chromium-1234/chrome-linux64/locales/fa.pak
2026-10-08T22:02:31.9415407Z ../../../.cache/ms-playwright/chromium-1234/chrome-linux64/locales/ca_FEMININE.pak
2026-10-08T22:02:31.9416491Z ../../../.cache/ms-playwright/chromium-1234/chrome-linux64/locales/ur.pak
2026-10-08T22:02:31.9427608Z ../../../.cache/ms-playwright/chromium-1234/chrome-linux64/locales/ar_FEMININE.pak
2026-10-08T22:02:31.9428364Z ../../../.cache/ms-playwright/chromium-1234/chrome-linux64/locales/es_MASCULINE.pak
2026-10-08T22:02:31.9429447Z ../../../.cache/ms-playwright/chromium-1234/chrome-linux64/locales/hr_FEMININE.pak
2026-10-08T22:02:31.9430078Z ../../../.cache/ms-playwright/chromium-1234/chrome-linux64/locales/de_FEMININE.pak
2026-10-08T22:02:31.9431240Z ../../../.cache/ms-playwright/chromium-1234/chrome-linux64/locales/pl_MASCULINE.pak
2026-10-08T22:02:31.9432146Z ../../../.cache/ms-playwright/chromium-1234/chrome-linux64/locales/ta_MASCULINE.pak
2026-10-08T22:02:31.9433136Z ../../../.cache/ms-playwright/chromium-1234/chrome-linux64/locales/uk.pak
2026-10-08T22:02:31.9439996Z ../../../.cache/ms-playwright/chromium-1234/chrome-linux64/locales/gu_NEUTER.pak
2026-10-08T22:02:31.9441072Z ../../../.cache/ms-playwright/chromium-1234/chrome-linux64/locales/en-US_NEUTER.pak
2026-10-08T22:02:31.9441751Z ../../../.cache/ms-playwright/chromium-1234/chrome-linux64/locales/bg_NEUTER.pak
2026-10-08T22:02:31.9442351Z ../../../.cache/ms-playwright/chromium-1234/chrome-linux64/locales/ko_MASCULINE.pak
2026-10-08T22:02:31.9442974Z ../../../.cache/ms-playwright/chromium-1234/chrome-linux64/locales/zh-TW_MASCULINE.pak
2026-10-08T22:02:31.9443599Z ../../../.cache/ms-playwright/chromium-1234/chrome-linux64/locales/mr_FEMININE.pak
2026-10-08T22:02:31.9444210Z ../../../.cache/ms-playwright/chromium-1234/chrome-linux64/locales/pt-BR_MASCULINE.pak
2026-10-08T22:02:31.9444778Z ../../../.cache/ms-playwright/chromium-1234/chrome-linux64/locales/ms.pak
2026-10-08T22:02:31.9450102Z ../../../.cache/ms-playwright/chromium-1234/chrome-linux64/locales/sl_NEUTER.pak
2026-10-08T22:02:31.9450702Z ../../../.cache/ms-playwright/chromium-1234/chrome-linux64/locales/hr.pak
2026-10-08T22:02:31.9462708Z ../../../.cache/ms-playwright/chromium-1234/chrome-linux64/locales/mr_NEUTER.pak
2026-10-08T22:02:31.9463793Z ../../../.cache/ms-playwright/chromium-1234/chrome-linux64/locales/lv_NEUTER.pak
2026-10-08T22:02:31.9464789Z ../../../.cache/ms-playwright/chromium-1234/chrome-linux64/locales/fil.pak
2026-10-08T22:02:31.9470605Z ../../../.cache/ms-playwright/chromium-1234/chrome-linux64/locales/ur_MASCULINE.pak
2026-10-08T22:02:31.9471831Z ../../../.cache/ms-playwright/chromium-1234/chrome-linux64/locales/bn.pak
2026-10-08T22:02:31.9486196Z ../../../.cache/ms-playwright/chromium-1234/chrome-linux64/locales/ar.pak
2026-10-08T22:02:31.9499765Z ../../../.cache/ms-playwright/chromium-1234/chrome-linux64/locales/sr.pak
2026-10-08T22:02:31.9511995Z ../../../.cache/ms-playwright/chromium-1234/chrome-linux64/locales/hu_NEUTER.pak
2026-10-08T22:02:31.9513140Z ../../../.cache/ms-playwright/chromium-1234/chrome-linux64/locales/et_FEMININE.pak
2026-10-08T22:02:31.9514139Z ../../../.cache/ms-playwright/chromium-1234/chrome-linux64/locales/sr_NEUTER.pak
2026-10-08T22:02:31.9514709Z ../../../.cache/ms-playwright/chromium-1234/chrome-linux64/locales/hi.pak
2026-10-08T22:02:31.9527163Z ../../../.cache/ms-playwright/chromium-1234/chrome-linux64/locales/nl_FEMININE.pak
2026-10-08T22:02:31.9528232Z ../../../.cache/ms-playwright/chromium-1234/chrome-linux64/locales/ro.pak
2026-10-08T22:02:31.9537971Z ../../../.cache/ms-playwright/chromium-1234/chrome-linux64/locales/es_FEMININE.pak
2026-10-08T22:02:31.9538852Z ../../../.cache/ms-playwright/chromium-1234/chrome-linux64/locales/lv_FEMININE.pak
2026-10-08T22:02:31.9539796Z ../../../.cache/ms-playwright/chromium-1234/chrome-linux64/locales/nl_NEUTER.pak
2026-10-08T22:02:31.9540607Z ../../../.cache/ms-playwright/chromium-1234/chrome-linux64/locales/lt_NEUTER.pak
2026-10-08T22:02:31.9541272Z ../../../.cache/ms-playwright/chromium-1234/chrome-linux64/locales/zh-TW.pak
2026-10-08T22:02:31.9545626Z ../../../.cache/ms-playwright/chromium-1234/chrome-linux64/locales/el.pak
2026-10-08T22:02:31.9564735Z ../../../.cache/ms-playwright/chromium-1234/chrome-linux64/locales/es-419_MASCULINE.pak
2026-10-08T22:02:31.9565701Z ../../../.cache/ms-playwright/chromium-1234/chrome-linux64/locales/es_NEUTER.pak
2026-10-08T22:02:31.9566324Z ../../../.cache/ms-playwright/chromium-1234/chrome-linux64/locales/el_MASCULINE.pak
2026-10-08T22:02:31.9567416Z ../../../.cache/ms-playwright/chromium-1234/chrome-linux64/locales/it_MASCULINE.pak
2026-10-08T22:02:31.9568056Z ../../../.cache/ms-playwright/chromium-1234/chrome-linux64/locales/zh-TW_NEUTER.pak
2026-10-08T22:02:31.9569262Z ../../../.cache/ms-playwright/chromium-1234/chrome-linux64/locales/tr_MASCULINE.pak
2026-10-08T22:02:31.9570388Z ../../../.cache/ms-playwright/chromium-1234/chrome-linux64/locales/af_MASCULINE.pak
2026-10-08T22:02:31.9571582Z ../../../.cache/ms-playwright/chromium-1234/chrome-linux64/locales/sv_MASCULINE.pak
2026-10-08T22:02:31.9572150Z ../../../.cache/ms-playwright/chromium-1234/chrome-linux64/locales/de.pak
2026-10-08T22:02:31.9574731Z ../../../.cache/ms-playwright/chromium-1234/chrome-linux64/locales/it_NEUTER.pak
2026-10-08T22:02:31.9576166Z ../../../.cache/ms-playwright/chromium-1234/chrome-linux64/locales/kn_MASCULINE.pak
2026-10-08T22:02:31.9577290Z ../../../.cache/ms-playwright/chromium-1234/chrome-linux64/locales/fr_NEUTER.pak
2026-10-08T22:02:31.9578345Z ../../../.cache/ms-playwright/chromium-1234/chrome-linux64/locales/cs.pak
2026-10-08T22:02:31.9591960Z ../../../.cache/ms-playwright/chromium-1234/chrome-linux64/locales/fil_NEUTER.pak
2026-10-08T22:02:31.9592637Z ../../../.cache/ms-playwright/chromium-1234/chrome-linux64/locales/th_MASCULINE.pak
2026-10-08T22:02:31.9593516Z ../../../.cache/ms-playwright/chromium-1234/chrome-linux64/locales/de_NEUTER.pak
2026-10-08T22:02:31.9594121Z ../../../.cache/ms-playwright/chromium-1234/chrome-linux64/locales/nl_MASCULINE.pak
2026-10-08T22:02:31.9594729Z ../../../.cache/ms-playwright/chromium-1234/chrome-linux64/locales/hi_NEUTER.pak
2026-10-08T22:02:31.9595489Z ../../../.cache/ms-playwright/chromium-1234/chrome-linux64/locales/fr.pak
2026-10-08T22:02:31.9599950Z ../../../.cache/ms-playwright/chromium-1234/chrome-linux64/locales/en-GB_MASCULINE.pak
2026-10-08T22:02:31.9600985Z ../../../.cache/ms-playwright/chromium-1234/chrome-linux64/locales/nl.pak
2026-10-08T22:02:31.9606886Z ../../../.cache/ms-playwright/chromium-1234/chrome-linux64/locales/hi_FEMININE.pak
2026-10-08T22:02:31.9608335Z ../../../.cache/ms-playwright/chromium-1234/chrome-linux64/locales/ja_MASCULINE.pak
2026-10-08T22:02:31.9609160Z ../../../.cache/ms-playwright/chromium-1234/chrome-linux64/locales/da_MASCULINE.pak
2026-10-08T22:02:31.9609786Z ../../../.cache/ms-playwright/chromium-1234/chrome-linux64/locales/cs_MASCULINE.pak
2026-10-08T22:02:31.9610902Z ../../../.cache/ms-playwright/chromium-1234/chrome-linux64/locales/fi_MASCULINE.pak
2026-10-08T22:02:31.9611646Z ../../../.cache/ms-playwright/chromium-1234/chrome-linux64/locales/te.pak
2026-10-08T22:02:31.9623898Z ../../../.cache/ms-playwright/chromium-1234/chrome-linux64/locales/ja_NEUTER.pak
2026-10-08T22:02:31.9625095Z ../../../.cache/ms-playwright/chromium-1234/chrome-linux64/chrome_100_percent.pak
2026-10-08T22:02:31.9627462Z ../../../.cache/ms-playwright/chromium-1234/chrome-linux64/libEGL.so
2026-10-08T22:02:31.9630403Z ../../../.cache/ms-playwright/chromium-1234/DEPENDENCIES_VALIDATED
2026-10-08T22:02:31.9631359Z ../../../.cache/ms-playwright/.links/
2026-10-08T22:02:31.9632313Z ../../../.cache/ms-playwright/.links/d2e9fc54dd01f327bae243a73975de34f5506db3
2026-10-08T22:02:31.9632976Z ../../../.npm/
2026-10-08T22:02:31.9633335Z ../../../.npm/_cacache/
2026-10-08T22:02:31.9633755Z ../../../.npm/_cacache/tmp/
2026-10-08T22:02:31.9634229Z ../../../.npm/_cacache/content-v2/
2026-10-08T22:02:31.9635008Z ../../../.npm/_cacache/content-v2/sha512/
2026-10-08T22:02:31.9635735Z ../../../.npm/_cacache/content-v2/sha512/eb/
2026-10-08T22:02:31.9636428Z ../../../.npm/_cacache/content-v2/sha512/eb/f6/
2026-10-08T22:02:31.9638277Z ../../../.npm/_cacache/content-v2/sha512/eb/f6/f90498c6ea10da44db60ccb21f2abe437f0ca22c73b8f81c932c1d1c26059233c2e5ecaaad75b9484ba6c4930485eb8dbf131f75bcda8897718b5c695c7a
2026-10-08T22:02:31.9639848Z ../../../.npm/_cacache/content-v2/sha512/f7/
2026-10-08T22:02:31.9640545Z ../../../.npm/_cacache/content-v2/sha512/f7/33/
2026-10-08T22:02:31.9642286Z ../../../.npm/_cacache/content-v2/sha512/f7/33/89e9941101e9dadf5329387f554b3233f0ebb7609ff0b58fde426e53dae85f846eff53708eacc4bcc4eb54ad9ae9f4e81d9b3127218383c9ede763556acc
2026-10-08T22:02:31.9643447Z ../../../.npm/_cacache/content-v2/sha512/9e/
2026-10-08T22:02:31.9643980Z ../../../.npm/_cacache/content-v2/sha512/9e/c3/
2026-10-08T22:02:31.9646066Z ../../../.npm/_cacache/content-v2/sha512/9e/c3/51caad2bdb3b06f007111d692773d4110395c2b9e0bb81632bb3e1b1dad9599fd85c97ccee75f874d258493d8d4313b36667a6c3b13f60db27b2f265e58c
2026-10-08T22:02:31.9650308Z ../../../.npm/_cacache/content-v2/sha512/5e/
2026-10-08T22:02:31.9650978Z ../../../.npm/_cacache/content-v2/sha512/5e/6e/
2026-10-08T22:02:31.9653416Z ../../../.npm/_cacache/content-v2/sha512/5e/6e/dba515e70d25f6604d9815f064d859c5d1ea7ab661bbc4f87c88779ef0c21cae0abbeb636471ef39e9d62d2582e4b88a1866f19f4ecfcf6d986275e4dc12
2026-10-08T22:02:31.9655130Z ../../../.npm/_cacache/content-v2/sha512/67/
2026-10-08T22:02:31.9655889Z ../../../.npm/_cacache/content-v2/sha512/67/5e/
2026-10-08T22:02:31.9657379Z ../../../.npm/_cacache/content-v2/sha512/67/5e/1d1b7d3976068bbba7e80754d741a805896f097d250851a52e3da290e8db413ca1753ffa9772a7e1e9ce8afe270fa9dcb7ec99a36e20577fa24d83a4b297
2026-10-08T22:02:31.9658773Z ../../../.npm/_cacache/index-v5/
2026-10-08T22:02:31.9659090Z ../../../.npm/_cacache/index-v5/ba/
2026-10-08T22:02:31.9659455Z ../../../.npm/_cacache/index-v5/ba/a7/
2026-10-08T22:02:31.9660006Z ../../../.npm/_cacache/index-v5/ba/a7/7433b88ce6abd01175a353478cee90b80578dc5ee509a03e935b93c11fd9
2026-10-08T22:02:31.9660831Z ../../../.npm/_cacache/index-v5/f7/
2026-10-08T22:02:31.9661203Z ../../../.npm/_cacache/index-v5/f7/e0/
2026-10-08T22:02:31.9661800Z ../../../.npm/_cacache/index-v5/f7/e0/43d80404ad489768dd8284a1b9b3b1663724dfec3ae72d43d7be32aaedcb
2026-10-08T22:02:31.9662353Z ../../../.npm/_cacache/index-v5/8c/
2026-10-08T22:02:31.9662677Z ../../../.npm/_cacache/index-v5/8c/18/
2026-10-08T22:02:31.9663215Z ../../../.npm/_cacache/index-v5/8c/18/7d0d7bef24b48665976ae948cf346912da0c54405a5a9c43e0043f74ff81
2026-10-08T22:02:31.9663767Z ../../../.npm/_cacache/index-v5/c9/
2026-10-08T22:02:31.9664353Z ../../../.npm/_cacache/index-v5/c9/3a/
2026-10-08T22:02:31.9665225Z ../../../.npm/_cacache/index-v5/c9/3a/a3246c3fecc9994ec9693b81c553a4b5b6ae3041485042e095d45a12fc25
2026-10-08T22:02:31.9665747Z ../../../.npm/_cacache/index-v5/bf/
2026-10-08T22:02:31.9666060Z ../../../.npm/_cacache/index-v5/bf/7f/
2026-10-08T22:02:31.9666626Z ../../../.npm/_cacache/index-v5/bf/7f/ea97e7dba47211746ae8f3bbab912fda350142444f41ed61f89fc9df914f
2026-10-08T22:02:31.9667087Z ../../../.npm/_logs/
2026-10-08T22:02:31.9667452Z ../../../.npm/_logs/2026-10-08T22_01_40_081Z-debug-0.log
2026-10-08T22:02:31.9674380Z ##[debug]File Size: 350234877
2026-10-08T22:02:31.9674794Z ##[debug]Reserving Cache
2026-10-08T22:02:31.9684925Z ##[debug][Request] CreateCacheEntry https://results-receiver.actions.githubusercontent.com/twirp/github.actions.results.api.v1.CacheService/CreateCacheEntry
2026-10-08T22:02:32.0350394Z ##[debug][Response] - 200
2026-10-08T22:02:32.0352161Z ##[debug]Headers: {
2026-10-08T22:02:32.0352560Z ##[debug]  "content-length": "435",
2026-10-08T22:02:32.0353062Z ##[debug]  "content-type": "application/json",
2026-10-08T22:02:32.0353653Z ##[debug]  "date": "Thu, 08 Oct 2026 22:02:32 GMT",
2026-10-08T22:02:32.0354433Z ##[debug]  "x-github-backend": "Kubernetes",
2026-10-08T22:02:32.0355432Z ##[debug]  "x-github-request-id": "D018:28315A:21F4F1:24FAE8:6AC812F7",
2026-10-08T22:02:32.0356048Z ##[debug]  "x-github-edge-region": "iad",
2026-10-08T22:02:32.0356361Z ##[debug]  "server": "github.com"
2026-10-08T22:02:32.0356624Z ##[debug]}
2026-10-08T22:02:32.0357267Z ::add-mask::***
2026-10-08T22:02:32.0358948Z ::add-mask::***
2026-10-08T22:02:32.0359693Z ##[debug]Body: {
2026-10-08T22:02:32.0359926Z ##[debug]  "ok": true,
2026-10-08T22:02:32.0362268Z ##[debug]  "signed_upload_url": "https://productionresultssa8.blob.core.windows.net/actions-cache/bef-8702589713?se=2026-10-08T23%3A02%3A32Z&sig=***&ske=2026-10-09T01%3A21%3A05Z&skoid=ca7593d4-ee42-46cd-af88-8b886a2f84eb&sks=b&skt=2026-10-08T21%3A21%3A05Z&sktid=398a6654-997b-47e9-b12b-9515b896b4de&skv=2025-11-05&sp=cw&spr=https&sr=b&st=2026-10-08T22%3A02%3A27Z&sv=2025-11-05",
2026-10-08T22:02:32.0364305Z ##[debug]  "message": ""
2026-10-08T22:02:32.0364537Z ##[debug]}
2026-10-08T22:02:32.0365639Z ##[debug]Attempting to upload cache located at: /home/runner/work/_temp/76c829f0-25eb-49b1-9d04-bbf7e7753a52/cache.tzst
2026-10-08T22:02:32.0366327Z ##[debug]Use Azure SDK: true
2026-10-08T22:02:32.0366712Z ##[debug]Upload concurrency: 8
2026-10-08T22:02:32.0367097Z ##[debug]Upload chunk size: 67108864
2026-10-08T22:02:32.0393317Z ##[debug]BlobClient: bef-8702589713:productionresultssa8:actions-cache
2026-10-08T22:02:33.0426986Z Sent 14690557 of 350234877 (4.2%), 14.0 MBs/sec
2026-10-08T22:02:33.4951563Z Sent 350234877 of 350234877 (100.0%), 229.6 MBs/sec
2026-10-08T22:02:33.4961204Z ##[debug][Request] FinalizeCacheEntryUpload https://results-receiver.actions.githubusercontent.com/twirp/github.actions.results.api.v1.CacheService/FinalizeCacheEntryUpload
2026-10-08T22:02:33.5948565Z ##[debug][Response] - 200
2026-10-08T22:02:33.5949286Z ##[debug]Headers: {
2026-10-08T22:02:33.5949551Z ##[debug]  "content-length": "48",
2026-10-08T22:02:33.5949880Z ##[debug]  "content-type": "application/json",
2026-10-08T22:02:33.5950292Z ##[debug]  "date": "Thu, 08 Oct 2026 22:02:33 GMT",
2026-10-08T22:02:33.5950669Z ##[debug]  "x-github-backend": "Kubernetes",
2026-10-08T22:02:33.5951112Z ##[debug]  "x-github-request-id": "D01A:1AF2C1:21E689:24EE15:6AC812F9",
2026-10-08T22:02:33.5951564Z ##[debug]  "x-github-edge-region": "iad",
2026-10-08T22:02:33.5951906Z ##[debug]  "server": "github.com"
2026-10-08T22:02:33.5952194Z ##[debug]}
2026-10-08T22:02:33.5952595Z ##[debug]Body: {
2026-10-08T22:02:33.5952839Z ##[debug]  "ok": true,
2026-10-08T22:02:33.5953102Z ##[debug]  "entry_id": "8702589713",
2026-10-08T22:02:33.5953406Z ##[debug]  "message": ""
2026-10-08T22:02:33.5953671Z ##[debug]}
2026-10-08T22:02:33.5955598Z ##[debug]FinalizeCacheEntryUploadResponse: true
2026-10-08T22:02:33.6216840Z Cache saved with key: conduit-acquisition-v1-linux-x64-ubuntu24-20261004.327.1-browser-80f661acefe91207edd1a22248d9fb65d0780377797856de876fafe2abef152d
2026-10-08T22:02:33.6294214Z ##[debug]Node Action run completed with exit code 0
2026-10-08T22:02:33.6297580Z ##[debug]Finishing: Run actions/cache/save@v6.1.0
2026-10-08T22:02:33.6305447Z ##[debug]Evaluating condition for step: 'Retain acquisition measurements'
2026-10-08T22:02:33.6307996Z ##[debug]Evaluating: always()
2026-10-08T22:02:33.6308368Z ##[debug]Evaluating always:
2026-10-08T22:02:33.6309260Z ##[debug]=> true
2026-10-08T22:02:33.6309660Z ##[debug]Result: true
2026-10-08T22:02:33.6310235Z ##[debug]Starting: Retain acquisition measurements
2026-10-08T22:02:33.6337862Z ##[debug]Loading inputs
2026-10-08T22:02:33.6339364Z ##[debug]Evaluating: format('acquisition-{0}', matrix.id)
2026-10-08T22:02:33.6339713Z ##[debug]Evaluating format:
2026-10-08T22:02:33.6339973Z ##[debug]..Evaluating String:
2026-10-08T22:02:33.6340234Z ##[debug]..=> 'acquisition-{0}'
2026-10-08T22:02:33.6340614Z ##[debug]..Evaluating Index:
2026-10-08T22:02:33.6340890Z ##[debug]....Evaluating matrix:
2026-10-08T22:02:33.6341151Z ##[debug]....=> Object
2026-10-08T22:02:33.6341407Z ##[debug]....Evaluating String:
2026-10-08T22:02:33.6341651Z ##[debug]....=> 'id'
2026-10-08T22:02:33.6341925Z ##[debug]..=> 'browser'
2026-10-08T22:02:33.6342177Z ##[debug]=> 'acquisition-browser'
2026-10-08T22:02:33.6342470Z ##[debug]Result: 'acquisition-browser'
2026-10-08T22:02:33.6343038Z ##[debug]Evaluating: format('target/acquisition/{0}.json', matrix.id)
2026-10-08T22:02:33.6343414Z ##[debug]Evaluating format:
2026-10-08T22:02:33.6343663Z ##[debug]..Evaluating String:
2026-10-08T22:02:33.6343931Z ##[debug]..=> 'target/acquisition/{0}.json'
2026-10-08T22:02:33.6344243Z ##[debug]..Evaluating Index:
2026-10-08T22:02:33.6344492Z ##[debug]....Evaluating matrix:
2026-10-08T22:02:33.6344734Z ##[debug]....=> Object
2026-10-08T22:02:33.6345411Z ##[debug]....Evaluating String:
2026-10-08T22:02:33.6345755Z ##[debug]....=> 'id'
2026-10-08T22:02:33.6345977Z ##[debug]..=> 'browser'
2026-10-08T22:02:33.6346705Z ##[debug]=> 'target/acquisition/browser.json'
2026-10-08T22:02:33.6347060Z ##[debug]Result: 'target/acquisition/browser.json'
2026-10-08T22:02:33.6350539Z ##[debug]Loading env
2026-10-08T22:02:33.6355336Z ##[group]Run actions/upload-artifact@v7.0.1
2026-10-08T22:02:33.6355645Z with:
2026-10-08T22:02:33.6355855Z   name: acquisition-browser
2026-10-08T22:02:33.6356121Z   path: target/acquisition/browser.json
2026-10-08T22:02:33.6356405Z   if-no-files-found: warn
2026-10-08T22:02:33.6356636Z   retention-days: 14
2026-10-08T22:02:33.6356854Z   compression-level: 6
2026-10-08T22:02:33.6357071Z   overwrite: false
2026-10-08T22:02:33.6357292Z   include-hidden-files: false
2026-10-08T22:02:33.6357529Z   archive: true
2026-10-08T22:02:33.6357723Z env:
2026-10-08T22:02:33.6357922Z   CARGO_TERM_COLOR: always
2026-10-08T22:02:33.6358162Z   CARGO_INCREMENTAL: 0
2026-10-08T22:02:33.6358385Z   CARGO_PROFILE_DEV_DEBUG: 0
2026-10-08T22:02:33.6358630Z   CARGO_PROFILE_TEST_DEBUG: 0
2026-10-08T22:02:33.6358868Z   RUSTUP_TOOLCHAIN: 1.98.1
2026-10-08T22:02:33.6359177Z   CONDUIT_CHECKOUT_SHA: d932da60c7f04bde62c797126e298e38aa9819d0
2026-10-08T22:02:33.6359529Z   CARGO_HOME: /home/runner/.cargo
2026-10-08T22:02:33.6359788Z   CACHE_ON_FAILURE: false
2026-10-08T22:02:33.6360008Z ##[endgroup]
2026-10-08T22:02:33.7700050Z ##[debug]followSymbolicLinks 'true'
2026-10-08T22:02:33.7701402Z ##[debug]implicitDescendants 'true'
2026-10-08T22:02:33.7701931Z ##[debug]omitBrokenSymbolicLinks 'true'
2026-10-08T22:02:33.7702455Z ##[debug]excludeHiddenFiles 'true'
2026-10-08T22:02:33.7724220Z ##[debug]followSymbolicLinks 'true'
2026-10-08T22:02:33.7724772Z ##[debug]implicitDescendants 'true'
2026-10-08T22:02:33.7725455Z ##[debug]matchDirectories 'true'
2026-10-08T22:02:33.7725939Z ##[debug]omitBrokenSymbolicLinks 'true'
2026-10-08T22:02:33.7726445Z ##[debug]excludeHiddenFiles 'true'
2026-10-08T22:02:33.7729404Z ##[debug]Search path '/home/runner/work/conduit/conduit/target/acquisition/browser.json'
2026-10-08T22:02:33.7745467Z ##[debug]File:/home/runner/work/conduit/conduit/target/acquisition/browser.json was found using the provided searchPath
2026-10-08T22:02:33.7746870Z With the provided path, there will be 1 file uploaded
2026-10-08T22:02:33.7748406Z ##[debug]Root artifact directory is /home/runner/work/conduit/conduit/target/acquisition
2026-10-08T22:02:33.7751276Z Artifact name is valid!
2026-10-08T22:02:33.7751984Z Root directory input is valid!
2026-10-08T22:02:33.7763426Z ##[debug]Workflow Run Backend ID: 08b3e3b6-da02-8b12-974f-fb0750839c9c
2026-10-08T22:02:33.7764346Z ##[debug]Workflow Job Run Backend ID: 24dcd766-d27c-5923-8821-66044bb72498
2026-10-08T22:02:33.7779218Z ##[debug][Request] CreateArtifact https://results-receiver.actions.githubusercontent.com/twirp/github.actions.results.api.v1.ArtifactService/CreateArtifact
2026-10-08T22:02:33.9540347Z ##[debug][Response] - 200
2026-10-08T22:02:33.9542833Z ##[debug]Headers: {
2026-10-08T22:02:33.9543257Z ##[debug]  "content-length": "577",
2026-10-08T22:02:33.9543691Z ##[debug]  "content-type": "application/json",
2026-10-08T22:02:33.9544093Z ##[debug]  "date": "Thu, 08 Oct 2026 22:02:33 GMT",
2026-10-08T22:02:33.9544481Z ##[debug]  "x-github-backend": "Kubernetes",
2026-10-08T22:02:33.9545268Z ##[debug]  "x-github-request-id": "D01B:3339F4:21FBE9:2503E6:6AC812F9",
2026-10-08T22:02:33.9545958Z ##[debug]  "x-github-edge-region": "iad",
2026-10-08T22:02:33.9546485Z ##[debug]  "server": "github.com"
2026-10-08T22:02:33.9546794Z ##[debug]}
2026-10-08T22:02:33.9547248Z ::add-mask::***
2026-10-08T22:02:33.9548374Z ::add-mask::***
2026-10-08T22:02:33.9549064Z ##[debug]Body: {
2026-10-08T22:02:33.9549327Z ##[debug]  "ok": true,
2026-10-08T22:02:33.9552022Z ##[debug]  "signed_upload_url": "https://productionresultssa3.blob.core.windows.net/actions-results/08b3e3b6-da02-8b12-974f-fb0750839c9c/workflow-job-run-24dcd766-d27c-5923-8821-66044bb72498/artifacts/abfde014090f8f42a705c501176fc596d951193a0a867dc33454b5a0ac1978a0.zip?se=2026-10-08T23%3A02%3A33Z&sig=***&ske=2026-10-09T01%3A21%3A08Z&skoid=ca7593d4-ee42-46cd-af88-8b886a2f84eb&sks=b&skt=2026-10-08T21%3A21%3A08Z&sktid=398a6654-997b-47e9-b12b-9515b896b4de&skv=2025-11-05&sp=cw&spr=https&sr=b&st=2026-10-08T22%3A02%3A28Z&sv=2025-11-05"
2026-10-08T22:02:33.9555358Z ##[debug]}
2026-10-08T22:02:33.9555902Z ##[debug]Creating Artifact archive with compressionLevel: 6
2026-10-08T22:02:33.9574696Z ##[debug]Zip write high watermark value 8388608
2026-10-08T22:02:33.9575555Z ##[debug]Zip read high watermark value 8388608
2026-10-08T22:02:33.9578887Z Uploading artifact: acquisition-browser.zip
2026-10-08T22:02:33.9619783Z ##[debug]Uploading artifact to blob storage with maxConcurrency: 5, bufferSize: 8388608, contentType: application/zip
2026-10-08T22:02:33.9621008Z Beginning upload of artifact content to blob storage
2026-10-08T22:02:33.9746030Z ##[debug]Zip stream for upload has ended.
2026-10-08T22:02:33.9748740Z ##[debug]Zip stream for upload has finished.
2026-10-08T22:02:34.0201094Z Uploaded bytes 3445
2026-10-08T22:02:34.0328787Z Finished uploading artifact content to blob storage!
2026-10-08T22:02:34.0329999Z SHA256 digest of uploaded artifact is 89e537e0689662aae4a87ab6a107e651785a9d5dca2a25e620e824ef35b1aa5b
2026-10-08T22:02:34.0330866Z Finalizing artifact upload
2026-10-08T22:02:34.0333251Z ##[debug][Request] FinalizeArtifact https://results-receiver.actions.githubusercontent.com/twirp/github.actions.results.api.v1.ArtifactService/FinalizeArtifact
2026-10-08T22:02:34.2460274Z ##[debug][Response] - 200
2026-10-08T22:02:34.2460917Z ##[debug]Headers: {
2026-10-08T22:02:34.2461239Z ##[debug]  "content-length": "39",
2026-10-08T22:02:34.2461650Z ##[debug]  "content-type": "application/json",
2026-10-08T22:02:34.2462102Z ##[debug]  "date": "Thu, 08 Oct 2026 22:02:34 GMT",
2026-10-08T22:02:34.2462772Z ##[debug]  "x-github-backend": "Kubernetes",
2026-10-08T22:02:34.2463399Z ##[debug]  "x-github-request-id": "D019:17B49F:243DA3:27455B:6AC812FA",
2026-10-08T22:02:34.2464487Z ##[debug]  "x-github-edge-region": "iad",
2026-10-08T22:02:34.2465187Z ##[debug]  "server": "github.com"
2026-10-08T22:02:34.2465469Z ##[debug]}
2026-10-08T22:02:34.2465869Z ##[debug]Body: {
2026-10-08T22:02:34.2466102Z ##[debug]  "ok": true,
2026-10-08T22:02:34.2466356Z ##[debug]  "artifact_id": "11580889796"
2026-10-08T22:02:34.2466839Z ##[debug]}
2026-10-08T22:02:34.2467404Z Artifact acquisition-browser successfully finalized. Artifact ID 11580889796
2026-10-08T22:02:34.2468782Z Artifact acquisition-browser has been successfully uploaded! Final size is 3445 bytes. Artifact ID is 11580889796
2026-10-08T22:02:34.2469818Z Artifact download URL: https://github.com/dancxjo/conduit/actions/runs/37845100419/artifacts/11580889796
2026-10-08T22:02:34.2561249Z ##[debug]Node Action run completed with exit code 0
2026-10-08T22:02:34.2564380Z ##[debug]Set output artifact-id = 11580889796
2026-10-08T22:02:34.2565687Z ##[debug]Set output artifact-digest = 89e537e0689662aae4a87ab6a107e651785a9d5dca2a25e620e824ef35b1aa5b
2026-10-08T22:02:34.2567102Z ##[debug]Set output artifact-url = https://github.com/dancxjo/conduit/actions/runs/37845100419/artifacts/11580889796
2026-10-08T22:02:34.2570085Z ##[debug]Finishing: Retain acquisition measurements
2026-10-08T22:02:34.2582818Z ##[debug]Evaluating: matrix.id
2026-10-08T22:02:34.2583352Z ##[debug]Evaluating Index:
2026-10-08T22:02:34.2583793Z ##[debug]..Evaluating matrix:
2026-10-08T22:02:34.2584259Z ##[debug]..=> Object
2026-10-08T22:02:34.2584690Z ##[debug]..Evaluating String:
2026-10-08T22:02:34.2585631Z ##[debug]..=> 'id'
2026-10-08T22:02:34.2586051Z ##[debug]=> 'browser'
2026-10-08T22:02:34.2586476Z ##[debug]Result: 'browser'
2026-10-08T22:02:34.2587167Z ##[debug]Evaluating: inputs.sha
2026-10-08T22:02:34.2587644Z ##[debug]Evaluating Index:
2026-10-08T22:02:34.2588083Z ##[debug]..Evaluating inputs:
2026-10-08T22:02:34.2588535Z ##[debug]..=> Object
2026-10-08T22:02:34.2588952Z ##[debug]..Evaluating String:
2026-10-08T22:02:34.2589598Z ##[debug]..=> 'sha'
2026-10-08T22:02:34.2590094Z ##[debug]=> 'd932da60c7f04bde62c797126e298e38aa9819d0'
2026-10-08T22:02:34.2590745Z ##[debug]Result: 'd932da60c7f04bde62c797126e298e38aa9819d0'
2026-10-08T22:02:34.2591803Z ##[debug]Evaluating condition for step: 'Build, prove, and retain the exact product'
2026-10-08T22:02:34.2593858Z ##[debug]Evaluating: success()
2026-10-08T22:02:34.2594497Z ##[debug]Evaluating success:
2026-10-08T22:02:34.2595629Z ##[debug]=> true
2026-10-08T22:02:34.2596369Z ##[debug]Result: true
2026-10-08T22:02:34.2597342Z ##[debug]Starting: Build, prove, and retain the exact product
2026-10-08T22:02:34.2616786Z ##[debug]Loading inputs
2026-10-08T22:02:34.2618413Z ##[debug]Loading env
2026-10-08T22:02:34.2625656Z ##[group]Run cargo xtask ci pipeline target "$TARGET" "$SHA"
2026-10-08T22:02:34.2626386Z [36;1mcargo xtask ci pipeline target "$TARGET" "$SHA"[0m
2026-10-08T22:02:34.2704137Z shell: /usr/bin/bash --noprofile --norc -e -o pipefail {0}
2026-10-08T22:02:34.2704511Z env:
2026-10-08T22:02:34.2704723Z   CARGO_TERM_COLOR: always
2026-10-08T22:02:34.2705152Z   CARGO_INCREMENTAL: 0
2026-10-08T22:02:34.2705480Z   CARGO_PROFILE_DEV_DEBUG: 0
2026-10-08T22:02:34.2705817Z   CARGO_PROFILE_TEST_DEBUG: 0
2026-10-08T22:02:34.2706328Z   RUSTUP_TOOLCHAIN: 1.98.1
2026-10-08T22:02:34.2706773Z   CONDUIT_CHECKOUT_SHA: d932da60c7f04bde62c797126e298e38aa9819d0
2026-10-08T22:02:34.2707322Z   CARGO_HOME: /home/runner/.cargo
2026-10-08T22:02:34.2707683Z   CACHE_ON_FAILURE: false
2026-10-08T22:02:34.2718495Z   TARGET: browser
2026-10-08T22:02:34.2718963Z   SHA: d932da60c7f04bde62c797126e298e38aa9819d0
2026-10-08T22:02:34.2719396Z ##[endgroup]
2026-10-08T22:02:34.2720857Z ##[debug]Overwrite 'shell' base on job defaults.
2026-10-08T22:02:34.2782979Z ##[debug]/usr/bin/bash --noprofile --norc -e -o pipefail /home/runner/work/_temp/9ef21dda-ec84-47ac-a9a7-cf7f03cfd03e.sh
2026-10-08T22:02:34.5106335Z [1m[92m    Finished[0m `dev` profile [unoptimized] target(s) in 0.22s
2026-10-08T22:02:34.5167076Z [1m[92m     Running[0m `target/debug/conduit-xtask-dispatch ci pipeline target browser d932da60c7f04bde62c797126e298e38aa9819d0`
2026-10-08T22:02:34.8134271Z > cargo +1.98.1-x86_64-unknown-linux-gnu build --locked -p conduit --bin conduit -p conduit-browser-host --bin conduit-browser-host -p conduit-browser-patchbay-workbench --bin conduit-browser-patchbay-workbench -p conduit-std-host --bin webchat-server --bin browser-admission-probe
2026-10-08T22:02:35.0310656Z [1m[92m Downloading[0m crates ...
2026-10-08T22:02:35.1927017Z [1m[92m  Downloaded[0m utf8parse v0.2.2
2026-10-08T22:02:35.1941682Z [1m[92m  Downloaded[0m zeroize v1.9.0
2026-10-08T22:02:35.2007827Z [1m[92m  Downloaded[0m universal-hash v0.5.1
2026-10-08T22:02:35.2041119Z [1m[92m  Downloaded[0m aead v0.5.2
2026-10-08T22:02:35.2054002Z [1m[92m  Downloaded[0m anstyle-query v1.1.5
2026-10-08T22:02:35.2067611Z [1m[92m  Downloaded[0m sha1 v0.11.0
2026-10-08T22:02:35.2087074Z [1m[92m  Downloaded[0m unicode-segmentation v1.13.3
2026-10-08T22:02:35.2119462Z [1m[92m  Downloaded[0m noise-rust-crypto v0.6.2
2026-10-08T22:02:35.2129539Z [1m[92m  Downloaded[0m syn v1.0.109
2026-10-08T22:02:35.2232882Z [1m[92m  Downloaded[0m curve25519-dalek-derive v0.1.1
2026-10-08T22:02:35.2246180Z [1m[92m  Downloaded[0m heck v0.5.0
2026-10-08T22:02:35.2257215Z [1m[92m  Downloaded[0m percent-encoding v2.3.2
2026-10-08T22:02:35.2267468Z [1m[92m  Downloaded[0m rand_chacha v0.3.1
2026-10-08T22:02:35.2280464Z [1m[92m  Downloaded[0m scopeguard v1.2.0
2026-10-08T22:02:35.2293196Z [1m[92m  Downloaded[0m option-ext v0.2.0
2026-10-08T22:02:35.2303154Z [1m[92m  Downloaded[0m socket2 v0.6.5
2026-10-08T22:02:35.2328262Z [1m[92m  Downloaded[0m str-newtype-derive v2.0.0
2026-10-08T22:02:35.2343208Z [1m[92m  Downloaded[0m thiserror-impl v1.0.69
2026-10-08T22:02:35.2357358Z [1m[92m  Downloaded[0m instant-distance v0.6.1
2026-10-08T22:02:35.2370181Z [1m[92m  Downloaded[0m cpufeatures v0.3.1
2026-10-08T22:02:35.2398767Z [1m[92m  Downloaded[0m static-automata v1.0.3
2026-10-08T22:02:35.2406412Z [1m[92m  Downloaded[0m rustc_version v0.4.1
2026-10-08T22:02:35.2421442Z [1m[92m  Downloaded[0m zerocopy v0.8.57
2026-10-08T22:02:35.2639342Z [1m[92m  Downloaded[0m block-buffer v0.12.1
2026-10-08T22:02:35.2651618Z [1m[92m  Downloaded[0m clap_lex v1.1.1
2026-10-08T22:02:35.2662195Z [1m[92m  Downloaded[0m colorchoice v1.0.5
2026-10-08T22:02:35.2671308Z [1m[92m  Downloaded[0m noise-protocol v0.2.1
2026-10-08T22:02:35.2681578Z [1m[92m  Downloaded[0m stable_deref_trait v1.2.1
2026-10-08T22:02:35.2690179Z [1m[92m  Downloaded[0m str-newtype v2.0.0
2026-10-08T22:02:35.2704227Z [1m[92m  Downloaded[0m strsim v0.11.1
2026-10-08T22:02:35.2717140Z [1m[92m  Downloaded[0m untrusted v0.9.0
2026-10-08T22:02:35.2733388Z [1m[92m  Downloaded[0m tinyvec v1.13.3
2026-10-08T22:02:35.2767396Z [1m[92m  Downloaded[0m utf8-zero v0.8.1
2026-10-08T22:02:35.2781130Z [1m[92m  Downloaded[0m anstream v1.0.0
2026-10-08T22:02:35.2800629Z [1m[92m  Downloaded[0m anstyle v1.0.14
2026-10-08T22:02:35.2814709Z [1m[92m  Downloaded[0m anstyle-parse v1.0.0
2026-10-08T22:02:35.2830507Z [1m[92m  Downloaded[0m digest v0.11.3
2026-10-08T22:02:35.2853752Z [1m[92m  Downloaded[0m either v1.18.0
2026-10-08T22:02:35.2868506Z [1m[92m  Downloaded[0m lock_api v0.4.14
2026-10-08T22:02:35.2880758Z [1m[92m  Downloaded[0m pkcs8 v0.10.2
2026-10-08T22:02:35.2909077Z [1m[92m  Downloaded[0m smallvec v1.16.1
2026-10-08T22:02:35.2921863Z [1m[92m  Downloaded[0m spki v0.7.3
2026-10-08T22:02:35.2939414Z [1m[92m  Downloaded[0m tungstenite v0.30.0
2026-10-08T22:02:35.2973963Z [1m[92m  Downloaded[0m base64ct v1.8.3
2026-10-08T22:02:35.2999201Z [1m[92m  Downloaded[0m unicode-normalization v0.1.25
2026-10-08T22:02:35.3032698Z [1m[92m  Downloaded[0m ureq-proto v0.6.4
2026-10-08T22:02:35.3076438Z [1m[92m  Downloaded[0m x25519-dalek v2.0.1
2026-10-08T22:02:35.3092572Z [1m[92m  Downloaded[0m syn v2.0.119
2026-10-08T22:02:35.3197394Z [1m[92m  Downloaded[0m ureq v3.4.2
2026-10-08T22:02:35.3253644Z [1m[92m  Downloaded[0m zeroize_derive v1.5.0
2026-10-08T22:02:35.3263942Z [1m[92m  Downloaded[0m subtle v2.6.1
2026-10-08T22:02:35.3276137Z [1m[92m  Downloaded[0m num_cpus v1.17.0
2026-10-08T22:02:35.3308086Z [1m[92m  Downloaded[0m ordered-float v3.9.2
2026-10-08T22:02:35.3322093Z [1m[92m  Downloaded[0m thiserror v1.0.69
2026-10-08T22:02:35.3380178Z [1m[92m  Downloaded[0m arrayvec v0.7.8
2026-10-08T22:02:35.3400945Z [1m[92m  Downloaded[0m chacha20 v0.9.1
2026-10-08T22:02:35.3419867Z [1m[92m  Downloaded[0m clap_derive v4.6.7
2026-10-08T22:02:35.3441649Z [1m[92m  Downloaded[0m cipher v0.4.4
2026-10-08T22:02:35.3456844Z [1m[92m  Downloaded[0m inout v0.1.4
2026-10-08T22:02:35.3467870Z [1m[92m  Downloaded[0m is_terminal_polyfill v1.70.2
2026-10-08T22:02:35.3477138Z [1m[92m  Downloaded[0m phf v0.11.3
2026-10-08T22:02:35.3489482Z [1m[92m  Downloaded[0m ppv-lite86 v0.2.21
2026-10-08T22:02:35.3502227Z [1m[92m  Downloaded[0m rand_core v0.6.4
2026-10-08T22:02:35.3515346Z [1m[92m  Downloaded[0m shlex v2.0.1
2026-10-08T22:02:35.3529150Z [1m[92m  Downloaded[0m siphasher v1.0.3
2026-10-08T22:02:35.3542961Z [1m[92m  Downloaded[0m hash32 v0.3.1
2026-10-08T22:02:35.3557402Z [1m[92m  Downloaded[0m opaque-debug v0.3.1
2026-10-08T22:02:35.3566483Z [1m[92m  Downloaded[0m phf_shared v0.11.3
2026-10-08T22:02:35.3575373Z [1m[92m  Downloaded[0m signature v2.2.0
2026-10-08T22:02:35.3589584Z [1m[92m  Downloaded[0m find-msvc-tools v0.1.14
2026-10-08T22:02:35.3605827Z [1m[92m  Downloaded[0m chacha20 v0.10.2
2026-10-08T22:02:35.3629261Z [1m[92m  Downloaded[0m proc-macro-error-attr v1.0.4
2026-10-08T22:02:35.3638818Z [1m[92m  Downloaded[0m crypto-common v0.2.2
2026-10-08T22:02:35.3650004Z [1m[92m  Downloaded[0m dirs-sys v0.5.0
2026-10-08T22:02:35.3661155Z [1m[92m  Downloaded[0m hybrid-array v0.4.15
2026-10-08T22:02:35.3682670Z [1m[92m  Downloaded[0m parking_lot v0.12.5
2026-10-08T22:02:35.3707848Z [1m[92m  Downloaded[0m poly1305 v0.8.0
2026-10-08T22:02:35.3731911Z [1m[92m  Downloaded[0m serde-json-core v0.6.0
2026-10-08T22:02:35.3750108Z [1m[92m  Downloaded[0m sha2 v0.11.0
2026-10-08T22:02:35.3787305Z [1m[92m  Downloaded[0m crossbeam-utils v0.8.23
2026-10-08T22:02:35.3814479Z [1m[92m  Downloaded[0m proc-macro-error v1.0.4
2026-10-08T22:02:35.3849651Z [1m[92m  Downloaded[0m rustls-pki-types v1.15.1
2026-10-08T22:02:35.3874734Z [1m[92m  Downloaded[0m autocfg v1.5.1
2026-10-08T22:02:35.3893216Z [1m[92m  Downloaded[0m crossbeam-deque v0.8.8
2026-10-08T22:02:35.3908179Z [1m[92m  Downloaded[0m byteorder v1.5.0
2026-10-08T22:02:35.3923649Z [1m[92m  Downloaded[0m getrandom v0.2.17
2026-10-08T22:02:35.3952649Z [1m[92m  Downloaded[0m langtag v1.1.0
2026-10-08T22:02:35.3978306Z [1m[92m  Downloaded[0m once_cell v1.21.4
2026-10-08T22:02:35.4003105Z [1m[92m  Downloaded[0m ryu v1.0.23
2026-10-08T22:02:35.4035298Z [1m[92m  Downloaded[0m semver v1.0.28
2026-10-08T22:02:35.4058565Z [1m[92m  Downloaded[0m bytes v1.12.1
2026-10-08T22:02:35.4093983Z [1m[92m  Downloaded[0m clap v4.6.7
2026-10-08T22:02:35.4190448Z [1m[92m  Downloaded[0m data-encoding v2.11.1
2026-10-08T22:02:35.4200056Z [1m[92m  Downloaded[0m ed25519 v2.2.3
2026-10-08T22:02:35.4217694Z [1m[92m  Downloaded[0m getrandom v0.4.3
2026-10-08T22:02:35.4254552Z [1m[92m  Downloaded[0m heapless v0.8.0
2026-10-08T22:02:35.4292900Z [1m[92m  Downloaded[0m httparse v1.10.1
2026-10-08T22:02:35.4317689Z [1m[92m  Downloaded[0m log v0.4.34
2026-10-08T22:02:35.4341812Z [1m[92m  Downloaded[0m num-traits v0.2.19
2026-10-08T22:02:35.4367855Z [1m[92m  Downloaded[0m parking_lot_core v0.9.12
2026-10-08T22:02:35.4388599Z [1m[92m  Downloaded[0m rand_core v0.10.1
2026-10-08T22:02:35.4404538Z [1m[92m  Downloaded[0m rustls-pemfile v2.2.0
2026-10-08T22:02:35.4429056Z [1m[92m  Downloaded[0m chacha20poly1305 v0.10.1
2026-10-08T22:02:35.4444730Z [1m[92m  Downloaded[0m dirs v6.0.0
2026-10-08T22:02:35.4458280Z [1m[92m  Downloaded[0m getrandom v0.3.4
2026-10-08T22:02:35.4491927Z [1m[92m  Downloaded[0m anyhow v1.0.104
2026-10-08T22:02:35.4531704Z [1m[92m  Downloaded[0m const-oid v0.9.6
2026-10-08T22:02:35.4550304Z [1m[92m  Downloaded[0m rustls-webpki v0.103.15
2026-10-08T22:02:35.4580286Z [1m[92m  Downloaded[0m const-oid v0.10.2
2026-10-08T22:02:35.4603558Z [1m[92m  Downloaded[0m rayon-core v1.13.0
2026-10-08T22:02:35.4640250Z [1m[92m  Downloaded[0m qrcode v0.14.1
2026-10-08T22:02:35.4671578Z [1m[92m  Downloaded[0m rand v0.8.8
2026-10-08T22:02:35.4704608Z [1m[92m  Downloaded[0m rand v0.10.3
2026-10-08T22:02:35.4742003Z [1m[92m  Downloaded[0m cc v1.6.0
2026-10-08T22:02:35.4776319Z [1m[92m  Downloaded[0m crossbeam-epoch v0.9.21
2026-10-08T22:02:35.4800369Z [1m[92m  Downloaded[0m der v0.7.10
2026-10-08T22:02:35.4852615Z [1m[92m  Downloaded[0m http v1.5.0
2026-10-08T22:02:35.4888595Z [1m[92m  Downloaded[0m static-automata-macros v1.0.3
2026-10-08T22:02:35.4896224Z [1m[92m  Downloaded[0m base64 v0.23.1
2026-10-08T22:02:35.4934741Z [1m[92m  Downloaded[0m ed25519-dalek v2.2.0
2026-10-08T22:02:35.4965280Z [1m[92m  Downloaded[0m clap_builder v4.6.7
2026-10-08T22:02:35.5028026Z [1m[92m  Downloaded[0m rayon v1.12.0
2026-10-08T22:02:35.5122782Z [1m[92m  Downloaded[0m webpki-roots v1.0.9
2026-10-08T22:02:35.5153292Z [1m[92m  Downloaded[0m curve25519-dalek v4.1.3
2026-10-08T22:02:35.5233402Z [1m[92m  Downloaded[0m isolang v2.4.0
2026-10-08T22:02:35.5299776Z [1m[92m  Downloaded[0m rustls v0.23.45
2026-10-08T22:02:35.5417177Z [1m[92m  Downloaded[0m libc v0.2.189
2026-10-08T22:02:35.5846695Z [1m[92m  Downloaded[0m ring v0.17.14
2026-10-08T22:02:35.7933597Z [1m[92m   Compiling[0m syn v3.0.6
2026-10-08T22:02:35.7935560Z [1m[92m   Compiling[0m typenum v1.20.1
2026-10-08T22:02:35.7985663Z [1m[92m   Compiling[0m syn v2.0.119
2026-10-08T22:02:35.8016371Z [1m[92m   Compiling[0m subtle v2.6.1
2026-10-08T22:02:35.8846485Z [1m[92m   Compiling[0m thiserror v2.0.20
2026-10-08T22:02:36.1096389Z [1m[92m   Compiling[0m semver v1.0.28
2026-10-08T22:02:36.3526542Z [1m[92m   Compiling[0m rustc_version v0.4.1
2026-10-08T22:02:36.5645901Z [1m[92m   Compiling[0m curve25519-dalek v4.1.3
2026-10-08T22:02:36.7167854Z [1m[92m   Compiling[0m generic-array v0.14.7
2026-10-08T22:02:36.7246461Z [1m[92m   Compiling[0m signature v2.2.0
2026-10-08T22:02:36.7703964Z [1m[92m   Compiling[0m ed25519 v2.2.3
2026-10-08T22:02:36.8568988Z [1m[92m   Compiling[0m libc v0.2.189
2026-10-08T22:02:37.2691013Z [1m[92m   Compiling[0m crypto-common v0.1.7
2026-10-08T22:02:37.3316423Z [1m[92m   Compiling[0m block-buffer v0.10.4
2026-10-08T22:02:37.3976370Z [1m[92m   Compiling[0m digest v0.10.7
2026-10-08T22:02:37.5286561Z [1m[92m   Compiling[0m sha2 v0.10.9
2026-10-08T22:02:37.8176915Z [1m[92m   Compiling[0m proc-macro-error-attr v1.0.4
2026-10-08T22:02:37.8945101Z [1m[92m   Compiling[0m syn v1.0.109
2026-10-08T22:02:38.0538823Z [1m[92m   Compiling[0m proc-macro-error v1.0.4
2026-10-08T22:02:38.2712978Z [1m[92m   Compiling[0m hybrid-array v0.4.15
2026-10-08T22:02:38.8026502Z [1m[92m   Compiling[0m thiserror v1.0.69
2026-10-08T22:02:38.8216658Z [1m[92m   Compiling[0m cpufeatures v0.3.1
2026-10-08T22:02:38.8543189Z [1m[92m   Compiling[0m block-buffer v0.12.1
2026-10-08T22:02:38.9436819Z [1m[92m   Compiling[0m crypto-common v0.2.2
2026-10-08T22:02:38.9816675Z [1m[92m   Compiling[0m const-oid v0.10.2
2026-10-08T22:02:39.1136469Z [1m[92m   Compiling[0m siphasher v1.0.3
2026-10-08T22:02:39.2451984Z [1m[92m   Compiling[0m phf_shared v0.11.3
2026-10-08T22:02:39.3655951Z [1m[92m   Compiling[0m getrandom v0.2.17
2026-10-08T22:02:39.4803939Z [1m[92m   Compiling[0m heapless v0.8.0
2026-10-08T22:02:39.6133102Z [1m[92m   Compiling[0m serde_derive v1.0.229
2026-10-08T22:02:39.6297187Z [1m[92m   Compiling[0m thiserror-impl v2.0.20
2026-10-08T22:02:39.9376473Z [1m[92m   Compiling[0m digest v0.11.3
2026-10-08T22:02:40.0446548Z [1m[92m   Compiling[0m option-ext v0.2.0
2026-10-08T22:02:40.0776530Z [1m[92m   Compiling[0m anyhow v1.0.104
2026-10-08T22:02:40.2377110Z [1m[92m   Compiling[0m byteorder v1.5.0
2026-10-08T22:02:40.3636834Z [1m[92m   Compiling[0m hash32 v0.3.1
2026-10-08T22:02:40.4726580Z [1m[92m   Compiling[0m dirs-sys v0.5.0
2026-10-08T22:02:40.5556590Z [1m[92m   Compiling[0m zeroize_derive v1.5.0
2026-10-08T22:02:40.6352164Z [1m[92m   Compiling[0m curve25519-dalek-derive v0.1.1
2026-10-08T22:02:40.7523580Z [1m[92m   Compiling[0m cobs v0.3.0
2026-10-08T22:02:40.8596535Z [1m[92m   Compiling[0m thiserror-impl v1.0.69
2026-10-08T22:02:40.9536747Z [1m[92m   Compiling[0m zeroize v1.9.0
2026-10-08T22:02:41.0326623Z [1m[92m   Compiling[0m static-automata-macros v1.0.3
2026-10-08T22:02:41.2478909Z [1m[92m   Compiling[0m static-automata v1.0.3
2026-10-08T22:02:41.3346395Z [1m[92m   Compiling[0m phf v0.11.3
2026-10-08T22:02:41.4396920Z [1m[92m   Compiling[0m stable_deref_trait v1.2.1
2026-10-08T22:02:41.4706582Z [1m[92m   Compiling[0m tinyvec v1.13.3
2026-10-08T22:02:41.7947533Z [1m[92m   Compiling[0m ed25519-dalek v2.2.0
2026-10-08T22:02:41.9239498Z [1m[92m   Compiling[0m str-newtype-derive v2.0.0
2026-10-08T22:02:41.9698114Z [1m[92m   Compiling[0m speaking v0.1.0 (https://github.com/dancxjo/tongues.git?rev=b5d7535b2ccd3730b4db878fb61b2e4e48ae89c9#b5d7535b)
2026-10-08T22:02:42.0547998Z [1m[92m   Compiling[0m unicode-normalization v0.1.25
2026-10-08T22:02:42.0662676Z [1m[92m   Compiling[0m isolang v2.4.0
2026-10-08T22:02:42.4356617Z [1m[92m   Compiling[0m dirs v6.0.0
2026-10-08T22:02:42.5366422Z [1m[92m   Compiling[0m serde v1.0.229
2026-10-08T22:02:42.7496773Z [1m[92m   Compiling[0m sha2 v0.11.0
2026-10-08T22:02:42.8366627Z [1m[92m   Compiling[0m str-newtype v2.0.0
2026-10-08T22:02:42.8766449Z [1m[92m   Compiling[0m langtag v1.1.0
2026-10-08T22:02:43.0687986Z [1m[92m   Compiling[0m conduit-assigned-plan v0.1.0 (/home/runner/work/conduit/conduit/architecture/assigned-plan)
2026-10-08T22:02:43.3337431Z [1m[92m   Compiling[0m conduit-core v0.1.0 (/home/runner/work/conduit/conduit/architecture/core)
2026-10-08T22:02:44.0381601Z [1m[92m   Compiling[0m conduit-kernel v0.1.0 (/home/runner/work/conduit/conduit/architecture/kernel)
2026-10-08T22:02:44.9706854Z [1m[92m   Compiling[0m postcard v1.1.3
2026-10-08T22:02:45.1277027Z [1m[92m   Compiling[0m serde_spanned v0.6.9
2026-10-08T22:02:45.1926991Z [1m[92m   Compiling[0m toml_datetime v0.6.11
2026-10-08T22:02:45.3586797Z [1m[92m   Compiling[0m toml_edit v0.22.27
2026-10-08T22:02:45.7017159Z [1m[92m   Compiling[0m unicode-segmentation v1.13.3
2026-10-08T22:02:46.0637010Z [1m[92m   Compiling[0m ryu v1.0.23
2026-10-08T22:02:46.1830089Z [1m[92m   Compiling[0m serde-json-core v0.6.0
2026-10-08T22:02:48.4676510Z [1m[92m   Compiling[0m toml v0.8.23
2026-10-08T22:02:49.0436725Z [1m[92m   Compiling[0m shlex v2.0.1
2026-10-08T22:02:49.1576634Z [1m[92m   Compiling[0m find-msvc-tools v0.1.14
2026-10-08T22:02:49.3156439Z [1m[92m   Compiling[0m cc v1.6.0
2026-10-08T22:02:50.8826540Z [1m[92m   Compiling[0m rand_core v0.6.4
2026-10-08T22:02:51.0216385Z [1m[92m   Compiling[0m inout v0.1.4
2026-10-08T22:02:51.0887083Z [1m[92m   Compiling[0m crossbeam-utils v0.8.23
2026-10-08T22:02:51.2336631Z [1m[92m   Compiling[0m cipher v0.4.4
2026-10-08T22:02:51.3937132Z [1m[92m   Compiling[0m ring v0.17.14
2026-10-08T22:02:51.7487496Z [1m[92m   Compiling[0m universal-hash v0.5.1
2026-10-08T22:02:51.8087008Z [1m[92m   Compiling[0m zerocopy v0.8.57
2026-10-08T22:02:52.0387397Z [1m[92m   Compiling[0m crossbeam-epoch v0.9.21
2026-10-08T22:02:52.1506823Z [1m[92m   Compiling[0m opaque-debug v0.3.1
2026-10-08T22:02:52.1776616Z [1m[92m   Compiling[0m poly1305 v0.8.0
2026-10-08T22:02:56.6452205Z [1m[92m   Compiling[0m conduit-plot v0.1.0 (/home/runner/work/conduit/conduit/architecture/plot)
2026-10-08T22:03:01.3907452Z [1m[92m   Compiling[0m conduit-body v0.1.0 (/home/runner/work/conduit/conduit/architecture/body)
2026-10-08T22:03:05.9966993Z [1m[92m   Compiling[0m conduit-time v0.1.0 (/home/runner/work/conduit/conduit/semantics/time)
2026-10-08T22:03:08.1386855Z [1m[92m   Compiling[0m conduit-human v0.1.0 (/home/runner/work/conduit/conduit/semantics/human)
2026-10-08T22:03:08.8967376Z [1m[92m   Compiling[0m conduit-audio v0.1.0 (/home/runner/work/conduit/conduit/semantics/audio)
2026-10-08T22:03:13.3727142Z [1m[92m   Compiling[0m conduit-language v0.1.0 (/home/runner/work/conduit/conduit/semantics/language)
2026-10-08T22:03:13.6278232Z [1m[92m   Compiling[0m conduit-presentation v0.1.0 (/home/runner/work/conduit/conduit/semantics/presentation)
2026-10-08T22:03:13.6356848Z [1m[92m   Compiling[0m conduit-data v0.1.0 (/home/runner/work/conduit/conduit/semantics/data)
2026-10-08T22:03:18.9786874Z [1m[92m   Compiling[0m conduit-web v0.1.0 (/home/runner/work/conduit/conduit/semantics/web)
2026-10-08T22:03:20.0764800Z [1m[92m   Compiling[0m conduit-net v0.1.0 (/home/runner/work/conduit/conduit/semantics/net)
2026-10-08T22:03:20.2967421Z [1m[92m   Compiling[0m conduit-text v0.1.0 (/home/runner/work/conduit/conduit/semantics/text)
2026-10-08T22:03:20.5377021Z [1m[92m   Compiling[0m conduit-alife v0.1.0 (/home/runner/work/conduit/conduit/semantics/alife)
2026-10-08T22:03:20.9997313Z [1m[92m   Compiling[0m conduit-purpose v0.1.0 (/home/runner/work/conduit/conduit/semantics/purpose)
2026-10-08T22:03:21.2126799Z [1m[92m   Compiling[0m conduit-process v0.1.0 (/home/runner/work/conduit/conduit/semantics/process)
2026-10-08T22:03:21.4616118Z [1m[92m   Compiling[0m conduit-robotics v0.1.0 (/home/runner/work/conduit/conduit/semantics/robotics)
2026-10-08T22:03:26.1757887Z [1m[92m   Compiling[0m conduit-ai v0.1.0 (/home/runner/work/conduit/conduit/semantics/ai)
2026-10-08T22:03:27.8306752Z [1m[92m   Compiling[0m conduit-signal v0.1.0 (/home/runner/work/conduit/conduit/semantics/signal)
2026-10-08T22:03:28.0397397Z [1m[92m   Compiling[0m conduit-chat v0.1.0 (/home/runner/work/conduit/conduit/semantics/chat)
2026-10-08T22:03:28.3456712Z [1m[92m   Compiling[0m conduit-tongues v0.1.0 (/home/runner/work/conduit/conduit/semantics/tongues)
2026-10-08T22:03:28.6393558Z [1m[92m   Compiling[0m conduit-plan-lowering v0.1.0 (/home/runner/work/conduit/conduit/architecture/plan-lowering)
2026-10-08T22:03:35.2247560Z [1m[92m   Compiling[0m conduit-education v0.1.0 (/home/runner/work/conduit/conduit/semantics/education)
2026-10-08T22:03:35.2766998Z [1m[92m   Compiling[0m conduit-midi v0.1.0 (/home/runner/work/conduit/conduit/mechanisms/protocols/midi)
2026-10-08T22:03:35.6766891Z [1m[92m   Compiling[0m conduit-todo-plot v0.1.0 (/home/runner/work/conduit/conduit/plots/todo/model)
2026-10-08T22:03:35.9097247Z [1m[92m   Compiling[0m conduit-wire v0.1.0 (/home/runner/work/conduit/conduit/architecture/wire)
2026-10-08T22:03:36.2376369Z [1m[92m   Compiling[0m chacha20 v0.9.1
2026-10-08T22:03:36.7348256Z [1m[92m   Compiling[0m rustls-pki-types v1.15.1
2026-10-08T22:03:36.7876876Z [1m[92m   Compiling[0m aead v0.5.2
2026-10-08T22:03:36.8496337Z [1m[92m   Compiling[0m autocfg v1.5.1
2026-10-08T22:03:37.0807008Z [1m[92m   Compiling[0m httparse v1.10.1
2026-10-08T22:03:37.1366581Z [1m[92m   Compiling[0m crossbeam-deque v0.8.8
2026-10-08T22:03:37.2427148Z [1m[92m   Compiling[0m arrayvec v0.7.8
2026-10-08T22:03:37.2728411Z [1m[92m   Compiling[0m num-traits v0.2.19
2026-10-08T22:03:37.3456797Z [1m[92m   Compiling[0m chacha20poly1305 v0.10.1
2026-10-08T22:03:37.3835206Z [1m[92m   Compiling[0m noise-protocol v0.2.1
2026-10-08T22:03:37.5964146Z [1m[92m   Compiling[0m conduit-bluetooth v0.1.0 (/home/runner/work/conduit/conduit/mechanisms/protocols/bluetooth)
2026-10-08T22:03:37.6457165Z [1m[92m   Compiling[0m conduit-tutorial-plot v0.1.0 (/home/runner/work/conduit/conduit/semantics/tutorial)
2026-10-08T22:03:37.8737526Z [1m[92m   Compiling[0m conduit-plot-library v0.1.0 (/home/runner/work/conduit/conduit/semantics/plot-library)
2026-10-08T22:03:37.9237587Z [1m[92m   Compiling[0m conduit-body-invitation-plot v0.1.0 (/home/runner/work/conduit/conduit/semantics/body-invitation)
2026-10-08T22:03:38.1536557Z [1m[92m   Compiling[0m bytes v1.12.1
2026-10-08T22:03:38.6946522Z [1m[92m   Compiling[0m rand_core v0.10.1
2026-10-08T22:03:38.7876939Z [1m[92m   Compiling[0m parking_lot_core v0.9.12
2026-10-08T22:03:38.8876481Z [1m[92m   Compiling[0m log v0.4.34
2026-10-08T22:03:39.0013113Z [1m[92m   Compiling[0m untrusted v0.9.0
2026-10-08T22:03:39.0566704Z [1m[92m   Compiling[0m getrandom v0.4.3
2026-10-08T22:03:39.1701413Z [1m[92m   Compiling[0m rayon-core v1.13.0
2026-10-08T22:03:41.2506655Z [1m[92m   Compiling[0m http v1.5.0
2026-10-08T22:03:41.6627523Z [1m[92m   Compiling[0m ppv-lite86 v0.2.21
2026-10-08T22:03:42.1326199Z [1m[92m   Compiling[0m noise-rust-crypto v0.6.2
2026-10-08T22:03:42.3826909Z [1m[92m   Compiling[0m x25519-dalek v2.0.1
2026-10-08T22:03:42.4227610Z [1m[92m   Compiling[0m patchbay-control v0.1.0 (/home/runner/work/conduit/conduit/plots/patchbay)
2026-10-08T22:03:42.4476509Z [1m[92m   Compiling[0m scopeguard v1.2.0
2026-10-08T22:03:42.4866361Z [1m[92m   Compiling[0m smallvec v1.16.1
2026-10-08T22:03:42.5496870Z [1m[92m   Compiling[0m rustls v0.23.45
2026-10-08T22:03:42.6336581Z [1m[92m   Compiling[0m lock_api v0.4.14
2026-10-08T22:03:42.8117607Z [1m[92m   Compiling[0m conduit-protected-line v0.1.0 (/home/runner/work/conduit/conduit/architecture/protected-line)
2026-10-08T22:03:43.7346283Z [1m[92m   Compiling[0m rand_chacha v0.3.1
2026-10-08T22:03:43.8267150Z [1m[92m   Compiling[0m rustls-webpki v0.103.15
2026-10-08T22:03:44.2176372Z [1m[92m   Compiling[0m chacha20 v0.10.2
2026-10-08T22:03:44.3987202Z [1m[92m   Compiling[0m conduit-synth v0.1.0 (/home/runner/work/conduit/conduit/mechanisms/implementations/synth)
2026-10-08T22:03:44.6187835Z [1m[92m   Compiling[0m conduit-composite v0.1.0 (/home/runner/work/conduit/conduit/architecture/composite)
2026-10-08T22:03:44.6577031Z [1m[92m   Compiling[0m conduit-birth-plot v0.1.0 (/home/runner/work/conduit/conduit/plots/birth)
2026-10-08T22:03:45.2398155Z [1m[92m   Compiling[0m conduit-little-seismograph-fixture v0.1.0 (/home/runner/work/conduit/conduit/plots/little-seismograph/fixture)
2026-10-08T22:03:45.3267443Z [1m[92m   Compiling[0m conduit-finance v0.1.0 (/home/runner/work/conduit/conduit/semantics/finance)
2026-10-08T22:03:45.5446184Z [1m[92m   Compiling[0m qrcode v0.14.1
2026-10-08T22:03:46.0346448Z [1m[92m   Compiling[0m once_cell v1.21.4
2026-10-08T22:03:46.1737169Z [1m[92m   Compiling[0m either v1.18.0
2026-10-08T22:03:46.3206709Z [1m[92m   Compiling[0m getrandom v0.3.4
2026-10-08T22:03:46.4856561Z [1m[92m   Compiling[0m base64 v0.23.1
2026-10-08T22:03:46.6346356Z [1m[92m   Compiling[0m rayon v1.12.0
2026-10-08T22:03:46.7606364Z [1m[92m   Compiling[0m ureq-proto v0.6.4
2026-10-08T22:03:52.9816783Z [1m[92m   Compiling[0m rand v0.10.3
2026-10-08T22:03:53.6397068Z [1m[92m   Compiling[0m rand v0.8.8
2026-10-08T22:03:54.2996544Z [1m[92m   Compiling[0m ordered-float v3.9.2
2026-10-08T22:03:54.4196038Z [1m[92m   Compiling[0m parking_lot v0.12.5
2026-10-08T22:03:54.6116629Z [1m[92m   Compiling[0m webpki-roots v1.0.9
2026-10-08T22:03:54.6716483Z [1m[92m   Compiling[0m sha1 v0.11.0
2026-10-08T22:03:54.7336510Z [1m[92m   Compiling[0m num_cpus v1.17.0
2026-10-08T22:03:54.8377159Z [1m[92m   Compiling[0m data-encoding v2.11.1
2026-10-08T22:03:54.9606890Z [1m[92m   Compiling[0m percent-encoding v2.3.2
2026-10-08T22:03:55.0636561Z [1m[92m   Compiling[0m utf8-zero v0.8.1
2026-10-08T22:03:55.1506506Z [1m[92m   Compiling[0m ureq v3.4.2
2026-10-08T22:03:55.4756604Z [1m[92m   Compiling[0m tungstenite v0.30.0
2026-10-08T22:03:56.3626438Z [1m[92m   Compiling[0m instant-distance v0.6.1
2026-10-08T22:03:56.9316971Z [1m[92m   Compiling[0m rustls-pemfile v2.2.0
2026-10-08T22:03:57.0487660Z [1m[92m   Compiling[0m conduit-rp2040-network-realization v0.1.0 (/home/runner/work/conduit/conduit/targets/rp2040/network-realization)
2026-10-08T22:03:57.2032763Z [1m[92m   Compiling[0m conduit-emergency-keyword-spotter v0.1.0 (/home/runner/work/conduit/conduit/mechanisms/implementations/emergency-keyword-spotter)
2026-10-08T22:03:57.2314022Z [1m[92m   Compiling[0m patchbay-workbench-host-contract v0.1.0 (/home/runner/work/conduit/conduit/plots/patchbay/workbench/host-contract)
2026-10-08T22:03:57.2877558Z [1m[92m   Compiling[0m conduit-observatory v0.1.0 (/home/runner/work/conduit/conduit/architecture/observatory)
2026-10-08T22:03:57.2997023Z [1m[92m   Compiling[0m utf8parse v0.2.2
2026-10-08T22:03:57.3404548Z [1m[92m   Compiling[0m serde_json v1.0.151
2026-10-08T22:03:57.4366447Z [1m[92m   Compiling[0m anstyle-parse v1.0.0
2026-10-08T22:03:57.5407002Z [1m[92m   Compiling[0m is_terminal_polyfill v1.70.2
2026-10-08T22:03:57.5776395Z [1m[92m   Compiling[0m colorchoice v1.0.5
2026-10-08T22:03:57.6186934Z [1m[92m   Compiling[0m anstyle-query v1.1.5
2026-10-08T22:03:57.6606358Z [1m[92m   Compiling[0m anstyle v1.0.14
2026-10-08T22:03:57.8157132Z [1m[92m   Compiling[0m anstream v1.0.0
2026-10-08T22:03:59.0226737Z [1m[92m   Compiling[0m strsim v0.11.1
2026-10-08T22:03:59.2587033Z [1m[92m   Compiling[0m heck v0.5.0
2026-10-08T22:03:59.4034449Z [1m[92m   Compiling[0m clap_lex v1.1.1
2026-10-08T22:03:59.5338676Z [1m[92m   Compiling[0m clap_builder v4.6.7
2026-10-08T22:04:00.1676342Z [1m[92m   Compiling[0m clap_derive v4.6.7
2026-10-08T22:04:01.9067602Z [1m[92m   Compiling[0m conduit-browser-patchbay-workbench v0.1.0 (/home/runner/work/conduit/conduit/targets/browser/patchbay-workbench)
2026-10-08T22:04:02.1897396Z [1m[92m   Compiling[0m conduit-browser-host v0.1.0 (/home/runner/work/conduit/conduit/targets/browser/host)
2026-10-08T22:04:02.4436329Z [1m[92m   Compiling[0m clap v4.6.7
2026-10-08T22:04:02.4756926Z [1m[92m   Compiling[0m conduit-todo-face v0.1.0 (/home/runner/work/conduit/conduit/plots/todo/face)
2026-10-08T22:04:02.6667715Z [1m[92m   Compiling[0m patchbay-svg-mask v0.1.0 (/home/runner/work/conduit/conduit/plots/patchbay/workbench/svg-mask)
2026-10-08T22:04:02.7007004Z [1m[92m   Compiling[0m socket2 v0.6.5
2026-10-08T22:04:05.9260655Z [1m[92m   Compiling[0m conduit-planner v0.1.0 (/home/runner/work/conduit/conduit/architecture/planner)
2026-10-08T22:04:08.3810886Z [1m[92m   Compiling[0m conduit-speech v0.1.0 (/home/runner/work/conduit/conduit/semantics/speech)
2026-10-08T22:04:08.8454154Z [1m[92m   Compiling[0m conduit-semantic-catalog v0.1.0 (/home/runner/work/conduit/conduit/semantics/catalog)
2026-10-08T22:04:08.8457781Z [1m[92m   Compiling[0m conduit-alife-distributed-conformance v0.1.0 (/home/runner/work/conduit/conduit/proof/conformance/alife-distributed)
2026-10-08T22:04:09.0337163Z [1m[92m   Compiling[0m conduit-conduitos-mask-offer v0.1.0 (/home/runner/work/conduit/conduit/targets/conduitos/mask-offer)
2026-10-08T22:04:11.3225761Z [1m[92m   Compiling[0m conduit-host-make v0.1.0 (/home/runner/work/conduit/conduit/make/host)
2026-10-08T22:04:13.8307315Z [1m[92m   Compiling[0m conduit-std-offers v0.1.0 (/home/runner/work/conduit/conduit/targets/std/offers)
2026-10-08T22:04:14.6437318Z [1m[92m   Compiling[0m conduit-host-browser-make v0.1.0 (/home/runner/work/conduit/conduit/targets/browser/make)
2026-10-08T22:04:14.9177213Z [1m[92m   Compiling[0m conduit-host-avr-make v0.1.0 (/home/runner/work/conduit/conduit/targets/avr/make)
2026-10-08T22:04:15.0057043Z [1m[92m   Compiling[0m conduit-host-esp32-make v0.1.0 (/home/runner/work/conduit/conduit/targets/esp32/make)
2026-10-08T22:04:15.9446624Z [1m[92m   Compiling[0m conduit-host-rp2040 v0.1.0 (/home/runner/work/conduit/conduit/targets/rp2040/make)
2026-10-08T22:04:16.0214004Z [1m[92m   Compiling[0m conduit-host-hosted v0.1.0 (/home/runner/work/conduit/conduit/targets/std/make)
2026-10-08T22:04:16.1377151Z [1m[92m   Compiling[0m conduit-host-conduitos-make v0.1.0 (/home/runner/work/conduit/conduit/targets/conduitos/make)
2026-10-08T22:04:16.1847839Z [1m[92m   Compiling[0m conduit-linear-framebuffer-make v0.1.0 (/home/runner/work/conduit/conduit/mechanisms/implementations/linear-framebuffer-make)
2026-10-08T22:04:16.3267297Z [1m[92m   Compiling[0m conduit-host-orange-pi v0.1.0 (/home/runner/work/conduit/conduit/targets/orange-pi/make)
2026-10-08T22:04:16.3687076Z [1m[92m   Compiling[0m conduit-host-raspberry-pi v0.1.0 (/home/runner/work/conduit/conduit/targets/raspberry-pi/make)
2026-10-08T22:04:16.4027432Z [1m[92m   Compiling[0m conduit-signal-conformance v0.1.0 (/home/runner/work/conduit/conduit/proof/conformance/signal)
2026-10-08T22:04:16.4536993Z [1m[92m   Compiling[0m patchbay-graph v0.1.0 (/home/runner/work/conduit/conduit/plots/patchbay/graph)
2026-10-08T22:04:16.5046023Z [1m[92m   Compiling[0m conduit-browser-mask-offer v0.1.0 (/home/runner/work/conduit/conduit/targets/browser/mask-offer)
2026-10-08T22:04:16.7017386Z [1m[92m   Compiling[0m conduit-body-make v0.1.0 (/home/runner/work/conduit/conduit/make/body)
2026-10-08T22:04:16.8717085Z [1m[92m   Compiling[0m conduit-tour-model v0.1.0 (/home/runner/work/conduit/conduit/plots/tour)
2026-10-08T22:04:17.2657729Z [1m[92m   Compiling[0m patchbay-application v0.1.0 (/home/runner/work/conduit/conduit/plots/patchbay/application)
2026-10-08T22:04:17.3847522Z [1m[92m   Compiling[0m conduit-r1-network-conformance v0.1.0 (/home/runner/work/conduit/conduit/proof/conformance/network-r1)
2026-10-08T22:04:17.9467808Z [1m[92m   Compiling[0m conduit-workspace-make v0.1.0 (/home/runner/work/conduit/conduit/make/workspace)
2026-10-08T22:04:18.5167486Z [1m[92m   Compiling[0m conduit-patchbay-workbench-conformance v0.1.0 (/home/runner/work/conduit/conduit/proof/conformance/patchbay-workbench)
2026-10-08T22:04:20.6305737Z [1m[92m   Compiling[0m conduit-browser-runtime v0.1.0 (/home/runner/work/conduit/conduit/targets/browser/runtime)
2026-10-08T22:04:32.8373266Z [1m[92m   Compiling[0m conduit-patchbay-workbench v0.1.0 (/home/runner/work/conduit/conduit/plots/patchbay/workbench/model)
2026-10-08T22:07:07.5769891Z [1m[92m   Compiling[0m conduit-std-host v0.1.0 (/home/runner/work/conduit/conduit/targets/std)
2026-10-08T22:07:16.6523193Z [1m[92m   Compiling[0m patchbay-hosted v0.1.0 (/home/runner/work/conduit/conduit/targets/std/patchbay-workbench)
2026-10-08T22:07:16.7932200Z [1m[92m   Compiling[0m conduit v0.1.0 (/home/runner/work/conduit/conduit/products/conduit)
2026-10-08T22:07:32.7522430Z [1m[92m    Finished[0m `dev` profile [unoptimized] target(s) in 4m 57s
2026-10-08T22:07:32.7916679Z > cargo +1.98.1-x86_64-unknown-linux-gnu xtask make host release --platform browser --output /home/runner/work/conduit/conduit/target/pipeline/browser/host-release --locked
2026-10-08T22:07:33.0301611Z [1m[92m    Finished[0m `dev` profile [unoptimized] target(s) in 0.23s
2026-10-08T22:07:33.0374089Z [1m[92m     Running[0m `target/debug/conduit-xtask-dispatch make host release --platform browser --output /home/runner/work/conduit/conduit/target/pipeline/browser/host-release --locked`
2026-10-08T22:07:33.3589396Z [1m[92m   Compiling[0m proc-macro2 v1.0.107
2026-10-08T22:07:33.3590132Z [1m[92m   Compiling[0m unicode-ident v1.0.26
2026-10-08T22:07:33.3590662Z [1m[92m   Compiling[0m quote v1.0.47
2026-10-08T22:07:33.3591334Z [1m[92m   Compiling[0m version_check v0.9.5
2026-10-08T22:07:33.4190482Z [1m[92m   Compiling[0m typenum v1.20.1
2026-10-08T22:07:33.5066942Z [1m[92m   Compiling[0m libm v0.2.16
2026-10-08T22:07:33.5689980Z [1m[92m   Compiling[0m generic-array v0.14.7
2026-10-08T22:07:33.6537557Z [1m[92m   Compiling[0m cfg-if v1.0.5
2026-10-08T22:07:33.6586147Z [1m[92m   Compiling[0m cpufeatures v0.2.17
2026-10-08T22:07:33.6822778Z [1m[92m   Compiling[0m serde_core v1.0.229
2026-10-08T22:07:33.8606519Z [1m[92m   Compiling[0m serde v1.0.229
2026-10-08T22:07:34.2196955Z [1m[92m   Compiling[0m syn v3.0.6
2026-10-08T22:07:34.6626567Z [1m[92m   Compiling[0m block-buffer v0.10.4
2026-10-08T22:07:34.7338276Z [1m[92m   Compiling[0m crypto-common v0.1.7
2026-10-08T22:07:34.7796933Z [1m[92m   Compiling[0m digest v0.10.7
2026-10-08T22:07:34.8936402Z [1m[92m   Compiling[0m sha2 v0.10.9
2026-10-08T22:07:35.9196436Z [1m[92m   Compiling[0m thiserror v2.0.20
2026-10-08T22:07:36.1396489Z [1m[92m   Compiling[0m zmij v1.0.23
2026-10-08T22:07:36.2836995Z [1m[92m   Compiling[0m serde_json v1.0.151
2026-10-08T22:07:36.3976389Z [1m[92m   Compiling[0m itoa v1.0.18
2026-10-08T22:07:36.5076520Z [1m[92m   Compiling[0m memchr v2.8.3
2026-10-08T22:07:36.6639266Z [1m[92m   Compiling[0m minicbor v2.3.0
2026-10-08T22:07:37.1386749Z [1m[92m   Compiling[0m hashbrown v0.17.1
2026-10-08T22:07:37.5833739Z [1m[92m   Compiling[0m equivalent v1.0.2
2026-10-08T22:07:37.6176413Z [1m[92m   Compiling[0m utf8parse v0.2.2
2026-10-08T22:07:37.6646533Z [1m[92m   Compiling[0m toml_write v0.1.2
2026-10-08T22:07:37.7006655Z [1m[92m   Compiling[0m indexmap v2.14.2
2026-10-08T22:07:37.7952584Z [1m[92m   Compiling[0m winnow v0.7.15
2026-10-08T22:07:38.0546498Z [1m[92m   Compiling[0m serde_derive v1.0.229
2026-10-08T22:07:38.3377164Z [1m[92m   Compiling[0m thiserror-impl v2.0.20
2026-10-08T22:07:38.4287245Z [1m[92m   Compiling[0m anstyle-parse v1.0.0
2026-10-08T22:07:38.5436655Z [1m[92m   Compiling[0m is_terminal_polyfill v1.70.2
2026-10-08T22:07:38.5793878Z [1m[92m   Compiling[0m anstyle v1.0.14
2026-10-08T22:07:38.7436565Z [1m[92m   Compiling[0m anstyle-query v1.1.5
2026-10-08T22:07:38.7836902Z [1m[92m   Compiling[0m colorchoice v1.0.5
2026-10-08T22:07:38.8286246Z [1m[92m   Compiling[0m anstream v1.0.0
2026-10-08T22:07:39.0527112Z [1m[92m   Compiling[0m heck v0.5.0
2026-10-08T22:07:39.1896576Z [1m[92m   Compiling[0m clap_lex v1.1.1
2026-10-08T22:07:39.3206558Z [1m[92m   Compiling[0m strsim v0.11.1
2026-10-08T22:07:39.5086824Z [1m[92m   Compiling[0m cobs v0.3.0
2026-10-08T22:07:39.5526878Z [1m[92m   Compiling[0m clap_builder v4.6.7
2026-10-08T22:07:39.5586212Z [1m[92m   Compiling[0m clap_derive v4.6.7
2026-10-08T22:07:40.8780232Z [1m[92m   Compiling[0m conduit-assigned-plan v0.1.0 (/home/runner/work/conduit/conduit/architecture/assigned-plan)
2026-10-08T22:07:41.1157086Z [1m[92m   Compiling[0m conduit-core v0.1.0 (/home/runner/work/conduit/conduit/architecture/core)
2026-10-08T22:07:41.2766908Z [1m[92m   Compiling[0m postcard v1.1.3
2026-10-08T22:07:41.5556581Z [1m[92m   Compiling[0m serde_spanned v0.6.9
2026-10-08T22:07:41.6211591Z [1m[92m   Compiling[0m toml_datetime v0.6.11
2026-10-08T22:07:41.7976984Z [1m[92m   Compiling[0m toml_edit v0.22.27
2026-10-08T22:07:42.6386471Z [1m[92m   Compiling[0m clap v4.6.7
2026-10-08T22:07:43.5508287Z [1m[92m   Compiling[0m toml v0.8.23
2026-10-08T22:07:49.4551982Z [1m[92m   Compiling[0m conduit-plot v0.1.0 (/home/runner/work/conduit/conduit/architecture/plot)
2026-10-08T22:07:51.2747704Z [1m[92m   Compiling[0m conduit-body v0.1.0 (/home/runner/work/conduit/conduit/architecture/body)
2026-10-08T22:07:58.1718071Z [1m[92m   Compiling[0m conduit-time v0.1.0 (/home/runner/work/conduit/conduit/semantics/time)
2026-10-08T22:07:58.1735278Z [1m[92m   Compiling[0m conduit-human v0.1.0 (/home/runner/work/conduit/conduit/semantics/human)
2026-10-08T22:07:58.2397472Z [1m[92m   Compiling[0m conduit-audio v0.1.0 (/home/runner/work/conduit/conduit/semantics/audio)
2026-10-08T22:08:05.4449882Z [1m[92m   Compiling[0m conduit-data v0.1.0 (/home/runner/work/conduit/conduit/semantics/data)
2026-10-08T22:08:06.1499678Z [1m[92m   Compiling[0m conduit-presentation v0.1.0 (/home/runner/work/conduit/conduit/semantics/presentation)
2026-10-08T22:08:11.4156808Z [1m[92m   Compiling[0m conduit-process v0.1.0 (/home/runner/work/conduit/conduit/semantics/process)
2026-10-08T22:08:11.6667048Z [1m[92m   Compiling[0m conduit-alife v0.1.0 (/home/runner/work/conduit/conduit/semantics/alife)
2026-10-08T22:08:12.0297907Z [1m[92m   Compiling[0m conduit-net v0.1.0 (/home/runner/work/conduit/conduit/semantics/net)
2026-10-08T22:08:12.2717003Z [1m[92m   Compiling[0m conduit-text v0.1.0 (/home/runner/work/conduit/conduit/semantics/text)
2026-10-08T22:08:12.5517216Z [1m[92m   Compiling[0m conduit-robotics v0.1.0 (/home/runner/work/conduit/conduit/semantics/robotics)
2026-10-08T22:08:12.8909017Z [1m[92m   Compiling[0m conduit-purpose v0.1.0 (/home/runner/work/conduit/conduit/semantics/purpose)
2026-10-08T22:08:13.1157297Z [1m[92m   Compiling[0m conduit-web v0.1.0 (/home/runner/work/conduit/conduit/semantics/web)
2026-10-08T22:08:14.9917236Z [1m[92m   Compiling[0m conduit-education v0.1.0 (/home/runner/work/conduit/conduit/semantics/education)
2026-10-08T22:08:16.5817558Z [1m[92m   Compiling[0m conduit-midi v0.1.0 (/home/runner/work/conduit/conduit/mechanisms/protocols/midi)
2026-10-08T22:08:18.2057424Z [1m[92m   Compiling[0m conduit-semantic-catalog v0.1.0 (/home/runner/work/conduit/conduit/semantics/catalog)
2026-10-08T22:08:19.8547243Z [1m[92m   Compiling[0m conduit-host-make v0.1.0 (/home/runner/work/conduit/conduit/make/host)
2026-10-08T22:08:21.9499081Z [1m[92m   Compiling[0m conduit-host-browser-make v0.1.0 (/home/runner/work/conduit/conduit/targets/browser/make)
2026-10-08T22:08:22.4943493Z [1m[92m   Compiling[0m conduit-xtask-dispatch v0.1.0 (/home/runner/work/conduit/conduit/tools/xtask-dispatch)
2026-10-08T22:08:23.2794464Z [1m[92m    Finished[0m `dev` profile [unoptimized] target(s) in 50.22s
2026-10-08T22:08:23.2920309Z [1m[92m     Running[0m `target/xtask-host-release/debug/conduit-xtask-dispatch host release --platform browser --output /home/runner/work/conduit/conduit/target/pipeline/browser/host-release --locked`
2026-10-08T22:08:23.6666107Z [1m[92m   Compiling[0m proc-macro2 v1.0.107
2026-10-08T22:08:23.6667013Z [1m[92m   Compiling[0m unicode-ident v1.0.26
2026-10-08T22:08:23.6667766Z [1m[92m   Compiling[0m quote v1.0.47
2026-10-08T22:08:23.6668478Z [1m[92m   Compiling[0m version_check v0.9.5
2026-10-08T22:08:23.7277047Z [1m[92m   Compiling[0m libm v0.2.16
2026-10-08T22:08:23.8205136Z [1m[92m   Compiling[0m typenum v1.20.1
2026-10-08T22:08:23.8616537Z [1m[92m   Compiling[0m generic-array v0.14.7
2026-10-08T22:08:23.8863741Z [1m[92m   Compiling[0m serde_core v1.0.229
2026-10-08T22:08:23.9546518Z [1m[92m   Compiling[0m serde v1.0.229
2026-10-08T22:08:24.1356480Z [1m[92m   Compiling[0m cpufeatures v0.2.17
2026-10-08T22:08:24.1670772Z [1m[92m   Compiling[0m cfg-if v1.0.5
2026-10-08T22:08:24.6416698Z [1m[92m   Compiling[0m syn v3.0.6
2026-10-08T22:08:25.0725558Z [1m[92m   Compiling[0m crypto-common v0.1.7
2026-10-08T22:08:25.1246608Z [1m[92m   Compiling[0m block-buffer v0.10.4
2026-10-08T22:08:25.1926905Z [1m[92m   Compiling[0m digest v0.10.7
2026-10-08T22:08:25.2967037Z [1m[92m   Compiling[0m sha2 v0.10.9
2026-10-08T22:08:27.0206630Z [1m[92m   Compiling[0m serde_derive v1.0.229
2026-10-08T22:08:27.9316553Z [1m[92m   Compiling[0m thiserror v2.0.20
2026-10-08T22:08:28.1127197Z [1m[92m   Compiling[0m thiserror-impl v2.0.20
2026-10-08T22:08:28.2276579Z [1m[92m   Compiling[0m semver v1.0.28
2026-10-08T22:08:28.2796603Z [1m[92m   Compiling[0m zmij v1.0.23
2026-10-08T22:08:28.4245547Z [1m[92m   Compiling[0m rustc_version v0.4.1
2026-10-08T22:08:28.4396475Z [1m[92m   Compiling[0m serde_json v1.0.151
2026-10-08T22:08:28.6326583Z [1m[92m   Compiling[0m curve25519-dalek v4.1.3
2026-10-08T22:08:28.7106634Z [1m[92m   Compiling[0m memchr v2.8.3
2026-10-08T22:08:28.7393712Z [1m[92m   Compiling[0m itoa v1.0.18
2026-10-08T22:08:28.9426480Z [1m[92m   Compiling[0m subtle v2.6.1
2026-10-08T22:08:29.2436448Z [1m[92m   Compiling[0m zeroize v1.9.0
2026-10-08T22:08:29.2505575Z [1m[92m   Compiling[0m signature v2.2.0
2026-10-08T22:08:29.2946967Z [1m[92m   Compiling[0m ed25519 v2.2.3
2026-10-08T22:08:29.4396868Z [1m[92m   Compiling[0m cobs v0.3.0
2026-10-08T22:08:29.6066587Z [1m[92m   Compiling[0m minicbor v2.3.0
2026-10-08T22:08:30.4647865Z [1m[92m   Compiling[0m conduit-assigned-plan v0.1.0 (/home/runner/work/conduit/conduit/architecture/assigned-plan)
2026-10-08T22:08:30.6506967Z [1m[92m   Compiling[0m conduit-core v0.1.0 (/home/runner/work/conduit/conduit/architecture/core)
2026-10-08T22:08:30.9186576Z [1m[92m   Compiling[0m ed25519-dalek v2.2.0
2026-10-08T22:08:31.1716757Z [1m[92m   Compiling[0m hashbrown v0.17.1
2026-10-08T22:08:31.2682002Z [1m[92m   Compiling[0m postcard v1.1.3
2026-10-08T22:08:31.7007343Z [1m[92m   Compiling[0m conduit-kernel v0.1.0 (/home/runner/work/conduit/conduit/architecture/kernel)
2026-10-08T22:08:31.7356902Z [1m[92m   Compiling[0m equivalent v1.0.2
2026-10-08T22:08:31.7717101Z [1m[92m   Compiling[0m indexmap v2.14.2
2026-10-08T22:08:32.4099719Z [1m[92m   Compiling[0m toml_datetime v0.6.11
2026-10-08T22:08:32.7316510Z [1m[92m   Compiling[0m serde_spanned v0.6.9
2026-10-08T22:08:32.8026541Z [1m[92m   Compiling[0m toml_write v0.1.2
2026-10-08T22:08:32.9586385Z [1m[92m   Compiling[0m winnow v0.7.15
2026-10-08T22:08:33.1556549Z [1m[92m   Compiling[0m proc-macro-error-attr v1.0.4
2026-10-08T22:08:33.2351787Z [1m[92m   Compiling[0m syn v1.0.109
2026-10-08T22:08:33.4166588Z [1m[92m   Compiling[0m syn v2.0.119
2026-10-08T22:08:35.0946881Z [1m[92m   Compiling[0m toml_edit v0.22.27
2026-10-08T22:08:37.1366514Z [1m[92m   Compiling[0m toml v0.8.23
2026-10-08T22:08:38.5137007Z [1m[92m   Compiling[0m proc-macro-error v1.0.4
2026-10-08T22:08:39.4776750Z [1m[92m   Compiling[0m byteorder v1.5.0
2026-10-08T22:08:39.6026973Z [1m[92m   Compiling[0m heapless v0.8.0
2026-10-08T22:08:39.7367504Z [1m[92m   Compiling[0m thiserror v1.0.69
2026-10-08T22:08:39.9396554Z [1m[92m   Compiling[0m hash32 v0.3.1
2026-10-08T22:08:40.0197166Z [1m[92m   Compiling[0m thiserror-impl v1.0.69
2026-10-08T22:08:41.0366549Z [1m[92m   Compiling[0m hybrid-array v0.4.15
2026-10-08T22:08:41.5696660Z [1m[92m   Compiling[0m stable_deref_trait v1.2.1
2026-10-08T22:08:42.1286707Z [1m[92m   Compiling[0m siphasher v1.0.3
2026-10-08T22:08:42.2797408Z [1m[92m   Compiling[0m conduit-plot v0.1.0 (/home/runner/work/conduit/conduit/architecture/plot)
2026-10-08T22:08:43.3196436Z [1m[92m   Compiling[0m ryu v1.0.23
2026-10-08T22:08:43.5287140Z [1m[92m   Compiling[0m serde-json-core v0.6.0
2026-10-08T22:08:44.4797451Z [1m[92m   Compiling[0m conduit-body v0.1.0 (/home/runner/work/conduit/conduit/architecture/body)
2026-10-08T22:08:53.5407197Z [1m[92m   Compiling[0m conduit-time v0.1.0 (/home/runner/work/conduit/conduit/semantics/time)
2026-10-08T22:08:58.7407806Z [1m[92m   Compiling[0m conduit-human v0.1.0 (/home/runner/work/conduit/conduit/semantics/human)
2026-10-08T22:09:01.1456983Z [1m[92m   Compiling[0m conduit-data v0.1.0 (/home/runner/work/conduit/conduit/semantics/data)
2026-10-08T22:09:03.8567039Z [1m[92m   Compiling[0m conduit-presentation v0.1.0 (/home/runner/work/conduit/conduit/semantics/presentation)
2026-10-08T22:09:04.7366900Z [1m[92m   Compiling[0m conduit-audio v0.1.0 (/home/runner/work/conduit/conduit/semantics/audio)
2026-10-08T22:09:13.8887293Z [1m[92m   Compiling[0m conduit-web v0.1.0 (/home/runner/work/conduit/conduit/semantics/web)
2026-10-08T22:09:21.6066707Z [1m[92m   Compiling[0m conduit-language v0.1.0 (/home/runner/work/conduit/conduit/semantics/language)
2026-10-08T22:09:21.8377548Z [1m[92m   Compiling[0m conduit-net v0.1.0 (/home/runner/work/conduit/conduit/semantics/net)
2026-10-08T22:09:22.0507325Z [1m[92m   Compiling[0m conduit-text v0.1.0 (/home/runner/work/conduit/conduit/semantics/text)
2026-10-08T22:09:33.1917388Z [1m[92m   Compiling[0m conduit-process v0.1.0 (/home/runner/work/conduit/conduit/semantics/process)
2026-10-08T22:09:33.3002992Z [1m[92m   Compiling[0m conduit-education v0.1.0 (/home/runner/work/conduit/conduit/semantics/education)
2026-10-08T22:09:33.4196979Z [1m[92m   Compiling[0m conduit-alife v0.1.0 (/home/runner/work/conduit/conduit/semantics/alife)
2026-10-08T22:09:33.5526065Z [1m[92m   Compiling[0m conduit-robotics v0.1.0 (/home/runner/work/conduit/conduit/semantics/robotics)
2026-10-08T22:09:33.7387189Z [1m[92m   Compiling[0m conduit-purpose v0.1.0 (/home/runner/work/conduit/conduit/semantics/purpose)
2026-10-08T22:09:39.7036933Z [1m[92m   Compiling[0m conduit-midi v0.1.0 (/home/runner/work/conduit/conduit/mechanisms/protocols/midi)
2026-10-08T22:09:40.0527398Z [1m[92m   Compiling[0m conduit-ai v0.1.0 (/home/runner/work/conduit/conduit/semantics/ai)
2026-10-08T22:09:40.1032609Z [1m[92m   Compiling[0m conduit-chat v0.1.0 (/home/runner/work/conduit/conduit/semantics/chat)
2026-10-08T22:09:40.4137008Z [1m[92m   Compiling[0m conduit-signal v0.1.0 (/home/runner/work/conduit/conduit/semantics/signal)
2026-10-08T22:09:40.7470597Z [1m[92m   Compiling[0m conduit-wire v0.1.0 (/home/runner/work/conduit/conduit/architecture/wire)
2026-10-08T22:09:40.9616676Z [1m[92m   Compiling[0m phf_shared v0.11.3
2026-10-08T22:09:41.0686510Z [1m[92m   Compiling[0m str-newtype-derive v2.0.0
2026-10-08T22:09:41.1076523Z [1m[92m   Compiling[0m static-automata-macros v1.0.3
2026-10-08T22:09:41.2887108Z [1m[92m   Compiling[0m block-buffer v0.12.1
2026-10-08T22:09:41.3712477Z [1m[92m   Compiling[0m crypto-common v0.2.2
2026-10-08T22:09:41.9386309Z [1m[92m   Compiling[0m option-ext v0.2.0
2026-10-08T22:09:41.9696403Z [1m[92m   Compiling[0m anyhow v1.0.104
2026-10-08T22:09:42.1140480Z [1m[92m   Compiling[0m const-oid v0.10.2
2026-10-08T22:09:42.3017182Z [1m[92m   Compiling[0m digest v0.11.3
2026-10-08T22:09:42.4406346Z [1m[92m   Compiling[0m dirs-sys v0.5.0
2026-10-08T22:09:42.4937235Z [1m[92m   Compiling[0m str-newtype v2.0.0
2026-10-08T22:09:42.5296966Z [1m[92m   Compiling[0m static-automata v1.0.3
2026-10-08T22:09:42.5755384Z [1m[92m   Compiling[0m phf v0.11.3
2026-10-08T22:09:42.6716833Z [1m[92m   Compiling[0m conduit-todo-plot v0.1.0 (/home/runner/work/conduit/conduit/plots/todo/model)
2026-10-08T22:09:42.9861134Z [1m[92m   Compiling[0m speaking v0.1.0 (https://github.com/dancxjo/tongues.git?rev=b5d7535b2ccd3730b4db878fb61b2e4e48ae89c9#b5d7535b)
2026-10-08T22:09:42.9966719Z [1m[92m   Compiling[0m tinyvec v1.13.3
2026-10-08T22:09:43.3246774Z [1m[92m   Compiling[0m unicode-normalization v0.1.25
2026-10-08T22:09:43.7676817Z [1m[92m   Compiling[0m isolang v2.4.0
2026-10-08T22:09:44.3116364Z [1m[92m   Compiling[0m langtag v1.1.0
2026-10-08T22:09:46.6295443Z [1m[92m   Compiling[0m dirs v6.0.0
2026-10-08T22:09:47.2473170Z [1m[92m   Compiling[0m sha2 v0.11.0
2026-10-08T22:09:48.5628875Z [1m[92m   Compiling[0m conduit-tongues v0.1.0 (/home/runner/work/conduit/conduit/semantics/tongues)
2026-10-08T22:09:48.8396959Z [1m[92m   Compiling[0m conduit-plot-library v0.1.0 (/home/runner/work/conduit/conduit/semantics/plot-library)
2026-10-08T22:09:49.0337612Z [1m[92m   Compiling[0m conduit-tutorial-plot v0.1.0 (/home/runner/work/conduit/conduit/semantics/tutorial)
2026-10-08T22:09:49.2397585Z [1m[92m   Compiling[0m conduit-body-invitation-plot v0.1.0 (/home/runner/work/conduit/conduit/semantics/body-invitation)
2026-10-08T22:09:49.4427113Z [1m[92m   Compiling[0m conduit-plan-lowering v0.1.0 (/home/runner/work/conduit/conduit/architecture/plan-lowering)
2026-10-08T22:09:51.4677087Z [1m[92m   Compiling[0m unicode-segmentation v1.13.3
2026-10-08T22:09:52.6677683Z [1m[92m   Compiling[0m conduit-bluetooth v0.1.0 (/home/runner/work/conduit/conduit/mechanisms/protocols/bluetooth)
2026-10-08T22:09:53.0627134Z [1m[92m   Compiling[0m patchbay-control v0.1.0 (/home/runner/work/conduit/conduit/plots/patchbay)
2026-10-08T22:09:53.7906968Z [1m[92m   Compiling[0m conduit-composite v0.1.0 (/home/runner/work/conduit/conduit/architecture/composite)
2026-10-08T22:10:00.7727009Z [1m[92m   Compiling[0m conduit-synth v0.1.0 (/home/runner/work/conduit/conduit/mechanisms/implementations/synth)
2026-10-08T22:10:01.1266892Z [1m[92m   Compiling[0m conduit-birth-plot v0.1.0 (/home/runner/work/conduit/conduit/plots/birth)
2026-10-08T22:10:08.4307390Z [1m[92m   Compiling[0m conduit-little-seismograph-fixture v0.1.0 (/home/runner/work/conduit/conduit/plots/little-seismograph/fixture)
2026-10-08T22:10:08.5656373Z [1m[92m   Compiling[0m qrcode v0.14.1
2026-10-08T22:10:09.6101820Z [1m[92m   Compiling[0m conduit-planner v0.1.0 (/home/runner/work/conduit/conduit/architecture/planner)
2026-10-08T22:10:19.1817308Z [1m[92m   Compiling[0m conduit-semantic-catalog v0.1.0 (/home/runner/work/conduit/conduit/semantics/catalog)
2026-10-08T22:10:26.2347247Z [1m[92m   Compiling[0m conduit-host-make v0.1.0 (/home/runner/work/conduit/conduit/make/host)
2026-10-08T22:10:31.9645810Z [1m[92m   Compiling[0m conduit-std-offers v0.1.0 (/home/runner/work/conduit/conduit/targets/std/offers)
2026-10-08T22:10:32.8457182Z [1m[92m   Compiling[0m conduit-host-browser-make v0.1.0 (/home/runner/work/conduit/conduit/targets/browser/make)
2026-10-08T22:10:33.1177025Z [1m[92m   Compiling[0m patchbay-graph v0.1.0 (/home/runner/work/conduit/conduit/plots/patchbay/graph)
2026-10-08T22:10:33.4817215Z [1m[92m   Compiling[0m conduit-browser-mask-offer v0.1.0 (/home/runner/work/conduit/conduit/targets/browser/mask-offer)
2026-10-08T22:10:33.8607757Z [1m[92m   Compiling[0m patchbay-application v0.1.0 (/home/runner/work/conduit/conduit/plots/patchbay/application)
2026-10-08T22:10:34.9816951Z [1m[92m   Compiling[0m conduit-host-hosted v0.1.0 (/home/runner/work/conduit/conduit/targets/std/make)
2026-10-08T22:10:35.8018159Z [1m[92m   Compiling[0m conduit-signal-conformance v0.1.0 (/home/runner/work/conduit/conduit/proof/conformance/signal)
2026-10-08T22:10:36.7347207Z [1m[92m   Compiling[0m conduit-host-orange-pi v0.1.0 (/home/runner/work/conduit/conduit/targets/orange-pi/make)
2026-10-08T22:10:37.2767369Z [1m[92m   Compiling[0m conduit-body-make v0.1.0 (/home/runner/work/conduit/conduit/make/body)
2026-10-08T22:10:38.4290441Z [1m[92m   Compiling[0m conduit-host-rp2040 v0.1.0 (/home/runner/work/conduit/conduit/targets/rp2040/make)
2026-10-08T22:10:38.5127566Z [1m[92m   Compiling[0m conduit-host-conduitos-make v0.1.0 (/home/runner/work/conduit/conduit/targets/conduitos/make)
2026-10-08T22:10:39.1387886Z [1m[92m   Compiling[0m conduit-host-esp32-make v0.1.0 (/home/runner/work/conduit/conduit/targets/esp32/make)
2026-10-08T22:10:39.8287602Z [1m[92m   Compiling[0m conduit-linear-framebuffer-make v0.1.0 (/home/runner/work/conduit/conduit/mechanisms/implementations/linear-framebuffer-make)
2026-10-08T22:10:40.2277907Z [1m[92m   Compiling[0m conduit-host-raspberry-pi v0.1.0 (/home/runner/work/conduit/conduit/targets/raspberry-pi/make)
2026-10-08T22:10:40.3167692Z [1m[92m   Compiling[0m conduit-host-avr-make v0.1.0 (/home/runner/work/conduit/conduit/targets/avr/make)
2026-10-08T22:10:40.4057473Z [1m[92m   Compiling[0m conduit-tour-model v0.1.0 (/home/runner/work/conduit/conduit/plots/tour)
2026-10-08T22:10:48.8142396Z [1m[92m   Compiling[0m conduit-browser-runtime v0.1.0 (/home/runner/work/conduit/conduit/targets/browser/runtime)
2026-10-08T22:11:15.6089113Z [1m[92m    Finished[0m `release` profile [optimized] target(s) in 2m 52s
2026-10-08T22:11:15.9124191Z SEALED existing-computer Host releases in /home/runner/work/conduit/conduit/target/pipeline/browser/host-release
2026-10-08T22:11:15.9131856Z > cargo +1.98.1-x86_64-unknown-linux-gnu xtask make host release-catalog --root /home/runner/work/conduit/conduit/target/pipeline/browser/host-release --generation 1 --locked
2026-10-08T22:11:16.1506704Z [1m[92m    Finished[0m `dev` profile [unoptimized] target(s) in 0.22s
2026-10-08T22:11:16.1570490Z [1m[92m     Running[0m `target/debug/conduit-xtask-dispatch make host release-catalog --root /home/runner/work/conduit/conduit/target/pipeline/browser/host-release --generation 1 --locked`
2026-10-08T22:11:16.1656585Z SEALED release catalog /home/runner/work/conduit/conduit/target/pipeline/browser/host-release/release-catalog.json generation=1 targets=1
2026-10-08T22:11:16.1662411Z > sh targets/browser/tools/stage-browser-workspace.sh /home/runner/work/conduit/conduit/target/pipeline/browser/host-release/runtime.wasm target/workspace-product /home/runner/work/conduit/conduit/target/pipeline/browser/host-release
2026-10-08T22:11:16.5423117Z [1m[92m    Finished[0m `dev` profile [unoptimized] target(s) in 0.22s
2026-10-08T22:11:16.5485139Z [1m[92m     Running[0m `target/debug/conduit-xtask-dispatch make host release-catalog --root target/workspace-product/artifacts --generation 1`
2026-10-08T22:11:16.5564241Z SEALED release catalog target/workspace-product/artifacts/release-catalog.json generation=1 targets=1
2026-10-08T22:11:16.8210987Z [1m[92m    Finished[0m `dev` profile [unoptimized] target(s) in 0.22s
2026-10-08T22:11:16.8276783Z [1m[92m     Running[0m `target/debug/conduit-xtask-dispatch check plots bundle-initial-body --output target/workspace-product/plots/initial-body.conduit`
2026-10-08T22:11:17.0252070Z [1m[92m Downloading[0m crates ...
2026-10-08T22:11:17.0629431Z [1m[92m  Downloaded[0m adler2 v2.0.1
2026-10-08T22:11:17.0642962Z [1m[92m  Downloaded[0m console v0.16.6
2026-10-08T22:11:17.0661968Z [1m[92m  Downloaded[0m base64 v0.22.1
2026-10-08T22:11:17.0699522Z [1m[92m  Downloaded[0m bitflags v2.13.2
2026-10-08T22:11:17.0744956Z [1m[92m  Downloaded[0m cliclack v0.5.6
2026-10-08T22:11:17.0775774Z [1m[92m  Downloaded[0m arrayref v0.3.9
2026-10-08T22:11:17.0788373Z [1m[92m  Downloaded[0m fdeflate v0.3.7
2026-10-08T22:11:17.0804913Z [1m[92m  Downloaded[0m limine v0.5.0
2026-10-08T22:11:17.0822820Z [1m[92m  Downloaded[0m base64 v0.13.1
2026-10-08T22:11:17.0853160Z [1m[92m  Downloaded[0m hash32 v0.2.1
2026-10-08T22:11:17.0867834Z [1m[92m  Downloaded[0m pin-project-lite v0.2.17
2026-10-08T22:11:17.0925689Z [1m[92m  Downloaded[0m displaydoc v0.2.7
2026-10-08T22:11:17.0947321Z [1m[92m  Downloaded[0m icu_locale_core v2.3.0
2026-10-08T22:11:17.1017099Z [1m[92m  Downloaded[0m bytemuck v1.25.2
2026-10-08T22:11:17.1049359Z [1m[92m  Downloaded[0m futures-io v0.3.34
2026-10-08T22:11:17.1058279Z [1m[92m  Downloaded[0m euclid v0.22.14
2026-10-08T22:11:17.1090199Z [1m[92m  Downloaded[0m indicatif v0.18.6
2026-10-08T22:11:17.1125334Z [1m[92m  Downloaded[0m futures-task v0.3.34
2026-10-08T22:11:17.1137776Z [1m[92m  Downloaded[0m miniz_oxide v0.8.9
2026-10-08T22:11:17.1161940Z [1m[92m  Downloaded[0m data-url v0.3.2
2026-10-08T22:11:17.1177840Z [1m[92m  Downloaded[0m icu_locale_fallback_data v2.3.0
2026-10-08T22:11:17.1188934Z [1m[92m  Downloaded[0m float-cmp v0.9.0
2026-10-08T22:11:17.1200809Z [1m[92m  Downloaded[0m icu_locale_fallback v2.3.0
2026-10-08T22:11:17.1212867Z [1m[92m  Downloaded[0m pulldown-cmark-escape v0.11.0
2026-10-08T22:11:17.1220783Z [1m[92m  Downloaded[0m roxmltree v0.20.0
2026-10-08T22:11:17.1349163Z [1m[92m  Downloaded[0m simd-adler32 v0.3.10
2026-10-08T22:11:17.1369039Z [1m[92m  Downloaded[0m bitflags v1.3.2
2026-10-08T22:11:17.1402268Z [1m[92m  Downloaded[0m rgb v0.8.53
2026-10-08T22:11:17.1426819Z [1m[92m  Downloaded[0m spin v0.9.9
2026-10-08T22:11:17.1450085Z [1m[92m  Downloaded[0m tinystr v0.8.4
2026-10-08T22:11:17.1470644Z [1m[92m  Downloaded[0m unit-prefix v0.5.2
2026-10-08T22:11:17.1482335Z [1m[92m  Downloaded[0m potential_utf v0.1.6
2026-10-08T22:11:17.1492934Z [1m[92m  Downloaded[0m sha1 v0.10.7
2026-10-08T22:11:17.1508884Z [1m[92m  Downloaded[0m strict-num v0.1.1
2026-10-08T22:11:17.1519448Z [1m[92m  Downloaded[0m synstructure v0.14.0
2026-10-08T22:11:17.1529457Z [1m[92m  Downloaded[0m imagesize v0.13.0
2026-10-08T22:11:17.1554482Z [1m[92m  Downloaded[0m pico-args v0.5.0
2026-10-08T22:11:17.1568204Z [1m[92m  Downloaded[0m resvg v0.45.1
2026-10-08T22:11:17.1595653Z [1m[92m  Downloaded[0m unicase v2.9.0
2026-10-08T22:11:17.1610327Z [1m[92m  Downloaded[0m utf8_iter v1.0.4
2026-10-08T22:11:17.1620416Z [1m[92m  Downloaded[0m futures-sink v0.3.34
2026-10-08T22:11:17.1628974Z [1m[92m  Downloaded[0m futures-channel v0.3.34
2026-10-08T22:11:17.1647582Z [1m[92m  Downloaded[0m yoke-derive v0.8.3
2026-10-08T22:11:17.1659263Z [1m[92m  Downloaded[0m simplecss v0.2.2
2026-10-08T22:11:17.1677230Z [1m[92m  Downloaded[0m zerofrom v0.1.8
2026-10-08T22:11:17.1687266Z [1m[92m  Downloaded[0m zerofrom-derive v0.1.8
2026-10-08T22:11:17.1697491Z [1m[92m  Downloaded[0m slab v0.4.12
2026-10-08T22:11:17.1710518Z [1m[92m  Downloaded[0m xmlwriter v0.1.0
2026-10-08T22:11:17.1720559Z [1m[92m  Downloaded[0m writeable v0.6.4
2026-10-08T22:11:17.1741061Z [1m[92m  Downloaded[0m heapless v0.7.17
2026-10-08T22:11:17.1778042Z [1m[92m  Downloaded[0m embedded-websocket v0.9.5
2026-10-08T22:11:17.1796121Z [1m[92m  Downloaded[0m svgtypes v0.15.3
2026-10-08T22:11:17.1819908Z [1m[92m  Downloaded[0m crc32fast v1.5.2
2026-10-08T22:11:17.1840128Z [1m[92m  Downloaded[0m icu_provider v2.3.1
2026-10-08T22:11:17.1866576Z [1m[92m  Downloaded[0m zerovec-derive v0.11.6
2026-10-08T22:11:17.1883565Z [1m[92m  Downloaded[0m flate2 v1.1.10
2026-10-08T22:11:17.1932189Z [1m[92m  Downloaded[0m kurbo v0.11.3
2026-10-08T22:11:17.1975109Z [1m[92m  Downloaded[0m getopts v0.2.24
2026-10-08T22:11:17.1991137Z [1m[92m  Downloaded[0m litemap v0.8.3
2026-10-08T22:11:17.2014512Z [1m[92m  Downloaded[0m smawk v0.3.3
2026-10-08T22:11:17.2031554Z [1m[92m  Downloaded[0m yoke v0.8.3
2026-10-08T22:11:17.2050823Z [1m[92m  Downloaded[0m miniz_oxide v0.9.1
2026-10-08T22:11:17.2075804Z [1m[92m  Downloaded[0m tiny-skia-path v0.11.4
2026-10-08T22:11:17.2094110Z [1m[92m  Downloaded[0m futures-core v0.3.34
2026-10-08T22:11:17.2108291Z [1m[92m  Downloaded[0m futures v0.3.34
2026-10-08T22:11:17.2158188Z [1m[92m  Downloaded[0m png v0.17.16
2026-10-08T22:11:17.2196529Z [1m[92m  Downloaded[0m textwrap v0.16.4
2026-10-08T22:11:17.2222717Z [1m[92m  Downloaded[0m icu_collections v2.3.0
2026-10-08T22:11:17.2285396Z [1m[92m  Downloaded[0m zerotrie v0.2.5
2026-10-08T22:11:17.2325673Z [1m[92m  Downloaded[0m futures-util v0.3.34
2026-10-08T22:11:17.2457517Z [1m[92m  Downloaded[0m pulldown-cmark v0.12.2
2026-10-08T22:11:17.2504976Z [1m[92m  Downloaded[0m usvg v0.45.1
2026-10-08T22:11:17.2547314Z [1m[92m  Downloaded[0m zerovec v0.11.8
2026-10-08T22:11:17.2606637Z [1m[92m  Downloaded[0m tiny-skia v0.11.4
2026-10-08T22:11:17.2740024Z [1m[92m  Downloaded[0m portable-atomic v1.15.0
2026-10-08T22:11:17.2812696Z [1m[92m  Downloaded[0m zlib-rs v0.6.8
2026-10-08T22:11:17.2866468Z [1m[92m  Downloaded[0m unicode-width v0.2.2
2026-10-08T22:11:17.2921318Z [1m[92m  Downloaded[0m icu_segmenter_data v2.3.0
2026-10-08T22:11:17.3314229Z [1m[92m  Downloaded[0m icu_segmenter v2.3.0
2026-10-08T22:11:17.5655496Z [1m[92m   Compiling[0m syn v3.0.6
2026-10-08T22:11:17.5694015Z [1m[92m   Compiling[0m zeroize v1.9.0
2026-10-08T22:11:17.5722091Z [1m[92m   Compiling[0m memchr v2.8.3
2026-10-08T22:11:17.5762912Z [1m[92m   Compiling[0m stable_deref_trait v1.2.1
2026-10-08T22:11:17.6086465Z [1m[92m   Compiling[0m log v0.4.34
2026-10-08T22:11:17.6840742Z [1m[92m   Compiling[0m curve25519-dalek v4.1.3
2026-10-08T22:11:17.7457036Z [1m[92m   Compiling[0m cipher v0.4.4
2026-10-08T22:11:17.8976605Z [1m[92m   Compiling[0m writeable v0.6.4
2026-10-08T22:11:18.1316888Z [1m[92m   Compiling[0m serde_json v1.0.151
2026-10-08T22:11:18.2076630Z [1m[92m   Compiling[0m simd-adler32 v0.3.10
2026-10-08T22:11:18.3416864Z [1m[92m   Compiling[0m chacha20 v0.9.1
2026-10-08T22:11:18.4966587Z [1m[92m   Compiling[0m ed25519-dalek v2.2.0
2026-10-08T22:11:18.6956504Z [1m[92m   Compiling[0m crc32fast v1.5.2
2026-10-08T22:11:18.7016423Z [1m[92m   Compiling[0m adler2 v2.0.1
2026-10-08T22:11:18.7626621Z [1m[92m   Compiling[0m chacha20poly1305 v0.10.1
2026-10-08T22:11:18.8176338Z [1m[92m   Compiling[0m rustls-pki-types v1.15.1
2026-10-08T22:11:18.8351681Z [1m[92m   Compiling[0m icu_locale_fallback_data v2.3.0
2026-10-08T22:11:18.9126659Z [1m[92m   Compiling[0m unicode-width v0.2.2
2026-10-08T22:11:19.0836509Z [1m[92m   Compiling[0m litemap v0.8.3
2026-10-08T22:11:19.1877072Z [1m[92m   Compiling[0m noise-rust-crypto v0.6.2
2026-10-08T22:11:19.2707000Z [1m[92m   Compiling[0m miniz_oxide v0.9.1
2026-10-08T22:11:19.3567027Z [1m[92m   Compiling[0m x25519-dalek v2.0.1
2026-10-08T22:11:19.4257114Z [1m[92m   Compiling[0m bytemuck v1.25.2
2026-10-08T22:11:19.4348668Z [1m[92m   Compiling[0m icu_segmenter_data v2.3.0
2026-10-08T22:11:19.5132686Z [1m[92m   Compiling[0m float-cmp v0.9.0
2026-10-08T22:11:19.5808565Z [1m[92m   Compiling[0m strict-num v0.1.1
2026-10-08T22:11:19.5937348Z [1m[92m   Compiling[0m conduit-protected-line v0.1.0 (/home/runner/work/conduit/conduit/architecture/protected-line)
2026-10-08T22:11:19.6820092Z [1m[92m   Compiling[0m flate2 v1.1.10
2026-10-08T22:11:19.8809516Z [1m[92m   Compiling[0m futures-core v0.3.34
2026-10-08T22:11:19.9447066Z [1m[92m   Compiling[0m futures-sink v0.3.34
2026-10-08T22:11:19.9627496Z [1m[92m   Compiling[0m arrayref v0.3.9
2026-10-08T22:11:19.9876576Z [1m[92m   Compiling[0m utf8_iter v1.0.4
2026-10-08T22:11:19.9936717Z [1m[92m   Compiling[0m portable-atomic v1.15.0
2026-10-08T22:11:20.0480706Z [1m[92m   Compiling[0m once_cell v1.21.4
2026-10-08T22:11:20.0676767Z [1m[92m   Compiling[0m tiny-skia-path v0.11.4
2026-10-08T22:11:20.3226816Z [1m[92m   Compiling[0m rustls-webpki v0.103.15
2026-10-08T22:11:20.3406425Z [1m[92m   Compiling[0m miniz_oxide v0.8.9
2026-10-08T22:11:20.6957129Z [1m[92m   Compiling[0m fdeflate v0.3.7
2026-10-08T22:11:20.9187443Z [1m[92m   Compiling[0m kurbo v0.11.3
2026-10-08T22:11:21.0637262Z [1m[92m   Compiling[0m synstructure v0.14.0
2026-10-08T22:11:21.2117039Z [1m[92m   Compiling[0m heapless v0.7.17
2026-10-08T22:11:21.3236930Z [1m[92m   Compiling[0m pin-project-lite v0.2.17
2026-10-08T22:11:21.3630490Z [1m[92m   Compiling[0m bitflags v2.13.2
2026-10-08T22:11:21.5007029Z [1m[92m   Compiling[0m futures-task v0.3.34
2026-10-08T22:11:21.5586669Z [1m[92m   Compiling[0m bitflags v1.3.2
2026-10-08T22:11:21.5872092Z [1m[92m   Compiling[0m png v0.17.16
2026-10-08T22:11:21.5886338Z [1m[92m   Compiling[0m futures-util v0.3.34
2026-10-08T22:11:22.1666907Z [1m[92m   Compiling[0m svgtypes v0.15.3
2026-10-08T22:11:22.5477281Z [1m[92m   Compiling[0m ureq-proto v0.6.4
2026-10-08T22:11:22.7260488Z [1m[92m   Compiling[0m rustls v0.23.45
2026-10-08T22:11:22.7884539Z [1m[92m   Compiling[0m serde_derive v1.0.229
2026-10-08T22:11:23.0766765Z [1m[92m   Compiling[0m thiserror-impl v2.0.20
2026-10-08T22:11:23.1776985Z [1m[92m   Compiling[0m zerofrom-derive v0.1.8
2026-10-08T22:11:24.2276376Z [1m[92m   Compiling[0m thiserror v2.0.20
2026-10-08T22:11:24.2786376Z [1m[92m   Compiling[0m cobs v0.3.0
2026-10-08T22:11:24.3416652Z [1m[92m   Compiling[0m static-automata-macros v1.0.3
2026-10-08T22:11:24.3966525Z [1m[92m   Compiling[0m zerofrom v0.1.8
2026-10-08T22:11:24.4686467Z [1m[92m   Compiling[0m yoke-derive v0.8.3
2026-10-08T22:11:24.5456710Z [1m[92m   Compiling[0m static-automata v1.0.3
2026-10-08T22:11:24.5976704Z [1m[92m   Compiling[0m langtag v1.1.0
2026-10-08T22:11:25.3986777Z [1m[92m   Compiling[0m yoke v0.8.3
2026-10-08T22:11:25.5436777Z [1m[92m   Compiling[0m zerovec-derive v0.11.6
2026-10-08T22:11:25.7536905Z [1m[92m   Compiling[0m serde v1.0.229
2026-10-08T22:11:26.3017103Z [1m[92m   Compiling[0m conduit-assigned-plan v0.1.0 (/home/runner/work/conduit/conduit/architecture/assigned-plan)
2026-10-08T22:11:26.5316915Z [1m[92m   Compiling[0m conduit-core v0.1.0 (/home/runner/work/conduit/conduit/architecture/core)
2026-10-08T22:11:26.5507040Z [1m[92m   Compiling[0m postcard v1.1.3
2026-10-08T22:11:26.8427522Z [1m[92m   Compiling[0m conduit-kernel v0.1.0 (/home/runner/work/conduit/conduit/architecture/kernel)
2026-10-08T22:11:28.0066334Z [1m[92m   Compiling[0m toml_datetime v0.6.11
2026-10-08T22:11:28.0697199Z [1m[92m   Compiling[0m serde_spanned v0.6.9
2026-10-08T22:11:28.1347821Z [1m[92m   Compiling[0m toml_edit v0.22.27
2026-10-08T22:11:28.1776555Z [1m[92m   Compiling[0m heapless v0.8.0
2026-10-08T22:11:28.6437540Z [1m[92m   Compiling[0m speaking v0.1.0 (https://github.com/dancxjo/tongues.git?rev=b5d7535b2ccd3730b4db878fb61b2e4e48ae89c9#b5d7535b)
2026-10-08T22:11:31.2935824Z [1m[92m   Compiling[0m toml v0.8.23
2026-10-08T22:11:31.8966981Z [1m[92m   Compiling[0m serde-json-core v0.6.0
2026-10-08T22:11:32.2036917Z [1m[92m   Compiling[0m zerovec v0.11.8
2026-10-08T22:11:33.1769172Z [1m[92m   Compiling[0m displaydoc v0.2.7
2026-10-08T22:11:33.7162713Z [1m[92m   Compiling[0m tinystr v0.8.4
2026-10-08T22:11:33.8566587Z [1m[92m   Compiling[0m icu_locale_core v2.3.0
2026-10-08T22:11:35.3797024Z [1m[92m   Compiling[0m zerotrie v0.2.5
2026-10-08T22:11:35.9236844Z [1m[92m   Compiling[0m potential_utf v0.1.6
2026-10-08T22:11:36.0121026Z [1m[92m   Compiling[0m patchbay-control v0.1.0 (/home/runner/work/conduit/conduit/plots/patchbay)
2026-10-08T22:11:36.1356631Z [1m[92m   Compiling[0m icu_provider v2.3.1
2026-10-08T22:11:36.5627203Z [1m[92m   Compiling[0m icu_locale_fallback v2.3.0
2026-10-08T22:11:36.7847153Z [1m[92m   Compiling[0m icu_collections v2.3.0
2026-10-08T22:11:37.1766530Z [1m[92m   Compiling[0m icu_segmenter v2.3.0
2026-10-08T22:11:38.3877509Z [1m[92m   Compiling[0m conduit-plot v0.1.0 (/home/runner/work/conduit/conduit/architecture/plot)
2026-10-08T22:11:40.8107052Z [1m[92m   Compiling[0m conduit-body v0.1.0 (/home/runner/work/conduit/conduit/architecture/body)
2026-10-08T22:11:48.3477683Z [1m[92m   Compiling[0m conduit-plan-lowering v0.1.0 (/home/runner/work/conduit/conduit/architecture/plan-lowering)
2026-10-08T22:11:49.4527961Z [1m[92m   Compiling[0m tongues-pipeline v0.1.0 (https://github.com/dancxjo/tongues.git?rev=b5d7535b2ccd3730b4db878fb61b2e4e48ae89c9#b5d7535b)
2026-10-08T22:11:49.5337071Z [1m[92m   Compiling[0m conduit-time v0.1.0 (/home/runner/work/conduit/conduit/semantics/time)
2026-10-08T22:11:51.5897913Z [1m[92m   Compiling[0m conduit-human v0.1.0 (/home/runner/work/conduit/conduit/semantics/human)
2026-10-08T22:11:52.1687391Z [1m[92m   Compiling[0m conduit-audio v0.1.0 (/home/runner/work/conduit/conduit/semantics/audio)
2026-10-08T22:11:56.7243831Z [1m[92m   Compiling[0m conduit-language v0.1.0 (/home/runner/work/conduit/conduit/semantics/language)
2026-10-08T22:11:57.3357558Z [1m[92m   Compiling[0m conduit-presentation v0.1.0 (/home/runner/work/conduit/conduit/semantics/presentation)
2026-10-08T22:11:58.4297235Z [1m[92m   Compiling[0m conduit-data v0.1.0 (/home/runner/work/conduit/conduit/semantics/data)
2026-10-08T22:12:07.5046948Z [1m[92m   Compiling[0m conduit-web v0.1.0 (/home/runner/work/conduit/conduit/semantics/web)
2026-10-08T22:12:09.9590865Z [1m[92m   Compiling[0m conduit-text v0.1.0 (/home/runner/work/conduit/conduit/semantics/text)
2026-10-08T22:12:10.2426850Z [1m[92m   Compiling[0m conduit-net v0.1.0 (/home/runner/work/conduit/conduit/semantics/net)
2026-10-08T22:12:10.4637527Z [1m[92m   Compiling[0m conduit-alife v0.1.0 (/home/runner/work/conduit/conduit/semantics/alife)
2026-10-08T22:12:10.9467094Z [1m[92m   Compiling[0m conduit-purpose v0.1.0 (/home/runner/work/conduit/conduit/semantics/purpose)
2026-10-08T22:12:11.1656907Z [1m[92m   Compiling[0m conduit-process v0.1.0 (/home/runner/work/conduit/conduit/semantics/process)
2026-10-08T22:12:11.4047505Z [1m[92m   Compiling[0m conduit-robotics v0.1.0 (/home/runner/work/conduit/conduit/semantics/robotics)
2026-10-08T22:12:14.5968667Z [1m[92m   Compiling[0m conduit-education v0.1.0 (/home/runner/work/conduit/conduit/semantics/education)
2026-10-08T22:12:15.4737216Z [1m[92m   Compiling[0m conduit-midi v0.1.0 (/home/runner/work/conduit/conduit/mechanisms/protocols/midi)
2026-10-08T22:12:15.5956884Z [1m[92m   Compiling[0m conduit-ai v0.1.0 (/home/runner/work/conduit/conduit/semantics/ai)
2026-10-08T22:12:15.6807437Z [1m[92m   Compiling[0m conduit-tongues v0.1.0 (/home/runner/work/conduit/conduit/semantics/tongues)
2026-10-08T22:12:15.9977101Z [1m[92m   Compiling[0m conduit-signal v0.1.0 (/home/runner/work/conduit/conduit/semantics/signal)
2026-10-08T22:12:16.2217055Z [1m[92m   Compiling[0m conduit-chat v0.1.0 (/home/runner/work/conduit/conduit/semantics/chat)
2026-10-08T22:12:16.6567080Z [1m[92m   Compiling[0m conduit-todo-plot v0.1.0 (/home/runner/work/conduit/conduit/plots/todo/model)
2026-10-08T22:12:16.6886954Z [1m[92m   Compiling[0m conduit-wire v0.1.0 (/home/runner/work/conduit/conduit/architecture/wire)
2026-10-08T22:12:16.9017504Z [1m[92m   Compiling[0m conduit-tutorial-plot v0.1.0 (/home/runner/work/conduit/conduit/semantics/tutorial)
2026-10-08T22:12:17.1224059Z [1m[92m   Compiling[0m conduit-plot-library v0.1.0 (/home/runner/work/conduit/conduit/semantics/plot-library)
2026-10-08T22:12:17.3397600Z [1m[92m   Compiling[0m conduit-bluetooth v0.1.0 (/home/runner/work/conduit/conduit/mechanisms/protocols/bluetooth)
2026-10-08T22:12:17.5077134Z [1m[92m   Compiling[0m conduit-body-invitation-plot v0.1.0 (/home/runner/work/conduit/conduit/semantics/body-invitation)
2026-10-08T22:12:17.6517079Z [1m[92m   Compiling[0m conduit-composite v0.1.0 (/home/runner/work/conduit/conduit/architecture/composite)
2026-10-08T22:12:17.7347278Z [1m[92m   Compiling[0m conduit-synth v0.1.0 (/home/runner/work/conduit/conduit/mechanisms/implementations/synth)
2026-10-08T22:12:17.9396748Z [1m[92m   Compiling[0m conduit-birth-plot v0.1.0 (/home/runner/work/conduit/conduit/plots/birth)
2026-10-08T22:12:18.7026861Z [1m[92m   Compiling[0m conduit-observatory v0.1.0 (/home/runner/work/conduit/conduit/architecture/observatory)
2026-10-08T22:12:19.8488015Z [1m[92m   Compiling[0m conduit-little-seismograph-fixture v0.1.0 (/home/runner/work/conduit/conduit/plots/little-seismograph/fixture)
2026-10-08T22:12:19.9409842Z [1m[92m   Compiling[0m conduit-home-model v0.1.0 (/home/runner/work/conduit/conduit/semantics/home)
2026-10-08T22:12:20.1497096Z [1m[92m   Compiling[0m conduit-finance v0.1.0 (/home/runner/work/conduit/conduit/semantics/finance)
2026-10-08T22:12:20.3977153Z [1m[92m   Compiling[0m futures-channel v0.3.34
2026-10-08T22:12:20.4236449Z [1m[92m   Compiling[0m webpki-roots v1.0.9
2026-10-08T22:12:20.4766472Z [1m[92m   Compiling[0m console v0.16.6
2026-10-08T22:12:20.9496622Z [1m[92m   Compiling[0m spin v0.9.9
2026-10-08T22:12:21.0756876Z [1m[92m   Compiling[0m simplecss v0.2.2
2026-10-08T22:12:21.4086844Z [1m[92m   Compiling[0m hash32 v0.2.1
2026-10-08T22:12:21.5167322Z [1m[92m   Compiling[0m conduitos v0.1.0 (/home/runner/work/conduit/conduit/targets/conduitos)
2026-10-08T22:12:21.5616468Z [1m[92m   Compiling[0m pico-args v0.5.0
2026-10-08T22:12:21.6957039Z [1m[92m   Compiling[0m base64 v0.22.1
2026-10-08T22:12:21.8116934Z [1m[92m   Compiling[0m futures-io v0.3.34
2026-10-08T22:12:21.8367016Z [1m[92m   Compiling[0m roxmltree v0.20.0
2026-10-08T22:12:21.9386594Z [1m[92m   Compiling[0m data-url v0.3.2
2026-10-08T22:12:22.1336697Z [1m[92m   Compiling[0m xmlwriter v0.1.0
2026-10-08T22:12:22.2397148Z [1m[92m   Compiling[0m pulldown-cmark v0.12.2
2026-10-08T22:12:22.3137028Z [1m[92m   Compiling[0m smawk v0.3.3
2026-10-08T22:12:22.3726544Z [1m[92m   Compiling[0m unit-prefix v0.5.2
2026-10-08T22:12:22.4186628Z [1m[92m   Compiling[0m imagesize v0.13.0
2026-10-08T22:12:22.4438005Z [1m[92m   Compiling[0m conduit-create-oi v0.1.0 (/home/runner/work/conduit/conduit/mechanisms/devices/create-oi)
2026-10-08T22:12:22.7016353Z [1m[92m   Compiling[0m ureq v3.4.2
2026-10-08T22:12:22.7156661Z [1m[92m   Compiling[0m usvg v0.45.1
2026-10-08T22:12:24.1956715Z [1m[92m   Compiling[0m indicatif v0.18.6
2026-10-08T22:12:24.6586490Z [1m[92m   Compiling[0m textwrap v0.16.4
2026-10-08T22:12:24.9426867Z [1m[92m   Compiling[0m clap_derive v4.6.7
2026-10-08T22:12:25.0326501Z [1m[92m   Compiling[0m futures v0.3.34
2026-10-08T22:12:25.0626527Z [1m[92m   Compiling[0m tungstenite v0.30.0
2026-10-08T22:12:26.5877457Z [1m[92m   Compiling[0m patchbay-workbench-host-contract v0.1.0 (/home/runner/work/conduit/conduit/plots/patchbay/workbench/host-contract)
2026-10-08T22:12:26.6482848Z [1m[92m   Compiling[0m conduit-rp2040-network-realization v0.1.0 (/home/runner/work/conduit/conduit/targets/rp2040/network-realization)
2026-10-08T22:12:26.8426891Z [1m[92m   Compiling[0m tiny-skia v0.11.4
2026-10-08T22:12:27.1276451Z [1m[92m   Compiling[0m limine v0.5.0
2026-10-08T22:12:27.4559960Z [1m[92m   Compiling[0m rgb v0.8.53
2026-10-08T22:12:27.7574730Z [1m[92m   Compiling[0m rustls-pemfile v2.2.0
2026-10-08T22:12:27.8667071Z [1m[92m   Compiling[0m getopts v0.2.24
2026-10-08T22:12:28.1446690Z [1m[92m   Compiling[0m sha1 v0.10.7
2026-10-08T22:12:28.2836957Z [1m[92m   Compiling[0m unicase v2.9.0
2026-10-08T22:12:28.4036857Z [1m[92m   Compiling[0m pulldown-cmark-escape v0.11.0
2026-10-08T22:12:28.4612585Z [1m[92m   Compiling[0m conduit-mpu6050 v0.1.0 (/home/runner/work/conduit/conduit/mechanisms/devices/mpu6050)
2026-10-08T22:12:28.5687044Z [1m[92m   Compiling[0m base64 v0.13.1
2026-10-08T22:12:28.6977023Z [1m[92m   Compiling[0m embedded-websocket v0.9.5
2026-10-08T22:12:28.9587056Z [1m[92m   Compiling[0m resvg v0.45.1
2026-10-08T22:12:29.4346497Z [1m[92m   Compiling[0m clap v4.6.7
2026-10-08T22:12:29.4716215Z [1m[92m   Compiling[0m cliclack v0.5.6
2026-10-08T22:12:30.0227259Z [1m[92m   Compiling[0m conduit-embedded-build v0.1.0 (/home/runner/work/conduit/conduit/make/embedded-build)
2026-10-08T22:12:44.2470552Z [1m[92m   Compiling[0m conduit-planner v0.1.0 (/home/runner/work/conduit/conduit/architecture/planner)
2026-10-08T22:12:46.9177603Z [1m[92m   Compiling[0m conduit-semantic-catalog v0.1.0 (/home/runner/work/conduit/conduit/semantics/catalog)
2026-10-08T22:12:46.9180027Z [1m[92m   Compiling[0m conduit-alife-distributed-conformance v0.1.0 (/home/runner/work/conduit/conduit/proof/conformance/alife-distributed)
2026-10-08T22:12:47.1217955Z [1m[92m   Compiling[0m conduit-conduitos-mask-offer v0.1.0 (/home/runner/work/conduit/conduit/targets/conduitos/mask-offer)
2026-10-08T22:12:48.1970636Z [1m[92m   Compiling[0m conduit-speech v0.1.0 (/home/runner/work/conduit/conduit/semantics/speech)
2026-10-08T22:12:49.4566754Z [1m[92m   Compiling[0m conduit-host-make v0.1.0 (/home/runner/work/conduit/conduit/make/host)
2026-10-08T22:12:51.6428372Z [1m[92m   Compiling[0m patchbay-graph v0.1.0 (/home/runner/work/conduit/conduit/plots/patchbay/graph)
2026-10-08T22:12:52.4197173Z [1m[92m   Compiling[0m conduit-std-offers v0.1.0 (/home/runner/work/conduit/conduit/targets/std/offers)
2026-10-08T22:12:53.2107228Z [1m[92m   Compiling[0m conduit-host-browser-make v0.1.0 (/home/runner/work/conduit/conduit/targets/browser/make)
2026-10-08T22:12:53.4797058Z [1m[92m   Compiling[0m conduit-host-hosted v0.1.0 (/home/runner/work/conduit/conduit/targets/std/make)
2026-10-08T22:12:53.8297069Z [1m[92m   Compiling[0m conduit-signal-conformance v0.1.0 (/home/runner/work/conduit/conduit/proof/conformance/signal)
2026-10-08T22:12:54.0807160Z [1m[92m   Compiling[0m conduit-host-orange-pi v0.1.0 (/home/runner/work/conduit/conduit/targets/orange-pi/make)
2026-10-08T22:12:54.2607222Z [1m[92m   Compiling[0m conduit-host-rp2040 v0.1.0 (/home/runner/work/conduit/conduit/targets/rp2040/make)
2026-10-08T22:12:54.2727203Z [1m[92m   Compiling[0m conduit-host-esp32-make v0.1.0 (/home/runner/work/conduit/conduit/targets/esp32/make)
2026-10-08T22:12:54.3287507Z [1m[92m   Compiling[0m conduit-host-conduitos-make v0.1.0 (/home/runner/work/conduit/conduit/targets/conduitos/make)
2026-10-08T22:12:54.5482195Z [1m[92m   Compiling[0m conduit-host-raspberry-pi v0.1.0 (/home/runner/work/conduit/conduit/targets/raspberry-pi/make)
2026-10-08T22:12:54.6254609Z [1m[92m   Compiling[0m conduit-linear-framebuffer-make v0.1.0 (/home/runner/work/conduit/conduit/mechanisms/implementations/linear-framebuffer-make)
2026-10-08T22:12:54.7657481Z [1m[92m   Compiling[0m conduit-host-avr-make v0.1.0 (/home/runner/work/conduit/conduit/targets/avr/make)
2026-10-08T22:12:54.8517043Z [1m[92m   Compiling[0m patchbay-application v0.1.0 (/home/runner/work/conduit/conduit/plots/patchbay/application)
2026-10-08T22:12:54.8907545Z [1m[92m   Compiling[0m conduit-tour-model v0.1.0 (/home/runner/work/conduit/conduit/plots/tour)
2026-10-08T22:12:55.2015861Z [1m[92m   Compiling[0m conduit-browser-mask-offer v0.1.0 (/home/runner/work/conduit/conduit/targets/browser/mask-offer)
2026-10-08T22:12:55.3957078Z [1m[92m   Compiling[0m conduit-body-make v0.1.0 (/home/runner/work/conduit/conduit/make/body)
2026-10-08T22:12:55.4087249Z [1m[92m   Compiling[0m conduit-workspace-make v0.1.0 (/home/runner/work/conduit/conduit/make/workspace)
2026-10-08T22:12:55.9637813Z [1m[92m   Compiling[0m conduit-r1-network-conformance v0.1.0 (/home/runner/work/conduit/conduit/proof/conformance/network-r1)
2026-10-08T22:12:56.5488025Z [1m[92m   Compiling[0m conduit-patchbay-workbench-conformance v0.1.0 (/home/runner/work/conduit/conduit/proof/conformance/patchbay-workbench)
2026-10-08T22:12:56.7697422Z [1m[92m   Compiling[0m conduit-pete v0.1.0 (/home/runner/work/conduit/conduit/bodies/pete)
2026-10-08T22:13:00.2117489Z [1m[92m   Compiling[0m conduit-browser-runtime v0.1.0 (/home/runner/work/conduit/conduit/targets/browser/runtime)
2026-10-08T22:13:16.3484185Z [1m[92m   Compiling[0m conduit-patchbay-workbench v0.1.0 (/home/runner/work/conduit/conduit/plots/patchbay/workbench/model)
2026-10-08T22:15:56.4432202Z [1m[92m   Compiling[0m conduit-std-host v0.1.0 (/home/runner/work/conduit/conduit/targets/std)
2026-10-08T22:16:09.8290611Z [1m[92m   Compiling[0m xtask v0.1.0 (/home/runner/work/conduit/conduit/tools/xtask)
2026-10-08T22:16:31.0860785Z [1m[92m    Finished[0m `dev` profile [unoptimized] target(s) in 5m 14s
2026-10-08T22:16:31.1119636Z [1m[92m     Running[0m `target/debug/xtask check plots bundle-initial-body --output target/workspace-product/plots/initial-body.conduit`
2026-10-08T22:16:31.3944306Z [1m[92m    Finished[0m `dev` profile [unoptimized] target(s) in 0.24s
2026-10-08T22:16:31.4016823Z [1m[92m     Running[0m `target/debug/conduit-xtask-dispatch check plots bundle-workspace-catalog --output target/workspace-product/plots/workspace-catalog.json`
2026-10-08T22:16:31.7308077Z [1m[92m    Finished[0m `dev` profile [unoptimized] target(s) in 0.31s
2026-10-08T22:16:31.7500359Z [1m[92m     Running[0m `target/debug/xtask check plots bundle-workspace-catalog --output target/workspace-product/plots/workspace-catalog.json`
2026-10-08T22:16:34.1281974Z > cargo +1.98.1-x86_64-unknown-linux-gnu xtask make body static --application targets/browser/handbook/handbook.application.template.json --output target/handbook-static --release /home/runner/work/conduit/conduit/target/pipeline/browser/host-release --handbook --locked
2026-10-08T22:16:34.3704735Z [1m[92m    Finished[0m `dev` profile [unoptimized] target(s) in 0.23s
2026-10-08T22:16:34.3774407Z [1m[92m     Running[0m `target/debug/conduit-xtask-dispatch make body static --application targets/browser/handbook/handbook.application.template.json --output target/handbook-static --release /home/runner/work/conduit/conduit/target/pipeline/browser/host-release --handbook --locked`
2026-10-08T22:16:34.6924345Z [1m[92m    Finished[0m `dev` profile [unoptimized] target(s) in 0.29s
2026-10-08T22:16:34.7126198Z [1m[92m     Running[0m `target/debug/xtask make body static --application targets/browser/handbook/handbook.application.template.json --output target/handbook-static --release /home/runner/work/conduit/conduit/target/pipeline/browser/host-release --handbook --locked`
2026-10-08T22:16:34.7598210Z handbook staged at /tmp/conduit-static-17078-1791497794725757438/handbook
2026-10-08T22:16:35.1270831Z Static browser application: target/handbook-static
2026-10-08T22:16:35.1327636Z > cargo +1.98.1-x86_64-unknown-linux-gnu xtask make body static --application targets/browser/examples/clock-lab/application.template.json --output target/handbook-static-second --release /home/runner/work/conduit/conduit/target/pipeline/browser/host-release --locked
2026-10-08T22:16:35.3721026Z [1m[92m    Finished[0m `dev` profile [unoptimized] target(s) in 0.23s
2026-10-08T22:16:35.3789283Z [1m[92m     Running[0m `target/debug/conduit-xtask-dispatch make body static --application targets/browser/examples/clock-lab/application.template.json --output target/handbook-static-second --release /home/runner/work/conduit/conduit/target/pipeline/browser/host-release --locked`
2026-10-08T22:16:35.6936820Z [1m[92m    Finished[0m `dev` profile [unoptimized] target(s) in 0.30s
2026-10-08T22:16:35.7140924Z [1m[92m     Running[0m `target/debug/xtask make body static --application targets/browser/examples/clock-lab/application.template.json --output target/handbook-static-second --release /home/runner/work/conduit/conduit/target/pipeline/browser/host-release --locked`
2026-10-08T22:16:36.0214712Z Static browser application: target/handbook-static-second
2026-10-08T22:16:36.0992440Z > node --test targets/browser/sdk/browser-sdk-continuity.test.mjs targets/browser/sdk/browser-sdk-errors.test.mjs targets/browser/sdk/browser-sdk-events.test.mjs targets/browser/sdk/browser-sdk-face-actions.test.mjs targets/browser/sdk/browser-sdk-face.test.mjs targets/browser/sdk/browser-sdk-plots.test.mjs targets/browser/sdk/browser-sdk-syntax.test.mjs targets/browser/sdk/browser-sdk-wardrobe.test.mjs targets/browser/sdk/package-browser-bundle.test.mjs targets/browser/tools/static-application-csp.test.mjs proof/browser/application-graph-canvas.test.mjs proof/browser/browser-body-input.test.mjs proof/browser/browser-body-host.test.mjs proof/browser/workspace-handoff.test.mjs proof/browser/browser-plot-effects.test.mjs proof/browser/browser-pitch-tone.test.mjs proof/browser/browser-host-calls.test.mjs proof/browser/creche-rendezvous.test.mjs proof/browser/physical-host-workflow.test.mjs proof/browser/creche-release-catalog.test.mjs
2026-10-08T22:16:36.1555285Z TAP version 13
2026-10-08T22:16:36.2071928Z # Subtest: decodes exact native canvas shape and Unicode without inventing graph facts
2026-10-08T22:16:36.2096069Z ok 1 - decodes exact native canvas shape and Unicode without inventing graph facts
2026-10-08T22:16:36.2125620Z   ---
2026-10-08T22:16:36.2127144Z   duration_ms: 3.185432
2026-10-08T22:16:36.2127665Z   type: 'test'
2026-10-08T22:16:36.2128066Z   ...
2026-10-08T22:16:36.2128740Z # Subtest: rejects stale unknown selection and dangling endpoint
2026-10-08T22:16:36.2129297Z ok 2 - rejects stale unknown selection and dangling endpoint
2026-10-08T22:16:36.2129667Z   ---
2026-10-08T22:16:36.2130092Z   duration_ms: 1.077387
2026-10-08T22:16:36.2130550Z   type: 'test'
2026-10-08T22:16:36.2130924Z   ...
2026-10-08T22:16:36.2131539Z # Subtest: rejects extra bytes and finite bounds overflow
2026-10-08T22:16:36.2132387Z ok 3 - rejects extra bytes and finite bounds overflow
2026-10-08T22:16:36.2133030Z   ---
2026-10-08T22:16:36.2133410Z   duration_ms: 0.62493
2026-10-08T22:16:36.2133952Z   type: 'test'
2026-10-08T22:16:36.2134312Z   ...
2026-10-08T22:16:36.2436624Z # Subtest: one acquired window-input adapter reports every admitted logical input unit
2026-10-08T22:16:36.2455059Z ok 4 - one acquired window-input adapter reports every admitted logical input unit
2026-10-08T22:16:36.2455960Z   ---
2026-10-08T22:16:36.2485872Z   duration_ms: 6.799516
2026-10-08T22:16:36.2495688Z   type: 'test'
2026-10-08T22:16:36.2496293Z   ...
2026-10-08T22:16:36.2497330Z # Subtest: acquired browser clock exposes a basis-qualified sample and refuses after close
2026-10-08T22:16:36.2498823Z ok 5 - acquired browser clock exposes a basis-qualified sample and refuses after close
2026-10-08T22:16:36.2499742Z   ---
2026-10-08T22:16:36.2500261Z   duration_ms: 2.61803
2026-10-08T22:16:36.2500836Z   type: 'test'
2026-10-08T22:16:36.2501358Z   ...
2026-10-08T22:16:36.2502250Z # Subtest: three admitted timer slots run independently through the page Host
2026-10-08T22:16:36.2503462Z ok 6 - three admitted timer slots run independently through the page Host
2026-10-08T22:16:36.2504272Z   ---
2026-10-08T22:16:36.2504795Z   duration_ms: 14.936209
2026-10-08T22:16:36.2505642Z   type: 'test'
2026-10-08T22:16:36.2506203Z   ...
2026-10-08T22:16:36.2507261Z # Subtest: a synchronously completed Body retains its receipt before dispatch or retirement
2026-10-08T22:16:36.2508801Z ok 7 - a synchronously completed Body retains its receipt before dispatch or retirement
2026-10-08T22:16:36.2509825Z   ---
2026-10-08T22:16:36.2521734Z   duration_ms: 1.557646
2026-10-08T22:16:36.2522352Z   type: 'test'
2026-10-08T22:16:36.2523286Z   ...
2026-10-08T22:16:36.2524255Z # Subtest: acquisition reports owned slots without starting a play or copying offer capacity
2026-10-08T22:16:36.2525932Z ok 8 - acquisition reports owned slots without starting a play or copying offer capacity
2026-10-08T22:16:36.2526925Z   ---
2026-10-08T22:16:36.2527436Z   duration_ms: 1.679112
2026-10-08T22:16:36.2527985Z   type: 'test'
2026-10-08T22:16:36.2528579Z   ...
2026-10-08T22:16:36.2529570Z # Subtest: wrong Boot, excessive demand, unsupported pools, and lost slots refuse
2026-10-08T22:16:36.2530872Z ok 9 - wrong Boot, excessive demand, unsupported pools, and lost slots refuse
2026-10-08T22:16:36.2531726Z   ---
2026-10-08T22:16:36.2532260Z   duration_ms: 1.642104
2026-10-08T22:16:36.2532823Z   type: 'test'
2026-10-08T22:16:36.2533347Z   ...
2026-10-08T22:16:36.2534314Z # Subtest: a plan selecting another admitted host retains an exact pre-play Line refusal
2026-10-08T22:16:36.2536055Z ok 10 - a plan selecting another admitted host retains an exact pre-play Line refusal
2026-10-08T22:16:36.2536979Z   ---
2026-10-08T22:16:36.2537506Z   duration_ms: 0.548958
2026-10-08T22:16:36.2538070Z   type: 'test'
2026-10-08T22:16:36.2538625Z   ...
2026-10-08T22:16:36.2540023Z # Subtest: Body placement admission follows the runtime envelope instead of a duplicated page constant
2026-10-08T22:16:36.2541650Z ok 11 - Body placement admission follows the runtime envelope instead of a duplicated page constant
2026-10-08T22:16:36.2542644Z   ---
2026-10-08T22:16:36.2543159Z   duration_ms: 0.586067
2026-10-08T22:16:36.2543727Z   type: 'test'
2026-10-08T22:16:36.2544237Z   ...
2026-10-08T22:16:36.2545729Z # Subtest: an exact externally managed distributed Plot stays in the body Plan but outside the local scheduler
2026-10-08T22:16:36.2547428Z ok 12 - an exact externally managed distributed Plot stays in the body Plan but outside the local scheduler
2026-10-08T22:16:36.2548459Z   ---
2026-10-08T22:16:36.2548962Z   duration_ms: 0.679602
2026-10-08T22:16:36.2549525Z   type: 'test'
2026-10-08T22:16:36.2550041Z   ...
2026-10-08T22:16:36.2550966Z # Subtest: closing pending timer work settles the dispatcher and releases the owner
2026-10-08T22:16:36.2552263Z ok 13 - closing pending timer work settles the dispatcher and releases the owner
2026-10-08T22:16:36.2553129Z   ---
2026-10-08T22:16:36.2553639Z   duration_ms: 1.206609
2026-10-08T22:16:36.2554203Z   type: 'test'
2026-10-08T22:16:36.2554716Z   ...
2026-10-08T22:16:36.2556037Z # Subtest: closing a quiescent Play cancels it instead of mistaking pending effects for a terminal receipt
2026-10-08T22:16:36.2558098Z ok 14 - closing a quiescent Play cancels it instead of mistaking pending effects for a terminal receipt
2026-10-08T22:16:36.2559353Z   ---
2026-10-08T22:16:36.2559882Z   duration_ms: 0.718645
2026-10-08T22:16:36.2560463Z   type: 'test'
2026-10-08T22:16:36.2560958Z   ...
2026-10-08T22:16:36.2561758Z # Subtest: adapter failure is not converted into successful execution
2026-10-08T22:16:36.2562819Z ok 15 - adapter failure is not converted into successful execution
2026-10-08T22:16:36.2563579Z   ---
2026-10-08T22:16:36.2564062Z   duration_ms: 0.668611
2026-10-08T22:16:36.2564600Z   type: 'test'
2026-10-08T22:16:36.2565357Z   ...
2026-10-08T22:16:36.2566257Z # Subtest: pre-start refusal and an unknown WASM start outcome remain distinct
2026-10-08T22:16:36.2567456Z ok 16 - pre-start refusal and an unknown WASM start outcome remain distinct
2026-10-08T22:16:36.2568273Z   ---
2026-10-08T22:16:36.2568770Z   duration_ms: 0.844019
2026-10-08T22:16:36.2569321Z   type: 'test'
2026-10-08T22:16:36.2569822Z   ...
2026-10-08T22:16:36.2570709Z # Subtest: first access to the body input arena may replace the WASM memory buffer
2026-10-08T22:16:36.2571966Z ok 17 - first access to the body input arena may replace the WASM memory buffer
2026-10-08T22:16:36.2572842Z   ---
2026-10-08T22:16:36.2573414Z   duration_ms: 0.415246
2026-10-08T22:16:36.2574043Z   type: 'test'
2026-10-08T22:16:36.2574621Z   ...
2026-10-08T22:16:36.2575864Z # Subtest: malformed successful start output still retires the acquired session
2026-10-08T22:16:36.2577763Z ok 18 - malformed successful start output still retires the acquired session
2026-10-08T22:16:36.2578632Z   ---
2026-10-08T22:16:36.2579169Z   duration_ms: 0.557072
2026-10-08T22:16:36.2579733Z   type: 'test'
2026-10-08T22:16:36.2580255Z   ...
2026-10-08T22:16:36.2581262Z # Subtest: the kernel-local template slot has one preparation owner and is released on close
2026-10-08T22:16:36.2582710Z ok 19 - the kernel-local template slot has one preparation owner and is released on close
2026-10-08T22:16:36.2583627Z   ---
2026-10-08T22:16:36.2584138Z   duration_ms: 0.634928
2026-10-08T22:16:36.2584714Z   type: 'test'
2026-10-08T22:16:36.2585569Z   ...
2026-10-08T22:16:36.2586611Z # Subtest: closing an application-event-only Play settles dispatch without a later user action
2026-10-08T22:16:36.2588096Z ok 20 - closing an application-event-only Play settles dispatch without a later user action
2026-10-08T22:16:36.2589040Z   ---
2026-10-08T22:16:36.2589563Z   duration_ms: 1.033204
2026-10-08T22:16:36.2590120Z   type: 'test'
2026-10-08T22:16:36.2590635Z   ...
2026-10-08T22:16:36.2592011Z # Subtest: closing a failed dispatcher preserves its original rejection and returns a cancellation receipt
2026-10-08T22:16:36.2593684Z ok 21 - closing a failed dispatcher preserves its original rejection and returns a cancellation receipt
2026-10-08T22:16:36.2594879Z   ---
2026-10-08T22:16:36.2595946Z   duration_ms: 0.786833
2026-10-08T22:16:36.2596554Z   type: 'test'
2026-10-08T22:16:36.2597072Z   ...
2026-10-08T22:16:36.4896709Z # Subtest: foreground changes route future keys while preserving background pending requests
2026-10-08T22:16:36.4926283Z ok 22 - foreground changes route future keys while preserving background pending requests
2026-10-08T22:16:36.4960636Z   ---
2026-10-08T22:16:36.4961321Z   duration_ms: 5.096568
2026-10-08T22:16:36.4962010Z   type: 'test'
2026-10-08T22:16:36.4962634Z   ...
2026-10-08T22:16:36.4963707Z # Subtest: queued keys retain capture focus and held-key releases stay with their press
2026-10-08T22:16:36.4965524Z ok 23 - queued keys retain capture focus and held-key releases stay with their press
2026-10-08T22:16:36.4966632Z   ---
2026-10-08T22:16:36.4967266Z   duration_ms: 1.133081
2026-10-08T22:16:36.4967955Z   type: 'test'
2026-10-08T22:16:36.4968523Z   ...
2026-10-08T22:16:36.4969528Z # Subtest: cancelling one input request does not cancel another plot's request
2026-10-08T22:16:36.4970892Z ok 24 - cancelling one input request does not cancel another plot's request
2026-10-08T22:16:36.4971858Z   ---
2026-10-08T22:16:36.4972475Z   duration_ms: 1.948337
2026-10-08T22:16:36.4973136Z   type: 'test'
2026-10-08T22:16:36.4973794Z   ...
2026-10-08T22:16:36.4975135Z # Subtest: uninstalled identities and duplicate requests refuse without consuming input
2026-10-08T22:16:36.4976695Z ok 25 - uninstalled identities and duplicate requests refuse without consuming input
2026-10-08T22:16:36.4977728Z   ---
2026-10-08T22:16:36.4978350Z   duration_ms: 1.091433
2026-10-08T22:16:36.4979013Z   type: 'test'
2026-10-08T22:16:36.4979625Z   ...
2026-10-08T22:16:36.4980572Z # Subtest: ordered pressure terminates only the affected Plot stream
2026-10-08T22:16:36.4981890Z ok 26 - ordered pressure terminates only the affected Plot stream
2026-10-08T22:16:36.4982835Z   ---
2026-10-08T22:16:36.4983439Z   duration_ms: 2.108736
2026-10-08T22:16:36.4984126Z   type: 'test'
2026-10-08T22:16:36.4984727Z   ...
2026-10-08T22:16:36.4986081Z # Subtest: pointer delivery follows its captured Plot and unrelated input cannot fill its queue
2026-10-08T22:16:36.4987755Z ok 27 - pointer delivery follows its captured Plot and unrelated input cannot fill its queue
2026-10-08T22:16:36.4988845Z   ---
2026-10-08T22:16:36.4989460Z   duration_ms: 0.802202
2026-10-08T22:16:36.4990089Z   type: 'test'
2026-10-08T22:16:36.4990698Z   ...
2026-10-08T22:16:36.4991754Z # Subtest: pointer pressure coalesces 100,000 observations through one reusable slot
2026-10-08T22:16:36.4993234Z ok 28 - pointer pressure coalesces 100,000 observations through one reusable slot
2026-10-08T22:16:36.4994698Z   ---
2026-10-08T22:16:36.4995669Z   duration_ms: 220.162009
2026-10-08T22:16:36.4996331Z   type: 'test'
2026-10-08T22:16:36.4996925Z   ...
2026-10-08T22:16:36.4997869Z # Subtest: ordered storage is reusable across repeated queue wraparound
2026-10-08T22:16:36.4999108Z ok 29 - ordered storage is reusable across repeated queue wraparound
2026-10-08T22:16:36.5000004Z   ---
2026-10-08T22:16:36.5000598Z   duration_ms: 47.713032
2026-10-08T22:16:36.5001228Z   type: 'test'
2026-10-08T22:16:36.5001835Z   ...
2026-10-08T22:16:36.5136760Z # Subtest: artifact handoff admits exact bounded identity and preserves terminal distinctions
2026-10-08T22:16:36.5171754Z ok 30 - artifact handoff admits exact bounded identity and preserves terminal distinctions
2026-10-08T22:16:36.5196000Z   ---
2026-10-08T22:16:36.5226355Z   duration_ms: 4.61625
2026-10-08T22:16:36.5248951Z   type: 'test'
2026-10-08T22:16:36.5251415Z   ...
2026-10-08T22:16:36.5252328Z # Subtest: artifact and location validation fail before platform effects
2026-10-08T22:16:36.5253396Z ok 31 - artifact and location validation fail before platform effects
2026-10-08T22:16:36.5254594Z   ---
2026-10-08T22:16:36.5255443Z   duration_ms: 22.522876
2026-10-08T22:16:36.5255998Z   type: 'test'
2026-10-08T22:16:36.5256482Z   ...
2026-10-08T22:16:36.5257340Z # Subtest: location movement is bounded presentation state and remains correlated
2026-10-08T22:16:36.5258577Z ok 32 - location movement is bounded presentation state and remains correlated
2026-10-08T22:16:36.5259459Z   ---
2026-10-08T22:16:36.5260008Z   duration_ms: 1.442039
2026-10-08T22:16:36.5260581Z   type: 'test'
2026-10-08T22:16:36.5261094Z   ...
2026-10-08T22:16:36.5261982Z # Subtest: device choice is profile gated and acquisition grants no membership or Plan
2026-10-08T22:16:36.5263281Z ok 33 - device choice is profile gated and acquisition grants no membership or Plan
2026-10-08T22:16:36.5264128Z   ---
2026-10-08T22:16:36.5264649Z   duration_ms: 1.079521
2026-10-08T22:16:36.5265450Z   type: 'test'
2026-10-08T22:16:36.5265974Z   ...
2026-10-08T22:16:36.5266741Z # Subtest: device outcomes and stale completions remain distinct
2026-10-08T22:16:36.5267785Z ok 34 - device outcomes and stale completions remain distinct
2026-10-08T22:16:36.5268508Z   ---
2026-10-08T22:16:36.5269081Z   duration_ms: 0.846063
2026-10-08T22:16:36.5269647Z   type: 'test'
2026-10-08T22:16:36.5270149Z   ...
2026-10-08T22:16:36.5271070Z # Subtest: device authority, activation, API, chooser, and identity outcomes stay separate
2026-10-08T22:16:36.5272421Z ok 35 - device authority, activation, API, chooser, and identity outcomes stay separate
2026-10-08T22:16:36.5273288Z   ---
2026-10-08T22:16:36.5273789Z   duration_ms: 1.317996
2026-10-08T22:16:36.5274328Z   type: 'test'
2026-10-08T22:16:36.5274814Z   ...
2026-10-08T22:16:36.5275889Z # Subtest: call slots are finite and duplicate correlation refuses
2026-10-08T22:16:36.5276942Z ok 36 - call slots are finite and duplicate correlation refuses
2026-10-08T22:16:36.5277719Z   ---
2026-10-08T22:16:36.5278231Z   duration_ms: 1.305002
2026-10-08T22:16:36.5278797Z   type: 'test'
2026-10-08T22:16:36.5279326Z   ...
2026-10-08T22:16:36.5280271Z # Subtest: the admitted pitch is sent to a short conservatively gained oscillator
2026-10-08T22:16:36.5281508Z ok 37 - the admitted pitch is sent to a short conservatively gained oscillator
2026-10-08T22:16:36.5282325Z   ---
2026-10-08T22:16:36.5282812Z   duration_ms: 2.460896
2026-10-08T22:16:36.5283355Z   type: 'test'
2026-10-08T22:16:36.5283848Z   ...
2026-10-08T22:16:36.5284749Z # Subtest: audio policy denial stays distinct from an invalid or unavailable effect
2026-10-08T22:16:36.5286273Z ok 38 - audio policy denial stays distinct from an invalid or unavailable effect
2026-10-08T22:16:36.5287105Z   ---
2026-10-08T22:16:36.5287601Z   duration_ms: 0.9564
2026-10-08T22:16:36.5288199Z   type: 'test'
2026-10-08T22:16:36.5288709Z   ...
2026-10-08T22:16:36.5297683Z # Subtest: one host dispatcher preserves cross-plot completion correlation
2026-10-08T22:16:36.5355939Z ok 39 - one host dispatcher preserves cross-plot completion correlation
2026-10-08T22:16:36.5385842Z   ---
2026-10-08T22:16:36.5386344Z   duration_ms: 5.825363
2026-10-08T22:16:36.5386835Z   type: 'test'
2026-10-08T22:16:36.5387193Z   ...
2026-10-08T22:16:36.5387935Z # Subtest: duplicate or excessive pending effects refuse and abort admitted adapters
2026-10-08T22:16:36.5389166Z ok 40 - duplicate or excessive pending effects refuse and abort admitted adapters
2026-10-08T22:16:36.5389893Z   ---
2026-10-08T22:16:36.5390506Z   duration_ms: 1.381766
2026-10-08T22:16:36.5390929Z   type: 'test'
2026-10-08T22:16:36.5391281Z   ...
2026-10-08T22:16:36.5392128Z # Subtest: an adapter failure is not converted into a successful completion
2026-10-08T22:16:36.5393312Z ok 41 - an adapter failure is not converted into a successful completion
2026-10-08T22:16:36.5394095Z   ---
2026-10-08T22:16:36.5394497Z   duration_ms: 0.551352
2026-10-08T22:16:36.5395281Z   type: 'test'
2026-10-08T22:16:36.5395658Z   ...
2026-10-08T22:16:36.5396533Z # Subtest: kernel cancellation aborts its exact timer before acknowledgement
2026-10-08T22:16:36.5398532Z ok 42 - kernel cancellation aborts its exact timer before acknowledgement
2026-10-08T22:16:36.5399397Z   ---
2026-10-08T22:16:36.5418935Z   duration_ms: 0.977229
2026-10-08T22:16:36.5419401Z   type: 'test'
2026-10-08T22:16:36.5419795Z   ...
2026-10-08T22:16:36.5420600Z # Subtest: typed Host denial is correlated without stopping unrelated pending work
2026-10-08T22:16:36.5421786Z ok 43 - typed Host denial is correlated without stopping unrelated pending work
2026-10-08T22:16:36.5422502Z   ---
2026-10-08T22:16:36.5422907Z   duration_ms: 1.373921
2026-10-08T22:16:36.5423323Z   type: 'test'
2026-10-08T22:16:36.5423701Z   ...
2026-10-08T22:16:36.5424616Z # Subtest: retirement aborts pending effects and fences late completions from a successor kernel
2026-10-08T22:16:36.5426265Z ok 44 - retirement aborts pending effects and fences late completions from a successor kernel
2026-10-08T22:16:36.5427114Z   ---
2026-10-08T22:16:36.5427501Z   duration_ms: 0.813332
2026-10-08T22:16:36.5427947Z   type: 'test'
2026-10-08T22:16:36.5428340Z   ...
2026-10-08T22:16:36.5429195Z # Subtest: synchronous retirement at the waiting boundary cannot strand its wake promise
2026-10-08T22:16:36.5430444Z ok 45 - synchronous retirement at the waiting boundary cannot strand its wake promise
2026-10-08T22:16:36.5431229Z   ---
2026-10-08T22:16:36.5431613Z   duration_ms: 0.669833
2026-10-08T22:16:36.5432037Z   type: 'test'
2026-10-08T22:16:36.5432404Z   ...
2026-10-08T22:16:36.5433038Z # Subtest: selected target alone is fetched, verified, and reused from immutable cache
2026-10-08T22:16:36.5433719Z ok 46 - selected target alone is fetched, verified, and reused from immutable cache
2026-10-08T22:16:36.5434136Z   ---
2026-10-08T22:16:36.5434482Z   duration_ms: 38.46866
2026-10-08T22:16:36.5445741Z   type: 'test'
2026-10-08T22:16:36.5446202Z   ...
2026-10-08T22:16:36.5446904Z # Subtest: catalog cannot relabel one artifact as another target
2026-10-08T22:16:36.5447815Z ok 47 - catalog cannot relabel one artifact as another target
2026-10-08T22:16:36.5448436Z   ---
2026-10-08T22:16:36.5448835Z   duration_ms: 3.03992
2026-10-08T22:16:36.5449276Z   type: 'test'
2026-10-08T22:16:36.5449646Z   ...
2026-10-08T22:16:36.5450426Z # Subtest: target-owned image validators can resolve one exact catalog artifact
2026-10-08T22:16:36.5451577Z ok 48 - target-owned image validators can resolve one exact catalog artifact
2026-10-08T22:16:36.5452313Z   ---
2026-10-08T22:16:36.5452686Z   duration_ms: 3.586523
2026-10-08T22:16:36.5453091Z   type: 'test'
2026-10-08T22:16:36.5453463Z   ...
2026-10-08T22:16:36.5551609Z # Subtest: browser decodes the exact canonical Rust and ConduitOS rendezvous vector
2026-10-08T22:16:36.5552967Z ok 49 - browser decodes the exact canonical Rust and ConduitOS rendezvous vector
2026-10-08T22:16:36.5553811Z   ---
2026-10-08T22:16:36.5554374Z   duration_ms: 4.659171
2026-10-08T22:16:36.5555658Z   type: 'test'
2026-10-08T22:16:36.5556206Z   ...
2026-10-08T22:16:36.5557194Z # Subtest: browser decodes the shared bounded WebRTC candidate without retaining signaling
2026-10-08T22:16:36.5558851Z ok 50 - browser decodes the shared bounded WebRTC candidate without retaining signaling
2026-10-08T22:16:36.5559816Z   ---
2026-10-08T22:16:36.5560399Z   duration_ms: 1.03648
2026-10-08T22:16:36.5561021Z   type: 'test'
2026-10-08T22:16:36.5561614Z   ...
2026-10-08T22:16:36.5562518Z # Subtest: browser records ordered direct failure before WebRTC selection
2026-10-08T22:16:36.5563756Z ok 51 - browser records ordered direct failure before WebRTC selection
2026-10-08T22:16:36.5564624Z   ---
2026-10-08T22:16:36.5565459Z   duration_ms: 1.56554
2026-10-08T22:16:36.5566055Z   type: 'test'
2026-10-08T22:16:36.5566594Z   ...
2026-10-08T22:16:36.5567568Z # Subtest: browser records direct and WebRTC failure before protected relay fallback
2026-10-08T22:16:36.5568968Z ok 52 - browser records direct and WebRTC failure before protected relay fallback
2026-10-08T22:16:36.5569916Z   ---
2026-10-08T22:16:36.5570434Z   duration_ms: 0.955869
2026-10-08T22:16:36.5570985Z   type: 'test'
2026-10-08T22:16:36.5571737Z   ...
2026-10-08T22:16:36.5572702Z # Subtest: candidate adapters reuse bounded WebRTC and protected-relay Line APIs
2026-10-08T22:16:36.5619141Z ok 53 - candidate adapters reuse bounded WebRTC and protected-relay Line APIs
2026-10-08T22:16:36.5620082Z   ---
2026-10-08T22:16:36.5620713Z   duration_ms: 1.205206
2026-10-08T22:16:36.5621293Z   type: 'test'
2026-10-08T22:16:36.5621796Z   ...
2026-10-08T22:16:36.5623161Z # Subtest: browser verifies the exact RFC 9052 Sign1 vector under caller-owned policy
2026-10-08T22:16:36.5624593Z ok 54 - browser verifies the exact RFC 9052 Sign1 vector under caller-owned policy
2026-10-08T22:16:36.5625668Z   ---
2026-10-08T22:16:36.5626180Z   duration_ms: 20.766287
2026-10-08T22:16:36.5626778Z   type: 'test'
2026-10-08T22:16:36.5627304Z   ...
2026-10-08T22:16:36.5628303Z # Subtest: running host rendezvous code resolves one authenticated loopback WebSocket Line
2026-10-08T22:16:36.5629654Z ok 55 - running host rendezvous code resolves one authenticated loopback WebSocket Line
2026-10-08T22:16:36.5655559Z   ---
2026-10-08T22:16:36.5670046Z   duration_ms: 0.771014
2026-10-08T22:16:36.5670681Z   type: 'test'
2026-10-08T22:16:36.5671201Z   ...
2026-10-08T22:16:36.5672040Z # Subtest: malformed, zero-secret, and non-loopback codes refuse
2026-10-08T22:16:36.5673075Z ok 56 - malformed, zero-secret, and non-loopback codes refuse
2026-10-08T22:16:36.5673811Z   ---
2026-10-08T22:16:36.5674304Z   duration_ms: 0.742981
2026-10-08T22:16:36.5674845Z   type: 'test'
2026-10-08T22:16:36.5675618Z   ...
2026-10-08T22:16:36.5676469Z # Subtest: serial rendezvous code selects the browser-attended serial Line
2026-10-08T22:16:36.5677609Z ok 57 - serial rendezvous code selects the browser-attended serial Line
2026-10-08T22:16:36.5678408Z   ---
2026-10-08T22:16:36.5678903Z   duration_ms: 0.434073
2026-10-08T22:16:36.5679474Z   type: 'test'
2026-10-08T22:16:36.5680044Z   ...
2026-10-08T22:16:36.5680924Z # Subtest: finite secure LAN descriptor selects the authenticated TLS Line
2026-10-08T22:16:36.5682091Z ok 58 - finite secure LAN descriptor selects the authenticated TLS Line
2026-10-08T22:16:36.5682874Z   ---
2026-10-08T22:16:36.5683362Z   duration_ms: 2.968666
2026-10-08T22:16:36.5683985Z   type: 'test'
2026-10-08T22:16:36.5684491Z   ...
2026-10-08T22:16:36.5685678Z # Subtest: shared WebRTC candidate carries the unchanged running-Host admission session
2026-10-08T22:16:36.5687004Z ok 59 - shared WebRTC candidate carries the unchanged running-Host admission session
2026-10-08T22:16:36.5687876Z   ---
2026-10-08T22:16:36.5688417Z   duration_ms: 29.410456
2026-10-08T22:16:36.5688978Z   type: 'test'
2026-10-08T22:16:36.5689480Z   ...
2026-10-08T22:16:36.5690364Z # Subtest: one code carries a current advertisement and exactly one invitation proof
2026-10-08T22:16:36.5691622Z ok 60 - one code carries a current advertisement and exactly one invitation proof
2026-10-08T22:16:36.5692794Z   ---
2026-10-08T22:16:36.5693304Z   duration_ms: 2.529474
2026-10-08T22:16:36.5693896Z   type: 'test'
2026-10-08T22:16:36.5694421Z   ...
2026-10-08T22:16:36.5695522Z # Subtest: Workspace may retain the authenticated joined Line until explicit close
2026-10-08T22:16:36.5696763Z ok 61 - Workspace may retain the authenticated joined Line until explicit close
2026-10-08T22:16:36.5697575Z   ---
2026-10-08T22:16:36.5698065Z   duration_ms: 4.955846
2026-10-08T22:16:36.5698644Z   type: 'test'
2026-10-08T22:16:36.5699198Z   ...
2026-10-08T22:16:36.5699978Z # Subtest: the same invitation exchange runs over a Web Serial stream
2026-10-08T22:16:36.5701173Z ok 62 - the same invitation exchange runs over a Web Serial stream
2026-10-08T22:16:36.5702034Z   ---
2026-10-08T22:16:36.5702590Z   duration_ms: 8.357276
2026-10-08T22:16:36.5703193Z   type: 'test'
2026-10-08T22:16:36.5703726Z   ...
2026-10-08T22:16:36.5888427Z # Subtest: physical target catalog admits exact evidence maxima and preserves finite refusals
2026-10-08T22:16:36.5916171Z ok 63 - physical target catalog admits exact evidence maxima and preserves finite refusals
2026-10-08T22:16:36.5937053Z   ---
2026-10-08T22:16:36.5937702Z   duration_ms: 5.470509
2026-10-08T22:16:36.5938402Z   type: 'test'
2026-10-08T22:16:36.5938974Z   ...
2026-10-08T22:16:36.5940007Z # Subtest: physical workflow cancels one bounded operation without accepting late truth
2026-10-08T22:16:36.5941458Z ok 64 - physical workflow cancels one bounded operation without accepting late truth
2026-10-08T22:16:36.5942384Z   ---
2026-10-08T22:16:36.5942906Z   duration_ms: 10.74529
2026-10-08T22:16:36.5943490Z   type: 'test'
2026-10-08T22:16:36.5944038Z   ...
2026-10-08T22:16:36.5945369Z # Subtest: physical workflow refuses oversized operation evidence before accepting its result
2026-10-08T22:16:36.5946903Z ok 65 - physical workflow refuses oversized operation evidence before accepting its result
2026-10-08T22:16:36.5947864Z   ---
2026-10-08T22:16:36.5948399Z   duration_ms: 2.331754
2026-10-08T22:16:36.5948952Z   type: 'test'
2026-10-08T22:16:36.5949439Z   ...
2026-10-08T22:16:36.5950385Z # Subtest: physical workflow delegates the exact observed join to its owning Body product
2026-10-08T22:16:36.5951730Z ok 66 - physical workflow delegates the exact observed join to its owning Body product
2026-10-08T22:16:36.5952606Z   ---
2026-10-08T22:16:36.5953106Z   duration_ms: 5.490246
2026-10-08T22:16:36.5953678Z   type: 'test'
2026-10-08T22:16:36.5954199Z   ...
2026-10-08T22:16:36.5955776Z # Subtest: Gallery handoff accepts one complete current identity and refuses substitution or ambiguous fields
2026-10-08T22:16:36.5957543Z ok 67 - Gallery handoff accepts one complete current identity and refuses substitution or ambiguous fields
2026-10-08T22:16:36.5958645Z   ---
2026-10-08T22:16:36.5959196Z   duration_ms: 2.264148
2026-10-08T22:16:36.5959810Z   type: 'test'
2026-10-08T22:16:36.5960343Z   ...
2026-10-08T22:16:36.5961440Z # Subtest: birth admission preserves selected source bytes without admitting the whole catalog
2026-10-08T22:16:36.5962984Z ok 68 - birth admission preserves selected source bytes without admitting the whole catalog
2026-10-08T22:16:36.5964020Z   ---
2026-10-08T22:16:36.5964547Z   duration_ms: 2.541307
2026-10-08T22:16:36.5965427Z   type: 'test'
2026-10-08T22:16:36.5965940Z   ...
2026-10-08T22:16:36.5966827Z # Subtest: long birth refusals retain their detail without overflowing a status label
2026-10-08T22:16:36.5968066Z ok 69 - long birth refusals retain their detail without overflowing a status label
2026-10-08T22:16:36.5968873Z   ---
2026-10-08T22:16:36.5969350Z   duration_ms: 2.793438
2026-10-08T22:16:36.5969870Z   type: 'test'
2026-10-08T22:16:36.5970356Z   ...
2026-10-08T22:16:36.6181235Z # Subtest: application and compatibility identities isolate state while compatible packages retain it
2026-10-08T22:16:36.6206370Z ok 70 - application and compatibility identities isolate state while compatible packages retain it
2026-10-08T22:16:36.6235659Z   ---
2026-10-08T22:16:36.6236402Z   duration_ms: 13.657282
2026-10-08T22:16:36.6236946Z   type: 'test'
2026-10-08T22:16:36.6237380Z   ...
2026-10-08T22:16:36.6238335Z # Subtest: ownership is lazy and a session caches its one Body without duplicate restore
2026-10-08T22:16:36.6239558Z ok 71 - ownership is lazy and a session caches its one Body without duplicate restore
2026-10-08T22:16:36.6240315Z   ---
2026-10-08T22:16:36.6240702Z   duration_ms: 2.080745
2026-10-08T22:16:36.6241103Z   type: 'test'
2026-10-08T22:16:36.6241525Z   ...
2026-10-08T22:16:36.6242230Z # Subtest: failed termination cannot clear state or release ownership
2026-10-08T22:16:36.6243229Z ok 72 - failed termination cannot clear state or release ownership
2026-10-08T22:16:36.6243837Z   ---
2026-10-08T22:16:36.6244188Z   duration_ms: 0.510555
2026-10-08T22:16:36.6244599Z   type: 'test'
2026-10-08T22:16:36.6245250Z   ...
2026-10-08T22:16:36.6246076Z # Subtest: forgetting unopened state acquires ownership; refused ownership cannot reset
2026-10-08T22:16:36.6247264Z ok 73 - forgetting unopened state acquires ownership; refused ownership cannot reset
2026-10-08T22:16:36.6247982Z   ---
2026-10-08T22:16:36.6248695Z   duration_ms: 0.336379
2026-10-08T22:16:36.6249136Z   type: 'test'
2026-10-08T22:16:36.6249519Z   ...
2026-10-08T22:16:36.6250423Z # Subtest: cooperative lock excludes competitors, releases explicitly, and retains Workspace default
2026-10-08T22:16:36.6251685Z ok 74 - cooperative lock excludes competitors, releases explicitly, and retains Workspace default
2026-10-08T22:16:36.6252448Z   ---
2026-10-08T22:16:36.6252803Z   duration_ms: 2.416783
2026-10-08T22:16:36.6253214Z   type: 'test'
2026-10-08T22:16:36.6253590Z   ...
2026-10-08T22:16:36.6254400Z # Subtest: close waits for an in-flight birth and its Body settlement before releasing
2026-10-08T22:16:36.6255913Z ok 75 - close waits for an in-flight birth and its Body settlement before releasing
2026-10-08T22:16:36.6256663Z   ---
2026-10-08T22:16:36.6257063Z   duration_ms: 0.48089
2026-10-08T22:16:36.6257495Z   type: 'test'
2026-10-08T22:16:36.6257847Z   ...
2026-10-08T22:16:36.6616911Z # Subtest: typed lifecycle refusals preserve their category, operation, evidence, and exact identities
2026-10-08T22:16:36.6627240Z ok 76 - typed lifecycle refusals preserve their category, operation, evidence, and exact identities
2026-10-08T22:16:36.6628489Z   ---
2026-10-08T22:16:36.6629082Z   duration_ms: 2.485212
2026-10-08T22:16:36.6629650Z   type: 'test'
2026-10-08T22:16:36.6630185Z   ...
2026-10-08T22:16:36.6631132Z # Subtest: BrowserHost cannot be made outside the admitted Conduit entrance
2026-10-08T22:16:36.6632349Z ok 77 - BrowserHost cannot be made outside the admitted Conduit entrance
2026-10-08T22:16:36.6633217Z   ---
2026-10-08T22:16:36.6633811Z   duration_ms: 0.852646
2026-10-08T22:16:36.6634402Z   type: 'test'
2026-10-08T22:16:36.6635310Z   ...
2026-10-08T22:16:36.6816370Z # Subtest: snapshot projection is the immutable exact Workspace response
2026-10-08T22:16:36.6817894Z ok 78 - snapshot projection is the immutable exact Workspace response
2026-10-08T22:16:36.6845717Z   ---
2026-10-08T22:16:36.6875677Z   duration_ms: 1.740197
2026-10-08T22:16:36.6876565Z   type: 'test'
2026-10-08T22:16:36.6935760Z   ...
2026-10-08T22:16:36.6936882Z # Subtest: lifecycle events correlate the exact retained biography record and sign
2026-10-08T22:16:36.6938013Z ok 79 - lifecycle events correlate the exact retained biography record and sign
2026-10-08T22:16:36.6938700Z   ---
2026-10-08T22:16:36.6939061Z   duration_ms: 0.817931
2026-10-08T22:16:36.6939456Z   type: 'test'
2026-10-08T22:16:36.6939805Z   ...
2026-10-08T22:16:36.6940623Z # Subtest: host offer transitions report observed changes and coalesced generation advances
2026-10-08T22:16:36.6941823Z ok 80 - host offer transitions report observed changes and coalesced generation advances
2026-10-08T22:16:36.6942534Z   ---
2026-10-08T22:16:36.6942872Z   duration_ms: 1.487715
2026-10-08T22:16:36.6943292Z   type: 'test'
2026-10-08T22:16:36.6944028Z   ...
2026-10-08T22:16:36.6944827Z # Subtest: event streams replay only when requested and release their finite subscription
2026-10-08T22:16:36.6946266Z ok 81 - event streams replay only when requested and release their finite subscription
2026-10-08T22:16:36.6946950Z   ---
2026-10-08T22:16:36.6947292Z   duration_ms: 0.560228
2026-10-08T22:16:36.6947676Z   type: 'test'
2026-10-08T22:16:36.6948013Z   ...
2026-10-08T22:16:36.6948807Z # Subtest: unrequested replay starts from current evidence and polling bounds are enforced
2026-10-08T22:16:36.6950019Z ok 82 - unrequested replay starts from current evidence and polling bounds are enforced
2026-10-08T22:16:36.6950775Z   ---
2026-10-08T22:16:36.6951151Z   duration_ms: 0.838159
2026-10-08T22:16:36.6951583Z   type: 'test'
2026-10-08T22:16:36.6951943Z   ...
2026-10-08T22:16:36.6952835Z # Subtest: compaction is reported from its retained boundary before later biography records
2026-10-08T22:16:36.6954057Z ok 83 - compaction is reported from its retained boundary before later biography records
2026-10-08T22:16:36.6954752Z   ---
2026-10-08T22:16:36.6955446Z   duration_ms: 0.351848
2026-10-08T22:16:36.6955841Z   type: 'test'
2026-10-08T22:16:36.6956191Z   ...
2026-10-08T22:16:36.6969698Z # Subtest: browser Face controls pass only named, bounded values from the current action
2026-10-08T22:16:36.6971252Z ok 84 - browser Face controls pass only named, bounded values from the current action
2026-10-08T22:16:36.6972295Z   ---
2026-10-08T22:16:36.6972944Z   duration_ms: 2.663846
2026-10-08T22:16:36.6995490Z   type: 'test'
2026-10-08T22:16:36.7025550Z   ...
2026-10-08T22:16:36.7044201Z # Subtest: actions with no arguments are ordinary buttons; nontext without choices is unavailable
2026-10-08T22:16:36.7046306Z ok 85 - actions with no arguments are ordinary buttons; nontext without choices is unavailable
2026-10-08T22:16:36.7047547Z   ---
2026-10-08T22:16:36.7047951Z   duration_ms: 0.355826
2026-10-08T22:16:36.7048363Z   type: 'test'
2026-10-08T22:16:36.7048722Z   ...
2026-10-08T22:16:36.7655119Z # Subtest: Face snapshot uses one bounded same-origin SDK request
2026-10-08T22:16:36.7666558Z ok 86 - Face snapshot uses one bounded same-origin SDK request
2026-10-08T22:16:36.7667651Z   ---
2026-10-08T22:16:36.7668323Z   duration_ms: 37.26617
2026-10-08T22:16:36.7669007Z   type: 'test'
2026-10-08T22:16:36.7669651Z   ...
2026-10-08T22:16:36.7672621Z # Subtest: Face interaction carries exact caller-owned semantic basis
2026-10-08T22:16:36.7676938Z ok 87 - Face interaction carries exact caller-owned semantic basis
2026-10-08T22:16:36.7677915Z   ---
2026-10-08T22:16:36.7678492Z   duration_ms: 0.839171
2026-10-08T22:16:36.7679107Z   type: 'test'
2026-10-08T22:16:36.7679652Z   ...
2026-10-08T22:16:36.7688579Z # Subtest: Face client refuses failed, empty, and oversized responses
2026-10-08T22:16:36.7689682Z ok 88 - Face client refuses failed, empty, and oversized responses
2026-10-08T22:16:36.7690465Z   ---
2026-10-08T22:16:36.7690979Z   duration_ms: 2.411865
2026-10-08T22:16:36.7691579Z   type: 'test'
2026-10-08T22:16:36.7692079Z   ...
2026-10-08T22:16:36.7886769Z # Subtest: Plot check projects Rust source and checked identities without parsing in JavaScript
2026-10-08T22:16:36.7890385Z ok 89 - Plot check projects Rust source and checked identities without parsing in JavaScript
2026-10-08T22:16:36.7891748Z   ---
2026-10-08T22:16:36.7896114Z   duration_ms: 2.702287
2026-10-08T22:16:36.7896865Z   type: 'test'
2026-10-08T22:16:36.7897434Z   ...
2026-10-08T22:16:36.7898499Z # Subtest: invalid source returns canonical diagnostics and parser spans without prose scraping
2026-10-08T22:16:36.7899977Z ok 90 - invalid source returns canonical diagnostics and parser spans without prose scraping
2026-10-08T22:16:36.7900937Z   ---
2026-10-08T22:16:36.7901492Z   duration_ms: 0.511428
2026-10-08T22:16:36.7902179Z   type: 'test'
2026-10-08T22:16:36.7902747Z   ...
2026-10-08T22:16:36.7903824Z # Subtest: Plot Patchbay exposes immutable Rust-checked Front constraints without creating a Body
2026-10-08T22:16:36.7906020Z ok 91 - Plot Patchbay exposes immutable Rust-checked Front constraints without creating a Body
2026-10-08T22:16:36.7907029Z   ---
2026-10-08T22:16:36.7907569Z   duration_ms: 0.871692
2026-10-08T22:16:36.7908169Z   type: 'test'
2026-10-08T22:16:36.7908698Z   ...
2026-10-08T22:16:36.7909925Z # Subtest: Host workload review returns bounded realization requirements without creating a Plan or acquiring resources
2026-10-08T22:16:36.7911810Z ok 92 - Host workload review returns bounded realization requirements without creating a Plan or acquiring resources
2026-10-08T22:16:36.7912912Z   ---
2026-10-08T22:16:36.7913447Z   duration_ms: 2.14788
2026-10-08T22:16:36.7914027Z   type: 'test'
2026-10-08T22:16:36.7914598Z   ...
2026-10-08T22:16:36.7915892Z # Subtest: workset changes send canonical checked identity and exact observed workload revision
2026-10-08T22:16:36.7917503Z ok 93 - workset changes send canonical checked identity and exact observed workload revision
2026-10-08T22:16:36.7918432Z   ---
2026-10-08T22:16:36.7918924Z   duration_ms: 1.862967
2026-10-08T22:16:36.7919457Z   type: 'test'
2026-10-08T22:16:36.7919978Z   ...
2026-10-08T22:16:36.7921251Z # Subtest: Body Patchbay uses the Rust projection and binds it to exact Body and Boot truth
2026-10-08T22:16:36.7922682Z ok 94 - Body Patchbay uses the Rust projection and binds it to exact Body and Boot truth
2026-10-08T22:16:36.7923679Z   ---
2026-10-08T22:16:36.7924242Z   duration_ms: 1.163968
2026-10-08T22:16:36.7925059Z   type: 'test'
2026-10-08T22:16:36.7925648Z   ...
2026-10-08T22:16:36.7926431Z # Subtest: workset refusal retains the exact expected revision
2026-10-08T22:16:36.7927434Z ok 95 - workset refusal retains the exact expected revision
2026-10-08T22:16:36.7928222Z   ---
2026-10-08T22:16:36.7928862Z   duration_ms: 1.720239
2026-10-08T22:16:36.7929787Z   type: 'test'
2026-10-08T22:16:36.7930460Z   ...
2026-10-08T22:16:36.7931595Z # Subtest: durable birth retains runtime-owned Body truth with its freshly checked source
2026-10-08T22:16:36.7933142Z ok 96 - durable birth retains runtime-owned Body truth with its freshly checked source
2026-10-08T22:16:36.7934114Z   ---
2026-10-08T22:16:36.7934710Z   duration_ms: 0.792724
2026-10-08T22:16:36.7936119Z   type: 'test'
2026-10-08T22:16:36.7936739Z   ...
2026-10-08T22:16:36.7937896Z # Subtest: recover rechecks retained Plots and restores the same Body under the fresh Boot without a Play
2026-10-08T22:16:36.7939510Z ok 97 - recover rechecks retained Plots and restores the same Body under the fresh Boot without a Play
2026-10-08T22:16:36.7940551Z   ---
2026-10-08T22:16:36.7941150Z   duration_ms: 1.518352
2026-10-08T22:16:36.7941787Z   type: 'test'
2026-10-08T22:16:36.7942341Z   ...
2026-10-08T22:16:36.7943266Z # Subtest: birth refuses to overwrite a retained Body that requires recovery
2026-10-08T22:16:36.7944547Z ok 98 - birth refuses to overwrite a retained Body that requires recovery
2026-10-08T22:16:36.7945767Z   ---
2026-10-08T22:16:36.7946337Z   duration_ms: 0.90858
2026-10-08T22:16:36.7946962Z   type: 'test'
2026-10-08T22:16:36.7947507Z   ...
2026-10-08T22:16:36.7948470Z # Subtest: recover refuses retained Plot identities that no longer match canonical checking
2026-10-08T22:16:36.7949828Z ok 99 - recover refuses retained Plot identities that no longer match canonical checking
2026-10-08T22:16:36.7950710Z   ---
2026-10-08T22:16:36.7951217Z   duration_ms: 0.572401
2026-10-08T22:16:36.7951771Z   type: 'test'
2026-10-08T22:16:36.7952278Z   ...
2026-10-08T22:16:36.7953157Z # Subtest: closing a Body settles admitted selection before fencing stale handles
2026-10-08T22:16:36.7954364Z ok 100 - closing a Body settles admitted selection before fencing stale handles
2026-10-08T22:16:36.7955682Z   ---
2026-10-08T22:16:36.7956207Z   duration_ms: 1.46398
2026-10-08T22:16:36.7956764Z   type: 'test'
2026-10-08T22:16:36.7957273Z   ...
2026-10-08T22:16:36.7958425Z # Subtest: bundled edits retain reviewed presentation profiles and Patchbay projects exact foreground source
2026-10-08T22:16:36.7960044Z ok 101 - bundled edits retain reviewed presentation profiles and Patchbay projects exact foreground source
2026-10-08T22:16:36.7961314Z   ---
2026-10-08T22:16:36.7961820Z   duration_ms: 2.310164
2026-10-08T22:16:36.7962387Z   type: 'test'
2026-10-08T22:16:36.7962893Z   ...
2026-10-08T22:16:36.7972925Z # Subtest: adapter forwards incomplete and Unicode source unchanged to native ABI
2026-10-08T22:16:36.7974204Z ok 102 - adapter forwards incomplete and Unicode source unchanged to native ABI
2026-10-08T22:16:36.7975304Z   ---
2026-10-08T22:16:36.7975755Z   duration_ms: 2.801964
2026-10-08T22:16:36.7976288Z   type: 'test'
2026-10-08T22:16:36.7976820Z   ...
2026-10-08T22:16:36.7977715Z # Subtest: byte overflow and malformed Unicode refuse before invoking native ABI
2026-10-08T22:16:36.7978886Z ok 103 - byte overflow and malformed Unicode refuse before invoking native ABI
2026-10-08T22:16:36.7979667Z   ---
2026-10-08T22:16:36.7980140Z   duration_ms: 1.686737
2026-10-08T22:16:36.7980661Z   type: 'test'
2026-10-08T22:16:36.7981142Z   ...
2026-10-08T22:16:36.7981852Z # Subtest: refuses malformed native projection: wrong protocol
2026-10-08T22:16:36.7988254Z ok 104 - refuses malformed native projection: wrong protocol
2026-10-08T22:16:36.7989464Z   ---
2026-10-08T22:16:36.7990017Z   duration_ms: 0.348042
2026-10-08T22:16:36.7990578Z   type: 'test'
2026-10-08T22:16:36.7991080Z   ...
2026-10-08T22:16:36.7991817Z # Subtest: refuses malformed native projection: wrong length
2026-10-08T22:16:36.7992784Z ok 105 - refuses malformed native projection: wrong length
2026-10-08T22:16:36.7993491Z   ---
2026-10-08T22:16:36.7993985Z   duration_ms: 0.268222
2026-10-08T22:16:36.7994536Z   type: 'test'
2026-10-08T22:16:36.7995289Z   ...
2026-10-08T22:16:36.7995998Z # Subtest: refuses malformed native projection: unknown kind
2026-10-08T22:16:36.7996989Z ok 106 - refuses malformed native projection: unknown kind
2026-10-08T22:16:36.7997715Z   ---
2026-10-08T22:16:36.7998218Z   duration_ms: 0.327933
2026-10-08T22:16:36.7998774Z   type: 'test'
2026-10-08T22:16:36.7999283Z   ...
2026-10-08T22:16:36.7999951Z # Subtest: refuses malformed native projection: gap
2026-10-08T22:16:36.8000963Z ok 107 - refuses malformed native projection: gap
2026-10-08T22:16:36.8001861Z   ---
2026-10-08T22:16:36.8002402Z   duration_ms: 0.302315
2026-10-08T22:16:36.8002978Z   type: 'test'
2026-10-08T22:16:36.8003499Z   ...
2026-10-08T22:16:36.8006884Z # Subtest: refuses malformed native projection: split UTF-8
2026-10-08T22:16:36.8007896Z ok 108 - refuses malformed native projection: split UTF-8
2026-10-08T22:16:36.8008621Z   ---
2026-10-08T22:16:36.8009137Z   duration_ms: 0.318587
2026-10-08T22:16:36.8009681Z   type: 'test'
2026-10-08T22:16:36.8010189Z   ...
2026-10-08T22:16:36.8010819Z # Subtest: native refusal remains a refusal
2026-10-08T22:16:36.8011596Z ok 109 - native refusal remains a refusal
2026-10-08T22:16:36.8012217Z   ---
2026-10-08T22:16:36.8012716Z   duration_ms: 0.281647
2026-10-08T22:16:36.8013259Z   type: 'test'
2026-10-08T22:16:36.8013762Z   ...
2026-10-08T22:16:36.8347919Z # Subtest: wardrobe preserves exact owner revision and distinguishes route availability from policy
2026-10-08T22:16:36.8353831Z ok 110 - wardrobe preserves exact owner revision and distinguishes route availability from policy
2026-10-08T22:16:36.8355365Z   ---
2026-10-08T22:16:36.8356015Z   duration_ms: 2.188536
2026-10-08T22:16:36.8356674Z   type: 'test'
2026-10-08T22:16:36.8357282Z   ...
2026-10-08T22:16:36.8358407Z # Subtest: wardrobe refuses stale identities, invented routes, and malformed selection
2026-10-08T22:16:36.8361044Z ok 111 - wardrobe refuses stale identities, invented routes, and malformed selection
2026-10-08T22:16:36.8362139Z   ---
2026-10-08T22:16:36.8362675Z   duration_ms: 0.424234
2026-10-08T22:16:36.8363301Z   type: 'test'
2026-10-08T22:16:36.8363899Z   ...
2026-10-08T22:16:37.7966679Z # Subtest: targets/browser/sdk/package-browser-bundle.test.mjs
2026-10-08T22:16:37.7967622Z ok 19 - targets/browser/sdk/package-browser-bundle.test.mjs
2026-10-08T22:16:37.7968202Z   ---
2026-10-08T22:16:37.7968900Z   duration_ms: 1003.524849
2026-10-08T22:16:37.7969312Z   type: 'test'
2026-10-08T22:16:37.7969656Z   ...
2026-10-08T22:16:37.7970445Z # Subtest: policy precedes executable assets while preserving SVG and authored markup
2026-10-08T22:16:37.7971578Z ok 113 - policy precedes executable assets while preserving SVG and authored markup
2026-10-08T22:16:37.7972290Z   ---
2026-10-08T22:16:37.7972661Z   duration_ms: 1.198964
2026-10-08T22:16:37.7973100Z   type: 'test'
2026-10-08T22:16:37.7973449Z   ...
2026-10-08T22:16:37.7974352Z # Subtest: policy permits reviewed module and Wasm loading without script eval or backend origins
2026-10-08T22:16:37.7975947Z ok 114 - policy permits reviewed module and Wasm loading without script eval or backend origins
2026-10-08T22:16:37.7976757Z   ---
2026-10-08T22:16:37.7977115Z   duration_ms: 0.897019
2026-10-08T22:16:37.7977510Z   type: 'test'
2026-10-08T22:16:37.7977862Z   ...
2026-10-08T22:16:37.7978614Z # Subtest: existing tighter policy survives and headless fragments refuse packaging
2026-10-08T22:16:37.7979746Z ok 115 - existing tighter policy survives and headless fragments refuse packaging
2026-10-08T22:16:37.7980432Z   ---
2026-10-08T22:16:37.7981020Z   duration_ms: 0.444573
2026-10-08T22:16:37.7981425Z   type: 'test'
2026-10-08T22:16:37.7981776Z   ...
2026-10-08T22:16:37.7982550Z # Subtest: explicit owner window widens only its document to bounded loopback WebSockets
2026-10-08T22:16:37.7983581Z ok 116 - explicit owner window widens only its document to bounded loopback WebSockets
2026-10-08T22:16:37.7984037Z   ---
2026-10-08T22:16:37.7984243Z   duration_ms: 0.29425
2026-10-08T22:16:37.7984481Z   type: 'test'
2026-10-08T22:16:37.7984684Z   ...
2026-10-08T22:16:37.7985588Z 1..116
2026-10-08T22:16:37.7985826Z # tests 116
2026-10-08T22:16:37.7986037Z # suites 0
2026-10-08T22:16:37.7986234Z # pass 116
2026-10-08T22:16:37.7986427Z # fail 0
2026-10-08T22:16:37.7986627Z # cancelled 0
2026-10-08T22:16:37.7986837Z # skipped 0
2026-10-08T22:16:37.7987041Z # todo 0
2026-10-08T22:16:37.7987264Z # duration_ms 1667.37325
2026-10-08T22:16:37.8040474Z > node proof/browser/node_modules/@playwright/test/cli.js test --config proof/browser/playwright.config.mjs --project chromium --workers 1 --retries 0 workspace-arrival.spec.mjs workspace-birth-naming.spec.mjs sdk-external-body-execution.spec.mjs workspace-membership.spec.mjs workspace-library.spec.mjs workspace-resident-applications.spec.mjs workspace-continuity.spec.mjs workspace-shared-journey.spec.mjs field-station-clock.spec.mjs sdk-body-participation.spec.mjs static-body-application.spec.mjs creche-browser-configuration.spec.mjs creche-rendezvous.spec.mjs signal-dom-host.spec.mjs browser-body-time.spec.mjs browser-host-calls.spec.mjs browser-pointer.spec.mjs browser-human-input.spec.mjs browser-host-entrance.spec.mjs browser-media-host.spec.mjs browser-device-base.spec.mjs browser-usb-device-base.spec.mjs rp2040-browser-deployment.spec.mjs esp32-browser-deployment.spec.mjs
2026-10-08T22:16:39.8382651Z 
2026-10-08T22:16:39.8383935Z Running 100 tests using 1 worker
2026-10-08T22:16:39.8384334Z 
2026-10-08T22:16:40.2622451Z [1/100] [chromium] › proof/browser/browser-body-time.spec.mjs:5:1 › real browser monotonic timer ignores wall-clock steps
2026-10-08T22:16:40.8280825Z [2/100] [chromium] › proof/browser/browser-body-time.spec.mjs:38:1 › Chromium and native std process reconcile their distinct monotonic bases
2026-10-08T22:16:59.3826684Z [3/100] [chromium] › proof/browser/browser-device-base.spec.mjs:119:1 › superset WebSerial adapter refuses PROFILE omission before the chooser
2026-10-08T22:16:59.7345657Z [4/100] [chromium] › proof/browser/browser-device-base.spec.mjs:143:1 › explicit Web Serial acquisition creates one exact finite Base then bounded use
2026-10-08T22:17:00.2638086Z [5/100] [chromium] › proof/browser/browser-device-base.spec.mjs:235:1 › one admitted serial read bounds internal bytes, browser chunks, and elapsed time
2026-10-08T22:17:01.3133809Z [6/100] [chromium] › proof/browser/browser-device-base.spec.mjs:352:1 › permission, selection, API, and open failures remain distinct
2026-10-08T22:17:02.8900955Z [7/100] [chromium] › proof/browser/browser-device-base.spec.mjs:380:1 › disconnect and page cancellation terminate without retry or replacement
2026-10-08T22:17:04.0138038Z [8/100] [chromium] › proof/browser/browser-host-calls.spec.mjs:3:1 › artifact handoff requires activation and carries exact admitted bytes
2026-10-08T22:17:04.1701468Z [9/100] [chromium] › proof/browser/browser-host-calls.spec.mjs:26:1 › history movement is presentation-scoped and exactly correlated
2026-10-08T22:17:04.3161375Z [10/100] [chromium] › proof/browser/browser-host-calls.spec.mjs:41:1 › profile-gated device choice returns bounded browser-visible resource truth only
2026-10-08T22:17:04.4733099Z [11/100] [chromium] › proof/browser/browser-host-entrance.spec.mjs:40:1 › shows bounded startup suspense until the browser Host is ready
2026-10-08T22:17:05.5560346Z [12/100] [chromium] › proof/browser/browser-host-entrance.spec.mjs:62:1 › independent entrances own distinct Hosts while reload retains Host and replaces Boot
2026-10-08T22:17:06.3997559Z [13/100] [chromium] › proof/browser/browser-human-input.spec.mjs:3:1 › document-wide input leaves native controls operable without an admitted key request
2026-10-08T22:17:06.5691259Z [14/100] [chromium] › proof/browser/browser-human-input.spec.mjs:12:1 › ordered button transitions survive gaps between Host requests and refuse overflow
2026-10-08T22:17:06.8035530Z [15/100] [chromium] › proof/browser/browser-human-input.spec.mjs:39:1 › queued button release cannot survive a replacement Boot
2026-10-08T22:17:06.9716987Z [16/100] [chromium] › proof/browser/browser-human-input.spec.mjs:52:1 › selected keyboard and pointer adapt real Chromium actions to portable values
2026-10-08T22:17:07.1623778Z [17/100] [chromium] › proof/browser/browser-human-input.spec.mjs:91:1 › ordered keyboard transitions survive gaps between Host requests and refuse overflow
2026-10-08T22:17:07.3583176Z [18/100] [chromium] › proof/browser/browser-human-input.spec.mjs:111:1 › profile omission, finite pressure, cancellation, and stale Boot stay distinct
2026-10-08T22:17:07.5569799Z [19/100] [chromium] › proof/browser/browser-human-input.spec.mjs:134:1 › focus loss is recoverable while page loss is terminal
2026-10-08T22:17:07.6909076Z [20/100] [chromium] › proof/browser/browser-human-input.spec.mjs:149:1 › Body routing reuses one pointer slot for 100,000 browser observations
2026-10-08T22:17:08.4355905Z [21/100] [chromium] › proof/browser/browser-media-host.spec.mjs:28:1 › superset adapter cannot acquire media omitted from the selected PROFILE
2026-10-08T22:17:08.7551133Z [22/100] [chromium] › proof/browser/browser-media-host.spec.mjs:47:1 › two independent Hosts acquire and consume bounded camera and microphone values
2026-10-08T22:17:09.6313432Z [23/100] [chromium] › proof/browser/browser-media-host.spec.mjs:79:3 › deterministic adapter preserves denial
2026-10-08T22:17:10.0217506Z [24/100] [chromium] › proof/browser/browser-media-host.spec.mjs:79:3 › deterministic adapter preserves dismissal
2026-10-08T22:17:10.4515883Z [25/100] [chromium] › proof/browser/browser-media-host.spec.mjs:79:3 › deterministic adapter preserves unsupported constraints
2026-10-08T22:17:10.8494501Z [26/100] [chromium] › proof/browser/browser-pointer.spec.mjs:3:1 › real Chromium pointer input crosses the planned production kernel
2026-10-08T22:17:11.2666315Z [27/100] [chromium] › proof/browser/browser-usb-device-base.spec.mjs:110:1 › superset WebUSB adapter refuses PROFILE omission before the chooser
2026-10-08T22:17:11.5901701Z [28/100] [chromium] › proof/browser/browser-usb-device-base.spec.mjs:134:1 › explicit WebUSB acquisition creates one exact finite Base then bounded use
2026-10-08T22:17:12.0916307Z [29/100] [chromium] › proof/browser/browser-usb-device-base.spec.mjs:212:1 › selection, API, open, configuration, interface, and alternate failures remain distinct
2026-10-08T22:17:14.8254614Z [30/100] [chromium] › proof/browser/browser-usb-device-base.spec.mjs:262:1 › control transfers and zero-length acknowledgements remain finite Base truth
2026-10-08T22:17:15.1886114Z [31/100] [chromium] › proof/browser/browser-usb-device-base.spec.mjs:328:1 › disconnect, cancellation, overflow, and stalled transfer terminate without replacement
2026-10-08T22:17:16.7551194Z [32/100] [chromium] › proof/browser/creche-browser-configuration.spec.mjs:11:1 › Crèche evidence budgets cover the release runtime's canonical advertisement and join envelope
2026-10-08T22:17:16.8605251Z [33/100] [chromium] › proof/browser/creche-browser-configuration.spec.mjs:24:1 › one reviewed distribution makes materially different, capability-enforcing browser Hosts
2026-10-08T22:17:30.8747790Z [34/100] [chromium] › proof/browser/creche-browser-configuration.spec.mjs:87:1 › browser outfitting is catalog-driven, editable, and handed to checked make
2026-10-08T22:17:35.5209030Z [35/100] [chromium] › proof/browser/creche-browser-configuration.spec.mjs:142:1 › stale restored browser choices are refused before lifecycle change
2026-10-08T22:17:37.0289288Z [36/100] [chromium] › proof/browser/creche-rendezvous.spec.mjs:19:1 › a rendezvous code admits one already-running raw Host through the web Crèche
2026-10-08T22:17:41.0895958Z [37/100] [chromium] › proof/browser/esp32-browser-deployment.spec.mjs:177:1 › exact ESP32 IMAGE deploys through one finite Web Serial Base without runtime promotion
2026-10-08T22:17:41.5148850Z [38/100] [chromium] › proof/browser/esp32-browser-deployment.spec.mjs:222:1 › two Bodies produce distinct native ESP32 images with recoverable provisioning
2026-10-08T22:17:42.0454497Z [39/100] [chromium] › proof/browser/esp32-browser-deployment.spec.mjs:276:1 › wrong chip and flash verification mismatch remain distinct terminal refusals
2026-10-08T22:17:42.8190148Z [40/100] [chromium] › proof/browser/esp32-browser-deployment.spec.mjs:296:1 › insufficient serial operation budget refuses before use or reset
2026-10-08T22:17:43.1786985Z [41/100] [chromium] › proof/browser/esp32-browser-deployment.spec.mjs:308:1 › stale body-bound artifact content refuses before serial use
2026-10-08T22:17:43.5506603Z [42/100] [chromium] › proof/browser/esp32-browser-deployment.spec.mjs:322:1 › IMAGE chip incompatibility refuses before serial use
2026-10-08T22:17:43.9122156Z [43/100] [chromium] › proof/browser/esp32-browser-deployment.spec.mjs:336:1 › reset-line and serial-transfer failures remain distinct terminals
2026-10-08T22:17:44.6817689Z [44/100] [chromium] › proof/browser/esp32-browser-deployment.spec.mjs:354:1 › WROOM and S3 retain their distinct chip observations and bootloader offsets
2026-10-08T22:17:45.5002410Z [45/100] [chromium] › proof/browser/field-station-clock.spec.mjs:10:1 › an external page recovers one Clock Body across a fresh Boot without resurrecting its Play
2026-10-08T22:17:50.5297907Z [46/100] [chromium] › proof/browser/rp2040-browser-deployment.spec.mjs:215:1 › target-owned make returns exact attributable bytes through two local strategies
2026-10-08T22:17:50.7118752Z [47/100] [chromium] › proof/browser/rp2040-browser-deployment.spec.mjs:275:1 › one reviewed IMAGE yields distinct directly plantable body-bound UF2 spores
2026-10-08T22:17:50.8735672Z [48/100] [chromium] › proof/browser/rp2040-browser-deployment.spec.mjs:338:1 › browser serial observes a distinct fresh Boot and invitation-bound Pico join
2026-10-08T22:17:51.2386892Z [49/100] [chromium] › proof/browser/rp2040-browser-deployment.spec.mjs:411:1 › expired invitation and join-to-advertisement mismatch refuse before admission
2026-10-08T22:17:51.6024621Z [50/100] [chromium] › proof/browser/rp2040-browser-deployment.spec.mjs:468:1 › exact RP2040 UF2 deploys through one finite WebUSB Base without runtime promotion
2026-10-08T22:17:52.0114093Z [51/100] [chromium] › proof/browser/rp2040-browser-deployment.spec.mjs:576:1 › running accepted firmware acknowledges a build-bound BOOTSEL reboot through Web Serial
2026-10-08T22:17:52.3684762Z [52/100] [chromium] › proof/browser/rp2040-browser-deployment.spec.mjs:609:1 › wrong IMAGE family and stale command status refuse without deployment success
2026-10-08T22:17:52.7273185Z [53/100] [chromium] › proof/browser/sdk-body-participation.spec.mjs:10:1 › the browser SDK lends its exact admitted Host and Boot to an external Body
2026-10-08T22:17:53.8464782Z [54/100] [chromium] › proof/browser/sdk-body-participation.spec.mjs:72:1 › Host admission and refresh do not require or paint an application surface
2026-10-08T22:17:54.4166951Z [55/100] [chromium] › proof/browser/sdk-body-participation.spec.mjs:99:1 › a rootless Host refuses Body execution before acquiring a missing application surface
2026-10-08T22:17:55.0984234Z [56/100] [chromium] › proof/browser/sdk-external-body-execution.spec.mjs:15:1 › a Workspace Body continues through the browser SDK without a Patchbay page runtime
2026-10-08T22:18:03.7039290Z [57/100] [chromium] › proof/browser/sdk-external-body-execution.spec.mjs:59:1 › Rosehip measurement processing and bounded history continue through the SDK
2026-10-08T22:18:06.9678786Z [58/100] [chromium] › proof/browser/signal-dom-host.spec.mjs:3:1 › two actual page hosts retain bounded exactly correlated DOM receipts
2026-10-08T22:18:11.5909132Z [59/100] [chromium] › proof/browser/static-body-application.spec.mjs:27:1 › static Handbook applications retain independent local Bodies through use, navigation, exclusion, reset and browser restart
2026-10-08T22:18:40.7060374Z [60/100] [chromium] › proof/browser/workspace-arrival.spec.mjs:22:1 › Birth hands off to a Lulled Body; Wake starts listening Plots and reload preserves the body
2026-10-08T22:18:47.7400985Z [61/100] [chromium] › proof/browser/workspace-arrival.spec.mjs:87:1 › a failed started-state save cancels the real Play before dispatching effects
2026-10-08T22:18:51.4022783Z [62/100] [chromium] › proof/browser/workspace-arrival.spec.mjs:120:1 › a second window cannot recover a body while its first host is alive
2026-10-08T22:18:55.5687944Z [63/100] [chromium] › proof/browser/workspace-arrival.spec.mjs:135:1 › Birth and the listening surface fit a narrow window
2026-10-08T22:18:59.1983992Z [64/100] [chromium] › proof/browser/workspace-arrival.spec.mjs:149:1 › an intentionally empty Body remains lulled without inventing a play
2026-10-08T22:19:02.5805432Z [65/100] [chromium] › proof/browser/workspace-arrival.spec.mjs:169:1 › contextual tutorial follows the real Body instead of retaining lesson progress
2026-10-08T22:19:07.5486902Z [66/100] [chromium] › proof/browser/workspace-arrival.spec.mjs:188:1 › explicit Finish retires work, records provenance, and restores as read-only Fulfilled history
2026-10-08T22:19:12.8734187Z [67/100] [chromium] › proof/browser/workspace-arrival.spec.mjs:234:1 › a sound-only Body renders the original cue through real browser audio and settles idle
2026-10-08T22:19:19.0890393Z [68/100] [chromium] › proof/browser/workspace-arrival.spec.mjs:261:1 › first-wake audio stays silent after reload of the same body with a fresh Boot
2026-10-08T22:19:25.5396090Z [69/100] [chromium] › proof/browser/workspace-arrival.spec.mjs:284:1 › removing the default cue survives reload and a later first-wake installation stays silent
2026-10-08T22:19:47.2546716Z   1) [chromium] › proof/browser/workspace-arrival.spec.mjs:284:1 › removing the default cue survives reload and a later first-wake installation stays silent 
2026-10-08T22:19:47.2547358Z 
2026-10-08T22:19:47.2547526Z     Test timeout of 20000ms exceeded.
2026-10-08T22:19:47.2547728Z 
2026-10-08T22:19:47.2547942Z     Error: expect(locator).toContainText(expected) failed
2026-10-08T22:19:47.2548196Z 
2026-10-08T22:19:47.2548688Z     Locator: locator('[data-application-key^="library-plot-"]').filter({ hasText: 'Startup Chime' })
2026-10-08T22:19:47.2549608Z     Expected substring: "Not in your body"
2026-10-08T22:19:47.2550128Z     Received string:    ""
2026-10-08T22:19:47.2550407Z 
2026-10-08T22:19:47.2550418Z 
2026-10-08T22:19:47.2550923Z       315 |   expect((await liveEvidence(page)).host_completions.records).toEqual([]);
2026-10-08T22:19:47.2551978Z       316 |   await page.getByRole('button', { name: '+ Plots', exact: true }).click();
2026-10-08T22:19:47.2553390Z     > 317 |   await expect(card('Startup Chime')).toContainText('Not in your body');
2026-10-08T22:19:47.2554167Z           |                                       ^
2026-10-08T22:19:47.2555260Z       318 |   await expect(card('First wake Chime')).toContainText('In your body');
2026-10-08T22:19:47.2556393Z       319 |   await page.getByRole('button', { name: 'back to the surface', exact: true }).click();
2026-10-08T22:19:47.2557837Z       320 |   await page.getByRole('navigation', { name: 'Your plots' }).getByRole('button', { name: 'Memory Lantern', exact: true }).click();
2026-10-08T22:19:47.2559257Z         at /home/runner/work/conduit/conduit/proof/browser/workspace-arrival.spec.mjs:317:39
2026-10-08T22:19:47.2559929Z 
2026-10-08T22:19:47.2560963Z     Error Context: proof/browser/test-results/default/workspace-arrival-removing-8ca98-e-installation-stays-silent-chromium/error-context.md
2026-10-08T22:19:47.2562024Z 
2026-10-08T22:19:47.2562830Z     attachment #2: trace (application/zip) ─────────────────────────────────────────────────────────
2026-10-08T22:19:47.2564600Z     proof/browser/test-results/default/workspace-arrival-removing-8ca98-e-installation-stays-silent-chromium/trace.zip
2026-10-08T22:19:47.2565911Z     Usage:
2026-10-08T22:19:47.2566118Z 
2026-10-08T22:19:47.2567136Z         npx playwright show-trace proof/browser/test-results/default/workspace-arrival-removing-8ca98-e-installation-stays-silent-chromium/trace.zip
2026-10-08T22:19:47.2568316Z 
2026-10-08T22:19:47.2568980Z     ────────────────────────────────────────────────────────────────────────────────────────────────
2026-10-08T22:19:47.2569363Z 
2026-10-08T22:19:47.2569379Z 
2026-10-08T22:19:47.8600783Z [70/100] [chromium] › proof/browser/workspace-arrival.spec.mjs:325:1 › unavailable audio is omitted by default and an explicitly installed cue cannot stop other Plots
2026-10-08T22:19:53.0396475Z [71/100] [chromium] › proof/browser/workspace-arrival.spec.mjs:340:1 › a suspended real audio context reports denial while the body keeps listening
2026-10-08T22:19:57.4651309Z [72/100] [chromium] › proof/browser/workspace-arrival.spec.mjs:357:1 › Workspace Birth binds naming, search, exact selection, review, and receipt
2026-10-08T22:20:01.3150862Z [73/100] [chromium] › proof/browser/workspace-arrival.spec.mjs:425:1 › Workspace Birth serves the canonical reviewed inventory source without edits
2026-10-08T22:20:03.5110972Z [74/100] [chromium] › proof/browser/workspace-arrival.spec.mjs:443:1 › Workspace Birth controls remain bounded and usable at a narrow width
2026-10-08T22:20:05.0473888Z [75/100] [chromium] › proof/browser/workspace-birth-naming.spec.mjs:11:1 › Workspace Birth suggestions expose diverse structures while remaining editable metadata
2026-10-08T22:20:08.7748183Z [76/100] [chromium] › proof/browser/workspace-continuity.spec.mjs:16:1 › Workspace returns a retained Body to its Plots without a parallel application
2026-10-08T22:20:14.7859504Z [77/100] [chromium] › proof/browser/workspace-library.spec.mjs:25:1 › five ordinary plots start together beyond the old aggregate placement ceiling
2026-10-08T22:20:19.8494049Z [78/100] [chromium] › proof/browser/workspace-library.spec.mjs:38:1 › repeated Wake and Lull compacts retained evidence instead of exhausting lifecycle Signs
2026-10-08T22:20:35.1660202Z [79/100] [chromium] › proof/browser/workspace-library.spec.mjs:54:1 › Use installs into the same body; repeated Use preserves Play and removal survives reload
2026-10-08T22:21:00.7177580Z [80/100] [chromium] › proof/browser/workspace-library.spec.mjs:110:1 › Pocket Theremin plays continuous two-axis PCM on the browser host
2026-10-08T22:21:13.8578834Z [81/100] [chromium] › proof/browser/workspace-library.spec.mjs:175:1 › the reviewed shelf reveals conversation Plots without pretending this browser can run them
2026-10-08T22:21:24.7334275Z [82/100] [chromium] › proof/browser/workspace-library.spec.mjs:191:1 › window focus loss retires the pending Play and lets the same body wake again
2026-10-08T22:21:29.5028204Z [83/100] [chromium] › proof/browser/workspace-library.spec.mjs:206:1 › removing the final Plot retains an empty Body that can acquire Plots again
2026-10-08T22:21:50.2311364Z [84/100] [chromium] › proof/browser/workspace-library.spec.mjs:237:1 › a failed workset save stops before replacement effects and reload recovers the saved workload
2026-10-08T22:22:03.0779993Z [85/100] [chromium] › proof/browser/workspace-library.spec.mjs:291:1 › a Gallery handoff installs in the retained body and cannot reinstall a later removed Plot on reload
2026-10-08T22:22:18.4331225Z [86/100] [chromium] › proof/browser/workspace-library.spec.mjs:311:1 › a new Gallery arrival selects the plot in the actual Crèche; a stale handoff leaves the body usable
2026-10-08T22:22:25.0741543Z [87/100] [chromium] › proof/browser/workspace-library.spec.mjs:332:3 › Gallery Plot Firefly Choir is resident and repeatedly usable in the body
2026-10-08T22:22:30.2908127Z [88/100] [chromium] › proof/browser/workspace-library.spec.mjs:332:3 › Gallery Plot Night Radio is resident and repeatedly usable in the body
2026-10-08T22:22:33.6929764Z [89/100] [chromium] › proof/browser/workspace-library.spec.mjs:332:3 › Gallery Plot Secret Knock is resident and repeatedly usable in the body
2026-10-08T22:22:37.3768159Z [90/100] [chromium] › proof/browser/workspace-resident-applications.spec.mjs:14:1 › the first body runs and can remove its resident Tutorial Plot without losing its face
2026-10-08T22:22:47.8373018Z [91/100] [chromium] › proof/browser/workspace-resident-applications.spec.mjs:39:1 › resident Patchbay inspects and begins an exact edit in one browser Body Play
2026-10-08T22:22:52.7705477Z [92/100] [chromium] › proof/browser/workspace-shared-journey.spec.mjs:12:1 › the shared Workspace journey from zero Body through explicit rest and finish
2026-10-08T22:22:57.6128877Z [93/100] [chromium] › proof/browser/workspace-membership.spec.mjs:23:1 › the ordinary face binds and admits one compiler-free reviewed browser Host
2026-10-08T22:23:20.4944294Z [94/100] [chromium] › proof/browser/workspace-membership.spec.mjs:310:1 › a second distinct browser Host explicitly joins through one canonical Body invitation
2026-10-08T22:23:32.8711613Z [95/100] [chromium] › proof/browser/workspace-membership.spec.mjs:418:1 › the POST share target refuses ambiguous, oversized, and GET delivery
2026-10-08T22:23:33.8727139Z [96/100] [chromium] › proof/browser/workspace-membership.spec.mjs:455:1 › pending share delivery survives worker replacement and expired delivery refuses
2026-10-08T22:23:36.1000456Z [97/100] [chromium] › proof/browser/workspace-membership.spec.mjs:495:1 › malformed invitation framing is refused without creating a body
2026-10-08T22:23:36.9940549Z [98/100] [chromium] › proof/browser/workspace-membership.spec.mjs:501:1 › an unavailable running host leaves the current body and browser Host intact
2026-10-08T22:23:40.3014136Z [99/100] [chromium] › proof/browser/workspace-membership.spec.mjs:521:1 › an already-running host joins without displacing the browser Host or its body
2026-10-08T22:23:45.1106797Z [100/100] [chromium] › proof/browser/workspace-membership.spec.mjs:564:1 › loss of a joined Host Line removes only its current offers and keeps the body
2026-10-08T22:23:48.3391350Z   1 failed
2026-10-08T22:23:48.3396184Z     [chromium] › proof/browser/workspace-arrival.spec.mjs:284:1 › removing the default cue survives reload and a later first-wake installation stays silent 
2026-10-08T22:23:48.3397466Z   99 passed (7.2m)
2026-10-08T22:23:48.3540752Z FAILED: pipeline/target: node proof/browser/node_modules/@playwright/test/cli.js test --config proof/browser/playwright.config.mjs --project chromium --workers 1 --retries 0 workspace-arrival.spec.mjs workspace-birth-naming.spec.mjs sdk-external-body-execution.spec.mjs workspace-membership.spec.mjs workspace-library.spec.mjs workspace-resident-applications.spec.mjs workspace-continuity.spec.mjs workspace-shared-journey.spec.mjs field-station-clock.spec.mjs sdk-body-participation.spec.mjs static-body-application.spec.mjs creche-browser-configuration.spec.mjs creche-rendezvous.spec.mjs signal-dom-host.spec.mjs browser-body-time.spec.mjs browser-host-calls.spec.mjs browser-pointer.spec.mjs browser-human-input.spec.mjs browser-host-entrance.spec.mjs browser-media-host.spec.mjs browser-device-base.spec.mjs browser-usb-device-base.spec.mjs rp2040-browser-deployment.spec.mjs esp32-browser-deployment.spec.mjs failed: 1
2026-10-08T22:23:48.3588938Z xtask error: pipeline failed: exit status: 1
2026-10-08T22:23:48.3604305Z ##[error]Process completed with exit code 1.
2026-10-08T22:23:48.3618211Z ##[debug]Finishing: Build, prove, and retain the exact product
2026-10-08T22:23:48.3637086Z ##[debug]Evaluating: matrix.id
2026-10-08T22:23:48.3637468Z ##[debug]Evaluating Index:
2026-10-08T22:23:48.3637728Z ##[debug]..Evaluating matrix:
2026-10-08T22:23:48.3638014Z ##[debug]..=> Object
2026-10-08T22:23:48.3638263Z ##[debug]..Evaluating String:
2026-10-08T22:23:48.3638512Z ##[debug]..=> 'id'
2026-10-08T22:23:48.3638755Z ##[debug]=> 'browser'
2026-10-08T22:23:48.3639006Z ##[debug]Result: 'browser'
2026-10-08T22:23:48.3639513Z ##[debug]Evaluating condition for step: 'Preserve product executable modes'
2026-10-08T22:23:48.3640773Z ##[debug]Evaluating: success()
2026-10-08T22:23:48.3641140Z ##[debug]Evaluating success:
2026-10-08T22:23:48.3641503Z ##[debug]=> false
2026-10-08T22:23:48.3641854Z ##[debug]Result: false
2026-10-08T22:23:48.3647672Z ##[debug]Evaluating condition for step: 'Run actions/upload-artifact@v7.0.1'
2026-10-08T22:23:48.3648812Z ##[debug]Evaluating: success()
2026-10-08T22:23:48.3649187Z ##[debug]Evaluating success:
2026-10-08T22:23:48.3649541Z ##[debug]=> false
2026-10-08T22:23:48.3649891Z ##[debug]Result: false
2026-10-08T22:23:48.3654519Z ##[debug]Evaluating condition for step: 'Retain failure diagnostics'
2026-10-08T22:23:48.3656698Z ##[debug]Evaluating: failure()
2026-10-08T22:23:48.3657078Z ##[debug]Evaluating failure:
2026-10-08T22:23:48.3658997Z ##[debug]=> true
2026-10-08T22:23:48.3659406Z ##[debug]Result: true
2026-10-08T22:23:48.3659924Z ##[debug]Starting: Retain failure diagnostics
2026-10-08T22:23:48.3686543Z ##[debug]Loading inputs
2026-10-08T22:23:48.3688091Z ##[debug]Evaluating: format('diagnostics-{0}', matrix.id)
2026-10-08T22:23:48.3688459Z ##[debug]Evaluating format:
2026-10-08T22:23:48.3688724Z ##[debug]..Evaluating String:
2026-10-08T22:23:48.3688992Z ##[debug]..=> 'diagnostics-{0}'
2026-10-08T22:23:48.3689319Z ##[debug]..Evaluating Index:
2026-10-08T22:23:48.3689577Z ##[debug]....Evaluating matrix:
2026-10-08T22:23:48.3689830Z ##[debug]....=> Object
2026-10-08T22:23:48.3690069Z ##[debug]....Evaluating String:
2026-10-08T22:23:48.3690323Z ##[debug]....=> 'id'
2026-10-08T22:23:48.3690578Z ##[debug]..=> 'browser'
2026-10-08T22:23:48.3690835Z ##[debug]=> 'diagnostics-browser'
2026-10-08T22:23:48.3691139Z ##[debug]Result: 'diagnostics-browser'
2026-10-08T22:23:48.3694121Z ##[debug]Loading env
2026-10-08T22:23:48.3698967Z ##[group]Run actions/upload-artifact@v7.0.1
2026-10-08T22:23:48.3699262Z with:
2026-10-08T22:23:48.3699622Z   name: diagnostics-browser
2026-10-08T22:23:48.3700125Z   path: proof/browser/test-results/
target/conduitos/**/*.log
target/conduitos/**/*.json
target/conduitos/**/*.png

2026-10-08T22:23:48.3700675Z   if-no-files-found: ignore
2026-10-08T22:23:48.3700920Z   retention-days: 7
2026-10-08T22:23:48.3701144Z   compression-level: 6
2026-10-08T22:23:48.3701372Z   overwrite: false
2026-10-08T22:23:48.3701595Z   include-hidden-files: false
2026-10-08T22:23:48.3701839Z   archive: true
2026-10-08T22:23:48.3702048Z env:
2026-10-08T22:23:48.3702245Z   CARGO_TERM_COLOR: always
2026-10-08T22:23:48.3702491Z   CARGO_INCREMENTAL: 0
2026-10-08T22:23:48.3702721Z   CARGO_PROFILE_DEV_DEBUG: 0
2026-10-08T22:23:48.3702976Z   CARGO_PROFILE_TEST_DEBUG: 0
2026-10-08T22:23:48.3703234Z   RUSTUP_TOOLCHAIN: 1.98.1
2026-10-08T22:23:48.3703548Z   CONDUIT_CHECKOUT_SHA: d932da60c7f04bde62c797126e298e38aa9819d0
2026-10-08T22:23:48.3703911Z   CARGO_HOME: /home/runner/.cargo
2026-10-08T22:23:48.3704179Z   CACHE_ON_FAILURE: false
2026-10-08T22:23:48.3704413Z ##[endgroup]
2026-10-08T22:23:48.5131095Z ##[debug]followSymbolicLinks 'true'
2026-10-08T22:23:48.5132258Z ##[debug]implicitDescendants 'true'
2026-10-08T22:23:48.5133056Z ##[debug]omitBrokenSymbolicLinks 'true'
2026-10-08T22:23:48.5133872Z ##[debug]excludeHiddenFiles 'true'
2026-10-08T22:23:48.5159772Z ##[debug]followSymbolicLinks 'true'
2026-10-08T22:23:48.5160609Z ##[debug]implicitDescendants 'true'
2026-10-08T22:23:48.5161379Z ##[debug]matchDirectories 'true'
2026-10-08T22:23:48.5162173Z ##[debug]omitBrokenSymbolicLinks 'true'
2026-10-08T22:23:48.5163005Z ##[debug]excludeHiddenFiles 'true'
2026-10-08T22:23:48.5169839Z ##[debug]Search path '/home/runner/work/conduit/conduit/proof/browser/test-results'
2026-10-08T22:23:48.5174953Z ##[debug]Search path '/home/runner/work/conduit/conduit/target/conduitos'
2026-10-08T22:23:48.5670669Z ##[debug]Removing /home/runner/work/conduit/conduit/proof/browser/test-results from rawSearchResults because it is a directory
2026-10-08T22:23:48.5672837Z ##[debug]Removing /home/runner/work/conduit/conduit/proof/browser/test-results/default from rawSearchResults because it is a directory
2026-10-08T22:23:48.5676906Z ##[debug]Removing /home/runner/work/conduit/conduit/proof/browser/test-results/default/static-body-application-st-b5823-n-reset-and-browser-restart-chromium from rawSearchResults because it is a directory
2026-10-08T22:23:48.5679483Z ##[debug]File:/home/runner/work/conduit/conduit/proof/browser/test-results/default/static-body-application-st-b5823-n-reset-and-browser-restart-chromium/01-handbook-first-open.png was found using the provided searchPath
2026-10-08T22:23:48.5682936Z ##[debug]File:/home/runner/work/conduit/conduit/proof/browser/test-results/default/static-body-application-st-b5823-n-reset-and-browser-restart-chromium/02-real-patchbay.png was found using the provided searchPath
2026-10-08T22:23:48.5686107Z ##[debug]File:/home/runner/work/conduit/conduit/proof/browser/test-results/default/static-body-application-st-b5823-n-reset-and-browser-restart-chromium/02b-edited-clock-patchbay.png was found using the provided searchPath
2026-10-08T22:23:48.5688778Z ##[debug]File:/home/runner/work/conduit/conduit/proof/browser/test-results/default/static-body-application-st-b5823-n-reset-and-browser-restart-chromium/03-browser-reopened.png was found using the provided searchPath
2026-10-08T22:23:48.5691617Z ##[debug]Removing /home/runner/work/conduit/conduit/proof/browser/test-results/default/static-body-application-st-b5823-n-reset-and-browser-restart-chromium/independent-browser-profile from rawSearchResults because it is a directory
2026-10-08T22:23:48.5694375Z ##[debug]Removing /home/runner/work/conduit/conduit/proof/browser/test-results/default/static-body-application-st-b5823-n-reset-and-browser-restart-chromium/independent-browser-profile/Default from rawSearchResults because it is a directory
2026-10-08T22:23:48.5697777Z ##[debug]Removing /home/runner/work/conduit/conduit/proof/browser/test-results/default/static-body-application-st-b5823-n-reset-and-browser-restart-chromium/independent-browser-profile/Default/Cache from rawSearchResults because it is a directory
2026-10-08T22:23:48.5701435Z ##[debug]Removing /home/runner/work/conduit/conduit/proof/browser/test-results/default/static-body-application-st-b5823-n-reset-and-browser-restart-chromium/independent-browser-profile/Default/Cache/Cache_Data from rawSearchResults because it is a directory
2026-10-08T22:23:48.5704737Z ##[debug]File:/home/runner/work/conduit/conduit/proof/browser/test-results/default/static-body-application-st-b5823-n-reset-and-browser-restart-chromium/independent-browser-profile/Default/Cache/Cache_Data/index was found using the provided searchPath
2026-10-08T22:23:48.5708222Z ##[debug]Removing /home/runner/work/conduit/conduit/proof/browser/test-results/default/static-body-application-st-b5823-n-reset-and-browser-restart-chromium/independent-browser-profile/Default/Cache/Cache_Data/index-dir from rawSearchResults because it is a directory
2026-10-08T22:23:48.5711772Z ##[debug]File:/home/runner/work/conduit/conduit/proof/browser/test-results/default/static-body-application-st-b5823-n-reset-and-browser-restart-chromium/independent-browser-profile/Default/Cache/Cache_Data/index-dir/the-real-index was found using the provided searchPath
2026-10-08T22:23:48.5715382Z ##[debug]Removing /home/runner/work/conduit/conduit/proof/browser/test-results/default/static-body-application-st-b5823-n-reset-and-browser-restart-chromium/independent-browser-profile/Default/Cache/No_Vary_Search from rawSearchResults because it is a directory
2026-10-08T22:23:48.5718806Z ##[debug]File:/home/runner/work/conduit/conduit/proof/browser/test-results/default/static-body-application-st-b5823-n-reset-and-browser-restart-chromium/independent-browser-profile/Default/Cache/No_Vary_Search/journal.baj was found using the provided searchPath
2026-10-08T22:23:48.5722299Z ##[debug]File:/home/runner/work/conduit/conduit/proof/browser/test-results/default/static-body-application-st-b5823-n-reset-and-browser-restart-chromium/independent-browser-profile/Default/Cache/No_Vary_Search/snapshot.baf was found using the provided searchPath
2026-10-08T22:23:48.5725751Z ##[debug]Removing /home/runner/work/conduit/conduit/proof/browser/test-results/default/static-body-application-st-b5823-n-reset-and-browser-restart-chromium/independent-browser-profile/Default/Code Cache from rawSearchResults because it is a directory
2026-10-08T22:23:48.5729020Z ##[debug]Removing /home/runner/work/conduit/conduit/proof/browser/test-results/default/static-body-application-st-b5823-n-reset-and-browser-restart-chromium/independent-browser-profile/Default/Code Cache/js from rawSearchResults because it is a directory
2026-10-08T22:23:48.5732825Z ##[debug]File:/home/runner/work/conduit/conduit/proof/browser/test-results/default/static-body-application-st-b5823-n-reset-and-browser-restart-chromium/independent-browser-profile/Default/Code Cache/js/59d0811262e899b8_0 was found using the provided searchPath
2026-10-08T22:23:48.5736493Z ##[debug]File:/home/runner/work/conduit/conduit/proof/browser/test-results/default/static-body-application-st-b5823-n-reset-and-browser-restart-chromium/independent-browser-profile/Default/Code Cache/js/95fac4ce0ba65078_0 was found using the provided searchPath
2026-10-08T22:23:48.5739965Z ##[debug]File:/home/runner/work/conduit/conduit/proof/browser/test-results/default/static-body-application-st-b5823-n-reset-and-browser-restart-chromium/independent-browser-profile/Default/Code Cache/js/ce24e0c0a5dbc473_0 was found using the provided searchPath
2026-10-08T22:23:48.5743472Z ##[debug]File:/home/runner/work/conduit/conduit/proof/browser/test-results/default/static-body-application-st-b5823-n-reset-and-browser-restart-chromium/independent-browser-profile/Default/Code Cache/js/cfa91697d3f54dad_0 was found using the provided searchPath
2026-10-08T22:23:48.5747416Z ##[debug]File:/home/runner/work/conduit/conduit/proof/browser/test-results/default/static-body-application-st-b5823-n-reset-and-browser-restart-chromium/independent-browser-profile/Default/Code Cache/js/d31615863096fd5d_0 was found using the provided searchPath
2026-10-08T22:23:48.5751026Z ##[debug]File:/home/runner/work/conduit/conduit/proof/browser/test-results/default/static-body-application-st-b5823-n-reset-and-browser-restart-chromium/independent-browser-profile/Default/Code Cache/js/fcc107d7c74ca455_0 was found using the provided searchPath
2026-10-08T22:23:48.5754055Z ##[debug]File:/home/runner/work/conduit/conduit/proof/browser/test-results/default/static-body-application-st-b5823-n-reset-and-browser-restart-chromium/independent-browser-profile/Default/Code Cache/js/index was found using the provided searchPath
2026-10-08T22:23:48.5757565Z ##[debug]Removing /home/runner/work/conduit/conduit/proof/browser/test-results/default/static-body-application-st-b5823-n-reset-and-browser-restart-chromium/independent-browser-profile/Default/Code Cache/js/index-dir from rawSearchResults because it is a directory
2026-10-08T22:23:48.5760763Z ##[debug]File:/home/runner/work/conduit/conduit/proof/browser/test-results/default/static-body-application-st-b5823-n-reset-and-browser-restart-chromium/independent-browser-profile/Default/Code Cache/js/index-dir/the-real-index was found using the provided searchPath
2026-10-08T22:23:48.5763959Z ##[debug]Removing /home/runner/work/conduit/conduit/proof/browser/test-results/default/static-body-application-st-b5823-n-reset-and-browser-restart-chromium/independent-browser-profile/Default/Code Cache/wasm from rawSearchResults because it is a directory
2026-10-08T22:23:48.5767221Z ##[debug]File:/home/runner/work/conduit/conduit/proof/browser/test-results/default/static-body-application-st-b5823-n-reset-and-browser-restart-chromium/independent-browser-profile/Default/Code Cache/wasm/index was found using the provided searchPath
2026-10-08T22:23:48.5770830Z ##[debug]Removing /home/runner/work/conduit/conduit/proof/browser/test-results/default/static-body-application-st-b5823-n-reset-and-browser-restart-chromium/independent-browser-profile/Default/Code Cache/wasm/index-dir from rawSearchResults because it is a directory
2026-10-08T22:23:48.5774347Z ##[debug]File:/home/runner/work/conduit/conduit/proof/browser/test-results/default/static-body-application-st-b5823-n-reset-and-browser-restart-chromium/independent-browser-profile/Default/Code Cache/wasm/index-dir/the-real-index was found using the provided searchPath
2026-10-08T22:23:48.5777953Z ##[debug]File:/home/runner/work/conduit/conduit/proof/browser/test-results/default/static-body-application-st-b5823-n-reset-and-browser-restart-chromium/independent-browser-profile/Default/Cookies was found using the provided searchPath
2026-10-08T22:23:48.5781391Z ##[debug]File:/home/runner/work/conduit/conduit/proof/browser/test-results/default/static-body-application-st-b5823-n-reset-and-browser-restart-chromium/independent-browser-profile/Default/Cookies-journal was found using the provided searchPath
2026-10-08T22:23:48.5784511Z ##[debug]File:/home/runner/work/conduit/conduit/proof/browser/test-results/default/static-body-application-st-b5823-n-reset-and-browser-restart-chromium/independent-browser-profile/Default/DIPS was found using the provided searchPath
2026-10-08T22:23:48.5788041Z ##[debug]Removing /home/runner/work/conduit/conduit/proof/browser/test-results/default/static-body-application-st-b5823-n-reset-and-browser-restart-chromium/independent-browser-profile/Default/DawnGraphiteCache from rawSearchResults because it is a directory
2026-10-08T22:23:48.5791595Z ##[debug]File:/home/runner/work/conduit/conduit/proof/browser/test-results/default/static-body-application-st-b5823-n-reset-and-browser-restart-chromium/independent-browser-profile/Default/DawnGraphiteCache/data_0 was found using the provided searchPath
2026-10-08T22:23:48.5794695Z ##[debug]File:/home/runner/work/conduit/conduit/proof/browser/test-results/default/static-body-application-st-b5823-n-reset-and-browser-restart-chromium/independent-browser-profile/Default/DawnGraphiteCache/data_1 was found using the provided searchPath
2026-10-08T22:23:48.5798666Z ##[debug]File:/home/runner/work/conduit/conduit/proof/browser/test-results/default/static-body-application-st-b5823-n-reset-and-browser-restart-chromium/independent-browser-profile/Default/DawnGraphiteCache/data_2 was found using the provided searchPath
2026-10-08T22:23:48.5802437Z ##[debug]File:/home/runner/work/conduit/conduit/proof/browser/test-results/default/static-body-application-st-b5823-n-reset-and-browser-restart-chromium/independent-browser-profile/Default/DawnGraphiteCache/data_3 was found using the provided searchPath
2026-10-08T22:23:48.5806407Z ##[debug]File:/home/runner/work/conduit/conduit/proof/browser/test-results/default/static-body-application-st-b5823-n-reset-and-browser-restart-chromium/independent-browser-profile/Default/DawnGraphiteCache/index was found using the provided searchPath
2026-10-08T22:23:48.5810202Z ##[debug]Removing /home/runner/work/conduit/conduit/proof/browser/test-results/default/static-body-application-st-b5823-n-reset-and-browser-restart-chromium/independent-browser-profile/Default/DawnWebGPUCache from rawSearchResults because it is a directory
2026-10-08T22:23:48.5813986Z ##[debug]File:/home/runner/work/conduit/conduit/proof/browser/test-results/default/static-body-application-st-b5823-n-reset-and-browser-restart-chromium/independent-browser-profile/Default/DawnWebGPUCache/data_0 was found using the provided searchPath
2026-10-08T22:23:48.5817903Z ##[debug]File:/home/runner/work/conduit/conduit/proof/browser/test-results/default/static-body-application-st-b5823-n-reset-and-browser-restart-chromium/independent-browser-profile/Default/DawnWebGPUCache/data_1 was found using the provided searchPath
2026-10-08T22:23:48.5821607Z ##[debug]File:/home/runner/work/conduit/conduit/proof/browser/test-results/default/static-body-application-st-b5823-n-reset-and-browser-restart-chromium/independent-browser-profile/Default/DawnWebGPUCache/data_2 was found using the provided searchPath
2026-10-08T22:23:48.5825510Z ##[debug]File:/home/runner/work/conduit/conduit/proof/browser/test-results/default/static-body-application-st-b5823-n-reset-and-browser-restart-chromium/independent-browser-profile/Default/DawnWebGPUCache/data_3 was found using the provided searchPath
2026-10-08T22:23:48.5829184Z ##[debug]File:/home/runner/work/conduit/conduit/proof/browser/test-results/default/static-body-application-st-b5823-n-reset-and-browser-restart-chromium/independent-browser-profile/Default/DawnWebGPUCache/index was found using the provided searchPath
2026-10-08T22:23:48.5833133Z ##[debug]Removing /home/runner/work/conduit/conduit/proof/browser/test-results/default/static-body-application-st-b5823-n-reset-and-browser-restart-chromium/independent-browser-profile/Default/GPUCache from rawSearchResults because it is a directory
2026-10-08T22:23:48.5837045Z ##[debug]File:/home/runner/work/conduit/conduit/proof/browser/test-results/default/static-body-application-st-b5823-n-reset-and-browser-restart-chromium/independent-browser-profile/Default/GPUCache/data_0 was found using the provided searchPath
2026-10-08T22:23:48.5840637Z ##[debug]File:/home/runner/work/conduit/conduit/proof/browser/test-results/default/static-body-application-st-b5823-n-reset-and-browser-restart-chromium/independent-browser-profile/Default/GPUCache/data_1 was found using the provided searchPath
2026-10-08T22:23:48.5844207Z ##[debug]File:/home/runner/work/conduit/conduit/proof/browser/test-results/default/static-body-application-st-b5823-n-reset-and-browser-restart-chromium/independent-browser-profile/Default/GPUCache/data_2 was found using the provided searchPath
2026-10-08T22:23:48.5848064Z ##[debug]File:/home/runner/work/conduit/conduit/proof/browser/test-results/default/static-body-application-st-b5823-n-reset-and-browser-restart-chromium/independent-browser-profile/Default/GPUCache/data_3 was found using the provided searchPath
2026-10-08T22:23:48.5851650Z ##[debug]File:/home/runner/work/conduit/conduit/proof/browser/test-results/default/static-body-application-st-b5823-n-reset-and-browser-restart-chromium/independent-browser-profile/Default/GPUCache/index was found using the provided searchPath
2026-10-08T22:23:48.5855748Z ##[debug]Removing /home/runner/work/conduit/conduit/proof/browser/test-results/default/static-body-application-st-b5823-n-reset-and-browser-restart-chromium/independent-browser-profile/Default/IndexedDB from rawSearchResults because it is a directory
2026-10-08T22:23:48.5859444Z ##[debug]Removing /home/runner/work/conduit/conduit/proof/browser/test-results/default/static-body-application-st-b5823-n-reset-and-browser-restart-chromium/independent-browser-profile/Default/IndexedDB/http_127.0.0.1_39411.indexeddb.leveldb from rawSearchResults because it is a directory
2026-10-08T22:23:48.5863508Z ##[debug]File:/home/runner/work/conduit/conduit/proof/browser/test-results/default/static-body-application-st-b5823-n-reset-and-browser-restart-chromium/independent-browser-profile/Default/IndexedDB/http_127.0.0.1_39411.indexeddb.leveldb/000003.log was found using the provided searchPath
2026-10-08T22:23:48.5867824Z ##[debug]File:/home/runner/work/conduit/conduit/proof/browser/test-results/default/static-body-application-st-b5823-n-reset-and-browser-restart-chromium/independent-browser-profile/Default/IndexedDB/http_127.0.0.1_39411.indexeddb.leveldb/CURRENT was found using the provided searchPath
2026-10-08T22:23:48.5871909Z ##[debug]File:/home/runner/work/conduit/conduit/proof/browser/test-results/default/static-body-application-st-b5823-n-reset-and-browser-restart-chromium/independent-browser-profile/Default/IndexedDB/http_127.0.0.1_39411.indexeddb.leveldb/LOCK was found using the provided searchPath
2026-10-08T22:23:48.5876072Z ##[debug]File:/home/runner/work/conduit/conduit/proof/browser/test-results/default/static-body-application-st-b5823-n-reset-and-browser-restart-chromium/independent-browser-profile/Default/IndexedDB/http_127.0.0.1_39411.indexeddb.leveldb/LOG was found using the provided searchPath
2026-10-08T22:23:48.5880011Z ##[debug]File:/home/runner/work/conduit/conduit/proof/browser/test-results/default/static-body-application-st-b5823-n-reset-and-browser-restart-chromium/independent-browser-profile/Default/IndexedDB/http_127.0.0.1_39411.indexeddb.leveldb/MANIFEST-000001 was found using the provided searchPath
2026-10-08T22:23:48.5883812Z ##[debug]Removing /home/runner/work/conduit/conduit/proof/browser/test-results/default/static-body-application-st-b5823-n-reset-and-browser-restart-chromium/independent-browser-profile/Default/Local Storage from rawSearchResults because it is a directory
2026-10-08T22:23:48.5887856Z ##[debug]Removing /home/runner/work/conduit/conduit/proof/browser/test-results/default/static-body-application-st-b5823-n-reset-and-browser-restart-chromium/independent-browser-profile/Default/Local Storage/leveldb from rawSearchResults because it is a directory
2026-10-08T22:23:48.5891521Z ##[debug]File:/home/runner/work/conduit/conduit/proof/browser/test-results/default/static-body-application-st-b5823-n-reset-and-browser-restart-chromium/independent-browser-profile/Default/Local Storage/leveldb/000003.log was found using the provided searchPath
2026-10-08T22:23:48.5895432Z ##[debug]File:/home/runner/work/conduit/conduit/proof/browser/test-results/default/static-body-application-st-b5823-n-reset-and-browser-restart-chromium/independent-browser-profile/Default/Local Storage/leveldb/CURRENT was found using the provided searchPath
2026-10-08T22:23:48.5898740Z ##[debug]File:/home/runner/work/conduit/conduit/proof/browser/test-results/default/static-body-application-st-b5823-n-reset-and-browser-restart-chromium/independent-browser-profile/Default/Local Storage/leveldb/LOCK was found using the provided searchPath
2026-10-08T22:23:48.5902299Z ##[debug]File:/home/runner/work/conduit/conduit/proof/browser/test-results/default/static-body-application-st-b5823-n-reset-and-browser-restart-chromium/independent-browser-profile/Default/Local Storage/leveldb/LOG was found using the provided searchPath
2026-10-08T22:23:48.5906189Z ##[debug]File:/home/runner/work/conduit/conduit/proof/browser/test-results/default/static-body-application-st-b5823-n-reset-and-browser-restart-chromium/independent-browser-profile/Default/Local Storage/leveldb/MANIFEST-000001 was found using the provided searchPath
2026-10-08T22:23:48.5910146Z ##[debug]Removing /home/runner/work/conduit/conduit/proof/browser/test-results/default/static-body-application-st-b5823-n-reset-and-browser-restart-chromium/independent-browser-profile/Default/PersistentOriginTrials from rawSearchResults because it is a directory
2026-10-08T22:23:48.5913925Z ##[debug]File:/home/runner/work/conduit/conduit/proof/browser/test-results/default/static-body-application-st-b5823-n-reset-and-browser-restart-chromium/independent-browser-profile/Default/PersistentOriginTrials/LOCK was found using the provided searchPath
2026-10-08T22:23:48.5917802Z ##[debug]File:/home/runner/work/conduit/conduit/proof/browser/test-results/default/static-body-application-st-b5823-n-reset-and-browser-restart-chromium/independent-browser-profile/Default/PersistentOriginTrials/LOG was found using the provided searchPath
2026-10-08T22:23:48.5921628Z ##[debug]Removing /home/runner/work/conduit/conduit/proof/browser/test-results/default/static-body-application-st-b5823-n-reset-and-browser-restart-chromium/independent-browser-profile/Default/Session Storage from rawSearchResults because it is a directory
2026-10-08T22:23:48.5925488Z ##[debug]File:/home/runner/work/conduit/conduit/proof/browser/test-results/default/static-body-application-st-b5823-n-reset-and-browser-restart-chromium/independent-browser-profile/Default/Session Storage/000003.log was found using the provided searchPath
2026-10-08T22:23:48.5929166Z ##[debug]File:/home/runner/work/conduit/conduit/proof/browser/test-results/default/static-body-application-st-b5823-n-reset-and-browser-restart-chromium/independent-browser-profile/Default/Session Storage/CURRENT was found using the provided searchPath
2026-10-08T22:23:48.5932711Z ##[debug]File:/home/runner/work/conduit/conduit/proof/browser/test-results/default/static-body-application-st-b5823-n-reset-and-browser-restart-chromium/independent-browser-profile/Default/Session Storage/LOCK was found using the provided searchPath
2026-10-08T22:23:48.5936602Z ##[debug]File:/home/runner/work/conduit/conduit/proof/browser/test-results/default/static-body-application-st-b5823-n-reset-and-browser-restart-chromium/independent-browser-profile/Default/Session Storage/LOG was found using the provided searchPath
2026-10-08T22:23:48.5940267Z ##[debug]File:/home/runner/work/conduit/conduit/proof/browser/test-results/default/static-body-application-st-b5823-n-reset-and-browser-restart-chromium/independent-browser-profile/Default/Session Storage/MANIFEST-000001 was found using the provided searchPath
2026-10-08T22:23:48.5944217Z ##[debug]Removing /home/runner/work/conduit/conduit/proof/browser/test-results/default/static-body-application-st-b5823-n-reset-and-browser-restart-chromium/independent-browser-profile/Default/Shared Dictionary from rawSearchResults because it is a directory
2026-10-08T22:23:48.5948340Z ##[debug]Removing /home/runner/work/conduit/conduit/proof/browser/test-results/default/static-body-application-st-b5823-n-reset-and-browser-restart-chromium/independent-browser-profile/Default/Shared Dictionary/cache from rawSearchResults because it is a directory
2026-10-08T22:23:48.5952142Z ##[debug]File:/home/runner/work/conduit/conduit/proof/browser/test-results/default/static-body-application-st-b5823-n-reset-and-browser-restart-chromium/independent-browser-profile/Default/Shared Dictionary/cache/index was found using the provided searchPath
2026-10-08T22:23:48.5956319Z ##[debug]Removing /home/runner/work/conduit/conduit/proof/browser/test-results/default/static-body-application-st-b5823-n-reset-and-browser-restart-chromium/independent-browser-profile/Default/Shared Dictionary/cache/index-dir from rawSearchResults because it is a directory
2026-10-08T22:23:48.5960238Z ##[debug]File:/home/runner/work/conduit/conduit/proof/browser/test-results/default/static-body-application-st-b5823-n-reset-and-browser-restart-chromium/independent-browser-profile/Default/Shared Dictionary/cache/index-dir/the-real-index was found using the provided searchPath
2026-10-08T22:23:48.5964247Z ##[debug]File:/home/runner/work/conduit/conduit/proof/browser/test-results/default/static-body-application-st-b5823-n-reset-and-browser-restart-chromium/independent-browser-profile/Default/Shared Dictionary/db was found using the provided searchPath
2026-10-08T22:23:48.5968288Z ##[debug]File:/home/runner/work/conduit/conduit/proof/browser/test-results/default/static-body-application-st-b5823-n-reset-and-browser-restart-chromium/independent-browser-profile/Default/Shared Dictionary/db-journal was found using the provided searchPath
2026-10-08T22:23:48.5972100Z ##[debug]Removing /home/runner/work/conduit/conduit/proof/browser/test-results/default/static-body-application-st-b5823-n-reset-and-browser-restart-chromium/independent-browser-profile/Default/WebStorage from rawSearchResults because it is a directory
2026-10-08T22:23:48.5975986Z ##[debug]File:/home/runner/work/conduit/conduit/proof/browser/test-results/default/static-body-application-st-b5823-n-reset-and-browser-restart-chromium/independent-browser-profile/Default/WebStorage/QuotaManager was found using the provided searchPath
2026-10-08T22:23:48.5979704Z ##[debug]File:/home/runner/work/conduit/conduit/proof/browser/test-results/default/static-body-application-st-b5823-n-reset-and-browser-restart-chromium/independent-browser-profile/Default/WebStorage/QuotaManager-journal was found using the provided searchPath
2026-10-08T22:23:48.5983313Z ##[debug]Removing /home/runner/work/conduit/conduit/proof/browser/test-results/default/static-body-application-st-b5823-n-reset-and-browser-restart-chromium/independent-browser-profile/Default/blob_storage from rawSearchResults because it is a directory
2026-10-08T22:23:48.5987216Z ##[debug]Removing /home/runner/work/conduit/conduit/proof/browser/test-results/default/static-body-application-st-b5823-n-reset-and-browser-restart-chromium/independent-browser-profile/Default/blob_storage/df1703d7-06d9-4e91-a440-4c32bbb203ec from rawSearchResults because it is a directory
2026-10-08T22:23:48.5991007Z ##[debug]File:/home/runner/work/conduit/conduit/proof/browser/test-results/default/static-body-application-st-b5823-n-reset-and-browser-restart-chromium/independent-browser-profile/Default/declarative_performance_observer.db was found using the provided searchPath
2026-10-08T22:23:48.5994679Z ##[debug]File:/home/runner/work/conduit/conduit/proof/browser/test-results/default/static-body-application-st-b5823-n-reset-and-browser-restart-chromium/independent-browser-profile/Default/declarative_performance_observer.db-journal was found using the provided searchPath
2026-10-08T22:23:48.5998615Z ##[debug]Removing /home/runner/work/conduit/conduit/proof/browser/test-results/default/static-body-application-st-b5823-n-reset-and-browser-restart-chromium/independent-browser-profile/Default/shared_proto_db from rawSearchResults because it is a directory
2026-10-08T22:23:48.6002095Z ##[debug]File:/home/runner/work/conduit/conduit/proof/browser/test-results/default/static-body-application-st-b5823-n-reset-and-browser-restart-chromium/independent-browser-profile/Default/shared_proto_db/000003.log was found using the provided searchPath
2026-10-08T22:23:48.6005725Z ##[debug]File:/home/runner/work/conduit/conduit/proof/browser/test-results/default/static-body-application-st-b5823-n-reset-and-browser-restart-chromium/independent-browser-profile/Default/shared_proto_db/CURRENT was found using the provided searchPath
2026-10-08T22:23:48.6009232Z ##[debug]File:/home/runner/work/conduit/conduit/proof/browser/test-results/default/static-body-application-st-b5823-n-reset-and-browser-restart-chromium/independent-browser-profile/Default/shared_proto_db/LOCK was found using the provided searchPath
2026-10-08T22:23:48.6012873Z ##[debug]File:/home/runner/work/conduit/conduit/proof/browser/test-results/default/static-body-application-st-b5823-n-reset-and-browser-restart-chromium/independent-browser-profile/Default/shared_proto_db/LOG was found using the provided searchPath
2026-10-08T22:23:48.6017118Z ##[debug]File:/home/runner/work/conduit/conduit/proof/browser/test-results/default/static-body-application-st-b5823-n-reset-and-browser-restart-chromium/independent-browser-profile/Default/shared_proto_db/MANIFEST-000001 was found using the provided searchPath
2026-10-08T22:23:48.6020650Z ##[debug]Removing /home/runner/work/conduit/conduit/proof/browser/test-results/default/static-body-application-st-b5823-n-reset-and-browser-restart-chromium/independent-browser-profile/Default/shared_proto_db/metadata from rawSearchResults because it is a directory
2026-10-08T22:23:48.6024198Z ##[debug]File:/home/runner/work/conduit/conduit/proof/browser/test-results/default/static-body-application-st-b5823-n-reset-and-browser-restart-chromium/independent-browser-profile/Default/shared_proto_db/metadata/000003.log was found using the provided searchPath
2026-10-08T22:23:48.6028186Z ##[debug]File:/home/runner/work/conduit/conduit/proof/browser/test-results/default/static-body-application-st-b5823-n-reset-and-browser-restart-chromium/independent-browser-profile/Default/shared_proto_db/metadata/CURRENT was found using the provided searchPath
2026-10-08T22:23:48.6031804Z ##[debug]File:/home/runner/work/conduit/conduit/proof/browser/test-results/default/static-body-application-st-b5823-n-reset-and-browser-restart-chromium/independent-browser-profile/Default/shared_proto_db/metadata/LOCK was found using the provided searchPath
2026-10-08T22:23:48.6035762Z ##[debug]File:/home/runner/work/conduit/conduit/proof/browser/test-results/default/static-body-application-st-b5823-n-reset-and-browser-restart-chromium/independent-browser-profile/Default/shared_proto_db/metadata/LOG was found using the provided searchPath
2026-10-08T22:23:48.6039542Z ##[debug]File:/home/runner/work/conduit/conduit/proof/browser/test-results/default/static-body-application-st-b5823-n-reset-and-browser-restart-chromium/independent-browser-profile/Default/shared_proto_db/metadata/MANIFEST-000001 was found using the provided searchPath
2026-10-08T22:23:48.6043173Z ##[debug]Removing /home/runner/work/conduit/conduit/proof/browser/test-results/default/static-body-application-st-b5823-n-reset-and-browser-restart-chromium/retained-browser-profile from rawSearchResults because it is a directory
2026-10-08T22:23:48.6046830Z ##[debug]Removing /home/runner/work/conduit/conduit/proof/browser/test-results/default/static-body-application-st-b5823-n-reset-and-browser-restart-chromium/retained-browser-profile/Default from rawSearchResults because it is a directory
2026-10-08T22:23:48.6050589Z ##[debug]Removing /home/runner/work/conduit/conduit/proof/browser/test-results/default/static-body-application-st-b5823-n-reset-and-browser-restart-chromium/retained-browser-profile/Default/Cache from rawSearchResults because it is a directory
2026-10-08T22:23:48.6054208Z ##[debug]Removing /home/runner/work/conduit/conduit/proof/browser/test-results/default/static-body-application-st-b5823-n-reset-and-browser-restart-chromium/retained-browser-profile/Default/Cache/Cache_Data from rawSearchResults because it is a directory
2026-10-08T22:23:48.6058056Z ##[debug]File:/home/runner/work/conduit/conduit/proof/browser/test-results/default/static-body-application-st-b5823-n-reset-and-browser-restart-chromium/retained-browser-profile/Default/Cache/Cache_Data/index was found using the provided searchPath
2026-10-08T22:23:48.6061710Z ##[debug]Removing /home/runner/work/conduit/conduit/proof/browser/test-results/default/static-body-application-st-b5823-n-reset-and-browser-restart-chromium/retained-browser-profile/Default/Cache/Cache_Data/index-dir from rawSearchResults because it is a directory
2026-10-08T22:23:48.6065740Z ##[debug]File:/home/runner/work/conduit/conduit/proof/browser/test-results/default/static-body-application-st-b5823-n-reset-and-browser-restart-chromium/retained-browser-profile/Default/Cache/Cache_Data/index-dir/the-real-index was found using the provided searchPath
2026-10-08T22:23:48.6069336Z ##[debug]Removing /home/runner/work/conduit/conduit/proof/browser/test-results/default/static-body-application-st-b5823-n-reset-and-browser-restart-chromium/retained-browser-profile/Default/Cache/No_Vary_Search from rawSearchResults because it is a directory
2026-10-08T22:23:48.6073404Z ##[debug]File:/home/runner/work/conduit/conduit/proof/browser/test-results/default/static-body-application-st-b5823-n-reset-and-browser-restart-chromium/retained-browser-profile/Default/Cache/No_Vary_Search/journal.baj was found using the provided searchPath
2026-10-08T22:23:48.6077400Z ##[debug]File:/home/runner/work/conduit/conduit/proof/browser/test-results/default/static-body-application-st-b5823-n-reset-and-browser-restart-chromium/retained-browser-profile/Default/Cache/No_Vary_Search/snapshot.baf was found using the provided searchPath
2026-10-08T22:23:48.6081099Z ##[debug]Removing /home/runner/work/conduit/conduit/proof/browser/test-results/default/static-body-application-st-b5823-n-reset-and-browser-restart-chromium/retained-browser-profile/Default/Code Cache from rawSearchResults because it is a directory
2026-10-08T22:23:48.6084785Z ##[debug]Removing /home/runner/work/conduit/conduit/proof/browser/test-results/default/static-body-application-st-b5823-n-reset-and-browser-restart-chromium/retained-browser-profile/Default/Code Cache/js from rawSearchResults because it is a directory
2026-10-08T22:23:48.6088752Z ##[debug]File:/home/runner/work/conduit/conduit/proof/browser/test-results/default/static-body-application-st-b5823-n-reset-and-browser-restart-chromium/retained-browser-profile/Default/Code Cache/js/158f56f28588b50a_0 was found using the provided searchPath
2026-10-08T22:23:48.6092531Z ##[debug]File:/home/runner/work/conduit/conduit/proof/browser/test-results/default/static-body-application-st-b5823-n-reset-and-browser-restart-chromium/retained-browser-profile/Default/Code Cache/js/354d59b361dfd9c7_0 was found using the provided searchPath
2026-10-08T22:23:48.6096685Z ##[debug]File:/home/runner/work/conduit/conduit/proof/browser/test-results/default/static-body-application-st-b5823-n-reset-and-browser-restart-chromium/retained-browser-profile/Default/Code Cache/js/4b59126e2fde9842_0 was found using the provided searchPath
2026-10-08T22:23:48.6100419Z ##[debug]File:/home/runner/work/conduit/conduit/proof/browser/test-results/default/static-body-application-st-b5823-n-reset-and-browser-restart-chromium/retained-browser-profile/Default/Code Cache/js/56a1960fde005aef_0 was found using the provided searchPath
2026-10-08T22:23:48.6103178Z ##[debug]File:/home/runner/work/conduit/conduit/proof/browser/test-results/default/static-body-application-st-b5823-n-reset-and-browser-restart-chromium/retained-browser-profile/Default/Code Cache/js/59d0811262e899b8_0 was found using the provided searchPath
2026-10-08T22:23:48.6105911Z ##[debug]File:/home/runner/work/conduit/conduit/proof/browser/test-results/default/static-body-application-st-b5823-n-reset-and-browser-restart-chromium/retained-browser-profile/Default/Code Cache/js/8c3b74473111edbf_0 was found using the provided searchPath
2026-10-08T22:23:48.6108589Z ##[debug]File:/home/runner/work/conduit/conduit/proof/browser/test-results/default/static-body-application-st-b5823-n-reset-and-browser-restart-chromium/retained-browser-profile/Default/Code Cache/js/95fac4ce0ba65078_0 was found using the provided searchPath
2026-10-08T22:23:48.6111431Z ##[debug]File:/home/runner/work/conduit/conduit/proof/browser/test-results/default/static-body-application-st-b5823-n-reset-and-browser-restart-chromium/retained-browser-profile/Default/Code Cache/js/cc033cc3ce021b6e_0 was found using the provided searchPath
2026-10-08T22:23:48.6113845Z ##[debug]File:/home/runner/work/conduit/conduit/proof/browser/test-results/default/static-body-application-st-b5823-n-reset-and-browser-restart-chromium/retained-browser-profile/Default/Code Cache/js/ce24e0c0a5dbc473_0 was found using the provided searchPath
2026-10-08T22:23:48.6116385Z ##[debug]File:/home/runner/work/conduit/conduit/proof/browser/test-results/default/static-body-application-st-b5823-n-reset-and-browser-restart-chromium/retained-browser-profile/Default/Code Cache/js/cfa91697d3f54dad_0 was found using the provided searchPath
2026-10-08T22:23:48.6118998Z ##[debug]File:/home/runner/work/conduit/conduit/proof/browser/test-results/default/static-body-application-st-b5823-n-reset-and-browser-restart-chromium/retained-browser-profile/Default/Code Cache/js/d31615863096fd5d_0 was found using the provided searchPath
2026-10-08T22:23:48.6121391Z ##[debug]File:/home/runner/work/conduit/conduit/proof/browser/test-results/default/static-body-application-st-b5823-n-reset-and-browser-restart-chromium/retained-browser-profile/Default/Code Cache/js/d913089f1c577f7d_0 was found using the provided searchPath
2026-10-08T22:23:48.6123873Z ##[debug]File:/home/runner/work/conduit/conduit/proof/browser/test-results/default/static-body-application-st-b5823-n-reset-and-browser-restart-chromium/retained-browser-profile/Default/Code Cache/js/fcc107d7c74ca455_0 was found using the provided searchPath
2026-10-08T22:23:48.6126697Z ##[debug]File:/home/runner/work/conduit/conduit/proof/browser/test-results/default/static-body-application-st-b5823-n-reset-and-browser-restart-chromium/retained-browser-profile/Default/Code Cache/js/index was found using the provided searchPath
2026-10-08T22:23:48.6129023Z ##[debug]Removing /home/runner/work/conduit/conduit/proof/browser/test-results/default/static-body-application-st-b5823-n-reset-and-browser-restart-chromium/retained-browser-profile/Default/Code Cache/js/index-dir from rawSearchResults because it is a directory
2026-10-08T22:23:48.6131414Z ##[debug]File:/home/runner/work/conduit/conduit/proof/browser/test-results/default/static-body-application-st-b5823-n-reset-and-browser-restart-chromium/retained-browser-profile/Default/Code Cache/js/index-dir/the-real-index was found using the provided searchPath
2026-10-08T22:23:48.6133753Z ##[debug]Removing /home/runner/work/conduit/conduit/proof/browser/test-results/default/static-body-application-st-b5823-n-reset-and-browser-restart-chromium/retained-browser-profile/Default/Code Cache/wasm from rawSearchResults because it is a directory
2026-10-08T22:23:48.6136264Z ##[debug]File:/home/runner/work/conduit/conduit/proof/browser/test-results/default/static-body-application-st-b5823-n-reset-and-browser-restart-chromium/retained-browser-profile/Default/Code Cache/wasm/index was found using the provided searchPath
2026-10-08T22:23:48.6138653Z ##[debug]Removing /home/runner/work/conduit/conduit/proof/browser/test-results/default/static-body-application-st-b5823-n-reset-and-browser-restart-chromium/retained-browser-profile/Default/Code Cache/wasm/index-dir from rawSearchResults because it is a directory
2026-10-08T22:23:48.6141211Z ##[debug]File:/home/runner/work/conduit/conduit/proof/browser/test-results/default/static-body-application-st-b5823-n-reset-and-browser-restart-chromium/retained-browser-profile/Default/Code Cache/wasm/index-dir/the-real-index was found using the provided searchPath
2026-10-08T22:23:48.6143520Z ##[debug]File:/home/runner/work/conduit/conduit/proof/browser/test-results/default/static-body-application-st-b5823-n-reset-and-browser-restart-chromium/retained-browser-profile/Default/Cookies was found using the provided searchPath
2026-10-08T22:23:48.6145867Z ##[debug]File:/home/runner/work/conduit/conduit/proof/browser/test-results/default/static-body-application-st-b5823-n-reset-and-browser-restart-chromium/retained-browser-profile/Default/Cookies-journal was found using the provided searchPath
2026-10-08T22:23:48.6148091Z ##[debug]File:/home/runner/work/conduit/conduit/proof/browser/test-results/default/static-body-application-st-b5823-n-reset-and-browser-restart-chromium/retained-browser-profile/Default/DIPS was found using the provided searchPath
2026-10-08T22:23:48.6150336Z ##[debug]Removing /home/runner/work/conduit/conduit/proof/browser/test-results/default/static-body-application-st-b5823-n-reset-and-browser-restart-chromium/retained-browser-profile/Default/DawnGraphiteCache from rawSearchResults because it is a directory
2026-10-08T22:23:48.6152845Z ##[debug]File:/home/runner/work/conduit/conduit/proof/browser/test-results/default/static-body-application-st-b5823-n-reset-and-browser-restart-chromium/retained-browser-profile/Default/DawnGraphiteCache/data_0 was found using the provided searchPath
2026-10-08T22:23:48.6155261Z ##[debug]File:/home/runner/work/conduit/conduit/proof/browser/test-results/default/static-body-application-st-b5823-n-reset-and-browser-restart-chromium/retained-browser-profile/Default/DawnGraphiteCache/data_1 was found using the provided searchPath
2026-10-08T22:23:48.6157662Z ##[debug]File:/home/runner/work/conduit/conduit/proof/browser/test-results/default/static-body-application-st-b5823-n-reset-and-browser-restart-chromium/retained-browser-profile/Default/DawnGraphiteCache/data_2 was found using the provided searchPath
2026-10-08T22:23:48.6159955Z ##[debug]File:/home/runner/work/conduit/conduit/proof/browser/test-results/default/static-body-application-st-b5823-n-reset-and-browser-restart-chromium/retained-browser-profile/Default/DawnGraphiteCache/data_3 was found using the provided searchPath
2026-10-08T22:23:48.6162256Z ##[debug]File:/home/runner/work/conduit/conduit/proof/browser/test-results/default/static-body-application-st-b5823-n-reset-and-browser-restart-chromium/retained-browser-profile/Default/DawnGraphiteCache/index was found using the provided searchPath
2026-10-08T22:23:48.6164563Z ##[debug]Removing /home/runner/work/conduit/conduit/proof/browser/test-results/default/static-body-application-st-b5823-n-reset-and-browser-restart-chromium/retained-browser-profile/Default/DawnWebGPUCache from rawSearchResults because it is a directory
2026-10-08T22:23:48.6167087Z ##[debug]File:/home/runner/work/conduit/conduit/proof/browser/test-results/default/static-body-application-st-b5823-n-reset-and-browser-restart-chromium/retained-browser-profile/Default/DawnWebGPUCache/data_0 was found using the provided searchPath
2026-10-08T22:23:48.6169544Z ##[debug]File:/home/runner/work/conduit/conduit/proof/browser/test-results/default/static-body-application-st-b5823-n-reset-and-browser-restart-chromium/retained-browser-profile/Default/DawnWebGPUCache/data_1 was found using the provided searchPath
2026-10-08T22:23:48.6171880Z ##[debug]File:/home/runner/work/conduit/conduit/proof/browser/test-results/default/static-body-application-st-b5823-n-reset-and-browser-restart-chromium/retained-browser-profile/Default/DawnWebGPUCache/data_2 was found using the provided searchPath
2026-10-08T22:23:48.6174211Z ##[debug]File:/home/runner/work/conduit/conduit/proof/browser/test-results/default/static-body-application-st-b5823-n-reset-and-browser-restart-chromium/retained-browser-profile/Default/DawnWebGPUCache/data_3 was found using the provided searchPath
2026-10-08T22:23:48.6176400Z ##[debug]File:/home/runner/work/conduit/conduit/proof/browser/test-results/default/static-body-application-st-b5823-n-reset-and-browser-restart-chromium/retained-browser-profile/Default/DawnWebGPUCache/index was found using the provided searchPath
2026-10-08T22:23:48.6178615Z ##[debug]Removing /home/runner/work/conduit/conduit/proof/browser/test-results/default/static-body-application-st-b5823-n-reset-and-browser-restart-chromium/retained-browser-profile/Default/GPUCache from rawSearchResults because it is a directory
2026-10-08T22:23:48.6180583Z ##[debug]File:/home/runner/work/conduit/conduit/proof/browser/test-results/default/static-body-application-st-b5823-n-reset-and-browser-restart-chromium/retained-browser-profile/Default/GPUCache/data_0 was found using the provided searchPath
2026-10-08T22:23:48.6182495Z ##[debug]File:/home/runner/work/conduit/conduit/proof/browser/test-results/default/static-body-application-st-b5823-n-reset-and-browser-restart-chromium/retained-browser-profile/Default/GPUCache/data_1 was found using the provided searchPath
2026-10-08T22:23:48.6184408Z ##[debug]File:/home/runner/work/conduit/conduit/proof/browser/test-results/default/static-body-application-st-b5823-n-reset-and-browser-restart-chromium/retained-browser-profile/Default/GPUCache/data_2 was found using the provided searchPath
2026-10-08T22:23:48.6186782Z ##[debug]File:/home/runner/work/conduit/conduit/proof/browser/test-results/default/static-body-application-st-b5823-n-reset-and-browser-restart-chromium/retained-browser-profile/Default/GPUCache/data_3 was found using the provided searchPath
2026-10-08T22:23:48.6188721Z ##[debug]File:/home/runner/work/conduit/conduit/proof/browser/test-results/default/static-body-application-st-b5823-n-reset-and-browser-restart-chromium/retained-browser-profile/Default/GPUCache/index was found using the provided searchPath
2026-10-08T22:23:48.6190674Z ##[debug]Removing /home/runner/work/conduit/conduit/proof/browser/test-results/default/static-body-application-st-b5823-n-reset-and-browser-restart-chromium/retained-browser-profile/Default/IndexedDB from rawSearchResults because it is a directory
2026-10-08T22:23:48.6192781Z ##[debug]Removing /home/runner/work/conduit/conduit/proof/browser/test-results/default/static-body-application-st-b5823-n-reset-and-browser-restart-chromium/retained-browser-profile/Default/IndexedDB/http_127.0.0.1_39411.indexeddb.leveldb from rawSearchResults because it is a directory
2026-10-08T22:23:48.6195118Z ##[debug]File:/home/runner/work/conduit/conduit/proof/browser/test-results/default/static-body-application-st-b5823-n-reset-and-browser-restart-chromium/retained-browser-profile/Default/IndexedDB/http_127.0.0.1_39411.indexeddb.leveldb/000003.log was found using the provided searchPath
2026-10-08T22:23:48.6197333Z ##[debug]File:/home/runner/work/conduit/conduit/proof/browser/test-results/default/static-body-application-st-b5823-n-reset-and-browser-restart-chromium/retained-browser-profile/Default/IndexedDB/http_127.0.0.1_39411.indexeddb.leveldb/CURRENT was found using the provided searchPath
2026-10-08T22:23:48.6199681Z ##[debug]File:/home/runner/work/conduit/conduit/proof/browser/test-results/default/static-body-application-st-b5823-n-reset-and-browser-restart-chromium/retained-browser-profile/Default/IndexedDB/http_127.0.0.1_39411.indexeddb.leveldb/LOCK was found using the provided searchPath
2026-10-08T22:23:48.6201852Z ##[debug]File:/home/runner/work/conduit/conduit/proof/browser/test-results/default/static-body-application-st-b5823-n-reset-and-browser-restart-chromium/retained-browser-profile/Default/IndexedDB/http_127.0.0.1_39411.indexeddb.leveldb/LOG was found using the provided searchPath
2026-10-08T22:23:48.6204155Z ##[debug]File:/home/runner/work/conduit/conduit/proof/browser/test-results/default/static-body-application-st-b5823-n-reset-and-browser-restart-chromium/retained-browser-profile/Default/IndexedDB/http_127.0.0.1_39411.indexeddb.leveldb/LOG.old was found using the provided searchPath
2026-10-08T22:23:48.6206525Z ##[debug]File:/home/runner/work/conduit/conduit/proof/browser/test-results/default/static-body-application-st-b5823-n-reset-and-browser-restart-chromium/retained-browser-profile/Default/IndexedDB/http_127.0.0.1_39411.indexeddb.leveldb/MANIFEST-000001 was found using the provided searchPath
2026-10-08T22:23:48.6208666Z ##[debug]Removing /home/runner/work/conduit/conduit/proof/browser/test-results/default/static-body-application-st-b5823-n-reset-and-browser-restart-chromium/retained-browser-profile/Default/Local Storage from rawSearchResults because it is a directory
2026-10-08T22:23:48.6210693Z ##[debug]Removing /home/runner/work/conduit/conduit/proof/browser/test-results/default/static-body-application-st-b5823-n-reset-and-browser-restart-chromium/retained-browser-profile/Default/Local Storage/leveldb from rawSearchResults because it is a directory
2026-10-08T22:23:48.6212730Z ##[debug]File:/home/runner/work/conduit/conduit/proof/browser/test-results/default/static-body-application-st-b5823-n-reset-and-browser-restart-chromium/retained-browser-profile/Default/Local Storage/leveldb/000003.log was found using the provided searchPath
2026-10-08T22:23:48.6214772Z ##[debug]File:/home/runner/work/conduit/conduit/proof/browser/test-results/default/static-body-application-st-b5823-n-reset-and-browser-restart-chromium/retained-browser-profile/Default/Local Storage/leveldb/CURRENT was found using the provided searchPath
2026-10-08T22:23:48.6217127Z ##[debug]File:/home/runner/work/conduit/conduit/proof/browser/test-results/default/static-body-application-st-b5823-n-reset-and-browser-restart-chromium/retained-browser-profile/Default/Local Storage/leveldb/LOCK was found using the provided searchPath
2026-10-08T22:23:48.6219122Z ##[debug]File:/home/runner/work/conduit/conduit/proof/browser/test-results/default/static-body-application-st-b5823-n-reset-and-browser-restart-chromium/retained-browser-profile/Default/Local Storage/leveldb/LOG was found using the provided searchPath
2026-10-08T22:23:48.6221117Z ##[debug]File:/home/runner/work/conduit/conduit/proof/browser/test-results/default/static-body-application-st-b5823-n-reset-and-browser-restart-chromium/retained-browser-profile/Default/Local Storage/leveldb/LOG.old was found using the provided searchPath
2026-10-08T22:23:48.6223165Z ##[debug]File:/home/runner/work/conduit/conduit/proof/browser/test-results/default/static-body-application-st-b5823-n-reset-and-browser-restart-chromium/retained-browser-profile/Default/Local Storage/leveldb/MANIFEST-000001 was found using the provided searchPath
2026-10-08T22:23:48.6225570Z ##[debug]Removing /home/runner/work/conduit/conduit/proof/browser/test-results/default/static-body-application-st-b5823-n-reset-and-browser-restart-chromium/retained-browser-profile/Default/PersistentOriginTrials from rawSearchResults because it is a directory
2026-10-08T22:23:48.6227663Z ##[debug]File:/home/runner/work/conduit/conduit/proof/browser/test-results/default/static-body-application-st-b5823-n-reset-and-browser-restart-chromium/retained-browser-profile/Default/PersistentOriginTrials/LOCK was found using the provided searchPath
2026-10-08T22:23:48.6229692Z ##[debug]File:/home/runner/work/conduit/conduit/proof/browser/test-results/default/static-body-application-st-b5823-n-reset-and-browser-restart-chromium/retained-browser-profile/Default/PersistentOriginTrials/LOG was found using the provided searchPath
2026-10-08T22:23:48.6231734Z ##[debug]File:/home/runner/work/conduit/conduit/proof/browser/test-results/default/static-body-application-st-b5823-n-reset-and-browser-restart-chromium/retained-browser-profile/Default/PersistentOriginTrials/LOG.old was found using the provided searchPath
2026-10-08T22:23:48.6233761Z ##[debug]Removing /home/runner/work/conduit/conduit/proof/browser/test-results/default/static-body-application-st-b5823-n-reset-and-browser-restart-chromium/retained-browser-profile/Default/Session Storage from rawSearchResults because it is a directory
2026-10-08T22:23:48.6236058Z ##[debug]File:/home/runner/work/conduit/conduit/proof/browser/test-results/default/static-body-application-st-b5823-n-reset-and-browser-restart-chromium/retained-browser-profile/Default/Session Storage/000003.log was found using the provided searchPath
2026-10-08T22:23:48.6238084Z ##[debug]File:/home/runner/work/conduit/conduit/proof/browser/test-results/default/static-body-application-st-b5823-n-reset-and-browser-restart-chromium/retained-browser-profile/Default/Session Storage/CURRENT was found using the provided searchPath
2026-10-08T22:23:48.6240058Z ##[debug]File:/home/runner/work/conduit/conduit/proof/browser/test-results/default/static-body-application-st-b5823-n-reset-and-browser-restart-chromium/retained-browser-profile/Default/Session Storage/LOCK was found using the provided searchPath
2026-10-08T22:23:48.6242007Z ##[debug]File:/home/runner/work/conduit/conduit/proof/browser/test-results/default/static-body-application-st-b5823-n-reset-and-browser-restart-chromium/retained-browser-profile/Default/Session Storage/LOG was found using the provided searchPath
2026-10-08T22:23:48.6243961Z ##[debug]File:/home/runner/work/conduit/conduit/proof/browser/test-results/default/static-body-application-st-b5823-n-reset-and-browser-restart-chromium/retained-browser-profile/Default/Session Storage/LOG.old was found using the provided searchPath
2026-10-08T22:23:48.6246212Z ##[debug]File:/home/runner/work/conduit/conduit/proof/browser/test-results/default/static-body-application-st-b5823-n-reset-and-browser-restart-chromium/retained-browser-profile/Default/Session Storage/MANIFEST-000001 was found using the provided searchPath
2026-10-08T22:23:48.6248240Z ##[debug]Removing /home/runner/work/conduit/conduit/proof/browser/test-results/default/static-body-application-st-b5823-n-reset-and-browser-restart-chromium/retained-browser-profile/Default/Shared Dictionary from rawSearchResults because it is a directory
2026-10-08T22:23:48.6250292Z ##[debug]Removing /home/runner/work/conduit/conduit/proof/browser/test-results/default/static-body-application-st-b5823-n-reset-and-browser-restart-chromium/retained-browser-profile/Default/Shared Dictionary/cache from rawSearchResults because it is a directory
2026-10-08T22:23:48.6252341Z ##[debug]File:/home/runner/work/conduit/conduit/proof/browser/test-results/default/static-body-application-st-b5823-n-reset-and-browser-restart-chromium/retained-browser-profile/Default/Shared Dictionary/cache/index was found using the provided searchPath
2026-10-08T22:23:48.6254419Z ##[debug]Removing /home/runner/work/conduit/conduit/proof/browser/test-results/default/static-body-application-st-b5823-n-reset-and-browser-restart-chromium/retained-browser-profile/Default/Shared Dictionary/cache/index-dir from rawSearchResults because it is a directory
2026-10-08T22:23:48.6256693Z ##[debug]File:/home/runner/work/conduit/conduit/proof/browser/test-results/default/static-body-application-st-b5823-n-reset-and-browser-restart-chromium/retained-browser-profile/Default/Shared Dictionary/cache/index-dir/the-real-index was found using the provided searchPath
2026-10-08T22:23:48.6258751Z ##[debug]File:/home/runner/work/conduit/conduit/proof/browser/test-results/default/static-body-application-st-b5823-n-reset-and-browser-restart-chromium/retained-browser-profile/Default/Shared Dictionary/db was found using the provided searchPath
2026-10-08T22:23:48.6260744Z ##[debug]File:/home/runner/work/conduit/conduit/proof/browser/test-results/default/static-body-application-st-b5823-n-reset-and-browser-restart-chromium/retained-browser-profile/Default/Shared Dictionary/db-journal was found using the provided searchPath
2026-10-08T22:23:48.6262746Z ##[debug]Removing /home/runner/work/conduit/conduit/proof/browser/test-results/default/static-body-application-st-b5823-n-reset-and-browser-restart-chromium/retained-browser-profile/Default/WebStorage from rawSearchResults because it is a directory
2026-10-08T22:23:48.6265029Z ##[debug]File:/home/runner/work/conduit/conduit/proof/browser/test-results/default/static-body-application-st-b5823-n-reset-and-browser-restart-chromium/retained-browser-profile/Default/WebStorage/QuotaManager was found using the provided searchPath
2026-10-08T22:23:48.6267113Z ##[debug]File:/home/runner/work/conduit/conduit/proof/browser/test-results/default/static-body-application-st-b5823-n-reset-and-browser-restart-chromium/retained-browser-profile/Default/WebStorage/QuotaManager-journal was found using the provided searchPath
2026-10-08T22:23:48.6269211Z ##[debug]Removing /home/runner/work/conduit/conduit/proof/browser/test-results/default/static-body-application-st-b5823-n-reset-and-browser-restart-chromium/retained-browser-profile/Default/blob_storage from rawSearchResults because it is a directory
2026-10-08T22:23:48.6271344Z ##[debug]Removing /home/runner/work/conduit/conduit/proof/browser/test-results/default/static-body-application-st-b5823-n-reset-and-browser-restart-chromium/retained-browser-profile/Default/blob_storage/e1e9a3cd-5251-49b8-94fa-3dd5bce24ac5 from rawSearchResults because it is a directory
2026-10-08T22:23:48.6273510Z ##[debug]File:/home/runner/work/conduit/conduit/proof/browser/test-results/default/static-body-application-st-b5823-n-reset-and-browser-restart-chromium/retained-browser-profile/Default/declarative_performance_observer.db was found using the provided searchPath
2026-10-08T22:23:48.6275730Z ##[debug]File:/home/runner/work/conduit/conduit/proof/browser/test-results/default/static-body-application-st-b5823-n-reset-and-browser-restart-chromium/retained-browser-profile/Default/declarative_performance_observer.db-journal was found using the provided searchPath
2026-10-08T22:23:48.6278305Z ##[debug]Removing /home/runner/work/conduit/conduit/proof/browser/test-results/default/static-body-application-st-b5823-n-reset-and-browser-restart-chromium/retained-browser-profile/Default/shared_proto_db from rawSearchResults because it is a directory
2026-10-08T22:23:48.6280367Z ##[debug]File:/home/runner/work/conduit/conduit/proof/browser/test-results/default/static-body-application-st-b5823-n-reset-and-browser-restart-chromium/retained-browser-profile/Default/shared_proto_db/000003.log was found using the provided searchPath
2026-10-08T22:23:48.6282377Z ##[debug]File:/home/runner/work/conduit/conduit/proof/browser/test-results/default/static-body-application-st-b5823-n-reset-and-browser-restart-chromium/retained-browser-profile/Default/shared_proto_db/CURRENT was found using the provided searchPath
2026-10-08T22:23:48.6284354Z ##[debug]File:/home/runner/work/conduit/conduit/proof/browser/test-results/default/static-body-application-st-b5823-n-reset-and-browser-restart-chromium/retained-browser-profile/Default/shared_proto_db/LOCK was found using the provided searchPath
2026-10-08T22:23:48.6286434Z ##[debug]File:/home/runner/work/conduit/conduit/proof/browser/test-results/default/static-body-application-st-b5823-n-reset-and-browser-restart-chromium/retained-browser-profile/Default/shared_proto_db/LOG was found using the provided searchPath
2026-10-08T22:23:48.6288400Z ##[debug]File:/home/runner/work/conduit/conduit/proof/browser/test-results/default/static-body-application-st-b5823-n-reset-and-browser-restart-chromium/retained-browser-profile/Default/shared_proto_db/LOG.old was found using the provided searchPath
2026-10-08T22:23:48.6290386Z ##[debug]File:/home/runner/work/conduit/conduit/proof/browser/test-results/default/static-body-application-st-b5823-n-reset-and-browser-restart-chromium/retained-browser-profile/Default/shared_proto_db/MANIFEST-000001 was found using the provided searchPath
2026-10-08T22:23:48.6292432Z ##[debug]Removing /home/runner/work/conduit/conduit/proof/browser/test-results/default/static-body-application-st-b5823-n-reset-and-browser-restart-chromium/retained-browser-profile/Default/shared_proto_db/metadata from rawSearchResults because it is a directory
2026-10-08T22:23:48.6294698Z ##[debug]File:/home/runner/work/conduit/conduit/proof/browser/test-results/default/static-body-application-st-b5823-n-reset-and-browser-restart-chromium/retained-browser-profile/Default/shared_proto_db/metadata/000003.log was found using the provided searchPath
2026-10-08T22:23:48.6296911Z ##[debug]File:/home/runner/work/conduit/conduit/proof/browser/test-results/default/static-body-application-st-b5823-n-reset-and-browser-restart-chromium/retained-browser-profile/Default/shared_proto_db/metadata/CURRENT was found using the provided searchPath
2026-10-08T22:23:48.6298940Z ##[debug]File:/home/runner/work/conduit/conduit/proof/browser/test-results/default/static-body-application-st-b5823-n-reset-and-browser-restart-chromium/retained-browser-profile/Default/shared_proto_db/metadata/LOCK was found using the provided searchPath
2026-10-08T22:23:48.6300958Z ##[debug]File:/home/runner/work/conduit/conduit/proof/browser/test-results/default/static-body-application-st-b5823-n-reset-and-browser-restart-chromium/retained-browser-profile/Default/shared_proto_db/metadata/LOG was found using the provided searchPath
2026-10-08T22:23:48.6302974Z ##[debug]File:/home/runner/work/conduit/conduit/proof/browser/test-results/default/static-body-application-st-b5823-n-reset-and-browser-restart-chromium/retained-browser-profile/Default/shared_proto_db/metadata/LOG.old was found using the provided searchPath
2026-10-08T22:23:48.6305152Z ##[debug]File:/home/runner/work/conduit/conduit/proof/browser/test-results/default/static-body-application-st-b5823-n-reset-and-browser-restart-chromium/retained-browser-profile/Default/shared_proto_db/metadata/MANIFEST-000001 was found using the provided searchPath
2026-10-08T22:23:48.6307165Z ##[debug]Removing /home/runner/work/conduit/conduit/proof/browser/test-results/default/workspace-arrival-Birth-an-f304d-surface-fit-a-narrow-window-chromium from rawSearchResults because it is a directory
2026-10-08T22:23:48.6308848Z ##[debug]File:/home/runner/work/conduit/conduit/proof/browser/test-results/default/workspace-arrival-Birth-an-f304d-surface-fit-a-narrow-window-chromium/workspace-narrow.png was found using the provided searchPath
2026-10-08T22:23:48.6310536Z ##[debug]Removing /home/runner/work/conduit/conduit/proof/browser/test-results/default/workspace-arrival-Birth-ha-cc2de-d-reload-preserves-the-body-chromium from rawSearchResults because it is a directory
2026-10-08T22:23:48.6312221Z ##[debug]File:/home/runner/work/conduit/conduit/proof/browser/test-results/default/workspace-arrival-Birth-ha-cc2de-d-reload-preserves-the-body-chromium/workspace-birth.png was found using the provided searchPath
2026-10-08T22:23:48.6313949Z ##[debug]File:/home/runner/work/conduit/conduit/proof/browser/test-results/default/workspace-arrival-Birth-ha-cc2de-d-reload-preserves-the-body-chromium/workspace-listening.png was found using the provided searchPath
2026-10-08T22:23:48.6315812Z ##[debug]File:/home/runner/work/conduit/conduit/proof/browser/test-results/default/workspace-arrival-Birth-ha-cc2de-d-reload-preserves-the-body-chromium/workspace-returned.png was found using the provided searchPath
2026-10-08T22:23:48.6317499Z ##[debug]Removing /home/runner/work/conduit/conduit/proof/browser/test-results/default/workspace-arrival-a-sound--36ca2-wser-audio-and-settles-idle-chromium from rawSearchResults because it is a directory
2026-10-08T22:23:48.6319169Z ##[debug]File:/home/runner/work/conduit/conduit/proof/browser/test-results/default/workspace-arrival-a-sound--36ca2-wser-audio-and-settles-idle-chromium/chime-birth.png was found using the provided searchPath
2026-10-08T22:23:48.6320834Z ##[debug]File:/home/runner/work/conduit/conduit/proof/browser/test-results/default/workspace-arrival-a-sound--36ca2-wser-audio-and-settles-idle-chromium/chime-idle.png was found using the provided searchPath
2026-10-08T22:23:48.6322484Z ##[debug]Removing /home/runner/work/conduit/conduit/proof/browser/test-results/default/workspace-arrival-removing-8ca98-e-installation-stays-silent-chromium from rawSearchResults because it is a directory
2026-10-08T22:23:48.6324147Z ##[debug]File:/home/runner/work/conduit/conduit/proof/browser/test-results/default/workspace-arrival-removing-8ca98-e-installation-stays-silent-chromium/error-context.md was found using the provided searchPath
2026-10-08T22:23:48.6326032Z ##[debug]File:/home/runner/work/conduit/conduit/proof/browser/test-results/default/workspace-arrival-removing-8ca98-e-installation-stays-silent-chromium/trace.zip was found using the provided searchPath
2026-10-08T22:23:48.6327676Z ##[debug]Removing /home/runner/work/conduit/conduit/proof/browser/test-results/default/workspace-arrival-unavaila-91bee-cue-cannot-stop-other-Plots-chromium from rawSearchResults because it is a directory
2026-10-08T22:23:48.6329434Z ##[debug]File:/home/runner/work/conduit/conduit/proof/browser/test-results/default/workspace-arrival-unavaila-91bee-cue-cannot-stop-other-Plots-chromium/chime-unavailable-body-listening.png was found using the provided searchPath
2026-10-08T22:23:48.6331196Z ##[debug]Removing /home/runner/work/conduit/conduit/proof/browser/test-results/default/workspace-library-Gallery--5fdae-peatedly-usable-in-the-body-chromium from rawSearchResults because it is a directory
2026-10-08T22:23:48.6332901Z ##[debug]File:/home/runner/work/conduit/conduit/proof/browser/test-results/default/workspace-library-Gallery--5fdae-peatedly-usable-in-the-body-chromium/workspace-button-plot.png was found using the provided searchPath
2026-10-08T22:23:48.6334602Z ##[debug]Removing /home/runner/work/conduit/conduit/proof/browser/test-results/default/workspace-library-Use-inst-5c050-and-removal-survives-reload-chromium from rawSearchResults because it is a directory
2026-10-08T22:23:48.6336579Z ##[debug]File:/home/runner/work/conduit/conduit/proof/browser/test-results/default/workspace-library-Use-inst-5c050-and-removal-survives-reload-chromium/workspace-installed-plot.png was found using the provided searchPath
2026-10-08T22:23:48.6338391Z ##[debug]File:/home/runner/work/conduit/conduit/proof/browser/test-results/default/workspace-library-Use-inst-5c050-and-removal-survives-reload-chromium/workspace-plot-library.png was found using the provided searchPath
2026-10-08T22:23:48.6340123Z ##[debug]Removing /home/runner/work/conduit/conduit/proof/browser/test-results/default/workspace-library-removing-b801e-hat-can-acquire-Plots-again-chromium from rawSearchResults because it is a directory
2026-10-08T22:23:48.6341887Z ##[debug]File:/home/runner/work/conduit/conduit/proof/browser/test-results/default/workspace-library-removing-b801e-hat-can-acquire-Plots-again-chromium/workspace-empty-library-narrow.png was found using the provided searchPath
2026-10-08T22:23:48.6343646Z ##[debug]Removing /home/runner/work/conduit/conduit/proof/browser/test-results/default/workspace-membership-a-sec-7997e-e-canonical-Body-invitation-chromium from rawSearchResults because it is a directory
2026-10-08T22:23:48.6345427Z ##[debug]File:/home/runner/work/conduit/conduit/proof/browser/test-results/default/workspace-membership-a-sec-7997e-e-canonical-Body-invitation-chromium/video-1.webm was found using the provided searchPath
2026-10-08T22:23:48.6347090Z ##[debug]File:/home/runner/work/conduit/conduit/proof/browser/test-results/default/workspace-membership-a-sec-7997e-e-canonical-Body-invitation-chromium/video.webm was found using the provided searchPath
2026-10-08T22:23:48.6348727Z ##[debug]Removing /home/runner/work/conduit/conduit/proof/browser/test-results/default/workspace-membership-an-al-19176-he-browser-Host-or-its-body-chromium from rawSearchResults because it is a directory
2026-10-08T22:23:48.6350355Z ##[debug]File:/home/runner/work/conduit/conduit/proof/browser/test-results/default/workspace-membership-an-al-19176-he-browser-Host-or-its-body-chromium/video.webm was found using the provided searchPath
2026-10-08T22:23:48.6351989Z ##[debug]Removing /home/runner/work/conduit/conduit/proof/browser/test-results/default/workspace-membership-an-un-682cc-ody-and-browser-Host-intact-chromium from rawSearchResults because it is a directory
2026-10-08T22:23:48.6366151Z ##[debug]File:/home/runner/work/conduit/conduit/proof/browser/test-results/default/workspace-membership-an-un-682cc-ody-and-browser-Host-intact-chromium/video.webm was found using the provided searchPath
2026-10-08T22:23:48.6368061Z ##[debug]Removing /home/runner/work/conduit/conduit/proof/browser/test-results/default/workspace-membership-loss--88830-t-offers-and-keeps-the-body-chromium from rawSearchResults because it is a directory
2026-10-08T22:23:48.6369803Z ##[debug]File:/home/runner/work/conduit/conduit/proof/browser/test-results/default/workspace-membership-loss--88830-t-offers-and-keeps-the-body-chromium/video.webm was found using the provided searchPath
2026-10-08T22:23:48.6371464Z ##[debug]Removing /home/runner/work/conduit/conduit/proof/browser/test-results/default/workspace-membership-malfo-64a6e-sed-without-creating-a-body-chromium from rawSearchResults because it is a directory
2026-10-08T22:23:48.6373110Z ##[debug]File:/home/runner/work/conduit/conduit/proof/browser/test-results/default/workspace-membership-malfo-64a6e-sed-without-creating-a-body-chromium/video.webm was found using the provided searchPath
2026-10-08T22:23:48.6374772Z ##[debug]Removing /home/runner/work/conduit/conduit/proof/browser/test-results/default/workspace-membership-pendi-296da-nd-expired-delivery-refuses-chromium from rawSearchResults because it is a directory
2026-10-08T22:23:48.6376585Z ##[debug]File:/home/runner/work/conduit/conduit/proof/browser/test-results/default/workspace-membership-pendi-296da-nd-expired-delivery-refuses-chromium/video-1.webm was found using the provided searchPath
2026-10-08T22:23:48.6378937Z ##[debug]File:/home/runner/work/conduit/conduit/proof/browser/test-results/default/workspace-membership-pendi-296da-nd-expired-delivery-refuses-chromium/video.webm was found using the provided searchPath
2026-10-08T22:23:48.6380607Z ##[debug]Removing /home/runner/work/conduit/conduit/proof/browser/test-results/default/workspace-membership-the-P-4b963--oversized-and-GET-delivery-chromium from rawSearchResults because it is a directory
2026-10-08T22:23:48.6382288Z ##[debug]File:/home/runner/work/conduit/conduit/proof/browser/test-results/default/workspace-membership-the-P-4b963--oversized-and-GET-delivery-chromium/video.webm was found using the provided searchPath
2026-10-08T22:23:48.6383939Z ##[debug]Removing /home/runner/work/conduit/conduit/proof/browser/test-results/default/workspace-membership-the-o-29c2b--free-reviewed-browser-Host-chromium from rawSearchResults because it is a directory
2026-10-08T22:23:48.6385804Z ##[debug]Removing /home/runner/work/conduit/conduit/proof/browser/test-results/default/workspace-membership-the-o-29c2b--free-reviewed-browser-Host-chromium/body-journey-track from rawSearchResults because it is a directory
2026-10-08T22:23:48.6387656Z ##[debug]Removing /home/runner/work/conduit/conduit/proof/browser/test-results/default/workspace-membership-the-o-29c2b--free-reviewed-browser-Host-chromium/body-journey-track/artifacts from rawSearchResults because it is a directory
2026-10-08T22:23:48.6389566Z ##[debug]File:/home/runner/work/conduit/conduit/proof/browser/test-results/default/workspace-membership-the-o-29c2b--free-reviewed-browser-Host-chromium/body-journey-track/artifacts/01-body.absent.json was found using the provided searchPath
2026-10-08T22:23:48.6391513Z ##[debug]File:/home/runner/work/conduit/conduit/proof/browser/test-results/default/workspace-membership-the-o-29c2b--free-reviewed-browser-Host-chromium/body-journey-track/artifacts/02-bootstrap.started.json was found using the provided searchPath
2026-10-08T22:23:48.6393462Z ##[debug]File:/home/runner/work/conduit/conduit/proof/browser/test-results/default/workspace-membership-the-o-29c2b--free-reviewed-browser-Host-chromium/body-journey-track/artifacts/03-body.born.json was found using the provided searchPath
2026-10-08T22:23:48.6395488Z ##[debug]File:/home/runner/work/conduit/conduit/proof/browser/test-results/default/workspace-membership-the-o-29c2b--free-reviewed-browser-Host-chromium/body-journey-track/artifacts/04-body.awake.json was found using the provided searchPath
2026-10-08T22:23:48.6397522Z ##[debug]File:/home/runner/work/conduit/conduit/proof/browser/test-results/default/workspace-membership-the-o-29c2b--free-reviewed-browser-Host-chromium/body-journey-track/artifacts/05-plot.used.json was found using the provided searchPath
2026-10-08T22:23:48.6399507Z ##[debug]File:/home/runner/work/conduit/conduit/proof/browser/test-results/default/workspace-membership-the-o-29c2b--free-reviewed-browser-Host-chromium/body-journey-track/artifacts/06-body.inspected.json was found using the provided searchPath
2026-10-08T22:23:48.6401485Z ##[debug]File:/home/runner/work/conduit/conduit/proof/browser/test-results/default/workspace-membership-the-o-29c2b--free-reviewed-browser-Host-chromium/body-journey-track/artifacts/07-workload.revised.json was found using the provided searchPath
2026-10-08T22:23:48.6403433Z ##[debug]File:/home/runner/work/conduit/conduit/proof/browser/test-results/default/workspace-membership-the-o-29c2b--free-reviewed-browser-Host-chromium/body-journey-track/artifacts/08-host.added.json was found using the provided searchPath
2026-10-08T22:23:48.6405478Z ##[debug]File:/home/runner/work/conduit/conduit/proof/browser/test-results/default/workspace-membership-the-o-29c2b--free-reviewed-browser-Host-chromium/body-journey-track/artifacts/09-fault.observed.json was found using the provided searchPath
2026-10-08T22:23:48.6407430Z ##[debug]File:/home/runner/work/conduit/conduit/proof/browser/test-results/default/workspace-membership-the-o-29c2b--free-reviewed-browser-Host-chromium/body-journey-track/artifacts/10-body.repaired.json was found using the provided searchPath
2026-10-08T22:23:48.6409505Z ##[debug]File:/home/runner/work/conduit/conduit/proof/browser/test-results/default/workspace-membership-the-o-29c2b--free-reviewed-browser-Host-chromium/body-journey-track/artifacts/11-body.long-running.json was found using the provided searchPath
2026-10-08T22:23:48.6411445Z ##[debug]File:/home/runner/work/conduit/conduit/proof/browser/test-results/default/workspace-membership-the-o-29c2b--free-reviewed-browser-Host-chromium/body-journey-track/artifacts/12-body.lulled.json was found using the provided searchPath
2026-10-08T22:23:48.6413374Z ##[debug]File:/home/runner/work/conduit/conduit/proof/browser/test-results/default/workspace-membership-the-o-29c2b--free-reviewed-browser-Host-chromium/body-journey-track/artifacts/13-body.fulfilled.json was found using the provided searchPath
2026-10-08T22:23:48.6415488Z ##[debug]File:/home/runner/work/conduit/conduit/proof/browser/test-results/default/workspace-membership-the-o-29c2b--free-reviewed-browser-Host-chromium/body-journey-track/artifacts/14-mask.action-0.json was found using the provided searchPath
2026-10-08T22:23:48.6417425Z ##[debug]File:/home/runner/work/conduit/conduit/proof/browser/test-results/default/workspace-membership-the-o-29c2b--free-reviewed-browser-Host-chromium/body-journey-track/artifacts/15-mask.action-1.json was found using the provided searchPath
2026-10-08T22:23:48.6419358Z ##[debug]File:/home/runner/work/conduit/conduit/proof/browser/test-results/default/workspace-membership-the-o-29c2b--free-reviewed-browser-Host-chromium/body-journey-track/artifacts/16-mask.action-2.json was found using the provided searchPath
2026-10-08T22:23:48.6421295Z ##[debug]File:/home/runner/work/conduit/conduit/proof/browser/test-results/default/workspace-membership-the-o-29c2b--free-reviewed-browser-Host-chromium/body-journey-track/artifacts/17-mask.action-3.json was found using the provided searchPath
2026-10-08T22:23:48.6423221Z ##[debug]File:/home/runner/work/conduit/conduit/proof/browser/test-results/default/workspace-membership-the-o-29c2b--free-reviewed-browser-Host-chromium/body-journey-track/artifacts/18-mask.action-4.json was found using the provided searchPath
2026-10-08T22:23:48.6425269Z ##[debug]File:/home/runner/work/conduit/conduit/proof/browser/test-results/default/workspace-membership-the-o-29c2b--free-reviewed-browser-Host-chromium/body-journey-track/artifacts/19-mask.action-5.json was found using the provided searchPath
2026-10-08T22:23:48.6427327Z ##[debug]File:/home/runner/work/conduit/conduit/proof/browser/test-results/default/workspace-membership-the-o-29c2b--free-reviewed-browser-Host-chromium/body-journey-track/artifacts/20-mask.action-6.json was found using the provided searchPath
2026-10-08T22:23:48.6429246Z ##[debug]File:/home/runner/work/conduit/conduit/proof/browser/test-results/default/workspace-membership-the-o-29c2b--free-reviewed-browser-Host-chromium/body-journey-track/artifacts/21-mask.action-7.json was found using the provided searchPath
2026-10-08T22:23:48.6431169Z ##[debug]File:/home/runner/work/conduit/conduit/proof/browser/test-results/default/workspace-membership-the-o-29c2b--free-reviewed-browser-Host-chromium/body-journey-track/artifacts/22-mask.action-8.json was found using the provided searchPath
2026-10-08T22:23:48.6433086Z ##[debug]File:/home/runner/work/conduit/conduit/proof/browser/test-results/default/workspace-membership-the-o-29c2b--free-reviewed-browser-Host-chromium/body-journey-track/artifacts/23-mask.action-9.json was found using the provided searchPath
2026-10-08T22:23:48.6435111Z ##[debug]File:/home/runner/work/conduit/conduit/proof/browser/test-results/default/workspace-membership-the-o-29c2b--free-reviewed-browser-Host-chromium/body-journey-track/artifacts/body.absent.png was found using the provided searchPath
2026-10-08T22:23:48.6437059Z ##[debug]File:/home/runner/work/conduit/conduit/proof/browser/test-results/default/workspace-membership-the-o-29c2b--free-reviewed-browser-Host-chromium/body-journey-track/artifacts/body.awake-mask.json was found using the provided searchPath
2026-10-08T22:23:48.6439091Z ##[debug]File:/home/runner/work/conduit/conduit/proof/browser/test-results/default/workspace-membership-the-o-29c2b--free-reviewed-browser-Host-chromium/body-journey-track/artifacts/body.awake.png was found using the provided searchPath
2026-10-08T22:23:48.6440977Z ##[debug]File:/home/runner/work/conduit/conduit/proof/browser/test-results/default/workspace-membership-the-o-29c2b--free-reviewed-browser-Host-chromium/body-journey-track/artifacts/body.born.png was found using the provided searchPath
2026-10-08T22:23:48.6442904Z ##[debug]File:/home/runner/work/conduit/conduit/proof/browser/test-results/default/workspace-membership-the-o-29c2b--free-reviewed-browser-Host-chromium/body-journey-track/artifacts/body.fulfilled-mask.json was found using the provided searchPath
2026-10-08T22:23:48.6444958Z ##[debug]File:/home/runner/work/conduit/conduit/proof/browser/test-results/default/workspace-membership-the-o-29c2b--free-reviewed-browser-Host-chromium/body-journey-track/artifacts/body.fulfilled.png was found using the provided searchPath
2026-10-08T22:23:48.6446917Z ##[debug]File:/home/runner/work/conduit/conduit/proof/browser/test-results/default/workspace-membership-the-o-29c2b--free-reviewed-browser-Host-chromium/body-journey-track/artifacts/body.inspected-mask.json was found using the provided searchPath
2026-10-08T22:23:48.6448856Z ##[debug]File:/home/runner/work/conduit/conduit/proof/browser/test-results/default/workspace-membership-the-o-29c2b--free-reviewed-browser-Host-chromium/body-journey-track/artifacts/body.inspected.png was found using the provided searchPath
2026-10-08T22:23:48.6450807Z ##[debug]File:/home/runner/work/conduit/conduit/proof/browser/test-results/default/workspace-membership-the-o-29c2b--free-reviewed-browser-Host-chromium/body-journey-track/artifacts/body.long-running-mask.json was found using the provided searchPath
2026-10-08T22:23:48.6452778Z ##[debug]File:/home/runner/work/conduit/conduit/proof/browser/test-results/default/workspace-membership-the-o-29c2b--free-reviewed-browser-Host-chromium/body-journey-track/artifacts/body.long-running.png was found using the provided searchPath
2026-10-08T22:23:48.6454755Z ##[debug]File:/home/runner/work/conduit/conduit/proof/browser/test-results/default/workspace-membership-the-o-29c2b--free-reviewed-browser-Host-chromium/body-journey-track/artifacts/body.lulled-mask.json was found using the provided searchPath
2026-10-08T22:23:48.6457015Z ##[debug]File:/home/runner/work/conduit/conduit/proof/browser/test-results/default/workspace-membership-the-o-29c2b--free-reviewed-browser-Host-chromium/body-journey-track/artifacts/body.lulled.png was found using the provided searchPath
2026-10-08T22:23:48.6458958Z ##[debug]File:/home/runner/work/conduit/conduit/proof/browser/test-results/default/workspace-membership-the-o-29c2b--free-reviewed-browser-Host-chromium/body-journey-track/artifacts/body.repaired-mask.json was found using the provided searchPath
2026-10-08T22:23:48.6460905Z ##[debug]File:/home/runner/work/conduit/conduit/proof/browser/test-results/default/workspace-membership-the-o-29c2b--free-reviewed-browser-Host-chromium/body-journey-track/artifacts/body.repaired.png was found using the provided searchPath
2026-10-08T22:23:48.6462838Z ##[debug]File:/home/runner/work/conduit/conduit/proof/browser/test-results/default/workspace-membership-the-o-29c2b--free-reviewed-browser-Host-chromium/body-journey-track/artifacts/bootstrap.started.png was found using the provided searchPath
2026-10-08T22:23:48.6464938Z ##[debug]File:/home/runner/work/conduit/conduit/proof/browser/test-results/default/workspace-membership-the-o-29c2b--free-reviewed-browser-Host-chromium/body-journey-track/artifacts/browser-body-session.webm was found using the provided searchPath
2026-10-08T22:23:48.6466922Z ##[debug]File:/home/runner/work/conduit/conduit/proof/browser/test-results/default/workspace-membership-the-o-29c2b--free-reviewed-browser-Host-chromium/body-journey-track/artifacts/fault.observed-mask.json was found using the provided searchPath
2026-10-08T22:23:48.6469021Z ##[debug]File:/home/runner/work/conduit/conduit/proof/browser/test-results/default/workspace-membership-the-o-29c2b--free-reviewed-browser-Host-chromium/body-journey-track/artifacts/fault.observed.png was found using the provided searchPath
2026-10-08T22:23:48.6470958Z ##[debug]File:/home/runner/work/conduit/conduit/proof/browser/test-results/default/workspace-membership-the-o-29c2b--free-reviewed-browser-Host-chromium/body-journey-track/artifacts/host.added-mask.json was found using the provided searchPath
2026-10-08T22:23:48.6472861Z ##[debug]File:/home/runner/work/conduit/conduit/proof/browser/test-results/default/workspace-membership-the-o-29c2b--free-reviewed-browser-Host-chromium/body-journey-track/artifacts/host.added.png was found using the provided searchPath
2026-10-08T22:23:48.6474761Z ##[debug]File:/home/runner/work/conduit/conduit/proof/browser/test-results/default/workspace-membership-the-o-29c2b--free-reviewed-browser-Host-chromium/body-journey-track/artifacts/plot.used-mask.json was found using the provided searchPath
2026-10-08T22:23:48.6476792Z ##[debug]File:/home/runner/work/conduit/conduit/proof/browser/test-results/default/workspace-membership-the-o-29c2b--free-reviewed-browser-Host-chromium/body-journey-track/artifacts/plot.used.png was found using the provided searchPath
2026-10-08T22:23:48.6478724Z ##[debug]File:/home/runner/work/conduit/conduit/proof/browser/test-results/default/workspace-membership-the-o-29c2b--free-reviewed-browser-Host-chromium/body-journey-track/artifacts/workload.revised-mask.json was found using the provided searchPath
2026-10-08T22:23:48.6480683Z ##[debug]File:/home/runner/work/conduit/conduit/proof/browser/test-results/default/workspace-membership-the-o-29c2b--free-reviewed-browser-Host-chromium/body-journey-track/artifacts/workload.revised.png was found using the provided searchPath
2026-10-08T22:23:48.6482539Z ##[debug]File:/home/runner/work/conduit/conduit/proof/browser/test-results/default/workspace-membership-the-o-29c2b--free-reviewed-browser-Host-chromium/body-journey-track/track.json was found using the provided searchPath
2026-10-08T22:23:48.6484315Z ##[debug]File:/home/runner/work/conduit/conduit/proof/browser/test-results/default/workspace-membership-the-o-29c2b--free-reviewed-browser-Host-chromium/browser-body-fulfilled.png was found using the provided searchPath
2026-10-08T22:23:48.6486178Z ##[debug]File:/home/runner/work/conduit/conduit/proof/browser/test-results/default/workspace-membership-the-o-29c2b--free-reviewed-browser-Host-chromium/browser-body-journey.json was found using the provided searchPath
2026-10-08T22:23:48.6488101Z ##[debug]File:/home/runner/work/conduit/conduit/proof/browser/test-results/default/workspace-membership-the-o-29c2b--free-reviewed-browser-Host-chromium/browser-body-session.webm was found using the provided searchPath
2026-10-08T22:23:48.6489862Z ##[debug]File:/home/runner/work/conduit/conduit/proof/browser/test-results/default/workspace-membership-the-o-29c2b--free-reviewed-browser-Host-chromium/journey-body.absent.png was found using the provided searchPath
2026-10-08T22:23:48.6491596Z ##[debug]File:/home/runner/work/conduit/conduit/proof/browser/test-results/default/workspace-membership-the-o-29c2b--free-reviewed-browser-Host-chromium/journey-body.awake.png was found using the provided searchPath
2026-10-08T22:23:48.6493314Z ##[debug]File:/home/runner/work/conduit/conduit/proof/browser/test-results/default/workspace-membership-the-o-29c2b--free-reviewed-browser-Host-chromium/journey-body.born.png was found using the provided searchPath
2026-10-08T22:23:48.6495176Z ##[debug]File:/home/runner/work/conduit/conduit/proof/browser/test-results/default/workspace-membership-the-o-29c2b--free-reviewed-browser-Host-chromium/journey-body.fulfilled.png was found using the provided searchPath
2026-10-08T22:23:48.6496945Z ##[debug]File:/home/runner/work/conduit/conduit/proof/browser/test-results/default/workspace-membership-the-o-29c2b--free-reviewed-browser-Host-chromium/journey-body.inspected.png was found using the provided searchPath
2026-10-08T22:23:48.6498847Z ##[debug]File:/home/runner/work/conduit/conduit/proof/browser/test-results/default/workspace-membership-the-o-29c2b--free-reviewed-browser-Host-chromium/journey-body.long-running.png was found using the provided searchPath
2026-10-08T22:23:48.6500599Z ##[debug]File:/home/runner/work/conduit/conduit/proof/browser/test-results/default/workspace-membership-the-o-29c2b--free-reviewed-browser-Host-chromium/journey-body.lulled.png was found using the provided searchPath
2026-10-08T22:23:48.6502349Z ##[debug]File:/home/runner/work/conduit/conduit/proof/browser/test-results/default/workspace-membership-the-o-29c2b--free-reviewed-browser-Host-chromium/journey-body.repaired.png was found using the provided searchPath
2026-10-08T22:23:48.6504117Z ##[debug]File:/home/runner/work/conduit/conduit/proof/browser/test-results/default/workspace-membership-the-o-29c2b--free-reviewed-browser-Host-chromium/journey-bootstrap.started.png was found using the provided searchPath
2026-10-08T22:23:48.6506027Z ##[debug]File:/home/runner/work/conduit/conduit/proof/browser/test-results/default/workspace-membership-the-o-29c2b--free-reviewed-browser-Host-chromium/journey-fault.observed.png was found using the provided searchPath
2026-10-08T22:23:48.6507776Z ##[debug]File:/home/runner/work/conduit/conduit/proof/browser/test-results/default/workspace-membership-the-o-29c2b--free-reviewed-browser-Host-chromium/journey-host.added.png was found using the provided searchPath
2026-10-08T22:23:48.6509501Z ##[debug]File:/home/runner/work/conduit/conduit/proof/browser/test-results/default/workspace-membership-the-o-29c2b--free-reviewed-browser-Host-chromium/journey-plot.used.png was found using the provided searchPath
2026-10-08T22:23:48.6511263Z ##[debug]File:/home/runner/work/conduit/conduit/proof/browser/test-results/default/workspace-membership-the-o-29c2b--free-reviewed-browser-Host-chromium/journey-workload.revised.png was found using the provided searchPath
2026-10-08T22:23:48.6512992Z ##[debug]File:/home/runner/work/conduit/conduit/proof/browser/test-results/default/workspace-membership-the-o-29c2b--free-reviewed-browser-Host-chromium/video.webm was found using the provided searchPath
2026-10-08T22:23:48.6514645Z ##[debug]Removing /home/runner/work/conduit/conduit/proof/browser/test-results/default/workspace-shared-journey-t-3849f-gh-explicit-rest-and-finish-chromium from rawSearchResults because it is a directory
2026-10-08T22:23:48.6516612Z ##[debug]File:/home/runner/work/conduit/conduit/proof/browser/test-results/default/workspace-shared-journey-t-3849f-gh-explicit-rest-and-finish-chromium/01-arrive-without-a-body.png was found using the provided searchPath
2026-10-08T22:23:48.6518393Z ##[debug]File:/home/runner/work/conduit/conduit/proof/browser/test-results/default/workspace-shared-journey-t-3849f-gh-explicit-rest-and-finish-chromium/02-review-name-and-plots.png was found using the provided searchPath
2026-10-08T22:23:48.6520148Z ##[debug]File:/home/runner/work/conduit/conduit/proof/browser/test-results/default/workspace-shared-journey-t-3849f-gh-explicit-rest-and-finish-chromium/03-born-and-resting.png was found using the provided searchPath
2026-10-08T22:23:48.6522486Z ##[debug]File:/home/runner/work/conduit/conduit/proof/browser/test-results/default/workspace-shared-journey-t-3849f-gh-explicit-rest-and-finish-chromium/04-wake-the-retained-body.png was found using the provided searchPath
2026-10-08T22:23:48.6524505Z ##[debug]File:/home/runner/work/conduit/conduit/proof/browser/test-results/default/workspace-shared-journey-t-3849f-gh-explicit-rest-and-finish-chromium/05-use-memory-lantern.png was found using the provided searchPath
2026-10-08T22:23:48.6526451Z ##[debug]File:/home/runner/work/conduit/conduit/proof/browser/test-results/default/workspace-shared-journey-t-3849f-gh-explicit-rest-and-finish-chromium/06-read-current-tutorial.png was found using the provided searchPath
2026-10-08T22:23:48.6528459Z ##[debug]File:/home/runner/work/conduit/conduit/proof/browser/test-results/default/workspace-shared-journey-t-3849f-gh-explicit-rest-and-finish-chromium/07-read-below-the-first-page.png was found using the provided searchPath
2026-10-08T22:23:48.6530252Z ##[debug]File:/home/runner/work/conduit/conduit/proof/browser/test-results/default/workspace-shared-journey-t-3849f-gh-explicit-rest-and-finish-chromium/08-rest-the-same-body.png was found using the provided searchPath
2026-10-08T22:23:48.6532040Z ##[debug]File:/home/runner/work/conduit/conduit/proof/browser/test-results/default/workspace-shared-journey-t-3849f-gh-explicit-rest-and-finish-chromium/09-finish-and-inspect.png was found using the provided searchPath
2026-10-08T22:23:48.6533831Z ##[debug]File:/home/runner/work/conduit/conduit/proof/browser/test-results/default/workspace-shared-journey-t-3849f-gh-explicit-rest-and-finish-chromium/workspace-proof.json was found using the provided searchPath
2026-10-08T22:23:48.6535406Z Multiple search paths detected. Calculating the least common ancestor of all paths
2026-10-08T22:23:48.6536172Z ##[debug]Using search path /home/runner/work/conduit/conduit/proof/browser/test-results
2026-10-08T22:23:48.6536868Z ##[debug]Using search path /home/runner/work/conduit/conduit/target/conduitos
2026-10-08T22:23:48.6537662Z The least common ancestor is /home/runner/work/conduit/conduit. This will be the root directory of the artifact
2026-10-08T22:23:48.6538338Z With the provided path, there will be 248 files uploaded
2026-10-08T22:23:48.6538908Z ##[debug]Root artifact directory is /home/runner/work/conduit/conduit
2026-10-08T22:23:48.6539312Z Artifact name is valid!
2026-10-08T22:23:48.6539603Z Root directory input is valid!
2026-10-08T22:23:48.6540093Z ##[debug]Workflow Run Backend ID: 08b3e3b6-da02-8b12-974f-fb0750839c9c
2026-10-08T22:23:48.6540695Z ##[debug]Workflow Job Run Backend ID: 24dcd766-d27c-5923-8821-66044bb72498
2026-10-08T22:23:48.6542031Z ##[debug][Request] CreateArtifact https://results-receiver.actions.githubusercontent.com/twirp/github.actions.results.api.v1.ArtifactService/CreateArtifact
2026-10-08T22:23:48.7835346Z ##[debug][Response] - 200
2026-10-08T22:23:48.7837917Z ##[debug]Headers: {
2026-10-08T22:23:48.7838315Z ##[debug]  "content-length": "579",
2026-10-08T22:23:48.7838680Z ##[debug]  "content-type": "application/json",
2026-10-08T22:23:48.7839029Z ##[debug]  "date": "Thu, 08 Oct 2026 22:23:48 GMT",
2026-10-08T22:23:48.7839352Z ##[debug]  "x-github-backend": "Kubernetes",
2026-10-08T22:23:48.7839738Z ##[debug]  "x-github-request-id": "D018:13124F:EB0FEA:FE8FDE:6AC817F4",
2026-10-08T22:23:48.7840235Z ##[debug]  "x-github-edge-region": "iad",
2026-10-08T22:23:48.7841126Z ##[debug]  "server": "github.com"
2026-10-08T22:23:48.7841441Z ##[debug]}
2026-10-08T22:23:48.7841849Z ::add-mask::***
2026-10-08T22:23:48.7842889Z ::add-mask::***
2026-10-08T22:23:48.7843532Z ##[debug]Body: {
2026-10-08T22:23:48.7843751Z ##[debug]  "ok": true,
2026-10-08T22:23:48.7846227Z ##[debug]  "signed_upload_url": "https://productionresultssa3.blob.core.windows.net/actions-results/08b3e3b6-da02-8b12-974f-fb0750839c9c/workflow-job-run-24dcd766-d27c-5923-8821-66044bb72498/artifacts/3e4ec321278fa7b0088ad41fdf86b533d543e017203fa6f669d9469770fd27b3.zip?se=2026-10-08T23%3A23%3A48Z&sig=***&ske=2026-10-09T00%3A00%3A44Z&skoid=ca7593d4-ee42-46cd-af88-8b886a2f84eb&sks=b&skt=2026-10-08T20%3A00%3A44Z&sktid=398a6654-997b-47e9-b12b-9515b896b4de&skv=2025-11-05&sp=cw&spr=https&sr=b&st=2026-10-08T22%3A23%3A43Z&sv=2025-11-05"
2026-10-08T22:23:48.7848590Z ##[debug]}
2026-10-08T22:23:48.7849219Z ##[debug]Creating Artifact archive with compressionLevel: 6
2026-10-08T22:23:48.7873043Z ##[debug]Zip write high watermark value 8388608
2026-10-08T22:23:48.7874038Z ##[debug]Zip read high watermark value 8388608
2026-10-08T22:23:48.7878262Z Uploading artifact: diagnostics-browser.zip
2026-10-08T22:23:48.7909041Z ##[debug]Uploading artifact to blob storage with maxConcurrency: 5, bufferSize: 8388608, contentType: application/zip
2026-10-08T22:23:48.7919943Z Beginning upload of artifact content to blob storage
2026-10-08T22:23:49.4362561Z Uploaded bytes 8388608
2026-10-08T22:23:49.7221126Z ##[debug]Zip stream for upload has ended.
2026-10-08T22:23:49.7222901Z ##[debug]Zip stream for upload has finished.
2026-10-08T22:23:49.7616358Z Uploaded bytes 16777216
2026-10-08T22:23:49.8051025Z Uploaded bytes 18901786
2026-10-08T22:23:49.8180677Z Finished uploading artifact content to blob storage!
2026-10-08T22:23:49.8184839Z SHA256 digest of uploaded artifact is 3e001f0885bbfc0292fb9cacc48be5b8d06632211f23caf0b870e03cc6a4a64b
2026-10-08T22:23:49.8186209Z Finalizing artifact upload
2026-10-08T22:23:49.8188227Z ##[debug][Request] FinalizeArtifact https://results-receiver.actions.githubusercontent.com/twirp/github.actions.results.api.v1.ArtifactService/FinalizeArtifact
2026-10-08T22:23:50.0580192Z ##[debug][Response] - 200
2026-10-08T22:23:50.0580917Z ##[debug]Headers: {
2026-10-08T22:23:50.0581411Z ##[debug]  "content-length": "39",
2026-10-08T22:23:50.0582063Z ##[debug]  "content-type": "application/json",
2026-10-08T22:23:50.0582581Z ##[debug]  "date": "Thu, 08 Oct 2026 22:23:50 GMT",
2026-10-08T22:23:50.0583072Z ##[debug]  "x-github-backend": "Kubernetes",
2026-10-08T22:23:50.0583652Z ##[debug]  "x-github-request-id": "D01A:F0574:F0F015:1046D85:6AC817F5",
2026-10-08T22:23:50.0584232Z ##[debug]  "x-github-edge-region": "iad",
2026-10-08T22:23:50.0584669Z ##[debug]  "server": "github.com"
2026-10-08T22:23:50.0585472Z ##[debug]}
2026-10-08T22:23:50.0585936Z ##[debug]Body: {
2026-10-08T22:23:50.0586195Z ##[debug]  "ok": true,
2026-10-08T22:23:50.0586483Z ##[debug]  "artifact_id": "11582832246"
2026-10-08T22:23:50.0586803Z ##[debug]}
2026-10-08T22:23:50.0587426Z Artifact diagnostics-browser successfully finalized. Artifact ID 11582832246
2026-10-08T22:23:50.0588863Z Artifact diagnostics-browser has been successfully uploaded! Final size is 18901786 bytes. Artifact ID is 11582832246
2026-10-08T22:23:50.0589998Z Artifact download URL: https://github.com/dancxjo/conduit/actions/runs/37845100419/artifacts/11582832246
2026-10-08T22:23:50.0708965Z ##[debug]Node Action run completed with exit code 0
2026-10-08T22:23:50.0711143Z ##[debug]Set output artifact-id = 11582832246
2026-10-08T22:23:50.0711692Z ##[debug]Set output artifact-digest = 3e001f0885bbfc0292fb9cacc48be5b8d06632211f23caf0b870e03cc6a4a64b
2026-10-08T22:23:50.0712455Z ##[debug]Set output artifact-url = https://github.com/dancxjo/conduit/actions/runs/37845100419/artifacts/11582832246
2026-10-08T22:23:50.0714044Z ##[debug]Finishing: Retain failure diagnostics
2026-10-08T22:23:50.0745789Z ##[debug]Evaluating condition for step: 'Post Run Swatinem/rust-cache@v2'
2026-10-08T22:23:50.0747905Z ##[debug]Evaluating: (success() || (env.CACHE_ON_FAILURE == 'true'))
2026-10-08T22:23:50.0748437Z ##[debug]Evaluating Or:
2026-10-08T22:23:50.0748790Z ##[debug]..Evaluating success:
2026-10-08T22:23:50.0749220Z ##[debug]..=> false
2026-10-08T22:23:50.0749561Z ##[debug]..Evaluating Equal:
2026-10-08T22:23:50.0749916Z ##[debug]....Evaluating Index:
2026-10-08T22:23:50.0750267Z ##[debug]......Evaluating env:
2026-10-08T22:23:50.0750599Z ##[debug]......=> Object
2026-10-08T22:23:50.0750947Z ##[debug]......Evaluating String:
2026-10-08T22:23:50.0751315Z ##[debug]......=> 'CACHE_ON_FAILURE'
2026-10-08T22:23:50.0753144Z ##[debug]....=> 'false'
2026-10-08T22:23:50.0753509Z ##[debug]....Evaluating String:
2026-10-08T22:23:50.0753862Z ##[debug]....=> 'true'
2026-10-08T22:23:50.0754181Z ##[debug]..=> false
2026-10-08T22:23:50.0754493Z ##[debug]=> false
2026-10-08T22:23:50.0755358Z ##[debug]Expanded: (false || ('false' == 'true'))
2026-10-08T22:23:50.0755817Z ##[debug]Result: false
2026-10-08T22:23:50.0760854Z ##[debug]Evaluating condition for step: 'Post Run actions/setup-node@v7.0.0'
2026-10-08T22:23:50.0762038Z ##[debug]Evaluating: success()
2026-10-08T22:23:50.0762417Z ##[debug]Evaluating success:
2026-10-08T22:23:50.0762792Z ##[debug]=> false
2026-10-08T22:23:50.0763154Z ##[debug]Result: false
2026-10-08T22:23:50.0768410Z ##[debug]Evaluating condition for step: 'Post Run actions/checkout@v7.0.1'
2026-10-08T22:23:50.0769758Z ##[debug]Evaluating: always()
2026-10-08T22:23:50.0770137Z ##[debug]Evaluating always:
2026-10-08T22:23:50.0770481Z ##[debug]=> true
2026-10-08T22:23:50.0770843Z ##[debug]Result: true
2026-10-08T22:23:50.0771340Z ##[debug]Starting: Post Run actions/checkout@v7.0.1
2026-10-08T22:23:50.0810811Z ##[debug]Loading inputs
2026-10-08T22:23:50.0811915Z ##[debug]Evaluating: inputs.sha
2026-10-08T22:23:50.0812213Z ##[debug]Evaluating Index:
2026-10-08T22:23:50.0812478Z ##[debug]..Evaluating inputs:
2026-10-08T22:23:50.0812785Z ##[debug]..=> Object
2026-10-08T22:23:50.0813044Z ##[debug]..Evaluating String:
2026-10-08T22:23:50.0813305Z ##[debug]..=> 'sha'
2026-10-08T22:23:50.0813591Z ##[debug]=> 'd932da60c7f04bde62c797126e298e38aa9819d0'
2026-10-08T22:23:50.0813986Z ##[debug]Result: 'd932da60c7f04bde62c797126e298e38aa9819d0'
2026-10-08T22:23:50.0814638Z ##[debug]Evaluating: (((matrix.id == 'browser') && '0') || '1')
2026-10-08T22:23:50.0815485Z ##[debug]Evaluating Or:
2026-10-08T22:23:50.0815806Z ##[debug]..Evaluating And:
2026-10-08T22:23:50.0816086Z ##[debug]....Evaluating Equal:
2026-10-08T22:23:50.0816363Z ##[debug]......Evaluating Index:
2026-10-08T22:23:50.0816643Z ##[debug]........Evaluating matrix:
2026-10-08T22:23:50.0816930Z ##[debug]........=> Object
2026-10-08T22:23:50.0817190Z ##[debug]........Evaluating String:
2026-10-08T22:23:50.0817454Z ##[debug]........=> 'id'
2026-10-08T22:23:50.0817703Z ##[debug]......=> 'browser'
2026-10-08T22:23:50.0817964Z ##[debug]......Evaluating String:
2026-10-08T22:23:50.0818223Z ##[debug]......=> 'browser'
2026-10-08T22:23:50.0818471Z ##[debug]....=> true
2026-10-08T22:23:50.0818712Z ##[debug]....Evaluating String:
2026-10-08T22:23:50.0818969Z ##[debug]....=> '0'
2026-10-08T22:23:50.0819189Z ##[debug]..=> '0'
2026-10-08T22:23:50.0819416Z ##[debug]=> '0'
2026-10-08T22:23:50.0819738Z ##[debug]Expanded: ((('browser' == 'browser') && '0') || '1')
2026-10-08T22:23:50.0820081Z ##[debug]Result: '0'
2026-10-08T22:23:50.0820952Z ##[debug]Evaluating: github.repository
2026-10-08T22:23:50.0821260Z ##[debug]Evaluating Index:
2026-10-08T22:23:50.0821525Z ##[debug]..Evaluating github:
2026-10-08T22:23:50.0821791Z ##[debug]..=> Object
2026-10-08T22:23:50.0822044Z ##[debug]..Evaluating String:
2026-10-08T22:23:50.0822316Z ##[debug]..=> 'repository'
2026-10-08T22:23:50.0822667Z ##[debug]=> 'dancxjo/conduit'
2026-10-08T22:23:50.0822953Z ##[debug]Result: 'dancxjo/conduit'
2026-10-08T22:23:50.0824180Z ##[debug]Evaluating: github.token
2026-10-08T22:23:50.0824475Z ##[debug]Evaluating Index:
2026-10-08T22:23:50.0824729Z ##[debug]..Evaluating github:
2026-10-08T22:23:50.0825297Z ##[debug]..=> Object
2026-10-08T22:23:50.0825557Z ##[debug]..Evaluating String:
2026-10-08T22:23:50.0825817Z ##[debug]..=> 'token'
2026-10-08T22:23:50.0828410Z ##[debug]=> '***'
2026-10-08T22:23:50.0830943Z ##[debug]Result: '***'
2026-10-08T22:23:50.0842971Z ##[debug]Loading env
2026-10-08T22:23:50.0847879Z Post job cleanup.
2026-10-08T22:23:50.1648374Z ##[debug]Getting git version
2026-10-08T22:23:50.1662295Z [command]/usr/bin/git version
2026-10-08T22:23:50.1707869Z git version 2.55.0
2026-10-08T22:23:50.1758429Z ##[debug]0
2026-10-08T22:23:50.1759181Z ##[debug]git version 2.55.0
2026-10-08T22:23:50.1759628Z ##[debug]
2026-10-08T22:23:50.1760884Z ##[debug]Set git useragent to: git/2.55.0 (github-actions-checkout) actions_orchestration_id/08b3e3b6-da02-8b12-974f-fb0750839c9c.proof.target.browser_browser_ubuntu-24
2026-10-08T22:23:50.1762721Z ::add-mask::***
2026-10-08T22:23:50.1776493Z Temporarily overriding HOME='/home/runner/work/_temp/dffdd0f8-53a5-4e0a-996a-d328a76da085' before making global git config changes
2026-10-08T22:23:50.1778361Z Adding repository directory to the temporary git global config as a safe directory
2026-10-08T22:23:50.1794489Z [command]/usr/bin/git config --global --add safe.directory /home/runner/work/conduit/conduit
2026-10-08T22:23:50.1812702Z ##[debug]0
2026-10-08T22:23:50.1813616Z ##[debug]
2026-10-08T22:23:50.1814330Z Removing SSH command configuration
2026-10-08T22:23:50.1820378Z [command]/usr/bin/git config --local --name-only --get-regexp core\.sshCommand
2026-10-08T22:23:50.1849950Z ##[debug]1
2026-10-08T22:23:50.1850509Z ##[debug]
2026-10-08T22:23:50.1857635Z [command]/usr/bin/git submodule foreach --recursive sh -c "git config --local --name-only --get-regexp 'core\.sshCommand' && git config --local --unset-all 'core.sshCommand' || :"
2026-10-08T22:23:50.2096134Z ##[debug]0
2026-10-08T22:23:50.2096933Z ##[debug]
2026-10-08T22:23:50.2097742Z Removing HTTP extra header
2026-10-08T22:23:50.2103516Z [command]/usr/bin/git config --local --name-only --get-regexp http\.https\:\/\/github\.com\/\.extraheader
2026-10-08T22:23:50.2132503Z ##[debug]1
2026-10-08T22:23:50.2133129Z ##[debug]
2026-10-08T22:23:50.2138422Z [command]/usr/bin/git submodule foreach --recursive sh -c "git config --local --name-only --get-regexp 'http\.https\:\/\/github\.com\/\.extraheader' && git config --local --unset-all 'http.https://github.com/.extraheader' || :"
2026-10-08T22:23:50.2359096Z ##[debug]0
2026-10-08T22:23:50.2359497Z ##[debug]
2026-10-08T22:23:50.2359951Z Removing includeIf entries pointing to credentials config files
2026-10-08T22:23:50.2367156Z [command]/usr/bin/git config --local --name-only --get-regexp ^includeIf\.gitdir:
2026-10-08T22:23:50.2393338Z ##[debug]1
2026-10-08T22:23:50.2393985Z ##[debug]
2026-10-08T22:23:50.2399487Z [command]/usr/bin/git submodule foreach --recursive git config --local --show-origin --name-only --get-regexp remote.origin.url
2026-10-08T22:23:50.2623798Z ##[debug]0
2026-10-08T22:23:50.2624481Z ##[debug]
2026-10-08T22:23:50.2625483Z ##[debug]Unsetting HOME override
2026-10-08T22:23:50.2714207Z ##[debug]Node Action run completed with exit code 0
2026-10-08T22:23:50.2717517Z ##[debug]Finishing: Post Run actions/checkout@v7.0.1
2026-10-08T22:23:50.2772674Z ##[debug]Starting: Complete job
2026-10-08T22:23:50.2774684Z Uploading runner diagnostic logs
2026-10-08T22:23:50.2786126Z ##[debug]Starting diagnostic file upload.
2026-10-08T22:23:50.2786509Z ##[debug]Setting up diagnostic log folders.
2026-10-08T22:23:50.2788352Z ##[debug]Creating diagnostic log files folder.
2026-10-08T22:23:50.2797195Z ##[debug]Copying 1 worker diagnostic logs.
2026-10-08T22:23:50.2811982Z ##[debug]Copying 1 runner diagnostic logs.
2026-10-08T22:23:50.2814690Z ##[debug]Zipping diagnostic files.
2026-10-08T22:23:50.2936809Z ##[debug]Uploading diagnostic metadata file.
2026-10-08T22:23:50.2964091Z ##[debug]Diagnostic file upload complete.
2026-10-08T22:23:50.2964675Z Completed runner diagnostic log upload
2026-10-08T22:23:50.2965202Z Cleaning up orphan processes
2026-10-08T22:23:50.3290430Z ##[debug]Finishing: Complete job
2026-10-08T22:23:50.3320724Z ##[debug]Finishing: proof / target / browser
