2026-10-08T21:26:59.7463419Z Current runner version: '2.337.0'
2026-10-08T21:26:59.7485919Z ##[group]Runner Image Provisioner
2026-10-08T21:26:59.7486648Z Hosted Compute Agent
2026-10-08T21:26:59.7487151Z Version: 20261002.596
2026-10-08T21:26:59.7487744Z Commit: c3d12f3313a95f25162a1503be624f3b0617f8c0
2026-10-08T21:26:59.7488370Z Build Date: 2026-10-02T22:28:27Z
2026-10-08T21:26:59.7488971Z Worker ID: {6a2c4a77-32c3-4538-9fc8-25dd4d499e40}
2026-10-08T21:26:59.7489580Z Region: westus3
2026-10-08T21:26:59.7490027Z Cloud: Azure
2026-10-08T21:26:59.7490531Z ##[endgroup]
2026-10-08T21:26:59.7491624Z ##[group]Operating System
2026-10-08T21:26:59.7492161Z Ubuntu
2026-10-08T21:26:59.7492605Z 24.04.5
2026-10-08T21:26:59.7493051Z LTS
2026-10-08T21:26:59.7493526Z ##[endgroup]
2026-10-08T21:26:59.7494008Z ##[group]Runner Image
2026-10-08T21:26:59.7494505Z Image: ubuntu-24.04
2026-10-08T21:26:59.7495167Z Version: 20261004.327.1
2026-10-08T21:26:59.7496221Z Included Software: https://github.com/actions/runner-images/blob/ubuntu24/20261004.327/images/ubuntu/Ubuntu2404-Readme.md
2026-10-08T21:26:59.7497477Z Image Release: https://github.com/actions/runner-images/releases/tag/ubuntu24%2F20261004.327
2026-10-08T21:26:59.7498287Z ##[endgroup]
2026-10-08T21:26:59.7499212Z ##[group]GITHUB_TOKEN Permissions
2026-10-08T21:26:59.7501089Z Contents: read
2026-10-08T21:26:59.7501604Z Metadata: read
2026-10-08T21:26:59.7502061Z ##[endgroup]
2026-10-08T21:26:59.7503829Z Secret source: Actions
2026-10-08T21:26:59.7504801Z Cache mode: write
2026-10-08T21:26:59.7505454Z Prepare workflow directory
2026-10-08T21:26:59.7971434Z Prepare all required actions
2026-10-08T21:26:59.8014334Z Getting action download info
2026-10-08T21:27:00.0939098Z Download action repository 'actions/checkout@v7.0.1' (SHA:3d3c42e5aac5ba805825da76410c181273ba90b1)
2026-10-08T21:27:00.1662263Z Download action repository 'dtolnay/rust-toolchain@1.98.1' (SHA:c6590455eca8e79d081430ebfe2074192ae90290)
2026-10-08T21:27:00.4058999Z Download action repository 'actions/setup-node@v7.0.0' (SHA:820762786026740c76f36085b0efc47a31fe5020)
2026-10-08T21:27:00.5757091Z Download action repository 'Swatinem/rust-cache@v2' (SHA:6323deb102c322ba6fcbdcafc7e3dddab59af2b6)
2026-10-08T21:27:01.5062262Z Download action repository 'actions/cache@v6.1.0' (SHA:55cc8345863c7cc4c66a329aec7e433d2d1c52a9)
2026-10-08T21:27:01.6647416Z Download action repository 'actions/upload-artifact@v7.0.1' (SHA:043fb46d1a93c77aae656e7c1c64a875d1fc6a0a)
2026-10-08T21:27:01.8682437Z Uses: dancxjo/conduit/.github/workflows/ci.yml@refs/pull/5208/merge (4797b533bd4e2e4652ec77c88de33d274dee7b9c)
2026-10-08T21:27:01.8686235Z ##[group] Inputs
2026-10-08T21:27:01.8686559Z   sha: d932da60c7f04bde62c797126e298e38aa9819d0
2026-10-08T21:27:01.8687115Z   exhaustive: true
2026-10-08T21:27:01.8687363Z   base: 6cc4ba02f2139716e454da8463ff28f0b3502814
2026-10-08T21:27:01.8687653Z ##[endgroup]
2026-10-08T21:27:01.8687886Z Complete job name: proof / target / browser
2026-10-08T21:27:01.9340060Z ##[group]Run actions/checkout@v7.0.1
2026-10-08T21:27:01.9340590Z with:
2026-10-08T21:27:01.9340883Z   ref: d932da60c7f04bde62c797126e298e38aa9819d0
2026-10-08T21:27:01.9341181Z   fetch-depth: 0
2026-10-08T21:27:01.9341426Z   persist-credentials: false
2026-10-08T21:27:01.9341689Z   repository: dancxjo/conduit
2026-10-08T21:27:01.9344027Z   token: ***
2026-10-08T21:27:01.9344249Z   ssh-strict: true
2026-10-08T21:27:01.9344465Z   ssh-user: git
2026-10-08T21:27:01.9344809Z   clean: true
2026-10-08T21:27:01.9345052Z   sparse-checkout-cone-mode: true
2026-10-08T21:27:01.9345313Z   fetch-tags: false
2026-10-08T21:27:01.9345529Z   show-progress: true
2026-10-08T21:27:01.9345750Z   lfs: false
2026-10-08T21:27:01.9345951Z   submodules: false
2026-10-08T21:27:01.9346169Z   set-safe-directory: true
2026-10-08T21:27:01.9346415Z   allow-unsafe-pr-checkout: false
2026-10-08T21:27:01.9346810Z env:
2026-10-08T21:27:01.9347014Z   CARGO_TERM_COLOR: always
2026-10-08T21:27:01.9347321Z   CARGO_INCREMENTAL: 0
2026-10-08T21:27:01.9347570Z   CARGO_PROFILE_DEV_DEBUG: 0
2026-10-08T21:27:01.9347813Z   CARGO_PROFILE_TEST_DEBUG: 0
2026-10-08T21:27:01.9348300Z   RUSTUP_TOOLCHAIN: 1.98.1
2026-10-08T21:27:01.9348584Z   CONDUIT_CHECKOUT_SHA: d932da60c7f04bde62c797126e298e38aa9819d0
2026-10-08T21:27:01.9348893Z ##[endgroup]
2026-10-08T21:27:02.0196114Z Syncing repository: dancxjo/conduit
2026-10-08T21:27:02.0197545Z ##[group]Getting Git version info
2026-10-08T21:27:02.0197890Z Working directory is '/home/runner/work/conduit/conduit'
2026-10-08T21:27:02.0198490Z [command]/usr/bin/git version
2026-10-08T21:27:02.0260628Z git version 2.55.0
2026-10-08T21:27:02.0277671Z ##[endgroup]
2026-10-08T21:27:02.0287193Z Temporarily overriding HOME='/home/runner/work/_temp/0de1456d-7a82-4687-80cd-83a1f0b207f4' before making global git config changes
2026-10-08T21:27:02.0288125Z Adding repository directory to the temporary git global config as a safe directory
2026-10-08T21:27:02.0292265Z [command]/usr/bin/git config --global --add safe.directory /home/runner/work/conduit/conduit
2026-10-08T21:27:02.0335429Z Deleting the contents of '/home/runner/work/conduit/conduit'
2026-10-08T21:27:02.0338470Z ##[group]Determining repository object format
2026-10-08T21:27:02.0339631Z ##[endgroup]
2026-10-08T21:27:02.0339991Z ##[group]Initializing the repository
2026-10-08T21:27:02.0343424Z [command]/usr/bin/git init /home/runner/work/conduit/conduit
2026-10-08T21:27:02.0438019Z hint: Using 'master' as the name for the initial branch. This default branch name
2026-10-08T21:27:02.0438886Z hint: will change to "main" in Git 3.0. To configure the initial branch name
2026-10-08T21:27:02.0439557Z hint: to use in all of your new repositories, which will suppress this warning,
2026-10-08T21:27:02.0440085Z hint: call:
2026-10-08T21:27:02.0440365Z hint:
2026-10-08T21:27:02.0440774Z hint: 	git config --global init.defaultBranch <name>
2026-10-08T21:27:02.0441209Z hint:
2026-10-08T21:27:02.0441691Z hint: Names commonly chosen instead of 'master' are 'main', 'trunk' and
2026-10-08T21:27:02.0442324Z hint: 'development'. The just-created branch can be renamed via this command:
2026-10-08T21:27:02.0442728Z hint:
2026-10-08T21:27:02.0442942Z hint: 	git branch -m <name>
2026-10-08T21:27:02.0443165Z hint:
2026-10-08T21:27:02.0443703Z hint: Disable this message with "git config set advice.defaultBranchName false"
2026-10-08T21:27:02.0444352Z Initialized empty Git repository in /home/runner/work/conduit/conduit/.git/
2026-10-08T21:27:02.0451759Z [command]/usr/bin/git remote add origin https://github.com/dancxjo/conduit
2026-10-08T21:27:02.0498834Z ##[endgroup]
2026-10-08T21:27:02.0499272Z ##[group]Disabling automatic garbage collection
2026-10-08T21:27:02.0501875Z [command]/usr/bin/git config --local gc.auto 0
2026-10-08T21:27:02.0531563Z ##[endgroup]
2026-10-08T21:27:02.0532454Z ##[group]Setting up auth
2026-10-08T21:27:02.0532777Z Removing SSH command configuration
2026-10-08T21:27:02.0537926Z [command]/usr/bin/git config --local --name-only --get-regexp core\.sshCommand
2026-10-08T21:27:02.0566679Z [command]/usr/bin/git submodule foreach --recursive sh -c "git config --local --name-only --get-regexp 'core\.sshCommand' && git config --local --unset-all 'core.sshCommand' || :"
2026-10-08T21:27:02.1061914Z Removing HTTP extra header
2026-10-08T21:27:02.1066923Z [command]/usr/bin/git config --local --name-only --get-regexp http\.https\:\/\/github\.com\/\.extraheader
2026-10-08T21:27:02.1096845Z [command]/usr/bin/git submodule foreach --recursive sh -c "git config --local --name-only --get-regexp 'http\.https\:\/\/github\.com\/\.extraheader' && git config --local --unset-all 'http.https://github.com/.extraheader' || :"
2026-10-08T21:27:02.1291704Z Removing includeIf entries pointing to credentials config files
2026-10-08T21:27:02.1292367Z [command]/usr/bin/git config --local --name-only --get-regexp ^includeIf\.gitdir:
2026-10-08T21:27:02.1328681Z [command]/usr/bin/git submodule foreach --recursive git config --local --show-origin --name-only --get-regexp remote.origin.url
2026-10-08T21:27:02.1531517Z [command]/usr/bin/git config --file /home/runner/work/_temp/git-credentials-19fee926-1e8b-49a1-ac60-1eb2f5ec0054.config http.https://github.com/.extraheader AUTHORIZATION: basic ***
2026-10-08T21:27:02.1570038Z [command]/usr/bin/git config --local includeIf.gitdir:/home/runner/work/conduit/conduit/.git.path /home/runner/work/_temp/git-credentials-19fee926-1e8b-49a1-ac60-1eb2f5ec0054.config
2026-10-08T21:27:02.1599361Z [command]/usr/bin/git config --local includeIf.gitdir:/home/runner/work/conduit/conduit/.git/worktrees/*.path /home/runner/work/_temp/git-credentials-19fee926-1e8b-49a1-ac60-1eb2f5ec0054.config
2026-10-08T21:27:02.1634238Z [command]/usr/bin/git config --local includeIf.gitdir:/github/workspace/.git.path /github/runner_temp/git-credentials-19fee926-1e8b-49a1-ac60-1eb2f5ec0054.config
2026-10-08T21:27:02.1679189Z [command]/usr/bin/git config --local includeIf.gitdir:/github/workspace/.git/worktrees/*.path /github/runner_temp/git-credentials-19fee926-1e8b-49a1-ac60-1eb2f5ec0054.config
2026-10-08T21:27:02.1706945Z ##[endgroup]
2026-10-08T21:27:02.1707534Z ##[group]Fetching the repository
2026-10-08T21:27:02.1714427Z [command]/usr/bin/git -c protocol.version=2 fetch --no-tags --prune --no-recurse-submodules origin +refs/heads/*:refs/remotes/origin/* +refs/tags/*:refs/tags/*
2026-10-08T21:27:14.6793293Z From https://github.com/dancxjo/conduit
2026-10-08T21:27:14.6795533Z  * [new branch]          archive/branch-cleanup-20261006/4807-face-human-labels -> origin/archive/branch-cleanup-20261006/4807-face-human-labels
2026-10-08T21:27:14.6796878Z  * [new branch]          archive/branch-cleanup-20261006/4922-presentation-seal -> origin/archive/branch-cleanup-20261006/4922-presentation-seal
2026-10-08T21:27:14.6798127Z  * [new branch]          archive/branch-cleanup-20261006/native-face-scene -> origin/archive/branch-cleanup-20261006/native-face-scene
2026-10-08T21:27:14.6799398Z  * [new branch]          archive/cleanup-20261002/codex/3938-conduitese-routing -> origin/archive/cleanup-20261002/codex/3938-conduitese-routing
2026-10-08T21:27:14.6800678Z  * [new branch]          archive/cleanup-20261002/codex/4001-body-evidence-journey -> origin/archive/cleanup-20261002/codex/4001-body-evidence-journey
2026-10-08T21:27:14.6802117Z  * [new branch]          archive/cleanup-20261002/codex/4001-observatory-causal-projection -> origin/archive/cleanup-20261002/codex/4001-observatory-causal-projection
2026-10-08T21:27:14.6803505Z  * [new branch]          archive/cleanup-20261002/codex/4001-observatory-vertical -> origin/archive/cleanup-20261002/codex/4001-observatory-vertical
2026-10-08T21:27:14.6804831Z  * [new branch]          archive/cleanup-20261002/codex/4001-source-spans -> origin/archive/cleanup-20261002/codex/4001-source-spans
2026-10-08T21:27:14.6806126Z  * [new branch]          archive/cleanup-20261002/codex/4001-terminal-causal-correlation -> origin/archive/cleanup-20261002/codex/4001-terminal-causal-correlation
2026-10-08T21:27:14.6807751Z  * [new branch]          archive/cleanup-20261002/codex/4001-visible-causal-face -> origin/archive/cleanup-20261002/codex/4001-visible-causal-face
2026-10-08T21:27:14.6808989Z  * [new branch]          archive/cleanup-20261002/codex/4055-package-graph -> origin/archive/cleanup-20261002/codex/4055-package-graph
2026-10-08T21:27:14.6810163Z  * [new branch]          archive/cleanup-20261002/codex/4061-browser-debounce -> origin/archive/cleanup-20261002/codex/4061-browser-debounce
2026-10-08T21:27:14.6811370Z  * [new branch]          archive/cleanup-20261002/codex/4061-browser-window -> origin/archive/cleanup-20261002/codex/4061-browser-window
2026-10-08T21:27:14.6812644Z  * [new branch]          archive/cleanup-20261002/codex/4061-browser-window-install -> origin/archive/cleanup-20261002/codex/4061-browser-window-install
2026-10-08T21:27:14.6813764Z  * [new branch]          archive/cleanup-20261002/codex/4061-deadline -> origin/archive/cleanup-20261002/codex/4061-deadline
2026-10-08T21:27:14.6815054Z  * [new branch]          archive/cleanup-20261002/codex/4061-sample-specialization -> origin/archive/cleanup-20261002/codex/4061-sample-specialization
2026-10-08T21:27:14.6816400Z  * [new branch]          archive/cleanup-20261002/codex/4061-shared-debounce -> origin/archive/cleanup-20261002/codex/4061-shared-debounce
2026-10-08T21:27:14.6819435Z  * [new branch]          archive/cleanup-20261002/codex/4061-standalone-lock-repair -> origin/archive/cleanup-20261002/codex/4061-standalone-lock-repair
2026-10-08T21:27:14.6820632Z  * [new branch]          archive/cleanup-20261002/codex/4064-current-sample -> origin/archive/cleanup-20261002/codex/4064-current-sample
2026-10-08T21:27:14.6821628Z  * [new branch]          archive/cleanup-20261002/codex/4064-flow-zip -> origin/archive/cleanup-20261002/codex/4064-flow-zip
2026-10-08T21:27:14.6822765Z  * [new branch]          archive/cleanup-20261002/codex/4064-flow-zip-current -> origin/archive/cleanup-20261002/codex/4064-flow-zip-current
2026-10-08T21:27:14.6824077Z  * [new branch]          archive/cleanup-20261002/codex/4064-join-diagnostic -> origin/archive/cleanup-20261002/codex/4064-join-diagnostic
2026-10-08T21:27:14.6825372Z  * [new branch]          archive/cleanup-20261002/codex/4064-keyed-join -> origin/archive/cleanup-20261002/codex/4064-keyed-join
2026-10-08T21:27:14.6826727Z  * [new branch]          archive/cleanup-20261002/codex/4072-derived-transformation-eligibility -> origin/archive/cleanup-20261002/codex/4072-derived-transformation-eligibility
2026-10-08T21:27:14.6828237Z  * [new branch]          archive/cleanup-20261002/codex/4072-retained-retry-evidence -> origin/archive/cleanup-20261002/codex/4072-retained-retry-evidence
2026-10-08T21:27:14.6829541Z  * [new branch]          archive/cleanup-20261002/codex/4080-local-integration -> origin/archive/cleanup-20261002/codex/4080-local-integration
2026-10-08T21:27:14.6830867Z  * [new branch]          archive/cleanup-20261002/codex/4090-field-station-patchbay -> origin/archive/cleanup-20261002/codex/4090-field-station-patchbay
2026-10-08T21:27:14.6832152Z  * [new branch]          archive/cleanup-20261002/codex/4090-sdk-recovery -> origin/archive/cleanup-20261002/codex/4090-sdk-recovery
2026-10-08T21:27:14.6833517Z  * [new branch]          archive/cleanup-20261002/codex/4091-canonical-integration -> origin/archive/cleanup-20261002/codex/4091-canonical-integration
2026-10-08T21:27:14.6835535Z  * [new branch]          archive/cleanup-20261002/codex/4092-canonical-recursive-provider -> origin/archive/cleanup-20261002/codex/4092-canonical-recursive-provider
2026-10-08T21:27:14.6837095Z  * [new branch]          archive/cleanup-20261002/codex/4092-delete-generate-text -> origin/archive/cleanup-20261002/codex/4092-delete-generate-text
2026-10-08T21:27:14.6838626Z  * [new branch]          archive/cleanup-20261002/codex/4092-delete-generate-text-semantics -> origin/archive/cleanup-20261002/codex/4092-delete-generate-text-semantics
2026-10-08T21:27:14.6840302Z  * [new branch]          archive/cleanup-20261002/codex/4092-live-canonical -> origin/archive/cleanup-20261002/codex/4092-live-canonical
2026-10-08T21:27:14.6841631Z  * [new branch]          archive/cleanup-20261002/codex/4093-acceptance-gap -> origin/archive/cleanup-20261002/codex/4093-acceptance-gap
2026-10-08T21:27:14.6842983Z  * [new branch]          archive/cleanup-20261002/codex/4093-construction-truth -> origin/archive/cleanup-20261002/codex/4093-construction-truth
2026-10-08T21:27:14.6844481Z  * [new branch]          archive/cleanup-20261002/codex/4093-delete-piper-documentary -> origin/archive/cleanup-20261002/codex/4093-delete-piper-documentary
2026-10-08T21:27:14.6846101Z  * [new branch]          archive/cleanup-20261002/codex/4093-face-mask-show-track -> origin/archive/cleanup-20261002/codex/4093-face-mask-show-track
2026-10-08T21:27:14.6847426Z  * [new branch]          archive/cleanup-20261002/codex/4093-hosted-live-mask -> origin/archive/cleanup-20261002/codex/4093-hosted-live-mask
2026-10-08T21:27:14.6848799Z  * [new branch]          archive/cleanup-20261002/codex/4093-remove-recording-overlay -> origin/archive/cleanup-20261002/codex/4093-remove-recording-overlay
2026-10-08T21:27:14.6850256Z  * [new branch]          archive/cleanup-20261002/codex/4093-single-action-contract -> origin/archive/cleanup-20261002/codex/4093-single-action-contract
2026-10-08T21:27:14.6851759Z  * [new branch]          archive/cleanup-20261002/codex/4095-field-station -> origin/archive/cleanup-20261002/codex/4095-field-station
2026-10-08T21:27:14.6853021Z  * [new branch]          archive/cleanup-20261002/codex/4096-field-station-tick -> origin/archive/cleanup-20261002/codex/4096-field-station-tick
2026-10-08T21:27:14.6854328Z  * [new branch]          archive/cleanup-20261002/codex/4098-semantic-tone-pcm -> origin/archive/cleanup-20261002/codex/4098-semantic-tone-pcm
2026-10-08T21:27:14.6855811Z  * [new branch]          archive/cleanup-20261002/codex/4102-spoken-zero-body -> origin/archive/cleanup-20261002/codex/4102-spoken-zero-body
2026-10-08T21:27:14.6857244Z  * [new branch]          archive/cleanup-20261002/codex/4109-cancellation-admission -> origin/archive/cleanup-20261002/codex/4109-cancellation-admission
2026-10-08T21:27:14.6858628Z  * [new branch]          archive/cleanup-20261002/codex/4109-canonical-highlight -> origin/archive/cleanup-20261002/codex/4109-canonical-highlight
2026-10-08T21:27:14.6859874Z  * [new branch]          archive/cleanup-20261002/codex/4109-initialized-keep -> origin/archive/cleanup-20261002/codex/4109-initialized-keep
2026-10-08T21:27:14.6861276Z  * [new branch]          archive/cleanup-20261002/codex/4109-nested-abnormal-boundary -> origin/archive/cleanup-20261002/codex/4109-nested-abnormal-boundary
2026-10-08T21:27:14.6862701Z  * [new branch]          archive/cleanup-20261002/codex/4109-offer-semantic-contract -> origin/archive/cleanup-20261002/codex/4109-offer-semantic-contract
2026-10-08T21:27:14.6864348Z  * [new branch]          archive/cleanup-20261002/codex/4109-optional-keep-lowering -> origin/archive/cleanup-20261002/codex/4109-optional-keep-lowering
2026-10-08T21:27:14.6865921Z  * [new branch]          archive/cleanup-20261002/codex/4109-optional-quantity-keep -> origin/archive/cleanup-20261002/codex/4109-optional-quantity-keep
2026-10-08T21:27:14.6867410Z  * [new branch]          archive/cleanup-20261002/codex/4109-parser-front-extraction -> origin/archive/cleanup-20261002/codex/4109-parser-front-extraction
2026-10-08T21:27:14.6868820Z  * [new branch]          archive/cleanup-20261002/codex/4109-resource-valued-ports -> origin/archive/cleanup-20261002/codex/4109-resource-valued-ports
2026-10-08T21:27:14.6870197Z  * [new branch]          archive/cleanup-20261002/codex/4109-sequence-cardinality -> origin/archive/cleanup-20261002/codex/4109-sequence-cardinality
2026-10-08T21:27:14.6871574Z  * [new branch]          archive/cleanup-20261002/codex/4109-source-conformance -> origin/archive/cleanup-20261002/codex/4109-source-conformance
2026-10-08T21:27:14.6872959Z  * [new branch]          archive/cleanup-20261002/codex/4109-source-package-lock -> origin/archive/cleanup-20261002/codex/4109-source-package-lock
2026-10-08T21:27:14.6874967Z  * [new branch]          archive/cleanup-20261002/codex/4109-terminal-control-highlighting -> origin/archive/cleanup-20261002/codex/4109-terminal-control-highlighting
2026-10-08T21:27:14.6876624Z  * [new branch]          archive/cleanup-20261002/codex/4109-typed-abnormal-terminal -> origin/archive/cleanup-20261002/codex/4109-typed-abnormal-terminal
2026-10-08T21:27:14.6878065Z  * [new branch]          archive/cleanup-20261002/codex/4115-4167-acceptance-gaps -> origin/archive/cleanup-20261002/codex/4115-4167-acceptance-gaps
2026-10-08T21:27:14.6879471Z  * [new branch]          archive/cleanup-20261002/codex/4115-authored-wardrobe -> origin/archive/cleanup-20261002/codex/4115-authored-wardrobe
2026-10-08T21:27:14.6880793Z  * [new branch]          archive/cleanup-20261002/codex/4115-browser-mask -> origin/archive/cleanup-20261002/codex/4115-browser-mask
2026-10-08T21:27:14.6882176Z  * [new branch]          archive/cleanup-20261002/codex/4115-browser-mask-runtime -> origin/archive/cleanup-20261002/codex/4115-browser-mask-runtime
2026-10-08T21:27:14.6883760Z  * [new branch]          archive/cleanup-20261002/codex/4115-delete-pete-interaction-scaffold -> origin/archive/cleanup-20261002/codex/4115-delete-pete-interaction-scaffold
2026-10-08T21:27:14.6885644Z  * [new branch]          archive/cleanup-20261002/codex/4115-delete-pete-presenter -> origin/archive/cleanup-20261002/codex/4115-delete-pete-presenter
2026-10-08T21:27:14.6887105Z  * [new branch]          archive/cleanup-20261002/codex/4115-face-fore -> origin/archive/cleanup-20261002/codex/4115-face-fore
2026-10-08T21:27:14.6888320Z  * [new branch]          archive/cleanup-20261002/codex/4115-mask-context -> origin/archive/cleanup-20261002/codex/4115-mask-context
2026-10-08T21:27:14.6889570Z  * [new branch]          archive/cleanup-20261002/codex/4115-mask-topology -> origin/archive/cleanup-20261002/codex/4115-mask-topology
2026-10-08T21:27:14.6890905Z  * [new branch]          archive/cleanup-20261002/codex/4115-native-mask-evidence -> origin/archive/cleanup-20261002/codex/4115-native-mask-evidence
2026-10-08T21:27:14.6892289Z  * [new branch]          archive/cleanup-20261002/codex/4115-native-mask-runtime -> origin/archive/cleanup-20261002/codex/4115-native-mask-runtime
2026-10-08T21:27:14.6893778Z  * [new branch]          archive/cleanup-20261002/codex/4115-spoken-generative -> origin/archive/cleanup-20261002/codex/4115-spoken-generative
2026-10-08T21:27:14.6895347Z  * [new branch]          archive/cleanup-20261002/codex/4116-current-snapshot -> origin/archive/cleanup-20261002/codex/4116-current-snapshot
2026-10-08T21:27:14.6896730Z  * [new branch]          archive/cleanup-20261002/codex/4116-durable-body-state -> origin/archive/cleanup-20261002/codex/4116-durable-body-state
2026-10-08T21:27:14.6898110Z  * [new branch]          archive/cleanup-20261002/codex/4116-durable-text-state -> origin/archive/cleanup-20261002/codex/4116-durable-text-state
2026-10-08T21:27:14.6899670Z  * [new branch]          archive/cleanup-20261002/codex/4116-exact-data-generation-contract -> origin/archive/cleanup-20261002/codex/4116-exact-data-generation-contract
2026-10-08T21:27:14.6901236Z  * [new branch]          archive/cleanup-20261002/codex/4116-keep-retention-admission -> origin/archive/cleanup-20261002/codex/4116-keep-retention-admission
2026-10-08T21:27:14.6902757Z  * [new branch]          archive/cleanup-20261002/codex/4116-patchbay-retained-state -> origin/archive/cleanup-20261002/codex/4116-patchbay-retained-state
2026-10-08T21:27:14.6904255Z  * [new branch]          archive/cleanup-20261002/codex/4130-delete-policy-theater -> origin/archive/cleanup-20261002/codex/4130-delete-policy-theater
2026-10-08T21:27:14.6905822Z  * [new branch]          archive/cleanup-20261002/codex/4130-face-grounding -> origin/archive/cleanup-20261002/codex/4130-face-grounding
2026-10-08T21:27:14.6907165Z  * [new branch]          archive/cleanup-20261002/codex/4134-presentation-core -> origin/archive/cleanup-20261002/codex/4134-presentation-core
2026-10-08T21:27:14.6908891Z  * [new branch]          archive/cleanup-20261002/codex/4135-presentation-contributions -> origin/archive/cleanup-20261002/codex/4135-presentation-contributions
2026-10-08T21:27:14.6910311Z  * [new branch]          archive/cleanup-20261002/codex/4136-patchbay-form -> origin/archive/cleanup-20261002/codex/4136-patchbay-form
2026-10-08T21:27:14.6911753Z  * [new branch]          archive/cleanup-20261002/codex/4162-decouple-avr-browser-admission -> origin/archive/cleanup-20261002/codex/4162-decouple-avr-browser-admission
2026-10-08T21:27:14.6913379Z  * [new branch]          archive/cleanup-20261002/codex/4164-delete-dead-product-proof-ci -> origin/archive/cleanup-20261002/codex/4164-delete-dead-product-proof-ci
2026-10-08T21:27:14.6915079Z  * [new branch]          archive/cleanup-20261002/codex/4167-aural-input-contracts -> origin/archive/cleanup-20261002/codex/4167-aural-input-contracts
2026-10-08T21:27:14.6916748Z  * [new branch]          archive/cleanup-20261002/codex/4167-aural-properties -> origin/archive/cleanup-20261002/codex/4167-aural-properties
2026-10-08T21:27:14.6918151Z  * [new branch]          archive/cleanup-20261002/codex/4167-deterministic-aural -> origin/archive/cleanup-20261002/codex/4167-deterministic-aural
2026-10-08T21:27:14.6919844Z  * [new branch]          archive/cleanup-20261002/codex/4167-domain-conformance -> origin/archive/cleanup-20261002/codex/4167-domain-conformance
2026-10-08T21:27:14.6921283Z  * [new branch]          archive/cleanup-20261002/codex/4167-honest-mask-conformance -> origin/archive/cleanup-20261002/codex/4167-honest-mask-conformance
2026-10-08T21:27:14.6922786Z  * [new branch]          archive/cleanup-20261002/codex/4167-ordinary-browser-mask -> origin/archive/cleanup-20261002/codex/4167-ordinary-browser-mask
2026-10-08T21:27:14.6924153Z  * [new branch]          archive/cleanup-20261002/codex/4167-pattern-face -> origin/archive/cleanup-20261002/codex/4167-pattern-face
2026-10-08T21:27:14.6925667Z  * [new branch]          archive/cleanup-20261002/codex/4167-pressure-specimen -> origin/archive/cleanup-20261002/codex/4167-pressure-specimen
2026-10-08T21:27:14.6927251Z  * [new branch]          archive/cleanup-20261002/codex/4167-production-face-participation -> origin/archive/cleanup-20261002/codex/4167-production-face-participation
2026-10-08T21:27:14.6928950Z  * [new branch]          archive/cleanup-20261002/codex/4167-production-patchbay-matrix -> origin/archive/cleanup-20261002/codex/4167-production-patchbay-matrix
2026-10-08T21:27:14.6930426Z  * [new branch]          archive/cleanup-20261002/codex/4167-range-membership -> origin/archive/cleanup-20261002/codex/4167-range-membership
2026-10-08T21:27:14.6931817Z  * [new branch]          archive/cleanup-20261002/codex/4167-real-mask-evidence -> origin/archive/cleanup-20261002/codex/4167-real-mask-evidence
2026-10-08T21:27:14.6933172Z  * [new branch]          archive/cleanup-20261002/codex/4167-specimen-audit -> origin/archive/cleanup-20261002/codex/4167-specimen-audit
2026-10-08T21:27:14.6934591Z  * [new branch]          archive/cleanup-20261002/codex/4173-delete-fourth-product -> origin/archive/cleanup-20261002/codex/4173-delete-fourth-product
2026-10-08T21:27:14.6936312Z  * [new branch]          archive/cleanup-20261002/codex/4174-generative-interaction -> origin/archive/cleanup-20261002/codex/4174-generative-interaction
2026-10-08T21:27:14.6937775Z  * [new branch]          archive/cleanup-20261002/codex/4176-generated-validation -> origin/archive/cleanup-20261002/codex/4176-generated-validation
2026-10-08T21:27:14.6939440Z  * [new branch]          archive/cleanup-20261002/codex/4180-delete-synthetic-human-interaction -> origin/archive/cleanup-20261002/codex/4180-delete-synthetic-human-interaction
2026-10-08T21:27:14.6941179Z  * [new branch]          archive/cleanup-20261002/codex/4182-repair-generative-interaction -> origin/archive/cleanup-20261002/codex/4182-repair-generative-interaction
2026-10-08T21:27:14.6942882Z  * [new branch]          archive/cleanup-20261002/codex/4185-fore-value-bounds -> origin/archive/cleanup-20261002/codex/4185-fore-value-bounds
2026-10-08T21:27:14.6944235Z  * [new branch]          archive/cleanup-20261002/codex/4188-exact-semantic-contract -> origin/archive/cleanup-20261002/codex/4188-exact-semantic-contract
2026-10-08T21:27:14.6945776Z  * [new branch]          archive/cleanup-20261002/codex/4190-causal-dag -> origin/archive/cleanup-20261002/codex/4190-causal-dag
2026-10-08T21:27:14.6947157Z  * [new branch]          archive/cleanup-20261002/codex/4192-semantic-composition-names -> origin/archive/cleanup-20261002/codex/4192-semantic-composition-names
2026-10-08T21:27:14.6948634Z  * [new branch]          archive/cleanup-20261002/codex/4195-remove-pages-rescue -> origin/archive/cleanup-20261002/codex/4195-remove-pages-rescue
2026-10-08T21:27:14.6949828Z  * [new branch]          archive/cleanup-20261002/codex/4197-flow-first -> origin/archive/cleanup-20261002/codex/4197-flow-first
2026-10-08T21:27:14.6950999Z  * [new branch]          archive/cleanup-20261002/codex/4198-inward-face -> origin/archive/cleanup-20261002/codex/4198-inward-face
2026-10-08T21:27:14.6952439Z  * [new branch]          archive/cleanup-20261002/codex/4199-authored-pattern-refinement -> origin/archive/cleanup-20261002/codex/4199-authored-pattern-refinement
2026-10-08T21:27:14.6954189Z  * [new branch]          archive/cleanup-20261002/codex/4199-portable-lookahead -> origin/archive/cleanup-20261002/codex/4199-portable-lookahead
2026-10-08T21:27:14.6955784Z  * [new branch]          archive/cleanup-20261002/codex/4199-refinement-families -> origin/archive/cleanup-20261002/codex/4199-refinement-families
2026-10-08T21:27:14.6957314Z  * [new branch]          archive/cleanup-20261002/codex/4223-remove-final-piper-remnants -> origin/archive/cleanup-20261002/codex/4223-remove-final-piper-remnants
2026-10-08T21:27:14.6958894Z  * [new branch]          archive/cleanup-20261002/codex/4231-body-execution-protocol -> origin/archive/cleanup-20261002/codex/4231-body-execution-protocol
2026-10-08T21:27:14.6960531Z  * [new branch]          archive/cleanup-20261002/codex/4231-body-lifecycle-session-rebuild -> origin/archive/cleanup-20261002/codex/4231-body-lifecycle-session-rebuild
2026-10-08T21:27:14.6962110Z  * [new branch]          archive/cleanup-20261002/codex/4231-browser-membership -> origin/archive/cleanup-20261002/codex/4231-browser-membership
2026-10-08T21:27:14.6963553Z  * [new branch]          archive/cleanup-20261002/codex/4231-browser-vendor-assets -> origin/archive/cleanup-20261002/codex/4231-browser-vendor-assets
2026-10-08T21:27:14.6965236Z  * [new branch]          archive/cleanup-20261002/codex/4231-browser-workbench-assets -> origin/archive/cleanup-20261002/codex/4231-browser-workbench-assets
2026-10-08T21:27:14.6966832Z  * [new branch]          archive/cleanup-20261002/codex/4231-delete-browser-tour-refresh -> origin/archive/cleanup-20261002/codex/4231-delete-browser-tour-refresh
2026-10-08T21:27:14.6968571Z  * [new branch]          archive/cleanup-20261002/codex/4231-delete-dead-browser-carrier-builds -> origin/archive/cleanup-20261002/codex/4231-delete-dead-browser-carrier-builds
2026-10-08T21:27:14.6970251Z  * [new branch]          archive/cleanup-20261002/codex/4231-delete-dead-creche-facade -> origin/archive/cleanup-20261002/codex/4231-delete-dead-creche-facade
2026-10-08T21:27:14.6971847Z  * [new branch]          archive/cleanup-20261002/codex/4231-delete-disabled-browser-ci -> origin/archive/cleanup-20261002/codex/4231-delete-disabled-browser-ci
2026-10-08T21:27:14.6973530Z  * [new branch]          archive/cleanup-20261002/codex/4231-delete-disabled-browser-ci-stage2 -> origin/archive/cleanup-20261002/codex/4231-delete-disabled-browser-ci-stage2
2026-10-08T21:27:14.6975673Z  * [new branch]          archive/cleanup-20261002/codex/4231-delete-disabled-browser-ci-stage2-archive -> origin/archive/cleanup-20261002/codex/4231-delete-disabled-browser-ci-stage2-archive
2026-10-08T21:27:14.6977591Z  * [new branch]          archive/cleanup-20261002/codex/4231-delete-front-controls-facade -> origin/archive/cleanup-20261002/codex/4231-delete-front-controls-facade
2026-10-08T21:27:14.6979574Z  * [new branch]          archive/cleanup-20261002/codex/4231-delete-home-application-speech -> origin/archive/cleanup-20261002/codex/4231-delete-home-application-speech
2026-10-08T21:27:14.6981196Z  * [new branch]          archive/cleanup-20261002/codex/4231-delete-home-evidence -> origin/archive/cleanup-20261002/codex/4231-delete-home-evidence
2026-10-08T21:27:14.6982746Z  * [new branch]          archive/cleanup-20261002/codex/4231-delete-html-coordinator -> origin/archive/cleanup-20261002/codex/4231-delete-html-coordinator
2026-10-08T21:27:14.6984415Z  * [new branch]          archive/cleanup-20261002/codex/4231-delete-patchbay-graph-facade -> origin/archive/cleanup-20261002/codex/4231-delete-patchbay-graph-facade
2026-10-08T21:27:14.6986271Z  * [new branch]          archive/cleanup-20261002/codex/4231-delete-patchbay-seed-alias -> origin/archive/cleanup-20261002/codex/4231-delete-patchbay-seed-alias
2026-10-08T21:27:14.6987923Z  * [new branch]          archive/cleanup-20261002/codex/4231-delete-tour-route-aliases -> origin/archive/cleanup-20261002/codex/4231-delete-tour-route-aliases
2026-10-08T21:27:14.6989898Z  * [new branch]          archive/cleanup-20261002/codex/4231-delete-unused-candidate-adapter -> origin/archive/cleanup-20261002/codex/4231-delete-unused-candidate-adapter
2026-10-08T21:27:14.6991655Z  * [new branch]          archive/cleanup-20261002/codex/4231-delete-workspace-model-pool-v2 -> origin/archive/cleanup-20261002/codex/4231-delete-workspace-model-pool-v2
2026-10-08T21:27:14.6993398Z  * [new branch]          archive/cleanup-20261002/codex/4231-deterministic-microphone-test -> origin/archive/cleanup-20261002/codex/4231-deterministic-microphone-test
2026-10-08T21:27:14.6995182Z  * [new branch]          archive/cleanup-20261002/codex/4231-drop-retired-carrier -> origin/archive/cleanup-20261002/codex/4231-drop-retired-carrier
2026-10-08T21:27:14.6996758Z  * [new branch]          archive/cleanup-20261002/codex/4231-extract-current-host-offers -> origin/archive/cleanup-20261002/codex/4231-extract-current-host-offers
2026-10-08T21:27:14.6998383Z  * [new branch]          archive/cleanup-20261002/codex/4231-extract-maker-workbench -> origin/archive/cleanup-20261002/codex/4231-extract-maker-workbench
2026-10-08T21:27:14.6999960Z  * [new branch]          archive/cleanup-20261002/codex/4231-forms-impact-ownership -> origin/archive/cleanup-20261002/codex/4231-forms-impact-ownership
2026-10-08T21:27:14.7001556Z  * [new branch]          archive/cleanup-20261002/codex/4231-gate-schema-transition -> origin/archive/cleanup-20261002/codex/4231-gate-schema-transition
2026-10-08T21:27:14.7003145Z  * [new branch]          archive/cleanup-20261002/codex/4231-harvest-tour-journey-refresh -> origin/archive/cleanup-20261002/codex/4231-harvest-tour-journey-refresh
2026-10-08T21:27:14.7004898Z  * [new branch]          archive/cleanup-20261002/codex/4231-home-truthful-journey -> origin/archive/cleanup-20261002/codex/4231-home-truthful-journey
2026-10-08T21:27:14.7006270Z  * [new branch]          archive/cleanup-20261002/codex/4231-html-sdk -> origin/archive/cleanup-20261002/codex/4231-html-sdk
2026-10-08T21:27:14.7007654Z  * [new branch]          archive/cleanup-20261002/codex/4231-move-shared-face-toolkit -> origin/archive/cleanup-20261002/codex/4231-move-shared-face-toolkit
2026-10-08T21:27:14.7009315Z  * [new branch]          archive/cleanup-20261002/codex/4231-narrow-pages-carrier-ownership -> origin/archive/cleanup-20261002/codex/4231-narrow-pages-carrier-ownership
2026-10-08T21:27:14.7011057Z  * [new branch]          archive/cleanup-20261002/codex/4231-native-direct-patchbay-graph -> origin/archive/cleanup-20261002/codex/4231-native-direct-patchbay-graph
2026-10-08T21:27:14.7012766Z  * [new branch]          archive/cleanup-20261002/codex/4231-native-patchbay-ci-ownership -> origin/archive/cleanup-20261002/codex/4231-native-patchbay-ci-ownership
2026-10-08T21:27:14.7014546Z  * [new branch]          archive/cleanup-20261002/codex/4231-neutral-lucide -> origin/archive/cleanup-20261002/codex/4231-neutral-lucide
2026-10-08T21:27:14.7016115Z  * [new branch]          archive/cleanup-20261002/codex/4231-neutral-unifont -> origin/archive/cleanup-20261002/codex/4231-neutral-unifont
2026-10-08T21:27:14.7017435Z  * [new branch]          archive/cleanup-20261002/codex/4231-next-cleanup -> origin/archive/cleanup-20261002/codex/4231-next-cleanup
2026-10-08T21:27:14.7018726Z  * [new branch]          archive/cleanup-20261002/codex/4231-next-deletion -> origin/archive/cleanup-20261002/codex/4231-next-deletion
2026-10-08T21:27:14.7020225Z  * [new branch]          archive/cleanup-20261002/codex/4231-pages-current-surfaces -> origin/archive/cleanup-20261002/codex/4231-pages-current-surfaces
2026-10-08T21:27:14.7021798Z  * [new branch]          archive/cleanup-20261002/codex/4231-patchbay-application-move -> origin/archive/cleanup-20261002/codex/4231-patchbay-application-move
2026-10-08T21:27:14.7023403Z  * [new branch]          archive/cleanup-20261002/codex/4231-patchbay-doc-boundary -> origin/archive/cleanup-20261002/codex/4231-patchbay-doc-boundary
2026-10-08T21:27:14.7025059Z  * [new branch]          archive/cleanup-20261002/codex/4231-patchbay-graph-move -> origin/archive/cleanup-20261002/codex/4231-patchbay-graph-move
2026-10-08T21:27:14.7026808Z  * [new branch]          archive/cleanup-20261002/codex/4231-pete-canonical-truth -> origin/archive/cleanup-20261002/codex/4231-pete-canonical-truth
2026-10-08T21:27:14.7028198Z  * [new branch]          archive/cleanup-20261002/codex/4231-pete-inspection -> origin/archive/cleanup-20261002/codex/4231-pete-inspection
2026-10-08T21:27:14.7029717Z  * [new branch]          archive/cleanup-20261002/codex/4231-require-local-integration-gate -> origin/archive/cleanup-20261002/codex/4231-require-local-integration-gate
2026-10-08T21:27:14.7031350Z  * [new branch]          archive/cleanup-20261002/codex/4231-resident-patchbay-form -> origin/archive/cleanup-20261002/codex/4231-resident-patchbay-form
2026-10-08T21:27:14.7032983Z  * [new branch]          archive/cleanup-20261002/codex/4231-retire-browser-application-docs -> origin/archive/cleanup-20261002/codex/4231-retire-browser-application-docs
2026-10-08T21:27:14.7034541Z  * [new branch]          archive/cleanup-20261002/codex/4231-retire-native-tour -> origin/archive/cleanup-20261002/codex/4231-retire-native-tour
2026-10-08T21:27:14.7036237Z  * [new branch]          archive/cleanup-20261002/codex/4231-retire-workspace-model-rebuild -> origin/archive/cleanup-20261002/codex/4231-retire-workspace-model-rebuild
2026-10-08T21:27:14.7037846Z  * [new branch]          archive/cleanup-20261002/codex/4231-sdk-body-participation -> origin/archive/cleanup-20261002/codex/4231-sdk-body-participation
2026-10-08T21:27:14.7039407Z  * [new branch]          archive/cleanup-20261002/codex/4231-sdk-external-body-execution -> origin/archive/cleanup-20261002/codex/4231-sdk-external-body-execution
2026-10-08T21:27:14.7041038Z  * [new branch]          archive/cleanup-20261002/codex/4231-semantic-workspace-readiness -> origin/archive/cleanup-20261002/codex/4231-semantic-workspace-readiness
2026-10-08T21:27:14.7042652Z  * [new branch]          archive/cleanup-20261002/codex/4231-std-patchbay-adapter -> origin/archive/cleanup-20261002/codex/4231-std-patchbay-adapter
2026-10-08T21:27:14.7044254Z  * [new branch]          archive/cleanup-20261002/codex/4231-tour-form-ownership-rebuild -> origin/archive/cleanup-20261002/codex/4231-tour-form-ownership-rebuild
2026-10-08T21:27:14.7046134Z  * [new branch]          archive/cleanup-20261002/codex/4231-tutorial-form-ownership-rebuild -> origin/archive/cleanup-20261002/codex/4231-tutorial-form-ownership-rebuild
2026-10-08T21:27:14.7047676Z  * [new branch]          archive/cleanup-20261002/codex/4231-webrtc-assets -> origin/archive/cleanup-20261002/codex/4231-webrtc-assets
2026-10-08T21:27:14.7049159Z  * [new branch]          archive/cleanup-20261002/codex/4231-workbench-host-contract -> origin/archive/cleanup-20261002/codex/4231-workbench-host-contract
2026-10-08T21:27:14.7050942Z  * [new branch]          archive/cleanup-20261002/codex/4335-fixed-arity-glyphs -> origin/archive/cleanup-20261002/codex/4335-fixed-arity-glyphs
2026-10-08T21:27:14.7052399Z  * [new branch]          archive/cleanup-20261002/codex/4341-host-install-plan -> origin/archive/cleanup-20261002/codex/4341-host-install-plan
2026-10-08T21:27:14.7053759Z  * [new branch]          archive/cleanup-20261002/codex/4381-rust-bindings -> origin/archive/cleanup-20261002/codex/4381-rust-bindings
2026-10-08T21:27:14.7055280Z  * [new branch]          archive/cleanup-20261002/codex/4382-audio-tone-terminal -> origin/archive/cleanup-20261002/codex/4382-audio-tone-terminal
2026-10-08T21:27:14.7056769Z  * [new branch]          archive/cleanup-20261002/codex/4382-consolidated-followup -> origin/archive/cleanup-20261002/codex/4382-consolidated-followup
2026-10-08T21:27:14.7058209Z  * [new branch]          archive/cleanup-20261002/codex/4382-finance-types -> origin/archive/cleanup-20261002/codex/4382-finance-types
2026-10-08T21:27:14.7059540Z  * [new branch]          archive/cleanup-20261002/codex/4382-language-offset -> origin/archive/cleanup-20261002/codex/4382-language-offset
2026-10-08T21:27:14.7061119Z  * [new branch]          archive/cleanup-20261002/codex/4382-portable-variants-2 -> origin/archive/cleanup-20261002/codex/4382-portable-variants-2
2026-10-08T21:27:14.7062542Z  * [new branch]          archive/cleanup-20261002/codex/4383-sugar-inspection -> origin/archive/cleanup-20261002/codex/4383-sugar-inspection
2026-10-08T21:27:14.7063931Z  * [new branch]          archive/cleanup-20261002/codex/4399-bounded-activation -> origin/archive/cleanup-20261002/codex/4399-bounded-activation
2026-10-08T21:27:14.7065572Z  * [new branch]          archive/cleanup-20261002/codex/4399-exact-terminal-contract -> origin/archive/cleanup-20261002/codex/4399-exact-terminal-contract
2026-10-08T21:27:14.7067017Z  * [new branch]          archive/cleanup-20261002/codex/4484-quiescence-mark -> origin/archive/cleanup-20261002/codex/4484-quiescence-mark
2026-10-08T21:27:14.7068393Z  * [new branch]          archive/cleanup-20261002/codex/4639-proof-arithmetic -> origin/archive/cleanup-20261002/codex/4639-proof-arithmetic
2026-10-08T21:27:14.7069866Z  * [new branch]          archive/cleanup-20261002/codex/accidental-4103-preservation -> origin/archive/cleanup-20261002/codex/accidental-4103-preservation
2026-10-08T21:27:14.7071461Z  * [new branch]          archive/cleanup-20261002/codex/archive-4115-parallel-mask-graph -> origin/archive/cleanup-20261002/codex/archive-4115-parallel-mask-graph
2026-10-08T21:27:14.7072942Z  * [new branch]          archive/cleanup-20261002/codex/b-relay-integration -> origin/archive/cleanup-20261002/codex/b-relay-integration
2026-10-08T21:27:14.7074335Z  * [new branch]          archive/cleanup-20261002/codex/ci-browser-artifact-shards -> origin/archive/cleanup-20261002/codex/ci-browser-artifact-shards
2026-10-08T21:27:14.7076007Z  * [new branch]          archive/cleanup-20261002/codex/ci-browser-runtime-upload -> origin/archive/cleanup-20261002/codex/ci-browser-runtime-upload
2026-10-08T21:27:14.7077488Z  * [new branch]          archive/cleanup-20261002/codex/ci-pages-prefix-cleanup -> origin/archive/cleanup-20261002/codex/ci-pages-prefix-cleanup
2026-10-08T21:27:14.7078955Z  * [new branch]          archive/cleanup-20261002/codex/ci-relay-terminal-race -> origin/archive/cleanup-20261002/codex/ci-relay-terminal-race
2026-10-08T21:27:14.7080414Z  * [new branch]          archive/cleanup-20261002/codex/ci-test-only-face-impact -> origin/archive/cleanup-20261002/codex/ci-test-only-face-impact
2026-10-08T21:27:14.7082025Z  * [new branch]          archive/cleanup-20261002/codex/delete-application-view-face-seam -> origin/archive/cleanup-20261002/codex/delete-application-view-face-seam
2026-10-08T21:27:14.7083663Z  * [new branch]          archive/cleanup-20261002/codex/dev-feature-warning-cleanup -> origin/archive/cleanup-20261002/codex/dev-feature-warning-cleanup
2026-10-08T21:27:14.7085676Z  * [new branch]          archive/cleanup-20261002/codex/disable-release-liveness-issues -> origin/archive/cleanup-20261002/codex/disable-release-liveness-issues
2026-10-08T21:27:14.7087390Z  * [new branch]          archive/cleanup-20261002/codex/finite-lifetime-integrated -> origin/archive/cleanup-20261002/codex/finite-lifetime-integrated
2026-10-08T21:27:14.7088754Z  * [new branch]          archive/cleanup-20261002/codex/form-diagram -> origin/archive/cleanup-20261002/codex/form-diagram
2026-10-08T21:27:14.7090014Z  * [new branch]          archive/cleanup-20261002/codex/form-diagram-details -> origin/archive/cleanup-20261002/codex/form-diagram-details
2026-10-08T21:27:14.7091453Z  * [new branch]          archive/cleanup-20261002/codex/form-diagram-orthogonal -> origin/archive/cleanup-20261002/codex/form-diagram-orthogonal
2026-10-08T21:27:14.7092905Z  * [new branch]          archive/cleanup-20261002/codex/form-diagram-port-hierarchy -> origin/archive/cleanup-20261002/codex/form-diagram-port-hierarchy
2026-10-08T21:27:14.7094301Z  * [new branch]          archive/cleanup-20261002/codex/native-planned-line -> origin/archive/cleanup-20261002/codex/native-planned-line
2026-10-08T21:27:14.7095941Z  * [new branch]          archive/cleanup-20261002/codex/owner-browser-participants -> origin/archive/cleanup-20261002/codex/owner-browser-participants
2026-10-08T21:27:14.7097845Z  * [new branch]          archive/cleanup-20261002/codex/release-finalizer-journey-policy -> origin/archive/cleanup-20261002/codex/release-finalizer-journey-policy
2026-10-08T21:27:14.7099599Z  * [new branch]          archive/cleanup-20261002/codex/remove-obsolete-biography-compaction -> origin/archive/cleanup-20261002/codex/remove-obsolete-biography-compaction
2026-10-08T21:27:14.7101241Z  * [new branch]          archive/cleanup-20261002/codex/repair-esp32-locks-minimal -> origin/archive/cleanup-20261002/codex/repair-esp32-locks-minimal
2026-10-08T21:27:14.7102797Z  * [new branch]          archive/cleanup-20261002/codex/repair-esp32-standalone-locks -> origin/archive/cleanup-20261002/codex/repair-esp32-standalone-locks
2026-10-08T21:27:14.7104282Z  * [new branch]          archive/cleanup-20261002/codex/retire-book-compat -> origin/archive/cleanup-20261002/codex/retire-book-compat
2026-10-08T21:27:14.7105889Z  * [new branch]          archive/cleanup-20261002/codex/simplify-browser-check -> origin/archive/cleanup-20261002/codex/simplify-browser-check
2026-10-08T21:27:14.7107385Z  * [new branch]          archive/cleanup-20261002/codex/three-bodies-contract-repair -> origin/archive/cleanup-20261002/codex/three-bodies-contract-repair
2026-10-08T21:27:14.7108940Z  * [new branch]          archive/cleanup-20261002/codex/three-bodies-mask-integration -> origin/archive/cleanup-20261002/codex/three-bodies-mask-integration
2026-10-08T21:27:14.7111172Z  * [new branch]          archive/cleanup-20261002/codex/three-bodies-mask-integration-pre-restack-20260927 -> origin/archive/cleanup-20261002/codex/three-bodies-mask-integration-pre-restack-20260927
2026-10-08T21:27:14.7113398Z  * [new branch]          archive/cleanup-20261002/codex/three-bodies-mask-integration-restacked -> origin/archive/cleanup-20261002/codex/three-bodies-mask-integration-restacked
2026-10-08T21:27:14.7115387Z  * [new branch]          archive/cleanup-20261002/codex/three-bodies-mask-journey -> origin/archive/cleanup-20261002/codex/three-bodies-mask-journey
2026-10-08T21:27:14.7145206Z  * [new branch]          archive/cleanup-20261002/codex/user-operated-relay -> origin/archive/cleanup-20261002/codex/user-operated-relay
2026-10-08T21:27:14.7146637Z  * [new branch]          archive/cleanup-20261002/wip/conduit-4055-package-graph -> origin/archive/cleanup-20261002/wip/conduit-4055-package-graph
2026-10-08T21:27:14.7148149Z  * [new branch]          archive/cleanup-20261002/wip/conduit-4231-tour-form-ownership -> origin/archive/cleanup-20261002/wip/conduit-4231-tour-form-ownership
2026-10-08T21:27:14.7149559Z  * [new branch]          archive/cleanup-20261002/wip/conduit-ci-wiring -> origin/archive/cleanup-20261002/wip/conduit-ci-wiring
2026-10-08T21:27:14.7151179Z  * [new branch]          archive/recovery-20261006/conduit-5131-std-observation -> origin/archive/recovery-20261006/conduit-5131-std-observation
2026-10-08T21:27:14.7152223Z  * [new branch]          archive/recovery-20261006/conduit-5132-browser-monotonic -> origin/archive/recovery-20261006/conduit-5132-browser-monotonic
2026-10-08T21:27:14.7153231Z  * [new branch]          archive/recovery-20261006/conduit-5132-civil-bridge -> origin/archive/recovery-20261006/conduit-5132-civil-bridge
2026-10-08T21:27:14.7154203Z  * [new branch]          archive/recovery-20261006/conduit-5132-conduitos-monotonic -> origin/archive/recovery-20261006/conduit-5132-conduitos-monotonic
2026-10-08T21:27:14.7155384Z  * [new branch]          archive/recovery-20261006/conduit-5132-plan-quality -> origin/archive/recovery-20261006/conduit-5132-plan-quality
2026-10-08T21:27:14.7156421Z  * [new branch]          archive/recovery-20261006/heads/conduit-4807-audio-gate-eae9af1b0d7d -> origin/archive/recovery-20261006/heads/conduit-4807-audio-gate-eae9af1b0d7d
2026-10-08T21:27:14.7157622Z  * [new branch]          archive/recovery-20261006/heads/conduit-4807-host-loss-recovery-f4eb5585f345 -> origin/archive/recovery-20261006/heads/conduit-4807-host-loss-recovery-f4eb5585f345
2026-10-08T21:27:14.7158988Z  * [new branch]          archive/recovery-20261006/heads/conduit-4807-journey-page-b4a67fddab85 -> origin/archive/recovery-20261006/heads/conduit-4807-journey-page-b4a67fddab85
2026-10-08T21:27:14.7160173Z  * [new branch]          archive/recovery-20261006/heads/conduit-4807-same-play-linux-590bbe0a3000 -> origin/archive/recovery-20261006/heads/conduit-4807-same-play-linux-590bbe0a3000
2026-10-08T21:27:14.7161418Z  * [new branch]          archive/recovery-20261006/heads/conduit-4807-spoken-model-budget-5d9341a7844a -> origin/archive/recovery-20261006/heads/conduit-4807-spoken-model-budget-5d9341a7844a
2026-10-08T21:27:14.7162719Z  * [new branch]          archive/recovery-20261006/heads/conduit-browser-interaction-line-b381fad014ff -> origin/archive/recovery-20261006/heads/conduit-browser-interaction-line-b381fad014ff
2026-10-08T21:27:14.7164053Z  * [new branch]          archive/recovery-20261006/heads/conduit-browser-proof-entrance-repair-642de6a88cbd -> origin/archive/recovery-20261006/heads/conduit-browser-proof-entrance-repair-642de6a88cbd
2026-10-08T21:27:14.7165641Z  * [new branch]          archive/recovery-20261006/heads/conduit-current-view-spoken-navigation-6a105d558eb3 -> origin/archive/recovery-20261006/heads/conduit-current-view-spoken-navigation-6a105d558eb3
2026-10-08T21:27:14.7166932Z  * [new branch]          archive/recovery-20261006/heads/conduit-face-plain-language-740cd0fa5a33 -> origin/archive/recovery-20261006/heads/conduit-face-plain-language-740cd0fa5a33
2026-10-08T21:27:14.7168128Z  * [new branch]          archive/recovery-20261006/heads/conduit-journey-publication-60b8af5d843d -> origin/archive/recovery-20261006/heads/conduit-journey-publication-60b8af5d843d
2026-10-08T21:27:14.7169336Z  * [new branch]          archive/recovery-20261006/heads/conduit-mechanical-spoken-face-7f4231508bc4 -> origin/archive/recovery-20261006/heads/conduit-mechanical-spoken-face-7f4231508bc4
2026-10-08T21:27:14.7170586Z  * [new branch]          archive/recovery-20261006/heads/conduit-model-route-restoration-6f5b4819e2d8 -> origin/archive/recovery-20261006/heads/conduit-model-route-restoration-6f5b4819e2d8
2026-10-08T21:27:14.7171904Z  * [new branch]          archive/recovery-20261006/heads/conduit-native-face-graphical-richness-670f598f4eeb -> origin/archive/recovery-20261006/heads/conduit-native-face-graphical-richness-670f598f4eeb
2026-10-08T21:27:14.7173274Z  * [new branch]          archive/recovery-20261006/heads/conduit-native-face-mask-integration-5df58d0415ed -> origin/archive/recovery-20261006/heads/conduit-native-face-mask-integration-5df58d0415ed
2026-10-08T21:27:14.7174546Z  * [new branch]          archive/recovery-20261006/heads/conduit-native-face-snapshot-61a52673d1dc -> origin/archive/recovery-20261006/heads/conduit-native-face-snapshot-61a52673d1dc
2026-10-08T21:27:14.7176124Z  * [new branch]          archive/recovery-20261006/heads/conduit-native-face-tui-richness-727913ceb04a -> origin/archive/recovery-20261006/heads/conduit-native-face-tui-richness-727913ceb04a
2026-10-08T21:27:14.7177395Z  * [new branch]          archive/recovery-20261006/heads/conduit-native-planned-line-b94754cdda55 -> origin/archive/recovery-20261006/heads/conduit-native-planned-line-b94754cdda55
2026-10-08T21:27:14.7179267Z  * [new branch]          archive/recovery-20261006/heads/conduit-native-postbirth-face-mask-4e52baacabb1 -> origin/archive/recovery-20261006/heads/conduit-native-postbirth-face-mask-4e52baacabb1
2026-10-08T21:27:14.7180607Z  * [new branch]          archive/recovery-20261006/heads/conduit-owner-wardrobe-routes-771bc7cd9326 -> origin/archive/recovery-20261006/heads/conduit-owner-wardrobe-routes-771bc7cd9326
2026-10-08T21:27:14.7182055Z  * [new branch]          archive/recovery-20261006/heads/conduit-proof-combined-owner-face-0adf69a52307 -> origin/archive/recovery-20261006/heads/conduit-proof-combined-owner-face-0adf69a52307
2026-10-08T21:27:14.7183374Z  * [new branch]          archive/recovery-20261006/heads/conduit-proof-three-host-owner-face-30e45f6aeb65 -> origin/archive/recovery-20261006/heads/conduit-proof-three-host-owner-face-30e45f6aeb65
2026-10-08T21:27:14.7185080Z  * [new branch]          archive/recovery-20261006/heads/conduit-provisional-owner-route-da74fde0bad5 -> origin/archive/recovery-20261006/heads/conduit-provisional-owner-route-da74fde0bad5
2026-10-08T21:27:14.7186430Z  * [new branch]          archive/recovery-20261006/heads/conduit-provisional-owner-route-member-53c7fc4a19a3 -> origin/archive/recovery-20261006/heads/conduit-provisional-owner-route-member-53c7fc4a19a3
2026-10-08T21:27:14.7187801Z  * [new branch]          archive/recovery-20261006/heads/conduit-provisional-owner-route-tls-6bb71662e4fe -> origin/archive/recovery-20261006/heads/conduit-provisional-owner-route-tls-6bb71662e4fe
2026-10-08T21:27:14.7189039Z  * [new branch]          archive/recovery-20261006/heads/conduit-qemu-audio-capture-05fe631d3394 -> origin/archive/recovery-20261006/heads/conduit-qemu-audio-capture-05fe631d3394
2026-10-08T21:27:14.7190270Z  * [new branch]          archive/recovery-20261006/heads/conduit-readable-terminal-capture-3c2865efc3a3 -> origin/archive/recovery-20261006/heads/conduit-readable-terminal-capture-3c2865efc3a3
2026-10-08T21:27:14.7191541Z  * [new branch]          archive/recovery-20261006/heads/conduit-real-owner-provision-51fd34ab3bd5 -> origin/archive/recovery-20261006/heads/conduit-real-owner-provision-51fd34ab3bd5
2026-10-08T21:27:14.7192721Z  * [new branch]          archive/recovery-20261006/heads/conduit-screen-free-lull-bc7afc639bf1 -> origin/archive/recovery-20261006/heads/conduit-screen-free-lull-bc7afc639bf1
2026-10-08T21:27:14.7193997Z  * [new branch]          archive/recovery-20261006/heads/conduit-selected-speech-browser-proof-20aa799b8819 -> origin/archive/recovery-20261006/heads/conduit-selected-speech-browser-proof-20aa799b8819
2026-10-08T21:27:14.7195600Z  * [new branch]          archive/recovery-20261006/heads/conduit-sequential-external-fore-speech-2301190eff99 -> origin/archive/recovery-20261006/heads/conduit-sequential-external-fore-speech-2301190eff99
2026-10-08T21:27:14.7197022Z  * [new branch]          archive/recovery-20261006/heads/conduit-spoken-face-stream-execution-9727d65c25a3 -> origin/archive/recovery-20261006/heads/conduit-spoken-face-stream-execution-9727d65c25a3
2026-10-08T21:27:14.7198330Z  * [new branch]          archive/recovery-20261006/heads/conduit-terminal-mask-execution-79b95ad06bad -> origin/archive/recovery-20261006/heads/conduit-terminal-mask-execution-79b95ad06bad
2026-10-08T21:27:14.7199520Z  * [new branch]          archive/recovery-20261006/heads/conduit-three-host-llm-f7bac1d0cba4 -> origin/archive/recovery-20261006/heads/conduit-three-host-llm-f7bac1d0cba4
2026-10-08T21:27:14.7200558Z  * [new branch]          archive/recovery-20261006/wip/conduit-4055-package-graph -> origin/archive/recovery-20261006/wip/conduit-4055-package-graph
2026-10-08T21:27:14.7201685Z  * [new branch]          archive/recovery-20261006/wip/conduit-4231-tour-form-ownership -> origin/archive/recovery-20261006/wip/conduit-4231-tour-form-ownership
2026-10-08T21:27:14.7202622Z  * [new branch]          archive/recovery-20261006/wip/conduit-ci-wiring -> origin/archive/recovery-20261006/wip/conduit-ci-wiring
2026-10-08T21:27:14.7203531Z  * [new branch]          archive/recovery-20261006/wip/conduit-native-owner-wardrobe -> origin/archive/recovery-20261006/wip/conduit-native-owner-wardrobe
2026-10-08T21:27:14.7204520Z  * [new branch]          archive/recovery-20261006/wip/conduit-owner-speech-service -> origin/archive/recovery-20261006/wip/conduit-owner-speech-service
2026-10-08T21:27:14.7205595Z  * [new branch]          archive/stopping-20261008/4055-package-graph -> origin/archive/stopping-20261008/4055-package-graph
2026-10-08T21:27:14.7206404Z  * [new branch]          archive/stopping-20261008/4231-tour-form-ownership -> origin/archive/stopping-20261008/4231-tour-form-ownership
2026-10-08T21:27:14.7207224Z  * [new branch]          archive/stopping-20261008/4807-combined-fixture -> origin/archive/stopping-20261008/4807-combined-fixture
2026-10-08T21:27:14.7208057Z  * [new branch]          archive/stopping-20261008/4907-asr -> origin/archive/stopping-20261008/4907-asr
2026-10-08T21:27:14.7208820Z  * [new branch]          archive/stopping-20261008/4907-decode-accounting -> origin/archive/stopping-20261008/4907-decode-accounting
2026-10-08T21:27:14.7209910Z  * [new branch]          archive/stopping-20261008/4907-foundation-browser-proof -> origin/archive/stopping-20261008/4907-foundation-browser-proof
2026-10-08T21:27:14.7210939Z  * [new branch]          archive/stopping-20261008/4907-incremental -> origin/archive/stopping-20261008/4907-incremental
2026-10-08T21:27:14.7211650Z  * [new branch]          archive/stopping-20261008/4907-joint -> origin/archive/stopping-20261008/4907-joint
2026-10-08T21:27:14.7212398Z  * [new branch]          archive/stopping-20261008/4907-native-admission -> origin/archive/stopping-20261008/4907-native-admission
2026-10-08T21:27:14.7213139Z  * [new branch]          archive/stopping-20261008/4907-parser -> origin/archive/stopping-20261008/4907-parser
2026-10-08T21:27:14.7213949Z  * [new branch]          archive/stopping-20261008/4907-production-custody -> origin/archive/stopping-20261008/4907-production-custody
2026-10-08T21:27:14.7214933Z  * [new branch]          archive/stopping-20261008/4907-text-material -> origin/archive/stopping-20261008/4907-text-material
2026-10-08T21:27:14.7215683Z  * [new branch]          archive/stopping-20261008/4907-window8 -> origin/archive/stopping-20261008/4907-window8
2026-10-08T21:27:14.7216428Z  * [new branch]          archive/stopping-20261008/5131-std-observation -> origin/archive/stopping-20261008/5131-std-observation
2026-10-08T21:27:14.7217248Z  * [new branch]          archive/stopping-20261008/5132-browser-monotonic -> origin/archive/stopping-20261008/5132-browser-monotonic
2026-10-08T21:27:14.7218037Z  * [new branch]          archive/stopping-20261008/5132-civil-bridge -> origin/archive/stopping-20261008/5132-civil-bridge
2026-10-08T21:27:14.7218842Z  * [new branch]          archive/stopping-20261008/5132-conduitos-monotonic -> origin/archive/stopping-20261008/5132-conduitos-monotonic
2026-10-08T21:27:14.7219677Z  * [new branch]          archive/stopping-20261008/5132-plan-quality -> origin/archive/stopping-20261008/5132-plan-quality
2026-10-08T21:27:14.7220392Z  * [new branch]          archive/stopping-20261008/ci-wiring -> origin/archive/stopping-20261008/ci-wiring
2026-10-08T21:27:14.7221140Z  * [new branch]          archive/stopping-20261008/native-owner-wardrobe -> origin/archive/stopping-20261008/native-owner-wardrobe
2026-10-08T21:27:14.7221950Z  * [new branch]          archive/stopping-20261008/owner-speech-service -> origin/archive/stopping-20261008/owner-speech-service
2026-10-08T21:27:14.7222724Z  * [new branch]          backup/2026-10-06-4831-ordinary-hid-input -> origin/backup/2026-10-06-4831-ordinary-hid-input
2026-10-08T21:27:14.7223532Z  * [new branch]          backup/2026-10-06-dirty-1-conduit -> origin/backup/2026-10-06-dirty-1-conduit
2026-10-08T21:27:14.7224140Z  * [new branch]          backup/2026-10-06-dirty-2-c302 -> origin/backup/2026-10-06-dirty-2-c302
2026-10-08T21:27:14.7224983Z  * [new branch]          backup/2026-10-06-dirty-4-conduit-4231-complete -> origin/backup/2026-10-06-dirty-4-conduit-4231-complete
2026-10-08T21:27:14.7225757Z  * [new branch]          backup/2026-10-06-usb-device-decode-wip -> origin/backup/2026-10-06-usb-device-decode-wip
2026-10-08T21:27:14.7226359Z  * [new branch]          backup/4103-pre-rebuild     -> origin/backup/4103-pre-rebuild
2026-10-08T21:27:14.7226916Z  * [new branch]          codex/4231-tour-form-ownership -> origin/codex/4231-tour-form-ownership
2026-10-08T21:27:14.7227507Z  * [new branch]          codex/4807-birth-same-play-audio -> origin/codex/4807-birth-same-play-audio
2026-10-08T21:27:14.7228119Z  * [new branch]          codex/4807-browser-timer-package -> origin/codex/4807-browser-timer-package
2026-10-08T21:27:14.7228691Z  * [new branch]          codex/4807-complete-carrier -> origin/codex/4807-complete-carrier
2026-10-08T21:27:14.7229343Z  * [new branch]          codex/4807-live-walkthrough -> origin/codex/4807-live-walkthrough
2026-10-08T21:27:14.7229926Z  * [new branch]          codex/4807-model-route-lifecycle -> origin/codex/4807-model-route-lifecycle
2026-10-08T21:27:14.7230550Z  * [new branch]          codex/4807-partial-site-acceptance -> origin/codex/4807-partial-site-acceptance
2026-10-08T21:27:14.7231151Z  * [new branch]          codex/4807-producer-receipts -> origin/codex/4807-producer-receipts
2026-10-08T21:27:14.7231753Z  * [new branch]          codex/4807-readable-retained-page -> origin/codex/4807-readable-retained-page
2026-10-08T21:27:14.7232335Z  * [new branch]          codex/4807-renderer-contract -> origin/codex/4807-renderer-contract
2026-10-08T21:27:14.7233009Z  * [new branch]          codex/4807-retained-development-publication -> origin/codex/4807-retained-development-publication
2026-10-08T21:27:14.7233740Z  * [new branch]          codex/4807-retained-site-navigation -> origin/codex/4807-retained-site-navigation
2026-10-08T21:27:14.7234424Z  * [new branch]          codex/4807-screen-free-owner-wardrobe -> origin/codex/4807-screen-free-owner-wardrobe
2026-10-08T21:27:14.7235334Z  * [new branch]          codex/4807-screen-free-proof-continuation -> origin/codex/4807-screen-free-proof-continuation
2026-10-08T21:27:14.7236115Z  * [new branch]          codex/4807-screen-free-wardrobe-continuation -> origin/codex/4807-screen-free-wardrobe-continuation
2026-10-08T21:27:14.7236814Z  * [new branch]          codex/4807-spoken-play-sequence -> origin/codex/4807-spoken-play-sequence
2026-10-08T21:27:14.7237411Z  * [new branch]          codex/4807-terminal-owner-replan -> origin/codex/4807-terminal-owner-replan
2026-10-08T21:27:14.7238026Z  * [new branch]          codex/4898-coherent-public-driver -> origin/codex/4898-coherent-public-driver
2026-10-08T21:27:14.7238615Z  * [new branch]          codex/4898-common-greeting  -> origin/codex/4898-common-greeting
2026-10-08T21:27:14.7239147Z  * [new branch]          codex/4898-feature-stream   -> origin/codex/4898-feature-stream
2026-10-08T21:27:14.7239655Z  * [new branch]          codex/4898-fixed-neural     -> origin/codex/4898-fixed-neural
2026-10-08T21:27:14.7240195Z  * [new branch]          codex/4898-numeric-conditioning -> origin/codex/4898-numeric-conditioning
2026-10-08T21:27:14.7240774Z  * [new branch]          codex/4898-pair-storage     -> origin/codex/4898-pair-storage
2026-10-08T21:27:14.7241280Z  * [new branch]          codex/4898-topology         -> origin/codex/4898-topology
2026-10-08T21:27:14.7241805Z  * [new branch]          codex/4907-decode-accounting -> origin/codex/4907-decode-accounting
2026-10-08T21:27:14.7242325Z  * [new branch]          codex/4907-discourse        -> origin/codex/4907-discourse
2026-10-08T21:27:14.7242996Z  * [new branch]          codex/4907-evaluation-identity -> origin/codex/4907-evaluation-identity
2026-10-08T21:27:14.7243558Z  * [new branch]          codex/4907-incremental      -> origin/codex/4907-incremental
2026-10-08T21:27:14.7244055Z  * [new branch]          codex/4907-joint            -> origin/codex/4907-joint
2026-10-08T21:27:14.7244580Z  * [new branch]          codex/4907-learned-integration -> origin/codex/4907-learned-integration
2026-10-08T21:27:14.7245348Z  * [new branch]          codex/4907-lexical          -> origin/codex/4907-lexical
2026-10-08T21:27:14.7245861Z  * [new branch]          codex/4907-native-admission -> origin/codex/4907-native-admission
2026-10-08T21:27:14.7246419Z  * [new branch]          codex/4907-native-evaluation -> origin/codex/4907-native-evaluation
2026-10-08T21:27:14.7246940Z  * [new branch]          codex/4907-native-reuse     -> origin/codex/4907-native-reuse
2026-10-08T21:27:14.7247424Z  * [new branch]          codex/4907-parser           -> origin/codex/4907-parser
2026-10-08T21:27:14.7247923Z  * [new branch]          codex/4907-pitch-trajectory -> origin/codex/4907-pitch-trajectory
2026-10-08T21:27:14.7248421Z  * [new branch]          codex/4907-playback         -> origin/codex/4907-playback
2026-10-08T21:27:14.7249102Z  * [new branch]          codex/4907-playback-proof   -> origin/codex/4907-playback-proof
2026-10-08T21:27:14.7249667Z  * [new branch]          codex/4907-production-custody -> origin/codex/4907-production-custody
2026-10-08T21:27:14.7250212Z  * [new branch]          codex/4907-pronunciation    -> origin/codex/4907-pronunciation
2026-10-08T21:27:14.7250702Z  * [new branch]          codex/4907-prosody          -> origin/codex/4907-prosody
2026-10-08T21:27:14.7251155Z  * [new branch]          codex/4907-scorer           -> origin/codex/4907-scorer
2026-10-08T21:27:14.7251642Z  * [new branch]          codex/4907-speech-coverage  -> origin/codex/4907-speech-coverage
2026-10-08T21:27:14.7252138Z  * [new branch]          codex/4907-window8          -> origin/codex/4907-window8
2026-10-08T21:27:14.7252622Z  * [new branch]          codex/5111-live-proof       -> origin/codex/5111-live-proof
2026-10-08T21:27:14.7253141Z  * [new branch]          codex/5113-pause-checkpoint -> origin/codex/5113-pause-checkpoint
2026-10-08T21:27:14.7253752Z  * [new branch]          codex/5113-paused-aarch64-checkpoint -> origin/codex/5113-paused-aarch64-checkpoint
2026-10-08T21:27:14.7254483Z  * [new branch]          codex/5113-repair-birth-publication-fixture -> origin/codex/5113-repair-birth-publication-fixture
2026-10-08T21:27:14.7255338Z  * [new branch]          codex/5183-numeric-foundation -> origin/codex/5183-numeric-foundation
2026-10-08T21:27:14.7255909Z  * [new branch]          codex/5196-revision-foundation -> origin/codex/5196-revision-foundation
2026-10-08T21:27:14.7256471Z  * [new branch]          codex/5201-biography-archive -> origin/codex/5201-biography-archive
2026-10-08T21:27:14.7257000Z  * [new branch]          codex/5201-live-todo-journey -> origin/codex/5201-live-todo-journey
2026-10-08T21:27:14.7257609Z  * [new branch]          codex/5201-native-return-live-proof -> origin/codex/5201-native-return-live-proof
2026-10-08T21:27:14.7258216Z  * [new branch]          codex/5201-native-return-route -> origin/codex/5201-native-return-route
2026-10-08T21:27:14.7258778Z  * [new branch]          codex/5201-native-todo-qmp  -> origin/codex/5201-native-todo-qmp
2026-10-08T21:27:14.7259285Z  * [new branch]          codex/5201-todo-browser     -> origin/codex/5201-todo-browser
2026-10-08T21:27:14.7259906Z  * [new branch]          codex/5201-todo-face-bindings-experiment -> origin/codex/5201-todo-face-bindings-experiment
2026-10-08T21:27:14.7260551Z  * [new branch]          codex/5201-todo-fresh-producer -> origin/codex/5201-todo-fresh-producer
2026-10-08T21:27:14.7261078Z  * [new branch]          codex/5201-todo-integrated  -> origin/codex/5201-todo-integrated
2026-10-08T21:27:14.7261573Z  * [new branch]          codex/5201-todo-kernel      -> origin/codex/5201-todo-kernel
2026-10-08T21:27:14.7262224Z  * [new branch]          codex/5201-todo-live-producer -> origin/codex/5201-todo-live-producer
2026-10-08T21:27:14.7262781Z  * [new branch]          codex/5201-todo-next-action -> origin/codex/5201-todo-next-action
2026-10-08T21:27:14.7263327Z  * [new branch]          codex/5201-todo-read-encounter -> origin/codex/5201-todo-read-encounter
2026-10-08T21:27:14.7263874Z  * [new branch]          codex/5201-todo-write-receipt -> origin/codex/5201-todo-write-receipt
2026-10-08T21:27:14.7264503Z  * [new branch]          codex/5205-5207-conduitvoice-docs-first -> origin/codex/5205-5207-conduitvoice-docs-first
2026-10-08T21:27:14.7265202Z  * [new branch]          codex/5212-common-intent    -> origin/codex/5212-common-intent
2026-10-08T21:27:14.7265736Z  * [new branch]          codex/5216-audio-foundation -> origin/codex/5216-audio-foundation
2026-10-08T21:27:14.7266261Z  * [new branch]          codex/5216-audio-quantities -> origin/codex/5216-audio-quantities
2026-10-08T21:27:14.7266791Z  * [new branch]          codex/5260-canonical-ipa-ir -> origin/codex/5260-canonical-ipa-ir
2026-10-08T21:27:14.7267290Z  * [new branch]          codex/5264-todo-core        -> origin/codex/5264-todo-core
2026-10-08T21:27:14.7267984Z  * [new branch]          codex/5265-todo-continuity  -> origin/codex/5265-todo-continuity
2026-10-08T21:27:14.7268497Z  * [new branch]          codex/5266-speech-selection -> origin/codex/5266-speech-selection
2026-10-08T21:27:14.7269039Z  * [new branch]          codex/5269-ticker-presentation -> origin/codex/5269-ticker-presentation
2026-10-08T21:27:14.7269562Z  * [new branch]          codex/5300-fresh-boot       -> origin/codex/5300-fresh-boot
2026-10-08T21:27:14.7270178Z  * [new branch]          codex/integer-categorical-foundation -> origin/codex/integer-categorical-foundation
2026-10-08T21:27:14.7270813Z  * [new branch]          codex/portable-foundations  -> origin/codex/portable-foundations
2026-10-08T21:27:14.7271419Z  * [new branch]          codex/portable-foundations-omnibus -> origin/codex/portable-foundations-omnibus
2026-10-08T21:27:14.7272054Z  * [new branch]          codex/portable-foundations-probe -> origin/codex/portable-foundations-probe
2026-10-08T21:27:14.7272629Z  * [new branch]          codex/todo-direct-opening   -> origin/codex/todo-direct-opening
2026-10-08T21:27:14.7273146Z  * [new branch]          codex/todo-model-checkpoint -> origin/codex/todo-model-checkpoint
2026-10-08T21:27:14.7273652Z  * [new branch]          codex/todo-spoken-play      -> origin/codex/todo-spoken-play
2026-10-08T21:27:14.7274213Z  * [new branch]          conduit-visual-evidence-history -> origin/conduit-visual-evidence-history
2026-10-08T21:27:14.7274967Z  * [new branch]          copilot/check-distance-frequency-form -> origin/copilot/check-distance-frequency-form
2026-10-08T21:27:14.7275699Z  * [new branch]          copilot/make-frequency-drive-bounded-pcm -> origin/copilot/make-frequency-drive-bounded-pcm
2026-10-08T21:27:14.7276504Z  * [new branch]          copilot/turn-off-release-liveness-issue-creation -> origin/copilot/turn-off-release-liveness-issue-creation
2026-10-08T21:27:14.7277110Z  * [new branch]          dev                         -> origin/dev
2026-10-08T21:27:14.7277531Z  * [new branch]          gh-pages                    -> origin/gh-pages
2026-10-08T21:27:14.7277943Z  * [new branch]          main                        -> origin/main
2026-10-08T21:27:14.7278557Z  * [new branch]          recovery/4907-custody-reprioritization-20261008 -> origin/recovery/4907-custody-reprioritization-20261008
2026-10-08T21:27:14.7279355Z  * [new branch]          recovery/5183-before-numeric-split-20261008 -> origin/recovery/5183-before-numeric-split-20261008
2026-10-08T21:27:14.7280092Z  * [new branch]          recovery/5278-before-audio-split-20261008 -> origin/recovery/5278-before-audio-split-20261008
2026-10-08T21:27:14.7280871Z  * [new branch]          release/01b016fc7c5c0b3acb5f81078edcf2d9a75c158c -> origin/release/01b016fc7c5c0b3acb5f81078edcf2d9a75c158c
2026-10-08T21:27:14.7281801Z  * [new branch]          release/027c4f423223e98ca051693221165d998cebde8f -> origin/release/027c4f423223e98ca051693221165d998cebde8f
2026-10-08T21:27:14.7282632Z  * [new branch]          release/02ecbc0a99672819bbf5810fca973b76bb361068 -> origin/release/02ecbc0a99672819bbf5810fca973b76bb361068
2026-10-08T21:27:14.7283535Z  * [new branch]          release/0e33ad13100b21424fff64086ba687f62fa1eb06 -> origin/release/0e33ad13100b21424fff64086ba687f62fa1eb06
2026-10-08T21:27:14.7284817Z  * [new branch]          release/0eebcc254044a05e6c3427a4844e627dd6c63b07 -> origin/release/0eebcc254044a05e6c3427a4844e627dd6c63b07
2026-10-08T21:27:14.7285663Z  * [new branch]          release/0fea630c0327fe5b14f3d06c83b45c380836a73e -> origin/release/0fea630c0327fe5b14f3d06c83b45c380836a73e
2026-10-08T21:27:14.7286734Z  * [new branch]          release/11cc70175696782b1c22bc0174fc304c6d0d00a8 -> origin/release/11cc70175696782b1c22bc0174fc304c6d0d00a8
2026-10-08T21:27:14.7287948Z  * [new branch]          release/16eb6053e2888ad28015b437e9a37b8cb6be349d -> origin/release/16eb6053e2888ad28015b437e9a37b8cb6be349d
2026-10-08T21:27:14.7289211Z  * [new branch]          release/1876ecccacef607dec6b529a1d0d7bc89bd25a4f -> origin/release/1876ecccacef607dec6b529a1d0d7bc89bd25a4f
2026-10-08T21:27:14.7290617Z  * [new branch]          release/18bd07bb6c1bf460082fffa408d731b4ea57d73f -> origin/release/18bd07bb6c1bf460082fffa408d731b4ea57d73f
2026-10-08T21:27:14.7291915Z  * [new branch]          release/1afb89711f6c618ab50cb1092dc825fa0f2d8c58 -> origin/release/1afb89711f6c618ab50cb1092dc825fa0f2d8c58
2026-10-08T21:27:14.7293216Z  * [new branch]          release/1b4d7bb3b8ff6b972f7477632c8649b4c160a294 -> origin/release/1b4d7bb3b8ff6b972f7477632c8649b4c160a294
2026-10-08T21:27:14.7294115Z  * [new branch]          release/1ec25b49a70a46125c2e7d79f941cbade5ca7b66 -> origin/release/1ec25b49a70a46125c2e7d79f941cbade5ca7b66
2026-10-08T21:27:14.7295159Z  * [new branch]          release/21f21bab09157ce98dde41888d6584032487adda -> origin/release/21f21bab09157ce98dde41888d6584032487adda
2026-10-08T21:27:14.7295997Z  * [new branch]          release/2685a777ecfa52f6607eab35cc7ca6add9df2229 -> origin/release/2685a777ecfa52f6607eab35cc7ca6add9df2229
2026-10-08T21:27:14.7296840Z  * [new branch]          release/2aacaa6bde9ec1aa3e56abb49999df6dec8a78db -> origin/release/2aacaa6bde9ec1aa3e56abb49999df6dec8a78db
2026-10-08T21:27:14.7297681Z  * [new branch]          release/2e39f2eed5131a6b306f84862d371f70225cb3d4 -> origin/release/2e39f2eed5131a6b306f84862d371f70225cb3d4
2026-10-08T21:27:14.7298615Z  * [new branch]          release/2e7d1b4cd1767dab1b5dd78aa2c101c6aa35924d -> origin/release/2e7d1b4cd1767dab1b5dd78aa2c101c6aa35924d
2026-10-08T21:27:14.7299452Z  * [new branch]          release/332b37e2af034f891153a05b577852c8fd5e7882 -> origin/release/332b37e2af034f891153a05b577852c8fd5e7882
2026-10-08T21:27:14.7300267Z  * [new branch]          release/35a6603a39a6e8b812f5ad49166cf8925f97564f -> origin/release/35a6603a39a6e8b812f5ad49166cf8925f97564f
2026-10-08T21:27:14.7301073Z  * [new branch]          release/36d330035fbc01e05225e9559424f5f14fd0c83a -> origin/release/36d330035fbc01e05225e9559424f5f14fd0c83a
2026-10-08T21:27:14.7301877Z  * [new branch]          release/3907fec0c6256eb1dfb1fee045056c044b33decf -> origin/release/3907fec0c6256eb1dfb1fee045056c044b33decf
2026-10-08T21:27:14.7302703Z  * [new branch]          release/391774a5d5bd753c3bb06c575e3a820ec388bf68 -> origin/release/391774a5d5bd753c3bb06c575e3a820ec388bf68
2026-10-08T21:27:14.7303519Z  * [new branch]          release/3be4914d5fca80e81a4ddddccdd0877db87d4931 -> origin/release/3be4914d5fca80e81a4ddddccdd0877db87d4931
2026-10-08T21:27:14.7304332Z  * [new branch]          release/3d01a7591ef1a42d5f9749999e1028bfde90afd3 -> origin/release/3d01a7591ef1a42d5f9749999e1028bfde90afd3
2026-10-08T21:27:14.7305283Z  * [new branch]          release/3d780e728d1cd5fe57c2dc71569dd8e77fefb57e -> origin/release/3d780e728d1cd5fe57c2dc71569dd8e77fefb57e
2026-10-08T21:27:14.7306233Z  * [new branch]          release/3e0c4967bc8e1c5f1d5eee77e68ec0d1f448595f -> origin/release/3e0c4967bc8e1c5f1d5eee77e68ec0d1f448595f
2026-10-08T21:27:14.7307081Z  * [new branch]          release/408410e23ee2225595f1b6ef3b017868a0fffd6f -> origin/release/408410e23ee2225595f1b6ef3b017868a0fffd6f
2026-10-08T21:27:14.7307906Z  * [new branch]          release/40b553c2f12ab0cfa205b3774509ee9ce639db6d -> origin/release/40b553c2f12ab0cfa205b3774509ee9ce639db6d
2026-10-08T21:27:14.7308738Z  * [new branch]          release/42d6c212f9dac742c92025c5fde8c74dfbde4e47 -> origin/release/42d6c212f9dac742c92025c5fde8c74dfbde4e47
2026-10-08T21:27:14.7309552Z  * [new branch]          release/433bcf390e00ee3f4be396106d8d290d0207699f -> origin/release/433bcf390e00ee3f4be396106d8d290d0207699f
2026-10-08T21:27:14.7310379Z  * [new branch]          release/46ab9c2f68bb17c7194ff78b24ee65ba94917d75 -> origin/release/46ab9c2f68bb17c7194ff78b24ee65ba94917d75
2026-10-08T21:27:14.7311194Z  * [new branch]          release/47cae77611c671d4b44460125f3728f99cf73bb6 -> origin/release/47cae77611c671d4b44460125f3728f99cf73bb6
2026-10-08T21:27:14.7311988Z  * [new branch]          release/4881699e4d922e7106678f2eefbade44ec543a1b -> origin/release/4881699e4d922e7106678f2eefbade44ec543a1b
2026-10-08T21:27:14.7312902Z  * [new branch]          release/49f0eb5c4771b285ce2d17161c7dcd05edfb9a40 -> origin/release/49f0eb5c4771b285ce2d17161c7dcd05edfb9a40
2026-10-08T21:27:14.7313705Z  * [new branch]          release/4a204e1fd258a8e11278ff43edb9665ac85570f0 -> origin/release/4a204e1fd258a8e11278ff43edb9665ac85570f0
2026-10-08T21:27:14.7314514Z  * [new branch]          release/51e9884e3f6738ae8d237987e339f3e198f9d738 -> origin/release/51e9884e3f6738ae8d237987e339f3e198f9d738
2026-10-08T21:27:14.7315486Z  * [new branch]          release/52370b257b6188f2f6aba42cd8065489203ef78f -> origin/release/52370b257b6188f2f6aba42cd8065489203ef78f
2026-10-08T21:27:14.7316305Z  * [new branch]          release/56326c9df80f2b424055b0f2a12323d19248c44f -> origin/release/56326c9df80f2b424055b0f2a12323d19248c44f
2026-10-08T21:27:14.7317117Z  * [new branch]          release/575ebf2b909db91d11451420aa830a4e7235d4ac -> origin/release/575ebf2b909db91d11451420aa830a4e7235d4ac
2026-10-08T21:27:14.7317983Z  * [new branch]          release/5b57fa034dffc60cc5fccc99fb3a0bdd92ca831b -> origin/release/5b57fa034dffc60cc5fccc99fb3a0bdd92ca831b
2026-10-08T21:27:14.7318801Z  * [new branch]          release/5be5340248af5e82a4b5d54410f4ef745afdfa7c -> origin/release/5be5340248af5e82a4b5d54410f4ef745afdfa7c
2026-10-08T21:27:14.7319684Z  * [new branch]          release/5ce79086e3ee0ced0fc4b99df150e64890104971 -> origin/release/5ce79086e3ee0ced0fc4b99df150e64890104971
2026-10-08T21:27:14.7320503Z  * [new branch]          release/6183b3c233a80594a50735725cf78d7df650c40c -> origin/release/6183b3c233a80594a50735725cf78d7df650c40c
2026-10-08T21:27:14.7321312Z  * [new branch]          release/61f8a40a173eb785d0bace51b2c90bcf5c1074a1 -> origin/release/61f8a40a173eb785d0bace51b2c90bcf5c1074a1
2026-10-08T21:27:14.7322120Z  * [new branch]          release/6289b3df16bb9b6d42fb83b2e4c5a72ee03d3ee5 -> origin/release/6289b3df16bb9b6d42fb83b2e4c5a72ee03d3ee5
2026-10-08T21:27:14.7322948Z  * [new branch]          release/62fbfacbbf35fd4aca39c2100c889246352ba819 -> origin/release/62fbfacbbf35fd4aca39c2100c889246352ba819
2026-10-08T21:27:14.7323770Z  * [new branch]          release/6a301334e5ac81c6d40ecc17beedbc1081bf0a84 -> origin/release/6a301334e5ac81c6d40ecc17beedbc1081bf0a84
2026-10-08T21:27:14.7324579Z  * [new branch]          release/6b678a36c965250a1db13d45b293a547d0a78b00 -> origin/release/6b678a36c965250a1db13d45b293a547d0a78b00
2026-10-08T21:27:14.7325635Z  * [new branch]          release/6cc4ba02f2139716e454da8463ff28f0b3502814 -> origin/release/6cc4ba02f2139716e454da8463ff28f0b3502814
2026-10-08T21:27:14.7326443Z  * [new branch]          release/6cc58a14764208543fad460bce5f6bf2a207d82d -> origin/release/6cc58a14764208543fad460bce5f6bf2a207d82d
2026-10-08T21:27:14.7327264Z  * [new branch]          release/6efc44762c0c8c9779b51bbe86dc382dd1aeced7 -> origin/release/6efc44762c0c8c9779b51bbe86dc382dd1aeced7
2026-10-08T21:27:14.7328201Z  * [new branch]          release/7014e10ccb2c6fe3559b8ffe533a5917b76bc862 -> origin/release/7014e10ccb2c6fe3559b8ffe533a5917b76bc862
2026-10-08T21:27:14.7329024Z  * [new branch]          release/7283954d16316a912e6af790e871b61008ff4a29 -> origin/release/7283954d16316a912e6af790e871b61008ff4a29
2026-10-08T21:27:14.7329825Z  * [new branch]          release/739718c80a7ca8894ab9e36d4c82fcd4c19e583c -> origin/release/739718c80a7ca8894ab9e36d4c82fcd4c19e583c
2026-10-08T21:27:14.7330620Z  * [new branch]          release/7529270b3e51606f3485840b4a74053c5bea07b8 -> origin/release/7529270b3e51606f3485840b4a74053c5bea07b8
2026-10-08T21:27:14.7331422Z  * [new branch]          release/770a4a62474e78da3c2a0ccddd3b2fa3591f8197 -> origin/release/770a4a62474e78da3c2a0ccddd3b2fa3591f8197
2026-10-08T21:27:14.7332240Z  * [new branch]          release/78d8e98b5d8b38562a0c2f6ec055b0cc84d8d90d -> origin/release/78d8e98b5d8b38562a0c2f6ec055b0cc84d8d90d
2026-10-08T21:27:14.7333060Z  * [new branch]          release/7991e50b4c8756ad2be2c0f238c6b220e325c6ee -> origin/release/7991e50b4c8756ad2be2c0f238c6b220e325c6ee
2026-10-08T21:27:14.7333979Z  * [new branch]          release/7acbc416d21386ea60c6618978994ba83dac8136 -> origin/release/7acbc416d21386ea60c6618978994ba83dac8136
2026-10-08T21:27:14.7334991Z  * [new branch]          release/7b03d378423fbdcc493fa901b1a72130379acc4d -> origin/release/7b03d378423fbdcc493fa901b1a72130379acc4d
2026-10-08T21:27:14.7335803Z  * [new branch]          release/7d85e8394ad575bdbe268a2944232b3c72c37b08 -> origin/release/7d85e8394ad575bdbe268a2944232b3c72c37b08
2026-10-08T21:27:14.7336606Z  * [new branch]          release/81a135cba4490794085bbcfd0b09b51db1db2134 -> origin/release/81a135cba4490794085bbcfd0b09b51db1db2134
2026-10-08T21:27:14.7337417Z  * [new branch]          release/84904771e67ccbd6bf87b80ccdf31a4eacf0fb0e -> origin/release/84904771e67ccbd6bf87b80ccdf31a4eacf0fb0e
2026-10-08T21:27:14.7338231Z  * [new branch]          release/864964ce59531d3fda3b9ae676dad14d25dcca0a -> origin/release/864964ce59531d3fda3b9ae676dad14d25dcca0a
2026-10-08T21:27:14.7339036Z  * [new branch]          release/87e368092bd4cc72240cb1229a84d30a360a7f90 -> origin/release/87e368092bd4cc72240cb1229a84d30a360a7f90
2026-10-08T21:27:14.7339846Z  * [new branch]          release/8818b446aa6faf01dfe901cb20126ee4256edc97 -> origin/release/8818b446aa6faf01dfe901cb20126ee4256edc97
2026-10-08T21:27:14.7340651Z  * [new branch]          release/8ac24a8eea83cae06158b85208d90979a89493e8 -> origin/release/8ac24a8eea83cae06158b85208d90979a89493e8
2026-10-08T21:27:14.7341470Z  * [new branch]          release/8b216ee721a3fe492fd0d02fb4a3fa4b606519c1 -> origin/release/8b216ee721a3fe492fd0d02fb4a3fa4b606519c1
2026-10-08T21:27:14.7342286Z  * [new branch]          release/976463aa709f43db46d89f7d55898ea2db3e17a4 -> origin/release/976463aa709f43db46d89f7d55898ea2db3e17a4
2026-10-08T21:27:14.7343082Z  * [new branch]          release/99d3dd46a2fe01d7d117184921c9aff7da33f7d7 -> origin/release/99d3dd46a2fe01d7d117184921c9aff7da33f7d7
2026-10-08T21:27:14.7343893Z  * [new branch]          release/9bf8f89bd937e2a3e13c128a10dfa1b63f51d893 -> origin/release/9bf8f89bd937e2a3e13c128a10dfa1b63f51d893
2026-10-08T21:27:14.7344860Z  * [new branch]          release/a06600168677a5d91ab293cc04b0d0ebce382344 -> origin/release/a06600168677a5d91ab293cc04b0d0ebce382344
2026-10-08T21:27:14.7345757Z  * [new branch]          release/a12eb786d4ced5b57dfa550bec0581fec9c5c2d7 -> origin/release/a12eb786d4ced5b57dfa550bec0581fec9c5c2d7
2026-10-08T21:27:14.7346585Z  * [new branch]          release/a3b6edf83b4c5354b7c2091e6109188b2eb872ab -> origin/release/a3b6edf83b4c5354b7c2091e6109188b2eb872ab
2026-10-08T21:27:14.7347432Z  * [new branch]          release/a6cbe9eec12feeeddfc2e88cce7d7a4a592b5fbe -> origin/release/a6cbe9eec12feeeddfc2e88cce7d7a4a592b5fbe
2026-10-08T21:27:14.7348269Z  * [new branch]          release/a95efd41d209df01ada6e1b6eb0ad3a31694d61f -> origin/release/a95efd41d209df01ada6e1b6eb0ad3a31694d61f
2026-10-08T21:27:14.7349197Z  * [new branch]          release/aa0207c094edc5c3d999a84b4bd94ffe84244ea0 -> origin/release/aa0207c094edc5c3d999a84b4bd94ffe84244ea0
2026-10-08T21:27:14.7350031Z  * [new branch]          release/ad9df47da8e98e3d3f206df1a9bdbeae29e7655d -> origin/release/ad9df47da8e98e3d3f206df1a9bdbeae29e7655d
2026-10-08T21:27:14.7350863Z  * [new branch]          release/adc05effe82356458007207c4fdb989243741b18 -> origin/release/adc05effe82356458007207c4fdb989243741b18
2026-10-08T21:27:14.7351685Z  * [new branch]          release/ade28c3ac6f3f694b29513c2abb32f77bdd36575 -> origin/release/ade28c3ac6f3f694b29513c2abb32f77bdd36575
2026-10-08T21:27:14.7352513Z  * [new branch]          release/ae8b29c1cf932618566452ff43d0185af05e3569 -> origin/release/ae8b29c1cf932618566452ff43d0185af05e3569
2026-10-08T21:27:14.7353324Z  * [new branch]          release/afd39cf25c43f2b21be9ec65776b7c5a99d888c7 -> origin/release/afd39cf25c43f2b21be9ec65776b7c5a99d888c7
2026-10-08T21:27:14.7354143Z  * [new branch]          release/b0486c6c03d1dc06a819b0badf83c28249258a81 -> origin/release/b0486c6c03d1dc06a819b0badf83c28249258a81
2026-10-08T21:27:14.7355066Z  * [new branch]          release/b0ffd1310b07601ea4d960fd2a5b7fdbe86d2cd4 -> origin/release/b0ffd1310b07601ea4d960fd2a5b7fdbe86d2cd4
2026-10-08T21:27:14.7356021Z  * [new branch]          release/b4583786bbe1639ea1467f504543febffa7003a9 -> origin/release/b4583786bbe1639ea1467f504543febffa7003a9
2026-10-08T21:27:14.7356842Z  * [new branch]          release/b8979d81802c06a204dac1cce6d4c3adee14f7a7 -> origin/release/b8979d81802c06a204dac1cce6d4c3adee14f7a7
2026-10-08T21:27:14.7357666Z  * [new branch]          release/b8bbd828afd1456faf7bd7c519e09d50f6406f51 -> origin/release/b8bbd828afd1456faf7bd7c519e09d50f6406f51
2026-10-08T21:27:14.7358491Z  * [new branch]          release/ba5ab1438e6c5f55bee71043e0ae2d5c552bfbe9 -> origin/release/ba5ab1438e6c5f55bee71043e0ae2d5c552bfbe9
2026-10-08T21:27:14.7359319Z  * [new branch]          release/bac20dafac992040846f1dd7e5cc53be615f1784 -> origin/release/bac20dafac992040846f1dd7e5cc53be615f1784
2026-10-08T21:27:14.7360135Z  * [new branch]          release/bacb1971de3756ecbe7144639fb5de16b9fd60e5 -> origin/release/bacb1971de3756ecbe7144639fb5de16b9fd60e5
2026-10-08T21:27:14.7360964Z  * [new branch]          release/bbdfe6c4ce74985a875994a69de7c933db561686 -> origin/release/bbdfe6c4ce74985a875994a69de7c933db561686
2026-10-08T21:27:14.7361773Z  * [new branch]          release/bc302dbe73d11032875e6f153776d360e5289303 -> origin/release/bc302dbe73d11032875e6f153776d360e5289303
2026-10-08T21:27:14.7362589Z  * [new branch]          release/bc78963dfba895c2fa36b0b6bc3c13957b280f70 -> origin/release/bc78963dfba895c2fa36b0b6bc3c13957b280f70
2026-10-08T21:27:14.7363417Z  * [new branch]          release/bfbd3f46a3be7aed6c3bbe870ed7af184679b9d8 -> origin/release/bfbd3f46a3be7aed6c3bbe870ed7af184679b9d8
2026-10-08T21:27:14.7364259Z  * [new branch]          release/c256418f3e375a1d261a80fff6cf05cdb2bd7ad1 -> origin/release/c256418f3e375a1d261a80fff6cf05cdb2bd7ad1
2026-10-08T21:27:14.7365178Z  * [new branch]          release/c3b298831ee42b6bd636b08d5cafe6032bb6a54b -> origin/release/c3b298831ee42b6bd636b08d5cafe6032bb6a54b
2026-10-08T21:27:14.7366008Z  * [new branch]          release/c5af0cc2150500a03535cad6ce69e6b42fa59a81 -> origin/release/c5af0cc2150500a03535cad6ce69e6b42fa59a81
2026-10-08T21:27:14.7366827Z  * [new branch]          release/c618372861a64aaac9c6f1ee31e7a31c77dbc4f3 -> origin/release/c618372861a64aaac9c6f1ee31e7a31c77dbc4f3
2026-10-08T21:27:14.7367661Z  * [new branch]          release/c8e97dd8ba7748bc9848da531aeccfbd7fc234ee -> origin/release/c8e97dd8ba7748bc9848da531aeccfbd7fc234ee
2026-10-08T21:27:14.7368467Z  * [new branch]          release/ca076749aa14b1e3a5d964d9dba32115f018ca2f -> origin/release/ca076749aa14b1e3a5d964d9dba32115f018ca2f
2026-10-08T21:27:14.7369280Z  * [new branch]          release/ca778e0e9d3f0304bb29cfa96b8622fdcb7df823 -> origin/release/ca778e0e9d3f0304bb29cfa96b8622fdcb7df823
2026-10-08T21:27:14.7370202Z  * [new branch]          release/ce3619665f4cd7683e625c5b63e657ee9101be65 -> origin/release/ce3619665f4cd7683e625c5b63e657ee9101be65
2026-10-08T21:27:14.7371020Z  * [new branch]          release/d083598e5fe74c69ebb7759693d9cb6a359409af -> origin/release/d083598e5fe74c69ebb7759693d9cb6a359409af
2026-10-08T21:27:14.7371860Z  * [new branch]          release/d2dd87601dc2e1dbbc1d8ab5e858fbf8fe9a115f -> origin/release/d2dd87601dc2e1dbbc1d8ab5e858fbf8fe9a115f
2026-10-08T21:27:14.7372685Z  * [new branch]          release/d509ccd9a0b69c11e23329a009200d4130f39434 -> origin/release/d509ccd9a0b69c11e23329a009200d4130f39434
2026-10-08T21:27:14.7373501Z  * [new branch]          release/d66c1eaf35afcdea06860385954f13142a725ec9 -> origin/release/d66c1eaf35afcdea06860385954f13142a725ec9
2026-10-08T21:27:14.7374308Z  * [new branch]          release/db6365499ff3424d9502f9380eb09eacf6cc357c -> origin/release/db6365499ff3424d9502f9380eb09eacf6cc357c
2026-10-08T21:27:14.7375189Z  * [new branch]          release/dca5553bca9bf40611ee70f6c495b468234b8f2e -> origin/release/dca5553bca9bf40611ee70f6c495b468234b8f2e
2026-10-08T21:27:14.7376022Z  * [new branch]          release/dce9fe6a1e35bab4fe174cf1a93d0e593824b43e -> origin/release/dce9fe6a1e35bab4fe174cf1a93d0e593824b43e
2026-10-08T21:27:14.7376950Z  * [new branch]          release/de93fa716c88cdb8e181d2b46f9222f5d6112ca3 -> origin/release/de93fa716c88cdb8e181d2b46f9222f5d6112ca3
2026-10-08T21:27:14.7377763Z  * [new branch]          release/e52b3d96c6e04335106ad3e389fcb2504eaca8e1 -> origin/release/e52b3d96c6e04335106ad3e389fcb2504eaca8e1
2026-10-08T21:27:14.7378571Z  * [new branch]          release/e678ab559e9ff0aa8452175d45ac3ac02d1819d4 -> origin/release/e678ab559e9ff0aa8452175d45ac3ac02d1819d4
2026-10-08T21:27:14.7379387Z  * [new branch]          release/eb928febf145ac21562dbc1692abf02af2bc2dc6 -> origin/release/eb928febf145ac21562dbc1692abf02af2bc2dc6
2026-10-08T21:27:14.7380210Z  * [new branch]          release/ed28a4d18e55736a06c44032162e107c0d955bf1 -> origin/release/ed28a4d18e55736a06c44032162e107c0d955bf1
2026-10-08T21:27:14.7381011Z  * [new branch]          release/f06a7fe7ba212f285a2243d9715d5b0732077cb6 -> origin/release/f06a7fe7ba212f285a2243d9715d5b0732077cb6
2026-10-08T21:27:14.7381831Z  * [new branch]          release/f2362d62dcc4e63de0bddac86c3467dc4c78f365 -> origin/release/f2362d62dcc4e63de0bddac86c3467dc4c78f365
2026-10-08T21:27:14.7382641Z  * [new branch]          release/f243cd2601899e3ff76086cccf63ff5aecef6c66 -> origin/release/f243cd2601899e3ff76086cccf63ff5aecef6c66
2026-10-08T21:27:14.7383448Z  * [new branch]          release/f281d74a32aca69863f2fcf70d6c857d105540c7 -> origin/release/f281d74a32aca69863f2fcf70d6c857d105540c7
2026-10-08T21:27:14.7384255Z  * [new branch]          release/f562fa371ff703d3b0e8f325aafb4e4a284794a4 -> origin/release/f562fa371ff703d3b0e8f325aafb4e4a284794a4
2026-10-08T21:27:14.7385172Z  * [new branch]          release/f967dead4f207c8fc856f2c3a9fb2cd4cb2fde73 -> origin/release/f967dead4f207c8fc856f2c3a9fb2cd4cb2fde73
2026-10-08T21:27:14.7385993Z  * [new branch]          release/fadea97b3560d40363148778b21dd15fc1fc19ff -> origin/release/fadea97b3560d40363148778b21dd15fc1fc19ff
2026-10-08T21:27:14.7386820Z  * [new branch]          release/fdc9be1cd6dc2c2b918ef92bb52b5ee87c80e9cf -> origin/release/fdc9be1cd6dc2c2b918ef92bb52b5ee87c80e9cf
2026-10-08T21:27:14.7387632Z  * [new branch]          release/fdd0852745a0b1d9ac39f5a7766f3378039561e2 -> origin/release/fdd0852745a0b1d9ac39f5a7766f3378039561e2
2026-10-08T21:27:14.7388435Z  * [new branch]          release/ffe6802225f68923f998a32c3b6342f9730cf946 -> origin/release/ffe6802225f68923f998a32c3b6342f9730cf946
2026-10-08T21:27:14.7389283Z  * [new tag]             journey-evidence/36e0071f040196340c2a5458b096ff012d30e127 -> journey-evidence/36e0071f040196340c2a5458b096ff012d30e127
2026-10-08T21:27:14.7390158Z  * [new tag]             journey-evidence/53659025933f2bbec9dea3c53aaa4aa716a83227 -> journey-evidence/53659025933f2bbec9dea3c53aaa4aa716a83227
2026-10-08T21:27:14.7390809Z  * [new tag]             pre-reboot-2026-08-04       -> pre-reboot-2026-08-04
2026-10-08T21:27:14.7391309Z  * [new tag]             reboot-0                    -> reboot-0
2026-10-08T21:27:14.7391739Z  * [new tag]             reboot-prototype-2026-08-04 -> reboot-prototype-2026-08-04
2026-10-08T21:27:14.7392306Z  * [new tag]             reboot-prototype-copy-risk-2026-08-04 -> reboot-prototype-copy-risk-2026-08-04
2026-10-08T21:27:14.7393148Z  * [new tag]             recovery/20261006/local/codex-3709-learned-lifecycle-3e095d570aeb -> recovery/20261006/local/codex-3709-learned-lifecycle-3e095d570aeb
2026-10-08T21:27:14.7394130Z  * [new tag]             recovery/20261006/local/codex-3938-matched-routing-bec30bfec43d -> recovery/20261006/local/codex-3938-matched-routing-bec30bfec43d
2026-10-08T21:27:14.7395208Z  * [new tag]             recovery/20261006/local/codex-4055-canonical-spelling-5f8969950f5d -> recovery/20261006/local/codex-4055-canonical-spelling-5f8969950f5d
2026-10-08T21:27:14.7396218Z  * [new tag]             recovery/20261006/local/codex-4055-package-imports-d969a15e35f9 -> recovery/20261006/local/codex-4055-package-imports-d969a15e35f9
2026-10-08T21:27:14.7397250Z  * [new tag]             recovery/20261006/local/codex-4059-named-type-parameters-e16d044e6ab5 -> recovery/20261006/local/codex-4059-named-type-parameters-e16d044e6ab5
2026-10-08T21:27:14.7398406Z  * [new tag]             recovery/20261006/local/codex-4064-per-input-terminal-e42d44ffe61d -> recovery/20261006/local/codex-4064-per-input-terminal-e42d44ffe61d
2026-10-08T21:27:14.7399511Z  * [new tag]             recovery/20261006/local/codex-4081-journey-release-separation-ff49a8ea298b -> recovery/20261006/local/codex-4081-journey-release-separation-ff49a8ea298b
2026-10-08T21:27:14.7400618Z  * [new tag]             recovery/20261006/local/codex-4109-abnormal-composition-9e04f0b5fff8 -> recovery/20261006/local/codex-4109-abnormal-composition-9e04f0b5fff8
2026-10-08T21:27:14.7401627Z  * [new tag]             recovery/20261006/local/codex-4109-language-canon-4a2f8e93b258 -> recovery/20261006/local/codex-4109-language-canon-4a2f8e93b258
2026-10-08T21:27:14.7402722Z  * [new tag]             recovery/20261006/local/codex-4109-runtime-terminal-transduction-897e7b97dd1c -> recovery/20261006/local/codex-4109-runtime-terminal-transduction-897e7b97dd1c
2026-10-08T21:27:14.7403838Z  * [new tag]             recovery/20261006/local/codex-4115-mask-fore-execution-8e4402e6c56e -> recovery/20261006/local/codex-4115-mask-fore-execution-8e4402e6c56e
2026-10-08T21:27:14.7404897Z  * [new tag]             recovery/20261006/local/codex-4115-mask-forms-fd398708a6bf -> recovery/20261006/local/codex-4115-mask-forms-fd398708a6bf
2026-10-08T21:27:14.7405793Z  * [new tag]             recovery/20261006/local/codex-4115-three-bodies-0dd121f8f68d -> recovery/20261006/local/codex-4115-three-bodies-0dd121f8f68d
2026-10-08T21:27:14.7406760Z  * [new tag]             recovery/20261006/local/codex-4199-negated-refinements-5f8969950f5d -> recovery/20261006/local/codex-4199-negated-refinements-5f8969950f5d
2026-10-08T21:27:14.7407791Z  * [new tag]             recovery/20261006/local/codex-4199-value-constraints-5082b0bfdcdb -> recovery/20261006/local/codex-4199-value-constraints-5082b0bfdcdb
2026-10-08T21:27:14.7408742Z  * [new tag]             recovery/20261006/local/codex-4223-remove-piper-a41e5cf90cd6 -> recovery/20261006/local/codex-4223-remove-piper-a41e5cf90cd6
2026-10-08T21:27:14.7409738Z  * [new tag]             recovery/20261006/local/codex-4231-html-browser-face-sdk-670f1e273942 -> recovery/20261006/local/codex-4231-html-browser-face-sdk-670f1e273942
2026-10-08T21:27:14.7410719Z  * [new tag]             recovery/20261006/local/codex-4335-glyph-prelude-f9ab157190d1 -> recovery/20261006/local/codex-4335-glyph-prelude-f9ab157190d1
2026-10-08T21:27:14.7411724Z  * [new tag]             recovery/20261006/local/codex-4340-hostile-join-refusals-999e4f6d9f1e -> recovery/20261006/local/codex-4340-hostile-join-refusals-999e4f6d9f1e
2026-10-08T21:27:14.7412894Z  * [new tag]             recovery/20261006/local/codex-4340-portable-invitation-d05ce370d2cb -> recovery/20261006/local/codex-4340-portable-invitation-d05ce370d2cb
2026-10-08T21:27:14.7413889Z  * [new tag]             recovery/20261006/local/codex-next-board-slice-709aa621e33a -> recovery/20261006/local/codex-next-board-slice-709aa621e33a
2026-10-08T21:27:14.7414945Z  * [new tag]             recovery/20261006/local/codex-rename-fabricate-to-make-97268783f0c5 -> recovery/20261006/local/codex-rename-fabricate-to-make-97268783f0c5
2026-10-08T21:27:14.7415957Z  * [new tag]             recovery/20261006/local/codex-repair-3709-host-shard-2547113a182e -> recovery/20261006/local/codex-repair-3709-host-shard-2547113a182e
2026-10-08T21:27:14.7416972Z  * [new tag]             recovery/20261006/retired-local/codex-4376-native-types-c5d1e50ce8ff -> recovery/20261006/retired-local/codex-4376-native-types-c5d1e50ce8ff
2026-10-08T21:27:14.7418116Z  * [new tag]             recovery/20261006/retired-local/codex-4382-consolidated-migrations-054ac5419d7f -> recovery/20261006/retired-local/codex-4382-consolidated-migrations-054ac5419d7f
2026-10-08T21:27:14.7419263Z  * [new tag]             recovery/20261006/retired-local/codex-4382-domain-variants-36288c75d9e8 -> recovery/20261006/retired-local/codex-4382-domain-variants-36288c75d9e8
2026-10-08T21:27:14.7420519Z  * [new tag]             recovery/20261006/retired-local/codex-4382-finance-comparison-d9c3957e9dc5 -> recovery/20261006/retired-local/codex-4382-finance-comparison-d9c3957e9dc5
2026-10-08T21:27:14.7421664Z  * [new tag]             recovery/20261006/retired-local/codex-4382-unit-variant-traits-aaff8e2da5fe -> recovery/20261006/retired-local/codex-4382-unit-variant-traits-aaff8e2da5fe
2026-10-08T21:27:14.7422857Z  * [new tag]             recovery/20261006/retired-local/codex-b-3718-presentation-contracts-d2888b56f8c4 -> recovery/20261006/retired-local/codex-b-3718-presentation-contracts-d2888b56f8c4
2026-10-08T21:27:14.7424083Z  * [new tag]             recovery/20261006/retired-local/codex-ci-one-body-evidence-scope-9a14c1d1e828 -> recovery/20261006/retired-local/codex-ci-one-body-evidence-scope-9a14c1d1e828
2026-10-08T21:27:14.7425269Z  * [new tag]             recovery/20261006/retired/codex-3529-flagship-journey-08df5b8b5f95 -> recovery/20261006/retired/codex-3529-flagship-journey-08df5b8b5f95
2026-10-08T21:27:14.7426269Z  * [new tag]             recovery/20261006/retired/codex-3666-bounded-cbor-5f9d1f144ee8 -> recovery/20261006/retired/codex-3666-bounded-cbor-5f9d1f144ee8
2026-10-08T21:27:14.7427260Z  * [new tag]             recovery/20261006/retired/codex-3686-emergency-machine-c770fade6735 -> recovery/20261006/retired/codex-3686-emergency-machine-c770fade6735
2026-10-08T21:27:14.7428417Z  * [new tag]             recovery/20261006/retired/codex-3746-retire-standalone-creche-proof-3bfd17115e94 -> recovery/20261006/retired/codex-3746-retire-standalone-creche-proof-3bfd17115e94
2026-10-08T21:27:14.7429573Z  * [new tag]             recovery/20261006/retired/codex-3864-presentation-step-1d28e91754ea -> recovery/20261006/retired/codex-3864-presentation-step-1d28e91754ea
2026-10-08T21:27:14.7430632Z  * [new tag]             recovery/20261006/retired/codex-4115-4117-finish-2a90dea6327b -> recovery/20261006/retired/codex-4115-4117-finish-2a90dea6327b
2026-10-08T21:27:14.7431624Z  * [new tag]             recovery/20261006/retired/codex-4115-native-mask-runtime-4a92e6c313f9 -> recovery/20261006/retired/codex-4115-native-mask-runtime-4a92e6c313f9
2026-10-08T21:27:14.7432683Z  * [new tag]             recovery/20261006/retired/codex-4115-spoken-generative-f0aa487a16d3 -> recovery/20261006/retired/codex-4115-spoken-generative-f0aa487a16d3
2026-10-08T21:27:14.7433793Z  * [new tag]             recovery/20261006/retired/codex-4117-conduitos-resource-vertical-f5b854e7512a -> recovery/20261006/retired/codex-4117-conduitos-resource-vertical-f5b854e7512a
2026-10-08T21:27:14.7435041Z  * [new tag]             recovery/20261006/retired/codex-4117-host-source-admission-3e1d333540b4 -> recovery/20261006/retired/codex-4117-host-source-admission-3e1d333540b4
2026-10-08T21:27:14.7436219Z  * [new tag]             recovery/20261006/retired/codex-4117-runtime-possession-6687634e5f79 -> recovery/20261006/retired/codex-4117-runtime-possession-6687634e5f79
2026-10-08T21:27:14.7437240Z  * [new tag]             recovery/20261006/retired/codex-4134-semantic-names-200b51188ff9 -> recovery/20261006/retired/codex-4134-semantic-names-200b51188ff9
2026-10-08T21:27:14.7438281Z  * [new tag]             recovery/20261006/retired/codex-4231-body-lifecycle-session-df254c589d71 -> recovery/20261006/retired/codex-4231-body-lifecycle-session-df254c589d71
2026-10-08T21:27:14.7439419Z  * [new tag]             recovery/20261006/retired/codex-4231-browser-admission-matrix-f461b346125d -> recovery/20261006/retired/codex-4231-browser-admission-matrix-f461b346125d
2026-10-08T21:27:14.7440541Z  * [new tag]             recovery/20261006/retired/codex-4231-delete-browser-home-eab1f13a25cb -> recovery/20261006/retired/codex-4231-delete-browser-home-eab1f13a25cb
2026-10-08T21:27:14.7441596Z  * [new tag]             recovery/20261006/retired/codex-4231-delete-browser-tour-bfe6e05ebccc -> recovery/20261006/retired/codex-4231-delete-browser-tour-bfe6e05ebccc
2026-10-08T21:27:14.7442743Z  * [new tag]             recovery/20261006/retired/codex-4231-delete-patchbay-execution-ui-bd6596caf7a4 -> recovery/20261006/retired/codex-4231-delete-patchbay-execution-ui-bd6596caf7a4
2026-10-08T21:27:14.7444113Z  * [new tag]             recovery/20261006/retired/codex-4231-delete-workspace-model-pool-22d5ff9c59a5 -> recovery/20261006/retired/codex-4231-delete-workspace-model-pool-22d5ff9c59a5
2026-10-08T21:27:14.7445346Z  * [new tag]             recovery/20261006/retired/codex-4231-form-library-ownership-29912643aa3b -> recovery/20261006/retired/codex-4231-form-library-ownership-29912643aa3b
2026-10-08T21:27:14.7446453Z  * [new tag]             recovery/20261006/retired/codex-4231-harvest-tour-journey-b5c4f828fc0c -> recovery/20261006/retired/codex-4231-harvest-tour-journey-b5c4f828fc0c
2026-10-08T21:27:14.7447535Z  * [new tag]             recovery/20261006/retired/codex-4231-home-form-ownership-b11a14b3b2cb -> recovery/20261006/retired/codex-4231-home-form-ownership-b11a14b3b2cb
2026-10-08T21:27:14.7448660Z  * [new tag]             recovery/20261006/retired/codex-4231-html-direct-patchbay-graph-d83082bbbc2f -> recovery/20261006/retired/codex-4231-html-direct-patchbay-graph-d83082bbbc2f
2026-10-08T21:27:14.7449832Z  * [new tag]             recovery/20261006/retired/codex-4231-tutorial-form-ownership-ea26cde49bec -> recovery/20261006/retired/codex-4231-tutorial-form-ownership-ea26cde49bec
2026-10-08T21:27:14.7450954Z  * [new tag]             recovery/20261006/retired/codex-4335-explicit-glyph-aliases-f6aa21e2fa90 -> recovery/20261006/retired/codex-4335-explicit-glyph-aliases-f6aa21e2fa90
2026-10-08T21:27:14.7452039Z  * [new tag]             recovery/20261006/retired/codex-4375-ai-float-vocabulary-b3eb6d3e95ed -> recovery/20261006/retired/codex-4375-ai-float-vocabulary-b3eb6d3e95ed
2026-10-08T21:27:14.7453134Z  * [new tag]             recovery/20261006/retired/codex-4375-education-assessment-85a07d291ec2 -> recovery/20261006/retired/codex-4375-education-assessment-85a07d291ec2
2026-10-08T21:27:14.7454229Z  * [new tag]             recovery/20261006/retired/codex-4375-house-request-family-766e73102e2c -> recovery/20261006/retired/codex-4375-house-request-family-766e73102e2c
2026-10-08T21:27:14.7455370Z  * [new tag]             recovery/20261006/retired/codex-4375-native-data-adjacent-8f87b6bfbf85 -> recovery/20261006/retired/codex-4375-native-data-adjacent-8f87b6bfbf85
2026-10-08T21:27:14.7456415Z  * [new tag]             recovery/20261006/retired/codex-4375-native-data-family-8190165f83f5 -> recovery/20261006/retired/codex-4375-native-data-family-8190165f83f5
2026-10-08T21:27:14.7457454Z  * [new tag]             recovery/20261006/retired/codex-4375-native-time-family-84d9014d1691 -> recovery/20261006/retired/codex-4375-native-time-family-84d9014d1691
2026-10-08T21:27:14.7458626Z  * [new tag]             recovery/20261006/retired/codex-4375-native-visual-family-7433c94c8918 -> recovery/20261006/retired/codex-4375-native-visual-family-7433c94c8918
2026-10-08T21:27:14.7459697Z  * [new tag]             recovery/20261006/retired/codex-4375-native-web-family-bc9e6354256a -> recovery/20261006/retired/codex-4375-native-web-family-bc9e6354256a
2026-10-08T21:27:14.7460730Z  * [new tag]             recovery/20261006/retired/codex-4375-native-wire-family-7a3e414e0c99 -> recovery/20261006/retired/codex-4375-native-wire-family-7a3e414e0c99
2026-10-08T21:27:14.7461797Z  * [new tag]             recovery/20261006/retired/codex-4375-next-portable-family-2fe9fd68b2a3 -> recovery/20261006/retired/codex-4375-next-portable-family-2fe9fd68b2a3
2026-10-08T21:27:14.7462889Z  * [new tag]             recovery/20261006/retired/codex-4375-presentation-vocabulary-1a44741acfa5 -> recovery/20261006/retired/codex-4375-presentation-vocabulary-1a44741acfa5
2026-10-08T21:27:14.7463993Z  * [new tag]             recovery/20261006/retired/codex-4375-signal-garden-family-84dbca2dcb0d -> recovery/20261006/retired/codex-4375-signal-garden-family-84dbca2dcb0d
2026-10-08T21:27:14.7465184Z  * [new tag]             recovery/20261006/retired/codex-4376-presentation-consumers-1687e6263967 -> recovery/20261006/retired/codex-4376-presentation-consumers-1687e6263967
2026-10-08T21:27:14.7466443Z  * [new tag]             recovery/20261006/retired/codex-4378-flow-activation-targets-8cf5f11ceb1e -> recovery/20261006/retired/codex-4378-flow-activation-targets-8cf5f11ceb1e
2026-10-08T21:27:14.7467529Z  * [new tag]             recovery/20261006/retired/codex-4378-flow-bounded-total-1be1c267b1ec -> recovery/20261006/retired/codex-4378-flow-bounded-total-1be1c267b1ec
2026-10-08T21:27:14.7468560Z  * [new tag]             recovery/20261006/retired/codex-4378-flow-collect-back-ba3819275ea7 -> recovery/20261006/retired/codex-4378-flow-collect-back-ba3819275ea7
2026-10-08T21:27:14.7469606Z  * [new tag]             recovery/20261006/retired/codex-4378-flow-collect-browser-5a7d7e0dff12 -> recovery/20261006/retired/codex-4378-flow-collect-browser-5a7d7e0dff12
2026-10-08T21:27:14.7470717Z  * [new tag]             recovery/20261006/retired/codex-4378-flow-collect-contract-3bada0a85402 -> recovery/20261006/retired/codex-4378-flow-collect-contract-3bada0a85402
2026-10-08T21:27:14.7471798Z  * [new tag]             recovery/20261006/retired/codex-4378-flow-collect-offer-aeea5b750b46 -> recovery/20261006/retired/codex-4378-flow-collect-offer-aeea5b750b46
2026-10-08T21:27:14.7472815Z  * [new tag]             recovery/20261006/retired/codex-4378-flow-each-kind-96945474de7e -> recovery/20261006/retired/codex-4378-flow-each-kind-96945474de7e
2026-10-08T21:27:14.7473797Z  * [new tag]             recovery/20261006/retired/codex-4378-flow-each-source-13b49e32a675 -> recovery/20261006/retired/codex-4378-flow-each-source-13b49e32a675
2026-10-08T21:27:14.7474842Z  * [new tag]             recovery/20261006/retired/codex-4378-flow-fold-35f41fb6b9c5 -> recovery/20261006/retired/codex-4378-flow-fold-35f41fb6b9c5
2026-10-08T21:27:14.7475844Z  * [new tag]             recovery/20261006/retired/codex-4378-flow-fold-execution-21f1237576f4 -> recovery/20261006/retired/codex-4378-flow-fold-execution-21f1237576f4
2026-10-08T21:27:14.7476819Z  * [new tag]             recovery/20261006/retired/codex-4378-flow-scan-024a3b792ae0 -> recovery/20261006/retired/codex-4378-flow-scan-024a3b792ae0
2026-10-08T21:27:14.7477725Z  * [new tag]             recovery/20261006/retired/codex-4378-flow-select-fe555964f4d2 -> recovery/20261006/retired/codex-4378-flow-select-fe555964f4d2
2026-10-08T21:27:14.7478732Z  * [new tag]             recovery/20261006/retired/codex-4378-flow-select-runtime-75797dee5d4d -> recovery/20261006/retired/codex-4378-flow-select-runtime-75797dee5d4d
2026-10-08T21:27:14.7479919Z  * [new tag]             recovery/20261006/retired/codex-4382-ai-model-signature-representation-f732525f1975 -> recovery/20261006/retired/codex-4382-ai-model-signature-representation-f732525f1975
2026-10-08T21:27:14.7481266Z  * [new tag]             recovery/20261006/retired/codex-4382-alife-lenia-chunk-kind-760fe1e9ddc4 -> recovery/20261006/retired/codex-4382-alife-lenia-chunk-kind-760fe1e9ddc4
2026-10-08T21:27:14.7482449Z  * [new tag]             recovery/20261006/retired/codex-4382-alife-lenia-chunk-native-dev-96dfa23dc35b -> recovery/20261006/retired/codex-4382-alife-lenia-chunk-native-dev-96dfa23dc35b
2026-10-08T21:27:14.7483581Z  * [new tag]             recovery/20261006/retired/codex-4382-chat-state-types-200ceb680751 -> recovery/20261006/retired/codex-4382-chat-state-types-200ceb680751
2026-10-08T21:27:14.7484850Z  * [new tag]             recovery/20261006/retired/codex-4382-data-policy-types-671da17f9c3b -> recovery/20261006/retired/codex-4382-data-policy-types-671da17f9c3b
2026-10-08T21:27:14.7486174Z  * [new tag]             recovery/20261006/retired/codex-4382-human-chord-native-dev-edd12f0a17bd -> recovery/20261006/retired/codex-4382-human-chord-native-dev-edd12f0a17bd
2026-10-08T21:27:14.7487540Z  * [new tag]             recovery/20261006/retired/codex-4382-human-chord-vocabulary-f855f80fed51 -> recovery/20261006/retired/codex-4382-human-chord-vocabulary-f855f80fed51
2026-10-08T21:27:14.7489297Z  * [new tag]             recovery/20261006/retired/codex-4382-native-experience-vocabulary-ea512b4c417b -> recovery/20261006/retired/codex-4382-native-experience-vocabulary-ea512b4c417b
2026-10-08T21:27:14.7491108Z  * [new tag]             recovery/20261006/retired/codex-4382-native-garden-refusal-b6d94afa13c6 -> recovery/20261006/retired/codex-4382-native-garden-refusal-b6d94afa13c6
2026-10-08T21:27:14.7492266Z  * [new tag]             recovery/20261006/retired/codex-4382-native-math-scalar-refusal-8f73a2cce593 -> recovery/20261006/retired/codex-4382-native-math-scalar-refusal-8f73a2cce593
2026-10-08T21:27:14.7493420Z  * [new tag]             recovery/20261006/retired/codex-4382-native-musical-control-453647c0c581 -> recovery/20261006/retired/codex-4382-native-musical-control-453647c0c581
2026-10-08T21:27:14.7494791Z  * [new tag]             recovery/20261006/retired/codex-4382-native-normalized-quantity-refusal-a5d839172932 -> recovery/20261006/retired/codex-4382-native-normalized-quantity-refusal-a5d839172932
2026-10-08T21:27:14.7496125Z  * [new tag]             recovery/20261006/retired/codex-4382-native-presentation-vocabulary-a8526e83acb6 -> recovery/20261006/retired/codex-4382-native-presentation-vocabulary-a8526e83acb6
2026-10-08T21:27:14.7497562Z  * [new tag]             recovery/20261006/retired/codex-4382-native-quantity-mapping-vocabulary-7a2210e4eaa4 -> recovery/20261006/retired/codex-4382-native-quantity-mapping-vocabulary-7a2210e4eaa4
2026-10-08T21:27:14.7499371Z  * [new tag]             recovery/20261006/retired/codex-4382-native-robotics-simulation-availability-b121f1334762 -> recovery/20261006/retired/codex-4382-native-robotics-simulation-availability-b121f1334762
2026-10-08T21:27:14.7500684Z  * [new tag]             recovery/20261006/retired/codex-4382-native-scalar-comparison-a1b75daba372 -> recovery/20261006/retired/codex-4382-native-scalar-comparison-a1b75daba372
2026-10-08T21:27:14.7501853Z  * [new tag]             recovery/20261006/retired/codex-4382-native-schedule-vocabulary-44599535beea -> recovery/20261006/retired/codex-4382-native-schedule-vocabulary-44599535beea
2026-10-08T21:27:14.7503036Z  * [new tag]             recovery/20261006/retired/codex-4382-native-sequence-refusals-274bde626a0e -> recovery/20261006/retired/codex-4382-native-sequence-refusals-274bde626a0e
2026-10-08T21:27:14.7504401Z  * [new tag]             recovery/20261006/retired/codex-4382-native-signal-records-ac392b0fdd43 -> recovery/20261006/retired/codex-4382-native-signal-records-ac392b0fdd43
2026-10-08T21:27:14.7505835Z  * [new tag]             recovery/20261006/retired/codex-4382-native-template-collection-refusal-69d609ef7c31 -> recovery/20261006/retired/codex-4382-native-template-collection-refusal-69d609ef7c31
2026-10-08T21:27:14.7507135Z  * [new tag]             recovery/20261006/retired/codex-4382-native-workflow-timing-outcome-53d4ac61ae37 -> recovery/20261006/retired/codex-4382-native-workflow-timing-outcome-53d4ac61ae37
2026-10-08T21:27:14.7508428Z  * [new tag]             recovery/20261006/retired/codex-4382-network-unit-types-ae00c4eaccc1 -> recovery/20261006/retired/codex-4382-network-unit-types-ae00c4eaccc1
2026-10-08T21:27:14.7509602Z  * [new tag]             recovery/20261006/retired/codex-4382-presentation-graphics-native-dev-1fa03c3e413d -> recovery/20261006/retired/codex-4382-presentation-graphics-native-dev-1fa03c3e413d
2026-10-08T21:27:14.7511037Z  * [new tag]             recovery/20261006/retired/codex-4382-presentation-graphics-vocabulary-c5c25199c8ba -> recovery/20261006/retired/codex-4382-presentation-graphics-vocabulary-c5c25199c8ba
2026-10-08T21:27:14.7512273Z  * [new tag]             recovery/20261006/retired/codex-4382-robotics-variants-8201ea547a32 -> recovery/20261006/retired/codex-4382-robotics-variants-8201ea547a32
2026-10-08T21:27:14.7513249Z  * [new tag]             recovery/20261006/retired/codex-4382-text-phase-5a401f149ba0 -> recovery/20261006/retired/codex-4382-text-phase-5a401f149ba0
2026-10-08T21:27:14.7514231Z  * [new tag]             recovery/20261006/retired/codex-4382-web-http-variants-4d9a82f68fef -> recovery/20261006/retired/codex-4382-web-http-variants-4d9a82f68fef
2026-10-08T21:27:14.7515620Z  * [new tag]             recovery/20261006/retired/codex-4428-audio-tone-representation-154ff52ba339 -> recovery/20261006/retired/codex-4428-audio-tone-representation-154ff52ba339
2026-10-08T21:27:14.7516749Z  * [new tag]             recovery/20261006/retired/codex-4484-quiescence-language-c8b30d4b85df -> recovery/20261006/retired/codex-4484-quiescence-language-c8b30d4b85df
2026-10-08T21:27:14.7517839Z  * [new tag]             recovery/20261006/retired/codex-4519-host-release-dispatch-6ca539289d5f -> recovery/20261006/retired/codex-4519-host-release-dispatch-6ca539289d5f
2026-10-08T21:27:14.7518897Z  * [new tag]             recovery/20261006/retired/codex-4674-typed-case-tests-ef4b89891248 -> recovery/20261006/retired/codex-4674-typed-case-tests-ef4b89891248
2026-10-08T21:27:14.7520198Z  * [new tag]             recovery/20261006/retired/codex-4807-browser-wardrobe-ui-1fc74ce4224a -> recovery/20261006/retired/codex-4807-browser-wardrobe-ui-1fc74ce4224a
2026-10-08T21:27:14.7521729Z  * [new tag]             recovery/20261006/retired/codex-4807-explicit-route-switch-d0ed24896715 -> recovery/20261006/retired/codex-4807-explicit-route-switch-d0ed24896715
2026-10-08T21:27:14.7523165Z  * [new tag]             recovery/20261006/retired/codex-4807-native-compositor-diagnostic-e3bc3e4fe6ec -> recovery/20261006/retired/codex-4807-native-compositor-diagnostic-e3bc3e4fe6ec
2026-10-08T21:27:14.7524357Z  * [new tag]             recovery/20261006/retired/codex-4807-native-face-domain-reset-4b561c3f1c91 -> recovery/20261006/retired/codex-4807-native-face-domain-reset-4b561c3f1c91
2026-10-08T21:27:14.7525699Z  * [new tag]             recovery/20261006/retired/codex-4807-native-face-reseal-d275e9f019fd -> recovery/20261006/retired/codex-4807-native-face-reseal-d275e9f019fd
2026-10-08T21:27:14.7526802Z  * [new tag]             recovery/20261006/retired/codex-4807-native-owner-retirement-ece0c8b6838f -> recovery/20261006/retired/codex-4807-native-owner-retirement-ece0c8b6838f
2026-10-08T21:27:14.7528024Z  * [new tag]             recovery/20261006/retired/codex-4807-native-refreshed-route-diagnostic-bac4cdc4fb0b -> recovery/20261006/retired/codex-4807-native-refreshed-route-diagnostic-bac4cdc4fb0b
2026-10-08T21:27:14.7529244Z  * [new tag]             recovery/20261006/retired/codex-4807-native-selected-wardrobe-49448047a739 -> recovery/20261006/retired/codex-4807-native-selected-wardrobe-49448047a739
2026-10-08T21:27:14.7530383Z  * [new tag]             recovery/20261006/retired/codex-4807-native-standby-selection-e50f5a7f4c40 -> recovery/20261006/retired/codex-4807-native-standby-selection-e50f5a7f4c40
2026-10-08T21:27:14.7531585Z  * [new tag]             recovery/20261006/retired/codex-4807-owner-action-proof-correlation-54422b8ad0fd -> recovery/20261006/retired/codex-4807-owner-action-proof-correlation-54422b8ad0fd
2026-10-08T21:27:14.7532878Z  * [new tag]             recovery/20261006/retired/codex-4807-owner-direct-live-1fb8c8ba0b44 -> recovery/20261006/retired/codex-4807-owner-direct-live-1fb8c8ba0b44
2026-10-08T21:27:14.7533902Z  * [new tag]             recovery/20261006/retired/codex-4807-owner-direct-plot-08bd2a419d99 -> recovery/20261006/retired/codex-4807-owner-direct-plot-08bd2a419d99
2026-10-08T21:27:14.7535248Z  * [new tag]             recovery/20261006/retired/codex-4807-owner-direct-show-contract-c601e5952a99 -> recovery/20261006/retired/codex-4807-owner-direct-show-contract-c601e5952a99
2026-10-08T21:27:14.7536347Z  * [new tag]             recovery/20261006/retired/codex-4807-owner-llm-live-4b28801a2baf -> recovery/20261006/retired/codex-4807-owner-llm-live-4b28801a2baf
2026-10-08T21:27:14.7537345Z  * [new tag]             recovery/20261006/retired/codex-4807-owner-model-boot-f62fd8386bf4 -> recovery/20261006/retired/codex-4807-owner-model-boot-f62fd8386bf4
2026-10-08T21:27:14.7538403Z  * [new tag]             recovery/20261006/retired/codex-4807-owner-speech-wardrobe-cd69c75dc47c -> recovery/20261006/retired/codex-4807-owner-speech-wardrobe-cd69c75dc47c
2026-10-08T21:27:14.7539597Z  * [new tag]             recovery/20261006/retired/codex-4807-owner-spoken-mask-20dec6ae5b05 -> recovery/20261006/retired/codex-4807-owner-spoken-mask-20dec6ae5b05
2026-10-08T21:27:14.7540699Z  * [new tag]             recovery/20261006/retired/codex-4807-per-play-spoken-artifacts-c5ab08730828 -> recovery/20261006/retired/codex-4807-per-play-spoken-artifacts-c5ab08730828
2026-10-08T21:27:14.7541842Z  * [new tag]             recovery/20261006/retired/codex-4807-workload-route-reseal-b99b323934e4 -> recovery/20261006/retired/codex-4807-workload-route-reseal-b99b323934e4
2026-10-08T21:27:14.7542859Z  * [new tag]             recovery/20261006/retired/codex-4831-control-ring-5057cc0f2a7f -> recovery/20261006/retired/codex-4831-control-ring-5057cc0f2a7f
2026-10-08T21:27:14.7543944Z  * [new tag]             recovery/20261006/retired/codex-4831-controller-event-retention-e4a598d72bee -> recovery/20261006/retired/codex-4831-controller-event-retention-e4a598d72bee
2026-10-08T21:27:14.7545254Z  * [new tag]             recovery/20261006/retired/codex-4831-hid-boot-control-7b9347ed35d3 -> recovery/20261006/retired/codex-4831-hid-boot-control-7b9347ed35d3
2026-10-08T21:27:14.7546305Z  * [new tag]             recovery/20261006/retired/codex-4831-hid-native-current-66cccd9c7bf6 -> recovery/20261006/retired/codex-4831-hid-native-current-66cccd9c7bf6
2026-10-08T21:27:14.7547360Z  * [new tag]             recovery/20261006/retired/codex-4831-hid-source-admission-686a9dbdb789 -> recovery/20261006/retired/codex-4831-hid-source-admission-686a9dbdb789
2026-10-08T21:27:14.7548506Z  * [new tag]             recovery/20261006/retired/codex-4831-mouse-capture-integration-ccb7c84eb46a -> recovery/20261006/retired/codex-4831-mouse-capture-integration-ccb7c84eb46a
2026-10-08T21:27:14.7549630Z  * [new tag]             recovery/20261006/retired/codex-4831-mouse-native-capture-b9f9f75bd5e4 -> recovery/20261006/retired/codex-4831-mouse-native-capture-b9f9f75bd5e4
2026-10-08T21:27:14.7550732Z  * [new tag]             recovery/20261006/retired/codex-4831-native-placement-issuer-eed212819e75 -> recovery/20261006/retired/codex-4831-native-placement-issuer-eed212819e75
2026-10-08T21:27:14.7551826Z  * [new tag]             recovery/20261006/retired/codex-4831-ordinary-hid-input-d07fb3b110a1 -> recovery/20261006/retired/codex-4831-ordinary-hid-input-d07fb3b110a1
2026-10-08T21:27:14.7552934Z  * [new tag]             recovery/20261006/retired/codex-4831-ordinary-hid-installation-859d8ea64fc9 -> recovery/20261006/retired/codex-4831-ordinary-hid-installation-859d8ea64fc9
2026-10-08T21:27:14.7554104Z  * [new tag]             recovery/20261006/retired/codex-4831-ordinary-hid-ordered-input-a14f78e112c5 -> recovery/20261006/retired/codex-4831-ordinary-hid-ordered-input-a14f78e112c5
2026-10-08T21:27:14.7555402Z  * [new tag]             recovery/20261006/retired/codex-4831-ordinary-hid-window-6d966537261a -> recovery/20261006/retired/codex-4831-ordinary-hid-window-6d966537261a
2026-10-08T21:27:14.7556468Z  * [new tag]             recovery/20261006/retired/codex-4831-xhci-command-events-e6091d920222 -> recovery/20261006/retired/codex-4831-xhci-command-events-e6091d920222
2026-10-08T21:27:14.7557514Z  * [new tag]             recovery/20261006/retired/codex-4922-owner-body-wardrobe-1d157f5471a8 -> recovery/20261006/retired/codex-4922-owner-body-wardrobe-1d157f5471a8
2026-10-08T21:27:14.7558538Z  * [new tag]             recovery/20261006/retired/codex-4952-projection-loss-c8be94ab0161 -> recovery/20261006/retired/codex-4952-projection-loss-c8be94ab0161
2026-10-08T21:27:14.7559542Z  * [new tag]             recovery/20261006/retired/codex-4957-hosted-current-12504f677477 -> recovery/20261006/retired/codex-4957-hosted-current-12504f677477
2026-10-08T21:27:14.7560512Z  * [new tag]             recovery/20261006/retired/codex-4957-hosted-final-c79dd2e7fee4 -> recovery/20261006/retired/codex-4957-hosted-final-c79dd2e7fee4
2026-10-08T21:27:14.7561452Z  * [new tag]             recovery/20261006/retired/codex-4957-hosted-locks-7bf67e012062 -> recovery/20261006/retired/codex-4957-hosted-locks-7bf67e012062
2026-10-08T21:27:14.7562580Z  * [new tag]             recovery/20261006/retired/codex-4957-hosted-publication-7bf67e012062 -> recovery/20261006/retired/codex-4957-hosted-publication-7bf67e012062
2026-10-08T21:27:14.7563622Z  * [new tag]             recovery/20261006/retired/codex-4957-hosted-speech-569c6d31c518 -> recovery/20261006/retired/codex-4957-hosted-speech-569c6d31c518
2026-10-08T21:27:14.7564931Z  * [new tag]             recovery/20261006/retired/codex-4957-source-material-current-9f04cdfee772 -> recovery/20261006/retired/codex-4957-source-material-current-9f04cdfee772
2026-10-08T21:27:14.7566116Z  * [new tag]             recovery/20261006/retired/codex-4957-source-publication-78c66755184a -> recovery/20261006/retired/codex-4957-source-publication-78c66755184a
2026-10-08T21:27:14.7567129Z  * [new tag]             recovery/20261006/retired/codex-4957-source-spine-45ad91632f37 -> recovery/20261006/retired/codex-4957-source-spine-45ad91632f37
2026-10-08T21:27:14.7568080Z  * [new tag]             recovery/20261006/retired/codex-4957-source-text-2ba92fdb2d33 -> recovery/20261006/retired/codex-4957-source-text-2ba92fdb2d33
2026-10-08T21:27:14.7569050Z  * [new tag]             recovery/20261006/retired/codex-4984-apt-diagnostic-16c24fe7757e -> recovery/20261006/retired/codex-4984-apt-diagnostic-16c24fe7757e
2026-10-08T21:27:14.7570075Z  * [new tag]             recovery/20261006/retired/codex-4984-apt-diagnostic-auth-a251439459bc -> recovery/20261006/retired/codex-4984-apt-diagnostic-auth-a251439459bc
2026-10-08T21:27:14.7571148Z  * [new tag]             recovery/20261006/retired/codex-4984-apt-diagnostic-fixed-174fad16f017 -> recovery/20261006/retired/codex-4984-apt-diagnostic-fixed-174fad16f017
2026-10-08T21:27:14.7572192Z  * [new tag]             recovery/20261006/retired/codex-all-open-integration-9da3e0760dd6 -> recovery/20261006/retired/codex-all-open-integration-9da3e0760dd6
2026-10-08T21:27:14.7573313Z  * [new tag]             recovery/20261006/retired/codex-b-3712-canonical-primitive-info-db9061b4ed7c -> recovery/20261006/retired/codex-b-3712-canonical-primitive-info-db9061b4ed7c
2026-10-08T21:27:14.7574518Z  * [new tag]             recovery/20261006/retired/codex-b-3716-semantic-substitutability-3fbf582c8f8d -> recovery/20261006/retired/codex-b-3716-semantic-substitutability-3fbf582c8f8d
2026-10-08T21:27:14.7575682Z  * [new tag]             recovery/20261006/retired/codex-b-3718-ai-offers-8b8227b6b649 -> recovery/20261006/retired/codex-b-3718-ai-offers-8b8227b6b649
2026-10-08T21:27:14.7576652Z  * [new tag]             recovery/20261006/retired/codex-b-3718-alife-contracts-63213a0a61b3 -> recovery/20261006/retired/codex-b-3718-alife-contracts-63213a0a61b3
2026-10-08T21:27:14.7577723Z  * [new tag]             recovery/20261006/retired/codex-b-3718-body-chat-contracts-614044d69ebf -> recovery/20261006/retired/codex-b-3718-body-chat-contracts-614044d69ebf
2026-10-08T21:27:14.7579088Z  * [new tag]             recovery/20261006/retired/codex-b-3718-browser-button-attempt-ed62ae9f7d49 -> recovery/20261006/retired/codex-b-3718-browser-button-attempt-ed62ae9f7d49
2026-10-08T21:27:14.7580414Z  * [new tag]             recovery/20261006/retired/codex-b-3718-browser-garden-bf4f8826aad7 -> recovery/20261006/retired/codex-b-3718-browser-garden-bf4f8826aad7
2026-10-08T21:27:14.7581713Z  * [new tag]             recovery/20261006/retired/codex-b-3718-browser-history-e41ed8e24581 -> recovery/20261006/retired/codex-b-3718-browser-history-e41ed8e24581
2026-10-08T21:27:14.7583355Z  * [new tag]             recovery/20261006/retired/codex-b-3718-browser-human-media-29a603fe25b2 -> recovery/20261006/retired/codex-b-3718-browser-human-media-29a603fe25b2
2026-10-08T21:27:14.7585029Z  * [new tag]             recovery/20261006/retired/codex-b-3718-browser-input-offers-de667515a133 -> recovery/20261006/retired/codex-b-3718-browser-input-offers-de667515a133
2026-10-08T21:27:14.7586167Z  * [new tag]             recovery/20261006/retired/codex-b-3718-browser-linguistics-f1dfa3090023 -> recovery/20261006/retired/codex-b-3718-browser-linguistics-f1dfa3090023
2026-10-08T21:27:14.7587568Z  * [new tag]             recovery/20261006/retired/codex-b-3718-browser-measurement-plot-53f39c41b70a -> recovery/20261006/retired/codex-b-3718-browser-measurement-plot-53f39c41b70a
2026-10-08T21:27:14.7589198Z  * [new tag]             recovery/20261006/retired/codex-b-3718-browser-measurement-presentation-0454d9b7241f -> recovery/20261006/retired/codex-b-3718-browser-measurement-presentation-0454d9b7241f
2026-10-08T21:27:14.7590474Z  * [new tag]             recovery/20261006/retired/codex-b-3718-browser-measurement-state-371ebffedf3f -> recovery/20261006/retired/codex-b-3718-browser-measurement-state-371ebffedf3f
2026-10-08T21:27:14.7591714Z  * [new tag]             recovery/20261006/retired/codex-b-3718-browser-measurement-summary-ad0ec9d41be4 -> recovery/20261006/retired/codex-b-3718-browser-measurement-summary-ad0ec9d41be4
2026-10-08T21:27:14.7592836Z  * [new tag]             recovery/20261006/retired/codex-b-3718-browser-morse-1ed3fecefd65 -> recovery/20261006/retired/codex-b-3718-browser-morse-1ed3fecefd65
2026-10-08T21:27:14.7594394Z  * [new tag]             recovery/20261006/retired/codex-b-3718-browser-offer-migration-1731d45645d0 -> recovery/20261006/retired/codex-b-3718-browser-offer-migration-1731d45645d0
2026-10-08T21:27:14.7595862Z  * [new tag]             recovery/20261006/retired/codex-b-3718-browser-pointer-offer-02bd350c4328 -> recovery/20261006/retired/codex-b-3718-browser-pointer-offer-02bd350c4328
2026-10-08T21:27:14.7597037Z  * [new tag]             recovery/20261006/retired/codex-b-3718-browser-pointer-selectors-77f9933b718d -> recovery/20261006/retired/codex-b-3718-browser-pointer-selectors-77f9933b718d
2026-10-08T21:27:14.7598190Z  * [new tag]             recovery/20261006/retired/codex-b-3718-browser-presenters-00d2600da051 -> recovery/20261006/retired/codex-b-3718-browser-presenters-00d2600da051
2026-10-08T21:27:14.7599297Z  * [new tag]             recovery/20261006/retired/codex-b-3718-browser-quantity-offer-0dcc90a11990 -> recovery/20261006/retired/codex-b-3718-browser-quantity-offer-0dcc90a11990
2026-10-08T21:27:14.7600438Z  * [new tag]             recovery/20261006/retired/codex-b-3718-browser-replay-594bb2a19a48 -> recovery/20261006/retired/codex-b-3718-browser-replay-594bb2a19a48
2026-10-08T21:27:14.7602389Z  * [new tag]             recovery/20261006/retired/codex-b-3718-browser-rhythm-5e94fe2085b2 -> recovery/20261006/retired/codex-b-3718-browser-rhythm-5e94fe2085b2
2026-10-08T21:27:14.7604891Z  * [new tag]             recovery/20261006/retired/codex-b-3718-browser-specimen-capture-c07b43d42a30 -> recovery/20261006/retired/codex-b-3718-browser-specimen-capture-c07b43d42a30
2026-10-08T21:27:14.7607344Z  * [new tag]             recovery/20261006/retired/codex-b-3718-browser-structured-text-fe99bbdce03d -> recovery/20261006/retired/codex-b-3718-browser-structured-text-fe99bbdce03d
2026-10-08T21:27:14.7609347Z  * [new tag]             recovery/20261006/retired/codex-b-3718-browser-time-every-offer-186dda1ce23f -> recovery/20261006/retired/codex-b-3718-browser-time-every-offer-186dda1ce23f
2026-10-08T21:27:14.7611265Z  * [new tag]             recovery/20261006/retired/codex-b-3718-button-indicator-contracts-59bdd2be9d1f -> recovery/20261006/retired/codex-b-3718-button-indicator-contracts-59bdd2be9d1f
2026-10-08T21:27:14.7612452Z  * [new tag]             recovery/20261006/retired/codex-b-3718-calendar-contracts-8a450eaa8579 -> recovery/20261006/retired/codex-b-3718-calendar-contracts-8a450eaa8579
2026-10-08T21:27:14.7613516Z  * [new tag]             recovery/20261006/retired/codex-b-3718-calendar-offers-d52ff0d48a75 -> recovery/20261006/retired/codex-b-3718-calendar-offers-d52ff0d48a75
2026-10-08T21:27:14.7614513Z  * [new tag]             recovery/20261006/retired/codex-b-3718-chat-offers-38c50692de57 -> recovery/20261006/retired/codex-b-3718-chat-offers-38c50692de57
2026-10-08T21:27:14.7615776Z  * [new tag]             recovery/20261006/retired/codex-b-3718-conduitos-functional-7c5e1edc19b3 -> recovery/20261006/retired/codex-b-3718-conduitos-functional-7c5e1edc19b3
2026-10-08T21:27:14.7616982Z  * [new tag]             recovery/20261006/retired/codex-b-3718-conduitos-http-257dce4f27be -> recovery/20261006/retired/codex-b-3718-conduitos-http-257dce4f27be
2026-10-08T21:27:14.7618156Z  * [new tag]             recovery/20261006/retired/codex-b-3718-conversation-commit-contracts-74aad34e2d74 -> recovery/20261006/retired/codex-b-3718-conversation-commit-contracts-74aad34e2d74
2026-10-08T21:27:14.7619378Z  * [new tag]             recovery/20261006/retired/codex-b-3718-copy-result-presentation-84861c718fd2 -> recovery/20261006/retired/codex-b-3718-copy-result-presentation-84861c718fd2
2026-10-08T21:27:14.7620494Z  * [new tag]             recovery/20261006/retired/codex-b-3718-data-offers-989a5b17c447 -> recovery/20261006/retired/codex-b-3718-data-offers-989a5b17c447
2026-10-08T21:27:14.7621571Z  * [new tag]             recovery/20261006/retired/codex-b-3718-domain-specimen-contracts-89d1396451bd -> recovery/20261006/retired/codex-b-3718-domain-specimen-contracts-89d1396451bd
2026-10-08T21:27:14.7622717Z  * [new tag]             recovery/20261006/retired/codex-b-3718-flow-state-contracts-70d410c87b28 -> recovery/20261006/retired/codex-b-3718-flow-state-contracts-70d410c87b28
2026-10-08T21:27:14.7623883Z  * [new tag]             recovery/20261006/retired/codex-b-3718-generalized-input-contracts-8ace73def64f -> recovery/20261006/retired/codex-b-3718-generalized-input-contracts-8ace73def64f
2026-10-08T21:27:14.7625253Z  * [new tag]             recovery/20261006/retired/codex-b-3718-geometry-offers-d7154dbea0e3 -> recovery/20261006/retired/codex-b-3718-geometry-offers-d7154dbea0e3
2026-10-08T21:27:14.7626363Z  * [new tag]             recovery/20261006/retired/codex-b-3718-house-prompt-contract-1a8a6f8d479e -> recovery/20261006/retired/codex-b-3718-house-prompt-contract-1a8a6f8d479e
2026-10-08T21:27:14.7627404Z  * [new tag]             recovery/20261006/retired/codex-b-3718-http-offers-3b353552d933 -> recovery/20261006/retired/codex-b-3718-http-offers-3b353552d933
2026-10-08T21:27:14.7628446Z  * [new tag]             recovery/20261006/retired/codex-b-3718-image-text-contracts-1e40a22c3cb9 -> recovery/20261006/retired/codex-b-3718-image-text-contracts-1e40a22c3cb9
2026-10-08T21:27:14.7629559Z  * [new tag]             recovery/20261006/retired/codex-b-3718-isolated-http-offer-5f9f62b561c5 -> recovery/20261006/retired/codex-b-3718-isolated-http-offer-5f9f62b561c5
2026-10-08T21:27:14.7630607Z  * [new tag]             recovery/20261006/retired/codex-b-3718-json-contracts-6b3a50fd444a -> recovery/20261006/retired/codex-b-3718-json-contracts-6b3a50fd444a
2026-10-08T21:27:14.7631658Z  * [new tag]             recovery/20261006/retired/codex-b-3718-keyboard-contract-cff651cedc0a -> recovery/20261006/retired/codex-b-3718-keyboard-contract-cff651cedc0a
2026-10-08T21:27:14.7632898Z  * [new tag]             recovery/20261006/retired/codex-b-3718-linguistics-offers-1638b112cb5d -> recovery/20261006/retired/codex-b-3718-linguistics-offers-1638b112cb5d
2026-10-08T21:27:14.7634016Z  * [new tag]             recovery/20261006/retired/codex-b-3718-local-vision-contracts-349c04200fe7 -> recovery/20261006/retired/codex-b-3718-local-vision-contracts-349c04200fe7
2026-10-08T21:27:14.7635360Z  * [new tag]             recovery/20261006/retired/codex-b-3718-messaging-offers-8d9332856bc5 -> recovery/20261006/retired/codex-b-3718-messaging-offers-8d9332856bc5
2026-10-08T21:27:14.7636442Z  * [new tag]             recovery/20261006/retired/codex-b-3718-microphone-contract-a0b6d075a163 -> recovery/20261006/retired/codex-b-3718-microphone-contract-a0b6d075a163
2026-10-08T21:27:14.7637536Z  * [new tag]             recovery/20261006/retired/codex-b-3718-model-text-contracts-e9ec0761b2f4 -> recovery/20261006/retired/codex-b-3718-model-text-contracts-e9ec0761b2f4
2026-10-08T21:27:14.7638717Z  * [new tag]             recovery/20261006/retired/codex-b-3718-morse-composition-contract-3d767dd1a58c -> recovery/20261006/retired/codex-b-3718-morse-composition-contract-3d767dd1a58c
2026-10-08T21:27:14.7640008Z  * [new tag]             recovery/20261006/retired/codex-b-3718-navigation-contracts-a0ed3856d15d -> recovery/20261006/retired/codex-b-3718-navigation-contracts-a0ed3856d15d
2026-10-08T21:27:14.7641100Z  * [new tag]             recovery/20261006/retired/codex-b-3718-network-offers-f1bf1bb629fa -> recovery/20261006/retired/codex-b-3718-network-offers-f1bf1bb629fa
2026-10-08T21:27:14.7642247Z  * [new tag]             recovery/20261006/retired/codex-b-3718-normalized-pattern-contract-fc9720f7fb41 -> recovery/20261006/retired/codex-b-3718-normalized-pattern-contract-fc9720f7fb41
2026-10-08T21:27:14.7643436Z  * [new tag]             recovery/20261006/retired/codex-b-3718-offer-construction-be68c441b713 -> recovery/20261006/retired/codex-b-3718-offer-construction-be68c441b713
2026-10-08T21:27:14.7644511Z  * [new tag]             recovery/20261006/retired/codex-b-3718-offer-drift-guard-b4594e1ec129 -> recovery/20261006/retired/codex-b-3718-offer-drift-guard-b4594e1ec129
2026-10-08T21:27:14.7645877Z  * [new tag]             recovery/20261006/retired/codex-b-3718-pattern-comparison-contract-6b29a669e02c -> recovery/20261006/retired/codex-b-3718-pattern-comparison-contract-6b29a669e02c
2026-10-08T21:27:14.7647022Z  * [new tag]             recovery/20261006/retired/codex-b-3718-pete-robotics-59e8d3cf5f9b -> recovery/20261006/retired/codex-b-3718-pete-robotics-59e8d3cf5f9b
2026-10-08T21:27:14.7648117Z  * [new tag]             recovery/20261006/retired/codex-b-3718-presentation-identities-8764d94766e6 -> recovery/20261006/retired/codex-b-3718-presentation-identities-8764d94766e6
2026-10-08T21:27:14.7649256Z  * [new tag]             recovery/20261006/retired/codex-b-3718-presentation-offers-6acbc51d2e36 -> recovery/20261006/retired/codex-b-3718-presentation-offers-6acbc51d2e36
2026-10-08T21:27:14.7650439Z  * [new tag]             recovery/20261006/retired/codex-b-3718-pulse-observation-contract-4052550ceb4b -> recovery/20261006/retired/codex-b-3718-pulse-observation-contract-4052550ceb4b
2026-10-08T21:27:14.7651591Z  * [new tag]             recovery/20261006/retired/codex-b-3718-quantity-contracts-d5e178c96d04 -> recovery/20261006/retired/codex-b-3718-quantity-contracts-d5e178c96d04
2026-10-08T21:27:14.7652735Z  * [new tag]             recovery/20261006/retired/codex-b-3718-reaction-diffusion-offer-f0585bd1a5e5 -> recovery/20261006/retired/codex-b-3718-reaction-diffusion-offer-f0585bd1a5e5
2026-10-08T21:27:14.7653813Z  * [new tag]             recovery/20261006/retired/codex-b-3718-reboot-offer-b85cabe24098 -> recovery/20261006/retired/codex-b-3718-reboot-offer-b85cabe24098
2026-10-08T21:27:14.7655003Z  * [new tag]             recovery/20261006/retired/codex-b-3718-record-contracts-5aed63561292 -> recovery/20261006/retired/codex-b-3718-record-contracts-5aed63561292
2026-10-08T21:27:14.7656277Z  * [new tag]             recovery/20261006/retired/codex-b-3718-record-transcript-contract-69e3e2407597 -> recovery/20261006/retired/codex-b-3718-record-transcript-contract-69e3e2407597
2026-10-08T21:27:14.7657461Z  * [new tag]             recovery/20261006/retired/codex-b-3718-recorded-speech-offer-135951421f1e -> recovery/20261006/retired/codex-b-3718-recorded-speech-offer-135951421f1e
2026-10-08T21:27:14.7658556Z  * [new tag]             recovery/20261006/retired/codex-b-3718-robotics-contracts-cbeeccfea9d8 -> recovery/20261006/retired/codex-b-3718-robotics-contracts-cbeeccfea9d8
2026-10-08T21:27:14.7659617Z  * [new tag]             recovery/20261006/retired/codex-b-3718-signal-contracts-d2888b56f8c4 -> recovery/20261006/retired/codex-b-3718-signal-contracts-d2888b56f8c4
2026-10-08T21:27:14.7660729Z  * [new tag]             recovery/20261006/retired/codex-b-3718-speech-adapter-contracts-038cf6d12512 -> recovery/20261006/retired/codex-b-3718-speech-adapter-contracts-038cf6d12512
2026-10-08T21:27:14.7661832Z  * [new tag]             recovery/20261006/retired/codex-b-3718-speech-commit-e6fb26ab4438 -> recovery/20261006/retired/codex-b-3718-speech-commit-e6fb26ab4438
2026-10-08T21:27:14.7662965Z  * [new tag]             recovery/20261006/retired/codex-b-3718-speech-recognition-contracts-484a15e3dfef -> recovery/20261006/retired/codex-b-3718-speech-recognition-contracts-484a15e3dfef
2026-10-08T21:27:14.7664272Z  * [new tag]             recovery/20261006/retired/codex-b-3718-state-input-contracts-53b46daf1ab7 -> recovery/20261006/retired/codex-b-3718-state-input-contracts-53b46daf1ab7
2026-10-08T21:27:14.7665635Z  * [new tag]             recovery/20261006/retired/codex-b-3718-std-contract-migration-2-e35afad9a726 -> recovery/20261006/retired/codex-b-3718-std-contract-migration-2-e35afad9a726
2026-10-08T21:27:14.7666775Z  * [new tag]             recovery/20261006/retired/codex-b-3718-std-offer-migration-5cadbd9ed289 -> recovery/20261006/retired/codex-b-3718-std-offer-migration-5cadbd9ed289
2026-10-08T21:27:14.7667937Z  * [new tag]             recovery/20261006/retired/codex-b-3718-structured-music-contracts-1386ec11615d -> recovery/20261006/retired/codex-b-3718-structured-music-contracts-1386ec11615d
2026-10-08T21:27:14.7669159Z  * [new tag]             recovery/20261006/retired/codex-b-3718-structured-selector-contract-a87f9e647461 -> recovery/20261006/retired/codex-b-3718-structured-selector-contract-a87f9e647461
2026-10-08T21:27:14.7670333Z  * [new tag]             recovery/20261006/retired/codex-b-3718-structured-values-aa73ef9fa4ab -> recovery/20261006/retired/codex-b-3718-structured-values-aa73ef9fa4ab
2026-10-08T21:27:14.7671461Z  * [new tag]             recovery/20261006/retired/codex-b-3718-template-storage-contract-d97724a4daa2 -> recovery/20261006/retired/codex-b-3718-template-storage-contract-d97724a4daa2
2026-10-08T21:27:14.7672563Z  * [new tag]             recovery/20261006/retired/codex-b-3718-text-contracts-830b5f2c4ebd -> recovery/20261006/retired/codex-b-3718-text-contracts-830b5f2c4ebd
2026-10-08T21:27:14.7673567Z  * [new tag]             recovery/20261006/retired/codex-b-3718-text-lab-offer-0e5608d4c0dc -> recovery/20261006/retired/codex-b-3718-text-lab-offer-0e5608d4c0dc
2026-10-08T21:27:14.7674612Z  * [new tag]             recovery/20261006/retired/codex-b-3718-text-state-contract-fb55b2a2ee96 -> recovery/20261006/retired/codex-b-3718-text-state-contract-fb55b2a2ee96
2026-10-08T21:27:14.7675809Z  * [new tag]             recovery/20261006/retired/codex-b-3718-timed-button-contract-37f31c3313df -> recovery/20261006/retired/codex-b-3718-timed-button-contract-37f31c3313df
2026-10-08T21:27:14.7676901Z  * [new tag]             recovery/20261006/retired/codex-b-3718-timing-contracts-49814708f16b -> recovery/20261006/retired/codex-b-3718-timing-contracts-49814708f16b
2026-10-08T21:27:14.7677911Z  * [new tag]             recovery/20261006/retired/codex-b-3718-tongues-offers-3b7724119679 -> recovery/20261006/retired/codex-b-3718-tongues-offers-3b7724119679
2026-10-08T21:27:14.7679085Z  * [new tag]             recovery/20261006/retired/codex-b-3718-typed-record-contracts-ceba1efe5aa8 -> recovery/20261006/retired/codex-b-3718-typed-record-contracts-ceba1efe5aa8
2026-10-08T21:27:14.7680231Z  * [new tag]             recovery/20261006/retired/codex-b-3718-workflow-contracts-3a20d1f5ab9e -> recovery/20261006/retired/codex-b-3718-workflow-contracts-3a20d1f5ab9e
2026-10-08T21:27:14.7681757Z  * [new tag]             recovery/20261006/retired/codex-b-3724-canonical-startup-contract-84ab9ec2fc5e -> recovery/20261006/retired/codex-b-3724-canonical-startup-contract-84ab9ec2fc5e
2026-10-08T21:27:14.7683197Z  * [new tag]             recovery/20261006/retired/codex-b-3725-domain-ownership-e297581cb795 -> recovery/20261006/retired/codex-b-3725-domain-ownership-e297581cb795
2026-10-08T21:27:14.7684877Z  * [new tag]             recovery/20261006/retired/codex-b-3746-creche-retirement-55a09b86ddd2 -> recovery/20261006/retired/codex-b-3746-creche-retirement-55a09b86ddd2
2026-10-08T21:27:14.7686596Z  * [new tag]             recovery/20261006/retired/codex-b-conduitos-protected-relay-e7ae99d19d67 -> recovery/20261006/retired/codex-b-conduitos-protected-relay-e7ae99d19d67
2026-10-08T21:27:14.7688339Z  * [new tag]             recovery/20261006/retired/codex-backlog-aspiration-refresh-4013b6e540ca -> recovery/20261006/retired/codex-backlog-aspiration-refresh-4013b6e540ca
2026-10-08T21:27:14.7690200Z  * [new tag]             recovery/20261006/retired/codex-backlog-inflection-refresh-6af3dd05246b -> recovery/20261006/retired/codex-backlog-inflection-refresh-6af3dd05246b
2026-10-08T21:27:14.7691916Z  * [new tag]             recovery/20261006/retired/codex-backlog-native-ud-refresh-a6191f27a788 -> recovery/20261006/retired/codex-backlog-native-ud-refresh-a6191f27a788
2026-10-08T21:27:14.7693488Z  * [new tag]             recovery/20261006/retired/codex-backlog-omnibus-2956ba470f6a -> recovery/20261006/retired/codex-backlog-omnibus-2956ba470f6a
2026-10-08T21:27:14.7695228Z  * [new tag]             recovery/20261006/retired/codex-backlog-owner-wardrobe-repair-da3fb59f012d -> recovery/20261006/retired/codex-backlog-owner-wardrobe-repair-da3fb59f012d
2026-10-08T21:27:14.7696909Z  * [new tag]             recovery/20261006/retired/codex-backlog-protocol-refresh-22b7e019e851 -> recovery/20261006/retired/codex-backlog-protocol-refresh-22b7e019e851
2026-10-08T21:27:14.7698026Z  * [new tag]             recovery/20261006/retired/codex-board-integrated-after-3651-6af3772dd93d -> recovery/20261006/retired/codex-board-integrated-after-3651-6af3772dd93d
2026-10-08T21:27:14.7699123Z  * [new tag]             recovery/20261006/retired/codex-global-default-choice-28c22cbd7395 -> recovery/20261006/retired/codex-global-default-choice-28c22cbd7395
2026-10-08T21:27:14.7700142Z  * [new tag]             recovery/20261006/retired/codex-global-default-intent-6f53c0588567 -> recovery/20261006/retired/codex-global-default-intent-6f53c0588567
2026-10-08T21:27:14.7701165Z  * [new tag]             recovery/20261006/retired/codex-global-default-voice-b4b367c00382 -> recovery/20261006/retired/codex-global-default-voice-b4b367c00382
2026-10-08T21:27:14.7702215Z  * [new tag]             recovery/20261006/retired/codex-global-intent-realization-956d095b81f4 -> recovery/20261006/retired/codex-global-intent-realization-956d095b81f4
2026-10-08T21:27:14.7703297Z  * [new tag]             recovery/20261006/retired/codex-global-phoneme-admission-389d8678b728 -> recovery/20261006/retired/codex-global-phoneme-admission-389d8678b728
2026-10-08T21:27:14.7704417Z  * [new tag]             recovery/20261006/retired/codex-global-rule-voice-realization-94eebd3065ca -> recovery/20261006/retired/codex-global-rule-voice-realization-94eebd3065ca
2026-10-08T21:27:14.7705743Z  * [new tag]             recovery/20261006/retired/codex-native-feature-aspiration-9e8d952e16d9 -> recovery/20261006/retired/codex-native-feature-aspiration-9e8d952e16d9
2026-10-08T21:27:14.7706871Z  * [new tag]             recovery/20261006/retired/codex-native-language-lock-repair-f6ece6772f7f -> recovery/20261006/retired/codex-native-language-lock-repair-f6ece6772f7f
2026-10-08T21:27:14.7708229Z  * [new tag]             recovery/20261006/retired/codex-native-regular-inflection-current-dev-10891c979b31 -> recovery/20261006/retired/codex-native-regular-inflection-current-dev-10891c979b31
2026-10-08T21:27:14.7709376Z  * [new tag]             recovery/20261006/retired/codex-native-rule-output-d9c8ca477bc0 -> recovery/20261006/retired/codex-native-rule-output-d9c8ca477bc0
2026-10-08T21:27:14.7710492Z  * [new tag]             recovery/20261006/retired/codex-native-speech-explicit-duration-5d45fd4ded3f -> recovery/20261006/retired/codex-native-speech-explicit-duration-5d45fd4ded3f
2026-10-08T21:27:14.7711649Z  * [new tag]             recovery/20261006/retired/codex-native-speech-rich-profile-c3d738cce79a -> recovery/20261006/retired/codex-native-speech-rich-profile-c3d738cce79a
2026-10-08T21:27:14.7712725Z  * [new tag]             recovery/20261006/retired/codex-native-ud-arc-admission-a9b11f0a79ec -> recovery/20261006/retired/codex-native-ud-arc-admission-a9b11f0a79ec
2026-10-08T21:27:14.7713743Z  * [new tag]             recovery/20261006/retired/codex-native-ud-relations-adf4d25ba103 -> recovery/20261006/retired/codex-native-ud-relations-adf4d25ba103
2026-10-08T21:27:14.7715054Z  * [new tag]             recovery/20261006/retired/codex-release-3920-browser-relay-036c7de07765 -> recovery/20261006/retired/codex-release-3920-browser-relay-036c7de07765
2026-10-08T21:27:14.7716125Z  * [new tag]             recovery/20261006/retired/codex-repair-3730-linguistics-7a0570f67031 -> recovery/20261006/retired/codex-repair-3730-linguistics-7a0570f67031
2026-10-08T21:27:14.7717217Z  * [new tag]             recovery/20261006/retired/codex-repair-3731-domain-ownership-cb9789dea2e9 -> recovery/20261006/retired/codex-repair-3731-domain-ownership-cb9789dea2e9
2026-10-08T21:27:14.7718306Z  * [new tag]             recovery/20261006/retired/codex-service-browser-window-a443ec7f7d18 -> recovery/20261006/retired/codex-service-browser-window-a443ec7f7d18
2026-10-08T21:27:14.7719284Z  * [new tag]             recovery/20261006/retired/codex-slash-justfile-c349287d05cd -> recovery/20261006/retired/codex-slash-justfile-c349287d05cd
2026-10-08T21:27:14.7720278Z  * [new tag]             recovery/20261006/retired/codex-source-terminal-state-793481612322 -> recovery/20261006/retired/codex-source-terminal-state-793481612322
2026-10-08T21:27:14.7721304Z  * [new tag]             recovery/20261006/retired/codex-sourced-global-intent-90dc21fb6628 -> recovery/20261006/retired/codex-sourced-global-intent-90dc21fb6628
2026-10-08T21:27:14.7722417Z  * [new tag]             recovery/20261006/retired/codex-speech-intent-foundation-repair-fb9ba023a195 -> recovery/20261006/retired/codex-speech-intent-foundation-repair-fb9ba023a195
2026-10-08T21:27:14.7723570Z  * [new tag]             recovery/20261006/retired/codex-three-bodies-mask-journey-5169b46a604c -> recovery/20261006/retired/codex-three-bodies-mask-journey-5169b46a604c
2026-10-08T21:27:14.7724747Z  * [new tag]             recovery/20261006/retired/codex-total-omnibus-current-c208ae9fd71b -> recovery/20261006/retired/codex-total-omnibus-current-c208ae9fd71b
2026-10-08T21:27:14.7725803Z  * [new tag]             recovery/20261006/retired/codex-xtask-check-scopes-54d7d057ed28 -> recovery/20261006/retired/codex-xtask-check-scopes-54d7d057ed28
2026-10-08T21:27:14.7726837Z  * [new tag]             recovery/20261006/retired/codex-xtask-intent-audio-midi-d57bf240860d -> recovery/20261006/retired/codex-xtask-intent-audio-midi-d57bf240860d
2026-10-08T21:27:14.7727872Z  * [new tag]             recovery/20261006/retired/codex-xtask-intent-pete-596357b7ab3f -> recovery/20261006/retired/codex-xtask-intent-pete-596357b7ab3f
2026-10-08T21:27:14.7728887Z  * [new tag]             recovery/20261006/retired/codex-xtask-prove-coordination-db485cb05371 -> recovery/20261006/retired/codex-xtask-prove-coordination-db485cb05371
2026-10-08T21:27:14.7729890Z  * [new tag]             recovery/20261006/retired/codex-xtask-retire-demo-c22eaed9ea28 -> recovery/20261006/retired/codex-xtask-retire-demo-c22eaed9ea28
2026-10-08T21:27:14.7730867Z  * [new tag]             release-001845eba63d4fb6f3472de9fc33089d2a1f7d6e -> release-001845eba63d4fb6f3472de9fc33089d2a1f7d6e
2026-10-08T21:27:14.7731675Z  * [new tag]             release-01b016fc7c5c0b3acb5f81078edcf2d9a75c158c -> release-01b016fc7c5c0b3acb5f81078edcf2d9a75c158c
2026-10-08T21:27:14.7732457Z  * [new tag]             release-027c4f423223e98ca051693221165d998cebde8f -> release-027c4f423223e98ca051693221165d998cebde8f
2026-10-08T21:27:14.7733243Z  * [new tag]             release-02ecbc0a99672819bbf5810fca973b76bb361068 -> release-02ecbc0a99672819bbf5810fca973b76bb361068
2026-10-08T21:27:14.7734017Z  * [new tag]             release-0eebcc254044a05e6c3427a4844e627dd6c63b07 -> release-0eebcc254044a05e6c3427a4844e627dd6c63b07
2026-10-08T21:27:14.7734922Z  * [new tag]             release-0fea630c0327fe5b14f3d06c83b45c380836a73e -> release-0fea630c0327fe5b14f3d06c83b45c380836a73e
2026-10-08T21:27:14.7735703Z  * [new tag]             release-11cc70175696782b1c22bc0174fc304c6d0d00a8 -> release-11cc70175696782b1c22bc0174fc304c6d0d00a8
2026-10-08T21:27:14.7736464Z  * [new tag]             release-16eb6053e2888ad28015b437e9a37b8cb6be349d -> release-16eb6053e2888ad28015b437e9a37b8cb6be349d
2026-10-08T21:27:14.7737371Z  * [new tag]             release-1876ecccacef607dec6b529a1d0d7bc89bd25a4f -> release-1876ecccacef607dec6b529a1d0d7bc89bd25a4f
2026-10-08T21:27:14.7738164Z  * [new tag]             release-18bd07bb6c1bf460082fffa408d731b4ea57d73f -> release-18bd07bb6c1bf460082fffa408d731b4ea57d73f
2026-10-08T21:27:14.7738937Z  * [new tag]             release-1afb89711f6c618ab50cb1092dc825fa0f2d8c58 -> release-1afb89711f6c618ab50cb1092dc825fa0f2d8c58
2026-10-08T21:27:14.7739702Z  * [new tag]             release-1b4d7bb3b8ff6b972f7477632c8649b4c160a294 -> release-1b4d7bb3b8ff6b972f7477632c8649b4c160a294
2026-10-08T21:27:14.7740479Z  * [new tag]             release-1ec25b49a70a46125c2e7d79f941cbade5ca7b66 -> release-1ec25b49a70a46125c2e7d79f941cbade5ca7b66
2026-10-08T21:27:14.7741255Z  * [new tag]             release-21f21bab09157ce98dde41888d6584032487adda -> release-21f21bab09157ce98dde41888d6584032487adda
2026-10-08T21:27:14.7742025Z  * [new tag]             release-2685a777ecfa52f6607eab35cc7ca6add9df2229 -> release-2685a777ecfa52f6607eab35cc7ca6add9df2229
2026-10-08T21:27:14.7742797Z  * [new tag]             release-2aacaa6bde9ec1aa3e56abb49999df6dec8a78db -> release-2aacaa6bde9ec1aa3e56abb49999df6dec8a78db
2026-10-08T21:27:14.7743578Z  * [new tag]             release-2e39f2eed5131a6b306f84862d371f70225cb3d4 -> release-2e39f2eed5131a6b306f84862d371f70225cb3d4
2026-10-08T21:27:14.7744340Z  * [new tag]             release-2e7d1b4cd1767dab1b5dd78aa2c101c6aa35924d -> release-2e7d1b4cd1767dab1b5dd78aa2c101c6aa35924d
2026-10-08T21:27:14.7745268Z  * [new tag]             release-31000d584550860f7324826ca5a7ebed0719bdfc -> release-31000d584550860f7324826ca5a7ebed0719bdfc
2026-10-08T21:27:14.7746028Z  * [new tag]             release-332b37e2af034f891153a05b577852c8fd5e7882 -> release-332b37e2af034f891153a05b577852c8fd5e7882
2026-10-08T21:27:14.7746807Z  * [new tag]             release-35a6603a39a6e8b812f5ad49166cf8925f97564f -> release-35a6603a39a6e8b812f5ad49166cf8925f97564f
2026-10-08T21:27:14.7747560Z  * [new tag]             release-36d330035fbc01e05225e9559424f5f14fd0c83a -> release-36d330035fbc01e05225e9559424f5f14fd0c83a
2026-10-08T21:27:14.7748327Z  * [new tag]             release-3907fec0c6256eb1dfb1fee045056c044b33decf -> release-3907fec0c6256eb1dfb1fee045056c044b33decf
2026-10-08T21:27:14.7749085Z  * [new tag]             release-391774a5d5bd753c3bb06c575e3a820ec388bf68 -> release-391774a5d5bd753c3bb06c575e3a820ec388bf68
2026-10-08T21:27:14.7749854Z  * [new tag]             release-3be4914d5fca80e81a4ddddccdd0877db87d4931 -> release-3be4914d5fca80e81a4ddddccdd0877db87d4931
2026-10-08T21:27:14.7750642Z  * [new tag]             release-3d780e728d1cd5fe57c2dc71569dd8e77fefb57e -> release-3d780e728d1cd5fe57c2dc71569dd8e77fefb57e
2026-10-08T21:27:14.7751536Z  * [new tag]             release-3e0c4967bc8e1c5f1d5eee77e68ec0d1f448595f -> release-3e0c4967bc8e1c5f1d5eee77e68ec0d1f448595f
2026-10-08T21:27:14.7752354Z  * [new tag]             release-408410e23ee2225595f1b6ef3b017868a0fffd6f -> release-408410e23ee2225595f1b6ef3b017868a0fffd6f
2026-10-08T21:27:14.7753128Z  * [new tag]             release-40b553c2f12ab0cfa205b3774509ee9ce639db6d -> release-40b553c2f12ab0cfa205b3774509ee9ce639db6d
2026-10-08T21:27:14.7753917Z  * [new tag]             release-42d6c212f9dac742c92025c5fde8c74dfbde4e47 -> release-42d6c212f9dac742c92025c5fde8c74dfbde4e47
2026-10-08T21:27:14.7754853Z  * [new tag]             release-433bcf390e00ee3f4be396106d8d290d0207699f -> release-433bcf390e00ee3f4be396106d8d290d0207699f
2026-10-08T21:27:14.7755645Z  * [new tag]             release-46ab9c2f68bb17c7194ff78b24ee65ba94917d75 -> release-46ab9c2f68bb17c7194ff78b24ee65ba94917d75
2026-10-08T21:27:14.7756414Z  * [new tag]             release-47cae77611c671d4b44460125f3728f99cf73bb6 -> release-47cae77611c671d4b44460125f3728f99cf73bb6
2026-10-08T21:27:14.7757185Z  * [new tag]             release-4881699e4d922e7106678f2eefbade44ec543a1b -> release-4881699e4d922e7106678f2eefbade44ec543a1b
2026-10-08T21:27:14.7758080Z  * [new tag]             release-49f0eb5c4771b285ce2d17161c7dcd05edfb9a40 -> release-49f0eb5c4771b285ce2d17161c7dcd05edfb9a40
2026-10-08T21:27:14.7758848Z  * [new tag]             release-4a204e1fd258a8e11278ff43edb9665ac85570f0 -> release-4a204e1fd258a8e11278ff43edb9665ac85570f0
2026-10-08T21:27:14.7759633Z  * [new tag]             release-51e9884e3f6738ae8d237987e339f3e198f9d738 -> release-51e9884e3f6738ae8d237987e339f3e198f9d738
2026-10-08T21:27:14.7760395Z  * [new tag]             release-52370b257b6188f2f6aba42cd8065489203ef78f -> release-52370b257b6188f2f6aba42cd8065489203ef78f
2026-10-08T21:27:14.7761158Z  * [new tag]             release-56326c9df80f2b424055b0f2a12323d19248c44f -> release-56326c9df80f2b424055b0f2a12323d19248c44f
2026-10-08T21:27:14.7761919Z  * [new tag]             release-575ebf2b909db91d11451420aa830a4e7235d4ac -> release-575ebf2b909db91d11451420aa830a4e7235d4ac
2026-10-08T21:27:14.7762703Z  * [new tag]             release-5b57fa034dffc60cc5fccc99fb3a0bdd92ca831b -> release-5b57fa034dffc60cc5fccc99fb3a0bdd92ca831b
2026-10-08T21:27:14.7763491Z  * [new tag]             release-5be5340248af5e82a4b5d54410f4ef745afdfa7c -> release-5be5340248af5e82a4b5d54410f4ef745afdfa7c
2026-10-08T21:27:14.7764258Z  * [new tag]             release-5ce79086e3ee0ced0fc4b99df150e64890104971 -> release-5ce79086e3ee0ced0fc4b99df150e64890104971
2026-10-08T21:27:14.7765208Z  * [new tag]             release-6183b3c233a80594a50735725cf78d7df650c40c -> release-6183b3c233a80594a50735725cf78d7df650c40c
2026-10-08T21:27:14.7765990Z  * [new tag]             release-61f8a40a173eb785d0bace51b2c90bcf5c1074a1 -> release-61f8a40a173eb785d0bace51b2c90bcf5c1074a1
2026-10-08T21:27:14.7766772Z  * [new tag]             release-6289b3df16bb9b6d42fb83b2e4c5a72ee03d3ee5 -> release-6289b3df16bb9b6d42fb83b2e4c5a72ee03d3ee5
2026-10-08T21:27:14.7767563Z  * [new tag]             release-62fbfacbbf35fd4aca39c2100c889246352ba819 -> release-62fbfacbbf35fd4aca39c2100c889246352ba819
2026-10-08T21:27:14.7768344Z  * [new tag]             release-63e90c0390d7cda3e34176944811e797e4c9c613 -> release-63e90c0390d7cda3e34176944811e797e4c9c613
2026-10-08T21:27:14.7769108Z  * [new tag]             release-6a301334e5ac81c6d40ecc17beedbc1081bf0a84 -> release-6a301334e5ac81c6d40ecc17beedbc1081bf0a84
2026-10-08T21:27:14.7769872Z  * [new tag]             release-6b678a36c965250a1db13d45b293a547d0a78b00 -> release-6b678a36c965250a1db13d45b293a547d0a78b00
2026-10-08T21:27:14.7770637Z  * [new tag]             release-6cc4ba02f2139716e454da8463ff28f0b3502814 -> release-6cc4ba02f2139716e454da8463ff28f0b3502814
2026-10-08T21:27:14.7771736Z  * [new tag]             release-6cc58a14764208543fad460bce5f6bf2a207d82d -> release-6cc58a14764208543fad460bce5f6bf2a207d82d
2026-10-08T21:27:14.7772593Z  * [new tag]             release-6efc44762c0c8c9779b51bbe86dc382dd1aeced7 -> release-6efc44762c0c8c9779b51bbe86dc382dd1aeced7
2026-10-08T21:27:14.7773504Z  * [new tag]             release-7014e10ccb2c6fe3559b8ffe533a5917b76bc862 -> release-7014e10ccb2c6fe3559b8ffe533a5917b76bc862
2026-10-08T21:27:14.7774279Z  * [new tag]             release-7283954d16316a912e6af790e871b61008ff4a29 -> release-7283954d16316a912e6af790e871b61008ff4a29
2026-10-08T21:27:14.7775205Z  * [new tag]             release-739718c80a7ca8894ab9e36d4c82fcd4c19e583c -> release-739718c80a7ca8894ab9e36d4c82fcd4c19e583c
2026-10-08T21:27:14.7776000Z  * [new tag]             release-7529270b3e51606f3485840b4a74053c5bea07b8 -> release-7529270b3e51606f3485840b4a74053c5bea07b8
2026-10-08T21:27:14.7790082Z  * [new tag]             release-770a4a62474e78da3c2a0ccddd3b2fa3591f8197 -> release-770a4a62474e78da3c2a0ccddd3b2fa3591f8197
2026-10-08T21:27:14.7790893Z  * [new tag]             release-78d8e98b5d8b38562a0c2f6ec055b0cc84d8d90d -> release-78d8e98b5d8b38562a0c2f6ec055b0cc84d8d90d
2026-10-08T21:27:14.7791699Z  * [new tag]             release-7991e50b4c8756ad2be2c0f238c6b220e325c6ee -> release-7991e50b4c8756ad2be2c0f238c6b220e325c6ee
2026-10-08T21:27:14.7792488Z  * [new tag]             release-7acbc416d21386ea60c6618978994ba83dac8136 -> release-7acbc416d21386ea60c6618978994ba83dac8136
2026-10-08T21:27:14.7793406Z  * [new tag]             release-7b03d378423fbdcc493fa901b1a72130379acc4d -> release-7b03d378423fbdcc493fa901b1a72130379acc4d
2026-10-08T21:27:14.7794178Z  * [new tag]             release-81a135cba4490794085bbcfd0b09b51db1db2134 -> release-81a135cba4490794085bbcfd0b09b51db1db2134
2026-10-08T21:27:14.7795049Z  * [new tag]             release-84411a1e1369c226bc849e93c3ab63d9cb0605fa -> release-84411a1e1369c226bc849e93c3ab63d9cb0605fa
2026-10-08T21:27:14.7795838Z  * [new tag]             release-84904771e67ccbd6bf87b80ccdf31a4eacf0fb0e -> release-84904771e67ccbd6bf87b80ccdf31a4eacf0fb0e
2026-10-08T21:27:14.7796621Z  * [new tag]             release-864964ce59531d3fda3b9ae676dad14d25dcca0a -> release-864964ce59531d3fda3b9ae676dad14d25dcca0a
2026-10-08T21:27:14.7797385Z  * [new tag]             release-87e368092bd4cc72240cb1229a84d30a360a7f90 -> release-87e368092bd4cc72240cb1229a84d30a360a7f90
2026-10-08T21:27:14.7798154Z  * [new tag]             release-8818b446aa6faf01dfe901cb20126ee4256edc97 -> release-8818b446aa6faf01dfe901cb20126ee4256edc97
2026-10-08T21:27:14.7798950Z  * [new tag]             release-8ac24a8eea83cae06158b85208d90979a89493e8 -> release-8ac24a8eea83cae06158b85208d90979a89493e8
2026-10-08T21:27:14.7799725Z  * [new tag]             release-8b216ee721a3fe492fd0d02fb4a3fa4b606519c1 -> release-8b216ee721a3fe492fd0d02fb4a3fa4b606519c1
2026-10-08T21:27:14.7800498Z  * [new tag]             release-90a17e38b31d09c6ec1e0eb17dd1cb9f62f87ff9 -> release-90a17e38b31d09c6ec1e0eb17dd1cb9f62f87ff9
2026-10-08T21:27:14.7801262Z  * [new tag]             release-976463aa709f43db46d89f7d55898ea2db3e17a4 -> release-976463aa709f43db46d89f7d55898ea2db3e17a4
2026-10-08T21:27:14.7802021Z  * [new tag]             release-99d3dd46a2fe01d7d117184921c9aff7da33f7d7 -> release-99d3dd46a2fe01d7d117184921c9aff7da33f7d7
2026-10-08T21:27:14.7802802Z  * [new tag]             release-9bf8f89bd937e2a3e13c128a10dfa1b63f51d893 -> release-9bf8f89bd937e2a3e13c128a10dfa1b63f51d893
2026-10-08T21:27:14.7803591Z  * [new tag]             release-a06600168677a5d91ab293cc04b0d0ebce382344 -> release-a06600168677a5d91ab293cc04b0d0ebce382344
2026-10-08T21:27:14.7804365Z  * [new tag]             release-a12eb786d4ced5b57dfa550bec0581fec9c5c2d7 -> release-a12eb786d4ced5b57dfa550bec0581fec9c5c2d7
2026-10-08T21:27:14.7805243Z  * [new tag]             release-a3b6edf83b4c5354b7c2091e6109188b2eb872ab -> release-a3b6edf83b4c5354b7c2091e6109188b2eb872ab
2026-10-08T21:27:14.7806029Z  * [new tag]             release-a6cbe9eec12feeeddfc2e88cce7d7a4a592b5fbe -> release-a6cbe9eec12feeeddfc2e88cce7d7a4a592b5fbe
2026-10-08T21:27:14.7806837Z  * [new tag]             release-a95efd41d209df01ada6e1b6eb0ad3a31694d61f -> release-a95efd41d209df01ada6e1b6eb0ad3a31694d61f
2026-10-08T21:27:14.7807728Z  * [new tag]             release-aa0207c094edc5c3d999a84b4bd94ffe84244ea0 -> release-aa0207c094edc5c3d999a84b4bd94ffe84244ea0
2026-10-08T21:27:14.7808545Z  * [new tag]             release-ad9df47da8e98e3d3f206df1a9bdbeae29e7655d -> release-ad9df47da8e98e3d3f206df1a9bdbeae29e7655d
2026-10-08T21:27:14.7809343Z  * [new tag]             release-adc05effe82356458007207c4fdb989243741b18 -> release-adc05effe82356458007207c4fdb989243741b18
2026-10-08T21:27:14.7810114Z  * [new tag]             release-ade28c3ac6f3f694b29513c2abb32f77bdd36575 -> release-ade28c3ac6f3f694b29513c2abb32f77bdd36575
2026-10-08T21:27:14.7810885Z  * [new tag]             release-ae8b29c1cf932618566452ff43d0185af05e3569 -> release-ae8b29c1cf932618566452ff43d0185af05e3569
2026-10-08T21:27:14.7811653Z  * [new tag]             release-afd39cf25c43f2b21be9ec65776b7c5a99d888c7 -> release-afd39cf25c43f2b21be9ec65776b7c5a99d888c7
2026-10-08T21:27:14.7812426Z  * [new tag]             release-b0486c6c03d1dc06a819b0badf83c28249258a81 -> release-b0486c6c03d1dc06a819b0badf83c28249258a81
2026-10-08T21:27:14.7813265Z  * [new tag]             release-b0ffd1310b07601ea4d960fd2a5b7fdbe86d2cd4 -> release-b0ffd1310b07601ea4d960fd2a5b7fdbe86d2cd4
2026-10-08T21:27:14.7814268Z  * [new tag]             release-b8979d81802c06a204dac1cce6d4c3adee14f7a7 -> release-b8979d81802c06a204dac1cce6d4c3adee14f7a7
2026-10-08T21:27:14.7815198Z  * [new tag]             release-b8bbd828afd1456faf7bd7c519e09d50f6406f51 -> release-b8bbd828afd1456faf7bd7c519e09d50f6406f51
2026-10-08T21:27:14.7815982Z  * [new tag]             release-ba5ab1438e6c5f55bee71043e0ae2d5c552bfbe9 -> release-ba5ab1438e6c5f55bee71043e0ae2d5c552bfbe9
2026-10-08T21:27:14.7816758Z  * [new tag]             release-bacb1971de3756ecbe7144639fb5de16b9fd60e5 -> release-bacb1971de3756ecbe7144639fb5de16b9fd60e5
2026-10-08T21:27:14.7817542Z  * [new tag]             release-bbdfe6c4ce74985a875994a69de7c933db561686 -> release-bbdfe6c4ce74985a875994a69de7c933db561686
2026-10-08T21:27:14.7818308Z  * [new tag]             release-bc302dbe73d11032875e6f153776d360e5289303 -> release-bc302dbe73d11032875e6f153776d360e5289303
2026-10-08T21:27:14.7819084Z  * [new tag]             release-bc78963dfba895c2fa36b0b6bc3c13957b280f70 -> release-bc78963dfba895c2fa36b0b6bc3c13957b280f70
2026-10-08T21:27:14.7819871Z  * [new tag]             release-bfbd3f46a3be7aed6c3bbe870ed7af184679b9d8 -> release-bfbd3f46a3be7aed6c3bbe870ed7af184679b9d8
2026-10-08T21:27:14.7820650Z  * [new tag]             release-c256418f3e375a1d261a80fff6cf05cdb2bd7ad1 -> release-c256418f3e375a1d261a80fff6cf05cdb2bd7ad1
2026-10-08T21:27:14.7821417Z  * [new tag]             release-c5af0cc2150500a03535cad6ce69e6b42fa59a81 -> release-c5af0cc2150500a03535cad6ce69e6b42fa59a81
2026-10-08T21:27:14.7822195Z  * [new tag]             release-c618372861a64aaac9c6f1ee31e7a31c77dbc4f3 -> release-c618372861a64aaac9c6f1ee31e7a31c77dbc4f3
2026-10-08T21:27:14.7822970Z  * [new tag]             release-c8e97dd8ba7748bc9848da531aeccfbd7fc234ee -> release-c8e97dd8ba7748bc9848da531aeccfbd7fc234ee
2026-10-08T21:27:14.7823749Z  * [new tag]             release-ca076749aa14b1e3a5d964d9dba32115f018ca2f -> release-ca076749aa14b1e3a5d964d9dba32115f018ca2f
2026-10-08T21:27:14.7824518Z  * [new tag]             release-ca778e0e9d3f0304bb29cfa96b8622fdcb7df823 -> release-ca778e0e9d3f0304bb29cfa96b8622fdcb7df823
2026-10-08T21:27:14.7825457Z  * [new tag]             release-cc2aae47b8e66bc47be5d980569d57a142f3cae5 -> release-cc2aae47b8e66bc47be5d980569d57a142f3cae5
2026-10-08T21:27:14.7826232Z  * [new tag]             release-ce3619665f4cd7683e625c5b63e657ee9101be65 -> release-ce3619665f4cd7683e625c5b63e657ee9101be65
2026-10-08T21:27:14.7827002Z  * [new tag]             release-d083598e5fe74c69ebb7759693d9cb6a359409af -> release-d083598e5fe74c69ebb7759693d9cb6a359409af
2026-10-08T21:27:14.7827780Z  * [new tag]             release-d2dd87601dc2e1dbbc1d8ab5e858fbf8fe9a115f -> release-d2dd87601dc2e1dbbc1d8ab5e858fbf8fe9a115f
2026-10-08T21:27:14.7828561Z  * [new tag]             release-d509ccd9a0b69c11e23329a009200d4130f39434 -> release-d509ccd9a0b69c11e23329a009200d4130f39434
2026-10-08T21:27:14.7829487Z  * [new tag]             release-db6365499ff3424d9502f9380eb09eacf6cc357c -> release-db6365499ff3424d9502f9380eb09eacf6cc357c
2026-10-08T21:27:14.7830296Z  * [new tag]             release-dca5553bca9bf40611ee70f6c495b468234b8f2e -> release-dca5553bca9bf40611ee70f6c495b468234b8f2e
2026-10-08T21:27:14.7831070Z  * [new tag]             release-dce9fe6a1e35bab4fe174cf1a93d0e593824b43e -> release-dce9fe6a1e35bab4fe174cf1a93d0e593824b43e
2026-10-08T21:27:14.7831865Z  * [new tag]             release-de93fa716c88cdb8e181d2b46f9222f5d6112ca3 -> release-de93fa716c88cdb8e181d2b46f9222f5d6112ca3
2026-10-08T21:27:14.7832687Z  * [new tag]             release-df17cde50cf5f8549ea6d0d0d432de75175a93ac -> release-df17cde50cf5f8549ea6d0d0d432de75175a93ac
2026-10-08T21:27:14.7833471Z  * [new tag]             release-e52b3d96c6e04335106ad3e389fcb2504eaca8e1 -> release-e52b3d96c6e04335106ad3e389fcb2504eaca8e1
2026-10-08T21:27:14.7834251Z  * [new tag]             release-e678ab559e9ff0aa8452175d45ac3ac02d1819d4 -> release-e678ab559e9ff0aa8452175d45ac3ac02d1819d4
2026-10-08T21:27:14.7835235Z  * [new tag]             release-eb928febf145ac21562dbc1692abf02af2bc2dc6 -> release-eb928febf145ac21562dbc1692abf02af2bc2dc6
2026-10-08T21:27:14.7836121Z  * [new tag]             release-ed28a4d18e55736a06c44032162e107c0d955bf1 -> release-ed28a4d18e55736a06c44032162e107c0d955bf1
2026-10-08T21:27:14.7836905Z  * [new tag]             release-f06a7fe7ba212f285a2243d9715d5b0732077cb6 -> release-f06a7fe7ba212f285a2243d9715d5b0732077cb6
2026-10-08T21:27:14.7837675Z  * [new tag]             release-f2362d62dcc4e63de0bddac86c3467dc4c78f365 -> release-f2362d62dcc4e63de0bddac86c3467dc4c78f365
2026-10-08T21:27:14.7838449Z  * [new tag]             release-f243cd2601899e3ff76086cccf63ff5aecef6c66 -> release-f243cd2601899e3ff76086cccf63ff5aecef6c66
2026-10-08T21:27:14.7839212Z  * [new tag]             release-f281d74a32aca69863f2fcf70d6c857d105540c7 -> release-f281d74a32aca69863f2fcf70d6c857d105540c7
2026-10-08T21:27:14.7840000Z  * [new tag]             release-f562fa371ff703d3b0e8f325aafb4e4a284794a4 -> release-f562fa371ff703d3b0e8f325aafb4e4a284794a4
2026-10-08T21:27:14.7840782Z  * [new tag]             release-f967dead4f207c8fc856f2c3a9fb2cd4cb2fde73 -> release-f967dead4f207c8fc856f2c3a9fb2cd4cb2fde73
2026-10-08T21:27:14.7841559Z  * [new tag]             release-fadea97b3560d40363148778b21dd15fc1fc19ff -> release-fadea97b3560d40363148778b21dd15fc1fc19ff
2026-10-08T21:27:14.7842324Z  * [new tag]             release-fbb01d9d047ab5a8438d12ea027517ebba2b0145 -> release-fbb01d9d047ab5a8438d12ea027517ebba2b0145
2026-10-08T21:27:14.7843114Z  * [new tag]             release-fdc9be1cd6dc2c2b918ef92bb52b5ee87c80e9cf -> release-fdc9be1cd6dc2c2b918ef92bb52b5ee87c80e9cf
2026-10-08T21:27:14.7843890Z  * [new tag]             release-fdd0852745a0b1d9ac39f5a7766f3378039561e2 -> release-fdd0852745a0b1d9ac39f5a7766f3378039561e2
2026-10-08T21:27:14.7844730Z  * [new tag]             release-ffe6802225f68923f998a32c3b6342f9730cf946 -> release-ffe6802225f68923f998a32c3b6342f9730cf946
2026-10-08T21:27:14.7846395Z [command]/usr/bin/git rev-parse --verify --quiet d932da60c7f04bde62c797126e298e38aa9819d0^{object}
2026-10-08T21:27:14.7846869Z d932da60c7f04bde62c797126e298e38aa9819d0
2026-10-08T21:27:14.7847555Z ##[endgroup]
2026-10-08T21:27:14.7847892Z ##[group]Determining the checkout info
2026-10-08T21:27:14.7848254Z ##[endgroup]
2026-10-08T21:27:14.7848492Z [command]/usr/bin/git sparse-checkout disable
2026-10-08T21:27:14.7849228Z [command]/usr/bin/git config --local --unset-all extensions.worktreeConfig
2026-10-08T21:27:14.7850025Z ##[group]Checking out the ref
2026-10-08T21:27:14.7850436Z [command]/usr/bin/git checkout --progress --force d932da60c7f04bde62c797126e298e38aa9819d0
2026-10-08T21:27:15.4840170Z Note: switching to 'd932da60c7f04bde62c797126e298e38aa9819d0'.
2026-10-08T21:27:15.4840558Z 
2026-10-08T21:27:15.4840821Z You are in 'detached HEAD' state. You can look around, make experimental
2026-10-08T21:27:15.4841851Z changes and commit them, and you can discard any commits you make in this
2026-10-08T21:27:15.4842487Z state without impacting any branches by switching back to a branch.
2026-10-08T21:27:15.4843030Z 
2026-10-08T21:27:15.4843284Z If you want to create a new branch to retain commits you create, you may
2026-10-08T21:27:15.4843867Z do so (now or later) by using -c with the switch command. Example:
2026-10-08T21:27:15.4844169Z 
2026-10-08T21:27:15.4844316Z   git switch -c <new-branch-name>
2026-10-08T21:27:15.4845188Z 
2026-10-08T21:27:15.4846038Z Or undo this operation with:
2026-10-08T21:27:15.4846261Z 
2026-10-08T21:27:15.4846415Z   git switch -
2026-10-08T21:27:15.4846583Z 
2026-10-08T21:27:15.4846857Z Turn off this advice by setting config variable advice.detachedHead to false
2026-10-08T21:27:15.4847233Z 
2026-10-08T21:27:15.4847500Z HEAD is now at d932da60c Record final portable foundation omnibus validation
2026-10-08T21:27:15.4891710Z ##[endgroup]
2026-10-08T21:27:15.5059885Z [command]/usr/bin/git log -1 --format=%H
2026-10-08T21:27:15.5084913Z d932da60c7f04bde62c797126e298e38aa9819d0
2026-10-08T21:27:15.5092470Z ##[group]Removing auth
2026-10-08T21:27:15.5093035Z Removing SSH command configuration
2026-10-08T21:27:15.5096077Z [command]/usr/bin/git config --local --name-only --get-regexp core\.sshCommand
2026-10-08T21:27:15.5122215Z [command]/usr/bin/git submodule foreach --recursive sh -c "git config --local --name-only --get-regexp 'core\.sshCommand' && git config --local --unset-all 'core.sshCommand' || :"
2026-10-08T21:27:15.5321625Z Removing HTTP extra header
2026-10-08T21:27:15.5325963Z [command]/usr/bin/git config --local --name-only --get-regexp http\.https\:\/\/github\.com\/\.extraheader
2026-10-08T21:27:15.5357127Z [command]/usr/bin/git submodule foreach --recursive sh -c "git config --local --name-only --get-regexp 'http\.https\:\/\/github\.com\/\.extraheader' && git config --local --unset-all 'http.https://github.com/.extraheader' || :"
2026-10-08T21:27:15.5558560Z Removing includeIf entries pointing to credentials config files
2026-10-08T21:27:15.5562298Z [command]/usr/bin/git config --local --name-only --get-regexp ^includeIf\.gitdir:
2026-10-08T21:27:15.5589080Z includeif.gitdir:/home/runner/work/conduit/conduit/.git.path
2026-10-08T21:27:15.5589778Z includeif.gitdir:/home/runner/work/conduit/conduit/.git/worktrees/*.path
2026-10-08T21:27:15.5596135Z includeif.gitdir:/github/workspace/.git.path
2026-10-08T21:27:15.5596707Z includeif.gitdir:/github/workspace/.git/worktrees/*.path
2026-10-08T21:27:15.5603711Z [command]/usr/bin/git config --local --get-all includeif.gitdir:/home/runner/work/conduit/conduit/.git.path
2026-10-08T21:27:15.5617427Z /home/runner/work/_temp/git-credentials-19fee926-1e8b-49a1-ac60-1eb2f5ec0054.config
2026-10-08T21:27:15.5625849Z [command]/usr/bin/git config --local --unset includeif.gitdir:/home/runner/work/conduit/conduit/.git.path \/home\/runner\/work\/_temp\/git\-credentials\-19fee926\-1e8b\-49a1\-ac60\-1eb2f5ec0054\.config
2026-10-08T21:27:15.5658552Z [command]/usr/bin/git config --local --get-all includeif.gitdir:/home/runner/work/conduit/conduit/.git/worktrees/*.path
2026-10-08T21:27:15.5679272Z /home/runner/work/_temp/git-credentials-19fee926-1e8b-49a1-ac60-1eb2f5ec0054.config
2026-10-08T21:27:15.5686291Z [command]/usr/bin/git config --local --unset includeif.gitdir:/home/runner/work/conduit/conduit/.git/worktrees/*.path \/home\/runner\/work\/_temp\/git\-credentials\-19fee926\-1e8b\-49a1\-ac60\-1eb2f5ec0054\.config
2026-10-08T21:27:15.5716846Z [command]/usr/bin/git config --local --get-all includeif.gitdir:/github/workspace/.git.path
2026-10-08T21:27:15.5735450Z /github/runner_temp/git-credentials-19fee926-1e8b-49a1-ac60-1eb2f5ec0054.config
2026-10-08T21:27:15.5742151Z [command]/usr/bin/git config --local --unset includeif.gitdir:/github/workspace/.git.path \/github\/runner_temp\/git\-credentials\-19fee926\-1e8b\-49a1\-ac60\-1eb2f5ec0054\.config
2026-10-08T21:27:15.5770856Z [command]/usr/bin/git config --local --get-all includeif.gitdir:/github/workspace/.git/worktrees/*.path
2026-10-08T21:27:15.5789330Z /github/runner_temp/git-credentials-19fee926-1e8b-49a1-ac60-1eb2f5ec0054.config
2026-10-08T21:27:15.5796130Z [command]/usr/bin/git config --local --unset includeif.gitdir:/github/workspace/.git/worktrees/*.path \/github\/runner_temp\/git\-credentials\-19fee926\-1e8b\-49a1\-ac60\-1eb2f5ec0054\.config
2026-10-08T21:27:15.5823403Z [command]/usr/bin/git submodule foreach --recursive git config --local --show-origin --name-only --get-regexp remote.origin.url
2026-10-08T21:27:15.6016738Z Removing credentials config '/home/runner/work/_temp/git-credentials-19fee926-1e8b-49a1-ac60-1eb2f5ec0054.config'
2026-10-08T21:27:15.6026900Z ##[endgroup]
2026-10-08T21:27:15.6302883Z ##[group]Run dtolnay/rust-toolchain@1.98.1
2026-10-08T21:27:15.6303137Z with:
2026-10-08T21:27:15.6303296Z env:
2026-10-08T21:27:15.6303460Z   CARGO_TERM_COLOR: always
2026-10-08T21:27:15.6303658Z   CARGO_INCREMENTAL: 0
2026-10-08T21:27:15.6303848Z   CARGO_PROFILE_DEV_DEBUG: 0
2026-10-08T21:27:15.6304056Z   CARGO_PROFILE_TEST_DEBUG: 0
2026-10-08T21:27:15.6304260Z   RUSTUP_TOOLCHAIN: 1.98.1
2026-10-08T21:27:15.6304511Z   CONDUIT_CHECKOUT_SHA: d932da60c7f04bde62c797126e298e38aa9819d0
2026-10-08T21:27:15.6305266Z ##[endgroup]
2026-10-08T21:27:15.6359644Z ##[start-action display=Parse toolchain version;id=__dtolnay_rust-toolchain.parse]
2026-10-08T21:27:15.6411515Z ##[group]Run if [[ -z $toolchain ]]; then
2026-10-08T21:27:15.6411863Z [36;1mif [[ -z $toolchain ]]; then[0m
2026-10-08T21:27:15.6412289Z [36;1m  # GitHub does not enforce `required: true` inputs itself. https://github.com/actions/runner/issues/1070[0m
2026-10-08T21:27:15.6412806Z [36;1m  echo "'toolchain' is a required input" >&2[0m
2026-10-08T21:27:15.6413048Z [36;1m  exit 1[0m
2026-10-08T21:27:15.6413318Z [36;1melif [[ $toolchain =~ ^stable' '[0-9]+' '(year|month|week|day)s?' 'ago$ ]]; then[0m
2026-10-08T21:27:15.6413638Z [36;1m  if [[ Linux == macOS ]]; then[0m
2026-10-08T21:27:15.6414046Z [36;1m    echo "toolchain=1.$((($(date -v-$(sed 's/stable \([0-9]*\) \(.\).*/\1\2/' <<< $toolchain) +%s)/60/60/24-16569)/7/6))" >> $GITHUB_OUTPUT[0m
2026-10-08T21:27:15.6414432Z [36;1m  else[0m
2026-10-08T21:27:15.6414914Z [36;1m    echo "toolchain=1.$((($(date --date "${toolchain#stable }" +%s)/60/60/24-16569)/7/6))" >> $GITHUB_OUTPUT[0m
2026-10-08T21:27:15.6415285Z [36;1m  fi[0m
2026-10-08T21:27:15.6415531Z [36;1melif [[ $toolchain =~ ^stable' 'minus' '[0-9]+' 'releases?$ ]]; then[0m
2026-10-08T21:27:15.6415931Z [36;1m  echo "toolchain=1.$((($(date +%s)/60/60/24-16569)/7/6-${toolchain//[^0-9]/}))" >> $GITHUB_OUTPUT[0m
2026-10-08T21:27:15.6416278Z [36;1melif [[ $toolchain =~ ^1\.[0-9]+$ ]]; then[0m
2026-10-08T21:27:15.6416687Z [36;1m  echo "toolchain=1.$((i=${toolchain#1.}, c=($(date +%s)/60/60/24-16569)/7/6, i+9*i*(10*i<=c)+90*i*(100*i<=c)))" >> $GITHUB_OUTPUT[0m
2026-10-08T21:27:15.6417081Z [36;1melse[0m
2026-10-08T21:27:15.6417285Z [36;1m  echo "toolchain=$toolchain" >> $GITHUB_OUTPUT[0m
2026-10-08T21:27:15.6417518Z [36;1mfi[0m
2026-10-08T21:27:15.6632873Z shell: /usr/bin/bash --noprofile --norc -e -o pipefail {0}
2026-10-08T21:27:15.6633182Z env:
2026-10-08T21:27:15.6633359Z   CARGO_TERM_COLOR: always
2026-10-08T21:27:15.6633580Z   CARGO_INCREMENTAL: 0
2026-10-08T21:27:15.6633762Z   CARGO_PROFILE_DEV_DEBUG: 0
2026-10-08T21:27:15.6633959Z   CARGO_PROFILE_TEST_DEBUG: 0
2026-10-08T21:27:15.6634151Z   RUSTUP_TOOLCHAIN: 1.98.1
2026-10-08T21:27:15.6634416Z   CONDUIT_CHECKOUT_SHA: d932da60c7f04bde62c797126e298e38aa9819d0
2026-10-08T21:27:15.6634855Z   toolchain: 1.98.1
2026-10-08T21:27:15.6635029Z ##[endgroup]
2026-10-08T21:27:15.6761326Z ##[end-action id=__dtolnay_rust-toolchain.parse;outcome=success;conclusion=success;duration_ms=40]
2026-10-08T21:27:15.6767516Z ##[start-action display=Construct rustup command line;id=__dtolnay_rust-toolchain.flags]
2026-10-08T21:27:15.6789469Z ##[group]Run echo "targets=$(for t in ${targets//,/ }; do echo -n ' --target' $t; done)" >> $GITHUB_OUTPUT
2026-10-08T21:27:15.6789979Z [36;1mecho "targets=$(for t in ${targets//,/ }; do echo -n ' --target' $t; done)" >> $GITHUB_OUTPUT[0m
2026-10-08T21:27:15.6790478Z [36;1mecho "components=$(for c in ${components//,/ }; do echo -n ' --component' $c; done)" >> $GITHUB_OUTPUT[0m
2026-10-08T21:27:15.6790876Z [36;1mecho "downgrade=" >> $GITHUB_OUTPUT[0m
2026-10-08T21:27:15.6845439Z shell: /usr/bin/bash --noprofile --norc -e -o pipefail {0}
2026-10-08T21:27:15.6845736Z env:
2026-10-08T21:27:15.6845917Z   CARGO_TERM_COLOR: always
2026-10-08T21:27:15.6846109Z   CARGO_INCREMENTAL: 0
2026-10-08T21:27:15.6846294Z   CARGO_PROFILE_DEV_DEBUG: 0
2026-10-08T21:27:15.6846494Z   CARGO_PROFILE_TEST_DEBUG: 0
2026-10-08T21:27:15.6846946Z   RUSTUP_TOOLCHAIN: 1.98.1
2026-10-08T21:27:15.6847212Z   CONDUIT_CHECKOUT_SHA: d932da60c7f04bde62c797126e298e38aa9819d0
2026-10-08T21:27:15.6847477Z   targets: 
2026-10-08T21:27:15.6847637Z   components: 
2026-10-08T21:27:15.6847816Z ##[endgroup]
2026-10-08T21:27:15.6939807Z ##[end-action id=__dtolnay_rust-toolchain.flags;outcome=success;conclusion=success;duration_ms=17]
2026-10-08T21:27:15.6942220Z ##[start-action display=Set $CARGO_HOME;id=__dtolnay_rust-toolchain.__run]
2026-10-08T21:27:15.6965005Z ##[group]Run echo CARGO_HOME=${CARGO_HOME:-"$HOME/.cargo"} >> $GITHUB_ENV
2026-10-08T21:27:15.6965561Z [36;1mecho CARGO_HOME=${CARGO_HOME:-"$HOME/.cargo"} >> $GITHUB_ENV[0m
2026-10-08T21:27:15.7019752Z shell: /usr/bin/bash --noprofile --norc -e -o pipefail {0}
2026-10-08T21:27:15.7020031Z env:
2026-10-08T21:27:15.7020207Z   CARGO_TERM_COLOR: always
2026-10-08T21:27:15.7020402Z   CARGO_INCREMENTAL: 0
2026-10-08T21:27:15.7020590Z   CARGO_PROFILE_DEV_DEBUG: 0
2026-10-08T21:27:15.7020790Z   CARGO_PROFILE_TEST_DEBUG: 0
2026-10-08T21:27:15.7021009Z   RUSTUP_TOOLCHAIN: 1.98.1
2026-10-08T21:27:15.7021258Z   CONDUIT_CHECKOUT_SHA: d932da60c7f04bde62c797126e298e38aa9819d0
2026-10-08T21:27:15.7021530Z ##[endgroup]
2026-10-08T21:27:15.7104486Z ##[end-action id=__dtolnay_rust-toolchain.__run;outcome=success;conclusion=success;duration_ms=16]
2026-10-08T21:27:15.7107140Z ##[start-action display=Install rustup if needed;id=__dtolnay_rust-toolchain.__run_2]
2026-10-08T21:27:15.7135257Z ##[group]Run if ! command -v rustup &>/dev/null; then
2026-10-08T21:27:15.7135613Z [36;1mif ! command -v rustup &>/dev/null; then[0m
2026-10-08T21:27:15.7136205Z [36;1m  curl --proto '=https' --tlsv1.2 --retry 10 --retry-connrefused --location --silent --show-error --fail https://sh.rustup.rs | sh -s -- --default-toolchain none -y[0m
2026-10-08T21:27:15.7136780Z [36;1m  echo "$CARGO_HOME/bin" >> $GITHUB_PATH[0m
2026-10-08T21:27:15.7137021Z [36;1mfi[0m
2026-10-08T21:27:15.7190822Z shell: /usr/bin/bash --noprofile --norc -e -o pipefail {0}
2026-10-08T21:27:15.7191132Z env:
2026-10-08T21:27:15.7191310Z   CARGO_TERM_COLOR: always
2026-10-08T21:27:15.7191507Z   CARGO_INCREMENTAL: 0
2026-10-08T21:27:15.7191691Z   CARGO_PROFILE_DEV_DEBUG: 0
2026-10-08T21:27:15.7191887Z   CARGO_PROFILE_TEST_DEBUG: 0
2026-10-08T21:27:15.7192103Z   RUSTUP_TOOLCHAIN: 1.98.1
2026-10-08T21:27:15.7192360Z   CONDUIT_CHECKOUT_SHA: d932da60c7f04bde62c797126e298e38aa9819d0
2026-10-08T21:27:15.7192636Z   CARGO_HOME: /home/runner/.cargo
2026-10-08T21:27:15.7192864Z ##[endgroup]
2026-10-08T21:27:15.7301034Z ##[end-action id=__dtolnay_rust-toolchain.__run_2;outcome=success;conclusion=success;duration_ms=19]
2026-10-08T21:27:15.7303415Z ##[start-action display=Install rustup if needed on windows;id=__dtolnay_rust-toolchain.__run_3]
2026-10-08T21:27:15.7310234Z ##[end-action id=__dtolnay_rust-toolchain.__run_3;outcome=skipped;conclusion=skipped;duration_ms=0]
2026-10-08T21:27:15.7321410Z ##[start-action display=rustup toolchain install 1.98.1;id=__dtolnay_rust-toolchain.__run_4]
2026-10-08T21:27:15.7343761Z ##[group]Run log=$(mktemp)
2026-10-08T21:27:15.7344007Z [36;1mlog=$(mktemp)[0m
2026-10-08T21:27:15.7344205Z [36;1mtrap 'rm -f "$log"' EXIT[0m
2026-10-08T21:27:15.7344434Z [36;1mfor attempt in 1 2 3 4 5; do[0m
2026-10-08T21:27:15.7345104Z [36;1m  if rustup toolchain install 1.98.1 --profile minimal --no-self-update --force-non-host 2>&1 | tee "$log"; then[0m
2026-10-08T21:27:15.7345564Z [36;1m    break[0m
2026-10-08T21:27:15.7345739Z [36;1m  else[0m
2026-10-08T21:27:15.7345905Z [36;1m    status=$?[0m
2026-10-08T21:27:15.7346103Z [36;1m  fi[0m
2026-10-08T21:27:15.7346346Z [36;1m  if [[ $attempt == 5 ]] || ! grep -Fq 'checksum failed for ' "$log" \[0m
2026-10-08T21:27:15.7346772Z [36;1m      || ! grep -Fq 'this is likely due to an ongoing update of the official release server' "$log"; then[0m
2026-10-08T21:27:15.7347131Z [36;1m    exit "$status"[0m
2026-10-08T21:27:15.7347333Z [36;1m  fi[0m
2026-10-08T21:27:15.7347814Z [36;1m  echo "Retrying rustup toolchain install in 30 seconds (retry $attempt of 4)" >&2[0m
2026-10-08T21:27:15.7348143Z [36;1m  sleep 30[0m
2026-10-08T21:27:15.7348316Z [36;1mdone[0m
2026-10-08T21:27:15.7402379Z shell: /usr/bin/bash --noprofile --norc -e -o pipefail {0}
2026-10-08T21:27:15.7402658Z env:
2026-10-08T21:27:15.7402836Z   CARGO_TERM_COLOR: always
2026-10-08T21:27:15.7403026Z   CARGO_INCREMENTAL: 0
2026-10-08T21:27:15.7403209Z   CARGO_PROFILE_DEV_DEBUG: 0
2026-10-08T21:27:15.7403408Z   CARGO_PROFILE_TEST_DEBUG: 0
2026-10-08T21:27:15.7403611Z   RUSTUP_TOOLCHAIN: 1.98.1
2026-10-08T21:27:15.7404022Z   CONDUIT_CHECKOUT_SHA: d932da60c7f04bde62c797126e298e38aa9819d0
2026-10-08T21:27:15.7404315Z   CARGO_HOME: /home/runner/.cargo
2026-10-08T21:27:15.7404529Z   RUSTUP_PERMIT_COPY_RENAME: 1
2026-10-08T21:27:15.7404877Z ##[endgroup]
2026-10-08T21:27:15.7880867Z info: syncing channel updates for 1.98.1-x86_64-unknown-linux-gnu
2026-10-08T21:27:16.0203822Z info: latest update on 2026-09-03 for version 1.98.1 (48a229cea 2026-09-01)
2026-10-08T21:27:16.0204441Z info: downloading 3 components
2026-10-08T21:27:23.2600338Z 
2026-10-08T21:27:23.2667623Z   1.98.1-x86_64-unknown-linux-gnu installed - rustc 1.98.1 (48a229cea 2026-09-01)
2026-10-08T21:27:23.2668080Z 
2026-10-08T21:27:23.3310518Z ##[end-action id=__dtolnay_rust-toolchain.__run_4;outcome=success;conclusion=success;duration_ms=7598]
2026-10-08T21:27:23.3316405Z ##[start-action display=rustup default 1.98.1;id=__dtolnay_rust-toolchain.__run_5]
2026-10-08T21:27:23.3447787Z ##[group]Run rustup default 1.98.1 --force-non-host
2026-10-08T21:27:23.3448241Z [36;1mrustup default 1.98.1 --force-non-host[0m
2026-10-08T21:27:23.3503757Z shell: /usr/bin/bash --noprofile --norc -e -o pipefail {0}
2026-10-08T21:27:23.3504049Z env:
2026-10-08T21:27:23.3504221Z   CARGO_TERM_COLOR: always
2026-10-08T21:27:23.3504412Z   CARGO_INCREMENTAL: 0
2026-10-08T21:27:23.3504597Z   CARGO_PROFILE_DEV_DEBUG: 0
2026-10-08T21:27:23.3504926Z   CARGO_PROFILE_TEST_DEBUG: 0
2026-10-08T21:27:23.3505118Z   RUSTUP_TOOLCHAIN: 1.98.1
2026-10-08T21:27:23.3505389Z   CONDUIT_CHECKOUT_SHA: d932da60c7f04bde62c797126e298e38aa9819d0
2026-10-08T21:27:23.3505676Z   CARGO_HOME: /home/runner/.cargo
2026-10-08T21:27:23.3505879Z ##[endgroup]
2026-10-08T21:27:23.4045105Z info: using existing install for 1.98.1-x86_64-unknown-linux-gnu
2026-10-08T21:27:23.5677382Z info: default toolchain set to 1.98.1-x86_64-unknown-linux-gnu
2026-10-08T21:27:23.5695257Z 
2026-10-08T21:27:23.5744333Z info: note that the toolchain '1.98.1-x86_64-unknown-linux-gnu' is currently in use (overridden by environment variable RUSTUP_TOOLCHAIN)
2026-10-08T21:27:23.5745371Z   1.98.1-x86_64-unknown-linux-gnu unchanged - rustc 1.98.1 (48a229cea 2026-09-01)
2026-10-08T21:27:23.5745763Z 
2026-10-08T21:27:23.5759485Z ##[end-action id=__dtolnay_rust-toolchain.__run_5;outcome=success;conclusion=success;duration_ms=244]
2026-10-08T21:27:23.5761686Z ##[start-action display=Create cachekey;id=__dtolnay_rust-toolchain.rustc-version]
2026-10-08T21:27:23.5876168Z ##[group]Run DATE=$(rustc +1.98.1 --version --verbose | sed -ne 's/^commit-date: \(20[0-9][0-9]\)-\([01][0-9]\)-\([0-3][0-9]\)$/\1\2\3/p')
2026-10-08T21:27:23.5876852Z [36;1mDATE=$(rustc +1.98.1 --version --verbose | sed -ne 's/^commit-date: \(20[0-9][0-9]\)-\([01][0-9]\)-\([0-3][0-9]\)$/\1\2\3/p')[0m
2026-10-08T21:27:23.5877329Z [36;1mHASH=$(rustc +1.98.1 --version --verbose | sed -ne 's/^commit-hash: //p')[0m
2026-10-08T21:27:23.5877698Z [36;1mecho "cachekey=$(echo $DATE$HASH | head -c12)" >> $GITHUB_OUTPUT[0m
2026-10-08T21:27:23.5932908Z shell: /usr/bin/bash --noprofile --norc -e -o pipefail {0}
2026-10-08T21:27:23.5933203Z env:
2026-10-08T21:27:23.5933375Z   CARGO_TERM_COLOR: always
2026-10-08T21:27:23.5933574Z   CARGO_INCREMENTAL: 0
2026-10-08T21:27:23.5933759Z   CARGO_PROFILE_DEV_DEBUG: 0
2026-10-08T21:27:23.5933963Z   CARGO_PROFILE_TEST_DEBUG: 0
2026-10-08T21:27:23.5934163Z   RUSTUP_TOOLCHAIN: 1.98.1
2026-10-08T21:27:23.5934415Z   CONDUIT_CHECKOUT_SHA: d932da60c7f04bde62c797126e298e38aa9819d0
2026-10-08T21:27:23.5935106Z   CARGO_HOME: /home/runner/.cargo
2026-10-08T21:27:23.5935312Z ##[endgroup]
2026-10-08T21:27:23.7098375Z ##[end-action id=__dtolnay_rust-toolchain.rustc-version;outcome=success;conclusion=success;duration_ms=133]
2026-10-08T21:27:23.7100985Z ##[start-action display=Disable incremental compilation;id=__dtolnay_rust-toolchain.__run_6]
2026-10-08T21:27:23.8082481Z ##[group]Run if [ -z "${CARGO_INCREMENTAL+set}" ]; then
2026-10-08T21:27:23.8083016Z [36;1mif [ -z "${CARGO_INCREMENTAL+set}" ]; then[0m
2026-10-08T21:27:23.8083719Z [36;1m  echo CARGO_INCREMENTAL=0 >> $GITHUB_ENV[0m
2026-10-08T21:27:23.8084088Z [36;1mfi[0m
2026-10-08T21:27:23.8145225Z shell: /usr/bin/bash --noprofile --norc -e -o pipefail {0}
2026-10-08T21:27:23.8145532Z env:
2026-10-08T21:27:23.8145716Z   CARGO_TERM_COLOR: always
2026-10-08T21:27:23.8145922Z   CARGO_INCREMENTAL: 0
2026-10-08T21:27:23.8146116Z   CARGO_PROFILE_DEV_DEBUG: 0
2026-10-08T21:27:23.8146335Z   CARGO_PROFILE_TEST_DEBUG: 0
2026-10-08T21:27:23.8146559Z   RUSTUP_TOOLCHAIN: 1.98.1
2026-10-08T21:27:23.8146857Z   CONDUIT_CHECKOUT_SHA: d932da60c7f04bde62c797126e298e38aa9819d0
2026-10-08T21:27:23.8147158Z   CARGO_HOME: /home/runner/.cargo
2026-10-08T21:27:23.8147373Z ##[endgroup]
2026-10-08T21:27:23.9287964Z ##[end-action id=__dtolnay_rust-toolchain.__run_6;outcome=success;conclusion=success;duration_ms=218]
2026-10-08T21:27:23.9290416Z ##[start-action display=Enable colors in Cargo output;id=__dtolnay_rust-toolchain.__run_7]
2026-10-08T21:27:24.0355749Z ##[group]Run if [ -z "${CARGO_TERM_COLOR+set}" ]; then
2026-10-08T21:27:24.0356305Z [36;1mif [ -z "${CARGO_TERM_COLOR+set}" ]; then[0m
2026-10-08T21:27:24.0356767Z [36;1m  echo CARGO_TERM_COLOR=always >> $GITHUB_ENV[0m
2026-10-08T21:27:24.0357163Z [36;1mfi[0m
2026-10-08T21:27:24.0419894Z shell: /usr/bin/bash --noprofile --norc -e -o pipefail {0}
2026-10-08T21:27:24.0420227Z env:
2026-10-08T21:27:24.0420423Z   CARGO_TERM_COLOR: always
2026-10-08T21:27:24.0420642Z   CARGO_INCREMENTAL: 0
2026-10-08T21:27:24.0420851Z   CARGO_PROFILE_DEV_DEBUG: 0
2026-10-08T21:27:24.0421098Z   CARGO_PROFILE_TEST_DEBUG: 0
2026-10-08T21:27:24.0421317Z   RUSTUP_TOOLCHAIN: 1.98.1
2026-10-08T21:27:24.0421595Z   CONDUIT_CHECKOUT_SHA: d932da60c7f04bde62c797126e298e38aa9819d0
2026-10-08T21:27:24.0421907Z   CARGO_HOME: /home/runner/.cargo
2026-10-08T21:27:24.0422135Z ##[endgroup]
2026-10-08T21:27:24.1475495Z ##[end-action id=__dtolnay_rust-toolchain.__run_7;outcome=success;conclusion=success;duration_ms=218]
2026-10-08T21:27:24.1477874Z ##[start-action display=Enable Cargo sparse registry;id=__dtolnay_rust-toolchain.__run_8]
2026-10-08T21:27:24.2634133Z ##[group]Run # implemented in 1.66, stabilized in 1.68, made default in 1.70
2026-10-08T21:27:24.2634971Z [36;1m# implemented in 1.66, stabilized in 1.68, made default in 1.70[0m
2026-10-08T21:27:24.2635834Z [36;1mif [ -z "${CARGO_REGISTRIES_CRATES_IO_PROTOCOL+set}" -o -f "/home/runner/work/_temp"/.implicit_cargo_registries_crates_io_protocol ]; then[0m
2026-10-08T21:27:24.2636748Z [36;1m  if rustc +1.98.1 --version --verbose | grep -q '^release: 1\.6[89]\.'; then[0m
2026-10-08T21:27:24.2637437Z [36;1m    touch "/home/runner/work/_temp"/.implicit_cargo_registries_crates_io_protocol || true[0m
2026-10-08T21:27:24.2638098Z [36;1m    echo CARGO_REGISTRIES_CRATES_IO_PROTOCOL=sparse >> $GITHUB_ENV[0m
2026-10-08T21:27:24.2638694Z [36;1m  elif rustc +1.98.1 --version --verbose | grep -q '^release: 1\.6[67]\.'; then[0m
2026-10-08T21:27:24.2639361Z [36;1m    touch "/home/runner/work/_temp"/.implicit_cargo_registries_crates_io_protocol || true[0m
2026-10-08T21:27:24.2640010Z [36;1m    echo CARGO_REGISTRIES_CRATES_IO_PROTOCOL=git >> $GITHUB_ENV[0m
2026-10-08T21:27:24.2640435Z [36;1m  fi[0m
2026-10-08T21:27:24.2640661Z [36;1mfi[0m
2026-10-08T21:27:24.2695928Z shell: /usr/bin/bash --noprofile --norc -e -o pipefail {0}
2026-10-08T21:27:24.2696214Z env:
2026-10-08T21:27:24.2696393Z   CARGO_TERM_COLOR: always
2026-10-08T21:27:24.2696592Z   CARGO_INCREMENTAL: 0
2026-10-08T21:27:24.2696783Z   CARGO_PROFILE_DEV_DEBUG: 0
2026-10-08T21:27:24.2697222Z   CARGO_PROFILE_TEST_DEBUG: 0
2026-10-08T21:27:24.2697420Z   RUSTUP_TOOLCHAIN: 1.98.1
2026-10-08T21:27:24.2697672Z   CONDUIT_CHECKOUT_SHA: d932da60c7f04bde62c797126e298e38aa9819d0
2026-10-08T21:27:24.2697951Z   CARGO_HOME: /home/runner/.cargo
2026-10-08T21:27:24.2698154Z ##[endgroup]
2026-10-08T21:27:24.3879367Z ##[end-action id=__dtolnay_rust-toolchain.__run_8;outcome=success;conclusion=success;duration_ms=240]
2026-10-08T21:27:24.3881587Z ##[start-action display=Work around spurious network errors in curl 8.0;id=__dtolnay_rust-toolchain.__run_9]
2026-10-08T21:27:24.4819779Z ##[group]Run # https://rust-lang.zulipchat.com/#narrow/stream/246057-t-cargo/topic/timeout.20investigation
2026-10-08T21:27:24.4820686Z [36;1m# https://rust-lang.zulipchat.com/#narrow/stream/246057-t-cargo/topic/timeout.20investigation[0m
2026-10-08T21:27:24.4821414Z [36;1mif rustc +1.98.1 --version --verbose | grep -q '^release: 1\.7[01]\.'; then[0m
2026-10-08T21:27:24.4821989Z [36;1m  echo CARGO_HTTP_MULTIPLEXING=false >> $GITHUB_ENV[0m
2026-10-08T21:27:24.4822360Z [36;1mfi[0m
2026-10-08T21:27:24.4877780Z shell: /usr/bin/bash --noprofile --norc -e -o pipefail {0}
2026-10-08T21:27:24.4878076Z env:
2026-10-08T21:27:24.4878252Z   CARGO_TERM_COLOR: always
2026-10-08T21:27:24.4878452Z   CARGO_INCREMENTAL: 0
2026-10-08T21:27:24.4878636Z   CARGO_PROFILE_DEV_DEBUG: 0
2026-10-08T21:27:24.4878836Z   CARGO_PROFILE_TEST_DEBUG: 0
2026-10-08T21:27:24.4879033Z   RUSTUP_TOOLCHAIN: 1.98.1
2026-10-08T21:27:24.4879291Z   CONDUIT_CHECKOUT_SHA: d932da60c7f04bde62c797126e298e38aa9819d0
2026-10-08T21:27:24.4879611Z   CARGO_HOME: /home/runner/.cargo
2026-10-08T21:27:24.4879822Z ##[endgroup]
2026-10-08T21:27:24.5869138Z ##[end-action id=__dtolnay_rust-toolchain.__run_9;outcome=success;conclusion=success;duration_ms=198]
2026-10-08T21:27:24.5873553Z ##[start-action display=rustc +1.98.1 --version --verbose;id=__dtolnay_rust-toolchain.__run_10]
2026-10-08T21:27:24.6112562Z ##[group]Run rustc +1.98.1 --version --verbose
2026-10-08T21:27:24.6113058Z [36;1mrustc +1.98.1 --version --verbose[0m
2026-10-08T21:27:24.6174339Z shell: /usr/bin/bash --noprofile --norc -e -o pipefail {0}
2026-10-08T21:27:24.6174759Z env:
2026-10-08T21:27:24.6174945Z   CARGO_TERM_COLOR: always
2026-10-08T21:27:24.6175158Z   CARGO_INCREMENTAL: 0
2026-10-08T21:27:24.6175366Z   CARGO_PROFILE_DEV_DEBUG: 0
2026-10-08T21:27:24.6175573Z   CARGO_PROFILE_TEST_DEBUG: 0
2026-10-08T21:27:24.6175779Z   RUSTUP_TOOLCHAIN: 1.98.1
2026-10-08T21:27:24.6176052Z   CONDUIT_CHECKOUT_SHA: d932da60c7f04bde62c797126e298e38aa9819d0
2026-10-08T21:27:24.6176382Z   CARGO_HOME: /home/runner/.cargo
2026-10-08T21:27:24.6176610Z ##[endgroup]
2026-10-08T21:27:24.6366264Z rustc 1.98.1 (48a229cea 2026-09-01)
2026-10-08T21:27:24.6366833Z binary: rustc
2026-10-08T21:27:24.6367381Z commit-hash: 48a229ceaefd4985c50990b14116b6d856af0985
2026-10-08T21:27:24.6367780Z commit-date: 2026-09-01
2026-10-08T21:27:24.6367992Z host: x86_64-unknown-linux-gnu
2026-10-08T21:27:24.6368196Z release: 1.98.1
2026-10-08T21:27:24.6368406Z LLVM version: 22.1.8
2026-10-08T21:27:24.6382549Z ##[end-action id=__dtolnay_rust-toolchain.__run_10;outcome=success;conclusion=success;duration_ms=50]
2026-10-08T21:27:24.6487410Z ##[group]Run actions/setup-node@v7.0.0
2026-10-08T21:27:24.6487673Z with:
2026-10-08T21:27:24.6487859Z   node-version: 22
2026-10-08T21:27:24.6488054Z   check-latest: false
2026-10-08T21:27:24.6490403Z   token: ***
2026-10-08T21:27:24.6490609Z   package-manager-cache: true
2026-10-08T21:27:24.6490830Z env:
2026-10-08T21:27:24.6491025Z   CARGO_TERM_COLOR: always
2026-10-08T21:27:24.6491235Z   CARGO_INCREMENTAL: 0
2026-10-08T21:27:24.6491432Z   CARGO_PROFILE_DEV_DEBUG: 0
2026-10-08T21:27:24.6491648Z   CARGO_PROFILE_TEST_DEBUG: 0
2026-10-08T21:27:24.6491876Z   RUSTUP_TOOLCHAIN: 1.98.1
2026-10-08T21:27:24.6492152Z   CONDUIT_CHECKOUT_SHA: d932da60c7f04bde62c797126e298e38aa9819d0
2026-10-08T21:27:24.6492462Z   CARGO_HOME: /home/runner/.cargo
2026-10-08T21:27:24.6492684Z ##[endgroup]
2026-10-08T21:27:24.7582813Z Found in cache @ /opt/hostedtoolcache/node/22.23.3/x64
2026-10-08T21:27:24.7586198Z ##[group]Environment details
2026-10-08T21:27:25.2197117Z node: v22.23.3
2026-10-08T21:27:25.2197511Z npm: 10.9.9
2026-10-08T21:27:25.2197737Z yarn: 1.22.22
2026-10-08T21:27:25.2198392Z ##[endgroup]
2026-10-08T21:27:25.2631861Z ##[group]Run Swatinem/rust-cache@v2
2026-10-08T21:27:25.2632091Z with:
2026-10-08T21:27:25.2632264Z   key: target-browser
2026-10-08T21:27:25.2632465Z   prefix-key: conduit-compiler-v1
2026-10-08T21:27:25.2632674Z   cache-targets: false
2026-10-08T21:27:25.2633105Z   cache-directories: target/debug
target/release
target/*-unknown-*

2026-10-08T21:27:25.2633405Z   cache-on-failure: false
2026-10-08T21:27:25.2633594Z   add-job-id-key: true
2026-10-08T21:27:25.2633788Z   add-rust-environment-hash-key: true
2026-10-08T21:27:25.2634008Z   cache-all-crates: false
2026-10-08T21:27:25.2634206Z   cache-workspace-crates: false
2026-10-08T21:27:25.2634407Z   save-if: true
2026-10-08T21:27:25.2634580Z   cache-provider: github
2026-10-08T21:27:25.2634996Z   cache-bin: true
2026-10-08T21:27:25.2635165Z   lookup-only: false
2026-10-08T21:27:25.2635344Z   cmd-format: {0}
2026-10-08T21:27:25.2635507Z env:
2026-10-08T21:27:25.2635669Z   CARGO_TERM_COLOR: always
2026-10-08T21:27:25.2635891Z   CARGO_INCREMENTAL: 0
2026-10-08T21:27:25.2636080Z   CARGO_PROFILE_DEV_DEBUG: 0
2026-10-08T21:27:25.2636275Z   CARGO_PROFILE_TEST_DEBUG: 0
2026-10-08T21:27:25.2636470Z   RUSTUP_TOOLCHAIN: 1.98.1
2026-10-08T21:27:25.2636715Z   CONDUIT_CHECKOUT_SHA: d932da60c7f04bde62c797126e298e38aa9819d0
2026-10-08T21:27:25.2637008Z   CARGO_HOME: /home/runner/.cargo
2026-10-08T21:27:25.2637208Z ##[endgroup]
2026-10-08T21:27:26.0795921Z ##[group]Cache Configuration
2026-10-08T21:27:26.0802471Z Cache Provider:
2026-10-08T21:27:26.0802696Z     github
2026-10-08T21:27:26.0802880Z Workspaces:
2026-10-08T21:27:26.0803108Z     /home/runner/work/conduit/conduit
2026-10-08T21:27:26.0803391Z Cache Paths:
2026-10-08T21:27:26.0803662Z     /home/runner/.cargo/bin
2026-10-08T21:27:26.0803898Z     /home/runner/.cargo/.crates.toml
2026-10-08T21:27:26.0804142Z     /home/runner/.cargo/.crates2.json
2026-10-08T21:27:26.0804374Z     /home/runner/.cargo/registry
2026-10-08T21:27:26.0804580Z     /home/runner/.cargo/git
2026-10-08T21:27:26.0804969Z     target/debug
2026-10-08T21:27:26.0805145Z     target/release
2026-10-08T21:27:26.0805400Z     target/*-unknown-*
2026-10-08T21:27:26.0805657Z Restore Key:
2026-10-08T21:27:26.0806152Z     conduit-compiler-v1-target-browser-target-Linux-x64-2f443374
2026-10-08T21:27:26.0806548Z Cache Key:
2026-10-08T21:27:26.0806856Z     conduit-compiler-v1-target-browser-target-Linux-x64-2f443374-b8a65865
2026-10-08T21:27:26.0807185Z .. Prefix:
2026-10-08T21:27:26.0807435Z   - conduit-compiler-v1-target-browser-target-Linux-x64
2026-10-08T21:27:26.0807736Z .. Environment considered:
2026-10-08T21:27:26.0807939Z   - Rust Versions:
2026-10-08T21:27:26.0808235Z     - 1.98.1 x86_64-unknown-linux-gnu 48a229ceaefd4985c50990b14116b6d856af0985
2026-10-08T21:27:26.0808645Z     - 1.99.0 x86_64-unknown-linux-gnu b940084d7eb6a299eb4bfeb8e34901bc051e7ac4
2026-10-08T21:27:26.0808926Z   - CARGO_HOME
2026-10-08T21:27:26.0809097Z   - CARGO_INCREMENTAL
2026-10-08T21:27:26.0809384Z   - CARGO_PROFILE_DEV_DEBUG
2026-10-08T21:27:26.0809632Z   - CARGO_PROFILE_TEST_DEBUG
2026-10-08T21:27:26.0809832Z   - CARGO_TERM_COLOR
2026-10-08T21:27:26.0810008Z   - RUSTUP_TOOLCHAIN
2026-10-08T21:27:26.0810328Z .. Lockfiles considered:
2026-10-08T21:27:26.0810619Z   - /home/runner/work/conduit/conduit/.cargo/config.toml
2026-10-08T21:27:26.0811007Z   - /home/runner/work/conduit/conduit/architecture/assigned-plan/Cargo.toml
2026-10-08T21:27:26.0811526Z   - /home/runner/work/conduit/conduit/architecture/body/Cargo.toml
2026-10-08T21:27:26.0811903Z   - /home/runner/work/conduit/conduit/architecture/composite/Cargo.toml
2026-10-08T21:27:26.0812328Z   - /home/runner/work/conduit/conduit/architecture/core/Cargo.toml
2026-10-08T21:27:26.0812951Z   - /home/runner/work/conduit/conduit/architecture/kernel/Cargo.toml
2026-10-08T21:27:26.0813497Z   - /home/runner/work/conduit/conduit/architecture/observatory/Cargo.toml
2026-10-08T21:27:26.0813913Z   - /home/runner/work/conduit/conduit/architecture/plan-lowering/Cargo.toml
2026-10-08T21:27:26.0814965Z   - /home/runner/work/conduit/conduit/architecture/planner/Cargo.toml
2026-10-08T21:27:26.0815522Z   - /home/runner/work/conduit/conduit/architecture/plot/Cargo.toml
2026-10-08T21:27:26.0815958Z   - /home/runner/work/conduit/conduit/architecture/protected-line/Cargo.toml
2026-10-08T21:27:26.0816665Z   - /home/runner/work/conduit/conduit/architecture/wire/Cargo.toml
2026-10-08T21:27:26.0817081Z   - /home/runner/work/conduit/conduit/bodies/pete/Cargo.toml
2026-10-08T21:27:26.0817502Z   - /home/runner/work/conduit/conduit/Cargo.lock
2026-10-08T21:27:26.0817933Z   - /home/runner/work/conduit/conduit/make/body/Cargo.toml
2026-10-08T21:27:26.0818356Z   - /home/runner/work/conduit/conduit/make/embedded-build/Cargo.toml
2026-10-08T21:27:26.0818865Z   - /home/runner/work/conduit/conduit/make/host/Cargo.toml
2026-10-08T21:27:26.0819211Z   - /home/runner/work/conduit/conduit/make/workspace/Cargo.toml
2026-10-08T21:27:26.0819613Z   - /home/runner/work/conduit/conduit/mechanisms/devices/create-oi/Cargo.toml
2026-10-08T21:27:26.0820041Z   - /home/runner/work/conduit/conduit/mechanisms/devices/mpu6050/Cargo.toml
2026-10-08T21:27:26.0820442Z   - /home/runner/work/conduit/conduit/mechanisms/devices/ssd1306/Cargo.toml
2026-10-08T21:27:26.0820878Z   - /home/runner/work/conduit/conduit/mechanisms/implementations/burn-model/Cargo.toml
2026-10-08T21:27:26.0821416Z   - /home/runner/work/conduit/conduit/mechanisms/implementations/emergency-keyword-spotter/Cargo.toml
2026-10-08T21:27:26.0822070Z   - /home/runner/work/conduit/conduit/mechanisms/implementations/linear-framebuffer-make/Cargo.toml
2026-10-08T21:27:26.0822710Z   - /home/runner/work/conduit/conduit/mechanisms/implementations/synth/Cargo.toml
2026-10-08T21:27:26.0823156Z   - /home/runner/work/conduit/conduit/mechanisms/protocols/bluetooth/Cargo.toml
2026-10-08T21:27:26.0823566Z   - /home/runner/work/conduit/conduit/mechanisms/protocols/midi/Cargo.toml
2026-10-08T21:27:26.0823935Z   - /home/runner/work/conduit/conduit/plots/birth/Cargo.toml
2026-10-08T21:27:26.0824337Z   - /home/runner/work/conduit/conduit/plots/little-seismograph/fixture/Cargo.toml
2026-10-08T21:27:26.0825166Z   - /home/runner/work/conduit/conduit/plots/patchbay/application/Cargo.toml
2026-10-08T21:27:26.0825833Z   - /home/runner/work/conduit/conduit/plots/patchbay/Cargo.toml
2026-10-08T21:27:26.0826237Z   - /home/runner/work/conduit/conduit/plots/patchbay/graph/Cargo.toml
2026-10-08T21:27:26.0826674Z   - /home/runner/work/conduit/conduit/plots/patchbay/workbench/host-contract/Cargo.toml
2026-10-08T21:27:26.0827132Z   - /home/runner/work/conduit/conduit/plots/patchbay/workbench/model/Cargo.toml
2026-10-08T21:27:26.0827573Z   - /home/runner/work/conduit/conduit/plots/patchbay/workbench/svg-mask/Cargo.toml
2026-10-08T21:27:26.0827970Z   - /home/runner/work/conduit/conduit/plots/todo/face/Cargo.toml
2026-10-08T21:27:26.0828334Z   - /home/runner/work/conduit/conduit/plots/todo/model/Cargo.toml
2026-10-08T21:27:26.0828674Z   - /home/runner/work/conduit/conduit/plots/tour/Cargo.toml
2026-10-08T21:27:26.0829022Z   - /home/runner/work/conduit/conduit/products/conduit/Cargo.toml
2026-10-08T21:27:26.0829434Z   - /home/runner/work/conduit/conduit/proof/conformance/alife-distributed/Cargo.toml
2026-10-08T21:27:26.0829945Z   - /home/runner/work/conduit/conduit/proof/conformance/body-lifecycle/Cargo.toml
2026-10-08T21:27:26.0830500Z   - /home/runner/work/conduit/conduit/proof/conformance/network-r1/Cargo.toml
2026-10-08T21:27:26.0830961Z   - /home/runner/work/conduit/conduit/proof/conformance/patchbay-workbench/Cargo.toml
2026-10-08T21:27:26.0831414Z   - /home/runner/work/conduit/conduit/proof/conformance/pete-workload/Cargo.toml
2026-10-08T21:27:26.0831829Z   - /home/runner/work/conduit/conduit/proof/conformance/signal/Cargo.toml
2026-10-08T21:27:26.0832295Z   - /home/runner/work/conduit/conduit/proof/fixtures/rp2040-pio-audio-extension/Cargo.toml
2026-10-08T21:27:26.0832700Z   - /home/runner/work/conduit/conduit/rust-toolchain.toml
2026-10-08T21:27:26.0833023Z   - /home/runner/work/conduit/conduit/semantics/ai/Cargo.toml
2026-10-08T21:27:26.0833542Z   - /home/runner/work/conduit/conduit/semantics/alife/Cargo.toml
2026-10-08T21:27:26.0833887Z   - /home/runner/work/conduit/conduit/semantics/audio/Cargo.toml
2026-10-08T21:27:26.0834267Z   - /home/runner/work/conduit/conduit/semantics/body-invitation/Cargo.toml
2026-10-08T21:27:26.0834964Z   - /home/runner/work/conduit/conduit/semantics/catalog/Cargo.toml
2026-10-08T21:27:26.0835325Z   - /home/runner/work/conduit/conduit/semantics/chat/Cargo.toml
2026-10-08T21:27:26.0835663Z   - /home/runner/work/conduit/conduit/semantics/data/Cargo.toml
2026-10-08T21:27:26.0836011Z   - /home/runner/work/conduit/conduit/semantics/education/Cargo.toml
2026-10-08T21:27:26.0836377Z   - /home/runner/work/conduit/conduit/semantics/finance/Cargo.toml
2026-10-08T21:27:26.0836713Z   - /home/runner/work/conduit/conduit/semantics/home/Cargo.toml
2026-10-08T21:27:26.0837050Z   - /home/runner/work/conduit/conduit/semantics/human/Cargo.toml
2026-10-08T21:27:26.0837401Z   - /home/runner/work/conduit/conduit/semantics/language/Cargo.toml
2026-10-08T21:27:26.0837754Z   - /home/runner/work/conduit/conduit/semantics/net/Cargo.toml
2026-10-08T21:27:26.0838119Z   - /home/runner/work/conduit/conduit/semantics/plot-library/Cargo.toml
2026-10-08T21:27:26.0838497Z   - /home/runner/work/conduit/conduit/semantics/presentation/Cargo.toml
2026-10-08T21:27:26.0838865Z   - /home/runner/work/conduit/conduit/semantics/process/Cargo.toml
2026-10-08T21:27:26.0839207Z   - /home/runner/work/conduit/conduit/semantics/purpose/Cargo.toml
2026-10-08T21:27:26.0839556Z   - /home/runner/work/conduit/conduit/semantics/robotics/Cargo.toml
2026-10-08T21:27:26.0839912Z   - /home/runner/work/conduit/conduit/semantics/signal/Cargo.toml
2026-10-08T21:27:26.0840256Z   - /home/runner/work/conduit/conduit/semantics/speech/Cargo.toml
2026-10-08T21:27:26.0840635Z   - /home/runner/work/conduit/conduit/semantics/system-continuity/Cargo.toml
2026-10-08T21:27:26.0841008Z   - /home/runner/work/conduit/conduit/semantics/text/Cargo.toml
2026-10-08T21:27:26.0841340Z   - /home/runner/work/conduit/conduit/semantics/time/Cargo.toml
2026-10-08T21:27:26.0841705Z   - /home/runner/work/conduit/conduit/semantics/tongues/Cargo.toml
2026-10-08T21:27:26.0842055Z   - /home/runner/work/conduit/conduit/semantics/tutorial/Cargo.toml
2026-10-08T21:27:26.0842398Z   - /home/runner/work/conduit/conduit/semantics/web/Cargo.toml
2026-10-08T21:27:26.0842820Z   - /home/runner/work/conduit/conduit/targets/avr/firmware/promicro-host/.cargo/config.toml
2026-10-08T21:27:26.0843328Z   - /home/runner/work/conduit/conduit/targets/avr/firmware/promicro-host/rust-toolchain.toml
2026-10-08T21:27:26.0843770Z   - /home/runner/work/conduit/conduit/targets/avr/make/Cargo.toml
2026-10-08T21:27:26.0844135Z   - /home/runner/work/conduit/conduit/targets/browser/host/Cargo.toml
2026-10-08T21:27:26.0844501Z   - /home/runner/work/conduit/conduit/targets/browser/make/Cargo.toml
2026-10-08T21:27:26.0845048Z   - /home/runner/work/conduit/conduit/targets/browser/mask-offer/Cargo.toml
2026-10-08T21:27:26.0845502Z   - /home/runner/work/conduit/conduit/targets/browser/patchbay-workbench/Cargo.toml
2026-10-08T21:27:26.0845930Z   - /home/runner/work/conduit/conduit/targets/browser/runtime/Cargo.toml
2026-10-08T21:27:26.0846297Z   - /home/runner/work/conduit/conduit/targets/conduitos/Cargo.toml
2026-10-08T21:27:26.0846663Z   - /home/runner/work/conduit/conduit/targets/conduitos/make/Cargo.toml
2026-10-08T21:27:26.0847062Z   - /home/runner/work/conduit/conduit/targets/conduitos/mask-offer/Cargo.toml
2026-10-08T21:27:26.0847526Z   - /home/runner/work/conduit/conduit/targets/esp32/firmware/c3-signal/.cargo/config.toml
2026-10-08T21:27:26.0848001Z   - /home/runner/work/conduit/conduit/targets/esp32/firmware/s3-signal/.cargo/config.toml
2026-10-08T21:27:26.0848500Z   - /home/runner/work/conduit/conduit/targets/esp32/firmware/wroom-signal/.cargo/config.toml
2026-10-08T21:27:26.0848920Z   - /home/runner/work/conduit/conduit/targets/esp32/make/Cargo.toml
2026-10-08T21:27:26.0849300Z   - /home/runner/work/conduit/conduit/targets/orange-pi/make/Cargo.toml
2026-10-08T21:27:26.0849818Z   - /home/runner/work/conduit/conduit/targets/raspberry-pi/make/Cargo.toml
2026-10-08T21:27:26.0850209Z   - /home/runner/work/conduit/conduit/targets/rp2040/make/Cargo.toml
2026-10-08T21:27:26.0850615Z   - /home/runner/work/conduit/conduit/targets/rp2040/network-realization/Cargo.toml
2026-10-08T21:27:26.0851110Z   - /home/runner/work/conduit/conduit/targets/std/Cargo.toml
2026-10-08T21:27:26.0851446Z   - /home/runner/work/conduit/conduit/targets/std/make/Cargo.toml
2026-10-08T21:27:26.0851794Z   - /home/runner/work/conduit/conduit/targets/std/offers/Cargo.toml
2026-10-08T21:27:26.0852193Z   - /home/runner/work/conduit/conduit/targets/std/patchbay-workbench/Cargo.toml
2026-10-08T21:27:26.0852594Z   - /home/runner/work/conduit/conduit/tools/xtask-dispatch/Cargo.toml
2026-10-08T21:27:26.0852934Z   - /home/runner/work/conduit/conduit/tools/xtask/Cargo.toml
2026-10-08T21:27:26.0853437Z ##[endgroup]
2026-10-08T21:27:26.0853547Z 
2026-10-08T21:27:26.0853646Z ... Restoring cache ...
2026-10-08T21:27:26.2860191Z No cache found.
2026-10-08T21:27:26.2969589Z ##[group]Run cargo xtask ci pipeline acquisition-key "$TARGET"
2026-10-08T21:27:26.2969964Z [36;1mcargo xtask ci pipeline acquisition-key "$TARGET"[0m
2026-10-08T21:27:26.3031854Z shell: /usr/bin/bash --noprofile --norc -e -o pipefail {0}
2026-10-08T21:27:26.3032170Z env:
2026-10-08T21:27:26.3032349Z   CARGO_TERM_COLOR: always
2026-10-08T21:27:26.3032550Z   CARGO_INCREMENTAL: 0
2026-10-08T21:27:26.3032741Z   CARGO_PROFILE_DEV_DEBUG: 0
2026-10-08T21:27:26.3043619Z   CARGO_PROFILE_TEST_DEBUG: 0
2026-10-08T21:27:26.3043847Z   RUSTUP_TOOLCHAIN: 1.98.1
2026-10-08T21:27:26.3044111Z   CONDUIT_CHECKOUT_SHA: d932da60c7f04bde62c797126e298e38aa9819d0
2026-10-08T21:27:26.3044406Z   CARGO_HOME: /home/runner/.cargo
2026-10-08T21:27:26.3044614Z   CACHE_ON_FAILURE: false
2026-10-08T21:27:26.3045019Z   TARGET: browser
2026-10-08T21:27:26.3045198Z ##[endgroup]
2026-10-08T21:27:26.3748310Z [1m[92m    Updating[0m crates.io index
2026-10-08T21:27:26.3756697Z [1m[92m    Updating[0m git repository `https://github.com/dancxjo/tongues.git`
2026-10-08T21:27:33.7695492Z [1m[92m Downloading[0m crates ...
2026-10-08T21:27:33.8145958Z [1m[92m  Downloaded[0m crypto-common v0.1.7
2026-10-08T21:27:33.8166056Z [1m[92m  Downloaded[0m cpufeatures v0.2.17
2026-10-08T21:27:33.8176683Z [1m[92m  Downloaded[0m block-buffer v0.10.4
2026-10-08T21:27:33.8227448Z [1m[92m  Downloaded[0m cfg-if v1.0.5
2026-10-08T21:27:33.8240070Z [1m[92m  Downloaded[0m cobs v0.3.0
2026-10-08T21:27:33.8262942Z [1m[92m  Downloaded[0m thiserror v2.0.20
2026-10-08T21:27:33.8318942Z [1m[92m  Downloaded[0m toml_datetime v0.6.11
2026-10-08T21:27:33.8329870Z [1m[92m  Downloaded[0m sha2 v0.10.9
2026-10-08T21:27:33.8352532Z [1m[92m  Downloaded[0m serde_spanned v0.6.9
2026-10-08T21:27:33.8362978Z [1m[92m  Downloaded[0m quote v1.0.47
2026-10-08T21:27:33.8387200Z [1m[92m  Downloaded[0m equivalent v1.0.2
2026-10-08T21:27:33.8411528Z [1m[92m  Downloaded[0m embedded-io v0.6.1
2026-10-08T21:27:33.8441431Z [1m[92m  Downloaded[0m embedded-io v0.4.0
2026-10-08T21:27:33.8479890Z [1m[92m  Downloaded[0m toml_write v0.1.2
2026-10-08T21:27:33.8496174Z [1m[92m  Downloaded[0m version_check v0.9.5
2026-10-08T21:27:33.8519423Z [1m[92m  Downloaded[0m itoa v1.0.18
2026-10-08T21:27:33.8541691Z [1m[92m  Downloaded[0m thiserror-impl v2.0.20
2026-10-08T21:27:33.8586030Z [1m[92m  Downloaded[0m zmij v1.0.23
2026-10-08T21:27:33.8602126Z [1m[92m  Downloaded[0m digest v0.10.7
2026-10-08T21:27:33.8619816Z [1m[92m  Downloaded[0m generic-array v0.14.7
2026-10-08T21:27:33.8669152Z [1m[92m  Downloaded[0m postcard v1.1.3
2026-10-08T21:27:33.8692863Z [1m[92m  Downloaded[0m toml v0.8.23
2026-10-08T21:27:33.8717653Z [1m[92m  Downloaded[0m serde_derive v1.0.229
2026-10-08T21:27:33.8744300Z [1m[92m  Downloaded[0m unicode-ident v1.0.26
2026-10-08T21:27:33.8774520Z [1m[92m  Downloaded[0m serde_core v1.0.229
2026-10-08T21:27:33.8797827Z [1m[92m  Downloaded[0m minicbor v2.3.0
2026-10-08T21:27:33.8815635Z [1m[92m  Downloaded[0m proc-macro2 v1.0.107
2026-10-08T21:27:33.8840687Z [1m[92m  Downloaded[0m serde v1.0.229
2026-10-08T21:27:33.8870049Z [1m[92m  Downloaded[0m toml_edit v0.22.27
2026-10-08T21:27:33.8905290Z [1m[92m  Downloaded[0m indexmap v2.14.2
2026-10-08T21:27:33.8939654Z [1m[92m  Downloaded[0m memchr v2.8.3
2026-10-08T21:27:33.8983876Z [1m[92m  Downloaded[0m typenum v1.20.1
2026-10-08T21:27:33.9012103Z [1m[92m  Downloaded[0m hashbrown v0.17.1
2026-10-08T21:27:33.9055056Z [1m[92m  Downloaded[0m serde_json v1.0.151
2026-10-08T21:27:33.9113587Z [1m[92m  Downloaded[0m libm v0.2.16
2026-10-08T21:27:33.9200670Z [1m[92m  Downloaded[0m winnow v0.7.15
2026-10-08T21:27:33.9277757Z [1m[92m  Downloaded[0m syn v3.0.6
2026-10-08T21:27:34.0026724Z [1m[92m   Compiling[0m proc-macro2 v1.0.107
2026-10-08T21:27:34.0027357Z [1m[92m   Compiling[0m unicode-ident v1.0.26
2026-10-08T21:27:34.0027873Z [1m[92m   Compiling[0m quote v1.0.47
2026-10-08T21:27:34.0028827Z [1m[92m   Compiling[0m version_check v0.9.5
2026-10-08T21:27:34.0625422Z [1m[92m   Compiling[0m typenum v1.20.1
2026-10-08T21:27:34.1579056Z [1m[92m   Compiling[0m cpufeatures v0.2.17
2026-10-08T21:27:34.1822895Z [1m[92m   Compiling[0m generic-array v0.14.7
2026-10-08T21:27:34.1896265Z [1m[92m   Compiling[0m cfg-if v1.0.5
2026-10-08T21:27:34.2149572Z [1m[92m   Compiling[0m libm v0.2.16
2026-10-08T21:27:34.2719677Z [1m[92m   Compiling[0m serde_core v1.0.229
2026-10-08T21:27:34.4416338Z [1m[92m   Compiling[0m serde v1.0.229
2026-10-08T21:27:34.7496744Z [1m[92m   Compiling[0m syn v3.0.6
2026-10-08T21:27:35.1126260Z [1m[92m   Compiling[0m block-buffer v0.10.4
2026-10-08T21:27:35.1816847Z [1m[92m   Compiling[0m crypto-common v0.1.7
2026-10-08T21:27:35.2346430Z [1m[92m   Compiling[0m digest v0.10.7
2026-10-08T21:27:35.3313638Z [1m[92m   Compiling[0m sha2 v0.10.9
2026-10-08T21:27:36.1916622Z [1m[92m   Compiling[0m thiserror v2.0.20
2026-10-08T21:27:36.3896928Z [1m[92m   Compiling[0m zmij v1.0.23
2026-10-08T21:27:36.3946631Z [1m[92m   Compiling[0m serde_json v1.0.151
2026-10-08T21:27:36.4831249Z [1m[92m   Compiling[0m itoa v1.0.18
2026-10-08T21:27:36.5766794Z [1m[92m   Compiling[0m memchr v2.8.3
2026-10-08T21:27:36.7356312Z [1m[92m   Compiling[0m minicbor v2.3.0
2026-10-08T21:27:36.7426141Z [1m[92m   Compiling[0m serde_derive v1.0.229
2026-10-08T21:27:37.1356444Z [1m[92m   Compiling[0m thiserror-impl v2.0.20
2026-10-08T21:27:37.4096178Z [1m[92m   Compiling[0m hashbrown v0.17.1
2026-10-08T21:27:38.0226946Z [1m[92m   Compiling[0m equivalent v1.0.2
2026-10-08T21:27:38.0606244Z [1m[92m   Compiling[0m indexmap v2.14.2
2026-10-08T21:27:38.5296682Z [1m[92m   Compiling[0m cobs v0.3.0
2026-10-08T21:27:38.5626387Z [1m[92m   Compiling[0m toml_write v0.1.2
2026-10-08T21:27:38.6114991Z [1m[92m   Compiling[0m winnow v0.7.15
2026-10-08T21:27:39.2503413Z [1m[92m   Compiling[0m conduit-assigned-plan v0.1.0 (/home/runner/work/conduit/conduit/architecture/assigned-plan)
2026-10-08T21:27:39.2804362Z [1m[92m   Compiling[0m postcard v1.1.3
2026-10-08T21:27:39.4626850Z [1m[92m   Compiling[0m conduit-core v0.1.0 (/home/runner/work/conduit/conduit/architecture/core)
2026-10-08T21:27:39.5126539Z [1m[92m   Compiling[0m toml_datetime v0.6.11
2026-10-08T21:27:39.6651344Z [1m[92m   Compiling[0m serde_spanned v0.6.9
2026-10-08T21:27:39.9475375Z [1m[92m   Compiling[0m toml_edit v0.22.27
2026-10-08T21:27:41.3889357Z [1m[92m   Compiling[0m toml v0.8.23
2026-10-08T21:27:46.9309250Z [1m[92m   Compiling[0m conduit-plot v0.1.0 (/home/runner/work/conduit/conduit/architecture/plot)
2026-10-08T21:27:47.8996593Z [1m[92m   Compiling[0m conduit-body v0.1.0 (/home/runner/work/conduit/conduit/architecture/body)
2026-10-08T21:27:53.4566615Z [1m[92m   Compiling[0m conduit-time v0.1.0 (/home/runner/work/conduit/conduit/semantics/time)
2026-10-08T21:27:53.5926935Z [1m[92m   Compiling[0m conduit-human v0.1.0 (/home/runner/work/conduit/conduit/semantics/human)
2026-10-08T21:27:54.3966720Z [1m[92m   Compiling[0m conduit-audio v0.1.0 (/home/runner/work/conduit/conduit/semantics/audio)
2026-10-08T21:27:59.6946680Z [1m[92m   Compiling[0m conduit-data v0.1.0 (/home/runner/work/conduit/conduit/semantics/data)
2026-10-08T21:28:00.3317071Z [1m[92m   Compiling[0m conduit-presentation v0.1.0 (/home/runner/work/conduit/conduit/semantics/presentation)
2026-10-08T21:28:04.4670575Z [1m[92m   Compiling[0m conduit-alife v0.1.0 (/home/runner/work/conduit/conduit/semantics/alife)
2026-10-08T21:28:04.7807158Z [1m[92m   Compiling[0m conduit-text v0.1.0 (/home/runner/work/conduit/conduit/semantics/text)
2026-10-08T21:28:05.0216772Z [1m[92m   Compiling[0m conduit-robotics v0.1.0 (/home/runner/work/conduit/conduit/semantics/robotics)
2026-10-08T21:28:05.3246586Z [1m[92m   Compiling[0m conduit-web v0.1.0 (/home/runner/work/conduit/conduit/semantics/web)
2026-10-08T21:28:05.5636468Z [1m[92m   Compiling[0m conduit-process v0.1.0 (/home/runner/work/conduit/conduit/semantics/process)
2026-10-08T21:28:05.7927291Z [1m[92m   Compiling[0m conduit-purpose v0.1.0 (/home/runner/work/conduit/conduit/semantics/purpose)
2026-10-08T21:28:06.0046570Z [1m[92m   Compiling[0m conduit-net v0.1.0 (/home/runner/work/conduit/conduit/semantics/net)
2026-10-08T21:28:07.2707162Z [1m[92m   Compiling[0m conduit-education v0.1.0 (/home/runner/work/conduit/conduit/semantics/education)
2026-10-08T21:28:08.0036753Z [1m[92m   Compiling[0m conduit-midi v0.1.0 (/home/runner/work/conduit/conduit/mechanisms/protocols/midi)
2026-10-08T21:28:10.1387466Z [1m[92m   Compiling[0m conduit-semantic-catalog v0.1.0 (/home/runner/work/conduit/conduit/semantics/catalog)
2026-10-08T21:28:11.8634943Z [1m[92m   Compiling[0m conduit-host-make v0.1.0 (/home/runner/work/conduit/conduit/make/host)
2026-10-08T21:28:14.0978756Z [1m[92m   Compiling[0m conduit-xtask-dispatch v0.1.0 (/home/runner/work/conduit/conduit/tools/xtask-dispatch)
2026-10-08T21:28:14.7270190Z [1m[92m    Finished[0m `dev` profile [unoptimized] target(s) in 48.40s
2026-10-08T21:28:14.8522013Z [1m[92m     Running[0m `target/debug/conduit-xtask-dispatch ci pipeline acquisition-key browser`
2026-10-08T21:28:14.9062477Z {"target":"browser","key":"conduit-acquisition-v1-linux-x64-ubuntu24-20261004.327.1-browser-80f661acefe91207edd1a22248d9fb65d0780377797856de876fafe2abef152d","specificationKey":"80f661acefe91207edd1a22248d9fb65d0780377797856de876fafe2abef152d","runnerImage":{"os":"ubuntu24","version":"20261004.327.1"},"paths":["/home/runner/.cache/conduit-ci","/home/runner/.cache/ms-playwright","/home/runner/.npm"],"cacheable":true}
2026-10-08T21:28:14.9155395Z ##[group]Run actions/cache/restore@v6.1.0
2026-10-08T21:28:14.9155651Z with:
2026-10-08T21:28:14.9155960Z   path: /home/runner/.cache/conduit-ci
/home/runner/.cache/ms-playwright
/home/runner/.npm
2026-10-08T21:28:14.9156630Z   key: conduit-acquisition-v1-linux-x64-ubuntu24-20261004.327.1-browser-80f661acefe91207edd1a22248d9fb65d0780377797856de876fafe2abef152d
2026-10-08T21:28:14.9157187Z   enableCrossOsArchive: false
2026-10-08T21:28:14.9157401Z   fail-on-cache-miss: false
2026-10-08T21:28:14.9157595Z   lookup-only: false
2026-10-08T21:28:14.9157779Z env:
2026-10-08T21:28:14.9157941Z   CARGO_TERM_COLOR: always
2026-10-08T21:28:14.9158148Z   CARGO_INCREMENTAL: 0
2026-10-08T21:28:14.9158334Z   CARGO_PROFILE_DEV_DEBUG: 0
2026-10-08T21:28:14.9158542Z   CARGO_PROFILE_TEST_DEBUG: 0
2026-10-08T21:28:14.9158735Z   RUSTUP_TOOLCHAIN: 1.98.1
2026-10-08T21:28:14.9158977Z   CONDUIT_CHECKOUT_SHA: d932da60c7f04bde62c797126e298e38aa9819d0
2026-10-08T21:28:14.9159288Z   CARGO_HOME: /home/runner/.cargo
2026-10-08T21:28:14.9159499Z   CACHE_ON_FAILURE: false
2026-10-08T21:28:14.9159686Z ##[endgroup]
2026-10-08T21:28:15.2145268Z Cache not found for input keys: conduit-acquisition-v1-linux-x64-ubuntu24-20261004.327.1-browser-80f661acefe91207edd1a22248d9fb65d0780377797856de876fafe2abef152d
2026-10-08T21:28:15.2232805Z ##[group]Run cargo xtask ci pipeline setup "$TARGET"
2026-10-08T21:28:15.2233128Z [36;1mcargo xtask ci pipeline setup "$TARGET"[0m
2026-10-08T21:28:15.2288732Z shell: /usr/bin/bash --noprofile --norc -e -o pipefail {0}
2026-10-08T21:28:15.2289020Z env:
2026-10-08T21:28:15.2289202Z   CARGO_TERM_COLOR: always
2026-10-08T21:28:15.2289406Z   CARGO_INCREMENTAL: 0
2026-10-08T21:28:15.2289761Z   CARGO_PROFILE_DEV_DEBUG: 0
2026-10-08T21:28:15.2289981Z   CARGO_PROFILE_TEST_DEBUG: 0
2026-10-08T21:28:15.2290189Z   RUSTUP_TOOLCHAIN: 1.98.1
2026-10-08T21:28:15.2290448Z   CONDUIT_CHECKOUT_SHA: d932da60c7f04bde62c797126e298e38aa9819d0
2026-10-08T21:28:15.2290734Z   CARGO_HOME: /home/runner/.cargo
2026-10-08T21:28:15.2290942Z   CACHE_ON_FAILURE: false
2026-10-08T21:28:15.2291130Z   TARGET: browser
2026-10-08T21:28:15.2293357Z   GITHUB_TOKEN: ***
2026-10-08T21:28:15.2293551Z ##[endgroup]
2026-10-08T21:28:15.4427992Z [1m[92m    Finished[0m `dev` profile [unoptimized] target(s) in 0.19s
2026-10-08T21:28:15.4496049Z [1m[92m     Running[0m `target/debug/conduit-xtask-dispatch ci pipeline setup browser`
2026-10-08T21:28:15.5233696Z > npm ci --prefix proof/browser
2026-10-08T21:28:16.4632467Z 
2026-10-08T21:28:16.4633249Z added 5 packages, and audited 6 packages in 898ms
2026-10-08T21:28:16.4639070Z 
2026-10-08T21:28:16.4639358Z found 0 vulnerabilities
2026-10-08T21:29:00.0754466Z {"schema":"conduit.ci/apt-acquisition@1","requested":["build-essential","cmake","fonts-freefont-ttf","fonts-ipafont-gothic","fonts-tlwg-loma-otf","fonts-unifont","fonts-wqy-zenhei","libasound2-dev","libclang-dev","libssl-dev","libudev-dev","pkg-config","xfonts-cyrillic","xfonts-encodings","xfonts-scalable","xfonts-utils"],"repositoryScope":{"policy":"ubuntu-build-prerequisites@1","resolution":"no-removal-no-version-downgrade@1","os":"PRETTY_NAME=\"Ubuntu 24.04.5 LTS\"\nNAME=\"Ubuntu\"\nVERSION_ID=\"24.04\"\nVERSION=\"24.04.5 LTS (Noble Numbat)\"\nVERSION_CODENAME=noble\nID=ubuntu\nID_LIKE=debian\nHOME_URL=\"https://www.ubuntu.com/\"\nSUPPORT_URL=\"https://help.ubuntu.com/\"\nBUG_REPORT_URL=\"https://bugs.launchpad.net/ubuntu/\"\nPRIVACY_POLICY_URL=\"https://www.ubuntu.com/legal/terms-and-policies/privacy-policy\"\nUBUNTU_CODENAME=noble\nLOGO=ubuntu-logo\n","suite":"noble","source":"Types: deb\nURIs: https://archive.ubuntu.com/ubuntu\nSuites: noble noble-updates\nComponents: main restricted universe multiverse\nArchitectures: amd64\nSigned-By: /usr/share/keyrings/ubuntu-archive-keyring.gpg\n\nTypes: deb\nURIs: https://security.ubuntu.com/ubuntu\nSuites: noble-security\nComponents: main restricted universe multiverse\nArchitectures: amd64\nSigned-By: /usr/share/keyrings/ubuntu-archive-keyring.gpg\n","signingKeySha256":"80a36b0a6de2f69f49d2df75ef473ccde121e9e190b9ea01d20a4f63778d5c31"},"cache":"miss","downloadedPackages":18,"downloadedBytes":63579326,"installedVersions":{"build-essential":"12.10ubuntu1","cmake":"3.28.3-1build7","fonts-freefont-ttf":"20211204+svn4273-2","fonts-ipafont-gothic":"00303-21ubuntu1","fonts-tlwg-loma-otf":"1:0.7.3-1","fonts-unifont":"1:15.1.01-1build1","fonts-wqy-zenhei":"0.9.45-8","libasound2-dev":"1.2.11-1ubuntu0.3","libclang-dev":"1:18.0-59~exp2","libssl-dev":"3.0.13-0ubuntu3.16","libudev-dev":"255.4-1ubuntu8.17","pkg-config":"1.8.1-2build1","xfonts-cyrillic":"1:1.0.5+nmu1","xfonts-encodings":"1:1.0.5-0ubuntu2","xfonts-scalable":"1:1.0.3-1.3","xfonts-utils":"1:7.7+6build3"},"durationMs":41070,"resolutionKey":"62c66aeed4056e169d6506fffa6a0e5708af424b8cb25b5c1d9d7a31f9f761b2","resolvedPackages":[{"name":"build-essential","version":"12.10ubuntu1","architecture":"amd64","sha256":"9b2159b95a4c01937309783c7c8a6ec8dfbcb7ffd604951c9713ac52ee9c7268","bytes":4928},{"name":"cmake-data","version":"3.28.3-1build7","architecture":"all","sha256":"20a3b644211ce82f35c24f1f5052199adeb0ac159978a8740fd6c0959611557f","bytes":2154936},{"name":"cmake","version":"3.28.3-1build7","architecture":"amd64","sha256":"4b0a7f8c0daf27b26b46997d994ae5d1ee7a3d11dfcda9f7627bb1462c162295","bytes":11190006},{"name":"fonts-freefont-ttf","version":"20211204+svn4273-2","architecture":"all","sha256":"c8283ec9ca390e6ad8d2114cb0942182db62bb97f5142c2f955218fc5f2027b4","bytes":5640794},{"name":"fonts-ipafont-gothic","version":"00303-21ubuntu1","architecture":"all","sha256":"71e63f0f88cca672fbb24ed27873d799d8c37233f001aa0bbcdc2f303b1b98a2","bytes":3513360},{"name":"fonts-tlwg-loma-otf","version":"1:0.7.3-1","architecture":"all","sha256":"888038637a15d11993e3a9ddd50f6391a704918b2e38fe75b2f4d74b4fcfda9a","bytes":106786},{"name":"fonts-unifont","version":"1:15.1.01-1build1","architecture":"all","sha256":"56c9d46ce8223fa29c28eaeb99cabfc3a3159d3eec58f0bbbea839953f4cf363","bytes":2993066},{"name":"fonts-wqy-zenhei","version":"0.9.45-8","architecture":"all","sha256":"496969d65dc5664a3291e678d5cbef6815dc308ee5bf37b656c00af2cb490410","bytes":7471624},{"name":"libasound2-dev","version":"1.2.11-1ubuntu0.3","architecture":"amd64","sha256":"b83795b1ba0e40cfa8363359fd17a06260838d8ae0f315531771a62f7c7e215a","bytes":115386},{"name":"libclang-18-dev","version":"1:18.1.3-1ubuntu1","architecture":"amd64","sha256":"c7575822ec648defe1b04d83a1d6b7779fc26da548c2453acfa120e26d47ed53","bytes":28788538},{"name":"libclang-dev","version":"1:18.0-59~exp2","architecture":"amd64","sha256":"4089fd3e1ee1245b0d17a6da51fd9ea42910bff8e630b72ac3348e5f04b3ee7c","bytes":5424},{"name":"libjsoncpp25","version":"1.9.5-6build1","architecture":"amd64","sha256":"8efea5b75952f3ad1c40e6b5b31de687c297ea29f87f8b63efebb55e13467211","bytes":82754},{"name":"librhash0","version":"1.4.3-3build1","architecture":"amd64","sha256":"e9ee69963ff1a56378b9c5ffdd21ea0feaec9647c522349b7612b25103490528","bytes":128748},{"name":"libudev-dev","version":"255.4-1ubuntu8.17","architecture":"amd64","sha256":"e3fde14b59c81d0ef3b9caa7c627d09b5925a915b280919616cc5909096f7519","bytes":22016},{"name":"xfonts-cyrillic","version":"1:1.0.5+nmu1","architecture":"all","sha256":"d4a63d4da9f6d58467ccaa22b7b26c009ab46b07f0b1be2138d3bb037e74d2cb","bytes":384312},{"name":"xfonts-encodings","version":"1:1.0.5-0ubuntu2","architecture":"all","sha256":"3bac5ff1cba3b001aee1652e3af45d200c415b68e9b27932cb51fe9c464feb40","bytes":578092},{"name":"xfonts-scalable","version":"1:1.0.3-1.3","architecture":"all","sha256":"517f73a4f6e37332addffe6ff1795d5371f2f9c0863781efc31c4613f69993de","bytes":304118},{"name":"xfonts-utils","version":"1:7.7+6build3","architecture":"amd64","sha256":"8da5fccbc50005d50dd69ef558ae72673435026e1d3134d0c1cc836d22953c44","bytes":94438}]}
2026-10-08T21:29:00.0985568Z > rustup target list --installed --toolchain 1.98.1-x86_64-unknown-linux-gnu
2026-10-08T21:29:00.1208164Z > rustup target add --toolchain 1.98.1-x86_64-unknown-linux-gnu wasm32-unknown-unknown
2026-10-08T21:29:00.1601922Z info: downloading component rust-std
2026-10-08T21:29:01.9619989Z > rustup target list --installed --toolchain 1.98.1-x86_64-unknown-linux-gnu
2026-10-08T21:29:01.9837689Z > node proof/browser/node_modules/@playwright/test/cli.js install chromium
2026-10-08T21:29:02.3829968Z Downloading Chrome for Testing 151.0.7922.34 (playwright chromium v1234) from https://cdn.playwright.dev/builds/cft/151.0.7922.34/linux64/chrome-linux64.zip
2026-10-08T21:29:03.3264602Z |                                                                                |   0% of 184.3 MiB
2026-10-08T21:29:03.6093402Z |■■■■■■■■                                                                        |  10% of 184.3 MiB
2026-10-08T21:29:03.7699585Z |■■■■■■■■■■■■■■■■                                                                |  20% of 184.3 MiB
2026-10-08T21:29:03.9093760Z |■■■■■■■■■■■■■■■■■■■■■■■■                                                        |  30% of 184.3 MiB
2026-10-08T21:29:04.0423087Z |■■■■■■■■■■■■■■■■■■■■■■■■■■■■■■■■                                                |  40% of 184.3 MiB
2026-10-08T21:29:04.1337313Z |■■■■■■■■■■■■■■■■■■■■■■■■■■■■■■■■■■■■■■■■                                        |  50% of 184.3 MiB
2026-10-08T21:29:04.3052581Z |■■■■■■■■■■■■■■■■■■■■■■■■■■■■■■■■■■■■■■■■■■■■■■■■                                |  60% of 184.3 MiB
2026-10-08T21:29:04.4234809Z |■■■■■■■■■■■■■■■■■■■■■■■■■■■■■■■■■■■■■■■■■■■■■■■■■■■■■■■■                        |  70% of 184.3 MiB
2026-10-08T21:29:04.6208745Z |■■■■■■■■■■■■■■■■■■■■■■■■■■■■■■■■■■■■■■■■■■■■■■■■■■■■■■■■■■■■■■■■                |  80% of 184.3 MiB
2026-10-08T21:29:04.6946866Z |■■■■■■■■■■■■■■■■■■■■■■■■■■■■■■■■■■■■■■■■■■■■■■■■■■■■■■■■■■■■■■■■■■■■■■■■        |  90% of 184.3 MiB
2026-10-08T21:29:04.7684266Z |■■■■■■■■■■■■■■■■■■■■■■■■■■■■■■■■■■■■■■■■■■■■■■■■■■■■■■■■■■■■■■■■■■■■■■■■■■■■■■■■| 100% of 184.3 MiB
2026-10-08T21:29:06.7880458Z Chrome for Testing 151.0.7922.34 (playwright chromium v1234) downloaded to /home/runner/.cache/ms-playwright/chromium-1234
2026-10-08T21:29:06.7883532Z Downloading FFmpeg (playwright ffmpeg v1011) from https://cdn.playwright.dev/dbazure/download/playwright/builds/ffmpeg/1011/ffmpeg-linux.zip
2026-10-08T21:29:07.8348238Z |                                                                                |   0% of 2.3 MiB
2026-10-08T21:29:07.8381226Z |■■■■■■■■                                                                        |  10% of 2.3 MiB
2026-10-08T21:29:07.8403627Z |■■■■■■■■■■■■■■■■                                                                |  20% of 2.3 MiB
2026-10-08T21:29:07.8419050Z |■■■■■■■■■■■■■■■■■■■■■■■■                                                        |  30% of 2.3 MiB
2026-10-08T21:29:07.8432507Z |■■■■■■■■■■■■■■■■■■■■■■■■■■■■■■■■                                                |  40% of 2.3 MiB
2026-10-08T21:29:07.8462310Z |■■■■■■■■■■■■■■■■■■■■■■■■■■■■■■■■■■■■■■■■                                        |  50% of 2.3 MiB
2026-10-08T21:29:07.8472903Z |■■■■■■■■■■■■■■■■■■■■■■■■■■■■■■■■■■■■■■■■■■■■■■■■                                |  60% of 2.3 MiB
2026-10-08T21:29:07.8484960Z |■■■■■■■■■■■■■■■■■■■■■■■■■■■■■■■■■■■■■■■■■■■■■■■■■■■■■■■■                        |  70% of 2.3 MiB
2026-10-08T21:29:07.8497445Z |■■■■■■■■■■■■■■■■■■■■■■■■■■■■■■■■■■■■■■■■■■■■■■■■■■■■■■■■■■■■■■■■                |  80% of 2.3 MiB
2026-10-08T21:29:07.8506319Z |■■■■■■■■■■■■■■■■■■■■■■■■■■■■■■■■■■■■■■■■■■■■■■■■■■■■■■■■■■■■■■■■■■■■■■■■        |  90% of 2.3 MiB
2026-10-08T21:29:07.8513614Z |■■■■■■■■■■■■■■■■■■■■■■■■■■■■■■■■■■■■■■■■■■■■■■■■■■■■■■■■■■■■■■■■■■■■■■■■■■■■■■■■| 100% of 2.3 MiB
2026-10-08T21:29:07.8959578Z FFmpeg (playwright ffmpeg v1011) downloaded to /home/runner/.cache/ms-playwright/ffmpeg-1011
2026-10-08T21:29:07.8962033Z Downloading Chrome Headless Shell 151.0.7922.34 (playwright chromium-headless-shell v1234) from https://cdn.playwright.dev/builds/cft/151.0.7922.34/linux64/chrome-headless-shell-linux64.zip
2026-10-08T21:29:08.8412867Z |                                                                                |   0% of 114.7 MiB
2026-10-08T21:29:08.9204117Z |■■■■■■■■                                                                        |  10% of 114.7 MiB
2026-10-08T21:29:08.9665323Z |■■■■■■■■■■■■■■■■                                                                |  20% of 114.7 MiB
2026-10-08T21:29:09.0153821Z |■■■■■■■■■■■■■■■■■■■■■■■■                                                        |  30% of 114.7 MiB
2026-10-08T21:29:09.0634177Z |■■■■■■■■■■■■■■■■■■■■■■■■■■■■■■■■                                                |  40% of 114.7 MiB
2026-10-08T21:29:09.1227788Z |■■■■■■■■■■■■■■■■■■■■■■■■■■■■■■■■■■■■■■■■                                        |  50% of 114.7 MiB
2026-10-08T21:29:09.1954978Z |■■■■■■■■■■■■■■■■■■■■■■■■■■■■■■■■■■■■■■■■■■■■■■■■                                |  60% of 114.7 MiB
2026-10-08T21:29:09.2721694Z |■■■■■■■■■■■■■■■■■■■■■■■■■■■■■■■■■■■■■■■■■■■■■■■■■■■■■■■■                        |  70% of 114.7 MiB
2026-10-08T21:29:09.3105546Z |■■■■■■■■■■■■■■■■■■■■■■■■■■■■■■■■■■■■■■■■■■■■■■■■■■■■■■■■■■■■■■■■                |  80% of 114.7 MiB
2026-10-08T21:29:09.3550924Z |■■■■■■■■■■■■■■■■■■■■■■■■■■■■■■■■■■■■■■■■■■■■■■■■■■■■■■■■■■■■■■■■■■■■■■■■        |  90% of 114.7 MiB
2026-10-08T21:29:09.4076013Z |■■■■■■■■■■■■■■■■■■■■■■■■■■■■■■■■■■■■■■■■■■■■■■■■■■■■■■■■■■■■■■■■■■■■■■■■■■■■■■■■| 100% of 114.7 MiB
2026-10-08T21:29:10.8775204Z Chrome Headless Shell 151.0.7922.34 (playwright chromium-headless-shell v1234) downloaded to /home/runner/.cache/ms-playwright/chromium_headless_shell-1234
2026-10-08T21:29:11.1210291Z > /home/runner/.cache/ms-playwright/chromium-1234/chrome-linux64/chrome --version
2026-10-08T21:29:11.3266309Z > /home/runner/.cache/ms-playwright/chromium_headless_shell-1234/chrome-headless-shell-linux64/chrome-headless-shell --version
2026-10-08T21:29:11.4651234Z > /home/runner/.cache/ms-playwright/ffmpeg-1011/ffmpeg-linux -version
2026-10-08T21:29:11.4717603Z Acquisition browser: success in 55970 ms; report target/acquisition/browser.json
2026-10-08T21:29:11.4884114Z ##[group]Run actions/cache/save@v6.1.0
2026-10-08T21:29:11.4884356Z with:
2026-10-08T21:29:11.4884829Z   path: /home/runner/.cache/conduit-ci
/home/runner/.cache/ms-playwright
/home/runner/.npm
2026-10-08T21:29:11.4885512Z   key: conduit-acquisition-v1-linux-x64-ubuntu24-20261004.327.1-browser-80f661acefe91207edd1a22248d9fb65d0780377797856de876fafe2abef152d
2026-10-08T21:29:11.4886060Z   enableCrossOsArchive: false
2026-10-08T21:29:11.4886253Z env:
2026-10-08T21:29:11.4886465Z   CARGO_TERM_COLOR: always
2026-10-08T21:29:11.4886724Z   CARGO_INCREMENTAL: 0
2026-10-08T21:29:11.4886906Z   CARGO_PROFILE_DEV_DEBUG: 0
2026-10-08T21:29:11.4887101Z   CARGO_PROFILE_TEST_DEBUG: 0
2026-10-08T21:29:11.4887301Z   RUSTUP_TOOLCHAIN: 1.98.1
2026-10-08T21:29:11.4887546Z   CONDUIT_CHECKOUT_SHA: d932da60c7f04bde62c797126e298e38aa9819d0
2026-10-08T21:29:11.4887847Z   CARGO_HOME: /home/runner/.cargo
2026-10-08T21:29:11.4888050Z   CACHE_ON_FAILURE: false
2026-10-08T21:29:11.4888237Z ##[endgroup]
2026-10-08T21:29:11.5960034Z [command]/usr/bin/tar --posix -cf cache.tzst --exclude cache.tzst -P -C /home/runner/work/conduit/conduit --files-from manifest.txt --use-compress-program zstdmt
2026-10-08T21:29:14.2866463Z Sent 14688407 of 350232727 (4.2%), 14.0 MBs/sec
2026-10-08T21:29:15.1298111Z Sent 350232727 of 350232727 (100.0%), 181.0 MBs/sec
2026-10-08T21:29:15.3840091Z Cache saved with key: conduit-acquisition-v1-linux-x64-ubuntu24-20261004.327.1-browser-80f661acefe91207edd1a22248d9fb65d0780377797856de876fafe2abef152d
2026-10-08T21:29:15.3957223Z ##[group]Run actions/upload-artifact@v7.0.1
2026-10-08T21:29:15.3957478Z with:
2026-10-08T21:29:15.3957657Z   name: acquisition-browser
2026-10-08T21:29:15.3957876Z   path: target/acquisition/browser.json
2026-10-08T21:29:15.3958106Z   if-no-files-found: warn
2026-10-08T21:29:15.3958298Z   retention-days: 14
2026-10-08T21:29:15.3958624Z   compression-level: 6
2026-10-08T21:29:15.3958815Z   overwrite: false
2026-10-08T21:29:15.3958997Z   include-hidden-files: false
2026-10-08T21:29:15.3959197Z   archive: true
2026-10-08T21:29:15.3959358Z env:
2026-10-08T21:29:15.3959522Z   CARGO_TERM_COLOR: always
2026-10-08T21:29:15.3959723Z   CARGO_INCREMENTAL: 0
2026-10-08T21:29:15.3959909Z   CARGO_PROFILE_DEV_DEBUG: 0
2026-10-08T21:29:15.3960117Z   CARGO_PROFILE_TEST_DEBUG: 0
2026-10-08T21:29:15.3960324Z   RUSTUP_TOOLCHAIN: 1.98.1
2026-10-08T21:29:15.3960584Z   CONDUIT_CHECKOUT_SHA: d932da60c7f04bde62c797126e298e38aa9819d0
2026-10-08T21:29:15.3960874Z   CARGO_HOME: /home/runner/.cargo
2026-10-08T21:29:15.3961120Z   CACHE_ON_FAILURE: false
2026-10-08T21:29:15.3961313Z ##[endgroup]
2026-10-08T21:29:15.5125891Z With the provided path, there will be 1 file uploaded
2026-10-08T21:29:15.5129163Z Artifact name is valid!
2026-10-08T21:29:15.5129855Z Root directory input is valid!
2026-10-08T21:29:15.8328341Z Uploading artifact: acquisition-browser.zip
2026-10-08T21:29:15.8359668Z Beginning upload of artifact content to blob storage
2026-10-08T21:29:16.0773593Z Uploaded bytes 3443
2026-10-08T21:29:16.1382559Z Finished uploading artifact content to blob storage!
2026-10-08T21:29:16.1383774Z SHA256 digest of uploaded artifact is a42d66f8fbb0c15e585120c445091f557d1a907a74f9fef8860a20612204976a
2026-10-08T21:29:16.1385124Z Finalizing artifact upload
2026-10-08T21:29:16.5346047Z Artifact acquisition-browser successfully finalized. Artifact ID 11579838189
2026-10-08T21:29:16.5346853Z Artifact acquisition-browser has been successfully uploaded! Final size is 3443 bytes. Artifact ID is 11579838189
2026-10-08T21:29:16.5349612Z Artifact download URL: https://github.com/dancxjo/conduit/actions/runs/37845100419/artifacts/11579838189
2026-10-08T21:29:16.5448612Z ##[group]Run cargo xtask ci pipeline target "$TARGET" "$SHA"
2026-10-08T21:29:16.5449168Z [36;1mcargo xtask ci pipeline target "$TARGET" "$SHA"[0m
2026-10-08T21:29:16.5504157Z shell: /usr/bin/bash --noprofile --norc -e -o pipefail {0}
2026-10-08T21:29:16.5504589Z env:
2026-10-08T21:29:16.5505178Z   CARGO_TERM_COLOR: always
2026-10-08T21:29:16.5505564Z   CARGO_INCREMENTAL: 0
2026-10-08T21:29:16.5505912Z   CARGO_PROFILE_DEV_DEBUG: 0
2026-10-08T21:29:16.5506223Z   CARGO_PROFILE_TEST_DEBUG: 0
2026-10-08T21:29:16.5506593Z   RUSTUP_TOOLCHAIN: 1.98.1
2026-10-08T21:29:16.5506995Z   CONDUIT_CHECKOUT_SHA: d932da60c7f04bde62c797126e298e38aa9819d0
2026-10-08T21:29:16.5507406Z   CARGO_HOME: /home/runner/.cargo
2026-10-08T21:29:16.5507773Z   CACHE_ON_FAILURE: false
2026-10-08T21:29:16.5508069Z   TARGET: browser
2026-10-08T21:29:16.5508443Z   SHA: d932da60c7f04bde62c797126e298e38aa9819d0
2026-10-08T21:29:16.5508812Z ##[endgroup]
2026-10-08T21:29:16.7607109Z [1m[92m    Finished[0m `dev` profile [unoptimized] target(s) in 0.19s
2026-10-08T21:29:16.7672571Z [1m[92m     Running[0m `target/debug/conduit-xtask-dispatch ci pipeline target browser d932da60c7f04bde62c797126e298e38aa9819d0`
2026-10-08T21:29:17.1474388Z > cargo +1.98.1-x86_64-unknown-linux-gnu build --locked -p conduit --bin conduit -p conduit-browser-host --bin conduit-browser-host -p conduit-browser-patchbay-workbench --bin conduit-browser-patchbay-workbench -p conduit-std-host --bin webchat-server --bin browser-admission-probe
2026-10-08T21:29:17.3381034Z [1m[92m Downloading[0m crates ...
2026-10-08T21:29:17.3988306Z [1m[92m  Downloaded[0m anstyle-query v1.1.5
2026-10-08T21:29:17.4060595Z [1m[92m  Downloaded[0m aead v0.5.2
2026-10-08T21:29:17.4072468Z [1m[92m  Downloaded[0m anyhow v1.0.104
2026-10-08T21:29:17.4104343Z [1m[92m  Downloaded[0m anstyle v1.0.14
2026-10-08T21:29:17.4116167Z [1m[92m  Downloaded[0m anstyle-parse v1.0.0
2026-10-08T21:29:17.4128994Z [1m[92m  Downloaded[0m either v1.18.0
2026-10-08T21:29:17.4140661Z [1m[92m  Downloaded[0m anstream v1.0.0
2026-10-08T21:29:17.4156267Z [1m[92m  Downloaded[0m arrayvec v0.7.8
2026-10-08T21:29:17.4172390Z [1m[92m  Downloaded[0m dirs v6.0.0
2026-10-08T21:29:17.4182885Z [1m[92m  Downloaded[0m dirs-sys v0.5.0
2026-10-08T21:29:17.4191832Z [1m[92m  Downloaded[0m static-automata-macros v1.0.3
2026-10-08T21:29:17.4198453Z [1m[92m  Downloaded[0m httparse v1.10.1
2026-10-08T21:29:17.4219022Z [1m[92m  Downloaded[0m const-oid v0.10.2
2026-10-08T21:29:17.4238507Z [1m[92m  Downloaded[0m static-automata v1.0.3
2026-10-08T21:29:17.4250529Z [1m[92m  Downloaded[0m stable_deref_trait v1.2.1
2026-10-08T21:29:17.4258004Z [1m[92m  Downloaded[0m spki v0.7.3
2026-10-08T21:29:17.4272011Z [1m[92m  Downloaded[0m socket2 v0.6.5
2026-10-08T21:29:17.4287046Z [1m[92m  Downloaded[0m getrandom v0.3.4
2026-10-08T21:29:17.4314191Z [1m[92m  Downloaded[0m colorchoice v1.0.5
2026-10-08T21:29:17.4322215Z [1m[92m  Downloaded[0m ed25519 v2.2.3
2026-10-08T21:29:17.4337106Z [1m[92m  Downloaded[0m getrandom v0.2.17
2026-10-08T21:29:17.4360940Z [1m[92m  Downloaded[0m inout v0.1.4
2026-10-08T21:29:17.4369615Z [1m[92m  Downloaded[0m strsim v0.11.1
2026-10-08T21:29:17.4380642Z [1m[92m  Downloaded[0m untrusted v0.9.0
2026-10-08T21:29:17.4393838Z [1m[92m  Downloaded[0m hybrid-array v0.4.15
2026-10-08T21:29:17.4411418Z [1m[92m  Downloaded[0m opaque-debug v0.3.1
2026-10-08T21:29:17.4419345Z [1m[92m  Downloaded[0m phf_shared v0.11.3
2026-10-08T21:29:17.4427159Z [1m[92m  Downloaded[0m autocfg v1.5.1
2026-10-08T21:29:17.4441762Z [1m[92m  Downloaded[0m instant-distance v0.6.1
2026-10-08T21:29:17.4451679Z [1m[92m  Downloaded[0m langtag v1.1.0
2026-10-08T21:29:17.4472359Z [1m[92m  Downloaded[0m cc v1.6.0
2026-10-08T21:29:17.4500532Z [1m[92m  Downloaded[0m signature v2.2.0
2026-10-08T21:29:17.4512586Z [1m[92m  Downloaded[0m subtle v2.6.1
2026-10-08T21:29:17.4522126Z [1m[92m  Downloaded[0m siphasher v1.0.3
2026-10-08T21:29:17.4533248Z [1m[92m  Downloaded[0m crypto-common v0.2.2
2026-10-08T21:29:17.4542628Z [1m[92m  Downloaded[0m heck v0.5.0
2026-10-08T21:29:17.4552798Z [1m[92m  Downloaded[0m is_terminal_polyfill v1.70.2
2026-10-08T21:29:17.4560085Z [1m[92m  Downloaded[0m utf8-zero v0.8.1
2026-10-08T21:29:17.4571383Z [1m[92m  Downloaded[0m utf8parse v0.2.2
2026-10-08T21:29:17.4579915Z [1m[92m  Downloaded[0m block-buffer v0.12.1
2026-10-08T21:29:17.4589953Z [1m[92m  Downloaded[0m clap_lex v1.1.1
2026-10-08T21:29:17.4605553Z [1m[92m  Downloaded[0m str-newtype-derive v2.0.0
2026-10-08T21:29:17.4607256Z [1m[92m  Downloaded[0m sha1 v0.11.0
2026-10-08T21:29:17.4620956Z [1m[92m  Downloaded[0m shlex v2.0.1
2026-10-08T21:29:17.4630926Z [1m[92m  Downloaded[0m rand_chacha v0.3.1
2026-10-08T21:29:17.4640477Z [1m[92m  Downloaded[0m scopeguard v1.2.0
2026-10-08T21:29:17.4649630Z [1m[92m  Downloaded[0m noise-protocol v0.2.1
2026-10-08T21:29:17.4658554Z [1m[92m  Downloaded[0m str-newtype v2.0.0
2026-10-08T21:29:17.4669489Z [1m[92m  Downloaded[0m rustc_version v0.4.1
2026-10-08T21:29:17.4680030Z [1m[92m  Downloaded[0m cpufeatures v0.3.1
2026-10-08T21:29:17.4691104Z [1m[92m  Downloaded[0m universal-hash v0.5.1
2026-10-08T21:29:17.4698177Z [1m[92m  Downloaded[0m noise-rust-crypto v0.6.2
2026-10-08T21:29:17.4703690Z [1m[92m  Downloaded[0m curve25519-dalek-derive v0.1.1
2026-10-08T21:29:17.4711360Z [1m[92m  Downloaded[0m num_cpus v1.17.0
2026-10-08T21:29:17.4743769Z [1m[92m  Downloaded[0m percent-encoding v2.3.2
2026-10-08T21:29:17.4751686Z [1m[92m  Downloaded[0m thiserror-impl v1.0.69
2026-10-08T21:29:17.4763576Z [1m[92m  Downloaded[0m zeroize_derive v1.5.0
2026-10-08T21:29:17.4774292Z [1m[92m  Downloaded[0m proc-macro-error-attr v1.0.4
2026-10-08T21:29:17.4781706Z [1m[92m  Downloaded[0m hash32 v0.3.1
2026-10-08T21:29:17.4794435Z [1m[92m  Downloaded[0m option-ext v0.2.0
2026-10-08T21:29:17.4800724Z [1m[92m  Downloaded[0m data-encoding v2.11.1
2026-10-08T21:29:17.4808795Z [1m[92m  Downloaded[0m phf v0.11.3
2026-10-08T21:29:17.4818780Z [1m[92m  Downloaded[0m proc-macro-error v1.0.4
2026-10-08T21:29:17.4846390Z [1m[92m  Downloaded[0m cipher v0.4.4
2026-10-08T21:29:17.4857599Z [1m[92m  Downloaded[0m pkcs8 v0.10.2
2026-10-08T21:29:17.4880136Z [1m[92m  Downloaded[0m ppv-lite86 v0.2.21
2026-10-08T21:29:17.4889896Z [1m[92m  Downloaded[0m rand_core v0.6.4
2026-10-08T21:29:17.4900136Z [1m[92m  Downloaded[0m chacha20 v0.9.1
2026-10-08T21:29:17.4914166Z [1m[92m  Downloaded[0m rand_core v0.10.1
2026-10-08T21:29:17.4926453Z [1m[92m  Downloaded[0m thiserror v1.0.69
2026-10-08T21:29:17.4970697Z [1m[92m  Downloaded[0m zeroize v1.9.0
2026-10-08T21:29:17.4982616Z [1m[92m  Downloaded[0m base64ct v1.8.3
2026-10-08T21:29:17.5002399Z [1m[92m  Downloaded[0m lock_api v0.4.14
2026-10-08T21:29:17.5012207Z [1m[92m  Downloaded[0m ordered-float v3.9.2
2026-10-08T21:29:17.5022838Z [1m[92m  Downloaded[0m poly1305 v0.8.0
2026-10-08T21:29:17.5041711Z [1m[92m  Downloaded[0m digest v0.11.3
2026-10-08T21:29:17.5060411Z [1m[92m  Downloaded[0m rustls-pemfile v2.2.0
2026-10-08T21:29:17.5079276Z [1m[92m  Downloaded[0m crossbeam-deque v0.8.8
2026-10-08T21:29:17.5090910Z [1m[92m  Downloaded[0m parking_lot_core v0.9.12
2026-10-08T21:29:17.5106936Z [1m[92m  Downloaded[0m sha2 v0.11.0
2026-10-08T21:29:17.5135868Z [1m[92m  Downloaded[0m byteorder v1.5.0
2026-10-08T21:29:17.5148234Z [1m[92m  Downloaded[0m chacha20poly1305 v0.10.1
2026-10-08T21:29:17.5160472Z [1m[92m  Downloaded[0m clap_derive v4.6.7
2026-10-08T21:29:17.5177478Z [1m[92m  Downloaded[0m crossbeam-epoch v0.9.21
2026-10-08T21:29:17.5196573Z [1m[92m  Downloaded[0m parking_lot v0.12.5
2026-10-08T21:29:17.5216081Z [1m[92m  Downloaded[0m rustls-pki-types v1.15.1
2026-10-08T21:29:17.5236014Z [1m[92m  Downloaded[0m serde-json-core v0.6.0
2026-10-08T21:29:17.5250018Z [1m[92m  Downloaded[0m chacha20 v0.10.2
2026-10-08T21:29:17.5268428Z [1m[92m  Downloaded[0m semver v1.0.28
2026-10-08T21:29:17.5286520Z [1m[92m  Downloaded[0m smallvec v1.16.1
2026-10-08T21:29:17.5296416Z [1m[92m  Downloaded[0m const-oid v0.9.6
2026-10-08T21:29:17.5311357Z [1m[92m  Downloaded[0m find-msvc-tools v0.1.14
2026-10-08T21:29:17.5323919Z [1m[92m  Downloaded[0m getrandom v0.4.3
2026-10-08T21:29:17.5353444Z [1m[92m  Downloaded[0m heapless v0.8.0
2026-10-08T21:29:17.5383908Z [1m[92m  Downloaded[0m log v0.4.34
2026-10-08T21:29:17.5403150Z [1m[92m  Downloaded[0m once_cell v1.21.4
2026-10-08T21:29:17.5422613Z [1m[92m  Downloaded[0m ryu v1.0.23
2026-10-08T21:29:17.5447714Z [1m[92m  Downloaded[0m crossbeam-utils v0.8.23
2026-10-08T21:29:17.5469048Z [1m[92m  Downloaded[0m qrcode v0.14.1
2026-10-08T21:29:17.5493830Z [1m[92m  Downloaded[0m clap v4.6.7
2026-10-08T21:29:17.5569889Z [1m[92m  Downloaded[0m tinyvec v1.13.3
2026-10-08T21:29:17.5596558Z [1m[92m  Downloaded[0m ureq v3.4.2
2026-10-08T21:29:17.5641582Z [1m[92m  Downloaded[0m base64 v0.23.1
2026-10-08T21:29:17.5672869Z [1m[92m  Downloaded[0m bytes v1.12.1
2026-10-08T21:29:17.5700623Z [1m[92m  Downloaded[0m num-traits v0.2.19
2026-10-08T21:29:17.5720796Z [1m[92m  Downloaded[0m rand v0.8.8
2026-10-08T21:29:17.5746891Z [1m[92m  Downloaded[0m rayon-core v1.13.0
2026-10-08T21:29:17.5775857Z [1m[92m  Downloaded[0m rustls-webpki v0.103.15
2026-10-08T21:29:17.5799537Z [1m[92m  Downloaded[0m der v0.7.10
2026-10-08T21:29:17.5840710Z [1m[92m  Downloaded[0m ed25519-dalek v2.2.0
2026-10-08T21:29:17.5864847Z [1m[92m  Downloaded[0m http v1.5.0
2026-10-08T21:29:17.5894472Z [1m[92m  Downloaded[0m rand v0.10.3
2026-10-08T21:29:17.5924101Z [1m[92m  Downloaded[0m tungstenite v0.30.0
2026-10-08T21:29:17.5951631Z [1m[92m  Downloaded[0m ureq-proto v0.6.4
2026-10-08T21:29:17.5986054Z [1m[92m  Downloaded[0m x25519-dalek v2.0.1
2026-10-08T21:29:17.5998718Z [1m[92m  Downloaded[0m rayon v1.12.0
2026-10-08T21:29:17.6074906Z [1m[92m  Downloaded[0m clap_builder v4.6.7
2026-10-08T21:29:17.6127290Z [1m[92m  Downloaded[0m unicode-segmentation v1.13.3
2026-10-08T21:29:17.6150726Z [1m[92m  Downloaded[0m unicode-normalization v0.1.25
2026-10-08T21:29:17.6178552Z [1m[92m  Downloaded[0m curve25519-dalek v4.1.3
2026-10-08T21:29:17.6244251Z [1m[92m  Downloaded[0m isolang v2.4.0
2026-10-08T21:29:17.6300312Z [1m[92m  Downloaded[0m rustls v0.23.45
2026-10-08T21:29:17.6395192Z [1m[92m  Downloaded[0m webpki-roots v1.0.9
2026-10-08T21:29:17.6419408Z [1m[92m  Downloaded[0m syn v1.0.109
2026-10-08T21:29:17.6493590Z [1m[92m  Downloaded[0m zerocopy v0.8.57
2026-10-08T21:29:17.6663390Z [1m[92m  Downloaded[0m syn v2.0.119
2026-10-08T21:29:17.6747434Z [1m[92m  Downloaded[0m libc v0.2.189
2026-10-08T21:29:17.7096726Z [1m[92m  Downloaded[0m ring v0.17.14
2026-10-08T21:29:17.8956084Z [1m[92m   Compiling[0m syn v3.0.6
2026-10-08T21:29:17.8957270Z [1m[92m   Compiling[0m typenum v1.20.1
2026-10-08T21:29:17.9006104Z [1m[92m   Compiling[0m syn v2.0.119
2026-10-08T21:29:17.9056146Z [1m[92m   Compiling[0m subtle v2.6.1
2026-10-08T21:29:17.9786325Z [1m[92m   Compiling[0m thiserror v2.0.20
2026-10-08T21:29:18.1646318Z [1m[92m   Compiling[0m semver v1.0.28
2026-10-08T21:29:18.3426850Z [1m[92m   Compiling[0m rustc_version v0.4.1
2026-10-08T21:29:18.5126491Z [1m[92m   Compiling[0m curve25519-dalek v4.1.3
2026-10-08T21:29:18.6366837Z [1m[92m   Compiling[0m signature v2.2.0
2026-10-08T21:29:18.6626771Z [1m[92m   Compiling[0m generic-array v0.14.7
2026-10-08T21:29:18.6762111Z [1m[92m   Compiling[0m ed25519 v2.2.3
2026-10-08T21:29:18.7516719Z [1m[92m   Compiling[0m libc v0.2.189
2026-10-08T21:29:19.1006393Z [1m[92m   Compiling[0m crypto-common v0.1.7
2026-10-08T21:29:19.1516210Z [1m[92m   Compiling[0m block-buffer v0.10.4
2026-10-08T21:29:19.2116321Z [1m[92m   Compiling[0m digest v0.10.7
2026-10-08T21:29:19.3186474Z [1m[92m   Compiling[0m sha2 v0.10.9
2026-10-08T21:29:19.5556669Z [1m[92m   Compiling[0m proc-macro-error-attr v1.0.4
2026-10-08T21:29:19.6176589Z [1m[92m   Compiling[0m syn v1.0.109
2026-10-08T21:29:19.7459755Z [1m[92m   Compiling[0m proc-macro-error v1.0.4
2026-10-08T21:29:20.0066377Z [1m[92m   Compiling[0m hybrid-array v0.4.15
2026-10-08T21:29:20.3126847Z [1m[92m   Compiling[0m thiserror v1.0.69
2026-10-08T21:29:20.4363065Z [1m[92m   Compiling[0m cpufeatures v0.3.1
2026-10-08T21:29:20.4706654Z [1m[92m   Compiling[0m crypto-common v0.2.2
2026-10-08T21:29:20.4786587Z [1m[92m   Compiling[0m block-buffer v0.12.1
2026-10-08T21:29:20.5597013Z [1m[92m   Compiling[0m const-oid v0.10.2
2026-10-08T21:29:20.6626485Z [1m[92m   Compiling[0m siphasher v1.0.3
2026-10-08T21:29:20.7757034Z [1m[92m   Compiling[0m phf_shared v0.11.3
2026-10-08T21:29:20.8246420Z [1m[92m   Compiling[0m serde_derive v1.0.229
2026-10-08T21:29:20.8656373Z [1m[92m   Compiling[0m thiserror-impl v2.0.20
2026-10-08T21:29:21.2025492Z [1m[92m   Compiling[0m digest v0.11.3
2026-10-08T21:29:21.2866778Z [1m[92m   Compiling[0m getrandom v0.2.17
2026-10-08T21:29:21.3986429Z [1m[92m   Compiling[0m byteorder v1.5.0
2026-10-08T21:29:21.5016518Z [1m[92m   Compiling[0m anyhow v1.0.104
2026-10-08T21:29:21.6366312Z [1m[92m   Compiling[0m option-ext v0.2.0
2026-10-08T21:29:21.6651306Z [1m[92m   Compiling[0m heapless v0.8.0
2026-10-08T21:29:21.6766174Z [1m[92m   Compiling[0m zeroize_derive v1.5.0
2026-10-08T21:29:21.7946405Z [1m[92m   Compiling[0m curve25519-dalek-derive v0.1.1
2026-10-08T21:29:21.7976168Z [1m[92m   Compiling[0m cobs v0.3.0
2026-10-08T21:29:21.8866389Z [1m[92m   Compiling[0m thiserror-impl v1.0.69
2026-10-08T21:29:22.0057419Z [1m[92m   Compiling[0m zeroize v1.9.0
2026-10-08T21:29:22.0982159Z [1m[92m   Compiling[0m static-automata-macros v1.0.3
2026-10-08T21:29:22.2796213Z [1m[92m   Compiling[0m static-automata v1.0.3
2026-10-08T21:29:22.3533640Z [1m[92m   Compiling[0m dirs-sys v0.5.0
2026-10-08T21:29:22.5496225Z [1m[92m   Compiling[0m hash32 v0.3.1
2026-10-08T21:29:22.5971835Z [1m[92m   Compiling[0m phf v0.11.3
2026-10-08T21:29:22.6837001Z [1m[92m   Compiling[0m ed25519-dalek v2.2.0
2026-10-08T21:29:22.7496305Z [1m[92m   Compiling[0m str-newtype-derive v2.0.0
2026-10-08T21:29:22.8236876Z [1m[92m   Compiling[0m speaking v0.1.0 (https://github.com/dancxjo/tongues.git?rev=b5d7535b2ccd3730b4db878fb61b2e4e48ae89c9#b5d7535b)
2026-10-08T21:29:22.8810892Z [1m[92m   Compiling[0m stable_deref_trait v1.2.1
2026-10-08T21:29:22.8976702Z [1m[92m   Compiling[0m tinyvec v1.13.3
2026-10-08T21:29:22.9114387Z [1m[92m   Compiling[0m isolang v2.4.0
2026-10-08T21:29:23.1526536Z [1m[92m   Compiling[0m unicode-normalization v0.1.25
2026-10-08T21:29:23.1936849Z [1m[92m   Compiling[0m serde v1.0.229
2026-10-08T21:29:23.5466414Z [1m[92m   Compiling[0m str-newtype v2.0.0
2026-10-08T21:29:23.5781594Z [1m[92m   Compiling[0m langtag v1.1.0
2026-10-08T21:29:23.6266956Z [1m[92m   Compiling[0m conduit-assigned-plan v0.1.0 (/home/runner/work/conduit/conduit/architecture/assigned-plan)
2026-10-08T21:29:23.6946544Z [1m[92m   Compiling[0m postcard v1.1.3
2026-10-08T21:29:23.8267253Z [1m[92m   Compiling[0m conduit-core v0.1.0 (/home/runner/work/conduit/conduit/architecture/core)
2026-10-08T21:29:24.4707369Z [1m[92m   Compiling[0m conduit-kernel v0.1.0 (/home/runner/work/conduit/conduit/architecture/kernel)
2026-10-08T21:29:25.2836683Z [1m[92m   Compiling[0m toml_datetime v0.6.11
2026-10-08T21:29:25.3786673Z [1m[92m   Compiling[0m serde_spanned v0.6.9
2026-10-08T21:29:25.4269759Z [1m[92m   Compiling[0m toml_edit v0.22.27
2026-10-08T21:29:25.7946122Z [1m[92m   Compiling[0m dirs v6.0.0
2026-10-08T21:29:25.8391558Z [1m[92m   Compiling[0m sha2 v0.11.0
2026-10-08T21:29:26.4586180Z [1m[92m   Compiling[0m unicode-segmentation v1.13.3
2026-10-08T21:29:26.7337029Z [1m[92m   Compiling[0m ryu v1.0.23
2026-10-08T21:29:26.8196705Z [1m[92m   Compiling[0m toml v0.8.23
2026-10-08T21:29:27.2797723Z [1m[92m   Compiling[0m serde-json-core v0.6.0
2026-10-08T21:29:27.8296530Z [1m[92m   Compiling[0m find-msvc-tools v0.1.14
2026-10-08T21:29:27.9576487Z [1m[92m   Compiling[0m shlex v2.0.1
2026-10-08T21:29:28.0516141Z [1m[92m   Compiling[0m cc v1.6.0
2026-10-08T21:29:29.3255369Z [1m[92m   Compiling[0m rand_core v0.6.4
2026-10-08T21:29:29.4426717Z [1m[92m   Compiling[0m inout v0.1.4
2026-10-08T21:29:29.4966834Z [1m[92m   Compiling[0m crossbeam-utils v0.8.23
2026-10-08T21:29:29.6126796Z [1m[92m   Compiling[0m cipher v0.4.4
2026-10-08T21:29:29.7416290Z [1m[92m   Compiling[0m ring v0.17.14
2026-10-08T21:29:30.0197023Z [1m[92m   Compiling[0m universal-hash v0.5.1
2026-10-08T21:29:30.0757177Z [1m[92m   Compiling[0m crossbeam-epoch v0.9.21
2026-10-08T21:29:30.1736284Z [1m[92m   Compiling[0m opaque-debug v0.3.1
2026-10-08T21:29:30.1966723Z [1m[92m   Compiling[0m zerocopy v0.8.57
2026-10-08T21:29:30.4046878Z [1m[92m   Compiling[0m poly1305 v0.8.0
2026-10-08T21:29:33.5921600Z [1m[92m   Compiling[0m conduit-plot v0.1.0 (/home/runner/work/conduit/conduit/architecture/plot)
2026-10-08T21:29:35.1486739Z [1m[92m   Compiling[0m conduit-body v0.1.0 (/home/runner/work/conduit/conduit/architecture/body)
2026-10-08T21:29:41.2926779Z [1m[92m   Compiling[0m conduit-plan-lowering v0.1.0 (/home/runner/work/conduit/conduit/architecture/plan-lowering)
2026-10-08T21:29:42.1896377Z [1m[92m   Compiling[0m chacha20 v0.9.1
2026-10-08T21:29:42.4294339Z [1m[92m   Compiling[0m conduit-time v0.1.0 (/home/runner/work/conduit/conduit/semantics/time)
2026-10-08T21:29:43.8497468Z [1m[92m   Compiling[0m conduit-human v0.1.0 (/home/runner/work/conduit/conduit/semantics/human)
2026-10-08T21:29:47.9646511Z [1m[92m   Compiling[0m conduit-audio v0.1.0 (/home/runner/work/conduit/conduit/semantics/audio)
2026-10-08T21:29:48.2926986Z [1m[92m   Compiling[0m conduit-language v0.1.0 (/home/runner/work/conduit/conduit/semantics/language)
2026-10-08T21:29:48.5188062Z [1m[92m   Compiling[0m conduit-presentation v0.1.0 (/home/runner/work/conduit/conduit/semantics/presentation)
2026-10-08T21:29:48.6167218Z [1m[92m   Compiling[0m conduit-data v0.1.0 (/home/runner/work/conduit/conduit/semantics/data)
2026-10-08T21:29:52.8766493Z [1m[92m   Compiling[0m conduit-web v0.1.0 (/home/runner/work/conduit/conduit/semantics/web)
2026-10-08T21:29:53.7577046Z [1m[92m   Compiling[0m conduit-alife v0.1.0 (/home/runner/work/conduit/conduit/semantics/alife)
2026-10-08T21:29:54.0258837Z [1m[92m   Compiling[0m conduit-text v0.1.0 (/home/runner/work/conduit/conduit/semantics/text)
2026-10-08T21:29:54.2426685Z [1m[92m   Compiling[0m conduit-net v0.1.0 (/home/runner/work/conduit/conduit/semantics/net)
2026-10-08T21:29:54.5167020Z [1m[92m   Compiling[0m conduit-purpose v0.1.0 (/home/runner/work/conduit/conduit/semantics/purpose)
2026-10-08T21:29:54.6997140Z [1m[92m   Compiling[0m conduit-process v0.1.0 (/home/runner/work/conduit/conduit/semantics/process)
2026-10-08T21:29:54.8996747Z [1m[92m   Compiling[0m conduit-robotics v0.1.0 (/home/runner/work/conduit/conduit/semantics/robotics)
2026-10-08T21:29:58.7197665Z [1m[92m   Compiling[0m conduit-ai v0.1.0 (/home/runner/work/conduit/conduit/semantics/ai)
2026-10-08T21:29:59.7546618Z [1m[92m   Compiling[0m conduit-chat v0.1.0 (/home/runner/work/conduit/conduit/semantics/chat)
2026-10-08T21:30:00.1177027Z [1m[92m   Compiling[0m conduit-signal v0.1.0 (/home/runner/work/conduit/conduit/semantics/signal)
2026-10-08T21:30:00.2916495Z [1m[92m   Compiling[0m conduit-tongues v0.1.0 (/home/runner/work/conduit/conduit/semantics/tongues)
2026-10-08T21:30:00.6606600Z [1m[92m   Compiling[0m conduit-todo-plot v0.1.0 (/home/runner/work/conduit/conduit/plots/todo/model)
2026-10-08T21:30:00.8636653Z [1m[92m   Compiling[0m conduit-wire v0.1.0 (/home/runner/work/conduit/conduit/architecture/wire)
2026-10-08T21:30:05.2786594Z [1m[92m   Compiling[0m conduit-midi v0.1.0 (/home/runner/work/conduit/conduit/mechanisms/protocols/midi)
2026-10-08T21:30:05.3606607Z [1m[92m   Compiling[0m conduit-education v0.1.0 (/home/runner/work/conduit/conduit/semantics/education)
2026-10-08T21:30:05.8837255Z [1m[92m   Compiling[0m rustls-pki-types v1.15.1
2026-10-08T21:30:06.1356996Z [1m[92m   Compiling[0m aead v0.5.2
2026-10-08T21:30:06.1646242Z [1m[92m   Compiling[0m arrayvec v0.7.8
2026-10-08T21:30:06.1896666Z [1m[92m   Compiling[0m autocfg v1.5.1
2026-10-08T21:30:06.2573629Z [1m[92m   Compiling[0m crossbeam-deque v0.8.8
2026-10-08T21:30:06.3456342Z [1m[92m   Compiling[0m httparse v1.10.1
2026-10-08T21:30:06.4096220Z [1m[92m   Compiling[0m num-traits v0.2.19
2026-10-08T21:30:06.4775892Z [1m[92m   Compiling[0m noise-protocol v0.2.1
2026-10-08T21:30:06.4866067Z [1m[92m   Compiling[0m chacha20poly1305 v0.10.1
2026-10-08T21:30:06.5291222Z [1m[92m   Compiling[0m conduit-bluetooth v0.1.0 (/home/runner/work/conduit/conduit/mechanisms/protocols/bluetooth)
2026-10-08T21:30:06.7617034Z [1m[92m   Compiling[0m conduit-body-invitation-plot v0.1.0 (/home/runner/work/conduit/conduit/semantics/body-invitation)
2026-10-08T21:30:06.8180837Z [1m[92m   Compiling[0m conduit-tutorial-plot v0.1.0 (/home/runner/work/conduit/conduit/semantics/tutorial)
2026-10-08T21:30:06.9296460Z [1m[92m   Compiling[0m conduit-plot-library v0.1.0 (/home/runner/work/conduit/conduit/semantics/plot-library)
2026-10-08T21:30:07.1116155Z [1m[92m   Compiling[0m log v0.4.34
2026-10-08T21:30:07.1956143Z [1m[92m   Compiling[0m untrusted v0.9.0
2026-10-08T21:30:07.2323611Z [1m[92m   Compiling[0m bytes v1.12.1
2026-10-08T21:30:07.6168211Z [1m[92m   Compiling[0m rand_core v0.10.1
2026-10-08T21:30:07.6876062Z [1m[92m   Compiling[0m getrandom v0.4.3
2026-10-08T21:30:07.7726622Z [1m[92m   Compiling[0m parking_lot_core v0.9.12
2026-10-08T21:30:07.8501608Z [1m[92m   Compiling[0m rayon-core v1.13.0
2026-10-08T21:30:07.9251725Z [1m[92m   Compiling[0m http v1.5.0
2026-10-08T21:30:09.6606290Z [1m[92m   Compiling[0m ppv-lite86 v0.2.21
2026-10-08T21:30:09.9796560Z [1m[92m   Compiling[0m noise-rust-crypto v0.6.2
2026-10-08T21:30:10.1896469Z [1m[92m   Compiling[0m x25519-dalek v2.0.1
2026-10-08T21:30:10.2092511Z [1m[92m   Compiling[0m patchbay-control v0.1.0 (/home/runner/work/conduit/conduit/plots/patchbay)
2026-10-08T21:30:10.2456294Z [1m[92m   Compiling[0m scopeguard v1.2.0
2026-10-08T21:30:10.2796178Z [1m[92m   Compiling[0m rustls v0.23.45
2026-10-08T21:30:10.3094302Z [1m[92m   Compiling[0m smallvec v1.16.1
2026-10-08T21:30:10.3466226Z [1m[92m   Compiling[0m lock_api v0.4.14
2026-10-08T21:30:10.4797305Z [1m[92m   Compiling[0m conduit-protected-line v0.1.0 (/home/runner/work/conduit/conduit/architecture/protected-line)
2026-10-08T21:30:11.1856231Z [1m[92m   Compiling[0m rand_chacha v0.3.1
2026-10-08T21:30:11.3046811Z [1m[92m   Compiling[0m rustls-webpki v0.103.15
2026-10-08T21:30:11.5616766Z [1m[92m   Compiling[0m chacha20 v0.10.2
2026-10-08T21:30:11.7076910Z [1m[92m   Compiling[0m conduit-synth v0.1.0 (/home/runner/work/conduit/conduit/mechanisms/implementations/synth)
2026-10-08T21:30:11.8746858Z [1m[92m   Compiling[0m conduit-birth-plot v0.1.0 (/home/runner/work/conduit/conduit/plots/birth)
2026-10-08T21:30:11.9357525Z [1m[92m   Compiling[0m conduit-little-seismograph-fixture v0.1.0 (/home/runner/work/conduit/conduit/plots/little-seismograph/fixture)
2026-10-08T21:30:12.0127426Z [1m[92m   Compiling[0m conduit-finance v0.1.0 (/home/runner/work/conduit/conduit/semantics/finance)
2026-10-08T21:30:12.2056516Z [1m[92m   Compiling[0m conduit-composite v0.1.0 (/home/runner/work/conduit/conduit/architecture/composite)
2026-10-08T21:30:12.3596419Z [1m[92m   Compiling[0m once_cell v1.21.4
2026-10-08T21:30:12.4603762Z [1m[92m   Compiling[0m getrandom v0.3.4
2026-10-08T21:30:12.5786073Z [1m[92m   Compiling[0m either v1.18.0
2026-10-08T21:30:12.6766326Z [1m[92m   Compiling[0m base64 v0.23.1
2026-10-08T21:30:12.8756746Z [1m[92m   Compiling[0m qrcode v0.14.1
2026-10-08T21:30:13.2406969Z [1m[92m   Compiling[0m ureq-proto v0.6.4
2026-10-08T21:30:13.7368060Z [1m[92m   Compiling[0m rayon v1.12.0
2026-10-08T21:30:20.1716334Z [1m[92m   Compiling[0m rand v0.10.3
2026-10-08T21:30:20.6386557Z [1m[92m   Compiling[0m rand v0.8.8
2026-10-08T21:30:21.1076374Z [1m[92m   Compiling[0m ordered-float v3.9.2
2026-10-08T21:30:21.1570045Z [1m[92m   Compiling[0m parking_lot v0.12.5
2026-10-08T21:30:21.3198961Z [1m[92m   Compiling[0m webpki-roots v1.0.9
2026-10-08T21:30:21.3686335Z [1m[92m   Compiling[0m sha1 v0.11.0
2026-10-08T21:30:21.3916617Z [1m[92m   Compiling[0m num_cpus v1.17.0
2026-10-08T21:30:21.4862105Z [1m[92m   Compiling[0m utf8-zero v0.8.1
2026-10-08T21:30:21.5505749Z [1m[92m   Compiling[0m percent-encoding v2.3.2
2026-10-08T21:30:21.5556764Z [1m[92m   Compiling[0m data-encoding v2.11.1
2026-10-08T21:30:21.6376031Z [1m[92m   Compiling[0m ureq v3.4.2
2026-10-08T21:30:22.0446345Z [1m[92m   Compiling[0m tungstenite v0.30.0
2026-10-08T21:30:22.7116231Z [1m[92m   Compiling[0m instant-distance v0.6.1
2026-10-08T21:30:22.9596114Z [1m[92m   Compiling[0m rustls-pemfile v2.2.0
2026-10-08T21:30:23.0406971Z [1m[92m   Compiling[0m conduit-rp2040-network-realization v0.1.0 (/home/runner/work/conduit/conduit/targets/rp2040/network-realization)
2026-10-08T21:30:23.1686873Z [1m[92m   Compiling[0m conduit-emergency-keyword-spotter v0.1.0 (/home/runner/work/conduit/conduit/mechanisms/implementations/emergency-keyword-spotter)
2026-10-08T21:30:23.2377047Z [1m[92m   Compiling[0m patchbay-workbench-host-contract v0.1.0 (/home/runner/work/conduit/conduit/plots/patchbay/workbench/host-contract)
2026-10-08T21:30:23.2803777Z [1m[92m   Compiling[0m conduit-observatory v0.1.0 (/home/runner/work/conduit/conduit/architecture/observatory)
2026-10-08T21:30:23.3626605Z [1m[92m   Compiling[0m serde_json v1.0.151
2026-10-08T21:30:23.4286525Z [1m[92m   Compiling[0m utf8parse v0.2.2
2026-10-08T21:30:23.4646085Z [1m[92m   Compiling[0m anstyle-parse v1.0.0
2026-10-08T21:30:23.5506056Z [1m[92m   Compiling[0m anstyle-query v1.1.5
2026-10-08T21:30:23.5819635Z [1m[92m   Compiling[0m colorchoice v1.0.5
2026-10-08T21:30:23.6185904Z [1m[92m   Compiling[0m anstyle v1.0.14
2026-10-08T21:30:23.7446334Z [1m[92m   Compiling[0m is_terminal_polyfill v1.70.2
2026-10-08T21:30:23.7716287Z [1m[92m   Compiling[0m anstream v1.0.0
2026-10-08T21:30:24.7056367Z [1m[92m   Compiling[0m heck v0.5.0
2026-10-08T21:30:24.8106283Z [1m[92m   Compiling[0m strsim v0.11.1
2026-10-08T21:30:25.0086768Z [1m[92m   Compiling[0m clap_lex v1.1.1
2026-10-08T21:30:25.1196315Z [1m[92m   Compiling[0m clap_builder v4.6.7
2026-10-08T21:30:25.6596161Z [1m[92m   Compiling[0m clap_derive v4.6.7
2026-10-08T21:30:26.8857425Z [1m[92m   Compiling[0m conduit-browser-patchbay-workbench v0.1.0 (/home/runner/work/conduit/conduit/targets/browser/patchbay-workbench)
2026-10-08T21:30:27.1076915Z [1m[92m   Compiling[0m conduit-browser-host v0.1.0 (/home/runner/work/conduit/conduit/targets/browser/host)
2026-10-08T21:30:27.2966220Z [1m[92m   Compiling[0m clap v4.6.7
2026-10-08T21:30:27.3227687Z [1m[92m   Compiling[0m conduit-todo-face v0.1.0 (/home/runner/work/conduit/conduit/plots/todo/face)
2026-10-08T21:30:27.4605834Z [1m[92m   Compiling[0m patchbay-svg-mask v0.1.0 (/home/runner/work/conduit/conduit/plots/patchbay/workbench/svg-mask)
2026-10-08T21:30:27.4611208Z [1m[92m   Compiling[0m socket2 v0.6.5
2026-10-08T21:30:28.2609419Z [1m[92m   Compiling[0m conduit-planner v0.1.0 (/home/runner/work/conduit/conduit/architecture/planner)
2026-10-08T21:30:30.3084877Z [1m[92m   Compiling[0m conduit-semantic-catalog v0.1.0 (/home/runner/work/conduit/conduit/semantics/catalog)
2026-10-08T21:30:30.3085969Z [1m[92m   Compiling[0m conduit-alife-distributed-conformance v0.1.0 (/home/runner/work/conduit/conduit/proof/conformance/alife-distributed)
2026-10-08T21:30:30.3343811Z [1m[92m   Compiling[0m conduit-speech v0.1.0 (/home/runner/work/conduit/conduit/semantics/speech)
2026-10-08T21:30:30.4606623Z [1m[92m   Compiling[0m conduit-conduitos-mask-offer v0.1.0 (/home/runner/work/conduit/conduit/targets/conduitos/mask-offer)
2026-10-08T21:30:32.2551036Z [1m[92m   Compiling[0m conduit-host-make v0.1.0 (/home/runner/work/conduit/conduit/make/host)
2026-10-08T21:30:33.8697491Z [1m[92m   Compiling[0m patchbay-graph v0.1.0 (/home/runner/work/conduit/conduit/plots/patchbay/graph)
2026-10-08T21:30:34.4976636Z [1m[92m   Compiling[0m conduit-std-offers v0.1.0 (/home/runner/work/conduit/conduit/targets/std/offers)
2026-10-08T21:30:35.1207303Z [1m[92m   Compiling[0m conduit-host-browser-make v0.1.0 (/home/runner/work/conduit/conduit/targets/browser/make)
2026-10-08T21:30:35.3427004Z [1m[92m   Compiling[0m conduit-signal-conformance v0.1.0 (/home/runner/work/conduit/conduit/proof/conformance/signal)
2026-10-08T21:30:35.6927411Z [1m[92m   Compiling[0m conduit-host-hosted v0.1.0 (/home/runner/work/conduit/conduit/targets/std/make)
2026-10-08T21:30:35.9317273Z [1m[92m   Compiling[0m conduit-host-rp2040 v0.1.0 (/home/runner/work/conduit/conduit/targets/rp2040/make)
2026-10-08T21:30:35.9697482Z [1m[92m   Compiling[0m conduit-linear-framebuffer-make v0.1.0 (/home/runner/work/conduit/conduit/mechanisms/implementations/linear-framebuffer-make)
2026-10-08T21:30:35.9757522Z [1m[92m   Compiling[0m conduit-host-esp32-make v0.1.0 (/home/runner/work/conduit/conduit/targets/esp32/make)
2026-10-08T21:30:35.9946629Z [1m[92m   Compiling[0m conduit-host-avr-make v0.1.0 (/home/runner/work/conduit/conduit/targets/avr/make)
2026-10-08T21:30:36.0659747Z [1m[92m   Compiling[0m conduit-host-orange-pi v0.1.0 (/home/runner/work/conduit/conduit/targets/orange-pi/make)
2026-10-08T21:30:36.0907239Z [1m[92m   Compiling[0m conduit-host-raspberry-pi v0.1.0 (/home/runner/work/conduit/conduit/targets/raspberry-pi/make)
2026-10-08T21:30:36.1597248Z [1m[92m   Compiling[0m conduit-host-conduitos-make v0.1.0 (/home/runner/work/conduit/conduit/targets/conduitos/make)
2026-10-08T21:30:36.2087267Z [1m[92m   Compiling[0m conduit-browser-mask-offer v0.1.0 (/home/runner/work/conduit/conduit/targets/browser/mask-offer)
2026-10-08T21:30:36.3317440Z [1m[92m   Compiling[0m conduit-body-make v0.1.0 (/home/runner/work/conduit/conduit/make/body)
2026-10-08T21:30:36.3797049Z [1m[92m   Compiling[0m patchbay-application v0.1.0 (/home/runner/work/conduit/conduit/plots/patchbay/application)
2026-10-08T21:30:36.6810323Z [1m[92m   Compiling[0m conduit-tour-model v0.1.0 (/home/runner/work/conduit/conduit/plots/tour)
2026-10-08T21:30:37.0796935Z [1m[92m   Compiling[0m conduit-r1-network-conformance v0.1.0 (/home/runner/work/conduit/conduit/proof/conformance/network-r1)
2026-10-08T21:30:37.5072108Z [1m[92m   Compiling[0m conduit-workspace-make v0.1.0 (/home/runner/work/conduit/conduit/make/workspace)
2026-10-08T21:30:37.8916954Z [1m[92m   Compiling[0m conduit-patchbay-workbench-conformance v0.1.0 (/home/runner/work/conduit/conduit/proof/conformance/patchbay-workbench)
2026-10-08T21:30:39.1023079Z [1m[92m   Compiling[0m conduit-browser-runtime v0.1.0 (/home/runner/work/conduit/conduit/targets/browser/runtime)
2026-10-08T21:30:49.0941425Z [1m[92m   Compiling[0m conduit-patchbay-workbench v0.1.0 (/home/runner/work/conduit/conduit/plots/patchbay/workbench/model)
2026-10-08T21:32:51.1185862Z [1m[92m   Compiling[0m conduit-std-host v0.1.0 (/home/runner/work/conduit/conduit/targets/std)
2026-10-08T21:32:58.7908005Z [1m[92m   Compiling[0m patchbay-hosted v0.1.0 (/home/runner/work/conduit/conduit/targets/std/patchbay-workbench)
2026-10-08T21:32:58.9604893Z [1m[92m   Compiling[0m conduit v0.1.0 (/home/runner/work/conduit/conduit/products/conduit)
2026-10-08T21:33:12.0825001Z [1m[92m    Finished[0m `dev` profile [unoptimized] target(s) in 3m 54s
2026-10-08T21:33:12.1272517Z > cargo +1.98.1-x86_64-unknown-linux-gnu xtask make host release --platform browser --output /home/runner/work/conduit/conduit/target/pipeline/browser/host-release --locked
2026-10-08T21:33:12.5506240Z [1m[92m    Finished[0m `dev` profile [unoptimized] target(s) in 0.41s
2026-10-08T21:33:12.5565778Z [1m[92m     Running[0m `target/debug/conduit-xtask-dispatch make host release --platform browser --output /home/runner/work/conduit/conduit/target/pipeline/browser/host-release --locked`
2026-10-08T21:33:12.8177504Z [1m[92m   Compiling[0m proc-macro2 v1.0.107
2026-10-08T21:33:12.8178213Z [1m[92m   Compiling[0m unicode-ident v1.0.26
2026-10-08T21:33:12.8178702Z [1m[92m   Compiling[0m quote v1.0.47
2026-10-08T21:33:12.8179297Z [1m[92m   Compiling[0m version_check v0.9.5
2026-10-08T21:33:12.8666598Z [1m[92m   Compiling[0m typenum v1.20.1
2026-10-08T21:33:12.9426373Z [1m[92m   Compiling[0m libm v0.2.16
2026-10-08T21:33:12.9926782Z [1m[92m   Compiling[0m generic-array v0.14.7
2026-10-08T21:33:13.0706283Z [1m[92m   Compiling[0m cfg-if v1.0.5
2026-10-08T21:33:13.0816316Z [1m[92m   Compiling[0m cpufeatures v0.2.17
2026-10-08T21:33:13.1090817Z [1m[92m   Compiling[0m serde_core v1.0.229
2026-10-08T21:33:13.2616613Z [1m[92m   Compiling[0m serde v1.0.229
2026-10-08T21:33:13.5406539Z [1m[92m   Compiling[0m syn v3.0.6
2026-10-08T21:33:13.8856324Z [1m[92m   Compiling[0m block-buffer v0.10.4
2026-10-08T21:33:13.9386528Z [1m[92m   Compiling[0m crypto-common v0.1.7
2026-10-08T21:33:13.9786105Z [1m[92m   Compiling[0m digest v0.10.7
2026-10-08T21:33:14.0646564Z [1m[92m   Compiling[0m sha2 v0.10.9
2026-10-08T21:33:14.8293726Z [1m[92m   Compiling[0m thiserror v2.0.20
2026-10-08T21:33:15.0176223Z [1m[92m   Compiling[0m zmij v1.0.23
2026-10-08T21:33:15.1366317Z [1m[92m   Compiling[0m serde_json v1.0.151
2026-10-08T21:33:15.2101379Z [1m[92m   Compiling[0m memchr v2.8.3
2026-10-08T21:33:15.3486200Z [1m[92m   Compiling[0m itoa v1.0.18
2026-10-08T21:33:15.4266307Z [1m[92m   Compiling[0m minicbor v2.3.0
2026-10-08T21:33:15.7216410Z [1m[92m   Compiling[0m equivalent v1.0.2
2026-10-08T21:33:15.7496710Z [1m[92m   Compiling[0m hashbrown v0.17.1
2026-10-08T21:33:16.0946757Z [1m[92m   Compiling[0m toml_write v0.1.2
2026-10-08T21:33:16.1946641Z [1m[92m   Compiling[0m indexmap v2.14.2
2026-10-08T21:33:16.2026714Z [1m[92m   Compiling[0m winnow v0.7.15
2026-10-08T21:33:16.4406377Z [1m[92m   Compiling[0m serde_derive v1.0.229
2026-10-08T21:33:16.7046706Z [1m[92m   Compiling[0m thiserror-impl v2.0.20
2026-10-08T21:33:16.7606731Z [1m[92m   Compiling[0m utf8parse v0.2.2
2026-10-08T21:33:16.7986128Z [1m[92m   Compiling[0m anstyle-parse v1.0.0
2026-10-08T21:33:16.8896719Z [1m[92m   Compiling[0m anstyle-query v1.1.5
2026-10-08T21:33:16.9256751Z [1m[92m   Compiling[0m colorchoice v1.0.5
2026-10-08T21:33:16.9603837Z [1m[92m   Compiling[0m anstyle v1.0.14
2026-10-08T21:33:17.0796274Z [1m[92m   Compiling[0m is_terminal_polyfill v1.70.2
2026-10-08T21:33:17.1126754Z [1m[92m   Compiling[0m anstream v1.0.0
2026-10-08T21:33:17.2976829Z [1m[92m   Compiling[0m strsim v0.11.1
2026-10-08T21:33:17.4967092Z [1m[92m   Compiling[0m clap_lex v1.1.1
2026-10-08T21:33:17.5805208Z [1m[92m   Compiling[0m heck v0.5.0
2026-10-08T21:33:17.6035884Z [1m[92m   Compiling[0m cobs v0.3.0
2026-10-08T21:33:17.6140667Z [1m[92m   Compiling[0m clap_builder v4.6.7
2026-10-08T21:33:17.6986367Z [1m[92m   Compiling[0m clap_derive v4.6.7
2026-10-08T21:33:18.6534472Z [1m[92m   Compiling[0m conduit-assigned-plan v0.1.0 (/home/runner/work/conduit/conduit/architecture/assigned-plan)
2026-10-08T21:33:18.8406667Z [1m[92m   Compiling[0m conduit-core v0.1.0 (/home/runner/work/conduit/conduit/architecture/core)
2026-10-08T21:33:18.9936832Z [1m[92m   Compiling[0m postcard v1.1.3
2026-10-08T21:33:19.2146378Z [1m[92m   Compiling[0m serde_spanned v0.6.9
2026-10-08T21:33:19.2716551Z [1m[92m   Compiling[0m toml_datetime v0.6.11
2026-10-08T21:33:19.4106339Z [1m[92m   Compiling[0m toml_edit v0.22.27
2026-10-08T21:33:19.9866715Z [1m[92m   Compiling[0m clap v4.6.7
2026-10-08T21:33:20.6648674Z [1m[92m   Compiling[0m toml v0.8.23
2026-10-08T21:33:25.7687285Z [1m[92m   Compiling[0m conduit-plot v0.1.0 (/home/runner/work/conduit/conduit/architecture/plot)
2026-10-08T21:33:27.0856655Z [1m[92m   Compiling[0m conduit-body v0.1.0 (/home/runner/work/conduit/conduit/architecture/body)
2026-10-08T21:33:31.9060014Z [1m[92m   Compiling[0m conduit-time v0.1.0 (/home/runner/work/conduit/conduit/semantics/time)
2026-10-08T21:33:32.7636573Z [1m[92m   Compiling[0m conduit-human v0.1.0 (/home/runner/work/conduit/conduit/semantics/human)
2026-10-08T21:33:32.9546687Z [1m[92m   Compiling[0m conduit-audio v0.1.0 (/home/runner/work/conduit/conduit/semantics/audio)
2026-10-08T21:33:37.7077116Z [1m[92m   Compiling[0m conduit-data v0.1.0 (/home/runner/work/conduit/conduit/semantics/data)
2026-10-08T21:33:38.0037238Z [1m[92m   Compiling[0m conduit-presentation v0.1.0 (/home/runner/work/conduit/conduit/semantics/presentation)
2026-10-08T21:33:42.1346537Z [1m[92m   Compiling[0m conduit-text v0.1.0 (/home/runner/work/conduit/conduit/semantics/text)
2026-10-08T21:33:42.3767537Z [1m[92m   Compiling[0m conduit-process v0.1.0 (/home/runner/work/conduit/conduit/semantics/process)
2026-10-08T21:33:42.6146622Z [1m[92m   Compiling[0m conduit-net v0.1.0 (/home/runner/work/conduit/conduit/semantics/net)
2026-10-08T21:33:42.8036864Z [1m[92m   Compiling[0m conduit-alife v0.1.0 (/home/runner/work/conduit/conduit/semantics/alife)
2026-10-08T21:33:43.1106880Z [1m[92m   Compiling[0m conduit-web v0.1.0 (/home/runner/work/conduit/conduit/semantics/web)
2026-10-08T21:33:43.3506619Z [1m[92m   Compiling[0m conduit-robotics v0.1.0 (/home/runner/work/conduit/conduit/semantics/robotics)
2026-10-08T21:33:43.6626642Z [1m[92m   Compiling[0m conduit-purpose v0.1.0 (/home/runner/work/conduit/conduit/semantics/purpose)
2026-10-08T21:33:45.4476955Z [1m[92m   Compiling[0m conduit-midi v0.1.0 (/home/runner/work/conduit/conduit/mechanisms/protocols/midi)
2026-10-08T21:33:45.8686538Z [1m[92m   Compiling[0m conduit-education v0.1.0 (/home/runner/work/conduit/conduit/semantics/education)
2026-10-08T21:33:47.7490519Z [1m[92m   Compiling[0m conduit-semantic-catalog v0.1.0 (/home/runner/work/conduit/conduit/semantics/catalog)
2026-10-08T21:33:49.3079036Z [1m[92m   Compiling[0m conduit-host-make v0.1.0 (/home/runner/work/conduit/conduit/make/host)
2026-10-08T21:33:51.0417853Z [1m[92m   Compiling[0m conduit-host-browser-make v0.1.0 (/home/runner/work/conduit/conduit/targets/browser/make)
2026-10-08T21:33:51.4523367Z [1m[92m   Compiling[0m conduit-xtask-dispatch v0.1.0 (/home/runner/work/conduit/conduit/tools/xtask-dispatch)
2026-10-08T21:33:52.0910785Z [1m[92m    Finished[0m `dev` profile [unoptimized] target(s) in 39.52s
2026-10-08T21:33:52.1028158Z [1m[92m     Running[0m `target/xtask-host-release/debug/conduit-xtask-dispatch host release --platform browser --output /home/runner/work/conduit/conduit/target/pipeline/browser/host-release --locked`
2026-10-08T21:33:52.4120074Z [1m[92m   Compiling[0m proc-macro2 v1.0.107
2026-10-08T21:33:52.4120514Z [1m[92m   Compiling[0m unicode-ident v1.0.26
2026-10-08T21:33:52.4121136Z [1m[92m   Compiling[0m quote v1.0.47
2026-10-08T21:33:52.4121649Z [1m[92m   Compiling[0m version_check v0.9.5
2026-10-08T21:33:52.4628940Z [1m[92m   Compiling[0m libm v0.2.16
2026-10-08T21:33:52.5324333Z [1m[92m   Compiling[0m typenum v1.20.1
2026-10-08T21:33:52.5747774Z [1m[92m   Compiling[0m generic-array v0.14.7
2026-10-08T21:33:52.5866266Z [1m[92m   Compiling[0m serde_core v1.0.229
2026-10-08T21:33:52.6696708Z [1m[92m   Compiling[0m serde v1.0.229
2026-10-08T21:33:52.8126196Z [1m[92m   Compiling[0m cfg-if v1.0.5
2026-10-08T21:33:52.8341606Z [1m[92m   Compiling[0m cpufeatures v0.2.17
2026-10-08T21:33:53.2156458Z [1m[92m   Compiling[0m syn v3.0.6
2026-10-08T21:33:53.5626695Z [1m[92m   Compiling[0m crypto-common v0.1.7
2026-10-08T21:33:53.6166496Z [1m[92m   Compiling[0m block-buffer v0.10.4
2026-10-08T21:33:53.6716431Z [1m[92m   Compiling[0m digest v0.10.7
2026-10-08T21:33:53.7556560Z [1m[92m   Compiling[0m sha2 v0.10.9
2026-10-08T21:33:55.1046462Z [1m[92m   Compiling[0m serde_derive v1.0.229
2026-10-08T21:33:55.6770385Z [1m[92m   Compiling[0m thiserror v2.0.20
2026-10-08T21:33:55.8036414Z [1m[92m   Compiling[0m thiserror-impl v2.0.20
2026-10-08T21:33:56.0396672Z [1m[92m   Compiling[0m zmij v1.0.23
2026-10-08T21:33:56.0826487Z [1m[92m   Compiling[0m semver v1.0.28
2026-10-08T21:33:56.1646700Z [1m[92m   Compiling[0m serde_json v1.0.151
2026-10-08T21:33:56.2386811Z [1m[92m   Compiling[0m rustc_version v0.4.1
2026-10-08T21:33:56.3896868Z [1m[92m   Compiling[0m curve25519-dalek v4.1.3
2026-10-08T21:33:56.4096679Z [1m[92m   Compiling[0m itoa v1.0.18
2026-10-08T21:33:56.4766767Z [1m[92m   Compiling[0m memchr v2.8.3
2026-10-08T21:33:56.5687995Z [1m[92m   Compiling[0m subtle v2.6.1
2026-10-08T21:33:56.6486261Z [1m[92m   Compiling[0m signature v2.2.0
2026-10-08T21:33:56.6806213Z [1m[92m   Compiling[0m zeroize v1.9.0
2026-10-08T21:33:56.6846002Z [1m[92m   Compiling[0m ed25519 v2.2.3
2026-10-08T21:33:56.8836253Z [1m[92m   Compiling[0m cobs v0.3.0
2026-10-08T21:33:57.0097210Z [1m[92m   Compiling[0m minicbor v2.3.0
2026-10-08T21:33:57.8376845Z [1m[92m   Compiling[0m conduit-assigned-plan v0.1.0 (/home/runner/work/conduit/conduit/architecture/assigned-plan)
2026-10-08T21:33:58.0260591Z [1m[92m   Compiling[0m conduit-core v0.1.0 (/home/runner/work/conduit/conduit/architecture/core)
2026-10-08T21:33:58.0266605Z [1m[92m   Compiling[0m ed25519-dalek v2.2.0
2026-10-08T21:33:58.2595883Z [1m[92m   Compiling[0m postcard v1.1.3
2026-10-08T21:33:58.3796777Z [1m[92m   Compiling[0m hashbrown v0.17.1
2026-10-08T21:33:58.6187103Z [1m[92m   Compiling[0m conduit-kernel v0.1.0 (/home/runner/work/conduit/conduit/architecture/kernel)
2026-10-08T21:33:58.8526500Z [1m[92m   Compiling[0m equivalent v1.0.2
2026-10-08T21:33:58.8826731Z [1m[92m   Compiling[0m indexmap v2.14.2
2026-10-08T21:33:59.4010372Z [1m[92m   Compiling[0m serde_spanned v0.6.9
2026-10-08T21:33:59.4666305Z [1m[92m   Compiling[0m toml_datetime v0.6.11
2026-10-08T21:33:59.7116266Z [1m[92m   Compiling[0m winnow v0.7.15
2026-10-08T21:33:59.7626903Z [1m[92m   Compiling[0m toml_write v0.1.2
2026-10-08T21:33:59.8876355Z [1m[92m   Compiling[0m proc-macro-error-attr v1.0.4
2026-10-08T21:33:59.9536336Z [1m[92m   Compiling[0m syn v1.0.109
2026-10-08T21:34:00.1106086Z [1m[92m   Compiling[0m syn v2.0.119
2026-10-08T21:34:01.3456237Z [1m[92m   Compiling[0m toml_edit v0.22.27
2026-10-08T21:34:02.9106480Z [1m[92m   Compiling[0m toml v0.8.23
2026-10-08T21:34:03.9254251Z [1m[92m   Compiling[0m proc-macro-error v1.0.4
2026-10-08T21:34:04.7236589Z [1m[92m   Compiling[0m byteorder v1.5.0
2026-10-08T21:34:04.8326534Z [1m[92m   Compiling[0m thiserror v1.0.69
2026-10-08T21:34:04.9516750Z [1m[92m   Compiling[0m heapless v0.8.0
2026-10-08T21:34:05.1166703Z [1m[92m   Compiling[0m hash32 v0.3.1
2026-10-08T21:34:05.1776781Z [1m[92m   Compiling[0m thiserror-impl v1.0.69
2026-10-08T21:34:05.9916644Z [1m[92m   Compiling[0m hybrid-array v0.4.15
2026-10-08T21:34:06.3672421Z [1m[92m   Compiling[0m stable_deref_trait v1.2.1
2026-10-08T21:34:06.8396313Z [1m[92m   Compiling[0m siphasher v1.0.3
2026-10-08T21:34:06.9626705Z [1m[92m   Compiling[0m ryu v1.0.23
2026-10-08T21:34:07.1136666Z [1m[92m   Compiling[0m serde-json-core v0.6.0
2026-10-08T21:34:07.4397067Z [1m[92m   Compiling[0m conduit-plot v0.1.0 (/home/runner/work/conduit/conduit/architecture/plot)
2026-10-08T21:34:07.6046536Z [1m[92m   Compiling[0m phf_shared v0.11.3
2026-10-08T21:34:07.7206466Z [1m[92m   Compiling[0m str-newtype-derive v2.0.0
2026-10-08T21:34:08.9048979Z [1m[92m   Compiling[0m conduit-body v0.1.0 (/home/runner/work/conduit/conduit/architecture/body)
2026-10-08T21:34:15.9036954Z [1m[92m   Compiling[0m conduit-time v0.1.0 (/home/runner/work/conduit/conduit/semantics/time)
2026-10-08T21:34:20.0590019Z [1m[92m   Compiling[0m conduit-human v0.1.0 (/home/runner/work/conduit/conduit/semantics/human)
2026-10-08T21:34:21.6396689Z [1m[92m   Compiling[0m conduit-data v0.1.0 (/home/runner/work/conduit/conduit/semantics/data)
2026-10-08T21:34:23.9066808Z [1m[92m   Compiling[0m conduit-presentation v0.1.0 (/home/runner/work/conduit/conduit/semantics/presentation)
2026-10-08T21:34:24.5972284Z [1m[92m   Compiling[0m conduit-audio v0.1.0 (/home/runner/work/conduit/conduit/semantics/audio)
2026-10-08T21:34:27.1190079Z [1m[92m   Compiling[0m conduit-web v0.1.0 (/home/runner/work/conduit/conduit/semantics/web)
2026-10-08T21:34:36.7946710Z [1m[92m   Compiling[0m conduit-text v0.1.0 (/home/runner/work/conduit/conduit/semantics/text)
2026-10-08T21:34:36.9866463Z [1m[92m   Compiling[0m conduit-net v0.1.0 (/home/runner/work/conduit/conduit/semantics/net)
2026-10-08T21:34:37.1746830Z [1m[92m   Compiling[0m conduit-language v0.1.0 (/home/runner/work/conduit/conduit/semantics/language)
2026-10-08T21:34:44.9716744Z [1m[92m   Compiling[0m conduit-education v0.1.0 (/home/runner/work/conduit/conduit/semantics/education)
2026-10-08T21:34:45.2515507Z [1m[92m   Compiling[0m conduit-process v0.1.0 (/home/runner/work/conduit/conduit/semantics/process)
2026-10-08T21:34:45.4526754Z [1m[92m   Compiling[0m conduit-robotics v0.1.0 (/home/runner/work/conduit/conduit/semantics/robotics)
2026-10-08T21:34:45.7296834Z [1m[92m   Compiling[0m conduit-purpose v0.1.0 (/home/runner/work/conduit/conduit/semantics/purpose)
2026-10-08T21:34:45.9086567Z [1m[92m   Compiling[0m conduit-alife v0.1.0 (/home/runner/work/conduit/conduit/semantics/alife)
2026-10-08T21:34:50.4856649Z [1m[92m   Compiling[0m conduit-midi v0.1.0 (/home/runner/work/conduit/conduit/mechanisms/protocols/midi)
2026-10-08T21:34:50.7578717Z [1m[92m   Compiling[0m conduit-ai v0.1.0 (/home/runner/work/conduit/conduit/semantics/ai)
2026-10-08T21:34:51.5686658Z [1m[92m   Compiling[0m conduit-chat v0.1.0 (/home/runner/work/conduit/conduit/semantics/chat)
2026-10-08T21:34:51.8078348Z [1m[92m   Compiling[0m conduit-signal v0.1.0 (/home/runner/work/conduit/conduit/semantics/signal)
2026-10-08T21:34:52.0616383Z [1m[92m   Compiling[0m conduit-wire v0.1.0 (/home/runner/work/conduit/conduit/architecture/wire)
2026-10-08T21:34:52.2396920Z [1m[92m   Compiling[0m static-automata-macros v1.0.3
2026-10-08T21:34:52.3016325Z [1m[92m   Compiling[0m crypto-common v0.2.2
2026-10-08T21:34:52.3936617Z [1m[92m   Compiling[0m block-buffer v0.12.1
2026-10-08T21:34:52.4606258Z [1m[92m   Compiling[0m anyhow v1.0.104
2026-10-08T21:34:52.5776175Z [1m[92m   Compiling[0m const-oid v0.10.2
2026-10-08T21:34:52.7226119Z [1m[92m   Compiling[0m option-ext v0.2.0
2026-10-08T21:34:52.7490384Z [1m[92m   Compiling[0m dirs-sys v0.5.0
2026-10-08T21:34:52.8179007Z [1m[92m   Compiling[0m digest v0.11.3
2026-10-08T21:34:52.8995656Z [1m[92m   Compiling[0m static-automata v1.0.3
2026-10-08T21:34:52.9536584Z [1m[92m   Compiling[0m conduit-todo-plot v0.1.0 (/home/runner/work/conduit/conduit/plots/todo/model)
2026-10-08T21:34:53.2216148Z [1m[92m   Compiling[0m str-newtype v2.0.0
2026-10-08T21:34:53.2526107Z [1m[92m   Compiling[0m phf v0.11.3
2026-10-08T21:34:53.3306625Z [1m[92m   Compiling[0m speaking v0.1.0 (https://github.com/dancxjo/tongues.git?rev=b5d7535b2ccd3730b4db878fb61b2e4e48ae89c9#b5d7535b)
2026-10-08T21:34:53.3966256Z [1m[92m   Compiling[0m tinyvec v1.13.3
2026-10-08T21:34:53.5126236Z [1m[92m   Compiling[0m isolang v2.4.0
2026-10-08T21:34:53.6276357Z [1m[92m   Compiling[0m unicode-normalization v0.1.25
2026-10-08T21:34:53.9907054Z [1m[92m   Compiling[0m langtag v1.1.0
2026-10-08T21:34:56.5846267Z [1m[92m   Compiling[0m sha2 v0.11.0
2026-10-08T21:34:57.9456213Z [1m[92m   Compiling[0m dirs v6.0.0
2026-10-08T21:34:57.9797130Z [1m[92m   Compiling[0m conduit-body-invitation-plot v0.1.0 (/home/runner/work/conduit/conduit/semantics/body-invitation)
2026-10-08T21:34:58.1537096Z [1m[92m   Compiling[0m conduit-tongues v0.1.0 (/home/runner/work/conduit/conduit/semantics/tongues)
2026-10-08T21:34:58.3997186Z [1m[92m   Compiling[0m conduit-plot-library v0.1.0 (/home/runner/work/conduit/conduit/semantics/plot-library)
2026-10-08T21:34:58.5676675Z [1m[92m   Compiling[0m conduit-tutorial-plot v0.1.0 (/home/runner/work/conduit/conduit/semantics/tutorial)
2026-10-08T21:34:58.7317115Z [1m[92m   Compiling[0m conduit-plan-lowering v0.1.0 (/home/runner/work/conduit/conduit/architecture/plan-lowering)
2026-10-08T21:34:59.0996365Z [1m[92m   Compiling[0m unicode-segmentation v1.13.3
2026-10-08T21:35:01.1906958Z [1m[92m   Compiling[0m conduit-bluetooth v0.1.0 (/home/runner/work/conduit/conduit/mechanisms/protocols/bluetooth)
2026-10-08T21:35:01.4766963Z [1m[92m   Compiling[0m patchbay-control v0.1.0 (/home/runner/work/conduit/conduit/plots/patchbay)
2026-10-08T21:35:02.0356956Z [1m[92m   Compiling[0m conduit-composite v0.1.0 (/home/runner/work/conduit/conduit/architecture/composite)
2026-10-08T21:35:07.4245979Z [1m[92m   Compiling[0m conduit-synth v0.1.0 (/home/runner/work/conduit/conduit/mechanisms/implementations/synth)
2026-10-08T21:35:07.7056693Z [1m[92m   Compiling[0m conduit-birth-plot v0.1.0 (/home/runner/work/conduit/conduit/plots/birth)
2026-10-08T21:35:13.3926943Z [1m[92m   Compiling[0m conduit-little-seismograph-fixture v0.1.0 (/home/runner/work/conduit/conduit/plots/little-seismograph/fixture)
2026-10-08T21:35:13.5036775Z [1m[92m   Compiling[0m qrcode v0.14.1
2026-10-08T21:35:16.3937057Z [1m[92m   Compiling[0m conduit-planner v0.1.0 (/home/runner/work/conduit/conduit/architecture/planner)
2026-10-08T21:35:22.5526800Z [1m[92m   Compiling[0m conduit-semantic-catalog v0.1.0 (/home/runner/work/conduit/conduit/semantics/catalog)
2026-10-08T21:35:26.1616385Z [1m[92m   Compiling[0m conduit-host-make v0.1.0 (/home/runner/work/conduit/conduit/make/host)
2026-10-08T21:35:32.4726734Z [1m[92m   Compiling[0m conduit-std-offers v0.1.0 (/home/runner/work/conduit/conduit/targets/std/offers)
2026-10-08T21:35:33.3466691Z [1m[92m   Compiling[0m conduit-host-browser-make v0.1.0 (/home/runner/work/conduit/conduit/targets/browser/make)
2026-10-08T21:35:33.8204908Z [1m[92m   Compiling[0m patchbay-graph v0.1.0 (/home/runner/work/conduit/conduit/plots/patchbay/graph)
2026-10-08T21:35:34.5346826Z [1m[92m   Compiling[0m patchbay-application v0.1.0 (/home/runner/work/conduit/conduit/plots/patchbay/application)
2026-10-08T21:35:35.2507002Z [1m[92m   Compiling[0m conduit-browser-mask-offer v0.1.0 (/home/runner/work/conduit/conduit/targets/browser/mask-offer)
2026-10-08T21:35:35.5446848Z [1m[92m   Compiling[0m conduit-host-hosted v0.1.0 (/home/runner/work/conduit/conduit/targets/std/make)
2026-10-08T21:35:35.6076740Z [1m[92m   Compiling[0m conduit-signal-conformance v0.1.0 (/home/runner/work/conduit/conduit/proof/conformance/signal)
2026-10-08T21:35:36.2006878Z [1m[92m   Compiling[0m conduit-host-esp32-make v0.1.0 (/home/runner/work/conduit/conduit/targets/esp32/make)
2026-10-08T21:35:36.3636705Z [1m[92m   Compiling[0m conduit-body-make v0.1.0 (/home/runner/work/conduit/conduit/make/body)
2026-10-08T21:35:37.0046567Z [1m[92m   Compiling[0m conduit-host-rp2040 v0.1.0 (/home/runner/work/conduit/conduit/targets/rp2040/make)
2026-10-08T21:35:37.0726677Z [1m[92m   Compiling[0m conduit-host-avr-make v0.1.0 (/home/runner/work/conduit/conduit/targets/avr/make)
2026-10-08T21:35:37.1473485Z [1m[92m   Compiling[0m conduit-linear-framebuffer-make v0.1.0 (/home/runner/work/conduit/conduit/mechanisms/implementations/linear-framebuffer-make)
2026-10-08T21:35:37.4626901Z [1m[92m   Compiling[0m conduit-host-conduitos-make v0.1.0 (/home/runner/work/conduit/conduit/targets/conduitos/make)
2026-10-08T21:35:37.9478862Z [1m[92m   Compiling[0m conduit-host-orange-pi v0.1.0 (/home/runner/work/conduit/conduit/targets/orange-pi/make)
2026-10-08T21:35:38.2706811Z [1m[92m   Compiling[0m conduit-host-raspberry-pi v0.1.0 (/home/runner/work/conduit/conduit/targets/raspberry-pi/make)
2026-10-08T21:35:38.3596701Z [1m[92m   Compiling[0m conduit-tour-model v0.1.0 (/home/runner/work/conduit/conduit/plots/tour)
2026-10-08T21:35:45.5726560Z [1m[92m   Compiling[0m conduit-browser-runtime v0.1.0 (/home/runner/work/conduit/conduit/targets/browser/runtime)
2026-10-08T21:36:08.2610491Z [1m[92m    Finished[0m `release` profile [optimized] target(s) in 2m 16s
2026-10-08T21:36:08.6322988Z SEALED existing-computer Host releases in /home/runner/work/conduit/conduit/target/pipeline/browser/host-release
2026-10-08T21:36:08.6329990Z > cargo +1.98.1-x86_64-unknown-linux-gnu xtask make host release-catalog --root /home/runner/work/conduit/conduit/target/pipeline/browser/host-release --generation 1 --locked
2026-10-08T21:36:08.8499064Z [1m[92m    Finished[0m `dev` profile [unoptimized] target(s) in 0.20s
2026-10-08T21:36:08.8564918Z [1m[92m     Running[0m `target/debug/conduit-xtask-dispatch make host release-catalog --root /home/runner/work/conduit/conduit/target/pipeline/browser/host-release --generation 1 --locked`
2026-10-08T21:36:08.8649034Z SEALED release catalog /home/runner/work/conduit/conduit/target/pipeline/browser/host-release/release-catalog.json generation=1 targets=1
2026-10-08T21:36:08.8654510Z > sh targets/browser/tools/stage-browser-workspace.sh /home/runner/work/conduit/conduit/target/pipeline/browser/host-release/runtime.wasm target/workspace-product /home/runner/work/conduit/conduit/target/pipeline/browser/host-release
2026-10-08T21:36:09.2285514Z [1m[92m    Finished[0m `dev` profile [unoptimized] target(s) in 0.20s
2026-10-08T21:36:09.2353683Z [1m[92m     Running[0m `target/debug/conduit-xtask-dispatch make host release-catalog --root target/workspace-product/artifacts --generation 1`
2026-10-08T21:36:09.2419150Z SEALED release catalog target/workspace-product/artifacts/release-catalog.json generation=1 targets=1
2026-10-08T21:36:09.4755996Z [1m[92m    Finished[0m `dev` profile [unoptimized] target(s) in 0.19s
2026-10-08T21:36:09.4823721Z [1m[92m     Running[0m `target/debug/conduit-xtask-dispatch check plots bundle-initial-body --output target/workspace-product/plots/initial-body.conduit`
2026-10-08T21:36:09.6687616Z [1m[92m Downloading[0m crates ...
2026-10-08T21:36:09.7162665Z [1m[92m  Downloaded[0m float-cmp v0.9.0
2026-10-08T21:36:09.7275912Z [1m[92m  Downloaded[0m base64 v0.13.1
2026-10-08T21:36:09.7325539Z [1m[92m  Downloaded[0m arrayref v0.3.9
2026-10-08T21:36:09.7339134Z [1m[92m  Downloaded[0m hash32 v0.2.1
2026-10-08T21:36:09.7359165Z [1m[92m  Downloaded[0m futures-io v0.3.34
2026-10-08T21:36:09.7423937Z [1m[92m  Downloaded[0m futures-core v0.3.34
2026-10-08T21:36:09.7438839Z [1m[92m  Downloaded[0m futures-sink v0.3.34
2026-10-08T21:36:09.7496168Z [1m[92m  Downloaded[0m futures-task v0.3.34
2026-10-08T21:36:09.7509289Z [1m[92m  Downloaded[0m zerofrom v0.1.8
2026-10-08T21:36:09.7519336Z [1m[92m  Downloaded[0m console v0.16.6
2026-10-08T21:36:09.7539212Z [1m[92m  Downloaded[0m utf8_iter v1.0.4
2026-10-08T21:36:09.7561356Z [1m[92m  Downloaded[0m potential_utf v0.1.6
2026-10-08T21:36:09.7574922Z [1m[92m  Downloaded[0m adler2 v2.0.1
2026-10-08T21:36:09.7587750Z [1m[92m  Downloaded[0m icu_locale_fallback_data v2.3.0
2026-10-08T21:36:09.7598773Z [1m[92m  Downloaded[0m xmlwriter v0.1.0
2026-10-08T21:36:09.7624329Z [1m[92m  Downloaded[0m sha1 v0.10.7
2026-10-08T21:36:09.7655092Z [1m[92m  Downloaded[0m pico-args v0.5.0
2026-10-08T21:36:09.7672614Z [1m[92m  Downloaded[0m pulldown-cmark-escape v0.11.0
2026-10-08T21:36:09.7679096Z [1m[92m  Downloaded[0m strict-num v0.1.1
2026-10-08T21:36:09.7687677Z [1m[92m  Downloaded[0m zerofrom-derive v0.1.8
2026-10-08T21:36:09.7698692Z [1m[92m  Downloaded[0m unit-prefix v0.5.2
2026-10-08T21:36:09.7743908Z [1m[92m  Downloaded[0m bitflags v1.3.2
2026-10-08T21:36:09.7780418Z [1m[92m  Downloaded[0m data-url v0.3.2
2026-10-08T21:36:09.7792454Z [1m[92m  Downloaded[0m displaydoc v0.2.7
2026-10-08T21:36:09.7809943Z [1m[92m  Downloaded[0m fdeflate v0.3.7
2026-10-08T21:36:09.7824024Z [1m[92m  Downloaded[0m simd-adler32 v0.3.10
2026-10-08T21:36:09.7840944Z [1m[92m  Downloaded[0m smawk v0.3.3
2026-10-08T21:36:09.7855124Z [1m[92m  Downloaded[0m yoke-derive v0.8.3
2026-10-08T21:36:09.7865717Z [1m[92m  Downloaded[0m zerovec-derive v0.11.6
2026-10-08T21:36:09.7880002Z [1m[92m  Downloaded[0m pin-project-lite v0.2.17
2026-10-08T21:36:09.7934174Z [1m[92m  Downloaded[0m imagesize v0.13.0
2026-10-08T21:36:09.7955697Z [1m[92m  Downloaded[0m rgb v0.8.53
2026-10-08T21:36:09.7976155Z [1m[92m  Downloaded[0m limine v0.5.0
2026-10-08T21:36:09.7991497Z [1m[92m  Downloaded[0m slab v0.4.12
2026-10-08T21:36:09.8002932Z [1m[92m  Downloaded[0m synstructure v0.14.0
2026-10-08T21:36:09.8013604Z [1m[92m  Downloaded[0m tinystr v0.8.4
2026-10-08T21:36:09.8031322Z [1m[92m  Downloaded[0m cliclack v0.5.6
2026-10-08T21:36:09.8056327Z [1m[92m  Downloaded[0m icu_locale_fallback v2.3.0
2026-10-08T21:36:09.8065432Z [1m[92m  Downloaded[0m crc32fast v1.5.2
2026-10-08T21:36:09.8085154Z [1m[92m  Downloaded[0m embedded-websocket v0.9.5
2026-10-08T21:36:09.8101716Z [1m[92m  Downloaded[0m futures-channel v0.3.34
2026-10-08T21:36:09.8123291Z [1m[92m  Downloaded[0m getopts v0.2.24
2026-10-08T21:36:09.8137438Z [1m[92m  Downloaded[0m simplecss v0.2.2
2026-10-08T21:36:09.8152682Z [1m[92m  Downloaded[0m writeable v0.6.4
2026-10-08T21:36:09.8172098Z [1m[92m  Downloaded[0m litemap v0.8.3
2026-10-08T21:36:09.8200613Z [1m[92m  Downloaded[0m unicase v2.9.0
2026-10-08T21:36:09.8215123Z [1m[92m  Downloaded[0m yoke v0.8.3
2026-10-08T21:36:09.8232032Z [1m[92m  Downloaded[0m svgtypes v0.15.3
2026-10-08T21:36:09.8254031Z [1m[92m  Downloaded[0m tiny-skia-path v0.11.4
2026-10-08T21:36:09.8271683Z [1m[92m  Downloaded[0m bitflags v2.13.2
2026-10-08T21:36:09.8315222Z [1m[92m  Downloaded[0m spin v0.9.9
2026-10-08T21:36:09.8335949Z [1m[92m  Downloaded[0m futures v0.3.34
2026-10-08T21:36:09.8382570Z [1m[92m  Downloaded[0m bytemuck v1.25.2
2026-10-08T21:36:09.8411643Z [1m[92m  Downloaded[0m roxmltree v0.20.0
2026-10-08T21:36:09.8528879Z [1m[92m  Downloaded[0m heapless v0.7.17
2026-10-08T21:36:09.8561855Z [1m[92m  Downloaded[0m flate2 v1.1.10
2026-10-08T21:36:09.8606083Z [1m[92m  Downloaded[0m base64 v0.22.1
2026-10-08T21:36:09.8639115Z [1m[92m  Downloaded[0m icu_provider v2.3.1
2026-10-08T21:36:09.8662429Z [1m[92m  Downloaded[0m miniz_oxide v0.8.9
2026-10-08T21:36:09.8683582Z [1m[92m  Downloaded[0m miniz_oxide v0.9.1
2026-10-08T21:36:09.8704447Z [1m[92m  Downloaded[0m textwrap v0.16.4
2026-10-08T21:36:09.8727691Z [1m[92m  Downloaded[0m icu_collections v2.3.0
2026-10-08T21:36:09.8778700Z [1m[92m  Downloaded[0m resvg v0.45.1
2026-10-08T21:36:09.8802085Z [1m[92m  Downloaded[0m zerotrie v0.2.5
2026-10-08T21:36:09.8833502Z [1m[92m  Downloaded[0m euclid v0.22.14
2026-10-08T21:36:09.8868541Z [1m[92m  Downloaded[0m indicatif v0.18.6
2026-10-08T21:36:09.8889240Z [1m[92m  Downloaded[0m icu_locale_core v2.3.0
2026-10-08T21:36:09.8947737Z [1m[92m  Downloaded[0m png v0.17.16
2026-10-08T21:36:09.8980894Z [1m[92m  Downloaded[0m pulldown-cmark v0.12.2
2026-10-08T21:36:09.9019804Z [1m[92m  Downloaded[0m zerovec v0.11.8
2026-10-08T21:36:09.9067372Z [1m[92m  Downloaded[0m kurbo v0.11.3
2026-10-08T21:36:09.9103426Z [1m[92m  Downloaded[0m usvg v0.45.1
2026-10-08T21:36:09.9137935Z [1m[92m  Downloaded[0m futures-util v0.3.34
2026-10-08T21:36:09.9243341Z [1m[92m  Downloaded[0m portable-atomic v1.15.0
2026-10-08T21:36:09.9302785Z [1m[92m  Downloaded[0m zlib-rs v0.6.8
2026-10-08T21:36:09.9346527Z [1m[92m  Downloaded[0m tiny-skia v0.11.4
2026-10-08T21:36:09.9453040Z [1m[92m  Downloaded[0m unicode-width v0.2.2
2026-10-08T21:36:09.9499355Z [1m[92m  Downloaded[0m icu_segmenter_data v2.3.0
2026-10-08T21:36:09.9833618Z [1m[92m  Downloaded[0m icu_segmenter v2.3.0
2026-10-08T21:36:10.1907048Z [1m[92m   Compiling[0m syn v3.0.6
2026-10-08T21:36:10.1947374Z [1m[92m   Compiling[0m zeroize v1.9.0
2026-10-08T21:36:10.1967256Z [1m[92m   Compiling[0m memchr v2.8.3
2026-10-08T21:36:10.2026226Z [1m[92m   Compiling[0m stable_deref_trait v1.2.1
2026-10-08T21:36:10.2276198Z [1m[92m   Compiling[0m log v0.4.34
2026-10-08T21:36:10.2836406Z [1m[92m   Compiling[0m curve25519-dalek v4.1.3
2026-10-08T21:36:10.3456114Z [1m[92m   Compiling[0m cipher v0.4.4
2026-10-08T21:36:10.4766481Z [1m[92m   Compiling[0m simd-adler32 v0.3.10
2026-10-08T21:36:10.5958001Z [1m[92m   Compiling[0m serde_json v1.0.151
2026-10-08T21:36:10.6936197Z [1m[92m   Compiling[0m writeable v0.6.4
2026-10-08T21:36:10.8896337Z [1m[92m   Compiling[0m chacha20 v0.9.1
2026-10-08T21:36:11.0247053Z [1m[92m   Compiling[0m ed25519-dalek v2.2.0
2026-10-08T21:36:11.1186427Z [1m[92m   Compiling[0m adler2 v2.0.1
2026-10-08T21:36:11.1727056Z [1m[92m   Compiling[0m crc32fast v1.5.2
2026-10-08T21:36:11.1893270Z [1m[92m   Compiling[0m chacha20poly1305 v0.10.1
2026-10-08T21:36:11.2484342Z [1m[92m   Compiling[0m rustls-pki-types v1.15.1
2026-10-08T21:36:11.2967005Z [1m[92m   Compiling[0m icu_locale_fallback_data v2.3.0
2026-10-08T21:36:11.3656866Z [1m[92m   Compiling[0m unicode-width v0.2.2
2026-10-08T21:36:11.4604176Z [1m[92m   Compiling[0m litemap v0.8.3
2026-10-08T21:36:11.5126815Z [1m[92m   Compiling[0m noise-rust-crypto v0.6.2
2026-10-08T21:36:11.6006475Z [1m[92m   Compiling[0m miniz_oxide v0.9.1
2026-10-08T21:36:11.6986516Z [1m[92m   Compiling[0m x25519-dalek v2.0.1
2026-10-08T21:36:11.7076636Z [1m[92m   Compiling[0m float-cmp v0.9.0
2026-10-08T21:36:11.7546438Z [1m[92m   Compiling[0m icu_segmenter_data v2.3.0
2026-10-08T21:36:11.7656643Z [1m[92m   Compiling[0m bytemuck v1.25.2
2026-10-08T21:36:11.8366767Z [1m[92m   Compiling[0m strict-num v0.1.1
2026-10-08T21:36:11.9042863Z [1m[92m   Compiling[0m conduit-protected-line v0.1.0 (/home/runner/work/conduit/conduit/architecture/protected-line)
2026-10-08T21:36:11.9376642Z [1m[92m   Compiling[0m flate2 v1.1.10
2026-10-08T21:36:12.0816705Z [1m[92m   Compiling[0m utf8_iter v1.0.4
2026-10-08T21:36:12.1571625Z [1m[92m   Compiling[0m futures-sink v0.3.34
2026-10-08T21:36:12.1959440Z [1m[92m   Compiling[0m futures-core v0.3.34
2026-10-08T21:36:12.2082923Z [1m[92m   Compiling[0m once_cell v1.21.4
2026-10-08T21:36:12.2422032Z [1m[92m   Compiling[0m portable-atomic v1.15.0
2026-10-08T21:36:12.2606526Z [1m[92m   Compiling[0m arrayref v0.3.9
2026-10-08T21:36:12.2946255Z [1m[92m   Compiling[0m tiny-skia-path v0.11.4
2026-10-08T21:36:12.4535629Z [1m[92m   Compiling[0m rustls-webpki v0.103.15
2026-10-08T21:36:12.5060605Z [1m[92m   Compiling[0m miniz_oxide v0.8.9
2026-10-08T21:36:12.8006311Z [1m[92m   Compiling[0m fdeflate v0.3.7
2026-10-08T21:36:12.9696443Z [1m[92m   Compiling[0m kurbo v0.11.3
2026-10-08T21:36:13.0856764Z [1m[92m   Compiling[0m synstructure v0.14.0
2026-10-08T21:36:13.1485705Z [1m[92m   Compiling[0m heapless v0.7.17
2026-10-08T21:36:13.2596989Z [1m[92m   Compiling[0m pin-project-lite v0.2.17
2026-10-08T21:36:13.2966506Z [1m[92m   Compiling[0m bitflags v1.3.2
2026-10-08T21:36:13.3276816Z [1m[92m   Compiling[0m bitflags v2.13.2
2026-10-08T21:36:13.4409411Z [1m[92m   Compiling[0m futures-task v0.3.34
2026-10-08T21:36:13.4920136Z [1m[92m   Compiling[0m ureq-proto v0.6.4
2026-10-08T21:36:13.5206317Z [1m[92m   Compiling[0m futures-util v0.3.34
2026-10-08T21:36:13.9656748Z [1m[92m   Compiling[0m svgtypes v0.15.3
2026-10-08T21:36:14.0366625Z [1m[92m   Compiling[0m png v0.17.16
2026-10-08T21:36:14.3266381Z [1m[92m   Compiling[0m serde_derive v1.0.229
2026-10-08T21:36:14.4106343Z [1m[92m   Compiling[0m thiserror-impl v2.0.20
2026-10-08T21:36:14.7046826Z [1m[92m   Compiling[0m zerofrom-derive v0.1.8
2026-10-08T21:36:14.8250441Z [1m[92m   Compiling[0m yoke-derive v0.8.3
2026-10-08T21:36:15.2996386Z [1m[92m   Compiling[0m thiserror v2.0.20
2026-10-08T21:36:15.3386349Z [1m[92m   Compiling[0m cobs v0.3.0
2026-10-08T21:36:15.4259515Z [1m[92m   Compiling[0m static-automata-macros v1.0.3
2026-10-08T21:36:15.5591376Z [1m[92m   Compiling[0m zerovec-derive v0.11.6
2026-10-08T21:36:15.5828408Z [1m[92m   Compiling[0m zerofrom v0.1.8
2026-10-08T21:36:15.6296351Z [1m[92m   Compiling[0m static-automata v1.0.3
2026-10-08T21:36:15.6536507Z [1m[92m   Compiling[0m yoke v0.8.3
2026-10-08T21:36:15.6712810Z [1m[92m   Compiling[0m langtag v1.1.0
2026-10-08T21:36:15.7756168Z [1m[92m   Compiling[0m displaydoc v0.2.7
2026-10-08T21:36:16.2257297Z [1m[92m   Compiling[0m zerotrie v0.2.5
2026-10-08T21:36:16.3296175Z [1m[92m   Compiling[0m zerovec v0.11.8
2026-10-08T21:36:16.5731007Z [1m[92m   Compiling[0m rustls v0.23.45
2026-10-08T21:36:16.7106365Z [1m[92m   Compiling[0m serde v1.0.229
2026-10-08T21:36:17.0966896Z [1m[92m   Compiling[0m conduit-assigned-plan v0.1.0 (/home/runner/work/conduit/conduit/architecture/assigned-plan)
2026-10-08T21:36:17.1316508Z [1m[92m   Compiling[0m tinystr v0.8.4
2026-10-08T21:36:17.2388315Z [1m[92m   Compiling[0m icu_locale_core v2.3.0
2026-10-08T21:36:17.3016729Z [1m[92m   Compiling[0m conduit-core v0.1.0 (/home/runner/work/conduit/conduit/architecture/core)
2026-10-08T21:36:18.4537293Z [1m[92m   Compiling[0m conduit-kernel v0.1.0 (/home/runner/work/conduit/conduit/architecture/kernel)
2026-10-08T21:36:19.3826629Z [1m[92m   Compiling[0m postcard v1.1.3
2026-10-08T21:36:19.5957005Z [1m[92m   Compiling[0m serde_spanned v0.6.9
2026-10-08T21:36:19.6566595Z [1m[92m   Compiling[0m toml_datetime v0.6.11
2026-10-08T21:36:19.8226395Z [1m[92m   Compiling[0m toml_edit v0.22.27
2026-10-08T21:36:20.9706717Z [1m[92m   Compiling[0m speaking v0.1.0 (https://github.com/dancxjo/tongues.git?rev=b5d7535b2ccd3730b4db878fb61b2e4e48ae89c9#b5d7535b)
2026-10-08T21:36:22.2917023Z [1m[92m   Compiling[0m toml v0.8.23
2026-10-08T21:36:22.7496637Z [1m[92m   Compiling[0m heapless v0.8.0
2026-10-08T21:36:23.1317126Z [1m[92m   Compiling[0m serde-json-core v0.6.0
2026-10-08T21:36:23.3816794Z [1m[92m   Compiling[0m patchbay-control v0.1.0 (/home/runner/work/conduit/conduit/plots/patchbay)
2026-10-08T21:36:23.4776202Z [1m[92m   Compiling[0m potential_utf v0.1.6
2026-10-08T21:36:23.5516620Z [1m[92m   Compiling[0m icu_provider v2.3.1
2026-10-08T21:36:23.8816500Z [1m[92m   Compiling[0m icu_locale_fallback v2.3.0
2026-10-08T21:36:24.0686858Z [1m[92m   Compiling[0m icu_collections v2.3.0
2026-10-08T21:36:24.4266873Z [1m[92m   Compiling[0m icu_segmenter v2.3.0
2026-10-08T21:36:24.9786695Z [1m[92m   Compiling[0m futures-channel v0.3.34
2026-10-08T21:36:25.0046728Z [1m[92m   Compiling[0m webpki-roots v1.0.9
2026-10-08T21:36:25.0626918Z [1m[92m   Compiling[0m console v0.16.6
2026-10-08T21:36:25.4676659Z [1m[92m   Compiling[0m spin v0.9.9
2026-10-08T21:36:25.5756178Z [1m[92m   Compiling[0m simplecss v0.2.2
2026-10-08T21:36:25.8226684Z [1m[92m   Compiling[0m hash32 v0.2.1
2026-10-08T21:36:25.9176972Z [1m[92m   Compiling[0m conduitos v0.1.0 (/home/runner/work/conduit/conduit/targets/conduitos)
2026-10-08T21:36:26.1517243Z [1m[92m   Compiling[0m imagesize v0.13.0
2026-10-08T21:36:26.4287308Z [1m[92m   Compiling[0m unit-prefix v0.5.2
2026-10-08T21:36:26.4976873Z [1m[92m   Compiling[0m conduit-create-oi v0.1.0 (/home/runner/work/conduit/conduit/mechanisms/devices/create-oi)
2026-10-08T21:36:26.7486651Z [1m[92m   Compiling[0m base64 v0.22.1
2026-10-08T21:36:26.9616678Z [1m[92m   Compiling[0m futures-io v0.3.34
2026-10-08T21:36:26.9896386Z [1m[92m   Compiling[0m pulldown-cmark v0.12.2
2026-10-08T21:36:27.0506868Z [1m[92m   Compiling[0m data-url v0.3.2
2026-10-08T21:36:27.2347209Z [1m[92m   Compiling[0m conduit-plot v0.1.0 (/home/runner/work/conduit/conduit/architecture/plot)
2026-10-08T21:36:29.2626666Z [1m[92m   Compiling[0m conduit-body v0.1.0 (/home/runner/work/conduit/conduit/architecture/body)
2026-10-08T21:36:35.3076742Z [1m[92m   Compiling[0m conduit-plan-lowering v0.1.0 (/home/runner/work/conduit/conduit/architecture/plan-lowering)
2026-10-08T21:36:36.0196702Z [1m[92m   Compiling[0m conduit-time v0.1.0 (/home/runner/work/conduit/conduit/semantics/time)
2026-10-08T21:36:37.6971178Z [1m[92m   Compiling[0m conduit-human v0.1.0 (/home/runner/work/conduit/conduit/semantics/human)
2026-10-08T21:36:41.8487193Z [1m[92m   Compiling[0m conduit-language v0.1.0 (/home/runner/work/conduit/conduit/semantics/language)
2026-10-08T21:36:42.0686814Z [1m[92m   Compiling[0m conduit-presentation v0.1.0 (/home/runner/work/conduit/conduit/semantics/presentation)
2026-10-08T21:36:42.0820711Z [1m[92m   Compiling[0m conduit-data v0.1.0 (/home/runner/work/conduit/conduit/semantics/data)
2026-10-08T21:36:42.5036539Z [1m[92m   Compiling[0m conduit-audio v0.1.0 (/home/runner/work/conduit/conduit/semantics/audio)
2026-10-08T21:36:46.5060523Z [1m[92m   Compiling[0m conduit-web v0.1.0 (/home/runner/work/conduit/conduit/semantics/web)
2026-10-08T21:36:47.4167332Z [1m[92m   Compiling[0m conduit-text v0.1.0 (/home/runner/work/conduit/conduit/semantics/text)
2026-10-08T21:36:47.6327126Z [1m[92m   Compiling[0m conduit-alife v0.1.0 (/home/runner/work/conduit/conduit/semantics/alife)
2026-10-08T21:36:47.9117343Z [1m[92m   Compiling[0m conduit-net v0.1.0 (/home/runner/work/conduit/conduit/semantics/net)
2026-10-08T21:36:48.2096848Z [1m[92m   Compiling[0m conduit-purpose v0.1.0 (/home/runner/work/conduit/conduit/semantics/purpose)
2026-10-08T21:36:48.3996793Z [1m[92m   Compiling[0m conduit-robotics v0.1.0 (/home/runner/work/conduit/conduit/semantics/robotics)
2026-10-08T21:36:48.6766876Z [1m[92m   Compiling[0m conduit-process v0.1.0 (/home/runner/work/conduit/conduit/semantics/process)
2026-10-08T21:36:54.3106849Z [1m[92m   Compiling[0m conduit-midi v0.1.0 (/home/runner/work/conduit/conduit/mechanisms/protocols/midi)
2026-10-08T21:36:54.9127241Z [1m[92m   Compiling[0m conduit-ai v0.1.0 (/home/runner/work/conduit/conduit/semantics/ai)
2026-10-08T21:36:55.4646559Z [1m[92m   Compiling[0m conduit-chat v0.1.0 (/home/runner/work/conduit/conduit/semantics/chat)
2026-10-08T21:36:55.7307205Z [1m[92m   Compiling[0m conduit-tongues v0.1.0 (/home/runner/work/conduit/conduit/semantics/tongues)
2026-10-08T21:36:55.7386179Z [1m[92m   Compiling[0m conduit-education v0.1.0 (/home/runner/work/conduit/conduit/semantics/education)
2026-10-08T21:36:56.0096598Z [1m[92m   Compiling[0m conduit-signal v0.1.0 (/home/runner/work/conduit/conduit/semantics/signal)
2026-10-08T21:36:56.3437309Z [1m[92m   Compiling[0m tongues-pipeline v0.1.0 (https://github.com/dancxjo/tongues.git?rev=b5d7535b2ccd3730b4db878fb61b2e4e48ae89c9#b5d7535b)
2026-10-08T21:36:56.5197315Z [1m[92m   Compiling[0m conduit-todo-plot v0.1.0 (/home/runner/work/conduit/conduit/plots/todo/model)
2026-10-08T21:36:56.7077568Z [1m[92m   Compiling[0m conduit-wire v0.1.0 (/home/runner/work/conduit/conduit/architecture/wire)
2026-10-08T21:36:57.3385570Z [1m[92m   Compiling[0m conduit-tutorial-plot v0.1.0 (/home/runner/work/conduit/conduit/semantics/tutorial)
2026-10-08T21:36:57.5436691Z [1m[92m   Compiling[0m conduit-bluetooth v0.1.0 (/home/runner/work/conduit/conduit/mechanisms/protocols/bluetooth)
2026-10-08T21:36:57.7696862Z [1m[92m   Compiling[0m conduit-body-invitation-plot v0.1.0 (/home/runner/work/conduit/conduit/semantics/body-invitation)
2026-10-08T21:36:57.9607176Z [1m[92m   Compiling[0m conduit-plot-library v0.1.0 (/home/runner/work/conduit/conduit/semantics/plot-library)
2026-10-08T21:36:58.1527339Z [1m[92m   Compiling[0m conduit-composite v0.1.0 (/home/runner/work/conduit/conduit/architecture/composite)
2026-10-08T21:36:58.4396810Z [1m[92m   Compiling[0m conduit-synth v0.1.0 (/home/runner/work/conduit/conduit/mechanisms/implementations/synth)
2026-10-08T21:36:58.5956771Z [1m[92m   Compiling[0m conduit-birth-plot v0.1.0 (/home/runner/work/conduit/conduit/plots/birth)
2026-10-08T21:36:59.0506677Z [1m[92m   Compiling[0m conduit-observatory v0.1.0 (/home/runner/work/conduit/conduit/architecture/observatory)
2026-10-08T21:36:59.8978567Z [1m[92m   Compiling[0m conduit-little-seismograph-fixture v0.1.0 (/home/runner/work/conduit/conduit/plots/little-seismograph/fixture)
2026-10-08T21:36:59.9736662Z [1m[92m   Compiling[0m conduit-finance v0.1.0 (/home/runner/work/conduit/conduit/semantics/finance)
2026-10-08T21:37:00.1607154Z [1m[92m   Compiling[0m conduit-home-model v0.1.0 (/home/runner/work/conduit/conduit/semantics/home)
2026-10-08T21:37:00.4146788Z [1m[92m   Compiling[0m xmlwriter v0.1.0
2026-10-08T21:37:00.5026059Z [1m[92m   Compiling[0m pico-args v0.5.0
2026-10-08T21:37:00.5967139Z [1m[92m   Compiling[0m roxmltree v0.20.0
2026-10-08T21:37:01.0456564Z [1m[92m   Compiling[0m smawk v0.3.3
2026-10-08T21:37:01.0976411Z [1m[92m   Compiling[0m textwrap v0.16.4
2026-10-08T21:37:01.3206450Z [1m[92m   Compiling[0m usvg v0.45.1
2026-10-08T21:37:01.4156540Z [1m[92m   Compiling[0m clap_derive v4.6.7
2026-10-08T21:37:03.2336842Z [1m[92m   Compiling[0m patchbay-workbench-host-contract v0.1.0 (/home/runner/work/conduit/conduit/plots/patchbay/workbench/host-contract)
2026-10-08T21:37:03.2856818Z [1m[92m   Compiling[0m conduit-rp2040-network-realization v0.1.0 (/home/runner/work/conduit/conduit/targets/rp2040/network-realization)
2026-10-08T21:37:03.3636667Z [1m[92m   Compiling[0m futures v0.3.34
2026-10-08T21:37:03.3876289Z [1m[92m   Compiling[0m indicatif v0.18.6
2026-10-08T21:37:03.4346173Z [1m[92m   Compiling[0m ureq v3.4.2
2026-10-08T21:37:03.9856339Z [1m[92m   Compiling[0m tungstenite v0.30.0
2026-10-08T21:37:04.6906380Z [1m[92m   Compiling[0m tiny-skia v0.11.4
2026-10-08T21:37:04.9655306Z [1m[92m   Compiling[0m limine v0.5.0
2026-10-08T21:37:05.2306647Z [1m[92m   Compiling[0m rgb v0.8.53
2026-10-08T21:37:05.4726608Z [1m[92m   Compiling[0m rustls-pemfile v2.2.0
2026-10-08T21:37:05.5736318Z [1m[92m   Compiling[0m getopts v0.2.24
2026-10-08T21:37:05.7916291Z [1m[92m   Compiling[0m sha1 v0.10.7
2026-10-08T21:37:05.9056854Z [1m[92m   Compiling[0m conduit-mpu6050 v0.1.0 (/home/runner/work/conduit/conduit/mechanisms/devices/mpu6050)
2026-10-08T21:37:05.9886627Z [1m[92m   Compiling[0m unicase v2.9.0
2026-10-08T21:37:06.0937706Z [1m[92m   Compiling[0m pulldown-cmark-escape v0.11.0
2026-10-08T21:37:06.0984549Z [1m[92m   Compiling[0m base64 v0.13.1
2026-10-08T21:37:06.2046401Z [1m[92m   Compiling[0m embedded-websocket v0.9.5
2026-10-08T21:37:06.4146672Z [1m[92m   Compiling[0m resvg v0.45.1
2026-10-08T21:37:06.8076128Z [1m[92m   Compiling[0m cliclack v0.5.6
2026-10-08T21:37:07.1896204Z [1m[92m   Compiling[0m clap v4.6.7
2026-10-08T21:37:07.2177047Z [1m[92m   Compiling[0m conduit-embedded-build v0.1.0 (/home/runner/work/conduit/conduit/make/embedded-build)
2026-10-08T21:37:21.5140162Z [1m[92m   Compiling[0m conduit-planner v0.1.0 (/home/runner/work/conduit/conduit/architecture/planner)
2026-10-08T21:37:22.9754841Z [1m[92m   Compiling[0m conduit-speech v0.1.0 (/home/runner/work/conduit/conduit/semantics/speech)
2026-10-08T21:37:23.5741464Z [1m[92m   Compiling[0m conduit-semantic-catalog v0.1.0 (/home/runner/work/conduit/conduit/semantics/catalog)
2026-10-08T21:37:23.5743135Z [1m[92m   Compiling[0m conduit-alife-distributed-conformance v0.1.0 (/home/runner/work/conduit/conduit/proof/conformance/alife-distributed)
2026-10-08T21:37:23.7237333Z [1m[92m   Compiling[0m conduit-conduitos-mask-offer v0.1.0 (/home/runner/work/conduit/conduit/targets/conduitos/mask-offer)
2026-10-08T21:37:25.4712610Z [1m[92m   Compiling[0m conduit-host-make v0.1.0 (/home/runner/work/conduit/conduit/make/host)
2026-10-08T21:37:27.0786803Z [1m[92m   Compiling[0m patchbay-graph v0.1.0 (/home/runner/work/conduit/conduit/plots/patchbay/graph)
2026-10-08T21:37:27.6957410Z [1m[92m   Compiling[0m conduit-std-offers v0.1.0 (/home/runner/work/conduit/conduit/targets/std/offers)
2026-10-08T21:37:28.3406897Z [1m[92m   Compiling[0m conduit-host-browser-make v0.1.0 (/home/runner/work/conduit/conduit/targets/browser/make)
2026-10-08T21:37:28.5686761Z [1m[92m   Compiling[0m conduit-signal-conformance v0.1.0 (/home/runner/work/conduit/conduit/proof/conformance/signal)
2026-10-08T21:37:28.9266629Z [1m[92m   Compiling[0m conduit-host-hosted v0.1.0 (/home/runner/work/conduit/conduit/targets/std/make)
2026-10-08T21:37:29.1336795Z [1m[92m   Compiling[0m conduit-host-orange-pi v0.1.0 (/home/runner/work/conduit/conduit/targets/orange-pi/make)
2026-10-08T21:37:29.2082297Z [1m[92m   Compiling[0m conduit-host-avr-make v0.1.0 (/home/runner/work/conduit/conduit/targets/avr/make)
2026-10-08T21:37:29.2742747Z [1m[92m   Compiling[0m conduit-linear-framebuffer-make v0.1.0 (/home/runner/work/conduit/conduit/mechanisms/implementations/linear-framebuffer-make)
2026-10-08T21:37:29.2867081Z [1m[92m   Compiling[0m conduit-host-rp2040 v0.1.0 (/home/runner/work/conduit/conduit/targets/rp2040/make)
2026-10-08T21:37:29.3452459Z [1m[92m   Compiling[0m conduit-host-raspberry-pi v0.1.0 (/home/runner/work/conduit/conduit/targets/raspberry-pi/make)
2026-10-08T21:37:29.3986782Z [1m[92m   Compiling[0m conduit-host-esp32-make v0.1.0 (/home/runner/work/conduit/conduit/targets/esp32/make)
2026-10-08T21:37:29.4176891Z [1m[92m   Compiling[0m conduit-host-conduitos-make v0.1.0 (/home/runner/work/conduit/conduit/targets/conduitos/make)
2026-10-08T21:37:29.5998497Z [1m[92m   Compiling[0m patchbay-application v0.1.0 (/home/runner/work/conduit/conduit/plots/patchbay/application)
2026-10-08T21:37:29.7186715Z [1m[92m   Compiling[0m conduit-tour-model v0.1.0 (/home/runner/work/conduit/conduit/plots/tour)
2026-10-08T21:37:30.0927666Z [1m[92m   Compiling[0m conduit-browser-mask-offer v0.1.0 (/home/runner/work/conduit/conduit/targets/browser/mask-offer)
2026-10-08T21:37:30.1206613Z [1m[92m   Compiling[0m conduit-body-make v0.1.0 (/home/runner/work/conduit/conduit/make/body)
2026-10-08T21:37:30.2866750Z [1m[92m   Compiling[0m conduit-workspace-make v0.1.0 (/home/runner/work/conduit/conduit/make/workspace)
2026-10-08T21:37:30.6907683Z [1m[92m   Compiling[0m conduit-r1-network-conformance v0.1.0 (/home/runner/work/conduit/conduit/proof/conformance/network-r1)
2026-10-08T21:37:31.1707567Z [1m[92m   Compiling[0m conduit-patchbay-workbench-conformance v0.1.0 (/home/runner/work/conduit/conduit/proof/conformance/patchbay-workbench)
2026-10-08T21:37:31.3327018Z [1m[92m   Compiling[0m conduit-pete v0.1.0 (/home/runner/work/conduit/conduit/bodies/pete)
2026-10-08T21:37:33.6809597Z [1m[92m   Compiling[0m conduit-browser-runtime v0.1.0 (/home/runner/work/conduit/conduit/targets/browser/runtime)
2026-10-08T21:37:46.6166880Z [1m[92m   Compiling[0m conduit-patchbay-workbench v0.1.0 (/home/runner/work/conduit/conduit/plots/patchbay/workbench/model)
2026-10-08T21:39:48.7797818Z [1m[92m   Compiling[0m conduit-std-host v0.1.0 (/home/runner/work/conduit/conduit/targets/std)
2026-10-08T21:39:59.7998351Z [1m[92m   Compiling[0m xtask v0.1.0 (/home/runner/work/conduit/conduit/tools/xtask)
2026-10-08T21:40:17.2465332Z [1m[92m    Finished[0m `dev` profile [unoptimized] target(s) in 4m 07s
2026-10-08T21:40:17.2734034Z [1m[92m     Running[0m `target/debug/xtask check plots bundle-initial-body --output target/workspace-product/plots/initial-body.conduit`
2026-10-08T21:40:17.5160085Z [1m[92m    Finished[0m `dev` profile [unoptimized] target(s) in 0.21s
2026-10-08T21:40:17.5227469Z [1m[92m     Running[0m `target/debug/conduit-xtask-dispatch check plots bundle-workspace-catalog --output target/workspace-product/plots/workspace-catalog.json`
2026-10-08T21:40:17.7903273Z [1m[92m    Finished[0m `dev` profile [unoptimized] target(s) in 0.25s
2026-10-08T21:40:17.8086191Z [1m[92m     Running[0m `target/debug/xtask check plots bundle-workspace-catalog --output target/workspace-product/plots/workspace-catalog.json`
2026-10-08T21:40:20.0790150Z > cargo +1.98.1-x86_64-unknown-linux-gnu xtask make body static --application targets/browser/handbook/handbook.application.template.json --output target/handbook-static --release /home/runner/work/conduit/conduit/target/pipeline/browser/host-release --handbook --locked
2026-10-08T21:40:20.2700340Z [1m[92m    Finished[0m `dev` profile [unoptimized] target(s) in 0.18s
2026-10-08T21:40:20.2759884Z [1m[92m     Running[0m `target/debug/conduit-xtask-dispatch make body static --application targets/browser/handbook/handbook.application.template.json --output target/handbook-static --release /home/runner/work/conduit/conduit/target/pipeline/browser/host-release --handbook --locked`
2026-10-08T21:40:20.5325708Z [1m[92m    Finished[0m `dev` profile [unoptimized] target(s) in 0.24s
2026-10-08T21:40:20.5503948Z [1m[92m     Running[0m `target/debug/xtask make body static --application targets/browser/handbook/handbook.application.template.json --output target/handbook-static --release /home/runner/work/conduit/conduit/target/pipeline/browser/host-release --handbook --locked`
2026-10-08T21:40:20.5787256Z handbook staged at /tmp/conduit-static-16912-1791495620561965752/handbook
2026-10-08T21:40:20.8822550Z Static browser application: target/handbook-static
2026-10-08T21:40:20.8877852Z > cargo +1.98.1-x86_64-unknown-linux-gnu xtask make body static --application targets/browser/examples/clock-lab/application.template.json --output target/handbook-static-second --release /home/runner/work/conduit/conduit/target/pipeline/browser/host-release --locked
2026-10-08T21:40:21.0808542Z [1m[92m    Finished[0m `dev` profile [unoptimized] target(s) in 0.18s
2026-10-08T21:40:21.0864247Z [1m[92m     Running[0m `target/debug/conduit-xtask-dispatch make body static --application targets/browser/examples/clock-lab/application.template.json --output target/handbook-static-second --release /home/runner/work/conduit/conduit/target/pipeline/browser/host-release --locked`
2026-10-08T21:40:21.3485208Z [1m[92m    Finished[0m `dev` profile [unoptimized] target(s) in 0.24s
2026-10-08T21:40:21.3663832Z [1m[92m     Running[0m `target/debug/xtask make body static --application targets/browser/examples/clock-lab/application.template.json --output target/handbook-static-second --release /home/runner/work/conduit/conduit/target/pipeline/browser/host-release --locked`
2026-10-08T21:40:21.6569936Z Static browser application: target/handbook-static-second
2026-10-08T21:40:21.7267961Z > node --test targets/browser/sdk/browser-sdk-continuity.test.mjs targets/browser/sdk/browser-sdk-errors.test.mjs targets/browser/sdk/browser-sdk-events.test.mjs targets/browser/sdk/browser-sdk-face-actions.test.mjs targets/browser/sdk/browser-sdk-face.test.mjs targets/browser/sdk/browser-sdk-plots.test.mjs targets/browser/sdk/browser-sdk-syntax.test.mjs targets/browser/sdk/browser-sdk-wardrobe.test.mjs targets/browser/sdk/package-browser-bundle.test.mjs targets/browser/tools/static-application-csp.test.mjs proof/browser/application-graph-canvas.test.mjs proof/browser/browser-body-input.test.mjs proof/browser/browser-body-host.test.mjs proof/browser/workspace-handoff.test.mjs proof/browser/browser-plot-effects.test.mjs proof/browser/browser-pitch-tone.test.mjs proof/browser/browser-host-calls.test.mjs proof/browser/creche-rendezvous.test.mjs proof/browser/physical-host-workflow.test.mjs proof/browser/creche-release-catalog.test.mjs
2026-10-08T21:40:21.7722324Z TAP version 13
2026-10-08T21:40:21.8207200Z # Subtest: decodes exact native canvas shape and Unicode without inventing graph facts
2026-10-08T21:40:21.8230176Z ok 1 - decodes exact native canvas shape and Unicode without inventing graph facts
2026-10-08T21:40:21.8230990Z   ---
2026-10-08T21:40:21.8231427Z   duration_ms: 2.749191
2026-10-08T21:40:21.8231898Z   type: 'test'
2026-10-08T21:40:21.8232324Z   ...
2026-10-08T21:40:21.8233015Z # Subtest: rejects stale unknown selection and dangling endpoint
2026-10-08T21:40:21.8233983Z ok 2 - rejects stale unknown selection and dangling endpoint
2026-10-08T21:40:21.8234843Z   ---
2026-10-08T21:40:21.8235317Z   duration_ms: 0.787104
2026-10-08T21:40:21.8235817Z   type: 'test'
2026-10-08T21:40:21.8236263Z   ...
2026-10-08T21:40:21.8236940Z # Subtest: rejects extra bytes and finite bounds overflow
2026-10-08T21:40:21.8237834Z ok 3 - rejects extra bytes and finite bounds overflow
2026-10-08T21:40:21.8238517Z   ---
2026-10-08T21:40:21.8239002Z   duration_ms: 0.476772
2026-10-08T21:40:21.8239547Z   type: 'test'
2026-10-08T21:40:21.8240017Z   ...
2026-10-08T21:40:21.8430498Z # Subtest: one acquired window-input adapter reports every admitted logical input unit
2026-10-08T21:40:21.8431882Z ok 4 - one acquired window-input adapter reports every admitted logical input unit
2026-10-08T21:40:21.8432645Z   ---
2026-10-08T21:40:21.8433348Z   duration_ms: 4.886279
2026-10-08T21:40:21.8433720Z   type: 'test'
2026-10-08T21:40:21.8434010Z   ...
2026-10-08T21:40:21.8435503Z # Subtest: acquired browser clock exposes a basis-qualified sample and refuses after close
2026-10-08T21:40:21.8436581Z ok 5 - acquired browser clock exposes a basis-qualified sample and refuses after close
2026-10-08T21:40:21.8437217Z   ---
2026-10-08T21:40:21.8437515Z   duration_ms: 2.205509
2026-10-08T21:40:21.8437844Z   type: 'test'
2026-10-08T21:40:21.8438132Z   ...
2026-10-08T21:40:21.8455669Z # Subtest: three admitted timer slots run independently through the page Host
2026-10-08T21:40:21.8465638Z ok 6 - three admitted timer slots run independently through the page Host
2026-10-08T21:40:21.8495264Z   ---
2026-10-08T21:40:21.8528428Z   duration_ms: 10.097511
2026-10-08T21:40:21.8529286Z   type: 'test'
2026-10-08T21:40:21.8575303Z   ...
2026-10-08T21:40:21.8607149Z # Subtest: a synchronously completed Body retains its receipt before dispatch or retirement
2026-10-08T21:40:21.8608164Z ok 7 - a synchronously completed Body retains its receipt before dispatch or retirement
2026-10-08T21:40:21.8641630Z   ---
2026-10-08T21:40:21.8643440Z   duration_ms: 0.910468
2026-10-08T21:40:21.8643793Z   type: 'test'
2026-10-08T21:40:21.8644076Z   ...
2026-10-08T21:40:21.8644967Z # Subtest: acquisition reports owned slots without starting a play or copying offer capacity
2026-10-08T21:40:21.8646134Z ok 8 - acquisition reports owned slots without starting a play or copying offer capacity
2026-10-08T21:40:21.8646846Z   ---
2026-10-08T21:40:21.8647191Z   duration_ms: 1.06553
2026-10-08T21:40:21.8647559Z   type: 'test'
2026-10-08T21:40:21.8647879Z   ...
2026-10-08T21:40:21.8648524Z # Subtest: wrong Boot, excessive demand, unsupported pools, and lost slots refuse
2026-10-08T21:40:21.8649535Z ok 9 - wrong Boot, excessive demand, unsupported pools, and lost slots refuse
2026-10-08T21:40:21.8650122Z   ---
2026-10-08T21:40:21.8650430Z   duration_ms: 1.501079
2026-10-08T21:40:21.8650742Z   type: 'test'
2026-10-08T21:40:21.8651017Z   ...
2026-10-08T21:40:21.8651670Z # Subtest: a plan selecting another admitted host retains an exact pre-play Line refusal
2026-10-08T21:40:21.8652621Z ok 10 - a plan selecting another admitted host retains an exact pre-play Line refusal
2026-10-08T21:40:21.8653178Z   ---
2026-10-08T21:40:21.8653913Z   duration_ms: 0.540756
2026-10-08T21:40:21.8654236Z   type: 'test'
2026-10-08T21:40:21.8654495Z   ...
2026-10-08T21:40:21.8656367Z # Subtest: Body placement admission follows the runtime envelope instead of a duplicated page constant
2026-10-08T21:40:21.8657433Z ok 11 - Body placement admission follows the runtime envelope instead of a duplicated page constant
2026-10-08T21:40:21.8658044Z   ---
2026-10-08T21:40:21.8667828Z   duration_ms: 0.663349
2026-10-08T21:40:21.8686280Z   type: 'test'
2026-10-08T21:40:21.8715569Z   ...
2026-10-08T21:40:21.8729104Z # Subtest: an exact externally managed distributed Plot stays in the body Plan but outside the local scheduler
2026-10-08T21:40:21.8730461Z ok 12 - an exact externally managed distributed Plot stays in the body Plan but outside the local scheduler
2026-10-08T21:40:21.8731261Z   ---
2026-10-08T21:40:21.8731601Z   duration_ms: 0.722397
2026-10-08T21:40:21.8731989Z   type: 'test'
2026-10-08T21:40:21.8732316Z   ...
2026-10-08T21:40:21.8732981Z # Subtest: closing pending timer work settles the dispatcher and releases the owner
2026-10-08T21:40:21.8733948Z ok 13 - closing pending timer work settles the dispatcher and releases the owner
2026-10-08T21:40:21.8734575Z   ---
2026-10-08T21:40:21.8735204Z   duration_ms: 1.26085
2026-10-08T21:40:21.8735583Z   type: 'test'
2026-10-08T21:40:21.8735901Z   ...
2026-10-08T21:40:21.8736687Z # Subtest: closing a quiescent Play cancels it instead of mistaking pending effects for a terminal receipt
2026-10-08T21:40:21.8737922Z ok 14 - closing a quiescent Play cancels it instead of mistaking pending effects for a terminal receipt
2026-10-08T21:40:21.8738690Z   ---
2026-10-08T21:40:21.8739045Z   duration_ms: 0.820414
2026-10-08T21:40:21.8739420Z   type: 'test'
2026-10-08T21:40:21.8739738Z   ...
2026-10-08T21:40:21.8740597Z # Subtest: adapter failure is not converted into successful execution
2026-10-08T21:40:21.8741416Z ok 15 - adapter failure is not converted into successful execution
2026-10-08T21:40:21.8741951Z   ---
2026-10-08T21:40:21.8742261Z   duration_ms: 0.675498
2026-10-08T21:40:21.8742626Z   type: 'test'
2026-10-08T21:40:21.8742955Z   ...
2026-10-08T21:40:21.8743574Z # Subtest: pre-start refusal and an unknown WASM start outcome remain distinct
2026-10-08T21:40:21.8744480Z ok 16 - pre-start refusal and an unknown WASM start outcome remain distinct
2026-10-08T21:40:21.8745375Z   ---
2026-10-08T21:40:21.8775393Z   duration_ms: 0.810179
2026-10-08T21:40:21.8805742Z   type: 'test'
2026-10-08T21:40:21.8815692Z   ...
2026-10-08T21:40:21.8816489Z # Subtest: first access to the body input arena may replace the WASM memory buffer
2026-10-08T21:40:21.8817677Z ok 17 - first access to the body input arena may replace the WASM memory buffer
2026-10-08T21:40:21.8818368Z   ---
2026-10-08T21:40:21.8818811Z   duration_ms: 0.426866
2026-10-08T21:40:21.8819311Z   type: 'test'
2026-10-08T21:40:21.8819755Z   ...
2026-10-08T21:40:21.8820515Z # Subtest: malformed successful start output still retires the acquired session
2026-10-08T21:40:21.8821628Z ok 18 - malformed successful start output still retires the acquired session
2026-10-08T21:40:21.8822324Z   ---
2026-10-08T21:40:21.8822831Z   duration_ms: 0.560055
2026-10-08T21:40:21.8823314Z   type: 'test'
2026-10-08T21:40:21.8823753Z   ...
2026-10-08T21:40:21.8824585Z # Subtest: the kernel-local template slot has one preparation owner and is released on close
2026-10-08T21:40:21.8826094Z ok 19 - the kernel-local template slot has one preparation owner and is released on close
2026-10-08T21:40:21.8826872Z   ---
2026-10-08T21:40:21.8827327Z   duration_ms: 0.582158
2026-10-08T21:40:21.8827803Z   type: 'test'
2026-10-08T21:40:21.8828243Z   ...
2026-10-08T21:40:21.8829062Z # Subtest: closing an application-event-only Play settles dispatch without a later user action
2026-10-08T21:40:21.8830288Z ok 20 - closing an application-event-only Play settles dispatch without a later user action
2026-10-08T21:40:21.8831108Z   ---
2026-10-08T21:40:21.8831554Z   duration_ms: 0.962055
2026-10-08T21:40:21.8832022Z   type: 'test'
2026-10-08T21:40:21.8832768Z   ...
2026-10-08T21:40:21.8833644Z # Subtest: closing a failed dispatcher preserves its original rejection and returns a cancellation receipt
2026-10-08T21:40:21.8839570Z ok 21 - closing a failed dispatcher preserves its original rejection and returns a cancellation receipt
2026-10-08T21:40:21.8840414Z   ---
2026-10-08T21:40:21.8840849Z   duration_ms: 0.605844
2026-10-08T21:40:21.8841321Z   type: 'test'
2026-10-08T21:40:21.8841749Z   ...
2026-10-08T21:40:21.9805217Z # Subtest: foreground changes route future keys while preserving background pending requests
2026-10-08T21:40:21.9806660Z ok 22 - foreground changes route future keys while preserving background pending requests
2026-10-08T21:40:21.9807503Z   ---
2026-10-08T21:40:21.9807949Z   duration_ms: 3.359251
2026-10-08T21:40:21.9808459Z   type: 'test'
2026-10-08T21:40:21.9808883Z   ...
2026-10-08T21:40:21.9809680Z # Subtest: queued keys retain capture focus and held-key releases stay with their press
2026-10-08T21:40:21.9810790Z ok 23 - queued keys retain capture focus and held-key releases stay with their press
2026-10-08T21:40:21.9811509Z   ---
2026-10-08T21:40:21.9811912Z   duration_ms: 0.634797
2026-10-08T21:40:21.9812354Z   type: 'test'
2026-10-08T21:40:21.9812776Z   ...
2026-10-08T21:40:21.9813509Z # Subtest: cancelling one input request does not cancel another plot's request
2026-10-08T21:40:21.9814546Z ok 24 - cancelling one input request does not cancel another plot's request
2026-10-08T21:40:21.9815400Z   ---
2026-10-08T21:40:21.9815815Z   duration_ms: 1.322342
2026-10-08T21:40:21.9820243Z   type: 'test'
2026-10-08T21:40:21.9820714Z   ...
2026-10-08T21:40:21.9821526Z # Subtest: uninstalled identities and duplicate requests refuse without consuming input
2026-10-08T21:40:21.9823156Z ok 25 - uninstalled identities and duplicate requests refuse without consuming input
2026-10-08T21:40:21.9824354Z   ---
2026-10-08T21:40:21.9825134Z   duration_ms: 0.81156
2026-10-08T21:40:21.9825627Z   type: 'test'
2026-10-08T21:40:21.9826076Z   ...
2026-10-08T21:40:21.9826760Z # Subtest: ordered pressure terminates only the affected Plot stream
2026-10-08T21:40:21.9827712Z ok 26 - ordered pressure terminates only the affected Plot stream
2026-10-08T21:40:21.9828361Z   ---
2026-10-08T21:40:21.9828783Z   duration_ms: 1.547748
2026-10-08T21:40:21.9829242Z   type: 'test'
2026-10-08T21:40:21.9829647Z   ...
2026-10-08T21:40:21.9830504Z # Subtest: pointer delivery follows its captured Plot and unrelated input cannot fill its queue
2026-10-08T21:40:21.9831727Z ok 27 - pointer delivery follows its captured Plot and unrelated input cannot fill its queue
2026-10-08T21:40:21.9832514Z   ---
2026-10-08T21:40:21.9832929Z   duration_ms: 0.698161
2026-10-08T21:40:21.9833383Z   type: 'test'
2026-10-08T21:40:21.9833770Z   ...
2026-10-08T21:40:21.9834502Z # Subtest: pointer pressure coalesces 100,000 observations through one reusable slot
2026-10-08T21:40:21.9835851Z ok 28 - pointer pressure coalesces 100,000 observations through one reusable slot
2026-10-08T21:40:21.9836605Z   ---
2026-10-08T21:40:21.9837033Z   duration_ms: 126.623849
2026-10-08T21:40:21.9837513Z   type: 'test'
2026-10-08T21:40:21.9837926Z   ...
2026-10-08T21:40:21.9838615Z # Subtest: ordered storage is reusable across repeated queue wraparound
2026-10-08T21:40:21.9839533Z ok 29 - ordered storage is reusable across repeated queue wraparound
2026-10-08T21:40:21.9840363Z   ---
2026-10-08T21:40:21.9840773Z   duration_ms: 29.033707
2026-10-08T21:40:21.9841237Z   type: 'test'
2026-10-08T21:40:21.9841649Z   ...
2026-10-08T21:40:21.9948430Z # Subtest: artifact handoff admits exact bounded identity and preserves terminal distinctions
2026-10-08T21:40:21.9958728Z ok 30 - artifact handoff admits exact bounded identity and preserves terminal distinctions
2026-10-08T21:40:21.9959573Z   ---
2026-10-08T21:40:21.9960076Z   duration_ms: 3.563916
2026-10-08T21:40:21.9960522Z   type: 'test'
2026-10-08T21:40:21.9960934Z   ...
2026-10-08T21:40:21.9961638Z # Subtest: artifact and location validation fail before platform effects
2026-10-08T21:40:21.9962979Z ok 31 - artifact and location validation fail before platform effects
2026-10-08T21:40:21.9963629Z   ---
2026-10-08T21:40:21.9964036Z   duration_ms: 9.86185
2026-10-08T21:40:21.9964482Z   type: 'test'
2026-10-08T21:40:21.9965057Z   ...
2026-10-08T21:40:21.9965766Z # Subtest: location movement is bounded presentation state and remains correlated
2026-10-08T21:40:22.0005786Z ok 32 - location movement is bounded presentation state and remains correlated
2026-10-08T21:40:22.0006620Z   ---
2026-10-08T21:40:22.0007082Z   duration_ms: 0.909547
2026-10-08T21:40:22.0007584Z   type: 'test'
2026-10-08T21:40:22.0008033Z   ...
2026-10-08T21:40:22.0008848Z # Subtest: device choice is profile gated and acquisition grants no membership or Plan
2026-10-08T21:40:22.0010036Z ok 33 - device choice is profile gated and acquisition grants no membership or Plan
2026-10-08T21:40:22.0010898Z   ---
2026-10-08T21:40:22.0011362Z   duration_ms: 0.631241
2026-10-08T21:40:22.0011845Z   type: 'test'
2026-10-08T21:40:22.0012297Z   ...
2026-10-08T21:40:22.0012970Z # Subtest: device outcomes and stale completions remain distinct
2026-10-08T21:40:22.0013859Z ok 34 - device outcomes and stale completions remain distinct
2026-10-08T21:40:22.0014500Z   ---
2026-10-08T21:40:22.0015416Z   duration_ms: 0.470152
2026-10-08T21:40:22.0015883Z   type: 'test'
2026-10-08T21:40:22.0016324Z   ...
2026-10-08T21:40:22.0017253Z # Subtest: device authority, activation, API, chooser, and identity outcomes stay separate
2026-10-08T21:40:22.0018385Z ok 35 - device authority, activation, API, chooser, and identity outcomes stay separate
2026-10-08T21:40:22.0019134Z   ---
2026-10-08T21:40:22.0019556Z   duration_ms: 0.735297
2026-10-08T21:40:22.0019998Z   type: 'test'
2026-10-08T21:40:22.0020396Z   ...
2026-10-08T21:40:22.0021379Z # Subtest: call slots are finite and duplicate correlation refuses
2026-10-08T21:40:22.0022302Z ok 36 - call slots are finite and duplicate correlation refuses
2026-10-08T21:40:22.0022904Z   ---
2026-10-08T21:40:22.0023337Z   duration_ms: 0.744982
2026-10-08T21:40:22.0023794Z   type: 'test'
2026-10-08T21:40:22.0024199Z   ...
2026-10-08T21:40:22.0025082Z # Subtest: the admitted pitch is sent to a short conservatively gained oscillator
2026-10-08T21:40:22.0026099Z ok 37 - the admitted pitch is sent to a short conservatively gained oscillator
2026-10-08T21:40:22.0026787Z   ---
2026-10-08T21:40:22.0027217Z   duration_ms: 2.364397
2026-10-08T21:40:22.0027670Z   type: 'test'
2026-10-08T21:40:22.0028087Z   ...
2026-10-08T21:40:22.0028857Z # Subtest: audio policy denial stays distinct from an invalid or unavailable effect
2026-10-08T21:40:22.0029933Z ok 38 - audio policy denial stays distinct from an invalid or unavailable effect
2026-10-08T21:40:22.0030632Z   ---
2026-10-08T21:40:22.0031067Z   duration_ms: 0.920803
2026-10-08T21:40:22.0043092Z   type: 'test'
2026-10-08T21:40:22.0043539Z   ...
2026-10-08T21:40:22.0045525Z # Subtest: one host dispatcher preserves cross-plot completion correlation
2026-10-08T21:40:22.0048404Z ok 39 - one host dispatcher preserves cross-plot completion correlation
2026-10-08T21:40:22.0049368Z   ---
2026-10-08T21:40:22.0049819Z   duration_ms: 5.110213
2026-10-08T21:40:22.0050334Z   type: 'test'
2026-10-08T21:40:22.0050784Z   ...
2026-10-08T21:40:22.0051609Z # Subtest: duplicate or excessive pending effects refuse and abort admitted adapters
2026-10-08T21:40:22.0052737Z ok 40 - duplicate or excessive pending effects refuse and abort admitted adapters
2026-10-08T21:40:22.0053503Z   ---
2026-10-08T21:40:22.0053945Z   duration_ms: 1.170546
2026-10-08T21:40:22.0054443Z   type: 'test'
2026-10-08T21:40:22.0055078Z   ...
2026-10-08T21:40:22.0055824Z # Subtest: an adapter failure is not converted into a successful completion
2026-10-08T21:40:22.0056827Z ok 41 - an adapter failure is not converted into a successful completion
2026-10-08T21:40:22.0057567Z   ---
2026-10-08T21:40:22.0058024Z   duration_ms: 0.49573
2026-10-08T21:40:22.0058521Z   type: 'test'
2026-10-08T21:40:22.0058966Z   ...
2026-10-08T21:40:22.0060004Z # Subtest: kernel cancellation aborts its exact timer before acknowledgement
2026-10-08T21:40:22.0061058Z ok 42 - kernel cancellation aborts its exact timer before acknowledgement
2026-10-08T21:40:22.0061771Z   ---
2026-10-08T21:40:22.0062221Z   duration_ms: 0.812221
2026-10-08T21:40:22.0062726Z   type: 'test'
2026-10-08T21:40:22.0063180Z   ...
2026-10-08T21:40:22.0063964Z # Subtest: typed Host denial is correlated without stopping unrelated pending work
2026-10-08T21:40:22.0065238Z ok 43 - typed Host denial is correlated without stopping unrelated pending work
2026-10-08T21:40:22.0065986Z   ---
2026-10-08T21:40:22.0066446Z   duration_ms: 1.147802
2026-10-08T21:40:22.0066938Z   type: 'test'
2026-10-08T21:40:22.0067388Z   ...
2026-10-08T21:40:22.0068273Z # Subtest: retirement aborts pending effects and fences late completions from a successor kernel
2026-10-08T21:40:22.0069552Z ok 44 - retirement aborts pending effects and fences late completions from a successor kernel
2026-10-08T21:40:22.0070387Z   ---
2026-10-08T21:40:22.0070840Z   duration_ms: 0.6906
2026-10-08T21:40:22.0071322Z   type: 'test'
2026-10-08T21:40:22.0071768Z   ...
2026-10-08T21:40:22.0072590Z # Subtest: synchronous retirement at the waiting boundary cannot strand its wake promise
2026-10-08T21:40:22.0073742Z ok 45 - synchronous retirement at the waiting boundary cannot strand its wake promise
2026-10-08T21:40:22.0074503Z   ---
2026-10-08T21:40:22.0075127Z   duration_ms: 0.578653
2026-10-08T21:40:22.0075602Z   type: 'test'
2026-10-08T21:40:22.0076033Z   ...
2026-10-08T21:40:22.0216836Z # Subtest: selected target alone is fetched, verified, and reused from immutable cache
2026-10-08T21:40:22.0218186Z ok 46 - selected target alone is fetched, verified, and reused from immutable cache
2026-10-08T21:40:22.0219073Z   ---
2026-10-08T21:40:22.0220016Z   duration_ms: 39.264588
2026-10-08T21:40:22.0220585Z   type: 'test'
2026-10-08T21:40:22.0221077Z   ...
2026-10-08T21:40:22.0238742Z # Subtest: catalog cannot relabel one artifact as another target
2026-10-08T21:40:22.0239724Z ok 47 - catalog cannot relabel one artifact as another target
2026-10-08T21:40:22.0240440Z   ---
2026-10-08T21:40:22.0240943Z   duration_ms: 2.806436
2026-10-08T21:40:22.0241448Z   type: 'test'
2026-10-08T21:40:22.0241897Z   ...
2026-10-08T21:40:22.0281826Z # Subtest: target-owned image validators can resolve one exact catalog artifact
2026-10-08T21:40:22.0283165Z ok 48 - target-owned image validators can resolve one exact catalog artifact
2026-10-08T21:40:22.0283987Z   ---
2026-10-08T21:40:22.0284474Z   duration_ms: 3.332561
2026-10-08T21:40:22.0285165Z   type: 'test'
2026-10-08T21:40:22.0285651Z   ...
2026-10-08T21:40:22.0556349Z # Subtest: browser decodes the exact canonical Rust and ConduitOS rendezvous vector
2026-10-08T21:40:22.0557896Z ok 49 - browser decodes the exact canonical Rust and ConduitOS rendezvous vector
2026-10-08T21:40:22.0585249Z   ---
2026-10-08T21:40:22.0615453Z   duration_ms: 2.7555
2026-10-08T21:40:22.0615997Z   type: 'test'
2026-10-08T21:40:22.0645337Z   ...
2026-10-08T21:40:22.0665805Z # Subtest: browser decodes the shared bounded WebRTC candidate without retaining signaling
2026-10-08T21:40:22.0667046Z ok 50 - browser decodes the shared bounded WebRTC candidate without retaining signaling
2026-10-08T21:40:22.0667790Z   ---
2026-10-08T21:40:22.0668202Z   duration_ms: 0.716739
2026-10-08T21:40:22.0668641Z   type: 'test'
2026-10-08T21:40:22.0669033Z   ...
2026-10-08T21:40:22.0669718Z # Subtest: browser records ordered direct failure before WebRTC selection
2026-10-08T21:40:22.0670667Z ok 51 - browser records ordered direct failure before WebRTC selection
2026-10-08T21:40:22.0671326Z   ---
2026-10-08T21:40:22.0671725Z   duration_ms: 0.991269
2026-10-08T21:40:22.0672164Z   type: 'test'
2026-10-08T21:40:22.0672555Z   ...
2026-10-08T21:40:22.0673420Z # Subtest: browser records direct and WebRTC failure before protected relay fallback
2026-10-08T21:40:22.0674527Z ok 52 - browser records direct and WebRTC failure before protected relay fallback
2026-10-08T21:40:22.0675913Z   ---
2026-10-08T21:40:22.0676306Z   duration_ms: 0.592234
2026-10-08T21:40:22.0676747Z   type: 'test'
2026-10-08T21:40:22.0677134Z   ...
2026-10-08T21:40:22.0677867Z # Subtest: candidate adapters reuse bounded WebRTC and protected-relay Line APIs
2026-10-08T21:40:22.0678956Z ok 53 - candidate adapters reuse bounded WebRTC and protected-relay Line APIs
2026-10-08T21:40:22.0679666Z   ---
2026-10-08T21:40:22.0680058Z   duration_ms: 0.716699
2026-10-08T21:40:22.0680491Z   type: 'test'
2026-10-08T21:40:22.0680872Z   ...
2026-10-08T21:40:22.0982963Z # Subtest: browser verifies the exact RFC 9052 Sign1 vector under caller-owned policy
2026-10-08T21:40:22.1026182Z ok 54 - browser verifies the exact RFC 9052 Sign1 vector under caller-owned policy
2026-10-08T21:40:22.1055232Z   ---
2026-10-08T21:40:22.1056045Z   duration_ms: 11.912559
2026-10-08T21:40:22.1056560Z   type: 'test'
2026-10-08T21:40:22.1057083Z   ...
2026-10-08T21:40:22.1057883Z # Subtest: running host rendezvous code resolves one authenticated loopback WebSocket Line
2026-10-08T21:40:22.1058903Z ok 55 - running host rendezvous code resolves one authenticated loopback WebSocket Line
2026-10-08T21:40:22.1059594Z   ---
2026-10-08T21:40:22.1060045Z   duration_ms: 0.558303
2026-10-08T21:40:22.1060542Z   type: 'test'
2026-10-08T21:40:22.1060971Z   ...
2026-10-08T21:40:22.1061586Z # Subtest: malformed, zero-secret, and non-loopback codes refuse
2026-10-08T21:40:22.1062422Z ok 56 - malformed, zero-secret, and non-loopback codes refuse
2026-10-08T21:40:22.1063048Z   ---
2026-10-08T21:40:22.1063461Z   duration_ms: 0.484893
2026-10-08T21:40:22.1063916Z   type: 'test'
2026-10-08T21:40:22.1064328Z   ...
2026-10-08T21:40:22.1065184Z # Subtest: serial rendezvous code selects the browser-attended serial Line
2026-10-08T21:40:22.1066513Z ok 57 - serial rendezvous code selects the browser-attended serial Line
2026-10-08T21:40:22.1067297Z   ---
2026-10-08T21:40:22.1067864Z   duration_ms: 0.358385
2026-10-08T21:40:22.1068350Z   type: 'test'
2026-10-08T21:40:22.1068784Z   ...
2026-10-08T21:40:22.1069441Z # Subtest: finite secure LAN descriptor selects the authenticated TLS Line
2026-10-08T21:40:22.1070330Z ok 58 - finite secure LAN descriptor selects the authenticated TLS Line
2026-10-08T21:40:22.1070961Z   ---
2026-10-08T21:40:22.1071387Z   duration_ms: 2.512658
2026-10-08T21:40:22.1071856Z   type: 'test'
2026-10-08T21:40:22.1072265Z   ...
2026-10-08T21:40:22.1073028Z # Subtest: shared WebRTC candidate carries the unchanged running-Host admission session
2026-10-08T21:40:22.1074118Z ok 59 - shared WebRTC candidate carries the unchanged running-Host admission session
2026-10-08T21:40:22.1075106Z   ---
2026-10-08T21:40:22.1076570Z   duration_ms: 23.289268
2026-10-08T21:40:22.1077108Z   type: 'test'
2026-10-08T21:40:22.1077525Z   ...
2026-10-08T21:40:22.1078271Z # Subtest: one code carries a current advertisement and exactly one invitation proof
2026-10-08T21:40:22.1079325Z ok 60 - one code carries a current advertisement and exactly one invitation proof
2026-10-08T21:40:22.1080137Z   ---
2026-10-08T21:40:22.1080571Z   duration_ms: 2.221213
2026-10-08T21:40:22.1081041Z   type: 'test'
2026-10-08T21:40:22.1081465Z   ...
2026-10-08T21:40:22.1082195Z # Subtest: Workspace may retain the authenticated joined Line until explicit close
2026-10-08T21:40:22.1083175Z ok 61 - Workspace may retain the authenticated joined Line until explicit close
2026-10-08T21:40:22.1083858Z   ---
2026-10-08T21:40:22.1084276Z   duration_ms: 4.161067
2026-10-08T21:40:22.1085060Z   type: 'test'
2026-10-08T21:40:22.1085449Z   ...
2026-10-08T21:40:22.1086120Z # Subtest: the same invitation exchange runs over a Web Serial stream
2026-10-08T21:40:22.1086982Z ok 62 - the same invitation exchange runs over a Web Serial stream
2026-10-08T21:40:22.1087628Z   ---
2026-10-08T21:40:22.1088098Z   duration_ms: 7.161672
2026-10-08T21:40:22.1088569Z   type: 'test'
2026-10-08T21:40:22.1088998Z   ...
2026-10-08T21:40:22.1128896Z # Subtest: physical target catalog admits exact evidence maxima and preserves finite refusals
2026-10-08T21:40:22.1145601Z ok 63 - physical target catalog admits exact evidence maxima and preserves finite refusals
2026-10-08T21:40:22.1167140Z   ---
2026-10-08T21:40:22.1167644Z   duration_ms: 3.088947
2026-10-08T21:40:22.1201826Z   type: 'test'
2026-10-08T21:40:22.1225162Z   ...
2026-10-08T21:40:22.1255586Z # Subtest: physical workflow cancels one bounded operation without accepting late truth
2026-10-08T21:40:22.1286174Z ok 64 - physical workflow cancels one bounded operation without accepting late truth
2026-10-08T21:40:22.1315603Z   ---
2026-10-08T21:40:22.1316130Z   duration_ms: 13.679294
2026-10-08T21:40:22.1316657Z   type: 'test'
2026-10-08T21:40:22.1317109Z   ...
2026-10-08T21:40:22.1317989Z # Subtest: physical workflow refuses oversized operation evidence before accepting its result
2026-10-08T21:40:22.1319280Z ok 65 - physical workflow refuses oversized operation evidence before accepting its result
2026-10-08T21:40:22.1320098Z   ---
2026-10-08T21:40:22.1320547Z   duration_ms: 1.87047
2026-10-08T21:40:22.1321042Z   type: 'test'
2026-10-08T21:40:22.1321490Z   ...
2026-10-08T21:40:22.1322354Z # Subtest: physical workflow delegates the exact observed join to its owning Body product
2026-10-08T21:40:22.1323603Z ok 66 - physical workflow delegates the exact observed join to its owning Body product
2026-10-08T21:40:22.1324358Z   ---
2026-10-08T21:40:22.1324955Z   duration_ms: 3.52633
2026-10-08T21:40:22.1325421Z   type: 'test'
2026-10-08T21:40:22.1325847Z   ...
2026-10-08T21:40:22.1326817Z # Subtest: Gallery handoff accepts one complete current identity and refuses substitution or ambiguous fields
2026-10-08T21:40:22.1328237Z ok 67 - Gallery handoff accepts one complete current identity and refuses substitution or ambiguous fields
2026-10-08T21:40:22.1329130Z   ---
2026-10-08T21:40:22.1329906Z   duration_ms: 1.631934
2026-10-08T21:40:22.1330429Z   type: 'test'
2026-10-08T21:40:22.1330868Z   ...
2026-10-08T21:40:22.1331739Z # Subtest: birth admission preserves selected source bytes without admitting the whole catalog
2026-10-08T21:40:22.1333011Z ok 68 - birth admission preserves selected source bytes without admitting the whole catalog
2026-10-08T21:40:22.1333826Z   ---
2026-10-08T21:40:22.1334260Z   duration_ms: 2.219641
2026-10-08T21:40:22.1334956Z   type: 'test'
2026-10-08T21:40:22.1335420Z   ...
2026-10-08T21:40:22.1336208Z # Subtest: long birth refusals retain their detail without overflowing a status label
2026-10-08T21:40:22.1337348Z ok 69 - long birth refusals retain their detail without overflowing a status label
2026-10-08T21:40:22.1338134Z   ---
2026-10-08T21:40:22.1338594Z   duration_ms: 3.149999
2026-10-08T21:40:22.1339091Z   type: 'test'
2026-10-08T21:40:22.1339528Z   ...
2026-10-08T21:40:22.1401528Z # Subtest: application and compatibility identities isolate state while compatible packages retain it
2026-10-08T21:40:22.1423099Z ok 70 - application and compatibility identities isolate state while compatible packages retain it
2026-10-08T21:40:22.1424049Z   ---
2026-10-08T21:40:22.1424497Z   duration_ms: 9.609724
2026-10-08T21:40:22.1425174Z   type: 'test'
2026-10-08T21:40:22.1425606Z   ...
2026-10-08T21:40:22.1426443Z # Subtest: ownership is lazy and a session caches its one Body without duplicate restore
2026-10-08T21:40:22.1427553Z ok 71 - ownership is lazy and a session caches its one Body without duplicate restore
2026-10-08T21:40:22.1428316Z   ---
2026-10-08T21:40:22.1428769Z   duration_ms: 1.699985
2026-10-08T21:40:22.1429251Z   type: 'test'
2026-10-08T21:40:22.1429679Z   ...
2026-10-08T21:40:22.1430417Z # Subtest: failed termination cannot clear state or release ownership
2026-10-08T21:40:22.1431349Z ok 72 - failed termination cannot clear state or release ownership
2026-10-08T21:40:22.1432057Z   ---
2026-10-08T21:40:22.1432475Z   duration_ms: 0.360678
2026-10-08T21:40:22.1432955Z   type: 'test'
2026-10-08T21:40:22.1433370Z   ...
2026-10-08T21:40:22.1434135Z # Subtest: forgetting unopened state acquires ownership; refused ownership cannot reset
2026-10-08T21:40:22.1435416Z ok 73 - forgetting unopened state acquires ownership; refused ownership cannot reset
2026-10-08T21:40:22.1436436Z   ---
2026-10-08T21:40:22.1436835Z   duration_ms: 0.310754
2026-10-08T21:40:22.1437263Z   type: 'test'
2026-10-08T21:40:22.1437670Z   ...
2026-10-08T21:40:22.1438531Z # Subtest: cooperative lock excludes competitors, releases explicitly, and retains Workspace default
2026-10-08T21:40:22.1439789Z ok 74 - cooperative lock excludes competitors, releases explicitly, and retains Workspace default
2026-10-08T21:40:22.1440577Z   ---
2026-10-08T21:40:22.1440987Z   duration_ms: 2.492238
2026-10-08T21:40:22.1441420Z   type: 'test'
2026-10-08T21:40:22.1441827Z   ...
2026-10-08T21:40:22.1442572Z # Subtest: close waits for an in-flight birth and its Body settlement before releasing
2026-10-08T21:40:22.1443624Z ok 75 - close waits for an in-flight birth and its Body settlement before releasing
2026-10-08T21:40:22.1444340Z   ---
2026-10-08T21:40:22.1445006Z   duration_ms: 0.369691
2026-10-08T21:40:22.1445478Z   type: 'test'
2026-10-08T21:40:22.1445913Z   ...
2026-10-08T21:40:22.1663637Z # Subtest: typed lifecycle refusals preserve their category, operation, evidence, and exact identities
2026-10-08T21:40:22.1665317Z ok 76 - typed lifecycle refusals preserve their category, operation, evidence, and exact identities
2026-10-08T21:40:22.1666118Z   ---
2026-10-08T21:40:22.1666495Z   duration_ms: 1.455381
2026-10-08T21:40:22.1666893Z   type: 'test'
2026-10-08T21:40:22.1667262Z   ...
2026-10-08T21:40:22.1667948Z # Subtest: BrowserHost cannot be made outside the admitted Conduit entrance
2026-10-08T21:40:22.1668859Z ok 77 - BrowserHost cannot be made outside the admitted Conduit entrance
2026-10-08T21:40:22.1669504Z   ---
2026-10-08T21:40:22.1669900Z   duration_ms: 0.521989
2026-10-08T21:40:22.1670324Z   type: 'test'
2026-10-08T21:40:22.1671116Z   ...
2026-10-08T21:40:22.1789551Z # Subtest: snapshot projection is the immutable exact Workspace response
2026-10-08T21:40:22.1803929Z ok 78 - snapshot projection is the immutable exact Workspace response
2026-10-08T21:40:22.1804856Z   ---
2026-10-08T21:40:22.1805282Z   duration_ms: 2.19898
2026-10-08T21:40:22.1805748Z   type: 'test'
2026-10-08T21:40:22.1806181Z   ...
2026-10-08T21:40:22.1806917Z # Subtest: lifecycle events correlate the exact retained biography record and sign
2026-10-08T21:40:22.1809437Z ok 79 - lifecycle events correlate the exact retained biography record and sign
2026-10-08T21:40:22.1810205Z   ---
2026-10-08T21:40:22.1810664Z   duration_ms: 0.813924
2026-10-08T21:40:22.1811135Z   type: 'test'
2026-10-08T21:40:22.1811643Z   ...
2026-10-08T21:40:22.1812477Z # Subtest: host offer transitions report observed changes and coalesced generation advances
2026-10-08T21:40:22.1813643Z ok 80 - host offer transitions report observed changes and coalesced generation advances
2026-10-08T21:40:22.1814410Z   ---
2026-10-08T21:40:22.1815014Z   duration_ms: 1.448671
2026-10-08T21:40:22.1815493Z   type: 'test'
2026-10-08T21:40:22.1815925Z   ...
2026-10-08T21:40:22.1816720Z # Subtest: event streams replay only when requested and release their finite subscription
2026-10-08T21:40:22.1817522Z ok 81 - event streams replay only when requested and release their finite subscription
2026-10-08T21:40:22.1817999Z   ---
2026-10-08T21:40:22.1818291Z   duration_ms: 0.585363
2026-10-08T21:40:22.1818607Z   type: 'test'
2026-10-08T21:40:22.1818902Z   ...
2026-10-08T21:40:22.1819414Z # Subtest: unrequested replay starts from current evidence and polling bounds are enforced
2026-10-08T21:40:22.1820115Z ok 82 - unrequested replay starts from current evidence and polling bounds are enforced
2026-10-08T21:40:22.1820576Z   ---
2026-10-08T21:40:22.1820867Z   duration_ms: 0.816328
2026-10-08T21:40:22.1821174Z   type: 'test'
2026-10-08T21:40:22.1821457Z   ...
2026-10-08T21:40:22.1821987Z # Subtest: compaction is reported from its retained boundary before later biography records
2026-10-08T21:40:22.1822674Z ok 83 - compaction is reported from its retained boundary before later biography records
2026-10-08T21:40:22.1823128Z   ---
2026-10-08T21:40:22.1823749Z   duration_ms: 0.403091
2026-10-08T21:40:22.1824053Z   type: 'test'
2026-10-08T21:40:22.1824327Z   ...
2026-10-08T21:40:22.2074273Z # Subtest: browser Face controls pass only named, bounded values from the current action
2026-10-08T21:40:22.2105579Z ok 84 - browser Face controls pass only named, bounded values from the current action
2026-10-08T21:40:22.2109893Z   ---
2026-10-08T21:40:22.2110392Z   duration_ms: 2.199871
2026-10-08T21:40:22.2110909Z   type: 'test'
2026-10-08T21:40:22.2111452Z   ...
2026-10-08T21:40:22.2112306Z # Subtest: actions with no arguments are ordinary buttons; nontext without choices is unavailable
2026-10-08T21:40:22.2113651Z ok 85 - actions with no arguments are ordinary buttons; nontext without choices is unavailable
2026-10-08T21:40:22.2114548Z   ---
2026-10-08T21:40:22.2115211Z   duration_ms: 0.272025
2026-10-08T21:40:22.2115731Z   type: 'test'
2026-10-08T21:40:22.2116185Z   ...
2026-10-08T21:40:22.2427995Z # Subtest: Face snapshot uses one bounded same-origin SDK request
2026-10-08T21:40:22.2455690Z ok 86 - Face snapshot uses one bounded same-origin SDK request
2026-10-08T21:40:22.2485122Z   ---
2026-10-08T21:40:22.2485679Z   duration_ms: 26.450284
2026-10-08T21:40:22.2505436Z   type: 'test'
2026-10-08T21:40:22.2505893Z   ...
2026-10-08T21:40:22.2506577Z # Subtest: Face interaction carries exact caller-owned semantic basis
2026-10-08T21:40:22.2507514Z ok 87 - Face interaction carries exact caller-owned semantic basis
2026-10-08T21:40:22.2508132Z   ---
2026-10-08T21:40:22.2508525Z   duration_ms: 0.65091
2026-10-08T21:40:22.2508956Z   type: 'test'
2026-10-08T21:40:22.2509326Z   ...
2026-10-08T21:40:22.2510006Z # Subtest: Face client refuses failed, empty, and oversized responses
2026-10-08T21:40:22.2511419Z ok 88 - Face client refuses failed, empty, and oversized responses
2026-10-08T21:40:22.2512093Z   ---
2026-10-08T21:40:22.2512480Z   duration_ms: 1.636892
2026-10-08T21:40:22.2512883Z   type: 'test'
2026-10-08T21:40:22.2513266Z   ...
2026-10-08T21:40:22.2584405Z # Subtest: Plot check projects Rust source and checked identities without parsing in JavaScript
2026-10-08T21:40:22.2609843Z ok 89 - Plot check projects Rust source and checked identities without parsing in JavaScript
2026-10-08T21:40:22.2610745Z   ---
2026-10-08T21:40:22.2611211Z   duration_ms: 1.52162
2026-10-08T21:40:22.2611697Z   type: 'test'
2026-10-08T21:40:22.2612149Z   ...
2026-10-08T21:40:22.2613033Z # Subtest: invalid source returns canonical diagnostics and parser spans without prose scraping
2026-10-08T21:40:22.2614318Z ok 90 - invalid source returns canonical diagnostics and parser spans without prose scraping
2026-10-08T21:40:22.2615328Z   ---
2026-10-08T21:40:22.2615760Z   duration_ms: 0.224675
2026-10-08T21:40:22.2616222Z   type: 'test'
2026-10-08T21:40:22.2616649Z   ...
2026-10-08T21:40:22.2617514Z # Subtest: Plot Patchbay exposes immutable Rust-checked Front constraints without creating a Body
2026-10-08T21:40:22.2618844Z ok 91 - Plot Patchbay exposes immutable Rust-checked Front constraints without creating a Body
2026-10-08T21:40:22.2619742Z   ---
2026-10-08T21:40:22.2620192Z   duration_ms: 0.657431
2026-10-08T21:40:22.2620684Z   type: 'test'
2026-10-08T21:40:22.2621118Z   ...
2026-10-08T21:40:22.2622162Z # Subtest: Host workload review returns bounded realization requirements without creating a Plan or acquiring resources
2026-10-08T21:40:22.2623734Z ok 92 - Host workload review returns bounded realization requirements without creating a Plan or acquiring resources
2026-10-08T21:40:22.2624886Z   ---
2026-10-08T21:40:22.2625366Z   duration_ms: 1.647057
2026-10-08T21:40:22.2625820Z   type: 'test'
2026-10-08T21:40:22.2626209Z   ...
2026-10-08T21:40:22.2627088Z # Subtest: workset changes send canonical checked identity and exact observed workload revision
2026-10-08T21:40:22.2631495Z ok 93 - workset changes send canonical checked identity and exact observed workload revision
2026-10-08T21:40:22.2632502Z   ---
2026-10-08T21:40:22.2632912Z   duration_ms: 1.008875
2026-10-08T21:40:22.2633710Z   type: 'test'
2026-10-08T21:40:22.2634119Z   ...
2026-10-08T21:40:22.2635027Z # Subtest: Body Patchbay uses the Rust projection and binds it to exact Body and Boot truth
2026-10-08T21:40:22.2636157Z ok 94 - Body Patchbay uses the Rust projection and binds it to exact Body and Boot truth
2026-10-08T21:40:22.2636850Z   ---
2026-10-08T21:40:22.2637293Z   duration_ms: 0.622769
2026-10-08T21:40:22.2637762Z   type: 'test'
2026-10-08T21:40:22.2638192Z   ...
2026-10-08T21:40:22.2638836Z # Subtest: workset refusal retains the exact expected revision
2026-10-08T21:40:22.2639675Z ok 95 - workset refusal retains the exact expected revision
2026-10-08T21:40:22.2640262Z   ---
2026-10-08T21:40:22.2640678Z   duration_ms: 0.901445
2026-10-08T21:40:22.2641135Z   type: 'test'
2026-10-08T21:40:22.2641542Z   ...
2026-10-08T21:40:22.2642337Z # Subtest: durable birth retains runtime-owned Body truth with its freshly checked source
2026-10-08T21:40:22.2643429Z ok 96 - durable birth retains runtime-owned Body truth with its freshly checked source
2026-10-08T21:40:22.2644171Z   ---
2026-10-08T21:40:22.2644602Z   duration_ms: 0.405414
2026-10-08T21:40:22.2645262Z   type: 'test'
2026-10-08T21:40:22.2645693Z   ...
2026-10-08T21:40:22.2646665Z # Subtest: recover rechecks retained Plots and restores the same Body under the fresh Boot without a Play
2026-10-08T21:40:22.2648050Z ok 97 - recover rechecks retained Plots and restores the same Body under the fresh Boot without a Play
2026-10-08T21:40:22.2648870Z   ---
2026-10-08T21:40:22.2649299Z   duration_ms: 0.866933
2026-10-08T21:40:22.2649795Z   type: 'test'
2026-10-08T21:40:22.2650312Z   ...
2026-10-08T21:40:22.2651047Z # Subtest: birth refuses to overwrite a retained Body that requires recovery
2026-10-08T21:40:22.2652306Z ok 98 - birth refuses to overwrite a retained Body that requires recovery
2026-10-08T21:40:22.2653006Z   ---
2026-10-08T21:40:22.2653470Z   duration_ms: 0.546546
2026-10-08T21:40:22.2653910Z   type: 'test'
2026-10-08T21:40:22.2654336Z   ...
2026-10-08T21:40:22.2655241Z # Subtest: recover refuses retained Plot identities that no longer match canonical checking
2026-10-08T21:40:22.2658821Z ok 99 - recover refuses retained Plot identities that no longer match canonical checking
2026-10-08T21:40:22.2659511Z   ---
2026-10-08T21:40:22.2659880Z   duration_ms: 0.352926
2026-10-08T21:40:22.2660298Z   type: 'test'
2026-10-08T21:40:22.2660687Z   ...
2026-10-08T21:40:22.2661434Z # Subtest: closing a Body settles admitted selection before fencing stale handles
2026-10-08T21:40:22.2662348Z ok 100 - closing a Body settles admitted selection before fencing stale handles
2026-10-08T21:40:22.2662992Z   ---
2026-10-08T21:40:22.2663370Z   duration_ms: 0.806243
2026-10-08T21:40:22.2663759Z   type: 'test'
2026-10-08T21:40:22.2664122Z   ...
2026-10-08T21:40:22.2665124Z # Subtest: bundled edits retain reviewed presentation profiles and Patchbay projects exact foreground source
2026-10-08T21:40:22.2666215Z ok 101 - bundled edits retain reviewed presentation profiles and Patchbay projects exact foreground source
2026-10-08T21:40:22.2666755Z   ---
2026-10-08T21:40:22.2667051Z   duration_ms: 1.42775
2026-10-08T21:40:22.2667362Z   type: 'test'
2026-10-08T21:40:22.2667651Z   ...
2026-10-08T21:40:22.2729784Z # Subtest: adapter forwards incomplete and Unicode source unchanged to native ABI
2026-10-08T21:40:22.2743322Z ok 102 - adapter forwards incomplete and Unicode source unchanged to native ABI
2026-10-08T21:40:22.2744082Z   ---
2026-10-08T21:40:22.2744502Z   duration_ms: 2.30571
2026-10-08T21:40:22.2745582Z   type: 'test'
2026-10-08T21:40:22.2746007Z   ...
2026-10-08T21:40:22.2746764Z # Subtest: byte overflow and malformed Unicode refuse before invoking native ABI
2026-10-08T21:40:22.2747731Z ok 103 - byte overflow and malformed Unicode refuse before invoking native ABI
2026-10-08T21:40:22.2748401Z   ---
2026-10-08T21:40:22.2748803Z   duration_ms: 2.160463
2026-10-08T21:40:22.2749261Z   type: 'test'
2026-10-08T21:40:22.2749660Z   ...
2026-10-08T21:40:22.2750280Z # Subtest: refuses malformed native projection: wrong protocol
2026-10-08T21:40:22.2751398Z ok 104 - refuses malformed native projection: wrong protocol
2026-10-08T21:40:22.2751968Z   ---
2026-10-08T21:40:22.2752367Z   duration_ms: 0.276122
2026-10-08T21:40:22.2752815Z   type: 'test'
2026-10-08T21:40:22.2753231Z   ...
2026-10-08T21:40:22.2753825Z # Subtest: refuses malformed native projection: wrong length
2026-10-08T21:40:22.2754611Z ok 105 - refuses malformed native projection: wrong length
2026-10-08T21:40:22.2755353Z   ---
2026-10-08T21:40:22.2755761Z   duration_ms: 0.270934
2026-10-08T21:40:22.2756198Z   type: 'test'
2026-10-08T21:40:22.2756604Z   ...
2026-10-08T21:40:22.2778298Z # Subtest: refuses malformed native projection: unknown kind
2026-10-08T21:40:22.2779175Z ok 106 - refuses malformed native projection: unknown kind
2026-10-08T21:40:22.2779786Z   ---
2026-10-08T21:40:22.2780197Z   duration_ms: 0.408739
2026-10-08T21:40:22.2780649Z   type: 'test'
2026-10-08T21:40:22.2781059Z   ...
2026-10-08T21:40:22.2781624Z # Subtest: refuses malformed native projection: gap
2026-10-08T21:40:22.2782355Z ok 107 - refuses malformed native projection: gap
2026-10-08T21:40:22.2782909Z   ---
2026-10-08T21:40:22.2783315Z   duration_ms: 0.300048
2026-10-08T21:40:22.2783784Z   type: 'test'
2026-10-08T21:40:22.2784187Z   ...
2026-10-08T21:40:22.2784906Z # Subtest: refuses malformed native projection: split UTF-8
2026-10-08T21:40:22.2785723Z ok 108 - refuses malformed native projection: split UTF-8
2026-10-08T21:40:22.2786309Z   ---
2026-10-08T21:40:22.2786706Z   duration_ms: 0.387869
2026-10-08T21:40:22.2787174Z   type: 'test'
2026-10-08T21:40:22.2787575Z   ...
2026-10-08T21:40:22.2788077Z # Subtest: native refusal remains a refusal
2026-10-08T21:40:22.2788709Z ok 109 - native refusal remains a refusal
2026-10-08T21:40:22.2789218Z   ---
2026-10-08T21:40:22.2789840Z   duration_ms: 0.329191
2026-10-08T21:40:22.2790388Z   type: 'test'
2026-10-08T21:40:22.2790809Z   ...
2026-10-08T21:40:22.3067837Z # Subtest: wardrobe preserves exact owner revision and distinguishes route availability from policy
2026-10-08T21:40:22.3069410Z ok 110 - wardrobe preserves exact owner revision and distinguishes route availability from policy
2026-10-08T21:40:22.3070244Z   ---
2026-10-08T21:40:22.3070660Z   duration_ms: 1.786264
2026-10-08T21:40:22.3071103Z   type: 'test'
2026-10-08T21:40:22.3071515Z   ...
2026-10-08T21:40:22.3072260Z # Subtest: wardrobe refuses stale identities, invented routes, and malformed selection
2026-10-08T21:40:22.3073313Z ok 111 - wardrobe refuses stale identities, invented routes, and malformed selection
2026-10-08T21:40:22.3074044Z   ---
2026-10-08T21:40:22.3074463Z   duration_ms: 0.312696
2026-10-08T21:40:22.3075081Z   type: 'test'
2026-10-08T21:40:22.3075478Z   ...
2026-10-08T21:40:23.1944123Z # Subtest: targets/browser/sdk/package-browser-bundle.test.mjs
2026-10-08T21:40:23.1945017Z ok 19 - targets/browser/sdk/package-browser-bundle.test.mjs
2026-10-08T21:40:23.1945518Z   ---
2026-10-08T21:40:23.1945808Z   duration_ms: 924.171928
2026-10-08T21:40:23.1946133Z   type: 'test'
2026-10-08T21:40:23.1946430Z   ...
2026-10-08T21:40:23.1947056Z # Subtest: policy precedes executable assets while preserving SVG and authored markup
2026-10-08T21:40:23.1947974Z ok 113 - policy precedes executable assets while preserving SVG and authored markup
2026-10-08T21:40:23.1948312Z   ---
2026-10-08T21:40:23.1948487Z   duration_ms: 0.83778
2026-10-08T21:40:23.1948676Z   type: 'test'
2026-10-08T21:40:23.1948845Z   ...
2026-10-08T21:40:23.1949227Z # Subtest: policy permits reviewed module and Wasm loading without script eval or backend origins
2026-10-08T21:40:23.1949795Z ok 114 - policy permits reviewed module and Wasm loading without script eval or backend origins
2026-10-08T21:40:23.1950141Z   ---
2026-10-08T21:40:23.1950301Z   duration_ms: 0.702268
2026-10-08T21:40:23.1950499Z   type: 'test'
2026-10-08T21:40:23.1950669Z   ...
2026-10-08T21:40:23.1951013Z # Subtest: existing tighter policy survives and headless fragments refuse packaging
2026-10-08T21:40:23.1951513Z ok 115 - existing tighter policy survives and headless fragments refuse packaging
2026-10-08T21:40:23.1952095Z   ---
2026-10-08T21:40:23.1952265Z   duration_ms: 0.357032
2026-10-08T21:40:23.1952455Z   type: 'test'
2026-10-08T21:40:23.1952616Z   ...
2026-10-08T21:40:23.1952963Z # Subtest: explicit owner window widens only its document to bounded loopback WebSockets
2026-10-08T21:40:23.1953484Z ok 116 - explicit owner window widens only its document to bounded loopback WebSockets
2026-10-08T21:40:23.1953813Z   ---
2026-10-08T21:40:23.1953984Z   duration_ms: 0.241731
2026-10-08T21:40:23.1954169Z   type: 'test'
2026-10-08T21:40:23.1954338Z   ...
2026-10-08T21:40:23.1954489Z 1..116
2026-10-08T21:40:23.1954865Z # tests 116
2026-10-08T21:40:23.1955100Z # suites 0
2026-10-08T21:40:23.1955295Z # pass 116
2026-10-08T21:40:23.1955460Z # fail 0
2026-10-08T21:40:23.1955621Z # cancelled 0
2026-10-08T21:40:23.1955794Z # skipped 0
2026-10-08T21:40:23.1955949Z # todo 0
2026-10-08T21:40:23.1956128Z # duration_ms 1442.079506
2026-10-08T21:40:23.2005599Z > node proof/browser/node_modules/@playwright/test/cli.js test --config proof/browser/playwright.config.mjs --project chromium --workers 1 --retries 0 workspace-arrival.spec.mjs workspace-birth-naming.spec.mjs sdk-external-body-execution.spec.mjs workspace-membership.spec.mjs workspace-library.spec.mjs workspace-resident-applications.spec.mjs workspace-continuity.spec.mjs workspace-shared-journey.spec.mjs field-station-clock.spec.mjs sdk-body-participation.spec.mjs static-body-application.spec.mjs creche-browser-configuration.spec.mjs creche-rendezvous.spec.mjs signal-dom-host.spec.mjs browser-body-time.spec.mjs browser-host-calls.spec.mjs browser-pointer.spec.mjs browser-human-input.spec.mjs browser-host-entrance.spec.mjs browser-media-host.spec.mjs browser-device-base.spec.mjs browser-usb-device-base.spec.mjs rp2040-browser-deployment.spec.mjs esp32-browser-deployment.spec.mjs
2026-10-08T21:40:24.9357118Z 
2026-10-08T21:40:24.9357799Z Running 100 tests using 1 worker
2026-10-08T21:40:24.9358283Z 
2026-10-08T21:40:25.2537014Z [1/100] [chromium] › proof/browser/browser-body-time.spec.mjs:5:1 › real browser monotonic timer ignores wall-clock steps
2026-10-08T21:40:25.7055592Z [2/100] [chromium] › proof/browser/browser-body-time.spec.mjs:38:1 › Chromium and native std process reconcile their distinct monotonic bases
2026-10-08T21:40:50.5619934Z [3/100] [chromium] › proof/browser/browser-device-base.spec.mjs:119:1 › superset WebSerial adapter refuses PROFILE omission before the chooser
2026-10-08T21:40:50.8427644Z [4/100] [chromium] › proof/browser/browser-device-base.spec.mjs:143:1 › explicit Web Serial acquisition creates one exact finite Base then bounded use
2026-10-08T21:40:51.2781091Z [5/100] [chromium] › proof/browser/browser-device-base.spec.mjs:235:1 › one admitted serial read bounds internal bytes, browser chunks, and elapsed time
2026-10-08T21:40:52.1573528Z [6/100] [chromium] › proof/browser/browser-device-base.spec.mjs:352:1 › permission, selection, API, and open failures remain distinct
2026-10-08T21:40:53.4073599Z [7/100] [chromium] › proof/browser/browser-device-base.spec.mjs:380:1 › disconnect and page cancellation terminate without retry or replacement
2026-10-08T21:40:54.3485640Z [8/100] [chromium] › proof/browser/browser-host-calls.spec.mjs:3:1 › artifact handoff requires activation and carries exact admitted bytes
2026-10-08T21:40:54.4898185Z [9/100] [chromium] › proof/browser/browser-host-calls.spec.mjs:26:1 › history movement is presentation-scoped and exactly correlated
2026-10-08T21:40:54.6040245Z [10/100] [chromium] › proof/browser/browser-host-calls.spec.mjs:41:1 › profile-gated device choice returns bounded browser-visible resource truth only
2026-10-08T21:40:54.7215525Z [11/100] [chromium] › proof/browser/browser-host-entrance.spec.mjs:40:1 › shows bounded startup suspense until the browser Host is ready
2026-10-08T21:40:55.7491713Z [12/100] [chromium] › proof/browser/browser-host-entrance.spec.mjs:62:1 › independent entrances own distinct Hosts while reload retains Host and replaces Boot
2026-10-08T21:40:56.4015070Z [13/100] [chromium] › proof/browser/browser-human-input.spec.mjs:3:1 › document-wide input leaves native controls operable without an admitted key request
2026-10-08T21:40:56.5607025Z [14/100] [chromium] › proof/browser/browser-human-input.spec.mjs:12:1 › ordered button transitions survive gaps between Host requests and refuse overflow
2026-10-08T21:40:56.7632265Z [15/100] [chromium] › proof/browser/browser-human-input.spec.mjs:39:1 › queued button release cannot survive a replacement Boot
2026-10-08T21:40:56.8914346Z [16/100] [chromium] › proof/browser/browser-human-input.spec.mjs:52:1 › selected keyboard and pointer adapt real Chromium actions to portable values
2026-10-08T21:40:57.0426426Z [17/100] [chromium] › proof/browser/browser-human-input.spec.mjs:91:1 › ordered keyboard transitions survive gaps between Host requests and refuse overflow
2026-10-08T21:40:57.2128086Z [18/100] [chromium] › proof/browser/browser-human-input.spec.mjs:111:1 › profile omission, finite pressure, cancellation, and stale Boot stay distinct
2026-10-08T21:40:57.3645034Z [19/100] [chromium] › proof/browser/browser-human-input.spec.mjs:134:1 › focus loss is recoverable while page loss is terminal
2026-10-08T21:40:57.4744175Z [20/100] [chromium] › proof/browser/browser-human-input.spec.mjs:149:1 › Body routing reuses one pointer slot for 100,000 browser observations
2026-10-08T21:40:58.0650861Z [21/100] [chromium] › proof/browser/browser-media-host.spec.mjs:28:1 › superset adapter cannot acquire media omitted from the selected PROFILE
2026-10-08T21:40:58.3307389Z [22/100] [chromium] › proof/browser/browser-media-host.spec.mjs:47:1 › two independent Hosts acquire and consume bounded camera and microphone values
2026-10-08T21:40:59.0265789Z [23/100] [chromium] › proof/browser/browser-media-host.spec.mjs:79:3 › deterministic adapter preserves denial
2026-10-08T21:40:59.3296288Z [24/100] [chromium] › proof/browser/browser-media-host.spec.mjs:79:3 › deterministic adapter preserves dismissal
2026-10-08T21:40:59.6463355Z [25/100] [chromium] › proof/browser/browser-media-host.spec.mjs:79:3 › deterministic adapter preserves unsupported constraints
2026-10-08T21:40:59.9671520Z [26/100] [chromium] › proof/browser/browser-pointer.spec.mjs:3:1 › real Chromium pointer input crosses the planned production kernel
2026-10-08T21:41:00.3105471Z [27/100] [chromium] › proof/browser/browser-usb-device-base.spec.mjs:110:1 › superset WebUSB adapter refuses PROFILE omission before the chooser
2026-10-08T21:41:00.5685484Z [28/100] [chromium] › proof/browser/browser-usb-device-base.spec.mjs:134:1 › explicit WebUSB acquisition creates one exact finite Base then bounded use
2026-10-08T21:41:00.9818444Z [29/100] [chromium] › proof/browser/browser-usb-device-base.spec.mjs:212:1 › selection, API, open, configuration, interface, and alternate failures remain distinct
2026-10-08T21:41:03.1676780Z [30/100] [chromium] › proof/browser/browser-usb-device-base.spec.mjs:262:1 › control transfers and zero-length acknowledgements remain finite Base truth
2026-10-08T21:41:03.4539555Z [31/100] [chromium] › proof/browser/browser-usb-device-base.spec.mjs:328:1 › disconnect, cancellation, overflow, and stalled transfer terminate without replacement
2026-10-08T21:41:04.7098975Z [32/100] [chromium] › proof/browser/creche-browser-configuration.spec.mjs:11:1 › Crèche evidence budgets cover the release runtime's canonical advertisement and join envelope
2026-10-08T21:41:04.7946557Z [33/100] [chromium] › proof/browser/creche-browser-configuration.spec.mjs:24:1 › one reviewed distribution makes materially different, capability-enforcing browser Hosts
2026-10-08T21:41:18.3969966Z [34/100] [chromium] › proof/browser/creche-browser-configuration.spec.mjs:87:1 › browser outfitting is catalog-driven, editable, and handed to checked make
2026-10-08T21:41:22.2775532Z [35/100] [chromium] › proof/browser/creche-browser-configuration.spec.mjs:142:1 › stale restored browser choices are refused before lifecycle change
2026-10-08T21:41:23.2208610Z [36/100] [chromium] › proof/browser/creche-rendezvous.spec.mjs:19:1 › a rendezvous code admits one already-running raw Host through the web Crèche
2026-10-08T21:41:26.5712667Z [37/100] [chromium] › proof/browser/esp32-browser-deployment.spec.mjs:177:1 › exact ESP32 IMAGE deploys through one finite Web Serial Base without runtime promotion
2026-10-08T21:41:26.9098490Z [38/100] [chromium] › proof/browser/esp32-browser-deployment.spec.mjs:222:1 › two Bodies produce distinct native ESP32 images with recoverable provisioning
2026-10-08T21:41:27.3291039Z [39/100] [chromium] › proof/browser/esp32-browser-deployment.spec.mjs:276:1 › wrong chip and flash verification mismatch remain distinct terminal refusals
2026-10-08T21:41:27.9397567Z [40/100] [chromium] › proof/browser/esp32-browser-deployment.spec.mjs:296:1 › insufficient serial operation budget refuses before use or reset
2026-10-08T21:41:28.2305088Z [41/100] [chromium] › proof/browser/esp32-browser-deployment.spec.mjs:308:1 › stale body-bound artifact content refuses before serial use
2026-10-08T21:41:28.5385653Z [42/100] [chromium] › proof/browser/esp32-browser-deployment.spec.mjs:322:1 › IMAGE chip incompatibility refuses before serial use
2026-10-08T21:41:28.8306793Z [43/100] [chromium] › proof/browser/esp32-browser-deployment.spec.mjs:336:1 › reset-line and serial-transfer failures remain distinct terminals
2026-10-08T21:41:29.4263585Z [44/100] [chromium] › proof/browser/esp32-browser-deployment.spec.mjs:354:1 › WROOM and S3 retain their distinct chip observations and bootloader offsets
2026-10-08T21:41:30.0972091Z [45/100] [chromium] › proof/browser/field-station-clock.spec.mjs:10:1 › an external page recovers one Clock Body across a fresh Boot without resurrecting its Play
2026-10-08T21:41:34.7869952Z [46/100] [chromium] › proof/browser/rp2040-browser-deployment.spec.mjs:215:1 › target-owned make returns exact attributable bytes through two local strategies
2026-10-08T21:41:34.9368830Z [47/100] [chromium] › proof/browser/rp2040-browser-deployment.spec.mjs:275:1 › one reviewed IMAGE yields distinct directly plantable body-bound UF2 spores
2026-10-08T21:41:35.0836770Z [48/100] [chromium] › proof/browser/rp2040-browser-deployment.spec.mjs:338:1 › browser serial observes a distinct fresh Boot and invitation-bound Pico join
2026-10-08T21:41:35.3814963Z [49/100] [chromium] › proof/browser/rp2040-browser-deployment.spec.mjs:411:1 › expired invitation and join-to-advertisement mismatch refuse before admission
2026-10-08T21:41:35.6534280Z [50/100] [chromium] › proof/browser/rp2040-browser-deployment.spec.mjs:468:1 › exact RP2040 UF2 deploys through one finite WebUSB Base without runtime promotion
2026-10-08T21:41:35.9367707Z [51/100] [chromium] › proof/browser/rp2040-browser-deployment.spec.mjs:576:1 › running accepted firmware acknowledges a build-bound BOOTSEL reboot through Web Serial
2026-10-08T21:41:36.2473804Z [52/100] [chromium] › proof/browser/rp2040-browser-deployment.spec.mjs:609:1 › wrong IMAGE family and stale command status refuse without deployment success
2026-10-08T21:41:36.5450105Z [53/100] [chromium] › proof/browser/sdk-body-participation.spec.mjs:10:1 › the browser SDK lends its exact admitted Host and Boot to an external Body
2026-10-08T21:41:37.5287623Z [54/100] [chromium] › proof/browser/sdk-body-participation.spec.mjs:72:1 › Host admission and refresh do not require or paint an application surface
2026-10-08T21:41:37.9701343Z [55/100] [chromium] › proof/browser/sdk-body-participation.spec.mjs:99:1 › a rootless Host refuses Body execution before acquiring a missing application surface
2026-10-08T21:41:38.5411457Z [56/100] [chromium] › proof/browser/sdk-external-body-execution.spec.mjs:15:1 › a Workspace Body continues through the browser SDK without a Patchbay page runtime
2026-10-08T21:41:46.3091431Z [57/100] [chromium] › proof/browser/sdk-external-body-execution.spec.mjs:59:1 › Rosehip measurement processing and bounded history continue through the SDK
2026-10-08T21:41:48.7316250Z [58/100] [chromium] › proof/browser/signal-dom-host.spec.mjs:3:1 › two actual page hosts retain bounded exactly correlated DOM receipts
2026-10-08T21:41:53.2909279Z [59/100] [chromium] › proof/browser/static-body-application.spec.mjs:27:1 › static Handbook applications retain independent local Bodies through use, navigation, exclusion, reset and browser restart
2026-10-08T21:42:18.3184981Z [60/100] [chromium] › proof/browser/workspace-arrival.spec.mjs:22:1 › Birth hands off to a Lulled Body; Wake starts listening Plots and reload preserves the body
2026-10-08T21:42:23.9146721Z [61/100] [chromium] › proof/browser/workspace-arrival.spec.mjs:87:1 › a failed started-state save cancels the real Play before dispatching effects
2026-10-08T21:42:27.0052834Z [62/100] [chromium] › proof/browser/workspace-arrival.spec.mjs:120:1 › a second window cannot recover a body while its first host is alive
2026-10-08T21:42:30.9296803Z [63/100] [chromium] › proof/browser/workspace-arrival.spec.mjs:135:1 › Birth and the listening surface fit a narrow window
2026-10-08T21:42:34.0474108Z [64/100] [chromium] › proof/browser/workspace-arrival.spec.mjs:149:1 › an intentionally empty Body remains lulled without inventing a play
2026-10-08T21:42:37.3432884Z [65/100] [chromium] › proof/browser/workspace-arrival.spec.mjs:169:1 › contextual tutorial follows the real Body instead of retaining lesson progress
2026-10-08T21:42:41.6486665Z [66/100] [chromium] › proof/browser/workspace-arrival.spec.mjs:188:1 › explicit Finish retires work, records provenance, and restores as read-only Fulfilled history
2026-10-08T21:42:45.9937963Z [67/100] [chromium] › proof/browser/workspace-arrival.spec.mjs:234:1 › a sound-only Body renders the original cue through real browser audio and settles idle
2026-10-08T21:42:51.2657334Z [68/100] [chromium] › proof/browser/workspace-arrival.spec.mjs:261:1 › first-wake audio stays silent after reload of the same body with a fresh Boot
2026-10-08T21:42:57.0280125Z [69/100] [chromium] › proof/browser/workspace-arrival.spec.mjs:284:1 › removing the default cue survives reload and a later first-wake installation stays silent
2026-10-08T21:43:14.0797741Z [70/100] [chromium] › proof/browser/workspace-arrival.spec.mjs:325:1 › unavailable audio is omitted by default and an explicitly installed cue cannot stop other Plots
2026-10-08T21:43:18.6954096Z [71/100] [chromium] › proof/browser/workspace-arrival.spec.mjs:340:1 › a suspended real audio context reports denial while the body keeps listening
2026-10-08T21:43:23.4783660Z [72/100] [chromium] › proof/browser/workspace-arrival.spec.mjs:357:1 › Workspace Birth binds naming, search, exact selection, review, and receipt
2026-10-08T21:43:26.1490763Z [73/100] [chromium] › proof/browser/workspace-arrival.spec.mjs:425:1 › Workspace Birth serves the canonical reviewed inventory source without edits
2026-10-08T21:43:28.1120107Z [74/100] [chromium] › proof/browser/workspace-arrival.spec.mjs:443:1 › Workspace Birth controls remain bounded and usable at a narrow width
2026-10-08T21:43:29.5202930Z [75/100] [chromium] › proof/browser/workspace-birth-naming.spec.mjs:11:1 › Workspace Birth suggestions expose diverse structures while remaining editable metadata
2026-10-08T21:43:32.1983658Z [76/100] [chromium] › proof/browser/workspace-continuity.spec.mjs:16:1 › Workspace returns a retained Body to its Plots without a parallel application
2026-10-08T21:43:38.0182663Z [77/100] [chromium] › proof/browser/workspace-library.spec.mjs:25:1 › five ordinary plots start together beyond the old aggregate placement ceiling
2026-10-08T21:43:42.5129644Z [78/100] [chromium] › proof/browser/workspace-library.spec.mjs:38:1 › repeated Wake and Lull compacts retained evidence instead of exhausting lifecycle Signs
2026-10-08T21:43:55.7722744Z [79/100] [chromium] › proof/browser/workspace-library.spec.mjs:54:1 › Use installs into the same body; repeated Use preserves Play and removal survives reload
2026-10-08T21:44:17.4703917Z [80/100] [chromium] › proof/browser/workspace-library.spec.mjs:110:1 › Pocket Theremin plays continuous two-axis PCM on the browser host
2026-10-08T21:44:28.7387125Z [81/100] [chromium] › proof/browser/workspace-library.spec.mjs:175:1 › the reviewed shelf reveals conversation Plots without pretending this browser can run them
2026-10-08T21:44:38.1489831Z [82/100] [chromium] › proof/browser/workspace-library.spec.mjs:191:1 › window focus loss retires the pending Play and lets the same body wake again
2026-10-08T21:44:42.2543444Z [83/100] [chromium] › proof/browser/workspace-library.spec.mjs:206:1 › removing the final Plot retains an empty Body that can acquire Plots again
2026-10-08T21:44:59.5936799Z [84/100] [chromium] › proof/browser/workspace-library.spec.mjs:237:1 › a failed workset save stops before replacement effects and reload recovers the saved workload
2026-10-08T21:45:10.1834373Z [85/100] [chromium] › proof/browser/workspace-library.spec.mjs:291:1 › a Gallery handoff installs in the retained body and cannot reinstall a later removed Plot on reload
2026-10-08T21:45:23.1850975Z [86/100] [chromium] › proof/browser/workspace-library.spec.mjs:311:1 › a new Gallery arrival selects the plot in the actual Crèche; a stale handoff leaves the body usable
2026-10-08T21:45:28.9389349Z [87/100] [chromium] › proof/browser/workspace-library.spec.mjs:332:3 › Gallery Plot Firefly Choir is resident and repeatedly usable in the body
2026-10-08T21:45:33.6208858Z [88/100] [chromium] › proof/browser/workspace-library.spec.mjs:332:3 › Gallery Plot Night Radio is resident and repeatedly usable in the body
2026-10-08T21:45:36.5881116Z [89/100] [chromium] › proof/browser/workspace-library.spec.mjs:332:3 › Gallery Plot Secret Knock is resident and repeatedly usable in the body
2026-10-08T21:45:39.4601498Z [90/100] [chromium] › proof/browser/workspace-resident-applications.spec.mjs:14:1 › the first body runs and can remove its resident Tutorial Plot without losing its face
2026-10-08T21:45:48.5195442Z [91/100] [chromium] › proof/browser/workspace-resident-applications.spec.mjs:39:1 › resident Patchbay inspects and begins an exact edit in one browser Body Play
2026-10-08T21:45:52.5696936Z [92/100] [chromium] › proof/browser/workspace-shared-journey.spec.mjs:12:1 › the shared Workspace journey from zero Body through explicit rest and finish
2026-10-08T21:45:56.9700988Z [93/100] [chromium] › proof/browser/workspace-membership.spec.mjs:23:1 › the ordinary face binds and admits one compiler-free reviewed browser Host
2026-10-08T21:46:16.9665176Z [94/100] [chromium] › proof/browser/workspace-membership.spec.mjs:310:1 › a second distinct browser Host explicitly joins through one canonical Body invitation
2026-10-08T21:46:27.5727786Z [95/100] [chromium] › proof/browser/workspace-membership.spec.mjs:418:1 › the POST share target refuses ambiguous, oversized, and GET delivery
2026-10-08T21:46:28.3513208Z [96/100] [chromium] › proof/browser/workspace-membership.spec.mjs:455:1 › pending share delivery survives worker replacement and expired delivery refuses
2026-10-08T21:46:30.0174104Z [97/100] [chromium] › proof/browser/workspace-membership.spec.mjs:495:1 › malformed invitation framing is refused without creating a body
2026-10-08T21:46:30.6587431Z [98/100] [chromium] › proof/browser/workspace-membership.spec.mjs:501:1 › an unavailable running host leaves the current body and browser Host intact
2026-10-08T21:46:33.4853507Z [99/100] [chromium] › proof/browser/workspace-membership.spec.mjs:521:1 › an already-running host joins without displacing the browser Host or its body
2026-10-08T21:46:37.8418251Z [100/100] [chromium] › proof/browser/workspace-membership.spec.mjs:564:1 › loss of a joined Host Line removes only its current offers and keeps the body
2026-10-08T21:46:40.9627548Z   100 passed (6.3m)
2026-10-08T21:46:40.9763958Z > node tools/ci/pipeline/targets/browser-smoke.mjs target/workspace-product /home/runner/work/conduit/conduit/target/pipeline/browser/accessibility.json
2026-10-08T21:46:43.2016241Z > cargo +1.98.1-x86_64-unknown-linux-gnu xtask make pages-root /home/runner/work/conduit/conduit/target/pipeline/browser/site --locked
2026-10-08T21:46:43.4444239Z [1m[92m    Finished[0m `dev` profile [unoptimized] target(s) in 0.23s
2026-10-08T21:46:43.4515877Z [1m[92m     Running[0m `target/debug/conduit-xtask-dispatch make pages-root /home/runner/work/conduit/conduit/target/pipeline/browser/site --locked`
2026-10-08T21:46:43.7304417Z [1m[92m    Finished[0m `dev` profile [unoptimized] target(s) in 0.26s
2026-10-08T21:46:43.7495412Z [1m[92m     Running[0m `target/debug/xtask make pages-root /home/runner/work/conduit/conduit/target/pipeline/browser/site --locked`
2026-10-08T21:46:43.7788929Z Pages root staged at /home/runner/work/conduit/conduit/target/pipeline/browser/site
2026-10-08T21:46:43.8045705Z > curl --fail --location --max-time 90 https://codeload.github.com/dancxjo/conduit/tar.gz/d9b79319bd78c72e4a6b48ef524e269300a82bdf --output /tmp/conduit-documentary-IZy4M5/history.tar.gz
2026-10-08T21:46:43.8477069Z   % Total    % Received % Xferd  Average Speed   Time    Time     Time  Current
2026-10-08T21:46:43.8477642Z                                  Dload  Upload   Total   Spent    Left  Speed
2026-10-08T21:46:43.8477929Z 
2026-10-08T21:46:44.2895036Z   0     0    0     0    0     0      0      0 --:--:-- --:--:-- --:--:--     0
2026-10-08T21:46:44.8344936Z 100  182k    0  182k    0     0   413k      0 --:--:-- --:--:-- --:--:--  413k
2026-10-08T21:46:44.8345687Z 100 5450k    0 5450k    0     0  5522k      0 --:--:-- --:--:-- --:--:-- 5522k
2026-10-08T21:46:44.8411836Z > tar -xzf /tmp/conduit-documentary-IZy4M5/history.tar.gz -C /tmp/conduit-documentary-IZy4M5
2026-10-08T21:46:44.9442420Z > cargo +1.98.1-x86_64-unknown-linux-gnu xtask prove render-one-body-journey --evidence-root site/evidence/one-body-five-masks --output /home/runner/work/conduit/conduit/target/pipeline/browser/site/journeys/current/one-body-five-masks --commit 9b79486146bfb0af3369f8133a81b3d14792bd1c --locked
2026-10-08T21:46:45.1457341Z [1m[92m    Finished[0m `dev` profile [unoptimized] target(s) in 0.19s
2026-10-08T21:46:45.1514973Z [1m[92m     Running[0m `target/debug/conduit-xtask-dispatch prove render-one-body-journey --evidence-root site/evidence/one-body-five-masks --output /home/runner/work/conduit/conduit/target/pipeline/browser/site/journeys/current/one-body-five-masks --commit 9b79486146bfb0af3369f8133a81b3d14792bd1c --locked`
2026-10-08T21:46:45.4113035Z [1m[92m    Finished[0m `dev` profile [unoptimized] target(s) in 0.24s
2026-10-08T21:46:45.4302669Z [1m[92m     Running[0m `target/debug/xtask prove render-one-body-journey --evidence-root site/evidence/one-body-five-masks --output /home/runner/work/conduit/conduit/target/pipeline/browser/site/journeys/current/one-body-five-masks --commit 9b79486146bfb0af3369f8133a81b3d14792bd1c --locked`
2026-10-08T21:46:46.5740745Z verified Complete evidence for 9b79486146bfb0af3369f8133a81b3d14792bd1c at /home/runner/work/conduit/conduit/site/evidence/one-body-five-masks
2026-10-08T21:46:49.5938523Z verified Complete evidence for 9b79486146bfb0af3369f8133a81b3d14792bd1c at /home/runner/work/conduit/conduit/target/pipeline/browser/site/journeys/current/.one-body-journey-20956-three-host-5a9b4d4cd9a752c0c7205216
2026-10-08T21:46:49.6679026Z > cargo +1.98.1-x86_64-unknown-linux-gnu xtask prove verify --root site/evidence/direct-spoken-development --commit 2f1df6f640a4ad967d90d795bd47fe98b177851e --result diagnostic-incomplete --proof direct-spoken-face-development --suite journey-gallery --locked
2026-10-08T21:46:49.8616247Z [1m[92m    Finished[0m `dev` profile [unoptimized] target(s) in 0.18s
2026-10-08T21:46:49.8675734Z [1m[92m     Running[0m `target/debug/conduit-xtask-dispatch prove verify --root site/evidence/direct-spoken-development --commit 2f1df6f640a4ad967d90d795bd47fe98b177851e --result diagnostic-incomplete --proof direct-spoken-face-development --suite journey-gallery --locked`
2026-10-08T21:46:50.1340735Z [1m[92m    Finished[0m `dev` profile [unoptimized] target(s) in 0.24s
2026-10-08T21:46:50.1516291Z [1m[92m     Running[0m `target/debug/xtask prove verify --root site/evidence/direct-spoken-development --commit 2f1df6f640a4ad967d90d795bd47fe98b177851e --result diagnostic-incomplete --proof direct-spoken-face-development --suite journey-gallery --locked`
2026-10-08T21:46:51.2325781Z verified DiagnosticIncomplete evidence for 2f1df6f640a4ad967d90d795bd47fe98b177851e at /home/runner/work/conduit/conduit/site/evidence/direct-spoken-development
2026-10-08T21:46:51.2627832Z FAILED: pipeline/target: Todo browser capture ancestry check failed: 99399c157c6e1d7d7fe740a312315b4709dccafd -> d932da60c7f04bde62c797126e298e38aa9819d0; status=1, signal=none; Command failed: git merge-base --is-ancestor 99399c157c6e1d7d7fe740a312315b4709dccafd d932da60c7f04bde62c797126e298e38aa9819d0
2026-10-08T21:46:51.2693929Z xtask error: pipeline failed: exit status: 1
2026-10-08T21:46:51.2713980Z ##[error]Process completed with exit code 1.
2026-10-08T21:46:51.2808037Z ##[group]Run actions/upload-artifact@v7.0.1
2026-10-08T21:46:51.2808455Z with:
2026-10-08T21:46:51.2808735Z   name: diagnostics-browser
2026-10-08T21:46:51.2809492Z   path: proof/browser/test-results/
target/conduitos/**/*.log
target/conduitos/**/*.json
target/conduitos/**/*.png

2026-10-08T21:46:51.2810254Z   if-no-files-found: ignore
2026-10-08T21:46:51.2810576Z   retention-days: 7
2026-10-08T21:46:51.2810874Z   compression-level: 6
2026-10-08T21:46:51.2811185Z   overwrite: false
2026-10-08T21:46:51.2811486Z   include-hidden-files: false
2026-10-08T21:46:51.2811827Z   archive: true
2026-10-08T21:46:51.2812098Z env:
2026-10-08T21:46:51.2812357Z   CARGO_TERM_COLOR: always
2026-10-08T21:46:51.2812680Z   CARGO_INCREMENTAL: 0
2026-10-08T21:46:51.2812987Z   CARGO_PROFILE_DEV_DEBUG: 0
2026-10-08T21:46:51.2813319Z   CARGO_PROFILE_TEST_DEBUG: 0
2026-10-08T21:46:51.2813657Z   RUSTUP_TOOLCHAIN: 1.98.1
2026-10-08T21:46:51.2814122Z   CONDUIT_CHECKOUT_SHA: d932da60c7f04bde62c797126e298e38aa9819d0
2026-10-08T21:46:51.2814620Z   CARGO_HOME: /home/runner/.cargo
2026-10-08T21:46:51.2815104Z   CACHE_ON_FAILURE: false
2026-10-08T21:46:51.2815411Z ##[endgroup]
2026-10-08T21:46:51.5249699Z Multiple search paths detected. Calculating the least common ancestor of all paths
2026-10-08T21:46:51.5251714Z The least common ancestor is /home/runner/work/conduit/conduit. This will be the root directory of the artifact
2026-10-08T21:46:51.5252726Z With the provided path, there will be 246 files uploaded
2026-10-08T21:46:51.5256666Z Artifact name is valid!
2026-10-08T21:46:51.5257831Z Root directory input is valid!
2026-10-08T21:46:51.8596374Z Uploading artifact: diagnostics-browser.zip
2026-10-08T21:46:51.8626652Z Beginning upload of artifact content to blob storage
2026-10-08T21:46:52.9827818Z Uploaded bytes 8388608
2026-10-08T21:46:53.2115685Z Uploaded bytes 14479726
2026-10-08T21:46:53.2714547Z Finished uploading artifact content to blob storage!
2026-10-08T21:46:53.2715782Z SHA256 digest of uploaded artifact is 379c4a85535d6c350bb8a87994356712bd50a2b6785f8c6d3869dfb19d3f3daa
2026-10-08T21:46:53.2716441Z Finalizing artifact upload
2026-10-08T21:46:53.6781994Z Artifact diagnostics-browser successfully finalized. Artifact ID 11580369814
2026-10-08T21:46:53.6782676Z Artifact diagnostics-browser has been successfully uploaded! Final size is 14479726 bytes. Artifact ID is 11580369814
2026-10-08T21:46:53.6786129Z Artifact download URL: https://github.com/dancxjo/conduit/actions/runs/37845100419/artifacts/11580369814
2026-10-08T21:46:53.6967530Z Post job cleanup.
2026-10-08T21:46:53.7677898Z [command]/usr/bin/git version
2026-10-08T21:46:53.7712816Z git version 2.55.0
2026-10-08T21:46:53.7739940Z Temporarily overriding HOME='/home/runner/work/_temp/aae19207-2b0e-4521-96b4-7d3806e52fdd' before making global git config changes
2026-10-08T21:46:53.7741088Z Adding repository directory to the temporary git global config as a safe directory
2026-10-08T21:46:53.7744353Z [command]/usr/bin/git config --global --add safe.directory /home/runner/work/conduit/conduit
2026-10-08T21:46:53.7769459Z Removing SSH command configuration
2026-10-08T21:46:53.7774462Z [command]/usr/bin/git config --local --name-only --get-regexp core\.sshCommand
2026-10-08T21:46:53.7801847Z [command]/usr/bin/git submodule foreach --recursive sh -c "git config --local --name-only --get-regexp 'core\.sshCommand' && git config --local --unset-all 'core.sshCommand' || :"
2026-10-08T21:46:53.8000209Z Removing HTTP extra header
2026-10-08T21:46:53.8004453Z [command]/usr/bin/git config --local --name-only --get-regexp http\.https\:\/\/github\.com\/\.extraheader
2026-10-08T21:46:53.8032658Z [command]/usr/bin/git submodule foreach --recursive sh -c "git config --local --name-only --get-regexp 'http\.https\:\/\/github\.com\/\.extraheader' && git config --local --unset-all 'http.https://github.com/.extraheader' || :"
2026-10-08T21:46:53.8223877Z Removing includeIf entries pointing to credentials config files
2026-10-08T21:46:53.8229688Z [command]/usr/bin/git config --local --name-only --get-regexp ^includeIf\.gitdir:
2026-10-08T21:46:53.8256550Z [command]/usr/bin/git submodule foreach --recursive git config --local --show-origin --name-only --get-regexp remote.origin.url
2026-10-08T21:46:53.8573303Z Cleaning up orphan processes
