2026-10-08T23:51:07.5938511Z Current runner version: '2.337.0'
2026-10-08T23:51:07.5957687Z ##[group]Runner Image Provisioner
2026-10-08T23:51:07.5958432Z Hosted Compute Agent
2026-10-08T23:51:07.5958832Z Version: 20261002.596
2026-10-08T23:51:07.5959266Z Commit: c3d12f3313a95f25162a1503be624f3b0617f8c0
2026-10-08T23:51:07.5959781Z Build Date: 2026-10-02T22:28:27Z
2026-10-08T23:51:07.5960233Z Worker ID: {3cae662e-415c-4c60-87cc-5589b817c227}
2026-10-08T23:51:07.5960943Z Region: centralus
2026-10-08T23:51:07.5961331Z Cloud: Azure
2026-10-08T23:51:07.5961708Z ##[endgroup]
2026-10-08T23:51:07.5962860Z ##[group]Operating System
2026-10-08T23:51:07.5963365Z Ubuntu
2026-10-08T23:51:07.5963745Z 24.04.5
2026-10-08T23:51:07.5964104Z LTS
2026-10-08T23:51:07.5964460Z ##[endgroup]
2026-10-08T23:51:07.5964846Z ##[group]Runner Image
2026-10-08T23:51:07.5965293Z Image: ubuntu-24.04
2026-10-08T23:51:07.5965658Z Version: 20261004.327.1
2026-10-08T23:51:07.5966559Z Included Software: https://github.com/actions/runner-images/blob/ubuntu24/20261004.327/images/ubuntu/Ubuntu2404-Readme.md
2026-10-08T23:51:07.5967622Z Image Release: https://github.com/actions/runner-images/releases/tag/ubuntu24%2F20261004.327
2026-10-08T23:51:07.5968256Z ##[endgroup]
2026-10-08T23:51:07.5969028Z ##[group]GITHUB_TOKEN Permissions
2026-10-08T23:51:07.5970921Z Contents: read
2026-10-08T23:51:07.5971305Z Metadata: read
2026-10-08T23:51:07.5971717Z ##[endgroup]
2026-10-08T23:51:07.5973625Z Secret source: Actions
2026-10-08T23:51:07.5974295Z Cache mode: write
2026-10-08T23:51:07.5974778Z Prepare workflow directory
2026-10-08T23:51:07.6332611Z Prepare all required actions
2026-10-08T23:51:07.6369103Z Getting action download info
2026-10-08T23:51:07.8706347Z Download action repository 'actions/checkout@v7.0.1' (SHA:3d3c42e5aac5ba805825da76410c181273ba90b1)
2026-10-08T23:51:07.9389594Z Download action repository 'dtolnay/rust-toolchain@1.98.1' (SHA:c6590455eca8e79d081430ebfe2074192ae90290)
2026-10-08T23:51:08.1022206Z Download action repository 'actions/setup-node@v7.0.0' (SHA:820762786026740c76f36085b0efc47a31fe5020)
2026-10-08T23:51:08.2097588Z Download action repository 'actions/upload-artifact@v7.0.1' (SHA:043fb46d1a93c77aae656e7c1c64a875d1fc6a0a)
2026-10-08T23:51:08.4052398Z Uses: dancxjo/conduit/.github/workflows/ci.yml@refs/pull/5327/merge (2acf906a934ba0ab2e7a778649a22bbd11fd6296)
2026-10-08T23:51:08.4055874Z ##[group] Inputs
2026-10-08T23:51:08.4056388Z   sha: 2ff14b6d290742951895c538c962c092e4255043
2026-10-08T23:51:08.4057039Z   exhaustive: false
2026-10-08T23:51:08.4057421Z   base: 6cc4ba02f2139716e454da8463ff28f0b3502814
2026-10-08T23:51:08.4057905Z ##[endgroup]
2026-10-08T23:51:08.4058307Z Complete job name: proof / candidate/quick
2026-10-08T23:51:08.4536023Z ##[group]Run actions/checkout@v7.0.1
2026-10-08T23:51:08.4536623Z with:
2026-10-08T23:51:08.4536987Z   ref: 2ff14b6d290742951895c538c962c092e4255043
2026-10-08T23:51:08.4537466Z   fetch-depth: 0
2026-10-08T23:51:08.4537853Z   persist-credentials: false
2026-10-08T23:51:08.4538252Z   repository: dancxjo/conduit
2026-10-08T23:51:08.4541215Z   token: ***
2026-10-08T23:51:08.4541551Z   ssh-strict: true
2026-10-08T23:51:08.4541935Z   ssh-user: git
2026-10-08T23:51:08.4542270Z   clean: true
2026-10-08T23:51:08.4542663Z   sparse-checkout-cone-mode: true
2026-10-08T23:51:08.4543084Z   fetch-tags: false
2026-10-08T23:51:08.4543437Z   show-progress: true
2026-10-08T23:51:08.4544030Z   lfs: false
2026-10-08T23:51:08.4544361Z   submodules: false
2026-10-08T23:51:08.4544723Z   set-safe-directory: true
2026-10-08T23:51:08.4545119Z   allow-unsafe-pr-checkout: false
2026-10-08T23:51:08.4545662Z env:
2026-10-08T23:51:08.4546025Z   CARGO_TERM_COLOR: always
2026-10-08T23:51:08.4546486Z   CARGO_INCREMENTAL: 0
2026-10-08T23:51:08.4546866Z   CARGO_PROFILE_DEV_DEBUG: 0
2026-10-08T23:51:08.4547249Z   CARGO_PROFILE_TEST_DEBUG: 0
2026-10-08T23:51:08.4547622Z   RUSTUP_TOOLCHAIN: 1.98.1
2026-10-08T23:51:08.4548113Z   CONDUIT_CHECKOUT_SHA: 2ff14b6d290742951895c538c962c092e4255043
2026-10-08T23:51:08.4548603Z ##[endgroup]
2026-10-08T23:51:08.5289092Z Syncing repository: dancxjo/conduit
2026-10-08T23:51:08.5291292Z ##[group]Getting Git version info
2026-10-08T23:51:08.5291850Z Working directory is '/home/runner/work/conduit/conduit'
2026-10-08T23:51:08.5292700Z [command]/usr/bin/git version
2026-10-08T23:51:08.5348105Z git version 2.55.0
2026-10-08T23:51:08.5360262Z ##[endgroup]
2026-10-08T23:51:08.5367532Z Temporarily overriding HOME='/home/runner/work/_temp/a41b84e7-167a-4b68-ab78-51814464403b' before making global git config changes
2026-10-08T23:51:08.5368548Z Adding repository directory to the temporary git global config as a safe directory
2026-10-08T23:51:08.5370697Z [command]/usr/bin/git config --global --add safe.directory /home/runner/work/conduit/conduit
2026-10-08T23:51:08.5414285Z Deleting the contents of '/home/runner/work/conduit/conduit'
2026-10-08T23:51:08.5416829Z ##[group]Determining repository object format
2026-10-08T23:51:08.5417807Z ##[endgroup]
2026-10-08T23:51:08.5418369Z ##[group]Initializing the repository
2026-10-08T23:51:08.5420720Z [command]/usr/bin/git init /home/runner/work/conduit/conduit
2026-10-08T23:51:08.5511681Z hint: Using 'master' as the name for the initial branch. This default branch name
2026-10-08T23:51:08.5512543Z hint: will change to "main" in Git 3.0. To configure the initial branch name
2026-10-08T23:51:08.5513291Z hint: to use in all of your new repositories, which will suppress this warning,
2026-10-08T23:51:08.5513994Z hint: call:
2026-10-08T23:51:08.5514415Z hint:
2026-10-08T23:51:08.5514996Z hint: 	git config --global init.defaultBranch <name>
2026-10-08T23:51:08.5515619Z hint:
2026-10-08T23:51:08.5516245Z hint: Names commonly chosen instead of 'master' are 'main', 'trunk' and
2026-10-08T23:51:08.5517033Z hint: 'development'. The just-created branch can be renamed via this command:
2026-10-08T23:51:08.5517640Z hint:
2026-10-08T23:51:08.5517997Z hint: 	git branch -m <name>
2026-10-08T23:51:08.5518356Z hint:
2026-10-08T23:51:08.5518852Z hint: Disable this message with "git config set advice.defaultBranchName false"
2026-10-08T23:51:08.5519701Z Initialized empty Git repository in /home/runner/work/conduit/conduit/.git/
2026-10-08T23:51:08.5521305Z [command]/usr/bin/git remote add origin https://github.com/dancxjo/conduit
2026-10-08T23:51:08.5568938Z ##[endgroup]
2026-10-08T23:51:08.5569535Z ##[group]Disabling automatic garbage collection
2026-10-08T23:51:08.5571127Z [command]/usr/bin/git config --local gc.auto 0
2026-10-08T23:51:08.5597657Z ##[endgroup]
2026-10-08T23:51:08.5598447Z ##[group]Setting up auth
2026-10-08T23:51:08.5598968Z Removing SSH command configuration
2026-10-08T23:51:08.5603072Z [command]/usr/bin/git config --local --name-only --get-regexp core\.sshCommand
2026-10-08T23:51:08.5623889Z [command]/usr/bin/git submodule foreach --recursive sh -c "git config --local --name-only --get-regexp 'core\.sshCommand' && git config --local --unset-all 'core.sshCommand' || :"
2026-10-08T23:51:08.5883695Z Removing HTTP extra header
2026-10-08T23:51:08.5887573Z [command]/usr/bin/git config --local --name-only --get-regexp http\.https\:\/\/github\.com\/\.extraheader
2026-10-08T23:51:08.5907708Z [command]/usr/bin/git submodule foreach --recursive sh -c "git config --local --name-only --get-regexp 'http\.https\:\/\/github\.com\/\.extraheader' && git config --local --unset-all 'http.https://github.com/.extraheader' || :"
2026-10-08T23:51:08.6046530Z Removing includeIf entries pointing to credentials config files
2026-10-08T23:51:08.6056414Z [command]/usr/bin/git config --local --name-only --get-regexp ^includeIf\.gitdir:
2026-10-08T23:51:08.6078053Z [command]/usr/bin/git submodule foreach --recursive git config --local --show-origin --name-only --get-regexp remote.origin.url
2026-10-08T23:51:08.6226710Z [command]/usr/bin/git config --file /home/runner/work/_temp/git-credentials-7abc8b14-3a6c-4c66-a5aa-6469e74f5bdc.config http.https://github.com/.extraheader AUTHORIZATION: basic ***
2026-10-08T23:51:08.6257792Z [command]/usr/bin/git config --local includeIf.gitdir:/home/runner/work/conduit/conduit/.git.path /home/runner/work/_temp/git-credentials-7abc8b14-3a6c-4c66-a5aa-6469e74f5bdc.config
2026-10-08T23:51:08.6280787Z [command]/usr/bin/git config --local includeIf.gitdir:/home/runner/work/conduit/conduit/.git/worktrees/*.path /home/runner/work/_temp/git-credentials-7abc8b14-3a6c-4c66-a5aa-6469e74f5bdc.config
2026-10-08T23:51:08.6310824Z [command]/usr/bin/git config --local includeIf.gitdir:/github/workspace/.git.path /github/runner_temp/git-credentials-7abc8b14-3a6c-4c66-a5aa-6469e74f5bdc.config
2026-10-08T23:51:08.6361189Z [command]/usr/bin/git config --local includeIf.gitdir:/github/workspace/.git/worktrees/*.path /github/runner_temp/git-credentials-7abc8b14-3a6c-4c66-a5aa-6469e74f5bdc.config
2026-10-08T23:51:08.6381211Z ##[endgroup]
2026-10-08T23:51:08.6382090Z ##[group]Fetching the repository
2026-10-08T23:51:08.6386903Z [command]/usr/bin/git -c protocol.version=2 fetch --no-tags --prune --no-recurse-submodules origin +refs/heads/*:refs/remotes/origin/* +refs/tags/*:refs/tags/*
2026-10-08T23:51:19.9500480Z From https://github.com/dancxjo/conduit
2026-10-08T23:51:19.9501875Z  * [new branch]          archive/branch-cleanup-20261006/4807-face-human-labels -> origin/archive/branch-cleanup-20261006/4807-face-human-labels
2026-10-08T23:51:19.9503002Z  * [new branch]          archive/branch-cleanup-20261006/4922-presentation-seal -> origin/archive/branch-cleanup-20261006/4922-presentation-seal
2026-10-08T23:51:19.9503972Z  * [new branch]          archive/branch-cleanup-20261006/native-face-scene -> origin/archive/branch-cleanup-20261006/native-face-scene
2026-10-08T23:51:19.9505101Z  * [new branch]          archive/cleanup-20261002/codex/3938-conduitese-routing -> origin/archive/cleanup-20261002/codex/3938-conduitese-routing
2026-10-08T23:51:19.9505969Z  * [new branch]          archive/cleanup-20261002/codex/4001-body-evidence-journey -> origin/archive/cleanup-20261002/codex/4001-body-evidence-journey
2026-10-08T23:51:19.9506949Z  * [new branch]          archive/cleanup-20261002/codex/4001-observatory-causal-projection -> origin/archive/cleanup-20261002/codex/4001-observatory-causal-projection
2026-10-08T23:51:19.9507871Z  * [new branch]          archive/cleanup-20261002/codex/4001-observatory-vertical -> origin/archive/cleanup-20261002/codex/4001-observatory-vertical
2026-10-08T23:51:19.9508735Z  * [new branch]          archive/cleanup-20261002/codex/4001-source-spans -> origin/archive/cleanup-20261002/codex/4001-source-spans
2026-10-08T23:51:19.9509740Z  * [new branch]          archive/cleanup-20261002/codex/4001-terminal-causal-correlation -> origin/archive/cleanup-20261002/codex/4001-terminal-causal-correlation
2026-10-08T23:51:19.9511272Z  * [new branch]          archive/cleanup-20261002/codex/4001-visible-causal-face -> origin/archive/cleanup-20261002/codex/4001-visible-causal-face
2026-10-08T23:51:19.9512330Z  * [new branch]          archive/cleanup-20261002/codex/4055-package-graph -> origin/archive/cleanup-20261002/codex/4055-package-graph
2026-10-08T23:51:19.9513428Z  * [new branch]          archive/cleanup-20261002/codex/4061-browser-debounce -> origin/archive/cleanup-20261002/codex/4061-browser-debounce
2026-10-08T23:51:19.9514568Z  * [new branch]          archive/cleanup-20261002/codex/4061-browser-window -> origin/archive/cleanup-20261002/codex/4061-browser-window
2026-10-08T23:51:19.9515414Z  * [new branch]          archive/cleanup-20261002/codex/4061-browser-window-install -> origin/archive/cleanup-20261002/codex/4061-browser-window-install
2026-10-08T23:51:19.9516135Z  * [new branch]          archive/cleanup-20261002/codex/4061-deadline -> origin/archive/cleanup-20261002/codex/4061-deadline
2026-10-08T23:51:19.9516801Z  * [new branch]          archive/cleanup-20261002/codex/4061-sample-specialization -> origin/archive/cleanup-20261002/codex/4061-sample-specialization
2026-10-08T23:51:19.9517516Z  * [new branch]          archive/cleanup-20261002/codex/4061-shared-debounce -> origin/archive/cleanup-20261002/codex/4061-shared-debounce
2026-10-08T23:51:19.9518213Z  * [new branch]          archive/cleanup-20261002/codex/4061-standalone-lock-repair -> origin/archive/cleanup-20261002/codex/4061-standalone-lock-repair
2026-10-08T23:51:19.9518984Z  * [new branch]          archive/cleanup-20261002/codex/4064-current-sample -> origin/archive/cleanup-20261002/codex/4064-current-sample
2026-10-08T23:51:19.9519613Z  * [new branch]          archive/cleanup-20261002/codex/4064-flow-zip -> origin/archive/cleanup-20261002/codex/4064-flow-zip
2026-10-08T23:51:19.9520234Z  * [new branch]          archive/cleanup-20261002/codex/4064-flow-zip-current -> origin/archive/cleanup-20261002/codex/4064-flow-zip-current
2026-10-08T23:51:19.9521233Z  * [new branch]          archive/cleanup-20261002/codex/4064-join-diagnostic -> origin/archive/cleanup-20261002/codex/4064-join-diagnostic
2026-10-08T23:51:19.9522118Z  * [new branch]          archive/cleanup-20261002/codex/4064-keyed-join -> origin/archive/cleanup-20261002/codex/4064-keyed-join
2026-10-08T23:51:19.9523110Z  * [new branch]          archive/cleanup-20261002/codex/4072-derived-transformation-eligibility -> origin/archive/cleanup-20261002/codex/4072-derived-transformation-eligibility
2026-10-08T23:51:19.9523942Z  * [new branch]          archive/cleanup-20261002/codex/4072-retained-retry-evidence -> origin/archive/cleanup-20261002/codex/4072-retained-retry-evidence
2026-10-08T23:51:19.9524702Z  * [new branch]          archive/cleanup-20261002/codex/4080-local-integration -> origin/archive/cleanup-20261002/codex/4080-local-integration
2026-10-08T23:51:19.9525521Z  * [new branch]          archive/cleanup-20261002/codex/4090-field-station-patchbay -> origin/archive/cleanup-20261002/codex/4090-field-station-patchbay
2026-10-08T23:51:19.9526211Z  * [new branch]          archive/cleanup-20261002/codex/4090-sdk-recovery -> origin/archive/cleanup-20261002/codex/4090-sdk-recovery
2026-10-08T23:51:19.9527336Z  * [new branch]          archive/cleanup-20261002/codex/4091-canonical-integration -> origin/archive/cleanup-20261002/codex/4091-canonical-integration
2026-10-08T23:51:19.9528373Z  * [new branch]          archive/cleanup-20261002/codex/4092-canonical-recursive-provider -> origin/archive/cleanup-20261002/codex/4092-canonical-recursive-provider
2026-10-08T23:51:19.9529194Z  * [new branch]          archive/cleanup-20261002/codex/4092-delete-generate-text -> origin/archive/cleanup-20261002/codex/4092-delete-generate-text
2026-10-08T23:51:19.9529982Z  * [new branch]          archive/cleanup-20261002/codex/4092-delete-generate-text-semantics -> origin/archive/cleanup-20261002/codex/4092-delete-generate-text-semantics
2026-10-08T23:51:19.9531018Z  * [new branch]          archive/cleanup-20261002/codex/4092-live-canonical -> origin/archive/cleanup-20261002/codex/4092-live-canonical
2026-10-08T23:51:19.9531672Z  * [new branch]          archive/cleanup-20261002/codex/4093-acceptance-gap -> origin/archive/cleanup-20261002/codex/4093-acceptance-gap
2026-10-08T23:51:19.9532327Z  * [new branch]          archive/cleanup-20261002/codex/4093-construction-truth -> origin/archive/cleanup-20261002/codex/4093-construction-truth
2026-10-08T23:51:19.9533064Z  * [new branch]          archive/cleanup-20261002/codex/4093-delete-piper-documentary -> origin/archive/cleanup-20261002/codex/4093-delete-piper-documentary
2026-10-08T23:51:19.9533948Z  * [new branch]          archive/cleanup-20261002/codex/4093-face-mask-show-track -> origin/archive/cleanup-20261002/codex/4093-face-mask-show-track
2026-10-08T23:51:19.9534861Z  * [new branch]          archive/cleanup-20261002/codex/4093-hosted-live-mask -> origin/archive/cleanup-20261002/codex/4093-hosted-live-mask
2026-10-08T23:51:19.9535792Z  * [new branch]          archive/cleanup-20261002/codex/4093-remove-recording-overlay -> origin/archive/cleanup-20261002/codex/4093-remove-recording-overlay
2026-10-08T23:51:19.9536775Z  * [new branch]          archive/cleanup-20261002/codex/4093-single-action-contract -> origin/archive/cleanup-20261002/codex/4093-single-action-contract
2026-10-08T23:51:19.9537708Z  * [new branch]          archive/cleanup-20261002/codex/4095-field-station -> origin/archive/cleanup-20261002/codex/4095-field-station
2026-10-08T23:51:19.9538667Z  * [new branch]          archive/cleanup-20261002/codex/4096-field-station-tick -> origin/archive/cleanup-20261002/codex/4096-field-station-tick
2026-10-08T23:51:19.9539558Z  * [new branch]          archive/cleanup-20261002/codex/4098-semantic-tone-pcm -> origin/archive/cleanup-20261002/codex/4098-semantic-tone-pcm
2026-10-08T23:51:19.9540720Z  * [new branch]          archive/cleanup-20261002/codex/4102-spoken-zero-body -> origin/archive/cleanup-20261002/codex/4102-spoken-zero-body
2026-10-08T23:51:19.9541682Z  * [new branch]          archive/cleanup-20261002/codex/4109-cancellation-admission -> origin/archive/cleanup-20261002/codex/4109-cancellation-admission
2026-10-08T23:51:19.9543424Z  * [new branch]          archive/cleanup-20261002/codex/4109-canonical-highlight -> origin/archive/cleanup-20261002/codex/4109-canonical-highlight
2026-10-08T23:51:19.9544123Z  * [new branch]          archive/cleanup-20261002/codex/4109-initialized-keep -> origin/archive/cleanup-20261002/codex/4109-initialized-keep
2026-10-08T23:51:19.9544873Z  * [new branch]          archive/cleanup-20261002/codex/4109-nested-abnormal-boundary -> origin/archive/cleanup-20261002/codex/4109-nested-abnormal-boundary
2026-10-08T23:51:19.9545643Z  * [new branch]          archive/cleanup-20261002/codex/4109-offer-semantic-contract -> origin/archive/cleanup-20261002/codex/4109-offer-semantic-contract
2026-10-08T23:51:19.9546377Z  * [new branch]          archive/cleanup-20261002/codex/4109-optional-keep-lowering -> origin/archive/cleanup-20261002/codex/4109-optional-keep-lowering
2026-10-08T23:51:19.9547107Z  * [new branch]          archive/cleanup-20261002/codex/4109-optional-quantity-keep -> origin/archive/cleanup-20261002/codex/4109-optional-quantity-keep
2026-10-08T23:51:19.9547973Z  * [new branch]          archive/cleanup-20261002/codex/4109-parser-front-extraction -> origin/archive/cleanup-20261002/codex/4109-parser-front-extraction
2026-10-08T23:51:19.9549009Z  * [new branch]          archive/cleanup-20261002/codex/4109-resource-valued-ports -> origin/archive/cleanup-20261002/codex/4109-resource-valued-ports
2026-10-08T23:51:19.9549918Z  * [new branch]          archive/cleanup-20261002/codex/4109-sequence-cardinality -> origin/archive/cleanup-20261002/codex/4109-sequence-cardinality
2026-10-08T23:51:19.9550801Z  * [new branch]          archive/cleanup-20261002/codex/4109-source-conformance -> origin/archive/cleanup-20261002/codex/4109-source-conformance
2026-10-08T23:51:19.9551503Z  * [new branch]          archive/cleanup-20261002/codex/4109-source-package-lock -> origin/archive/cleanup-20261002/codex/4109-source-package-lock
2026-10-08T23:51:19.9552416Z  * [new branch]          archive/cleanup-20261002/codex/4109-terminal-control-highlighting -> origin/archive/cleanup-20261002/codex/4109-terminal-control-highlighting
2026-10-08T23:51:19.9553208Z  * [new branch]          archive/cleanup-20261002/codex/4109-typed-abnormal-terminal -> origin/archive/cleanup-20261002/codex/4109-typed-abnormal-terminal
2026-10-08T23:51:19.9553921Z  * [new branch]          archive/cleanup-20261002/codex/4115-4167-acceptance-gaps -> origin/archive/cleanup-20261002/codex/4115-4167-acceptance-gaps
2026-10-08T23:51:19.9554611Z  * [new branch]          archive/cleanup-20261002/codex/4115-authored-wardrobe -> origin/archive/cleanup-20261002/codex/4115-authored-wardrobe
2026-10-08T23:51:19.9555269Z  * [new branch]          archive/cleanup-20261002/codex/4115-browser-mask -> origin/archive/cleanup-20261002/codex/4115-browser-mask
2026-10-08T23:51:19.9555915Z  * [new branch]          archive/cleanup-20261002/codex/4115-browser-mask-runtime -> origin/archive/cleanup-20261002/codex/4115-browser-mask-runtime
2026-10-08T23:51:19.9556826Z  * [new branch]          archive/cleanup-20261002/codex/4115-delete-pete-interaction-scaffold -> origin/archive/cleanup-20261002/codex/4115-delete-pete-interaction-scaffold
2026-10-08T23:51:19.9557962Z  * [new branch]          archive/cleanup-20261002/codex/4115-delete-pete-presenter -> origin/archive/cleanup-20261002/codex/4115-delete-pete-presenter
2026-10-08T23:51:19.9559079Z  * [new branch]          archive/cleanup-20261002/codex/4115-face-fore -> origin/archive/cleanup-20261002/codex/4115-face-fore
2026-10-08T23:51:19.9559922Z  * [new branch]          archive/cleanup-20261002/codex/4115-mask-context -> origin/archive/cleanup-20261002/codex/4115-mask-context
2026-10-08T23:51:19.9560947Z  * [new branch]          archive/cleanup-20261002/codex/4115-mask-topology -> origin/archive/cleanup-20261002/codex/4115-mask-topology
2026-10-08T23:51:19.9562011Z  * [new branch]          archive/cleanup-20261002/codex/4115-native-mask-evidence -> origin/archive/cleanup-20261002/codex/4115-native-mask-evidence
2026-10-08T23:51:19.9563061Z  * [new branch]          archive/cleanup-20261002/codex/4115-native-mask-runtime -> origin/archive/cleanup-20261002/codex/4115-native-mask-runtime
2026-10-08T23:51:19.9564024Z  * [new branch]          archive/cleanup-20261002/codex/4115-spoken-generative -> origin/archive/cleanup-20261002/codex/4115-spoken-generative
2026-10-08T23:51:19.9564974Z  * [new branch]          archive/cleanup-20261002/codex/4116-current-snapshot -> origin/archive/cleanup-20261002/codex/4116-current-snapshot
2026-10-08T23:51:19.9565901Z  * [new branch]          archive/cleanup-20261002/codex/4116-durable-body-state -> origin/archive/cleanup-20261002/codex/4116-durable-body-state
2026-10-08T23:51:19.9566920Z  * [new branch]          archive/cleanup-20261002/codex/4116-durable-text-state -> origin/archive/cleanup-20261002/codex/4116-durable-text-state
2026-10-08T23:51:19.9568011Z  * [new branch]          archive/cleanup-20261002/codex/4116-exact-data-generation-contract -> origin/archive/cleanup-20261002/codex/4116-exact-data-generation-contract
2026-10-08T23:51:19.9569115Z  * [new branch]          archive/cleanup-20261002/codex/4116-keep-retention-admission -> origin/archive/cleanup-20261002/codex/4116-keep-retention-admission
2026-10-08T23:51:19.9570163Z  * [new branch]          archive/cleanup-20261002/codex/4116-patchbay-retained-state -> origin/archive/cleanup-20261002/codex/4116-patchbay-retained-state
2026-10-08T23:51:19.9571729Z  * [new branch]          archive/cleanup-20261002/codex/4130-delete-policy-theater -> origin/archive/cleanup-20261002/codex/4130-delete-policy-theater
2026-10-08T23:51:19.9572447Z  * [new branch]          archive/cleanup-20261002/codex/4130-face-grounding -> origin/archive/cleanup-20261002/codex/4130-face-grounding
2026-10-08T23:51:19.9573130Z  * [new branch]          archive/cleanup-20261002/codex/4134-presentation-core -> origin/archive/cleanup-20261002/codex/4134-presentation-core
2026-10-08T23:51:19.9574017Z  * [new branch]          archive/cleanup-20261002/codex/4135-presentation-contributions -> origin/archive/cleanup-20261002/codex/4135-presentation-contributions
2026-10-08T23:51:19.9574723Z  * [new branch]          archive/cleanup-20261002/codex/4136-patchbay-form -> origin/archive/cleanup-20261002/codex/4136-patchbay-form
2026-10-08T23:51:19.9575659Z  * [new branch]          archive/cleanup-20261002/codex/4162-decouple-avr-browser-admission -> origin/archive/cleanup-20261002/codex/4162-decouple-avr-browser-admission
2026-10-08T23:51:19.9576843Z  * [new branch]          archive/cleanup-20261002/codex/4164-delete-dead-product-proof-ci -> origin/archive/cleanup-20261002/codex/4164-delete-dead-product-proof-ci
2026-10-08T23:51:19.9577657Z  * [new branch]          archive/cleanup-20261002/codex/4167-aural-input-contracts -> origin/archive/cleanup-20261002/codex/4167-aural-input-contracts
2026-10-08T23:51:19.9578330Z  * [new branch]          archive/cleanup-20261002/codex/4167-aural-properties -> origin/archive/cleanup-20261002/codex/4167-aural-properties
2026-10-08T23:51:19.9579009Z  * [new branch]          archive/cleanup-20261002/codex/4167-deterministic-aural -> origin/archive/cleanup-20261002/codex/4167-deterministic-aural
2026-10-08T23:51:19.9579678Z  * [new branch]          archive/cleanup-20261002/codex/4167-domain-conformance -> origin/archive/cleanup-20261002/codex/4167-domain-conformance
2026-10-08T23:51:19.9580701Z  * [new branch]          archive/cleanup-20261002/codex/4167-honest-mask-conformance -> origin/archive/cleanup-20261002/codex/4167-honest-mask-conformance
2026-10-08T23:51:19.9581448Z  * [new branch]          archive/cleanup-20261002/codex/4167-ordinary-browser-mask -> origin/archive/cleanup-20261002/codex/4167-ordinary-browser-mask
2026-10-08T23:51:19.9582165Z  * [new branch]          archive/cleanup-20261002/codex/4167-pattern-face -> origin/archive/cleanup-20261002/codex/4167-pattern-face
2026-10-08T23:51:19.9582822Z  * [new branch]          archive/cleanup-20261002/codex/4167-pressure-specimen -> origin/archive/cleanup-20261002/codex/4167-pressure-specimen
2026-10-08T23:51:19.9583542Z  * [new branch]          archive/cleanup-20261002/codex/4167-production-face-participation -> origin/archive/cleanup-20261002/codex/4167-production-face-participation
2026-10-08T23:51:19.9584487Z  * [new branch]          archive/cleanup-20261002/codex/4167-production-patchbay-matrix -> origin/archive/cleanup-20261002/codex/4167-production-patchbay-matrix
2026-10-08T23:51:19.9585209Z  * [new branch]          archive/cleanup-20261002/codex/4167-range-membership -> origin/archive/cleanup-20261002/codex/4167-range-membership
2026-10-08T23:51:19.9585868Z  * [new branch]          archive/cleanup-20261002/codex/4167-real-mask-evidence -> origin/archive/cleanup-20261002/codex/4167-real-mask-evidence
2026-10-08T23:51:19.9586514Z  * [new branch]          archive/cleanup-20261002/codex/4167-specimen-audit -> origin/archive/cleanup-20261002/codex/4167-specimen-audit
2026-10-08T23:51:19.9587172Z  * [new branch]          archive/cleanup-20261002/codex/4173-delete-fourth-product -> origin/archive/cleanup-20261002/codex/4173-delete-fourth-product
2026-10-08T23:51:19.9587922Z  * [new branch]          archive/cleanup-20261002/codex/4174-generative-interaction -> origin/archive/cleanup-20261002/codex/4174-generative-interaction
2026-10-08T23:51:19.9588630Z  * [new branch]          archive/cleanup-20261002/codex/4176-generated-validation -> origin/archive/cleanup-20261002/codex/4176-generated-validation
2026-10-08T23:51:19.9589404Z  * [new branch]          archive/cleanup-20261002/codex/4180-delete-synthetic-human-interaction -> origin/archive/cleanup-20261002/codex/4180-delete-synthetic-human-interaction
2026-10-08T23:51:19.9590229Z  * [new branch]          archive/cleanup-20261002/codex/4182-repair-generative-interaction -> origin/archive/cleanup-20261002/codex/4182-repair-generative-interaction
2026-10-08T23:51:19.9591182Z  * [new branch]          archive/cleanup-20261002/codex/4185-fore-value-bounds -> origin/archive/cleanup-20261002/codex/4185-fore-value-bounds
2026-10-08T23:51:19.9591918Z  * [new branch]          archive/cleanup-20261002/codex/4188-exact-semantic-contract -> origin/archive/cleanup-20261002/codex/4188-exact-semantic-contract
2026-10-08T23:51:19.9592588Z  * [new branch]          archive/cleanup-20261002/codex/4190-causal-dag -> origin/archive/cleanup-20261002/codex/4190-causal-dag
2026-10-08T23:51:19.9593268Z  * [new branch]          archive/cleanup-20261002/codex/4192-semantic-composition-names -> origin/archive/cleanup-20261002/codex/4192-semantic-composition-names
2026-10-08T23:51:19.9594075Z  * [new branch]          archive/cleanup-20261002/codex/4195-remove-pages-rescue -> origin/archive/cleanup-20261002/codex/4195-remove-pages-rescue
2026-10-08T23:51:19.9594727Z  * [new branch]          archive/cleanup-20261002/codex/4197-flow-first -> origin/archive/cleanup-20261002/codex/4197-flow-first
2026-10-08T23:51:19.9595358Z  * [new branch]          archive/cleanup-20261002/codex/4198-inward-face -> origin/archive/cleanup-20261002/codex/4198-inward-face
2026-10-08T23:51:19.9596050Z  * [new branch]          archive/cleanup-20261002/codex/4199-authored-pattern-refinement -> origin/archive/cleanup-20261002/codex/4199-authored-pattern-refinement
2026-10-08T23:51:19.9596767Z  * [new branch]          archive/cleanup-20261002/codex/4199-portable-lookahead -> origin/archive/cleanup-20261002/codex/4199-portable-lookahead
2026-10-08T23:51:19.9597505Z  * [new branch]          archive/cleanup-20261002/codex/4199-refinement-families -> origin/archive/cleanup-20261002/codex/4199-refinement-families
2026-10-08T23:51:19.9598226Z  * [new branch]          archive/cleanup-20261002/codex/4223-remove-final-piper-remnants -> origin/archive/cleanup-20261002/codex/4223-remove-final-piper-remnants
2026-10-08T23:51:19.9599253Z  * [new branch]          archive/cleanup-20261002/codex/4231-body-execution-protocol -> origin/archive/cleanup-20261002/codex/4231-body-execution-protocol
2026-10-08T23:51:19.9600197Z  * [new branch]          archive/cleanup-20261002/codex/4231-body-lifecycle-session-rebuild -> origin/archive/cleanup-20261002/codex/4231-body-lifecycle-session-rebuild
2026-10-08T23:51:19.9601219Z  * [new branch]          archive/cleanup-20261002/codex/4231-browser-membership -> origin/archive/cleanup-20261002/codex/4231-browser-membership
2026-10-08T23:51:19.9602098Z  * [new branch]          archive/cleanup-20261002/codex/4231-browser-vendor-assets -> origin/archive/cleanup-20261002/codex/4231-browser-vendor-assets
2026-10-08T23:51:19.9602848Z  * [new branch]          archive/cleanup-20261002/codex/4231-browser-workbench-assets -> origin/archive/cleanup-20261002/codex/4231-browser-workbench-assets
2026-10-08T23:51:19.9603628Z  * [new branch]          archive/cleanup-20261002/codex/4231-delete-browser-tour-refresh -> origin/archive/cleanup-20261002/codex/4231-delete-browser-tour-refresh
2026-10-08T23:51:19.9604427Z  * [new branch]          archive/cleanup-20261002/codex/4231-delete-dead-browser-carrier-builds -> origin/archive/cleanup-20261002/codex/4231-delete-dead-browser-carrier-builds
2026-10-08T23:51:19.9605219Z  * [new branch]          archive/cleanup-20261002/codex/4231-delete-dead-creche-facade -> origin/archive/cleanup-20261002/codex/4231-delete-dead-creche-facade
2026-10-08T23:51:19.9605993Z  * [new branch]          archive/cleanup-20261002/codex/4231-delete-disabled-browser-ci -> origin/archive/cleanup-20261002/codex/4231-delete-disabled-browser-ci
2026-10-08T23:51:19.9606778Z  * [new branch]          archive/cleanup-20261002/codex/4231-delete-disabled-browser-ci-stage2 -> origin/archive/cleanup-20261002/codex/4231-delete-disabled-browser-ci-stage2
2026-10-08T23:51:19.9607678Z  * [new branch]          archive/cleanup-20261002/codex/4231-delete-disabled-browser-ci-stage2-archive -> origin/archive/cleanup-20261002/codex/4231-delete-disabled-browser-ci-stage2-archive
2026-10-08T23:51:19.9608529Z  * [new branch]          archive/cleanup-20261002/codex/4231-delete-front-controls-facade -> origin/archive/cleanup-20261002/codex/4231-delete-front-controls-facade
2026-10-08T23:51:19.9609424Z  * [new branch]          archive/cleanup-20261002/codex/4231-delete-home-application-speech -> origin/archive/cleanup-20261002/codex/4231-delete-home-application-speech
2026-10-08T23:51:19.9610219Z  * [new branch]          archive/cleanup-20261002/codex/4231-delete-home-evidence -> origin/archive/cleanup-20261002/codex/4231-delete-home-evidence
2026-10-08T23:51:19.9611113Z  * [new branch]          archive/cleanup-20261002/codex/4231-delete-html-coordinator -> origin/archive/cleanup-20261002/codex/4231-delete-html-coordinator
2026-10-08T23:51:19.9611961Z  * [new branch]          archive/cleanup-20261002/codex/4231-delete-patchbay-graph-facade -> origin/archive/cleanup-20261002/codex/4231-delete-patchbay-graph-facade
2026-10-08T23:51:19.9612736Z  * [new branch]          archive/cleanup-20261002/codex/4231-delete-patchbay-seed-alias -> origin/archive/cleanup-20261002/codex/4231-delete-patchbay-seed-alias
2026-10-08T23:51:19.9613503Z  * [new branch]          archive/cleanup-20261002/codex/4231-delete-tour-route-aliases -> origin/archive/cleanup-20261002/codex/4231-delete-tour-route-aliases
2026-10-08T23:51:19.9614281Z  * [new branch]          archive/cleanup-20261002/codex/4231-delete-unused-candidate-adapter -> origin/archive/cleanup-20261002/codex/4231-delete-unused-candidate-adapter
2026-10-08T23:51:19.9615157Z  * [new branch]          archive/cleanup-20261002/codex/4231-delete-workspace-model-pool-v2 -> origin/archive/cleanup-20261002/codex/4231-delete-workspace-model-pool-v2
2026-10-08T23:51:19.9616023Z  * [new branch]          archive/cleanup-20261002/codex/4231-deterministic-microphone-test -> origin/archive/cleanup-20261002/codex/4231-deterministic-microphone-test
2026-10-08T23:51:19.9616754Z  * [new branch]          archive/cleanup-20261002/codex/4231-drop-retired-carrier -> origin/archive/cleanup-20261002/codex/4231-drop-retired-carrier
2026-10-08T23:51:19.9617495Z  * [new branch]          archive/cleanup-20261002/codex/4231-extract-current-host-offers -> origin/archive/cleanup-20261002/codex/4231-extract-current-host-offers
2026-10-08T23:51:19.9618250Z  * [new branch]          archive/cleanup-20261002/codex/4231-extract-maker-workbench -> origin/archive/cleanup-20261002/codex/4231-extract-maker-workbench
2026-10-08T23:51:19.9618953Z  * [new branch]          archive/cleanup-20261002/codex/4231-forms-impact-ownership -> origin/archive/cleanup-20261002/codex/4231-forms-impact-ownership
2026-10-08T23:51:19.9619688Z  * [new branch]          archive/cleanup-20261002/codex/4231-gate-schema-transition -> origin/archive/cleanup-20261002/codex/4231-gate-schema-transition
2026-10-08T23:51:19.9620592Z  * [new branch]          archive/cleanup-20261002/codex/4231-harvest-tour-journey-refresh -> origin/archive/cleanup-20261002/codex/4231-harvest-tour-journey-refresh
2026-10-08T23:51:19.9621359Z  * [new branch]          archive/cleanup-20261002/codex/4231-home-truthful-journey -> origin/archive/cleanup-20261002/codex/4231-home-truthful-journey
2026-10-08T23:51:19.9622025Z  * [new branch]          archive/cleanup-20261002/codex/4231-html-sdk -> origin/archive/cleanup-20261002/codex/4231-html-sdk
2026-10-08T23:51:19.9622682Z  * [new branch]          archive/cleanup-20261002/codex/4231-move-shared-face-toolkit -> origin/archive/cleanup-20261002/codex/4231-move-shared-face-toolkit
2026-10-08T23:51:19.9623464Z  * [new branch]          archive/cleanup-20261002/codex/4231-narrow-pages-carrier-ownership -> origin/archive/cleanup-20261002/codex/4231-narrow-pages-carrier-ownership
2026-10-08T23:51:19.9624252Z  * [new branch]          archive/cleanup-20261002/codex/4231-native-direct-patchbay-graph -> origin/archive/cleanup-20261002/codex/4231-native-direct-patchbay-graph
2026-10-08T23:51:19.9625037Z  * [new branch]          archive/cleanup-20261002/codex/4231-native-patchbay-ci-ownership -> origin/archive/cleanup-20261002/codex/4231-native-patchbay-ci-ownership
2026-10-08T23:51:19.9625797Z  * [new branch]          archive/cleanup-20261002/codex/4231-neutral-lucide -> origin/archive/cleanup-20261002/codex/4231-neutral-lucide
2026-10-08T23:51:19.9626421Z  * [new branch]          archive/cleanup-20261002/codex/4231-neutral-unifont -> origin/archive/cleanup-20261002/codex/4231-neutral-unifont
2026-10-08T23:51:19.9627076Z  * [new branch]          archive/cleanup-20261002/codex/4231-next-cleanup -> origin/archive/cleanup-20261002/codex/4231-next-cleanup
2026-10-08T23:51:19.9627724Z  * [new branch]          archive/cleanup-20261002/codex/4231-next-deletion -> origin/archive/cleanup-20261002/codex/4231-next-deletion
2026-10-08T23:51:19.9628377Z  * [new branch]          archive/cleanup-20261002/codex/4231-pages-current-surfaces -> origin/archive/cleanup-20261002/codex/4231-pages-current-surfaces
2026-10-08T23:51:19.9629112Z  * [new branch]          archive/cleanup-20261002/codex/4231-patchbay-application-move -> origin/archive/cleanup-20261002/codex/4231-patchbay-application-move
2026-10-08T23:51:19.9629842Z  * [new branch]          archive/cleanup-20261002/codex/4231-patchbay-doc-boundary -> origin/archive/cleanup-20261002/codex/4231-patchbay-doc-boundary
2026-10-08T23:51:19.9630730Z  * [new branch]          archive/cleanup-20261002/codex/4231-patchbay-graph-move -> origin/archive/cleanup-20261002/codex/4231-patchbay-graph-move
2026-10-08T23:51:19.9631453Z  * [new branch]          archive/cleanup-20261002/codex/4231-pete-canonical-truth -> origin/archive/cleanup-20261002/codex/4231-pete-canonical-truth
2026-10-08T23:51:19.9632170Z  * [new branch]          archive/cleanup-20261002/codex/4231-pete-inspection -> origin/archive/cleanup-20261002/codex/4231-pete-inspection
2026-10-08T23:51:19.9632898Z  * [new branch]          archive/cleanup-20261002/codex/4231-require-local-integration-gate -> origin/archive/cleanup-20261002/codex/4231-require-local-integration-gate
2026-10-08T23:51:19.9633646Z  * [new branch]          archive/cleanup-20261002/codex/4231-resident-patchbay-form -> origin/archive/cleanup-20261002/codex/4231-resident-patchbay-form
2026-10-08T23:51:19.9634467Z  * [new branch]          archive/cleanup-20261002/codex/4231-retire-browser-application-docs -> origin/archive/cleanup-20261002/codex/4231-retire-browser-application-docs
2026-10-08T23:51:19.9635250Z  * [new branch]          archive/cleanup-20261002/codex/4231-retire-native-tour -> origin/archive/cleanup-20261002/codex/4231-retire-native-tour
2026-10-08T23:51:19.9635999Z  * [new branch]          archive/cleanup-20261002/codex/4231-retire-workspace-model-rebuild -> origin/archive/cleanup-20261002/codex/4231-retire-workspace-model-rebuild
2026-10-08T23:51:19.9636777Z  * [new branch]          archive/cleanup-20261002/codex/4231-sdk-body-participation -> origin/archive/cleanup-20261002/codex/4231-sdk-body-participation
2026-10-08T23:51:19.9637538Z  * [new branch]          archive/cleanup-20261002/codex/4231-sdk-external-body-execution -> origin/archive/cleanup-20261002/codex/4231-sdk-external-body-execution
2026-10-08T23:51:19.9638381Z  * [new branch]          archive/cleanup-20261002/codex/4231-semantic-workspace-readiness -> origin/archive/cleanup-20261002/codex/4231-semantic-workspace-readiness
2026-10-08T23:51:19.9639137Z  * [new branch]          archive/cleanup-20261002/codex/4231-std-patchbay-adapter -> origin/archive/cleanup-20261002/codex/4231-std-patchbay-adapter
2026-10-08T23:51:19.9639877Z  * [new branch]          archive/cleanup-20261002/codex/4231-tour-form-ownership-rebuild -> origin/archive/cleanup-20261002/codex/4231-tour-form-ownership-rebuild
2026-10-08T23:51:19.9640884Z  * [new branch]          archive/cleanup-20261002/codex/4231-tutorial-form-ownership-rebuild -> origin/archive/cleanup-20261002/codex/4231-tutorial-form-ownership-rebuild
2026-10-08T23:51:19.9641625Z  * [new branch]          archive/cleanup-20261002/codex/4231-webrtc-assets -> origin/archive/cleanup-20261002/codex/4231-webrtc-assets
2026-10-08T23:51:19.9642373Z  * [new branch]          archive/cleanup-20261002/codex/4231-workbench-host-contract -> origin/archive/cleanup-20261002/codex/4231-workbench-host-contract
2026-10-08T23:51:19.9643172Z  * [new branch]          archive/cleanup-20261002/codex/4335-fixed-arity-glyphs -> origin/archive/cleanup-20261002/codex/4335-fixed-arity-glyphs
2026-10-08T23:51:19.9643860Z  * [new branch]          archive/cleanup-20261002/codex/4341-host-install-plan -> origin/archive/cleanup-20261002/codex/4341-host-install-plan
2026-10-08T23:51:19.9644527Z  * [new branch]          archive/cleanup-20261002/codex/4381-rust-bindings -> origin/archive/cleanup-20261002/codex/4381-rust-bindings
2026-10-08T23:51:19.9645196Z  * [new branch]          archive/cleanup-20261002/codex/4382-audio-tone-terminal -> origin/archive/cleanup-20261002/codex/4382-audio-tone-terminal
2026-10-08T23:51:19.9645903Z  * [new branch]          archive/cleanup-20261002/codex/4382-consolidated-followup -> origin/archive/cleanup-20261002/codex/4382-consolidated-followup
2026-10-08T23:51:19.9646646Z  * [new branch]          archive/cleanup-20261002/codex/4382-finance-types -> origin/archive/cleanup-20261002/codex/4382-finance-types
2026-10-08T23:51:19.9647304Z  * [new branch]          archive/cleanup-20261002/codex/4382-language-offset -> origin/archive/cleanup-20261002/codex/4382-language-offset
2026-10-08T23:51:19.9647987Z  * [new branch]          archive/cleanup-20261002/codex/4382-portable-variants-2 -> origin/archive/cleanup-20261002/codex/4382-portable-variants-2
2026-10-08T23:51:19.9648671Z  * [new branch]          archive/cleanup-20261002/codex/4383-sugar-inspection -> origin/archive/cleanup-20261002/codex/4383-sugar-inspection
2026-10-08T23:51:19.9649406Z  * [new branch]          archive/cleanup-20261002/codex/4399-bounded-activation -> origin/archive/cleanup-20261002/codex/4399-bounded-activation
2026-10-08T23:51:19.9650177Z  * [new branch]          archive/cleanup-20261002/codex/4399-exact-terminal-contract -> origin/archive/cleanup-20261002/codex/4399-exact-terminal-contract
2026-10-08T23:51:19.9651052Z  * [new branch]          archive/cleanup-20261002/codex/4484-quiescence-mark -> origin/archive/cleanup-20261002/codex/4484-quiescence-mark
2026-10-08T23:51:19.9651738Z  * [new branch]          archive/cleanup-20261002/codex/4639-proof-arithmetic -> origin/archive/cleanup-20261002/codex/4639-proof-arithmetic
2026-10-08T23:51:19.9652462Z  * [new branch]          archive/cleanup-20261002/codex/accidental-4103-preservation -> origin/archive/cleanup-20261002/codex/accidental-4103-preservation
2026-10-08T23:51:19.9653672Z  * [new branch]          archive/cleanup-20261002/codex/archive-4115-parallel-mask-graph -> origin/archive/cleanup-20261002/codex/archive-4115-parallel-mask-graph
2026-10-08T23:51:19.9654459Z  * [new branch]          archive/cleanup-20261002/codex/b-relay-integration -> origin/archive/cleanup-20261002/codex/b-relay-integration
2026-10-08T23:51:19.9655149Z  * [new branch]          archive/cleanup-20261002/codex/ci-browser-artifact-shards -> origin/archive/cleanup-20261002/codex/ci-browser-artifact-shards
2026-10-08T23:51:19.9655908Z  * [new branch]          archive/cleanup-20261002/codex/ci-browser-runtime-upload -> origin/archive/cleanup-20261002/codex/ci-browser-runtime-upload
2026-10-08T23:51:19.9656608Z  * [new branch]          archive/cleanup-20261002/codex/ci-pages-prefix-cleanup -> origin/archive/cleanup-20261002/codex/ci-pages-prefix-cleanup
2026-10-08T23:51:19.9657260Z  * [new branch]          archive/cleanup-20261002/codex/ci-relay-terminal-race -> origin/archive/cleanup-20261002/codex/ci-relay-terminal-race
2026-10-08T23:51:19.9657984Z  * [new branch]          archive/cleanup-20261002/codex/ci-test-only-face-impact -> origin/archive/cleanup-20261002/codex/ci-test-only-face-impact
2026-10-08T23:51:19.9658726Z  * [new branch]          archive/cleanup-20261002/codex/delete-application-view-face-seam -> origin/archive/cleanup-20261002/codex/delete-application-view-face-seam
2026-10-08T23:51:19.9659482Z  * [new branch]          archive/cleanup-20261002/codex/dev-feature-warning-cleanup -> origin/archive/cleanup-20261002/codex/dev-feature-warning-cleanup
2026-10-08T23:51:19.9660504Z  * [new branch]          archive/cleanup-20261002/codex/disable-release-liveness-issues -> origin/archive/cleanup-20261002/codex/disable-release-liveness-issues
2026-10-08T23:51:19.9661343Z  * [new branch]          archive/cleanup-20261002/codex/finite-lifetime-integrated -> origin/archive/cleanup-20261002/codex/finite-lifetime-integrated
2026-10-08T23:51:19.9661999Z  * [new branch]          archive/cleanup-20261002/codex/form-diagram -> origin/archive/cleanup-20261002/codex/form-diagram
2026-10-08T23:51:19.9662612Z  * [new branch]          archive/cleanup-20261002/codex/form-diagram-details -> origin/archive/cleanup-20261002/codex/form-diagram-details
2026-10-08T23:51:19.9663296Z  * [new branch]          archive/cleanup-20261002/codex/form-diagram-orthogonal -> origin/archive/cleanup-20261002/codex/form-diagram-orthogonal
2026-10-08T23:51:19.9664018Z  * [new branch]          archive/cleanup-20261002/codex/form-diagram-port-hierarchy -> origin/archive/cleanup-20261002/codex/form-diagram-port-hierarchy
2026-10-08T23:51:19.9664697Z  * [new branch]          archive/cleanup-20261002/codex/native-planned-line -> origin/archive/cleanup-20261002/codex/native-planned-line
2026-10-08T23:51:19.9665383Z  * [new branch]          archive/cleanup-20261002/codex/owner-browser-participants -> origin/archive/cleanup-20261002/codex/owner-browser-participants
2026-10-08T23:51:19.9666141Z  * [new branch]          archive/cleanup-20261002/codex/release-finalizer-journey-policy -> origin/archive/cleanup-20261002/codex/release-finalizer-journey-policy
2026-10-08T23:51:19.9667004Z  * [new branch]          archive/cleanup-20261002/codex/remove-obsolete-biography-compaction -> origin/archive/cleanup-20261002/codex/remove-obsolete-biography-compaction
2026-10-08T23:51:19.9667777Z  * [new branch]          archive/cleanup-20261002/codex/repair-esp32-locks-minimal -> origin/archive/cleanup-20261002/codex/repair-esp32-locks-minimal
2026-10-08T23:51:19.9668500Z  * [new branch]          archive/cleanup-20261002/codex/repair-esp32-standalone-locks -> origin/archive/cleanup-20261002/codex/repair-esp32-standalone-locks
2026-10-08T23:51:19.9669199Z  * [new branch]          archive/cleanup-20261002/codex/retire-book-compat -> origin/archive/cleanup-20261002/codex/retire-book-compat
2026-10-08T23:51:19.9669854Z  * [new branch]          archive/cleanup-20261002/codex/simplify-browser-check -> origin/archive/cleanup-20261002/codex/simplify-browser-check
2026-10-08T23:51:19.9670847Z  * [new branch]          archive/cleanup-20261002/codex/three-bodies-contract-repair -> origin/archive/cleanup-20261002/codex/three-bodies-contract-repair
2026-10-08T23:51:19.9671614Z  * [new branch]          archive/cleanup-20261002/codex/three-bodies-mask-integration -> origin/archive/cleanup-20261002/codex/three-bodies-mask-integration
2026-10-08T23:51:19.9672477Z  * [new branch]          archive/cleanup-20261002/codex/three-bodies-mask-integration-pre-restack-20260927 -> origin/archive/cleanup-20261002/codex/three-bodies-mask-integration-pre-restack-20260927
2026-10-08T23:51:19.9673392Z  * [new branch]          archive/cleanup-20261002/codex/three-bodies-mask-integration-restacked -> origin/archive/cleanup-20261002/codex/three-bodies-mask-integration-restacked
2026-10-08T23:51:19.9674191Z  * [new branch]          archive/cleanup-20261002/codex/three-bodies-mask-journey -> origin/archive/cleanup-20261002/codex/three-bodies-mask-journey
2026-10-08T23:51:19.9674868Z  * [new branch]          archive/cleanup-20261002/codex/user-operated-relay -> origin/archive/cleanup-20261002/codex/user-operated-relay
2026-10-08T23:51:19.9675557Z  * [new branch]          archive/cleanup-20261002/wip/conduit-4055-package-graph -> origin/archive/cleanup-20261002/wip/conduit-4055-package-graph
2026-10-08T23:51:19.9676265Z  * [new branch]          archive/cleanup-20261002/wip/conduit-4231-tour-form-ownership -> origin/archive/cleanup-20261002/wip/conduit-4231-tour-form-ownership
2026-10-08T23:51:19.9676961Z  * [new branch]          archive/cleanup-20261002/wip/conduit-ci-wiring -> origin/archive/cleanup-20261002/wip/conduit-ci-wiring
2026-10-08T23:51:19.9677672Z  * [new branch]          archive/recovery-20261006/conduit-5131-std-observation -> origin/archive/recovery-20261006/conduit-5131-std-observation
2026-10-08T23:51:19.9678386Z  * [new branch]          archive/recovery-20261006/conduit-5132-browser-monotonic -> origin/archive/recovery-20261006/conduit-5132-browser-monotonic
2026-10-08T23:51:19.9679082Z  * [new branch]          archive/recovery-20261006/conduit-5132-civil-bridge -> origin/archive/recovery-20261006/conduit-5132-civil-bridge
2026-10-08T23:51:19.9679768Z  * [new branch]          archive/recovery-20261006/conduit-5132-conduitos-monotonic -> origin/archive/recovery-20261006/conduit-5132-conduitos-monotonic
2026-10-08T23:51:19.9680585Z  * [new branch]          archive/recovery-20261006/conduit-5132-plan-quality -> origin/archive/recovery-20261006/conduit-5132-plan-quality
2026-10-08T23:51:19.9681348Z  * [new branch]          archive/recovery-20261006/heads/conduit-4807-audio-gate-eae9af1b0d7d -> origin/archive/recovery-20261006/heads/conduit-4807-audio-gate-eae9af1b0d7d
2026-10-08T23:51:19.9682217Z  * [new branch]          archive/recovery-20261006/heads/conduit-4807-host-loss-recovery-f4eb5585f345 -> origin/archive/recovery-20261006/heads/conduit-4807-host-loss-recovery-f4eb5585f345
2026-10-08T23:51:19.9683109Z  * [new branch]          archive/recovery-20261006/heads/conduit-4807-journey-page-b4a67fddab85 -> origin/archive/recovery-20261006/heads/conduit-4807-journey-page-b4a67fddab85
2026-10-08T23:51:19.9684007Z  * [new branch]          archive/recovery-20261006/heads/conduit-4807-same-play-linux-590bbe0a3000 -> origin/archive/recovery-20261006/heads/conduit-4807-same-play-linux-590bbe0a3000
2026-10-08T23:51:19.9684916Z  * [new branch]          archive/recovery-20261006/heads/conduit-4807-spoken-model-budget-5d9341a7844a -> origin/archive/recovery-20261006/heads/conduit-4807-spoken-model-budget-5d9341a7844a
2026-10-08T23:51:19.9685997Z  * [new branch]          archive/recovery-20261006/heads/conduit-browser-interaction-line-b381fad014ff -> origin/archive/recovery-20261006/heads/conduit-browser-interaction-line-b381fad014ff
2026-10-08T23:51:19.9687188Z  * [new branch]          archive/recovery-20261006/heads/conduit-browser-proof-entrance-repair-642de6a88cbd -> origin/archive/recovery-20261006/heads/conduit-browser-proof-entrance-repair-642de6a88cbd
2026-10-08T23:51:19.9688419Z  * [new branch]          archive/recovery-20261006/heads/conduit-current-view-spoken-navigation-6a105d558eb3 -> origin/archive/recovery-20261006/heads/conduit-current-view-spoken-navigation-6a105d558eb3
2026-10-08T23:51:19.9689715Z  * [new branch]          archive/recovery-20261006/heads/conduit-face-plain-language-740cd0fa5a33 -> origin/archive/recovery-20261006/heads/conduit-face-plain-language-740cd0fa5a33
2026-10-08T23:51:19.9691012Z  * [new branch]          archive/recovery-20261006/heads/conduit-journey-publication-60b8af5d843d -> origin/archive/recovery-20261006/heads/conduit-journey-publication-60b8af5d843d
2026-10-08T23:51:19.9692200Z  * [new branch]          archive/recovery-20261006/heads/conduit-mechanical-spoken-face-7f4231508bc4 -> origin/archive/recovery-20261006/heads/conduit-mechanical-spoken-face-7f4231508bc4
2026-10-08T23:51:19.9693244Z  * [new branch]          archive/recovery-20261006/heads/conduit-model-route-restoration-6f5b4819e2d8 -> origin/archive/recovery-20261006/heads/conduit-model-route-restoration-6f5b4819e2d8
2026-10-08T23:51:19.9694276Z  * [new branch]          archive/recovery-20261006/heads/conduit-native-face-graphical-richness-670f598f4eeb -> origin/archive/recovery-20261006/heads/conduit-native-face-graphical-richness-670f598f4eeb
2026-10-08T23:51:19.9695313Z  * [new branch]          archive/recovery-20261006/heads/conduit-native-face-mask-integration-5df58d0415ed -> origin/archive/recovery-20261006/heads/conduit-native-face-mask-integration-5df58d0415ed
2026-10-08T23:51:19.9696385Z  * [new branch]          archive/recovery-20261006/heads/conduit-native-face-snapshot-61a52673d1dc -> origin/archive/recovery-20261006/heads/conduit-native-face-snapshot-61a52673d1dc
2026-10-08T23:51:19.9697421Z  * [new branch]          archive/recovery-20261006/heads/conduit-native-face-tui-richness-727913ceb04a -> origin/archive/recovery-20261006/heads/conduit-native-face-tui-richness-727913ceb04a
2026-10-08T23:51:19.9698366Z  * [new branch]          archive/recovery-20261006/heads/conduit-native-planned-line-b94754cdda55 -> origin/archive/recovery-20261006/heads/conduit-native-planned-line-b94754cdda55
2026-10-08T23:51:19.9699352Z  * [new branch]          archive/recovery-20261006/heads/conduit-native-postbirth-face-mask-4e52baacabb1 -> origin/archive/recovery-20261006/heads/conduit-native-postbirth-face-mask-4e52baacabb1
2026-10-08T23:51:19.9700420Z  * [new branch]          archive/recovery-20261006/heads/conduit-owner-wardrobe-routes-771bc7cd9326 -> origin/archive/recovery-20261006/heads/conduit-owner-wardrobe-routes-771bc7cd9326
2026-10-08T23:51:19.9701391Z  * [new branch]          archive/recovery-20261006/heads/conduit-proof-combined-owner-face-0adf69a52307 -> origin/archive/recovery-20261006/heads/conduit-proof-combined-owner-face-0adf69a52307
2026-10-08T23:51:19.9702347Z  * [new branch]          archive/recovery-20261006/heads/conduit-proof-three-host-owner-face-30e45f6aeb65 -> origin/archive/recovery-20261006/heads/conduit-proof-three-host-owner-face-30e45f6aeb65
2026-10-08T23:51:19.9703302Z  * [new branch]          archive/recovery-20261006/heads/conduit-provisional-owner-route-da74fde0bad5 -> origin/archive/recovery-20261006/heads/conduit-provisional-owner-route-da74fde0bad5
2026-10-08T23:51:19.9704307Z  * [new branch]          archive/recovery-20261006/heads/conduit-provisional-owner-route-member-53c7fc4a19a3 -> origin/archive/recovery-20261006/heads/conduit-provisional-owner-route-member-53c7fc4a19a3
2026-10-08T23:51:19.9705288Z  * [new branch]          archive/recovery-20261006/heads/conduit-provisional-owner-route-tls-6bb71662e4fe -> origin/archive/recovery-20261006/heads/conduit-provisional-owner-route-tls-6bb71662e4fe
2026-10-08T23:51:19.9706228Z  * [new branch]          archive/recovery-20261006/heads/conduit-qemu-audio-capture-05fe631d3394 -> origin/archive/recovery-20261006/heads/conduit-qemu-audio-capture-05fe631d3394
2026-10-08T23:51:19.9707088Z  * [new branch]          archive/recovery-20261006/heads/conduit-readable-terminal-capture-3c2865efc3a3 -> origin/archive/recovery-20261006/heads/conduit-readable-terminal-capture-3c2865efc3a3
2026-10-08T23:51:19.9708079Z  * [new branch]          archive/recovery-20261006/heads/conduit-real-owner-provision-51fd34ab3bd5 -> origin/archive/recovery-20261006/heads/conduit-real-owner-provision-51fd34ab3bd5
2026-10-08T23:51:19.9708947Z  * [new branch]          archive/recovery-20261006/heads/conduit-screen-free-lull-bc7afc639bf1 -> origin/archive/recovery-20261006/heads/conduit-screen-free-lull-bc7afc639bf1
2026-10-08T23:51:19.9709899Z  * [new branch]          archive/recovery-20261006/heads/conduit-selected-speech-browser-proof-20aa799b8819 -> origin/archive/recovery-20261006/heads/conduit-selected-speech-browser-proof-20aa799b8819
2026-10-08T23:51:19.9711129Z  * [new branch]          archive/recovery-20261006/heads/conduit-sequential-external-fore-speech-2301190eff99 -> origin/archive/recovery-20261006/heads/conduit-sequential-external-fore-speech-2301190eff99
2026-10-08T23:51:19.9712143Z  * [new branch]          archive/recovery-20261006/heads/conduit-spoken-face-stream-execution-9727d65c25a3 -> origin/archive/recovery-20261006/heads/conduit-spoken-face-stream-execution-9727d65c25a3
2026-10-08T23:51:19.9713138Z  * [new branch]          archive/recovery-20261006/heads/conduit-terminal-mask-execution-79b95ad06bad -> origin/archive/recovery-20261006/heads/conduit-terminal-mask-execution-79b95ad06bad
2026-10-08T23:51:19.9714015Z  * [new branch]          archive/recovery-20261006/heads/conduit-three-host-llm-f7bac1d0cba4 -> origin/archive/recovery-20261006/heads/conduit-three-host-llm-f7bac1d0cba4
2026-10-08T23:51:19.9714855Z  * [new branch]          archive/recovery-20261006/wip/conduit-4055-package-graph -> origin/archive/recovery-20261006/wip/conduit-4055-package-graph
2026-10-08T23:51:19.9715671Z  * [new branch]          archive/recovery-20261006/wip/conduit-4231-tour-form-ownership -> origin/archive/recovery-20261006/wip/conduit-4231-tour-form-ownership
2026-10-08T23:51:19.9716367Z  * [new branch]          archive/recovery-20261006/wip/conduit-ci-wiring -> origin/archive/recovery-20261006/wip/conduit-ci-wiring
2026-10-08T23:51:19.9717091Z  * [new branch]          archive/recovery-20261006/wip/conduit-native-owner-wardrobe -> origin/archive/recovery-20261006/wip/conduit-native-owner-wardrobe
2026-10-08T23:51:19.9717860Z  * [new branch]          archive/recovery-20261006/wip/conduit-owner-speech-service -> origin/archive/recovery-20261006/wip/conduit-owner-speech-service
2026-10-08T23:51:19.9718538Z  * [new branch]          archive/stopping-20261008/4055-package-graph -> origin/archive/stopping-20261008/4055-package-graph
2026-10-08T23:51:19.9719230Z  * [new branch]          archive/stopping-20261008/4231-tour-form-ownership -> origin/archive/stopping-20261008/4231-tour-form-ownership
2026-10-08T23:51:19.9719861Z  * [new branch]          archive/stopping-20261008/4807-combined-fixture -> origin/archive/stopping-20261008/4807-combined-fixture
2026-10-08T23:51:19.9720592Z  * [new branch]          archive/stopping-20261008/4907-asr -> origin/archive/stopping-20261008/4907-asr
2026-10-08T23:51:19.9721219Z  * [new branch]          archive/stopping-20261008/4907-decode-accounting -> origin/archive/stopping-20261008/4907-decode-accounting
2026-10-08T23:51:19.9721952Z  * [new branch]          archive/stopping-20261008/4907-foundation-browser-proof -> origin/archive/stopping-20261008/4907-foundation-browser-proof
2026-10-08T23:51:19.9722657Z  * [new branch]          archive/stopping-20261008/4907-incremental -> origin/archive/stopping-20261008/4907-incremental
2026-10-08T23:51:19.9723199Z  * [new branch]          archive/stopping-20261008/4907-joint -> origin/archive/stopping-20261008/4907-joint
2026-10-08T23:51:19.9723831Z  * [new branch]          archive/stopping-20261008/4907-native-admission -> origin/archive/stopping-20261008/4907-native-admission
2026-10-08T23:51:19.9724432Z  * [new branch]          archive/stopping-20261008/4907-parser -> origin/archive/stopping-20261008/4907-parser
2026-10-08T23:51:19.9725036Z  * [new branch]          archive/stopping-20261008/4907-production-custody -> origin/archive/stopping-20261008/4907-production-custody
2026-10-08T23:51:19.9725683Z  * [new branch]          archive/stopping-20261008/4907-text-material -> origin/archive/stopping-20261008/4907-text-material
2026-10-08T23:51:19.9726282Z  * [new branch]          archive/stopping-20261008/4907-window8 -> origin/archive/stopping-20261008/4907-window8
2026-10-08T23:51:19.9726911Z  * [new branch]          archive/stopping-20261008/5131-std-observation -> origin/archive/stopping-20261008/5131-std-observation
2026-10-08T23:51:19.9727542Z  * [new branch]          archive/stopping-20261008/5132-browser-monotonic -> origin/archive/stopping-20261008/5132-browser-monotonic
2026-10-08T23:51:19.9728163Z  * [new branch]          archive/stopping-20261008/5132-civil-bridge -> origin/archive/stopping-20261008/5132-civil-bridge
2026-10-08T23:51:19.9728795Z  * [new branch]          archive/stopping-20261008/5132-conduitos-monotonic -> origin/archive/stopping-20261008/5132-conduitos-monotonic
2026-10-08T23:51:19.9729420Z  * [new branch]          archive/stopping-20261008/5132-plan-quality -> origin/archive/stopping-20261008/5132-plan-quality
2026-10-08T23:51:19.9730056Z  * [new branch]          archive/stopping-20261008/ci-wiring -> origin/archive/stopping-20261008/ci-wiring
2026-10-08T23:51:19.9730870Z  * [new branch]          archive/stopping-20261008/native-owner-wardrobe -> origin/archive/stopping-20261008/native-owner-wardrobe
2026-10-08T23:51:19.9731501Z  * [new branch]          archive/stopping-20261008/owner-speech-service -> origin/archive/stopping-20261008/owner-speech-service
2026-10-08T23:51:19.9732133Z  * [new branch]          backup/2026-10-06-4831-ordinary-hid-input -> origin/backup/2026-10-06-4831-ordinary-hid-input
2026-10-08T23:51:19.9732755Z  * [new branch]          backup/2026-10-06-dirty-1-conduit -> origin/backup/2026-10-06-dirty-1-conduit
2026-10-08T23:51:19.9733316Z  * [new branch]          backup/2026-10-06-dirty-2-c302 -> origin/backup/2026-10-06-dirty-2-c302
2026-10-08T23:51:19.9733885Z  * [new branch]          backup/2026-10-06-dirty-4-conduit-4231-complete -> origin/backup/2026-10-06-dirty-4-conduit-4231-complete
2026-10-08T23:51:19.9734502Z  * [new branch]          backup/2026-10-06-usb-device-decode-wip -> origin/backup/2026-10-06-usb-device-decode-wip
2026-10-08T23:51:19.9735034Z  * [new branch]          backup/4103-pre-rebuild     -> origin/backup/4103-pre-rebuild
2026-10-08T23:51:19.9735511Z  * [new branch]          codex/4231-tour-form-ownership -> origin/codex/4231-tour-form-ownership
2026-10-08T23:51:19.9736066Z  * [new branch]          codex/4807-birth-same-play-audio -> origin/codex/4807-birth-same-play-audio
2026-10-08T23:51:19.9736601Z  * [new branch]          codex/4807-browser-timer-package -> origin/codex/4807-browser-timer-package
2026-10-08T23:51:19.9737129Z  * [new branch]          codex/4807-complete-carrier -> origin/codex/4807-complete-carrier
2026-10-08T23:51:19.9737607Z  * [new branch]          codex/4807-live-walkthrough -> origin/codex/4807-live-walkthrough
2026-10-08T23:51:19.9738107Z  * [new branch]          codex/4807-model-route-lifecycle -> origin/codex/4807-model-route-lifecycle
2026-10-08T23:51:19.9738760Z  * [new branch]          codex/4807-partial-site-acceptance -> origin/codex/4807-partial-site-acceptance
2026-10-08T23:51:19.9739252Z  * [new branch]          codex/4807-producer-receipts -> origin/codex/4807-producer-receipts
2026-10-08T23:51:19.9739724Z  * [new branch]          codex/4807-readable-retained-page -> origin/codex/4807-readable-retained-page
2026-10-08T23:51:19.9740267Z  * [new branch]          codex/4807-renderer-contract -> origin/codex/4807-renderer-contract
2026-10-08T23:51:19.9740993Z  * [new branch]          codex/4807-retained-development-publication -> origin/codex/4807-retained-development-publication
2026-10-08T23:51:19.9741586Z  * [new branch]          codex/4807-retained-site-navigation -> origin/codex/4807-retained-site-navigation
2026-10-08T23:51:19.9742116Z  * [new branch]          codex/4807-screen-free-owner-wardrobe -> origin/codex/4807-screen-free-owner-wardrobe
2026-10-08T23:51:19.9742664Z  * [new branch]          codex/4807-screen-free-proof-continuation -> origin/codex/4807-screen-free-proof-continuation
2026-10-08T23:51:19.9743288Z  * [new branch]          codex/4807-screen-free-wardrobe-continuation -> origin/codex/4807-screen-free-wardrobe-continuation
2026-10-08T23:51:19.9743887Z  * [new branch]          codex/4807-spoken-play-sequence -> origin/codex/4807-spoken-play-sequence
2026-10-08T23:51:19.9744381Z  * [new branch]          codex/4807-terminal-owner-replan -> origin/codex/4807-terminal-owner-replan
2026-10-08T23:51:19.9744887Z  * [new branch]          codex/4898-coherent-public-driver -> origin/codex/4898-coherent-public-driver
2026-10-08T23:51:19.9745361Z  * [new branch]          codex/4898-common-greeting  -> origin/codex/4898-common-greeting
2026-10-08T23:51:19.9745826Z  * [new branch]          codex/4898-feature-stream   -> origin/codex/4898-feature-stream
2026-10-08T23:51:19.9746268Z  * [new branch]          codex/4898-fixed-neural     -> origin/codex/4898-fixed-neural
2026-10-08T23:51:19.9746771Z  * [new branch]          codex/4898-numeric-conditioning -> origin/codex/4898-numeric-conditioning
2026-10-08T23:51:19.9747236Z  * [new branch]          codex/4898-pair-storage     -> origin/codex/4898-pair-storage
2026-10-08T23:51:19.9747642Z  * [new branch]          codex/4898-topology         -> origin/codex/4898-topology
2026-10-08T23:51:19.9748099Z  * [new branch]          codex/4907-decode-accounting -> origin/codex/4907-decode-accounting
2026-10-08T23:51:19.9748552Z  * [new branch]          codex/4907-discourse        -> origin/codex/4907-discourse
2026-10-08T23:51:19.9749045Z  * [new branch]          codex/4907-evaluation-identity -> origin/codex/4907-evaluation-identity
2026-10-08T23:51:19.9749571Z  * [new branch]          codex/4907-incremental      -> origin/codex/4907-incremental
2026-10-08T23:51:19.9750021Z  * [new branch]          codex/4907-joint            -> origin/codex/4907-joint
2026-10-08T23:51:19.9750759Z  * [new branch]          codex/4907-learned-integration -> origin/codex/4907-learned-integration
2026-10-08T23:51:19.9751245Z  * [new branch]          codex/4907-lexical          -> origin/codex/4907-lexical
2026-10-08T23:51:19.9751688Z  * [new branch]          codex/4907-native-admission -> origin/codex/4907-native-admission
2026-10-08T23:51:19.9752171Z  * [new branch]          codex/4907-native-evaluation -> origin/codex/4907-native-evaluation
2026-10-08T23:51:19.9752636Z  * [new branch]          codex/4907-native-reuse     -> origin/codex/4907-native-reuse
2026-10-08T23:51:19.9753080Z  * [new branch]          codex/4907-parser           -> origin/codex/4907-parser
2026-10-08T23:51:19.9753573Z  * [new branch]          codex/4907-pitch-trajectory -> origin/codex/4907-pitch-trajectory
2026-10-08T23:51:19.9754014Z  * [new branch]          codex/4907-playback         -> origin/codex/4907-playback
2026-10-08T23:51:19.9754463Z  * [new branch]          codex/4907-playback-proof   -> origin/codex/4907-playback-proof
2026-10-08T23:51:19.9754938Z  * [new branch]          codex/4907-production-custody -> origin/codex/4907-production-custody
2026-10-08T23:51:19.9755490Z  * [new branch]          codex/4907-pronunciation    -> origin/codex/4907-pronunciation
2026-10-08T23:51:19.9755927Z  * [new branch]          codex/4907-prosody          -> origin/codex/4907-prosody
2026-10-08T23:51:19.9756326Z  * [new branch]          codex/4907-scorer           -> origin/codex/4907-scorer
2026-10-08T23:51:19.9756831Z  * [new branch]          codex/4907-speech-coverage  -> origin/codex/4907-speech-coverage
2026-10-08T23:51:19.9757274Z  * [new branch]          codex/4907-window8          -> origin/codex/4907-window8
2026-10-08T23:51:19.9757730Z  * [new branch]          codex/5111-live-proof       -> origin/codex/5111-live-proof
2026-10-08T23:51:19.9758182Z  * [new branch]          codex/5113-pause-checkpoint -> origin/codex/5113-pause-checkpoint
2026-10-08T23:51:19.9758682Z  * [new branch]          codex/5113-paused-aarch64-checkpoint -> origin/codex/5113-paused-aarch64-checkpoint
2026-10-08T23:51:19.9759310Z  * [new branch]          codex/5113-repair-birth-publication-fixture -> origin/codex/5113-repair-birth-publication-fixture
2026-10-08T23:51:19.9759926Z  * [new branch]          codex/5183-numeric-foundation -> origin/codex/5183-numeric-foundation
2026-10-08T23:51:19.9760556Z  * [new branch]          codex/5196-revision-foundation -> origin/codex/5196-revision-foundation
2026-10-08T23:51:19.9761051Z  * [new branch]          codex/5201-biography-archive -> origin/codex/5201-biography-archive
2026-10-08T23:51:19.9761490Z  * [new branch]          codex/5201-live-todo-journey -> origin/codex/5201-live-todo-journey
2026-10-08T23:51:19.9762348Z  * [new branch]          codex/5201-native-return-live-proof -> origin/codex/5201-native-return-live-proof
2026-10-08T23:51:19.9762843Z  * [new branch]          codex/5201-native-return-route -> origin/codex/5201-native-return-route
2026-10-08T23:51:19.9763321Z  * [new branch]          codex/5201-native-todo-qmp  -> origin/codex/5201-native-todo-qmp
2026-10-08T23:51:19.9763794Z  * [new branch]          codex/5201-todo-browser     -> origin/codex/5201-todo-browser
2026-10-08T23:51:19.9764280Z  * [new branch]          codex/5201-todo-face-bindings-experiment -> origin/codex/5201-todo-face-bindings-experiment
2026-10-08T23:51:19.9764832Z  * [new branch]          codex/5201-todo-fresh-producer -> origin/codex/5201-todo-fresh-producer
2026-10-08T23:51:19.9765285Z  * [new branch]          codex/5201-todo-integrated  -> origin/codex/5201-todo-integrated
2026-10-08T23:51:19.9765725Z  * [new branch]          codex/5201-todo-kernel      -> origin/codex/5201-todo-kernel
2026-10-08T23:51:19.9766238Z  * [new branch]          codex/5201-todo-live-producer -> origin/codex/5201-todo-live-producer
2026-10-08T23:51:19.9766712Z  * [new branch]          codex/5201-todo-next-action -> origin/codex/5201-todo-next-action
2026-10-08T23:51:19.9767188Z  * [new branch]          codex/5201-todo-read-encounter -> origin/codex/5201-todo-read-encounter
2026-10-08T23:51:19.9767659Z  * [new branch]          codex/5201-todo-write-receipt -> origin/codex/5201-todo-write-receipt
2026-10-08T23:51:19.9768170Z  * [new branch]          codex/5205-5207-conduitvoice-docs-first -> origin/codex/5205-5207-conduitvoice-docs-first
2026-10-08T23:51:19.9768670Z  * [new branch]          codex/5212-common-intent    -> origin/codex/5212-common-intent
2026-10-08T23:51:19.9769099Z  * [new branch]          codex/5216-audio-foundation -> origin/codex/5216-audio-foundation
2026-10-08T23:51:19.9769576Z  * [new branch]          codex/5216-audio-quantities -> origin/codex/5216-audio-quantities
2026-10-08T23:51:19.9770035Z  * [new branch]          codex/5260-canonical-ipa-ir -> origin/codex/5260-canonical-ipa-ir
2026-10-08T23:51:19.9770712Z  * [new branch]          codex/5260-unicode-ipa      -> origin/codex/5260-unicode-ipa
2026-10-08T23:51:19.9771144Z  * [new branch]          codex/5264-todo-core        -> origin/codex/5264-todo-core
2026-10-08T23:51:19.9771569Z  * [new branch]          codex/5265-todo-continuity  -> origin/codex/5265-todo-continuity
2026-10-08T23:51:19.9772080Z  * [new branch]          codex/5266-speech-selection -> origin/codex/5266-speech-selection
2026-10-08T23:51:19.9772528Z  * [new branch]          codex/5267-todo-masks       -> origin/codex/5267-todo-masks
2026-10-08T23:51:19.9772994Z  * [new branch]          codex/5269-ticker-presentation -> origin/codex/5269-ticker-presentation
2026-10-08T23:51:19.9773446Z  * [new branch]          codex/5300-fresh-boot       -> origin/codex/5300-fresh-boot
2026-10-08T23:51:19.9773906Z  * [new branch]          codex/burn-durable-corpus-cursor -> origin/codex/burn-durable-corpus-cursor
2026-10-08T23:51:19.9774454Z  * [new branch]          codex/integer-categorical-foundation -> origin/codex/integer-categorical-foundation
2026-10-08T23:51:19.9774971Z  * [new branch]          codex/portable-foundations  -> origin/codex/portable-foundations
2026-10-08T23:51:19.9775452Z  * [new branch]          codex/portable-foundations-omnibus -> origin/codex/portable-foundations-omnibus
2026-10-08T23:51:19.9776001Z  * [new branch]          codex/portable-foundations-probe -> origin/codex/portable-foundations-probe
2026-10-08T23:51:19.9776512Z  * [new branch]          codex/todo-direct-opening   -> origin/codex/todo-direct-opening
2026-10-08T23:51:19.9777059Z  * [new branch]          codex/todo-exact-ancestry   -> origin/codex/todo-exact-ancestry
2026-10-08T23:51:19.9777527Z  * [new branch]          codex/todo-model-checkpoint -> origin/codex/todo-model-checkpoint
2026-10-08T23:51:19.9777963Z  * [new branch]          codex/todo-spoken-play      -> origin/codex/todo-spoken-play
2026-10-08T23:51:19.9778460Z  * [new branch]          conduit-visual-evidence-history -> origin/conduit-visual-evidence-history
2026-10-08T23:51:19.9778998Z  * [new branch]          copilot/check-distance-frequency-form -> origin/copilot/check-distance-frequency-form
2026-10-08T23:51:19.9779622Z  * [new branch]          copilot/make-frequency-drive-bounded-pcm -> origin/copilot/make-frequency-drive-bounded-pcm
2026-10-08T23:51:19.9780248Z  * [new branch]          copilot/turn-off-release-liveness-issue-creation -> origin/copilot/turn-off-release-liveness-issue-creation
2026-10-08T23:51:19.9780885Z  * [new branch]          dev                         -> origin/dev
2026-10-08T23:51:19.9781295Z  * [new branch]          gh-pages                    -> origin/gh-pages
2026-10-08T23:51:19.9781666Z  * [new branch]          main                        -> origin/main
2026-10-08T23:51:19.9782157Z  * [new branch]          recovery/4907-custody-reprioritization-20261008 -> origin/recovery/4907-custody-reprioritization-20261008
2026-10-08T23:51:19.9782895Z  * [new branch]          recovery/5183-before-numeric-split-20261008 -> origin/recovery/5183-before-numeric-split-20261008
2026-10-08T23:51:19.9783469Z  * [new branch]          recovery/5278-before-audio-split-20261008 -> origin/recovery/5278-before-audio-split-20261008
2026-10-08T23:51:19.9784101Z  * [new branch]          release/01b016fc7c5c0b3acb5f81078edcf2d9a75c158c -> origin/release/01b016fc7c5c0b3acb5f81078edcf2d9a75c158c
2026-10-08T23:51:19.9784727Z  * [new branch]          release/027c4f423223e98ca051693221165d998cebde8f -> origin/release/027c4f423223e98ca051693221165d998cebde8f
2026-10-08T23:51:19.9785361Z  * [new branch]          release/02ecbc0a99672819bbf5810fca973b76bb361068 -> origin/release/02ecbc0a99672819bbf5810fca973b76bb361068
2026-10-08T23:51:19.9785984Z  * [new branch]          release/0e33ad13100b21424fff64086ba687f62fa1eb06 -> origin/release/0e33ad13100b21424fff64086ba687f62fa1eb06
2026-10-08T23:51:19.9786617Z  * [new branch]          release/0eebcc254044a05e6c3427a4844e627dd6c63b07 -> origin/release/0eebcc254044a05e6c3427a4844e627dd6c63b07
2026-10-08T23:51:19.9787247Z  * [new branch]          release/0fea630c0327fe5b14f3d06c83b45c380836a73e -> origin/release/0fea630c0327fe5b14f3d06c83b45c380836a73e
2026-10-08T23:51:19.9787858Z  * [new branch]          release/11cc70175696782b1c22bc0174fc304c6d0d00a8 -> origin/release/11cc70175696782b1c22bc0174fc304c6d0d00a8
2026-10-08T23:51:19.9788535Z  * [new branch]          release/16eb6053e2888ad28015b437e9a37b8cb6be349d -> origin/release/16eb6053e2888ad28015b437e9a37b8cb6be349d
2026-10-08T23:51:19.9789174Z  * [new branch]          release/1876ecccacef607dec6b529a1d0d7bc89bd25a4f -> origin/release/1876ecccacef607dec6b529a1d0d7bc89bd25a4f
2026-10-08T23:51:19.9789801Z  * [new branch]          release/18bd07bb6c1bf460082fffa408d731b4ea57d73f -> origin/release/18bd07bb6c1bf460082fffa408d731b4ea57d73f
2026-10-08T23:51:19.9790549Z  * [new branch]          release/1afb89711f6c618ab50cb1092dc825fa0f2d8c58 -> origin/release/1afb89711f6c618ab50cb1092dc825fa0f2d8c58
2026-10-08T23:51:19.9791271Z  * [new branch]          release/1b4d7bb3b8ff6b972f7477632c8649b4c160a294 -> origin/release/1b4d7bb3b8ff6b972f7477632c8649b4c160a294
2026-10-08T23:51:19.9791919Z  * [new branch]          release/1ec25b49a70a46125c2e7d79f941cbade5ca7b66 -> origin/release/1ec25b49a70a46125c2e7d79f941cbade5ca7b66
2026-10-08T23:51:19.9792571Z  * [new branch]          release/21f21bab09157ce98dde41888d6584032487adda -> origin/release/21f21bab09157ce98dde41888d6584032487adda
2026-10-08T23:51:19.9793212Z  * [new branch]          release/2685a777ecfa52f6607eab35cc7ca6add9df2229 -> origin/release/2685a777ecfa52f6607eab35cc7ca6add9df2229
2026-10-08T23:51:19.9793911Z  * [new branch]          release/2aacaa6bde9ec1aa3e56abb49999df6dec8a78db -> origin/release/2aacaa6bde9ec1aa3e56abb49999df6dec8a78db
2026-10-08T23:51:19.9794579Z  * [new branch]          release/2e39f2eed5131a6b306f84862d371f70225cb3d4 -> origin/release/2e39f2eed5131a6b306f84862d371f70225cb3d4
2026-10-08T23:51:19.9795212Z  * [new branch]          release/2e7d1b4cd1767dab1b5dd78aa2c101c6aa35924d -> origin/release/2e7d1b4cd1767dab1b5dd78aa2c101c6aa35924d
2026-10-08T23:51:19.9795862Z  * [new branch]          release/332b37e2af034f891153a05b577852c8fd5e7882 -> origin/release/332b37e2af034f891153a05b577852c8fd5e7882
2026-10-08T23:51:19.9796486Z  * [new branch]          release/35a6603a39a6e8b812f5ad49166cf8925f97564f -> origin/release/35a6603a39a6e8b812f5ad49166cf8925f97564f
2026-10-08T23:51:19.9797125Z  * [new branch]          release/36d330035fbc01e05225e9559424f5f14fd0c83a -> origin/release/36d330035fbc01e05225e9559424f5f14fd0c83a
2026-10-08T23:51:19.9797817Z  * [new branch]          release/3907fec0c6256eb1dfb1fee045056c044b33decf -> origin/release/3907fec0c6256eb1dfb1fee045056c044b33decf
2026-10-08T23:51:19.9798444Z  * [new branch]          release/391774a5d5bd753c3bb06c575e3a820ec388bf68 -> origin/release/391774a5d5bd753c3bb06c575e3a820ec388bf68
2026-10-08T23:51:19.9799160Z  * [new branch]          release/3be4914d5fca80e81a4ddddccdd0877db87d4931 -> origin/release/3be4914d5fca80e81a4ddddccdd0877db87d4931
2026-10-08T23:51:19.9799809Z  * [new branch]          release/3d01a7591ef1a42d5f9749999e1028bfde90afd3 -> origin/release/3d01a7591ef1a42d5f9749999e1028bfde90afd3
2026-10-08T23:51:19.9800606Z  * [new branch]          release/3d780e728d1cd5fe57c2dc71569dd8e77fefb57e -> origin/release/3d780e728d1cd5fe57c2dc71569dd8e77fefb57e
2026-10-08T23:51:19.9801324Z  * [new branch]          release/3e0c4967bc8e1c5f1d5eee77e68ec0d1f448595f -> origin/release/3e0c4967bc8e1c5f1d5eee77e68ec0d1f448595f
2026-10-08T23:51:19.9801959Z  * [new branch]          release/408410e23ee2225595f1b6ef3b017868a0fffd6f -> origin/release/408410e23ee2225595f1b6ef3b017868a0fffd6f
2026-10-08T23:51:19.9802601Z  * [new branch]          release/40b553c2f12ab0cfa205b3774509ee9ce639db6d -> origin/release/40b553c2f12ab0cfa205b3774509ee9ce639db6d
2026-10-08T23:51:19.9803235Z  * [new branch]          release/42d6c212f9dac742c92025c5fde8c74dfbde4e47 -> origin/release/42d6c212f9dac742c92025c5fde8c74dfbde4e47
2026-10-08T23:51:19.9803877Z  * [new branch]          release/433bcf390e00ee3f4be396106d8d290d0207699f -> origin/release/433bcf390e00ee3f4be396106d8d290d0207699f
2026-10-08T23:51:19.9804529Z  * [new branch]          release/46ab9c2f68bb17c7194ff78b24ee65ba94917d75 -> origin/release/46ab9c2f68bb17c7194ff78b24ee65ba94917d75
2026-10-08T23:51:19.9805189Z  * [new branch]          release/47cae77611c671d4b44460125f3728f99cf73bb6 -> origin/release/47cae77611c671d4b44460125f3728f99cf73bb6
2026-10-08T23:51:19.9805894Z  * [new branch]          release/4881699e4d922e7106678f2eefbade44ec543a1b -> origin/release/4881699e4d922e7106678f2eefbade44ec543a1b
2026-10-08T23:51:19.9806535Z  * [new branch]          release/49f0eb5c4771b285ce2d17161c7dcd05edfb9a40 -> origin/release/49f0eb5c4771b285ce2d17161c7dcd05edfb9a40
2026-10-08T23:51:19.9807194Z  * [new branch]          release/4a204e1fd258a8e11278ff43edb9665ac85570f0 -> origin/release/4a204e1fd258a8e11278ff43edb9665ac85570f0
2026-10-08T23:51:19.9807815Z  * [new branch]          release/51e9884e3f6738ae8d237987e339f3e198f9d738 -> origin/release/51e9884e3f6738ae8d237987e339f3e198f9d738
2026-10-08T23:51:19.9808464Z  * [new branch]          release/52370b257b6188f2f6aba42cd8065489203ef78f -> origin/release/52370b257b6188f2f6aba42cd8065489203ef78f
2026-10-08T23:51:19.9809110Z  * [new branch]          release/56326c9df80f2b424055b0f2a12323d19248c44f -> origin/release/56326c9df80f2b424055b0f2a12323d19248c44f
2026-10-08T23:51:19.9809742Z  * [new branch]          release/575ebf2b909db91d11451420aa830a4e7235d4ac -> origin/release/575ebf2b909db91d11451420aa830a4e7235d4ac
2026-10-08T23:51:19.9810531Z  * [new branch]          release/5b57fa034dffc60cc5fccc99fb3a0bdd92ca831b -> origin/release/5b57fa034dffc60cc5fccc99fb3a0bdd92ca831b
2026-10-08T23:51:19.9811189Z  * [new branch]          release/5be5340248af5e82a4b5d54410f4ef745afdfa7c -> origin/release/5be5340248af5e82a4b5d54410f4ef745afdfa7c
2026-10-08T23:51:19.9811807Z  * [new branch]          release/5ce79086e3ee0ced0fc4b99df150e64890104971 -> origin/release/5ce79086e3ee0ced0fc4b99df150e64890104971
2026-10-08T23:51:19.9812501Z  * [new branch]          release/6183b3c233a80594a50735725cf78d7df650c40c -> origin/release/6183b3c233a80594a50735725cf78d7df650c40c
2026-10-08T23:51:19.9813136Z  * [new branch]          release/61f8a40a173eb785d0bace51b2c90bcf5c1074a1 -> origin/release/61f8a40a173eb785d0bace51b2c90bcf5c1074a1
2026-10-08T23:51:19.9813805Z  * [new branch]          release/6289b3df16bb9b6d42fb83b2e4c5a72ee03d3ee5 -> origin/release/6289b3df16bb9b6d42fb83b2e4c5a72ee03d3ee5
2026-10-08T23:51:19.9814448Z  * [new branch]          release/62fbfacbbf35fd4aca39c2100c889246352ba819 -> origin/release/62fbfacbbf35fd4aca39c2100c889246352ba819
2026-10-08T23:51:19.9815079Z  * [new branch]          release/6a301334e5ac81c6d40ecc17beedbc1081bf0a84 -> origin/release/6a301334e5ac81c6d40ecc17beedbc1081bf0a84
2026-10-08T23:51:19.9815775Z  * [new branch]          release/6b678a36c965250a1db13d45b293a547d0a78b00 -> origin/release/6b678a36c965250a1db13d45b293a547d0a78b00
2026-10-08T23:51:19.9816474Z  * [new branch]          release/6cc4ba02f2139716e454da8463ff28f0b3502814 -> origin/release/6cc4ba02f2139716e454da8463ff28f0b3502814
2026-10-08T23:51:19.9817119Z  * [new branch]          release/6cc58a14764208543fad460bce5f6bf2a207d82d -> origin/release/6cc58a14764208543fad460bce5f6bf2a207d82d
2026-10-08T23:51:19.9817754Z  * [new branch]          release/6efc44762c0c8c9779b51bbe86dc382dd1aeced7 -> origin/release/6efc44762c0c8c9779b51bbe86dc382dd1aeced7
2026-10-08T23:51:19.9818384Z  * [new branch]          release/7014e10ccb2c6fe3559b8ffe533a5917b76bc862 -> origin/release/7014e10ccb2c6fe3559b8ffe533a5917b76bc862
2026-10-08T23:51:19.9819039Z  * [new branch]          release/7283954d16316a912e6af790e871b61008ff4a29 -> origin/release/7283954d16316a912e6af790e871b61008ff4a29
2026-10-08T23:51:19.9819717Z  * [new branch]          release/739718c80a7ca8894ab9e36d4c82fcd4c19e583c -> origin/release/739718c80a7ca8894ab9e36d4c82fcd4c19e583c
2026-10-08T23:51:19.9820427Z  * [new branch]          release/7529270b3e51606f3485840b4a74053c5bea07b8 -> origin/release/7529270b3e51606f3485840b4a74053c5bea07b8
2026-10-08T23:51:19.9821075Z  * [new branch]          release/770a4a62474e78da3c2a0ccddd3b2fa3591f8197 -> origin/release/770a4a62474e78da3c2a0ccddd3b2fa3591f8197
2026-10-08T23:51:19.9821697Z  * [new branch]          release/78d8e98b5d8b38562a0c2f6ec055b0cc84d8d90d -> origin/release/78d8e98b5d8b38562a0c2f6ec055b0cc84d8d90d
2026-10-08T23:51:19.9822414Z  * [new branch]          release/7991e50b4c8756ad2be2c0f238c6b220e325c6ee -> origin/release/7991e50b4c8756ad2be2c0f238c6b220e325c6ee
2026-10-08T23:51:19.9823100Z  * [new branch]          release/7acbc416d21386ea60c6618978994ba83dac8136 -> origin/release/7acbc416d21386ea60c6618978994ba83dac8136
2026-10-08T23:51:19.9823738Z  * [new branch]          release/7b03d378423fbdcc493fa901b1a72130379acc4d -> origin/release/7b03d378423fbdcc493fa901b1a72130379acc4d
2026-10-08T23:51:19.9824370Z  * [new branch]          release/7d85e8394ad575bdbe268a2944232b3c72c37b08 -> origin/release/7d85e8394ad575bdbe268a2944232b3c72c37b08
2026-10-08T23:51:19.9824984Z  * [new branch]          release/81a135cba4490794085bbcfd0b09b51db1db2134 -> origin/release/81a135cba4490794085bbcfd0b09b51db1db2134
2026-10-08T23:51:19.9825642Z  * [new branch]          release/84904771e67ccbd6bf87b80ccdf31a4eacf0fb0e -> origin/release/84904771e67ccbd6bf87b80ccdf31a4eacf0fb0e
2026-10-08T23:51:19.9826307Z  * [new branch]          release/864964ce59531d3fda3b9ae676dad14d25dcca0a -> origin/release/864964ce59531d3fda3b9ae676dad14d25dcca0a
2026-10-08T23:51:19.9826990Z  * [new branch]          release/87e368092bd4cc72240cb1229a84d30a360a7f90 -> origin/release/87e368092bd4cc72240cb1229a84d30a360a7f90
2026-10-08T23:51:19.9827627Z  * [new branch]          release/8818b446aa6faf01dfe901cb20126ee4256edc97 -> origin/release/8818b446aa6faf01dfe901cb20126ee4256edc97
2026-10-08T23:51:19.9828262Z  * [new branch]          release/8ac24a8eea83cae06158b85208d90979a89493e8 -> origin/release/8ac24a8eea83cae06158b85208d90979a89493e8
2026-10-08T23:51:19.9828932Z  * [new branch]          release/8b216ee721a3fe492fd0d02fb4a3fa4b606519c1 -> origin/release/8b216ee721a3fe492fd0d02fb4a3fa4b606519c1
2026-10-08T23:51:19.9829635Z  * [new branch]          release/976463aa709f43db46d89f7d55898ea2db3e17a4 -> origin/release/976463aa709f43db46d89f7d55898ea2db3e17a4
2026-10-08T23:51:19.9830387Z  * [new branch]          release/99d3dd46a2fe01d7d117184921c9aff7da33f7d7 -> origin/release/99d3dd46a2fe01d7d117184921c9aff7da33f7d7
2026-10-08T23:51:19.9831066Z  * [new branch]          release/9bf8f89bd937e2a3e13c128a10dfa1b63f51d893 -> origin/release/9bf8f89bd937e2a3e13c128a10dfa1b63f51d893
2026-10-08T23:51:19.9831696Z  * [new branch]          release/a06600168677a5d91ab293cc04b0d0ebce382344 -> origin/release/a06600168677a5d91ab293cc04b0d0ebce382344
2026-10-08T23:51:19.9832360Z  * [new branch]          release/a12eb786d4ced5b57dfa550bec0581fec9c5c2d7 -> origin/release/a12eb786d4ced5b57dfa550bec0581fec9c5c2d7
2026-10-08T23:51:19.9833060Z  * [new branch]          release/a3b6edf83b4c5354b7c2091e6109188b2eb872ab -> origin/release/a3b6edf83b4c5354b7c2091e6109188b2eb872ab
2026-10-08T23:51:19.9833728Z  * [new branch]          release/a6cbe9eec12feeeddfc2e88cce7d7a4a592b5fbe -> origin/release/a6cbe9eec12feeeddfc2e88cce7d7a4a592b5fbe
2026-10-08T23:51:19.9834420Z  * [new branch]          release/a95efd41d209df01ada6e1b6eb0ad3a31694d61f -> origin/release/a95efd41d209df01ada6e1b6eb0ad3a31694d61f
2026-10-08T23:51:19.9835061Z  * [new branch]          release/aa0207c094edc5c3d999a84b4bd94ffe84244ea0 -> origin/release/aa0207c094edc5c3d999a84b4bd94ffe84244ea0
2026-10-08T23:51:19.9835765Z  * [new branch]          release/ad9df47da8e98e3d3f206df1a9bdbeae29e7655d -> origin/release/ad9df47da8e98e3d3f206df1a9bdbeae29e7655d
2026-10-08T23:51:19.9836408Z  * [new branch]          release/adc05effe82356458007207c4fdb989243741b18 -> origin/release/adc05effe82356458007207c4fdb989243741b18
2026-10-08T23:51:19.9837076Z  * [new branch]          release/ade28c3ac6f3f694b29513c2abb32f77bdd36575 -> origin/release/ade28c3ac6f3f694b29513c2abb32f77bdd36575
2026-10-08T23:51:19.9837744Z  * [new branch]          release/ae8b29c1cf932618566452ff43d0185af05e3569 -> origin/release/ae8b29c1cf932618566452ff43d0185af05e3569
2026-10-08T23:51:19.9838379Z  * [new branch]          release/afd39cf25c43f2b21be9ec65776b7c5a99d888c7 -> origin/release/afd39cf25c43f2b21be9ec65776b7c5a99d888c7
2026-10-08T23:51:19.9839101Z  * [new branch]          release/b0486c6c03d1dc06a819b0badf83c28249258a81 -> origin/release/b0486c6c03d1dc06a819b0badf83c28249258a81
2026-10-08T23:51:19.9839737Z  * [new branch]          release/b0ffd1310b07601ea4d960fd2a5b7fdbe86d2cd4 -> origin/release/b0ffd1310b07601ea4d960fd2a5b7fdbe86d2cd4
2026-10-08T23:51:19.9840556Z  * [new branch]          release/b4583786bbe1639ea1467f504543febffa7003a9 -> origin/release/b4583786bbe1639ea1467f504543febffa7003a9
2026-10-08T23:51:19.9841214Z  * [new branch]          release/b8979d81802c06a204dac1cce6d4c3adee14f7a7 -> origin/release/b8979d81802c06a204dac1cce6d4c3adee14f7a7
2026-10-08T23:51:19.9841924Z  * [new branch]          release/b8bbd828afd1456faf7bd7c519e09d50f6406f51 -> origin/release/b8bbd828afd1456faf7bd7c519e09d50f6406f51
2026-10-08T23:51:19.9842583Z  * [new branch]          release/ba5ab1438e6c5f55bee71043e0ae2d5c552bfbe9 -> origin/release/ba5ab1438e6c5f55bee71043e0ae2d5c552bfbe9
2026-10-08T23:51:19.9843234Z  * [new branch]          release/bac20dafac992040846f1dd7e5cc53be615f1784 -> origin/release/bac20dafac992040846f1dd7e5cc53be615f1784
2026-10-08T23:51:19.9843891Z  * [new branch]          release/bacb1971de3756ecbe7144639fb5de16b9fd60e5 -> origin/release/bacb1971de3756ecbe7144639fb5de16b9fd60e5
2026-10-08T23:51:19.9844526Z  * [new branch]          release/bbdfe6c4ce74985a875994a69de7c933db561686 -> origin/release/bbdfe6c4ce74985a875994a69de7c933db561686
2026-10-08T23:51:19.9845205Z  * [new branch]          release/bc302dbe73d11032875e6f153776d360e5289303 -> origin/release/bc302dbe73d11032875e6f153776d360e5289303
2026-10-08T23:51:19.9845856Z  * [new branch]          release/bc78963dfba895c2fa36b0b6bc3c13957b280f70 -> origin/release/bc78963dfba895c2fa36b0b6bc3c13957b280f70
2026-10-08T23:51:19.9846498Z  * [new branch]          release/bfbd3f46a3be7aed6c3bbe870ed7af184679b9d8 -> origin/release/bfbd3f46a3be7aed6c3bbe870ed7af184679b9d8
2026-10-08T23:51:19.9847148Z  * [new branch]          release/c256418f3e375a1d261a80fff6cf05cdb2bd7ad1 -> origin/release/c256418f3e375a1d261a80fff6cf05cdb2bd7ad1
2026-10-08T23:51:19.9847797Z  * [new branch]          release/c3b298831ee42b6bd636b08d5cafe6032bb6a54b -> origin/release/c3b298831ee42b6bd636b08d5cafe6032bb6a54b
2026-10-08T23:51:19.9848438Z  * [new branch]          release/c5af0cc2150500a03535cad6ce69e6b42fa59a81 -> origin/release/c5af0cc2150500a03535cad6ce69e6b42fa59a81
2026-10-08T23:51:19.9849136Z  * [new branch]          release/c618372861a64aaac9c6f1ee31e7a31c77dbc4f3 -> origin/release/c618372861a64aaac9c6f1ee31e7a31c77dbc4f3
2026-10-08T23:51:19.9849837Z  * [new branch]          release/c8e97dd8ba7748bc9848da531aeccfbd7fc234ee -> origin/release/c8e97dd8ba7748bc9848da531aeccfbd7fc234ee
2026-10-08T23:51:19.9850651Z  * [new branch]          release/ca076749aa14b1e3a5d964d9dba32115f018ca2f -> origin/release/ca076749aa14b1e3a5d964d9dba32115f018ca2f
2026-10-08T23:51:19.9851305Z  * [new branch]          release/ca778e0e9d3f0304bb29cfa96b8622fdcb7df823 -> origin/release/ca778e0e9d3f0304bb29cfa96b8622fdcb7df823
2026-10-08T23:51:19.9851942Z  * [new branch]          release/ce3619665f4cd7683e625c5b63e657ee9101be65 -> origin/release/ce3619665f4cd7683e625c5b63e657ee9101be65
2026-10-08T23:51:19.9852625Z  * [new branch]          release/d083598e5fe74c69ebb7759693d9cb6a359409af -> origin/release/d083598e5fe74c69ebb7759693d9cb6a359409af
2026-10-08T23:51:19.9853269Z  * [new branch]          release/d2dd87601dc2e1dbbc1d8ab5e858fbf8fe9a115f -> origin/release/d2dd87601dc2e1dbbc1d8ab5e858fbf8fe9a115f
2026-10-08T23:51:19.9853921Z  * [new branch]          release/d509ccd9a0b69c11e23329a009200d4130f39434 -> origin/release/d509ccd9a0b69c11e23329a009200d4130f39434
2026-10-08T23:51:19.9854576Z  * [new branch]          release/d66c1eaf35afcdea06860385954f13142a725ec9 -> origin/release/d66c1eaf35afcdea06860385954f13142a725ec9
2026-10-08T23:51:19.9855189Z  * [new branch]          release/db6365499ff3424d9502f9380eb09eacf6cc357c -> origin/release/db6365499ff3424d9502f9380eb09eacf6cc357c
2026-10-08T23:51:19.9855846Z  * [new branch]          release/dca5553bca9bf40611ee70f6c495b468234b8f2e -> origin/release/dca5553bca9bf40611ee70f6c495b468234b8f2e
2026-10-08T23:51:19.9856571Z  * [new branch]          release/dce9fe6a1e35bab4fe174cf1a93d0e593824b43e -> origin/release/dce9fe6a1e35bab4fe174cf1a93d0e593824b43e
2026-10-08T23:51:19.9857224Z  * [new branch]          release/de93fa716c88cdb8e181d2b46f9222f5d6112ca3 -> origin/release/de93fa716c88cdb8e181d2b46f9222f5d6112ca3
2026-10-08T23:51:19.9857878Z  * [new branch]          release/e52b3d96c6e04335106ad3e389fcb2504eaca8e1 -> origin/release/e52b3d96c6e04335106ad3e389fcb2504eaca8e1
2026-10-08T23:51:19.9858497Z  * [new branch]          release/e678ab559e9ff0aa8452175d45ac3ac02d1819d4 -> origin/release/e678ab559e9ff0aa8452175d45ac3ac02d1819d4
2026-10-08T23:51:19.9859159Z  * [new branch]          release/eb928febf145ac21562dbc1692abf02af2bc2dc6 -> origin/release/eb928febf145ac21562dbc1692abf02af2bc2dc6
2026-10-08T23:51:19.9859834Z  * [new branch]          release/ed28a4d18e55736a06c44032162e107c0d955bf1 -> origin/release/ed28a4d18e55736a06c44032162e107c0d955bf1
2026-10-08T23:51:19.9860552Z  * [new branch]          release/f06a7fe7ba212f285a2243d9715d5b0732077cb6 -> origin/release/f06a7fe7ba212f285a2243d9715d5b0732077cb6
2026-10-08T23:51:19.9861227Z  * [new branch]          release/f2362d62dcc4e63de0bddac86c3467dc4c78f365 -> origin/release/f2362d62dcc4e63de0bddac86c3467dc4c78f365
2026-10-08T23:51:19.9861848Z  * [new branch]          release/f243cd2601899e3ff76086cccf63ff5aecef6c66 -> origin/release/f243cd2601899e3ff76086cccf63ff5aecef6c66
2026-10-08T23:51:19.9862514Z  * [new branch]          release/f281d74a32aca69863f2fcf70d6c857d105540c7 -> origin/release/f281d74a32aca69863f2fcf70d6c857d105540c7
2026-10-08T23:51:19.9863151Z  * [new branch]          release/f562fa371ff703d3b0e8f325aafb4e4a284794a4 -> origin/release/f562fa371ff703d3b0e8f325aafb4e4a284794a4
2026-10-08T23:51:19.9863840Z  * [new branch]          release/f967dead4f207c8fc856f2c3a9fb2cd4cb2fde73 -> origin/release/f967dead4f207c8fc856f2c3a9fb2cd4cb2fde73
2026-10-08T23:51:19.9864498Z  * [new branch]          release/fadea97b3560d40363148778b21dd15fc1fc19ff -> origin/release/fadea97b3560d40363148778b21dd15fc1fc19ff
2026-10-08T23:51:19.9865122Z  * [new branch]          release/fdc9be1cd6dc2c2b918ef92bb52b5ee87c80e9cf -> origin/release/fdc9be1cd6dc2c2b918ef92bb52b5ee87c80e9cf
2026-10-08T23:51:19.9865787Z  * [new branch]          release/fdd0852745a0b1d9ac39f5a7766f3378039561e2 -> origin/release/fdd0852745a0b1d9ac39f5a7766f3378039561e2
2026-10-08T23:51:19.9866412Z  * [new branch]          release/ffe6802225f68923f998a32c3b6342f9730cf946 -> origin/release/ffe6802225f68923f998a32c3b6342f9730cf946
2026-10-08T23:51:19.9867197Z  * [new tag]             journey-evidence/36e0071f040196340c2a5458b096ff012d30e127 -> journey-evidence/36e0071f040196340c2a5458b096ff012d30e127
2026-10-08T23:51:19.9867881Z  * [new tag]             journey-evidence/53659025933f2bbec9dea3c53aaa4aa716a83227 -> journey-evidence/53659025933f2bbec9dea3c53aaa4aa716a83227
2026-10-08T23:51:19.9868428Z  * [new tag]             pre-reboot-2026-08-04       -> pre-reboot-2026-08-04
2026-10-08T23:51:19.9868849Z  * [new tag]             reboot-0                    -> reboot-0
2026-10-08T23:51:19.9869268Z  * [new tag]             reboot-prototype-2026-08-04 -> reboot-prototype-2026-08-04
2026-10-08T23:51:19.9869795Z  * [new tag]             reboot-prototype-copy-risk-2026-08-04 -> reboot-prototype-copy-risk-2026-08-04
2026-10-08T23:51:19.9870658Z  * [new tag]             recovery/20261006/local/codex-3709-learned-lifecycle-3e095d570aeb -> recovery/20261006/local/codex-3709-learned-lifecycle-3e095d570aeb
2026-10-08T23:51:19.9871436Z  * [new tag]             recovery/20261006/local/codex-3938-matched-routing-bec30bfec43d -> recovery/20261006/local/codex-3938-matched-routing-bec30bfec43d
2026-10-08T23:51:19.9872243Z  * [new tag]             recovery/20261006/local/codex-4055-canonical-spelling-5f8969950f5d -> recovery/20261006/local/codex-4055-canonical-spelling-5f8969950f5d
2026-10-08T23:51:19.9873009Z  * [new tag]             recovery/20261006/local/codex-4055-package-imports-d969a15e35f9 -> recovery/20261006/local/codex-4055-package-imports-d969a15e35f9
2026-10-08T23:51:19.9873858Z  * [new tag]             recovery/20261006/local/codex-4059-named-type-parameters-e16d044e6ab5 -> recovery/20261006/local/codex-4059-named-type-parameters-e16d044e6ab5
2026-10-08T23:51:19.9874706Z  * [new tag]             recovery/20261006/local/codex-4064-per-input-terminal-e42d44ffe61d -> recovery/20261006/local/codex-4064-per-input-terminal-e42d44ffe61d
2026-10-08T23:51:19.9875531Z  * [new tag]             recovery/20261006/local/codex-4081-journey-release-separation-ff49a8ea298b -> recovery/20261006/local/codex-4081-journey-release-separation-ff49a8ea298b
2026-10-08T23:51:19.9876391Z  * [new tag]             recovery/20261006/local/codex-4109-abnormal-composition-9e04f0b5fff8 -> recovery/20261006/local/codex-4109-abnormal-composition-9e04f0b5fff8
2026-10-08T23:51:19.9877160Z  * [new tag]             recovery/20261006/local/codex-4109-language-canon-4a2f8e93b258 -> recovery/20261006/local/codex-4109-language-canon-4a2f8e93b258
2026-10-08T23:51:19.9877992Z  * [new tag]             recovery/20261006/local/codex-4109-runtime-terminal-transduction-897e7b97dd1c -> recovery/20261006/local/codex-4109-runtime-terminal-transduction-897e7b97dd1c
2026-10-08T23:51:19.9878886Z  * [new tag]             recovery/20261006/local/codex-4115-mask-fore-execution-8e4402e6c56e -> recovery/20261006/local/codex-4115-mask-fore-execution-8e4402e6c56e
2026-10-08T23:51:19.9879608Z  * [new tag]             recovery/20261006/local/codex-4115-mask-forms-fd398708a6bf -> recovery/20261006/local/codex-4115-mask-forms-fd398708a6bf
2026-10-08T23:51:19.9880477Z  * [new tag]             recovery/20261006/local/codex-4115-three-bodies-0dd121f8f68d -> recovery/20261006/local/codex-4115-three-bodies-0dd121f8f68d
2026-10-08T23:51:19.9881262Z  * [new tag]             recovery/20261006/local/codex-4199-negated-refinements-5f8969950f5d -> recovery/20261006/local/codex-4199-negated-refinements-5f8969950f5d
2026-10-08T23:51:19.9882035Z  * [new tag]             recovery/20261006/local/codex-4199-value-constraints-5082b0bfdcdb -> recovery/20261006/local/codex-4199-value-constraints-5082b0bfdcdb
2026-10-08T23:51:19.9882820Z  * [new tag]             recovery/20261006/local/codex-4223-remove-piper-a41e5cf90cd6 -> recovery/20261006/local/codex-4223-remove-piper-a41e5cf90cd6
2026-10-08T23:51:19.9883544Z  * [new tag]             recovery/20261006/local/codex-4231-html-browser-face-sdk-670f1e273942 -> recovery/20261006/local/codex-4231-html-browser-face-sdk-670f1e273942
2026-10-08T23:51:19.9884519Z  * [new tag]             recovery/20261006/local/codex-4335-glyph-prelude-f9ab157190d1 -> recovery/20261006/local/codex-4335-glyph-prelude-f9ab157190d1
2026-10-08T23:51:19.9885533Z  * [new tag]             recovery/20261006/local/codex-4340-hostile-join-refusals-999e4f6d9f1e -> recovery/20261006/local/codex-4340-hostile-join-refusals-999e4f6d9f1e
2026-10-08T23:51:19.9886329Z  * [new tag]             recovery/20261006/local/codex-4340-portable-invitation-d05ce370d2cb -> recovery/20261006/local/codex-4340-portable-invitation-d05ce370d2cb
2026-10-08T23:51:19.9887196Z  * [new tag]             recovery/20261006/local/codex-next-board-slice-709aa621e33a -> recovery/20261006/local/codex-next-board-slice-709aa621e33a
2026-10-08T23:51:19.9887916Z  * [new tag]             recovery/20261006/local/codex-rename-fabricate-to-make-97268783f0c5 -> recovery/20261006/local/codex-rename-fabricate-to-make-97268783f0c5
2026-10-08T23:51:19.9888697Z  * [new tag]             recovery/20261006/local/codex-repair-3709-host-shard-2547113a182e -> recovery/20261006/local/codex-repair-3709-host-shard-2547113a182e
2026-10-08T23:51:19.9889467Z  * [new tag]             recovery/20261006/retired-local/codex-4376-native-types-c5d1e50ce8ff -> recovery/20261006/retired-local/codex-4376-native-types-c5d1e50ce8ff
2026-10-08T23:51:19.9890401Z  * [new tag]             recovery/20261006/retired-local/codex-4382-consolidated-migrations-054ac5419d7f -> recovery/20261006/retired-local/codex-4382-consolidated-migrations-054ac5419d7f
2026-10-08T23:51:19.9891383Z  * [new tag]             recovery/20261006/retired-local/codex-4382-domain-variants-36288c75d9e8 -> recovery/20261006/retired-local/codex-4382-domain-variants-36288c75d9e8
2026-10-08T23:51:19.9892177Z  * [new tag]             recovery/20261006/retired-local/codex-4382-finance-comparison-d9c3957e9dc5 -> recovery/20261006/retired-local/codex-4382-finance-comparison-d9c3957e9dc5
2026-10-08T23:51:19.9893186Z  * [new tag]             recovery/20261006/retired-local/codex-4382-unit-variant-traits-aaff8e2da5fe -> recovery/20261006/retired-local/codex-4382-unit-variant-traits-aaff8e2da5fe
2026-10-08T23:51:19.9894076Z  * [new tag]             recovery/20261006/retired-local/codex-b-3718-presentation-contracts-d2888b56f8c4 -> recovery/20261006/retired-local/codex-b-3718-presentation-contracts-d2888b56f8c4
2026-10-08T23:51:19.9895010Z  * [new tag]             recovery/20261006/retired-local/codex-ci-one-body-evidence-scope-9a14c1d1e828 -> recovery/20261006/retired-local/codex-ci-one-body-evidence-scope-9a14c1d1e828
2026-10-08T23:51:19.9895824Z  * [new tag]             recovery/20261006/retired/codex-3529-flagship-journey-08df5b8b5f95 -> recovery/20261006/retired/codex-3529-flagship-journey-08df5b8b5f95
2026-10-08T23:51:19.9896542Z  * [new tag]             recovery/20261006/retired/codex-3666-bounded-cbor-5f9d1f144ee8 -> recovery/20261006/retired/codex-3666-bounded-cbor-5f9d1f144ee8
2026-10-08T23:51:19.9897328Z  * [new tag]             recovery/20261006/retired/codex-3686-emergency-machine-c770fade6735 -> recovery/20261006/retired/codex-3686-emergency-machine-c770fade6735
2026-10-08T23:51:19.9898157Z  * [new tag]             recovery/20261006/retired/codex-3746-retire-standalone-creche-proof-3bfd17115e94 -> recovery/20261006/retired/codex-3746-retire-standalone-creche-proof-3bfd17115e94
2026-10-08T23:51:19.9899034Z  * [new tag]             recovery/20261006/retired/codex-3864-presentation-step-1d28e91754ea -> recovery/20261006/retired/codex-3864-presentation-step-1d28e91754ea
2026-10-08T23:51:19.9899755Z  * [new tag]             recovery/20261006/retired/codex-4115-4117-finish-2a90dea6327b -> recovery/20261006/retired/codex-4115-4117-finish-2a90dea6327b
2026-10-08T23:51:19.9900586Z  * [new tag]             recovery/20261006/retired/codex-4115-native-mask-runtime-4a92e6c313f9 -> recovery/20261006/retired/codex-4115-native-mask-runtime-4a92e6c313f9
2026-10-08T23:51:19.9901431Z  * [new tag]             recovery/20261006/retired/codex-4115-spoken-generative-f0aa487a16d3 -> recovery/20261006/retired/codex-4115-spoken-generative-f0aa487a16d3
2026-10-08T23:51:19.9902318Z  * [new tag]             recovery/20261006/retired/codex-4117-conduitos-resource-vertical-f5b854e7512a -> recovery/20261006/retired/codex-4117-conduitos-resource-vertical-f5b854e7512a
2026-10-08T23:51:19.9903194Z  * [new tag]             recovery/20261006/retired/codex-4117-host-source-admission-3e1d333540b4 -> recovery/20261006/retired/codex-4117-host-source-admission-3e1d333540b4
2026-10-08T23:51:19.9903998Z  * [new tag]             recovery/20261006/retired/codex-4117-runtime-possession-6687634e5f79 -> recovery/20261006/retired/codex-4117-runtime-possession-6687634e5f79
2026-10-08T23:51:19.9904751Z  * [new tag]             recovery/20261006/retired/codex-4134-semantic-names-200b51188ff9 -> recovery/20261006/retired/codex-4134-semantic-names-200b51188ff9
2026-10-08T23:51:19.9905595Z  * [new tag]             recovery/20261006/retired/codex-4231-body-lifecycle-session-df254c589d71 -> recovery/20261006/retired/codex-4231-body-lifecycle-session-df254c589d71
2026-10-08T23:51:19.9906447Z  * [new tag]             recovery/20261006/retired/codex-4231-browser-admission-matrix-f461b346125d -> recovery/20261006/retired/codex-4231-browser-admission-matrix-f461b346125d
2026-10-08T23:51:19.9907324Z  * [new tag]             recovery/20261006/retired/codex-4231-delete-browser-home-eab1f13a25cb -> recovery/20261006/retired/codex-4231-delete-browser-home-eab1f13a25cb
2026-10-08T23:51:19.9908174Z  * [new tag]             recovery/20261006/retired/codex-4231-delete-browser-tour-bfe6e05ebccc -> recovery/20261006/retired/codex-4231-delete-browser-tour-bfe6e05ebccc
2026-10-08T23:51:19.9909036Z  * [new tag]             recovery/20261006/retired/codex-4231-delete-patchbay-execution-ui-bd6596caf7a4 -> recovery/20261006/retired/codex-4231-delete-patchbay-execution-ui-bd6596caf7a4
2026-10-08T23:51:19.9910017Z  * [new tag]             recovery/20261006/retired/codex-4231-delete-workspace-model-pool-22d5ff9c59a5 -> recovery/20261006/retired/codex-4231-delete-workspace-model-pool-22d5ff9c59a5
2026-10-08T23:51:19.9911043Z  * [new tag]             recovery/20261006/retired/codex-4231-form-library-ownership-29912643aa3b -> recovery/20261006/retired/codex-4231-form-library-ownership-29912643aa3b
2026-10-08T23:51:19.9911926Z  * [new tag]             recovery/20261006/retired/codex-4231-harvest-tour-journey-b5c4f828fc0c -> recovery/20261006/retired/codex-4231-harvest-tour-journey-b5c4f828fc0c
2026-10-08T23:51:19.9912743Z  * [new tag]             recovery/20261006/retired/codex-4231-home-form-ownership-b11a14b3b2cb -> recovery/20261006/retired/codex-4231-home-form-ownership-b11a14b3b2cb
2026-10-08T23:51:19.9913582Z  * [new tag]             recovery/20261006/retired/codex-4231-html-direct-patchbay-graph-d83082bbbc2f -> recovery/20261006/retired/codex-4231-html-direct-patchbay-graph-d83082bbbc2f
2026-10-08T23:51:19.9914485Z  * [new tag]             recovery/20261006/retired/codex-4231-tutorial-form-ownership-ea26cde49bec -> recovery/20261006/retired/codex-4231-tutorial-form-ownership-ea26cde49bec
2026-10-08T23:51:19.9915365Z  * [new tag]             recovery/20261006/retired/codex-4335-explicit-glyph-aliases-f6aa21e2fa90 -> recovery/20261006/retired/codex-4335-explicit-glyph-aliases-f6aa21e2fa90
2026-10-08T23:51:19.9916202Z  * [new tag]             recovery/20261006/retired/codex-4375-ai-float-vocabulary-b3eb6d3e95ed -> recovery/20261006/retired/codex-4375-ai-float-vocabulary-b3eb6d3e95ed
2026-10-08T23:51:19.9917023Z  * [new tag]             recovery/20261006/retired/codex-4375-education-assessment-85a07d291ec2 -> recovery/20261006/retired/codex-4375-education-assessment-85a07d291ec2
2026-10-08T23:51:19.9917816Z  * [new tag]             recovery/20261006/retired/codex-4375-house-request-family-766e73102e2c -> recovery/20261006/retired/codex-4375-house-request-family-766e73102e2c
2026-10-08T23:51:19.9918650Z  * [new tag]             recovery/20261006/retired/codex-4375-native-data-adjacent-8f87b6bfbf85 -> recovery/20261006/retired/codex-4375-native-data-adjacent-8f87b6bfbf85
2026-10-08T23:51:19.9919552Z  * [new tag]             recovery/20261006/retired/codex-4375-native-data-family-8190165f83f5 -> recovery/20261006/retired/codex-4375-native-data-family-8190165f83f5
2026-10-08T23:51:19.9920518Z  * [new tag]             recovery/20261006/retired/codex-4375-native-time-family-84d9014d1691 -> recovery/20261006/retired/codex-4375-native-time-family-84d9014d1691
2026-10-08T23:51:19.9921350Z  * [new tag]             recovery/20261006/retired/codex-4375-native-visual-family-7433c94c8918 -> recovery/20261006/retired/codex-4375-native-visual-family-7433c94c8918
2026-10-08T23:51:19.9922144Z  * [new tag]             recovery/20261006/retired/codex-4375-native-web-family-bc9e6354256a -> recovery/20261006/retired/codex-4375-native-web-family-bc9e6354256a
2026-10-08T23:51:19.9922966Z  * [new tag]             recovery/20261006/retired/codex-4375-native-wire-family-7a3e414e0c99 -> recovery/20261006/retired/codex-4375-native-wire-family-7a3e414e0c99
2026-10-08T23:51:19.9923799Z  * [new tag]             recovery/20261006/retired/codex-4375-next-portable-family-2fe9fd68b2a3 -> recovery/20261006/retired/codex-4375-next-portable-family-2fe9fd68b2a3
2026-10-08T23:51:19.9924638Z  * [new tag]             recovery/20261006/retired/codex-4375-presentation-vocabulary-1a44741acfa5 -> recovery/20261006/retired/codex-4375-presentation-vocabulary-1a44741acfa5
2026-10-08T23:51:19.9925475Z  * [new tag]             recovery/20261006/retired/codex-4375-signal-garden-family-84dbca2dcb0d -> recovery/20261006/retired/codex-4375-signal-garden-family-84dbca2dcb0d
2026-10-08T23:51:19.9926338Z  * [new tag]             recovery/20261006/retired/codex-4376-presentation-consumers-1687e6263967 -> recovery/20261006/retired/codex-4376-presentation-consumers-1687e6263967
2026-10-08T23:51:19.9927203Z  * [new tag]             recovery/20261006/retired/codex-4378-flow-activation-targets-8cf5f11ceb1e -> recovery/20261006/retired/codex-4378-flow-activation-targets-8cf5f11ceb1e
2026-10-08T23:51:19.9928058Z  * [new tag]             recovery/20261006/retired/codex-4378-flow-bounded-total-1be1c267b1ec -> recovery/20261006/retired/codex-4378-flow-bounded-total-1be1c267b1ec
2026-10-08T23:51:19.9928865Z  * [new tag]             recovery/20261006/retired/codex-4378-flow-collect-back-ba3819275ea7 -> recovery/20261006/retired/codex-4378-flow-collect-back-ba3819275ea7
2026-10-08T23:51:19.9929649Z  * [new tag]             recovery/20261006/retired/codex-4378-flow-collect-browser-5a7d7e0dff12 -> recovery/20261006/retired/codex-4378-flow-collect-browser-5a7d7e0dff12
2026-10-08T23:51:19.9930660Z  * [new tag]             recovery/20261006/retired/codex-4378-flow-collect-contract-3bada0a85402 -> recovery/20261006/retired/codex-4378-flow-collect-contract-3bada0a85402
2026-10-08T23:51:19.9931554Z  * [new tag]             recovery/20261006/retired/codex-4378-flow-collect-offer-aeea5b750b46 -> recovery/20261006/retired/codex-4378-flow-collect-offer-aeea5b750b46
2026-10-08T23:51:19.9932326Z  * [new tag]             recovery/20261006/retired/codex-4378-flow-each-kind-96945474de7e -> recovery/20261006/retired/codex-4378-flow-each-kind-96945474de7e
2026-10-08T23:51:19.9933102Z  * [new tag]             recovery/20261006/retired/codex-4378-flow-each-source-13b49e32a675 -> recovery/20261006/retired/codex-4378-flow-each-source-13b49e32a675
2026-10-08T23:51:19.9933841Z  * [new tag]             recovery/20261006/retired/codex-4378-flow-fold-35f41fb6b9c5 -> recovery/20261006/retired/codex-4378-flow-fold-35f41fb6b9c5
2026-10-08T23:51:19.9934578Z  * [new tag]             recovery/20261006/retired/codex-4378-flow-fold-execution-21f1237576f4 -> recovery/20261006/retired/codex-4378-flow-fold-execution-21f1237576f4
2026-10-08T23:51:19.9935390Z  * [new tag]             recovery/20261006/retired/codex-4378-flow-scan-024a3b792ae0 -> recovery/20261006/retired/codex-4378-flow-scan-024a3b792ae0
2026-10-08T23:51:19.9936101Z  * [new tag]             recovery/20261006/retired/codex-4378-flow-select-fe555964f4d2 -> recovery/20261006/retired/codex-4378-flow-select-fe555964f4d2
2026-10-08T23:51:19.9936945Z  * [new tag]             recovery/20261006/retired/codex-4378-flow-select-runtime-75797dee5d4d -> recovery/20261006/retired/codex-4378-flow-select-runtime-75797dee5d4d
2026-10-08T23:51:19.9937834Z  * [new tag]             recovery/20261006/retired/codex-4382-ai-model-signature-representation-f732525f1975 -> recovery/20261006/retired/codex-4382-ai-model-signature-representation-f732525f1975
2026-10-08T23:51:19.9938724Z  * [new tag]             recovery/20261006/retired/codex-4382-alife-lenia-chunk-kind-760fe1e9ddc4 -> recovery/20261006/retired/codex-4382-alife-lenia-chunk-kind-760fe1e9ddc4
2026-10-08T23:51:19.9939660Z  * [new tag]             recovery/20261006/retired/codex-4382-alife-lenia-chunk-native-dev-96dfa23dc35b -> recovery/20261006/retired/codex-4382-alife-lenia-chunk-native-dev-96dfa23dc35b
2026-10-08T23:51:19.9940655Z  * [new tag]             recovery/20261006/retired/codex-4382-chat-state-types-200ceb680751 -> recovery/20261006/retired/codex-4382-chat-state-types-200ceb680751
2026-10-08T23:51:19.9941506Z  * [new tag]             recovery/20261006/retired/codex-4382-data-policy-types-671da17f9c3b -> recovery/20261006/retired/codex-4382-data-policy-types-671da17f9c3b
2026-10-08T23:51:19.9942315Z  * [new tag]             recovery/20261006/retired/codex-4382-human-chord-native-dev-edd12f0a17bd -> recovery/20261006/retired/codex-4382-human-chord-native-dev-edd12f0a17bd
2026-10-08T23:51:19.9943142Z  * [new tag]             recovery/20261006/retired/codex-4382-human-chord-vocabulary-f855f80fed51 -> recovery/20261006/retired/codex-4382-human-chord-vocabulary-f855f80fed51
2026-10-08T23:51:19.9944145Z  * [new tag]             recovery/20261006/retired/codex-4382-native-experience-vocabulary-ea512b4c417b -> recovery/20261006/retired/codex-4382-native-experience-vocabulary-ea512b4c417b
2026-10-08T23:51:19.9945035Z  * [new tag]             recovery/20261006/retired/codex-4382-native-garden-refusal-b6d94afa13c6 -> recovery/20261006/retired/codex-4382-native-garden-refusal-b6d94afa13c6
2026-10-08T23:51:19.9945905Z  * [new tag]             recovery/20261006/retired/codex-4382-native-math-scalar-refusal-8f73a2cce593 -> recovery/20261006/retired/codex-4382-native-math-scalar-refusal-8f73a2cce593
2026-10-08T23:51:19.9946750Z  * [new tag]             recovery/20261006/retired/codex-4382-native-musical-control-453647c0c581 -> recovery/20261006/retired/codex-4382-native-musical-control-453647c0c581
2026-10-08T23:51:19.9947630Z  * [new tag]             recovery/20261006/retired/codex-4382-native-normalized-quantity-refusal-a5d839172932 -> recovery/20261006/retired/codex-4382-native-normalized-quantity-refusal-a5d839172932
2026-10-08T23:51:19.9948654Z  * [new tag]             recovery/20261006/retired/codex-4382-native-presentation-vocabulary-a8526e83acb6 -> recovery/20261006/retired/codex-4382-native-presentation-vocabulary-a8526e83acb6
2026-10-08T23:51:19.9949619Z  * [new tag]             recovery/20261006/retired/codex-4382-native-quantity-mapping-vocabulary-7a2210e4eaa4 -> recovery/20261006/retired/codex-4382-native-quantity-mapping-vocabulary-7a2210e4eaa4
2026-10-08T23:51:19.9950758Z  * [new tag]             recovery/20261006/retired/codex-4382-native-robotics-simulation-availability-b121f1334762 -> recovery/20261006/retired/codex-4382-native-robotics-simulation-availability-b121f1334762
2026-10-08T23:51:19.9951734Z  * [new tag]             recovery/20261006/retired/codex-4382-native-scalar-comparison-a1b75daba372 -> recovery/20261006/retired/codex-4382-native-scalar-comparison-a1b75daba372
2026-10-08T23:51:19.9952658Z  * [new tag]             recovery/20261006/retired/codex-4382-native-schedule-vocabulary-44599535beea -> recovery/20261006/retired/codex-4382-native-schedule-vocabulary-44599535beea
2026-10-08T23:51:19.9953543Z  * [new tag]             recovery/20261006/retired/codex-4382-native-sequence-refusals-274bde626a0e -> recovery/20261006/retired/codex-4382-native-sequence-refusals-274bde626a0e
2026-10-08T23:51:19.9954464Z  * [new tag]             recovery/20261006/retired/codex-4382-native-signal-records-ac392b0fdd43 -> recovery/20261006/retired/codex-4382-native-signal-records-ac392b0fdd43
2026-10-08T23:51:19.9955375Z  * [new tag]             recovery/20261006/retired/codex-4382-native-template-collection-refusal-69d609ef7c31 -> recovery/20261006/retired/codex-4382-native-template-collection-refusal-69d609ef7c31
2026-10-08T23:51:19.9956330Z  * [new tag]             recovery/20261006/retired/codex-4382-native-workflow-timing-outcome-53d4ac61ae37 -> recovery/20261006/retired/codex-4382-native-workflow-timing-outcome-53d4ac61ae37
2026-10-08T23:51:19.9957234Z  * [new tag]             recovery/20261006/retired/codex-4382-network-unit-types-ae00c4eaccc1 -> recovery/20261006/retired/codex-4382-network-unit-types-ae00c4eaccc1
2026-10-08T23:51:19.9958264Z  * [new tag]             recovery/20261006/retired/codex-4382-presentation-graphics-native-dev-1fa03c3e413d -> recovery/20261006/retired/codex-4382-presentation-graphics-native-dev-1fa03c3e413d
2026-10-08T23:51:19.9959332Z  * [new tag]             recovery/20261006/retired/codex-4382-presentation-graphics-vocabulary-c5c25199c8ba -> recovery/20261006/retired/codex-4382-presentation-graphics-vocabulary-c5c25199c8ba
2026-10-08T23:51:19.9960227Z  * [new tag]             recovery/20261006/retired/codex-4382-robotics-variants-8201ea547a32 -> recovery/20261006/retired/codex-4382-robotics-variants-8201ea547a32
2026-10-08T23:51:19.9961179Z  * [new tag]             recovery/20261006/retired/codex-4382-text-phase-5a401f149ba0 -> recovery/20261006/retired/codex-4382-text-phase-5a401f149ba0
2026-10-08T23:51:19.9962003Z  * [new tag]             recovery/20261006/retired/codex-4382-web-http-variants-4d9a82f68fef -> recovery/20261006/retired/codex-4382-web-http-variants-4d9a82f68fef
2026-10-08T23:51:19.9962857Z  * [new tag]             recovery/20261006/retired/codex-4428-audio-tone-representation-154ff52ba339 -> recovery/20261006/retired/codex-4428-audio-tone-representation-154ff52ba339
2026-10-08T23:51:19.9963697Z  * [new tag]             recovery/20261006/retired/codex-4484-quiescence-language-c8b30d4b85df -> recovery/20261006/retired/codex-4484-quiescence-language-c8b30d4b85df
2026-10-08T23:51:19.9964526Z  * [new tag]             recovery/20261006/retired/codex-4519-host-release-dispatch-6ca539289d5f -> recovery/20261006/retired/codex-4519-host-release-dispatch-6ca539289d5f
2026-10-08T23:51:19.9965370Z  * [new tag]             recovery/20261006/retired/codex-4674-typed-case-tests-ef4b89891248 -> recovery/20261006/retired/codex-4674-typed-case-tests-ef4b89891248
2026-10-08T23:51:19.9966150Z  * [new tag]             recovery/20261006/retired/codex-4807-browser-wardrobe-ui-1fc74ce4224a -> recovery/20261006/retired/codex-4807-browser-wardrobe-ui-1fc74ce4224a
2026-10-08T23:51:19.9966995Z  * [new tag]             recovery/20261006/retired/codex-4807-explicit-route-switch-d0ed24896715 -> recovery/20261006/retired/codex-4807-explicit-route-switch-d0ed24896715
2026-10-08T23:51:19.9967867Z  * [new tag]             recovery/20261006/retired/codex-4807-native-compositor-diagnostic-e3bc3e4fe6ec -> recovery/20261006/retired/codex-4807-native-compositor-diagnostic-e3bc3e4fe6ec
2026-10-08T23:51:19.9968786Z  * [new tag]             recovery/20261006/retired/codex-4807-native-face-domain-reset-4b561c3f1c91 -> recovery/20261006/retired/codex-4807-native-face-domain-reset-4b561c3f1c91
2026-10-08T23:51:19.9969603Z  * [new tag]             recovery/20261006/retired/codex-4807-native-face-reseal-d275e9f019fd -> recovery/20261006/retired/codex-4807-native-face-reseal-d275e9f019fd
2026-10-08T23:51:19.9970560Z  * [new tag]             recovery/20261006/retired/codex-4807-native-owner-retirement-ece0c8b6838f -> recovery/20261006/retired/codex-4807-native-owner-retirement-ece0c8b6838f
2026-10-08T23:51:19.9971478Z  * [new tag]             recovery/20261006/retired/codex-4807-native-refreshed-route-diagnostic-bac4cdc4fb0b -> recovery/20261006/retired/codex-4807-native-refreshed-route-diagnostic-bac4cdc4fb0b
2026-10-08T23:51:19.9972419Z  * [new tag]             recovery/20261006/retired/codex-4807-native-selected-wardrobe-49448047a739 -> recovery/20261006/retired/codex-4807-native-selected-wardrobe-49448047a739
2026-10-08T23:51:19.9973294Z  * [new tag]             recovery/20261006/retired/codex-4807-native-standby-selection-e50f5a7f4c40 -> recovery/20261006/retired/codex-4807-native-standby-selection-e50f5a7f4c40
2026-10-08T23:51:19.9974172Z  * [new tag]             recovery/20261006/retired/codex-4807-owner-action-proof-correlation-54422b8ad0fd -> recovery/20261006/retired/codex-4807-owner-action-proof-correlation-54422b8ad0fd
2026-10-08T23:51:19.9975024Z  * [new tag]             recovery/20261006/retired/codex-4807-owner-direct-live-1fb8c8ba0b44 -> recovery/20261006/retired/codex-4807-owner-direct-live-1fb8c8ba0b44
2026-10-08T23:51:19.9975794Z  * [new tag]             recovery/20261006/retired/codex-4807-owner-direct-plot-08bd2a419d99 -> recovery/20261006/retired/codex-4807-owner-direct-plot-08bd2a419d99
2026-10-08T23:51:19.9976615Z  * [new tag]             recovery/20261006/retired/codex-4807-owner-direct-show-contract-c601e5952a99 -> recovery/20261006/retired/codex-4807-owner-direct-show-contract-c601e5952a99
2026-10-08T23:51:19.9977452Z  * [new tag]             recovery/20261006/retired/codex-4807-owner-llm-live-4b28801a2baf -> recovery/20261006/retired/codex-4807-owner-llm-live-4b28801a2baf
2026-10-08T23:51:19.9978189Z  * [new tag]             recovery/20261006/retired/codex-4807-owner-model-boot-f62fd8386bf4 -> recovery/20261006/retired/codex-4807-owner-model-boot-f62fd8386bf4
2026-10-08T23:51:19.9979096Z  * [new tag]             recovery/20261006/retired/codex-4807-owner-speech-wardrobe-cd69c75dc47c -> recovery/20261006/retired/codex-4807-owner-speech-wardrobe-cd69c75dc47c
2026-10-08T23:51:19.9979921Z  * [new tag]             recovery/20261006/retired/codex-4807-owner-spoken-mask-20dec6ae5b05 -> recovery/20261006/retired/codex-4807-owner-spoken-mask-20dec6ae5b05
2026-10-08T23:51:19.9980897Z  * [new tag]             recovery/20261006/retired/codex-4807-per-play-spoken-artifacts-c5ab08730828 -> recovery/20261006/retired/codex-4807-per-play-spoken-artifacts-c5ab08730828
2026-10-08T23:51:19.9981800Z  * [new tag]             recovery/20261006/retired/codex-4807-workload-route-reseal-b99b323934e4 -> recovery/20261006/retired/codex-4807-workload-route-reseal-b99b323934e4
2026-10-08T23:51:19.9982600Z  * [new tag]             recovery/20261006/retired/codex-4831-control-ring-5057cc0f2a7f -> recovery/20261006/retired/codex-4831-control-ring-5057cc0f2a7f
2026-10-08T23:51:19.9983413Z  * [new tag]             recovery/20261006/retired/codex-4831-controller-event-retention-e4a598d72bee -> recovery/20261006/retired/codex-4831-controller-event-retention-e4a598d72bee
2026-10-08T23:51:19.9984248Z  * [new tag]             recovery/20261006/retired/codex-4831-hid-boot-control-7b9347ed35d3 -> recovery/20261006/retired/codex-4831-hid-boot-control-7b9347ed35d3
2026-10-08T23:51:19.9985024Z  * [new tag]             recovery/20261006/retired/codex-4831-hid-native-current-66cccd9c7bf6 -> recovery/20261006/retired/codex-4831-hid-native-current-66cccd9c7bf6
2026-10-08T23:51:19.9986866Z  * [new tag]             recovery/20261006/retired/codex-4831-hid-source-admission-686a9dbdb789 -> recovery/20261006/retired/codex-4831-hid-source-admission-686a9dbdb789
2026-10-08T23:51:19.9987888Z  * [new tag]             recovery/20261006/retired/codex-4831-mouse-capture-integration-ccb7c84eb46a -> recovery/20261006/retired/codex-4831-mouse-capture-integration-ccb7c84eb46a
2026-10-08T23:51:19.9988898Z  * [new tag]             recovery/20261006/retired/codex-4831-mouse-native-capture-b9f9f75bd5e4 -> recovery/20261006/retired/codex-4831-mouse-native-capture-b9f9f75bd5e4
2026-10-08T23:51:19.9989763Z  * [new tag]             recovery/20261006/retired/codex-4831-native-placement-issuer-eed212819e75 -> recovery/20261006/retired/codex-4831-native-placement-issuer-eed212819e75
2026-10-08T23:51:19.9990703Z  * [new tag]             recovery/20261006/retired/codex-4831-ordinary-hid-input-d07fb3b110a1 -> recovery/20261006/retired/codex-4831-ordinary-hid-input-d07fb3b110a1
2026-10-08T23:51:19.9991655Z  * [new tag]             recovery/20261006/retired/codex-4831-ordinary-hid-installation-859d8ea64fc9 -> recovery/20261006/retired/codex-4831-ordinary-hid-installation-859d8ea64fc9
2026-10-08T23:51:19.9992514Z  * [new tag]             recovery/20261006/retired/codex-4831-ordinary-hid-ordered-input-a14f78e112c5 -> recovery/20261006/retired/codex-4831-ordinary-hid-ordered-input-a14f78e112c5
2026-10-08T23:51:19.9993355Z  * [new tag]             recovery/20261006/retired/codex-4831-ordinary-hid-window-6d966537261a -> recovery/20261006/retired/codex-4831-ordinary-hid-window-6d966537261a
2026-10-08T23:51:19.9994149Z  * [new tag]             recovery/20261006/retired/codex-4831-xhci-command-events-e6091d920222 -> recovery/20261006/retired/codex-4831-xhci-command-events-e6091d920222
2026-10-08T23:51:19.9994938Z  * [new tag]             recovery/20261006/retired/codex-4922-owner-body-wardrobe-1d157f5471a8 -> recovery/20261006/retired/codex-4922-owner-body-wardrobe-1d157f5471a8
2026-10-08T23:51:19.9995749Z  * [new tag]             recovery/20261006/retired/codex-4952-projection-loss-c8be94ab0161 -> recovery/20261006/retired/codex-4952-projection-loss-c8be94ab0161
2026-10-08T23:51:19.9996640Z  * [new tag]             recovery/20261006/retired/codex-4957-hosted-current-12504f677477 -> recovery/20261006/retired/codex-4957-hosted-current-12504f677477
2026-10-08T23:51:19.9997487Z  * [new tag]             recovery/20261006/retired/codex-4957-hosted-final-c79dd2e7fee4 -> recovery/20261006/retired/codex-4957-hosted-final-c79dd2e7fee4
2026-10-08T23:51:19.9998488Z  * [new tag]             recovery/20261006/retired/codex-4957-hosted-locks-7bf67e012062 -> recovery/20261006/retired/codex-4957-hosted-locks-7bf67e012062
2026-10-08T23:51:19.9999536Z  * [new tag]             recovery/20261006/retired/codex-4957-hosted-publication-7bf67e012062 -> recovery/20261006/retired/codex-4957-hosted-publication-7bf67e012062
2026-10-08T23:51:20.0000739Z  * [new tag]             recovery/20261006/retired/codex-4957-hosted-speech-569c6d31c518 -> recovery/20261006/retired/codex-4957-hosted-speech-569c6d31c518
2026-10-08T23:51:20.0001680Z  * [new tag]             recovery/20261006/retired/codex-4957-source-material-current-9f04cdfee772 -> recovery/20261006/retired/codex-4957-source-material-current-9f04cdfee772
2026-10-08T23:51:20.0002635Z  * [new tag]             recovery/20261006/retired/codex-4957-source-publication-78c66755184a -> recovery/20261006/retired/codex-4957-source-publication-78c66755184a
2026-10-08T23:51:20.0003482Z  * [new tag]             recovery/20261006/retired/codex-4957-source-spine-45ad91632f37 -> recovery/20261006/retired/codex-4957-source-spine-45ad91632f37
2026-10-08T23:51:20.0004268Z  * [new tag]             recovery/20261006/retired/codex-4957-source-text-2ba92fdb2d33 -> recovery/20261006/retired/codex-4957-source-text-2ba92fdb2d33
2026-10-08T23:51:20.0005088Z  * [new tag]             recovery/20261006/retired/codex-4984-apt-diagnostic-16c24fe7757e -> recovery/20261006/retired/codex-4984-apt-diagnostic-16c24fe7757e
2026-10-08T23:51:20.0005849Z  * [new tag]             recovery/20261006/retired/codex-4984-apt-diagnostic-auth-a251439459bc -> recovery/20261006/retired/codex-4984-apt-diagnostic-auth-a251439459bc
2026-10-08T23:51:20.0006764Z  * [new tag]             recovery/20261006/retired/codex-4984-apt-diagnostic-fixed-174fad16f017 -> recovery/20261006/retired/codex-4984-apt-diagnostic-fixed-174fad16f017
2026-10-08T23:51:20.0007578Z  * [new tag]             recovery/20261006/retired/codex-all-open-integration-9da3e0760dd6 -> recovery/20261006/retired/codex-all-open-integration-9da3e0760dd6
2026-10-08T23:51:20.0008440Z  * [new tag]             recovery/20261006/retired/codex-b-3712-canonical-primitive-info-db9061b4ed7c -> recovery/20261006/retired/codex-b-3712-canonical-primitive-info-db9061b4ed7c
2026-10-08T23:51:20.0009495Z  * [new tag]             recovery/20261006/retired/codex-b-3716-semantic-substitutability-3fbf582c8f8d -> recovery/20261006/retired/codex-b-3716-semantic-substitutability-3fbf582c8f8d
2026-10-08T23:51:20.0010791Z  * [new tag]             recovery/20261006/retired/codex-b-3718-ai-offers-8b8227b6b649 -> recovery/20261006/retired/codex-b-3718-ai-offers-8b8227b6b649
2026-10-08T23:51:20.0011546Z  * [new tag]             recovery/20261006/retired/codex-b-3718-alife-contracts-63213a0a61b3 -> recovery/20261006/retired/codex-b-3718-alife-contracts-63213a0a61b3
2026-10-08T23:51:20.0012501Z  * [new tag]             recovery/20261006/retired/codex-b-3718-body-chat-contracts-614044d69ebf -> recovery/20261006/retired/codex-b-3718-body-chat-contracts-614044d69ebf
2026-10-08T23:51:20.0013375Z  * [new tag]             recovery/20261006/retired/codex-b-3718-browser-button-attempt-ed62ae9f7d49 -> recovery/20261006/retired/codex-b-3718-browser-button-attempt-ed62ae9f7d49
2026-10-08T23:51:20.0014307Z  * [new tag]             recovery/20261006/retired/codex-b-3718-browser-garden-bf4f8826aad7 -> recovery/20261006/retired/codex-b-3718-browser-garden-bf4f8826aad7
2026-10-08T23:51:20.0015076Z  * [new tag]             recovery/20261006/retired/codex-b-3718-browser-history-e41ed8e24581 -> recovery/20261006/retired/codex-b-3718-browser-history-e41ed8e24581
2026-10-08T23:51:20.0015852Z  * [new tag]             recovery/20261006/retired/codex-b-3718-browser-human-media-29a603fe25b2 -> recovery/20261006/retired/codex-b-3718-browser-human-media-29a603fe25b2
2026-10-08T23:51:20.0016698Z  * [new tag]             recovery/20261006/retired/codex-b-3718-browser-input-offers-de667515a133 -> recovery/20261006/retired/codex-b-3718-browser-input-offers-de667515a133
2026-10-08T23:51:20.0017714Z  * [new tag]             recovery/20261006/retired/codex-b-3718-browser-linguistics-f1dfa3090023 -> recovery/20261006/retired/codex-b-3718-browser-linguistics-f1dfa3090023
2026-10-08T23:51:20.0018950Z  * [new tag]             recovery/20261006/retired/codex-b-3718-browser-measurement-plot-53f39c41b70a -> recovery/20261006/retired/codex-b-3718-browser-measurement-plot-53f39c41b70a
2026-10-08T23:51:20.0019995Z  * [new tag]             recovery/20261006/retired/codex-b-3718-browser-measurement-presentation-0454d9b7241f -> recovery/20261006/retired/codex-b-3718-browser-measurement-presentation-0454d9b7241f
2026-10-08T23:51:20.0021078Z  * [new tag]             recovery/20261006/retired/codex-b-3718-browser-measurement-state-371ebffedf3f -> recovery/20261006/retired/codex-b-3718-browser-measurement-state-371ebffedf3f
2026-10-08T23:51:20.0022024Z  * [new tag]             recovery/20261006/retired/codex-b-3718-browser-measurement-summary-ad0ec9d41be4 -> recovery/20261006/retired/codex-b-3718-browser-measurement-summary-ad0ec9d41be4
2026-10-08T23:51:20.0022948Z  * [new tag]             recovery/20261006/retired/codex-b-3718-browser-morse-1ed3fecefd65 -> recovery/20261006/retired/codex-b-3718-browser-morse-1ed3fecefd65
2026-10-08T23:51:20.0024024Z  * [new tag]             recovery/20261006/retired/codex-b-3718-browser-offer-migration-1731d45645d0 -> recovery/20261006/retired/codex-b-3718-browser-offer-migration-1731d45645d0
2026-10-08T23:51:20.0024883Z  * [new tag]             recovery/20261006/retired/codex-b-3718-browser-pointer-offer-02bd350c4328 -> recovery/20261006/retired/codex-b-3718-browser-pointer-offer-02bd350c4328
2026-10-08T23:51:20.0025798Z  * [new tag]             recovery/20261006/retired/codex-b-3718-browser-pointer-selectors-77f9933b718d -> recovery/20261006/retired/codex-b-3718-browser-pointer-selectors-77f9933b718d
2026-10-08T23:51:20.0026732Z  * [new tag]             recovery/20261006/retired/codex-b-3718-browser-presenters-00d2600da051 -> recovery/20261006/retired/codex-b-3718-browser-presenters-00d2600da051
2026-10-08T23:51:20.0027752Z  * [new tag]             recovery/20261006/retired/codex-b-3718-browser-quantity-offer-0dcc90a11990 -> recovery/20261006/retired/codex-b-3718-browser-quantity-offer-0dcc90a11990
2026-10-08T23:51:20.0028622Z  * [new tag]             recovery/20261006/retired/codex-b-3718-browser-replay-594bb2a19a48 -> recovery/20261006/retired/codex-b-3718-browser-replay-594bb2a19a48
2026-10-08T23:51:20.0029487Z  * [new tag]             recovery/20261006/retired/codex-b-3718-browser-rhythm-5e94fe2085b2 -> recovery/20261006/retired/codex-b-3718-browser-rhythm-5e94fe2085b2
2026-10-08T23:51:20.0030479Z  * [new tag]             recovery/20261006/retired/codex-b-3718-browser-specimen-capture-c07b43d42a30 -> recovery/20261006/retired/codex-b-3718-browser-specimen-capture-c07b43d42a30
2026-10-08T23:51:20.0031393Z  * [new tag]             recovery/20261006/retired/codex-b-3718-browser-structured-text-fe99bbdce03d -> recovery/20261006/retired/codex-b-3718-browser-structured-text-fe99bbdce03d
2026-10-08T23:51:20.0032244Z  * [new tag]             recovery/20261006/retired/codex-b-3718-browser-time-every-offer-186dda1ce23f -> recovery/20261006/retired/codex-b-3718-browser-time-every-offer-186dda1ce23f
2026-10-08T23:51:20.0033451Z  * [new tag]             recovery/20261006/retired/codex-b-3718-button-indicator-contracts-59bdd2be9d1f -> recovery/20261006/retired/codex-b-3718-button-indicator-contracts-59bdd2be9d1f
2026-10-08T23:51:20.0034318Z  * [new tag]             recovery/20261006/retired/codex-b-3718-calendar-contracts-8a450eaa8579 -> recovery/20261006/retired/codex-b-3718-calendar-contracts-8a450eaa8579
2026-10-08T23:51:20.0035160Z  * [new tag]             recovery/20261006/retired/codex-b-3718-calendar-offers-d52ff0d48a75 -> recovery/20261006/retired/codex-b-3718-calendar-offers-d52ff0d48a75
2026-10-08T23:51:20.0035903Z  * [new tag]             recovery/20261006/retired/codex-b-3718-chat-offers-38c50692de57 -> recovery/20261006/retired/codex-b-3718-chat-offers-38c50692de57
2026-10-08T23:51:20.0036740Z  * [new tag]             recovery/20261006/retired/codex-b-3718-conduitos-functional-7c5e1edc19b3 -> recovery/20261006/retired/codex-b-3718-conduitos-functional-7c5e1edc19b3
2026-10-08T23:51:20.0037559Z  * [new tag]             recovery/20261006/retired/codex-b-3718-conduitos-http-257dce4f27be -> recovery/20261006/retired/codex-b-3718-conduitos-http-257dce4f27be
2026-10-08T23:51:20.0038400Z  * [new tag]             recovery/20261006/retired/codex-b-3718-conversation-commit-contracts-74aad34e2d74 -> recovery/20261006/retired/codex-b-3718-conversation-commit-contracts-74aad34e2d74
2026-10-08T23:51:20.0039354Z  * [new tag]             recovery/20261006/retired/codex-b-3718-copy-result-presentation-84861c718fd2 -> recovery/20261006/retired/codex-b-3718-copy-result-presentation-84861c718fd2
2026-10-08T23:51:20.0040586Z  * [new tag]             recovery/20261006/retired/codex-b-3718-data-offers-989a5b17c447 -> recovery/20261006/retired/codex-b-3718-data-offers-989a5b17c447
2026-10-08T23:51:20.0041561Z  * [new tag]             recovery/20261006/retired/codex-b-3718-domain-specimen-contracts-89d1396451bd -> recovery/20261006/retired/codex-b-3718-domain-specimen-contracts-89d1396451bd
2026-10-08T23:51:20.0042607Z  * [new tag]             recovery/20261006/retired/codex-b-3718-flow-state-contracts-70d410c87b28 -> recovery/20261006/retired/codex-b-3718-flow-state-contracts-70d410c87b28
2026-10-08T23:51:20.0043564Z  * [new tag]             recovery/20261006/retired/codex-b-3718-generalized-input-contracts-8ace73def64f -> recovery/20261006/retired/codex-b-3718-generalized-input-contracts-8ace73def64f
2026-10-08T23:51:20.0044462Z  * [new tag]             recovery/20261006/retired/codex-b-3718-geometry-offers-d7154dbea0e3 -> recovery/20261006/retired/codex-b-3718-geometry-offers-d7154dbea0e3
2026-10-08T23:51:20.0045250Z  * [new tag]             recovery/20261006/retired/codex-b-3718-house-prompt-contract-1a8a6f8d479e -> recovery/20261006/retired/codex-b-3718-house-prompt-contract-1a8a6f8d479e
2026-10-08T23:51:20.0046000Z  * [new tag]             recovery/20261006/retired/codex-b-3718-http-offers-3b353552d933 -> recovery/20261006/retired/codex-b-3718-http-offers-3b353552d933
2026-10-08T23:51:20.0046786Z  * [new tag]             recovery/20261006/retired/codex-b-3718-image-text-contracts-1e40a22c3cb9 -> recovery/20261006/retired/codex-b-3718-image-text-contracts-1e40a22c3cb9
2026-10-08T23:51:20.0047740Z  * [new tag]             recovery/20261006/retired/codex-b-3718-isolated-http-offer-5f9f62b561c5 -> recovery/20261006/retired/codex-b-3718-isolated-http-offer-5f9f62b561c5
2026-10-08T23:51:20.0048523Z  * [new tag]             recovery/20261006/retired/codex-b-3718-json-contracts-6b3a50fd444a -> recovery/20261006/retired/codex-b-3718-json-contracts-6b3a50fd444a
2026-10-08T23:51:20.0049293Z  * [new tag]             recovery/20261006/retired/codex-b-3718-keyboard-contract-cff651cedc0a -> recovery/20261006/retired/codex-b-3718-keyboard-contract-cff651cedc0a
2026-10-08T23:51:20.0050073Z  * [new tag]             recovery/20261006/retired/codex-b-3718-linguistics-offers-1638b112cb5d -> recovery/20261006/retired/codex-b-3718-linguistics-offers-1638b112cb5d
2026-10-08T23:51:20.0051085Z  * [new tag]             recovery/20261006/retired/codex-b-3718-local-vision-contracts-349c04200fe7 -> recovery/20261006/retired/codex-b-3718-local-vision-contracts-349c04200fe7
2026-10-08T23:51:20.0051934Z  * [new tag]             recovery/20261006/retired/codex-b-3718-messaging-offers-8d9332856bc5 -> recovery/20261006/retired/codex-b-3718-messaging-offers-8d9332856bc5
2026-10-08T23:51:20.0052729Z  * [new tag]             recovery/20261006/retired/codex-b-3718-microphone-contract-a0b6d075a163 -> recovery/20261006/retired/codex-b-3718-microphone-contract-a0b6d075a163
2026-10-08T23:51:20.0053526Z  * [new tag]             recovery/20261006/retired/codex-b-3718-model-text-contracts-e9ec0761b2f4 -> recovery/20261006/retired/codex-b-3718-model-text-contracts-e9ec0761b2f4
2026-10-08T23:51:20.0054411Z  * [new tag]             recovery/20261006/retired/codex-b-3718-morse-composition-contract-3d767dd1a58c -> recovery/20261006/retired/codex-b-3718-morse-composition-contract-3d767dd1a58c
2026-10-08T23:51:20.0055276Z  * [new tag]             recovery/20261006/retired/codex-b-3718-navigation-contracts-a0ed3856d15d -> recovery/20261006/retired/codex-b-3718-navigation-contracts-a0ed3856d15d
2026-10-08T23:51:20.0056098Z  * [new tag]             recovery/20261006/retired/codex-b-3718-network-offers-f1bf1bb629fa -> recovery/20261006/retired/codex-b-3718-network-offers-f1bf1bb629fa
2026-10-08T23:51:20.0056923Z  * [new tag]             recovery/20261006/retired/codex-b-3718-normalized-pattern-contract-fc9720f7fb41 -> recovery/20261006/retired/codex-b-3718-normalized-pattern-contract-fc9720f7fb41
2026-10-08T23:51:20.0057788Z  * [new tag]             recovery/20261006/retired/codex-b-3718-offer-construction-be68c441b713 -> recovery/20261006/retired/codex-b-3718-offer-construction-be68c441b713
2026-10-08T23:51:20.0058549Z  * [new tag]             recovery/20261006/retired/codex-b-3718-offer-drift-guard-b4594e1ec129 -> recovery/20261006/retired/codex-b-3718-offer-drift-guard-b4594e1ec129
2026-10-08T23:51:20.0059459Z  * [new tag]             recovery/20261006/retired/codex-b-3718-pattern-comparison-contract-6b29a669e02c -> recovery/20261006/retired/codex-b-3718-pattern-comparison-contract-6b29a669e02c
2026-10-08T23:51:20.0060392Z  * [new tag]             recovery/20261006/retired/codex-b-3718-pete-robotics-59e8d3cf5f9b -> recovery/20261006/retired/codex-b-3718-pete-robotics-59e8d3cf5f9b
2026-10-08T23:51:20.0061266Z  * [new tag]             recovery/20261006/retired/codex-b-3718-presentation-identities-8764d94766e6 -> recovery/20261006/retired/codex-b-3718-presentation-identities-8764d94766e6
2026-10-08T23:51:20.0062093Z  * [new tag]             recovery/20261006/retired/codex-b-3718-presentation-offers-6acbc51d2e36 -> recovery/20261006/retired/codex-b-3718-presentation-offers-6acbc51d2e36
2026-10-08T23:51:20.0062992Z  * [new tag]             recovery/20261006/retired/codex-b-3718-pulse-observation-contract-4052550ceb4b -> recovery/20261006/retired/codex-b-3718-pulse-observation-contract-4052550ceb4b
2026-10-08T23:51:20.0063926Z  * [new tag]             recovery/20261006/retired/codex-b-3718-quantity-contracts-d5e178c96d04 -> recovery/20261006/retired/codex-b-3718-quantity-contracts-d5e178c96d04
2026-10-08T23:51:20.0064769Z  * [new tag]             recovery/20261006/retired/codex-b-3718-reaction-diffusion-offer-f0585bd1a5e5 -> recovery/20261006/retired/codex-b-3718-reaction-diffusion-offer-f0585bd1a5e5
2026-10-08T23:51:20.0065642Z  * [new tag]             recovery/20261006/retired/codex-b-3718-reboot-offer-b85cabe24098 -> recovery/20261006/retired/codex-b-3718-reboot-offer-b85cabe24098
2026-10-08T23:51:20.0066408Z  * [new tag]             recovery/20261006/retired/codex-b-3718-record-contracts-5aed63561292 -> recovery/20261006/retired/codex-b-3718-record-contracts-5aed63561292
2026-10-08T23:51:20.0067239Z  * [new tag]             recovery/20261006/retired/codex-b-3718-record-transcript-contract-69e3e2407597 -> recovery/20261006/retired/codex-b-3718-record-transcript-contract-69e3e2407597
2026-10-08T23:51:20.0068188Z  * [new tag]             recovery/20261006/retired/codex-b-3718-recorded-speech-offer-135951421f1e -> recovery/20261006/retired/codex-b-3718-recorded-speech-offer-135951421f1e
2026-10-08T23:51:20.0069015Z  * [new tag]             recovery/20261006/retired/codex-b-3718-robotics-contracts-cbeeccfea9d8 -> recovery/20261006/retired/codex-b-3718-robotics-contracts-cbeeccfea9d8
2026-10-08T23:51:20.0069843Z  * [new tag]             recovery/20261006/retired/codex-b-3718-signal-contracts-d2888b56f8c4 -> recovery/20261006/retired/codex-b-3718-signal-contracts-d2888b56f8c4
2026-10-08T23:51:20.0070974Z  * [new tag]             recovery/20261006/retired/codex-b-3718-speech-adapter-contracts-038cf6d12512 -> recovery/20261006/retired/codex-b-3718-speech-adapter-contracts-038cf6d12512
2026-10-08T23:51:20.0071860Z  * [new tag]             recovery/20261006/retired/codex-b-3718-speech-commit-e6fb26ab4438 -> recovery/20261006/retired/codex-b-3718-speech-commit-e6fb26ab4438
2026-10-08T23:51:20.0072816Z  * [new tag]             recovery/20261006/retired/codex-b-3718-speech-recognition-contracts-484a15e3dfef -> recovery/20261006/retired/codex-b-3718-speech-recognition-contracts-484a15e3dfef
2026-10-08T23:51:20.0073687Z  * [new tag]             recovery/20261006/retired/codex-b-3718-state-input-contracts-53b46daf1ab7 -> recovery/20261006/retired/codex-b-3718-state-input-contracts-53b46daf1ab7
2026-10-08T23:51:20.0074543Z  * [new tag]             recovery/20261006/retired/codex-b-3718-std-contract-migration-2-e35afad9a726 -> recovery/20261006/retired/codex-b-3718-std-contract-migration-2-e35afad9a726
2026-10-08T23:51:20.0075372Z  * [new tag]             recovery/20261006/retired/codex-b-3718-std-offer-migration-5cadbd9ed289 -> recovery/20261006/retired/codex-b-3718-std-offer-migration-5cadbd9ed289
2026-10-08T23:51:20.0076264Z  * [new tag]             recovery/20261006/retired/codex-b-3718-structured-music-contracts-1386ec11615d -> recovery/20261006/retired/codex-b-3718-structured-music-contracts-1386ec11615d
2026-10-08T23:51:20.0077156Z  * [new tag]             recovery/20261006/retired/codex-b-3718-structured-selector-contract-a87f9e647461 -> recovery/20261006/retired/codex-b-3718-structured-selector-contract-a87f9e647461
2026-10-08T23:51:20.0078000Z  * [new tag]             recovery/20261006/retired/codex-b-3718-structured-values-aa73ef9fa4ab -> recovery/20261006/retired/codex-b-3718-structured-values-aa73ef9fa4ab
2026-10-08T23:51:20.0078839Z  * [new tag]             recovery/20261006/retired/codex-b-3718-template-storage-contract-d97724a4daa2 -> recovery/20261006/retired/codex-b-3718-template-storage-contract-d97724a4daa2
2026-10-08T23:51:20.0079644Z  * [new tag]             recovery/20261006/retired/codex-b-3718-text-contracts-830b5f2c4ebd -> recovery/20261006/retired/codex-b-3718-text-contracts-830b5f2c4ebd
2026-10-08T23:51:20.0080609Z  * [new tag]             recovery/20261006/retired/codex-b-3718-text-lab-offer-0e5608d4c0dc -> recovery/20261006/retired/codex-b-3718-text-lab-offer-0e5608d4c0dc
2026-10-08T23:51:20.0081422Z  * [new tag]             recovery/20261006/retired/codex-b-3718-text-state-contract-fb55b2a2ee96 -> recovery/20261006/retired/codex-b-3718-text-state-contract-fb55b2a2ee96
2026-10-08T23:51:20.0082229Z  * [new tag]             recovery/20261006/retired/codex-b-3718-timed-button-contract-37f31c3313df -> recovery/20261006/retired/codex-b-3718-timed-button-contract-37f31c3313df
2026-10-08T23:51:20.0083281Z  * [new tag]             recovery/20261006/retired/codex-b-3718-timing-contracts-49814708f16b -> recovery/20261006/retired/codex-b-3718-timing-contracts-49814708f16b
2026-10-08T23:51:20.0084047Z  * [new tag]             recovery/20261006/retired/codex-b-3718-tongues-offers-3b7724119679 -> recovery/20261006/retired/codex-b-3718-tongues-offers-3b7724119679
2026-10-08T23:51:20.0084905Z  * [new tag]             recovery/20261006/retired/codex-b-3718-typed-record-contracts-ceba1efe5aa8 -> recovery/20261006/retired/codex-b-3718-typed-record-contracts-ceba1efe5aa8
2026-10-08T23:51:20.0085752Z  * [new tag]             recovery/20261006/retired/codex-b-3718-workflow-contracts-3a20d1f5ab9e -> recovery/20261006/retired/codex-b-3718-workflow-contracts-3a20d1f5ab9e
2026-10-08T23:51:20.0086617Z  * [new tag]             recovery/20261006/retired/codex-b-3724-canonical-startup-contract-84ab9ec2fc5e -> recovery/20261006/retired/codex-b-3724-canonical-startup-contract-84ab9ec2fc5e
2026-10-08T23:51:20.0087495Z  * [new tag]             recovery/20261006/retired/codex-b-3725-domain-ownership-e297581cb795 -> recovery/20261006/retired/codex-b-3725-domain-ownership-e297581cb795
2026-10-08T23:51:20.0088324Z  * [new tag]             recovery/20261006/retired/codex-b-3746-creche-retirement-55a09b86ddd2 -> recovery/20261006/retired/codex-b-3746-creche-retirement-55a09b86ddd2
2026-10-08T23:51:20.0089156Z  * [new tag]             recovery/20261006/retired/codex-b-conduitos-protected-relay-e7ae99d19d67 -> recovery/20261006/retired/codex-b-conduitos-protected-relay-e7ae99d19d67
2026-10-08T23:51:20.0090074Z  * [new tag]             recovery/20261006/retired/codex-backlog-aspiration-refresh-4013b6e540ca -> recovery/20261006/retired/codex-backlog-aspiration-refresh-4013b6e540ca
2026-10-08T23:51:20.0091079Z  * [new tag]             recovery/20261006/retired/codex-backlog-inflection-refresh-6af3dd05246b -> recovery/20261006/retired/codex-backlog-inflection-refresh-6af3dd05246b
2026-10-08T23:51:20.0091959Z  * [new tag]             recovery/20261006/retired/codex-backlog-native-ud-refresh-a6191f27a788 -> recovery/20261006/retired/codex-backlog-native-ud-refresh-a6191f27a788
2026-10-08T23:51:20.0092774Z  * [new tag]             recovery/20261006/retired/codex-backlog-omnibus-2956ba470f6a -> recovery/20261006/retired/codex-backlog-omnibus-2956ba470f6a
2026-10-08T23:51:20.0093573Z  * [new tag]             recovery/20261006/retired/codex-backlog-owner-wardrobe-repair-da3fb59f012d -> recovery/20261006/retired/codex-backlog-owner-wardrobe-repair-da3fb59f012d
2026-10-08T23:51:20.0094442Z  * [new tag]             recovery/20261006/retired/codex-backlog-protocol-refresh-22b7e019e851 -> recovery/20261006/retired/codex-backlog-protocol-refresh-22b7e019e851
2026-10-08T23:51:20.0095271Z  * [new tag]             recovery/20261006/retired/codex-board-integrated-after-3651-6af3772dd93d -> recovery/20261006/retired/codex-board-integrated-after-3651-6af3772dd93d
2026-10-08T23:51:20.0096124Z  * [new tag]             recovery/20261006/retired/codex-global-default-choice-28c22cbd7395 -> recovery/20261006/retired/codex-global-default-choice-28c22cbd7395
2026-10-08T23:51:20.0096948Z  * [new tag]             recovery/20261006/retired/codex-global-default-intent-6f53c0588567 -> recovery/20261006/retired/codex-global-default-intent-6f53c0588567
2026-10-08T23:51:20.0097715Z  * [new tag]             recovery/20261006/retired/codex-global-default-voice-b4b367c00382 -> recovery/20261006/retired/codex-global-default-voice-b4b367c00382
2026-10-08T23:51:20.0098525Z  * [new tag]             recovery/20261006/retired/codex-global-intent-realization-956d095b81f4 -> recovery/20261006/retired/codex-global-intent-realization-956d095b81f4
2026-10-08T23:51:20.0099349Z  * [new tag]             recovery/20261006/retired/codex-global-phoneme-admission-389d8678b728 -> recovery/20261006/retired/codex-global-phoneme-admission-389d8678b728
2026-10-08T23:51:20.0100357Z  * [new tag]             recovery/20261006/retired/codex-global-rule-voice-realization-94eebd3065ca -> recovery/20261006/retired/codex-global-rule-voice-realization-94eebd3065ca
2026-10-08T23:51:20.0101267Z  * [new tag]             recovery/20261006/retired/codex-native-feature-aspiration-9e8d952e16d9 -> recovery/20261006/retired/codex-native-feature-aspiration-9e8d952e16d9
2026-10-08T23:51:20.0102111Z  * [new tag]             recovery/20261006/retired/codex-native-language-lock-repair-f6ece6772f7f -> recovery/20261006/retired/codex-native-language-lock-repair-f6ece6772f7f
2026-10-08T23:51:20.0103033Z  * [new tag]             recovery/20261006/retired/codex-native-regular-inflection-current-dev-10891c979b31 -> recovery/20261006/retired/codex-native-regular-inflection-current-dev-10891c979b31
2026-10-08T23:51:20.0103897Z  * [new tag]             recovery/20261006/retired/codex-native-rule-output-d9c8ca477bc0 -> recovery/20261006/retired/codex-native-rule-output-d9c8ca477bc0
2026-10-08T23:51:20.0104794Z  * [new tag]             recovery/20261006/retired/codex-native-speech-explicit-duration-5d45fd4ded3f -> recovery/20261006/retired/codex-native-speech-explicit-duration-5d45fd4ded3f
2026-10-08T23:51:20.0105677Z  * [new tag]             recovery/20261006/retired/codex-native-speech-rich-profile-c3d738cce79a -> recovery/20261006/retired/codex-native-speech-rich-profile-c3d738cce79a
2026-10-08T23:51:20.0106498Z  * [new tag]             recovery/20261006/retired/codex-native-ud-arc-admission-a9b11f0a79ec -> recovery/20261006/retired/codex-native-ud-arc-admission-a9b11f0a79ec
2026-10-08T23:51:20.0107333Z  * [new tag]             recovery/20261006/retired/codex-native-ud-relations-adf4d25ba103 -> recovery/20261006/retired/codex-native-ud-relations-adf4d25ba103
2026-10-08T23:51:20.0108122Z  * [new tag]             recovery/20261006/retired/codex-release-3920-browser-relay-036c7de07765 -> recovery/20261006/retired/codex-release-3920-browser-relay-036c7de07765
2026-10-08T23:51:20.0109046Z  * [new tag]             recovery/20261006/retired/codex-repair-3730-linguistics-7a0570f67031 -> recovery/20261006/retired/codex-repair-3730-linguistics-7a0570f67031
2026-10-08T23:51:20.0109895Z  * [new tag]             recovery/20261006/retired/codex-repair-3731-domain-ownership-cb9789dea2e9 -> recovery/20261006/retired/codex-repair-3731-domain-ownership-cb9789dea2e9
2026-10-08T23:51:20.0110881Z  * [new tag]             recovery/20261006/retired/codex-service-browser-window-a443ec7f7d18 -> recovery/20261006/retired/codex-service-browser-window-a443ec7f7d18
2026-10-08T23:51:20.0111655Z  * [new tag]             recovery/20261006/retired/codex-slash-justfile-c349287d05cd -> recovery/20261006/retired/codex-slash-justfile-c349287d05cd
2026-10-08T23:51:20.0112393Z  * [new tag]             recovery/20261006/retired/codex-source-terminal-state-793481612322 -> recovery/20261006/retired/codex-source-terminal-state-793481612322
2026-10-08T23:51:20.0113231Z  * [new tag]             recovery/20261006/retired/codex-sourced-global-intent-90dc21fb6628 -> recovery/20261006/retired/codex-sourced-global-intent-90dc21fb6628
2026-10-08T23:51:20.0114251Z  * [new tag]             recovery/20261006/retired/codex-speech-intent-foundation-repair-fb9ba023a195 -> recovery/20261006/retired/codex-speech-intent-foundation-repair-fb9ba023a195
2026-10-08T23:51:20.0115273Z  * [new tag]             recovery/20261006/retired/codex-three-bodies-mask-journey-5169b46a604c -> recovery/20261006/retired/codex-three-bodies-mask-journey-5169b46a604c
2026-10-08T23:51:20.0116068Z  * [new tag]             recovery/20261006/retired/codex-total-omnibus-current-c208ae9fd71b -> recovery/20261006/retired/codex-total-omnibus-current-c208ae9fd71b
2026-10-08T23:51:20.0116832Z  * [new tag]             recovery/20261006/retired/codex-xtask-check-scopes-54d7d057ed28 -> recovery/20261006/retired/codex-xtask-check-scopes-54d7d057ed28
2026-10-08T23:51:20.0117629Z  * [new tag]             recovery/20261006/retired/codex-xtask-intent-audio-midi-d57bf240860d -> recovery/20261006/retired/codex-xtask-intent-audio-midi-d57bf240860d
2026-10-08T23:51:20.0118450Z  * [new tag]             recovery/20261006/retired/codex-xtask-intent-pete-596357b7ab3f -> recovery/20261006/retired/codex-xtask-intent-pete-596357b7ab3f
2026-10-08T23:51:20.0119219Z  * [new tag]             recovery/20261006/retired/codex-xtask-prove-coordination-db485cb05371 -> recovery/20261006/retired/codex-xtask-prove-coordination-db485cb05371
2026-10-08T23:51:20.0119975Z  * [new tag]             recovery/20261006/retired/codex-xtask-retire-demo-c22eaed9ea28 -> recovery/20261006/retired/codex-xtask-retire-demo-c22eaed9ea28
2026-10-08T23:51:20.0120829Z  * [new tag]             release-001845eba63d4fb6f3472de9fc33089d2a1f7d6e -> release-001845eba63d4fb6f3472de9fc33089d2a1f7d6e
2026-10-08T23:51:20.0121496Z  * [new tag]             release-01b016fc7c5c0b3acb5f81078edcf2d9a75c158c -> release-01b016fc7c5c0b3acb5f81078edcf2d9a75c158c
2026-10-08T23:51:20.0122107Z  * [new tag]             release-027c4f423223e98ca051693221165d998cebde8f -> release-027c4f423223e98ca051693221165d998cebde8f
2026-10-08T23:51:20.0122709Z  * [new tag]             release-02ecbc0a99672819bbf5810fca973b76bb361068 -> release-02ecbc0a99672819bbf5810fca973b76bb361068
2026-10-08T23:51:20.0123316Z  * [new tag]             release-0eebcc254044a05e6c3427a4844e627dd6c63b07 -> release-0eebcc254044a05e6c3427a4844e627dd6c63b07
2026-10-08T23:51:20.0123943Z  * [new tag]             release-0fea630c0327fe5b14f3d06c83b45c380836a73e -> release-0fea630c0327fe5b14f3d06c83b45c380836a73e
2026-10-08T23:51:20.0124553Z  * [new tag]             release-11cc70175696782b1c22bc0174fc304c6d0d00a8 -> release-11cc70175696782b1c22bc0174fc304c6d0d00a8
2026-10-08T23:51:20.0125217Z  * [new tag]             release-16eb6053e2888ad28015b437e9a37b8cb6be349d -> release-16eb6053e2888ad28015b437e9a37b8cb6be349d
2026-10-08T23:51:20.0125890Z  * [new tag]             release-1876ecccacef607dec6b529a1d0d7bc89bd25a4f -> release-1876ecccacef607dec6b529a1d0d7bc89bd25a4f
2026-10-08T23:51:20.0126561Z  * [new tag]             release-18bd07bb6c1bf460082fffa408d731b4ea57d73f -> release-18bd07bb6c1bf460082fffa408d731b4ea57d73f
2026-10-08T23:51:20.0127195Z  * [new tag]             release-1afb89711f6c618ab50cb1092dc825fa0f2d8c58 -> release-1afb89711f6c618ab50cb1092dc825fa0f2d8c58
2026-10-08T23:51:20.0127828Z  * [new tag]             release-1b4d7bb3b8ff6b972f7477632c8649b4c160a294 -> release-1b4d7bb3b8ff6b972f7477632c8649b4c160a294
2026-10-08T23:51:20.0128480Z  * [new tag]             release-1ec25b49a70a46125c2e7d79f941cbade5ca7b66 -> release-1ec25b49a70a46125c2e7d79f941cbade5ca7b66
2026-10-08T23:51:20.0129096Z  * [new tag]             release-21f21bab09157ce98dde41888d6584032487adda -> release-21f21bab09157ce98dde41888d6584032487adda
2026-10-08T23:51:20.0129744Z  * [new tag]             release-2685a777ecfa52f6607eab35cc7ca6add9df2229 -> release-2685a777ecfa52f6607eab35cc7ca6add9df2229
2026-10-08T23:51:20.0130501Z  * [new tag]             release-2aacaa6bde9ec1aa3e56abb49999df6dec8a78db -> release-2aacaa6bde9ec1aa3e56abb49999df6dec8a78db
2026-10-08T23:51:20.0131166Z  * [new tag]             release-2e39f2eed5131a6b306f84862d371f70225cb3d4 -> release-2e39f2eed5131a6b306f84862d371f70225cb3d4
2026-10-08T23:51:20.0131795Z  * [new tag]             release-2e7d1b4cd1767dab1b5dd78aa2c101c6aa35924d -> release-2e7d1b4cd1767dab1b5dd78aa2c101c6aa35924d
2026-10-08T23:51:20.0132447Z  * [new tag]             release-31000d584550860f7324826ca5a7ebed0719bdfc -> release-31000d584550860f7324826ca5a7ebed0719bdfc
2026-10-08T23:51:20.0133086Z  * [new tag]             release-332b37e2af034f891153a05b577852c8fd5e7882 -> release-332b37e2af034f891153a05b577852c8fd5e7882
2026-10-08T23:51:20.0133701Z  * [new tag]             release-35a6603a39a6e8b812f5ad49166cf8925f97564f -> release-35a6603a39a6e8b812f5ad49166cf8925f97564f
2026-10-08T23:51:20.0134327Z  * [new tag]             release-36d330035fbc01e05225e9559424f5f14fd0c83a -> release-36d330035fbc01e05225e9559424f5f14fd0c83a
2026-10-08T23:51:20.0134952Z  * [new tag]             release-3907fec0c6256eb1dfb1fee045056c044b33decf -> release-3907fec0c6256eb1dfb1fee045056c044b33decf
2026-10-08T23:51:20.0135612Z  * [new tag]             release-391774a5d5bd753c3bb06c575e3a820ec388bf68 -> release-391774a5d5bd753c3bb06c575e3a820ec388bf68
2026-10-08T23:51:20.0136317Z  * [new tag]             release-3be4914d5fca80e81a4ddddccdd0877db87d4931 -> release-3be4914d5fca80e81a4ddddccdd0877db87d4931
2026-10-08T23:51:20.0136950Z  * [new tag]             release-3d780e728d1cd5fe57c2dc71569dd8e77fefb57e -> release-3d780e728d1cd5fe57c2dc71569dd8e77fefb57e
2026-10-08T23:51:20.0137586Z  * [new tag]             release-3e0c4967bc8e1c5f1d5eee77e68ec0d1f448595f -> release-3e0c4967bc8e1c5f1d5eee77e68ec0d1f448595f
2026-10-08T23:51:20.0138205Z  * [new tag]             release-408410e23ee2225595f1b6ef3b017868a0fffd6f -> release-408410e23ee2225595f1b6ef3b017868a0fffd6f
2026-10-08T23:51:20.0138812Z  * [new tag]             release-40b553c2f12ab0cfa205b3774509ee9ce639db6d -> release-40b553c2f12ab0cfa205b3774509ee9ce639db6d
2026-10-08T23:51:20.0139521Z  * [new tag]             release-42d6c212f9dac742c92025c5fde8c74dfbde4e47 -> release-42d6c212f9dac742c92025c5fde8c74dfbde4e47
2026-10-08T23:51:20.0140146Z  * [new tag]             release-433bcf390e00ee3f4be396106d8d290d0207699f -> release-433bcf390e00ee3f4be396106d8d290d0207699f
2026-10-08T23:51:20.0140956Z  * [new tag]             release-46ab9c2f68bb17c7194ff78b24ee65ba94917d75 -> release-46ab9c2f68bb17c7194ff78b24ee65ba94917d75
2026-10-08T23:51:20.0141585Z  * [new tag]             release-47cae77611c671d4b44460125f3728f99cf73bb6 -> release-47cae77611c671d4b44460125f3728f99cf73bb6
2026-10-08T23:51:20.0142269Z  * [new tag]             release-4881699e4d922e7106678f2eefbade44ec543a1b -> release-4881699e4d922e7106678f2eefbade44ec543a1b
2026-10-08T23:51:20.0143028Z  * [new tag]             release-49f0eb5c4771b285ce2d17161c7dcd05edfb9a40 -> release-49f0eb5c4771b285ce2d17161c7dcd05edfb9a40
2026-10-08T23:51:20.0143690Z  * [new tag]             release-4a204e1fd258a8e11278ff43edb9665ac85570f0 -> release-4a204e1fd258a8e11278ff43edb9665ac85570f0
2026-10-08T23:51:20.0144314Z  * [new tag]             release-51e9884e3f6738ae8d237987e339f3e198f9d738 -> release-51e9884e3f6738ae8d237987e339f3e198f9d738
2026-10-08T23:51:20.0144936Z  * [new tag]             release-52370b257b6188f2f6aba42cd8065489203ef78f -> release-52370b257b6188f2f6aba42cd8065489203ef78f
2026-10-08T23:51:20.0145556Z  * [new tag]             release-56326c9df80f2b424055b0f2a12323d19248c44f -> release-56326c9df80f2b424055b0f2a12323d19248c44f
2026-10-08T23:51:20.0146204Z  * [new tag]             release-575ebf2b909db91d11451420aa830a4e7235d4ac -> release-575ebf2b909db91d11451420aa830a4e7235d4ac
2026-10-08T23:51:20.0146833Z  * [new tag]             release-5b57fa034dffc60cc5fccc99fb3a0bdd92ca831b -> release-5b57fa034dffc60cc5fccc99fb3a0bdd92ca831b
2026-10-08T23:51:20.0147502Z  * [new tag]             release-5be5340248af5e82a4b5d54410f4ef745afdfa7c -> release-5be5340248af5e82a4b5d54410f4ef745afdfa7c
2026-10-08T23:51:20.0148120Z  * [new tag]             release-5ce79086e3ee0ced0fc4b99df150e64890104971 -> release-5ce79086e3ee0ced0fc4b99df150e64890104971
2026-10-08T23:51:20.0148743Z  * [new tag]             release-6183b3c233a80594a50735725cf78d7df650c40c -> release-6183b3c233a80594a50735725cf78d7df650c40c
2026-10-08T23:51:20.0149398Z  * [new tag]             release-61f8a40a173eb785d0bace51b2c90bcf5c1074a1 -> release-61f8a40a173eb785d0bace51b2c90bcf5c1074a1
2026-10-08T23:51:20.0150031Z  * [new tag]             release-6289b3df16bb9b6d42fb83b2e4c5a72ee03d3ee5 -> release-6289b3df16bb9b6d42fb83b2e4c5a72ee03d3ee5
2026-10-08T23:51:20.0150938Z  * [new tag]             release-62fbfacbbf35fd4aca39c2100c889246352ba819 -> release-62fbfacbbf35fd4aca39c2100c889246352ba819
2026-10-08T23:51:20.0151569Z  * [new tag]             release-63e90c0390d7cda3e34176944811e797e4c9c613 -> release-63e90c0390d7cda3e34176944811e797e4c9c613
2026-10-08T23:51:20.0152183Z  * [new tag]             release-6a301334e5ac81c6d40ecc17beedbc1081bf0a84 -> release-6a301334e5ac81c6d40ecc17beedbc1081bf0a84
2026-10-08T23:51:20.0152836Z  * [new tag]             release-6b678a36c965250a1db13d45b293a547d0a78b00 -> release-6b678a36c965250a1db13d45b293a547d0a78b00
2026-10-08T23:51:20.0153521Z  * [new tag]             release-6cc4ba02f2139716e454da8463ff28f0b3502814 -> release-6cc4ba02f2139716e454da8463ff28f0b3502814
2026-10-08T23:51:20.0154239Z  * [new tag]             release-6cc58a14764208543fad460bce5f6bf2a207d82d -> release-6cc58a14764208543fad460bce5f6bf2a207d82d
2026-10-08T23:51:20.0154927Z  * [new tag]             release-6efc44762c0c8c9779b51bbe86dc382dd1aeced7 -> release-6efc44762c0c8c9779b51bbe86dc382dd1aeced7
2026-10-08T23:51:20.0155547Z  * [new tag]             release-7014e10ccb2c6fe3559b8ffe533a5917b76bc862 -> release-7014e10ccb2c6fe3559b8ffe533a5917b76bc862
2026-10-08T23:51:20.0156197Z  * [new tag]             release-7283954d16316a912e6af790e871b61008ff4a29 -> release-7283954d16316a912e6af790e871b61008ff4a29
2026-10-08T23:51:20.0156840Z  * [new tag]             release-739718c80a7ca8894ab9e36d4c82fcd4c19e583c -> release-739718c80a7ca8894ab9e36d4c82fcd4c19e583c
2026-10-08T23:51:20.0157436Z  * [new tag]             release-7529270b3e51606f3485840b4a74053c5bea07b8 -> release-7529270b3e51606f3485840b4a74053c5bea07b8
2026-10-08T23:51:20.0158085Z  * [new tag]             release-770a4a62474e78da3c2a0ccddd3b2fa3591f8197 -> release-770a4a62474e78da3c2a0ccddd3b2fa3591f8197
2026-10-08T23:51:20.0158676Z  * [new tag]             release-78d8e98b5d8b38562a0c2f6ec055b0cc84d8d90d -> release-78d8e98b5d8b38562a0c2f6ec055b0cc84d8d90d
2026-10-08T23:51:20.0159354Z  * [new tag]             release-7991e50b4c8756ad2be2c0f238c6b220e325c6ee -> release-7991e50b4c8756ad2be2c0f238c6b220e325c6ee
2026-10-08T23:51:20.0159946Z  * [new tag]             release-7acbc416d21386ea60c6618978994ba83dac8136 -> release-7acbc416d21386ea60c6618978994ba83dac8136
2026-10-08T23:51:20.0160690Z  * [new tag]             release-7b03d378423fbdcc493fa901b1a72130379acc4d -> release-7b03d378423fbdcc493fa901b1a72130379acc4d
2026-10-08T23:51:20.0161336Z  * [new tag]             release-81a135cba4490794085bbcfd0b09b51db1db2134 -> release-81a135cba4490794085bbcfd0b09b51db1db2134
2026-10-08T23:51:20.0161955Z  * [new tag]             release-84411a1e1369c226bc849e93c3ab63d9cb0605fa -> release-84411a1e1369c226bc849e93c3ab63d9cb0605fa
2026-10-08T23:51:20.0162585Z  * [new tag]             release-84904771e67ccbd6bf87b80ccdf31a4eacf0fb0e -> release-84904771e67ccbd6bf87b80ccdf31a4eacf0fb0e
2026-10-08T23:51:20.0163188Z  * [new tag]             release-864964ce59531d3fda3b9ae676dad14d25dcca0a -> release-864964ce59531d3fda3b9ae676dad14d25dcca0a
2026-10-08T23:51:20.0163785Z  * [new tag]             release-87e368092bd4cc72240cb1229a84d30a360a7f90 -> release-87e368092bd4cc72240cb1229a84d30a360a7f90
2026-10-08T23:51:20.0164404Z  * [new tag]             release-8818b446aa6faf01dfe901cb20126ee4256edc97 -> release-8818b446aa6faf01dfe901cb20126ee4256edc97
2026-10-08T23:51:20.0165004Z  * [new tag]             release-8ac24a8eea83cae06158b85208d90979a89493e8 -> release-8ac24a8eea83cae06158b85208d90979a89493e8
2026-10-08T23:51:20.0165638Z  * [new tag]             release-8b216ee721a3fe492fd0d02fb4a3fa4b606519c1 -> release-8b216ee721a3fe492fd0d02fb4a3fa4b606519c1
2026-10-08T23:51:20.0166244Z  * [new tag]             release-90a17e38b31d09c6ec1e0eb17dd1cb9f62f87ff9 -> release-90a17e38b31d09c6ec1e0eb17dd1cb9f62f87ff9
2026-10-08T23:51:20.0166911Z  * [new tag]             release-976463aa709f43db46d89f7d55898ea2db3e17a4 -> release-976463aa709f43db46d89f7d55898ea2db3e17a4
2026-10-08T23:51:20.0167547Z  * [new tag]             release-99d3dd46a2fe01d7d117184921c9aff7da33f7d7 -> release-99d3dd46a2fe01d7d117184921c9aff7da33f7d7
2026-10-08T23:51:20.0168179Z  * [new tag]             release-9bf8f89bd937e2a3e13c128a10dfa1b63f51d893 -> release-9bf8f89bd937e2a3e13c128a10dfa1b63f51d893
2026-10-08T23:51:20.0168841Z  * [new tag]             release-a06600168677a5d91ab293cc04b0d0ebce382344 -> release-a06600168677a5d91ab293cc04b0d0ebce382344
2026-10-08T23:51:20.0169455Z  * [new tag]             release-a12eb786d4ced5b57dfa550bec0581fec9c5c2d7 -> release-a12eb786d4ced5b57dfa550bec0581fec9c5c2d7
2026-10-08T23:51:20.0170141Z  * [new tag]             release-a3b6edf83b4c5354b7c2091e6109188b2eb872ab -> release-a3b6edf83b4c5354b7c2091e6109188b2eb872ab
2026-10-08T23:51:20.0170940Z  * [new tag]             release-a6cbe9eec12feeeddfc2e88cce7d7a4a592b5fbe -> release-a6cbe9eec12feeeddfc2e88cce7d7a4a592b5fbe
2026-10-08T23:51:20.0171590Z  * [new tag]             release-a95efd41d209df01ada6e1b6eb0ad3a31694d61f -> release-a95efd41d209df01ada6e1b6eb0ad3a31694d61f
2026-10-08T23:51:20.0172246Z  * [new tag]             release-aa0207c094edc5c3d999a84b4bd94ffe84244ea0 -> release-aa0207c094edc5c3d999a84b4bd94ffe84244ea0
2026-10-08T23:51:20.0172911Z  * [new tag]             release-ad9df47da8e98e3d3f206df1a9bdbeae29e7655d -> release-ad9df47da8e98e3d3f206df1a9bdbeae29e7655d
2026-10-08T23:51:20.0173550Z  * [new tag]             release-adc05effe82356458007207c4fdb989243741b18 -> release-adc05effe82356458007207c4fdb989243741b18
2026-10-08T23:51:20.0174185Z  * [new tag]             release-ade28c3ac6f3f694b29513c2abb32f77bdd36575 -> release-ade28c3ac6f3f694b29513c2abb32f77bdd36575
2026-10-08T23:51:20.0174815Z  * [new tag]             release-ae8b29c1cf932618566452ff43d0185af05e3569 -> release-ae8b29c1cf932618566452ff43d0185af05e3569
2026-10-08T23:51:20.0175462Z  * [new tag]             release-afd39cf25c43f2b21be9ec65776b7c5a99d888c7 -> release-afd39cf25c43f2b21be9ec65776b7c5a99d888c7
2026-10-08T23:51:20.0176096Z  * [new tag]             release-b0486c6c03d1dc06a819b0badf83c28249258a81 -> release-b0486c6c03d1dc06a819b0badf83c28249258a81
2026-10-08T23:51:20.0176836Z  * [new tag]             release-b0ffd1310b07601ea4d960fd2a5b7fdbe86d2cd4 -> release-b0ffd1310b07601ea4d960fd2a5b7fdbe86d2cd4
2026-10-08T23:51:20.0177475Z  * [new tag]             release-b8979d81802c06a204dac1cce6d4c3adee14f7a7 -> release-b8979d81802c06a204dac1cce6d4c3adee14f7a7
2026-10-08T23:51:20.0178099Z  * [new tag]             release-b8bbd828afd1456faf7bd7c519e09d50f6406f51 -> release-b8bbd828afd1456faf7bd7c519e09d50f6406f51
2026-10-08T23:51:20.0178747Z  * [new tag]             release-ba5ab1438e6c5f55bee71043e0ae2d5c552bfbe9 -> release-ba5ab1438e6c5f55bee71043e0ae2d5c552bfbe9
2026-10-08T23:51:20.0179395Z  * [new tag]             release-bacb1971de3756ecbe7144639fb5de16b9fd60e5 -> release-bacb1971de3756ecbe7144639fb5de16b9fd60e5
2026-10-08T23:51:20.0180048Z  * [new tag]             release-bbdfe6c4ce74985a875994a69de7c933db561686 -> release-bbdfe6c4ce74985a875994a69de7c933db561686
2026-10-08T23:51:20.0180836Z  * [new tag]             release-bc302dbe73d11032875e6f153776d360e5289303 -> release-bc302dbe73d11032875e6f153776d360e5289303
2026-10-08T23:51:20.0181463Z  * [new tag]             release-bc78963dfba895c2fa36b0b6bc3c13957b280f70 -> release-bc78963dfba895c2fa36b0b6bc3c13957b280f70
2026-10-08T23:51:20.0182113Z  * [new tag]             release-bfbd3f46a3be7aed6c3bbe870ed7af184679b9d8 -> release-bfbd3f46a3be7aed6c3bbe870ed7af184679b9d8
2026-10-08T23:51:20.0182931Z  * [new tag]             release-c256418f3e375a1d261a80fff6cf05cdb2bd7ad1 -> release-c256418f3e375a1d261a80fff6cf05cdb2bd7ad1
2026-10-08T23:51:20.0183558Z  * [new tag]             release-c5af0cc2150500a03535cad6ce69e6b42fa59a81 -> release-c5af0cc2150500a03535cad6ce69e6b42fa59a81
2026-10-08T23:51:20.0184269Z  * [new tag]             release-c618372861a64aaac9c6f1ee31e7a31c77dbc4f3 -> release-c618372861a64aaac9c6f1ee31e7a31c77dbc4f3
2026-10-08T23:51:20.0184999Z  * [new tag]             release-c8e97dd8ba7748bc9848da531aeccfbd7fc234ee -> release-c8e97dd8ba7748bc9848da531aeccfbd7fc234ee
2026-10-08T23:51:20.0185668Z  * [new tag]             release-ca076749aa14b1e3a5d964d9dba32115f018ca2f -> release-ca076749aa14b1e3a5d964d9dba32115f018ca2f
2026-10-08T23:51:20.0186313Z  * [new tag]             release-ca778e0e9d3f0304bb29cfa96b8622fdcb7df823 -> release-ca778e0e9d3f0304bb29cfa96b8622fdcb7df823
2026-10-08T23:51:20.0186935Z  * [new tag]             release-cc2aae47b8e66bc47be5d980569d57a142f3cae5 -> release-cc2aae47b8e66bc47be5d980569d57a142f3cae5
2026-10-08T23:51:20.0187584Z  * [new tag]             release-ce3619665f4cd7683e625c5b63e657ee9101be65 -> release-ce3619665f4cd7683e625c5b63e657ee9101be65
2026-10-08T23:51:20.0188444Z  * [new tag]             release-d083598e5fe74c69ebb7759693d9cb6a359409af -> release-d083598e5fe74c69ebb7759693d9cb6a359409af
2026-10-08T23:51:20.0189120Z  * [new tag]             release-d2dd87601dc2e1dbbc1d8ab5e858fbf8fe9a115f -> release-d2dd87601dc2e1dbbc1d8ab5e858fbf8fe9a115f
2026-10-08T23:51:20.0189813Z  * [new tag]             release-d509ccd9a0b69c11e23329a009200d4130f39434 -> release-d509ccd9a0b69c11e23329a009200d4130f39434
2026-10-08T23:51:20.0190749Z  * [new tag]             release-db6365499ff3424d9502f9380eb09eacf6cc357c -> release-db6365499ff3424d9502f9380eb09eacf6cc357c
2026-10-08T23:51:20.0191550Z  * [new tag]             release-dca5553bca9bf40611ee70f6c495b468234b8f2e -> release-dca5553bca9bf40611ee70f6c495b468234b8f2e
2026-10-08T23:51:20.0192402Z  * [new tag]             release-dce9fe6a1e35bab4fe174cf1a93d0e593824b43e -> release-dce9fe6a1e35bab4fe174cf1a93d0e593824b43e
2026-10-08T23:51:20.0193261Z  * [new tag]             release-de93fa716c88cdb8e181d2b46f9222f5d6112ca3 -> release-de93fa716c88cdb8e181d2b46f9222f5d6112ca3
2026-10-08T23:51:20.0193875Z  * [new tag]             release-df17cde50cf5f8549ea6d0d0d432de75175a93ac -> release-df17cde50cf5f8549ea6d0d0d432de75175a93ac
2026-10-08T23:51:20.0194484Z  * [new tag]             release-e52b3d96c6e04335106ad3e389fcb2504eaca8e1 -> release-e52b3d96c6e04335106ad3e389fcb2504eaca8e1
2026-10-08T23:51:20.0195178Z  * [new tag]             release-e678ab559e9ff0aa8452175d45ac3ac02d1819d4 -> release-e678ab559e9ff0aa8452175d45ac3ac02d1819d4
2026-10-08T23:51:20.0195782Z  * [new tag]             release-eb928febf145ac21562dbc1692abf02af2bc2dc6 -> release-eb928febf145ac21562dbc1692abf02af2bc2dc6
2026-10-08T23:51:20.0196447Z  * [new tag]             release-ed28a4d18e55736a06c44032162e107c0d955bf1 -> release-ed28a4d18e55736a06c44032162e107c0d955bf1
2026-10-08T23:51:20.0197042Z  * [new tag]             release-f06a7fe7ba212f285a2243d9715d5b0732077cb6 -> release-f06a7fe7ba212f285a2243d9715d5b0732077cb6
2026-10-08T23:51:20.0197641Z  * [new tag]             release-f2362d62dcc4e63de0bddac86c3467dc4c78f365 -> release-f2362d62dcc4e63de0bddac86c3467dc4c78f365
2026-10-08T23:51:20.0198272Z  * [new tag]             release-f243cd2601899e3ff76086cccf63ff5aecef6c66 -> release-f243cd2601899e3ff76086cccf63ff5aecef6c66
2026-10-08T23:51:20.0198879Z  * [new tag]             release-f281d74a32aca69863f2fcf70d6c857d105540c7 -> release-f281d74a32aca69863f2fcf70d6c857d105540c7
2026-10-08T23:51:20.0199540Z  * [new tag]             release-f562fa371ff703d3b0e8f325aafb4e4a284794a4 -> release-f562fa371ff703d3b0e8f325aafb4e4a284794a4
2026-10-08T23:51:20.0200150Z  * [new tag]             release-f967dead4f207c8fc856f2c3a9fb2cd4cb2fde73 -> release-f967dead4f207c8fc856f2c3a9fb2cd4cb2fde73
2026-10-08T23:51:20.0200897Z  * [new tag]             release-fadea97b3560d40363148778b21dd15fc1fc19ff -> release-fadea97b3560d40363148778b21dd15fc1fc19ff
2026-10-08T23:51:20.0201533Z  * [new tag]             release-fbb01d9d047ab5a8438d12ea027517ebba2b0145 -> release-fbb01d9d047ab5a8438d12ea027517ebba2b0145
2026-10-08T23:51:20.0202140Z  * [new tag]             release-fdc9be1cd6dc2c2b918ef92bb52b5ee87c80e9cf -> release-fdc9be1cd6dc2c2b918ef92bb52b5ee87c80e9cf
2026-10-08T23:51:20.0202756Z  * [new tag]             release-fdd0852745a0b1d9ac39f5a7766f3378039561e2 -> release-fdd0852745a0b1d9ac39f5a7766f3378039561e2
2026-10-08T23:51:20.0203390Z  * [new tag]             release-ffe6802225f68923f998a32c3b6342f9730cf946 -> release-ffe6802225f68923f998a32c3b6342f9730cf946
2026-10-08T23:51:20.0204993Z [command]/usr/bin/git rev-parse --verify --quiet 2ff14b6d290742951895c538c962c092e4255043^{object}
2026-10-08T23:51:20.0205433Z 2ff14b6d290742951895c538c962c092e4255043
2026-10-08T23:51:20.0206235Z ##[endgroup]
2026-10-08T23:51:20.0206672Z ##[group]Determining the checkout info
2026-10-08T23:51:20.0207301Z ##[endgroup]
2026-10-08T23:51:20.0207655Z [command]/usr/bin/git sparse-checkout disable
2026-10-08T23:51:20.0208553Z [command]/usr/bin/git config --local --unset-all extensions.worktreeConfig
2026-10-08T23:51:20.0209642Z ##[group]Checking out the ref
2026-10-08T23:51:20.0211969Z [command]/usr/bin/git checkout --progress --force 2ff14b6d290742951895c538c962c092e4255043
2026-10-08T23:51:20.6691651Z Note: switching to '2ff14b6d290742951895c538c962c092e4255043'.
2026-10-08T23:51:20.6692175Z 
2026-10-08T23:51:20.6692436Z You are in 'detached HEAD' state. You can look around, make experimental
2026-10-08T23:51:20.6692957Z changes and commit them, and you can discard any commits you make in this
2026-10-08T23:51:20.6693440Z state without impacting any branches by switching back to a branch.
2026-10-08T23:51:20.6693654Z 
2026-10-08T23:51:20.6693869Z If you want to create a new branch to retain commits you create, you may
2026-10-08T23:51:20.6694291Z do so (now or later) by using -c with the switch command. Example:
2026-10-08T23:51:20.6694552Z 
2026-10-08T23:51:20.6694676Z   git switch -c <new-branch-name>
2026-10-08T23:51:20.6694893Z 
2026-10-08T23:51:20.6695068Z Or undo this operation with:
2026-10-08T23:51:20.6695225Z 
2026-10-08T23:51:20.6695410Z   git switch -
2026-10-08T23:51:20.6695572Z 
2026-10-08T23:51:20.6695851Z Turn off this advice by setting config variable advice.detachedHead to false
2026-10-08T23:51:20.6696081Z 
2026-10-08T23:51:20.6696370Z HEAD is now at 2ff14b6d2 Merge commit '91193940b78dd8a9e0446a620507d0a62dcf67a9' into codex/5260-unicode-ipa
2026-10-08T23:51:20.6819113Z ##[endgroup]
2026-10-08T23:51:20.6854434Z [command]/usr/bin/git log -1 --format=%H
2026-10-08T23:51:20.6873809Z 2ff14b6d290742951895c538c962c092e4255043
2026-10-08T23:51:20.6880730Z ##[group]Removing auth
2026-10-08T23:51:20.6881230Z Removing SSH command configuration
2026-10-08T23:51:20.6884538Z [command]/usr/bin/git config --local --name-only --get-regexp core\.sshCommand
2026-10-08T23:51:20.6910155Z [command]/usr/bin/git submodule foreach --recursive sh -c "git config --local --name-only --get-regexp 'core\.sshCommand' && git config --local --unset-all 'core.sshCommand' || :"
2026-10-08T23:51:20.7061806Z Removing HTTP extra header
2026-10-08T23:51:20.7064117Z [command]/usr/bin/git config --local --name-only --get-regexp http\.https\:\/\/github\.com\/\.extraheader
2026-10-08T23:51:20.7085214Z [command]/usr/bin/git submodule foreach --recursive sh -c "git config --local --name-only --get-regexp 'http\.https\:\/\/github\.com\/\.extraheader' && git config --local --unset-all 'http.https://github.com/.extraheader' || :"
2026-10-08T23:51:20.7234423Z Removing includeIf entries pointing to credentials config files
2026-10-08T23:51:20.7237062Z [command]/usr/bin/git config --local --name-only --get-regexp ^includeIf\.gitdir:
2026-10-08T23:51:20.7254685Z includeif.gitdir:/home/runner/work/conduit/conduit/.git.path
2026-10-08T23:51:20.7255372Z includeif.gitdir:/home/runner/work/conduit/conduit/.git/worktrees/*.path
2026-10-08T23:51:20.7255978Z includeif.gitdir:/github/workspace/.git.path
2026-10-08T23:51:20.7256402Z includeif.gitdir:/github/workspace/.git/worktrees/*.path
2026-10-08T23:51:20.7261178Z [command]/usr/bin/git config --local --get-all includeif.gitdir:/home/runner/work/conduit/conduit/.git.path
2026-10-08T23:51:20.7283044Z /home/runner/work/_temp/git-credentials-7abc8b14-3a6c-4c66-a5aa-6469e74f5bdc.config
2026-10-08T23:51:20.7290512Z [command]/usr/bin/git config --local --unset includeif.gitdir:/home/runner/work/conduit/conduit/.git.path \/home\/runner\/work\/_temp\/git\-credentials\-7abc8b14\-3a6c\-4c66\-a5aa\-6469e74f5bdc\.config
2026-10-08T23:51:20.7497913Z [command]/usr/bin/git config --local --get-all includeif.gitdir:/home/runner/work/conduit/conduit/.git/worktrees/*.path
2026-10-08T23:51:20.7513711Z /home/runner/work/_temp/git-credentials-7abc8b14-3a6c-4c66-a5aa-6469e74f5bdc.config
2026-10-08T23:51:20.7525305Z [command]/usr/bin/git config --local --unset includeif.gitdir:/home/runner/work/conduit/conduit/.git/worktrees/*.path \/home\/runner\/work\/_temp\/git\-credentials\-7abc8b14\-3a6c\-4c66\-a5aa\-6469e74f5bdc\.config
2026-10-08T23:51:20.7702257Z [command]/usr/bin/git config --local --get-all includeif.gitdir:/github/workspace/.git.path
2026-10-08T23:51:20.7719124Z /github/runner_temp/git-credentials-7abc8b14-3a6c-4c66-a5aa-6469e74f5bdc.config
2026-10-08T23:51:20.7725837Z [command]/usr/bin/git config --local --unset includeif.gitdir:/github/workspace/.git.path \/github\/runner_temp\/git\-credentials\-7abc8b14\-3a6c\-4c66\-a5aa\-6469e74f5bdc\.config
2026-10-08T23:51:20.7800923Z [command]/usr/bin/git config --local --get-all includeif.gitdir:/github/workspace/.git/worktrees/*.path
2026-10-08T23:51:20.7817259Z /github/runner_temp/git-credentials-7abc8b14-3a6c-4c66-a5aa-6469e74f5bdc.config
2026-10-08T23:51:20.7822658Z [command]/usr/bin/git config --local --unset includeif.gitdir:/github/workspace/.git/worktrees/*.path \/github\/runner_temp\/git\-credentials\-7abc8b14\-3a6c\-4c66\-a5aa\-6469e74f5bdc\.config
2026-10-08T23:51:20.7999224Z [command]/usr/bin/git submodule foreach --recursive git config --local --show-origin --name-only --get-regexp remote.origin.url
2026-10-08T23:51:20.8151797Z Removing credentials config '/home/runner/work/_temp/git-credentials-7abc8b14-3a6c-4c66-a5aa-6469e74f5bdc.config'
2026-10-08T23:51:20.8202767Z ##[endgroup]
2026-10-08T23:51:20.8596717Z ##[group]Run dtolnay/rust-toolchain@1.98.1
2026-10-08T23:51:20.8597027Z with:
2026-10-08T23:51:20.8597308Z   components: rustfmt,clippy
2026-10-08T23:51:20.8597617Z env:
2026-10-08T23:51:20.8597860Z   CARGO_TERM_COLOR: always
2026-10-08T23:51:20.8598256Z   CARGO_INCREMENTAL: 0
2026-10-08T23:51:20.8598526Z   CARGO_PROFILE_DEV_DEBUG: 0
2026-10-08T23:51:20.8598814Z   CARGO_PROFILE_TEST_DEBUG: 0
2026-10-08T23:51:20.8599077Z   RUSTUP_TOOLCHAIN: 1.98.1
2026-10-08T23:51:20.8599379Z   CONDUIT_CHECKOUT_SHA: 2ff14b6d290742951895c538c962c092e4255043
2026-10-08T23:51:20.8599720Z ##[endgroup]
2026-10-08T23:51:20.8656012Z ##[start-action display=Parse toolchain version;id=__dtolnay_rust-toolchain.parse]
2026-10-08T23:51:20.8717905Z ##[group]Run if [[ -z $toolchain ]]; then
2026-10-08T23:51:20.8718425Z [36;1mif [[ -z $toolchain ]]; then[0m
2026-10-08T23:51:20.8718905Z [36;1m  # GitHub does not enforce `required: true` inputs itself. https://github.com/actions/runner/issues/1070[0m
2026-10-08T23:51:20.8719711Z [36;1m  echo "'toolchain' is a required input" >&2[0m
2026-10-08T23:51:20.8720022Z [36;1m  exit 1[0m
2026-10-08T23:51:20.8720585Z [36;1melif [[ $toolchain =~ ^stable' '[0-9]+' '(year|month|week|day)s?' 'ago$ ]]; then[0m
2026-10-08T23:51:20.8721029Z [36;1m  if [[ Linux == macOS ]]; then[0m
2026-10-08T23:51:20.8721480Z [36;1m    echo "toolchain=1.$((($(date -v-$(sed 's/stable \([0-9]*\) \(.\).*/\1\2/' <<< $toolchain) +%s)/60/60/24-16569)/7/6))" >> $GITHUB_OUTPUT[0m
2026-10-08T23:51:20.8721965Z [36;1m  else[0m
2026-10-08T23:51:20.8722337Z [36;1m    echo "toolchain=1.$((($(date --date "${toolchain#stable }" +%s)/60/60/24-16569)/7/6))" >> $GITHUB_OUTPUT[0m
2026-10-08T23:51:20.8722715Z [36;1m  fi[0m
2026-10-08T23:51:20.8723037Z [36;1melif [[ $toolchain =~ ^stable' 'minus' '[0-9]+' 'releases?$ ]]; then[0m
2026-10-08T23:51:20.8723488Z [36;1m  echo "toolchain=1.$((($(date +%s)/60/60/24-16569)/7/6-${toolchain//[^0-9]/}))" >> $GITHUB_OUTPUT[0m
2026-10-08T23:51:20.8723912Z [36;1melif [[ $toolchain =~ ^1\.[0-9]+$ ]]; then[0m
2026-10-08T23:51:20.8724380Z [36;1m  echo "toolchain=1.$((i=${toolchain#1.}, c=($(date +%s)/60/60/24-16569)/7/6, i+9*i*(10*i<=c)+90*i*(100*i<=c)))" >> $GITHUB_OUTPUT[0m
2026-10-08T23:51:20.8724823Z [36;1melse[0m
2026-10-08T23:51:20.8725121Z [36;1m  echo "toolchain=$toolchain" >> $GITHUB_OUTPUT[0m
2026-10-08T23:51:20.8725413Z [36;1mfi[0m
2026-10-08T23:51:20.9434017Z shell: /usr/bin/bash --noprofile --norc -e -o pipefail {0}
2026-10-08T23:51:20.9434619Z env:
2026-10-08T23:51:20.9435480Z   CARGO_TERM_COLOR: always
2026-10-08T23:51:20.9435738Z   CARGO_INCREMENTAL: 0
2026-10-08T23:51:20.9436033Z   CARGO_PROFILE_DEV_DEBUG: 0
2026-10-08T23:51:20.9436305Z   CARGO_PROFILE_TEST_DEBUG: 0
2026-10-08T23:51:20.9436583Z   RUSTUP_TOOLCHAIN: 1.98.1
2026-10-08T23:51:20.9436959Z   CONDUIT_CHECKOUT_SHA: 2ff14b6d290742951895c538c962c092e4255043
2026-10-08T23:51:20.9437276Z   toolchain: 1.98.1
2026-10-08T23:51:20.9437539Z ##[endgroup]
2026-10-08T23:51:20.9837012Z ##[end-action id=__dtolnay_rust-toolchain.parse;outcome=success;conclusion=success;duration_ms=117]
2026-10-08T23:51:20.9848388Z ##[start-action display=Construct rustup command line;id=__dtolnay_rust-toolchain.flags]
2026-10-08T23:51:20.9903383Z ##[group]Run echo "targets=$(for t in ${targets//,/ }; do echo -n ' --target' $t; done)" >> $GITHUB_OUTPUT
2026-10-08T23:51:20.9903996Z [36;1mecho "targets=$(for t in ${targets//,/ }; do echo -n ' --target' $t; done)" >> $GITHUB_OUTPUT[0m
2026-10-08T23:51:20.9904510Z [36;1mecho "components=$(for c in ${components//,/ }; do echo -n ' --component' $c; done)" >> $GITHUB_OUTPUT[0m
2026-10-08T23:51:20.9904954Z [36;1mecho "downgrade=" >> $GITHUB_OUTPUT[0m
2026-10-08T23:51:20.9938580Z shell: /usr/bin/bash --noprofile --norc -e -o pipefail {0}
2026-10-08T23:51:20.9938927Z env:
2026-10-08T23:51:20.9939229Z   CARGO_TERM_COLOR: always
2026-10-08T23:51:20.9939494Z   CARGO_INCREMENTAL: 0
2026-10-08T23:51:20.9939753Z   CARGO_PROFILE_DEV_DEBUG: 0
2026-10-08T23:51:20.9940251Z   CARGO_PROFILE_TEST_DEBUG: 0
2026-10-08T23:51:20.9940676Z   RUSTUP_TOOLCHAIN: 1.98.1
2026-10-08T23:51:20.9941359Z   CONDUIT_CHECKOUT_SHA: 2ff14b6d290742951895c538c962c092e4255043
2026-10-08T23:51:20.9941693Z   targets: 
2026-10-08T23:51:20.9941926Z   components: rustfmt,clippy
2026-10-08T23:51:20.9942349Z ##[endgroup]
2026-10-08T23:51:21.0022643Z ##[end-action id=__dtolnay_rust-toolchain.flags;outcome=success;conclusion=success;duration_ms=17]
2026-10-08T23:51:21.0024959Z ##[start-action display=Set $CARGO_HOME;id=__dtolnay_rust-toolchain.__run]
2026-10-08T23:51:21.0191817Z ##[group]Run echo CARGO_HOME=${CARGO_HOME:-"$HOME/.cargo"} >> $GITHUB_ENV
2026-10-08T23:51:21.0192262Z [36;1mecho CARGO_HOME=${CARGO_HOME:-"$HOME/.cargo"} >> $GITHUB_ENV[0m
2026-10-08T23:51:21.0221415Z shell: /usr/bin/bash --noprofile --norc -e -o pipefail {0}
2026-10-08T23:51:21.0221773Z env:
2026-10-08T23:51:21.0222036Z   CARGO_TERM_COLOR: always
2026-10-08T23:51:21.0222405Z   CARGO_INCREMENTAL: 0
2026-10-08T23:51:21.0222680Z   CARGO_PROFILE_DEV_DEBUG: 0
2026-10-08T23:51:21.0222950Z   CARGO_PROFILE_TEST_DEBUG: 0
2026-10-08T23:51:21.0223229Z   RUSTUP_TOOLCHAIN: 1.98.1
2026-10-08T23:51:21.0223544Z   CONDUIT_CHECKOUT_SHA: 2ff14b6d290742951895c538c962c092e4255043
2026-10-08T23:51:21.0223872Z ##[endgroup]
2026-10-08T23:51:21.0312903Z ##[end-action id=__dtolnay_rust-toolchain.__run;outcome=success;conclusion=success;duration_ms=28]
2026-10-08T23:51:21.0315253Z ##[start-action display=Install rustup if needed;id=__dtolnay_rust-toolchain.__run_2]
2026-10-08T23:51:21.0589944Z ##[group]Run if ! command -v rustup &>/dev/null; then
2026-10-08T23:51:21.0590643Z [36;1mif ! command -v rustup &>/dev/null; then[0m
2026-10-08T23:51:21.0591512Z [36;1m  curl --proto '=https' --tlsv1.2 --retry 10 --retry-connrefused --location --silent --show-error --fail https://sh.rustup.rs | sh -s -- --default-toolchain none -y[0m
2026-10-08T23:51:21.0592353Z [36;1m  echo "$CARGO_HOME/bin" >> $GITHUB_PATH[0m
2026-10-08T23:51:21.0592741Z [36;1mfi[0m
2026-10-08T23:51:21.0620083Z shell: /usr/bin/bash --noprofile --norc -e -o pipefail {0}
2026-10-08T23:51:21.0620655Z env:
2026-10-08T23:51:21.0620916Z   CARGO_TERM_COLOR: always
2026-10-08T23:51:21.0621173Z   CARGO_INCREMENTAL: 0
2026-10-08T23:51:21.0621458Z   CARGO_PROFILE_DEV_DEBUG: 0
2026-10-08T23:51:21.0621756Z   CARGO_PROFILE_TEST_DEBUG: 0
2026-10-08T23:51:21.0622024Z   RUSTUP_TOOLCHAIN: 1.98.1
2026-10-08T23:51:21.0622341Z   CONDUIT_CHECKOUT_SHA: 2ff14b6d290742951895c538c962c092e4255043
2026-10-08T23:51:21.0622676Z   CARGO_HOME: /home/runner/.cargo
2026-10-08T23:51:21.0622948Z ##[endgroup]
2026-10-08T23:51:21.0706676Z ##[end-action id=__dtolnay_rust-toolchain.__run_2;outcome=success;conclusion=success;duration_ms=39]
2026-10-08T23:51:21.0708933Z ##[start-action display=Install rustup if needed on windows;id=__dtolnay_rust-toolchain.__run_3]
2026-10-08T23:51:21.0715517Z ##[end-action id=__dtolnay_rust-toolchain.__run_3;outcome=skipped;conclusion=skipped;duration_ms=0]
2026-10-08T23:51:21.0725763Z ##[start-action display=rustup toolchain install 1.98.1;id=__dtolnay_rust-toolchain.__run_4]
2026-10-08T23:51:21.1091232Z ##[group]Run log=$(mktemp)
2026-10-08T23:51:21.1091535Z [36;1mlog=$(mktemp)[0m
2026-10-08T23:51:21.1091884Z [36;1mtrap 'rm -f "$log"' EXIT[0m
2026-10-08T23:51:21.1092251Z [36;1mfor attempt in 1 2 3 4 5; do[0m
2026-10-08T23:51:21.1092832Z [36;1m  if rustup toolchain install 1.98.1 --component rustfmt --component clippy --profile minimal --no-self-update --force-non-host 2>&1 | tee "$log"; then[0m
2026-10-08T23:51:21.1093363Z [36;1m    break[0m
2026-10-08T23:51:21.1093603Z [36;1m  else[0m
2026-10-08T23:51:21.1093849Z [36;1m    status=$?[0m
2026-10-08T23:51:21.1094093Z [36;1m  fi[0m
2026-10-08T23:51:21.1094379Z [36;1m  if [[ $attempt == 5 ]] || ! grep -Fq 'checksum failed for ' "$log" \[0m
2026-10-08T23:51:21.1094902Z [36;1m      || ! grep -Fq 'this is likely due to an ongoing update of the official release server' "$log"; then[0m
2026-10-08T23:51:21.1095305Z [36;1m    exit "$status"[0m
2026-10-08T23:51:21.1095701Z [36;1m  fi[0m
2026-10-08T23:51:21.1096049Z [36;1m  echo "Retrying rustup toolchain install in 30 seconds (retry $attempt of 4)" >&2[0m
2026-10-08T23:51:21.1096413Z [36;1m  sleep 30[0m
2026-10-08T23:51:21.1096695Z [36;1mdone[0m
2026-10-08T23:51:21.1124960Z shell: /usr/bin/bash --noprofile --norc -e -o pipefail {0}
2026-10-08T23:51:21.1125350Z env:
2026-10-08T23:51:21.1125590Z   CARGO_TERM_COLOR: always
2026-10-08T23:51:21.1125884Z   CARGO_INCREMENTAL: 0
2026-10-08T23:51:21.1126174Z   CARGO_PROFILE_DEV_DEBUG: 0
2026-10-08T23:51:21.1126468Z   CARGO_PROFILE_TEST_DEBUG: 0
2026-10-08T23:51:21.1126732Z   RUSTUP_TOOLCHAIN: 1.98.1
2026-10-08T23:51:21.1127025Z   CONDUIT_CHECKOUT_SHA: 2ff14b6d290742951895c538c962c092e4255043
2026-10-08T23:51:21.1127379Z   CARGO_HOME: /home/runner/.cargo
2026-10-08T23:51:21.1127658Z   RUSTUP_PERMIT_COPY_RENAME: 1
2026-10-08T23:51:21.1127910Z ##[endgroup]
2026-10-08T23:51:21.1776396Z info: syncing channel updates for 1.98.1-x86_64-unknown-linux-gnu
2026-10-08T23:51:21.4590548Z info: latest update on 2026-09-03 for version 1.98.1 (48a229cea 2026-09-01)
2026-10-08T23:51:21.4591214Z info: downloading 5 components
2026-10-08T23:51:30.0409100Z 
2026-10-08T23:51:30.0484427Z   1.98.1-x86_64-unknown-linux-gnu installed - rustc 1.98.1 (48a229cea 2026-09-01)
2026-10-08T23:51:30.0484983Z 
2026-10-08T23:51:30.1641023Z ##[end-action id=__dtolnay_rust-toolchain.__run_4;outcome=success;conclusion=success;duration_ms=9091]
2026-10-08T23:51:30.1648774Z ##[start-action display=rustup default 1.98.1;id=__dtolnay_rust-toolchain.__run_5]
2026-10-08T23:51:30.1818374Z ##[group]Run rustup default 1.98.1 --force-non-host
2026-10-08T23:51:30.1818739Z [36;1mrustup default 1.98.1 --force-non-host[0m
2026-10-08T23:51:30.1853920Z shell: /usr/bin/bash --noprofile --norc -e -o pipefail {0}
2026-10-08T23:51:30.1854304Z env:
2026-10-08T23:51:30.1854557Z   CARGO_TERM_COLOR: always
2026-10-08T23:51:30.1854806Z   CARGO_INCREMENTAL: 0
2026-10-08T23:51:30.1855053Z   CARGO_PROFILE_DEV_DEBUG: 0
2026-10-08T23:51:30.1855317Z   CARGO_PROFILE_TEST_DEBUG: 0
2026-10-08T23:51:30.1855564Z   RUSTUP_TOOLCHAIN: 1.98.1
2026-10-08T23:51:30.1855855Z   CONDUIT_CHECKOUT_SHA: 2ff14b6d290742951895c538c962c092e4255043
2026-10-08T23:51:30.1856187Z   CARGO_HOME: /home/runner/.cargo
2026-10-08T23:51:30.1856446Z ##[endgroup]
2026-10-08T23:51:30.2779040Z info: using existing install for 1.98.1-x86_64-unknown-linux-gnu
2026-10-08T23:51:30.3730409Z info: default toolchain set to 1.98.1-x86_64-unknown-linux-gnu
2026-10-08T23:51:30.3730742Z 
2026-10-08T23:51:30.3796739Z info: note that the toolchain '1.98.1-x86_64-unknown-linux-gnu' is currently in use (overridden by environment variable RUSTUP_TOOLCHAIN)
2026-10-08T23:51:30.3797442Z   1.98.1-x86_64-unknown-linux-gnu unchanged - rustc 1.98.1 (48a229cea 2026-09-01)
2026-10-08T23:51:30.3797690Z 
2026-10-08T23:51:30.3811173Z ##[end-action id=__dtolnay_rust-toolchain.__run_5;outcome=success;conclusion=success;duration_ms=216]
2026-10-08T23:51:30.3813789Z ##[start-action display=Create cachekey;id=__dtolnay_rust-toolchain.rustc-version]
2026-10-08T23:51:30.3926682Z ##[group]Run DATE=$(rustc +1.98.1 --version --verbose | sed -ne 's/^commit-date: \(20[0-9][0-9]\)-\([01][0-9]\)-\([0-3][0-9]\)$/\1\2\3/p')
2026-10-08T23:51:30.3927307Z [36;1mDATE=$(rustc +1.98.1 --version --verbose | sed -ne 's/^commit-date: \(20[0-9][0-9]\)-\([01][0-9]\)-\([0-3][0-9]\)$/\1\2\3/p')[0m
2026-10-08T23:51:30.3927826Z [36;1mHASH=$(rustc +1.98.1 --version --verbose | sed -ne 's/^commit-hash: //p')[0m
2026-10-08T23:51:30.3928233Z [36;1mecho "cachekey=$(echo $DATE$HASH | head -c12)" >> $GITHUB_OUTPUT[0m
2026-10-08T23:51:30.3962741Z shell: /usr/bin/bash --noprofile --norc -e -o pipefail {0}
2026-10-08T23:51:30.3963053Z env:
2026-10-08T23:51:30.3963284Z   CARGO_TERM_COLOR: always
2026-10-08T23:51:30.3963533Z   CARGO_INCREMENTAL: 0
2026-10-08T23:51:30.3963765Z   CARGO_PROFILE_DEV_DEBUG: 0
2026-10-08T23:51:30.3964036Z   CARGO_PROFILE_TEST_DEBUG: 0
2026-10-08T23:51:30.3964281Z   RUSTUP_TOOLCHAIN: 1.98.1
2026-10-08T23:51:30.3964684Z   CONDUIT_CHECKOUT_SHA: 2ff14b6d290742951895c538c962c092e4255043
2026-10-08T23:51:30.3965021Z   CARGO_HOME: /home/runner/.cargo
2026-10-08T23:51:30.3965295Z ##[endgroup]
2026-10-08T23:51:30.4376734Z ##[end-action id=__dtolnay_rust-toolchain.rustc-version;outcome=success;conclusion=success;duration_ms=56]
2026-10-08T23:51:30.4379145Z ##[start-action display=Disable incremental compilation;id=__dtolnay_rust-toolchain.__run_6]
2026-10-08T23:51:30.4522529Z ##[group]Run if [ -z "${CARGO_INCREMENTAL+set}" ]; then
2026-10-08T23:51:30.4522803Z [36;1mif [ -z "${CARGO_INCREMENTAL+set}" ]; then[0m
2026-10-08T23:51:30.4523031Z [36;1m  echo CARGO_INCREMENTAL=0 >> $GITHUB_ENV[0m
2026-10-08T23:51:30.4523222Z [36;1mfi[0m
2026-10-08T23:51:30.4556367Z shell: /usr/bin/bash --noprofile --norc -e -o pipefail {0}
2026-10-08T23:51:30.4556595Z env:
2026-10-08T23:51:30.4556741Z   CARGO_TERM_COLOR: always
2026-10-08T23:51:30.4556903Z   CARGO_INCREMENTAL: 0
2026-10-08T23:51:30.4557058Z   CARGO_PROFILE_DEV_DEBUG: 0
2026-10-08T23:51:30.4557237Z   CARGO_PROFILE_TEST_DEBUG: 0
2026-10-08T23:51:30.4557398Z   RUSTUP_TOOLCHAIN: 1.98.1
2026-10-08T23:51:30.4557596Z   CONDUIT_CHECKOUT_SHA: 2ff14b6d290742951895c538c962c092e4255043
2026-10-08T23:51:30.4557831Z   CARGO_HOME: /home/runner/.cargo
2026-10-08T23:51:30.4558014Z ##[endgroup]
2026-10-08T23:51:30.4642470Z ##[end-action id=__dtolnay_rust-toolchain.__run_6;outcome=success;conclusion=success;duration_ms=26]
2026-10-08T23:51:30.4644303Z ##[start-action display=Enable colors in Cargo output;id=__dtolnay_rust-toolchain.__run_7]
2026-10-08T23:51:30.4928144Z ##[group]Run if [ -z "${CARGO_TERM_COLOR+set}" ]; then
2026-10-08T23:51:30.4928395Z [36;1mif [ -z "${CARGO_TERM_COLOR+set}" ]; then[0m
2026-10-08T23:51:30.4928613Z [36;1m  echo CARGO_TERM_COLOR=always >> $GITHUB_ENV[0m
2026-10-08T23:51:30.4928808Z [36;1mfi[0m
2026-10-08T23:51:30.4955419Z shell: /usr/bin/bash --noprofile --norc -e -o pipefail {0}
2026-10-08T23:51:30.4955653Z env:
2026-10-08T23:51:30.4955800Z   CARGO_TERM_COLOR: always
2026-10-08T23:51:30.4955979Z   CARGO_INCREMENTAL: 0
2026-10-08T23:51:30.4956152Z   CARGO_PROFILE_DEV_DEBUG: 0
2026-10-08T23:51:30.4956319Z   CARGO_PROFILE_TEST_DEBUG: 0
2026-10-08T23:51:30.4956483Z   RUSTUP_TOOLCHAIN: 1.98.1
2026-10-08T23:51:30.4956681Z   CONDUIT_CHECKOUT_SHA: 2ff14b6d290742951895c538c962c092e4255043
2026-10-08T23:51:30.4956916Z   CARGO_HOME: /home/runner/.cargo
2026-10-08T23:51:30.4957082Z ##[endgroup]
2026-10-08T23:51:30.5044768Z ##[end-action id=__dtolnay_rust-toolchain.__run_7;outcome=success;conclusion=success;duration_ms=39]
2026-10-08T23:51:30.5046592Z ##[start-action display=Enable Cargo sparse registry;id=__dtolnay_rust-toolchain.__run_8]
2026-10-08T23:51:30.5131485Z ##[group]Run # implemented in 1.66, stabilized in 1.68, made default in 1.70
2026-10-08T23:51:30.5131846Z [36;1m# implemented in 1.66, stabilized in 1.68, made default in 1.70[0m
2026-10-08T23:51:30.5132312Z [36;1mif [ -z "${CARGO_REGISTRIES_CRATES_IO_PROTOCOL+set}" -o -f "/home/runner/work/_temp"/.implicit_cargo_registries_crates_io_protocol ]; then[0m
2026-10-08T23:51:30.5132785Z [36;1m  if rustc +1.98.1 --version --verbose | grep -q '^release: 1\.6[89]\.'; then[0m
2026-10-08T23:51:30.5133150Z [36;1m    touch "/home/runner/work/_temp"/.implicit_cargo_registries_crates_io_protocol || true[0m
2026-10-08T23:51:30.5133513Z [36;1m    echo CARGO_REGISTRIES_CRATES_IO_PROTOCOL=sparse >> $GITHUB_ENV[0m
2026-10-08T23:51:30.5133832Z [36;1m  elif rustc +1.98.1 --version --verbose | grep -q '^release: 1\.6[67]\.'; then[0m
2026-10-08T23:51:30.5134187Z [36;1m    touch "/home/runner/work/_temp"/.implicit_cargo_registries_crates_io_protocol || true[0m
2026-10-08T23:51:30.5134522Z [36;1m    echo CARGO_REGISTRIES_CRATES_IO_PROTOCOL=git >> $GITHUB_ENV[0m
2026-10-08T23:51:30.5134757Z [36;1m  fi[0m
2026-10-08T23:51:30.5134895Z [36;1mfi[0m
2026-10-08T23:51:30.5160575Z shell: /usr/bin/bash --noprofile --norc -e -o pipefail {0}
2026-10-08T23:51:30.5160833Z env:
2026-10-08T23:51:30.5160996Z   CARGO_TERM_COLOR: always
2026-10-08T23:51:30.5161310Z   CARGO_INCREMENTAL: 0
2026-10-08T23:51:30.5161478Z   CARGO_PROFILE_DEV_DEBUG: 0
2026-10-08T23:51:30.5161653Z   CARGO_PROFILE_TEST_DEBUG: 0
2026-10-08T23:51:30.5161822Z   RUSTUP_TOOLCHAIN: 1.98.1
2026-10-08T23:51:30.5162034Z   CONDUIT_CHECKOUT_SHA: 2ff14b6d290742951895c538c962c092e4255043
2026-10-08T23:51:30.5162345Z   CARGO_HOME: /home/runner/.cargo
2026-10-08T23:51:30.5162518Z ##[endgroup]
2026-10-08T23:51:30.6352996Z ##[end-action id=__dtolnay_rust-toolchain.__run_8;outcome=success;conclusion=success;duration_ms=130]
2026-10-08T23:51:30.6355004Z ##[start-action display=Work around spurious network errors in curl 8.0;id=__dtolnay_rust-toolchain.__run_9]
2026-10-08T23:51:30.7050598Z ##[group]Run # https://rust-lang.zulipchat.com/#narrow/stream/246057-t-cargo/topic/timeout.20investigation
2026-10-08T23:51:30.7051335Z [36;1m# https://rust-lang.zulipchat.com/#narrow/stream/246057-t-cargo/topic/timeout.20investigation[0m
2026-10-08T23:51:30.7051958Z [36;1mif rustc +1.98.1 --version --verbose | grep -q '^release: 1\.7[01]\.'; then[0m
2026-10-08T23:51:30.7052379Z [36;1m  echo CARGO_HTTP_MULTIPLEXING=false >> $GITHUB_ENV[0m
2026-10-08T23:51:30.7052678Z [36;1mfi[0m
2026-10-08T23:51:30.7087882Z shell: /usr/bin/bash --noprofile --norc -e -o pipefail {0}
2026-10-08T23:51:30.7088135Z env:
2026-10-08T23:51:30.7088291Z   CARGO_TERM_COLOR: always
2026-10-08T23:51:30.7088456Z   CARGO_INCREMENTAL: 0
2026-10-08T23:51:30.7088621Z   CARGO_PROFILE_DEV_DEBUG: 0
2026-10-08T23:51:30.7088791Z   CARGO_PROFILE_TEST_DEBUG: 0
2026-10-08T23:51:30.7088959Z   RUSTUP_TOOLCHAIN: 1.98.1
2026-10-08T23:51:30.7089178Z   CONDUIT_CHECKOUT_SHA: 2ff14b6d290742951895c538c962c092e4255043
2026-10-08T23:51:30.7089416Z   CARGO_HOME: /home/runner/.cargo
2026-10-08T23:51:30.7089584Z ##[endgroup]
2026-10-08T23:51:30.8066031Z ##[end-action id=__dtolnay_rust-toolchain.__run_9;outcome=success;conclusion=success;duration_ms=171]
2026-10-08T23:51:30.8069259Z ##[start-action display=rustc +1.98.1 --version --verbose;id=__dtolnay_rust-toolchain.__run_10]
2026-10-08T23:51:30.8843049Z ##[group]Run rustc +1.98.1 --version --verbose
2026-10-08T23:51:30.8843305Z [36;1mrustc +1.98.1 --version --verbose[0m
2026-10-08T23:51:30.8878033Z shell: /usr/bin/bash --noprofile --norc -e -o pipefail {0}
2026-10-08T23:51:30.8878300Z env:
2026-10-08T23:51:30.8878461Z   CARGO_TERM_COLOR: always
2026-10-08T23:51:30.8878636Z   CARGO_INCREMENTAL: 0
2026-10-08T23:51:30.8878803Z   CARGO_PROFILE_DEV_DEBUG: 0
2026-10-08T23:51:30.8878976Z   CARGO_PROFILE_TEST_DEBUG: 0
2026-10-08T23:51:30.8879152Z   RUSTUP_TOOLCHAIN: 1.98.1
2026-10-08T23:51:30.8879363Z   CONDUIT_CHECKOUT_SHA: 2ff14b6d290742951895c538c962c092e4255043
2026-10-08T23:51:30.8879605Z   CARGO_HOME: /home/runner/.cargo
2026-10-08T23:51:30.8879780Z ##[endgroup]
2026-10-08T23:51:30.9764268Z rustc 1.98.1 (48a229cea 2026-09-01)
2026-10-08T23:51:30.9764703Z binary: rustc
2026-10-08T23:51:30.9765091Z commit-hash: 48a229ceaefd4985c50990b14116b6d856af0985
2026-10-08T23:51:30.9765576Z commit-date: 2026-09-01
2026-10-08T23:51:30.9765967Z host: x86_64-unknown-linux-gnu
2026-10-08T23:51:30.9766308Z release: 1.98.1
2026-10-08T23:51:30.9766988Z LLVM version: 22.1.8
2026-10-08T23:51:30.9779201Z ##[end-action id=__dtolnay_rust-toolchain.__run_10;outcome=success;conclusion=success;duration_ms=170]
2026-10-08T23:51:31.0460814Z ##[group]Run actions/setup-node@v7.0.0
2026-10-08T23:51:31.0461069Z with:
2026-10-08T23:51:31.0461245Z   node-version: 22
2026-10-08T23:51:31.0461441Z   check-latest: false
2026-10-08T23:51:31.0463477Z   token: ***
2026-10-08T23:51:31.0463658Z   package-manager-cache: true
2026-10-08T23:51:31.0463862Z env:
2026-10-08T23:51:31.0464027Z   CARGO_TERM_COLOR: always
2026-10-08T23:51:31.0464222Z   CARGO_INCREMENTAL: 0
2026-10-08T23:51:31.0464407Z   CARGO_PROFILE_DEV_DEBUG: 0
2026-10-08T23:51:31.0464616Z   CARGO_PROFILE_TEST_DEBUG: 0
2026-10-08T23:51:31.0464812Z   RUSTUP_TOOLCHAIN: 1.98.1
2026-10-08T23:51:31.0465049Z   CONDUIT_CHECKOUT_SHA: 2ff14b6d290742951895c538c962c092e4255043
2026-10-08T23:51:31.0465323Z   CARGO_HOME: /home/runner/.cargo
2026-10-08T23:51:31.0465519Z ##[endgroup]
2026-10-08T23:51:31.1553246Z Found in cache @ /opt/hostedtoolcache/node/22.23.3/x64
2026-10-08T23:51:31.1553814Z ##[group]Environment details
2026-10-08T23:51:31.5167379Z node: v22.23.3
2026-10-08T23:51:31.5167942Z npm: 10.9.9
2026-10-08T23:51:31.5168168Z yarn: 1.22.22
2026-10-08T23:51:31.5168699Z ##[endgroup]
2026-10-08T23:51:31.5566415Z ##[group]Run cargo xtask ci pipeline setup-ci
2026-10-08T23:51:31.5566694Z [36;1mcargo xtask ci pipeline setup-ci[0m
2026-10-08T23:51:31.5616737Z shell: /usr/bin/bash -e {0}
2026-10-08T23:51:31.5616938Z env:
2026-10-08T23:51:31.5617097Z   CARGO_TERM_COLOR: always
2026-10-08T23:51:31.5617271Z   CARGO_INCREMENTAL: 0
2026-10-08T23:51:31.5617439Z   CARGO_PROFILE_DEV_DEBUG: 0
2026-10-08T23:51:31.5617612Z   CARGO_PROFILE_TEST_DEBUG: 0
2026-10-08T23:51:31.5617783Z   RUSTUP_TOOLCHAIN: 1.98.1
2026-10-08T23:51:31.5618003Z   CONDUIT_CHECKOUT_SHA: 2ff14b6d290742951895c538c962c092e4255043
2026-10-08T23:51:31.5618237Z   CARGO_HOME: /home/runner/.cargo
2026-10-08T23:51:31.5618439Z ##[endgroup]
2026-10-08T23:51:31.6218159Z [1m[92m    Updating[0m crates.io index
2026-10-08T23:51:31.6219938Z [1m[92m    Updating[0m git repository `https://github.com/dancxjo/tongues.git`
2026-10-08T23:51:37.7974364Z [1m[92m Downloading[0m crates ...
2026-10-08T23:51:37.9249505Z [1m[92m  Downloaded[0m cobs v0.3.0
2026-10-08T23:51:37.9270636Z [1m[92m  Downloaded[0m crypto-common v0.1.7
2026-10-08T23:51:37.9309916Z [1m[92m  Downloaded[0m digest v0.10.7
2026-10-08T23:51:37.9324318Z [1m[92m  Downloaded[0m block-buffer v0.10.4
2026-10-08T23:51:37.9332930Z [1m[92m  Downloaded[0m cpufeatures v0.2.17
2026-10-08T23:51:37.9342296Z [1m[92m  Downloaded[0m cfg-if v1.0.5
2026-10-08T23:51:37.9363443Z [1m[92m  Downloaded[0m embedded-io v0.4.0
2026-10-08T23:51:37.9452428Z [1m[92m  Downloaded[0m generic-array v0.14.7
2026-10-08T23:51:37.9532186Z [1m[92m  Downloaded[0m libm v0.2.16
2026-10-08T23:51:37.9578266Z [1m[92m  Downloaded[0m itoa v1.0.18
2026-10-08T23:51:37.9587335Z [1m[92m  Downloaded[0m serde_spanned v0.6.9
2026-10-08T23:51:37.9595357Z [1m[92m  Downloaded[0m toml_datetime v0.6.11
2026-10-08T23:51:37.9603478Z [1m[92m  Downloaded[0m version_check v0.9.5
2026-10-08T23:51:37.9622442Z [1m[92m  Downloaded[0m embedded-io v0.6.1
2026-10-08T23:51:37.9629256Z [1m[92m  Downloaded[0m toml_write v0.1.2
2026-10-08T23:51:37.9638146Z [1m[92m  Downloaded[0m equivalent v1.0.2
2026-10-08T23:51:37.9714843Z [1m[92m  Downloaded[0m sha2 v0.10.9
2026-10-08T23:51:37.9785253Z [1m[92m  Downloaded[0m quote v1.0.47
2026-10-08T23:51:37.9801761Z [1m[92m  Downloaded[0m thiserror v2.0.20
2026-10-08T23:51:37.9833932Z [1m[92m  Downloaded[0m zmij v1.0.23
2026-10-08T23:51:37.9845423Z [1m[92m  Downloaded[0m toml v0.8.23
2026-10-08T23:51:37.9863907Z [1m[92m  Downloaded[0m thiserror-impl v2.0.20
2026-10-08T23:51:37.9873198Z [1m[92m  Downloaded[0m unicode-ident v1.0.26
2026-10-08T23:51:37.9890656Z [1m[92m  Downloaded[0m serde_core v1.0.229
2026-10-08T23:51:37.9906608Z [1m[92m  Downloaded[0m postcard v1.1.3
2026-10-08T23:51:37.9917798Z [1m[92m  Downloaded[0m proc-macro2 v1.0.107
2026-10-08T23:51:37.9930997Z [1m[92m  Downloaded[0m minicbor v2.3.0
2026-10-08T23:51:37.9940074Z [1m[92m  Downloaded[0m serde_derive v1.0.229
2026-10-08T23:51:37.9954067Z [1m[92m  Downloaded[0m toml_edit v0.22.27
2026-10-08T23:51:37.9978658Z [1m[92m  Downloaded[0m serde v1.0.229
2026-10-08T23:51:37.9995402Z [1m[92m  Downloaded[0m memchr v2.8.3
2026-10-08T23:51:38.0018018Z [1m[92m  Downloaded[0m typenum v1.20.1
2026-10-08T23:51:38.0036277Z [1m[92m  Downloaded[0m indexmap v2.14.2
2026-10-08T23:51:38.0056091Z [1m[92m  Downloaded[0m hashbrown v0.17.1
2026-10-08T23:51:38.0081842Z [1m[92m  Downloaded[0m serde_json v1.0.151
2026-10-08T23:51:38.0117572Z [1m[92m  Downloaded[0m winnow v0.7.15
2026-10-08T23:51:38.0159536Z [1m[92m  Downloaded[0m syn v3.0.6
2026-10-08T23:51:38.4707402Z [1m[92m   Compiling[0m proc-macro2 v1.0.107
2026-10-08T23:51:38.4708229Z [1m[92m   Compiling[0m unicode-ident v1.0.26
2026-10-08T23:51:38.4708806Z [1m[92m   Compiling[0m quote v1.0.47
2026-10-08T23:51:38.4718925Z [1m[92m   Compiling[0m version_check v0.9.5
2026-10-08T23:51:38.5362195Z [1m[92m   Compiling[0m typenum v1.20.1
2026-10-08T23:51:38.6552973Z [1m[92m   Compiling[0m libm v0.2.16
2026-10-08T23:51:38.6692583Z [1m[92m   Compiling[0m generic-array v0.14.7
2026-10-08T23:51:38.7651799Z [1m[92m   Compiling[0m cfg-if v1.0.5
2026-10-08T23:51:38.7934415Z [1m[92m   Compiling[0m cpufeatures v0.2.17
2026-10-08T23:51:38.8132678Z [1m[92m   Compiling[0m serde_core v1.0.229
2026-10-08T23:51:39.1156887Z [1m[92m   Compiling[0m syn v3.0.6
2026-10-08T23:51:39.1773807Z [1m[92m   Compiling[0m serde v1.0.229
2026-10-08T23:51:39.5272412Z [1m[92m   Compiling[0m block-buffer v0.10.4
2026-10-08T23:51:39.5913144Z [1m[92m   Compiling[0m crypto-common v0.1.7
2026-10-08T23:51:39.6352202Z [1m[92m   Compiling[0m digest v0.10.7
2026-10-08T23:51:39.7342494Z [1m[92m   Compiling[0m sha2 v0.10.9
2026-10-08T23:51:40.5367639Z [1m[92m   Compiling[0m thiserror v2.0.20
2026-10-08T23:51:40.7392326Z [1m[92m   Compiling[0m zmij v1.0.23
2026-10-08T23:51:40.8592305Z [1m[92m   Compiling[0m serde_json v1.0.151
2026-10-08T23:51:40.9312067Z [1m[92m   Compiling[0m itoa v1.0.18
2026-10-08T23:51:40.9962312Z [1m[92m   Compiling[0m serde_derive v1.0.229
2026-10-08T23:51:41.0272091Z [1m[92m   Compiling[0m thiserror-impl v2.0.20
2026-10-08T23:51:41.1102291Z [1m[92m   Compiling[0m memchr v2.8.3
2026-10-08T23:51:41.6402409Z [1m[92m   Compiling[0m minicbor v2.3.0
2026-10-08T23:51:41.9112639Z [1m[92m   Compiling[0m cobs v0.3.0
2026-10-08T23:51:41.9963033Z [1m[92m   Compiling[0m hashbrown v0.17.1
2026-10-08T23:51:42.3412173Z [1m[92m   Compiling[0m equivalent v1.0.2
2026-10-08T23:51:42.3782070Z [1m[92m   Compiling[0m winnow v0.7.15
2026-10-08T23:51:42.4170744Z [1m[92m   Compiling[0m indexmap v2.14.2
2026-10-08T23:51:42.4249427Z [1m[92m   Compiling[0m toml_write v0.1.2
2026-10-08T23:51:43.1623001Z [1m[92m   Compiling[0m conduit-assigned-plan v0.1.0 (/home/runner/work/conduit/conduit/architecture/assigned-plan)
2026-10-08T23:51:43.1894189Z [1m[92m   Compiling[0m postcard v1.1.3
2026-10-08T23:51:43.3502345Z [1m[92m   Compiling[0m conduit-core v0.1.0 (/home/runner/work/conduit/conduit/architecture/core)
2026-10-08T23:51:43.4062050Z [1m[92m   Compiling[0m serde_spanned v0.6.9
2026-10-08T23:51:43.4592146Z [1m[92m   Compiling[0m toml_datetime v0.6.11
2026-10-08T23:51:43.5932500Z [1m[92m   Compiling[0m toml_edit v0.22.27
2026-10-08T23:51:44.8112270Z [1m[92m   Compiling[0m toml v0.8.23
2026-10-08T23:51:49.4912297Z [1m[92m   Compiling[0m conduit-plot v0.1.0 (/home/runner/work/conduit/conduit/architecture/plot)
2026-10-08T23:51:49.4913339Z [1m[92m   Compiling[0m conduit-body v0.1.0 (/home/runner/work/conduit/conduit/architecture/body)
2026-10-08T23:51:55.6087344Z [1m[92m   Compiling[0m conduit-time v0.1.0 (/home/runner/work/conduit/conduit/semantics/time)
2026-10-08T23:51:55.6088049Z [1m[92m   Compiling[0m conduit-human v0.1.0 (/home/runner/work/conduit/conduit/semantics/human)
2026-10-08T23:51:55.6088779Z [1m[92m   Compiling[0m conduit-audio v0.1.0 (/home/runner/work/conduit/conduit/semantics/audio)
2026-10-08T23:52:00.5862799Z [1m[92m   Compiling[0m conduit-text v0.1.0 (/home/runner/work/conduit/conduit/semantics/text)
2026-10-08T23:52:00.6942471Z [1m[92m   Compiling[0m conduit-data v0.1.0 (/home/runner/work/conduit/conduit/semantics/data)
2026-10-08T23:52:00.8102250Z [1m[92m   Compiling[0m conduit-presentation v0.1.0 (/home/runner/work/conduit/conduit/semantics/presentation)
2026-10-08T23:52:01.4385926Z [1m[92m   Compiling[0m conduit-process v0.1.0 (/home/runner/work/conduit/conduit/semantics/process)
2026-10-08T23:52:02.1481691Z [1m[92m   Compiling[0m conduit-net v0.1.0 (/home/runner/work/conduit/conduit/semantics/net)
2026-10-08T23:52:02.3352673Z [1m[92m   Compiling[0m conduit-robotics v0.1.0 (/home/runner/work/conduit/conduit/semantics/robotics)
2026-10-08T23:52:02.6106937Z [1m[92m   Compiling[0m conduit-alife v0.1.0 (/home/runner/work/conduit/conduit/semantics/alife)
2026-10-08T23:52:02.9102479Z [1m[92m   Compiling[0m conduit-purpose v0.1.0 (/home/runner/work/conduit/conduit/semantics/purpose)
2026-10-08T23:52:03.0933174Z [1m[92m   Compiling[0m conduit-web v0.1.0 (/home/runner/work/conduit/conduit/semantics/web)
2026-10-08T23:52:07.6268464Z [1m[92m   Compiling[0m conduit-education v0.1.0 (/home/runner/work/conduit/conduit/semantics/education)
2026-10-08T23:52:08.1742707Z [1m[92m   Compiling[0m conduit-midi v0.1.0 (/home/runner/work/conduit/conduit/mechanisms/protocols/midi)
2026-10-08T23:52:09.4850741Z [1m[92m   Compiling[0m conduit-semantic-catalog v0.1.0 (/home/runner/work/conduit/conduit/semantics/catalog)
2026-10-08T23:52:10.8103660Z [1m[92m   Compiling[0m conduit-host-make v0.1.0 (/home/runner/work/conduit/conduit/make/host)
2026-10-08T23:52:12.7003660Z [1m[92m   Compiling[0m conduit-xtask-dispatch v0.1.0 (/home/runner/work/conduit/conduit/tools/xtask-dispatch)
2026-10-08T23:52:13.2378142Z [1m[92m    Finished[0m `dev` profile [unoptimized] target(s) in 41.66s
2026-10-08T23:52:13.3469846Z [1m[92m     Running[0m `target/debug/conduit-xtask-dispatch ci pipeline setup-ci`
2026-10-08T23:52:13.7324316Z > tar -xOf /home/runner/.cache/conduit-ci/actionlint/1.7.7/actionlint_1.7.7_linux_amd64.tar.gz actionlint
2026-10-08T23:52:13.7690833Z > /home/runner/.cache/conduit-ci/actionlint/1.7.7/actionlint -version
2026-10-08T23:52:13.7909571Z Acquisition preflight: success in 383 ms; report target/acquisition/preflight.json
2026-10-08T23:52:13.8057532Z ##[group]Run cargo xtask ci pipeline scan "$BASE" "$SHA"
2026-10-08T23:52:13.8057834Z [36;1mcargo xtask ci pipeline scan "$BASE" "$SHA"[0m
2026-10-08T23:52:13.8090181Z shell: /usr/bin/bash -e {0}
2026-10-08T23:52:13.8090507Z env:
2026-10-08T23:52:13.8090699Z   CARGO_TERM_COLOR: always
2026-10-08T23:52:13.8090921Z   CARGO_INCREMENTAL: 0
2026-10-08T23:52:13.8091131Z   CARGO_PROFILE_DEV_DEBUG: 0
2026-10-08T23:52:13.8091321Z   CARGO_PROFILE_TEST_DEBUG: 0
2026-10-08T23:52:13.8091507Z   RUSTUP_TOOLCHAIN: 1.98.1
2026-10-08T23:52:13.8091728Z   CONDUIT_CHECKOUT_SHA: 2ff14b6d290742951895c538c962c092e4255043
2026-10-08T23:52:13.8091995Z   CARGO_HOME: /home/runner/.cargo
2026-10-08T23:52:13.8092192Z   BASE: 6cc4ba02f2139716e454da8463ff28f0b3502814
2026-10-08T23:52:13.8092408Z   SHA: 2ff14b6d290742951895c538c962c092e4255043
2026-10-08T23:52:13.8092599Z ##[endgroup]
2026-10-08T23:52:13.9915254Z [1m[92m    Finished[0m `dev` profile [unoptimized] target(s) in 0.17s
2026-10-08T23:52:13.9967794Z [1m[92m     Running[0m `target/debug/conduit-xtask-dispatch ci pipeline scan 6cc4ba02f2139716e454da8463ff28f0b3502814 2ff14b6d290742951895c538c962c092e4255043`
2026-10-08T23:52:14.0534317Z docs-only=false
2026-10-08T23:52:14.0536257Z unit-matrix={"shard":["foundation","hosts-std","hosts-browser","hosts-conduitos","hosts-workbench","products","lint"]}
2026-10-08T23:52:14.0536739Z conduitos-proof=true
2026-10-08T23:52:14.0540993Z matrix={"include":[{"id":"browser","family":"browser","runner":"ubuntu-24.04","proofClass":"browser"},{"id":"hosted-linux","family":"hosted","runner":"ubuntu-24.04","proofClass":"executable"},{"id":"hosted-windows","family":"hosted","runner":"windows-2025","proofClass":"executable"},{"id":"hosted-macos","family":"hosted","runner":"macos-15","proofClass":"executable"},{"id":"conduitos-x86_64","family":"conduitos","runner":"ubuntu-24.04","proofClass":"emulator"},{"id":"conduitos-aarch64","family":"conduitos","runner":"ubuntu-24.04","proofClass":"emulator"},{"id":"conduitos-ia32","family":"conduitos","runner":"ubuntu-24.04","proofClass":"emulator"},{"id":"conduitos-riscv64","family":"conduitos","runner":"ubuntu-24.04","proofClass":"emulator"},{"id":"conduitos-loongarch64","family":"conduitos","runner":"ubuntu-26.04","proofClass":"emulator"},{"id":"esp32-c3","family":"esp32","runner":"ubuntu-24.04","proofClass":"build"},{"id":"esp32-s3","family":"esp32","runner":"ubuntu-24.04","proofClass":"build"},{"id":"esp32-wroom","family":"esp32","runner":"ubuntu-24.04","proofClass":"build"},{"id":"avr","family":"avr","runner":"ubuntu-24.04","proofClass":"build"},{"id":"raspberry-pi","family":"raspberry-pi","runner":"ubuntu-24.04","proofClass":"build"},{"id":"orange-pi","family":"orange-pi","runner":"ubuntu-24.04","proofClass":"build"},{"id":"rp2040","family":"rp2040","runner":"ubuntu-24.04","proofClass":"build"}]}
2026-10-08T23:52:14.0544941Z sha=2ff14b6d290742951895c538c962c092e4255043
2026-10-08T23:52:14.0610168Z ##[group]Run cargo xtask ci pipeline preflight "${BASE/all/$SHA}"
2026-10-08T23:52:14.0610842Z [36;1mcargo xtask ci pipeline preflight "${BASE/all/$SHA}"[0m
2026-10-08T23:52:14.0654334Z shell: /usr/bin/bash -e {0}
2026-10-08T23:52:14.0654590Z env:
2026-10-08T23:52:14.0654787Z   CARGO_TERM_COLOR: always
2026-10-08T23:52:14.0655015Z   CARGO_INCREMENTAL: 0
2026-10-08T23:52:14.0655251Z   CARGO_PROFILE_DEV_DEBUG: 0
2026-10-08T23:52:14.0655487Z   CARGO_PROFILE_TEST_DEBUG: 0
2026-10-08T23:52:14.0655733Z   RUSTUP_TOOLCHAIN: 1.98.1
2026-10-08T23:52:14.0656021Z   CONDUIT_CHECKOUT_SHA: 2ff14b6d290742951895c538c962c092e4255043
2026-10-08T23:52:14.0656354Z   CARGO_HOME: /home/runner/.cargo
2026-10-08T23:52:14.0656645Z   BASE: 6cc4ba02f2139716e454da8463ff28f0b3502814
2026-10-08T23:52:14.0656950Z   SHA: 2ff14b6d290742951895c538c962c092e4255043
2026-10-08T23:52:14.0657226Z ##[endgroup]
2026-10-08T23:52:14.2478806Z [1m[92m    Finished[0m `dev` profile [unoptimized] target(s) in 0.17s
2026-10-08T23:52:14.2537771Z [1m[92m     Running[0m `target/debug/conduit-xtask-dispatch ci pipeline preflight 6cc4ba02f2139716e454da8463ff28f0b3502814`
2026-10-08T23:52:21.2381760Z Diff in /home/runner/work/conduit/conduit/targets/std/tests/native_speech.rs:192:
2026-10-08T23:52:21.2382246Z      ];
2026-10-08T23:52:21.2382644Z      assert!(!offers(StdHostComposition::minimal())
2026-10-08T23:52:21.2382944Z          .iter()
2026-10-08T23:52:21.2383339Z -        .any(|offer| expected.iter().any(|native| offer.kind_id == native.kind_id)));
2026-10-08T23:52:21.2383748Z +        .any(|offer| expected
2026-10-08T23:52:21.2383998Z +            .iter()
2026-10-08T23:52:21.2384303Z +            .any(|native| offer.kind_id == native.kind_id)));
2026-10-08T23:52:21.2384790Z      let selected = offers(StdHostComposition::minimal().with_native_speech());
2026-10-08T23:52:21.2385205Z      let baseline = offers(StdHostComposition::minimal());
2026-10-08T23:52:21.2385561Z      let added: Vec<_> = selected
2026-10-08T23:52:23.5579256Z FAILED: pipeline/preflight: cargo fmt --all --check failed: 1
2026-10-08T23:52:23.5626173Z xtask error: pipeline failed: exit status: 1
2026-10-08T23:52:23.5641102Z ##[error]Process completed with exit code 1.
2026-10-08T23:52:23.5703505Z ##[group]Run actions/upload-artifact@v7.0.1
2026-10-08T23:52:23.5703745Z with:
2026-10-08T23:52:23.5703928Z   name: acquisition-preflight
2026-10-08T23:52:23.5704150Z   path: target/acquisition/preflight.json
2026-10-08T23:52:23.5704377Z   if-no-files-found: warn
2026-10-08T23:52:23.5704566Z   retention-days: 14
2026-10-08T23:52:23.5704783Z   compression-level: 6
2026-10-08T23:52:23.5704963Z   overwrite: false
2026-10-08T23:52:23.5705140Z   include-hidden-files: false
2026-10-08T23:52:23.5705354Z   archive: true
2026-10-08T23:52:23.5705523Z env:
2026-10-08T23:52:23.5705684Z   CARGO_TERM_COLOR: always
2026-10-08T23:52:23.5705885Z   CARGO_INCREMENTAL: 0
2026-10-08T23:52:23.5706067Z   CARGO_PROFILE_DEV_DEBUG: 0
2026-10-08T23:52:23.5706261Z   CARGO_PROFILE_TEST_DEBUG: 0
2026-10-08T23:52:23.5706457Z   RUSTUP_TOOLCHAIN: 1.98.1
2026-10-08T23:52:23.5706709Z   CONDUIT_CHECKOUT_SHA: 2ff14b6d290742951895c538c962c092e4255043
2026-10-08T23:52:23.5706996Z   CARGO_HOME: /home/runner/.cargo
2026-10-08T23:52:23.5707242Z ##[endgroup]
2026-10-08T23:52:23.6801398Z With the provided path, there will be 1 file uploaded
2026-10-08T23:52:23.6804662Z Artifact name is valid!
2026-10-08T23:52:23.6805023Z Root directory input is valid!
2026-10-08T23:52:23.9625109Z Uploading artifact: acquisition-preflight.zip
2026-10-08T23:52:23.9654244Z Beginning upload of artifact content to blob storage
2026-10-08T23:52:24.1461905Z Uploaded bytes 961
2026-10-08T23:52:24.1989342Z Finished uploading artifact content to blob storage!
2026-10-08T23:52:24.1990874Z SHA256 digest of uploaded artifact is 56b5aa96ce15065d5ebe394739615bfba1bbd09d29e4d47959bdcf2a3969eb29
2026-10-08T23:52:24.1991393Z Finalizing artifact upload
2026-10-08T23:52:24.5027826Z Artifact acquisition-preflight successfully finalized. Artifact ID 11586289250
2026-10-08T23:52:24.5028609Z Artifact acquisition-preflight has been successfully uploaded! Final size is 961 bytes. Artifact ID is 11586289250
2026-10-08T23:52:24.5029325Z Artifact download URL: https://github.com/dancxjo/conduit/actions/runs/37861332365/artifacts/11586289250
2026-10-08T23:52:24.5156411Z Post job cleanup.
2026-10-08T23:52:24.5734910Z [command]/usr/bin/git version
2026-10-08T23:52:24.5767227Z git version 2.55.0
2026-10-08T23:52:24.5790214Z Temporarily overriding HOME='/home/runner/work/_temp/55f4f459-25d1-4db5-b740-2eae23f04518' before making global git config changes
2026-10-08T23:52:24.5791206Z Adding repository directory to the temporary git global config as a safe directory
2026-10-08T23:52:24.5794252Z [command]/usr/bin/git config --global --add safe.directory /home/runner/work/conduit/conduit
2026-10-08T23:52:24.5814794Z Removing SSH command configuration
2026-10-08T23:52:24.5819346Z [command]/usr/bin/git config --local --name-only --get-regexp core\.sshCommand
2026-10-08T23:52:24.5843310Z [command]/usr/bin/git submodule foreach --recursive sh -c "git config --local --name-only --get-regexp 'core\.sshCommand' && git config --local --unset-all 'core.sshCommand' || :"
2026-10-08T23:52:24.5995336Z Removing HTTP extra header
2026-10-08T23:52:24.5998497Z [command]/usr/bin/git config --local --name-only --get-regexp http\.https\:\/\/github\.com\/\.extraheader
2026-10-08T23:52:24.6019711Z [command]/usr/bin/git submodule foreach --recursive sh -c "git config --local --name-only --get-regexp 'http\.https\:\/\/github\.com\/\.extraheader' && git config --local --unset-all 'http.https://github.com/.extraheader' || :"
2026-10-08T23:52:24.6161963Z Removing includeIf entries pointing to credentials config files
2026-10-08T23:52:24.6166487Z [command]/usr/bin/git config --local --name-only --get-regexp ^includeIf\.gitdir:
2026-10-08T23:52:24.6185762Z [command]/usr/bin/git submodule foreach --recursive git config --local --show-origin --name-only --get-regexp remote.origin.url
2026-10-08T23:52:24.6422488Z Evaluate and set job outputs
2026-10-08T23:52:24.6429361Z Set output 'matrix'
2026-10-08T23:52:24.6431175Z Set output 'unit-matrix'
2026-10-08T23:52:24.6431789Z Set output 'conduitos-proof'
2026-10-08T23:52:24.6432040Z Set output 'docs-only'
2026-10-08T23:52:24.6432496Z Cleaning up orphan processes
