2026-10-08T23:28:37.4509068Z Current runner version: '2.337.0'
2026-10-08T23:28:37.4529244Z ##[group]Runner Image Provisioner
2026-10-08T23:28:37.4529888Z Hosted Compute Agent
2026-10-08T23:28:37.4530275Z Version: 20261002.596
2026-10-08T23:28:37.4530680Z Commit: c3d12f3313a95f25162a1503be624f3b0617f8c0
2026-10-08T23:28:37.4531121Z Build Date: 2026-10-02T22:28:27Z
2026-10-08T23:28:37.4531534Z Worker ID: {0cd947ae-73e6-48a9-8d2c-081747e409fb}
2026-10-08T23:28:37.4531989Z Region: centralus
2026-10-08T23:28:37.4532329Z Cloud: Azure
2026-10-08T23:28:37.4532916Z ##[endgroup]
2026-10-08T23:28:37.4533786Z ##[group]Operating System
2026-10-08T23:28:37.4534184Z Ubuntu
2026-10-08T23:28:37.4534546Z 24.04.5
2026-10-08T23:28:37.4534892Z LTS
2026-10-08T23:28:37.4535216Z ##[endgroup]
2026-10-08T23:28:37.4535594Z ##[group]Runner Image
2026-10-08T23:28:37.4535952Z Image: ubuntu-24.04
2026-10-08T23:28:37.4536321Z Version: 20261004.327.1
2026-10-08T23:28:37.4537138Z Included Software: https://github.com/actions/runner-images/blob/ubuntu24/20261004.327/images/ubuntu/Ubuntu2404-Readme.md
2026-10-08T23:28:37.4538073Z Image Release: https://github.com/actions/runner-images/releases/tag/ubuntu24%2F20261004.327
2026-10-08T23:28:37.4538634Z ##[endgroup]
2026-10-08T23:28:37.4539350Z ##[group]GITHUB_TOKEN Permissions
2026-10-08T23:28:37.4540785Z Contents: read
2026-10-08T23:28:37.4541169Z Metadata: read
2026-10-08T23:28:37.4541523Z ##[endgroup]
2026-10-08T23:28:37.4543136Z Secret source: Actions
2026-10-08T23:28:37.4543794Z Cache mode: write
2026-10-08T23:28:37.4544227Z Prepare workflow directory
2026-10-08T23:28:37.4880286Z Prepare all required actions
2026-10-08T23:28:37.4912885Z Getting action download info
2026-10-08T23:28:37.7524853Z Download action repository 'actions/checkout@v7.0.1' (SHA:3d3c42e5aac5ba805825da76410c181273ba90b1)
2026-10-08T23:28:37.8265192Z Download action repository 'dtolnay/rust-toolchain@1.98.1' (SHA:c6590455eca8e79d081430ebfe2074192ae90290)
2026-10-08T23:28:38.0097233Z Download action repository 'actions/setup-node@v7.0.0' (SHA:820762786026740c76f36085b0efc47a31fe5020)
2026-10-08T23:28:38.1018610Z Download action repository 'Swatinem/rust-cache@v2' (SHA:6323deb102c322ba6fcbdcafc7e3dddab59af2b6)
2026-10-08T23:28:38.6160605Z Download action repository 'actions/upload-artifact@v7.0.1' (SHA:043fb46d1a93c77aae656e7c1c64a875d1fc6a0a)
2026-10-08T23:28:38.8025806Z Uses: dancxjo/conduit/.github/workflows/ci.yml@refs/pull/5327/merge (e779d1ea47eb19dfcbb82e891b19a8adab1c1ae0)
2026-10-08T23:28:38.8029085Z ##[group] Inputs
2026-10-08T23:28:38.8029464Z   sha: 7a5a5788bb12d9416e6b9f0e616444feeade335e
2026-10-08T23:28:38.8030036Z   exhaustive: true
2026-10-08T23:28:38.8030343Z   base: 6cc4ba02f2139716e454da8463ff28f0b3502814
2026-10-08T23:28:38.8030716Z ##[endgroup]
2026-10-08T23:28:38.8031013Z Complete job name: proof / unit (hosts-std)
2026-10-08T23:28:38.8524989Z ##[group]Run actions/checkout@v7.0.1
2026-10-08T23:28:38.8525492Z with:
2026-10-08T23:28:38.8592802Z   ref: 7a5a5788bb12d9416e6b9f0e616444feeade335e
2026-10-08T23:28:38.8593787Z   persist-credentials: false
2026-10-08T23:28:38.8594312Z   repository: dancxjo/conduit
2026-10-08T23:28:38.8598421Z   token: ***
2026-10-08T23:28:38.8598713Z   ssh-strict: true
2026-10-08T23:28:38.8598992Z   ssh-user: git
2026-10-08T23:28:38.8599259Z   clean: true
2026-10-08T23:28:38.8599529Z   sparse-checkout-cone-mode: true
2026-10-08T23:28:38.8599859Z   fetch-depth: 1
2026-10-08T23:28:38.8600122Z   fetch-tags: false
2026-10-08T23:28:38.8600394Z   show-progress: true
2026-10-08T23:28:38.8600671Z   lfs: false
2026-10-08T23:28:38.8600921Z   submodules: false
2026-10-08T23:28:38.8601197Z   set-safe-directory: true
2026-10-08T23:28:38.8601508Z   allow-unsafe-pr-checkout: false
2026-10-08T23:28:38.8603328Z env:
2026-10-08T23:28:38.8603594Z   CARGO_TERM_COLOR: always
2026-10-08T23:28:38.8603966Z   CARGO_INCREMENTAL: 0
2026-10-08T23:28:38.8604251Z   CARGO_PROFILE_DEV_DEBUG: 0
2026-10-08T23:28:38.8604595Z   CARGO_PROFILE_TEST_DEBUG: 0
2026-10-08T23:28:38.8604934Z   RUSTUP_TOOLCHAIN: 1.98.1
2026-10-08T23:28:38.8605304Z   CONDUIT_CHECKOUT_SHA: 7a5a5788bb12d9416e6b9f0e616444feeade335e
2026-10-08T23:28:38.8606150Z ##[endgroup]
2026-10-08T23:28:38.9364074Z Syncing repository: dancxjo/conduit
2026-10-08T23:28:38.9365709Z ##[group]Getting Git version info
2026-10-08T23:28:38.9366136Z Working directory is '/home/runner/work/conduit/conduit'
2026-10-08T23:28:38.9366824Z [command]/usr/bin/git version
2026-10-08T23:28:38.9421796Z git version 2.55.0
2026-10-08T23:28:38.9436006Z ##[endgroup]
2026-10-08T23:28:38.9445305Z Temporarily overriding HOME='/home/runner/work/_temp/8b1b4899-7ab4-4e6e-8c03-3a0eabc38f5b' before making global git config changes
2026-10-08T23:28:38.9446706Z Adding repository directory to the temporary git global config as a safe directory
2026-10-08T23:28:38.9450306Z [command]/usr/bin/git config --global --add safe.directory /home/runner/work/conduit/conduit
2026-10-08T23:28:38.9495540Z Deleting the contents of '/home/runner/work/conduit/conduit'
2026-10-08T23:28:38.9498147Z ##[group]Determining repository object format
2026-10-08T23:28:38.9499409Z ##[endgroup]
2026-10-08T23:28:38.9500142Z ##[group]Initializing the repository
2026-10-08T23:28:38.9503327Z [command]/usr/bin/git init /home/runner/work/conduit/conduit
2026-10-08T23:28:38.9614899Z hint: Using 'master' as the name for the initial branch. This default branch name
2026-10-08T23:28:38.9615914Z hint: will change to "main" in Git 3.0. To configure the initial branch name
2026-10-08T23:28:38.9616628Z hint: to use in all of your new repositories, which will suppress this warning,
2026-10-08T23:28:38.9617111Z hint: call:
2026-10-08T23:28:38.9617365Z hint:
2026-10-08T23:28:38.9617773Z hint: 	git config --global init.defaultBranch <name>
2026-10-08T23:28:38.9618155Z hint:
2026-10-08T23:28:38.9618595Z hint: Names commonly chosen instead of 'master' are 'main', 'trunk' and
2026-10-08T23:28:38.9619175Z hint: 'development'. The just-created branch can be renamed via this command:
2026-10-08T23:28:38.9619626Z hint:
2026-10-08T23:28:38.9619886Z hint: 	git branch -m <name>
2026-10-08T23:28:38.9620193Z hint:
2026-10-08T23:28:38.9620576Z hint: Disable this message with "git config set advice.defaultBranchName false"
2026-10-08T23:28:38.9621440Z Initialized empty Git repository in /home/runner/work/conduit/conduit/.git/
2026-10-08T23:28:38.9624365Z [command]/usr/bin/git remote add origin https://github.com/dancxjo/conduit
2026-10-08T23:28:38.9668934Z ##[endgroup]
2026-10-08T23:28:38.9669459Z ##[group]Disabling automatic garbage collection
2026-10-08T23:28:38.9671454Z [command]/usr/bin/git config --local gc.auto 0
2026-10-08T23:28:38.9701355Z ##[endgroup]
2026-10-08T23:28:38.9702462Z ##[group]Setting up auth
2026-10-08T23:28:38.9703121Z Removing SSH command configuration
2026-10-08T23:28:38.9706078Z [command]/usr/bin/git config --local --name-only --get-regexp core\.sshCommand
2026-10-08T23:28:38.9733168Z [command]/usr/bin/git submodule foreach --recursive sh -c "git config --local --name-only --get-regexp 'core\.sshCommand' && git config --local --unset-all 'core.sshCommand' || :"
2026-10-08T23:28:39.0039418Z Removing HTTP extra header
2026-10-08T23:28:39.0043770Z [command]/usr/bin/git config --local --name-only --get-regexp http\.https\:\/\/github\.com\/\.extraheader
2026-10-08T23:28:39.0066796Z [command]/usr/bin/git submodule foreach --recursive sh -c "git config --local --name-only --get-regexp 'http\.https\:\/\/github\.com\/\.extraheader' && git config --local --unset-all 'http.https://github.com/.extraheader' || :"
2026-10-08T23:28:39.0246900Z Removing includeIf entries pointing to credentials config files
2026-10-08T23:28:39.0250819Z [command]/usr/bin/git config --local --name-only --get-regexp ^includeIf\.gitdir:
2026-10-08T23:28:39.0278514Z [command]/usr/bin/git submodule foreach --recursive git config --local --show-origin --name-only --get-regexp remote.origin.url
2026-10-08T23:28:39.0458979Z [command]/usr/bin/git config --file /home/runner/work/_temp/git-credentials-7baca23f-3f41-479a-89b2-8e6ab5c63ad6.config http.https://github.com/.extraheader AUTHORIZATION: basic ***
2026-10-08T23:28:39.0489892Z [command]/usr/bin/git config --local includeIf.gitdir:/home/runner/work/conduit/conduit/.git.path /home/runner/work/_temp/git-credentials-7baca23f-3f41-479a-89b2-8e6ab5c63ad6.config
2026-10-08T23:28:39.0518085Z [command]/usr/bin/git config --local includeIf.gitdir:/home/runner/work/conduit/conduit/.git/worktrees/*.path /home/runner/work/_temp/git-credentials-7baca23f-3f41-479a-89b2-8e6ab5c63ad6.config
2026-10-08T23:28:39.0551955Z [command]/usr/bin/git config --local includeIf.gitdir:/github/workspace/.git.path /github/runner_temp/git-credentials-7baca23f-3f41-479a-89b2-8e6ab5c63ad6.config
2026-10-08T23:28:39.0579420Z [command]/usr/bin/git config --local includeIf.gitdir:/github/workspace/.git/worktrees/*.path /github/runner_temp/git-credentials-7baca23f-3f41-479a-89b2-8e6ab5c63ad6.config
2026-10-08T23:28:39.0602962Z ##[endgroup]
2026-10-08T23:28:39.0603438Z ##[group]Fetching the repository
2026-10-08T23:28:39.0608122Z [command]/usr/bin/git -c protocol.version=2 fetch --no-tags --prune --no-recurse-submodules --depth=1 origin 7a5a5788bb12d9416e6b9f0e616444feeade335e
2026-10-08T23:28:42.5011607Z From https://github.com/dancxjo/conduit
2026-10-08T23:28:42.5013288Z  * branch            7a5a5788bb12d9416e6b9f0e616444feeade335e -> FETCH_HEAD
2026-10-08T23:28:42.5019330Z [command]/usr/bin/git rev-parse --verify --quiet 7a5a5788bb12d9416e6b9f0e616444feeade335e^{object}
2026-10-08T23:28:42.5042088Z 7a5a5788bb12d9416e6b9f0e616444feeade335e
2026-10-08T23:28:42.5045745Z ##[endgroup]
2026-10-08T23:28:42.5046106Z ##[group]Determining the checkout info
2026-10-08T23:28:42.5046618Z ##[endgroup]
2026-10-08T23:28:42.5049697Z [command]/usr/bin/git sparse-checkout disable
2026-10-08T23:28:42.5093675Z [command]/usr/bin/git config --local --unset-all extensions.worktreeConfig
2026-10-08T23:28:42.5118238Z ##[group]Checking out the ref
2026-10-08T23:28:42.5120619Z [command]/usr/bin/git checkout --progress --force 7a5a5788bb12d9416e6b9f0e616444feeade335e
2026-10-08T23:28:43.1607704Z Note: switching to '7a5a5788bb12d9416e6b9f0e616444feeade335e'.
2026-10-08T23:28:43.1608052Z 
2026-10-08T23:28:43.1608237Z You are in 'detached HEAD' state. You can look around, make experimental
2026-10-08T23:28:43.1608701Z changes and commit them, and you can discard any commits you make in this
2026-10-08T23:28:43.1609332Z state without impacting any branches by switching back to a branch.
2026-10-08T23:28:43.1609592Z 
2026-10-08T23:28:43.1609771Z If you want to create a new branch to retain commits you create, you may
2026-10-08T23:28:43.1610188Z do so (now or later) by using -c with the switch command. Example:
2026-10-08T23:28:43.1610502Z 
2026-10-08T23:28:43.1610607Z   git switch -c <new-branch-name>
2026-10-08T23:28:43.1610807Z 
2026-10-08T23:28:43.1610924Z Or undo this operation with:
2026-10-08T23:28:43.1611072Z 
2026-10-08T23:28:43.1611570Z   git switch -
2026-10-08T23:28:43.1611689Z 
2026-10-08T23:28:43.1611904Z Turn off this advice by setting config variable advice.detachedHead to false
2026-10-08T23:28:43.1612191Z 
2026-10-08T23:28:43.1612511Z HEAD is now at 7a5a578 Merge commit '0acf94d2f105c45b95e0e0b60def7c6bbfaa832e' into codex/5260-unicode-ipa
2026-10-08T23:28:43.1637795Z ##[endgroup]
2026-10-08T23:28:43.1680079Z [command]/usr/bin/git log -1 --format=%H
2026-10-08T23:28:43.1702059Z 7a5a5788bb12d9416e6b9f0e616444feeade335e
2026-10-08T23:28:43.1713819Z ##[group]Removing auth
2026-10-08T23:28:43.1714023Z Removing SSH command configuration
2026-10-08T23:28:43.1714277Z [command]/usr/bin/git config --local --name-only --get-regexp core\.sshCommand
2026-10-08T23:28:43.1742036Z [command]/usr/bin/git submodule foreach --recursive sh -c "git config --local --name-only --get-regexp 'core\.sshCommand' && git config --local --unset-all 'core.sshCommand' || :"
2026-10-08T23:28:43.1928909Z Removing HTTP extra header
2026-10-08T23:28:43.1932364Z [command]/usr/bin/git config --local --name-only --get-regexp http\.https\:\/\/github\.com\/\.extraheader
2026-10-08T23:28:43.1966285Z [command]/usr/bin/git submodule foreach --recursive sh -c "git config --local --name-only --get-regexp 'http\.https\:\/\/github\.com\/\.extraheader' && git config --local --unset-all 'http.https://github.com/.extraheader' || :"
2026-10-08T23:28:43.2158455Z Removing includeIf entries pointing to credentials config files
2026-10-08T23:28:43.2162101Z [command]/usr/bin/git config --local --name-only --get-regexp ^includeIf\.gitdir:
2026-10-08T23:28:43.2187107Z includeif.gitdir:/home/runner/work/conduit/conduit/.git.path
2026-10-08T23:28:43.2187621Z includeif.gitdir:/home/runner/work/conduit/conduit/.git/worktrees/*.path
2026-10-08T23:28:43.2187888Z includeif.gitdir:/github/workspace/.git.path
2026-10-08T23:28:43.2188216Z includeif.gitdir:/github/workspace/.git/worktrees/*.path
2026-10-08T23:28:43.2195800Z [command]/usr/bin/git config --local --get-all includeif.gitdir:/home/runner/work/conduit/conduit/.git.path
2026-10-08T23:28:43.2216847Z /home/runner/work/_temp/git-credentials-7baca23f-3f41-479a-89b2-8e6ab5c63ad6.config
2026-10-08T23:28:43.2225392Z [command]/usr/bin/git config --local --unset includeif.gitdir:/home/runner/work/conduit/conduit/.git.path \/home\/runner\/work\/_temp\/git\-credentials\-7baca23f\-3f41\-479a\-89b2\-8e6ab5c63ad6\.config
2026-10-08T23:28:43.2261213Z [command]/usr/bin/git config --local --get-all includeif.gitdir:/home/runner/work/conduit/conduit/.git/worktrees/*.path
2026-10-08T23:28:43.2280586Z /home/runner/work/_temp/git-credentials-7baca23f-3f41-479a-89b2-8e6ab5c63ad6.config
2026-10-08T23:28:43.2286954Z [command]/usr/bin/git config --local --unset includeif.gitdir:/home/runner/work/conduit/conduit/.git/worktrees/*.path \/home\/runner\/work\/_temp\/git\-credentials\-7baca23f\-3f41\-479a\-89b2\-8e6ab5c63ad6\.config
2026-10-08T23:28:43.2318312Z [command]/usr/bin/git config --local --get-all includeif.gitdir:/github/workspace/.git.path
2026-10-08T23:28:43.2337635Z /github/runner_temp/git-credentials-7baca23f-3f41-479a-89b2-8e6ab5c63ad6.config
2026-10-08T23:28:43.2343549Z [command]/usr/bin/git config --local --unset includeif.gitdir:/github/workspace/.git.path \/github\/runner_temp\/git\-credentials\-7baca23f\-3f41\-479a\-89b2\-8e6ab5c63ad6\.config
2026-10-08T23:28:43.2376534Z [command]/usr/bin/git config --local --get-all includeif.gitdir:/github/workspace/.git/worktrees/*.path
2026-10-08T23:28:43.2395392Z /github/runner_temp/git-credentials-7baca23f-3f41-479a-89b2-8e6ab5c63ad6.config
2026-10-08T23:28:43.2401482Z [command]/usr/bin/git config --local --unset includeif.gitdir:/github/workspace/.git/worktrees/*.path \/github\/runner_temp\/git\-credentials\-7baca23f\-3f41\-479a\-89b2\-8e6ab5c63ad6\.config
2026-10-08T23:28:43.2429933Z [command]/usr/bin/git submodule foreach --recursive git config --local --show-origin --name-only --get-regexp remote.origin.url
2026-10-08T23:28:43.2615203Z Removing credentials config '/home/runner/work/_temp/git-credentials-7baca23f-3f41-479a-89b2-8e6ab5c63ad6.config'
2026-10-08T23:28:43.2623939Z ##[endgroup]
2026-10-08T23:28:43.2869689Z ##[group]Run dtolnay/rust-toolchain@1.98.1
2026-10-08T23:28:43.2869892Z with:
2026-10-08T23:28:43.2870017Z   components: clippy
2026-10-08T23:28:43.2870160Z env:
2026-10-08T23:28:43.2870276Z   CARGO_TERM_COLOR: always
2026-10-08T23:28:43.2870413Z   CARGO_INCREMENTAL: 0
2026-10-08T23:28:43.2870542Z   CARGO_PROFILE_DEV_DEBUG: 0
2026-10-08T23:28:43.2870681Z   CARGO_PROFILE_TEST_DEBUG: 0
2026-10-08T23:28:43.2870825Z   RUSTUP_TOOLCHAIN: 1.98.1
2026-10-08T23:28:43.2871001Z   CONDUIT_CHECKOUT_SHA: 7a5a5788bb12d9416e6b9f0e616444feeade335e
2026-10-08T23:28:43.2871195Z ##[endgroup]
2026-10-08T23:28:43.2917631Z ##[start-action display=Parse toolchain version;id=__dtolnay_rust-toolchain.parse]
2026-10-08T23:28:43.2975760Z ##[group]Run if [[ -z $toolchain ]]; then
2026-10-08T23:28:43.2976041Z [36;1mif [[ -z $toolchain ]]; then[0m
2026-10-08T23:28:43.2976365Z [36;1m  # GitHub does not enforce `required: true` inputs itself. https://github.com/actions/runner/issues/1070[0m
2026-10-08T23:28:43.2976717Z [36;1m  echo "'toolchain' is a required input" >&2[0m
2026-10-08T23:28:43.2976883Z [36;1m  exit 1[0m
2026-10-08T23:28:43.2977245Z [36;1melif [[ $toolchain =~ ^stable' '[0-9]+' '(year|month|week|day)s?' 'ago$ ]]; then[0m
2026-10-08T23:28:43.2977474Z [36;1m  if [[ Linux == macOS ]]; then[0m
2026-10-08T23:28:43.2977767Z [36;1m    echo "toolchain=1.$((($(date -v-$(sed 's/stable \([0-9]*\) \(.\).*/\1\2/' <<< $toolchain) +%s)/60/60/24-16569)/7/6))" >> $GITHUB_OUTPUT[0m
2026-10-08T23:28:43.2978049Z [36;1m  else[0m
2026-10-08T23:28:43.2978277Z [36;1m    echo "toolchain=1.$((($(date --date "${toolchain#stable }" +%s)/60/60/24-16569)/7/6))" >> $GITHUB_OUTPUT[0m
2026-10-08T23:28:43.2978525Z [36;1m  fi[0m
2026-10-08T23:28:43.2978694Z [36;1melif [[ $toolchain =~ ^stable' 'minus' '[0-9]+' 'releases?$ ]]; then[0m
2026-10-08T23:28:43.2978982Z [36;1m  echo "toolchain=1.$((($(date +%s)/60/60/24-16569)/7/6-${toolchain//[^0-9]/}))" >> $GITHUB_OUTPUT[0m
2026-10-08T23:28:43.2979236Z [36;1melif [[ $toolchain =~ ^1\.[0-9]+$ ]]; then[0m
2026-10-08T23:28:43.2979522Z [36;1m  echo "toolchain=1.$((i=${toolchain#1.}, c=($(date +%s)/60/60/24-16569)/7/6, i+9*i*(10*i<=c)+90*i*(100*i<=c)))" >> $GITHUB_OUTPUT[0m
2026-10-08T23:28:43.2979793Z [36;1melse[0m
2026-10-08T23:28:43.2979935Z [36;1m  echo "toolchain=$toolchain" >> $GITHUB_OUTPUT[0m
2026-10-08T23:28:43.2980103Z [36;1mfi[0m
2026-10-08T23:28:43.3201880Z shell: /usr/bin/bash --noprofile --norc -e -o pipefail {0}
2026-10-08T23:28:43.3202157Z env:
2026-10-08T23:28:43.3202320Z   CARGO_TERM_COLOR: always
2026-10-08T23:28:43.3202461Z   CARGO_INCREMENTAL: 0
2026-10-08T23:28:43.3202758Z   CARGO_PROFILE_DEV_DEBUG: 0
2026-10-08T23:28:43.3202907Z   CARGO_PROFILE_TEST_DEBUG: 0
2026-10-08T23:28:43.3203047Z   RUSTUP_TOOLCHAIN: 1.98.1
2026-10-08T23:28:43.3203224Z   CONDUIT_CHECKOUT_SHA: 7a5a5788bb12d9416e6b9f0e616444feeade335e
2026-10-08T23:28:43.3203422Z   toolchain: 1.98.1
2026-10-08T23:28:43.3203544Z ##[endgroup]
2026-10-08T23:28:43.3323876Z ##[end-action id=__dtolnay_rust-toolchain.parse;outcome=success;conclusion=success;duration_ms=40]
2026-10-08T23:28:43.3334280Z ##[start-action display=Construct rustup command line;id=__dtolnay_rust-toolchain.flags]
2026-10-08T23:28:43.3361210Z ##[group]Run echo "targets=$(for t in ${targets//,/ }; do echo -n ' --target' $t; done)" >> $GITHUB_OUTPUT
2026-10-08T23:28:43.3361630Z [36;1mecho "targets=$(for t in ${targets//,/ }; do echo -n ' --target' $t; done)" >> $GITHUB_OUTPUT[0m
2026-10-08T23:28:43.3361986Z [36;1mecho "components=$(for c in ${components//,/ }; do echo -n ' --component' $c; done)" >> $GITHUB_OUTPUT[0m
2026-10-08T23:28:43.3362263Z [36;1mecho "downgrade=" >> $GITHUB_OUTPUT[0m
2026-10-08T23:28:43.3416227Z shell: /usr/bin/bash --noprofile --norc -e -o pipefail {0}
2026-10-08T23:28:43.3416422Z env:
2026-10-08T23:28:43.3416541Z   CARGO_TERM_COLOR: always
2026-10-08T23:28:43.3416673Z   CARGO_INCREMENTAL: 0
2026-10-08T23:28:43.3416805Z   CARGO_PROFILE_DEV_DEBUG: 0
2026-10-08T23:28:43.3417123Z   CARGO_PROFILE_TEST_DEBUG: 0
2026-10-08T23:28:43.3417262Z   RUSTUP_TOOLCHAIN: 1.98.1
2026-10-08T23:28:43.3417435Z   CONDUIT_CHECKOUT_SHA: 7a5a5788bb12d9416e6b9f0e616444feeade335e
2026-10-08T23:28:43.3417640Z   targets: 
2026-10-08T23:28:43.3417751Z   components: clippy
2026-10-08T23:28:43.3417885Z ##[endgroup]
2026-10-08T23:28:43.3499788Z ##[end-action id=__dtolnay_rust-toolchain.flags;outcome=success;conclusion=success;duration_ms=16]
2026-10-08T23:28:43.3501680Z ##[start-action display=Set $CARGO_HOME;id=__dtolnay_rust-toolchain.__run]
2026-10-08T23:28:43.3522198Z ##[group]Run echo CARGO_HOME=${CARGO_HOME:-"$HOME/.cargo"} >> $GITHUB_ENV
2026-10-08T23:28:43.3522492Z [36;1mecho CARGO_HOME=${CARGO_HOME:-"$HOME/.cargo"} >> $GITHUB_ENV[0m
2026-10-08T23:28:43.3576231Z shell: /usr/bin/bash --noprofile --norc -e -o pipefail {0}
2026-10-08T23:28:43.3576425Z env:
2026-10-08T23:28:43.3576545Z   CARGO_TERM_COLOR: always
2026-10-08T23:28:43.3576681Z   CARGO_INCREMENTAL: 0
2026-10-08T23:28:43.3576812Z   CARGO_PROFILE_DEV_DEBUG: 0
2026-10-08T23:28:43.3576968Z   CARGO_PROFILE_TEST_DEBUG: 0
2026-10-08T23:28:43.3577111Z   RUSTUP_TOOLCHAIN: 1.98.1
2026-10-08T23:28:43.3577297Z   CONDUIT_CHECKOUT_SHA: 7a5a5788bb12d9416e6b9f0e616444feeade335e
2026-10-08T23:28:43.3577646Z ##[endgroup]
2026-10-08T23:28:43.3671519Z ##[end-action id=__dtolnay_rust-toolchain.__run;outcome=success;conclusion=success;duration_ms=16]
2026-10-08T23:28:43.3673862Z ##[start-action display=Install rustup if needed;id=__dtolnay_rust-toolchain.__run_2]
2026-10-08T23:28:43.3700411Z ##[group]Run if ! command -v rustup &>/dev/null; then
2026-10-08T23:28:43.3700644Z [36;1mif ! command -v rustup &>/dev/null; then[0m
2026-10-08T23:28:43.3701086Z [36;1m  curl --proto '=https' --tlsv1.2 --retry 10 --retry-connrefused --location --silent --show-error --fail https://sh.rustup.rs | sh -s -- --default-toolchain none -y[0m
2026-10-08T23:28:43.3701484Z [36;1m  echo "$CARGO_HOME/bin" >> $GITHUB_PATH[0m
2026-10-08T23:28:43.3701646Z [36;1mfi[0m
2026-10-08T23:28:43.3756113Z shell: /usr/bin/bash --noprofile --norc -e -o pipefail {0}
2026-10-08T23:28:43.3756323Z env:
2026-10-08T23:28:43.3756454Z   CARGO_TERM_COLOR: always
2026-10-08T23:28:43.3756608Z   CARGO_INCREMENTAL: 0
2026-10-08T23:28:43.3756746Z   CARGO_PROFILE_DEV_DEBUG: 0
2026-10-08T23:28:43.3756902Z   CARGO_PROFILE_TEST_DEBUG: 0
2026-10-08T23:28:43.3757045Z   RUSTUP_TOOLCHAIN: 1.98.1
2026-10-08T23:28:43.3757225Z   CONDUIT_CHECKOUT_SHA: 7a5a5788bb12d9416e6b9f0e616444feeade335e
2026-10-08T23:28:43.3757432Z   CARGO_HOME: /home/runner/.cargo
2026-10-08T23:28:43.3757574Z ##[endgroup]
2026-10-08T23:28:43.3836770Z ##[end-action id=__dtolnay_rust-toolchain.__run_2;outcome=success;conclusion=success;duration_ms=16]
2026-10-08T23:28:43.3838916Z ##[start-action display=Install rustup if needed on windows;id=__dtolnay_rust-toolchain.__run_3]
2026-10-08T23:28:43.3846044Z ##[end-action id=__dtolnay_rust-toolchain.__run_3;outcome=skipped;conclusion=skipped;duration_ms=0]
2026-10-08T23:28:43.3854010Z ##[start-action display=rustup toolchain install 1.98.1;id=__dtolnay_rust-toolchain.__run_4]
2026-10-08T23:28:43.3874332Z ##[group]Run log=$(mktemp)
2026-10-08T23:28:43.3874513Z [36;1mlog=$(mktemp)[0m
2026-10-08T23:28:43.3874667Z [36;1mtrap 'rm -f "$log"' EXIT[0m
2026-10-08T23:28:43.3874830Z [36;1mfor attempt in 1 2 3 4 5; do[0m
2026-10-08T23:28:43.3875175Z [36;1m  if rustup toolchain install 1.98.1 --component clippy --profile minimal --no-self-update --force-non-host 2>&1 | tee "$log"; then[0m
2026-10-08T23:28:43.3875492Z [36;1m    break[0m
2026-10-08T23:28:43.3875615Z [36;1m  else[0m
2026-10-08T23:28:43.3875733Z [36;1m    status=$?[0m
2026-10-08T23:28:43.3875860Z [36;1m  fi[0m
2026-10-08T23:28:43.3876025Z [36;1m  if [[ $attempt == 5 ]] || ! grep -Fq 'checksum failed for ' "$log" \[0m
2026-10-08T23:28:43.3876333Z [36;1m      || ! grep -Fq 'this is likely due to an ongoing update of the official release server' "$log"; then[0m
2026-10-08T23:28:43.3876586Z [36;1m    exit "$status"[0m
2026-10-08T23:28:43.3876716Z [36;1m  fi[0m
2026-10-08T23:28:43.3877036Z [36;1m  echo "Retrying rustup toolchain install in 30 seconds (retry $attempt of 4)" >&2[0m
2026-10-08T23:28:43.3877278Z [36;1m  sleep 30[0m
2026-10-08T23:28:43.3877401Z [36;1mdone[0m
2026-10-08T23:28:43.3933149Z shell: /usr/bin/bash --noprofile --norc -e -o pipefail {0}
2026-10-08T23:28:43.3933346Z env:
2026-10-08T23:28:43.3933470Z   CARGO_TERM_COLOR: always
2026-10-08T23:28:43.3933607Z   CARGO_INCREMENTAL: 0
2026-10-08T23:28:43.3933741Z   CARGO_PROFILE_DEV_DEBUG: 0
2026-10-08T23:28:43.3933882Z   CARGO_PROFILE_TEST_DEBUG: 0
2026-10-08T23:28:43.3934024Z   RUSTUP_TOOLCHAIN: 1.98.1
2026-10-08T23:28:43.3934198Z   CONDUIT_CHECKOUT_SHA: 7a5a5788bb12d9416e6b9f0e616444feeade335e
2026-10-08T23:28:43.3934399Z   CARGO_HOME: /home/runner/.cargo
2026-10-08T23:28:43.3934550Z   RUSTUP_PERMIT_COPY_RENAME: 1
2026-10-08T23:28:43.3934686Z ##[endgroup]
2026-10-08T23:28:43.4415990Z info: syncing channel updates for 1.98.1-x86_64-unknown-linux-gnu
2026-10-08T23:28:43.7150493Z info: latest update on 2026-09-03 for version 1.98.1 (48a229cea 2026-09-01)
2026-10-08T23:28:43.7150789Z info: downloading 4 components
2026-10-08T23:28:50.2898704Z 
2026-10-08T23:28:50.2965697Z   1.98.1-x86_64-unknown-linux-gnu installed - rustc 1.98.1 (48a229cea 2026-09-01)
2026-10-08T23:28:50.2966066Z 
2026-10-08T23:28:50.3110238Z ##[end-action id=__dtolnay_rust-toolchain.__run_4;outcome=success;conclusion=success;duration_ms=6925]
2026-10-08T23:28:50.3114879Z ##[start-action display=rustup default 1.98.1;id=__dtolnay_rust-toolchain.__run_5]
2026-10-08T23:28:50.3161659Z ##[group]Run rustup default 1.98.1 --force-non-host
2026-10-08T23:28:50.3162002Z [36;1mrustup default 1.98.1 --force-non-host[0m
2026-10-08T23:28:50.3221591Z shell: /usr/bin/bash --noprofile --norc -e -o pipefail {0}
2026-10-08T23:28:50.3221806Z env:
2026-10-08T23:28:50.3221940Z   CARGO_TERM_COLOR: always
2026-10-08T23:28:50.3222077Z   CARGO_INCREMENTAL: 0
2026-10-08T23:28:50.3222207Z   CARGO_PROFILE_DEV_DEBUG: 0
2026-10-08T23:28:50.3222365Z   CARGO_PROFILE_TEST_DEBUG: 0
2026-10-08T23:28:50.3222508Z   RUSTUP_TOOLCHAIN: 1.98.1
2026-10-08T23:28:50.3222930Z   CONDUIT_CHECKOUT_SHA: 7a5a5788bb12d9416e6b9f0e616444feeade335e
2026-10-08T23:28:50.3223145Z   CARGO_HOME: /home/runner/.cargo
2026-10-08T23:28:50.3223289Z ##[endgroup]
2026-10-08T23:28:50.3353003Z info: using existing install for 1.98.1-x86_64-unknown-linux-gnu
2026-10-08T23:28:50.3398997Z info: default toolchain set to 1.98.1-x86_64-unknown-linux-gnu
2026-10-08T23:28:50.3403363Z 
2026-10-08T23:28:50.3463346Z info: note that the toolchain '1.98.1-x86_64-unknown-linux-gnu' is currently in use (overridden by environment variable RUSTUP_TOOLCHAIN)
2026-10-08T23:28:50.3464014Z   1.98.1-x86_64-unknown-linux-gnu unchanged - rustc 1.98.1 (48a229cea 2026-09-01)
2026-10-08T23:28:50.3464282Z 
2026-10-08T23:28:50.3483041Z ##[end-action id=__dtolnay_rust-toolchain.__run_5;outcome=success;conclusion=success;duration_ms=36]
2026-10-08T23:28:50.3485158Z ##[start-action display=Create cachekey;id=__dtolnay_rust-toolchain.rustc-version]
2026-10-08T23:28:50.4363409Z ##[group]Run DATE=$(rustc +1.98.1 --version --verbose | sed -ne 's/^commit-date: \(20[0-9][0-9]\)-\([01][0-9]\)-\([0-3][0-9]\)$/\1\2\3/p')
2026-10-08T23:28:50.4363892Z [36;1mDATE=$(rustc +1.98.1 --version --verbose | sed -ne 's/^commit-date: \(20[0-9][0-9]\)-\([01][0-9]\)-\([0-3][0-9]\)$/\1\2\3/p')[0m
2026-10-08T23:28:50.4364230Z [36;1mHASH=$(rustc +1.98.1 --version --verbose | sed -ne 's/^commit-hash: //p')[0m
2026-10-08T23:28:50.4364497Z [36;1mecho "cachekey=$(echo $DATE$HASH | head -c12)" >> $GITHUB_OUTPUT[0m
2026-10-08T23:28:50.4414613Z shell: /usr/bin/bash --noprofile --norc -e -o pipefail {0}
2026-10-08T23:28:50.4414798Z env:
2026-10-08T23:28:50.4414922Z   CARGO_TERM_COLOR: always
2026-10-08T23:28:50.4415057Z   CARGO_INCREMENTAL: 0
2026-10-08T23:28:50.4415184Z   CARGO_PROFILE_DEV_DEBUG: 0
2026-10-08T23:28:50.4415321Z   CARGO_PROFILE_TEST_DEBUG: 0
2026-10-08T23:28:50.4415460Z   RUSTUP_TOOLCHAIN: 1.98.1
2026-10-08T23:28:50.4415848Z   CONDUIT_CHECKOUT_SHA: 7a5a5788bb12d9416e6b9f0e616444feeade335e
2026-10-08T23:28:50.4416046Z   CARGO_HOME: /home/runner/.cargo
2026-10-08T23:28:50.4416185Z ##[endgroup]
2026-10-08T23:28:50.4709095Z ##[end-action id=__dtolnay_rust-toolchain.rustc-version;outcome=success;conclusion=success;duration_ms=122]
2026-10-08T23:28:50.4711036Z ##[start-action display=Disable incremental compilation;id=__dtolnay_rust-toolchain.__run_6]
2026-10-08T23:28:50.4726176Z ##[group]Run if [ -z "${CARGO_INCREMENTAL+set}" ]; then
2026-10-08T23:28:50.4726410Z [36;1mif [ -z "${CARGO_INCREMENTAL+set}" ]; then[0m
2026-10-08T23:28:50.4726594Z [36;1m  echo CARGO_INCREMENTAL=0 >> $GITHUB_ENV[0m
2026-10-08T23:28:50.4726755Z [36;1mfi[0m
2026-10-08T23:28:50.4777197Z shell: /usr/bin/bash --noprofile --norc -e -o pipefail {0}
2026-10-08T23:28:50.4777395Z env:
2026-10-08T23:28:50.4777514Z   CARGO_TERM_COLOR: always
2026-10-08T23:28:50.4777648Z   CARGO_INCREMENTAL: 0
2026-10-08T23:28:50.4777773Z   CARGO_PROFILE_DEV_DEBUG: 0
2026-10-08T23:28:50.4777929Z   CARGO_PROFILE_TEST_DEBUG: 0
2026-10-08T23:28:50.4778068Z   RUSTUP_TOOLCHAIN: 1.98.1
2026-10-08T23:28:50.4778242Z   CONDUIT_CHECKOUT_SHA: 7a5a5788bb12d9416e6b9f0e616444feeade335e
2026-10-08T23:28:50.4778575Z   CARGO_HOME: /home/runner/.cargo
2026-10-08T23:28:50.4778712Z ##[endgroup]
2026-10-08T23:28:50.4852371Z ##[end-action id=__dtolnay_rust-toolchain.__run_6;outcome=success;conclusion=success;duration_ms=14]
2026-10-08T23:28:50.4854706Z ##[start-action display=Enable colors in Cargo output;id=__dtolnay_rust-toolchain.__run_7]
2026-10-08T23:28:50.4869871Z ##[group]Run if [ -z "${CARGO_TERM_COLOR+set}" ]; then
2026-10-08T23:28:50.4870102Z [36;1mif [ -z "${CARGO_TERM_COLOR+set}" ]; then[0m
2026-10-08T23:28:50.4870287Z [36;1m  echo CARGO_TERM_COLOR=always >> $GITHUB_ENV[0m
2026-10-08T23:28:50.4870454Z [36;1mfi[0m
2026-10-08T23:28:50.4920029Z shell: /usr/bin/bash --noprofile --norc -e -o pipefail {0}
2026-10-08T23:28:50.4920233Z env:
2026-10-08T23:28:50.4920357Z   CARGO_TERM_COLOR: always
2026-10-08T23:28:50.4920511Z   CARGO_INCREMENTAL: 0
2026-10-08T23:28:50.4920639Z   CARGO_PROFILE_DEV_DEBUG: 0
2026-10-08T23:28:50.4920776Z   CARGO_PROFILE_TEST_DEBUG: 0
2026-10-08T23:28:50.4920922Z   RUSTUP_TOOLCHAIN: 1.98.1
2026-10-08T23:28:50.4921098Z   CONDUIT_CHECKOUT_SHA: 7a5a5788bb12d9416e6b9f0e616444feeade335e
2026-10-08T23:28:50.4921295Z   CARGO_HOME: /home/runner/.cargo
2026-10-08T23:28:50.4921436Z ##[endgroup]
2026-10-08T23:28:50.4993818Z ##[end-action id=__dtolnay_rust-toolchain.__run_7;outcome=success;conclusion=success;duration_ms=13]
2026-10-08T23:28:50.4995754Z ##[start-action display=Enable Cargo sparse registry;id=__dtolnay_rust-toolchain.__run_8]
2026-10-08T23:28:50.5012103Z ##[group]Run # implemented in 1.66, stabilized in 1.68, made default in 1.70
2026-10-08T23:28:50.5012438Z [36;1m# implemented in 1.66, stabilized in 1.68, made default in 1.70[0m
2026-10-08T23:28:50.5013110Z [36;1mif [ -z "${CARGO_REGISTRIES_CRATES_IO_PROTOCOL+set}" -o -f "/home/runner/work/_temp"/.implicit_cargo_registries_crates_io_protocol ]; then[0m
2026-10-08T23:28:50.5013515Z [36;1m  if rustc +1.98.1 --version --verbose | grep -q '^release: 1\.6[89]\.'; then[0m
2026-10-08T23:28:50.5013834Z [36;1m    touch "/home/runner/work/_temp"/.implicit_cargo_registries_crates_io_protocol || true[0m
2026-10-08T23:28:50.5014127Z [36;1m    echo CARGO_REGISTRIES_CRATES_IO_PROTOCOL=sparse >> $GITHUB_ENV[0m
2026-10-08T23:28:50.5014396Z [36;1m  elif rustc +1.98.1 --version --verbose | grep -q '^release: 1\.6[67]\.'; then[0m
2026-10-08T23:28:50.5014697Z [36;1m    touch "/home/runner/work/_temp"/.implicit_cargo_registries_crates_io_protocol || true[0m
2026-10-08T23:28:50.5014979Z [36;1m    echo CARGO_REGISTRIES_CRATES_IO_PROTOCOL=git >> $GITHUB_ENV[0m
2026-10-08T23:28:50.5015171Z [36;1m  fi[0m
2026-10-08T23:28:50.5015280Z [36;1mfi[0m
2026-10-08T23:28:50.5065215Z shell: /usr/bin/bash --noprofile --norc -e -o pipefail {0}
2026-10-08T23:28:50.5065404Z env:
2026-10-08T23:28:50.5065523Z   CARGO_TERM_COLOR: always
2026-10-08T23:28:50.5065656Z   CARGO_INCREMENTAL: 0
2026-10-08T23:28:50.5065919Z   CARGO_PROFILE_DEV_DEBUG: 0
2026-10-08T23:28:50.5066059Z   CARGO_PROFILE_TEST_DEBUG: 0
2026-10-08T23:28:50.5066203Z   RUSTUP_TOOLCHAIN: 1.98.1
2026-10-08T23:28:50.5066378Z   CONDUIT_CHECKOUT_SHA: 7a5a5788bb12d9416e6b9f0e616444feeade335e
2026-10-08T23:28:50.5066578Z   CARGO_HOME: /home/runner/.cargo
2026-10-08T23:28:50.5066720Z ##[endgroup]
2026-10-08T23:28:50.5340783Z ##[end-action id=__dtolnay_rust-toolchain.__run_8;outcome=success;conclusion=success;duration_ms=34]
2026-10-08T23:28:50.5343460Z ##[start-action display=Work around spurious network errors in curl 8.0;id=__dtolnay_rust-toolchain.__run_9]
2026-10-08T23:28:50.5379248Z ##[group]Run # https://rust-lang.zulipchat.com/#narrow/stream/246057-t-cargo/topic/timeout.20investigation
2026-10-08T23:28:50.5379686Z [36;1m# https://rust-lang.zulipchat.com/#narrow/stream/246057-t-cargo/topic/timeout.20investigation[0m
2026-10-08T23:28:50.5380036Z [36;1mif rustc +1.98.1 --version --verbose | grep -q '^release: 1\.7[01]\.'; then[0m
2026-10-08T23:28:50.5380289Z [36;1m  echo CARGO_HTTP_MULTIPLEXING=false >> $GITHUB_ENV[0m
2026-10-08T23:28:50.5380465Z [36;1mfi[0m
2026-10-08T23:28:50.5433171Z shell: /usr/bin/bash --noprofile --norc -e -o pipefail {0}
2026-10-08T23:28:50.5433379Z env:
2026-10-08T23:28:50.5433502Z   CARGO_TERM_COLOR: always
2026-10-08T23:28:50.5433637Z   CARGO_INCREMENTAL: 0
2026-10-08T23:28:50.5433767Z   CARGO_PROFILE_DEV_DEBUG: 0
2026-10-08T23:28:50.5433905Z   CARGO_PROFILE_TEST_DEBUG: 0
2026-10-08T23:28:50.5434043Z   RUSTUP_TOOLCHAIN: 1.98.1
2026-10-08T23:28:50.5434220Z   CONDUIT_CHECKOUT_SHA: 7a5a5788bb12d9416e6b9f0e616444feeade335e
2026-10-08T23:28:50.5434421Z   CARGO_HOME: /home/runner/.cargo
2026-10-08T23:28:50.5434565Z ##[endgroup]
2026-10-08T23:28:50.5612231Z ##[end-action id=__dtolnay_rust-toolchain.__run_9;outcome=success;conclusion=success;duration_ms=26]
2026-10-08T23:28:50.5615782Z ##[start-action display=rustc +1.98.1 --version --verbose;id=__dtolnay_rust-toolchain.__run_10]
2026-10-08T23:28:50.5631160Z ##[group]Run rustc +1.98.1 --version --verbose
2026-10-08T23:28:50.5631372Z [36;1mrustc +1.98.1 --version --verbose[0m
2026-10-08T23:28:50.5682075Z shell: /usr/bin/bash --noprofile --norc -e -o pipefail {0}
2026-10-08T23:28:50.5682275Z env:
2026-10-08T23:28:50.5682400Z   CARGO_TERM_COLOR: always
2026-10-08T23:28:50.5682534Z   CARGO_INCREMENTAL: 0
2026-10-08T23:28:50.5682836Z   CARGO_PROFILE_DEV_DEBUG: 0
2026-10-08T23:28:50.5682979Z   CARGO_PROFILE_TEST_DEBUG: 0
2026-10-08T23:28:50.5683123Z   RUSTUP_TOOLCHAIN: 1.98.1
2026-10-08T23:28:50.5683300Z   CONDUIT_CHECKOUT_SHA: 7a5a5788bb12d9416e6b9f0e616444feeade335e
2026-10-08T23:28:50.5683503Z   CARGO_HOME: /home/runner/.cargo
2026-10-08T23:28:50.5683645Z ##[endgroup]
2026-10-08T23:28:50.5842490Z rustc 1.98.1 (48a229cea 2026-09-01)
2026-10-08T23:28:50.5843001Z binary: rustc
2026-10-08T23:28:50.5843236Z commit-hash: 48a229ceaefd4985c50990b14116b6d856af0985
2026-10-08T23:28:50.5843514Z commit-date: 2026-09-01
2026-10-08T23:28:50.5843716Z host: x86_64-unknown-linux-gnu
2026-10-08T23:28:50.5843857Z release: 1.98.1
2026-10-08T23:28:50.5843983Z LLVM version: 22.1.8
2026-10-08T23:28:50.5858186Z ##[end-action id=__dtolnay_rust-toolchain.__run_10;outcome=success;conclusion=success;duration_ms=24]
2026-10-08T23:28:50.5935706Z ##[group]Run actions/setup-node@v7.0.0
2026-10-08T23:28:50.5935878Z with:
2026-10-08T23:28:50.5935998Z   node-version: 22
2026-10-08T23:28:50.5936123Z   check-latest: false
2026-10-08T23:28:50.5937609Z   token: ***
2026-10-08T23:28:50.5937741Z   package-manager-cache: true
2026-10-08T23:28:50.5937888Z env:
2026-10-08T23:28:50.5938007Z   CARGO_TERM_COLOR: always
2026-10-08T23:28:50.5938141Z   CARGO_INCREMENTAL: 0
2026-10-08T23:28:50.5938271Z   CARGO_PROFILE_DEV_DEBUG: 0
2026-10-08T23:28:50.5938414Z   CARGO_PROFILE_TEST_DEBUG: 0
2026-10-08T23:28:50.5938554Z   RUSTUP_TOOLCHAIN: 1.98.1
2026-10-08T23:28:50.5938739Z   CONDUIT_CHECKOUT_SHA: 7a5a5788bb12d9416e6b9f0e616444feeade335e
2026-10-08T23:28:50.5938946Z   CARGO_HOME: /home/runner/.cargo
2026-10-08T23:28:50.5939091Z ##[endgroup]
2026-10-08T23:28:50.6894991Z Found in cache @ /opt/hostedtoolcache/node/22.23.3/x64
2026-10-08T23:28:50.6897732Z ##[group]Environment details
2026-10-08T23:28:51.0058105Z node: v22.23.3
2026-10-08T23:28:51.0058439Z npm: 10.9.9
2026-10-08T23:28:51.0058571Z yarn: 1.22.22
2026-10-08T23:28:51.0058986Z ##[endgroup]
2026-10-08T23:28:51.0185538Z ##[group]Run Swatinem/rust-cache@v2
2026-10-08T23:28:51.0185706Z with:
2026-10-08T23:28:51.0185823Z   key: unit-hosts-std
2026-10-08T23:28:51.0185950Z   cache-on-failure: false
2026-10-08T23:28:51.0186083Z   prefix-key: v0-rust
2026-10-08T23:28:51.0186207Z   add-job-id-key: true
2026-10-08T23:28:51.0186348Z   add-rust-environment-hash-key: true
2026-10-08T23:28:51.0186504Z   cache-targets: true
2026-10-08T23:28:51.0186637Z   cache-all-crates: false
2026-10-08T23:28:51.0186787Z   cache-workspace-crates: false
2026-10-08T23:28:51.0186939Z   save-if: true
2026-10-08T23:28:51.0187064Z   cache-provider: github
2026-10-08T23:28:51.0187196Z   cache-bin: true
2026-10-08T23:28:51.0187318Z   lookup-only: false
2026-10-08T23:28:51.0187441Z   cmd-format: {0}
2026-10-08T23:28:51.0187554Z env:
2026-10-08T23:28:51.0187811Z   CARGO_TERM_COLOR: always
2026-10-08T23:28:51.0187939Z   CARGO_INCREMENTAL: 0
2026-10-08T23:28:51.0188062Z   CARGO_PROFILE_DEV_DEBUG: 0
2026-10-08T23:28:51.0188229Z   CARGO_PROFILE_TEST_DEBUG: 0
2026-10-08T23:28:51.0188370Z   RUSTUP_TOOLCHAIN: 1.98.1
2026-10-08T23:28:51.0188547Z   CONDUIT_CHECKOUT_SHA: 7a5a5788bb12d9416e6b9f0e616444feeade335e
2026-10-08T23:28:51.0188753Z   CARGO_HOME: /home/runner/.cargo
2026-10-08T23:28:51.0188892Z ##[endgroup]
2026-10-08T23:28:51.6407187Z ##[group]Cache Configuration
2026-10-08T23:28:51.6415587Z Cache Provider:
2026-10-08T23:28:51.6415942Z     github
2026-10-08T23:28:51.6416146Z Workspaces:
2026-10-08T23:28:51.6416394Z     /home/runner/work/conduit/conduit
2026-10-08T23:28:51.6416658Z Cache Paths:
2026-10-08T23:28:51.6416885Z     /home/runner/.cargo/bin
2026-10-08T23:28:51.6417174Z     /home/runner/.cargo/.crates.toml
2026-10-08T23:28:51.6417497Z     /home/runner/.cargo/.crates2.json
2026-10-08T23:28:51.6417779Z     /home/runner/.cargo/registry
2026-10-08T23:28:51.6418055Z     /home/runner/.cargo/git
2026-10-08T23:28:51.6418308Z     /home/runner/work/conduit/conduit/target
2026-10-08T23:28:51.6418567Z Restore Key:
2026-10-08T23:28:51.6418845Z     v0-rust-unit-hosts-std-unit-Linux-x64-2f443374
2026-10-08T23:28:51.6419126Z Cache Key:
2026-10-08T23:28:51.6419397Z     v0-rust-unit-hosts-std-unit-Linux-x64-2f443374-477f0a76
2026-10-08T23:28:51.6419703Z .. Prefix:
2026-10-08T23:28:51.6419934Z   - v0-rust-unit-hosts-std-unit-Linux-x64
2026-10-08T23:28:51.6420231Z .. Environment considered:
2026-10-08T23:28:51.6420452Z   - Rust Versions:
2026-10-08T23:28:51.6420790Z     - 1.98.1 x86_64-unknown-linux-gnu 48a229ceaefd4985c50990b14116b6d856af0985
2026-10-08T23:28:51.6421280Z     - 1.99.0 x86_64-unknown-linux-gnu b940084d7eb6a299eb4bfeb8e34901bc051e7ac4
2026-10-08T23:28:51.6421617Z   - CARGO_HOME
2026-10-08T23:28:51.6421809Z   - CARGO_INCREMENTAL
2026-10-08T23:28:51.6422013Z   - CARGO_PROFILE_DEV_DEBUG
2026-10-08T23:28:51.6422239Z   - CARGO_PROFILE_TEST_DEBUG
2026-10-08T23:28:51.6422477Z   - CARGO_TERM_COLOR
2026-10-08T23:28:51.6422866Z   - RUSTUP_TOOLCHAIN
2026-10-08T23:28:51.6423088Z .. Lockfiles considered:
2026-10-08T23:28:51.6423380Z   - /home/runner/work/conduit/conduit/.cargo/config.toml
2026-10-08T23:28:51.6423862Z   - /home/runner/work/conduit/conduit/architecture/assigned-plan/Cargo.toml
2026-10-08T23:28:51.6424330Z   - /home/runner/work/conduit/conduit/architecture/body/Cargo.toml
2026-10-08T23:28:51.6424774Z   - /home/runner/work/conduit/conduit/architecture/composite/Cargo.toml
2026-10-08T23:28:51.6425246Z   - /home/runner/work/conduit/conduit/architecture/core/Cargo.toml
2026-10-08T23:28:51.6425677Z   - /home/runner/work/conduit/conduit/architecture/kernel/Cargo.toml
2026-10-08T23:28:51.6425992Z   - /home/runner/work/conduit/conduit/architecture/observatory/Cargo.toml
2026-10-08T23:28:51.6426293Z   - /home/runner/work/conduit/conduit/architecture/plan-lowering/Cargo.toml
2026-10-08T23:28:51.6426864Z   - /home/runner/work/conduit/conduit/architecture/planner/Cargo.toml
2026-10-08T23:28:51.6427349Z   - /home/runner/work/conduit/conduit/architecture/plot/Cargo.toml
2026-10-08T23:28:51.6428234Z   - /home/runner/work/conduit/conduit/architecture/protected-line/Cargo.toml
2026-10-08T23:28:51.6428766Z   - /home/runner/work/conduit/conduit/architecture/wire/Cargo.toml
2026-10-08T23:28:51.6429203Z   - /home/runner/work/conduit/conduit/bodies/pete/Cargo.toml
2026-10-08T23:28:51.6429555Z   - /home/runner/work/conduit/conduit/Cargo.lock
2026-10-08T23:28:51.6429946Z   - /home/runner/work/conduit/conduit/make/body/Cargo.toml
2026-10-08T23:28:51.6430393Z   - /home/runner/work/conduit/conduit/make/embedded-build/Cargo.toml
2026-10-08T23:28:51.6430813Z   - /home/runner/work/conduit/conduit/make/host/Cargo.toml
2026-10-08T23:28:51.6431196Z   - /home/runner/work/conduit/conduit/make/workspace/Cargo.toml
2026-10-08T23:28:51.6431661Z   - /home/runner/work/conduit/conduit/mechanisms/devices/create-oi/Cargo.toml
2026-10-08T23:28:51.6432170Z   - /home/runner/work/conduit/conduit/mechanisms/devices/mpu6050/Cargo.toml
2026-10-08T23:28:51.6433027Z   - /home/runner/work/conduit/conduit/mechanisms/devices/ssd1306/Cargo.toml
2026-10-08T23:28:51.6433580Z   - /home/runner/work/conduit/conduit/mechanisms/implementations/burn-model/Cargo.toml
2026-10-08T23:28:51.6434232Z   - /home/runner/work/conduit/conduit/mechanisms/implementations/emergency-keyword-spotter/Cargo.toml
2026-10-08T23:28:51.6434892Z   - /home/runner/work/conduit/conduit/mechanisms/implementations/linear-framebuffer-make/Cargo.toml
2026-10-08T23:28:51.6435495Z   - /home/runner/work/conduit/conduit/mechanisms/implementations/synth/Cargo.toml
2026-10-08T23:28:51.6435989Z   - /home/runner/work/conduit/conduit/mechanisms/protocols/bluetooth/Cargo.toml
2026-10-08T23:28:51.6436461Z   - /home/runner/work/conduit/conduit/mechanisms/protocols/midi/Cargo.toml
2026-10-08T23:28:51.6436863Z   - /home/runner/work/conduit/conduit/plots/birth/Cargo.toml
2026-10-08T23:28:51.6437285Z   - /home/runner/work/conduit/conduit/plots/little-seismograph/fixture/Cargo.toml
2026-10-08T23:28:51.6437773Z   - /home/runner/work/conduit/conduit/plots/patchbay/application/Cargo.toml
2026-10-08T23:28:51.6438206Z   - /home/runner/work/conduit/conduit/plots/patchbay/Cargo.toml
2026-10-08T23:28:51.6438635Z   - /home/runner/work/conduit/conduit/plots/patchbay/graph/Cargo.toml
2026-10-08T23:28:51.6439139Z   - /home/runner/work/conduit/conduit/plots/patchbay/workbench/host-contract/Cargo.toml
2026-10-08T23:28:51.6439668Z   - /home/runner/work/conduit/conduit/plots/patchbay/workbench/model/Cargo.toml
2026-10-08T23:28:51.6440160Z   - /home/runner/work/conduit/conduit/plots/patchbay/workbench/svg-mask/Cargo.toml
2026-10-08T23:28:51.6440599Z   - /home/runner/work/conduit/conduit/plots/todo/face/Cargo.toml
2026-10-08T23:28:51.6441020Z   - /home/runner/work/conduit/conduit/plots/todo/model/Cargo.toml
2026-10-08T23:28:51.6441441Z   - /home/runner/work/conduit/conduit/plots/tour/Cargo.toml
2026-10-08T23:28:51.6441856Z   - /home/runner/work/conduit/conduit/products/conduit/Cargo.toml
2026-10-08T23:28:51.6442398Z   - /home/runner/work/conduit/conduit/proof/conformance/alife-distributed/Cargo.toml
2026-10-08T23:28:51.6443070Z   - /home/runner/work/conduit/conduit/proof/conformance/body-lifecycle/Cargo.toml
2026-10-08T23:28:51.6443574Z   - /home/runner/work/conduit/conduit/proof/conformance/network-r1/Cargo.toml
2026-10-08T23:28:51.6444171Z   - /home/runner/work/conduit/conduit/proof/conformance/patchbay-workbench/Cargo.toml
2026-10-08T23:28:51.6444910Z   - /home/runner/work/conduit/conduit/proof/conformance/pete-workload/Cargo.toml
2026-10-08T23:28:51.6445249Z   - /home/runner/work/conduit/conduit/proof/conformance/signal/Cargo.toml
2026-10-08T23:28:51.6445605Z   - /home/runner/work/conduit/conduit/proof/fixtures/rp2040-pio-audio-extension/Cargo.toml
2026-10-08T23:28:51.6445915Z   - /home/runner/work/conduit/conduit/rust-toolchain.toml
2026-10-08T23:28:51.6446146Z   - /home/runner/work/conduit/conduit/semantics/ai/Cargo.toml
2026-10-08T23:28:51.6446389Z   - /home/runner/work/conduit/conduit/semantics/alife/Cargo.toml
2026-10-08T23:28:51.6446655Z   - /home/runner/work/conduit/conduit/semantics/audio/Cargo.toml
2026-10-08T23:28:51.6447088Z   - /home/runner/work/conduit/conduit/semantics/body-invitation/Cargo.toml
2026-10-08T23:28:51.6447366Z   - /home/runner/work/conduit/conduit/semantics/catalog/Cargo.toml
2026-10-08T23:28:51.6447618Z   - /home/runner/work/conduit/conduit/semantics/chat/Cargo.toml
2026-10-08T23:28:51.6447866Z   - /home/runner/work/conduit/conduit/semantics/data/Cargo.toml
2026-10-08T23:28:51.6448117Z   - /home/runner/work/conduit/conduit/semantics/education/Cargo.toml
2026-10-08T23:28:51.6448373Z   - /home/runner/work/conduit/conduit/semantics/finance/Cargo.toml
2026-10-08T23:28:51.6448631Z   - /home/runner/work/conduit/conduit/semantics/home/Cargo.toml
2026-10-08T23:28:51.6448893Z   - /home/runner/work/conduit/conduit/semantics/human/Cargo.toml
2026-10-08T23:28:51.6449176Z   - /home/runner/work/conduit/conduit/semantics/language/Cargo.toml
2026-10-08T23:28:51.6449449Z   - /home/runner/work/conduit/conduit/semantics/net/Cargo.toml
2026-10-08T23:28:51.6449854Z   - /home/runner/work/conduit/conduit/semantics/plot-library/Cargo.toml
2026-10-08T23:28:51.6450161Z   - /home/runner/work/conduit/conduit/semantics/presentation/Cargo.toml
2026-10-08T23:28:51.6450427Z   - /home/runner/work/conduit/conduit/semantics/process/Cargo.toml
2026-10-08T23:28:51.6450680Z   - /home/runner/work/conduit/conduit/semantics/purpose/Cargo.toml
2026-10-08T23:28:51.6450962Z   - /home/runner/work/conduit/conduit/semantics/robotics/Cargo.toml
2026-10-08T23:28:51.6451234Z   - /home/runner/work/conduit/conduit/semantics/signal/Cargo.toml
2026-10-08T23:28:51.6451504Z   - /home/runner/work/conduit/conduit/semantics/speech/Cargo.toml
2026-10-08T23:28:51.6451809Z   - /home/runner/work/conduit/conduit/semantics/system-continuity/Cargo.toml
2026-10-08T23:28:51.6452099Z   - /home/runner/work/conduit/conduit/semantics/text/Cargo.toml
2026-10-08T23:28:51.6452343Z   - /home/runner/work/conduit/conduit/semantics/time/Cargo.toml
2026-10-08T23:28:51.6452733Z   - /home/runner/work/conduit/conduit/semantics/tongues/Cargo.toml
2026-10-08T23:28:51.6453069Z   - /home/runner/work/conduit/conduit/semantics/tutorial/Cargo.toml
2026-10-08T23:28:51.6453340Z   - /home/runner/work/conduit/conduit/semantics/web/Cargo.toml
2026-10-08T23:28:51.6453662Z   - /home/runner/work/conduit/conduit/targets/avr/firmware/promicro-host/.cargo/config.toml
2026-10-08T23:28:51.6454066Z   - /home/runner/work/conduit/conduit/targets/avr/firmware/promicro-host/rust-toolchain.toml
2026-10-08T23:28:51.6454386Z   - /home/runner/work/conduit/conduit/targets/avr/make/Cargo.toml
2026-10-08T23:28:51.6454648Z   - /home/runner/work/conduit/conduit/targets/browser/host/Cargo.toml
2026-10-08T23:28:51.6454936Z   - /home/runner/work/conduit/conduit/targets/browser/make/Cargo.toml
2026-10-08T23:28:51.6455244Z   - /home/runner/work/conduit/conduit/targets/browser/mask-offer/Cargo.toml
2026-10-08T23:28:51.6455597Z   - /home/runner/work/conduit/conduit/targets/browser/patchbay-workbench/Cargo.toml
2026-10-08T23:28:51.6455909Z   - /home/runner/work/conduit/conduit/targets/browser/runtime/Cargo.toml
2026-10-08T23:28:51.6456173Z   - /home/runner/work/conduit/conduit/targets/conduitos/Cargo.toml
2026-10-08T23:28:51.6456434Z   - /home/runner/work/conduit/conduit/targets/conduitos/make/Cargo.toml
2026-10-08T23:28:51.6456732Z   - /home/runner/work/conduit/conduit/targets/conduitos/mask-offer/Cargo.toml
2026-10-08T23:28:51.6457058Z   - /home/runner/work/conduit/conduit/targets/esp32/firmware/c3-signal/.cargo/config.toml
2026-10-08T23:28:51.6457397Z   - /home/runner/work/conduit/conduit/targets/esp32/firmware/s3-signal/.cargo/config.toml
2026-10-08T23:28:51.6457746Z   - /home/runner/work/conduit/conduit/targets/esp32/firmware/wroom-signal/.cargo/config.toml
2026-10-08T23:28:51.6458068Z   - /home/runner/work/conduit/conduit/targets/esp32/make/Cargo.toml
2026-10-08T23:28:51.6458333Z   - /home/runner/work/conduit/conduit/targets/orange-pi/make/Cargo.toml
2026-10-08T23:28:51.6458626Z   - /home/runner/work/conduit/conduit/targets/raspberry-pi/make/Cargo.toml
2026-10-08T23:28:51.6458913Z   - /home/runner/work/conduit/conduit/targets/rp2040/make/Cargo.toml
2026-10-08T23:28:51.6459468Z   - /home/runner/work/conduit/conduit/targets/rp2040/network-realization/Cargo.toml
2026-10-08T23:28:51.6459929Z   - /home/runner/work/conduit/conduit/targets/std/Cargo.toml
2026-10-08T23:28:51.6460339Z   - /home/runner/work/conduit/conduit/targets/std/make/Cargo.toml
2026-10-08T23:28:51.6460781Z   - /home/runner/work/conduit/conduit/targets/std/offers/Cargo.toml
2026-10-08T23:28:51.6461306Z   - /home/runner/work/conduit/conduit/targets/std/patchbay-workbench/Cargo.toml
2026-10-08T23:28:51.6461815Z   - /home/runner/work/conduit/conduit/tools/xtask-dispatch/Cargo.toml
2026-10-08T23:28:51.6462112Z   - /home/runner/work/conduit/conduit/tools/xtask/Cargo.toml
2026-10-08T23:28:51.6462530Z ##[endgroup]
2026-10-08T23:28:51.6462803Z 
2026-10-08T23:28:51.6462882Z ... Restoring cache ...
2026-10-08T23:28:51.7805506Z No cache found.
2026-10-08T23:28:51.7917452Z ##[group]Run cargo xtask ci pipeline setup-unit
2026-10-08T23:28:51.7917691Z [36;1mcargo xtask ci pipeline setup-unit[0m
2026-10-08T23:28:51.7975191Z shell: /usr/bin/bash -e {0}
2026-10-08T23:28:51.7975341Z env:
2026-10-08T23:28:51.7975461Z   CARGO_TERM_COLOR: always
2026-10-08T23:28:51.7975595Z   CARGO_INCREMENTAL: 0
2026-10-08T23:28:51.7975727Z   CARGO_PROFILE_DEV_DEBUG: 0
2026-10-08T23:28:51.7975866Z   CARGO_PROFILE_TEST_DEBUG: 0
2026-10-08T23:28:51.7976005Z   RUSTUP_TOOLCHAIN: 1.98.1
2026-10-08T23:28:51.7976182Z   CONDUIT_CHECKOUT_SHA: 7a5a5788bb12d9416e6b9f0e616444feeade335e
2026-10-08T23:28:51.7976387Z   CARGO_HOME: /home/runner/.cargo
2026-10-08T23:28:51.7976531Z   CACHE_ON_FAILURE: false
2026-10-08T23:28:51.7976660Z ##[endgroup]
2026-10-08T23:28:51.8581188Z [1m[92m    Updating[0m crates.io index
2026-10-08T23:28:51.8589999Z [1m[92m    Updating[0m git repository `https://github.com/dancxjo/tongues.git`
2026-10-08T23:28:59.1218597Z [1m[92m Downloading[0m crates ...
2026-10-08T23:28:59.1846993Z [1m[92m  Downloaded[0m cobs v0.3.0
2026-10-08T23:28:59.1869169Z [1m[92m  Downloaded[0m cpufeatures v0.2.17
2026-10-08T23:28:59.1893723Z [1m[92m  Downloaded[0m crypto-common v0.1.7
2026-10-08T23:28:59.1964452Z [1m[92m  Downloaded[0m cfg-if v1.0.5
2026-10-08T23:28:59.1980019Z [1m[92m  Downloaded[0m block-buffer v0.10.4
2026-10-08T23:28:59.2193610Z [1m[92m  Downloaded[0m generic-array v0.14.7
2026-10-08T23:28:59.2209259Z [1m[92m  Downloaded[0m toml_datetime v0.6.11
2026-10-08T23:28:59.2222016Z [1m[92m  Downloaded[0m equivalent v1.0.2
2026-10-08T23:28:59.2360654Z [1m[92m  Downloaded[0m toml_write v0.1.2
2026-10-08T23:28:59.2500103Z [1m[92m  Downloaded[0m itoa v1.0.18
2026-10-08T23:28:59.2511726Z [1m[92m  Downloaded[0m embedded-io v0.4.0
2026-10-08T23:28:59.2524968Z [1m[92m  Downloaded[0m version_check v0.9.5
2026-10-08T23:28:59.2601125Z [1m[92m  Downloaded[0m memchr v2.8.3
2026-10-08T23:28:59.2644622Z [1m[92m  Downloaded[0m embedded-io v0.6.1
2026-10-08T23:28:59.2653830Z [1m[92m  Downloaded[0m serde_spanned v0.6.9
2026-10-08T23:28:59.2663384Z [1m[92m  Downloaded[0m thiserror v2.0.20
2026-10-08T23:28:59.2709577Z [1m[92m  Downloaded[0m thiserror-impl v2.0.20
2026-10-08T23:28:59.2720001Z [1m[92m  Downloaded[0m zmij v1.0.23
2026-10-08T23:28:59.2733190Z [1m[92m  Downloaded[0m quote v1.0.47
2026-10-08T23:28:59.2753743Z [1m[92m  Downloaded[0m sha2 v0.10.9
2026-10-08T23:28:59.2772242Z [1m[92m  Downloaded[0m toml v0.8.23
2026-10-08T23:28:59.2793381Z [1m[92m  Downloaded[0m unicode-ident v1.0.26
2026-10-08T23:28:59.2813083Z [1m[92m  Downloaded[0m minicbor v2.3.0
2026-10-08T23:28:59.2828109Z [1m[92m  Downloaded[0m postcard v1.1.3
2026-10-08T23:28:59.2844193Z [1m[92m  Downloaded[0m digest v0.10.7
2026-10-08T23:28:59.2856691Z [1m[92m  Downloaded[0m proc-macro2 v1.0.107
2026-10-08T23:28:59.2877967Z [1m[92m  Downloaded[0m serde_derive v1.0.229
2026-10-08T23:28:59.2902126Z [1m[92m  Downloaded[0m serde_core v1.0.229
2026-10-08T23:28:59.2943384Z [1m[92m  Downloaded[0m toml_edit v0.22.27
2026-10-08T23:28:59.2979016Z [1m[92m  Downloaded[0m serde v1.0.229
2026-10-08T23:28:59.3003209Z [1m[92m  Downloaded[0m indexmap v2.14.2
2026-10-08T23:28:59.3034422Z [1m[92m  Downloaded[0m libm v0.2.16
2026-10-08T23:28:59.3112450Z [1m[92m  Downloaded[0m hashbrown v0.17.1
2026-10-08T23:28:59.3150039Z [1m[92m  Downloaded[0m serde_json v1.0.151
2026-10-08T23:28:59.3201792Z [1m[92m  Downloaded[0m typenum v1.20.1
2026-10-08T23:28:59.3226600Z [1m[92m  Downloaded[0m winnow v0.7.15
2026-10-08T23:28:59.3294549Z [1m[92m  Downloaded[0m syn v3.0.6
2026-10-08T23:28:59.3929285Z [1m[92m   Compiling[0m proc-macro2 v1.0.107
2026-10-08T23:28:59.3930237Z [1m[92m   Compiling[0m quote v1.0.47
2026-10-08T23:28:59.3930588Z [1m[92m   Compiling[0m unicode-ident v1.0.26
2026-10-08T23:28:59.3930928Z [1m[92m   Compiling[0m version_check v0.9.5
2026-10-08T23:28:59.4578585Z [1m[92m   Compiling[0m typenum v1.20.1
2026-10-08T23:28:59.5219484Z [1m[92m   Compiling[0m libm v0.2.16
2026-10-08T23:28:59.5542959Z [1m[92m   Compiling[0m generic-array v0.14.7
2026-10-08T23:28:59.6299721Z [1m[92m   Compiling[0m cpufeatures v0.2.17
2026-10-08T23:28:59.6543570Z [1m[92m   Compiling[0m cfg-if v1.0.5
2026-10-08T23:28:59.6737025Z [1m[92m   Compiling[0m serde_core v1.0.229
2026-10-08T23:28:59.8614566Z [1m[92m   Compiling[0m serde v1.0.229
2026-10-08T23:29:00.1134722Z [1m[92m   Compiling[0m syn v3.0.6
2026-10-08T23:29:00.3515099Z [1m[92m   Compiling[0m block-buffer v0.10.4
2026-10-08T23:29:00.4145113Z [1m[92m   Compiling[0m crypto-common v0.1.7
2026-10-08T23:29:00.4554849Z [1m[92m   Compiling[0m digest v0.10.7
2026-10-08T23:29:00.5377728Z [1m[92m   Compiling[0m sha2 v0.10.9
2026-10-08T23:29:01.2606103Z [1m[92m   Compiling[0m thiserror v2.0.20
2026-10-08T23:29:01.4438076Z [1m[92m   Compiling[0m zmij v1.0.23
2026-10-08T23:29:01.4504389Z [1m[92m   Compiling[0m serde_json v1.0.151
2026-10-08T23:29:01.5244282Z [1m[92m   Compiling[0m memchr v2.8.3
2026-10-08T23:29:01.7548760Z [1m[92m   Compiling[0m itoa v1.0.18
2026-10-08T23:29:01.8004559Z [1m[92m   Compiling[0m serde_derive v1.0.229
2026-10-08T23:29:01.8437882Z [1m[92m   Compiling[0m thiserror-impl v2.0.20
2026-10-08T23:29:01.9354209Z [1m[92m   Compiling[0m minicbor v2.3.0
2026-10-08T23:29:02.5195554Z [1m[92m   Compiling[0m equivalent v1.0.2
2026-10-08T23:29:02.5727033Z [1m[92m   Compiling[0m hashbrown v0.17.1
2026-10-08T23:29:02.7024848Z [1m[92m   Compiling[0m cobs v0.3.0
2026-10-08T23:29:02.7814396Z [1m[92m   Compiling[0m toml_write v0.1.2
2026-10-08T23:29:02.8849908Z [1m[92m   Compiling[0m winnow v0.7.15
2026-10-08T23:29:03.0003937Z [1m[92m   Compiling[0m indexmap v2.14.2
2026-10-08T23:29:03.7036674Z [1m[92m   Compiling[0m conduit-assigned-plan v0.1.0 (/home/runner/work/conduit/conduit/architecture/assigned-plan)
2026-10-08T23:29:03.7264400Z [1m[92m   Compiling[0m postcard v1.1.3
2026-10-08T23:29:03.8834573Z [1m[92m   Compiling[0m conduit-core v0.1.0 (/home/runner/work/conduit/conduit/architecture/core)
2026-10-08T23:29:03.9146831Z [1m[92m   Compiling[0m toml_datetime v0.6.11
2026-10-08T23:29:03.9884155Z [1m[92m   Compiling[0m serde_spanned v0.6.9
2026-10-08T23:29:04.0404201Z [1m[92m   Compiling[0m toml_edit v0.22.27
2026-10-08T23:29:05.2763596Z [1m[92m   Compiling[0m toml v0.8.23
2026-10-08T23:29:09.8131840Z [1m[92m   Compiling[0m conduit-plot v0.1.0 (/home/runner/work/conduit/conduit/architecture/plot)
2026-10-08T23:29:10.6615045Z [1m[92m   Compiling[0m conduit-body v0.1.0 (/home/runner/work/conduit/conduit/architecture/body)
2026-10-08T23:29:15.0686144Z [1m[92m   Compiling[0m conduit-time v0.1.0 (/home/runner/work/conduit/conduit/semantics/time)
2026-10-08T23:29:15.1517521Z [1m[92m   Compiling[0m conduit-human v0.1.0 (/home/runner/work/conduit/conduit/semantics/human)
2026-10-08T23:29:15.7694249Z [1m[92m   Compiling[0m conduit-audio v0.1.0 (/home/runner/work/conduit/conduit/semantics/audio)
2026-10-08T23:29:19.8755496Z [1m[92m   Compiling[0m conduit-data v0.1.0 (/home/runner/work/conduit/conduit/semantics/data)
2026-10-08T23:29:20.1784525Z [1m[92m   Compiling[0m conduit-presentation v0.1.0 (/home/runner/work/conduit/conduit/semantics/presentation)
2026-10-08T23:29:23.6414370Z [1m[92m   Compiling[0m conduit-net v0.1.0 (/home/runner/work/conduit/conduit/semantics/net)
2026-10-08T23:29:23.8354423Z [1m[92m   Compiling[0m conduit-text v0.1.0 (/home/runner/work/conduit/conduit/semantics/text)
2026-10-08T23:29:24.0694752Z [1m[92m   Compiling[0m conduit-alife v0.1.0 (/home/runner/work/conduit/conduit/semantics/alife)
2026-10-08T23:29:24.3334496Z [1m[92m   Compiling[0m conduit-robotics v0.1.0 (/home/runner/work/conduit/conduit/semantics/robotics)
2026-10-08T23:29:24.5974982Z [1m[92m   Compiling[0m conduit-web v0.1.0 (/home/runner/work/conduit/conduit/semantics/web)
2026-10-08T23:29:24.8074743Z [1m[92m   Compiling[0m conduit-process v0.1.0 (/home/runner/work/conduit/conduit/semantics/process)
2026-10-08T23:29:25.0123150Z [1m[92m   Compiling[0m conduit-purpose v0.1.0 (/home/runner/work/conduit/conduit/semantics/purpose)
2026-10-08T23:29:26.0684315Z [1m[92m   Compiling[0m conduit-education v0.1.0 (/home/runner/work/conduit/conduit/semantics/education)
2026-10-08T23:29:26.5602015Z [1m[92m   Compiling[0m conduit-midi v0.1.0 (/home/runner/work/conduit/conduit/mechanisms/protocols/midi)
2026-10-08T23:29:28.0919441Z [1m[92m   Compiling[0m conduit-semantic-catalog v0.1.0 (/home/runner/work/conduit/conduit/semantics/catalog)
2026-10-08T23:29:29.4068866Z [1m[92m   Compiling[0m conduit-host-make v0.1.0 (/home/runner/work/conduit/conduit/make/host)
2026-10-08T23:29:31.1341947Z [1m[92m   Compiling[0m conduit-xtask-dispatch v0.1.0 (/home/runner/work/conduit/conduit/tools/xtask-dispatch)
2026-10-08T23:29:31.6114795Z [1m[92m    Finished[0m `dev` profile [unoptimized] target(s) in 39.80s
2026-10-08T23:29:31.7090989Z [1m[92m     Running[0m `target/debug/conduit-xtask-dispatch ci pipeline setup-unit`
2026-10-08T23:29:57.4442258Z {"schema":"conduit.ci/apt-acquisition@1","requested":["build-essential","cmake","libasound2-dev","libclang-dev","libssl-dev","libudev-dev","pkg-config"],"repositoryScope":{"policy":"ubuntu-build-prerequisites@1","resolution":"no-removal-no-version-downgrade@1","os":"PRETTY_NAME=\"Ubuntu 24.04.5 LTS\"\nNAME=\"Ubuntu\"\nVERSION_ID=\"24.04\"\nVERSION=\"24.04.5 LTS (Noble Numbat)\"\nVERSION_CODENAME=noble\nID=ubuntu\nID_LIKE=debian\nHOME_URL=\"https://www.ubuntu.com/\"\nSUPPORT_URL=\"https://help.ubuntu.com/\"\nBUG_REPORT_URL=\"https://bugs.launchpad.net/ubuntu/\"\nPRIVACY_POLICY_URL=\"https://www.ubuntu.com/legal/terms-and-policies/privacy-policy\"\nUBUNTU_CODENAME=noble\nLOGO=ubuntu-logo\n","suite":"noble","source":"Types: deb\nURIs: https://archive.ubuntu.com/ubuntu\nSuites: noble noble-updates\nComponents: main restricted universe multiverse\nArchitectures: amd64\nSigned-By: /usr/share/keyrings/ubuntu-archive-keyring.gpg\n\nTypes: deb\nURIs: https://security.ubuntu.com/ubuntu\nSuites: noble-security\nComponents: main restricted universe multiverse\nArchitectures: amd64\nSigned-By: /usr/share/keyrings/ubuntu-archive-keyring.gpg\n","signingKeySha256":"80a36b0a6de2f69f49d2df75ef473ccde121e9e190b9ea01d20a4f63778d5c31"},"cache":"miss","downloadedPackages":9,"downloadedBytes":42492736,"installedVersions":{"build-essential":"12.10ubuntu1","cmake":"3.28.3-1build7","libasound2-dev":"1.2.11-1ubuntu0.3","libclang-dev":"1:18.0-59~exp2","libssl-dev":"3.0.13-0ubuntu3.16","libudev-dev":"255.4-1ubuntu8.17","pkg-config":"1.8.1-2build1"},"durationMs":25661,"resolutionKey":"7628b981aace52e1f6ad787f074306fefdc26b771bb128be75ffbe7675d788b6","resolvedPackages":[{"name":"build-essential","version":"12.10ubuntu1","architecture":"amd64","sha256":"9b2159b95a4c01937309783c7c8a6ec8dfbcb7ffd604951c9713ac52ee9c7268","bytes":4928},{"name":"cmake-data","version":"3.28.3-1build7","architecture":"all","sha256":"20a3b644211ce82f35c24f1f5052199adeb0ac159978a8740fd6c0959611557f","bytes":2154936},{"name":"cmake","version":"3.28.3-1build7","architecture":"amd64","sha256":"4b0a7f8c0daf27b26b46997d994ae5d1ee7a3d11dfcda9f7627bb1462c162295","bytes":11190006},{"name":"libasound2-dev","version":"1.2.11-1ubuntu0.3","architecture":"amd64","sha256":"b83795b1ba0e40cfa8363359fd17a06260838d8ae0f315531771a62f7c7e215a","bytes":115386},{"name":"libclang-18-dev","version":"1:18.1.3-1ubuntu1","architecture":"amd64","sha256":"c7575822ec648defe1b04d83a1d6b7779fc26da548c2453acfa120e26d47ed53","bytes":28788538},{"name":"libclang-dev","version":"1:18.0-59~exp2","architecture":"amd64","sha256":"4089fd3e1ee1245b0d17a6da51fd9ea42910bff8e630b72ac3348e5f04b3ee7c","bytes":5424},{"name":"libjsoncpp25","version":"1.9.5-6build1","architecture":"amd64","sha256":"8efea5b75952f3ad1c40e6b5b31de687c297ea29f87f8b63efebb55e13467211","bytes":82754},{"name":"librhash0","version":"1.4.3-3build1","architecture":"amd64","sha256":"e9ee69963ff1a56378b9c5ffdd21ea0feaec9647c522349b7612b25103490528","bytes":128748},{"name":"libudev-dev","version":"255.4-1ubuntu8.17","architecture":"amd64","sha256":"e3fde14b59c81d0ef3b9caa7c627d09b5925a915b280919616cc5909096f7519","bytes":22016}]}
2026-10-08T23:29:57.4665879Z Acquisition unit: success in 25703 ms; report target/acquisition/unit.json
2026-10-08T23:29:57.4754057Z ##[group]Run cargo xtask ci pipeline unit "$SHARD"
2026-10-08T23:29:57.4754402Z [36;1mcargo xtask ci pipeline unit "$SHARD"[0m
2026-10-08T23:29:57.4809632Z shell: /usr/bin/bash -e {0}
2026-10-08T23:29:57.4809872Z env:
2026-10-08T23:29:57.4810067Z   CARGO_TERM_COLOR: always
2026-10-08T23:29:57.4810292Z   CARGO_INCREMENTAL: 0
2026-10-08T23:29:57.4810516Z   CARGO_PROFILE_DEV_DEBUG: 0
2026-10-08T23:29:57.4810737Z   CARGO_PROFILE_TEST_DEBUG: 0
2026-10-08T23:29:57.4810949Z   RUSTUP_TOOLCHAIN: 1.98.1
2026-10-08T23:29:57.4811227Z   CONDUIT_CHECKOUT_SHA: 7a5a5788bb12d9416e6b9f0e616444feeade335e
2026-10-08T23:29:57.4811492Z   CARGO_HOME: /home/runner/.cargo
2026-10-08T23:29:57.4811646Z   CACHE_ON_FAILURE: false
2026-10-08T23:29:57.4811780Z   SHARD: hosts-std
2026-10-08T23:29:57.4811927Z   CONDUIT_CI_CONDUITOS_PROOF: true
2026-10-08T23:29:57.4812073Z ##[endgroup]
2026-10-08T23:29:57.6619013Z [1m[92m    Finished[0m `dev` profile [unoptimized] target(s) in 0.16s
2026-10-08T23:29:57.6677376Z [1m[92m     Running[0m `target/debug/conduit-xtask-dispatch ci pipeline unit hosts-std`
2026-10-08T23:29:57.6741476Z UNIT hosts-std: Std host unit and integration tests
2026-10-08T23:29:57.8447486Z [1m[92m Downloading[0m crates ...
2026-10-08T23:29:58.0705852Z [1m[92m  Downloaded[0m adler2 v2.0.1
2026-10-08T23:29:58.0724479Z [1m[92m  Downloaded[0m aead v0.5.2
2026-10-08T23:29:58.0785786Z [1m[92m  Downloaded[0m addr2line v0.25.1
2026-10-08T23:29:58.0831282Z [1m[92m  Downloaded[0m asn1-rs-impl v0.2.0
2026-10-08T23:29:58.0836823Z [1m[92m  Downloaded[0m atomic_float v1.1.0
2026-10-08T23:29:58.0847187Z [1m[92m  Downloaded[0m aes v0.8.4
2026-10-08T23:29:58.0915580Z [1m[92m  Downloaded[0m as-slice v0.2.1
2026-10-08T23:29:58.0929118Z [1m[92m  Downloaded[0m asn1-rs-derive v0.6.0
2026-10-08T23:29:58.1014942Z [1m[92m  Downloaded[0m ciborium-io v0.2.2
2026-10-08T23:29:58.1031441Z [1m[92m  Downloaded[0m filetime v0.2.29
2026-10-08T23:29:58.1044576Z [1m[92m  Downloaded[0m async-trait v0.1.92
2026-10-08T23:29:58.1079569Z [1m[92m  Downloaded[0m avif-serialize v0.8.9
2026-10-08T23:29:58.1088095Z [1m[92m  Downloaded[0m bitflags v1.3.2
2026-10-08T23:29:58.1114392Z [1m[92m  Downloaded[0m fdeflate v0.3.7
2026-10-08T23:29:58.1130072Z [1m[92m  Downloaded[0m burn-einsum v0.22.0
2026-10-08T23:29:58.1136321Z [1m[92m  Downloaded[0m autocfg v1.5.1
2026-10-08T23:29:58.1153118Z [1m[92m  Downloaded[0m bit_field v0.10.3
2026-10-08T23:29:58.1163678Z [1m[92m  Downloaded[0m bit-set v0.10.0
2026-10-08T23:29:58.1174324Z [1m[92m  Downloaded[0m flate2 v1.1.10
2026-10-08T23:29:58.1216191Z [1m[92m  Downloaded[0m bit-vec v0.9.1
2026-10-08T23:29:58.1229307Z [1m[92m  Downloaded[0m find-msvc-tools v0.1.14
2026-10-08T23:29:58.1245940Z [1m[92m  Downloaded[0m aligned-vec v0.6.4
2026-10-08T23:29:58.1253616Z [1m[92m  Downloaded[0m aristo v0.4.1
2026-10-08T23:29:58.1262408Z [1m[92m  Downloaded[0m hybrid-array v0.4.15
2026-10-08T23:29:58.1279267Z [1m[92m  Downloaded[0m futures-core v0.3.34
2026-10-08T23:29:58.1289823Z [1m[92m  Downloaded[0m aligned v0.4.3
2026-10-08T23:29:58.1298206Z [1m[92m  Downloaded[0m etcetera v0.11.0
2026-10-08T23:29:58.1310521Z [1m[92m  Downloaded[0m byteorder-lite v0.1.0
2026-10-08T23:29:58.1318359Z [1m[92m  Downloaded[0m futures-io v0.3.34
2026-10-08T23:29:58.1326152Z [1m[92m  Downloaded[0m futures-macro v0.3.34
2026-10-08T23:29:58.1333020Z [1m[92m  Downloaded[0m cfg_block v0.1.1
2026-10-08T23:29:58.1340534Z [1m[92m  Downloaded[0m arg_enum_proc_macro v0.3.4
2026-10-08T23:29:58.1350437Z [1m[92m  Downloaded[0m imgref v1.12.3
2026-10-08T23:29:58.1359848Z [1m[92m  Downloaded[0m awint v0.19.0
2026-10-08T23:29:58.1393283Z [1m[92m  Downloaded[0m awint_macros v0.19.0
2026-10-08T23:29:58.1393590Z [1m[92m  Downloaded[0m block-buffer v0.12.1
2026-10-08T23:29:58.1394007Z [1m[92m  Downloaded[0m buildid v1.0.5
2026-10-08T23:29:58.1394222Z [1m[92m  Downloaded[0m cfg_aliases v0.2.2
2026-10-08T23:29:58.1403431Z [1m[92m  Downloaded[0m av1-grain v0.2.5
2026-10-08T23:29:58.1418802Z [1m[92m  Downloaded[0m futures-task v0.3.34
2026-10-08T23:29:58.1428821Z [1m[92m  Downloaded[0m gemm-c32 v0.19.0
2026-10-08T23:29:58.1436650Z [1m[92m  Downloaded[0m gemm-f32 v0.19.0
2026-10-08T23:29:58.1444043Z [1m[92m  Downloaded[0m genawaiter-macro v0.99.1
2026-10-08T23:29:58.1493415Z [1m[92m  Downloaded[0m async-channel v2.5.0
2026-10-08T23:29:58.1494058Z [1m[92m  Downloaded[0m base64ct v1.8.3
2026-10-08T23:29:58.1494434Z [1m[92m  Downloaded[0m chacha20 v0.9.1
2026-10-08T23:29:58.1494799Z [1m[92m  Downloaded[0m bytemuck_derive v1.12.1
2026-10-08T23:29:58.1502187Z [1m[92m  Downloaded[0m byteorder v1.5.0
2026-10-08T23:29:58.1518955Z [1m[92m  Downloaded[0m rustc_version v0.4.1
2026-10-08T23:29:58.1535841Z [1m[92m  Downloaded[0m rusticata-macros v4.1.0
2026-10-08T23:29:58.1547536Z [1m[92m  Downloaded[0m awint_internals v0.19.0
2026-10-08T23:29:58.1556206Z [1m[92m  Downloaded[0m gemm-c64 v0.19.0
2026-10-08T23:29:58.1562448Z [1m[92m  Downloaded[0m arrayvec v0.7.8
2026-10-08T23:29:58.1579773Z [1m[92m  Downloaded[0m hash32 v0.3.1
2026-10-08T23:29:58.1590087Z [1m[92m  Downloaded[0m hex v0.4.3
2026-10-08T23:29:58.1621901Z [1m[92m  Downloaded[0m home v0.5.12
2026-10-08T23:29:58.1633274Z [1m[92m  Downloaded[0m idna_adapter v1.2.2
2026-10-08T23:29:58.1640948Z [1m[92m  Downloaded[0m awint_core v0.19.0
2026-10-08T23:29:58.1664253Z [1m[92m  Downloaded[0m awint_macro_internals v0.19.0
2026-10-08T23:29:58.1687388Z [1m[92m  Downloaded[0m fallible-iterator v0.3.0
2026-10-08T23:29:58.1708903Z [1m[92m  Downloaded[0m rand_core v0.6.4
2026-10-08T23:29:58.1719943Z [1m[92m  Downloaded[0m rand_core v0.9.5
2026-10-08T23:29:58.1730017Z [1m[92m  Downloaded[0m raw-window-handle v0.6.2
2026-10-08T23:29:58.1743474Z [1m[92m  Downloaded[0m seq-macro v0.3.6
2026-10-08T23:29:58.1757447Z [1m[92m  Downloaded[0m sha1 v0.10.7
2026-10-08T23:29:58.1771459Z [1m[92m  Downloaded[0m sha1 v0.11.0
2026-10-08T23:29:58.1790880Z [1m[92m  Downloaded[0m signature v2.2.0
2026-10-08T23:29:58.1807856Z [1m[92m  Downloaded[0m ahash v0.8.12
2026-10-08T23:29:58.1833366Z [1m[92m  Downloaded[0m anyhow v1.0.104
2026-10-08T23:29:58.1874129Z [1m[92m  Downloaded[0m awint_ext v0.19.0
2026-10-08T23:29:58.1893353Z [1m[92m  Downloaded[0m built v0.8.1
2026-10-08T23:29:58.1913007Z [1m[92m  Downloaded[0m burn-backend-extension v0.22.0
2026-10-08T23:29:58.1937292Z [1m[92m  Downloaded[0m burn-rocm v0.22.0
2026-10-08T23:29:58.1937705Z [1m[92m  Downloaded[0m cexpr v0.6.0
2026-10-08T23:29:58.1954929Z [1m[92m  Downloaded[0m chacha20 v0.10.2
2026-10-08T23:29:58.1974042Z [1m[92m  Downloaded[0m ciborium v0.2.2
2026-10-08T23:29:58.1994361Z [1m[92m  Downloaded[0m static-automata v1.0.3
2026-10-08T23:29:58.2006141Z [1m[92m  Downloaded[0m aristo-macros v0.4.1
2026-10-08T23:29:58.2047597Z [1m[92m  Downloaded[0m awint_dag v0.19.0
2026-10-08T23:29:58.2063996Z [1m[92m  Downloaded[0m bitflags v2.13.2
2026-10-08T23:29:58.2098896Z [1m[92m  Downloaded[0m bitstream-io v4.10.0
2026-10-08T23:29:58.2119656Z [1m[92m  Downloaded[0m burn-cpu v0.22.0
2026-10-08T23:29:58.2128857Z [1m[92m  Downloaded[0m burn-cuda v0.22.0
2026-10-08T23:29:58.2136820Z [1m[92m  Downloaded[0m burn-derive v0.22.0
2026-10-08T23:29:58.2158438Z [1m[92m  Downloaded[0m burn-wgpu v0.22.0
2026-10-08T23:29:58.2169231Z [1m[92m  Downloaded[0m str-newtype-derive v2.0.0
2026-10-08T23:29:58.2177160Z [1m[92m  Downloaded[0m form_urlencoded v1.2.2
2026-10-08T23:29:58.2183620Z [1m[92m  Downloaded[0m heck v0.5.0
2026-10-08T23:29:58.2195107Z [1m[92m  Downloaded[0m allocator-api2 v0.2.21
2026-10-08T23:29:58.2212972Z [1m[92m  Downloaded[0m asn1-rs v0.7.2
2026-10-08T23:29:58.2268252Z [1m[92m  Downloaded[0m backtrace v0.3.76
2026-10-08T23:29:58.2310910Z [1m[92m  Downloaded[0m bon v3.10.2
2026-10-08T23:29:58.2394680Z [1m[92m  Downloaded[0m burn-pack v0.22.0
2026-10-08T23:29:58.2409504Z [1m[92m  Downloaded[0m bytemuck v1.25.2
2026-10-08T23:29:58.2438199Z [1m[92m  Downloaded[0m bytes v1.12.1
2026-10-08T23:29:58.2467137Z [1m[92m  Downloaded[0m bzip2 v0.4.4
2026-10-08T23:29:58.2480979Z [1m[92m  Downloaded[0m rcgen v0.14.10
2026-10-08T23:29:58.2499773Z [1m[92m  Downloaded[0m slab v0.4.12
2026-10-08T23:29:58.2510387Z [1m[92m  Downloaded[0m thiserror-impl v1.0.69
2026-10-08T23:29:58.2520463Z [1m[92m  Downloaded[0m allocator-api2 v0.4.0
2026-10-08T23:29:58.2539999Z [1m[92m  Downloaded[0m arc-swap v1.9.2
2026-10-08T23:29:58.2576661Z [1m[92m  Downloaded[0m burn-tch v0.22.0
2026-10-08T23:29:58.2599881Z [1m[92m  Downloaded[0m chacha20poly1305 v0.10.1
2026-10-08T23:29:58.2614044Z [1m[92m  Downloaded[0m fnv v1.0.7
2026-10-08T23:29:58.2620753Z [1m[92m  Downloaded[0m termcolor v1.4.1
2026-10-08T23:29:58.2633352Z [1m[92m  Downloaded[0m toml_datetime v1.1.2+spec-1.1.0
2026-10-08T23:29:58.2649814Z [1m[92m  Downloaded[0m base64 v0.22.1
2026-10-08T23:29:58.2682743Z [1m[92m  Downloaded[0m lazycell v1.3.0
2026-10-08T23:29:58.2693296Z [1m[92m  Downloaded[0m base64 v0.23.1
2026-10-08T23:29:58.2728188Z [1m[92m  Downloaded[0m bon-macros v3.10.2
2026-10-08T23:29:58.2785437Z [1m[92m  Downloaded[0m bumpalo v3.20.3
2026-10-08T23:29:58.2806319Z [1m[92m  Downloaded[0m burn v0.22.0
2026-10-08T23:29:58.2824660Z [1m[92m  Downloaded[0m burn-backend v0.22.0
2026-10-08T23:29:58.2872529Z [1m[92m  Downloaded[0m burn-dispatch v0.22.0
2026-10-08T23:29:58.2898370Z [1m[92m  Downloaded[0m burn-ir v0.22.0
2026-10-08T23:29:58.2913241Z [1m[92m  Downloaded[0m burn-linalg v0.22.0
2026-10-08T23:29:58.2937513Z [1m[92m  Downloaded[0m burn-signal v0.22.0
2026-10-08T23:29:58.2962116Z [1m[92m  Downloaded[0m burn-std v0.22.0
2026-10-08T23:29:58.2990328Z [1m[92m  Downloaded[0m futures-sink v0.3.34
2026-10-08T23:29:58.2996504Z [1m[92m  Downloaded[0m ident_case v1.0.1
2026-10-08T23:29:58.3002550Z [1m[92m  Downloaded[0m rand v0.9.5
2026-10-08T23:29:58.3030091Z [1m[92m  Downloaded[0m tar v0.4.46
2026-10-08T23:29:58.3050849Z [1m[92m  Downloaded[0m tungstenite v0.30.0
2026-10-08T23:29:58.3076857Z [1m[92m  Downloaded[0m turso_ext v0.8.2
2026-10-08T23:29:58.3085301Z [1m[92m  Downloaded[0m turso_macros v0.8.2
2026-10-08T23:29:58.3096551Z [1m[92m  Downloaded[0m webpki-roots v0.26.11
2026-10-08T23:29:58.3105417Z [1m[92m  Downloaded[0m aegis v0.9.20
2026-10-08T23:29:58.3215282Z [1m[92m  Downloaded[0m aes-gcm v0.10.3
2026-10-08T23:29:58.3237365Z [1m[92m  Downloaded[0m bigdecimal v0.4.11
2026-10-08T23:29:58.3275700Z [1m[92m  Downloaded[0m branches v0.4.6
2026-10-08T23:29:58.3292870Z [1m[92m  Downloaded[0m burn-autodiff v0.22.0
2026-10-08T23:29:58.3320945Z [1m[92m  Downloaded[0m burn-core v0.22.0
2026-10-08T23:29:58.3357565Z [1m[92m  Downloaded[0m burn-cubecl-fusion v0.22.0
2026-10-08T23:29:58.3403160Z [1m[92m  Downloaded[0m burn-ndarray v0.22.0
2026-10-08T23:29:58.3434506Z [1m[92m  Downloaded[0m burn-optim v0.22.0
2026-10-08T23:29:58.3466538Z [1m[92m  Downloaded[0m burn-store v0.22.0
2026-10-08T23:29:58.3504686Z [1m[92m  Downloaded[0m burn-vision v0.22.0
2026-10-08T23:29:58.3553337Z [1m[92m  Downloaded[0m cc v1.6.0
2026-10-08T23:29:58.3578480Z [1m[92m  Downloaded[0m float-ord v0.3.2
2026-10-08T23:29:58.3585442Z [1m[92m  Downloaded[0m icu_locale_fallback_data v2.3.0
2026-10-08T23:29:58.3592837Z [1m[92m  Downloaded[0m turso_parser v0.8.2
2026-10-08T23:29:58.3613435Z [1m[92m  Downloaded[0m yoke v0.8.3
2026-10-08T23:29:58.3626646Z [1m[92m  Downloaded[0m aho-corasick v1.1.5
2026-10-08T23:29:58.3665105Z [1m[92m  Downloaded[0m burn-cubecl v0.22.0
2026-10-08T23:29:58.3740488Z [1m[92m  Downloaded[0m burn-fusion v0.22.0
2026-10-08T23:29:58.3790332Z [1m[92m  Downloaded[0m burn-nn v0.22.0
2026-10-08T23:29:58.3860396Z [1m[92m  Downloaded[0m wasm-bindgen-macro-support v0.2.128
2026-10-08T23:29:58.3878304Z [1m[92m  Downloaded[0m x25519-dalek v2.0.1
2026-10-08T23:29:58.3890455Z [1m[92m  Downloaded[0m x509-parser v0.18.1
2026-10-08T23:29:58.3931686Z [1m[92m  Downloaded[0m zerotrie v0.2.5
2026-10-08T23:29:58.3960731Z [1m[92m  Downloaded[0m bindgen v0.69.5
2026-10-08T23:29:58.4006675Z [1m[92m  Downloaded[0m burn-flex v0.22.0
2026-10-08T23:29:58.4057129Z [1m[92m  Downloaded[0m burn-tensor v0.22.0
2026-10-08T23:29:58.4108948Z [1m[92m  Downloaded[0m chrono v0.4.45
2026-10-08T23:29:58.4157310Z [1m[92m  Downloaded[0m futures-executor v0.3.34
2026-10-08T23:29:58.4167383Z [1m[92m  Downloaded[0m gemm-common v0.19.0
2026-10-08T23:29:58.4179098Z [1m[92m  Downloaded[0m genawaiter v0.99.1
2026-10-08T23:29:58.4196195Z [1m[92m  Downloaded[0m inflections v1.1.1
2026-10-08T23:29:58.4203175Z [1m[92m  Downloaded[0m inout v0.1.4
2026-10-08T23:29:58.4210586Z [1m[92m  Downloaded[0m lebe v0.5.3
2026-10-08T23:29:58.4219405Z [1m[92m  Downloaded[0m linkme-impl v0.3.37
2026-10-08T23:29:58.4228353Z [1m[92m  Downloaded[0m torch-sys v0.22.0
2026-10-08T23:29:58.4265766Z [1m[92m  Downloaded[0m wide v1.7.1
2026-10-08T23:29:58.4313609Z [1m[92m  Downloaded[0m gemm-f64 v0.19.0
2026-10-08T23:29:58.4320259Z [1m[92m  Downloaded[0m rustix v0.38.44
2026-10-08T23:29:58.4514509Z [1m[92m  Downloaded[0m unicode-width v0.1.14
2026-10-08T23:29:58.4552833Z [1m[92m  Downloaded[0m wgpu v30.0.1
2026-10-08T23:29:58.4666284Z [1m[92m  Downloaded[0m ash v0.38.0+1.3.281
2026-10-08T23:29:58.4784458Z [1m[92m  Downloaded[0m av-scenechange v0.14.1
2026-10-08T23:29:58.4866863Z [1m[92m  Downloaded[0m concurrent-queue v2.5.0
2026-10-08T23:29:58.4879361Z [1m[92m  Downloaded[0m const-oid v0.9.6
2026-10-08T23:29:58.4893468Z [1m[92m  Downloaded[0m icu_normalizer_data v2.3.0
2026-10-08T23:29:58.4908891Z [1m[92m  Downloaded[0m regex-automata v0.4.18
2026-10-08T23:29:58.5012986Z [1m[92m  Downloaded[0m wgpu-hal v30.0.1
2026-10-08T23:29:58.5097942Z [1m[92m  Downloaded[0m bzip2-sys v0.1.13+1.0.8
2026-10-08T23:29:58.5178044Z [1m[92m  Downloaded[0m cpufeatures v0.3.1
2026-10-08T23:29:58.5188645Z [1m[92m  Downloaded[0m crc v3.4.0
2026-10-08T23:29:58.5200849Z [1m[92m  Downloaded[0m crc-catalog v2.5.0
2026-10-08T23:29:58.5211251Z [1m[92m  Downloaded[0m crc32c v0.6.8
2026-10-08T23:29:58.5222261Z [1m[92m  Downloaded[0m crc32fast v1.5.2
2026-10-08T23:29:58.5237484Z [1m[92m  Downloaded[0m critical-section v1.2.0
2026-10-08T23:29:58.5249133Z [1m[92m  Downloaded[0m crossbeam-channel v0.5.17
2026-10-08T23:29:58.5278623Z [1m[92m  Downloaded[0m crossbeam-deque v0.8.8
2026-10-08T23:29:58.5289554Z [1m[92m  Downloaded[0m crossbeam-epoch v0.9.21
2026-10-08T23:29:58.5307472Z [1m[92m  Downloaded[0m crossbeam-utils v0.8.23
2026-10-08T23:29:58.5327853Z [1m[92m  Downloaded[0m crunchy v0.2.4
2026-10-08T23:29:58.5334012Z [1m[92m  Downloaded[0m crypto-common v0.2.2
2026-10-08T23:29:58.5342073Z [1m[92m  Downloaded[0m ctr v0.9.2
2026-10-08T23:29:58.5359014Z [1m[92m  Downloaded[0m cubecl v0.11.0
2026-10-08T23:29:58.5370883Z [1m[92m  Downloaded[0m cubecl-common v0.11.0
2026-10-08T23:29:58.5399620Z [1m[92m  Downloaded[0m cubecl-cpp v0.11.0
2026-10-08T23:29:58.5445402Z [1m[92m  Downloaded[0m derive-new v0.7.0
2026-10-08T23:29:58.5452398Z [1m[92m  Downloaded[0m derive_more v2.1.1
2026-10-08T23:29:58.5550427Z [1m[92m  Downloaded[0m derive_more-impl v2.1.1
2026-10-08T23:29:58.5589286Z [1m[92m  Downloaded[0m digest v0.11.3
2026-10-08T23:29:58.5606839Z [1m[92m  Downloaded[0m dirs v6.0.0
2026-10-08T23:29:58.5617936Z [1m[92m  Downloaded[0m dirs-sys v0.5.0
2026-10-08T23:29:58.5643228Z [1m[92m  Downloaded[0m displaydoc v0.2.7
2026-10-08T23:29:58.5643907Z [1m[92m  Downloaded[0m dlib v0.5.3
2026-10-08T23:29:58.5648296Z [1m[92m  Downloaded[0m document-features v0.2.12
2026-10-08T23:29:58.5657482Z [1m[92m  Downloaded[0m memoffset v0.7.1
2026-10-08T23:29:58.5666341Z [1m[92m  Downloaded[0m noise-rust-crypto v0.6.2
2026-10-08T23:29:58.5671710Z [1m[92m  Downloaded[0m cubecl-core v0.11.0
2026-10-08T23:29:58.5771352Z [1m[92m  Downloaded[0m futures-lite v2.6.1
2026-10-08T23:29:58.5784495Z [1m[92m  Downloaded[0m new_debug_unreachable v1.0.6
2026-10-08T23:29:58.5792237Z [1m[92m  Downloaded[0m nix v0.26.4
2026-10-08T23:29:58.5866224Z [1m[92m  Downloaded[0m noise-protocol v0.2.1
2026-10-08T23:29:58.5873971Z [1m[92m  Downloaded[0m once_vec v0.4.0
2026-10-08T23:29:58.5882899Z [1m[92m  Downloaded[0m prettyplease v0.2.37
2026-10-08T23:29:58.5908785Z [1m[92m  Downloaded[0m prettyplease v0.3.0
2026-10-08T23:29:58.5934824Z [1m[92m  Downloaded[0m thread_local v1.1.10
2026-10-08T23:29:58.5944930Z [1m[92m  Downloaded[0m turso_core v0.8.2
2026-10-08T23:29:58.6327553Z [1m[92m  Downloaded[0m foldhash v0.1.5
2026-10-08T23:29:58.6336388Z [1m[92m  Downloaded[0m foldhash v0.2.0
2026-10-08T23:29:58.6345298Z [1m[92m  Downloaded[0m gemm-f16 v0.19.0
2026-10-08T23:29:58.6352002Z [1m[92m  Downloaded[0m ghash v0.5.1
2026-10-08T23:29:58.6360040Z [1m[92m  Downloaded[0m glob v0.3.4
2026-10-08T23:29:58.6370753Z [1m[92m  Downloaded[0m ipnet v2.12.2
2026-10-08T23:29:58.6382536Z [1m[92m  Downloaded[0m lazy_static v1.5.0
2026-10-08T23:29:58.6395609Z [1m[92m  Downloaded[0m leb128fmt v0.1.0
2026-10-08T23:29:58.6402194Z [1m[92m  Downloaded[0m linkme v0.3.37
2026-10-08T23:29:58.6422431Z [1m[92m  Downloaded[0m naga-types v30.0.1
2026-10-08T23:29:58.6430590Z [1m[92m  Downloaded[0m ndarray v0.16.1
2026-10-08T23:29:58.6530402Z [1m[92m  Downloaded[0m ndarray v0.17.2
2026-10-08T23:29:58.6597702Z [1m[92m  Downloaded[0m no_std_io2 v0.9.4
2026-10-08T23:29:58.6611801Z [1m[92m  Downloaded[0m once_cell v1.21.4
2026-10-08T23:29:58.6629852Z [1m[92m  Downloaded[0m oneshot v0.2.1
2026-10-08T23:29:58.6655905Z [1m[92m  Downloaded[0m opaque-debug v0.3.1
2026-10-08T23:29:58.6662889Z [1m[92m  Downloaded[0m option-ext v0.2.0
2026-10-08T23:29:58.6668497Z [1m[92m  Downloaded[0m ordered-float v3.9.2
2026-10-08T23:29:58.6678702Z [1m[92m  Downloaded[0m pack1 v1.1.0
2026-10-08T23:29:58.6689366Z [1m[92m  Downloaded[0m presser v0.3.1
2026-10-08T23:29:58.6701497Z [1m[92m  Downloaded[0m rapidhash v4.5.1
2026-10-08T23:29:58.6727922Z [1m[92m  Downloaded[0m ravif v0.13.0
2026-10-08T23:29:58.6736214Z [1m[92m  Downloaded[0m raw-cpuid v11.6.0
2026-10-08T23:29:58.6761863Z [1m[92m  Downloaded[0m rawpointer v0.2.1
2026-10-08T23:29:58.6768531Z [1m[92m  Downloaded[0m rayon v1.12.0
2026-10-08T23:29:58.6838676Z [1m[92m  Downloaded[0m rayon-core v1.13.0
2026-10-08T23:29:58.6865573Z [1m[92m  Downloaded[0m reborrow v0.5.5
2026-10-08T23:29:58.6870701Z [1m[92m  Downloaded[0m recasting v0.2.3
2026-10-08T23:29:58.6877306Z [1m[92m  Downloaded[0m regex v1.13.1
2026-10-08T23:29:58.6916613Z [1m[92m  Downloaded[0m regex-lite v0.1.9
2026-10-08T23:29:58.6935436Z [1m[92m  Downloaded[0m signal-hook-registry v1.4.8
2026-10-08T23:29:58.6943943Z [1m[92m  Downloaded[0m simd_helpers v0.1.0
2026-10-08T23:29:58.6949576Z [1m[92m  Downloaded[0m simdutf8 v0.1.5
2026-10-08T23:29:58.6966269Z [1m[92m  Downloaded[0m simsimd v6.5.16
2026-10-08T23:29:58.6990229Z [1m[92m  Downloaded[0m siphasher v1.0.3
2026-10-08T23:29:58.6999838Z [1m[92m  Downloaded[0m socket2 v0.6.5
2026-10-08T23:29:58.7012909Z [1m[92m  Downloaded[0m spin v0.9.9
2026-10-08T23:29:58.7029430Z [1m[92m  Downloaded[0m spki v0.7.3
2026-10-08T23:29:58.7042326Z [1m[92m  Downloaded[0m stable_deref_trait v1.2.1
2026-10-08T23:29:58.7048553Z [1m[92m  Downloaded[0m str-newtype v2.0.0
2026-10-08T23:29:58.7058720Z [1m[92m  Downloaded[0m strsim v0.11.1
2026-10-08T23:29:58.7067839Z [1m[92m  Downloaded[0m gemm v0.19.0
2026-10-08T23:29:58.7077523Z [1m[92m  Downloaded[0m rav1e v0.8.1
2026-10-08T23:29:58.7323205Z [1m[92m  Downloaded[0m slotmap v1.1.1
2026-10-08T23:29:58.7338425Z [1m[92m  Downloaded[0m smallvec v1.16.1
2026-10-08T23:29:58.7347984Z [1m[92m  Downloaded[0m softaes v0.1.7
2026-10-08T23:29:58.7356304Z [1m[92m  Downloaded[0m spirv v0.4.0+sdk-1.4.341.0
2026-10-08T23:29:58.7364894Z [1m[92m  Downloaded[0m static-automata-macros v1.0.3
2026-10-08T23:29:58.7369911Z [1m[92m  Downloaded[0m static_assertions v1.1.0
2026-10-08T23:29:58.7380073Z [1m[92m  Downloaded[0m which v4.4.2
2026-10-08T23:29:58.7391056Z [1m[92m  Downloaded[0m write16 v1.0.0
2026-10-08T23:29:58.7397335Z [1m[92m  Downloaded[0m writeable v0.6.4
2026-10-08T23:29:58.7412304Z [1m[92m  Downloaded[0m xattr v1.6.1
2026-10-08T23:29:58.7426413Z [1m[92m  Downloaded[0m xxhash-rust v0.8.19
2026-10-08T23:29:58.7439017Z [1m[92m  Downloaded[0m y4m v0.8.0
2026-10-08T23:29:58.7447708Z [1m[92m  Downloaded[0m yasna v0.6.0
2026-10-08T23:29:58.7463642Z [1m[92m  Downloaded[0m zerocopy v0.8.57
2026-10-08T23:29:58.7623879Z [1m[92m  Downloaded[0m zerocopy-derive v0.8.57
2026-10-08T23:29:58.7693606Z [1m[92m  Downloaded[0m zerovec-derive v0.11.6
2026-10-08T23:29:58.7705896Z [1m[92m  Downloaded[0m cipher v0.4.4
2026-10-08T23:29:58.7723013Z [1m[92m  Downloaded[0m clang-sys v1.9.1
2026-10-08T23:29:58.7734548Z [1m[92m  Downloaded[0m codespan-reporting v0.13.1
2026-10-08T23:29:58.7790995Z [1m[92m  Downloaded[0m color_quant v1.1.0
2026-10-08T23:29:58.7798462Z [1m[92m  Downloaded[0m cubecl-zspace v0.11.0
2026-10-08T23:29:58.7809738Z [1m[92m  Downloaded[0m cubek v0.3.0
2026-10-08T23:29:58.7818108Z [1m[92m  Downloaded[0m icu_locale_fallback v2.3.0
2026-10-08T23:29:58.7825942Z [1m[92m  Downloaded[0m instant-distance v0.6.1
2026-10-08T23:29:58.7834983Z [1m[92m  Downloaded[0m jobserver v0.1.35
2026-10-08T23:29:58.7848613Z [1m[92m  Downloaded[0m libloading v0.8.9
2026-10-08T23:29:58.7865404Z [1m[92m  Downloaded[0m utf16_iter v1.0.5
2026-10-08T23:29:58.7872823Z [1m[92m  Downloaded[0m float8 v0.7.0
2026-10-08T23:29:58.7884534Z [1m[92m  Downloaded[0m getrandom v0.2.17
2026-10-08T23:29:58.7905789Z [1m[92m  Downloaded[0m langtag v1.1.0
2026-10-08T23:29:58.7924498Z [1m[92m  Downloaded[0m khronos-egl v6.0.0
2026-10-08T23:29:58.7938321Z [1m[92m  Downloaded[0m rustc-hash v1.1.0
2026-10-08T23:29:58.7944681Z [1m[92m  Downloaded[0m utf8-chars v3.0.7
2026-10-08T23:29:58.7951277Z [1m[92m  Downloaded[0m yoke-derive v0.8.3
2026-10-08T23:29:58.7959337Z [1m[92m  Downloaded[0m ciborium-ll v0.2.2
2026-10-08T23:29:58.7966996Z [1m[92m  Downloaded[0m float4 v0.2.0
2026-10-08T23:29:58.7976382Z [1m[92m  Downloaded[0m futures v0.3.34
2026-10-08T23:29:58.8012849Z [1m[92m  Downloaded[0m futures-channel v0.3.34
2026-10-08T23:29:58.8026395Z [1m[92m  Downloaded[0m gif v0.14.2
2026-10-08T23:29:58.8038485Z [1m[92m  Downloaded[0m httparse v1.10.1
2026-10-08T23:29:58.8056660Z [1m[92m  Downloaded[0m event-listener-strategy v0.5.4
2026-10-08T23:29:58.8064601Z [1m[92m  Downloaded[0m fastbloom v0.14.1
2026-10-08T23:29:58.8075037Z [1m[92m  Downloaded[0m rgb v0.8.53
2026-10-08T23:29:58.8092548Z [1m[92m  Downloaded[0m simd-adler32 v0.3.10
2026-10-08T23:29:58.8106114Z [1m[92m  Downloaded[0m exr v1.74.2
2026-10-08T23:29:58.8183084Z [1m[92m  Downloaded[0m fax v0.2.7
2026-10-08T23:29:58.8197529Z [1m[92m  Downloaded[0m parking v2.2.1
2026-10-08T23:29:58.8205240Z [1m[92m  Downloaded[0m fastrand v2.5.0
2026-10-08T23:29:58.8215009Z [1m[92m  Downloaded[0m noop_proc_macro v0.3.0
2026-10-08T23:29:58.8221439Z [1m[92m  Downloaded[0m pbkdf2 v0.11.0
2026-10-08T23:29:58.8239204Z [1m[92m  Downloaded[0m percent-encoding v2.3.2
2026-10-08T23:29:58.8245356Z [1m[92m  Downloaded[0m iana-time-zone v0.1.65
2026-10-08T23:29:58.8265780Z [1m[92m  Downloaded[0m icu_locale v2.3.1
2026-10-08T23:29:58.8286719Z [1m[92m  Downloaded[0m internment v0.8.6
2026-10-08T23:29:58.8305084Z [1m[92m  Downloaded[0m libloading v0.9.0
2026-10-08T23:29:58.8322894Z [1m[92m  Downloaded[0m liblzma v0.4.8
2026-10-08T23:29:58.8337429Z [1m[92m  Downloaded[0m num-conv v0.2.2
2026-10-08T23:29:58.8343371Z [1m[92m  Downloaded[0m num_cpus v1.17.0
2026-10-08T23:29:58.8366630Z [1m[92m  Downloaded[0m pastey v0.1.1
2026-10-08T23:29:58.8378775Z [1m[92m  Downloaded[0m phf_shared v0.11.3
2026-10-08T23:29:58.8385197Z [1m[92m  Downloaded[0m getrandom v0.3.4
2026-10-08T23:29:58.8410101Z [1m[92m  Downloaded[0m getrandom v0.4.3
2026-10-08T23:29:58.8437642Z [1m[92m  Downloaded[0m nu-ansi-term v0.50.3
2026-10-08T23:29:58.8455674Z [1m[92m  Downloaded[0m oid-registry v0.8.1
2026-10-08T23:29:58.8464549Z [1m[92m  Downloaded[0m spin v0.12.3
2026-10-08T23:29:58.8480788Z [1m[92m  Downloaded[0m half v2.7.1
2026-10-08T23:29:58.8500328Z [1m[92m  Downloaded[0m num-derive v0.4.2
2026-10-08T23:29:58.8513663Z [1m[92m  Downloaded[0m parking_lot_core v0.9.12
2026-10-08T23:29:58.8528839Z [1m[92m  Downloaded[0m mutants v0.0.3
2026-10-08T23:29:58.8533553Z [1m[92m  Downloaded[0m pem v4.0.0
2026-10-08T23:29:58.8543208Z [1m[92m  Downloaded[0m pin-project-lite v0.2.17
2026-10-08T23:29:58.8585854Z [1m[92m  Downloaded[0m text_placeholder v0.5.1
2026-10-08T23:29:58.8593508Z [1m[92m  Downloaded[0m wgpu-naga-bridge v30.0.1
2026-10-08T23:29:58.8599009Z [1m[92m  Downloaded[0m intrusive-collections v0.9.7
2026-10-08T23:29:58.8614443Z [1m[92m  Downloaded[0m num-complex v0.4.6
2026-10-08T23:29:58.8624312Z [1m[92m  Downloaded[0m num-integer v0.1.47
2026-10-08T23:29:58.8636120Z [1m[92m  Downloaded[0m zeroize_derive v1.5.0
2026-10-08T23:29:58.8642861Z [1m[92m  Downloaded[0m time-core v0.1.9
2026-10-08T23:29:58.8650727Z [1m[92m  Downloaded[0m wgpu-core-deps-windows-linux-android v30.0.1
2026-10-08T23:29:58.8657318Z [1m[92m  Downloaded[0m zerofrom v0.1.8
2026-10-08T23:29:58.8663989Z [1m[92m  Downloaded[0m num-rational v0.4.2
2026-10-08T23:29:58.8672557Z [1m[92m  Downloaded[0m pastey v0.2.3
2026-10-08T23:29:58.8681178Z [1m[92m  Downloaded[0m phf v0.11.3
2026-10-08T23:29:58.8689698Z [1m[92m  Downloaded[0m tiny-keccak v2.0.2
2026-10-08T23:29:58.8707702Z [1m[92m  Downloaded[0m icu_provider v2.3.1
2026-10-08T23:29:58.8726632Z [1m[92m  Downloaded[0m rand_chacha v0.3.1
2026-10-08T23:29:58.8734544Z [1m[92m  Downloaded[0m renderdoc-sys v1.1.0
2026-10-08T23:29:58.8740855Z [1m[92m  Downloaded[0m strum v0.26.3
2026-10-08T23:29:58.8746321Z [1m[92m  Downloaded[0m tracing-core v0.1.36
2026-10-08T23:29:58.8764929Z [1m[92m  Downloaded[0m equator v0.4.2
2026-10-08T23:29:58.8774381Z [1m[92m  Downloaded[0m gpu-allocator v0.28.0
2026-10-08T23:29:58.8794110Z [1m[92m  Downloaded[0m heapless v0.8.0
2026-10-08T23:29:58.8820933Z [1m[92m  Downloaded[0m hi_sparse_bitset v0.9.0
2026-10-08T23:29:58.8852721Z [1m[92m  Downloaded[0m hi_sparse_bitset v0.10.0
2026-10-08T23:29:58.8884235Z [1m[92m  Downloaded[0m hmac v0.12.1
2026-10-08T23:29:58.8897907Z [1m[92m  Downloaded[0m icu_locale_core v2.3.0
2026-10-08T23:29:58.8947802Z [1m[92m  Downloaded[0m image-webp v0.2.4
2026-10-08T23:29:58.8963424Z [1m[92m  Downloaded[0m walkdir v2.5.0
2026-10-08T23:29:58.8975970Z [1m[92m  Downloaded[0m wrapcenum-derive v0.4.1
2026-10-08T23:29:58.8982069Z [1m[92m  Downloaded[0m zerofrom-derive v0.1.8
2026-10-08T23:29:58.8988971Z [1m[92m  Downloaded[0m parking_lot v0.12.5
2026-10-08T23:29:58.9006540Z [1m[92m  Downloaded[0m password-hash v0.4.2
2026-10-08T23:29:58.9018734Z [1m[92m  Downloaded[0m time-macros v0.2.32
2026-10-08T23:29:58.9035585Z [1m[92m  Downloaded[0m zeroize v1.9.0
2026-10-08T23:29:58.9046192Z [1m[92m  Downloaded[0m zstd-safe v5.0.2+zstd.1.5.2
2026-10-08T23:29:58.9055171Z [1m[92m  Downloaded[0m zune-core v0.5.3
2026-10-08T23:29:58.9070684Z [1m[92m  Downloaded[0m subtle v2.6.1
2026-10-08T23:29:58.9078864Z [1m[92m  Downloaded[0m symlink v0.1.0
2026-10-08T23:29:58.9087053Z [1m[92m  Downloaded[0m const-random-macro v0.1.16
2026-10-08T23:29:58.9092358Z [1m[92m  Downloaded[0m curve25519-dalek-derive v0.1.1
2026-10-08T23:29:58.9099269Z [1m[92m  Downloaded[0m const-random v0.1.18
2026-10-08T23:29:58.9106709Z [1m[92m  Downloaded[0m darling_macro v0.20.11
2026-10-08T23:29:58.9110959Z [1m[92m  Downloaded[0m darling_macro v0.21.3
2026-10-08T23:29:58.9115280Z [1m[92m  Downloaded[0m darling_macro v0.24.1
2026-10-08T23:29:58.9119454Z [1m[92m  Downloaded[0m constant_time_eq v0.1.5
2026-10-08T23:29:58.9125768Z [1m[92m  Downloaded[0m constcat v0.6.1
2026-10-08T23:29:58.9131263Z [1m[92m  Downloaded[0m textdistance v1.1.1
2026-10-08T23:29:58.9155245Z [1m[92m  Downloaded[0m thiserror v1.0.69
2026-10-08T23:29:58.9195392Z [1m[92m  Downloaded[0m const_fn v0.4.12
2026-10-08T23:29:58.9205050Z [1m[92m  Downloaded[0m data-encoding v2.11.1
2026-10-08T23:29:58.9211772Z [1m[92m  Downloaded[0m dyn-stack-macros v0.1.3
2026-10-08T23:29:58.9217229Z [1m[92m  Downloaded[0m num-traits v0.2.19
2026-10-08T23:29:58.9235149Z [1m[92m  Downloaded[0m nvml-wrapper-sys v0.10.0
2026-10-08T23:29:58.9247136Z [1m[92m  Downloaded[0m paste v1.0.15
2026-10-08T23:29:58.9269430Z [1m[92m  Downloaded[0m pin-utils v0.1.0
2026-10-08T23:29:58.9277860Z [1m[92m  Downloaded[0m pkcs8 v0.10.2
2026-10-08T23:29:58.9297379Z [1m[92m  Downloaded[0m pkg-config v0.3.34
2026-10-08T23:29:58.9307919Z [1m[92m  Downloaded[0m synstructure v0.13.2
2026-10-08T23:29:58.9314668Z [1m[92m  Downloaded[0m synstructure v0.14.0
2026-10-08T23:29:58.9321259Z [1m[92m  Downloaded[0m turso_sdk_kit_macros v0.8.2
2026-10-08T23:29:58.9325213Z [1m[92m  Downloaded[0m v_frame v0.3.9
2026-10-08T23:29:58.9336177Z [1m[92m  Downloaded[0m variadics_please v2.0.0
2026-10-08T23:29:58.9350008Z [1m[92m  Downloaded[0m zstd v0.11.2+zstd.1.5.2
2026-10-08T23:29:58.9372117Z [1m[92m  Downloaded[0m zune-inflate v0.2.54
2026-10-08T23:29:58.9384090Z [1m[92m  Downloaded[0m colored v3.1.1
2026-10-08T23:29:58.9403090Z [1m[92m  Downloaded[0m convert_case v0.10.0
2026-10-08T23:29:58.9414927Z [1m[92m  Downloaded[0m convert_case v0.11.0
2026-10-08T23:29:58.9427214Z [1m[92m  Downloaded[0m cubek-std v0.3.0
2026-10-08T23:29:58.9452387Z [1m[92m  Downloaded[0m darling v0.20.11
2026-10-08T23:29:58.9487775Z [1m[92m  Downloaded[0m darling v0.21.3
2026-10-08T23:29:58.9526503Z [1m[92m  Downloaded[0m darling v0.24.1
2026-10-08T23:29:58.9575298Z [1m[92m  Downloaded[0m darling_core v0.20.11
2026-10-08T23:29:58.9612214Z [1m[92m  Downloaded[0m deranged v0.5.8
2026-10-08T23:29:58.9621849Z [1m[92m  Downloaded[0m ed25519 v2.2.3
2026-10-08T23:29:58.9634596Z [1m[92m  Downloaded[0m miniz_oxide v0.8.9
2026-10-08T23:29:58.9651752Z [1m[92m  Downloaded[0m nom v7.1.3
2026-10-08T23:29:58.9687687Z [1m[92m  Downloaded[0m nom v8.0.0
2026-10-08T23:29:58.9726587Z [1m[92m  Downloaded[0m num-bigint v0.4.8
2026-10-08T23:29:58.9760417Z [1m[92m  Downloaded[0m nvml-wrapper v0.13.0
2026-10-08T23:29:58.9792320Z [1m[92m  Downloaded[0m powerfmt v0.2.0
2026-10-08T23:29:58.9800198Z [1m[92m  Downloaded[0m ppv-lite86 v0.2.21
2026-10-08T23:29:58.9809430Z [1m[92m  Downloaded[0m strum_macros v0.26.4
2026-10-08T23:29:58.9825821Z [1m[92m  Downloaded[0m stun v0.17.2
2026-10-08T23:29:58.9853137Z [1m[92m  Downloaded[0m tiff v0.11.3
2026-10-08T23:29:58.9883810Z [1m[92m  Downloaded[0m tinystr v0.8.4
2026-10-08T23:29:58.9898687Z [1m[92m  Downloaded[0m tracing-log v0.2.0
2026-10-08T23:29:58.9908403Z [1m[92m  Downloaded[0m turso_sdk_kit v0.8.2
2026-10-08T23:29:58.9923413Z [1m[92m  Downloaded[0m ureq-proto v0.6.4
2026-10-08T23:29:58.9954040Z [1m[92m  Downloaded[0m url v2.5.8
2026-10-08T23:29:58.9971909Z [1m[92m  Downloaded[0m utf8_iter v1.0.4
2026-10-08T23:29:58.9979178Z [1m[92m  Downloaded[0m zip v0.6.6
2026-10-08T23:29:59.0008025Z [1m[92m  Downloaded[0m zune-jpeg v0.5.15
2026-10-08T23:29:59.0032798Z [1m[92m  Downloaded[0m combine v4.6.8
2026-10-08T23:29:59.0057813Z [1m[92m  Downloaded[0m const-oid v0.10.2
2026-10-08T23:29:59.0074621Z [1m[92m  Downloaded[0m cubecl-cpu v0.11.0
2026-10-08T23:29:59.0098728Z [1m[92m  Downloaded[0m cubecl-cuda v0.11.0
2026-10-08T23:29:59.0118780Z [1m[92m  Downloaded[0m cubecl-hip v0.11.0
2026-10-08T23:29:59.0138106Z [1m[92m  Downloaded[0m cubek-pool v0.3.0
2026-10-08T23:29:59.0169470Z [1m[92m  Downloaded[0m cubek-quant v0.3.0
2026-10-08T23:29:59.0185348Z [1m[92m  Downloaded[0m cubek-random v0.3.0
2026-10-08T23:29:59.0202520Z [1m[92m  Downloaded[0m darling_core v0.21.3
2026-10-08T23:29:59.0241419Z [1m[92m  Downloaded[0m darling_core v0.24.1
2026-10-08T23:29:59.0283438Z [1m[92m  Downloaded[0m dyn-clone v1.0.20
2026-10-08T23:29:59.0295063Z [1m[92m  Downloaded[0m dyn-stack v0.13.2
2026-10-08T23:29:59.0305183Z [1m[92m  Downloaded[0m ed25519-dalek v2.2.0
2026-10-08T23:29:59.0327281Z [1m[92m  Downloaded[0m hashbrown v0.13.2
2026-10-08T23:29:59.0354394Z [1m[92m  Downloaded[0m hashbrown v0.16.1
2026-10-08T23:29:59.0389748Z [1m[92m  Downloaded[0m http v1.5.0
2026-10-08T23:29:59.0415085Z [1m[92m  Downloaded[0m icu_collections v2.3.0
2026-10-08T23:29:59.0459020Z [1m[92m  Downloaded[0m icu_properties v2.3.0
2026-10-08T23:29:59.0481397Z [1m[92m  Downloaded[0m idna v1.1.0
2026-10-08T23:29:59.0505761Z [1m[92m  Downloaded[0m io-uring v0.7.15
2026-10-08T23:29:59.0530087Z [1m[92m  Downloaded[0m litemap v0.8.3
2026-10-08T23:29:59.0546064Z [1m[92m  Downloaded[0m memoffset v0.9.1
2026-10-08T23:29:59.0554854Z [1m[92m  Downloaded[0m minimal-lexical v0.2.1
2026-10-08T23:29:59.0586275Z [1m[92m  Downloaded[0m tempfile v3.27.0
2026-10-08T23:29:59.0603958Z [1m[92m  Downloaded[0m toml_writer v1.1.3+spec-1.1.0
2026-10-08T23:29:59.0615031Z [1m[92m  Downloaded[0m turso_sync_engine v0.8.2
2026-10-08T23:29:59.0637908Z [1m[92m  Downloaded[0m unicode-xid v0.2.6
2026-10-08T23:29:59.0646937Z [1m[92m  Downloaded[0m uuid v1.26.1
2026-10-08T23:29:59.0667429Z [1m[92m  Downloaded[0m wgpu-types v30.0.1
2026-10-08T23:29:59.0695629Z [1m[92m  Downloaded[0m winnow v1.0.4
2026-10-08T23:29:59.0763282Z [1m[92m  Downloaded[0m zlib-rs v0.6.8
2026-10-08T23:29:59.0801929Z [1m[92m  Downloaded[0m cubecl-environment v0.11.0
2026-10-08T23:29:59.0842516Z [1m[92m  Downloaded[0m cubecl-ir v0.11.0
2026-10-08T23:29:59.0880282Z [1m[92m  Downloaded[0m cubecl-llvm v0.11.0
2026-10-08T23:29:59.0929167Z [1m[92m  Downloaded[0m cubecl-macros-internal v0.11.0
2026-10-08T23:29:59.0939936Z [1m[92m  Downloaded[0m cubek-reduce v0.3.0
2026-10-08T23:29:59.0990106Z [1m[92m  Downloaded[0m memmap2 v0.9.11
2026-10-08T23:29:59.1002019Z [1m[92m  Downloaded[0m poly1305 v0.8.0
2026-10-08T23:29:59.1018915Z [1m[92m  Downloaded[0m syn v1.0.109
2026-10-08T23:29:59.1083824Z [1m[92m  Downloaded[0m triple_arena v0.15.1
2026-10-08T23:29:59.1115833Z [1m[92m  Downloaded[0m untrusted v0.9.0
2026-10-08T23:29:59.1127347Z [1m[92m  Downloaded[0m der v0.7.10
2026-10-08T23:29:59.1163331Z [1m[92m  Downloaded[0m miette v7.6.0
2026-10-08T23:29:59.1194254Z [1m[92m  Downloaded[0m object v0.37.3
2026-10-08T23:29:59.1269453Z [1m[92m  Downloaded[0m time v0.3.55
2026-10-08T23:29:59.1372966Z [1m[92m  Downloaded[0m tracing-subscriber v0.3.23
2026-10-08T23:29:59.1430808Z [1m[92m  Downloaded[0m webpki-roots v1.0.9
2026-10-08T23:29:59.1452124Z [1m[92m  Downloaded[0m curve25519-dalek v4.1.3
2026-10-08T23:29:59.1508714Z [1m[92m  Downloaded[0m itertools v0.12.1
2026-10-08T23:29:59.1555594Z [1m[92m  Downloaded[0m proc-macro-error-attr v1.0.4
2026-10-08T23:29:59.1562352Z [1m[92m  Downloaded[0m scopeguard v1.2.0
2026-10-08T23:29:59.1570952Z [1m[92m  Downloaded[0m sha1_smol v1.0.1
2026-10-08T23:29:59.1579702Z [1m[92m  Downloaded[0m wasm-bindgen-shared v0.2.128
2026-10-08T23:29:59.1586980Z [1m[92m  Downloaded[0m zerovec v0.11.8
2026-10-08T23:29:59.1628024Z [1m[92m  Downloaded[0m cubek-interpolate v0.3.0
2026-10-08T23:29:59.1659526Z [1m[92m  Downloaded[0m loop9 v0.1.5
2026-10-08T23:29:59.1664405Z [1m[92m  Downloaded[0m proc-macro-error v1.0.4
2026-10-08T23:29:59.1688234Z [1m[92m  Downloaded[0m profiling v1.0.18
2026-10-08T23:29:59.1696801Z [1m[92m  Downloaded[0m serde-json-core v0.6.0
2026-10-08T23:29:59.1709153Z [1m[92m  Downloaded[0m serde_bytes v0.11.19
2026-10-08T23:29:59.1719882Z [1m[92m  Downloaded[0m tinyvec v1.13.3
2026-10-08T23:29:59.1743795Z [1m[92m  Downloaded[0m utf8-zero v0.8.1
2026-10-08T23:29:59.1753348Z [1m[92m  Downloaded[0m cubecl-monitoring v0.11.0
2026-10-08T23:29:59.1764984Z [1m[92m  Downloaded[0m cubek-attention v0.3.0
2026-10-08T23:29:59.1824244Z [1m[92m  Downloaded[0m cubek-convolution v0.3.0
2026-10-08T23:29:59.1885402Z [1m[92m  Downloaded[0m futures-util v0.3.34
2026-10-08T23:29:59.1977207Z [1m[92m  Downloaded[0m glow v0.17.0
2026-10-08T23:29:59.2008968Z [1m[92m  Downloaded[0m hashbrown v0.15.5
2026-10-08T23:29:59.2042185Z [1m[92m  Downloaded[0m icu_properties_data v2.3.0
2026-10-08T23:29:59.2116519Z [1m[92m  Downloaded[0m itertools v0.14.0
2026-10-08T23:29:59.2166042Z [1m[92m  Downloaded[0m itertools v0.15.0
2026-10-08T23:29:59.2215210Z [1m[92m  Downloaded[0m litrs v1.0.0
2026-10-08T23:29:59.2235778Z [1m[92m  Downloaded[0m lock_api v0.4.14
2026-10-08T23:29:59.2244309Z [1m[92m  Downloaded[0m rustls-pki-types v1.15.1
2026-10-08T23:29:59.2262157Z [1m[92m  Downloaded[0m semver v1.0.28
2026-10-08T23:29:59.2278467Z [1m[92m  Downloaded[0m serde_spanned v1.1.2
2026-10-08T23:29:59.2286564Z [1m[92m  Downloaded[0m sha2 v0.11.0
2026-10-08T23:29:59.2313080Z [1m[92m  Downloaded[0m twox-hash v2.1.5
2026-10-08T23:29:59.2329320Z [1m[92m  Downloaded[0m sharded-slab v0.1.7
2026-10-08T23:29:59.2353293Z [1m[92m  Downloaded[0m cubecl-metal v0.11.0
2026-10-08T23:29:59.2369050Z [1m[92m  Downloaded[0m log v0.4.34
2026-10-08T23:29:59.2386405Z [1m[92m  Downloaded[0m ureq v2.12.1
2026-10-08T23:29:59.2421039Z [1m[92m  Downloaded[0m turso_sync_sdk_kit v0.8.2
2026-10-08T23:29:59.2431377Z [1m[92m  Downloaded[0m cubecl-macros v0.11.0
2026-10-08T23:29:59.2460847Z [1m[92m  Downloaded[0m either v1.18.0
2026-10-08T23:29:59.2471479Z [1m[92m  Downloaded[0m embassy-futures v0.1.2
2026-10-08T23:29:59.2478789Z [1m[92m  Downloaded[0m der-parser v10.0.0
2026-10-08T23:29:59.2502890Z [1m[92m  Downloaded[0m safetensors v0.8.0
2026-10-08T23:29:59.2512050Z [1m[92m  Downloaded[0m llvm-sys v231.0.0
2026-10-08T23:29:59.2538420Z [1m[92m  Downloaded[0m ryu v1.0.23
2026-10-08T23:29:59.2561380Z [1m[92m  Downloaded[0m wayland-sys v0.31.11
2026-10-08T23:29:59.2570272Z [1m[92m  Downloaded[0m downcast-rs v2.0.2
2026-10-08T23:29:59.2579416Z [1m[92m  Downloaded[0m enumset v1.1.14
2026-10-08T23:29:59.2590110Z [1m[92m  Downloaded[0m web-time v1.1.0
2026-10-08T23:29:59.2601770Z [1m[92m  Downloaded[0m equator-macro v0.4.2
2026-10-08T23:29:59.2607331Z [1m[92m  Downloaded[0m matchers v0.2.0
2026-10-08T23:29:59.2614611Z [1m[92m  Downloaded[0m errno v0.3.14
2026-10-08T23:29:59.2624788Z [1m[92m  Downloaded[0m rustc-hash v2.1.3
2026-10-08T23:29:59.2633672Z [1m[92m  Downloaded[0m safetensors v0.3.3
2026-10-08T23:29:59.2641180Z [1m[92m  Downloaded[0m maybe-rayon v0.1.1
2026-10-08T23:29:59.2646705Z [1m[92m  Downloaded[0m tracing-attributes v0.1.31
2026-10-08T23:29:59.2664816Z [1m[92m  Downloaded[0m env_filter v2.0.0
2026-10-08T23:29:59.2674055Z [1m[92m  Downloaded[0m md-5 v0.10.6
2026-10-08T23:29:59.2684702Z [1m[92m  Downloaded[0m tracing-appender v0.2.5
2026-10-08T23:29:59.2695186Z [1m[92m  Downloaded[0m tynm v0.2.0
2026-10-08T23:29:59.2707670Z [1m[92m  Downloaded[0m prost-derive v0.14.4
2026-10-08T23:29:59.2716666Z [1m[92m  Downloaded[0m miette-derive v7.6.0
2026-10-08T23:29:59.2726851Z [1m[92m  Downloaded[0m same-file v1.0.6
2026-10-08T23:29:59.2735970Z [1m[92m  Downloaded[0m event-listener v5.4.2
2026-10-08T23:29:59.2747931Z [1m[92m  Downloaded[0m potential_utf v0.1.6
2026-10-08T23:29:59.2755357Z [1m[92m  Downloaded[0m rustversion v1.0.23
2026-10-08T23:29:59.2774900Z [1m[92m  Downloaded[0m sanitize-filename v0.6.0
2026-10-08T23:29:59.2780904Z [1m[92m  Downloaded[0m tokio-macros v2.7.2
2026-10-08T23:29:59.2788242Z [1m[92m  Downloaded[0m env_logger v0.11.11
2026-10-08T23:29:59.2803717Z [1m[92m  Downloaded[0m pliron-derive v0.19.0
2026-10-08T23:29:59.2820307Z [1m[92m  Downloaded[0m rustls-webpki v0.103.15
2026-10-08T23:29:59.2841048Z [1m[92m  Downloaded[0m wasm-bindgen v0.2.128
2026-10-08T23:29:59.2859780Z [1m[92m  Downloaded[0m wasm-bindgen-macro v0.2.128
2026-10-08T23:29:59.2866322Z [1m[92m  Downloaded[0m cubecl-opt v0.11.0
2026-10-08T23:29:59.2894023Z [1m[92m  Downloaded[0m enumset_derive v0.15.0
2026-10-08T23:29:59.2901616Z [1m[92m  Downloaded[0m macerator v0.5.1
2026-10-08T23:29:59.2929533Z [1m[92m  Downloaded[0m macerator-macros v0.3.2
2026-10-08T23:29:59.2934743Z [1m[92m  Downloaded[0m moddef v0.3.0
2026-10-08T23:29:59.2945920Z [1m[92m  Downloaded[0m polling v3.11.0
2026-10-08T23:29:59.2966448Z [1m[92m  Downloaded[0m portable-atomic-util v0.2.8
2026-10-08T23:29:59.2979371Z [1m[92m  Downloaded[0m profiling-procmacros v1.0.18
2026-10-08T23:29:59.2984449Z [1m[92m  Downloaded[0m rustls-pemfile v2.2.0
2026-10-08T23:29:59.3000669Z [1m[92m  Downloaded[0m shlex v1.3.0
2026-10-08T23:29:59.3009564Z [1m[92m  Downloaded[0m uncased v0.9.10
2026-10-08T23:29:59.3018549Z [1m[92m  Downloaded[0m unsynn v0.3.0
2026-10-08T23:29:59.3040286Z [1m[92m  Downloaded[0m wat v1.259.0
2026-10-08T23:29:59.3047439Z [1m[92m  Downloaded[0m cubecl-std v0.11.0
2026-10-08T23:29:59.3094280Z [1m[92m  Downloaded[0m matrixmultiply v0.3.11
2026-10-08T23:29:59.3115752Z [1m[92m  Downloaded[0m prost v0.14.4
2026-10-08T23:29:59.3127238Z [1m[92m  Downloaded[0m tracel-llvm-bundler v23.1.0-3
2026-10-08T23:29:59.3136793Z [1m[92m  Downloaded[0m turn v0.17.2
2026-10-08T23:29:59.3181689Z [1m[92m  Downloaded[0m ureq v3.4.2
2026-10-08T23:29:59.3220749Z [1m[92m  Downloaded[0m cubecl-server v0.11.0
2026-10-08T23:29:59.3271329Z [1m[92m  Downloaded[0m cubecl-wgpu v0.11.0
2026-10-08T23:29:59.3312371Z [1m[92m  Downloaded[0m cubek-tile v0.3.0
2026-10-08T23:29:59.3438665Z [1m[92m  Downloaded[0m gimli v0.32.3
2026-10-08T23:29:59.3486979Z [1m[92m  Downloaded[0m image v0.25.10
2026-10-08T23:29:59.3550563Z [1m[92m  Downloaded[0m miniz_oxide v0.9.1
2026-10-08T23:29:59.3567955Z [1m[92m  Downloaded[0m safe_arch v1.2.0
2026-10-08T23:29:59.3600532Z [1m[92m  Downloaded[0m syn v2.0.119
2026-10-08T23:29:59.3673602Z [1m[92m  Downloaded[0m universal-hash v0.5.1
2026-10-08T23:29:59.3679675Z [1m[92m  Downloaded[0m cubecl-runtime v0.11.0
2026-10-08T23:29:59.3727753Z [1m[92m  Downloaded[0m isolang v2.4.0
2026-10-08T23:29:59.3774909Z [1m[92m  Downloaded[0m png v0.18.1
2026-10-08T23:29:59.3803026Z [1m[92m  Downloaded[0m polyval v0.6.2
2026-10-08T23:29:59.3814568Z [1m[92m  Downloaded[0m regex-syntax v0.8.11
2026-10-08T23:29:59.3860500Z [1m[92m  Downloaded[0m rustix v1.1.5
2026-10-08T23:29:59.4047848Z [1m[92m  Downloaded[0m turso v0.8.2
2026-10-08T23:29:59.4066623Z [1m[92m  Downloaded[0m cubek-matmul v0.3.0
2026-10-08T23:29:59.4250145Z [1m[92m  Downloaded[0m mio v1.2.3
2026-10-08T23:29:59.4293299Z [1m[92m  Downloaded[0m icu_collator_data v2.3.0
2026-10-08T23:29:59.4346567Z [1m[92m  Downloaded[0m pliron-llvm v0.19.0
2026-10-08T23:29:59.4541900Z [1m[92m  Downloaded[0m unicode-segmentation v1.13.3
2026-10-08T23:29:59.4619205Z [1m[92m  Downloaded[0m rustc_apfloat v0.2.3+llvm-462a31f5a5ab
2026-10-08T23:29:59.5018980Z [1m[92m  Downloaded[0m unicode-normalization v0.1.25
2026-10-08T23:29:59.5043208Z [1m[92m  Downloaded[0m wast v259.0.0
2026-10-08T23:29:59.5278810Z [1m[92m  Downloaded[0m cudarc v0.19.10
2026-10-08T23:29:59.5434498Z [1m[92m  Downloaded[0m moxcms v0.8.1
2026-10-08T23:29:59.5504828Z [1m[92m  Downloaded[0m portable-atomic v1.15.0
2026-10-08T23:29:59.5555622Z [1m[92m  Downloaded[0m pulp v0.22.3
2026-10-08T23:29:59.5589824Z [1m[92m  Downloaded[0m icu_normalizer v2.3.0
2026-10-08T23:29:59.5655266Z [1m[92m  Downloaded[0m quick-error v2.0.1
2026-10-08T23:29:59.5663786Z [1m[92m  Downloaded[0m rand_chacha v0.9.0
2026-10-08T23:29:59.5671736Z [1m[92m  Downloaded[0m rand_core v0.10.1
2026-10-08T23:29:59.5682832Z [1m[92m  Downloaded[0m sysinfo v0.39.6
2026-10-08T23:29:59.5767208Z [1m[92m  Downloaded[0m wasmparser v0.259.0
2026-10-08T23:29:59.5825478Z [1m[92m  Downloaded[0m pulp-wasm-simd-flag v0.1.1
2026-10-08T23:29:59.5830007Z [1m[92m  Downloaded[0m qoi v0.4.1
2026-10-08T23:29:59.5849443Z [1m[92m  Downloaded[0m rand v0.8.8
2026-10-08T23:29:59.5872245Z [1m[92m  Downloaded[0m rand v0.10.3
2026-10-08T23:29:59.5898189Z [1m[92m  Downloaded[0m roaring v0.11.5
2026-10-08T23:29:59.5942101Z [1m[92m  Downloaded[0m pliron v0.19.0
2026-10-08T23:29:59.6028182Z [1m[92m  Downloaded[0m unicode-width v0.2.2
2026-10-08T23:29:59.6066240Z [1m[92m  Downloaded[0m qrcode v0.14.1
2026-10-08T23:29:59.6088911Z [1m[92m  Downloaded[0m rustc-demangle v0.1.28
2026-10-08T23:29:59.6100463Z [1m[92m  Downloaded[0m wasm-encoder v0.259.0
2026-10-08T23:29:59.6127904Z [1m[92m  Downloaded[0m libc v0.2.189
2026-10-08T23:29:59.6432544Z [1m[92m  Downloaded[0m rand_distr v0.6.0
2026-10-08T23:29:59.6457139Z [1m[92m  Downloaded[0m zstd-sys v2.1.0+zstd.1.5.7
2026-10-08T23:29:59.6573207Z [1m[92m  Downloaded[0m tracing v0.1.44
2026-10-08T23:29:59.6682752Z [1m[92m  Downloaded[0m rustls v0.23.45
2026-10-08T23:29:59.6767593Z [1m[92m  Downloaded[0m naga v30.0.1
2026-10-08T23:29:59.6914838Z [1m[92m  Downloaded[0m cubecl-hip-sys v7.14.6085001
2026-10-08T23:29:59.7010352Z [1m[92m  Downloaded[0m wgpu-core v30.0.1
2026-10-08T23:29:59.7079302Z [1m[92m  Downloaded[0m icu_collator v2.3.1
2026-10-08T23:29:59.7186536Z [1m[92m  Downloaded[0m shlex v2.0.1
2026-10-08T23:29:59.7195992Z [1m[92m  Downloaded[0m weezl v0.1.12
2026-10-08T23:29:59.7212937Z [1m[92m  Downloaded[0m toml_parser v1.1.4+spec-1.1.0
2026-10-08T23:29:59.7228709Z [1m[92m  Downloaded[0m liblzma-sys v0.4.9
2026-10-08T23:29:59.7529469Z [1m[92m  Downloaded[0m toml v1.1.7+spec-1.1.0
2026-10-08T23:29:59.7557734Z [1m[92m  Downloaded[0m pxfm v0.1.30
2026-10-08T23:29:59.7730354Z [1m[92m  Downloaded[0m tokio-util v0.7.19
2026-10-08T23:29:59.7786600Z [1m[92m  Downloaded[0m icu_locale_data v2.3.0
2026-10-08T23:29:59.7957519Z [1m[92m  Downloaded[0m webrtc-util v0.17.2
2026-10-08T23:29:59.7994852Z [1m[92m  Downloaded[0m tokio v1.53.1
2026-10-08T23:29:59.8311450Z [1m[92m  Downloaded[0m ring v0.17.14
2026-10-08T23:29:59.8612580Z [1m[92m  Downloaded[0m linux-raw-sys v0.4.15
2026-10-08T23:29:59.8924658Z [1m[92m  Downloaded[0m tch v0.22.0
2026-10-08T23:29:59.9670718Z [1m[92m  Downloaded[0m linux-raw-sys v0.12.1
2026-10-08T23:30:00.4361729Z [1m[92m   Compiling[0m syn v3.0.6
2026-10-08T23:30:00.4419294Z [1m[92m   Compiling[0m syn v2.0.119
2026-10-08T23:30:00.4419729Z [1m[92m   Compiling[0m typenum v1.20.1
2026-10-08T23:30:00.4421070Z [1m[92m   Compiling[0m memchr v2.8.3
2026-10-08T23:30:00.8724841Z [1m[92m   Compiling[0m libc v0.2.189
2026-10-08T23:30:01.0694359Z [1m[92m   Compiling[0m generic-array v0.14.7
2026-10-08T23:30:01.4053220Z [1m[92m   Compiling[0m crypto-common v0.1.7
2026-10-08T23:30:01.4614266Z [1m[92m   Compiling[0m block-buffer v0.10.4
2026-10-08T23:30:01.5294414Z [1m[92m   Compiling[0m digest v0.10.7
2026-10-08T23:30:01.6314283Z [1m[92m   Compiling[0m sha2 v0.10.9
2026-10-08T23:30:01.8544332Z [1m[92m   Compiling[0m thiserror v2.0.20
2026-10-08T23:30:02.0345139Z [1m[92m   Compiling[0m serde_json v1.0.151
2026-10-08T23:30:02.1134317Z [1m[92m   Compiling[0m subtle v2.6.1
2026-10-08T23:30:02.1914208Z [1m[92m   Compiling[0m autocfg v1.5.1
2026-10-08T23:30:02.4040570Z [1m[92m   Compiling[0m semver v1.0.28
2026-10-08T23:30:02.5734312Z [1m[92m   Compiling[0m rustc_version v0.4.1
2026-10-08T23:30:02.7314416Z [1m[92m   Compiling[0m curve25519-dalek v4.1.3
2026-10-08T23:30:02.7474344Z [1m[92m   Compiling[0m zerocopy v0.8.57
2026-10-08T23:30:02.8694538Z [1m[92m   Compiling[0m signature v2.2.0
2026-10-08T23:30:02.9295189Z [1m[92m   Compiling[0m foldhash v0.2.0
2026-10-08T23:30:02.9524467Z [1m[92m   Compiling[0m allocator-api2 v0.2.21
2026-10-08T23:30:03.0064113Z [1m[92m   Compiling[0m ed25519 v2.2.3
2026-10-08T23:30:03.0955190Z [1m[92m   Compiling[0m num-traits v0.2.19
2026-10-08T23:30:03.1663880Z [1m[92m   Compiling[0m hashbrown v0.17.1
2026-10-08T23:30:03.5744344Z [1m[92m   Compiling[0m cpufeatures v0.3.1
2026-10-08T23:30:03.6134538Z [1m[92m   Compiling[0m pin-project-lite v0.2.17
2026-10-08T23:30:03.6461064Z [1m[92m   Compiling[0m zeroize_derive v1.5.0
2026-10-08T23:30:03.6513929Z [1m[92m   Compiling[0m zerocopy-derive v0.8.57
2026-10-08T23:30:03.6974596Z [1m[92m   Compiling[0m curve25519-dalek-derive v0.1.1
2026-10-08T23:30:03.9115145Z [1m[92m   Compiling[0m serde_derive v1.0.229
2026-10-08T23:30:03.9361718Z [1m[92m   Compiling[0m thiserror-impl v2.0.20
2026-10-08T23:30:03.9716497Z [1m[92m   Compiling[0m zeroize v1.9.0
2026-10-08T23:30:04.7471033Z [1m[92m   Compiling[0m cobs v0.3.0
2026-10-08T23:30:04.7974804Z [1m[92m   Compiling[0m ed25519-dalek v2.2.0
2026-10-08T23:30:04.8437368Z [1m[92m   Compiling[0m bytemuck_derive v1.12.1
2026-10-08T23:30:04.9354234Z [1m[92m   Compiling[0m unicode-segmentation v1.13.3
2026-10-08T23:30:05.1551043Z [1m[92m   Compiling[0m once_cell v1.21.4
2026-10-08T23:30:05.2584383Z [1m[92m   Compiling[0m parking_lot_core v0.9.12
2026-10-08T23:30:05.3431118Z [1m[92m   Compiling[0m stable_deref_trait v1.2.1
2026-10-08T23:30:05.3764182Z [1m[92m   Compiling[0m bytes v1.12.1
2026-10-08T23:30:05.5064432Z [1m[92m   Compiling[0m bytemuck v1.25.2
2026-10-08T23:30:05.6514157Z [1m[92m   Compiling[0m crossbeam-utils v0.8.23
2026-10-08T23:30:05.7124398Z [1m[92m   Compiling[0m scopeguard v1.2.0
2026-10-08T23:30:05.7534244Z [1m[92m   Compiling[0m lock_api v0.4.14
2026-10-08T23:30:05.7791482Z [1m[92m   Compiling[0m futures-core v0.3.34
2026-10-08T23:30:05.7934299Z [1m[92m   Compiling[0m serde v1.0.229
2026-10-08T23:30:06.1213952Z [1m[92m   Compiling[0m conduit-assigned-plan v0.1.0 (/home/runner/work/conduit/conduit/architecture/assigned-plan)
2026-10-08T23:30:06.1314023Z [1m[92m   Compiling[0m postcard v1.1.3
2026-10-08T23:30:06.3484808Z [1m[92m   Compiling[0m conduit-core v0.1.0 (/home/runner/work/conduit/conduit/architecture/core)
2026-10-08T23:30:06.3750466Z [1m[92m   Compiling[0m conduit-kernel v0.1.0 (/home/runner/work/conduit/conduit/architecture/kernel)
2026-10-08T23:30:07.1383881Z [1m[92m   Compiling[0m smallvec v1.16.1
2026-10-08T23:30:07.1534132Z [1m[92m   Compiling[0m half v2.7.1
2026-10-08T23:30:07.4124215Z [1m[92m   Compiling[0m log v0.4.34
2026-10-08T23:30:07.4394415Z [1m[92m   Compiling[0m getrandom v0.4.3
2026-10-08T23:30:07.4966482Z [1m[92m   Compiling[0m rand_core v0.10.1
2026-10-08T23:30:07.5434293Z [1m[92m   Compiling[0m parking_lot v0.12.5
2026-10-08T23:30:07.5635375Z [1m[92m   Compiling[0m portable-atomic v1.15.0
2026-10-08T23:30:07.7954319Z [1m[92m   Compiling[0m futures-io v0.3.34
2026-10-08T23:30:07.8515305Z [1m[92m   Compiling[0m bitflags v2.13.2
2026-10-08T23:30:07.9603711Z [1m[92m   Compiling[0m cfg_aliases v0.2.2
2026-10-08T23:30:07.9984486Z [1m[92m   Compiling[0m parking v2.2.1
2026-10-08T23:30:08.0734306Z [1m[92m   Compiling[0m chacha20 v0.10.2
2026-10-08T23:30:08.1814183Z [1m[92m   Compiling[0m paste v1.0.15
2026-10-08T23:30:08.2044133Z [1m[92m   Compiling[0m object v0.37.3
2026-10-08T23:30:08.3238012Z [1m[92m   Compiling[0m fastrand v2.5.0
2026-10-08T23:30:08.3553662Z [1m[92m   Compiling[0m byteorder v1.5.0
2026-10-08T23:30:08.5291587Z [1m[92m   Compiling[0m rand v0.10.3
2026-10-08T23:30:08.5485841Z [1m[92m   Compiling[0m event-listener v5.4.2
2026-10-08T23:30:08.6853575Z [1m[92m   Compiling[0m pulp v0.22.3
2026-10-08T23:30:08.8244922Z [1m[92m   Compiling[0m ciborium-io v0.2.2
2026-10-08T23:30:08.8613106Z [1m[92m   Compiling[0m adler2 v2.0.1
2026-10-08T23:30:08.9124433Z [1m[92m   Compiling[0m winnow v1.0.4
2026-10-08T23:30:08.9554225Z [1m[92m   Compiling[0m gimli v0.32.3
2026-10-08T23:30:09.1224862Z [1m[92m   Compiling[0m toml_parser v1.1.4+spec-1.1.0
2026-10-08T23:30:09.5372491Z [1m[92m   Compiling[0m miniz_oxide v0.8.9
2026-10-08T23:30:09.7074484Z [1m[92m   Compiling[0m ciborium-ll v0.2.2
2026-10-08T23:30:09.8314371Z [1m[92m   Compiling[0m event-listener-strategy v0.5.4
2026-10-08T23:30:10.4314687Z [1m[92m   Compiling[0m addr2line v0.25.1
2026-10-08T23:30:10.6257061Z [1m[92m   Compiling[0m cubecl-environment v0.11.0
2026-10-08T23:30:10.7535185Z [1m[92m   Compiling[0m raw-cpuid v11.6.0
2026-10-08T23:30:11.9944339Z [1m[92m   Compiling[0m concurrent-queue v2.5.0
2026-10-08T23:30:12.1054372Z [1m[92m   Compiling[0m num-complex v0.4.6
2026-10-08T23:30:12.2982533Z [1m[92m   Compiling[0m convert_case v0.10.0
2026-10-08T23:30:12.3374360Z [1m[92m   Compiling[0m derive-new v0.7.0
2026-10-08T23:30:12.4444302Z [1m[92m   Compiling[0m serde_spanned v1.1.2
2026-10-08T23:30:12.5223552Z [1m[92m   Compiling[0m toml_datetime v1.1.2+spec-1.1.0
2026-10-08T23:30:12.5814154Z [1m[92m   Compiling[0m proc-macro-error-attr v1.0.4
2026-10-08T23:30:12.6474403Z [1m[92m   Compiling[0m syn v1.0.109
2026-10-08T23:30:12.6744881Z [1m[92m   Compiling[0m fnv v1.0.7
2026-10-08T23:30:12.7184402Z [1m[92m   Compiling[0m reborrow v0.5.5
2026-10-08T23:30:12.7608029Z [1m[92m   Compiling[0m unicode-xid v0.2.6
2026-10-08T23:30:12.7785795Z [1m[92m   Compiling[0m dyn-stack-macros v0.1.3
2026-10-08T23:30:12.8104815Z [1m[92m   Compiling[0m ident_case v1.0.1
2026-10-08T23:30:12.8652492Z [1m[92m   Compiling[0m rustc-demangle v0.1.28
2026-10-08T23:30:12.8835826Z [1m[92m   Compiling[0m pulp-wasm-simd-flag v0.1.1
2026-10-08T23:30:12.9184882Z [1m[92m   Compiling[0m thiserror v1.0.69
2026-10-08T23:30:13.0354883Z [1m[92m   Compiling[0m toml_writer v1.1.3+spec-1.1.0
2026-10-08T23:30:13.1074501Z [1m[92m   Compiling[0m backtrace v0.3.76
2026-10-08T23:30:13.1364885Z [1m[92m   Compiling[0m toml v1.1.7+spec-1.1.0
2026-10-08T23:30:13.9379527Z [1m[92m   Compiling[0m dyn-stack v0.13.2
2026-10-08T23:30:14.0652326Z [1m[92m   Compiling[0m darling_core v0.21.3
2026-10-08T23:30:15.5724501Z [1m[92m   Compiling[0m conduit-plot v0.1.0 (/home/runner/work/conduit/conduit/architecture/plot)
2026-10-08T23:30:15.7244160Z [1m[92m   Compiling[0m conduit-body v0.1.0 (/home/runner/work/conduit/conduit/architecture/body)
2026-10-08T23:30:15.7885035Z [1m[92m   Compiling[0m derive_more-impl v2.1.1
2026-10-08T23:30:18.1384481Z [1m[92m   Compiling[0m async-channel v2.5.0
2026-10-08T23:30:18.2524070Z [1m[92m   Compiling[0m ciborium v0.2.2
2026-10-08T23:30:18.5904335Z [1m[92m   Compiling[0m futures-lite v2.6.1
2026-10-08T23:30:19.0444310Z [1m[92m   Compiling[0m spin v0.12.3
2026-10-08T23:30:19.1444372Z [1m[92m   Compiling[0m cubecl-common v0.11.0
2026-10-08T23:30:19.2434993Z [1m[92m   Compiling[0m thiserror-impl v1.0.69
2026-10-08T23:30:19.8804742Z [1m[92m   Compiling[0m nom v8.0.0
2026-10-08T23:30:20.5545609Z [1m[92m   Compiling[0m serde_bytes v0.11.19
2026-10-08T23:30:20.6594271Z [1m[92m   Compiling[0m proc-macro-error v1.0.4
2026-10-08T23:30:20.7274486Z [1m[92m   Compiling[0m ahash v0.8.12
2026-10-08T23:30:20.8014524Z [1m[92m   Compiling[0m etcetera v0.11.0
2026-10-08T23:30:20.9174306Z [1m[92m   Compiling[0m seq-macro v0.3.6
2026-10-08T23:30:21.1232915Z [1m[92m   Compiling[0m embassy-futures v0.1.2
2026-10-08T23:30:21.2304174Z [1m[92m   Compiling[0m web-time v1.1.0
2026-10-08T23:30:21.2664154Z [1m[92m   Compiling[0m oneshot v0.2.1
2026-10-08T23:30:21.6164890Z [1m[92m   Compiling[0m tynm v0.2.0
2026-10-08T23:30:21.8582816Z [1m[92m   Compiling[0m gemm-common v0.19.0
2026-10-08T23:30:22.3456934Z [1m[92m   Compiling[0m derive_more v2.1.1
2026-10-08T23:30:22.3654444Z [1m[92m   Compiling[0m conduit-time v0.1.0 (/home/runner/work/conduit/conduit/semantics/time)
2026-10-08T23:30:22.5214956Z [1m[92m   Compiling[0m conduit-human v0.1.0 (/home/runner/work/conduit/conduit/semantics/human)
2026-10-08T23:30:22.6914378Z [1m[92m   Compiling[0m conduit-audio v0.1.0 (/home/runner/work/conduit/conduit/semantics/audio)
2026-10-08T23:30:26.7544365Z [1m[92m   Compiling[0m conduit-data v0.1.0 (/home/runner/work/conduit/conduit/semantics/data)
2026-10-08T23:30:28.1368148Z [1m[92m   Compiling[0m conduit-presentation v0.1.0 (/home/runner/work/conduit/conduit/semantics/presentation)
2026-10-08T23:30:28.6825302Z [1m[92m   Compiling[0m conduit-language v0.1.0 (/home/runner/work/conduit/conduit/semantics/language)
2026-10-08T23:30:30.0635038Z [1m[92m   Compiling[0m conduit-web v0.1.0 (/home/runner/work/conduit/conduit/semantics/web)
2026-10-08T23:30:33.8064650Z [1m[92m   Compiling[0m conduit-alife v0.1.0 (/home/runner/work/conduit/conduit/semantics/alife)
2026-10-08T23:30:34.0445110Z [1m[92m   Compiling[0m conduit-text v0.1.0 (/home/runner/work/conduit/conduit/semantics/text)
2026-10-08T23:30:34.2284266Z [1m[92m   Compiling[0m conduit-net v0.1.0 (/home/runner/work/conduit/conduit/semantics/net)
2026-10-08T23:30:34.3224091Z [1m[92m   Compiling[0m conduit-education v0.1.0 (/home/runner/work/conduit/conduit/semantics/education)
2026-10-08T23:30:34.5164488Z [1m[92m   Compiling[0m conduit-process v0.1.0 (/home/runner/work/conduit/conduit/semantics/process)
2026-10-08T23:30:34.5334271Z [1m[92m   Compiling[0m conduit-robotics v0.1.0 (/home/runner/work/conduit/conduit/semantics/robotics)
2026-10-08T23:30:34.7394698Z [1m[92m   Compiling[0m conduit-purpose v0.1.0 (/home/runner/work/conduit/conduit/semantics/purpose)
2026-10-08T23:30:36.3729301Z [1m[92m   Compiling[0m conduit-midi v0.1.0 (/home/runner/work/conduit/conduit/mechanisms/protocols/midi)
2026-10-08T23:30:36.5244294Z [1m[92m   Compiling[0m darling_macro v0.21.3
2026-10-08T23:30:36.6476614Z [1m[92m   Compiling[0m float8 v0.7.0
2026-10-08T23:30:36.6864911Z [1m[92m   Compiling[0m toml_datetime v0.6.11
2026-10-08T23:30:36.7344593Z [1m[92m   Compiling[0m serde_spanned v0.6.9
2026-10-08T23:30:36.7899687Z [1m[92m   Compiling[0m indexmap v2.14.2
2026-10-08T23:30:36.8134962Z [1m[92m   Compiling[0m hashbrown v0.16.1
2026-10-08T23:30:37.2204013Z [1m[92m   Compiling[0m hybrid-array v0.4.15
2026-10-08T23:30:37.2554701Z [1m[92m   Compiling[0m data-encoding v2.11.1
2026-10-08T23:30:37.2879389Z [1m[92m   Compiling[0m toml_edit v0.22.27
2026-10-08T23:30:37.7104141Z [1m[92m   Compiling[0m darling v0.21.3
2026-10-08T23:30:37.9886740Z [1m[92m   Compiling[0m cubecl-zspace v0.11.0
2026-10-08T23:30:38.2474728Z [1m[92m   Compiling[0m rand_distr v0.6.0
2026-10-08T23:30:38.2964086Z [1m[92m   Compiling[0m uuid v1.26.1
2026-10-08T23:30:38.4505115Z [1m[92m   Compiling[0m enumset_derive v0.15.0
2026-10-08T23:30:38.4774319Z [1m[92m   Compiling[0m burn-std v0.22.0
2026-10-08T23:30:39.0934734Z [1m[92m   Compiling[0m toml v0.8.23
2026-10-08T23:30:39.2629160Z [1m[92m   Compiling[0m crypto-common v0.2.2
2026-10-08T23:30:39.4414443Z [1m[92m   Compiling[0m block-buffer v0.12.1
2026-10-08T23:30:39.5174939Z [1m[92m   Compiling[0m conduit-ai v0.1.0 (/home/runner/work/conduit/conduit/semantics/ai)
2026-10-08T23:30:39.7913899Z [1m[92m   Compiling[0m getrandom v0.2.17
2026-10-08T23:30:39.9026202Z [1m[92m   Compiling[0m const-oid v0.10.2
2026-10-08T23:30:39.9967393Z [1m[92m   Compiling[0m digest v0.11.3
2026-10-08T23:30:40.0734130Z [1m[92m   Compiling[0m enumset v1.1.14
2026-10-08T23:30:40.2514582Z [1m[92m   Compiling[0m siphasher v1.0.3
2026-10-08T23:30:40.3334124Z [1m[92m   Compiling[0m phf_shared v0.11.3
2026-10-08T23:30:40.4134645Z [1m[92m   Compiling[0m burn-backend v0.22.0
2026-10-08T23:30:40.8494319Z [1m[92m   Compiling[0m str-newtype-derive v2.0.0
2026-10-08T23:30:40.9134196Z [1m[92m   Compiling[0m static-automata-macros v1.0.3
2026-10-08T23:30:41.0524559Z [1m[92m   Compiling[0m gemm-f32 v0.19.0
2026-10-08T23:30:41.3494201Z [1m[92m   Compiling[0m option-ext v0.2.0
2026-10-08T23:30:41.3874234Z [1m[92m   Compiling[0m heapless v0.8.0
2026-10-08T23:30:41.4904444Z [1m[92m   Compiling[0m anyhow v1.0.104
2026-10-08T23:30:41.6867354Z [1m[92m   Compiling[0m dirs-sys v0.5.0
2026-10-08T23:30:41.6943021Z [1m[92m   Compiling[0m str-newtype v2.0.0
2026-10-08T23:30:41.7276836Z [1m[92m   Compiling[0m gemm-f16 v0.19.0
2026-10-08T23:30:41.7954300Z [1m[92m   Compiling[0m static-automata v1.0.3
2026-10-08T23:30:41.8404190Z [1m[92m   Compiling[0m phf v0.11.3
2026-10-08T23:30:41.9114628Z [1m[92m   Compiling[0m gemm-c32 v0.19.0
2026-10-08T23:30:41.9614009Z [1m[92m   Compiling[0m gemm-c64 v0.19.0
2026-10-08T23:30:43.4636787Z [1m[92m   Compiling[0m gemm-f64 v0.19.0
2026-10-08T23:30:43.4714203Z [1m[92m   Compiling[0m hash32 v0.3.1
2026-10-08T23:30:43.5398945Z [1m[92m   Compiling[0m speaking v0.1.0 (https://github.com/dancxjo/tongues.git?rev=b5d7535b2ccd3730b4db878fb61b2e4e48ae89c9#b5d7535b)
2026-10-08T23:30:43.6164655Z [1m[92m   Compiling[0m shlex v2.0.1
2026-10-08T23:30:43.7074403Z [1m[92m   Compiling[0m find-msvc-tools v0.1.14
2026-10-08T23:30:43.8214236Z [1m[92m   Compiling[0m tinyvec v1.13.3
2026-10-08T23:30:44.0274213Z [1m[92m   Compiling[0m unicode-normalization v0.1.25
2026-10-08T23:30:44.1503867Z [1m[92m   Compiling[0m cc v1.6.0
2026-10-08T23:30:44.2673820Z [1m[92m   Compiling[0m gemm v0.19.0
2026-10-08T23:30:44.6413898Z [1m[92m   Compiling[0m isolang v2.4.0
2026-10-08T23:30:45.1674111Z [1m[92m   Compiling[0m langtag v1.1.0
2026-10-08T23:30:45.8129240Z [1m[92m   Compiling[0m dirs v6.0.0
2026-10-08T23:30:46.0334265Z [1m[92m   Compiling[0m burn-ir v0.22.0
2026-10-08T23:30:46.3264606Z [1m[92m   Compiling[0m sha2 v0.11.0
2026-10-08T23:30:46.8414490Z [1m[92m   Compiling[0m conduit-chat v0.1.0 (/home/runner/work/conduit/conduit/semantics/chat)
2026-10-08T23:30:47.0725024Z [1m[92m   Compiling[0m conduit-signal v0.1.0 (/home/runner/work/conduit/conduit/semantics/signal)
2026-10-08T23:30:47.2384560Z [1m[92m   Compiling[0m conduit-tongues v0.1.0 (/home/runner/work/conduit/conduit/semantics/tongues)
2026-10-08T23:30:47.4960544Z [1m[92m   Compiling[0m conduit-plan-lowering v0.1.0 (/home/runner/work/conduit/conduit/architecture/plan-lowering)
2026-10-08T23:30:48.2822086Z [1m[92m   Compiling[0m ryu v1.0.23
2026-10-08T23:30:48.3686287Z [1m[92m   Compiling[0m burn-dispatch v0.22.0
2026-10-08T23:30:48.4462900Z [1m[92m   Compiling[0m serde-json-core v0.6.0
2026-10-08T23:30:48.6484147Z [1m[92m   Compiling[0m burn-flex v0.22.0
2026-10-08T23:30:57.0634241Z [1m[92m   Compiling[0m ring v0.17.14
2026-10-08T23:30:57.3054225Z [1m[92m   Compiling[0m burn-autodiff v0.22.0
2026-10-08T23:30:58.4614731Z [1m[92m   Compiling[0m conduit-planner v0.1.0 (/home/runner/work/conduit/conduit/architecture/planner)
2026-10-08T23:30:59.9824363Z [1m[92m   Compiling[0m burn-backend-extension v0.22.0
2026-10-08T23:31:01.1831935Z [1m[92m   Compiling[0m conduit-semantic-catalog v0.1.0 (/home/runner/work/conduit/conduit/semantics/catalog)
2026-10-08T23:31:02.8134476Z [1m[92m   Compiling[0m aho-corasick v1.1.5
2026-10-08T23:31:02.8424376Z [1m[92m   Compiling[0m burn-einsum v0.22.0
2026-10-08T23:31:03.0524387Z [1m[92m   Compiling[0m regex-syntax v0.8.11
2026-10-08T23:31:03.9075183Z [1m[92m   Compiling[0m conduit-host-make v0.1.0 (/home/runner/work/conduit/conduit/make/host)
2026-10-08T23:31:04.1851146Z [1m[92m   Compiling[0m regex-automata v0.4.18
2026-10-08T23:31:04.6734466Z [1m[92m   Compiling[0m burn-derive v0.22.0
2026-10-08T23:31:07.3258116Z [1m[92m   Compiling[0m conduit-todo-plot v0.1.0 (/home/runner/work/conduit/conduit/plots/todo/model)
2026-10-08T23:31:07.4824262Z [1m[92m   Compiling[0m ppv-lite86 v0.2.21
2026-10-08T23:31:07.6774820Z [1m[92m   Compiling[0m colored v3.1.1
2026-10-08T23:31:07.8644663Z [1m[92m   Compiling[0m getrandom v0.3.4
2026-10-08T23:31:08.0134436Z [1m[92m   Compiling[0m regex v1.13.1
2026-10-08T23:31:08.2304104Z [1m[92m   Compiling[0m burn-pack v0.22.0
2026-10-08T23:31:08.5297763Z [1m[92m   Compiling[0m untrusted v0.9.0
2026-10-08T23:31:08.5731371Z [1m[92m   Compiling[0m rustix v1.1.5
2026-10-08T23:31:08.7274525Z [1m[92m   Compiling[0m conduit-std-offers v0.1.0 (/home/runner/work/conduit/conduit/targets/std/offers)
2026-10-08T23:31:08.7791021Z [1m[92m   Compiling[0m rand_core v0.6.4
2026-10-08T23:31:08.8789253Z [1m[92m   Compiling[0m conduit-wire v0.1.0 (/home/runner/work/conduit/conduit/architecture/wire)
2026-10-08T23:31:09.0595551Z [1m[92m   Compiling[0m rustls-pki-types v1.15.1
2026-10-08T23:31:09.2466972Z [1m[92m   Compiling[0m inout v0.1.4
2026-10-08T23:31:09.3038363Z [1m[92m   Compiling[0m linux-raw-sys v0.12.1
2026-10-08T23:31:09.3154278Z [1m[92m   Compiling[0m crossbeam-epoch v0.9.21
2026-10-08T23:31:09.4154135Z [1m[92m   Compiling[0m cipher v0.4.4
2026-10-08T23:31:09.5489605Z [1m[92m   Compiling[0m universal-hash v0.5.1
2026-10-08T23:31:09.6084418Z [1m[92m   Compiling[0m percent-encoding v2.3.2
2026-10-08T23:31:09.6934774Z [1m[92m   Compiling[0m httparse v1.10.1
2026-10-08T23:31:09.8454249Z [1m[92m   Compiling[0m opaque-debug v0.3.1
2026-10-08T23:31:09.8824582Z [1m[92m   Compiling[0m crossbeam-deque v0.8.8
2026-10-08T23:31:09.9866449Z [1m[92m   Compiling[0m poly1305 v0.8.0
2026-10-08T23:31:10.3629139Z [1m[92m   Compiling[0m chacha20 v0.9.1
2026-10-08T23:31:10.6491964Z [1m[92m   Compiling[0m tempfile v3.27.0
2026-10-08T23:31:10.6584036Z [1m[92m   Compiling[0m synstructure v0.14.0
2026-10-08T23:31:10.7814296Z [1m[92m   Compiling[0m aead v0.5.2
2026-10-08T23:31:10.8443516Z [1m[92m   Compiling[0m arrayvec v0.7.8
2026-10-08T23:31:10.8674463Z [1m[92m   Compiling[0m rayon-core v1.13.0
2026-10-08T23:31:10.9334836Z [1m[92m   Compiling[0m base64 v0.23.1
2026-10-08T23:31:10.9543903Z [1m[92m   Compiling[0m noise-protocol v0.2.1
2026-10-08T23:31:11.0034370Z [1m[92m   Compiling[0m chacha20poly1305 v0.10.1
2026-10-08T23:31:11.0534380Z [1m[92m   Compiling[0m safetensors v0.8.0
2026-10-08T23:31:11.1268496Z [1m[92m   Compiling[0m conduit-bluetooth v0.1.0 (/home/runner/work/conduit/conduit/mechanisms/protocols/bluetooth)
2026-10-08T23:31:11.3524763Z [1m[92m   Compiling[0m conduit-host-browser-make v0.1.0 (/home/runner/work/conduit/conduit/targets/browser/make)
2026-10-08T23:31:11.4484477Z [1m[92m   Compiling[0m conduit-plot-library v0.1.0 (/home/runner/work/conduit/conduit/semantics/plot-library)
2026-10-08T23:31:11.5524248Z [1m[92m   Compiling[0m burn-tensor v0.22.0
2026-10-08T23:31:11.6404826Z [1m[92m   Compiling[0m conduit-body-invitation-plot v0.1.0 (/home/runner/work/conduit/conduit/semantics/body-invitation)
2026-10-08T23:31:11.8364888Z [1m[92m   Compiling[0m conduit-tutorial-plot v0.1.0 (/home/runner/work/conduit/conduit/semantics/tutorial)
2026-10-08T23:31:12.0244479Z [1m[92m   Compiling[0m http v1.5.0
2026-10-08T23:31:12.6624406Z [1m[92m   Compiling[0m burn-core v0.22.0
2026-10-08T23:31:12.9574360Z [1m[92m   Compiling[0m memmap2 v0.9.11
2026-10-08T23:31:13.0784125Z [1m[92m   Compiling[0m textdistance v1.1.1
2026-10-08T23:31:13.2534261Z [1m[92m   Compiling[0m rustls v0.23.45
2026-10-08T23:31:13.3236734Z [1m[92m   Compiling[0m burn-linalg v0.22.0
2026-10-08T23:31:13.5644630Z [1m[92m   Compiling[0m burn-optim v0.22.0
2026-10-08T23:31:13.6704520Z [1m[92m   Compiling[0m burn-nn v0.22.0
2026-10-08T23:31:15.7644335Z [1m[92m   Compiling[0m burn-store v0.22.0
2026-10-08T23:31:15.9185343Z [1m[92m   Compiling[0m conduit-signal-conformance v0.1.0 (/home/runner/work/conduit/conduit/proof/conformance/signal)
2026-10-08T23:31:16.5284439Z [1m[92m   Compiling[0m noise-rust-crypto v0.6.2
2026-10-08T23:31:16.6379347Z [1m[92m   Compiling[0m zerofrom-derive v0.1.8
2026-10-08T23:31:16.7054902Z [1m[92m   Compiling[0m rustls-webpki v0.103.15
2026-10-08T23:31:17.2744416Z [1m[92m   Compiling[0m conduit-host-hosted v0.1.0 (/home/runner/work/conduit/conduit/targets/std/make)
2026-10-08T23:31:17.3754701Z [1m[92m   Compiling[0m x25519-dalek v2.0.1
2026-10-08T23:31:17.4384264Z [1m[92m   Compiling[0m rand_chacha v0.3.1
2026-10-08T23:31:17.5574590Z [1m[92m   Compiling[0m conduit-host-esp32-make v0.1.0 (/home/runner/work/conduit/conduit/targets/esp32/make)
2026-10-08T23:31:17.6925274Z [1m[92m   Compiling[0m conduit-host-avr-make v0.1.0 (/home/runner/work/conduit/conduit/targets/avr/make)
2026-10-08T23:31:17.7824907Z [1m[92m   Compiling[0m conduit-linear-framebuffer-make v0.1.0 (/home/runner/work/conduit/conduit/mechanisms/implementations/linear-framebuffer-make)
2026-10-08T23:31:17.9044753Z [1m[92m   Compiling[0m conduit-host-raspberry-pi v0.1.0 (/home/runner/work/conduit/conduit/targets/raspberry-pi/make)
2026-10-08T23:31:17.9735268Z [1m[92m   Compiling[0m conduit-host-conduitos-make v0.1.0 (/home/runner/work/conduit/conduit/targets/conduitos/make)
2026-10-08T23:31:18.1375021Z [1m[92m   Compiling[0m conduit-host-rp2040 v0.1.0 (/home/runner/work/conduit/conduit/targets/rp2040/make)
2026-10-08T23:31:18.1632103Z [1m[92m   Compiling[0m conduit-host-orange-pi v0.1.0 (/home/runner/work/conduit/conduit/targets/orange-pi/make)
2026-10-08T23:31:18.2064583Z [1m[92m   Compiling[0m patchbay-graph v0.1.0 (/home/runner/work/conduit/conduit/plots/patchbay/graph)
2026-10-08T23:31:18.3064358Z [1m[92m   Compiling[0m conduit-finance v0.1.0 (/home/runner/work/conduit/conduit/semantics/finance)
2026-10-08T23:31:18.3429565Z [1m[92m   Compiling[0m patchbay-control v0.1.0 (/home/runner/work/conduit/conduit/plots/patchbay)
2026-10-08T23:31:18.4434134Z [1m[92m   Compiling[0m either v1.18.0
2026-10-08T23:31:18.5314298Z [1m[92m   Compiling[0m rand v0.8.8
2026-10-08T23:31:18.5594240Z [1m[92m   Compiling[0m rayon v1.12.0
2026-10-08T23:31:18.8064796Z [1m[92m   Compiling[0m patchbay-application v0.1.0 (/home/runner/work/conduit/conduit/plots/patchbay/application)
2026-10-08T23:31:19.0104808Z [1m[92m   Compiling[0m conduit-protected-line v0.1.0 (/home/runner/work/conduit/conduit/architecture/protected-line)
2026-10-08T23:31:19.3194911Z [1m[92m   Compiling[0m zerofrom v0.1.8
2026-10-08T23:31:19.9854218Z [1m[92m   Compiling[0m burn v0.22.0
2026-10-08T23:31:20.5412718Z [1m[92m   Compiling[0m ureq-proto v0.6.4
2026-10-08T23:31:20.9894014Z [1m[92m   Compiling[0m conduit-browser-mask-offer v0.1.0 (/home/runner/work/conduit/conduit/targets/browser/mask-offer)
2026-10-08T23:31:21.1463387Z [1m[92m   Compiling[0m yoke-derive v0.8.3
2026-10-08T23:31:21.6894649Z [1m[92m   Compiling[0m webpki-roots v1.0.9
2026-10-08T23:31:21.7392868Z [1m[92m   Compiling[0m conduit-body-make v0.1.0 (/home/runner/work/conduit/conduit/make/body)
2026-10-08T23:31:21.7688898Z [1m[92m   Compiling[0m conduit-tour-model v0.1.0 (/home/runner/work/conduit/conduit/plots/tour)
2026-10-08T23:31:22.1304586Z [1m[92m   Compiling[0m conduit-composite v0.1.0 (/home/runner/work/conduit/conduit/architecture/composite)
2026-10-08T23:31:22.9310516Z [1m[92m   Compiling[0m conduit-speech v0.1.0 (/home/runner/work/conduit/conduit/semantics/speech)
2026-10-08T23:31:22.9464819Z [1m[92m   Compiling[0m sha1 v0.11.0
2026-10-08T23:31:23.0558211Z [1m[92m   Compiling[0m conduit-birth-plot v0.1.0 (/home/runner/work/conduit/conduit/plots/birth)
2026-10-08T23:31:23.4884547Z [1m[92m   Compiling[0m conduit-synth v0.1.0 (/home/runner/work/conduit/conduit/mechanisms/implementations/synth)
2026-10-08T23:31:23.5074580Z [1m[92m   Compiling[0m conduit-little-seismograph-fixture v0.1.0 (/home/runner/work/conduit/conduit/plots/little-seismograph/fixture)
2026-10-08T23:31:23.5794022Z [1m[92m   Compiling[0m ordered-float v3.9.2
2026-10-08T23:31:23.6444107Z [1m[92m   Compiling[0m num_cpus v1.17.0
2026-10-08T23:31:23.7614704Z [1m[92m   Compiling[0m qrcode v0.14.1
2026-10-08T23:31:23.7864086Z [1m[92m   Compiling[0m utf8-zero v0.8.1
2026-10-08T23:31:23.8510000Z [1m[92m   Compiling[0m ureq v3.4.2
2026-10-08T23:31:24.0844269Z [1m[92m   Compiling[0m instant-distance v0.6.1
2026-10-08T23:31:24.2244807Z [1m[92m   Compiling[0m tungstenite v0.30.0
2026-10-08T23:31:24.5527583Z [1m[92m   Compiling[0m conduit-browser-runtime v0.1.0 (/home/runner/work/conduit/conduit/targets/browser/runtime)
2026-10-08T23:31:24.8384699Z [1m[92m   Compiling[0m yoke v0.8.3
2026-10-08T23:31:24.9174462Z [1m[92m   Compiling[0m conduit-burn-model v0.1.0 (/home/runner/work/conduit/conduit/mechanisms/implementations/burn-model)
2026-10-08T23:31:25.3355219Z [1m[92m   Compiling[0m conduit-r1-network-conformance v0.1.0 (/home/runner/work/conduit/conduit/proof/conformance/network-r1)
2026-10-08T23:31:25.5914466Z [1m[92m   Compiling[0m rustls-pemfile v2.2.0
2026-10-08T23:31:25.6734612Z [1m[92m   Compiling[0m conduit-alife-distributed-conformance v0.1.0 (/home/runner/work/conduit/conduit/proof/conformance/alife-distributed)
2026-10-08T23:31:25.7295100Z [1m[92m   Compiling[0m conduit-rp2040-network-realization v0.1.0 (/home/runner/work/conduit/conduit/targets/rp2040/network-realization)
2026-10-08T23:31:25.8175010Z [1m[92m   Compiling[0m conduit-emergency-keyword-spotter v0.1.0 (/home/runner/work/conduit/conduit/mechanisms/implementations/emergency-keyword-spotter)
2026-10-08T23:31:25.8806985Z [1m[92m   Compiling[0m zerovec-derive v0.11.6
2026-10-08T23:31:25.9096690Z [1m[92m   Compiling[0m displaydoc v0.2.7
2026-10-08T23:31:26.2902095Z [1m[92m   Compiling[0m litemap v0.8.3
2026-10-08T23:31:26.4015088Z [1m[92m   Compiling[0m writeable v0.6.4
2026-10-08T23:31:26.4753802Z [1m[92m   Compiling[0m zerovec v0.11.8
2026-10-08T23:31:26.5184696Z [1m[92m   Compiling[0m zerotrie v0.2.5
2026-10-08T23:31:26.6614414Z [1m[92m   Compiling[0m icu_normalizer_data v2.3.0
2026-10-08T23:31:26.7319232Z [1m[92m   Compiling[0m utf8_iter v1.0.4
2026-10-08T23:31:26.7964265Z [1m[92m   Compiling[0m tinystr v0.8.4
2026-10-08T23:31:26.8143526Z [1m[92m   Compiling[0m potential_utf v0.1.6
2026-10-08T23:31:26.8765661Z [1m[92m   Compiling[0m icu_locale_core v2.3.0
2026-10-08T23:31:26.8894191Z [1m[92m   Compiling[0m icu_properties_data v2.3.0
2026-10-08T23:31:26.9684096Z [1m[92m   Compiling[0m icu_collections v2.3.0
2026-10-08T23:31:27.3344225Z [1m[92m   Compiling[0m memoffset v0.7.1
2026-10-08T23:31:27.3974216Z [1m[92m   Compiling[0m icu_provider v2.3.1
2026-10-08T23:31:27.5604368Z [1m[92m   Compiling[0m errno v0.3.14
2026-10-08T23:31:27.5783589Z [1m[92m   Compiling[0m futures-sink v0.3.34
2026-10-08T23:31:27.6265035Z [1m[92m   Compiling[0m signal-hook-registry v1.4.8
2026-10-08T23:31:27.6344364Z [1m[92m   Compiling[0m icu_normalizer v2.3.0
2026-10-08T23:31:27.7554193Z [1m[92m   Compiling[0m icu_properties v2.3.0
2026-10-08T23:31:28.1674614Z [1m[92m   Compiling[0m rand_core v0.9.5
2026-10-08T23:31:28.2661454Z [1m[92m   Compiling[0m tokio-macros v2.7.2
2026-10-08T23:31:28.5934189Z [1m[92m   Compiling[0m mio v1.2.3
2026-10-08T23:31:28.6644621Z [1m[92m   Compiling[0m socket2 v0.6.5
2026-10-08T23:31:28.8574227Z [1m[92m   Compiling[0m tokio v1.53.1
2026-10-08T23:31:28.9174888Z [1m[92m   Compiling[0m idna_adapter v1.2.2
2026-10-08T23:31:28.9727796Z [1m[92m   Compiling[0m rand_chacha v0.9.0
2026-10-08T23:31:29.2514130Z [1m[92m   Compiling[0m futures-channel v0.3.34
2026-10-08T23:31:29.3804245Z [1m[92m   Compiling[0m futures-macro v0.3.34
2026-10-08T23:31:29.7724250Z [1m[92m   Compiling[0m bitflags v1.3.2
2026-10-08T23:31:29.8044670Z [1m[92m   Compiling[0m slab v0.4.12
2026-10-08T23:31:29.8934632Z [1m[92m   Compiling[0m futures-task v0.3.34
2026-10-08T23:31:29.9694157Z [1m[92m   Compiling[0m pin-utils v0.1.0
2026-10-08T23:31:30.0014897Z [1m[92m   Compiling[0m nix v0.26.4
2026-10-08T23:31:32.1394413Z [1m[92m   Compiling[0m futures-util v0.3.34
2026-10-08T23:31:32.4467565Z [1m[92m   Compiling[0m rand v0.9.5
2026-10-08T23:31:32.7994102Z [1m[92m   Compiling[0m idna v1.1.0
2026-10-08T23:31:33.1690836Z [1m[92m   Compiling[0m form_urlencoded v1.2.2
2026-10-08T23:31:33.2448101Z [1m[92m   Compiling[0m async-trait v0.1.92
2026-10-08T23:31:33.7264329Z [1m[92m   Compiling[0m leb128fmt v0.1.0
2026-10-08T23:31:33.7984030Z [1m[92m   Compiling[0m lazy_static v1.5.0
2026-10-08T23:31:33.8236349Z [1m[92m   Compiling[0m deranged v0.5.8
2026-10-08T23:31:33.8405850Z [1m[92m   Compiling[0m num-conv v0.2.2
2026-10-08T23:31:33.9108760Z [1m[92m   Compiling[0m ipnet v2.12.2
2026-10-08T23:31:34.1554631Z [1m[92m   Compiling[0m time-core v0.1.9
2026-10-08T23:31:34.2484833Z [1m[92m   Compiling[0m crc-catalog v2.5.0
2026-10-08T23:31:34.2914068Z [1m[92m   Compiling[0m powerfmt v0.2.0
2026-10-08T23:31:34.3834243Z [1m[92m   Compiling[0m crc v3.4.0
2026-10-08T23:31:34.4764055Z [1m[92m   Compiling[0m webrtc-util v0.17.2
2026-10-08T23:31:34.5064118Z [1m[92m   Compiling[0m time v0.3.55
2026-10-08T23:31:34.8754414Z [1m[92m   Compiling[0m wasm-encoder v0.259.0
2026-10-08T23:31:35.5584992Z [1m[92m   Compiling[0m futures-executor v0.3.34
2026-10-08T23:31:35.6804118Z [1m[92m   Compiling[0m url v2.5.8
2026-10-08T23:31:36.0026971Z [1m[92m   Compiling[0m md-5 v0.10.6
2026-10-08T23:31:36.0694201Z [1m[92m   Compiling[0m unicode-width v0.2.2
2026-10-08T23:31:36.1104264Z [1m[92m   Compiling[0m base64 v0.22.1
2026-10-08T23:31:36.1864176Z [1m[92m   Compiling[0m bumpalo v3.20.3
2026-10-08T23:31:36.2834072Z [1m[92m   Compiling[0m stun v0.17.2
2026-10-08T23:31:36.3211507Z [1m[92m   Compiling[0m wast v259.0.0
2026-10-08T23:31:37.0174912Z [1m[92m   Compiling[0m futures v0.3.34
2026-10-08T23:31:37.0540344Z [1m[92m   Compiling[0m yasna v0.6.0
2026-10-08T23:31:37.4504319Z [1m[92m   Compiling[0m tokio-util v0.7.19
2026-10-08T23:31:37.6294511Z [1m[92m   Compiling[0m pem v4.0.0
2026-10-08T23:31:37.7784589Z [1m[92m   Compiling[0m conduit-observatory v0.1.0 (/home/runner/work/conduit/conduit/architecture/observatory)
2026-10-08T23:31:39.5714886Z [1m[92m   Compiling[0m conduit-workspace-make v0.1.0 (/home/runner/work/conduit/conduit/make/workspace)
2026-10-08T23:31:39.9494342Z [1m[92m   Compiling[0m wat v1.259.0
2026-10-08T23:31:40.0344323Z [1m[92m   Compiling[0m rcgen v0.14.10
2026-10-08T23:31:40.4904650Z [1m[92m   Compiling[0m turn v0.17.2
2026-10-08T23:33:18.9793197Z [1m[92m   Compiling[0m conduit-std-host v0.1.0 (/home/runner/work/conduit/conduit/targets/std)
2026-10-08T23:34:05.8466940Z [1m[92m    Finished[0m `test` profile [unoptimized] target(s) in 4m 08s
2026-10-08T23:34:06.1492359Z [1m[92m     Running[0m unittests src/lib.rs (target/debug/deps/conduit_std_host-111daae000490634)
2026-10-08T23:34:06.1517530Z 
2026-10-08T23:34:06.1517638Z running 667 tests
2026-10-08T23:34:06.1523775Z test acoustic_emergency::tests::admission_requires_current_unmuted_provider_and_exact_birth_contract ... ok
2026-10-08T23:34:06.1525973Z test acoustic_emergency::tests::exact_phrase_requests_only_admitted_authority_reductions_once ... ok
2026-10-08T23:34:06.1529636Z test acoustic_emergency::tests::independent_reduction_proof_does_not_trust_unresponsive_ordinary_work ... ok
2026-10-08T23:34:06.1534610Z test acoustic_emergency::tests::mute_loss_replacement_and_overflow_fail_closed_without_retry ... ok
2026-10-08T23:34:06.1540759Z test acoustic_emergency::tests::recurring_corpus_refuses_partial_wrong_order_and_replay_but_accepts_bounded_noise ... ok
2026-10-08T23:34:06.1549700Z test body_causal_evidence::tests::causal_send_receive_survives_overlapping_inverted_physical_estimates ... ok
2026-10-08T23:34:06.1551714Z test body_causal_evidence::tests::lookup_is_exact_and_honors_bounded_visitor_refusal ... ok
2026-10-08T23:34:06.1554565Z test body_causal_evidence::tests::only_failed_unrecovered_semantic_abnormal_accepts_terminal_correlation ... ok
2026-10-08T23:34:06.1555970Z test body_causal_evidence::tests::successful_recovery_metadata_never_implies_a_semantic_terminal ... ok
2026-10-08T23:34:06.1767904Z test body_chat_tests::generic_host_cannot_offer_body_truth_until_supervisor_installs_canonical_context ... ok
2026-10-08T23:34:06.1973317Z test body_chat_tests::installed_supervisor_source_accepts_only_fresh_current_truth ... ok
2026-10-08T23:34:06.1974143Z test body_clock_line::tests::adapter_without_identified_monotonic_sample_is_refused ... ok
2026-10-08T23:34:06.1975470Z test body_clock_line::tests::malformed_or_extended_frame_is_refused ... ok
2026-10-08T23:34:06.2001614Z test body_clock_line::tests::protected_clock_exchange_crosses_bounded_tcp_frames ... ok
2026-10-08T23:34:06.2536878Z test body_clock_line::tests::protected_tcp_bootstrap_uses_distinct_real_process_clocks ... ok
2026-10-08T23:34:06.2568130Z test body_clock_line::tests::protected_two_host_exchange_reconciles_only_admitted_source ... ok
2026-10-08T23:34:06.2568506Z test body_clock_line::tests::real_process_clock_responder ... ignored
2026-10-08T23:34:06.3172798Z test body_clock_line::tests::tcp_clock_framing_rejects_oversize_and_slow_peer ... ok
2026-10-08T23:34:06.3178411Z test body_clock_line::tests::tcp_clock_handshake_refuses_wrong_preshared_key ... ok
2026-10-08T23:34:06.3179022Z test body_coordination::conformance::tests::wire_failures_remain_distinct_machine_outcomes ... ok
2026-10-08T23:34:06.3208829Z test body_coordination::tests::two_production_kernel_fragments_exchange_message_and_reply ... ok
2026-10-08T23:34:06.3210666Z test body_execution::tests::continuing_body_clock_refuses_regression_and_basis_replacement ... ok
2026-10-08T23:34:06.3211517Z test browser_admission::selected_speech_tests::selected_speech_status_requires_a_bounded_correlated_operation ... ok
2026-10-08T23:34:06.3219750Z test browser_admission::tests::acquired_media_truth_and_later_use_plan_are_exact_bounded_frames ... ok
2026-10-08T23:34:06.3220574Z test browser_admission::tests::biography_evidence_tests::bounded_validated_biography_evidence_round_trips_separately_from_admission ... ok
2026-10-08T23:34:06.3221724Z test browser_admission::tests::bounded_advertisement_round_trips_without_creating_membership ... ok
2026-10-08T23:34:06.3229010Z test browser_admission::tests::bounded_webrtc_grant_request_and_reply_round_trip ... ok
2026-10-08T23:34:06.3229840Z test browser_admission::tests::egress_refuses_wrong_protocol_and_too_small_output ... ok
2026-10-08T23:34:06.3231462Z test browser_admission::tests::exact_return_frames_decode_and_malformed_proof_remains_distinct ... ok
2026-10-08T23:34:06.3239904Z test browser_admission::tests::loopback_socket_carries_one_exact_inert_advertisement_and_refusal ... ok
2026-10-08T23:34:06.3241924Z test browser_admission::tests::malformed_oversized_and_bad_key_frames_are_distinct ... ok
2026-10-08T23:34:06.3244166Z test browser_admission::tests::offer_evidence_tests::admitted_offer_evidence_round_trips_without_becoming_planning_detail ... ok
2026-10-08T23:34:06.3245812Z test browser_admission::tests::offer_evidence_tests::planning_disclosure_request_requires_current_identity_and_canonical_selection ... ok
2026-10-08T23:34:06.3248118Z test browser_admission::tests::owner_face_frames_require_one_exact_credential_basis_and_bounded_response ... ok
2026-10-08T23:34:06.3248886Z test browser_admission::tests::presence_renewal_round_trips_and_zero_sequence_is_refused ... ok
2026-10-08T23:34:06.3250518Z test browser_admission::tests::webrtc_bootstrap_bounds_ephemeral_turn_without_making_it_line_authority ... ok
2026-10-08T23:34:06.3252724Z test browser_admission::wardrobe_wire_tests::wardrobe_request_uses_correlated_revision_bound_action_shape ... ok
2026-10-08T23:34:06.3254999Z test browser_admission::webrtc_signaling::tests::exact_available_pair_routes_offer_then_answer_and_invalidates_on_boot_loss ... ok
2026-10-08T23:34:06.3256058Z test browser_admission::webrtc_signaling::tests::failed_candidate_preflight_preserves_exact_prior_grant ... ok
2026-10-08T23:34:06.3258272Z test browser_admission::webrtc_signaling::tests::stale_target_wrong_direction_and_duplicate_stage_refuse_without_relay ... ok
2026-10-08T23:34:06.3259070Z test civil_deadline_wait::tests::rebooted_clock_cannot_satisfy_the_old_deadline ... ok
2026-10-08T23:34:06.3263218Z test civil_deadline_wait::tests::resolved_fold_runs_on_one_monotonic_deadline_despite_wall_step ... ok
2026-10-08T23:34:06.3263798Z test civil_deadline_wait::tests::wall_steps_do_not_change_an_admitted_monotonic_wait ... ok
2026-10-08T23:34:06.3297081Z test composition::tests::a_selected_family_contributes_only_its_exact_operation_offers ... ok
2026-10-08T23:34:06.3537846Z test composition::tests::compiled_families_are_not_ambient_runtime_promises ... ok
2026-10-08T23:34:06.3582345Z test composition::tests::external_websocket_listener_is_an_explicit_capability_and_resource_family ... ok
2026-10-08T23:34:06.3628346Z test composition::tests::hosted_http_is_opt_in_and_seals_resources_operations_and_authority ... ok
2026-10-08T23:34:06.3658331Z test composition::tests::planner_cannot_obtain_an_unselected_family_from_a_category_prefix ... ok
2026-10-08T23:34:06.3962429Z test composition::tests::pulse_observation_is_an_explicit_effect_free_family ... ok
2026-10-08T23:34:06.4430987Z test composition::tests::reference_host_advertises_every_supported_std_revision_and_no_legacy_revision ... ok
2026-10-08T23:34:06.4648932Z test composition::tests::reference_host_browser_and_pico_have_different_exact_offer_sets ... ok
2026-10-08T23:34:06.7909195Z test copy_task::tests::create_and_replace_copy_through_bounded_kernel_steps_with_exact_receipt ... ok
2026-10-08T23:34:06.9225954Z test copy_task::tests::grant_change_after_prepare_refuses_at_use_without_mutating_the_plan ... ok
2026-10-08T23:34:06.9439632Z test copy_task::tests::issued_play_refuses_a_different_immutable_plan_before_effects ... ok
2026-10-08T23:34:07.0154536Z test copy_task::tests::partial_cancellation_and_cleanup_failure_are_distinct_and_never_commit ... ok
2026-10-08T23:34:07.0382424Z test copy_task::tests::public_stop_token_cancels_the_kernel_before_any_chunk_is_copied ... ok
2026-10-08T23:34:07.0599808Z test copy_task::tests::revoked_handle_identity_cannot_be_reissued_to_revive_an_old_plan ... ok
2026-10-08T23:34:07.1505583Z test copy_task::tests::stale_denied_oversized_and_destination_exists_remain_distinct ... ok
2026-10-08T23:34:07.1506319Z test deadline_reactor::tests::equal_deadlines_are_key_ordered_and_cancel_is_exact ... ok
2026-10-08T23:34:07.1506947Z test deadline_reactor::tests::full_duplicate_overflow_and_clock_failure_are_distinct ... ok
2026-10-08T23:34:07.1507838Z test deadline_reactor::tests::hosted_monotonic_clock_uses_the_same_zero_duration_contract ... ok
2026-10-08T23:34:07.1521909Z test deadline_reactor::tests::virtual_clock_uses_the_same_arm_wait_and_wake_contract_without_allocation ... ok
2026-10-08T23:34:07.1545726Z test direct_spoken_mask::tests::attached_spoken_output_advertises_the_installed_face_tee ... ok
2026-10-08T23:34:07.1586511Z test direct_spoken_mask::tests::direct_face_artifact_graph_is_an_ordinary_checked_mask ... ok
2026-10-08T23:34:07.1587610Z test direct_spoken_mask::tests::installed_espeak_admits_the_direct_face_mask_without_terminal_attachment ... ignored, requires installed eSpeak NG and data; proves live-provider planning, not audio playback
2026-10-08T23:34:07.1591111Z test direct_spoken_mask_runtime::tests::pre_show_direct_wording_is_an_explicit_bounded_opening ... ok
2026-10-08T23:34:07.1598327Z test distributed_signal::tests::missing_and_stale_observed_links_fail_planning ... ok
2026-10-08T23:34:07.1612962Z test distributed_signal::tests::source_cancellation_releases_in_flight_values_and_rejects_late_acknowledgement ... ok
2026-10-08T23:34:07.1635852Z test distributed_signal::tests::unchanged_plot_prepares_exact_independent_remote_fragments ... ok
2026-10-08T23:34:07.1651599Z test distributed_toggle::physical_light_switch_tests::planned_kernel_emits_off_on_off ... ok
2026-10-08T23:34:07.1665495Z test distributed_toggle::source::tests::complete_trigger_wait_rejects_eof ... ok
2026-10-08T23:34:07.1679262Z test distributed_toggle::source::tests::complete_trigger_wait_rejects_read_error ... ok
2026-10-08T23:34:07.1700800Z test distributed_toggle::source::tests::full_admitted_trigger_sequence_flips_then_closes_exactly ... ok
2026-10-08T23:34:07.1708207Z test distributed_toggle::source::tests::missing_link_binding_fails_toggle_planning ... ok
2026-10-08T23:34:07.1731032Z test distributed_toggle::source::tests::unchanged_toggle_plot_prepares_exact_independent_remote_fragments ... ok
2026-10-08T23:34:07.1737715Z test external_websocket::tests::peer_message_and_shape_limits_fail_explicitly ... ok
2026-10-08T23:34:07.1745645Z test external_websocket::tests::two_actual_clients_exchange_in_order_and_one_survives_the_other_closing ... ok
2026-10-08T23:34:07.1758770Z test flow_activation::tests::each_allocates_nothing_after_receipt_backed_installation ... ok
2026-10-08T23:34:07.1778867Z test flow_activation::tests::each_and_select_execute_with_pressure_terminal_and_cancellation_truth ... ok
2026-10-08T23:34:07.1799364Z test flow_activation::tests::fold_and_scan_execute_from_exact_receipt_backed_children ... ok
2026-10-08T23:34:07.1811573Z test flow_activation::tests::installation_rejects_stale_identity_and_consumed_receipts ... ok
2026-10-08T23:34:07.1814341Z test flow_activation::tests::production_todo_child_factory_refuses_substituted_plan_facts ... ok
2026-10-08T23:34:07.1832182Z test flow_activation::tests::production_todo_scan_preserves_queue_pressure_and_cancellation ... ok
2026-10-08T23:34:07.1859080Z test flow_activation::tests::pure_todo_scan_handoff_preserves_receipts_pressure_and_child_signs ... ok
2026-10-08T23:34:07.1874713Z test flow_activation::tests::pure_todo_scan_handoff_refuses_non_exact_or_effectful_children ... ok
2026-10-08T23:34:07.1896904Z test flow_activation::tests::todo_commands_advance_one_receipt_backed_scan ... ok
2026-10-08T23:34:07.1918998Z test flow_activation::todo_combine::tests::child_step_bound_refuses_a_second_gear_even_when_its_plan_is_sealed ... ok
2026-10-08T23:34:07.2158092Z test flow_activation::todo_combine::tests::exact_todo_child_takes_two_steps_per_item_even_with_output_held ... ok
2026-10-08T23:34:07.2187382Z test flow_activation::todo_scan_offer::tests::authored_todo_selects_exact_production_offer_and_child ... ok
2026-10-08T23:34:07.2395574Z test flow_activation::todo_scan_offer::tests::live_reference_host_does_not_advertise_unplayable_scan ... ok
2026-10-08T23:34:07.2406568Z test flow_activation::todo_scan_offer::tests::offer_refuses_out_of_range_and_distinct_initial_forms ... ok
2026-10-08T23:34:07.2407262Z test host_execution::reporting::tests::terminal_identity_cannot_be_borrowed_from_another_execution ... ok
2026-10-08T23:34:07.2407940Z test hosted_audio::alsa_aplay::tests::exact_pcm_and_continuity_are_validated_before_open ... ok
2026-10-08T23:34:07.2408325Z test hosted_audio::alsa_aplay::tests::wrong_profile_refuses_before_open ... ok
2026-10-08T23:34:07.2409178Z test hosted_audio::discovery::tests::malformed_device_rows_fail_closed ... ok
2026-10-08T23:34:07.2409771Z test hosted_audio::discovery::tests::no_playback_device_is_an_exact_empty_observation_set ... ok
2026-10-08T23:34:07.2410808Z test hosted_audio::discovery::tests::parses_only_exact_playback_device_rows_without_opening ... ok
2026-10-08T23:34:07.2411481Z test hosted_audio::fake::tests::cancellation_closes_exactly_from_each_nonterminal_lifecycle ... ok
2026-10-08T23:34:07.2412081Z test hosted_audio::fake::tests::injected_cleanup_failure_is_not_clean_completion ... ok
2026-10-08T23:34:07.2412823Z test hosted_audio::fake::tests::provider_loss_after_first_block_is_active_pcm_loss ... ok
2026-10-08T23:34:07.2413434Z test hosted_audio::fake::tests::unsupported_representation_rate_and_layout_refuse_before_open ... ok
2026-10-08T23:34:07.2414075Z test hosted_audio::profile_tests::playback_profile_is_reusable_without_claiming_a_device ... ok
2026-10-08T23:34:07.2415531Z test hosted_audio::staged::tests::below_lead_pcm_waits_for_input_close_and_drains_to_selected_sink ... ok
2026-10-08T23:34:07.2490402Z test hosted_audio::staged::tests::full_queue_applies_pressure_without_growing_or_dropping_ordered_pcm ... ok
2026-10-08T23:34:07.2491485Z test hosted_audio::staged::tests::overflowing_source_position_is_refused_before_queueing_pcm ... ok
2026-10-08T23:34:07.2493083Z test hosted_audio::staged::tests::selected_provider_loss_at_drain_is_not_playback_completion ... ok
2026-10-08T23:34:07.2494099Z test hosted_audio::staged::tests::staged_speech_admits_declared_duration_and_refuses_the_next_frame ... ok
2026-10-08T23:34:07.2494927Z test hosted_audio::staged::tests::stop_before_lead_discards_queued_pcm_without_opening_sink ... ok
2026-10-08T23:34:07.2499303Z test hosted_body_conversation_context::tests::line_workload_and_new_wake_replace_current_truth_while_prior_wake_is_stale ... ok
2026-10-08T23:34:07.2502888Z test hosted_body_conversation_context::tests::replacement_is_basis_checked_coalesced_and_loss_is_distinct ... ok
2026-10-08T23:34:07.2508641Z test hosted_body_conversation_context::tests::retained_chat_uses_replacement_host_and_plan_truth_on_the_next_turn ... ok
2026-10-08T23:34:07.2514969Z test hosted_calendar::plan_contract::tests::google_realizations_preserve_every_owner_issued_calendar_front ... ok
2026-10-08T23:34:07.2516843Z test hosted_calendar::tests::all_day_and_recurrence_values_survive_the_provider_request_boundary ... ok
2026-10-08T23:34:07.2517703Z test hosted_calendar::tests::credentials_are_redacted_and_never_enter_request_values ... ok
2026-10-08T23:34:07.2518513Z test hosted_calendar::tests::invitation_authority_failure_is_not_collapsed_into_general_write_denial ... ok
2026-10-08T23:34:07.2519341Z test hosted_calendar::tests::provider_failures_remain_distinct_and_requests_are_bounded ... ok
2026-10-08T23:34:07.2520668Z test hosted_calendar::tests::provider_normalization_cannot_silently_rewrite_time_or_recurrence ... ok
2026-10-08T23:34:07.2523075Z test hosted_calendar::tests::read_free_busy_create_update_and_cancel_are_exact_distinct_exchanges ... ok
2026-10-08T23:34:07.2523679Z test hosted_history::tests::clear_reclaims_capacity_without_restarting_sequence_identity ... ok
2026-10-08T23:34:07.2524287Z test hosted_history::tests::exhausted_sequence_cannot_publish_or_retain_content ... ok
2026-10-08T23:34:07.2524881Z test hosted_history::tests::invalid_resource_and_time_scale_do_not_publish_content ... ok
2026-10-08T23:34:07.2525493Z test hosted_history::tests::item_and_byte_pressure_preserve_prior_content_and_sequence ... ok
2026-10-08T23:34:07.2526251Z test hosted_history::tests::profile_clock_extent_and_version_failures_are_distinct_and_atomic ... ok
2026-10-08T23:34:07.2526885Z test hosted_history::tests::retains_exact_ordered_samples_without_hot_path_allocations ... ok
2026-10-08T23:34:07.2527553Z test hosted_http::release::tests::release_transport_refuses_ambient_or_insecure_sources_before_io ... ok
2026-10-08T23:34:07.2535283Z test hosted_http::tests::listener_refuses_more_than_the_admitted_pending_capacity ... ok
2026-10-08T23:34:07.2540918Z test hosted_http::tests::real_loopback_preserves_status_body_and_correlation ... ok
2026-10-08T23:34:07.2542965Z test hosted_http::tests::unsupported_tls_and_unreachable_provider_are_distinct ... ok
2026-10-08T23:34:07.2543865Z test hosted_language::tests::language_refusals_keep_distinct_finite_host_call_details ... ok
2026-10-08T23:34:07.2547535Z test hosted_local_model::ollama_present::schema::tests::schema_binds_source_identity_and_requires_tagged_claims ... ok
2026-10-08T23:34:07.2555160Z test hosted_local_model::ollama_present::tests::exact_orifina_policy_is_admitted_without_entering_semantic_data ... ok
2026-10-08T23:34:07.2559112Z test hosted_local_model::ollama_present::tests::exported_finite_wording_policy_is_exactly_the_admitted_ollama_policy ... ok
2026-10-08T23:34:07.2567154Z test hosted_local_model::ollama_present::tests::finite_model_choice_retains_raw_output_and_emits_only_face_grounded_wording ... ok
2026-10-08T23:34:07.2580490Z test hosted_local_model::ollama_present::tests::finite_wording_refuses_a_result_before_context_or_body_only_wording ... ok
2026-10-08T23:34:07.2585303Z test hosted_local_model::ollama_present::tests::provider_cannot_invent_an_action_or_change_the_template ... ok
2026-10-08T23:34:07.2588227Z test hosted_local_model::ollama_present::tests::provider_cannot_invent_or_paraphrase_face_wording ... ok
2026-10-08T23:34:07.2592810Z test hosted_local_model::ollama_present::tests::reviewed_policy_and_semantic_data_cross_separate_provider_roles ... ok
2026-10-08T23:34:07.2599754Z test hosted_local_model::ollama_present::tests::spoken_action_itself_produces_one_current_affordance ... ok
2026-10-08T23:34:07.2616355Z test hosted_local_model::ollama_present::tests::stale_invented_and_malformed_model_claims_become_retained_refusals ... ok
2026-10-08T23:34:07.2619302Z test hosted_local_model::ollama_present::tests::valid_face_without_spoken_items_refuses_before_provider ... ok
2026-10-08T23:34:07.2622978Z test hosted_local_model::ollama_stream::tests::incremental_lines_cross_the_boundary_before_completion ... ok
2026-10-08T23:34:07.2629699Z test hosted_local_model::ollama_stream::tests::pressure_cancellation_bounds_and_missing_close_remain_distinct ... ok
2026-10-08T23:34:07.2630442Z test hosted_local_model::ollama_vision::tests::base64_uses_prepared_storage_and_exact_padding ... ok
2026-10-08T23:34:07.2631370Z test hosted_local_model::ollama_vision::tests::request_contains_one_exact_image_and_tentative_context ... ok
2026-10-08T23:34:07.2920608Z test hosted_local_model::tests::all_six_l3_profiles_execute_through_ordinary_plan_and_play ... ok
2026-10-08T23:34:07.2953170Z test hosted_local_model::tests::house_prompt_projection_plans_the_exact_std_realization ... ok
2026-10-08T23:34:07.2980691Z test hosted_local_model::tests::local_model_pool_observation_binds_current_provider_and_resource_truth ... ok
2026-10-08T23:34:07.3027013Z test hosted_local_model::tests::only_initialized_adapter_capabilities_enter_the_host_advertisement ... ok
2026-10-08T23:34:07.3067545Z test hosted_local_model::tests::ordinary_plot_planning_selects_only_the_exact_local_model_offer ... ok
2026-10-08T23:34:07.3514903Z test hosted_local_model::tests::selected_model_and_todo_checkpoint_share_one_host_across_checkpoint_generation ... ok
2026-10-08T23:34:07.3530721Z test hosted_messaging::tests::authority_recipient_attachment_retry_and_provider_failures_stay_distinct ... ok
2026-10-08T23:34:07.3536705Z test hosted_messaging::tests::exact_portable_request_maps_only_to_provider_acknowledged_sent_state ... ok
2026-10-08T23:34:07.3545112Z test hosted_messaging::tests::github_offer_preserves_portable_front_with_exact_resource_and_authority ... ok
2026-10-08T23:34:07.3942785Z test hosted_microphone::tests::authorized_microphone_clip_runs_through_whisper_in_one_plan_play ... ok
2026-10-08T23:34:07.3970058Z test hosted_microphone::tests::cancellation_kills_and_reaps_the_provider ... ok
2026-10-08T23:34:07.3994319Z test hosted_microphone::tests::discovery_overflow_fails_closed ... ok
2026-10-08T23:34:07.4041538Z test hosted_microphone::tests::exact_discovery_selection_and_bounded_capture_produce_a_receipt ... ok
2026-10-08T23:34:07.4043746Z test hosted_microphone::tests::malformed_rows_and_invalid_limits_fail_closed ... ok
2026-10-08T23:34:07.4044455Z test hosted_microphone::tests::parses_exact_capture_rows_and_empty_inventory ... ok
2026-10-08T23:34:07.4046497Z test hosted_microphone::tests::short_capture_fails_closed ... ok
2026-10-08T23:34:07.4048610Z test hosted_microphone::tests::stale_selection_and_oversized_capture_are_distinct ... ok
2026-10-08T23:34:07.4049167Z test hosted_midi::discovery::tests::empty_listing_is_exactly_no_endpoint ... ok
2026-10-08T23:34:07.4049664Z test hosted_midi::discovery::tests::malformed_identity_fails_closed ... ok
2026-10-08T23:34:07.4050571Z test hosted_midi::discovery::tests::parses_exact_ports_but_excludes_alsa_system_services ... ok
2026-10-08T23:34:07.4051209Z test hosted_midi::input::tests::exact_missing_or_wrong_direction_selection_refuses_preparation ... ok
2026-10-08T23:34:07.4053656Z test hosted_midi::input::tests::malformed_clock_capacity_and_cancel_are_distinct ... ok
2026-10-08T23:34:07.4054566Z test hosted_midi::input::tests::nonblocking_pressure_waits_without_consumption_then_observes_loss ... ok
2026-10-08T23:34:07.4055568Z test hosted_midi::input::tests::one_bounded_read_retains_order_and_one_read_timestamp ... ok
2026-10-08T23:34:07.4056875Z test hosted_midi::output::tests::dropping_an_open_session_attempts_all_notes_off_before_close ... ok
2026-10-08T23:34:07.4057584Z test hosted_midi::output::tests::exact_but_missing_raw_device_refuses_during_pre_play_preparation ... ok
2026-10-08T23:34:07.4058178Z test hosted_midi::output::tests::pressure_and_provider_loss_remain_distinct ... ok
2026-10-08T23:34:07.4058875Z test hosted_midi::output::tests::raw_session_writes_exact_messages_and_cleanup_before_close ... ok
2026-10-08T23:34:07.4059527Z test hosted_midi::output_fake::provider_loss_does_not_make_successful_all_notes_off ... ok
2026-10-08T23:34:07.4060345Z test hosted_midi::raw_discovery::tests::duplex_row_becomes_two_exact_directional_observations ... ok
2026-10-08T23:34:07.4062112Z test hosted_midi::raw_discovery::tests::malformed_coordinate_direction_and_capacity_fail_closed ... ok
2026-10-08T23:34:07.4062843Z test hosted_midi::raw_discovery::tests::subdevice_does_not_alias_a_direct_device_node ... ok
2026-10-08T23:34:07.4063650Z test hosted_midi::raw_selection::tests::absent_or_wrong_direction_endpoint_refuses_selection ... ok
2026-10-08T23:34:07.4064507Z test hosted_midi::raw_selection::tests::advertisement_names_raw_backend_and_refuses_unopenable_subdevice ... ok
2026-10-08T23:34:07.4088628Z test hosted_midi::raw_selection::tests::host_construction_advertises_without_opening_the_observed_device ... ok
2026-10-08T23:34:07.4111795Z test hosted_midi::raw_selection::tests::input_host_construction_offers_exact_resource_and_independent_authority ... ok
2026-10-08T23:34:07.4112255Z test hosted_midi::raw_selection::tests::input_host_refuses_output_direction_or_stale_identity ... ok
2026-10-08T23:34:07.4113094Z test hosted_midi::raw_selection::tests::readable_advertisement_is_exact_bounded_and_distinct_from_output ... ok
2026-10-08T23:34:07.4113998Z test hosted_midi::raw_selection::tests::reconnect_requires_a_fresh_generation_scoped_resource_identity ... ok
2026-10-08T23:34:07.4114735Z test hosted_midi::raw_selection::tests::selection_pins_exact_direction_boot_generation_and_coordinates ... ok
2026-10-08T23:34:07.4115128Z test hosted_midi::tests::output_profile_is_reusable_without_claiming_an_endpoint ... ok
2026-10-08T23:34:07.4138851Z test hosted_midi::tests::selection_is_exact_directional_and_boot_scoped ... ok
2026-10-08T23:34:07.4349032Z test hosted_process::stream::tests::cancellation_and_timeout_reap_process_without_successful_eof ... ok
2026-10-08T23:34:08.4372964Z test hosted_process::stream::tests::first_bytes_arrive_before_process_completion_and_consumer_drives_reads ... ok
2026-10-08T23:34:08.4418712Z test hosted_process::stream::tests::stdout_and_stderr_overflow_refuse_completion ... ok
2026-10-08T23:34:08.5163326Z test hosted_process::tests::endless_output_cannot_starve_cancellation ... ok
2026-10-08T23:34:08.5227123Z test hosted_process::tests::output_pressure_retains_bound_and_observes_full_stream ... ok
2026-10-08T23:34:08.5227755Z test hosted_process::tests::oversized_stdin_refuses_before_spawn ... ok
2026-10-08T23:34:08.5228272Z test hosted_process::tests::pipe_failure_invalidates_apparent_success ... ok
2026-10-08T23:34:08.5228849Z test hosted_process::tests::prelaunch_cancellation_does_not_start_a_process ... ok
2026-10-08T23:34:08.5229463Z test hosted_process::tests::retirement_pipe_failure_preserves_the_established_terminal_cause ... ok
2026-10-08T23:34:08.5272412Z test hosted_process::tests::successful_parent_cannot_leave_pipe_readers_hanging ... ok
2026-10-08T23:34:08.6326792Z test hosted_process::tests::timeout_and_cancellation_retire_descendant_held_pipes ... ok
2026-10-08T23:34:08.6369891Z test hosted_process::tests::writes_bounded_stdin_and_clears_environment ... ok
2026-10-08T23:34:08.6569969Z test hosted_speech_recognition::tests::another_artifact_cannot_lend_coverage_and_source_drift_is_distinct ... ok
2026-10-08T23:34:08.6584520Z test hosted_speech_recognition::tests::bare_discovery_and_wrong_language_never_start_the_provider ... ok
2026-10-08T23:34:08.6620375Z test hosted_speech_recognition::tests::exact_provider_emits_canonical_recognition_and_receipt ... ok
2026-10-08T23:34:08.6628986Z test hosted_speech_recognition::tests::profile_bounds_and_cancellation_fail_distinctly ... ok
2026-10-08T23:34:10.6687614Z test hosted_speech_recognition::tests::timeout_kills_provider_and_missing_output_is_failure ... ok
2026-10-08T23:34:10.6688192Z test hosted_speech_synthesis::streaming::tests::process_pcm_budget_failure_keeps_its_work_exhaustion_identity ... ok
2026-10-08T23:34:10.6696446Z test hosted_speech_synthesis::streaming::tests::stream_contract_admits_explicit_total_work_without_changing_single_shot ... ok
2026-10-08T23:34:10.6704313Z test hosted_speech_synthesis::tests::discovery_refuses_symlinks_and_engine_replacement ... ok
2026-10-08T23:34:10.6756186Z test hosted_speech_synthesis::tests::exact_provider_admission_rejects_forged_placement_and_changed_content ... ok
2026-10-08T23:34:10.6756882Z test hosted_speech_synthesis::tests::failures_keep_authority_cancellation_and_capacity_distinct ... ok
2026-10-08T23:34:10.6758429Z test hosted_speech_synthesis::tests::installed_espeak_produces_real_bounded_pcm_from_parameter_like_text ... ignored, requires explicitly selected installed eSpeak NG and English voice data; creates audio bytes but never playback
2026-10-08T23:34:10.6795446Z test hosted_speech_synthesis::tests::retained_provider_accepts_new_offer_generation_but_old_placement_stays_stale ... ok
2026-10-08T23:34:10.6840934Z test hosted_speech_synthesis::tests::selected_voice_needs_exact_artifact_mapping_and_coverage ... ok
2026-10-08T23:34:10.6889178Z test hosted_speech_synthesis::tests::text_is_stdin_only_and_cancelled_request_never_launches ... ok
2026-10-08T23:34:10.6889992Z test hosted_speech_synthesis::tests::wav_requires_exact_bounded_mono_pcm_or_espeak_streaming_header ... ok
2026-10-08T23:34:10.7094707Z test hosted_spoken_output_host::tests::conflicting_resource_cannot_be_adopted_as_selected_playback ... ok
2026-10-08T23:34:10.7342160Z test hosted_spoken_output_host::tests::selected_speaker_attaches_to_existing_host_without_inventing_a_boot ... ok
2026-10-08T23:34:10.7582001Z test hosted_spoken_output_host::tests::stale_speaker_never_changes_the_installed_host_offer ... ok
2026-10-08T23:34:10.7582812Z test hosted_synth::tests::invalid_profile_cannot_become_a_conformance_claim ... ok
2026-10-08T23:34:10.7583413Z test hosted_synth::tests::profile_is_derived_from_validated_plan_sealed_synth_facts ... ok
2026-10-08T23:34:10.7894957Z test hosted_terminal_mask_host::tests::closed_peer_is_never_advertised ... ok
2026-10-08T23:34:10.8141205Z test hosted_terminal_mask_host::tests::lost_attached_peer_retires_its_offers_and_plan_basis ... ok
2026-10-08T23:34:10.8596604Z test hosted_terminal_mask_host::tests::only_a_live_attachment_can_plan_on_the_actual_host_offer ... ok
2026-10-08T23:34:10.8840501Z test hosted_terminal_mask_host::tests::terminal_offer_changes_keep_retained_spoken_resources_current ... ok
2026-10-08T23:34:10.8841911Z test hosted_vector_index::offer::tests::offer_keeps_every_reviewed_backend_fact_outside_the_portable_front ... ok
2026-10-08T23:34:10.8842850Z test hosted_vector_search::tests::one_active_request_refuses_pressure_and_cancel_rejects_late_completion ... ok
2026-10-08T23:34:10.8954017Z test hosted_vision::describe::tests::four_exact_inputs_emit_one_provenance_bearing_impression ... ok
2026-10-08T23:34:10.9043410Z test hosted_vision::experience::tests::five_typed_inputs_become_one_checked_experience ... ok
2026-10-08T23:34:10.9086505Z test hosted_vision::ocr::tests::output_retains_exact_image_and_provider_provenance ... ok
2026-10-08T23:34:10.9090248Z test hosted_vision::tests::exact_generation_resolves_once_and_reuses_one_continuous_observation ... ok
2026-10-08T23:34:10.9101643Z test hosted_vision::tests::object_output_is_typed_and_reuses_the_exact_cached_observation ... ok
2026-10-08T23:34:10.9105450Z test hosted_vision::tests::unknown_generation_and_shape_mismatch_refuse_without_fallback ... ok
2026-10-08T23:34:10.9906024Z test hosted_wav_artifact::tests::bounded_long_artifact_is_incremental_and_unfinished_output_is_not_published ... ok
2026-10-08T23:34:10.9909662Z test hosted_wav_artifact::tests::cancelled_play_releases_reservation_without_publishing_partial ... ok
2026-10-08T23:34:10.9913508Z test hosted_wav_artifact::tests::concurrent_preparations_cannot_reserve_the_same_play_twice ... ok
2026-10-08T23:34:11.0646782Z test hosted_wav_artifact::tests::exact_plays_publish_separately_and_refuse_stale_or_full_pool ... ok
2026-10-08T23:34:11.1503219Z test hosted_wav_artifact::tests::explicitly_admitted_birth_pool_passes_64_and_refuses_its_finite_limit ... ok
2026-10-08T23:34:11.1513787Z test hosted_wav_artifact::tests::explicitly_admitted_birth_pool_refuses_byte_pressure ... ok
2026-10-08T23:34:11.1514958Z test hosted_wav_artifact::tests::malformed_or_unfinished_pcm_never_creates_an_artifact ... ok
2026-10-08T23:34:11.1517167Z test hosted_wav_artifact::tests::stale_quota_lock_withdraws_route_without_removing_evidence ... ok
2026-10-08T23:34:11.1590966Z test image_binding_tests::rebuild_keeps_the_old_plan_bound_to_the_old_boot ... ok
2026-10-08T23:34:11.1620294Z test image_binding_tests::running_std_host_exposes_exact_image_identity_and_truthful_offer_subset ... ok
2026-10-08T23:34:11.1624675Z test installed_std::address_detect_back::tests::exact_inputs_produce_the_same_detection_in_either_arrival_order ... ok
2026-10-08T23:34:11.1626620Z test installed_std::address_detect_back::tests::unaddressed_text_is_an_explicit_value_and_malformed_addresses_refuse ... ok
2026-10-08T23:34:11.1629956Z test installed_std::alife_backs::tests::reordered_tick_and_completion_after_cancel_remain_machine_readable_failures ... ok
2026-10-08T23:34:11.1631858Z test installed_std::alife_backs::tests::value_closure_then_ordered_tick_is_the_only_accepted_lifecycle ... ok
2026-10-08T23:34:11.1632548Z test installed_std::audio_play_back::tests::input_is_serialized_and_close_requests_exact_drain ... ok
2026-10-08T23:34:11.1704867Z test installed_std::audio_stream_budget::tests::duration_counts_consumed_frames_not_absolute_clock_position ... ok
2026-10-08T23:34:11.1705677Z test installed_std::audio_stream_budget::tests::unsupported_profile_is_refused_before_it_can_undercharge_duration ... ok
2026-10-08T23:34:11.1706410Z test installed_std::audio_tone_back::tests::back_declares_the_exact_lowered_terminal_contract ... ok
2026-10-08T23:34:11.1706876Z test installed_std::audio_tone_back::tests::current_frequency_changes_subsequent_contiguous_pcm ... ok
2026-10-08T23:34:11.1707706Z test installed_std::audio_tone_back::tests::every_checked_frequency_encoding_crosses_the_back_boundary ... ok
2026-10-08T23:34:11.1712855Z test installed_std::body_chat_prompt_back::tests::installed_prompt_host_owns_bounded_history_across_stateless_model_requests ... ok
2026-10-08T23:34:11.1713458Z test installed_std::body_conversation_context_back::tests::current_source_requests_each_replacement_and_never_completes_after_first_value ... ok
2026-10-08T23:34:11.2080221Z test installed_std::body_kernel::activation_binding_tests::authored_todo_prepares_typed_body_fore_with_exact_preloaded_gate ... ok
2026-10-08T23:34:11.2085679Z test installed_std::body_kernel::activation_binding_tests::installed_body_preparation_retains_exact_todo_scan_entry ... ok
2026-10-08T23:34:11.2275645Z test installed_std::body_kernel::activation_binding_tests::internal_preloaded_todo_body_cancels_after_first_delivery ... ok
2026-10-08T23:34:11.2838715Z test installed_std::body_kernel::activation_binding_tests::internal_preloaded_todo_body_play_delivers_before_complete_with_child_signs ... ok
2026-10-08T23:34:11.4731605Z test installed_std::body_kernel::activation_binding_tests::scoped_std_host_runs_public_preloaded_todo_body_with_correlated_child_signs ... ok
2026-10-08T23:34:11.5011440Z test installed_std::body_kernel::activation_binding_tests::scoped_todo_host_refuses_preloaded_inputs_above_selected_bound_before_play ... ok
2026-10-08T23:34:11.5012254Z test installed_std::body_kernel::clock_observation::tests::captures_each_new_event_once_and_refuses_changed_or_regressed_basis ... ok
2026-10-08T23:34:11.5013146Z test installed_std::body_kernel::clock_observation::tests::wrong_boot_never_enters_host_observations ... ok
2026-10-08T23:34:11.5013779Z test installed_std::body_kernel::fore_route::tests::unplanned_sequence_refuses_in_fore_preparation ... ok
2026-10-08T23:34:11.5014455Z test installed_std::body_kernel::fore_route::tests::unplanned_value_refuses_in_fore_preparation ... ok
2026-10-08T23:34:11.5267879Z test installed_std::body_kernel::live_fore_tests::cancellation_reports_staged_command_not_admitted_to_kernel ... ok
2026-10-08T23:34:11.5522275Z test installed_std::body_kernel::live_fore_tests::later_typed_actions_share_one_live_body_play_until_explicit_close ... ok
2026-10-08T23:34:11.5771195Z test installed_std::body_kernel::live_fore_tests::stop_wakes_idle_live_body_without_synthetic_close ... ok
2026-10-08T23:34:11.5773988Z test installed_std::body_kernel::scan_route::tests::fixture_scan_owner_is_not_a_production_offer ... ok
2026-10-08T23:34:11.5775104Z test installed_std::combine_latest_back::tests::closed_inventory_preserves_both_all_close_contracts ... ok
2026-10-08T23:34:11.5776527Z test installed_std::combine_latest_back::tests::early_close_retains_latest_and_last_close_completes ... ok
2026-10-08T23:34:11.5777557Z test installed_std::combine_latest_back::tests::waits_for_initialization_then_emits_each_replacement_with_retained_peer ... ok
2026-10-08T23:34:11.5778326Z test installed_std::distance_frequency_back::tests::descending_theremin_range_reaches_both_exact_endpoints ... ok
2026-10-08T23:34:11.5779047Z test installed_std::distance_frequency_back::tests::exact_bounds_map_to_exact_bounded_frequency_payloads ... ok
2026-10-08T23:34:11.5779744Z test installed_std::external_fore_feeder::tests::full_retries_same_value_and_sequence_then_closes_once ... ok
2026-10-08T23:34:11.5800753Z test installed_std::external_fore_feeder::tests::live_queue_retains_full_value_then_closes_once_after_drain ... ok
2026-10-08T23:34:11.5801994Z test installed_std::external_fore_feeder::tests::sixty_four_values_fit_the_finite_fore_envelope_and_sixty_five_refuse ... ok
2026-10-08T23:34:11.5804117Z test installed_std::flow_collect_back::tests::exact_offer_prepares_the_shared_back_and_finite_budget ... ok
2026-10-08T23:34:11.5806428Z test installed_std::flow_collect_back::tests::preparation_refuses_identity_law_and_bound_drift ... ok
2026-10-08T23:34:11.5807135Z test installed_std::flow_first_back::tests::both_normal_closures_complete_without_winner_or_cancellation ... ok
2026-10-08T23:34:11.5807722Z test installed_std::flow_first_back::tests::left_and_right_winners_emit_once_and_cancel_only_the_loser ... ok
2026-10-08T23:34:11.5808397Z test installed_std::flow_first_back::tests::simultaneous_values_choose_left_and_discard_right_deterministically ... ok
2026-10-08T23:34:11.5809168Z test installed_std::flow_gate_back::tests::gate_cancellation_clears_pending_decode_and_update_bound_fails_closed ... ok
2026-10-08T23:34:11.5809945Z test installed_std::flow_gate_back::tests::gate_defaults_closed_then_tracks_exact_false_and_true_completions ... ok
2026-10-08T23:34:11.5810762Z test installed_std::flow_gate_back::tests::gate_waits_for_both_closures_and_bool_codec_rejects_noncanonical_bytes ... ok
2026-10-08T23:34:11.5811329Z test installed_std::flow_join_by_key_back::tests::closed_inventory_preserves_both_all_close_profiles ... ok
2026-10-08T23:34:11.5814787Z test installed_std::flow_join_by_key_back::tests::duplicate_keys_pair_oldest_with_oldest ... ok
2026-10-08T23:34:11.5817030Z test installed_std::flow_join_by_key_back::tests::early_close_discards_impossible_side_but_retains_matchable_side ... ok
2026-10-08T23:34:11.5818741Z test installed_std::flow_join_by_key_back::tests::full_unmatched_side_backpressures_without_eviction ... ok
2026-10-08T23:34:11.5820796Z test installed_std::flow_join_by_key_back::tests::opposite_arrival_completes_one_exact_join ... ok
2026-10-08T23:34:11.5821595Z test installed_std::flow_pressure_backs::tests::flow_pressure_operation_passes_values_and_closure ... ok
2026-10-08T23:34:11.6082798Z test installed_std::flow_pressure_plot_tests::scalar_source_can_use_coalesce_latest_as_a_continuous_std_plot ... ok
2026-10-08T23:34:11.6083541Z test installed_std::flow_state_backs::tests::latest_replaces_one_retained_value_and_releases_on_close ... ok
2026-10-08T23:34:11.6084246Z test installed_std::flow_state_backs::tests::tee_exposes_both_outputs_in_one_operation_transaction ... ok
2026-10-08T23:34:11.6084920Z test installed_std::flow_zip_back::tests::closed_installed_inventory_preserves_both_terminal_contracts ... ok
2026-10-08T23:34:11.6085595Z test installed_std::generated_speech_commit_back::tests::cancellation_discards_pending_unsaid_text ... ok
2026-10-08T23:34:11.6086359Z test installed_std::generated_speech_commit_back::tests::closing_completion_retains_input_until_its_explicit_discard_commits ... ok
2026-10-08T23:34:11.6087162Z test installed_std::generated_speech_commit_back::tests::stable_boundaries_flow_in_order_and_close_flushes_the_tail ... ok
2026-10-08T23:34:11.6093074Z test installed_std::house_prompt_back::tests::either_input_order_emits_only_after_both_canonical_values ... ok
2026-10-08T23:34:11.6096114Z test installed_std::house_prompt_back::tests::not_addressed_refuses_after_context_without_output ... ok
2026-10-08T23:34:11.6102452Z test installed_std::http::tests::installed_http_realizations_preserve_owner_issued_fronts ... ok
2026-10-08T23:34:11.6108980Z test installed_std::image_text_back::tests::host_composes_after_either_exact_input_order ... ok
2026-10-08T23:34:11.6110028Z test installed_std::image_text_back::tests::malformed_inputs_refuse_without_manufacturing_a_record ... ok
2026-10-08T23:34:11.6114302Z test installed_std::image_text_record_back::tests::adapter_emits_the_shared_exact_typed_record_value ... ok
2026-10-08T23:34:11.6116996Z test installed_std::image_text_record_back::tests::adapter_rejects_malformed_exact_type_payload ... ok
2026-10-08T23:34:11.6117720Z test installed_std::input_semantic_backs::tests::cancellation_clears_one_pending_semantic_request_without_a_duplicate ... ok
2026-10-08T23:34:11.6118592Z test installed_std::input_semantic_backs::tests::host_semantics_share_the_core_state_machine_and_refuse_malformed_input ... ok
2026-10-08T23:34:11.6119090Z test installed_std::instrument_map_back::tests::admitted_event_bound_fails_closed_before_consuming_more_input ... ok
2026-10-08T23:34:11.6121914Z test installed_std::instrument_map_back::tests::eight_buttons_map_to_portable_frequencies_and_preserve_identity_and_time ... ok
2026-10-08T23:34:11.6130074Z test installed_std::instrument_map_back::tests::factory_accepts_only_the_exact_planned_offer_and_structured_mapping ... ok
2026-10-08T23:34:11.6130857Z test installed_std::instrument_map_back::tests::invalid_indices_values_and_occurrences_are_refused ... ok
2026-10-08T23:34:11.6131820Z test installed_std::instrument_map_back::tests::operation_waits_for_pressure_release_and_only_closes_when_idle ... ok
2026-10-08T23:34:11.6134522Z test installed_std::instrument_map_back::tests::sustain_modulation_and_expression_use_the_distinct_control_port ... ok
2026-10-08T23:34:11.6135259Z test installed_std::instrument_map_back::tests::wrong_profile_and_malformed_canonical_input_fail_closed ... ok
2026-10-08T23:34:11.6408008Z test installed_std::json_backs::collection_tests::todo_add_toggle_remove_execute_composed_plots_through_production_kernel ... ok
2026-10-08T23:34:11.6504693Z test installed_std::json_backs::collection_tests::todo_unknown_index_refuses_without_emitting_a_success_snapshot ... ok
2026-10-08T23:34:11.6688528Z test installed_std::json_backs::summary_tests::todo_restore_decodes_the_actual_edited_snapshot_before_counting ... ok
2026-10-08T23:34:11.6950299Z test installed_std::json_backs::summary_tests::todo_restore_refuses_corrupt_or_invalid_snapshot_content ... ok
2026-10-08T23:34:11.7229667Z test installed_std::json_backs::summary_tests::todo_summary_counts_remaining_and_completed_after_kernel_edits ... ok
2026-10-08T23:34:11.7413224Z test installed_std::json_backs::summary_tests::todo_summary_refuses_missing_or_non_boolean_completion ... ok
2026-10-08T23:34:11.7424728Z test installed_std::kernel_preparation::tests::generic_tables_retain_lowered_remote_cord_endpoints ... ok
2026-10-08T23:34:11.7425504Z test installed_std::keyboard_input_back::button::tests::malformed_failure_and_late_completion_remain_distinct ... ok
2026-10-08T23:34:11.7427320Z test installed_std::keyboard_input_back::button::tests::transitions_continue_in_one_play_until_explicit_stop ... ok
2026-10-08T23:34:11.7428037Z test installed_std::local_model_back::tests::streaming_operation_pulls_one_chunk_only_after_prior_delivery ... ok
2026-10-08T23:34:11.7428725Z test installed_std::local_vision_back::tests::operation_can_process_repeated_current_images_and_close ... ok
2026-10-08T23:34:11.7429340Z test installed_std::logic_backs::tests::cancellation_clears_all_operation_owned_decision_state ... ok
2026-10-08T23:34:11.7430048Z test installed_std::logic_backs::tests::compare_implements_the_complete_finite_operator_set_at_scalar_boundaries ... ok
2026-10-08T23:34:11.7431099Z test installed_std::logic_backs::tests::not_rejects_noncanonical_bool_and_closure_releases_both_prepared_decisions ... ok
2026-10-08T23:34:11.7431868Z test installed_std::logic_backs::tests::select_retains_unknown_candidates_then_transfers_only_the_selected_identity ... ok
2026-10-08T23:34:11.7432776Z test installed_std::logic_backs::tests::select_unknown_selector_closure_releases_both_retained_candidates_atomically ... ok
2026-10-08T23:34:11.7433505Z test installed_std::math_backs::tests::cancellation_clears_pending_transform_without_inventing_output ... ok
2026-10-08T23:34:11.7434194Z test installed_std::math_backs::tests::operation_requires_one_exact_completion_and_closure_is_terminal ... ok
2026-10-08T23:34:11.7434929Z test installed_std::math_backs::tests::quantity_completion_checks_output_bound_and_preserves_failure_detail ... ok
2026-10-08T23:34:11.7435595Z test installed_std::math_backs::tests::transform_vectors_match_the_portable_no_std_semantics ... ok
2026-10-08T23:34:11.7436264Z test installed_std::midi_input_back::tests::overlap_retrigger_velocity_zero_and_order_are_deterministic ... ok
2026-10-08T23:34:11.7436947Z test installed_std::midi_input_back::tests::sustain_modulation_and_pitch_bend_use_the_control_port ... ok
2026-10-08T23:34:11.7437654Z test installed_std::midi_input_back::tests::unsupported_protocol_observation_and_cancellation_fail_closed ... ok
2026-10-08T23:34:11.7438369Z test installed_std::midi_output_back::tests::exact_portable_events_cross_the_bounded_host_boundary_in_order ... ok
2026-10-08T23:34:11.7439553Z test installed_std::midi_output_back::tests::provider_loss_remains_a_host_failure ... ok
2026-10-08T23:34:11.7440195Z test installed_std::midi_output_back::tests::scheduler_operation_keeps_note_and_control_bindings_distinct ... ok
2026-10-08T23:34:11.7441478Z test installed_std::midi_output_back::tests::stale_authority_and_unrepresentable_pitch_fail_closed ... ok
2026-10-08T23:34:11.7442226Z test installed_std::model_host::tests::malformed_structure_and_provider_loss_keep_distinct_machine_details ... ok
2026-10-08T23:34:11.7442987Z test installed_std::model_work_host::tests::provider_loss_and_malformed_input_remain_distinct ... ok
2026-10-08T23:34:11.7443655Z test installed_std::pacing_backs::tests::delay_retains_finite_values_and_drains_them_in_order_after_close ... ok
2026-10-08T23:34:11.7444387Z test installed_std::pacing_backs::tests::leading_throttle_drops_during_interval_and_cancels_exact_timer_on_close ... ok
2026-10-08T23:34:11.7445094Z test installed_std::pacing_backs::tests::leading_throttle_reopens_only_after_correlated_completion ... ok
2026-10-08T23:34:11.7445841Z test installed_std::pcm_profile_conversion_back::tests::malformed_wrong_profile_and_discontinuity_fail_before_state_moves ... ok
2026-10-08T23:34:11.7446600Z test installed_std::pcm_profile_conversion_back::tests::rational_mapping_is_contiguous_across_source_blocks ... ok
2026-10-08T23:34:11.7766692Z test installed_std::preparation::body_workload_tests::body_time_qualified_plan_requires_ready_monotonic_correlation_before_execution ... ok
2026-10-08T23:34:11.8056119Z test installed_std::preparation::body_workload_tests::body_time_qualified_play_fails_when_local_clock_disappears ... ok
2026-10-08T23:34:11.8459143Z test installed_std::preparation::body_workload_tests::cancellation::pending_keyboard_cancellation_releases_the_whole_workload_for_another_play ... ok
2026-10-08T23:34:11.8459889Z test installed_std::preparation::body_workload_tests::cancellation::release_failure_retains_the_original_pre_play_refusal ... ok
2026-10-08T23:34:11.8824116Z test installed_std::preparation::body_workload_tests::canonical_button_clock_and_telegraph_share_admission_and_one_installed_kernel ... ok
2026-10-08T23:34:11.9389136Z test installed_std::preparation::body_workload_tests::production_body_entry_executes_and_preserves_failed_and_refused_outcomes ... ok
2026-10-08T23:34:11.9629924Z test installed_std::preparation::tests::real_partition_operations_use_global_slots_and_original_placement_identity ... ok
2026-10-08T23:34:11.9865891Z test installed_std::preparation::tests::two_real_clock_partitions_remain_live_then_stop_through_the_shared_kernel_installation ... ok
2026-10-08T23:34:12.0085448Z test installed_std::preparation::tests::wrong_partition_and_out_of_range_nodes_refuse_before_value_preparation ... ok
2026-10-08T23:34:12.0086384Z test installed_std::pulse_observation_back::tests::closure_requires_no_minimum_count_and_refuses_late_values ... ok
2026-10-08T23:34:12.0087453Z test installed_std::pulse_observation_back::tests::factory_checks_exact_identity_and_needs_no_lifetime_output_allocation ... ok
2026-10-08T23:34:12.0090977Z test installed_std::pulse_observation_back::tests::kernel::installed_pulse_stream_runs_in_production_kernel_with_capacity_one_cords ... ok
2026-10-08T23:34:12.0091927Z test installed_std::pulse_observation_back::tests::malformed_order_and_cancel_have_distinct_terminal_details ... ok
2026-10-08T23:34:12.0165571Z test installed_std::pulse_observation_back::tests::plot::reusable_pulse_plot_plans_and_executes_outside_choir ... ok
2026-10-08T23:34:12.0166363Z test installed_std::quantity_mapping::tests::host_encoding_preserves_quantity_unit_and_distinct_refusals ... ok
2026-10-08T23:34:12.0167863Z test installed_std::recognized_turn_commit_back::tests::only_tongues_committed_recognition_emits_a_body_turn ... ok
2026-10-08T23:34:12.0177173Z test installed_std::recorded_speech_back::tests::recorded_fixture_realization_preserves_owner_issued_front ... ok
2026-10-08T23:34:12.0178000Z test installed_std::remote_fragment_kernel::terminal_tests::remote_abnormal_truth_must_inhabit_the_exact_planned_kind_and_bound ... ok
2026-10-08T23:34:12.0178830Z test installed_std::rhythm_compare_back::tests::exact_ports_request_admitted_host_calls_without_retaining_inputs ... ok
2026-10-08T23:34:12.0179556Z test installed_std::rhythm_compare_back::tests::oversized_value_and_wrong_completion_fail_closed ... ok
2026-10-08T23:34:12.0180304Z test installed_std::rhythm_compare_back::tests::performance_close_drains_missed_feedback_before_exact_completion ... ok
2026-10-08T23:34:12.0183309Z test installed_std::rhythm_compare_host::tests::exact_vectors_report_early_late_recovery_and_deliberate_displacement ... ok
2026-10-08T23:34:12.0185024Z test installed_std::rhythm_compare_host::tests::malformed_identity_and_finite_capacity_refuse_without_output ... ok
2026-10-08T23:34:12.0186943Z test installed_std::rhythm_compare_host::tests::note_off_is_ignored_and_drain_emits_each_missed_beat ... ok
2026-10-08T23:34:12.0187668Z test installed_std::simple_presentation_host::tests::text_output_retains_its_exact_wire_marker_and_human_line ... ok
2026-10-08T23:34:12.0188445Z test installed_std::simple_presentation_host::tests::unsupported_and_malformed_inputs_never_write_success_output ... ok
2026-10-08T23:34:12.0190306Z test installed_std::speech_recognition_adapter_back::tests::browser_shaped_pcm_normalizes_to_one_canonical_whisper_clip ... ok
2026-10-08T23:34:12.0190920Z test installed_std::speech_synthesis_back::tests::fake_provider_emits_three_canonical_contiguous_profile_blocks ... ok
2026-10-08T23:34:12.0191732Z test installed_std::speech_synthesis_back::tests::operation_pulls_one_block_only_after_each_emit_commits ... ok
2026-10-08T23:34:12.0192377Z test installed_std::speech_synthesis_back::tests::operation_refuses_a_provider_block_beyond_the_admitted_count ... ok
2026-10-08T23:34:12.0193124Z test installed_std::speech_synthesis_back::tests::streaming_operation_synthesizes_ordered_segments_until_input_closes ... ok
2026-10-08T23:34:12.0193791Z test installed_std::spoken_mask_backs::tee_tests::long_face_needs_its_admitted_cord_and_never_panics_on_pressure ... ok
2026-10-08T23:34:12.0194375Z test installed_std::state_select_back::tests::emits_canonical_current_values_without_retaining_input_references ... ok
2026-10-08T23:34:12.0223371Z test installed_std::streaming_speech_tests::external_value_is_not_an_implicit_closing_flow ... ok
2026-10-08T23:34:12.0224813Z test installed_std::streaming_speech_tests::installed_espeak_narrates_a_chapter_through_incremental_plan_and_play ... ignored, requires installed eSpeak NG and data; produces a substantive real WAV, no playback/model inference
2026-10-08T23:34:12.0249697Z test installed_std::streaming_speech_tests::text_flow_enters_canonical_committed_segments_with_explicit_work_limits ... ok
2026-10-08T23:34:12.0250608Z test installed_std::synth_render::tests::clock_origin_global_order_and_render_continuity_are_exact ... ok
2026-10-08T23:34:12.0252449Z test installed_std::synth_render::tests::event_inside_a_block_starts_at_its_exact_sample_offset ... ok
2026-10-08T23:34:12.0253975Z test installed_std::synth_render::tests::exact_render_demand_applies_queued_events_at_sample_offsets ... ok
2026-10-08T23:34:12.0254668Z test installed_std::text_backs_tests::text_transforms_reject_invalid_utf8_and_combined_overflow ... ok
2026-10-08T23:34:12.0255337Z test installed_std::text_backs_tests::text_transforms_reuse_the_preallocated_adapter_buffer ... ok
2026-10-08T23:34:12.0255935Z test installed_std::tick_backs::tests::cancelled_tick_rejects_a_late_timer_completion ... ok
2026-10-08T23:34:12.0256575Z test installed_std::tick_backs::tests::recurring_every_rearms_fixed_storage_past_tick_four ... ok
2026-10-08T23:34:12.0257307Z test installed_std::timing_backs::tests::armed_deadline_ignores_input_close_and_emits_request_only_after_completion ... ok
2026-10-08T23:34:12.0258046Z test installed_std::timing_backs::tests::deadline_close_before_arm_completes_without_request ... ok
2026-10-08T23:34:12.0258487Z test installed_std::timing_backs::tests::debounce_burst_resets_exact_request_and_flushes_pending_value_on_close ... ok
2026-10-08T23:34:12.0259139Z test installed_std::timing_backs::tests::timeout_distinguishes_expiry_recovery_reset_and_terminal_cancellation ... ok
2026-10-08T23:34:12.0259790Z test installed_std::todo_combine_back::tests::production_catalog_prepares_exact_todo_combine ... ok
2026-10-08T23:34:12.0260452Z test installed_std::todo_combine_back::tests::production_preparation_refuses_identity_drift ... ok
2026-10-08T23:34:12.0261135Z test installed_std::toggle_back::tests::emits_exact_initial_value_then_alternates_until_input_closes ... ok
2026-10-08T23:34:12.0261847Z test installed_std::toggle_back::tests::stages_initial_delivery_before_input_and_refuses_malformed_ticks ... ok
2026-10-08T23:34:12.0263624Z test installed_std::typed_record_back::tests::all_four_hosts_round_trip_exact_text_without_growing_buffers ... ok
2026-10-08T23:34:12.0264690Z test installed_std::typed_record_back::tests::text_decoder_refuses_a_quantity_record ... ok
2026-10-08T23:34:12.0265178Z test installed_std::vector_search_host::tests::provider_loss_and_malformed_input_remain_distinct ... ok
2026-10-08T23:34:12.0265711Z test installed_std::vision_describe_back::tests::early_provider_output_and_missing_final_output_fail_closed ... ok
2026-10-08T23:34:12.0266534Z test installed_std::vision_describe_back::tests::four_exact_inputs_complete_one_impression_without_early_output ... ok
2026-10-08T23:34:12.0267051Z test installed_std::vision_experience_back::tests::five_inputs_complete_exactly_once ... ok
2026-10-08T23:34:12.0739499Z test installed_std::wav_artifact_back::budget_tests::sparse_speech_pipeline_retains_host_inputs_for_entire_long_stream ... ok
2026-10-08T23:34:12.2721706Z test installed_std_tests::audio_playback_conformance::busy_open_underrun_provider_loss_and_drain_remain_distinct ... ok
2026-10-08T23:34:12.2989290Z test installed_std_tests::audio_playback_conformance::cancellation_before_open_never_commits_pcm_and_closes_the_session ... ok
2026-10-08T23:34:12.3235234Z test installed_std_tests::audio_playback_conformance::discovery_offer_without_independent_authority_refuses_planning ... ok
2026-10-08T23:34:12.3650385Z test installed_std_tests::audio_playback_conformance::exact_grant_and_resource_run_bounded_specimen_through_production_kernel ... ok
2026-10-08T23:34:12.3976478Z test installed_std_tests::audio_playback_conformance::speech_conversion_feeds_the_selected_playback_base_through_plan_and_play ... ok
2026-10-08T23:34:12.4225378Z test installed_std_tests::audio_playback_conformance::stale_selection_and_wrong_grant_fail_before_play ... ok
2026-10-08T23:34:12.4490762Z test installed_std_tests::authored_tone_cancellation_routes_exact_observed_terminal_truth ... ok
2026-10-08T23:34:12.5014774Z test installed_std_tests::body_causal_evidence_conformance::production_timer_observes_retained_events_on_exact_host_boot_and_basis ... ok
2026-10-08T23:34:12.5277876Z test installed_std_tests::body_causal_evidence_conformance::real_body_failure_correlates_typed_terminal_with_exact_execution_evidence ... ok
2026-10-08T23:34:12.5544744Z test installed_std_tests::body_causal_evidence_conformance::real_body_recovery_retains_exact_execution_evidence_without_a_semantic_terminal ... ok
2026-10-08T23:34:12.5807989Z test installed_std_tests::bool_presentation_conformance::current_booleans_manifest_through_the_admitted_std_operation ... ok
2026-10-08T23:34:12.6058522Z test installed_std_tests::bool_presentation_conformance::mutated_std_presenter_identity_refuses_before_play ... ok
2026-10-08T23:34:12.6839310Z test installed_std_tests::calendar_proposal_conformance::checked_calendar_request_prepares_then_emits_three_inert_candidates ... ok
2026-10-08T23:34:12.9476975Z test installed_std_tests::calendar_proposal_conformance::stale_missing_and_over_profile_calendar_requests_refuse_before_play ... ok
2026-10-08T23:34:12.9771143Z test installed_std_tests::calendar_provider_conformance::authorized_create_update_and_cancel_chain_exact_receipts_through_plan_and_play ... ok
2026-10-08T23:34:13.0302491Z test installed_std_tests::calendar_provider_conformance::read_and_free_busy_use_distinct_authority_through_plan_and_play ... ok
2026-10-08T23:34:13.0649273Z test installed_std_tests::canonical_clock_has_zero_successful_post_play_start_allocations ... ok
2026-10-08T23:34:13.0879891Z test installed_std_tests::canonical_greet_has_zero_successful_post_play_start_allocations ... ok
2026-10-08T23:34:13.1117451Z test installed_std_tests::canonical_state_count_executes_current_values_with_bounded_sign ... ok
2026-10-08T23:34:13.1339658Z test installed_std_tests::canonical_text_pipeline_has_zero_successful_post_play_start_allocations ... ok
2026-10-08T23:34:13.1601116Z test installed_std_tests::current_frequency_drives_bounded_pcm_through_one_ordinary_play ... ok
2026-10-08T23:34:13.1911461Z test installed_std_tests::data_text_conformance::fifth_publication_is_one_exact_recovered_typed_terminal ... ok
2026-10-08T23:34:13.2188265Z test installed_std_tests::data_text_conformance::text_save_then_load_uses_one_shared_pool_and_no_play_allocations ... ok
2026-10-08T23:34:13.5431986Z test installed_std_tests::every_text_presentation_executable_identity_mutation_fails_before_output ... ok
2026-10-08T23:34:13.6569183Z test installed_std_tests::external_fore_conformance::finite_sequence_uses_one_sealed_flow_and_delivers_in_order_under_capacity_one ... ok
2026-10-08T23:34:13.6840291Z test installed_std_tests::external_fore_conformance::one_external_fore_payload_is_delivered_to_every_sealed_internal_branch ... ok
2026-10-08T23:34:13.7080617Z test installed_std_tests::external_fore_conformance::ordinary_open_plot_runs_through_sealed_fore_and_observed_terminal ... ok
2026-10-08T23:34:13.7313381Z test installed_std_tests::final_normalized_pattern_conformance::final_pattern_adapter_is_reused_for_calibration_revisions ... ok
2026-10-08T23:34:13.7566718Z test installed_std_tests::gate_conformance::gate_zero_capacity_and_mutated_decoder_identity_fail_before_play ... ok
2026-10-08T23:34:13.7816093Z test installed_std_tests::gate_conformance::latest_tee_and_gate_run_together_with_closed_open_closed_and_uneven_pressure ... ok
2026-10-08T23:34:13.8091703Z test installed_std_tests::graphics_conformance::ordinary_presentation_back_lowers_through_multiple_graphics_kinds ... ok
2026-10-08T23:34:13.8579605Z test installed_std_tests::image_text_conformance::authored_image_text_plans_an_exact_remote_framed_record_session ... ok
2026-10-08T23:34:13.8857248Z test installed_std_tests::image_text_conformance::authored_image_text_runs_through_planner_and_production_kernel ... ok
2026-10-08T23:34:13.9120514Z test installed_std_tests::input_semantics_conformance::keymap_text_flows_directly_into_text_upper_without_an_adapter ... ok
2026-10-08T23:34:13.9390141Z test installed_std_tests::input_semantics_conformance::ordinary_plot_splits_text_and_chords_through_the_production_kernel ... ok
2026-10-08T23:34:13.9431838Z test installed_std_tests::input_semantics_conformance::unsupported_layout_and_cross_plane_wiring_refuse_before_play ... ok
2026-10-08T23:34:14.0233899Z test installed_std_tests::instrument_conformance::ordinary_plot_runs_midi_synth_and_playback_through_one_kernel ... ok
2026-10-08T23:34:14.0473393Z test installed_std_tests::instrument_conformance::render_clock_requires_fresh_current_resource_truth ... ok
2026-10-08T23:34:14.0723045Z test installed_std_tests::invalid_utf8_fails_before_a_successful_text_presentation ... ok
2026-10-08T23:34:14.0766274Z test installed_std_tests::json_conformance::json_is_an_explicit_composition_family ... ok
2026-10-08T23:34:14.1033315Z test installed_std_tests::json_conformance::ordinary_plot_runs_shared_bounded_json_through_the_production_kernel ... ok
2026-10-08T23:34:14.1313433Z test installed_std_tests::layout_conformance::representative_shell_and_front_execute_as_one_ordinary_plot ... ok
2026-10-08T23:34:14.2133844Z test installed_std_tests::local_vision_conformance::authored_motion_runs_through_protected_finite_base_and_production_kernel ... ok
2026-10-08T23:34:14.3127510Z test installed_std_tests::local_vision_conformance::authored_objects_run_through_protected_finite_base_and_production_kernel ... ok
2026-10-08T23:34:14.4056279Z test installed_std_tests::local_vision_conformance::authored_ocr_runs_through_exact_provider_and_production_kernel ... ok
2026-10-08T23:34:14.5630871Z test installed_std_tests::local_vision_description_conformance::authored_description_and_experience_join_through_one_production_play ... ok
2026-10-08T23:34:14.5875043Z test installed_std_tests::logic_conformance::compare_not_and_select_plan_and_execute_together_through_the_production_kernel ... ok
2026-10-08T23:34:14.6110168Z test installed_std_tests::logic_conformance::mutated_logic_implementation_fails_before_play ... ok
2026-10-08T23:34:14.6160169Z test installed_std_tests::logic_conformance::unsupported_operator_and_incompatible_select_branch_fail_as_authored_plots ... ok
2026-10-08T23:34:14.6709861Z test installed_std_tests::math_conformance::authored_quantity_plots_execute_and_present_through_the_production_kernel ... ok
2026-10-08T23:34:14.6979468Z test installed_std_tests::math_conformance::deadband_scale_and_clamp_execute_together_through_the_production_kernel ... ok
2026-10-08T23:34:14.7503786Z test installed_std_tests::math_conformance::invalid_clamp_and_mutated_math_implementation_refuse_before_play ... ok
2026-10-08T23:34:14.7751852Z test installed_std_tests::math_conformance::quantity_mapping_completes_one_admitted_kernel_request ... ok
2026-10-08T23:34:14.8253129Z test installed_std_tests::math_conformance::quantity_range_and_quantization_refusals_reach_the_production_kernel ... ok
2026-10-08T23:34:14.8754439Z test installed_std_tests::math_conformance::quantity_refusals_do_not_make_a_connected_presentation ... ok
2026-10-08T23:34:14.8825960Z test installed_std_tests::midi_input_conformance::authored_input_reaches_portable_ports_and_output_through_one_kernel ... ok
2026-10-08T23:34:14.8894277Z test installed_std_tests::midi_input_conformance::provider_loss_with_an_active_note_fails_the_semantic_run ... ok
2026-10-08T23:34:14.8943379Z test installed_std_tests::midi_output_conformance::missing_typed_authority_refuses_before_play ... ok
2026-10-08T23:34:14.9008597Z test installed_std_tests::midi_output_conformance::planned_portable_performance_runs_through_the_production_kernel ... ok
2026-10-08T23:34:14.9072351Z test installed_std_tests::midi_output_conformance::stop_before_first_event_closes_with_only_all_notes_off ... ok
2026-10-08T23:34:14.9323827Z test installed_std_tests::mutated_tick_executable_identity_fails_before_any_wait ... ok
2026-10-08T23:34:14.9560907Z test installed_std_tests::mutated_typed_tee_identity_fails_before_play ... ok
2026-10-08T23:34:15.0003224Z test installed_std_tests::navigation_conformance::portable_navigation_executes_as_one_bounded_production_play ... ok
2026-10-08T23:34:15.0412812Z test installed_std_tests::pattern_comparison_conformance::reusable_pattern_comparison_executes_with_explicit_policy_through_one_play ... ok
2026-10-08T23:34:15.0685403Z test installed_std_tests::presentation_composition::ordinary_plot_executes_the_canonical_composition_family ... ok
2026-10-08T23:34:15.0945926Z test installed_std_tests::pure_expression_conformance::anonymous_record_and_tuple_plan_and_play_through_the_std_host ... ok
2026-10-08T23:34:15.1173312Z test installed_std_tests::pure_expression_conformance::fixed_integer_expression_plans_and_plays_through_the_std_host ... ok
2026-10-08T23:34:15.1646959Z test installed_std_tests::pure_expression_conformance::one_value_when_plans_and_plays_as_exact_some_or_none_through_the_std_host ... ok
2026-10-08T23:34:15.1896001Z test installed_std_tests::pure_expression_conformance::scientific_quantity_comparison_plans_and_plays_through_the_std_host ... ok
2026-10-08T23:34:15.2148740Z test installed_std_tests::pure_expression_conformance::semantic_call_with_literal_argument_plans_and_plays_as_real_gears ... ok
2026-10-08T23:34:15.2399885Z test installed_std_tests::pure_expression_conformance::ternary_selects_one_exact_branch_through_the_std_host ... ok
2026-10-08T23:34:15.2800970Z test installed_std_tests::recurrence_conformance::checked_civil_recurrence_executes_through_the_production_kernel ... ok
2026-10-08T23:34:15.3281323Z test installed_std_tests::remote_fragment_conformance::body_time_qualified_tick_crosses_two_host_fragments ... ok
2026-10-08T23:34:15.3980938Z test installed_std_tests::remote_fragment_conformance::generic_remote_fragment_routes_through_latest_and_atomic_tee ... ok
2026-10-08T23:34:15.4961970Z test installed_std_tests::remote_vision_conformance::image_crosses_an_exact_line_into_the_production_vision_back ... ok
2026-10-08T23:34:15.5239781Z test installed_std_tests::rhythm_compare_conformance::portable_lesson_executes_with_generic_structured_sources ... ok
2026-10-08T23:34:15.5240652Z test installed_std_tests::robotics_conformance::every_robotics_observation_contract_plans_with_distinct_exact_info ... ok
2026-10-08T23:34:15.6833147Z test installed_std_tests::robotics_conformance::missing_stale_invalid_cancelled_pressure_and_unavailable_remain_distinct ... ok
2026-10-08T23:34:15.7095292Z test installed_std_tests::robotics_conformance::portable_drive_meaning_has_one_effect_free_prewake_projection ... ok
2026-10-08T23:34:15.7561920Z test installed_std_tests::secret_knock_conformance::secret_knock_composes_input_timing_storage_comparison_and_result_in_one_play ... ok
2026-10-08T23:34:15.7930049Z test installed_std_tests::sequence_normalization_conformance::reusable_normalization_plot_executes_outside_secret_knock_without_play_allocations ... ok
2026-10-08T23:34:15.8563044Z test installed_std_tests::sound_replanning::provider_loss_requires_a_fresh_plan_and_play_for_the_new_exact_endpoint ... ok
2026-10-08T23:34:15.9395058Z test installed_std_tests::sound_replanning::replacement_refuses_old_or_absent_authority_and_loss_during_drain ... ok
2026-10-08T23:34:15.9843987Z test installed_std_tests::structured_selector_conformance::music_and_llm_records_execute_the_same_planned_selector_infrastructure ... ok
2026-10-08T23:34:16.0080541Z test installed_std_tests::structured_values_conformance::authored_quantities_survive_plan_play_sign_and_typed_presentation ... ok
2026-10-08T23:34:16.0086208Z test installed_std_tests::structured_values_conformance::malformed_or_untyped_quantity_literals_refuse_before_play ... ok
2026-10-08T23:34:16.0404660Z test installed_std_tests::talking_polaroid_body::canonical_image_text_composition_coexists_in_one_body_play ... ok
2026-10-08T23:34:16.0686342Z test installed_std_tests::template_pattern_selection_conformance::found_storage_result_feeds_reusable_comparison_through_checked_selectors ... ok
2026-10-08T23:34:16.0951901Z test installed_std_tests::template_storage_conformance::reusable_named_template_storage_requires_a_slot_and_executes_without_play_allocations ... ok
2026-10-08T23:34:16.1231979Z test installed_std_tests::theremin_pitch_distance_maps_near_high_and_far_low ... ok
2026-10-08T23:34:16.1525765Z test installed_std_tests::timed_button_attempt_conformance::portable_button_flow_becomes_one_timed_attempt_in_the_production_kernel ... ok
2026-10-08T23:34:16.1917630Z test installed_std_tests::timed_pattern_conformance::reusable_ordered_event_intervals_plan_and_execute_through_one_kernel_play ... ok
2026-10-08T23:34:16.2161631Z test installed_std_tests::timing_conformance::authored_deadline_requests_typed_operation_cancellation_without_scheduler_cancellation ... ok
2026-10-08T23:34:16.2881200Z test installed_std_tests::timing_conformance::delay_zero_maximum_and_late_wakes_preserve_exact_ordered_schedule ... ok
2026-10-08T23:34:16.3134677Z test installed_std_tests::timing_conformance::early_monotonic_wake_does_not_fire_a_deadline ... ok
2026-10-08T23:34:16.5207995Z test installed_std_tests::timing_conformance::identical_simulated_schedules_have_identical_normalized_output_and_signs ... ok
2026-10-08T23:34:16.5724862Z test installed_std_tests::timing_conformance::missing_or_regressed_monotonic_base_fails_deterministically ... ok
2026-10-08T23:34:16.6726806Z test installed_std_tests::timing_conformance::representative_robot_debounce_and_timeout_run_through_one_production_kernel ... ok
2026-10-08T23:34:16.7447665Z test installed_std_tests::timing_conformance::simultaneous_input_deadline_order_is_deterministic_and_late_wakes_remain_correlated ... ok
2026-10-08T23:34:16.8748520Z test installed_std_tests::timing_conformance::zero_and_maximum_duration_schedules_are_deterministic ... ok
2026-10-08T23:34:16.9002551Z test installed_std_tests::typed_latest_and_tee_plan_and_execute_with_capacity_one_pressure ... ok
2026-10-08T23:34:16.9467891Z test installed_std_tests::typed_state_conformance::body_durable_keep_selects_and_executes_only_the_sealed_durable_back ... ok
2026-10-08T23:34:16.9689399Z test installed_std_tests::typed_state_conformance::canonical_four_kib_text_keep_plans_on_the_durable_back_and_larger_refuses ... ok
2026-10-08T23:34:17.0126527Z test installed_std_tests::typed_state_conformance::initialized_keep_plans_and_runs_as_installed_typed_state ... ok
2026-10-08T23:34:17.2191283Z test installed_std_tests::typed_state_conformance::keep_duration_requires_exact_back_support_before_planning ... ok
2026-10-08T23:34:17.2942052Z test installed_std_tests::typed_state_conformance::optional_keep_continuity_preserves_exact_variant_and_generation ... ok
2026-10-08T23:34:17.3424718Z test installed_std_tests::typed_state_conformance::optional_keep_plans_runs_and_retains_canonical_some_value ... ok
2026-10-08T23:34:17.4314054Z test installed_std_tests::typed_state_conformance::public_host_replaces_play_with_owned_state_and_fresh_boot_without_semantic_reset ... ok
2026-10-08T23:34:17.5020128Z test installed_std_tests::typed_state_conformance::typed_state_runs_in_the_installed_kernel_and_unsealed_state_refuses ... ok
2026-10-08T23:34:17.5320088Z test installed_std_tests::typed_text_plans_presents_and_completes_through_the_installed_kernel ... ok
2026-10-08T23:34:17.5567877Z test installed_std_tests::typed_tick_plans_and_executes_through_the_installed_kernel_table ... ok
2026-10-08T23:34:17.5660482Z test installed_std_tests::vector_search_conformance::adapters_expose_equal_hit_semantics_but_distinct_proof_classes ... ok
2026-10-08T23:34:17.5704972Z test installed_std_tests::vector_search_conformance::provider_loss_is_terminal_and_emits_no_retrieval_value ... ok
2026-10-08T23:34:17.5806375Z test installed_std_tests::vector_search_conformance::unchanged_plot_runs_through_ordinary_play_on_exact_and_hnsw ... ok
2026-10-08T23:34:17.6070901Z test installed_std_tests::zero_count_tick_completes_without_wait_or_value_receipt ... ok
2026-10-08T23:34:17.6088761Z test kernel_multivalue::tests::cancellation_clears_pending_work_and_terminates_without_effects ... ok
2026-10-08T23:34:17.6111310Z test kernel_multivalue::tests::exact_multi_value_plot_executes_real_host_calls_through_kernel ... ok
2026-10-08T23:34:17.6127222Z test kernel_multivalue::tests::exact_multi_value_plot_plans_and_lowers_all_numeric_tables ... ok
2026-10-08T23:34:17.6144895Z test kernel_multivalue::tests::sign_exhaustion_fails_closed_inside_the_installed_scheduler ... ok
2026-10-08T23:34:17.6162364Z test kernel_multivalue::tests::stale_completion_identity_fails_closed_before_host_effect ... ok
2026-10-08T23:34:17.6439441Z test kernel_preparation::partition_tests::combined_capability_limit_refuses_even_when_each_plot_and_all_pools_fit ... ok
2026-10-08T23:34:17.6716880Z test kernel_preparation::partition_tests::complete_set_reserves_and_releases_each_original_plan_without_growing_live_ledger ... ok
2026-10-08T23:34:17.6978798Z test kernel_preparation::partition_tests::duplicate_empty_and_over_bound_sets_cannot_reserve ... ok
2026-10-08T23:34:17.7351929Z test kernel_preparation::partition_tests::late_capacity_and_invalid_partition_leave_existing_reservations_unchanged ... ok
2026-10-08T23:34:17.7390788Z test kernel_preparation::tests::body_reservation_verifies_complete_activation_plan_before_exact_offer ... ok
2026-10-08T23:34:17.7463754Z test kernel_preparation::tests::exact_reservation_rejects_overlap_releases_and_does_not_grow ... ok
2026-10-08T23:34:17.7467680Z test kernel_preparation::tests::pool_member_reservation_is_atomic_and_releases_exact_capacity ... ok
2026-10-08T23:34:17.7489790Z test microphone_whisper_proof::language_contract_tests::microphone_source_checks_with_an_explicit_language_request ... ok
2026-10-08T23:34:17.7498596Z test pico_admission::tests::codec_carries_exact_advertisement_and_rejects_protocol_and_size ... ok
2026-10-08T23:34:17.7568773Z test pico_admission::tests::decoded_pico_proof_enters_only_the_canonical_admission_manager ... ok
2026-10-08T23:34:17.7586119Z test pico_control_source::tests::pulse_source_and_control_source_cannot_masquerade_as_each_other ... ok
2026-10-08T23:34:17.7602744Z test pico_control_source::tests::six_deliberate_inputs_cross_the_exact_control_session_with_pressure ... ok
2026-10-08T23:34:17.9535526Z test pico_indicator::tests::bad_acknowledgments_poison_provider_without_retry ... ok
2026-10-08T23:34:17.9973753Z test pico_indicator::tests::missing_and_old_firmware_fail_finitely ... ok
2026-10-08T23:34:18.0275133Z test pico_indicator::tests::native_provider_and_firmware_correlate_all_eight_acknowledgments ... ok
2026-10-08T23:34:18.0726202Z test pico_indicator::tests::optional_device_provenance_is_boot_local_and_does_not_create_capabilities ... ok
2026-10-08T23:34:18.0726975Z test pico_indicator::tests::peripheral::tests::corrupt_identity_header_or_request_poison_acquisition ... ok
2026-10-08T23:34:18.0727673Z test pico_indicator::tests::peripheral::tests::eight_exact_effects_then_bound_refusal ... ok
2026-10-08T23:34:18.0728328Z test pico_indicator::tests::peripheral::tests::replay_and_different_play_refuse ... ok
2026-10-08T23:34:18.0734818Z test pool_member_sessions::tests::selected_worker_prepares_only_its_exact_finite_port_sessions ... ok
2026-10-08T23:34:18.0749954Z test r1_control::tests::duplicate_level_and_peer_sequence_fail_without_mutating_merge ... ok
2026-10-08T23:34:18.0764247Z test r1_control::tests::every_peer_independently_drives_keydown_on_and_keyup_off ... ok
2026-10-08T23:34:18.0765145Z test r1_control_input::tests::browser_frames_bind_exact_peer_width_sequence_and_level ... ok
2026-10-08T23:34:18.0766991Z test reaction_diffusion::tests::hosted_reference_is_repeatable ... ok
2026-10-08T23:34:18.0767944Z test reaction_diffusion::tests::offer_matches_portable_contract_with_finite_hosted_limits ... ok
2026-10-08T23:34:18.0768701Z test relay_client::tests::descriptor_is_bounded_and_debug_redacts_capability ... ok
2026-10-08T23:34:18.0769276Z test relay_client::tests::outcome_requires_exact_service_and_route_identity ... ok
2026-10-08T23:34:18.0782806Z test remote_cord_sessions::tests::opposite_fragments_prepare_the_same_exact_session_binding ... ok
2026-10-08T23:34:18.0796526Z test remote_emergency::tests::current_member_over_exact_protected_session_reduces_local_authority ... ok
2026-10-08T23:34:18.0808849Z test remote_emergency::tests::phrase_knowledge_and_stale_membership_never_authorize ... ok
2026-10-08T23:34:18.0820952Z test remote_emergency::tests::propagation_is_finite_evidence_after_independent_local_action ... ok
2026-10-08T23:34:18.0845006Z test remote_emergency::tests::transport_and_application_replay_are_independently_refused ... ok
2026-10-08T23:34:18.0845697Z test run_control::tests::accepted_stop_identity_is_taken_once_and_still_rejects_duplicates ... ok
2026-10-08T23:34:18.0846272Z test run_control::tests::activity_between_observation_and_wait_is_not_lost ... ok
2026-10-08T23:34:18.0847236Z test run_control::tests::stop_notifies_an_idle_waiter_without_polling ... ok
2026-10-08T23:34:18.1651350Z test secure_websocket::tests::absolute_socket_deadline_terminates_a_partial_frame ... ok
2026-10-08T23:34:18.2076873Z test secure_websocket::tests::native_client_verifies_exact_certificate_binding_and_bounded_frames ... ok
2026-10-08T23:34:18.2077598Z test secure_websocket::tests::secure_remote_listener_cannot_rebrand_loopback ... ok
2026-10-08T23:34:18.2886965Z test secure_websocket::tests::wildcard_listener_requires_explicit_authorization_and_retains_exact_scope ... ok
2026-10-08T23:34:18.2887717Z test sound_recovery::tests::loss_cancels_notes_and_sustain_without_claiming_device_cleanup ... ok
2026-10-08T23:34:18.2888380Z test sound_recovery::tests::replacement_starts_empty_and_rejects_old_play_completion ... ok
2026-10-08T23:34:18.2921191Z test spoken_face_mask::tests::accepted_navigation_retires_only_the_old_turn_and_reads_the_new_focus ... ok
2026-10-08T23:34:18.2946761Z test spoken_face_mask::tests::accepted_wording_keeps_exact_text_and_current_show_in_one_bounded_flow ... ok
2026-10-08T23:34:18.3102808Z test spoken_face_mask::tests::direct_opening_bounds_long_collections_without_losing_full_reading ... ok
2026-10-08T23:34:18.3143593Z test spoken_face_mask::tests::direct_opening_leads_with_context_then_result_and_leaves_detail_to_read_all ... ok
2026-10-08T23:34:18.3155501Z test spoken_face_mask::tests::direct_opening_offers_content_action_without_generic_context_navigation ... ok
2026-10-08T23:34:18.3182905Z test spoken_face_mask::tests::host_owned_arrival_is_read_completely_with_one_bounded_segment_in_flight ... ok
2026-10-08T23:34:18.3223428Z test spoken_face_mask::tests::host_owned_text_readout_and_focus_claim_no_audio ... ok
2026-10-08T23:34:18.3255874Z test spoken_face_mask::tests::inward_text_edit_and_birth_request_are_exact_typed_interactions ... ok
2026-10-08T23:34:18.3296115Z test spoken_face_mask::tests::long_primary_list_reads_bounded_items_and_offers_exact_detail_command ... ok
2026-10-08T23:34:18.3321065Z test spoken_face_mask::tests::mechanical_projection_matches_interactive_wording_before_any_show ... ok
2026-10-08T23:34:18.3405662Z test spoken_face_mask::tests::one_long_face_fact_streams_in_order_and_refresh_resets_indexed_focus ... ok
2026-10-08T23:34:18.3485708Z test spoken_face_mask::tests::read_current_items_uses_the_same_show_without_completed_detail ... ok
2026-10-08T23:34:18.3534665Z test spoken_face_mask::tests::refused_navigation_or_input_preserves_the_current_read_all_turn ... ok
2026-10-08T23:34:18.3574762Z test spoken_face_mask::tests::requested_items_close_before_later_non_item_face_clauses ... ok
2026-10-08T23:34:18.3648118Z test spoken_face_mask::tests::screen_free_reader_reaches_below_viewport_and_navigates_semantic_roles ... ok
2026-10-08T23:34:18.3703748Z test spoken_face_mask::tests::smaller_closing_flows_preserve_all_face_text_and_cancel_between_batches ... ok
2026-10-08T23:34:18.3729004Z test spoken_face_mask::tests::source_audio_receipts_refuse_wrong_text_and_preserve_chunk_order ... ok
2026-10-08T23:34:18.3822516Z test spoken_face_mask::tests::spoken_reader_names_finite_text_choices_and_refuses_unoffered_value ... ok
2026-10-08T23:34:18.3847653Z test spoken_face_mask::tests::stale_revision_cannot_speak_or_invoke_and_stop_requires_cancel_ack ... ok
2026-10-08T23:34:18.3871962Z test spoken_face_mask::tests::stop_never_turns_a_late_audio_completion_into_success ... ok
2026-10-08T23:34:18.3872564Z test spoken_face_mask::tests::utf8_chunking_never_splits_a_character ... ok
2026-10-08T23:34:18.3922903Z test spoken_face_stream_execution::tests::attached_host_entrance_refuses_a_missing_speech_provider ... ok
2026-10-08T23:34:18.3948549Z test spoken_face_stream_execution::tests::exact_single_segment_is_admitted_and_receipt_is_terminal_only_after_audio ... ok
2026-10-08T23:34:18.4032482Z test spoken_face_stream_execution::tests::language::english_proof_face_back_refuses_french_before_selected_playback ... ok
2026-10-08T23:34:18.4059597Z test spoken_face_stream_execution::tests::multiple_real_committed_segments_pass_preflight_without_creating_artifact ... ok
2026-10-08T23:34:18.4060783Z test spoken_face_stream_execution::tests::platform::installed_espeak_produces_exact_plan_play_pcm_receipt ... ignored, requires installed eSpeak NG and writes a real WAV
2026-10-08T23:34:18.4062050Z test spoken_face_stream_execution::tests::platform::installed_espeak_stream_drains_selected_alsa_speaker ... ignored, requires installed eSpeak NG, explicit ALSA card/device, and speaker output
2026-10-08T23:34:18.4063385Z test spoken_face_stream_execution::tests::selected_playback_block_admission_covers_its_declared_duration ... ok
2026-10-08T23:34:18.4309381Z test spoken_face_stream_execution::tests::selected_playback_keeps_the_same_host_across_two_plays ... ok
2026-10-08T23:34:18.4714981Z test spoken_face_stream_execution::tests::selected_speaker_and_wav_share_one_play_and_one_converted_pcm_stream ... ok
2026-10-08T23:34:18.4861187Z test spoken_face_stream_execution::tests::selected_speaker_loss_is_not_a_completed_spoken_show ... ok
2026-10-08T23:34:18.5019037Z test spoken_face_stream_execution::tests::selected_speaker_play_is_distinct_from_wav_and_drains_ordered_segments ... ok
2026-10-08T23:34:18.5170900Z test spoken_face_stream_execution::tests::selected_speaker_refuses_full_wav_pool_before_a_completed_play ... ok
2026-10-08T23:34:18.5380682Z test spoken_face_stream_execution::tests::spoken_turn_rejects_undrained_speaker_receipt_without_losing_pending_batch ... ok
2026-10-08T23:34:18.5526439Z test spoken_face_stream_execution::tests::stopped_spoken_play_does_not_report_completed_playback ... ok
2026-10-08T23:34:18.5527689Z test spoken_mask_journey::cancellation_tests::streamed_mask_stop_reaps_provider_and_never_acknowledges_partial_audio ... ignored, requires installed eSpeak NG; observes actual PCM, cancels and verifies no completed Mask artifact
2026-10-08T23:34:18.6083250Z test spoken_mask_journey::tests::finite_wording_replay_uses_the_presenter_policy_and_revalidates_the_face ... ok
2026-10-08T23:34:18.6212059Z test spoken_mask_journey::tests::french_mask_request_refuses_the_english_fixture_before_play ... ok
2026-10-08T23:34:18.6213563Z test spoken_mask_journey::tests::installed_espeak_mask_retains_acknowledged_wav_through_plan_and_play ... ignored, requires explicitly installed eSpeak NG, English data and shared library; produces WAV only, no playback
2026-10-08T23:34:18.6215234Z test spoken_mask_journey::tests::installed_espeak_streaming_mask_acknowledges_substantive_chapter ... ignored, requires installed eSpeak NG; validates real streaming Mask audio using an explicitly fixture Presenter candidate
2026-10-08T23:34:18.6549810Z test spoken_mask_runtime_tests::final_artifact_slot_still_acks_its_completed_show ... ok
2026-10-08T23:34:18.6841293Z test spoken_mask_runtime_tests::producer_callable_replays_a_retained_live_manifestation_through_the_spoken_mask ... ok
2026-10-08T23:34:18.7109044Z test spoken_mask_runtime_tests::registered_spoken_mask_executes_to_an_artifact_acknowledged_show ... ok
2026-10-08T23:34:18.8576885Z test spoken_mask_runtime_tests::screen_free_spoken_producer_actualizes_the_shared_ten_action_journey ... ok
2026-10-08T23:34:18.8587276Z test state_value::durable::residence::tests::commit_is_idempotent_and_conflicts_are_exact ... ok
2026-10-08T23:34:18.8609356Z test state_value::durable::residence::tests::exact_recovery_refuses_drift_and_carries_the_full_text_bound ... ok
2026-10-08T23:34:18.8635831Z test state_value::durable::residence::tests::fresh_process_abrupt_loss_recovers_only_published_generation ... 
2026-10-08T23:34:18.8636311Z running 1 test
2026-10-08T23:34:18.9356702Z 
2026-10-08T23:34:18.9357091Z running 1 test
2026-10-08T23:34:19.0154010Z ok
2026-10-08T23:34:19.0255791Z test state_value::durable::residence::tests::residence_distinguishes_absent_corrupt_incompatible_and_lost ... ok
2026-10-08T23:34:19.0273602Z test state_value::durable::tests::durable_binding_refuses_more_than_the_canonical_text_bound ... ok
2026-10-08T23:34:19.0303409Z test state_value::durable::tests::four_kib_recovery_is_bound_to_metadata_and_forwards_the_hosted_value ... ok
2026-10-08T23:34:19.0324247Z test state_value::durable::tests::incomplete_candidate_is_ignored_and_commit_is_idempotent_but_not_ambiguous ... ok
2026-10-08T23:34:19.0350205Z test state_value::durable::tests::mismatched_receipt_never_publishes_candidate ... ok
2026-10-08T23:34:19.0365229Z test state_value::durable::tests::recovery_distinguishes_absent_corrupt_incompatible_and_lost ... ok
2026-10-08T23:34:19.0383501Z test state_value::durable::tests::transition_waits_for_exact_commit_receipt_before_consuming_or_emitting ... ok
2026-10-08T23:34:19.0384565Z test terminal_face_mask::tests::controls_follow_canonical_clause_order_and_page_navigation_has_no_action ... ok
2026-10-08T23:34:19.0413819Z test terminal_face_mask::tests::document_escapes_terminal_control_bytes_in_face_wording ... ok
2026-10-08T23:34:19.0483497Z test terminal_face_mask::tests::flush_failure_cannot_produce_receipt_or_leave_input_active ... ok
2026-10-08T23:34:19.0499833Z test terminal_face_mask::tests::full_document_preserves_words_relationships_and_inspection ... ok
2026-10-08T23:34:19.0500888Z test terminal_face_mask::tests::key_decoder_is_incremental_bounded_and_distinguishes_escape ... ok
2026-10-08T23:34:19.0565031Z test terminal_face_mask::tests::missing_or_oversized_input_is_refused_without_submission ... ok
2026-10-08T23:34:19.0638998Z test terminal_face_mask::tests::only_latest_effect_receipt_and_available_exact_show_bind ... ok
2026-10-08T23:34:19.0673980Z test terminal_face_mask::tests::read_only_owner_face_can_be_read_but_never_submitted ... ok
2026-10-08T23:34:19.0687438Z test terminal_face_mask::tests::terminal_face_names_small_exact_text_choices_without_changing_the_contract ... ok
2026-10-08T23:34:19.0748150Z test terminal_face_mask::tests::todo_default_is_a_checklist_with_exact_actions_and_full_inspection ... ok
2026-10-08T23:34:19.0873771Z test terminal_face_mask::tests::typed_edits_preserve_unicode_and_exact_action_correlation ... ok
2026-10-08T23:34:19.1275365Z test terminal_mask_execution::tests::attached_owner_host_waits_for_actual_foreground_flush_before_available_show ... ok
2026-10-08T23:34:19.1341645Z test terminal_mask_execution::tests::cancellation_and_no_input_drain_are_distinct_and_next_play_is_fresh ... ok
2026-10-08T23:34:19.1694636Z test terminal_mask_execution::tests::disconnected_foreground_cannot_produce_an_available_terminal_show ... ok
2026-10-08T23:34:19.1940451Z test terminal_mask_execution::tests::failed_foreground_flush_never_acknowledges_a_show ... ok
2026-10-08T23:34:19.1971080Z test terminal_mask_execution::tests::failed_terminal_write_cancels_kernel_without_available_show ... ok
2026-10-08T23:34:19.2022803Z test terminal_mask_execution::tests::ordinary_mask_runs_to_real_renderer_call_then_show_and_interaction_fore ... ok
2026-10-08T23:34:19.2106388Z test terminal_mask_execution::tests::oversized_face_refuses_before_admitting_a_play ... ok
2026-10-08T23:34:19.2152155Z test terminal_mask_execution::tests::renderer_is_pending_until_exact_flush_receipt_and_receipt_cannot_replay ... ok
2026-10-08T23:34:19.2201278Z test terminal_mask_execution::tests::stale_interaction_and_changed_host_retire_pending_execution ... ok
2026-10-08T23:34:19.2421368Z test tests::deterministic_boot_ids_are_injectable ... ok
2026-10-08T23:34:19.2639128Z test tests::exact_signal_fragment_lowers_to_numeric_kernel_tables ... ok
2026-10-08T23:34:19.3052414Z test tests::fresh_starts_get_fresh_boot_ids ... ok
2026-10-08T23:34:19.3298582Z test tests::local_three_sink_signal_fanout_uses_only_the_sealed_kernel_profile ... ok
2026-10-08T23:34:19.3300664Z test tests::sealed_profiles_do_not_reenter_semantic_or_allocating_preparation ... ok
2026-10-08T23:34:19.3539610Z test tests::streamed_output_uses_a_virtual_clock_and_retains_terminal_sign ... ok
2026-10-08T23:34:19.3771130Z test tests::unsupported_production_std_plot_fails_closed_without_a_legacy_pump ... ok
2026-10-08T23:34:19.3771790Z test todo_checkpoint_call::tests::unknown_publication_outcome_never_acknowledges_state ... ok
2026-10-08T23:34:19.3772384Z test todo_checkpoint_read_call::tests::unavailable_revision_outcomes_remain_distinct ... ok
2026-10-08T23:34:19.4457183Z test todo_checkpoint_transition::tests::checkpoint_offer_transition_keeps_selected_speaker_and_artifact_on_same_boot ... ok
2026-10-08T23:34:19.4457979Z test usb_cdc::tests::test_1_partial_reads_assemble_one_current_stream_frame ... ok
2026-10-08T23:34:19.4459475Z test usb_cdc::tests::test_2_multiple_frames_arriving_in_one_read_decode_separately ... ok
2026-10-08T23:34:19.4460110Z test usb_cdc::tests::test_3_partial_writes_are_completed ... ok
2026-10-08T23:34:19.4460660Z test usb_cdc::tests::test_4_timeout_would_block_is_finite ... ok
2026-10-08T23:34:19.4461357Z test usb_cdc::tests::test_5_eof_disconnect_is_distinct_from_timeout ... ok
2026-10-08T23:34:19.4461912Z test usb_cdc::tests::test_6_malformed_length_framing_fails_closed ... ok
2026-10-08T23:34:19.4463836Z test usb_cdc::tests::test_7_source_sink_session_machine_exchange_works_over_line ... ok
2026-10-08T23:34:19.4464461Z test usb_cdc::tests::test_8_operator_terminal_initializes_and_restores_tty ... ok
2026-10-08T23:34:19.4491270Z test vision_ocr::tests::executable_provider_binds_identity_and_visits_exact_candidates ... ok
2026-10-08T23:34:19.4491905Z test vision_ocr::tests::graymap_framing_is_exact_and_never_grows ... ok
2026-10-08T23:34:19.4492459Z test vision_ocr::tests::malformed_overflow_and_out_of_frame_results_refuse ... ok
2026-10-08T23:34:19.4706653Z test vision_ocr::tests::provider_that_never_reads_input_is_killed_at_the_exact_deadline ... ok
2026-10-08T23:34:19.4707224Z test vision_ocr::tests::tsv_retains_word_geometry_and_bounded_confidence ... ok
2026-10-08T23:34:19.4736004Z test vision_tracker::tests::overlapping_candidates_keep_only_local_continuity_and_exact_history ... ok
2026-10-08T23:34:19.4746299Z test websocket::tests::actual_loopback_rfc6455_is_binary_only_and_message_bounded ... ok
2026-10-08T23:34:19.5155083Z test websocket::tests::disconnect_before_readiness_and_with_an_in_flight_frame_are_distinct ... ok
2026-10-08T23:34:19.5409066Z test websocket::tests::planned_listener_admission_has_a_finite_deadline ... ok
2026-10-08T23:34:19.5409732Z test websocket::tests::planned_listener_rejects_unspecified_bind_and_peer_facts ... ok
2026-10-08T23:34:19.5427784Z test websocket::tests::unavailable_and_unspecified_client_endpoints_fail_distinctly ... ok
2026-10-08T23:34:19.5428002Z 
2026-10-08T23:34:19.5428208Z test result: ok. 658 passed; 0 failed; 9 ignored; 0 measured; 0 filtered out; finished in 13.39s
2026-10-08T23:34:19.5428404Z 
2026-10-08T23:34:19.5433162Z [1m[92m     Running[0m unittests src/bin/browser-admission-probe.rs (target/debug/deps/browser_admission_probe-5d27f16097124f5c)
2026-10-08T23:34:19.5439505Z 
2026-10-08T23:34:19.5439666Z running 4 tests
2026-10-08T23:34:19.5443346Z test return_admission::tests::available_presence_refuses_without_committing_any_store ... ok
2026-10-08T23:34:19.5444664Z test return_admission::tests::malformed_presence_refuses_without_committing_any_store ... ok
2026-10-08T23:34:19.5445560Z test return_admission::tests::missing_retained_lease_refuses_without_committing_any_store ... ok
2026-10-08T23:34:19.5446732Z test return_admission::tests::retained_sequence_overflow_refuses_without_committing_any_store ... ok
2026-10-08T23:34:19.5447273Z 
2026-10-08T23:34:19.5447627Z test result: ok. 4 passed; 0 failed; 0 ignored; 0 measured; 0 filtered out; finished in 0.00s
2026-10-08T23:34:19.5448075Z 
2026-10-08T23:34:19.5449165Z [1m[92m     Running[0m unittests src/bin/browser-body-camera-realization-capstone.rs (target/debug/deps/browser_body_camera_realization_capstone-0a6f92201710e142)
2026-10-08T23:34:19.5456375Z 
2026-10-08T23:34:19.5456463Z running 0 tests
2026-10-08T23:34:19.5456613Z 
2026-10-08T23:34:19.5456991Z test result: ok. 0 passed; 0 failed; 0 ignored; 0 measured; 0 filtered out; finished in 0.00s
2026-10-08T23:34:19.5457304Z 
2026-10-08T23:34:19.5458379Z [1m[92m     Running[0m unittests src/bin/browser-spawn-probe.rs (target/debug/deps/browser_spawn_probe-d7be141454c1ca9b)
2026-10-08T23:34:19.5465501Z 
2026-10-08T23:34:19.5465593Z running 0 tests
2026-10-08T23:34:19.5465736Z 
2026-10-08T23:34:19.5466114Z test result: ok. 0 passed; 0 failed; 0 ignored; 0 measured; 0 filtered out; finished in 0.00s
2026-10-08T23:34:19.5466470Z 
2026-10-08T23:34:19.5467590Z [1m[92m     Running[0m unittests src/bin/browser-webrtc-rendezvous-probe.rs (target/debug/deps/browser_webrtc_rendezvous_probe-ac1be2298910ddc0)
2026-10-08T23:34:19.5474107Z 
2026-10-08T23:34:19.5474191Z running 0 tests
2026-10-08T23:34:19.5474333Z 
2026-10-08T23:34:19.5474714Z test result: ok. 0 passed; 0 failed; 0 ignored; 0 measured; 0 filtered out; finished in 0.00s
2026-10-08T23:34:19.5475026Z 
2026-10-08T23:34:19.5477458Z [1m[92m     Running[0m unittests src/bin/distributed-signal-server.rs (target/debug/deps/distributed_signal_server-ef07b08e9ddcd4a7)
2026-10-08T23:34:19.5483638Z 
2026-10-08T23:34:19.5483829Z running 0 tests
2026-10-08T23:34:19.5483944Z 
2026-10-08T23:34:19.5484260Z test result: ok. 0 passed; 0 failed; 0 ignored; 0 measured; 0 filtered out; finished in 0.00s
2026-10-08T23:34:19.5484580Z 
2026-10-08T23:34:19.5485623Z [1m[92m     Running[0m unittests src/bin/distributed-toggle-server.rs (target/debug/deps/distributed_toggle_server-fc19ba51d408119c)
2026-10-08T23:34:19.5492713Z 
2026-10-08T23:34:19.5492916Z running 0 tests
2026-10-08T23:34:19.5493035Z 
2026-10-08T23:34:19.5493475Z test result: ok. 0 passed; 0 failed; 0 ignored; 0 measured; 0 filtered out; finished in 0.00s
2026-10-08T23:34:19.5493792Z 
2026-10-08T23:34:19.5494872Z [1m[92m     Running[0m unittests src/bin/pool-webchat-server.rs (target/debug/deps/pool_webchat_server-e01f7ed1e52c89f9)
2026-10-08T23:34:19.5501350Z 
2026-10-08T23:34:19.5501530Z running 0 tests
2026-10-08T23:34:19.5501716Z 
2026-10-08T23:34:19.5502116Z test result: ok. 0 passed; 0 failed; 0 ignored; 0 measured; 0 filtered out; finished in 0.00s
2026-10-08T23:34:19.5502433Z 
2026-10-08T23:34:19.5503918Z [1m[92m     Running[0m unittests src/bin/protected-line-browser-peer.rs (target/debug/deps/protected_line_browser_peer-32ac82a24c0984c7)
2026-10-08T23:34:19.5510137Z 
2026-10-08T23:34:19.5510266Z running 0 tests
2026-10-08T23:34:19.5510415Z 
2026-10-08T23:34:19.5510827Z test result: ok. 0 passed; 0 failed; 0 ignored; 0 measured; 0 filtered out; finished in 0.00s
2026-10-08T23:34:19.5511138Z 
2026-10-08T23:34:19.5512073Z [1m[92m     Running[0m unittests src/bin/r1-three-peer-input-server.rs (target/debug/deps/r1_three_peer_input_server-4fa745f57ef034a5)
2026-10-08T23:34:19.5518726Z 
2026-10-08T23:34:19.5518894Z running 0 tests
2026-10-08T23:34:19.5519036Z 
2026-10-08T23:34:19.5519448Z test result: ok. 0 passed; 0 failed; 0 ignored; 0 measured; 0 filtered out; finished in 0.00s
2026-10-08T23:34:19.5519798Z 
2026-10-08T23:34:19.5520657Z [1m[92m     Running[0m unittests src/bin/text-lab-live-server.rs (target/debug/deps/text_lab_live_server-93489599dc5925f9)
2026-10-08T23:34:19.5527631Z 
2026-10-08T23:34:19.5527760Z running 0 tests
2026-10-08T23:34:19.5527903Z 
2026-10-08T23:34:19.5528290Z test result: ok. 0 passed; 0 failed; 0 ignored; 0 measured; 0 filtered out; finished in 0.00s
2026-10-08T23:34:19.5528751Z 
2026-10-08T23:34:19.5529535Z [1m[92m     Running[0m unittests src/bin/triple-signal-server.rs (target/debug/deps/triple_signal_server-6cfb3bb664a4c194)
2026-10-08T23:34:19.5536056Z 
2026-10-08T23:34:19.5536187Z running 0 tests
2026-10-08T23:34:19.5536330Z 
2026-10-08T23:34:19.5536909Z test result: ok. 0 passed; 0 failed; 0 ignored; 0 measured; 0 filtered out; finished in 0.00s
2026-10-08T23:34:19.5537257Z 
2026-10-08T23:34:19.5538744Z [1m[92m     Running[0m unittests src/bin/webchat-server.rs (target/debug/deps/webchat_server-7288495aa2a2fa83)
2026-10-08T23:34:19.5544781Z 
2026-10-08T23:34:19.5544906Z running 0 tests
2026-10-08T23:34:19.5545017Z 
2026-10-08T23:34:19.5545359Z test result: ok. 0 passed; 0 failed; 0 ignored; 0 measured; 0 filtered out; finished in 0.00s
2026-10-08T23:34:19.5545716Z 
2026-10-08T23:34:19.5546630Z [1m[92m     Running[0m unittests src/bin/websocket-line-probe.rs (target/debug/deps/websocket_line_probe-a4242471d00b97a9)
2026-10-08T23:34:19.5553008Z 
2026-10-08T23:34:19.5553103Z running 0 tests
2026-10-08T23:34:19.5553241Z 
2026-10-08T23:34:19.5553812Z test result: ok. 0 passed; 0 failed; 0 ignored; 0 measured; 0 filtered out; finished in 0.00s
2026-10-08T23:34:19.5554158Z 
2026-10-08T23:34:19.5555002Z [1m[92m     Running[0m tests/bluetooth_signal_source.rs (target/debug/deps/bluetooth_signal_source-21b431cd90510ca5)
2026-10-08T23:34:19.5561626Z 
2026-10-08T23:34:19.5561758Z running 0 tests
2026-10-08T23:34:19.5561896Z 
2026-10-08T23:34:19.5562204Z test result: ok. 0 passed; 0 failed; 0 ignored; 0 measured; 0 filtered out; finished in 0.00s
2026-10-08T23:34:19.5562558Z 
2026-10-08T23:34:19.5564581Z [1m[92m     Running[0m tests/body_coordination.rs (target/debug/deps/body_coordination-6e7751d4c7978376)
2026-10-08T23:34:19.5572198Z 
2026-10-08T23:34:19.5572346Z running 1 test
2026-10-08T23:34:19.5613982Z test stale_motherbrain_boot_refuses_before_kernel_delivery ... ok
2026-10-08T23:34:19.5614264Z 
2026-10-08T23:34:19.5614582Z test result: ok. 1 passed; 0 failed; 0 ignored; 0 measured; 0 filtered out; finished in 0.00s
2026-10-08T23:34:19.5614881Z 
2026-10-08T23:34:19.5617352Z [1m[92m     Running[0m tests/body_wide_play.rs (target/debug/deps/body_wide_play-23084e34d68ff9c5)
2026-10-08T23:34:19.5627148Z 
2026-10-08T23:34:19.5627309Z running 2 tests
2026-10-08T23:34:19.5652100Z test the_same_body_plan_model_covers_local_and_distributed_plot_partitions ... ok
2026-10-08T23:34:19.5928653Z test three_reviewed_plots_progress_in_one_body_play_through_one_production_kernel_scheduler ... ok
2026-10-08T23:34:19.5929022Z 
2026-10-08T23:34:19.5929332Z test result: ok. 2 passed; 0 failed; 0 ignored; 0 measured; 0 filtered out; finished in 0.03s
2026-10-08T23:34:19.5929628Z 
2026-10-08T23:34:19.5932700Z [1m[92m     Running[0m tests/burn_model_host.rs (target/debug/deps/burn_model_host-22277c8772585a99)
2026-10-08T23:34:19.5944121Z 
2026-10-08T23:34:19.5944286Z running 1 test
2026-10-08T23:34:19.6309675Z test exported_burn_checkpoint_uses_existing_host_boundary ... ok
2026-10-08T23:34:19.6309948Z 
2026-10-08T23:34:19.6310271Z test result: ok. 1 passed; 0 failed; 0 ignored; 0 measured; 0 filtered out; finished in 0.04s
2026-10-08T23:34:19.6310566Z 
2026-10-08T23:34:19.6314532Z [1m[92m     Running[0m tests/burn_plot_journey.rs (target/debug/deps/burn_plot_journey-db0bb604b10fb740)
2026-10-08T23:34:19.6330949Z 
2026-10-08T23:34:19.6331115Z running 2 tests
2026-10-08T23:34:19.7634800Z test ordinary_plot_train_next_resumes_actual_corpus_on_a_fresh_host ... ok
2026-10-08T23:34:20.4163121Z test ordinary_plot_trains_saves_reloads_and_infers ... ok
2026-10-08T23:34:20.4163363Z 
2026-10-08T23:34:20.4163566Z test result: ok. 2 passed; 0 failed; 0 ignored; 0 measured; 0 filtered out; finished in 0.78s
2026-10-08T23:34:20.4163758Z 
2026-10-08T23:34:20.4179238Z [1m[92m     Running[0m tests/button_indicator_plot.rs (target/debug/deps/button_indicator_plot-1fa2be26fd52de0e)
2026-10-08T23:34:20.4199565Z 
2026-10-08T23:34:20.4199715Z running 2 tests
2026-10-08T23:34:20.4576901Z test standing_button_is_not_limited_by_the_old_finite_transition_count ... ok
2026-10-08T23:34:20.4821147Z test unchanged_canonical_plot_runs_on_native_kernel ... ok
2026-10-08T23:34:20.4821462Z 
2026-10-08T23:34:20.4821909Z test result: ok. 2 passed; 0 failed; 0 ignored; 0 measured; 0 filtered out; finished in 0.06s
2026-10-08T23:34:20.4822251Z 
2026-10-08T23:34:20.4828753Z [1m[92m     Running[0m tests/canonical_clock.rs (target/debug/deps/canonical_clock-e46bd63471b6977d)
2026-10-08T23:34:20.4845568Z 
2026-10-08T23:34:20.4845828Z running 2 tests
2026-10-08T23:34:20.5047374Z test duration_and_selected_wait_contract_fail_before_tick_presentation ... ok
2026-10-08T23:34:20.5254402Z test duration_spellings_have_one_semantic_identity_and_execute_until_explicit_stop ... ok
2026-10-08T23:34:20.5254775Z 
2026-10-08T23:34:20.5255133Z test result: ok. 2 passed; 0 failed; 0 ignored; 0 measured; 0 filtered out; finished in 0.04s
2026-10-08T23:34:20.5255479Z 
2026-10-08T23:34:20.5260944Z [1m[92m     Running[0m tests/canonical_count.rs (target/debug/deps/canonical_count-20307105f2ebd262)
2026-10-08T23:34:20.5276596Z 
2026-10-08T23:34:20.5277025Z running 2 tests
2026-10-08T23:34:20.5516524Z test canonical_program_reacts_to_open_flow_until_explicit_stop ... ok
2026-10-08T23:34:20.5713745Z test reactive_front_range_overflow_and_selected_identity_are_exact ... ok
2026-10-08T23:34:20.5714037Z 
2026-10-08T23:34:20.5714347Z test result: ok. 2 passed; 0 failed; 0 ignored; 0 measured; 0 filtered out; finished in 0.04s
2026-10-08T23:34:20.5714641Z 
2026-10-08T23:34:20.5719458Z [1m[92m     Running[0m tests/canonical_greet.rs (target/debug/deps/canonical_greet-5f260a3384d2d4f3)
2026-10-08T23:34:20.5734540Z 
2026-10-08T23:34:20.5734775Z running 3 tests
2026-10-08T23:34:20.5955869Z test explicit_positional_binding_recursively_executes_only_primitive_leaves ... ok
2026-10-08T23:34:20.6397643Z test join_output_bound_and_selected_realization_identity_fail_before_presentation ... ok
2026-10-08T23:34:20.6785971Z test omitted_argument_uses_the_checked_front_default_without_mutating_the_plot ... ok
2026-10-08T23:34:20.6786290Z 
2026-10-08T23:34:20.6786625Z test result: ok. 3 passed; 0 failed; 0 ignored; 0 measured; 0 filtered out; finished in 0.11s
2026-10-08T23:34:20.6786923Z 
2026-10-08T23:34:20.6792259Z [1m[92m     Running[0m tests/canonical_text_pipeline.rs (target/debug/deps/canonical_text_pipeline-59ec8fe16b758613)
2026-10-08T23:34:20.6807629Z 
2026-10-08T23:34:20.6807741Z running 4 tests
2026-10-08T23:34:20.7730211Z test canonical_morse_network_runs_through_the_std_kernel_and_indicator_effect ... ok
2026-10-08T23:34:20.7923173Z test canonical_program_one_runs_through_the_planner_kernel_and_terminal_sign ... ok
2026-10-08T23:34:20.8442204Z test selected_upper_realization_and_host_call_identity_fail_closed ... ok
2026-10-08T23:34:20.8447741Z test text_literals_reject_invalid_escape_and_the_exact_byte_bound ... ok
2026-10-08T23:34:20.8448023Z 
2026-10-08T23:34:20.8448353Z test result: ok. 4 passed; 0 failed; 0 ignored; 0 measured; 0 filtered out; finished in 0.16s
2026-10-08T23:34:20.8448578Z 
2026-10-08T23:34:20.8453913Z [1m[92m     Running[0m tests/confined_gear_security.rs (target/debug/deps/confined_gear_security-6d9b394766f7bdcd)
2026-10-08T23:34:20.8462069Z 
2026-10-08T23:34:20.8462158Z running 0 tests
2026-10-08T23:34:20.8462375Z 
2026-10-08T23:34:20.8462981Z test result: ok. 0 passed; 0 failed; 0 ignored; 0 measured; 0 filtered out; finished in 0.00s
2026-10-08T23:34:20.8463298Z 
2026-10-08T23:34:20.8464357Z [1m[92m     Running[0m tests/current_sample_plan.rs (target/debug/deps/current_sample_plan-ea7c93792fd03b88)
2026-10-08T23:34:20.8473585Z 
2026-10-08T23:34:20.8473669Z running 1 test
2026-10-08T23:34:20.8497778Z test plan_seals_one_exact_4096_byte_triggered_current_sample_specialization ... ok
2026-10-08T23:34:20.8498060Z 
2026-10-08T23:34:20.8498249Z test result: ok. 1 passed; 0 failed; 0 ignored; 0 measured; 0 filtered out; finished in 0.00s
2026-10-08T23:34:20.8498750Z 
2026-10-08T23:34:20.8500924Z [1m[92m     Running[0m tests/deadline_kernel.rs (target/debug/deps/deadline_kernel-4632e84593a5b3ad)
2026-10-08T23:34:20.8508116Z 
2026-10-08T23:34:20.8508456Z running 1 test
2026-10-08T23:34:20.8511342Z test production_kernel_arms_cancels_replaces_and_completes_one_deadline ... ok
2026-10-08T23:34:20.8511636Z 
2026-10-08T23:34:20.8511949Z test result: ok. 1 passed; 0 failed; 0 ignored; 0 measured; 0 filtered out; finished in 0.00s
2026-10-08T23:34:20.8512248Z 
2026-10-08T23:34:20.8513364Z [1m[92m     Running[0m tests/desk_telegraph.rs (target/debug/deps/desk_telegraph-cc875b2de8682b8c)
2026-10-08T23:34:20.8526492Z 
2026-10-08T23:34:20.8526581Z running 2 tests
2026-10-08T23:34:21.0179090Z test canonical_desk_telegraph_frames_and_recovers_text_through_one_kernel_play ... ok
2026-10-08T23:34:21.0395397Z test missing_or_stale_codec_realization_refuses_before_presentation ... ok
2026-10-08T23:34:21.0395572Z 
2026-10-08T23:34:21.0395767Z test result: ok. 2 passed; 0 failed; 0 ignored; 0 measured; 0 filtered out; finished in 0.19s
2026-10-08T23:34:21.0395965Z 
2026-10-08T23:34:21.0400818Z [1m[92m     Running[0m tests/durable_notebook.rs (target/debug/deps/durable_notebook-3a95c07bf00793e0)
2026-10-08T23:34:21.0410617Z 
2026-10-08T23:34:21.0410700Z running 1 test
2026-10-08T23:34:21.0611334Z test canonical_durable_notebook_checks_and_seals_distinct_retention_publication_and_load_truth ... ok
2026-10-08T23:34:21.0611696Z 
2026-10-08T23:34:21.0612002Z test result: ok. 1 passed; 0 failed; 0 ignored; 0 measured; 0 filtered out; finished in 0.02s
2026-10-08T23:34:21.0612197Z 
2026-10-08T23:34:21.0614845Z [1m[92m     Running[0m tests/external_websocket_plan.rs (target/debug/deps/external_websocket_plan-881452aa1fedb46e)
2026-10-08T23:34:21.0628277Z 
2026-10-08T23:34:21.0628365Z running 2 tests
2026-10-08T23:34:21.0703458Z test canonical_transport_plots_plan_to_exact_opt_in_browser_and_std_families ... ok
2026-10-08T23:34:21.1200112Z test planned_listener_executes_through_kernel_host_calls_for_two_clients ... ok
2026-10-08T23:34:21.1200426Z 
2026-10-08T23:34:21.1200664Z test result: ok. 2 passed; 0 failed; 0 ignored; 0 measured; 0 filtered out; finished in 0.06s
2026-10-08T23:34:21.1200854Z 
2026-10-08T23:34:21.1205343Z [1m[92m     Running[0m tests/finance_plots.rs (target/debug/deps/finance_plots-493fc85704f223ad)
2026-10-08T23:34:21.1214236Z 
2026-10-08T23:34:21.1214328Z running 4 tests
2026-10-08T23:34:21.1263170Z test canonical_plot_flows_money_quotes_events_and_exact_comparison ... ok
2026-10-08T23:34:21.1266254Z test cross_currency_requires_one_explicit_exact_rate_observation ... ok
2026-10-08T23:34:21.1288212Z test deterministic_fixture_keeps_quote_age_transaction_variants_and_types_visible ... ok
2026-10-08T23:34:21.1288786Z test same_currency_arithmetic_and_comparison_are_exact_across_scales ... ok
2026-10-08T23:34:21.1289064Z 
2026-10-08T23:34:21.1289372Z test result: ok. 4 passed; 0 failed; 0 ignored; 0 measured; 0 filtered out; finished in 0.01s
2026-10-08T23:34:21.1289677Z 
2026-10-08T23:34:21.1291662Z [1m[92m     Running[0m tests/flow_zip_plan.rs (target/debug/deps/flow_zip_plan-bbc04a9efbe8e9b3)
2026-10-08T23:34:21.1300779Z 
2026-10-08T23:34:21.1300861Z running 3 tests
2026-10-08T23:34:21.1329491Z test plan_seals_both_exact_inputs_pair_output_and_terminal_profiles ... ok
2026-10-08T23:34:21.1350865Z test plan_seals_combine_latest_state_and_all_close_terminal_profiles ... ok
2026-10-08T23:34:21.1375483Z test plan_seals_keyed_join_types_capacity_policy_and_terminal_profiles ... ok
2026-10-08T23:34:21.1375654Z 
2026-10-08T23:34:21.1375835Z test result: ok. 3 passed; 0 failed; 0 ignored; 0 measured; 0 filtered out; finished in 0.01s
2026-10-08T23:34:21.1376018Z 
2026-10-08T23:34:21.1378700Z [1m[92m     Running[0m tests/fragment_set_lowering.rs (target/debug/deps/fragment_set_lowering-fedb67eb7e944c82)
2026-10-08T23:34:21.1387937Z 
2026-10-08T23:34:21.1388025Z running 4 tests
2026-10-08T23:34:21.1591817Z test combined_bounds_duplicate_partition_and_changed_boot_refuse ... ok
2026-10-08T23:34:21.1784788Z test empty_workload_and_mixed_host_generations_refuse ... ok
2026-10-08T23:34:21.1985015Z test every_combined_storage_limit_is_enforced_at_its_exact_boundary ... ok
2026-10-08T23:34:21.2173988Z test independent_exact_plans_receive_disjoint_kernel_ids_without_source_identity_rewrite ... ok
2026-10-08T23:34:21.2174330Z 
2026-10-08T23:34:21.2174595Z test result: ok. 4 passed; 0 failed; 0 ignored; 0 measured; 0 filtered out; finished in 0.08s
2026-10-08T23:34:21.2174781Z 
2026-10-08T23:34:21.2176994Z [1m[92m     Running[0m tests/geometry_plots.rs (target/debug/deps/geometry_plots-f3afcbb56a845c9c)
2026-10-08T23:34:21.2185655Z 
2026-10-08T23:34:21.2185736Z running 4 tests
2026-10-08T23:34:21.2213129Z test canonical_geometry_configuration_flows_through_one_checked_plot_and_plan ... ok
2026-10-08T23:34:21.2215273Z test exact_translation_reports_frame_unit_and_overflow_refusals ... ok
2026-10-08T23:34:21.2217170Z test path_operations_have_a_reviewed_hard_bound ... ok
2026-10-08T23:34:21.2218212Z test robotics_and_vision_reuse_the_same_nominal_geometry_without_renderer_identity ... ok
2026-10-08T23:34:21.2218450Z 
2026-10-08T23:34:21.2218777Z test result: ok. 4 passed; 0 failed; 0 ignored; 0 measured; 0 filtered out; finished in 0.00s
2026-10-08T23:34:21.2218961Z 
2026-10-08T23:34:21.2221444Z [1m[92m     Running[0m tests/github_messaging_plan.rs (target/debug/deps/github_messaging_plan-903ec80d71be0b71)
2026-10-08T23:34:21.2229937Z 
2026-10-08T23:34:21.2230019Z running 1 test
2026-10-08T23:34:21.2266242Z test unchanged_portable_plot_selects_exact_github_profile_with_authority ... ok
2026-10-08T23:34:21.2266411Z 
2026-10-08T23:34:21.2266590Z test result: ok. 1 passed; 0 failed; 0 ignored; 0 measured; 0 filtered out; finished in 0.00s
2026-10-08T23:34:21.2266767Z 
2026-10-08T23:34:21.2269200Z [1m[92m     Running[0m tests/host_fences_capstone.rs (target/debug/deps/host_fences_capstone-b2f39b26001a3ec3)
2026-10-08T23:34:21.2278496Z 
2026-10-08T23:34:21.2278579Z running 4 tests
2026-10-08T23:34:21.2283238Z test browser_loss_requires_fresh_plan_without_mutating_old_truth ... ok
2026-10-08T23:34:21.2470752Z test protected_use_revalidates_the_exact_current_grant ... ok
2026-10-08T23:34:21.2472348Z test remote_session_claim_and_disclosure_keep_exact_truth ... ok
2026-10-08T23:34:21.2475246Z test three_fenced_hosts_prepare_then_start_one_unchanged_plot ... ok
2026-10-08T23:34:21.2475484Z 
2026-10-08T23:34:21.2475806Z test result: ok. 4 passed; 0 failed; 0 ignored; 0 measured; 0 filtered out; finished in 0.02s
2026-10-08T23:34:21.2475996Z 
2026-10-08T23:34:21.2478892Z [1m[92m     Running[0m tests/hosted_job.rs (target/debug/deps/hosted_job-5f598d4d3c3714f6)
2026-10-08T23:34:21.2487286Z 
2026-10-08T23:34:21.2487364Z running 5 tests
2026-10-08T23:34:21.2664354Z test failure_cancellation_timeout_and_provider_loss_are_distinct ... ok
2026-10-08T23:34:21.2680488Z test forged_and_stale_execution_facts_fail_at_the_effect_boundary ... ok
2026-10-08T23:34:21.2743252Z test nonzero_exit_and_launch_refusal_remain_distinct_observations ... ok
2026-10-08T23:34:21.2793524Z test std_host_executes_without_a_shell_and_keeps_environment_exact ... ok
2026-10-08T23:34:21.2855147Z test stdout_is_drained_but_retained_only_to_the_declared_bound ... ok
2026-10-08T23:34:21.2855311Z 
2026-10-08T23:34:21.2855504Z test result: ok. 5 passed; 0 failed; 0 ignored; 0 measured; 0 filtered out; finished in 0.04s
2026-10-08T23:34:21.2857839Z [1m[92m     Running[0m tests/hosted_model.rs (target/debug/deps/hosted_model-42b38fe5fcbed672)
2026-10-08T23:34:21.2858150Z 
2026-10-08T23:34:21.2865074Z 
2026-10-08T23:34:21.2865162Z running 4 tests
2026-10-08T23:34:21.2936178Z test changed_artifact_bytes_and_runtime_identity_refuse_before_invocation ... ok
2026-10-08T23:34:21.3001659Z test corrupt_bytes_refuse_even_when_extent_and_reference_are_well_formed ... ok
2026-10-08T23:34:21.3067139Z test std_host_loads_and_invokes_one_non_llm_artifact_with_separate_evidence ... ok
2026-10-08T23:34:21.3133007Z test std_host_runs_an_exact_selected_checkpoint_and_records_it ... ok
2026-10-08T23:34:21.3133480Z 
2026-10-08T23:34:21.3133912Z test result: ok. 4 passed; 0 failed; 0 ignored; 0 measured; 0 filtered out; finished in 0.03s
2026-10-08T23:34:21.3134212Z 
2026-10-08T23:34:21.3135315Z [1m[92m     Running[0m tests/hosted_network.rs (target/debug/deps/hosted_network-970d309182312e18)
2026-10-08T23:34:21.3142475Z 
2026-10-08T23:34:21.3142566Z running 3 tests
2026-10-08T23:34:21.3149679Z test stale_lost_and_refused_remain_distinct ... ok
2026-10-08T23:34:21.3156486Z test std_connection_lifecycle_uses_endpoints_not_socket_integers ... ok
2026-10-08T23:34:21.3161646Z test std_resolver_emits_typed_candidates_without_inventing_ttl ... ok
2026-10-08T23:34:21.3161898Z 
2026-10-08T23:34:21.3162204Z test result: ok. 3 passed; 0 failed; 0 ignored; 0 measured; 0 filtered out; finished in 0.00s
2026-10-08T23:34:21.3162503Z 
2026-10-08T23:34:21.3164319Z [1m[92m     Running[0m tests/hosted_vector_index.rs (target/debug/deps/hosted_vector_index-c059cff0f3b26ff1)
2026-10-08T23:34:21.3172371Z 
2026-10-08T23:34:21.3172469Z running 8 tests
2026-10-08T23:34:21.3315893Z test construction_bounds_and_zero_cosine_vectors_refuse_before_lifecycle_change ... ok
2026-10-08T23:34:21.3963001Z test fixed_seed_produces_repeatable_fixture_candidates_without_claiming_exactness ... ok
2026-10-08T23:34:21.4248205Z test hosted_backend_identity_profile_and_rebuild_generation_are_exact ... ok
2026-10-08T23:34:21.4624199Z test portable_metadata_and_latest_temporal_intent_filter_real_hnsw_candidates ... ok
2026-10-08T23:34:21.5187384Z test provider_loss_stale_generation_and_hidden_mutation_refuse_distinctly ... ok
2026-10-08T23:34:21.6137333Z test real_hnsw_is_approximate_and_compares_honestly_with_exact_oracle ... ok
2026-10-08T23:34:21.6175148Z test unauthorized_rebuild_and_tampered_provider_identity_never_become_current ... ok
2026-10-08T23:34:21.6506595Z test work_authority_binding_and_empty_portable_filter_are_exact ... ok
2026-10-08T23:34:21.6506882Z 
2026-10-08T23:34:21.6507202Z test result: ok. 8 passed; 0 failed; 0 ignored; 0 measured; 0 filtered out; finished in 0.33s
2026-10-08T23:34:21.6507507Z 
2026-10-08T23:34:21.6509052Z [1m[92m     Running[0m tests/hosted_vector_search_plan.rs (target/debug/deps/hosted_vector_search_plan-1d1f877e851659b6)
2026-10-08T23:34:21.6524157Z 
2026-10-08T23:34:21.6524246Z running 2 tests
2026-10-08T23:34:21.6536272Z test incompatible_or_underprovisioned_host_refuses_before_a_plan_exists ... ok
2026-10-08T23:34:21.6548352Z test one_authored_vector_search_plans_to_materially_distinct_exact_and_hnsw_backends ... ok
2026-10-08T23:34:21.6548680Z 
2026-10-08T23:34:21.6548995Z test result: ok. 2 passed; 0 failed; 0 ignored; 0 measured; 0 filtered out; finished in 0.00s
2026-10-08T23:34:21.6549290Z 
2026-10-08T23:34:21.6551502Z [1m[92m     Running[0m tests/house_loss_continuity.rs (target/debug/deps/house_loss_continuity-131d8e313e7c2264)
2026-10-08T23:34:21.6565386Z 
2026-10-08T23:34:21.6565473Z running 1 test
2026-10-08T23:34:21.6971297Z test one_house_keeps_unrelated_plot_running_after_another_host_is_lost ... ok
2026-10-08T23:34:21.6971568Z 
2026-10-08T23:34:21.6971880Z test result: ok. 1 passed; 0 failed; 0 ignored; 0 measured; 0 filtered out; finished in 0.04s
2026-10-08T23:34:21.6972168Z 
2026-10-08T23:34:21.6977042Z [1m[92m     Running[0m tests/http_hosted.rs (target/debug/deps/http_hosted-c6c8236a33578110)
2026-10-08T23:34:21.6991014Z 
2026-10-08T23:34:21.6991097Z running 2 tests
2026-10-08T23:34:21.7030668Z test operator_cancellation_releases_the_admitted_listener_before_accept ... ok
2026-10-08T23:34:21.7099622Z test production_http_gears_execute_four_real_correlated_exchanges ... ok
2026-10-08T23:34:21.7099909Z 
2026-10-08T23:34:21.7100220Z test result: ok. 2 passed; 0 failed; 0 ignored; 0 measured; 0 filtered out; finished in 0.01s
2026-10-08T23:34:21.7100514Z 
2026-10-08T23:34:21.7104580Z [1m[92m     Running[0m tests/http_identity_classes.rs (target/debug/deps/http_identity_classes-2f49f725ebc50eb8)
2026-10-08T23:34:21.7112443Z 
2026-10-08T23:34:21.7112515Z running 1 test
2026-10-08T23:34:21.7118784Z test http_names_keep_friendly_families_separate_from_exact_contract_truth ... ok
2026-10-08T23:34:21.7119074Z 
2026-10-08T23:34:21.7119570Z test result: ok. 1 passed; 0 failed; 0 ignored; 0 measured; 0 filtered out; finished in 0.00s
2026-10-08T23:34:21.7119858Z 
2026-10-08T23:34:21.7120812Z [1m[92m     Running[0m tests/indicator_resource.rs (target/debug/deps/indicator_resource-c11c859463f9010e)
2026-10-08T23:34:21.7133912Z 
2026-10-08T23:34:21.7133997Z running 4 tests
2026-10-08T23:34:21.7358764Z test acquired_indicator_honors_all_eight_admitted_transitions ... ok
2026-10-08T23:34:21.7558666Z test canonical_plot_completes_only_through_exact_indicator_adapter ... ok
2026-10-08T23:34:21.8682963Z test failed_acknowledgment_and_replaced_provider_do_not_become_success ... ok
2026-10-08T23:34:21.9612269Z test missing_or_stale_adapter_refuses_before_input_is_polled ... ok
2026-10-08T23:34:21.9612534Z 
2026-10-08T23:34:21.9612991Z test result: ok. 4 passed; 0 failed; 0 ignored; 0 measured; 0 filtered out; finished in 0.25s
2026-10-08T23:34:21.9613289Z 
2026-10-08T23:34:21.9618648Z [1m[92m     Running[0m tests/ipa_authoring_journey.rs (target/debug/deps/ipa_authoring_journey-e8f6f82537788670)
2026-10-08T23:34:21.9634309Z 
2026-10-08T23:34:21.9634436Z running 7 tests
2026-10-08T23:34:22.2003431Z test constructor_unit_and_text_bounds_refuse_without_truncation ... ok
2026-10-08T23:34:22.6323613Z test explicit_syllable_boundary_cannot_be_erased_inside_one_phoneme ... ok
2026-10-08T23:34:23.0547058Z test orphan_mark_and_invalid_boundaries_return_located_native_outcomes ... ok
2026-10-08T23:34:23.8678815Z test phonemic_source_requires_exact_inventory_revision_and_membership ... ok
2026-10-08T23:34:23.8777132Z test quoted_ipa_cst_highlighter_and_literal_serialization_preserve_utf8 ... ok
2026-10-08T23:34:24.0385686Z test quoted_unicode_constructor_runs_actual_standard_hostcall_without_inventory ... ok
2026-10-08T23:34:24.2877481Z test single_phone_keeps_unknown_identity_and_cannot_decode_as_phoneme ... ok
2026-10-08T23:34:24.2877774Z 
2026-10-08T23:34:24.2878101Z test result: ok. 7 passed; 0 failed; 0 ignored; 0 measured; 0 filtered out; finished in 2.32s
2026-10-08T23:34:24.2878402Z 
2026-10-08T23:34:24.2885749Z [1m[92m     Running[0m tests/isolated_base_security.rs (target/debug/deps/isolated_base_security-b771108f3a19221d)
2026-10-08T23:34:24.2896440Z 
2026-10-08T23:34:24.2896594Z running 0 tests
2026-10-08T23:34:24.2896743Z 
2026-10-08T23:34:24.2896956Z test result: ok. 0 passed; 0 failed; 0 ignored; 0 measured; 0 filtered out; finished in 0.00s
2026-10-08T23:34:24.2897152Z 
2026-10-08T23:34:24.2898430Z [1m[92m     Running[0m tests/isolated_file_copy.rs (target/debug/deps/isolated_file_copy-f8a544bd613d178c)
2026-10-08T23:34:24.2905665Z 
2026-10-08T23:34:24.2905749Z running 0 tests
2026-10-08T23:34:24.2905856Z 
2026-10-08T23:34:24.2906161Z test result: ok. 0 passed; 0 failed; 0 ignored; 0 measured; 0 filtered out; finished in 0.00s
2026-10-08T23:34:24.2906471Z 
2026-10-08T23:34:24.2907651Z [1m[92m     Running[0m tests/isolated_http_base.rs (target/debug/deps/isolated_http_base-6d7f784832bae020)
2026-10-08T23:34:24.2914518Z 
2026-10-08T23:34:24.2914657Z running 0 tests
2026-10-08T23:34:24.2914765Z 
2026-10-08T23:34:24.2915040Z test result: ok. 0 passed; 0 failed; 0 ignored; 0 measured; 0 filtered out; finished in 0.00s
2026-10-08T23:34:24.2915224Z 
2026-10-08T23:34:24.2916656Z [1m[92m     Running[0m tests/linguistics_plots.rs (target/debug/deps/linguistics_plots-d739a8b0da9e60b1)
2026-10-08T23:34:24.2925689Z 
2026-10-08T23:34:24.2925779Z running 6 tests
2026-10-08T23:34:24.3235699Z test canonical_plot_tokenizes_and_projects_annotations_without_json ... ok
2026-10-08T23:34:24.3352575Z test library_annotations_and_dependencies_are_finite_and_exact ... ok
2026-10-08T23:34:24.3473002Z test model_provenance_is_distinct_and_provider_token_ids_are_not_semantics ... ok
2026-10-08T23:34:24.3715449Z test shipped_english_specimen_refuses_valid_french_before_realization ... ok
2026-10-08T23:34:24.3718304Z test tokenizer_refuses_non_four_token_and_oversized_inputs ... ok
2026-10-08T23:34:24.3739089Z test tokenizer_uses_unicode_scalar_spans_and_explicit_optional_fields ... ok
2026-10-08T23:34:24.3739385Z 
2026-10-08T23:34:24.3739582Z test result: ok. 6 passed; 0 failed; 0 ignored; 0 measured; 0 filtered out; finished in 0.08s
2026-10-08T23:34:24.3739774Z 
2026-10-08T23:34:24.3743502Z [1m[92m     Running[0m tests/live_conversation.rs (target/debug/deps/live_conversation-9b33bb0db898625a)
2026-10-08T23:34:24.3753482Z 
2026-10-08T23:34:24.3753579Z running 3 tests
2026-10-08T23:34:24.3817905Z test canonical_live_conversation_is_one_reviewed_temporal_plot ... ok
2026-10-08T23:34:24.3874704Z test spoken_live_conversation_wraps_the_unchanged_pipeline_with_portable_audio_edges ... ok
2026-10-08T23:34:24.3971947Z test unchanged_live_conversation_source_plans_across_compatible_hosts ... ok
2026-10-08T23:34:24.3972153Z 
2026-10-08T23:34:24.3972361Z test result: ok. 3 passed; 0 failed; 0 ignored; 0 measured; 0 filtered out; finished in 0.02s
2026-10-08T23:34:24.3972550Z 
2026-10-08T23:34:24.3975702Z [1m[92m     Running[0m tests/live_conversation_execution.rs (target/debug/deps/live_conversation_execution-3b51168613b3200f)
2026-10-08T23:34:24.3984442Z 
2026-10-08T23:34:24.3984537Z running 2 tests
2026-10-08T23:34:24.4050904Z test checked_live_plot_executes_one_streaming_turn_with_fake_asr_model_and_tts ... ok
2026-10-08T23:34:24.4053808Z test committed_external_barge_in_cancels_generation_and_pending_speech_exactly ... ok
2026-10-08T23:34:24.4054110Z 
2026-10-08T23:34:24.4054412Z test result: ok. 2 passed; 0 failed; 0 ignored; 0 measured; 0 filtered out; finished in 0.01s
2026-10-08T23:34:24.4054602Z 
2026-10-08T23:34:24.4056893Z [1m[92m     Running[0m tests/memory_lantern_history_storage.rs (target/debug/deps/memory_lantern_history_storage-d13d9ae9d6df7397)
2026-10-08T23:34:24.4063847Z 
2026-10-08T23:34:24.4063934Z running 4 tests
2026-10-08T23:34:24.4066843Z test durable_fixture_preserves_history_across_same_host_fresh_boot ... ok
2026-10-08T23:34:24.4069251Z test identical_semantic_history_round_trips_through_fixed_and_hosted_kernel_storage ... ok
2026-10-08T23:34:24.4069954Z test storage_capacity_failure_remains_distinct_from_history_codec_failure ... ok
2026-10-08T23:34:24.4072178Z test unavailable_corrupt_quota_and_replay_failure_remain_distinct ... ok
2026-10-08T23:34:24.4072424Z 
2026-10-08T23:34:24.4072998Z test result: ok. 4 passed; 0 failed; 0 ignored; 0 measured; 0 filtered out; finished in 0.00s
2026-10-08T23:34:24.4073184Z 
2026-10-08T23:34:24.4074658Z [1m[92m     Running[0m tests/messaging_plots.rs (target/debug/deps/messaging_plots-090fb17773bde855)
2026-10-08T23:34:24.4083609Z 
2026-10-08T23:34:24.4083699Z running 6 tests
2026-10-08T23:34:24.4100706Z test attachment_is_an_exact_bounded_resource_not_inline_content ... ok
2026-10-08T23:34:24.4122333Z test canonical_plot_constructs_and_routes_one_structured_message ... ok
2026-10-08T23:34:24.4132188Z test duplicate_cancel_authority_refusal_and_retry_limit_are_explicit ... ok
2026-10-08T23:34:24.4134245Z test lifecycle_and_separate_notification_presence_families_are_finite ... ok
2026-10-08T23:34:24.4139638Z test provider_evidence_never_promotes_acknowledgement_to_delivery ... ok
2026-10-08T23:34:24.4144495Z test provider_neutral_text_fixture_exposes_exact_authorized_request_without_attachment ... ok
2026-10-08T23:34:24.4144825Z 
2026-10-08T23:34:24.4145018Z test result: ok. 6 passed; 0 failed; 0 ignored; 0 measured; 0 filtered out; finished in 0.01s
2026-10-08T23:34:24.4145201Z 
2026-10-08T23:34:24.4147275Z [1m[92m     Running[0m tests/model_compute_host.rs (target/debug/deps/model_compute_host-f339f6c9b1ed73f2)
2026-10-08T23:34:24.4154740Z 
2026-10-08T23:34:24.4154914Z running 2 tests
2026-10-08T23:34:24.4158004Z test reference_adapter_proves_exact_boundary_and_real_linear_model_computes ... ok
2026-10-08T23:34:24.4159091Z test wrong_loaded_model_and_known_resource_mismatch_refuse_before_compute ... ok
2026-10-08T23:34:24.4159612Z 
2026-10-08T23:34:24.4159824Z test result: ok. 2 passed; 0 failed; 0 ignored; 0 measured; 0 filtered out; finished in 0.00s
2026-10-08T23:34:24.4161232Z [1m[92m     Running[0m tests/native_speech.rs (target/debug/deps/native_speech-ac4a974f270b0420)
2026-10-08T23:34:24.4161560Z 
2026-10-08T23:34:24.4174580Z 
2026-10-08T23:34:24.4174686Z running 3 tests
2026-10-08T23:34:24.9361369Z test installed_host_runs_native_voice_and_closes_after_exact_pcm_delivery ... ok
2026-10-08T23:34:24.9528000Z test installed_native_voice_refuses_other_languages_and_pronunciation_varieties_before_play ... ok
2026-10-08T23:34:24.9667797Z test minimal_and_reference_compositions_truthfully_select_the_native_family ... FAILED
2026-10-08T23:34:24.9668008Z 
2026-10-08T23:34:24.9668070Z failures:
2026-10-08T23:34:24.9669232Z 
2026-10-08T23:34:24.9669571Z ---- minimal_and_reference_compositions_truthfully_select_the_native_family stdout ----
2026-10-08T23:34:24.9669886Z 
2026-10-08T23:34:24.9670457Z thread 'minimal_and_reference_compositions_truthfully_select_the_native_family' (12918) panicked at targets/std/tests/native_speech.rs:197:5:
2026-10-08T23:34:24.9671078Z assertion `left == right` failed
2026-10-08T23:34:24.9976185Z   left: [CapabilityOffer { startup_parameters: [FrontStartupParameter { name: "clock", value_type: KindId("value/count"), has_default: false }, FrontStartupParameter { name: "language-request", value_type: KindId("structured-info/profile-53bfcdfea779cbb219ad51a6a7d336a4c98bf0238accfe101da1822a0fbff1fc@1"), has_default: false }], shorthand: None, capability_id: CapabilityId("native-english-speech"), kind_id: KindId("speech/utterance"), kind_contract_revision: KindIdentity("conduit.speech/utterance@2"), inputs: [PortDescriptor { port_id: PortId("text"), value_kind: KindId("value/text"), direction: Input, temporal: Value, abnormal_kind: None }], outputs: [PortDescriptor { port_id: PortId("audio"), value_kind: KindId("audio/pcm-frames@1"), direction: Output, temporal: Flow { closes: true }, abnormal_kind: None }], semantic_contract: KindSemanticContract { configuration: [KindConfigurationField { key: "clock", default_value: U64(1), rule: U64Range { minimum: 1, maximum: 18446744073709551615 } }, KindConfigurationField { key: "language-request", default_value: Structured(StructuredConfigurationValue { profile: KindId("structured-info/profile-53bfcdfea779cbb219ad51a6a7d336a4c98bf0238accfe101da1822a0fbff1fc@1"), canonical_value: [2, 85, 0, 0, 0, 116, 121, 112, 101, 47, 76, 97, 110, 103, 117, 97, 103, 101, 82, 101, 113, 117, 101, 115, 116, 64, 54, 100, 102, 53, 97, 49, 51, 57, 57, 57, 53, 101, 101, 48, 100, 98, 101, 100, 97, 99, 57, 55, 51, 55, 101, 49, 49, 99, 97, 54, 50, 53, 101, 48, 97, 57, 97, 51, 51, 101, 55, 52, 52, 49, 54, 56, 48, 53, 99, 48, 50, 99, 49, 101, 56, 51, 98, 53, 98, 52, 99, 50, 101, 54, 3, 0, 0, 0, 8, 0, 0, 0, 108, 97, 110, 103, 117, 97, 103, 101, 5, 80, 0, 0, 0, 116, 121, 112, 101, 47, 76, 97, 110, 103, 117, 97, 103, 101, 73, 100, 64, 102, 52, 99, 53, 50, 53, 49, 49, 98, 48, 98, 57, 51, 55, 50, 99, 55, 98, 52, 51, 49, 98, 100, 101, 102, 57, 102, 101, 51, 50, 100, 50, 101, 49, 98, 101, 49, 99, 98, 54, 55, 53, 48, 55, 49, 54, 51, 53, 101, 100, 100, 55, 54, 51, 102, 48, 49, 99, 99, 53, 56, 54, 51, 100, 0, 10, 0, 0, 0, 118, 97, 108, 117, 101, 47, 116, 101, 120, 116, 7, 0, 0, 0, 118, 97, 114, 105, 101, 116, 121, 3, 30, 0, 0, 0, 99, 111, 110, 100, 117, 105, 116, 46, 99, 111, 110, 100, 117, 105, 116, 101, 115, 101, 46, 111, 112, 116, 105, 111, 110, 97, 108, 46, 118, 49, 2, 0, 0, 0, 4, 0, 0, 0, 110, 111, 110, 101, 0, 10, 0, 0, 0, 118, 97, 108, 117, 101, 47, 117, 110, 105, 116, 4, 0, 0, 0, 115, 111, 109, 101, 2, 85, 0, 0, 0, 116, 121, 112, 101, 47, 76, 97, 110, 103, 117, 97, 103, 101, 86, 97, 114, 105, 101, 116, 121, 64, 51, 49, 101, 102, 48, 48, 102, 98, 99, 100, 50, 48, 55, 50, 48, 49, 101, 98, 49, 102, 49, 50, 50, 52, 57, 101, 53, 57, 53, 52, 50, 51, 55, 52, 54, 55, 98, 54, 100, 54, 55, 55, 98, 56, 102, 98, 53, 55, 51, 97, 55, 57, 56, 97, 55, 101, 56, 98, 98, 97, 53, 48, 54, 100, 2, 0, 0, 0, 8, 0, 0, 0, 105, 100, 101, 110, 116, 105, 116, 121, 5, 79, 0, 0, 0, 116, 121, 112, 101, 47, 86, 97, 114, 105, 101, 116, 121, 73, 100, 64, 50, 102, 97, 51, 55, 56, 48, 53, 52, 100, 51, 56, 100, 57, 56, 48, 102, 101, 48, 98, 99, 55, 55, 100, 48, 99, 48, 52, 56, 100, 102, 100, 97, 99, 100, 102, 56, 55, 57, 100, 55, 52, 53, 48, 53, 98, 102, 101, 51, 50, 56, 102, 99, 100, 100, 100, 98, 54, 56, 101, 54, 56, 56, 54, 0, 10, 0, 0, 0, 118, 97, 108, 117, 101, 47, 116, 101, 120, 116, 8, 0, 0, 0, 108, 97, 110, 103, 117, 97, 103, 101, 5, 80, 0, 0, 0, 116, 121, 112, 101, 47, 76, 97, 110, 103, 117, 97, 103, 101, 73, 100, 64, 102, 52, 99, 53, 50, 53, 49, 49, 98, 48, 98, 57, 51, 55, 50, 99, 55, 98, 52, 51, 49, 98, 100, 101, 102, 57, 102, 101, 51, 50, 100, 50, 101, 49, 98, 101, 49, 99, 98, 54, 55, 53, 48, 55, 49, 54, 51, 53, 101, 100, 100, 55, 54, 51, 102, 48, 49, 99, 99, 53, 56, 54, 51, 100, 0, 10, 0, 0, 0, 118, 97, 108, 117, 101, 47, 116, 101, 120, 116, 14, 0, 0, 0, 118, 97, 114, 105, 101, 116, 121, 95, 112, 111, 108, 105, 99, 121, 3, 91, 0, 0, 0, 116, 121, 112, 101, 47, 76, 97, 110, 103, 117, 97, 103, 101, 86, 97, 114, 105, 101, 116, 121, 80, 111, 108, 105, 99, 121, 64, 99, 101, 100, 48, 52, 53, 51, 53, 100, 54, 54, 102, 55, 97, 101, 54, 55, 52, 50, 98, 101, 50, 50, 52, 57, 101, 51, 51, 102, 101, 100, 56, 56, 53, 57, 49, 50, 101, 51, 55, 48, 100, 53, 99, 102, 55, 55, 99, 54, 99, 97, 101, 54, 50, 49, 55, 97, 53, 49, 52, 98, 55, 49, 102, 2, 0, 0, 0, 13, 0, 0, 0, 101, 120, 97, 99, 116, 95, 118, 97, 114, 105, 101, 116, 121, 0, 10, 0, 0, 0, 118, 97, 108, 117, 101, 47, 117, 110, 105, 116, 19, 0, 0, 0, 108, 97, 110, 103, 117, 97, 103, 101, 95, 115, 117, 102, 102, 105, 99, 105, 101, 110, 116, 0, 10, 0, 0, 0, 118, 97, 108, 117, 101, 47, 117, 110, 105, 116, 2, 3, 0, 0, 0, 8, 0, 0, 0, 108, 97, 110, 103, 117, 97, 103, 101, 0, 19, 0, 0, 0, 114, 101, 113, 117, 101, 115, 116, 47, 112, 108, 97, 99, 101, 104, 111, 108, 100, 101, 114, 7, 0, 0, 0, 118, 97, 114, 105, 101, 116, 121, 3, 4, 0, 0, 0, 110, 111, 110, 101, 0, 0, 0, 0, 0, 14, 0, 0, 0, 118, 97, 114, 105, 101, 116, 121, 95, 112, 111, 108, 105, 99, 121, 3, 19, 0, 0, 0, 108, 97, 110, 103, 117, 97, 103, 101, 95, 115, 117, 102, 102, 105, 99, 105, 101, 110, 116, 0, 0, 0, 0, 0] }), rule: Structured { profile: KindId("structured-info/profile-53bfcdfea779cbb219ad51a6a7d336a4c98bf0238accfe101da1822a0fbff1fc@1") } }], laws: [ValueContracts([FrontValueContract { location: Input(PortId("text")), contract: CheckedValueContract { value_kind: KindId("value/text"), maximum_bytes: 512, constraints: [] } }, FrontValueContract { location: Output(PortId("audio")), contract: CheckedValueContract { value_kind: KindId("audio/pcm-frames@1"), maximum_bytes: 285, constraints: [] } }]), RealizationRequirement { property_profile: KindId("structured-info/profile-b91f7c29bf99243ac44dc3bafc6da371a70db910461ec6c8481195a0aac7a6f6@1"), configuration_key: "language-request" }] }, implementation: ImplementationOffer { execution_profile_id: ExecutionProfileId("conduit-native/english-s16le-8000-mono@1"), implementation_id: ImplementationId("conduit-native/checked-english-speech@3"), artifact_id: ArtifactId("conduit-native/checked-english-speech@3/e32625cfc05466b33c2a1ff08e05a9a15e1e2380942bf1cd4758c1172f260511") }, state_retention: None, realization_properties: [StructuredConfigurationValue { profile: KindId("structured-info/profile-b91f7c29bf99243ac44dc3bafc6da371a70db910461ec6c8481195a0aac7a6f6@1"), canonical_value: [2, 86, 0, 0, 0, 116, 121, 112, 101, 47, 76, 97, 110, 103, 117, 97, 103, 101, 67, 111, 118, 101, 114, 97, 103, 101, 64, 53, 102, 98, 55, 97, 57, 99, 100, 56, 100, 52, 97, 102, 51, 57, 52, 52, 101, 100, 51, 55, 49, 55, 49, 53, 49, 99, 99, 52, 53, 101, 97, 57, 57, 99, 52, 97, 50, 55, 49, 99, 55, 54, 55, 49, 50, 99, 99, 50, 97, 56, 97, 57, 53, 54, 55, 100, 54, 56, 48, 51, 52, 57, 101, 6, 0, 0, 0, 8, 0, 0, 0, 101, 118, 105, 100, 101, 110, 99, 101, 0, 10, 0, 0, 0, 118, 97, 108, 117, 101, 47, 116, 101, 120, 116, 9, 0, 0, 0, 108, 97, 110, 103, 117, 97, 103, 101, 115, 4, 0, 0, 64, 0, 5, 80, 0, 0, 0, 116, 121, 112, 101, 47, 76, 97, 110, 103, 117, 97, 103, 101, 73, 100, 64, 102, 52, 99, 53, 50, 53, 49, 49, 98, 48, 98, 57, 51, 55, 50, 99, 55, 98, 52, 51, 49, 98, 100, 101, 102, 57, 102, 101, 51, 50, 100, 50, 101, 49, 98, 101, 49, 99, 98, 54, 55, 53, 48, 55, 49, 54, 51, 53, 101, 100, 100, 55, 54, 51, 102, 48, 49, 99, 99, 53, 56, 54, 51, 100, 0, 10, 0, 0, 0, 118, 97, 108, 117, 101, 47, 116, 101, 120, 116, 8, 0, 0, 0, 109, 97, 112, 112, 105, 110, 103, 115, 4, 0, 0, 32, 0, 2, 96, 0, 0, 0, 116, 121, 112, 101, 47, 76, 97, 110, 103, 117, 97, 103, 101, 77, 97, 112, 112, 105, 110, 103, 68, 101, 99, 108, 97, 114, 97, 116, 105, 111, 110, 64, 101, 102, 100, 101, 48, 49, 99, 102, 53, 49, 48, 101, 56, 100, 98, 57, 48, 49, 97, 48, 54, 55, 51, 54, 48, 102, 98, 53, 48, 49, 53, 56, 100, 56, 48, 97, 53, 49, 99, 99, 54, 51, 53, 51, 97, 50, 97, 98, 102, 97, 97, 98, 100, 57, 100, 56, 97, 54, 98, 99, 102, 55, 99, 100, 3, 0, 0, 0, 8, 0, 0, 0, 101, 120, 116, 101, 114, 110, 97, 108, 2, 94, 0, 0, 0, 116, 121, 112, 101, 47, 76, 97, 110, 103, 117, 97, 103, 101, 69, 120, 116, 101, 114, 110, 97, 108, 73, 100, 101, 110, 116, 105, 116, 121, 64, 51, 97, 51, 55, 52, 102, 49, 50, 101, 100, 97, 52, 48, 100, 102, 97, 53, 55, 101, 97, 98, 51, 57, 100, 97, 99, 57, 101, 56, 50, 50, 100, 50, 100, 100, 102, 50, 102, 99, 54, 99, 100, 99, 99, 56, 52, 57, 54, 50, 55, 48, 51, 53, 100, 101, 53, 48, 56, 99, 100, 53, 53, 52, 98, 2, 0, 0, 0, 8, 0, 0, 0, 99, 111, 110, 116, 114, 97, 99, 116, 0, 10, 0, 0, 0, 118, 97, 108, 117, 101, 47, 116, 101, 120, 116, 4, 0, 0, 0, 110, 97, 109, 101, 0, 10, 0, 0, 0, 118, 97, 108, 117, 101, 47, 116, 101, 120, 116, 8, 0, 0, 0, 108, 97, 110, 103, 117, 97, 103, 101, 5, 80, 0, 0, 0, 116, 121, 112, 101, 47, 76, 97, 110, 103, 117, 97, 103, 101, 73, 100, 64, 102, 52, 99, 53, 50, 53, 49, 49, 98, 48, 98, 57, 51, 55, 50, 99, 55, 98, 52, 51, 49, 98, 100, 101, 102, 57, 102, 101, 51, 50, 100, 50, 101, 49, 98, 101, 49, 99, 98, 54, 55, 53, 48, 55, 49, 54, 51, 53, 101, 100, 100, 55, 54, 51, 102, 48, 49, 99, 99, 53, 56, 54, 51, 100, 0, 10, 0, 0, 0, 118, 97, 108, 117, 101, 47, 116, 101, 120, 116, 7, 0, 0, 0, 118, 97, 114, 105, 101, 116, 121, 3, 30, 0, 0, 0, 99, 111, 110, 100, 117, 105, 116, 46, 99, 111, 110, 100, 117, 105, 116, 101, 115, 101, 46, 111, 112, 116, 105, 111, 110, 97, 108, 46, 118, 49, 2, 0, 0, 0, 4, 0, 0, 0, 110, 111, 110, 101, 0, 10, 0, 0, 0, 118, 97, 108, 117, 101, 47, 117, 110, 105, 116, 4, 0, 0, 0, 115, 111, 109, 101, 2, 85, 0, 0, 0, 116, 121, 112, 101, 47, 76, 97, 110, 103, 117, 97, 103, 101, 86, 97, 114, 105, 101, 116, 121, 64, 51, 49, 101, 102, 48, 48, 102, 98, 99, 100, 50, 48, 55, 50, 48, 49, 101, 98, 49, 102, 49, 50, 50, 52, 57, 101, 53, 57, 53, 52, 50, 51, 55, 52, 54, 55, 98, 54, 100, 54, 55, 55, 98, 56, 102, 98, 53, 55, 51, 97, 55, 57, 56, 97, 55, 101, 56, 98, 98, 97, 53, 48, 54, 100, 2, 0, 0, 0, 8, 0, 0, 0, 105, 100, 101, 110, 116, 105, 116, 121, 5, 79, 0, 0, 0, 116, 121, 112, 101, 47, 86, 97, 114, 105, 101, 116, 121, 73, 100, 64, 50, 102, 97, 51, 55, 56, 48, 53, 52, 100, 51, 56, 100, 57, 56, 48, 102, 101, 48, 98, 99, 55, 55, 100, 48, 99, 48, 52, 56, 100, 102, 100, 97, 99, 100, 102, 56, 55, 57, 100, 55, 52, 53, 48, 53, 98, 102, 101, 51, 50, 56, 102, 99, 100, 100, 100, 98, 54, 56, 101, 54, 56, 56, 54, 0, 10, 0, 0, 0, 118, 97, 108, 117, 101, 47, 116, 101, 120, 116, 8, 0, 0, 0, 108, 97, 110, 103, 117, 97, 103, 101, 5, 80, 0, 0, 0, 116, 121, 112, 101, 47, 76, 97, 110, 103, 117, 97, 103, 101, 73, 100, 64, 102, 52, 99, 53, 50, 53, 49, 49, 98, 48, 98, 57, 51, 55, 50, 99, 55, 98, 52, 51, 49, 98, 100, 101, 102, 57, 102, 101, 51, 50, 100, 50, 101, 49, 98, 101, 49, 99, 98, 54, 55, 53, 48, 55, 49, 54, 51, 53, 101, 100, 100, 55, 54, 51, 102, 48, 49, 99, 99, 53, 56, 54, 51, 100, 0, 10, 0, 0, 0, 118, 97, 108, 117, 101, 47, 116, 101, 120, 116, 8, 0, 0, 0, 114, 101, 118, 105, 115, 105, 111, 110, 0, 10, 0, 0, 0, 118, 97, 108, 117, 101, 47, 116, 101, 120, 116, 9, 0, 0, 0, 118, 97, 114, 105, 101, 116, 105, 101, 115, 4, 0, 0, 32, 0, 2, 85, 0, 0, 0, 116, 121, 112, 101, 47, 76, 97, 110, 103, 117, 97, 103, 101, 86, 97, 114, 105, 101, 116, 121, 64, 51, 49, 101, 102, 48, 48, 102, 98, 99, 100, 50, 48, 55, 50, 48, 49, 101, 98, 49, 102, 49, 50, 50, 52, 57, 101, 53, 57, 53, 52, 50, 51, 55, 52, 54, 55, 98, 54, 100, 54, 55, 55, 98, 56, 102, 98, 53, 55, 51, 97, 55, 57, 56, 97, 55, 101, 56, 98, 98, 97, 53, 48, 54, 100, 2, 0, 0, 0, 8, 0, 0, 0, 105, 100, 101, 110, 116, 105, 116, 121, 5, 79, 0, 0, 0, 116, 121, 112, 101, 47, 86, 97, 114, 105, 101, 116, 121, 73, 100, 64, 50, 102, 97, 51, 55, 56, 48, 53, 52, 100, 51, 56, 100, 57, 56, 48, 102, 101, 48, 98, 99, 55, 55, 100, 48, 99, 48, 52, 56, 100, 102, 100, 97, 99, 100, 102, 56, 55, 57, 100, 55, 52, 53, 48, 53, 98, 102, 101, 51, 50, 56, 102, 99, 100, 100, 100, 98, 54, 56, 101, 54, 56, 56, 54, 0, 10, 0, 0, 0, 118, 97, 108, 117, 101, 47, 116, 101, 120, 116, 8, 0, 0, 0, 108, 97, 110, 103, 117, 97, 103, 101, 5, 80, 0, 0, 0, 116, 121, 112, 101, 47, 76, 97, 110, 103, 117, 97, 103, 101, 73, 100, 64, 102, 52, 99, 53, 50, 53, 49, 49, 98, 48, 98, 57, 51, 55, 50, 99, 55, 98, 52, 51, 49, 98, 100, 101, 102, 57, 102, 101, 51, 50, 100, 50, 101, 49, 98, 101, 49, 99, 98, 54, 55, 53, 48, 55, 49, 54, 51, 53, 101, 100, 100, 55, 54, 51, 102, 48, 49, 99, 99, 53, 56, 54, 51, 100, 0, 10, 0, 0, 0, 118, 97, 108, 117, 101, 47, 116, 101, 120, 116, 17, 0, 0, 0, 118, 97, 114, 105, 101, 116, 121, 95, 115, 101, 110, 115, 105, 116, 105, 118, 101, 0, 10, 0, 0, 0, 118, 97, 108, 117, 101, 47, 98, 111, 111, 108, 2, 6, 0, 0, 0, 8, 0, 0, 0, 101, 118, 105, 100, 101, 110, 99, 101, 0, 40, 0, 0, 0, 114, 101, 112, 111, 115, 105, 116, 111, 114, 121, 47, 110, 97, 116, 105, 118, 101, 45, 101, 110, 103, 108, 105, 115, 104, 45, 99, 104, 101, 99, 107, 101, 100, 45, 115, 111, 117, 114, 99, 101, 9, 0, 0, 0, 108, 97, 110, 103, 117, 97, 103, 101, 115, 1, 1, 0, 0, 0, 0, 16, 0, 0, 0, 108, 97, 110, 103, 117, 97, 103, 101, 47, 101, 110, 103, 108, 105, 115, 104, 8, 0, 0, 0, 109, 97, 112, 112, 105, 110, 103, 115, 1, 0, 0, 0, 0, 8, 0, 0, 0, 114, 101, 118, 105, 115, 105, 111, 110, 0, 16, 0, 0, 0, 110, 97, 116, 105, 118, 101, 45, 101, 110, 103, 108, 105, 115, 104, 64, 50, 9, 0, 0, 0, 118, 97, 114, 105, 101, 116, 105, 101, 115, 1, 1, 0, 0, 0, 2, 2, 0, 0, 0, 8, 0, 0, 0, 105, 100, 101, 110, 116, 105, 116, 121, 0, 30, 0, 0, 0, 112, 114, 111, 110, 117, 110, 99, 105, 97, 116, 105, 111, 110, 47, 110, 97, 116, 105, 118, 101, 45, 101, 110, 103, 108, 105, 115, 104, 64, 50, 8, 0, 0, 0, 108, 97, 110, 103, 117, 97, 103, 101, 0, 16, 0, 0, 0, 108, 97, 110, 103, 117, 97, 103, 101, 47, 101, 110, 103, 108, 105, 115, 104, 17, 0, 0, 0, 118, 97, 114, 105, 101, 116, 121, 95, 115, 101, 110, 115, 105, 116, 105, 118, 101, 0, 1, 0, 0, 0, 1] }], host_calls: [], resource_requirements: [], authority_requirements: [], limits: CapabilityLimits { max_active_instances: 1, max_queue_items: 1, max_queue_bytes: 512 } }, CapabilityOffer { startup_parameters: [FrontStartupParameter { name: "request", value_type: KindId("structured-info/profile-ba4edb5ac61edd36b42f8fa830dfa9b385c1cecaba7f6d7dfb7cce23cf5f66dc@1"), has_default: false }], shorthand: None, capability_id: CapabilityId("std/phonetic-from-ipa@1"), kind_id: KindId("speech/phonetic-from-ipa"), kind_contract_revision: KindIdentity("conduit.speech/ipa-admission@1"), inputs: [], outputs: [PortDescriptor { port_id: PortId("outcome"), value_kind: KindId("structured-info/profile-8ea04e7652d3de12234eaffec1d9692748da02fecfc28e1842155f99f3031c02@1"), direction: Output, temporal: Flow { closes: true }, abnormal_kind: None }], semantic_contract: KindSemanticContract { configuration: [KindConfigurationField { key: "request", default_value: Structured(StructuredConfigurationValue { profile: KindId("structured-info/profile-ba4edb5ac61edd36b42f8fa830dfa9b385c1cecaba7f6d7dfb7cce23cf5f66dc@1"), canonical_value: [2, 94, 0, 0, 0, 116, 121, 112, 101, 47, 83, 112, 101, 101, 99, 104, 80, 104, 111, 110, 101, 116, 105, 99, 73, 112, 97, 82, 101, 113, 117, 101, 115, 116, 64, 51, 49, 53, 54, 101, 51, 54, 97, 57, 101, 56, 51, 97, 99, 98, 98, 102, 102, 53, 55, 56, 99, 56, 56, 100, 48, 100, 51, 97, 48, 50, 49, 53, 53, 55, 99, 54, 57, 99, 101, 100, 98, 97, 50, 54, 53, 55, 102, 50, 48, 98, 48, 56, 55, 52, 56, 49, 100, 100, 98, 52, 100, 50, 57, 3, 0, 0, 0, 8, 0, 0, 0, 111, 114, 105, 103, 105, 110, 97, 108, 0, 10, 0, 0, 0, 118, 97, 108, 117, 101, 47, 116, 101, 120, 116, 7, 0, 0, 0, 112, 114, 111, 102, 105, 108, 101, 2, 94, 0, 0, 0, 116, 121, 112, 101, 47, 83, 112, 101, 101, 99, 104, 80, 104, 111, 110, 101, 116, 105, 99, 73, 112, 97, 80, 114, 111, 102, 105, 108, 101, 64, 56, 101, 98, 98, 55, 102, 49, 56, 97, 57, 49, 52, 101, 56, 56, 57, 55, 54, 101, 55, 56, 55, 102, 51, 100, 48, 55, 55, 102, 97, 102, 50, 100, 97, 53, 48, 98, 97, 98, 48, 100, 98, 53, 99, 54, 55, 100, 99, 49, 55, 49, 97, 102, 54, 102, 54, 56, 55, 97, 101, 98, 51, 56, 56, 5, 0, 0, 0, 7, 0, 0, 0, 97, 108, 105, 97, 115, 101, 115, 4, 0, 0, 0, 1, 2, 92, 0, 0, 0, 116, 121, 112, 101, 47, 83, 112, 101, 101, 99, 104, 73, 112, 97, 83, 112, 101, 108, 108, 105, 110, 103, 65, 108, 105, 97, 115, 64, 48, 52, 98, 102, 98, 57, 51, 102, 51, 49, 53, 48, 53, 55, 99, 51, 49, 49, 52, 56, 102, 50, 49, 54, 49, 100, 97, 57, 52, 97, 102, 49, 54, 49, 102, 101, 48, 52, 102, 57, 50, 53, 57, 49, 52, 53, 50, 50, 55, 101, 50, 98, 57, 102, 98, 99, 55, 102, 55, 100, 48, 97, 54, 50, 3, 0, 0, 0, 10, 0, 0, 0, 112, 114, 111, 118, 101, 110, 97, 110, 99, 101, 2, 94, 0, 0, 0, 116, 121, 112, 101, 47, 83, 112, 101, 101, 99, 104, 69, 118, 105, 100, 101, 110, 99, 101, 80, 114, 111, 118, 101, 110, 97, 110, 99, 101, 64, 99, 48, 57, 52, 49, 99, 52, 52, 51, 54, 52, 48, 55, 98, 100, 98, 49, 51, 49, 49, 97, 97, 48, 102, 55, 100, 102, 97, 99, 55, 56, 53, 55, 100, 98, 102, 49, 48, 101, 57, 55, 100, 52, 56, 53, 98, 99, 54, 51, 100, 51, 53, 101, 53, 48, 101, 49, 54, 57, 102, 48, 55, 98, 97, 3, 0, 0, 0, 6, 0, 0, 0, 109, 101, 116, 104, 111, 100, 0, 10, 0, 0, 0, 118, 97, 108, 117, 101, 47, 116, 101, 120, 116, 6, 0, 0, 0, 115, 111, 117, 114, 99, 101, 3, 90, 0, 0, 0, 116, 121, 112, 101, 47, 83, 112, 101, 101, 99, 104, 69, 118, 105, 100, 101, 110, 99, 101, 83, 111, 117, 114, 99, 101, 64, 102, 53, 100, 50, 56, 101, 56, 50, 49, 101, 52, 98, 101, 57, 57, 52, 51, 50, 49, 101, 100, 56, 98, 48, 51, 98, 50, 50, 54, 52, 100, 56, 101, 98, 50, 98, 101, 49, 57, 102, 51, 49, 48, 100, 99, 55, 57, 102, 55, 53, 55, 53, 56, 54, 56, 100, 99, 53, 48, 100, 98, 50, 98, 99, 20, 0, 0, 0, 14, 0, 0, 0, 97, 99, 111, 117, 115, 116, 105, 99, 95, 109, 111, 100, 101, 108, 0, 10, 0, 0, 0, 118, 97, 108, 117, 101, 47, 117, 110, 105, 116, 3, 0, 0, 0, 97, 115, 114, 0, 10, 0, 0, 0, 118, 97, 108, 117, 101, 47, 117, 110, 105, 116, 19, 0, 0, 0, 99, 111, 109, 109, 105, 116, 116, 101, 100, 95, 97, 99, 111, 117, 115, 116, 105, 99, 115, 0, 10, 0, 0, 0, 118, 97, 108, 117, 101, 47, 117, 110, 105, 116, 16, 0, 0, 0, 102, 111, 114, 99, 101, 100, 95, 97, 108, 105, 103, 110, 109, 101, 110, 116, 0, 10, 0, 0, 0, 118, 97, 108, 117, 101, 47, 117, 110, 105, 116, 3, 0, 0, 0, 103, 50, 112, 0, 10, 0, 0, 0, 118, 97, 108, 117, 101, 47, 117, 110, 105, 116, 7, 0, 0, 0, 103, 114, 97, 109, 109, 97, 114, 0, 10, 0, 0, 0, 118, 97, 108, 117, 101, 47, 117, 110, 105, 116, 13, 0, 0, 0, 105, 109, 112, 111, 114, 116, 101, 100, 95, 100, 97, 116, 97, 0, 10, 0, 0, 0, 118, 97, 108, 117, 101, 47, 117, 110, 105, 116, 9, 0, 0, 0, 105, 110, 102, 101, 114, 101, 110, 99, 101, 0, 10, 0, 0, 0, 118, 97, 108, 117, 101, 47, 117, 110, 105, 116, 18, 0, 0, 0, 108, 101, 97, 114, 110, 101, 100, 95, 112, 114, 101, 100, 105, 99, 116, 105, 111, 110, 0, 10, 0, 0, 0, 118, 97, 108, 117, 101, 47, 117, 110, 105, 116, 7, 0, 0, 0, 108, 101, 120, 105, 99, 111, 110, 0, 10, 0, 0, 0, 118, 97, 108, 117, 101, 47, 117, 110, 105, 116, 6, 0, 0, 0, 109, 97, 110, 117, 97, 108, 0, 10, 0, 0, 0, 118, 97, 108, 117, 101, 47, 117, 110, 105, 116, 15, 0, 0, 0, 109, 97, 110, 117, 97, 108, 95, 111, 118, 101, 114, 114, 105, 100, 101, 0, 10, 0, 0, 0, 118, 97, 108, 117, 101, 47, 117, 110, 105, 116, 6, 0, 0, 0, 109, 101, 109, 111, 114, 121, 0, 10, 0, 0, 0, 118, 97, 108, 117, 101, 47, 117, 110, 105, 116, 10, 0, 0, 0, 109, 111, 114, 112, 104, 111, 108, 111, 103, 121, 0, 10, 0, 0, 0, 118, 97, 108, 117, 101, 47, 117, 110, 105, 116, 7, 0, 0, 0, 112, 114, 111, 115, 111, 100, 121, 0, 10, 0, 0, 0, 118, 97, 108, 117, 101, 47, 117, 110, 105, 116, 11, 0, 0, 0, 112, 117, 110, 99, 116, 117, 97, 116, 105, 111, 110, 0, 10, 0, 0, 0, 118, 97, 108, 117, 101, 47, 117, 110, 105, 116, 4, 0, 0, 0, 114, 117, 108, 101, 0, 10, 0, 0, 0, 118, 97, 108, 117, 101, 47, 117, 110, 105, 116, 8, 0, 0, 0, 116, 116, 115, 95, 112, 108, 97, 110, 0, 10, 0, 0, 0, 118, 97, 108, 117, 101, 47, 117, 110, 105, 116, 7, 0, 0, 0, 117, 110, 107, 110, 111, 119, 110, 0, 10, 0, 0, 0, 118, 97, 108, 117, 101, 47, 117, 110, 105, 116, 11, 0, 0, 0, 117, 115, 101, 114, 95, 109, 97, 114, 107, 117, 112, 0, 10, 0, 0, 0, 118, 97, 108, 117, 101, 47, 117, 110, 105, 116, 7, 0, 0, 0, 118, 101, 114, 115, 105, 111, 110, 3, 30, 0, 0, 0, 99, 111, 110, 100, 117, 105, 116, 46, 99, 111, 110, 100, 117, 105, 116, 101, 115, 101, 46, 111, 112, 116, 105, 111, 110, 97, 108, 46, 118, 49, 2, 0, 0, 0, 4, 0, 0, 0, 110, 111, 110, 101, 0, 10, 0, 0, 0, 118, 97, 108, 117, 101, 47, 117, 110, 105, 116, 4, 0, 0, 0, 115, 111, 109, 101, 0, 10, 0, 0, 0, 118, 97, 108, 117, 101, 47, 116, 101, 120, 116, 6, 0, 0, 0, 115, 111, 117, 114, 99, 101, 5, 87, 0, 0, 0, 116, 121, 112, 101, 47, 83, 112, 101, 101, 99, 104, 73, 112, 97, 83, 112, 101, 108, 108, 105, 110, 103, 64, 49, 97, 52, 100, 56, 101, 97, 98, 53, 52, 99, 55, 97, 54, 102, 57, 56, 48, 48, 49, 52, 102, 50, 55, 56, 49, 98, 57, 51, 52, 57, 56, 53, 57, 57, 99, 99, 52, 54, 56, 48, 100, 50, 53, 55, 100, 50, 56, 51, 97, 99, 56, 55, 50, 97, 50, 49, 49, 102, 53, 52, 51, 54, 56, 0, 10, 0, 0, 0, 118, 97, 108, 117, 101, 47, 116, 101, 120, 116, 6, 0, 0, 0, 116, 97, 114, 103, 101, 116, 5, 85, 0, 0, 0, 116, 121, 112, 101, 47, 83, 112, 101, 101, 99, 104, 73, 112, 97, 85, 110, 105, 116, 73, 100, 64, 98, 99, 102, 55, 53, 101, 97, 52, 55, 100, 56, 99, 98, 102, 99, 56, 98, 97, 51, 102, 100, 100, 51, 49, 98, 100, 99, 100, 53, 99, 52, 56, 51, 52, 101, 52, 53, 48, 102, 100, 49, 52, 55, 48, 52, 56, 53, 52, 57, 51, 54, 52, 101, 57, 97, 51, 99, 54, 101, 56, 52, 53, 101, 57, 0, 10, 0, 0, 0, 118, 97, 108, 117, 101, 47, 116, 101, 120, 116, 8, 0, 0, 0, 105, 100, 101, 110, 116, 105, 116, 121, 5, 96, 0, 0, 0, 116, 121, 112, 101, 47, 83, 112, 101, 101, 99, 104, 73, 112, 97, 78, 111, 116, 97, 116, 105, 111, 110, 80, 114, 111, 102, 105, 108, 101, 73, 100, 64, 51, 54, 51, 53, 55, 54, 101, 57, 52, 48, 102, 99, 54, 52, 100, 50, 97, 54, 55, 49, 54, 53, 55, 55, 48, 48, 52, 57, 55, 99, 98, 99, 54, 97, 53, 57, 48, 57, 55, 56, 52, 99, 49, 48, 99, 55, 50, 51, 53, 52, 51, 51, 97, 100, 99, 102, 102, 55, 98, 100, 54, 57, 52, 52, 0, 10, 0, 0, 0, 118, 97, 108, 117, 101, 47, 116, 101, 120, 116, 10, 0, 0, 0, 112, 114, 111, 118, 101, 110, 97, 110, 99, 101, 2, 94, 0, 0, 0, 116, 121, 112, 101, 47, 83, 112, 101, 101, 99, 104, 69, 118, 105, 100, 101, 110, 99, 101, 80, 114, 111, 118, 101, 110, 97, 110, 99, 101, 64, 99, 48, 57, 52, 49, 99, 52, 52, 51, 54, 52, 48, 55, 98, 100, 98, 49, 51, 49, 49, 97, 97, 48, 102, 55, 100, 102, 97, 99, 55, 56, 53, 55, 100, 98, 102, 49, 48, 101, 57, 55, 100, 52, 56, 53, 98, 99, 54, 51, 100, 51, 53, 101, 53, 48, 101, 49, 54, 57, 102, 48, 55, 98, 97, 3, 0, 0, 0, 6, 0, 0, 0, 109, 101, 116, 104, 111, 100, 0, 10, 0, 0, 0, 118, 97, 108, 117, 101, 47, 116, 101, 120, 116, 6, 0, 0, 0, 115, 111, 117, 114, 99, 101, 3, 90, 0, 0, 0, 116, 121, 112, 101, 47, 83, 112, 101, 101, 99, 104, 69, 118, 105, 100, 101, 110, 99, 101, 83, 111, 117, 114, 99, 101, 64, 102, 53, 100, 50, 56, 101, 56, 50, 49, 101, 52, 98, 101, 57, 57, 52, 51, 50, 49, 101, 100, 56, 98, 48, 51, 98, 50, 50, 54, 52, 100, 56, 101, 98, 50, 98, 101, 49, 57, 102, 51, 49, 48, 100, 99, 55, 57, 102, 55, 53, 55, 53, 56, 54, 56, 100, 99, 53, 48, 100, 98, 50, 98, 99, 20, 0, 0, 0, 14, 0, 0, 0, 97, 99, 111, 117, 115, 116, 105, 99, 95, 109, 111, 100, 101, 108, 0, 10, 0, 0, 0, 118, 97, 108, 117, 101, 47, 117, 110, 105, 116, 3, 0, 0, 0, 97, 115, 114, 0, 10, 0, 0, 0, 118, 97, 108, 117, 101, 47, 117, 110, 105, 116, 19, 0, 0, 0, 99, 111, 109, 109, 105, 116, 116, 101, 100, 95, 97, 99, 111, 117, 115, 116, 105, 99, 115, 0, 10, 0, 0, 0, 118, 97, 108, 117, 101, 47, 117, 110, 105, 116, 16, 0, 0, 0, 102, 111, 114, 99, 101, 100, 95, 97, 108, 105, 103, 110, 109, 101, 110, 116, 0, 10, 0, 0, 0, 118, 97, 108, 117, 101, 47, 117, 110, 105, 116, 3, 0, 0, 0, 103, 50, 112, 0, 10, 0, 0, 0, 118, 97, 108, 117, 101, 47, 117, 110, 105, 116, 7, 0, 0, 0, 103, 114, 97, 109, 109, 97, 114, 0, 10, 0, 0, 0, 118, 97, 108, 117, 101, 47, 117, 110, 105, 116, 13, 0, 0, 0, 105, 109, 112, 111, 114, 116, 101, 100, 95, 100, 97, 116, 97, 0, 10, 0, 0, 0, 118, 97, 108, 117, 101, 47, 117, 110, 105, 116, 9, 0, 0, 0, 105, 110, 102, 101, 114, 101, 110, 99, 101, 0, 10, 0, 0, 0, 118, 97, 108, 117, 101, 47, 117, 110, 105, 116, 18, 0, 0, 0, 108, 101, 97, 114, 110, 101, 100, 95, 112, 114, 101, 100, 105, 99, 116, 105, 111, 110, 0, 10, 0, 0, 0, 118, 97, 108, 117, 101, 47, 117, 110, 105, 116, 7, 0, 0, 0, 108, 101, 120, 105, 99, 111, 110, 0, 10, 0, 0, 0, 118, 97, 108, 117, 101, 47, 117, 110, 105, 116, 6, 0, 0, 0, 109, 97, 110, 117, 97, 108, 0, 10, 0, 0, 0, 118, 97, 108, 117, 101, 47, 117, 110, 105, 116, 15, 0, 0, 0, 109, 97, 110, 117, 97, 108, 95, 111, 118, 101, 114, 114, 105, 100, 101, 0, 10, 0, 0, 0, 118, 97, 108, 117, 101, 47, 117, 110, 105, 116, 6, 0, 0, 0, 109, 101, 109, 111, 114, 121, 0, 10, 0, 0, 0, 118, 97, 108, 117, 101, 47, 117, 110, 105, 116, 10, 0, 0, 0, 109, 111, 114, 112, 104, 111, 108, 111, 103, 121, 0, 10, 0, 0, 0, 118, 97, 108, 117, 101, 47, 117, 110, 105, 116, 7, 0, 0, 0, 112, 114, 111, 115, 111, 100, 121, 0, 10, 0, 0, 0, 118, 97, 108, 117, 101, 47, 117, 110, 105, 116, 11, 0, 0, 0, 112, 117, 110, 99, 116, 117, 97, 116, 105, 111, 110, 0, 10, 0, 0, 0, 118, 97, 108, 117, 101, 47, 117, 110, 105, 116, 4, 0, 0, 0, 114, 117, 108, 101, 0, 10, 0, 0, 0, 118, 97, 108, 117, 101, 47, 117, 110, 105, 116, 8, 0, 0, 0, 116, 116, 115, 95, 112, 108, 97, 110, 0, 10, 0, 0, 0, 118, 97, 108, 117, 101, 47, 117, 110, 105, 116, 7, 0, 0, 0, 117, 110, 107, 110, 111, 119, 110, 0, 10, 0, 0, 0, 118, 97, 108, 117, 101, 47, 117, 110, 105, 116, 11, 0, 0, 0, 117, 115, 101, 114, 95, 109, 97, 114, 107, 117, 112, 0, 10, 0, 0, 0, 118, 97, 108, 117, 101, 47, 117, 110, 105, 116, 7, 0, 0, 0, 118, 101, 114, 115, 105, 111, 110, 3, 30, 0, 0, 0, 99, 111, 110, 100, 117, 105, 116, 46, 99, 111, 110, 100, 117, 105, 116, 101, 115, 101, 46, 111, 112, 116, 105, 111, 110, 97, 108, 46, 118, 49, 2, 0, 0, 0, 4, 0, 0, 0, 110, 111, 110, 101, 0, 10, 0, 0, 0, 118, 97, 108, 117, 101, 47, 117, 110, 105, 116, 4, 0, 0, 0, 115, 111, 109, 101, 0, 10, 0, 0, 0, 118, 97, 108, 117, 101, 47, 116, 101, 120, 116, 8, 0, 0, 0, 114, 101, 118, 105, 115, 105, 111, 110, 5, 93, 0, 0, 0, 116, 121, 112, 101, 47, 83, 112, 101, 101, 99, 104, 83, 101, 103, 109, 101, 110, 116, 82, 101, 118, 105, 115, 105, 111, 110, 73, 100, 64, 97, 98, 101, 55, 53, 51, 56, 54, 50, 98, 50, 98, 102, 57, 51, 52, 100, 48, 55, 99, 98, 102, 98, 53, 52, 53, 100, 52, 55, 49, 100, 97, 100, 54, 53, 98, 52, 56, 53, 57, 56, 48, 52, 55, 57, 53, 54, 97, 54, 55, 100, 100, 102, 48, 100, 98, 99, 54, 55, 57, 50, 51, 48, 56, 0, 10, 0, 0, 0, 118, 97, 108, 117, 101, 47, 116, 101, 120, 116, 5, 0, 0, 0, 117, 110, 105, 116, 115, 4, 1, 0, 0, 1, 2, 93, 0, 0, 0, 116, 121, 112, 101, 47, 83, 112, 101, 101, 99, 104, 73, 112, 97, 85, 110, 105, 116, 68, 101, 102, 105, 110, 105, 116, 105, 111, 110, 64, 52, 100, 101, 57, 55, 49, 53, 99, 100, 53, 100, 100, 101, 97, 48, 53, 102, 54, 99, 98, 51, 102, 102, 57, 48, 48, 53, 55, 48, 100, 48, 97, 48, 55, 100, 57, 53, 101, 57, 98, 97, 57, 100, 55, 52, 51, 99, 55, 51, 99, 49, 97, 100, 57, 54, 99, 102, 97, 100, 100, 54, 50, 53, 50, 4, 0, 0, 0, 8, 0, 0, 0, 105, 100, 101, 110, 116, 105, 116, 121, 5, 85, 0, 0, 0, 116, 121, 112, 101, 47, 83, 112, 101, 101, 99, 104, 73, 112, 97, 85, 110, 105, 116, 73, 100, 64, 98, 99, 102, 55, 53, 101, 97, 52, 55, 100, 56, 99, 98, 102, 99, 56, 98, 97, 51, 102, 100, 100, 51, 49, 98, 100, 99, 100, 53, 99, 52, 56, 51, 52, 101, 52, 53, 48, 102, 100, 49, 52, 55, 48, 52, 56, 53, 52, 57, 51, 54, 52, 101, 57, 97, 51, 99, 54, 101, 56, 52, 53, 101, 57, 0, 10, 0, 0, 0, 118, 97, 108, 117, 101, 47, 116, 101, 120, 116, 4, 0, 0, 0, 107, 105, 110, 100, 3, 87, 0, 0, 0, 116, 121, 112, 101, 47, 83, 112, 101, 101, 99, 104, 73, 112, 97, 85, 110, 105, 116, 75, 105, 110, 100, 64, 52, 55, 52, 98, 56, 100, 51, 102, 102, 49, 50, 50, 98, 100, 48, 54, 50, 99, 55, 57, 50, 102, 56, 50, 48, 102, 50, 101, 98, 102, 53, 98, 100, 54, 101, 100, 98, 51, 97, 53, 48, 100, 54, 51, 102, 101, 55, 53, 99, 98, 56, 97, 57, 98, 55, 53, 97, 49, 49, 57, 57, 53, 51, 97, 5, 0, 0, 0, 6, 0, 0, 0, 108, 101, 110, 103, 116, 104, 0, 10, 0, 0, 0, 118, 97, 108, 117, 101, 47, 117, 110, 105, 116, 14, 0, 0, 0, 112, 114, 105, 109, 97, 114, 121, 95, 115, 116, 114, 101, 115, 115, 0, 10, 0, 0, 0, 118, 97, 108, 117, 101, 47, 117, 110, 105, 116, 16, 0, 0, 0, 115, 101, 99, 111, 110, 100, 97, 114, 121, 95, 115, 116, 114, 101, 115, 115, 0, 10, 0, 0, 0, 118, 97, 108, 117, 101, 47, 117, 110, 105, 116, 7, 0, 0, 0, 115, 101, 103, 109, 101, 110, 116, 0, 10, 0, 0, 0, 118, 97, 108, 117, 101, 47, 117, 110, 105, 116, 17, 0, 0, 0, 115, 121, 108, 108, 97, 98, 108, 101, 95, 98, 111, 117, 110, 100, 97, 114, 121, 0, 10, 0, 0, 0, 118, 97, 108, 117, 101, 47, 117, 110, 105, 116, 10, 0, 0, 0, 112, 114, 111, 118, 101, 110, 97, 110, 99, 101, 2, 94, 0, 0, 0, 116, 121, 112, 101, 47, 83, 112, 101, 101, 99, 104, 69, 118, 105, 100, 101, 110, 99, 101, 80, 114, 111, 118, 101, 110, 97, 110, 99, 101, 64, 99, 48, 57, 52, 49, 99, 52, 52, 51, 54, 52, 48, 55, 98, 100, 98, 49, 51, 49, 49, 97, 97, 48, 102, 55, 100, 102, 97, 99, 55, 56, 53, 55, 100, 98, 102, 49, 48, 101, 57, 55, 100, 52, 56, 53, 98, 99, 54, 51, 100, 51, 53, 101, 53, 48, 101, 49, 54, 57, 102, 48, 55, 98, 97, 3, 0, 0, 0, 6, 0, 0, 0, 109, 101, 116, 104, 111, 100, 0, 10, 0, 0, 0, 118, 97, 108, 117, 101, 47, 116, 101, 120, 116, 6, 0, 0, 0, 115, 111, 117, 114, 99, 101, 3, 90, 0, 0, 0, 116, 121, 112, 101, 47, 83, 112, 101, 101, 99, 104, 69, 118, 105, 100, 101, 110, 99, 101, 83, 111, 117, 114, 99, 101, 64, 102, 53, 100, 50, 56, 101, 56, 50, 49, 101, 52, 98, 101, 57, 57, 52, 51, 50, 49, 101, 100, 56, 98, 48, 51, 98, 50, 50, 54, 52, 100, 56, 101, 98, 50, 98, 101, 49, 57, 102, 51, 49, 48, 100, 99, 55, 57, 102, 55, 53, 55, 53, 56, 54, 56, 100, 99, 53, 48, 100, 98, 50, 98, 99, 20, 0, 0, 0, 14, 0, 0, 0, 97, 99, 111, 117, 115, 116, 105, 99, 95, 109, 111, 100, 101, 108, 0, 10, 0, 0, 0, 118, 97, 108, 117, 101, 47, 117, 110, 105, 116, 3, 0, 0, 0, 97, 115, 114, 0, 10, 0, 0, 0, 118, 97, 108, 117, 101, 47, 117, 110, 105, 116, 19, 0, 0, 0, 99, 111, 109, 109, 105, 116, 116, 101, 100, 95, 97, 99, 111, 117, 115, 116, 105, 99, 115, 0, 10, 0, 0, 0, 118, 97, 108, 117, 101, 47, 117, 110, 105, 116, 16, 0, 0, 0, 102, 111, 114, 99, 101, 100, 95, 97, 108, 105, 103, 110, 109, 101, 110, 116, 0, 10, 0, 0, 0, 118, 97, 108, 117, 101, 47, 117, 110, 105, 116, 3, 0, 0, 0, 103, 50, 112, 0, 10, 0, 0, 0, 118, 97, 108, 117, 101, 47, 117, 110, 105, 116, 7, 0, 0, 0, 103, 114, 97, 109, 109, 97, 114, 0, 10, 0, 0, 0, 118, 97, 108, 117, 101, 47, 117, 110, 105, 116, 13, 0, 0, 0, 105, 109, 112, 111, 114, 116, 101, 100, 95, 100, 97, 116, 97, 0, 10, 0, 0, 0, 118, 97, 108, 117, 101, 47, 117, 110, 105, 116, 9, 0, 0, 0, 105, 110, 102, 101, 114, 101, 110, 99, 101, 0, 10, 0, 0, 0, 118, 97, 108, 117, 101, 47, 117, 110, 105, 116, 18, 0, 0, 0, 108, 101, 97, 114, 110, 101, 100, 95, 112, 114, 101, 100, 105, 99, 116, 105, 111, 110, 0, 10, 0, 0, 0, 118, 97, 108, 117, 101, 47, 117, 110, 105, 116, 7, 0, 0, 0, 108, 101, 120, 105, 99, 111, 110, 0, 10, 0, 0, 0, 118, 97, 108, 117, 101, 47, 117, 110, 105, 116, 6, 0, 0, 0, 109, 97, 110, 117, 97, 108, 0, 10, 0, 0, 0, 118, 97, 108, 117, 101, 47, 117, 110, 105, 116, 15, 0, 0, 0, 109, 97, 110, 117, 97, 108, 95, 111, 118, 101, 114, 114, 105, 100, 101, 0, 10, 0, 0, 0, 118, 97, 108, 117, 101, 47, 117, 110, 105, 116, 6, 0, 0, 0, 109, 101, 109, 111, 114, 121, 0, 10, 0, 0, 0, 118, 97, 108, 117, 101, 47, 117, 110, 105, 116, 10, 0, 0, 0, 109, 111, 114, 112, 104, 111, 108, 111, 103, 121, 0, 10, 0, 0, 0, 118, 97, 108, 117, 101, 47, 117, 110, 105, 116, 7, 0, 0, 0, 112, 114, 111, 115, 111, 100, 121, 0, 10, 0, 0, 0, 118, 97, 108, 117, 101, 47, 117, 110, 105, 116, 11, 0, 0, 0, 112, 117, 110, 99, 116, 117, 97, 116, 105, 111, 110, 0, 10, 0, 0, 0, 118, 97, 108, 117, 101, 47, 117, 110, 105, 116, 4, 0, 0, 0, 114, 117, 108, 101, 0, 10, 0, 0, 0, 118, 97, 108, 117, 101, 47, 117, 110, 105, 116, 8, 0, 0, 0, 116, 116, 115, 95, 112, 108, 97, 110, 0, 10, 0, 0, 0, 118, 97, 108, 117, 101, 47, 117, 110, 105, 116, 7, 0, 0, 0, 117, 110, 107, 110, 111, 119, 110, 0, 10, 0, 0, 0, 118, 97, 108, 117, 101, 47, 117, 110, 105, 116, 11, 0, 0, 0, 117, 115, 101, 114, 95, 109, 97, 114, 107, 117, 112, 0, 10, 0, 0, 0, 118, 97, 108, 117, 101, 47, 117, 110, 105, 116, 7, 0, 0, 0, 118, 101, 114, 115, 105, 111, 110, 3, 30, 0, 0, 0, 99, 111, 110, 100, 117, 105, 116, 46, 99, 111, 110, 100, 117, 105, 116, 101, 115, 101, 46, 111, 112, 116, 105, 111, 110, 97, 108, 46, 118, 49, 2, 0, 0, 0, 4, 0, 0, 0, 110, 111, 110, 101, 0, 10, 0, 0, 0, 118, 97, 108, 117, 101, 47, 117, 110, 105, 116, 4, 0, 0, 0, 115, 111, 109, 101, 0, 10, 0, 0, 0, 118, 97, 108, 117, 101, 47, 116, 101, 120, 116, 8, 0, 0, 0, 115, 112, 101, 108, 108, 105, 110, 103, 5, 87, 0, 0, 0, 116, 121, 112, 101, 47, 83, 112, 101, 101, 99, 104, 73, 112, 97, 83, 112, 101, 108, 108, 105, 110, 103, 64, 49, 97, 52, 100, 56, 101, 97, 98, 53, 52, 99, 55, 97, 54, 102, 57, 56, 48, 48, 49, 52, 102, 50, 55, 56, 49, 98, 57, 51, 52, 57, 56, 53, 57, 57, 99, 99, 52, 54, 56, 48, 100, 50, 53, 55, 100, 50, 56, 51, 97, 99, 56, 55, 50, 97, 50, 49, 49, 102, 53, 52, 51, 54, 56, 0, 10, 0, 0, 0, 118, 97, 108, 117, 101, 47, 116, 101, 120, 116, 10, 0, 0, 0, 112, 114, 111, 118, 101, 110, 97, 110, 99, 101, 2, 94, 0, 0, 0, 116, 121, 112, 101, 47, 83, 112, 101, 101, 99, 104, 69, 118, 105, 100, 101, 110, 99, 101, 80, 114, 111, 118, 101, 110, 97, 110, 99, 101, 64, 99, 48, 57, 52, 49, 99, 52, 52, 51, 54, 52, 48, 55, 98, 100, 98, 49, 51, 49, 49, 97, 97, 48, 102, 55, 100, 102, 97, 99, 55, 56, 53, 55, 100, 98, 102, 49, 48, 101, 57, 55, 100, 52, 56, 53, 98, 99, 54, 51, 100, 51, 53, 101, 53, 48, 101, 49, 54, 57, 102, 48, 55, 98, 97, 3, 0, 0, 0, 6, 0, 0, 0, 109, 101, 116, 104, 111, 100, 0, 10, 0, 0, 0, 118, 97, 108, 117, 101, 47, 116, 101, 120, 116, 6, 0, 0, 0, 115, 111, 117, 114, 99, 101, 3, 90, 0, 0, 0, 116, 121, 112, 101, 47, 83, 112, 101, 101, 99, 104, 69, 118, 105, 100, 101, 110, 99, 101, 83, 111, 117, 114, 99, 101, 64, 102, 53, 100, 50, 56, 101, 56, 50, 49, 101, 52, 98, 101, 57, 57, 52, 51, 50, 49, 101, 100, 56, 98, 48, 51, 98, 50, 50, 54, 52, 100, 56, 101, 98, 50, 98, 101, 49, 57, 102, 51, 49, 48, 100, 99, 55, 57, 102, 55, 53, 55, 53, 56, 54, 56, 100, 99, 53, 48, 100, 98, 50, 98, 99, 20, 0, 0, 0, 14, 0, 0, 0, 97, 99, 111, 117, 115, 116, 105, 99, 95, 109, 111, 100, 101, 108, 0, 10, 0, 0, 0, 118, 97, 108, 117, 101, 47, 117, 110, 105, 116, 3, 0, 0, 0, 97, 115, 114, 0, 10, 0, 0, 0, 118, 97, 108, 117, 101, 47, 117, 110, 105, 116, 19, 0, 0, 0, 99, 111, 109, 109, 105, 116, 116, 101, 100, 95, 97, 99, 111, 117, 115, 116, 105, 99, 115, 0, 10, 0, 0, 0, 118, 97, 108, 117, 101, 47, 117, 110, 105, 116, 16, 0, 0, 0, 102, 111, 114, 99, 101, 100, 95, 97, 108, 105, 103, 110, 109, 101, 110, 116, 0, 10, 0, 0, 0, 118, 97, 108, 117, 101, 47, 117, 110, 105, 116, 3, 0, 0, 0, 103, 50, 112, 0, 10, 0, 0, 0, 118, 97, 108, 117, 101, 47, 117, 110, 105, 116, 7, 0, 0, 0, 103, 114, 97, 109, 109, 97, 114, 0, 10, 0, 0, 0, 118, 97, 108, 117, 101, 47, 117, 110, 105, 116, 13, 0, 0, 0, 105, 109, 112, 111, 114, 116, 101, 100, 95, 100, 97, 116, 97, 0, 10, 0, 0, 0, 118, 97, 108, 117, 101, 47, 117, 110, 105, 116, 9, 0, 0, 0, 105, 110, 102, 101, 114, 101, 110, 99, 101, 0, 10, 0, 0, 0, 118, 97, 108, 117, 101, 47, 117, 110, 105, 116, 18, 0, 0, 0, 108, 101, 97, 114, 110, 101, 100, 95, 112, 114, 101, 100, 105, 99, 116, 105, 111, 110, 0, 10, 0, 0, 0, 118, 97, 108, 117, 101, 47, 117, 110, 105, 116, 7, 0, 0, 0, 108, 101, 120, 105, 99, 111, 110, 0, 10, 0, 0, 0, 118, 97, 108, 117, 101, 47, 117, 110, 105, 116, 6, 0, 0, 0, 109, 97, 110, 117, 97, 108, 0, 10, 0, 0, 0, 118, 97, 108, 117, 101, 47, 117, 110, 105, 116, 15, 0, 0, 0, 109, 97, 110, 117, 97, 108, 95, 111, 118, 101, 114, 114, 105, 100, 101, 0, 10, 0, 0, 0, 118, 97, 108, 117, 101, 47, 117, 110, 105, 116, 6, 0, 0, 0, 109, 101, 109, 111, 114, 121, 0, 10, 0, 0, 0, 118, 97, 108, 117, 101, 47, 117, 110, 105, 116, 10, 0, 0, 0, 109, 111, 114, 112, 104, 111, 108, 111, 103, 121, 0, 10, 0, 0, 0, 118, 97, 108, 117, 101, 47, 117, 110, 105, 116, 7, 0, 0, 0, 112, 114, 111, 115, 111, 100, 121, 0, 10, 0, 0, 0, 118, 97, 108, 117, 101, 47, 117, 110, 105, 116, 11, 0, 0, 0, 112, 117, 110, 99, 116, 117, 97, 116, 105, 111, 110, 0, 10, 0, 0, 0, 118, 97, 108, 117, 101, 47, 117, 110, 105, 116, 4, 0, 0, 0, 114, 117, 108, 101, 0, 10, 0, 0, 0, 118, 97, 108, 117, 101, 47, 117, 110, 105, 116, 8, 0, 0, 0, 116, 116, 115, 95, 112, 108, 97, 110, 0, 10, 0, 0, 0, 118, 97, 108, 117, 101, 47, 117, 110, 105, 116, 7, 0, 0, 0, 117, 110, 107, 110, 111, 119, 110, 0, 10, 0, 0, 0, 118, 97, 108, 117, 101, 47, 117, 110, 105, 116, 11, 0, 0, 0, 117, 115, 101, 114, 95, 109, 97, 114, 107, 117, 112, 0, 10, 0, 0, 0, 118, 97, 108, 117, 101, 47, 117, 110, 105, 116, 7, 0, 0, 0, 118, 101, 114, 115, 105, 111, 110, 3, 30, 0, 0, 0, 99, 111, 110, 100, 117, 105, 116, 46, 99, 111, 110, 100, 117, 105, 116, 101, 115, 101, 46, 111, 112, 116, 105, 111, 110, 97, 108, 46, 118, 49, 2, 0, 0, 0, 4, 0, 0, 0, 110, 111, 110, 101, 0, 10, 0, 0, 0, 118, 97, 108, 117, 101, 47, 117, 110, 105, 116, 4, 0, 0, 0, 115, 111, 109, 101, 0, 10, 0, 0, 0, 118, 97, 108, 117, 101, 47, 116, 101, 120, 116, 2, 3, 0, 0, 0, 8, 0, 0, 0, 111, 114, 105, 103, 105, 110, 97, 108, 0, 2, 0, 0, 0, 201, 153, 7, 0, 0, 0, 112, 114, 111, 102, 105, 108, 101, 2, 5, 0, 0, 0, 7, 0, 0, 0, 97, 108, 105, 97, 115, 101, 115, 1, 0, 0, 0, 0, 8, 0, 0, 0, 105, 100, 101, 110, 116, 105, 116, 121, 0, 22, 0, 0, 0, 112, 108, 97, 99, 101, 104, 111, 108, 100, 101, 114, 47, 110, 111, 116, 97, 116, 105, 111, 110, 64, 49, 10, 0, 0, 0, 112, 114, 111, 118, 101, 110, 97, 110, 99, 101, 2, 3, 0, 0, 0, 6, 0, 0, 0, 109, 101, 116, 104, 111, 100, 0, 22, 0, 0, 0, 100, 101, 115, 99, 114, 105, 112, 116, 111, 114, 32, 112, 108, 97, 99, 101, 104, 111, 108, 100, 101, 114, 6, 0, 0, 0, 115, 111, 117, 114, 99, 101, 3, 6, 0, 0, 0, 109, 97, 110, 117, 97, 108, 0, 0, 0, 0, 0, 7, 0, 0, 0, 118, 101, 114, 115, 105, 111, 110, 3, 4, 0, 0, 0, 110, 111, 110, 101, 0, 0, 0, 0, 0, 8, 0, 0, 0, 114, 101, 118, 105, 115, 105, 111, 110, 0, 22, 0, 0, 0, 112, 108, 97, 99, 101, 104, 111, 108, 100, 101, 114, 47, 114, 101, 118, 105, 115, 105, 111, 110, 64, 49, 5, 0, 0, 0, 117, 110, 105, 116, 115, 1, 1, 0, 0, 0, 2, 4, 0, 0, 0, 8, 0, 0, 0, 105, 100, 101, 110, 116, 105, 116, 121, 0, 17, 0, 0, 0, 112, 108, 97, 99, 101, 104, 111, 108, 100, 101, 114, 47, 115, 99, 104, 119, 97, 4, 0, 0, 0, 107, 105, 110, 100, 3, 7, 0, 0, 0, 115, 101, 103, 109, 101, 110, 116, 0, 0, 0, 0, 0, 10, 0, 0, 0, 112, 114, 111, 118, 101, 110, 97, 110, 99, 101, 2, 3, 0, 0, 0, 6, 0, 0, 0, 109, 101, 116, 104, 111, 100, 0, 22, 0, 0, 0, 100, 101, 115, 99, 114, 105, 112, 116, 111, 114, 32, 112, 108, 97, 99, 101, 104, 111, 108, 100, 101, 114, 6, 0, 0, 0, 115, 111, 117, 114, 99, 101, 3, 6, 0, 0, 0, 109, 97, 110, 117, 97, 108, 0, 0, 0, 0, 0, 7, 0, 0, 0, 118, 101, 114, 115, 105, 111, 110, 3, 4, 0, 0, 0, 110, 111, 110, 101, 0, 0, 0, 0, 0, 8, 0, 0, 0, 115, 112, 101, 108, 108, 105, 110, 103, 0, 2, 0, 0, 0, 201, 153, 10, 0, 0, 0, 112, 114, 111, 118, 101, 110, 97, 110, 99, 101, 2, 3, 0, 0, 0, 6, 0, 0, 0, 109, 101, 116, 104, 111, 100, 0, 22, 0, 0, 0, 100, 101, 115, 99, 114, 105, 112, 116, 111, 114, 32, 112, 108, 97, 99, 101, 104, 111, 108, 100, 101, 114, 6, 0, 0, 0, 115, 111, 117, 114, 99, 101, 3, 6, 0, 0, 0, 109, 97, 110, 117, 97, 108, 0, 0, 0, 0, 0, 7, 0, 0, 0, 118, 101, 114, 115, 105, 111, 110, 3, 4, 0, 0, 0, 110, 111, 110, 101, 0, 0, 0, 0, 0] }), rule: Structured { profile: KindId("structured-info/profile-ba4edb5ac61edd36b42f8fa830dfa9b385c1cecaba7f6d7dfb7cce23cf5f66dc@1") } }], laws: [ValueContracts([FrontValueContract { location: Output(PortId("outcome")), contract: CheckedValueContract { value_kind: KindId("structured-info/profile-8ea04e7652d3de12234eaffec1d9692748da02fecfc28e1842155f99f3031c02@1"), maximum_bytes: 262144, constraints: [] } }])] }, implementation: ImplementationOffer { execution_profile_id: ExecutionProfileId("conduit.speech/ipa-admission@1"), implementation_id: ImplementationId("std/phonetic-from-ipa@1"), artifact_id: ArtifactId("conduit-std/ipa-admission@1") }, state_retention: None, realization_properties: [], host_calls: [HostCallRequirement { contract_id: HostCallContractId("conduit.host/ipa-admission@1"), target_kind: Some(KindId("speech/phonetic-from-ipa")), maximum_in_flight: 1, maximum_input_bytes: 262144, maximum_output_bytes: 262144 }], resource_requirements: [ResourceRequirement { class_id: ResourceClassId("speech/ipa-admission"), units: 1, protected_role: None, compute: None, content: None }], authority_requirements: [], limits: CapabilityLimits { max_active_instances: 16, max_queue_items: 1, max_queue_bytes: 262144 } }, CapabilityOffer { startup_parameters: [FrontStartupParameter { name: "request", value_type: KindId("structured-info/profile-df125b489a9a22d92dada0be077dc8ddc4e1c3f43a270e85dd53f6eed15bc392@1"), has_default: false }, FrontStartupParameter { name: "inventory", value_type: KindId("structured-info/profile-e2aeddf11da371949e571a934ee428580c67d223de4161d9178767b6d79a5193@1"), has_default: false }], shorthand: None, capability_id: CapabilityId("std/phonemic-from-ipa@1"), kind_id: KindId("speech/phonemic-from-ipa"), kind_contract_revision: KindIdentity("conduit.speech/ipa-admission@1"), inputs: [], outputs: [PortDescriptor { port_id: PortId("outcome"), value_kind: KindId("structured-info/profile-fef0364ed0f5552bb635371ad7226cf07862c3324afea78efff2cdec6b2966bc@1"), direction: Output, temporal: Flow { closes: true }, abnormal_kind: None }], semantic_contract: KindSemanticContract { configuration: [KindConfigurationField { key: "request", default_value: Structured(StructuredConfigurationValue { profile: KindId("structured-info/profile-df125b489a9a22d92dada0be077dc8ddc4e1c3f43a270e85dd53f6eed15bc392@1"), canonical_value: [2, 94, 0, 0, 0, 116, 121, 112, 101, 47, 83, 112, 101, 101, 99, 104, 80, 104, 111, 110, 101, 109, 105, 99, 73, 112, 97, 82, 101, 113, 117, 101, 115, 116, 64, 50, 50, 54, 52, 56, 102, 100, 56, 54, 55, 52, 50, 98, 49, 57, 102, 50, 56, 54, 97, 54, 99, 98, 98, 48, 54, 101, 99, 57, 99, 49, 51, 51, 53, 50, 100, 52, 97, 101, 56, 97, 97, 57, 97, 49, 100, 100, 53, 55, 101, 56, 49, 101, 49, 101, 55, 101, 52, 51, 56, 99, 97, 54, 53, 8, 0, 0, 0, 12, 0, 0, 0, 105, 110, 118, 101, 110, 116, 111, 114, 121, 95, 105, 100, 5, 87, 0, 0, 0, 116, 121, 112, 101, 47, 83, 112, 101, 101, 99, 104, 73, 110, 118, 101, 110, 116, 111, 114, 121, 73, 100, 64, 52, 98, 49, 49, 50, 99, 99, 57, 97, 53, 97, 51, 100, 101, 57, 48, 102, 102, 55, 54, 54, 101, 49, 48, 53, 57, 101, 54, 98, 49, 56, 101, 49, 97, 50, 50, 49, 50, 56, 48, 101, 97, 98, 53, 97, 49, 98, 50, 100, 101, 49, 97, 55, 97, 48, 53, 97, 53, 51, 100, 102, 48, 53, 49, 0, 10, 0, 0, 0, 118, 97, 108, 117, 101, 47, 116, 101, 120, 116, 8, 0, 0, 0, 111, 114, 105, 103, 105, 110, 97, 108, 0, 10, 0, 0, 0, 118, 97, 108, 117, 101, 47, 116, 101, 120, 116, 14, 0, 0, 0, 112, 104, 111, 110, 101, 95, 98, 105, 110, 100, 105, 110, 103, 115, 4, 0, 0, 64, 0, 2, 101, 0, 0, 0, 116, 121, 112, 101, 47, 83, 112, 101, 101, 99, 104, 73, 112, 97, 80, 104, 111, 110, 101, 68, 101, 102, 105, 110, 105, 116, 105, 111, 110, 66, 105, 110, 100, 105, 110, 103, 64, 56, 100, 97, 53, 97, 53, 52, 49, 48, 52, 99, 56, 100, 56, 54, 102, 51, 98, 52, 57, 98, 100, 48, 49, 97, 48, 53, 98, 48, 98, 55, 97, 51, 100, 98, 48, 52, 48, 52, 50, 55, 57, 97, 55, 54, 49, 52, 52, 48, 99, 55, 50, 49, 99, 50, 56, 50, 53, 52, 48, 97, 98, 57, 101, 3, 0, 0, 0, 5, 0, 0, 0, 112, 104, 111, 110, 101, 5, 77, 0, 0, 0, 116, 121, 112, 101, 47, 80, 104, 111, 110, 101, 73, 100, 64, 101, 100, 102, 97, 48, 97, 101, 98, 54, 55, 50, 48, 99, 54, 54, 52, 54, 97, 50, 97, 56, 49, 99, 99, 99, 56, 54, 57, 98, 51, 52, 97, 98, 54, 53, 100, 97, 57, 101, 99, 102, 50, 52, 102, 99, 48, 99, 48, 97, 55, 48, 48, 57, 101, 49, 50, 53, 99, 98, 55, 102, 53, 57, 98, 0, 10, 0, 0, 0, 118, 97, 108, 117, 101, 47, 116, 101, 120, 116, 10, 0, 0, 0, 112, 114, 111, 118, 101, 110, 97, 110, 99, 101, 2, 94, 0, 0, 0, 116, 121, 112, 101, 47, 83, 112, 101, 101, 99, 104, 69, 118, 105, 100, 101, 110, 99, 101, 80, 114, 111, 118, 101, 110, 97, 110, 99, 101, 64, 99, 48, 57, 52, 49, 99, 52, 52, 51, 54, 52, 48, 55, 98, 100, 98, 49, 51, 49, 49, 97, 97, 48, 102, 55, 100, 102, 97, 99, 55, 56, 53, 55, 100, 98, 102, 49, 48, 101, 57, 55, 100, 52, 56, 53, 98, 99, 54, 51, 100, 51, 53, 101, 53, 48, 101, 49, 54, 57, 102, 48, 55, 98, 97, 3, 0, 0, 0, 6, 0, 0, 0, 109, 101, 116, 104, 111, 100, 0, 10, 0, 0, 0, 118, 97, 108, 117, 101, 47, 116, 101, 120, 116, 6, 0, 0, 0, 115, 111, 117, 114, 99, 101, 3, 90, 0, 0, 0, 116, 121, 112, 101, 47, 83, 112, 101, 101, 99, 104, 69, 118, 105, 100, 101, 110, 99, 101, 83, 111, 117, 114, 99, 101, 64, 102, 53, 100, 50, 56, 101, 56, 50, 49, 101, 52, 98, 101, 57, 57, 52, 51, 50, 49, 101, 100, 56, 98, 48, 51, 98, 50, 50, 54, 52, 100, 56, 101, 98, 50, 98, 101, 49, 57, 102, 51, 49, 48, 100, 99, 55, 57, 102, 55, 53, 55, 53, 56, 54, 56, 100, 99, 53, 48, 100, 98, 50, 98, 99, 20, 0, 0, 0, 14, 0, 0, 0, 97, 99, 111, 117, 115, 116, 105, 99, 95, 109, 111, 100, 101, 108, 0, 10, 0, 0, 0, 118, 97, 108, 117, 101, 47, 117, 110, 105, 116, 3, 0, 0, 0, 97, 115, 114, 0, 10, 0, 0, 0, 118, 97, 108, 117, 101, 47, 117, 110, 105, 116, 19, 0, 0, 0, 99, 111, 109, 109, 105, 116, 116, 101, 100, 95, 97, 99, 111, 117, 115, 116, 105, 99, 115, 0, 10, 0, 0, 0, 118, 97, 108, 117, 101, 47, 117, 110, 105, 116, 16, 0, 0, 0, 102, 111, 114, 99, 101, 100, 95, 97, 108, 105, 103, 110, 109, 101, 110, 116, 0, 10, 0, 0, 0, 118, 97, 108, 117, 101, 47, 117, 110, 105, 116, 3, 0, 0, 0, 103, 50, 112, 0, 10, 0, 0, 0, 118, 97, 108, 117, 101, 47, 117, 110, 105, 116, 7, 0, 0, 0, 103, 114, 97, 109, 109, 97, 114, 0, 10, 0, 0, 0, 118, 97, 108, 117, 101, 47, 117, 110, 105, 116, 13, 0, 0, 0, 105, 109, 112, 111, 114, 116, 101, 100, 95, 100, 97, 116, 97, 0, 10, 0, 0, 0, 118, 97, 108, 117, 101, 47, 117, 110, 105, 116, 9, 0, 0, 0, 105, 110, 102, 101, 114, 101, 110, 99, 101, 0, 10, 0, 0, 0, 118, 97, 108, 117, 101, 47, 117, 110, 105, 116, 18, 0, 0, 0, 108, 101, 97, 114, 110, 101, 100, 95, 112, 114, 101, 100, 105, 99, 116, 105, 111, 110, 0, 10, 0, 0, 0, 118, 97, 108, 117, 101, 47, 117, 110, 105, 116, 7, 0, 0, 0, 108, 101, 120, 105, 99, 111, 110, 0, 10, 0, 0, 0, 118, 97, 108, 117, 101, 47, 117, 110, 105, 116, 6, 0, 0, 0, 109, 97, 110, 117, 97, 108, 0, 10, 0, 0, 0, 118, 97, 108, 117, 101, 47, 117, 110, 105, 116, 15, 0, 0, 0, 109, 97, 110, 117, 97, 108, 95, 111, 118, 101, 114, 114, 105, 100, 101, 0, 10, 0, 0, 0, 118, 97, 108, 117, 101, 47, 117, 110, 105, 116, 6, 0, 0, 0, 109, 101, 109, 111, 114, 121, 0, 10, 0, 0, 0, 118, 97, 108, 117, 101, 47, 117, 110, 105, 116, 10, 0, 0, 0, 109, 111, 114, 112, 104, 111, 108, 111, 103, 121, 0, 10, 0, 0, 0, 118, 97, 108, 117, 101, 47, 117, 110, 105, 116, 7, 0, 0, 0, 112, 114, 111, 115, 111, 100, 121, 0, 10, 0, 0, 0, 118, 97, 108, 117, 101, 47, 117, 110, 105, 116, 11, 0, 0, 0, 112, 117, 110, 99, 116, 117, 97, 116, 105, 111, 110, 0, 10, 0, 0, 0, 118, 97, 108, 117, 101, 47, 117, 110, 105, 116, 4, 0, 0, 0, 114, 117, 108, 101, 0, 10, 0, 0, 0, 118, 97, 108, 117, 101, 47, 117, 110, 105, 116, 8, 0, 0, 0, 116, 116, 115, 95, 112, 108, 97, 110, 0, 10, 0, 0, 0, 118, 97, 108, 117, 101, 47, 117, 110, 105, 116, 7, 0, 0, 0, 117, 110, 107, 110, 111, 119, 110, 0, 10, 0, 0, 0, 118, 97, 108, 117, 101, 47, 117, 110, 105, 116, 11, 0, 0, 0, 117, 115, 101, 114, 95, 109, 97, 114, 107, 117, 112, 0, 10, 0, 0, 0, 118, 97, 108, 117, 101, 47, 117, 110, 105, 116, 7, 0, 0, 0, 118, 101, 114, 115, 105, 111, 110, 3, 30, 0, 0, 0, 99, 111, 110, 100, 117, 105, 116, 46, 99, 111, 110, 100, 117, 105, 116, 101, 115, 101, 46, 111, 112, 116, 105, 111, 110, 97, 108, 46, 118, 49, 2, 0, 0, 0, 4, 0, 0, 0, 110, 111, 110, 101, 0, 10, 0, 0, 0, 118, 97, 108, 117, 101, 47, 117, 110, 105, 116, 4, 0, 0, 0, 115, 111, 109, 101, 0, 10, 0, 0, 0, 118, 97, 108, 117, 101, 47, 116, 101, 120, 116, 5, 0, 0, 0, 117, 110, 105, 116, 115, 4, 1, 0, 8, 0, 5, 85, 0, 0, 0, 116, 121, 112, 101, 47, 83, 112, 101, 101, 99, 104, 73, 112, 97, 85, 110, 105, 116, 73, 100, 64, 98, 99, 102, 55, 53, 101, 97, 52, 55, 100, 56, 99, 98, 102, 99, 56, 98, 97, 51, 102, 100, 100, 51, 49, 98, 100, 99, 100, 53, 99, 52, 56, 51, 52, 101, 52, 53, 48, 102, 100, 49, 52, 55, 48, 52, 56, 53, 52, 57, 51, 54, 52, 101, 57, 97, 51, 99, 54, 101, 56, 52, 53, 101, 57, 0, 10, 0, 0, 0, 118, 97, 108, 117, 101, 47, 116, 101, 120, 116, 16, 0, 0, 0, 112, 104, 111, 110, 101, 109, 101, 95, 98, 105, 110, 100, 105, 110, 103, 115, 4, 0, 0, 64, 0, 2, 103, 0, 0, 0, 116, 121, 112, 101, 47, 83, 112, 101, 101, 99, 104, 73, 112, 97, 80, 104, 111, 110, 101, 109, 101, 68, 101, 102, 105, 110, 105, 116, 105, 111, 110, 66, 105, 110, 100, 105, 110, 103, 64, 56, 48, 54, 98, 57, 97, 53, 55, 101, 99, 48, 55, 53, 55, 49, 57, 99, 53, 54, 56, 100, 50, 54, 49, 100, 51, 102, 102, 50, 55, 51, 99, 53, 100, 50, 97, 56, 55, 51, 98, 50, 99, 50, 97, 51, 54, 51, 50, 101, 52, 54, 97, 52, 52, 51, 97, 49, 99, 54, 53, 54, 102, 51, 49, 3, 0, 0, 0, 7, 0, 0, 0, 112, 104, 111, 110, 101, 109, 101, 5, 79, 0, 0, 0, 116, 121, 112, 101, 47, 80, 104, 111, 110, 101, 109, 101, 73, 100, 64, 57, 99, 49, 49, 50, 51, 99, 102, 102, 102, 51, 57, 53, 99, 53, 48, 51, 102, 48, 54, 55, 54, 57, 100, 55, 54, 52, 98, 100, 100, 52, 57, 99, 50, 51, 97, 51, 57, 97, 50, 51, 98, 99, 98, 52, 54, 97, 99, 50, 52, 54, 48, 56, 99, 57, 97, 52, 53, 99, 99, 50, 102, 101, 51, 0, 10, 0, 0, 0, 118, 97, 108, 117, 101, 47, 116, 101, 120, 116, 10, 0, 0, 0, 112, 114, 111, 118, 101, 110, 97, 110, 99, 101, 2, 94, 0, 0, 0, 116, 121, 112, 101, 47, 83, 112, 101, 101, 99, 104, 69, 118, 105, 100, 101, 110, 99, 101, 80, 114, 111, 118, 101, 110, 97, 110, 99, 101, 64, 99, 48, 57, 52, 49, 99, 52, 52, 51, 54, 52, 48, 55, 98, 100, 98, 49, 51, 49, 49, 97, 97, 48, 102, 55, 100, 102, 97, 99, 55, 56, 53, 55, 100, 98, 102, 49, 48, 101, 57, 55, 100, 52, 56, 53, 98, 99, 54, 51, 100, 51, 53, 101, 53, 48, 101, 49, 54, 57, 102, 48, 55, 98, 97, 3, 0, 0, 0, 6, 0, 0, 0, 109, 101, 116, 104, 111, 100, 0, 10, 0, 0, 0, 118, 97, 108, 117, 101, 47, 116, 101, 120, 116, 6, 0, 0, 0, 115, 111, 117, 114, 99, 101, 3, 90, 0, 0, 0, 116, 121, 112, 101, 47, 83, 112, 101, 101, 99, 104, 69, 118, 105, 100, 101, 110, 99, 101, 83, 111, 117, 114, 99, 101, 64, 102, 53, 100, 50, 56, 101, 56, 50, 49, 101, 52, 98, 101, 57, 57, 52, 51, 50, 49, 101, 100, 56, 98, 48, 51, 98, 50, 50, 54, 52, 100, 56, 101, 98, 50, 98, 101, 49, 57, 102, 51, 49, 48, 100, 99, 55, 57, 102, 55, 53, 55, 53, 56, 54, 56, 100, 99, 53, 48, 100, 98, 50, 98, 99, 20, 0, 0, 0, 14, 0, 0, 0, 97, 99, 111, 117, 115, 116, 105, 99, 95, 109, 111, 100, 101, 108, 0, 10, 0, 0, 0, 118, 97, 108, 117, 101, 47, 117, 110, 105, 116, 3, 0, 0, 0, 97, 115, 114, 0, 10, 0, 0, 0, 118, 97, 108, 117, 101, 47, 117, 110, 105, 116, 19, 0, 0, 0, 99, 111, 109, 109, 105, 116, 116, 101, 100, 95, 97, 99, 111, 117, 115, 116, 105, 99, 115, 0, 10, 0, 0, 0, 118, 97, 108, 117, 101, 47, 117, 110, 105, 116, 16, 0, 0, 0, 102, 111, 114, 99, 101, 100, 95, 97, 108, 105, 103, 110, 109, 101, 110, 116, 0, 10, 0, 0, 0, 118, 97, 108, 117, 101, 47, 117, 110, 105, 116, 3, 0, 0, 0, 103, 50, 112, 0, 10, 0, 0, 0, 118, 97, 108, 117, 101, 47, 117, 110, 105, 116, 7, 0, 0, 0, 103, 114, 97, 109, 109, 97, 114, 0, 10, 0, 0, 0, 118, 97, 108, 117, 101, 47, 117, 110, 105, 116, 13, 0, 0, 0, 105, 109, 112, 111, 114, 116, 101, 100, 95, 100, 97, 116, 97, 0, 10, 0, 0, 0, 118, 97, 108, 117, 101, 47, 117, 110, 105, 116, 9, 0, 0, 0, 105, 110, 102, 101, 114, 101, 110, 99, 101, 0, 10, 0, 0, 0, 118, 97, 108, 117, 101, 47, 117, 110, 105, 116, 18, 0, 0, 0, 108, 101, 97, 114, 110, 101, 100, 95, 112, 114, 101, 100, 105, 99, 116, 105, 111, 110, 0, 10, 0, 0, 0, 118, 97, 108, 117, 101, 47, 117, 110, 105, 116, 7, 0, 0, 0, 108, 101, 120, 105, 99, 111, 110, 0, 10, 0, 0, 0, 118, 97, 108, 117, 101, 47, 117, 110, 105, 116, 6, 0, 0, 0, 109, 97, 110, 117, 97, 108, 0, 10, 0, 0, 0, 118, 97, 108, 117, 101, 47, 117, 110, 105, 116, 15, 0, 0, 0, 109, 97, 110, 117, 97, 108, 95, 111, 118, 101, 114, 114, 105, 100, 101, 0, 10, 0, 0, 0, 118, 97, 108, 117, 101, 47, 117, 110, 105, 116, 6, 0, 0, 0, 109, 101, 109, 111, 114, 121, 0, 10, 0, 0, 0, 118, 97, 108, 117, 101, 47, 117, 110, 105, 116, 10, 0, 0, 0, 109, 111, 114, 112, 104, 111, 108, 111, 103, 121, 0, 10, 0, 0, 0, 118, 97, 108, 117, 101, 47, 117, 110, 105, 116, 7, 0, 0, 0, 112, 114, 111, 115, 111, 100, 121, 0, 10, 0, 0, 0, 118, 97, 108, 117, 101, 47, 117, 110, 105, 116, 11, 0, 0, 0, 112, 117, 110, 99, 116, 117, 97, 116, 105, 111, 110, 0, 10, 0, 0, 0, 118, 97, 108, 117, 101, 47, 117, 110, 105, 116, 4, 0, 0, 0, 114, 117, 108, 101, 0, 10, 0, 0, 0, 118, 97, 108, 117, 101, 47, 117, 110, 105, 116, 8, 0, 0, 0, 116, 116, 115, 95, 112, 108, 97, 110, 0, 10, 0, 0, 0, 118, 97, 108, 117, 101, 47, 117, 110, 105, 116, 7, 0, 0, 0, 117, 110, 107, 110, 111, 119, 110, 0, 10, 0, 0, 0, 118, 97, 108, 117, 101, 47, 117, 110, 105, 116, 11, 0, 0, 0, 117, 115, 101, 114, 95, 109, 97, 114, 107, 117, 112, 0, 10, 0, 0, 0, 118, 97, 108, 117, 101, 47, 117, 110, 105, 116, 7, 0, 0, 0, 118, 101, 114, 115, 105, 111, 110, 3, 30, 0, 0, 0, 99, 111, 110, 100, 117, 105, 116, 46, 99, 111, 110, 100, 117, 105, 116, 101, 115, 101, 46, 111, 112, 116, 105, 111, 110, 97, 108, 46, 118, 49, 2, 0, 0, 0, 4, 0, 0, 0, 110, 111, 110, 101, 0, 10, 0, 0, 0, 118, 97, 108, 117, 101, 47, 117, 110, 105, 116, 4, 0, 0, 0, 115, 111, 109, 101, 0, 10, 0, 0, 0, 118, 97, 108, 117, 101, 47, 116, 101, 120, 116, 5, 0, 0, 0, 117, 110, 105, 116, 115, 4, 1, 0, 8, 0, 5, 85, 0, 0, 0, 116, 121, 112, 101, 47, 83, 112, 101, 101, 99, 104, 73, 112, 97, 85, 110, 105, 116, 73, 100, 64, 98, 99, 102, 55, 53, 101, 97, 52, 55, 100, 56, 99, 98, 102, 99, 56, 98, 97, 51, 102, 100, 100, 51, 49, 98, 100, 99, 100, 53, 99, 52, 56, 51, 52, 101, 52, 53, 48, 102, 100, 49, 52, 55, 48, 52, 56, 53, 52, 57, 51, 54, 52, 101, 57, 97, 51, 99, 54, 101, 56, 52, 53, 101, 57, 0, 10, 0, 0, 0, 118, 97, 108, 117, 101, 47, 116, 101, 120, 116, 7, 0, 0, 0, 112, 114, 111, 102, 105, 108, 101, 2, 94, 0, 0, 0, 116, 121, 112, 101, 47, 83, 112, 101, 101, 99, 104, 73, 112, 97, 78, 111, 116, 97, 116, 105, 111, 110, 80, 114, 111, 102, 105, 108, 101, 64, 48, 51, 50, 98, 101, 101, 57, 48, 102, 53, 50, 56, 54, 100, 53, 56, 57, 51, 100, 57, 98, 98, 51, 57, 98, 102, 50, 50, 55, 53, 101, 101, 53, 101, 102, 102, 49, 55, 102, 50, 50, 51, 56, 57, 102, 50, 101, 50, 57, 48, 102, 98, 98, 51, 56, 57, 53, 100, 101, 51, 53, 53, 100, 98, 7, 0, 0, 0, 7, 0, 0, 0, 97, 108, 105, 97, 115, 101, 115, 4, 0, 0, 0, 1, 2, 92, 0, 0, 0, 116, 121, 112, 101, 47, 83, 112, 101, 101, 99, 104, 73, 112, 97, 83, 112, 101, 108, 108, 105, 110, 103, 65, 108, 105, 97, 115, 64, 48, 52, 98, 102, 98, 57, 51, 102, 51, 49, 53, 48, 53, 55, 99, 51, 49, 49, 52, 56, 102, 50, 49, 54, 49, 100, 97, 57, 52, 97, 102, 49, 54, 49, 102, 101, 48, 52, 102, 57, 50, 53, 57, 49, 52, 53, 50, 50, 55, 101, 50, 98, 57, 102, 98, 99, 55, 102, 55, 100, 48, 97, 54, 50, 3, 0, 0, 0, 10, 0, 0, 0, 112, 114, 111, 118, 101, 110, 97, 110, 99, 101, 2, 94, 0, 0, 0, 116, 121, 112, 101, 47, 83, 112, 101, 101, 99, 104, 69, 118, 105, 100, 101, 110, 99, 101, 80, 114, 111, 118, 101, 110, 97, 110, 99, 101, 64, 99, 48, 57, 52, 49, 99, 52, 52, 51, 54, 52, 48, 55, 98, 100, 98, 49, 51, 49, 49, 97, 97, 48, 102, 55, 100, 102, 97, 99, 55, 56, 53, 55, 100, 98, 102, 49, 48, 101, 57, 55, 100, 52, 56, 53, 98, 99, 54, 51, 100, 51, 53, 101, 53, 48, 101, 49, 54, 57, 102, 48, 55, 98, 97, 3, 0, 0, 0, 6, 0, 0, 0, 109, 101, 116, 104, 111, 100, 0, 10, 0, 0, 0, 118, 97, 108, 117, 101, 47, 116, 101, 120, 116, 6, 0, 0, 0, 115, 111, 117, 114, 99, 101, 3, 90, 0, 0, 0, 116, 121, 112, 101, 47, 83, 112, 101, 101, 99, 104, 69, 118, 105, 100, 101, 110, 99, 101, 83, 111, 117, 114, 99, 101, 64, 102, 53, 100, 50, 56, 101, 56, 50, 49, 101, 52, 98, 101, 57, 57, 52, 51, 50, 49, 101, 100, 56, 98, 48, 51, 98, 50, 50, 54, 52, 100, 56, 101, 98, 50, 98, 101, 49, 57, 102, 51, 49, 48, 100, 99, 55, 57, 102, 55, 53, 55, 53, 56, 54, 56, 100, 99, 53, 48, 100, 98, 50, 98, 99, 20, 0, 0, 0, 14, 0, 0, 0, 97, 99, 111, 117, 115, 116, 105, 99, 95, 109, 111, 100, 101, 108, 0, 10, 0, 0, 0, 118, 97, 108, 117, 101, 47, 117, 110, 105, 116, 3, 0, 0, 0, 97, 115, 114, 0, 10, 0, 0, 0, 118, 97, 108, 117, 101, 47, 117, 110, 105, 116, 19, 0, 0, 0, 99, 111, 109, 109, 105, 116, 116, 101, 100, 95, 97, 99, 111, 117, 115, 116, 105, 99, 115, 0, 10, 0, 0, 0, 118, 97, 108, 117, 101, 47, 117, 110, 105, 116, 16, 0, 0, 0, 102, 111, 114, 99, 101, 100, 95, 97, 108, 105, 103, 110, 109, 101, 110, 116, 0, 10, 0, 0, 0, 118, 97, 108, 117, 101, 47, 117, 110, 105, 116, 3, 0, 0, 0, 103, 50, 112, 0, 10, 0, 0, 0, 118, 97, 108, 117, 101, 47, 117, 110, 105, 116, 7, 0, 0, 0, 103, 114, 97, 109, 109, 97, 114, 0, 10, 0, 0, 0, 118, 97, 108, 117, 101, 47, 117, 110, 105, 116, 13, 0, 0, 0, 105, 109, 112, 111, 114, 116, 101, 100, 95, 100, 97, 116, 97, 0, 10, 0, 0, 0, 118, 97, 108, 117, 101, 47, 117, 110, 105, 116, 9, 0, 0, 0, 105, 110, 102, 101, 114, 101, 110, 99, 101, 0, 10, 0, 0, 0, 118, 97, 108, 117, 101, 47, 117, 110, 105, 116, 18, 0, 0, 0, 108, 101, 97, 114, 110, 101, 100, 95, 112, 114, 101, 100, 105, 99, 116, 105, 111, 110, 0, 10, 0, 0, 0, 118, 97, 108, 117, 101, 47, 117, 110, 105, 116, 7, 0, 0, 0, 108, 101, 120, 105, 99, 111, 110, 0, 10, 0, 0, 0, 118, 97, 108, 117, 101, 47, 117, 110, 105, 116, 6, 0, 0, 0, 109, 97, 110, 117, 97, 108, 0, 10, 0, 0, 0, 118, 97, 108, 117, 101, 47, 117, 110, 105, 116, 15, 0, 0, 0, 109, 97, 110, 117, 97, 108, 95, 111, 118, 101, 114, 114, 105, 100, 101, 0, 10, 0, 0, 0, 118, 97, 108, 117, 101, 47, 117, 110, 105, 116, 6, 0, 0, 0, 109, 101, 109, 111, 114, 121, 0, 10, 0, 0, 0, 118, 97, 108, 117, 101, 47, 117, 110, 105, 116, 10, 0, 0, 0, 109, 111, 114, 112, 104, 111, 108, 111, 103, 121, 0, 10, 0, 0, 0, 118, 97, 108, 117, 101, 47, 117, 110, 105, 116, 7, 0, 0, 0, 112, 114, 111, 115, 111, 100, 121, 0, 10, 0, 0, 0, 118, 97, 108, 117, 101, 47, 117, 110, 105, 116, 11, 0, 0, 0, 112, 117, 110, 99, 116, 117, 97, 116, 105, 111, 110, 0, 10, 0, 0, 0, 118, 97, 108, 117, 101, 47, 117, 110, 105, 116, 4, 0, 0, 0, 114, 117, 108, 101, 0, 10, 0, 0, 0, 118, 97, 108, 117, 101, 47, 117, 110, 105, 116, 8, 0, 0, 0, 116, 116, 115, 95, 112, 108, 97, 110, 0, 10, 0, 0, 0, 118, 97, 108, 117, 101, 47, 117, 110, 105, 116, 7, 0, 0, 0, 117, 110, 107, 110, 111, 119, 110, 0, 10, 0, 0, 0, 118, 97, 108, 117, 101, 47, 117, 110, 105, 116, 11, 0, 0, 0, 117, 115, 101, 114, 95, 109, 97, 114, 107, 117, 112, 0, 10, 0, 0, 0, 118, 97, 108, 117, 101, 47, 117, 110, 105, 116, 7, 0, 0, 0, 118, 101, 114, 115, 105, 111, 110, 3, 30, 0, 0, 0, 99, 111, 110, 100, 117, 105, 116, 46, 99, 111, 110, 100, 117, 105, 116, 101, 115, 101, 46, 111, 112, 116, 105, 111, 110, 97, 108, 46, 118, 49, 2, 0, 0, 0, 4, 0, 0, 0, 110, 111, 110, 101, 0, 10, 0, 0, 0, 118, 97, 108, 117, 101, 47, 117, 110, 105, 116, 4, 0, 0, 0, 115, 111, 109, 101, 0, 10, 0, 0, 0, 118, 97, 108, 117, 101, 47, 116, 101, 120, 116, 6, 0, 0, 0, 115, 111, 117, 114, 99, 101, 5, 87, 0, 0, 0, 116, 121, 112, 101, 47, 83, 112, 101, 101, 99, 104, 73, 112, 97, 83, 112, 101, 108, 108, 105, 110, 103, 64, 49, 97, 52, 100, 56, 101, 97, 98, 53, 52, 99, 55, 97, 54, 102, 57, 56, 48, 48, 49, 52, 102, 50, 55, 56, 49, 98, 57, 51, 52, 57, 56, 53, 57, 57, 99, 99, 52, 54, 56, 48, 100, 50, 53, 55, 100, 50, 56, 51, 97, 99, 56, 55, 50, 97, 50, 49, 49, 102, 53, 52, 51, 54, 56, 0, 10, 0, 0, 0, 118, 97, 108, 117, 101, 47, 116, 101, 120, 116, 6, 0, 0, 0, 116, 97, 114, 103, 101, 116, 5, 85, 0, 0, 0, 116, 121, 112, 101, 47, 83, 112, 101, 101, 99, 104, 73, 112, 97, 85, 110, 105, 116, 73, 100, 64, 98, 99, 102, 55, 53, 101, 97, 52, 55, 100, 56, 99, 98, 102, 99, 56, 98, 97, 51, 102, 100, 100, 51, 49, 98, 100, 99, 100, 53, 99, 52, 56, 51, 52, 101, 52, 53, 48, 102, 100, 49, 52, 55, 48, 52, 56, 53, 52, 57, 51, 54, 52, 101, 57, 97, 51, 99, 54, 101, 56, 52, 53, 101, 57, 0, 10, 0, 0, 0, 118, 97, 108, 117, 101, 47, 116, 101, 120, 116, 8, 0, 0, 0, 105, 100, 101, 110, 116, 105, 116, 121, 5, 96, 0, 0, 0, 116, 121, 112, 101, 47, 83, 112, 101, 101, 99, 104, 73, 112, 97, 78, 111, 116, 97, 116, 105, 111, 110, 80, 114, 111, 102, 105, 108, 101, 73, 100, 64, 51, 54, 51, 53, 55, 54, 101, 57, 52, 48, 102, 99, 54, 52, 100, 50, 97, 54, 55, 49, 54, 53, 55, 55, 48, 48, 52, 57, 55, 99, 98, 99, 54, 97, 53, 57, 48, 57, 55, 56, 52, 99, 49, 48, 99, 55, 50, 51, 53, 52, 51, 51, 97, 100, 99, 102, 102, 55, 98, 100, 54, 57, 52, 52, 0, 10, 0, 0, 0, 118, 97, 108, 117, 101, 47, 116, 101, 120, 116, 12, 0, 0, 0, 105, 110, 118, 101, 110, 116, 111, 114, 121, 95, 105, 100, 5, 87, 0, 0, 0, 116, 121, 112, 101, 47, 83, 112, 101, 101, 99, 104, 73, 110, 118, 101, 110, 116, 111, 114, 121, 73, 100, 64, 52, 98, 49, 49, 50, 99, 99, 57, 97, 53, 97, 51, 100, 101, 57, 48, 102, 102, 55, 54, 54, 101, 49, 48, 53, 57, 101, 54, 98, 49, 56, 101, 49, 97, 50, 50, 49, 50, 56, 48, 101, 97, 98, 53, 97, 49, 98, 50, 100, 101, 49, 97, 55, 97, 48, 53, 97, 53, 51, 100, 102, 48, 53, 49, 0, 10, 0, 0, 0, 118, 97, 108, 117, 101, 47, 116, 101, 120, 116, 10, 0, 0, 0, 112, 114, 111, 118, 101, 110, 97, 110, 99, 101, 2, 94, 0, 0, 0, 116, 121, 112, 101, 47, 83, 112, 101, 101, 99, 104, 69, 118, 105, 100, 101, 110, 99, 101, 80, 114, 111, 118, 101, 110, 97, 110, 99, 101, 64, 99, 48, 57, 52, 49, 99, 52, 52, 51, 54, 52, 48, 55, 98, 100, 98, 49, 51, 49, 49, 97, 97, 48, 102, 55, 100, 102, 97, 99, 55, 56, 53, 55, 100, 98, 102, 49, 48, 101, 57, 55, 100, 52, 56, 53, 98, 99, 54, 51, 100, 51, 53, 101, 53, 48, 101, 49, 54, 57, 102, 48, 55, 98, 97, 3, 0, 0, 0, 6, 0, 0, 0, 109, 101, 116, 104, 111, 100, 0, 10, 0, 0, 0, 118, 97, 108, 117, 101, 47, 116, 101, 120, 116, 6, 0, 0, 0, 115, 111, 117, 114, 99, 101, 3, 90, 0, 0, 0, 116, 121, 112, 101, 47, 83, 112, 101, 101, 99, 104, 69, 118, 105, 100, 101, 110, 99, 101, 83, 111, 117, 114, 99, 101, 64, 102, 53, 100, 50, 56, 101, 56, 50, 49, 101, 52, 98, 101, 57, 57, 52, 51, 50, 49, 101, 100, 56, 98, 48, 51, 98, 50, 50, 54, 52, 100, 56, 101, 98, 50, 98, 101, 49, 57, 102, 51, 49, 48, 100, 99, 55, 57, 102, 55, 53, 55, 53, 56, 54, 56, 100, 99, 53, 48, 100, 98, 50, 98, 99, 20, 0, 0, 0, 14, 0, 0, 0, 97, 99, 111, 117, 115, 116, 105, 99, 95, 109, 111, 100, 101, 108, 0, 10, 0, 0, 0, 118, 97, 108, 117, 101, 47, 117, 110, 105, 116, 3, 0, 0, 0, 97, 115, 114, 0, 10, 0, 0, 0, 118, 97, 108, 117, 101, 47, 117, 110, 105, 116, 19, 0, 0, 0, 99, 111, 109, 109, 105, 116, 116, 101, 100, 95, 97, 99, 111, 117, 115, 116, 105, 99, 115, 0, 10, 0, 0, 0, 118, 97, 108, 117, 101, 47, 117, 110, 105, 116, 16, 0, 0, 0, 102, 111, 114, 99, 101, 100, 95, 97, 108, 105, 103, 110, 109, 101, 110, 116, 0, 10, 0, 0, 0, 118, 97, 108, 117, 101, 47, 117, 110, 105, 116, 3, 0, 0, 0, 103, 50, 112, 0, 10, 0, 0, 0, 118, 97, 108, 117, 101, 47, 117, 110, 105, 116, 7, 0, 0, 0, 103, 114, 97, 109, 109, 97, 114, 0, 10, 0, 0, 0, 118, 97, 108, 117, 101, 47, 117, 110, 105, 116, 13, 0, 0, 0, 105, 109, 112, 111, 114, 116, 101, 100, 95, 100, 97, 116, 97, 0, 10, 0, 0, 0, 118, 97, 108, 117, 101, 47, 117, 110, 105, 116, 9, 0, 0, 0, 105, 110, 102, 101, 114, 101, 110, 99, 101, 0, 10, 0, 0, 0, 118, 97, 108, 117, 101, 47, 117, 110, 105, 116, 18, 0, 0, 0, 108, 101, 97, 114, 110, 101, 100, 95, 112, 114, 101, 100, 105, 99, 116, 105, 111, 110, 0, 10, 0, 0, 0, 118, 97, 108, 117, 101, 47, 117, 110, 105, 116, 7, 0, 0, 0, 108, 101, 120, 105, 99, 111, 110, 0, 10, 0, 0, 0, 118, 97, 108, 117, 101, 47, 117, 110, 105, 116, 6, 0, 0, 0, 109, 97, 110, 117, 97, 108, 0, 10, 0, 0, 0, 118, 97, 108, 117, 101, 47, 117, 110, 105, 116, 15, 0, 0, 0, 109, 97, 110, 117, 97, 108, 95, 111, 118, 101, 114, 114, 105, 100, 101, 0, 10, 0, 0, 0, 118, 97, 108, 117, 101, 47, 117, 110, 105, 116, 6, 0, 0, 0, 109, 101, 109, 111, 114, 121, 0, 10, 0, 0, 0, 118, 97, 108, 117, 101, 47, 117, 110, 105, 116, 10, 0, 0, 0, 109, 111, 114, 112, 104, 111, 108, 111, 103, 121, 0, 10, 0, 0, 0, 118, 97, 108, 117, 101, 47, 117, 110, 105, 116, 7, 0, 0, 0, 112, 114, 111, 115, 111, 100, 121, 0, 10, 0, 0, 0, 118, 97, 108, 117, 101, 47, 117, 110, 105, 116, 11, 0, 0, 0, 112, 117, 110, 99, 116, 117, 97, 116, 105, 111, 110, 0, 10, 0, 0, 0, 118, 97, 108, 117, 101, 47, 117, 110, 105, 116, 4, 0, 0, 0, 114, 117, 108, 101, 0, 10, 0, 0, 0, 118, 97, 108, 117, 101, 47, 117, 110, 105, 116, 8, 0, 0, 0, 116, 116, 115, 95, 112, 108, 97, 110, 0, 10, 0, 0, 0, 118, 97, 108, 117, 101, 47, 117, 110, 105, 116, 7, 0, 0, 0, 117, 110, 107, 110, 111, 119, 110, 0, 10, 0, 0, 0, 118, 97, 108, 117, 101, 47, 117, 110, 105, 116, 11, 0, 0, 0, 117, 115, 101, 114, 95, 109, 97, 114, 107, 117, 112, 0, 10, 0, 0, 0, 118, 97, 108, 117, 101, 47, 117, 110, 105, 116, 7, 0, 0, 0, 118, 101, 114, 115, 105, 111, 110, 3, 30, 0, 0, 0, 99, 111, 110, 100, 117, 105, 116, 46, 99, 111, 110, 100, 117, 105, 116, 101, 115, 101, 46, 111, 112, 116, 105, 111, 110, 97, 108, 46, 118, 49, 2, 0, 0, 0, 4, 0, 0, 0, 110, 111, 110, 101, 0, 10, 0, 0, 0, 118, 97, 108, 117, 101, 47, 117, 110, 105, 116, 4, 0, 0, 0, 115, 111, 109, 101, 0, 10, 0, 0, 0, 118, 97, 108, 117, 101, 47, 116, 101, 120, 116, 8, 0, 0, 0, 114, 101, 118, 105, 115, 105, 111, 110, 5, 93, 0, 0, 0, 116, 121, 112, 101, 47, 83, 112, 101, 101, 99, 104, 83, 101, 103, 109, 101, 110, 116, 82, 101, 118, 105, 115, 105, 111, 110, 73, 100, 64, 97, 98, 101, 55, 53, 51, 56, 54, 50, 98, 50, 98, 102, 57, 51, 52, 100, 48, 55, 99, 98, 102, 98, 53, 52, 53, 100, 52, 55, 49, 100, 97, 100, 54, 53, 98, 52, 56, 53, 57, 56, 48, 52, 55, 57, 53, 54, 97, 54, 55, 100, 100, 102, 48, 100, 98, 99, 54, 55, 57, 50, 51, 48, 56, 0, 10, 0, 0, 0, 118, 97, 108, 117, 101, 47, 116, 101, 120, 116, 5, 0, 0, 0, 117, 110, 105, 116, 115, 4, 1, 0, 0, 1, 2, 93, 0, 0, 0, 116, 121, 112, 101, 47, 83, 112, 101, 101, 99, 104, 73, 112, 97, 85, 110, 105, 116, 68, 101, 102, 105, 110, 105, 116, 105, 111, 110, 64, 52, 100, 101, 57, 55, 49, 53, 99, 100, 53, 100, 100, 101, 97, 48, 53, 102, 54, 99, 98, 51, 102, 102, 57, 48, 48, 53, 55, 48, 100, 48, 97, 48, 55, 100, 57, 53, 101, 57, 98, 97, 57, 100, 55, 52, 51, 99, 55, 51, 99, 49, 97, 100, 57, 54, 99, 102, 97, 100, 100, 54, 50, 53, 50, 4, 0, 0, 0, 8, 0, 0, 0, 105, 100, 101, 110, 116, 105, 116, 121, 5, 85, 0, 0, 0, 116, 121, 112, 101, 47, 83, 112, 101, 101, 99, 104, 73, 112, 97, 85, 110, 105, 116, 73, 100, 64, 98, 99, 102, 55, 53, 101, 97, 52, 55, 100, 56, 99, 98, 102, 99, 56, 98, 97, 51, 102, 100, 100, 51, 49, 98, 100, 99, 100, 53, 99, 52, 56, 51, 52, 101, 52, 53, 48, 102, 100, 49, 52, 55, 48, 52, 56, 53, 52, 57, 51, 54, 52, 101, 57, 97, 51, 99, 54, 101, 56, 52, 53, 101, 57, 0, 10, 0, 0, 0, 118, 97, 108, 117, 101, 47, 116, 101, 120, 116, 4, 0, 0, 0, 107, 105, 110, 100, 3, 87, 0, 0, 0, 116, 121, 112, 101, 47, 83, 112, 101, 101, 99, 104, 73, 112, 97, 85, 110, 105, 116, 75, 105, 110, 100, 64, 52, 55, 52, 98, 56, 100, 51, 102, 102, 49, 50, 50, 98, 100, 48, 54, 50, 99, 55, 57, 50, 102, 56, 50, 48, 102, 50, 101, 98, 102, 53, 98, 100, 54, 101, 100, 98, 51, 97, 53, 48, 100, 54, 51, 102, 101, 55, 53, 99, 98, 56, 97, 57, 98, 55, 53, 97, 49, 49, 57, 57, 53, 51, 97, 5, 0, 0, 0, 6, 0, 0, 0, 108, 101, 110, 103, 116, 104, 0, 10, 0, 0, 0, 118, 97, 108, 117, 101, 47, 117, 110, 105, 116, 14, 0, 0, 0, 112, 114, 105, 109, 97, 114, 121, 95, 115, 116, 114, 101, 115, 115, 0, 10, 0, 0, 0, 118, 97, 108, 117, 101, 47, 117, 110, 105, 116, 16, 0, 0, 0, 115, 101, 99, 111, 110, 100, 97, 114, 121, 95, 115, 116, 114, 101, 115, 115, 0, 10, 0, 0, 0, 118, 97, 108, 117, 101, 47, 117, 110, 105, 116, 7, 0, 0, 0, 115, 101, 103, 109, 101, 110, 116, 0, 10, 0, 0, 0, 118, 97, 108, 117, 101, 47, 117, 110, 105, 116, 17, 0, 0, 0, 115, 121, 108, 108, 97, 98, 108, 101, 95, 98, 111, 117, 110, 100, 97, 114, 121, 0, 10, 0, 0, 0, 118, 97, 108, 117, 101, 47, 117, 110, 105, 116, 10, 0, 0, 0, 112, 114, 111, 118, 101, 110, 97, 110, 99, 101, 2, 94, 0, 0, 0, 116, 121, 112, 101, 47, 83, 112, 101, 101, 99, 104, 69, 118, 105, 100, 101, 110, 99, 101, 80, 114, 111, 118, 101, 110, 97, 110, 99, 101, 64, 99, 48, 57, 52, 49, 99, 52, 52, 51, 54, 52, 48, 55, 98, 100, 98, 49, 51, 49, 49, 97, 97, 48, 102, 55, 100, 102, 97, 99, 55, 56, 53, 55, 100, 98, 102, 49, 48, 101, 57, 55, 100, 52, 56, 53, 98, 99, 54, 51, 100, 51, 53, 101, 53, 48, 101, 49, 54, 57, 102, 48, 55, 98, 97, 3, 0, 0, 0, 6, 0, 0, 0, 109, 101, 116, 104, 111, 100, 0, 10, 0, 0, 0, 118, 97, 108, 117, 101, 47, 116, 101, 120, 116, 6, 0, 0, 0, 115, 111, 117, 114, 99, 101, 3, 90, 0, 0, 0, 116, 121, 112, 101, 47, 83, 112, 101, 101, 99, 104, 69, 118, 105, 100, 101, 110, 99, 101, 83, 111, 117, 114, 99, 101, 64, 102, 53, 100, 50, 56, 101, 56, 50, 49, 101, 52, 98, 101, 57, 57, 52, 51, 50, 49, 101, 100, 56, 98, 48, 51, 98, 50, 50, 54, 52, 100, 56, 101, 98, 50, 98, 101, 49, 57, 102, 51, 49, 48, 100, 99, 55, 57, 102, 55, 53, 55, 53, 56, 54, 56, 100, 99, 53, 48, 100, 98, 50, 98, 99, 20, 0, 0, 0, 14, 0, 0, 0, 97, 99, 111, 117, 115, 116, 105, 99, 95, 109, 111, 100, 101, 108, 0, 10, 0, 0, 0, 118, 97, 108, 117, 101, 47, 117, 110, 105, 116, 3, 0, 0, 0, 97, 115, 114, 0, 10, 0, 0, 0, 118, 97, 108, 117, 101, 47, 117, 110, 105, 116, 19, 0, 0, 0, 99, 111, 109, 109, 105, 116, 116, 101, 100, 95, 97, 99, 111, 117, 115, 116, 105, 99, 115, 0, 10, 0, 0, 0, 118, 97, 108, 117, 101, 47, 117, 110, 105, 116, 16, 0, 0, 0, 102, 111, 114, 99, 101, 100, 95, 97, 108, 105, 103, 110, 109, 101, 110, 116, 0, 10, 0, 0, 0, 118, 97, 108, 117, 101, 47, 117, 110, 105, 116, 3, 0, 0, 0, 103, 50, 112, 0, 10, 0, 0, 0, 118, 97, 108, 117, 101, 47, 117, 110, 105, 116, 7, 0, 0, 0, 103, 114, 97, 109, 109, 97, 114, 0, 10, 0, 0, 0, 118, 97, 108, 117, 101, 47, 117, 110, 105, 116, 13, 0, 0, 0, 105, 109, 112, 111, 114, 116, 101, 100, 95, 100, 97, 116, 97, 0, 10, 0, 0, 0, 118, 97, 108, 117, 101, 47, 117, 110, 105, 116, 9, 0, 0, 0, 105, 110, 102, 101, 114, 101, 110, 99, 101, 0, 10, 0, 0, 0, 118, 97, 108, 117, 101, 47, 117, 110, 105, 116, 18, 0, 0, 0, 108, 101, 97, 114, 110, 101, 100, 95, 112, 114, 101, 100, 105, 99, 116, 105, 111, 110, 0, 10, 0, 0, 0, 118, 97, 108, 117, 101, 47, 117, 110, 105, 116, 7, 0, 0, 0, 108, 101, 120, 105, 99, 111, 110, 0, 10, 0, 0, 0, 118, 97, 108, 117, 101, 47, 117, 110, 105, 116, 6, 0, 0, 0, 109, 97, 110, 117, 97, 108, 0, 10, 0, 0, 0, 118, 97, 108, 117, 101, 47, 117, 110, 105, 116, 15, 0, 0, 0, 109, 97, 110, 117, 97, 108, 95, 111, 118, 101, 114, 114, 105, 100, 101, 0, 10, 0, 0, 0, 118, 97, 108, 117, 101, 47, 117, 110, 105, 116, 6, 0, 0, 0, 109, 101, 109, 111, 114, 121, 0, 10, 0, 0, 0, 118, 97, 108, 117, 101, 47, 117, 110, 105, 116, 10, 0, 0, 0, 109, 111, 114, 112, 104, 111, 108, 111, 103, 121, 0, 10, 0, 0, 0, 118, 97, 108, 117, 101, 47, 117, 110, 105, 116, 7, 0, 0, 0, 112, 114, 111, 115, 111, 100, 121, 0, 10, 0, 0, 0, 118, 97, 108, 117, 101, 47, 117, 110, 105, 116, 11, 0, 0, 0, 112, 117, 110, 99, 116, 117, 97, 116, 105, 111, 110, 0, 10, 0, 0, 0, 118, 97, 108, 117, 101, 47, 117, 110, 105, 116, 4, 0, 0, 0, 114, 117, 108, 101, 0, 10, 0, 0, 0, 118, 97, 108, 117, 101, 47, 117, 110, 105, 116, 8, 0, 0, 0, 116, 116, 115, 95, 112, 108, 97, 110, 0, 10, 0, 0, 0, 118, 97, 108, 117, 101, 47, 117, 110, 105, 116, 7, 0, 0, 0, 117, 110, 107, 110, 111, 119, 110, 0, 10, 0, 0, 0, 118, 97, 108, 117, 101, 47, 117, 110, 105, 116, 11, 0, 0, 0, 117, 115, 101, 114, 95, 109, 97, 114, 107, 117, 112, 0, 10, 0, 0, 0, 118, 97, 108, 117, 101, 47, 117, 110, 105, 116, 7, 0, 0, 0, 118, 101, 114, 115, 105, 111, 110, 3, 30, 0, 0, 0, 99, 111, 110, 100, 117, 105, 116, 46, 99, 111, 110, 100, 117, 105, 116, 101, 115, 101, 46, 111, 112, 116, 105, 111, 110, 97, 108, 46, 118, 49, 2, 0, 0, 0, 4, 0, 0, 0, 110, 111, 110, 101, 0, 10, 0, 0, 0, 118, 97, 108, 117, 101, 47, 117, 110, 105, 116, 4, 0, 0, 0, 115, 111, 109, 101, 0, 10, 0, 0, 0, 118, 97, 108, 117, 101, 47, 116, 101, 120, 116, 8, 0, 0, 0, 115, 112, 101, 108, 108, 105, 110, 103, 5, 87, 0, 0, 0, 116, 121, 112, 101, 47, 83, 112, 101, 101, 99, 104, 73, 112, 97, 83, 112, 101, 108, 108, 105, 110, 103, 64, 49, 97, 52, 100, 56, 101, 97, 98, 53, 52, 99, 55, 97, 54, 102, 57, 56, 48, 48, 49, 52, 102, 50, 55, 56, 49, 98, 57, 51, 52, 57, 56, 53, 57, 57, 99, 99, 52, 54, 56, 48, 100, 50, 53, 55, 100, 50, 56, 51, 97, 99, 56, 55, 50, 97, 50, 49, 49, 102, 53, 52, 51, 54, 56, 0, 10, 0, 0, 0, 118, 97, 108, 117, 101, 47, 116, 101, 120, 116, 7, 0, 0, 0, 118, 97, 114, 105, 101, 116, 121, 2, 85, 0, 0, 0, 116, 121, 112, 101, 47, 76, 97, 110, 103, 117, 97, 103, 101, 86, 97, 114, 105, 101, 116, 121, 64, 51, 49, 101, 102, 48, 48, 102, 98, 99, 100, 50, 48, 55, 50, 48, 49, 101, 98, 49, 102, 49, 50, 50, 52, 57, 101, 53, 57, 53, 52, 50, 51, 55, 52, 54, 55, 98, 54, 100, 54, 55, 55, 98, 56, 102, 98, 53, 55, 51, 97, 55, 57, 56, 97, 55, 101, 56, 98, 98, 97, 53, 48, 54, 100, 2, 0, 0, 0, 8, 0, 0, 0, 105, 100, 101, 110, 116, 105, 116, 121, 5, 79, 0, 0, 0, 116, 121, 112, 101, 47, 86, 97, 114, 105, 101, 116, 121, 73, 100, 64, 50, 102, 97, 51, 55, 56, 48, 53, 52, 100, 51, 56, 100, 57, 56, 48, 102, 101, 48, 98, 99, 55, 55, 100, 48, 99, 48, 52, 56, 100, 102, 100, 97, 99, 100, 102, 56, 55, 57, 100, 55, 52, 53, 48, 53, 98, 102, 101, 51, 50, 56, 102, 99, 100, 100, 100, 98, 54, 56, 101, 54, 56, 56, 54, 0, 10, 0, 0, 0, 118, 97, 108, 117, 101, 47, 116, 101, 120, 116, 8, 0, 0, 0, 108, 97, 110, 103, 117, 97, 103, 101, 5, 80, 0, 0, 0, 116, 121, 112, 101, 47, 76, 97, 110, 103, 117, 97, 103, 101, 73, 100, 64, 102, 52, 99, 53, 50, 53, 49, 49, 98, 48, 98, 57, 51, 55, 50, 99, 55, 98, 52, 51, 49, 98, 100, 101, 102, 57, 102, 101, 51, 50, 100, 50, 101, 49, 98, 101, 49, 99, 98, 54, 55, 53, 48, 55, 49, 54, 51, 53, 101, 100, 100, 55, 54, 51, 102, 48, 49, 99, 99, 53, 56, 54, 51, 100, 0, 10, 0, 0, 0, 118, 97, 108, 117, 101, 47, 116, 101, 120, 116, 10, 0, 0, 0, 112, 114, 111, 118, 101, 110, 97, 110, 99, 101, 2, 94, 0, 0, 0, 116, 121, 112, 101, 47, 83, 112, 101, 101, 99, 104, 69, 118, 105, 100, 101, 110, 99, 101, 80, 114, 111, 118, 101, 110, 97, 110, 99, 101, 64, 99, 48, 57, 52, 49, 99, 52, 52, 51, 54, 52, 48, 55, 98, 100, 98, 49, 51, 49, 49, 97, 97, 48, 102, 55, 100, 102, 97, 99, 55, 56, 53, 55, 100, 98, 102, 49, 48, 101, 57, 55, 100, 52, 56, 53, 98, 99, 54, 51, 100, 51, 53, 101, 53, 48, 101, 49, 54, 57, 102, 48, 55, 98, 97, 3, 0, 0, 0, 6, 0, 0, 0, 109, 101, 116, 104, 111, 100, 0, 10, 0, 0, 0, 118, 97, 108, 117, 101, 47, 116, 101, 120, 116, 6, 0, 0, 0, 115, 111, 117, 114, 99, 101, 3, 90, 0, 0, 0, 116, 121, 112, 101, 47, 83, 112, 101, 101, 99, 104, 69, 118, 105, 100, 101, 110, 99, 101, 83, 111, 117, 114, 99, 101, 64, 102, 53, 100, 50, 56, 101, 56, 50, 49, 101, 52, 98, 101, 57, 57, 52, 51, 50, 49, 101, 100, 56, 98, 48, 51, 98, 50, 50, 54, 52, 100, 56, 101, 98, 50, 98, 101, 49, 57, 102, 51, 49, 48, 100, 99, 55, 57, 102, 55, 53, 55, 53, 56, 54, 56, 100, 99, 53, 48, 100, 98, 50, 98, 99, 20, 0, 0, 0, 14, 0, 0, 0, 97, 99, 111, 117, 115, 116, 105, 99, 95, 109, 111, 100, 101, 108, 0, 10, 0, 0, 0, 118, 97, 108, 117, 101, 47, 117, 110, 105, 116, 3, 0, 0, 0, 97, 115, 114, 0, 10, 0, 0, 0, 118, 97, 108, 117, 101, 47, 117, 110, 105, 116, 19, 0, 0, 0, 99, 111, 109, 109, 105, 116, 116, 101, 100, 95, 97, 99, 111, 117, 115, 116, 105, 99, 115, 0, 10, 0, 0, 0, 118, 97, 108, 117, 101, 47, 117, 110, 105, 116, 16, 0, 0, 0, 102, 111, 114, 99, 101, 100, 95, 97, 108, 105, 103, 110, 109, 101, 110, 116, 0, 10, 0, 0, 0, 118, 97, 108, 117, 101, 47, 117, 110, 105, 116, 3, 0, 0, 0, 103, 50, 112, 0, 10, 0, 0, 0, 118, 97, 108, 117, 101, 47, 117, 110, 105, 116, 7, 0, 0, 0, 103, 114, 97, 109, 109, 97, 114, 0, 10, 0, 0, 0, 118, 97, 108, 117, 101, 47, 117, 110, 105, 116, 13, 0, 0, 0, 105, 109, 112, 111, 114, 116, 101, 100, 95, 100, 97, 116, 97, 0, 10, 0, 0, 0, 118, 97, 108, 117, 101, 47, 117, 110, 105, 116, 9, 0, 0, 0, 105, 110, 102, 101, 114, 101, 110, 99, 101, 0, 10, 0, 0, 0, 118, 97, 108, 117, 101, 47, 117, 110, 105, 116, 18, 0, 0, 0, 108, 101, 97, 114, 110, 101, 100, 95, 112, 114, 101, 100, 105, 99, 116, 105, 111, 110, 0, 10, 0, 0, 0, 118, 97, 108, 117, 101, 47, 117, 110, 105, 116, 7, 0, 0, 0, 108, 101, 120, 105, 99, 111, 110, 0, 10, 0, 0, 0, 118, 97, 108, 117, 101, 47, 117, 110, 105, 116, 6, 0, 0, 0, 109, 97, 110, 117, 97, 108, 0, 10, 0, 0, 0, 118, 97, 108, 117, 101, 47, 117, 110, 105, 116, 15, 0, 0, 0, 109, 97, 110, 117, 97, 108, 95, 111, 118, 101, 114, 114, 105, 100, 101, 0, 10, 0, 0, 0, 118, 97, 108, 117, 101, 47, 117, 110, 105, 116, 6, 0, 0, 0, 109, 101, 109, 111, 114, 121, 0, 10, 0, 0, 0, 118, 97, 108, 117, 101, 47, 117, 110, 105, 116, 10, 0, 0, 0, 109, 111, 114, 112, 104, 111, 108, 111, 103, 121, 0, 10, 0, 0, 0, 118, 97, 108, 117, 101, 47, 117, 110, 105, 116, 7, 0, 0, 0, 112, 114, 111, 115, 111, 100, 121, 0, 10, 0, 0, 0, 118, 97, 108, 117, 101, 47, 117, 110, 105, 116, 11, 0, 0, 0, 112, 117, 110, 99, 116, 117, 97, 116, 105, 111, 110, 0, 10, 0, 0, 0, 118, 97, 108, 117, 101, 47, 117, 110, 105, 116, 4, 0, 0, 0, 114, 117, 108, 101, 0, 10, 0, 0, 0, 118, 97, 108, 117, 101, 47, 117, 110, 105, 116, 8, 0, 0, 0, 116, 116, 115, 95, 112, 108, 97, 110, 0, 10, 0, 0, 0, 118, 97, 108, 117, 101, 47, 117, 110, 105, 116, 7, 0, 0, 0, 117, 110, 107, 110, 111, 119, 110, 0, 10, 0, 0, 0, 118, 97, 108, 117, 101, 47, 117, 110, 105, 116, 11, 0, 0, 0, 117, 115, 101, 114, 95, 109, 97, 114, 107, 117, 112, 0, 10, 0, 0, 0, 118, 97, 108, 117, 101, 47, 117, 110, 105, 116, 7, 0, 0, 0, 118, 101, 114, 115, 105, 111, 110, 3, 30, 0, 0, 0, 99, 111, 110, 100, 117, 105, 116, 46, 99, 111, 110, 100, 117, 105, 116, 101, 115, 101, 46, 111, 112, 116, 105, 111, 110, 97, 108, 46, 118, 49, 2, 0, 0, 0, 4, 0, 0, 0, 110, 111, 110, 101, 0, 10, 0, 0, 0, 118, 97, 108, 117, 101, 47, 117, 110, 105, 116, 4, 0, 0, 0, 115, 111, 109, 101, 0, 10, 0, 0, 0, 118, 97, 108, 117, 101, 47, 116, 101, 120, 116, 8, 0, 0, 0, 114, 101, 118, 105, 115, 105, 111, 110, 5, 93, 0, 0, 0, 116, 121, 112, 101, 47, 83, 112, 101, 101, 99, 104, 83, 101, 103, 109, 101, 110, 116, 82, 101, 118, 105, 115, 105, 111, 110, 73, 100, 64, 97, 98, 101, 55, 53, 51, 56, 54, 50, 98, 50, 98, 102, 57, 51, 52, 100, 48, 55, 99, 98, 102, 98, 53, 52, 53, 100, 52, 55, 49, 100, 97, 100, 54, 53, 98, 52, 56, 53, 57, 56, 48, 52, 55, 57, 53, 54, 97, 54, 55, 100, 100, 102, 48, 100, 98, 99, 54, 55, 57, 50, 51, 48, 56, 0, 10, 0, 0, 0, 118, 97, 108, 117, 101, 47, 116, 101, 120, 116, 7, 0, 0, 0, 118, 97, 114, 105, 101, 116, 121, 2, 85, 0, 0, 0, 116, 121, 112, 101, 47, 76, 97, 110, 103, 117, 97, 103, 101, 86, 97, 114, 105, 101, 116, 121, 64, 51, 49, 101, 102, 48, 48, 102, 98, 99, 100, 50, 48, 55, 50, 48, 49, 101, 98, 49, 102, 49, 50, 50, 52, 57, 101, 53, 57, 53, 52, 50, 51, 55, 52, 54, 55, 98, 54, 100, 54, 55, 55, 98, 56, 102, 98, 53, 55, 51, 97, 55, 57, 56, 97, 55, 101, 56, 98, 98, 97, 53, 48, 54, 100, 2, 0, 0, 0, 8, 0, 0, 0, 105, 100, 101, 110, 116, 105, 116, 121, 5, 79, 0, 0, 0, 116, 121, 112, 101, 47, 86, 97, 114, 105, 101, 116, 121, 73, 100, 64, 50, 102, 97, 51, 55, 56, 48, 53, 52, 100, 51, 56, 100, 57, 56, 48, 102, 101, 48, 98, 99, 55, 55, 100, 48, 99, 48, 52, 56, 100, 102, 100, 97, 99, 100, 102, 56, 55, 57, 100, 55, 52, 53, 48, 53, 98, 102, 101, 51, 50, 56, 102, 99, 100, 100, 100, 98, 54, 56, 101, 54, 56, 56, 54, 0, 10, 0, 0, 0, 118, 97, 108, 117, 101, 47, 116, 101, 120, 116, 8, 0, 0, 0, 108, 97, 110, 103, 117, 97, 103, 101, 5, 80, 0, 0, 0, 116, 121, 112, 101, 47, 76, 97, 110, 103, 117, 97, 103, 101, 73, 100, 64, 102, 52, 99, 53, 50, 53, 49, 49, 98, 48, 98, 57, 51, 55, 50, 99, 55, 98, 52, 51, 49, 98, 100, 101, 102, 57, 102, 101, 51, 50, 100, 50, 101, 49, 98, 101, 49, 99, 98, 54, 55, 53, 48, 55, 49, 54, 51, 53, 101, 100, 100, 55, 54, 51, 102, 48, 49, 99, 99, 53, 56, 54, 51, 100, 0, 10, 0, 0, 0, 118, 97, 108, 117, 101, 47, 116, 101, 120, 116, 2, 8, 0, 0, 0, 12, 0, 0, 0, 105, 110, 118, 101, 110, 116, 111, 114, 121, 95, 105, 100, 0, 21, 0, 0, 0, 112, 108, 97, 99, 101, 104, 111, 108, 100, 101, 114, 47, 105, 110, 118, 101, 110, 116, 111, 114, 121, 8, 0, 0, 0, 111, 114, 105, 103, 105, 110, 97, 108, 0, 2, 0, 0, 0, 201, 153, 14, 0, 0, 0, 112, 104, 111, 110, 101, 95, 98, 105, 110, 100, 105, 110, 103, 115, 1, 0, 0, 0, 0, 16, 0, 0, 0, 112, 104, 111, 110, 101, 109, 101, 95, 98, 105, 110, 100, 105, 110, 103, 115, 1, 0, 0, 0, 0, 7, 0, 0, 0, 112, 114, 111, 102, 105, 108, 101, 2, 7, 0, 0, 0, 7, 0, 0, 0, 97, 108, 105, 97, 115, 101, 115, 1, 0, 0, 0, 0, 8, 0, 0, 0, 105, 100, 101, 110, 116, 105, 116, 121, 0, 22, 0, 0, 0, 112, 108, 97, 99, 101, 104, 111, 108, 100, 101, 114, 47, 110, 111, 116, 97, 116, 105, 111, 110, 64, 49, 12, 0, 0, 0, 105, 110, 118, 101, 110, 116, 111, 114, 121, 95, 105, 100, 0, 21, 0, 0, 0, 112, 108, 97, 99, 101, 104, 111, 108, 100, 101, 114, 47, 105, 110, 118, 101, 110, 116, 111, 114, 121, 10, 0, 0, 0, 112, 114, 111, 118, 101, 110, 97, 110, 99, 101, 2, 3, 0, 0, 0, 6, 0, 0, 0, 109, 101, 116, 104, 111, 100, 0, 22, 0, 0, 0, 100, 101, 115, 99, 114, 105, 112, 116, 111, 114, 32, 112, 108, 97, 99, 101, 104, 111, 108, 100, 101, 114, 6, 0, 0, 0, 115, 111, 117, 114, 99, 101, 3, 6, 0, 0, 0, 109, 97, 110, 117, 97, 108, 0, 0, 0, 0, 0, 7, 0, 0, 0, 118, 101, 114, 115, 105, 111, 110, 3, 4, 0, 0, 0, 110, 111, 110, 101, 0, 0, 0, 0, 0, 8, 0, 0, 0, 114, 101, 118, 105, 115, 105, 111, 110, 0, 22, 0, 0, 0, 112, 108, 97, 99, 101, 104, 111, 108, 100, 101, 114, 47, 114, 101, 118, 105, 115, 105, 111, 110, 64, 49, 5, 0, 0, 0, 117, 110, 105, 116, 115, 1, 1, 0, 0, 0, 2, 4, 0, 0, 0, 8, 0, 0, 0, 105, 100, 101, 110, 116, 105, 116, 121, 0, 17, 0, 0, 0, 112, 108, 97, 99, 101, 104, 111, 108, 100, 101, 114, 47, 115, 99, 104, 119, 97, 4, 0, 0, 0, 107, 105, 110, 100, 3, 7, 0, 0, 0, 115, 101, 103, 109, 101, 110, 116, 0, 0, 0, 0, 0, 10, 0, 0, 0, 112, 114, 111, 118, 101, 110, 97, 110, 99, 101, 2, 3, 0, 0, 0, 6, 0, 0, 0, 109, 101, 116, 104, 111, 100, 0, 22, 0, 0, 0, 100, 101, 115, 99, 114, 105, 112, 116, 111, 114, 32, 112, 108, 97, 99, 101, 104, 111, 108, 100, 101, 114, 6, 0, 0, 0, 115, 111, 117, 114, 99, 101, 3, 6, 0, 0, 0, 109, 97, 110, 117, 97, 108, 0, 0, 0, 0, 0, 7, 0, 0, 0, 118, 101, 114, 115, 105, 111, 110, 3, 4, 0, 0, 0, 110, 111, 110, 101, 0, 0, 0, 0, 0, 8, 0, 0, 0, 115, 112, 101, 108, 108, 105, 110, 103, 0, 2, 0, 0, 0, 201, 153, 7, 0, 0, 0, 118, 97, 114, 105, 101, 116, 121, 2, 2, 0, 0, 0, 8, 0, 0, 0, 105, 100, 101, 110, 116, 105, 116, 121, 0, 19, 0, 0, 0, 112, 108, 97, 99, 101, 104, 111, 108, 100, 101, 114, 47, 118, 97, 114, 105, 101, 116, 121, 8, 0, 0, 0, 108, 97, 110, 103, 117, 97, 103, 101, 0, 20, 0, 0, 0, 112, 108, 97, 99, 101, 104, 111, 108, 100, 101, 114, 47, 108, 97, 110, 103, 117, 97, 103, 101, 10, 0, 0, 0, 112, 114, 111, 118, 101, 110, 97, 110, 99, 101, 2, 3, 0, 0, 0, 6, 0, 0, 0, 109, 101, 116, 104, 111, 100, 0, 22, 0, 0, 0, 100, 101, 115, 99, 114, 105, 112, 116, 111, 114, 32, 112, 108, 97, 99, 101, 104, 111, 108, 100, 101, 114, 6, 0, 0, 0, 115, 111, 117, 114, 99, 101, 3, 6, 0, 0, 0, 109, 97, 110, 117, 97, 108, 0, 0, 0, 0, 0, 7, 0, 0, 0, 118, 101, 114, 115, 105, 111, 110, 3, 4, 0, 0, 0, 110, 111, 110, 101, 0, 0, 0, 0, 0, 8, 0, 0, 0, 114, 101, 118, 105, 115, 105, 111, 110, 0, 22, 0, 0, 0, 112, 108, 97, 99, 101, 104, 111, 108, 100, 101, 114, 47, 114, 101, 118, 105, 115, 105, 111, 110, 64, 49, 7, 0, 0, 0, 118, 97, 114, 105, 101, 116, 121, 2, 2, 0, 0, 0, 8, 0, 0, 0, 105, 100, 101, 110, 116, 105, 116, 121, 0, 19, 0, 0, 0, 112, 108, 97, 99, 101, 104, 111, 108, 100, 101, 114, 47, 118, 97, 114, 105, 101, 116, 121, 8, 0, 0, 0, 108, 97, 110, 103, 117, 97, 103, 101, 0, 20, 0, 0, 0, 112, 108, 97, 99, 101, 104, 111, 108, 100, 101, 114, 47, 108, 97, 110, 103, 117, 97, 103, 101] }), rule: Structured { profile: KindId("structured-info/profile-df125b489a9a22d92dada0be077dc8ddc4e1c3f43a270e85dd53f6eed15bc392@1") } }, KindConfigurationField { key: "inventory", default_value: Structured(StructuredConfigurationValue { profile: KindId("structured-info/profile-e2aeddf11da371949e571a934ee428580c67d223de4161d9178767b6d79a5193@1"), canonical_value: [2, 85, 0, 0, 0, 116, 121, 112, 101, 47, 83, 112, 101, 101, 99, 104, 73, 110, 118, 101, 110, 116, 111, 114, 121, 64, 49, 56, 98, 101, 48, 52, 97, 50, 99, 102, 52, 100, 101, 101, 48, 57, 101, 53, 50, 48, 99, 50, 50, 102, 52, 53, 102, 99, 101, 97, 51, 101, 97, 52, 98, 98, 99, 53, 102, 52, 98, 53, 101, 52, 102, 57, 100, 51, 56, 53, 57, 51, 48, 53, 97, 98, 53, 101, 98, 48, 99, 54, 53, 54, 4, 0, 0, 0, 8, 0, 0, 0, 105, 100, 101, 110, 116, 105, 116, 121, 5, 87, 0, 0, 0, 116, 121, 112, 101, 47, 83, 112, 101, 101, 99, 104, 73, 110, 118, 101, 110, 116, 111, 114, 121, 73, 100, 64, 52, 98, 49, 49, 50, 99, 99, 57, 97, 53, 97, 51, 100, 101, 57, 48, 102, 102, 55, 54, 54, 101, 49, 48, 53, 57, 101, 54, 98, 49, 56, 101, 49, 97, 50, 50, 49, 50, 56, 48, 101, 97, 98, 53, 97, 49, 98, 50, 100, 101, 49, 97, 55, 97, 48, 53, 97, 53, 51, 100, 102, 48, 53, 49, 0, 10, 0, 0, 0, 118, 97, 108, 117, 101, 47, 116, 101, 120, 116, 8, 0, 0, 0, 108, 97, 110, 103, 117, 97, 103, 101, 5, 80, 0, 0, 0, 116, 121, 112, 101, 47, 76, 97, 110, 103, 117, 97, 103, 101, 73, 100, 64, 102, 52, 99, 53, 50, 53, 49, 49, 98, 48, 98, 57, 51, 55, 50, 99, 55, 98, 52, 51, 49, 98, 100, 101, 102, 57, 102, 101, 51, 50, 100, 50, 101, 49, 98, 101, 49, 99, 98, 54, 55, 53, 48, 55, 49, 54, 51, 53, 101, 100, 100, 55, 54, 51, 102, 48, 49, 99, 99, 53, 56, 54, 51, 100, 0, 10, 0, 0, 0, 118, 97, 108, 117, 101, 47, 116, 101, 120, 116, 8, 0, 0, 0, 112, 104, 111, 110, 101, 109, 101, 115, 4, 0, 0, 64, 0, 2, 83, 0, 0, 0, 116, 121, 112, 101, 47, 83, 112, 101, 101, 99, 104, 80, 104, 111, 110, 101, 109, 101, 64, 56, 57, 56, 50, 49, 55, 102, 50, 55, 99, 55, 51, 101, 98, 52, 52, 98, 100, 53, 55, 100, 54, 98, 51, 97, 49, 55, 100, 102, 102, 97, 54, 48, 52, 56, 99, 102, 57, 52, 99, 98, 48, 55, 57, 56, 53, 101, 49, 99, 49, 98, 100, 52, 53, 50, 102, 53, 52, 98, 51, 52, 98, 100, 51, 8, 0, 0, 0, 7, 0, 0, 0, 97, 108, 105, 97, 115, 101, 115, 4, 0, 0, 4, 0, 2, 87, 0, 0, 0, 116, 121, 112, 101, 47, 83, 112, 101, 101, 99, 104, 83, 121, 109, 98, 111, 108, 65, 108, 105, 97, 115, 64, 54, 101, 54, 56, 53, 101, 50, 54, 52, 97, 101, 55, 51, 54, 55, 54, 52, 98, 99, 100, 99, 55, 50, 102, 51, 51, 54, 49, 50, 99, 51, 48, 102, 101, 57, 49, 50, 97, 51, 49, 54, 50, 53, 51, 48, 54, 100, 97, 98, 99, 52, 51, 98, 99, 99, 98, 57, 49, 57, 55, 54, 48, 49, 49, 2, 0, 0, 0, 6, 0, 0, 0, 115, 121, 109, 98, 111, 108, 0, 10, 0, 0, 0, 118, 97, 108, 117, 101, 47, 116, 101, 120, 116, 6, 0, 0, 0, 115, 121, 115, 116, 101, 109, 0, 10, 0, 0, 0, 118, 97, 108, 117, 101, 47, 116, 101, 120, 116, 10, 0, 0, 0, 97, 108, 108, 111, 112, 104, 111, 110, 101, 115, 4, 0, 0, 8, 0, 2, 92, 0, 0, 0, 116, 121, 112, 101, 47, 83, 112, 101, 101, 99, 104, 80, 104, 111, 110, 101, 109, 101, 65, 108, 108, 111, 112, 104, 111, 110, 101, 64, 102, 99, 55, 51, 49, 53, 98, 55, 55, 98, 102, 99, 52, 51, 101, 97, 48, 57, 100, 101, 48, 48, 56, 48, 50, 52, 99, 53, 50, 100, 54, 52, 48, 57, 99, 54, 101, 57, 97, 55, 50, 57, 57, 100, 100, 102, 49, 52, 100, 51, 97, 52, 52, 56, 97, 50, 101, 52, 101, 54, 56, 53, 56, 49, 6, 0, 0, 0, 10, 0, 0, 0, 99, 111, 110, 100, 105, 116, 105, 111, 110, 115, 4, 0, 0, 8, 0, 3, 89, 0, 0, 0, 116, 121, 112, 101, 47, 83, 112, 101, 101, 99, 104, 82, 117, 108, 101, 67, 111, 110, 100, 105, 116, 105, 111, 110, 64, 100, 99, 100, 99, 51, 101, 98, 53, 50, 50, 99, 53, 98, 51, 100, 99, 53, 50, 51, 99, 55, 54, 49, 56, 52, 49, 102, 100, 52, 53, 53, 50, 48, 98, 101, 56, 51, 56, 56, 99, 100, 49, 51, 49, 97, 53, 54, 50, 57, 54, 55, 100, 54, 55, 99, 56, 57, 50, 53, 53, 102, 56, 99, 53, 12, 0, 0, 0, 31, 0, 0, 0, 99, 117, 114, 114, 101, 110, 116, 95, 119, 111, 114, 100, 95, 104, 97, 115, 95, 115, 121, 110, 116, 97, 99, 116, 105, 99, 95, 108, 105, 110, 107, 3, 97, 0, 0, 0, 116, 121, 112, 101, 47, 76, 105, 110, 103, 117, 105, 115, 116, 105, 99, 83, 121, 110, 116, 97, 99, 116, 105, 99, 76, 105, 110, 107, 75, 105, 110, 100, 64, 50, 52, 101, 50, 97, 48, 51, 99, 98, 53, 51, 54, 57, 54, 99, 98, 50, 57, 52, 57, 98, 102, 51, 100, 52, 99, 48, 52, 54, 97, 57, 99, 54, 98, 50, 52, 100, 98, 49, 99, 56, 55, 48, 52, 97, 48, 57, 54, 56, 56, 102, 57, 50, 53, 97, 49, 54, 51, 101, 99, 53, 100, 99, 55, 14, 0, 0, 0, 10, 0, 0, 0, 97, 112, 112, 111, 115, 105, 116, 105, 111, 110, 0, 10, 0, 0, 0, 118, 97, 108, 117, 101, 47, 117, 110, 105, 116, 9, 0, 0, 0, 97, 117, 120, 105, 108, 105, 97, 114, 121, 0, 10, 0, 0, 0, 118, 97, 108, 117, 101, 47, 117, 110, 105, 116, 10, 0, 0, 0, 99, 111, 109, 112, 108, 101, 109, 101, 110, 116, 0, 10, 0, 0, 0, 118, 97, 108, 117, 101, 47, 117, 110, 105, 116, 13, 0, 0, 0, 99, 111, 110, 116, 114, 97, 115, 116, 95, 112, 97, 105, 114, 0, 10, 0, 0, 0, 118, 97, 108, 117, 101, 47, 117, 110, 105, 116, 12, 0, 0, 0, 99, 111, 111, 114, 100, 105, 110, 97, 116, 105, 111, 110, 0, 10, 0, 0, 0, 118, 97, 108, 117, 101, 47, 117, 110, 105, 116, 10, 0, 0, 0, 100, 101, 116, 101, 114, 109, 105, 110, 101, 114, 0, 10, 0, 0, 0, 118, 97, 108, 117, 101, 47, 117, 110, 105, 116, 18, 0, 0, 0, 105, 110, 102, 105, 110, 105, 116, 105, 118, 97, 108, 95, 109, 97, 114, 107, 101, 114, 0, 10, 0, 0, 0, 118, 97, 108, 117, 101, 47, 117, 110, 105, 116, 8, 0, 0, 0, 109, 111, 100, 105, 102, 105, 101, 114, 0, 10, 0, 0, 0, 118, 97, 108, 117, 101, 47, 117, 110, 105, 116, 13, 0, 0, 0, 110, 111, 117, 110, 95, 99, 111, 109, 112, 111, 117, 110, 100, 0, 10, 0, 0, 0, 118, 97, 108, 117, 101, 47, 117, 110, 105, 116, 6, 0, 0, 0, 111, 98, 106, 101, 99, 116, 0, 10, 0, 0, 0, 118, 97, 108, 117, 101, 47, 117, 110, 105, 116, 13, 0, 0, 0, 112, 97, 114, 101, 110, 116, 104, 101, 116, 105, 99, 97, 108, 0, 10, 0, 0, 0, 118, 97, 108, 117, 101, 47, 117, 110, 105, 116, 11, 0, 0, 0, 112, 114, 101, 112, 111, 115, 105, 116, 105, 111, 110, 0, 10, 0, 0, 0, 118, 97, 108, 117, 101, 47, 117, 110, 105, 116, 7, 0, 0, 0, 115, 117, 98, 106, 101, 99, 116, 0, 10, 0, 0, 0, 118, 97, 108, 117, 101, 47, 117, 110, 105, 116, 8, 0, 0, 0, 118, 111, 99, 97, 116, 105, 118, 101, 0, 10, 0, 0, 0, 118, 97, 108, 117, 101, 47, 117, 110, 105, 116, 16, 0, 0, 0, 110, 101, 120, 116, 95, 104, 97, 115, 95, 102, 101, 97, 116, 117, 114, 101, 2, 92, 0, 0, 0, 116, 121, 112, 101, 47, 83, 112, 101, 101, 99, 104, 70, 101, 97, 116, 117, 114, 101, 67, 111, 110, 100, 105, 116, 105, 111, 110, 64, 102, 100, 53, 98, 55, 101, 55, 48, 53, 56, 53, 50, 52, 98, 100, 50, 54, 101, 100, 97, 102, 99, 54, 54, 49, 53, 48, 51, 53, 98, 56, 52, 48, 98, 97, 54, 99, 51, 97, 54, 56, 57, 55, 53, 49, 102, 98, 50, 55, 99, 100, 55, 102, 57, 101, 56, 56, 53, 52, 101, 54, 53, 100, 57, 2, 0, 0, 0, 8, 0, 0, 0, 105, 100, 101, 110, 116, 105, 116, 121, 5, 85, 0, 0, 0, 116, 121, 112, 101, 47, 83, 112, 101, 101, 99, 104, 70, 101, 97, 116, 117, 114, 101, 73, 100, 64, 52, 102, 55, 53, 102, 54, 50, 54, 54, 50, 100, 55, 50, 49, 48, 98, 100, 99, 98, 53, 101, 97, 48, 52, 101, 55, 98, 52, 54, 97, 48, 97, 50, 53, 49, 49, 55, 100, 49, 100, 50, 98, 50, 53, 52, 55, 99, 57, 56, 100, 49, 101, 99, 50, 54, 101, 54, 55, 98, 102, 102, 53, 48, 50, 0, 10, 0, 0, 0, 118, 97, 108, 117, 101, 47, 116, 101, 120, 116, 5, 0, 0, 0, 118, 97, 108, 117, 101, 3, 88, 0, 0, 0, 116, 121, 112, 101, 47, 83, 112, 101, 101, 99, 104, 70, 101, 97, 116, 117, 114, 101, 86, 97, 108, 117, 101, 64, 99, 100, 99, 48, 98, 101, 51, 57, 55, 49, 53, 48, 53, 100, 50, 102, 101, 56, 48, 100, 57, 52, 56, 56, 56, 99, 49, 101, 54, 100, 98, 57, 100, 55, 101, 57, 100, 100, 57, 50, 55, 51, 53, 101, 53, 98, 101, 51, 101, 52, 55, 100, 48, 53, 56, 57, 49, 53, 97, 53, 53, 49, 100, 55, 5, 0, 0, 0, 7, 0, 0, 0, 98, 111, 111, 108, 101, 97, 110, 0, 10, 0, 0, 0, 118, 97, 108, 117, 101, 47, 98, 111, 111, 108, 8, 0, 0, 0, 99, 97, 116, 101, 103, 111, 114, 121, 0, 10, 0, 0, 0, 118, 97, 108, 117, 101, 47, 116, 101, 120, 116, 6, 0, 0, 0, 110, 117, 109, 98, 101, 114, 0, 22, 0, 0, 0, 118, 97, 108, 117, 101, 47, 105, 101, 101, 101, 55, 53, 52, 45, 98, 105, 110, 97, 114, 121, 54, 52, 4, 0, 0, 0, 116, 101, 120, 116, 0, 10, 0, 0, 0, 118, 97, 108, 117, 101, 47, 116, 101, 120, 116, 6, 0, 0, 0, 118, 101, 99, 116, 111, 114, 4, 1, 0, 8, 0, 0, 22, 0, 0, 0, 118, 97, 108, 117, 101, 47, 105, 101, 101, 101, 55, 53, 52, 45, 98, 105, 110, 97, 114, 121, 51, 50, 12, 0, 0, 0, 110, 101, 120, 116, 95, 109, 97, 116, 99, 104, 101, 115, 3, 90, 0, 0, 0, 116, 121, 112, 101, 47, 83, 112, 101, 101, 99, 104, 83, 101, 103, 109, 101, 110, 116, 77, 97, 116, 99, 104, 101, 114, 64, 51, 56, 48, 98, 98, 56, 55, 100, 101, 51, 57, 97, 55, 57, 52, 48, 101, 48, 55, 53, 100, 55, 97, 100, 51, 99, 55, 53, 98, 49, 57, 98, 51, 97, 52, 98, 98, 48, 54, 101, 49, 97, 53, 53, 98, 56, 53, 53, 102, 54, 48, 57, 57, 98, 99, 101, 51, 55, 98, 54, 52, 97, 51, 101, 5, 0, 0, 0, 3, 0, 0, 0, 97, 110, 121, 0, 10, 0, 0, 0, 118, 97, 108, 117, 101, 47, 117, 110, 105, 116, 8, 0, 0, 0, 98, 111, 117, 110, 100, 97, 114, 121, 3, 88, 0, 0, 0, 116, 121, 112, 101, 47, 83, 112, 101, 101, 99, 104, 66, 111, 117, 110, 100, 97, 114, 121, 75, 105, 110, 100, 64, 100, 57, 57, 48, 48, 51, 54, 97, 53, 56, 57, 98, 50, 100, 53, 56, 48, 57, 56, 101, 52, 100, 54, 49, 57, 55, 99, 53, 97, 51, 99, 100, 99, 50, 56, 99, 51, 99, 97, 48, 102, 50, 100, 57, 49, 102, 57, 57, 98, 54, 52, 48, 97, 49, 52, 97, 49, 97, 99, 98, 99, 102, 53, 51, 7, 0, 0, 0, 12, 0, 0, 0, 98, 114, 101, 97, 116, 104, 95, 103, 114, 111, 117, 112, 0, 10, 0, 0, 0, 118, 97, 108, 117, 101, 47, 117, 110, 105, 116, 8, 0, 0, 0, 109, 111, 114, 112, 104, 101, 109, 101, 0, 10, 0, 0, 0, 118, 97, 108, 117, 101, 47, 117, 110, 105, 116, 5, 0, 0, 0, 112, 104, 111, 110, 101, 0, 10, 0, 0, 0, 118, 97, 108, 117, 101, 47, 117, 110, 105, 116, 6, 0, 0, 0, 112, 104, 114, 97, 115, 101, 0, 10, 0, 0, 0, 118, 97, 108, 117, 101, 47, 117, 110, 105, 116, 8, 0, 0, 0, 115, 121, 108, 108, 97, 98, 108, 101, 0, 10, 0, 0, 0, 118, 97, 108, 117, 101, 47, 117, 110, 105, 116, 4, 0, 0, 0, 116, 117, 114, 110, 0, 10, 0, 0, 0, 118, 97, 108, 117, 101, 47, 117, 110, 105, 116, 4, 0, 0, 0, 119, 111, 114, 100, 0, 10, 0, 0, 0, 118, 97, 108, 117, 101, 47, 117, 110, 105, 116, 8, 0, 0, 0, 102, 101, 97, 116, 117, 114, 101, 115, 5, 89, 0, 0, 0, 116, 121, 112, 101, 47, 83, 112, 101, 101, 99, 104, 70, 101, 97, 116, 117, 114, 101, 66, 117, 110, 100, 108, 101, 64, 55, 100, 55, 98, 102, 57, 49, 100, 57, 52, 48, 48, 98, 100, 100, 54, 56, 98, 52, 55, 49, 49, 48, 51, 50, 53, 57, 53, 102, 97, 54, 101, 48, 52, 100, 54, 98, 52, 50, 102, 102, 98, 53, 57, 54, 48, 49, 102, 57, 102, 100, 54, 55, 56, 51, 50, 51, 101, 50, 102, 54, 53, 55, 52, 4, 0, 0, 16, 0, 2, 83, 0, 0, 0, 116, 121, 112, 101, 47, 83, 112, 101, 101, 99, 104, 70, 101, 97, 116, 117, 114, 101, 64, 48, 100, 98, 54, 56, 49, 55, 101, 53, 100, 99, 55, 50, 48, 101, 55, 102, 98, 49, 54, 102, 97, 100, 48, 99, 50, 99, 49, 51, 100, 57, 97, 101, 100, 52, 52, 52, 49, 102, 98, 52, 52, 54, 51, 56, 97, 55, 101, 97, 54, 97, 98, 101, 48, 55, 49, 57, 55, 51, 53, 51, 98, 54, 98, 2, 0, 0, 0, 8, 0, 0, 0, 105, 100, 101, 110, 116, 105, 116, 121, 5, 85, 0, 0, 0, 116, 121, 112, 101, 47, 83, 112, 101, 101, 99, 104, 70, 101, 97, 116, 117, 114, 101, 73, 100, 64, 52, 102, 55, 53, 102, 54, 50, 54, 54, 50, 100, 55, 50, 49, 48, 98, 100, 99, 98, 53, 101, 97, 48, 52, 101, 55, 98, 52, 54, 97, 48, 97, 50, 53, 49, 49, 55, 100, 49, 100, 50, 98, 50, 53, 52, 55, 99, 57, 56, 100, 49, 101, 99, 50, 54, 101, 54, 55, 98, 102, 102, 53, 48, 50, 0, 10, 0, 0, 0, 118, 97, 108, 117, 101, 47, 116, 101, 120, 116, 13, 0, 0, 0, 115, 112, 101, 99, 105, 102, 105, 99, 97, 116, 105, 111, 110, 3, 90, 0, 0, 0, 116, 121, 112, 101, 47, 70, 101, 97, 116, 117, 114, 101, 83, 112, 101, 99, 105, 102, 105, 99, 97, 116, 105, 111, 110, 64, 51, 55, 97, 48, 100, 99, 100, 98, 52, 56, 48, 101, 48, 48, 55, 100, 53, 52, 53, 102, 55, 53, 57, 102, 55, 56, 99, 50, 51, 49, 53, 53, 48, 100, 51, 55, 50, 48, 50, 54, 100, 51, 97, 53, 56, 51, 54, 51, 101, 57, 57, 48, 99, 100, 52, 55, 54, 48, 51, 100, 48, 100, 55, 55, 6, 0, 0, 0, 8, 0, 0, 0, 103, 114, 97, 100, 105, 101, 110, 116, 2, 113, 0, 0, 0, 116, 121, 112, 101, 47, 83, 112, 101, 101, 99, 104, 71, 114, 97, 100, 105, 101, 110, 116, 73, 110, 115, 116, 97, 110, 116, 105, 97, 116, 105, 111, 110, 54, 55, 99, 56, 54, 102, 98, 99, 54, 99, 57, 100, 48, 97, 55, 98, 64, 97, 97, 50, 99, 98, 100, 53, 57, 56, 53, 97, 57, 54, 100, 101, 48, 100, 52, 100, 99, 55, 98, 54, 52, 48, 56, 56, 53, 48, 102, 48, 54, 101, 55, 56, 53, 54, 50, 55, 48, 48, 54, 52, 48, 98, 48, 55, 53, 54, 101, 102, 57, 100, 51, 57, 57, 99, 55, 99, 48, 48, 57, 50, 49, 2, 0, 0, 0, 10, 0, 0, 0, 99, 111, 110, 102, 105, 100, 101, 110, 99, 101, 5, 86, 0, 0, 0, 116, 121, 112, 101, 47, 83, 112, 101, 101, 99, 104, 67, 111, 110, 102, 105, 100, 101, 110, 99, 101, 64, 56, 48, 48, 56, 101, 48, 57, 56, 101, 56, 99, 98, 55, 50, 54, 56, 50, 56, 48, 97, 54, 54, 101, 50, 102, 55, 97, 97, 52, 57, 55, 50, 55, 55, 50, 100, 48, 48, 97, 51, 97, 57, 102, 98, 102, 98, 100, 98, 53, 56, 48, 57, 99, 56, 55, 98, 53, 98, 100, 54, 102, 98, 57, 56, 0, 22, 0, 0, 0, 118, 97, 108, 117, 101, 47, 105, 101, 101, 101, 55, 53, 52, 45, 98, 105, 110, 97, 114, 121, 51, 50, 5, 0, 0, 0, 118, 97, 108, 117, 101, 3, 88, 0, 0, 0, 116, 121, 112, 101, 47, 83, 112, 101, 101, 99, 104, 70, 101, 97, 116, 117, 114, 101, 86, 97, 108, 117, 101, 64, 99, 100, 99, 48, 98, 101, 51, 57, 55, 49, 53, 48, 53, 100, 50, 102, 101, 56, 48, 100, 57, 52, 56, 56, 56, 99, 49, 101, 54, 100, 98, 57, 100, 55, 101, 57, 100, 100, 57, 50, 55, 51, 53, 101, 53, 98, 101, 51, 101, 52, 55, 100, 48, 53, 56, 57, 49, 53, 97, 53, 53, 49, 100, 55, 5, 0, 0, 0, 7, 0, 0, 0, 98, 111, 111, 108, 101, 97, 110, 0, 10, 0, 0, 0, 118, 97, 108, 117, 101, 47, 98, 111, 111, 108, 8, 0, 0, 0, 99, 97, 116, 101, 103, 111, 114, 121, 0, 10, 0, 0, 0, 118, 97, 108, 117, 101, 47, 116, 101, 120, 116, 6, 0, 0, 0, 110, 117, 109, 98, 101, 114, 0, 22, 0, 0, 0, 118, 97, 108, 117, 101, 47, 105, 101, 101, 101, 55, 53, 52, 45, 98, 105, 110, 97, 114, 121, 54, 52, 4, 0, 0, 0, 116, 101, 120, 116, 0, 10, 0, 0, 0, 118, 97, 108, 117, 101, 47, 116, 101, 120, 116, 6, 0, 0, 0, 118, 101, 99, 116, 111, 114, 4, 1, 0, 8, 0, 0, 22, 0, 0, 0, 118, 97, 108, 117, 101, 47, 105, 101, 101, 101, 55, 53, 52, 45, 98, 105, 110, 97, 114, 121, 51, 50, 5, 0, 0, 0, 107, 110, 111, 119, 110, 3, 88, 0, 0, 0, 116, 121, 112, 101, 47, 83, 112, 101, 101, 99, 104, 70, 101, 97, 116, 117, 114, 101, 86, 97, 108, 117, 101, 64, 99, 100, 99, 48, 98, 101, 51, 57, 55, 49, 53, 48, 53, 100, 50, 102, 101, 56, 48, 100, 57, 52, 56, 56, 56, 99, 49, 101, 54, 100, 98, 57, 100, 55, 101, 57, 100, 100, 57, 50, 55, 51, 53, 101, 53, 98, 101, 51, 101, 52, 55, 100, 48, 53, 56, 57, 49, 53, 97, 53, 53, 49, 100, 55, 5, 0, 0, 0, 7, 0, 0, 0, 98, 111, 111, 108, 101, 97, 110, 0, 10, 0, 0, 0, 118, 97, 108, 117, 101, 47, 98, 111, 111, 108, 8, 0, 0, 0, 99, 97, 116, 101, 103, 111, 114, 121, 0, 10, 0, 0, 0, 118, 97, 108, 117, 101, 47, 116, 101, 120, 116, 6, 0, 0, 0, 110, 117, 109, 98, 101, 114, 0, 22, 0, 0, 0, 118, 97, 108, 117, 101, 47, 105, 101, 101, 101, 55, 53, 52, 45, 98, 105, 110, 97, 114, 121, 54, 52, 4, 0, 0, 0, 116, 101, 120, 116, 0, 10, 0, 0, 0, 118, 97, 108, 117, 101, 47, 116, 101, 120, 116, 6, 0, 0, 0, 118, 101, 99, 116, 111, 114, 4, 1, 0, 8, 0, 0, 22, 0, 0, 0, 118, 97, 108, 117, 101, 47, 105, 101, 101, 101, 55, 53, 52, 45, 98, 105, 110, 97, 114, 121, 51, 50, 14, 0, 0, 0, 110, 111, 116, 95, 97, 112, 112, 108, 105, 99, 97, 98, 108, 101, 0, 10, 0, 0, 0, 118, 97, 108, 117, 101, 47, 117, 110, 105, 116, 7, 0, 0, 0, 117, 110, 107, 110, 111, 119, 110, 0, 10, 0, 0, 0, 118, 97, 108, 117, 101, 47, 117, 110, 105, 116, 11, 0, 0, 0, 117, 110, 115, 112, 101, 99, 105, 102, 105, 101, 100, 0, 10, 0, 0, 0, 118, 97, 108, 117, 101, 47, 117, 110, 105, 116, 8, 0, 0, 0, 118, 97, 114, 105, 97, 98, 108, 101, 4, 1, 0, 4, 0, 3, 88, 0, 0, 0, 116, 121, 112, 101, 47, 83, 112, 101, 101, 99, 104, 70, 101, 97, 116, 117, 114, 101, 86, 97, 108, 117, 101, 64, 99, 100, 99, 48, 98, 101, 51, 57, 55, 49, 53, 48, 53, 100, 50, 102, 101, 56, 48, 100, 57, 52, 56, 56, 56, 99, 49, 101, 54, 100, 98, 57, 100, 55, 101, 57, 100, 100, 57, 50, 55, 51, 53, 101, 53, 98, 101, 51, 101, 52, 55, 100, 48, 53, 56, 57, 49, 53, 97, 53, 53, 49, 100, 55, 5, 0, 0, 0, 7, 0, 0, 0, 98, 111, 111, 108, 101, 97, 110, 0, 10, 0, 0, 0, 118, 97, 108, 117, 101, 47, 98, 111, 111, 108, 8, 0, 0, 0, 99, 97, 116, 101, 103, 111, 114, 121, 0, 10, 0, 0, 0, 118, 97, 108, 117, 101, 47, 116, 101, 120, 116, 6, 0, 0, 0, 110, 117, 109, 98, 101, 114, 0, 22, 0, 0, 0, 118, 97, 108, 117, 101, 47, 105, 101, 101, 101, 55, 53, 52, 45, 98, 105, 110, 97, 114, 121, 54, 52, 4, 0, 0, 0, 116, 101, 120, 116, 0, 10, 0, 0, 0, 118, 97, 108, 117, 101, 47, 116, 101, 120, 116, 6, 0, 0, 0, 118, 101, 99, 116, 111, 114, 4, 1, 0, 8, 0, 0, 22, 0, 0, 0, 118, 97, 108, 117, 101, 47, 105, 101, 101, 101, 55, 53, 52, 45, 98, 105, 110, 97, 114, 121, 51, 50, 5, 0, 0, 0, 112, 104, 111, 110, 101, 5, 77, 0, 0, 0, 116, 121, 112, 101, 47, 80, 104, 111, 110, 101, 73, 100, 64, 101, 100, 102, 97, 48, 97, 101, 98, 54, 55, 50, 48, 99, 54, 54, 52, 54, 97, 50, 97, 56, 49, 99, 99, 99, 56, 54, 57, 98, 51, 52, 97, 98, 54, 53, 100, 97, 57, 101, 99, 102, 50, 52, 102, 99, 48, 99, 48, 97, 55, 48, 48, 57, 101, 49, 50, 53, 99, 98, 55, 102, 53, 57, 98, 0, 10, 0, 0, 0, 118, 97, 108, 117, 101, 47, 116, 101, 120, 116, 7, 0, 0, 0, 112, 104, 111, 110, 101, 109, 101, 5, 79, 0, 0, 0, 116, 121, 112, 101, 47, 80, 104, 111, 110, 101, 109, 101, 73, 100, 64, 57, 99, 49, 49, 50, 51, 99, 102, 102, 102, 51, 57, 53, 99, 53, 48, 51, 102, 48, 54, 55, 54, 57, 100, 55, 54, 52, 98, 100, 100, 52, 57, 99, 50, 51, 97, 51, 57, 97, 50, 51, 98, 99, 98, 52, 54, 97, 99, 50, 52, 54, 48, 56, 99, 57, 97, 52, 53, 99, 99, 50, 102, 101, 51, 0, 10, 0, 0, 0, 118, 97, 108, 117, 101, 47, 116, 101, 120, 116, 11, 0, 0, 0, 110, 101, 120, 116, 95, 115, 116, 114, 101, 115, 115, 3, 82, 0, 0, 0, 116, 121, 112, 101, 47, 83, 112, 101, 101, 99, 104, 83, 116, 114, 101, 115, 115, 64, 99, 101, 51, 50, 50, 98, 50, 100, 50, 49, 55, 56, 99, 48, 51, 48, 49, 101, 55, 98, 49, 49, 51, 48, 52, 101, 48, 50, 53, 51, 52, 97, 57, 57, 56, 57, 98, 55, 102, 50, 54, 102, 52, 57, 101, 102, 101, 57, 57, 48, 50, 54, 52, 57, 53, 51, 97, 99, 56, 55, 101, 100, 98, 52, 4, 0, 0, 0, 7, 0, 0, 0, 112, 114, 105, 109, 97, 114, 121, 0, 10, 0, 0, 0, 118, 97, 108, 117, 101, 47, 117, 110, 105, 116, 7, 0, 0, 0, 114, 101, 100, 117, 99, 101, 100, 0, 10, 0, 0, 0, 118, 97, 108, 117, 101, 47, 117, 110, 105, 116, 9, 0, 0, 0, 115, 101, 99, 111, 110, 100, 97, 114, 121, 0, 10, 0, 0, 0, 118, 97, 108, 117, 101, 47, 117, 110, 105, 116, 10, 0, 0, 0, 117, 110, 115, 116, 114, 101, 115, 115, 101, 100, 0, 10, 0, 0, 0, 118, 97, 108, 117, 101, 47, 117, 110, 105, 116, 14, 0, 0, 0, 110, 101, 120, 116, 95, 115, 116, 114, 101, 115, 115, 95, 105, 110, 4, 1, 0, 4, 0, 3, 82, 0, 0, 0, 116, 121, 112, 101, 47, 83, 112, 101, 101, 99, 104, 83, 116, 114, 101, 115, 115, 64, 99, 101, 51, 50, 50, 98, 50, 100, 50, 49, 55, 56, 99, 48, 51, 48, 49, 101, 55, 98, 49, 49, 51, 48, 52, 101, 48, 50, 53, 51, 52, 97, 57, 57, 56, 57, 98, 55, 102, 50, 54, 102, 52, 57, 101, 102, 101, 57, 57, 48, 50, 54, 52, 57, 53, 51, 97, 99, 56, 55, 101, 100, 98, 52, 4, 0, 0, 0, 7, 0, 0, 0, 112, 114, 105, 109, 97, 114, 121, 0, 10, 0, 0, 0, 118, 97, 108, 117, 101, 47, 117, 110, 105, 116, 7, 0, 0, 0, 114, 101, 100, 117, 99, 101, 100, 0, 10, 0, 0, 0, 118, 97, 108, 117, 101, 47, 117, 110, 105, 116, 9, 0, 0, 0, 115, 101, 99, 111, 110, 100, 97, 114, 121, 0, 10, 0, 0, 0, 118, 97, 108, 117, 101, 47, 117, 110, 105, 116, 10, 0, 0, 0, 117, 110, 115, 116, 114, 101, 115, 115, 101, 100, 0, 10, 0, 0, 0, 118, 97, 108, 117, 101, 47, 117, 110, 105, 116, 28, 0, 0, 0, 110, 101, 120, 116, 95, 119, 111, 114, 100, 95, 104, 97, 115, 95, 115, 121, 110, 116, 97, 99, 116, 105, 99, 95, 108, 105, 110, 107, 3, 97, 0, 0, 0, 116, 121, 112, 101, 47, 76, 105, 110, 103, 117, 105, 115, 116, 105, 99, 83, 121, 110, 116, 97, 99, 116, 105, 99, 76, 105, 110, 107, 75, 105, 110, 100, 64, 50, 52, 101, 50, 97, 48, 51, 99, 98, 53, 51, 54, 57, 54, 99, 98, 50, 57, 52, 57, 98, 102, 51, 100, 52, 99, 48, 52, 54, 97, 57, 99, 54, 98, 50, 52, 100, 98, 49, 99, 56, 55, 48, 52, 97, 48, 57, 54, 56, 56, 102, 57, 50, 53, 97, 49, 54, 51, 101, 99, 53, 100, 99, 55, 14, 0, 0, 0, 10, 0, 0, 0, 97, 112, 112, 111, 115, 105, 116, 105, 111, 110, 0, 10, 0, 0, 0, 118, 97, 108, 117, 101, 47, 117, 110, 105, 116, 9, 0, 0, 0, 97, 117, 120, 105, 108, 105, 97, 114, 121, 0, 10, 0, 0, 0, 118, 97, 108, 117, 101, 47, 117, 110, 105, 116, 10, 0, 0, 0, 99, 111, 109, 112, 108, 101, 109, 101, 110, 116, 0, 10, 0, 0, 0, 118, 97, 108, 117, 101, 47, 117, 110, 105, 116, 13, 0, 0, 0, 99, 111, 110, 116, 114, 97, 115, 116, 95, 112, 97, 105, 114, 0, 10, 0, 0, 0, 118, 97, 108, 117, 101, 47, 117, 110, 105, 116, 12, 0, 0, 0, 99, 111, 111, 114, 100, 105, 110, 97, 116, 105, 111, 110, 0, 10, 0, 0, 0, 118, 97, 108, 117, 101, 47, 117, 110, 105, 116, 10, 0, 0, 0, 100, 101, 116, 101, 114, 109, 105, 110, 101, 114, 0, 10, 0, 0, 0, 118, 97, 108, 117, 101, 47, 117, 110, 105, 116, 18, 0, 0, 0, 105, 110, 102, 105, 110, 105, 116, 105, 118, 97, 108, 95, 109, 97, 114, 107, 101, 114, 0, 10, 0, 0, 0, 118, 97, 108, 117, 101, 47, 117, 110, 105, 116, 8, 0, 0, 0, 109, 111, 100, 105, 102, 105, 101, 114, 0, 10, 0, 0, 0, 118, 97, 108, 117, 101, 47, 117, 110, 105, 116, 13, 0, 0, 0, 110, 111, 117, 110, 95, 99, 111, 109, 112, 111, 117, 110, 100, 0, 10, 0, 0, 0, 118, 97, 108, 117, 101, 47, 117, 110, 105, 116, 6, 0, 0, 0, 111, 98, 106, 101, 99, 116, 0, 10, 0, 0, 0, 118, 97, 108, 117, 101, 47, 117, 110, 105, 116, 13, 0, 0, 0, 112, 97, 114, 101, 110, 116, 104, 101, 116, 105, 99, 97, 108, 0, 10, 0, 0, 0, 118, 97, 108, 117, 101, 47, 117, 110, 105, 116, 11, 0, 0, 0, 112, 114, 101, 112, 111, 115, 105, 116, 105, 111, 110, 0, 10, 0, 0, 0, 118, 97, 108, 117, 101, 47, 117, 110, 105, 116, 7, 0, 0, 0, 115, 117, 98, 106, 101, 99, 116, 0, 10, 0, 0, 0, 118, 97, 108, 117, 101, 47, 117, 110, 105, 116, 8, 0, 0, 0, 118, 111, 99, 97, 116, 105, 118, 101, 0, 10, 0, 0, 0, 118, 97, 108, 117, 101, 47, 117, 110, 105, 116, 17, 0, 0, 0, 110, 111, 116, 95, 99, 97, 114, 101, 102, 117, 108, 95, 115, 116, 121, 108, 101, 0, 10, 0, 0, 0, 118, 97, 108, 117, 101, 47, 117, 110, 105, 116, 20, 0, 0, 0, 112, 114, 101, 118, 105, 111, 117, 115, 95, 104, 97, 115, 95, 102, 101, 97, 116, 117, 114, 101, 2, 92, 0, 0, 0, 116, 121, 112, 101, 47, 83, 112, 101, 101, 99, 104, 70, 101, 97, 116, 117, 114, 101, 67, 111, 110, 100, 105, 116, 105, 111, 110, 64, 102, 100, 53, 98, 55, 101, 55, 48, 53, 56, 53, 50, 52, 98, 100, 50, 54, 101, 100, 97, 102, 99, 54, 54, 49, 53, 48, 51, 53, 98, 56, 52, 48, 98, 97, 54, 99, 51, 97, 54, 56, 57, 55, 53, 49, 102, 98, 50, 55, 99, 100, 55, 102, 57, 101, 56, 56, 53, 52, 101, 54, 53, 100, 57, 2, 0, 0, 0, 8, 0, 0, 0, 105, 100, 101, 110, 116, 105, 116, 121, 5, 85, 0, 0, 0, 116, 121, 112, 101, 47, 83, 112, 101, 101, 99, 104, 70, 101, 97, 116, 117, 114, 101, 73, 100, 64, 52, 102, 55, 53, 102, 54, 50, 54, 54, 50, 100, 55, 50, 49, 48, 98, 100, 99, 98, 53, 101, 97, 48, 52, 101, 55, 98, 52, 54, 97, 48, 97, 50, 53, 49, 49, 55, 100, 49, 100, 50, 98, 50, 53, 52, 55, 99, 57, 56, 100, 49, 101, 99, 50, 54, 101, 54, 55, 98, 102, 102, 53, 48, 50, 0, 10, 0, 0, 0, 118, 97, 108, 117, 101, 47, 116, 101, 120, 116, 5, 0, 0, 0, 118, 97, 108, 117, 101, 3, 88, 0, 0, 0, 116, 121, 112, 101, 47, 83, 112, 101, 101, 99, 104, 70, 101, 97, 116, 117, 114, 101, 86, 97, 108, 117, 101, 64, 99, 100, 99, 48, 98, 101, 51, 57, 55, 49, 53, 48, 53, 100, 50, 102, 101, 56, 48, 100, 57, 52, 56, 56, 56, 99, 49, 101, 54, 100, 98, 57, 100, 55, 101, 57, 100, 100, 57, 50, 55, 51, 53, 101, 53, 98, 101, 51, 101, 52, 55, 100, 48, 53, 56, 57, 49, 53, 97, 53, 53, 49, 100, 55, 5, 0, 0, 0, 7, 0, 0, 0, 98, 111, 111, 108, 101, 97, 110, 0, 10, 0, 0, 0, 118, 97, 108, 117, 101, 47, 98, 111, 111, 108, 8, 0, 0, 0, 99, 97, 116, 101, 103, 111, 114, 121, 0, 10, 0, 0, 0, 118, 97, 108, 117, 101, 47, 116, 101, 120, 116, 6, 0, 0, 0, 110, 117, 109, 98, 101, 114, 0, 22, 0, 0, 0, 118, 97, 108, 117, 101, 47, 105, 101, 101, 101, 55, 53, 52, 45, 98, 105, 110, 97, 114, 121, 54, 52, 4, 0, 0, 0, 116, 101, 120, 116, 0, 10, 0, 0, 0, 118, 97, 108, 117, 101, 47, 116, 101, 120, 116, 6, 0, 0, 0, 118, 101, 99, 116, 111, 114, 4, 1, 0, 8, 0, 0, 22, 0, 0, 0, 118, 97, 108, 117, 101, 47, 105, 101, 101, 101, 55, 53, 52, 45, 98, 105, 110, 97, 114, 121, 51, 50, 16, 0, 0, 0, 112, 114, 101, 118, 105, 111, 117, 115, 95, 109, 97, 116, 99, 104, 101, 115, 3, 90, 0, 0, 0, 116, 121, 112, 101, 47, 83, 112, 101, 101, 99, 104, 83, 101, 103, 109, 101, 110, 116, 77, 97, 116, 99, 104, 101, 114, 64, 51, 56, 48, 98, 98, 56, 55, 100, 101, 51, 57, 97, 55, 57, 52, 48, 101, 48, 55, 53, 100, 55, 97, 100, 51, 99, 55, 53, 98, 49, 57, 98, 51, 97, 52, 98, 98, 48, 54, 101, 49, 97, 53, 53, 98, 56, 53, 53, 102, 54, 48, 57, 57, 98, 99, 101, 51, 55, 98, 54, 52, 97, 51, 101, 5, 0, 0, 0, 3, 0, 0, 0, 97, 110, 121, 0, 10, 0, 0, 0, 118, 97, 108, 117, 101, 47, 117, 110, 105, 116, 8, 0, 0, 0, 98, 111, 117, 110, 100, 97, 114, 121, 3, 88, 0, 0, 0, 116, 121, 112, 101, 47, 83, 112, 101, 101, 99, 104, 66, 111, 117, 110, 100, 97, 114, 121, 75, 105, 110, 100, 64, 100, 57, 57, 48, 48, 51, 54, 97, 53, 56, 57, 98, 50, 100, 53, 56, 48, 57, 56, 101, 52, 100, 54, 49, 57, 55, 99, 53, 97, 51, 99, 100, 99, 50, 56, 99, 51, 99, 97, 48, 102, 50, 100, 57, 49, 102, 57, 57, 98, 54, 52, 48, 97, 49, 52, 97, 49, 97, 99, 98, 99, 102, 53, 51, 7, 0, 0, 0, 12, 0, 0, 0, 98, 114, 101, 97, 116, 104, 95, 103, 114, 111, 117, 112, 0, 10, 0, 0, 0, 118, 97, 108, 117, 101, 47, 117, 110, 105, 116, 8, 0, 0, 0, 109, 111, 114, 112, 104, 101, 109, 101, 0, 10, 0, 0, 0, 118, 97, 108, 117, 101, 47, 117, 110, 105, 116, 5, 0, 0, 0, 112, 104, 111, 110, 101, 0, 10, 0, 0, 0, 118, 97, 108, 117, 101, 47, 117, 110, 105, 116, 6, 0, 0, 0, 112, 104, 114, 97, 115, 101, 0, 10, 0, 0, 0, 118, 97, 108, 117, 101, 47, 117, 110, 105, 116, 8, 0, 0, 0, 115, 121, 108, 108, 97, 98, 108, 101, 0, 10, 0, 0, 0, 118, 97, 108, 117, 101, 47, 117, 110, 105, 116, 4, 0, 0, 0, 116, 117, 114, 110, 0, 10, 0, 0, 0, 118, 97, 108, 117, 101, 47, 117, 110, 105, 116, 4, 0, 0, 0, 119, 111, 114, 100, 0, 10, 0, 0, 0, 118, 97, 108, 117, 101, 47, 117, 110, 105, 116, 8, 0, 0, 0, 102, 101, 97, 116, 117, 114, 101, 115, 5, 89, 0, 0, 0, 116, 121, 112, 101, 47, 83, 112, 101, 101, 99, 104, 70, 101, 97, 116, 117, 114, 101, 66, 117, 110, 100, 108, 101, 64, 55, 100, 55, 98, 102, 57, 49, 100, 57, 52, 48, 48, 98, 100, 100, 54, 56, 98, 52, 55, 49, 49, 48, 51, 50, 53, 57, 53, 102, 97, 54, 101, 48, 52, 100, 54, 98, 52, 50, 102, 102, 98, 53, 57, 54, 48, 49, 102, 57, 102, 100, 54, 55, 56, 51, 50, 51, 101, 50, 102, 54, 53, 55, 52, 4, 0, 0, 16, 0, 2, 83, 0, 0, 0, 116, 121, 112, 101, 47, 83, 112, 101, 101, 99, 104, 70, 101, 97, 116, 117, 114, 101, 64, 48, 100, 98, 54, 56, 49, 55, 101, 53, 100, 99, 55, 50, 48, 101, 55, 102, 98, 49, 54, 102, 97, 100, 48, 99, 50, 99, 49, 51, 100, 57, 97, 101, 100, 52, 52, 52, 49, 102, 98, 52, 52, 54, 51, 56, 97, 55, 101, 97, 54, 97, 98, 101, 48, 55, 49, 57, 55, 51, 53, 51, 98, 54, 98, 2, 0, 0, 0, 8, 0, 0, 0, 105, 100, 101, 110, 116, 105, 116, 121, 5, 85, 0, 0, 0, 116, 121, 112, 101, 47, 83, 112, 101, 101, 99, 104, 70, 101, 97, 116, 117, 114, 101, 73, 100, 64, 52, 102, 55, 53, 102, 54, 50, 54, 54, 50, 100, 55, 50, 49, 48, 98, 100, 99, 98, 53, 101, 97, 48, 52, 101, 55, 98, 52, 54, 97, 48, 97, 50, 53, 49, 49, 55, 100, 49, 100, 50, 98, 50, 53, 52, 55, 99, 57, 56, 100, 49, 101, 99, 50, 54, 101, 54, 55, 98, 102, 102, 53, 48, 50, 0, 10, 0, 0, 0, 118, 97, 108, 117, 101, 47, 116, 101, 120, 116, 13, 0, 0, 0, 115, 112, 101, 99, 105, 102, 105, 99, 97, 116, 105, 111, 110, 3, 90, 0, 0, 0, 116, 121, 112, 101, 47, 70, 101, 97, 116, 117, 114, 101, 83, 112, 101, 99, 105, 102, 105, 99, 97, 116, 105, 111, 110, 64, 51, 55, 97, 48, 100, 99, 100, 98, 52, 56, 48, 101, 48, 48, 55, 100, 53, 52, 53, 102, 55, 53, 57, 102, 55, 56, 99, 50, 51, 49, 53, 53, 48, 100, 51, 55, 50, 48, 50, 54, 100, 51, 97, 53, 56, 51, 54, 51, 101, 57, 57, 48, 99, 100, 52, 55, 54, 48, 51, 100, 48, 100, 55, 55, 6, 0, 0, 0, 8, 0, 0, 0, 103, 114, 97, 100, 105, 101, 110, 116, 2, 113, 0, 0, 0, 116, 121, 112, 101, 47, 83, 112, 101, 101, 99, 104, 71, 114, 97, 100, 105, 101, 110, 116, 73, 110, 115, 116, 97, 110, 116, 105, 97, 116, 105, 111, 110, 54, 55, 99, 56, 54, 102, 98, 99, 54, 99, 57, 100, 48, 97, 55, 98, 64, 97, 97, 50, 99, 98, 100, 53, 57, 56, 53, 97, 57, 54, 100, 101, 48, 100, 52, 100, 99, 55, 98, 54, 52, 48, 56, 56, 53, 48, 102, 48, 54, 101, 55, 56, 53, 54, 50, 55, 48, 48, 54, 52, 48, 98, 48, 55, 53, 54, 101, 102, 57, 100, 51, 57, 57, 99, 55, 99, 48, 48, 57, 50, 49, 2, 0, 0, 0, 10, 0, 0, 0, 99, 111, 110, 102, 105, 100, 101, 110, 99, 101, 5, 86, 0, 0, 0, 116, 121, 112, 101, 47, 83, 112, 101, 101, 99, 104, 67, 111, 110, 102, 105, 100, 101, 110, 99, 101, 64, 56, 48, 48, 56, 101, 48, 57, 56, 101, 56, 99, 98, 55, 50, 54, 56, 50, 56, 48, 97, 54, 54, 101, 50, 102, 55, 97, 97, 52, 57, 55, 50, 55, 55, 50, 100, 48, 48, 97, 51, 97, 57, 102, 98, 102, 98, 100, 98, 53, 56, 48, 57, 99, 56, 55, 98, 53, 98, 100, 54, 102, 98, 57, 56, 0, 22, 0, 0, 0, 118, 97, 108, 117, 101, 47, 105, 101, 101, 101, 55, 53, 52, 45, 98, 105, 110, 97, 114, 121, 51, 50, 5, 0, 0, 0, 118, 97, 108, 117, 101, 3, 88, 0, 0, 0, 116, 121, 112, 101, 47, 83, 112, 101, 101, 99, 104, 70, 101, 97, 116, 117, 114, 101, 86, 97, 108, 117, 101, 64, 99, 100, 99, 48, 98, 101, 51, 57, 55, 49, 53, 48, 53, 100, 50, 102, 101, 56, 48, 100, 57, 52, 56, 56, 56, 99, 49, 101, 54, 100, 98, 57, 100, 55, 101, 57, 100, 100, 57, 50, 55, 51, 53, 101, 53, 98, 101, 51, 101, 52, 55, 100, 48, 53, 56, 57, 49, 53, 97, 53, 53, 49, 100, 55, 5, 0, 0, 0, 7, 0, 0, 0, 98, 111, 111, 108, 101, 97, 110, 0, 10, 0, 0, 0, 118, 97, 108, 117, 101, 47, 98, 111, 111, 108, 8, 0, 0, 0, 99, 97, 116, 101, 103, 111, 114, 121, 0, 10, 0, 0, 0, 118, 97, 108, 117, 101, 47, 116, 101, 120, 116, 6, 0, 0, 0, 110, 117, 109, 98, 101, 114, 0, 22, 0, 0, 0, 118, 97, 108, 117, 101, 47, 105, 101, 101, 101, 55, 53, 52, 45, 98, 105, 110, 97, 114, 121, 54, 52, 4, 0, 0, 0, 116, 101, 120, 116, 0, 10, 0, 0, 0, 118, 97, 108, 117, 101, 47, 116, 101, 120, 116, 6, 0, 0, 0, 118, 101, 99, 116, 111, 114, 4, 1, 0, 8, 0, 0, 22, 0, 0, 0, 118, 97, 108, 117, 101, 47, 105, 101, 101, 101, 55, 53, 52, 45, 98, 105, 110, 97, 114, 121, 51, 50, 5, 0, 0, 0, 107, 110, 111, 119, 110, 3, 88, 0, 0, 0, 116, 121, 112, 101, 47, 83, 112, 101, 101, 99, 104, 70, 101, 97, 116, 117, 114, 101, 86, 97, 108, 117, 101, 64, 99, 100, 99, 48, 98, 101, 51, 57, 55, 49, 53, 48, 53, 100, 50, 102, 101, 56, 48, 100, 57, 52, 56, 56, 56, 99, 49, 101, 54, 100, 98, 57, 100, 55, 101, 57, 100, 100, 57, 50, 55, 51, 53, 101, 53, 98, 101, 51, 101, 52, 55, 100, 48, 53, 56, 57, 49, 53, 97, 53, 53, 49, 100, 55, 5, 0, 0, 0, 7, 0, 0, 0, 98, 111, 111, 108, 101, 97, 110, 0, 10, 0, 0, 0, 118, 97, 108, 117, 101, 47, 98, 111, 111, 108, 8, 0, 0, 0, 99, 97, 116, 101, 103, 111, 114, 121, 0, 10, 0, 0, 0, 118, 97, 108, 117, 101, 47, 116, 101, 120, 116, 6, 0, 0, 0, 110, 117, 109, 98, 101, 114, 0, 22, 0, 0, 0, 118, 97, 108, 117, 101, 47, 105, 101, 101, 101, 55, 53, 52, 45, 98, 105, 110, 97, 114, 121, 54, 52, 4, 0, 0, 0, 116, 101, 120, 116, 0, 10, 0, 0, 0, 118, 97, 108, 117, 101, 47, 116, 101, 120, 116, 6, 0, 0, 0, 118, 101, 99, 116, 111, 114, 4, 1, 0, 8, 0, 0, 22, 0, 0, 0, 118, 97, 108, 117, 101, 47, 105, 101, 101, 101, 55, 53, 52, 45, 98, 105, 110, 97, 114, 121, 51, 50, 14, 0, 0, 0, 110, 111, 116, 95, 97, 112, 112, 108, 105, 99, 97, 98, 108, 101, 0, 10, 0, 0, 0, 118, 97, 108, 117, 101, 47, 117, 110, 105, 116, 7, 0, 0, 0, 117, 110, 107, 110, 111, 119, 110, 0, 10, 0, 0, 0, 118, 97, 108, 117, 101, 47, 117, 110, 105, 116, 11, 0, 0, 0, 117, 110, 115, 112, 101, 99, 105, 102, 105, 101, 100, 0, 10, 0, 0, 0, 118, 97, 108, 117, 101, 47, 117, 110, 105, 116, 8, 0, 0, 0, 118, 97, 114, 105, 97, 98, 108, 101, 4, 1, 0, 4, 0, 3, 88, 0, 0, 0, 116, 121, 112, 101, 47, 83, 112, 101, 101, 99, 104, 70, 101, 97, 116, 117, 114, 101, 86, 97, 108, 117, 101, 64, 99, 100, 99, 48, 98, 101, 51, 57, 55, 49, 53, 48, 53, 100, 50, 102, 101, 56, 48, 100, 57, 52, 56, 56, 56, 99, 49, 101, 54, 100, 98, 57, 100, 55, 101, 57, 100, 100, 57, 50, 55, 51, 53, 101, 53, 98, 101, 51, 101, 52, 55, 100, 48, 53, 56, 57, 49, 53, 97, 53, 53, 49, 100, 55, 5, 0, 0, 0, 7, 0, 0, 0, 98, 111, 111, 108, 101, 97, 110, 0, 10, 0, 0, 0, 118, 97, 108, 117, 101, 47, 98, 111, 111, 108, 8, 0, 0, 0, 99, 97, 116, 101, 103, 111, 114, 121, 0, 10, 0, 0, 0, 118, 97, 108, 117, 101, 47, 116, 101, 120, 116, 6, 0, 0, 0, 110, 117, 109, 98, 101, 114, 0, 22, 0, 0, 0, 118, 97, 108, 117, 101, 47, 105, 101, 101, 101, 55, 53, 52, 45, 98, 105, 110, 97, 114, 121, 54, 52, 4, 0, 0, 0, 116, 101, 120, 116, 0, 10, 0, 0, 0, 118, 97, 108, 117, 101, 47, 116, 101, 120, 116, 6, 0, 0, 0, 118, 101, 99, 116, 111, 114, 4, 1, 0, 8, 0, 0, 22, 0, 0, 0, 118, 97, 108, 117, 101, 47, 105, 101, 101, 101, 55, 53, 52, 45, 98, 105, 110, 97, 114, 121, 51, 50, 5, 0, 0, 0, 112, 104, 111, 110, 101, 5, 77, 0, 0, 0, 116, 121, 112, 101, 47, 80, 104, 111, 110, 101, 73, 100, 64, 101, 100, 102, 97, 48, 97, 101, 98, 54, 55, 50, 48, 99, 54, 54, 52, 54, 97, 50, 97, 56, 49, 99, 99, 99, 56, 54, 57, 98, 51, 52, 97, 98, 54, 53, 100, 97, 57, 101, 99, 102, 50, 52, 102, 99, 48, 99, 48, 97, 55, 48, 48, 57, 101, 49, 50, 53, 99, 98, 55, 102, 53, 57, 98, 0, 10, 0, 0, 0, 118, 97, 108, 117, 101, 47, 116, 101, 120, 116, 7, 0, 0, 0, 112, 104, 111, 110, 101, 109, 101, 5, 79, 0, 0, 0, 116, 121, 112, 101, 47, 80, 104, 111, 110, 101, 109, 101, 73, 100, 64, 57, 99, 49, 49, 50, 51, 99, 102, 102, 102, 51, 57, 53, 99, 53, 48, 51, 102, 48, 54, 55, 54, 57, 100, 55, 54, 52, 98, 100, 100, 52, 57, 99, 50, 51, 97, 51, 57, 97, 50, 51, 98, 99, 98, 52, 54, 97, 99, 50, 52, 54, 48, 56, 99, 57, 97, 52, 53, 99, 99, 50, 102, 101, 51, 0, 10, 0, 0, 0, 118, 97, 108, 117, 101, 47, 116, 101, 120, 116, 15, 0, 0, 0, 112, 114, 101, 118, 105, 111, 117, 115, 95, 115, 116, 114, 101, 115, 115, 3, 82, 0, 0, 0, 116, 121, 112, 101, 47, 83, 112, 101, 101, 99, 104, 83, 116, 114, 101, 115, 115, 64, 99, 101, 51, 50, 50, 98, 50, 100, 50, 49, 55, 56, 99, 48, 51, 48, 49, 101, 55, 98, 49, 49, 51, 48, 52, 101, 48, 50, 53, 51, 52, 97, 57, 57, 56, 57, 98, 55, 102, 50, 54, 102, 52, 57, 101, 102, 101, 57, 57, 48, 50, 54, 52, 57, 53, 51, 97, 99, 56, 55, 101, 100, 98, 52, 4, 0, 0, 0, 7, 0, 0, 0, 112, 114, 105, 109, 97, 114, 121, 0, 10, 0, 0, 0, 118, 97, 108, 117, 101, 47, 117, 110, 105, 116, 7, 0, 0, 0, 114, 101, 100, 117, 99, 101, 100, 0, 10, 0, 0, 0, 118, 97, 108, 117, 101, 47, 117, 110, 105, 116, 9, 0, 0, 0, 115, 101, 99, 111, 110, 100, 97, 114, 121, 0, 10, 0, 0, 0, 118, 97, 108, 117, 101, 47, 117, 110, 105, 116, 10, 0, 0, 0, 117, 110, 115, 116, 114, 101, 115, 115, 101, 100, 0, 10, 0, 0, 0, 118, 97, 108, 117, 101, 47, 117, 110, 105, 116, 18, 0, 0, 0, 112, 114, 101, 118, 105, 111, 117, 115, 95, 115, 116, 114, 101, 115, 115, 95, 105, 110, 4, 1, 0, 4, 0, 3, 82, 0, 0, 0, 116, 121, 112, 101, 47, 83, 112, 101, 101, 99, 104, 83, 116, 114, 101, 115, 115, 64, 99, 101, 51, 50, 50, 98, 50, 100, 50, 49, 55, 56, 99, 48, 51, 48, 49, 101, 55, 98, 49, 49, 51, 48, 52, 101, 48, 50, 53, 51, 52, 97, 57, 57, 56, 57, 98, 55, 102, 50, 54, 102, 52, 57, 101, 102, 101, 57, 57, 48, 50, 54, 52, 57, 53, 51, 97, 99, 56, 55, 101, 100, 98, 52, 4, 0, 0, 0, 7, 0, 0, 0, 112, 114, 105, 109, 97, 114, 121, 0, 10, 0, 0, 0, 118, 97, 108, 117, 101, 47, 117, 110, 105, 116, 7, 0, 0, 0, 114, 101, 100, 117, 99, 101, 100, 0, 10, 0, 0, 0, 118, 97, 108, 117, 101, 47, 117, 110, 105, 116, 9, 0, 0, 0, 115, 101, 99, 111, 110, 100, 97, 114, 121, 0, 10, 0, 0, 0, 118, 97, 108, 117, 101, 47, 117, 110, 105, 116, 10, 0, 0, 0, 117, 110, 115, 116, 114, 101, 115, 115, 101, 100, 0, 10, 0, 0, 0, 118, 97, 108, 117, 101, 47, 117, 110, 105, 116, 32, 0, 0, 0, 112, 114, 101, 118, 105, 111, 117, 115, 95, 119, 111, 114, 100, 95, 104, 97, 115, 95, 115, 121, 110, 116, 97, 99, 116, 105, 99, 95, 108, 105, 110, 107, 3, 97, 0, 0, 0, 116, 121, 112, 101, 47, 76, 105, 110, 103, 117, 105, 115, 116, 105, 99, 83, 121, 110, 116, 97, 99, 116, 105, 99, 76, 105, 110, 107, 75, 105, 110, 100, 64, 50, 52, 101, 50, 97, 48, 51, 99, 98, 53, 51, 54, 57, 54, 99, 98, 50, 57, 52, 57, 98, 102, 51, 100, 52, 99, 48, 52, 54, 97, 57, 99, 54, 98, 50, 52, 100, 98, 49, 99, 56, 55, 48, 52, 97, 48, 57, 54, 56, 56, 102, 57, 50, 53, 97, 49, 54, 51, 101, 99, 53, 100, 99, 55, 14, 0, 0, 0, 10, 0, 0, 0, 97, 112, 112, 111, 115, 105, 116, 105, 111, 110, 0, 10, 0, 0, 0, 118, 97, 108, 117, 101, 47, 117, 110, 105, 116, 9, 0, 0, 0, 97, 117, 120, 105, 108, 105, 97, 114, 121, 0, 10, 0, 0, 0, 118, 97, 108, 117, 101, 47, 117, 110, 105, 116, 10, 0, 0, 0, 99, 111, 109, 112, 108, 101, 109, 101, 110, 116, 0, 10, 0, 0, 0, 118, 97, 108, 117, 101, 47, 117, 110, 105, 116, 13, 0, 0, 0, 99, 111, 110, 116, 114, 97, 115, 116, 95, 112, 97, 105, 114, 0, 10, 0, 0, 0, 118, 97, 108, 117, 101, 47, 117, 110, 105, 116, 12, 0, 0, 0, 99, 111, 111, 114, 100, 105, 110, 97, 116, 105, 111, 110, 0, 10, 0, 0, 0, 118, 97, 108, 117, 101, 47, 117, 110, 105, 116, 10, 0, 0, 0, 100, 101, 116, 101, 114, 109, 105, 110, 101, 114, 0, 10, 0, 0, 0, 118, 97, 108, 117, 101, 47, 117, 110, 105, 116, 18, 0, 0, 0, 105, 110, 102, 105, 110, 105, 116, 105, 118, 97, 108, 95, 109, 97, 114, 107, 101, 114, 0, 10, 0, 0, 0, 118, 97, 108, 117, 101, 47, 117, 110, 105, 116, 8, 0, 0, 0, 109, 111, 100, 105, 102, 105, 101, 114, 0, 10, 0, 0, 0, 118, 97, 108, 117, 101, 47, 117, 110, 105, 116, 13, 0, 0, 0, 110, 111, 117, 110, 95, 99, 111, 109, 112, 111, 117, 110, 100, 0, 10, 0, 0, 0, 118, 97, 108, 117, 101, 47, 117, 110, 105, 116, 6, 0, 0, 0, 111, 98, 106, 101, 99, 116, 0, 10, 0, 0, 0, 118, 97, 108, 117, 101, 47, 117, 110, 105, 116, 13, 0, 0, 0, 112, 97, 114, 101, 110, 116, 104, 101, 116, 105, 99, 97, 108, 0, 10, 0, 0, 0, 118, 97, 108, 117, 101, 47, 117, 110, 105, 116, 11, 0, 0, 0, 112, 114, 101, 112, 111, 115, 105, 116, 105, 111, 110, 0, 10, 0, 0, 0, 118, 97, 108, 117, 101, 47, 117, 110, 105, 116, 7, 0, 0, 0, 115, 117, 98, 106, 101, 99, 116, 0, 10, 0, 0, 0, 118, 97, 108, 117, 101, 47, 117, 110, 105, 116, 8, 0, 0, 0, 118, 111, 99, 97, 116, 105, 118, 101, 0, 10, 0, 0, 0, 118, 97, 108, 117, 101, 47, 117, 110, 105, 116, 10, 0, 0, 0, 99, 111, 110, 102, 105, 100, 101, 110, 99, 101, 5, 86, 0, 0, 0, 116, 121, 112, 101, 47, 83, 112, 101, 101, 99, 104, 67, 111, 110, 102, 105, 100, 101, 110, 99, 101, 64, 56, 48, 48, 56, 101, 48, 57, 56, 101, 56, 99, 98, 55, 50, 54, 56, 50, 56, 48, 97, 54, 54, 101, 50, 102, 55, 97, 97, 52, 57, 55, 50, 55, 55, 50, 100, 48, 48, 97, 51, 97, 57, 102, 98, 102, 98, 100, 98, 53, 56, 48, 57, 99, 56, 55, 98, 53, 98, 100, 54, 102, 98, 57, 56, 0, 22, 0, 0, 0, 118, 97, 108, 117, 101, 47, 105, 101, 101, 101, 55, 53, 52, 45, 98, 105, 110, 97, 114, 121, 51, 50, 11, 0, 0, 0, 101, 110, 118, 105, 114, 111, 110, 109, 101, 110, 116, 2, 87, 0, 0, 0, 116, 121, 112, 101, 47, 83, 112, 101, 101, 99, 104, 69, 110, 118, 105, 114, 111, 110, 109, 101, 110, 116, 64, 49, 50, 50, 97, 99, 49, 50, 98, 55, 50, 55, 52, 49, 99, 53, 56, 54, 51, 99, 57, 48, 97, 53, 99, 52, 100, 98, 101, 55, 50, 52, 97, 57, 54, 56, 54, 97, 49, 48, 50, 99, 52, 97, 99, 102, 98, 99, 55, 53, 99, 53, 48, 97, 52, 51, 99, 99, 54, 48, 97, 48, 51, 101, 100, 6, 0, 0, 0, 5, 0, 0, 0, 97, 102, 116, 101, 114, 4, 0, 0, 4, 0, 3, 90, 0, 0, 0, 116, 121, 112, 101, 47, 83, 112, 101, 101, 99, 104, 83, 101, 103, 109, 101, 110, 116, 77, 97, 116, 99, 104, 101, 114, 64, 51, 56, 48, 98, 98, 56, 55, 100, 101, 51, 57, 97, 55, 57, 52, 48, 101, 48, 55, 53, 100, 55, 97, 100, 51, 99, 55, 53, 98, 49, 57, 98, 51, 97, 52, 98, 98, 48, 54, 101, 49, 97, 53, 53, 98, 56, 53, 53, 102, 54, 48, 57, 57, 98, 99, 101, 51, 55, 98, 54, 52, 97, 51, 101, 5, 0, 0, 0, 3, 0, 0, 0, 97, 110, 121, 0, 10, 0, 0, 0, 118, 97, 108, 117, 101, 47, 117, 110, 105, 116, 8, 0, 0, 0, 98, 111, 117, 110, 100, 97, 114, 121, 3, 88, 0, 0, 0, 116, 121, 112, 101, 47, 83, 112, 101, 101, 99, 104, 66, 111, 117, 110, 100, 97, 114, 121, 75, 105, 110, 100, 64, 100, 57, 57, 48, 48, 51, 54, 97, 53, 56, 57, 98, 50, 100, 53, 56, 48, 57, 56, 101, 52, 100, 54, 49, 57, 55, 99, 53, 97, 51, 99, 100, 99, 50, 56, 99, 51, 99, 97, 48, 102, 50, 100, 57, 49, 102, 57, 57, 98, 54, 52, 48, 97, 49, 52, 97, 49, 97, 99, 98, 99, 102, 53, 51, 7, 0, 0, 0, 12, 0, 0, 0, 98, 114, 101, 97, 116, 104, 95, 103, 114, 111, 117, 112, 0, 10, 0, 0, 0, 118, 97, 108, 117, 101, 47, 117, 110, 105, 116, 8, 0, 0, 0, 109, 111, 114, 112, 104, 101, 109, 101, 0, 10, 0, 0, 0, 118, 97, 108, 117, 101, 47, 117, 110, 105, 116, 5, 0, 0, 0, 112, 104, 111, 110, 101, 0, 10, 0, 0, 0, 118, 97, 108, 117, 101, 47, 117, 110, 105, 116, 6, 0, 0, 0, 112, 104, 114, 97, 115, 101, 0, 10, 0, 0, 0, 118, 97, 108, 117, 101, 47, 117, 110, 105, 116, 8, 0, 0, 0, 115, 121, 108, 108, 97, 98, 108, 101, 0, 10, 0, 0, 0, 118, 97, 108, 117, 101, 47, 117, 110, 105, 116, 4, 0, 0, 0, 116, 117, 114, 110, 0, 10, 0, 0, 0, 118, 97, 108, 117, 101, 47, 117, 110, 105, 116, 4, 0, 0, 0, 119, 111, 114, 100, 0, 10, 0, 0, 0, 118, 97, 108, 117, 101, 47, 117, 110, 105, 116, 8, 0, 0, 0, 102, 101, 97, 116, 117, 114, 101, 115, 5, 89, 0, 0, 0, 116, 121, 112, 101, 47, 83, 112, 101, 101, 99, 104, 70, 101, 97, 116, 117, 114, 101, 66, 117, 110, 100, 108, 101, 64, 55, 100, 55, 98, 102, 57, 49, 100, 57, 52, 48, 48, 98, 100, 100, 54, 56, 98, 52, 55, 49, 49, 48, 51, 50, 53, 57, 53, 102, 97, 54, 101, 48, 52, 100, 54, 98, 52, 50, 102, 102, 98, 53, 57, 54, 48, 49, 102, 57, 102, 100, 54, 55, 56, 51, 50, 51, 101, 50, 102, 54, 53, 55, 52, 4, 0, 0, 16, 0, 2, 83, 0, 0, 0, 116, 121, 112, 101, 47, 83, 112, 101, 101, 99, 104, 70, 101, 97, 116, 117, 114, 101, 64, 48, 100, 98, 54, 56, 49, 55, 101, 53, 100, 99, 55, 50, 48, 101, 55, 102, 98, 49, 54, 102, 97, 100, 48, 99, 50, 99, 49, 51, 100, 57, 97, 101, 100, 52, 52, 52, 49, 102, 98, 52, 52, 54, 51, 56, 97, 55, 101, 97, 54, 97, 98, 101, 48, 55, 49, 57, 55, 51, 53, 51, 98, 54, 98, 2, 0, 0, 0, 8, 0, 0, 0, 105, 100, 101, 110, 116, 105, 116, 121, 5, 85, 0, 0, 0, 116, 121, 112, 101, 47, 83, 112, 101, 101, 99, 104, 70, 101, 97, 116, 117, 114, 101, 73, 100, 64, 52, 102, 55, 53, 102, 54, 50, 54, 54, 50, 100, 55, 50, 49, 48, 98, 100, 99, 98, 53, 101, 97, 48, 52, 101, 55, 98, 52, 54, 97, 48, 97, 50, 53, 49, 49, 55, 100, 49, 100, 50, 98, 50, 53, 52, 55, 99, 57, 56, 100, 49, 101, 99, 50, 54, 101, 54, 55, 98, 102, 102, 53, 48, 50, 0, 10, 0, 0, 0, 118, 97, 108, 117, 101, 47, 116, 101, 120, 116, 13, 0, 0, 0, 115, 112, 101, 99, 105, 102, 105, 99, 97, 116, 105, 111, 110, 3, 90, 0, 0, 0, 116, 121, 112, 101, 47, 70, 101, 97, 116, 117, 114, 101, 83, 112, 101, 99, 105, 102, 105, 99, 97, 116, 105, 111, 110, 64, 51, 55, 97, 48, 100, 99, 100, 98, 52, 56, 48, 101, 48, 48, 55, 100, 53, 52, 53, 102, 55, 53, 57, 102, 55, 56, 99, 50, 51, 49, 53, 53, 48, 100, 51, 55, 50, 48, 50, 54, 100, 51, 97, 53, 56, 51, 54, 51, 101, 57, 57, 48, 99, 100, 52, 55, 54, 48, 51, 100, 48, 100, 55, 55, 6, 0, 0, 0, 8, 0, 0, 0, 103, 114, 97, 100, 105, 101, 110, 116, 2, 113, 0, 0, 0, 116, 121, 112, 101, 47, 83, 112, 101, 101, 99, 104, 71, 114, 97, 100, 105, 101, 110, 116, 73, 110, 115, 116, 97, 110, 116, 105, 97, 116, 105, 111, 110, 54, 55, 99, 56, 54, 102, 98, 99, 54, 99, 57, 100, 48, 97, 55, 98, 64, 97, 97, 50, 99, 98, 100, 53, 57, 56, 53, 97, 57, 54, 100, 101, 48, 100, 52, 100, 99, 55, 98, 54, 52, 48, 56, 56, 53, 48, 102, 48, 54, 101, 55, 56, 53, 54, 50, 55, 48, 48, 54, 52, 48, 98, 48, 55, 53, 54, 101, 102, 57, 100, 51, 57, 57, 99, 55, 99, 48, 48, 57, 50, 49, 2, 0, 0, 0, 10, 0, 0, 0, 99, 111, 110, 102, 105, 100, 101, 110, 99, 101, 5, 86, 0, 0, 0, 116, 121, 112, 101, 47, 83, 112, 101, 101, 99, 104, 67, 111, 110, 102, 105, 100, 101, 110, 99, 101, 64, 56, 48, 48, 56, 101, 48, 57, 56, 101, 56, 99, 98, 55, 50, 54, 56, 50, 56, 48, 97, 54, 54, 101, 50, 102, 55, 97, 97, 52, 57, 55, 50, 55, 55, 50, 100, 48, 48, 97, 51, 97, 57, 102, 98, 102, 98, 100, 98, 53, 56, 48, 57, 99, 56, 55, 98, 53, 98, 100, 54, 102, 98, 57, 56, 0, 22, 0, 0, 0, 118, 97, 108, 117, 101, 47, 105, 101, 101, 101, 55, 53, 52, 45, 98, 105, 110, 97, 114, 121, 51, 50, 5, 0, 0, 0, 118, 97, 108, 117, 101, 3, 88, 0, 0, 0, 116, 121, 112, 101, 47, 83, 112, 101, 101, 99, 104, 70, 101, 97, 116, 117, 114, 101, 86, 97, 108, 117, 101, 64, 99, 100, 99, 48, 98, 101, 51, 57, 55, 49, 53, 48, 53, 100, 50, 102, 101, 56, 48, 100, 57, 52, 56, 56, 56, 99, 49, 101, 54, 100, 98, 57, 100, 55, 101, 57, 100, 100, 57, 50, 55, 51, 53, 101, 53, 98, 101, 51, 101, 52, 55, 100, 48, 53, 56, 57, 49, 53, 97, 53, 53, 49, 100, 55, 5, 0, 0, 0, 7, 0, 0, 0, 98, 111, 111, 108, 101, 97, 110, 0, 10, 0, 0, 0, 118, 97, 108, 117, 101, 47, 98, 111, 111, 108, 8, 0, 0, 0, 99, 97, 116, 101, 103, 111, 114, 121, 0, 10, 0, 0, 0, 118, 97, 108, 117, 101, 47, 116, 101, 120, 116, 6, 0, 0, 0, 110, 117, 109, 98, 101, 114, 0, 22, 0, 0, 0, 118, 97, 108, 117, 101, 47, 105, 101, 101, 101, 55, 53, 52, 45, 98, 105, 110, 97, 114, 121, 54, 52, 4, 0, 0, 0, 116, 101, 120, 116, 0, 10, 0, 0, 0, 118, 97, 108, 117, 101, 47, 116, 101, 120, 116, 6, 0, 0, 0, 118, 101, 99, 116, 111, 114, 4, 1, 0, 8, 0, 0, 22, 0, 0, 0, 118, 97, 108, 117, 101, 47, 105, 101, 101, 101, 55, 53, 52, 45, 98, 105, 110, 97, 114, 121, 51, 50, 5, 0, 0, 0, 107, 110, 111, 119, 110, 3, 88, 0, 0, 0, 116, 121, 112, 101, 47, 83, 112, 101, 101, 99, 104, 70, 101, 97, 116, 117, 114, 101, 86, 97, 108, 117, 101, 64, 99, 100, 99, 48, 98, 101, 51, 57, 55, 49, 53, 48, 53, 100, 50, 102, 101, 56, 48, 100, 57, 52, 56, 56, 56, 99, 49, 101, 54, 100, 98, 57, 100, 55, 101, 57, 100, 100, 57, 50, 55, 51, 53, 101, 53, 98, 101, 51, 101, 52, 55, 100, 48, 53, 56, 57, 49, 53, 97, 53, 53, 49, 100, 55, 5, 0, 0, 0, 7, 0, 0, 0, 98, 111, 111, 108, 101, 97, 110, 0, 10, 0, 0, 0, 118, 97, 108, 117, 101, 47, 98, 111, 111, 108, 8, 0, 0, 0, 99, 97, 116, 101, 103, 111, 114, 121, 0, 10, 0, 0, 0, 118, 97, 108, 117, 101, 47, 116, 101, 120, 116, 6, 0, 0, 0, 110, 117, 109, 98, 101, 114, 0, 22, 0, 0, 0, 118, 97, 108, 117, 101, 47, 105, 101, 101, 101, 55, 53, 52, 45, 98, 105, 110, 97, 114, 121, 54, 52, 4, 0, 0, 0, 116, 101, 120, 116, 0, 10, 0, 0, 0, 118, 97, 108, 117, 101, 47, 116, 101, 120, 116, 6, 0, 0, 0, 118, 101, 99, 116, 111, 114, 4, 1, 0, 8, 0, 0, 22, 0, 0, 0, 118, 97, 108, 117, 101, 47, 105, 101, 101, 101, 55, 53, 52, 45, 98, 105, 110, 97, 114, 121, 51, 50, 14, 0, 0, 0, 110, 111, 116, 95, 97, 112, 112, 108, 105, 99, 97, 98, 108, 101, 0, 10, 0, 0, 0, 118, 97, 108, 117, 101, 47, 117, 110, 105, 116, 7, 0, 0, 0, 117, 110, 107, 110, 111, 119, 110, 0, 10, 0, 0, 0, 118, 97, 108, 117, 101, 47, 117, 110, 105, 116, 11, 0, 0, 0, 117, 110, 115, 112, 101, 99, 105, 102, 105, 101, 100, 0, 10, 0, 0, 0, 118, 97, 108, 117, 101, 47, 117, 110, 105, 116, 8, 0, 0, 0, 118, 97, 114, 105, 97, 98, 108, 101, 4, 1, 0, 4, 0, 3, 88, 0, 0, 0, 116, 121, 112, 101, 47, 83, 112, 101, 101, 99, 104, 70, 101, 97, 116, 117, 114, 101, 86, 97, 108, 117, 101, 64, 99, 100, 99, 48, 98, 101, 51, 57, 55, 49, 53, 48, 53, 100, 50, 102, 101, 56, 48, 100, 57, 52, 56, 56, 56, 99, 49, 101, 54, 100, 98, 57, 100, 55, 101, 57, 100, 100, 57, 50, 55, 51, 53, 101, 53, 98, 101, 51, 101, 52, 55, 100, 48, 53, 56, 57, 49, 53, 97, 53, 53, 49, 100, 55, 5, 0, 0, 0, 7, 0, 0, 0, 98, 111, 111, 108, 101, 97, 110, 0, 10, 0, 0, 0, 118, 97, 108, 117, 101, 47, 98, 111, 111, 108, 8, 0, 0, 0, 99, 97, 116, 101, 103, 111, 114, 121, 0, 10, 0, 0, 0, 118, 97, 108, 117, 101, 47, 116, 101, 120, 116, 6, 0, 0, 0, 110, 117, 109, 98, 101, 114, 0, 22, 0, 0, 0, 118, 97, 108, 117, 101, 47, 105, 101, 101, 101, 55, 53, 52, 45, 98, 105, 110, 97, 114, 121, 54, 52, 4, 0, 0, 0, 116, 101, 120, 116, 0, 10, 0, 0, 0, 118, 97, 108, 117, 101, 47, 116, 101, 120, 116, 6, 0, 0, 0, 118, 101, 99, 116, 111, 114, 4, 1, 0, 8, 0, 0, 22, 0, 0, 0, 118, 97, 108, 117, 101, 47, 105, 101, 101, 101, 55, 53, 52, 45, 98, 105, 110, 97, 114, 121, 51, 50, 5, 0, 0, 0, 112, 104, 111, 110, 101, 5, 77, 0, 0, 0, 116, 121, 112, 101, 47, 80, 104, 111, 110, 101, 73, 100, 64, 101, 100, 102, 97, 48, 97, 101, 98, 54, 55, 50, 48, 99, 54, 54, 52, 54, 97, 50, 97, 56, 49, 99, 99, 99, 56, 54, 57, 98, 51, 52, 97, 98, 54, 53, 100, 97, 57, 101, 99, 102, 50, 52, 102, 99, 48, 99, 48, 97, 55, 48, 48, 57, 101, 49, 50, 53, 99, 98, 55, 102, 53, 57, 98, 0, 10, 0, 0, 0, 118, 97, 108, 117, 101, 47, 116, 101, 120, 116, 7, 0, 0, 0, 112, 104, 111, 110, 101, 109, 101, 5, 79, 0, 0, 0, 116, 121, 112, 101, 47, 80, 104, 111, 110, 101, 109, 101, 73, 100, 64, 57, 99, 49, 49, 50, 51, 99, 102, 102, 102, 51, 57, 53, 99, 53, 48, 51, 102, 48, 54, 55, 54, 57, 100, 55, 54, 52, 98, 100, 100, 52, 57, 99, 50, 51, 97, 51, 57, 97, 50, 51, 98, 99, 98, 52, 54, 97, 99, 50, 52, 54, 48, 56, 99, 57, 97, 52, 53, 99, 99, 50, 102, 101, 51, 0, 10, 0, 0, 0, 118, 97, 108, 117, 101, 47, 116, 101, 120, 116, 6, 0, 0, 0, 98, 101, 102, 111, 114, 101, 4, 0, 0, 4, 0, 3, 90, 0, 0, 0, 116, 121, 112, 101, 47, 83, 112, 101, 101, 99, 104, 83, 101, 103, 109, 101, 110, 116, 77, 97, 116, 99, 104, 101, 114, 64, 51, 56, 48, 98, 98, 56, 55, 100, 101, 51, 57, 97, 55, 57, 52, 48, 101, 48, 55, 53, 100, 55, 97, 100, 51, 99, 55, 53, 98, 49, 57, 98, 51, 97, 52, 98, 98, 48, 54, 101, 49, 97, 53, 53, 98, 56, 53, 53, 102, 54, 48, 57, 57, 98, 99, 101, 51, 55, 98, 54, 52, 97, 51, 101, 5, 0, 0, 0, 3, 0, 0, 0, 97, 110, 121, 0, 10, 0, 0, 0, 118, 97, 108, 117, 101, 47, 117, 110, 105, 116, 8, 0, 0, 0, 98, 111, 117, 110, 100, 97, 114, 121, 3, 88, 0, 0, 0, 116, 121, 112, 101, 47, 83, 112, 101, 101, 99, 104, 66, 111, 117, 110, 100, 97, 114, 121, 75, 105, 110, 100, 64, 100, 57, 57, 48, 48, 51, 54, 97, 53, 56, 57, 98, 50, 100, 53, 56, 48, 57, 56, 101, 52, 100, 54, 49, 57, 55, 99, 53, 97, 51, 99, 100, 99, 50, 56, 99, 51, 99, 97, 48, 102, 50, 100, 57, 49, 102, 57, 57, 98, 54, 52, 48, 97, 49, 52, 97, 49, 97, 99, 98, 99, 102, 53, 51, 7, 0, 0, 0, 12, 0, 0, 0, 98, 114, 101, 97, 116, 104, 95, 103, 114, 111, 117, 112, 0, 10, 0, 0, 0, 118, 97, 108, 117, 101, 47, 117, 110, 105, 116, 8, 0, 0, 0, 109, 111, 114, 112, 104, 101, 109, 101, 0, 10, 0, 0, 0, 118, 97, 108, 117, 101, 47, 117, 110, 105, 116, 5, 0, 0, 0, 112, 104, 111, 110, 101, 0, 10, 0, 0, 0, 118, 97, 108, 117, 101, 47, 117, 110, 105, 116, 6, 0, 0, 0, 112, 104, 114, 97, 115, 101, 0, 10, 0, 0, 0, 118, 97, 108, 117, 101, 47, 117, 110, 105, 116, 8, 0, 0, 0, 115, 121, 108, 108, 97, 98, 108, 101, 0, 10, 0, 0, 0, 118, 97, 108, 117, 101, 47, 117, 110, 105, 116, 4, 0, 0, 0, 116, 117, 114, 110, 0, 10, 0, 0, 0, 118, 97, 108, 117, 101, 47, 117, 110, 105, 116, 4, 0, 0, 0, 119, 111, 114, 100, 0, 10, 0, 0, 0, 118, 97, 108, 117, 101, 47, 117, 110, 105, 116, 8, 0, 0, 0, 102, 101, 97, 116, 117, 114, 101, 115, 5, 89, 0, 0, 0, 116, 121, 112, 101, 47, 83, 112, 101, 101, 99, 104, 70, 101, 97, 116, 117, 114, 101, 66, 117, 110, 100, 108, 101, 64, 55, 100, 55, 98, 102, 57, 49, 100, 57, 52, 48, 48, 98, 100, 100, 54, 56, 98, 52, 55, 49, 49, 48, 51, 50, 53, 57, 53, 102, 97, 54, 101, 48, 52, 100, 54, 98, 52, 50, 102, 102, 98, 53, 57, 54, 48, 49, 102, 57, 102, 100, 54, 55, 56, 51, 50, 51, 101, 50, 102, 54, 53, 55, 52, 4, 0, 0, 16, 0, 2, 83, 0, 0, 0, 116, 121, 112, 101, 47, 83, 112, 101, 101, 99, 104, 70, 101, 97, 116, 117, 114, 101, 64, 48, 100, 98, 54, 56, 49, 55, 101, 53, 100, 99, 55, 50, 48, 101, 55, 102, 98, 49, 54, 102, 97, 100, 48, 99, 50, 99, 49, 51, 100, 57, 97, 101, 100, 52, 52, 52, 49, 102, 98, 52, 52, 54, 51, 56, 97, 55, 101, 97, 54, 97, 98, 101, 48, 55, 49, 57, 55, 51, 53, 51, 98, 54, 98, 2, 0, 0, 0, 8, 0, 0, 0, 105, 100, 101, 110, 116, 105, 116, 121, 5, 85, 0, 0, 0, 116, 121, 112, 101, 47, 83, 112, 101, 101, 99, 104, 70, 101, 97, 116, 117, 114, 101, 73, 100, 64, 52, 102, 55, 53, 102, 54, 50, 54, 54, 50, 100, 55, 50, 49, 48, 98, 100, 99, 98, 53, 101, 97, 48, 52, 101, 55, 98, 52, 54, 97, 48, 97, 50, 53, 49, 49, 55, 100, 49, 100, 50, 98, 50, 53, 52, 55, 99, 57, 56, 100, 49, 101, 99, 50, 54, 101, 54, 55, 98, 102, 102, 53, 48, 50, 0, 10, 0, 0, 0, 118, 97, 108, 117, 101, 47, 116, 101, 120, 116, 13, 0, 0, 0, 115, 112, 101, 99, 105, 102, 105, 99, 97, 116, 105, 111, 110, 3, 90, 0, 0, 0, 116, 121, 112, 101, 47, 70, 101, 97, 116, 117, 114, 101, 83, 112, 101, 99, 105, 102, 105, 99, 97, 116, 105, 111, 110, 64, 51, 55, 97, 48, 100, 99, 100, 98, 52, 56, 48, 101, 48, 48, 55, 100, 53, 52, 53, 102, 55, 53, 57, 102, 55, 56, 99, 50, 51, 49, 53, 53, 48, 100, 51, 55, 50, 48, 50, 54, 100, 51, 97, 53, 56, 51, 54, 51, 101, 57, 57, 48, 99, 100, 52, 55, 54, 48, 51, 100, 48, 100, 55, 55, 6, 0, 0, 0, 8, 0, 0, 0, 103, 114, 97, 100, 105, 101, 110, 116, 2, 113, 0, 0, 0, 116, 121, 112, 101, 47, 83, 112, 101, 101, 99, 104, 71, 114, 97, 100, 105, 101, 110, 116, 73, 110, 115, 116, 97, 110, 116, 105, 97, 116, 105, 111, 110, 54, 55, 99, 56, 54, 102, 98, 99, 54, 99, 57, 100, 48, 97, 55, 98, 64, 97, 97, 50, 99, 98, 100, 53, 57, 56, 53, 97, 57, 54, 100, 101, 48, 100, 52, 100, 99, 55, 98, 54, 52, 48, 56, 56, 53, 48, 102, 48, 54, 101, 55, 56, 53, 54, 50, 55, 48, 48, 54, 52, 48, 98, 48, 55, 53, 54, 101, 102, 57, 100, 51, 57, 57, 99, 55, 99, 48, 48, 57, 50, 49, 2, 0, 0, 0, 10, 0, 0, 0, 99, 111, 110, 102, 105, 100, 101, 110, 99, 101, 5, 86, 0, 0, 0, 116, 121, 112, 101, 47, 83, 112, 101, 101, 99, 104, 67, 111, 110, 102, 105, 100, 101, 110, 99, 101, 64, 56, 48, 48, 56, 101, 48, 57, 56, 101, 56, 99, 98, 55, 50, 54, 56, 50, 56, 48, 97, 54, 54, 101, 50, 102, 55, 97, 97, 52, 57, 55, 50, 55, 55, 50, 100, 48, 48, 97, 51, 97, 57, 102, 98, 102, 98, 100, 98, 53, 56, 48, 57, 99, 56, 55, 98, 53, 98, 100, 54, 102, 98, 57, 56, 0, 22, 0, 0, 0, 118, 97, 108, 117, 101, 47, 105, 101, 101, 101, 55, 53, 52, 45, 98, 105, 110, 97, 114, 121, 51, 50, 5, 0, 0, 0, 118, 97, 108, 117, 101, 3, 88, 0, 0, 0, 116, 121, 112, 101, 47, 83, 112, 101, 101, 99, 104, 70, 101, 97, 116, 117, 114, 101, 86, 97, 108, 117, 101, 64, 99, 100, 99, 48, 98, 101, 51, 57, 55, 49, 53, 48, 53, 100, 50, 102, 101, 56, 48, 100, 57, 52, 56, 56, 56, 99, 49, 101, 54, 100, 98, 57, 100, 55, 101, 57, 100, 100, 57, 50, 55, 51, 53, 101, 53, 98, 101, 51, 101, 52, 55, 100, 48, 53, 56, 57, 49, 53, 97, 53, 53, 49, 100, 55, 5, 0, 0, 0, 7, 0, 0, 0, 98, 111, 111, 108, 101, 97, 110, 0, 10, 0, 0, 0, 118, 97, 108, 117, 101, 47, 98, 111, 111, 108, 8, 0, 0, 0, 99, 97, 116, 101, 103, 111, 114, 121, 0, 10, 0, 0, 0, 118, 97, 108, 117, 101, 47, 116, 101, 120, 116, 6, 0, 0, 0, 110, 117, 109, 98, 101, 114, 0, 22, 0, 0, 0, 118, 97, 108, 117, 101, 47, 105, 101, 101, 101, 55, 53, 52, 45, 98, 105, 110, 97, 114, 121, 54, 52, 4, 0, 0, 0, 116, 101, 120, 116, 0, 10, 0, 0, 0, 118, 97, 108, 117, 101, 47, 116, 101, 120, 116, 6, 0, 0, 0, 118, 101, 99, 116, 111, 114, 4, 1, 0, 8, 0, 0, 22, 0, 0, 0, 118, 97, 108, 117, 101, 47, 105, 101, 101, 101, 55, 53, 52, 45, 98, 105, 110, 97, 114, 121, 51, 50, 5, 0, 0, 0, 107, 110, 111, 119, 110, 3, 88, 0, 0, 0, 116, 121, 112, 101, 47, 83, 112, 101, 101, 99, 104, 70, 101, 97, 116, 117, 114, 101, 86, 97, 108, 117, 101, 64, 99, 100, 99, 48, 98, 101, 51, 57, 55, 49, 53, 48, 53, 100, 50, 102, 101, 56, 48, 100, 57, 52, 56, 56, 56, 99, 49, 101, 54, 100, 98, 57, 100, 55, 101, 57, 100, 100, 57, 50, 55, 51, 53, 101, 53, 98, 101, 51, 101, 52, 55, 100, 48, 53, 56, 57, 49, 53, 97, 53, 53, 49, 100, 55, 5, 0, 0, 0, 7, 0, 0, 0, 98, 111, 111, 108, 101, 97, 110, 0, 10, 0, 0, 0, 118, 97, 108, 117, 101, 47, 98, 111, 111, 108, 8, 0, 0, 0, 99, 97, 116, 101, 103, 111, 114, 121, 0, 10, 0, 0, 0, 118, 97, 108, 117, 101, 47, 116, 101, 120, 116, 6, 0, 0, 0, 110, 117, 109, 98, 101, 114, 0, 22, 0, 0, 0, 118, 97, 108, 117, 101, 47, 105, 101, 101, 101, 55, 53, 52, 45, 98, 105, 110, 97, 114, 121, 54, 52, 4, 0, 0, 0, 116, 101, 120, 116, 0, 10, 0, 0, 0, 118, 97, 108, 117, 101, 47, 116, 101, 120, 116, 6, 0, 0, 0, 118, 101, 99, 116, 111, 114, 4, 1, 0, 8, 0, 0, 22, 0, 0, 0, 118, 97, 108, 117, 101, 47, 105, 101, 101, 101, 55, 53, 52, 45, 98, 105, 110, 97, 114, 121, 51, 50, 14, 0, 0, 0, 110, 111, 116, 95, 97, 112, 112, 108, 105, 99, 97, 98, 108, 101, 0, 10, 0, 0, 0, 118, 97, 108, 117, 101, 47, 117, 110, 105, 116, 7, 0, 0, 0, 117, 110, 107, 110, 111, 119, 110, 0, 10, 0, 0, 0, 118, 97, 108, 117, 101, 47, 117, 110, 105, 116, 11, 0, 0, 0, 117, 110, 115, 112, 101, 99, 105, 102, 105, 101, 100, 0, 10, 0, 0, 0, 118, 97, 108, 117, 101, 47, 117, 110, 105, 116, 8, 0, 0, 0, 118, 97, 114, 105, 97, 98, 108, 101, 4, 1, 0, 4, 0, 3, 88, 0, 0, 0, 116, 121, 112, 101, 47, 83, 112, 101, 101, 99, 104, 70, 101, 97, 116, 117, 114, 101, 86, 97, 108, 117, 101, 64, 99, 100, 99, 48, 98, 101, 51, 57, 55, 49, 53, 48, 53, 100, 50, 102, 101, 56, 48, 100, 57, 52, 56, 56, 56, 99, 49, 101, 54, 100, 98, 57, 100, 55, 101, 57, 100, 100, 57, 50, 55, 51, 53, 101, 53, 98, 101, 51, 101, 52, 55, 100, 48, 53, 56, 57, 49, 53, 97, 53, 53, 49, 100, 55, 5, 0, 0, 0, 7, 0, 0, 0, 98, 111, 111, 108, 101, 97, 110, 0, 10, 0, 0, 0, 118, 97, 108, 117, 101, 47, 98, 111, 111, 108, 8, 0, 0, 0, 99, 97, 116, 101, 103, 111, 114, 121, 0, 10, 0, 0, 0, 118, 97, 108, 117, 101, 47, 116, 101, 120, 116, 6, 0, 0, 0, 110, 117, 109, 98, 101, 114, 0, 22, 0, 0, 0, 118, 97, 108, 117, 101, 47, 105, 101, 101, 101, 55, 53, 52, 45, 98, 105, 110, 97, 114, 121, 54, 52, 4, 0, 0, 0, 116, 101, 120, 116, 0, 10, 0, 0, 0, 118, 97, 108, 117, 101, 47, 116, 101, 120, 116, 6, 0, 0, 0, 118, 101, 99, 116, 111, 114, 4, 1, 0, 8, 0, 0, 22, 0, 0, 0, 118, 97, 108, 117, 101, 47, 105, 101, 101, 101, 55, 53, 52, 45, 98, 105, 110, 97, 114, 121, 51, 50, 5, 0, 0, 0, 112, 104, 111, 110, 101, 5, 77, 0, 0, 0, 116, 121, 112, 101, 47, 80, 104, 111, 110, 101, 73, 100, 64, 101, 100, 102, 97, 48, 97, 101, 98, 54, 55, 50, 48, 99, 54, 54, 52, 54, 97, 50, 97, 56, 49, 99, 99, 99, 56, 54, 57, 98, 51, 52, 97, 98, 54, 53, 100, 97, 57, 101, 99, 102, 50, 52, 102, 99, 48, 99, 48, 97, 55, 48, 48, 57, 101, 49, 50, 53, 99, 98, 55, 102, 53, 57, 98, 0, 10, 0, 0, 0, 118, 97, 108, 117, 101, 47, 116, 101, 120, 116, 7, 0, 0, 0, 112, 104, 111, 110, 101, 109, 101, 5, 79, 0, 0, 0, 116, 121, 112, 101, 47, 80, 104, 111, 110, 101, 109, 101, 73, 100, 64, 57, 99, 49, 49, 50, 51, 99, 102, 102, 102, 51, 57, 53, 99, 53, 48, 51, 102, 48, 54, 55, 54, 57, 100, 55, 54, 52, 98, 100, 100, 52, 57, 99, 50, 51, 97, 51, 57, 97, 50, 51, 98, 99, 98, 52, 54, 97, 99, 50, 52, 54, 48, 56, 99, 57, 97, 52, 53, 99, 99, 50, 102, 101, 51, 0, 10, 0, 0, 0, 118, 97, 108, 117, 101, 47, 116, 101, 120, 116, 16, 0, 0, 0, 112, 114, 111, 115, 111, 100, 105, 99, 95, 99, 111, 110, 116, 101, 120, 116, 3, 104, 0, 0, 0, 116, 121, 112, 101, 47, 83, 112, 101, 101, 99, 104, 80, 114, 111, 115, 111, 100, 105, 99, 67, 111, 110, 116, 101, 120, 116, 83, 112, 101, 99, 105, 102, 105, 99, 97, 116, 105, 111, 110, 64, 101, 53, 57, 99, 97, 54, 48, 55, 99, 101, 100, 100, 97, 97, 50, 57, 48, 98, 100, 54, 54, 98, 52, 55, 53, 51, 101, 51, 50, 102, 99, 98, 54, 99, 98, 52, 102, 97, 57, 48, 50, 53, 53, 52, 102, 51, 102, 97, 53, 102, 57, 50, 53, 54, 48, 97, 54, 51, 102, 48, 54, 48, 48, 52, 6, 0, 0, 0, 8, 0, 0, 0, 103, 114, 97, 100, 105, 101, 110, 116, 2, 113, 0, 0, 0, 116, 121, 112, 101, 47, 83, 112, 101, 101, 99, 104, 71, 114, 97, 100, 105, 101, 110, 116, 73, 110, 115, 116, 97, 110, 116, 105, 97, 116, 105, 111, 110, 56, 49, 53, 50, 50, 98, 100, 53, 52, 99, 57, 49, 100, 56, 48, 97, 64, 56, 53, 55, 57, 100, 102, 52, 98, 53, 102, 56, 57, 99, 54, 48, 99, 100, 100, 99, 101, 55, 98, 101, 101, 52, 98, 48, 98, 100, 97, 53, 100, 56, 55, 56, 99, 55, 97, 52, 100, 99, 54, 49, 57, 48, 98, 53, 102, 97, 48, 102, 56, 50, 54, 56, 49, 50, 53, 99, 100, 52, 53, 102, 102, 2, 0, 0, 0, 10, 0, 0, 0, 99, 111, 110, 102, 105, 100, 101, 110, 99, 101, 5, 86, 0, 0, 0, 116, 121, 112, 101, 47, 83, 112, 101, 101, 99, 104, 67, 111, 110, 102, 105, 100, 101, 110, 99, 101, 64, 56, 48, 48, 56, 101, 48, 57, 56, 101, 56, 99, 98, 55, 50, 54, 56, 50, 56, 48, 97, 54, 54, 101, 50, 102, 55, 97, 97, 52, 57, 55, 50, 55, 55, 50, 100, 48, 48, 97, 51, 97, 57, 102, 98, 102, 98, 100, 98, 53, 56, 48, 57, 99, 56, 55, 98, 53, 98, 100, 54, 102, 98, 57, 56, 0, 22, 0, 0, 0, 118, 97, 108, 117, 101, 47, 105, 101, 101, 101, 55, 53, 52, 45, 98, 105, 110, 97, 114, 121, 51, 50, 5, 0, 0, 0, 118, 97, 108, 117, 101, 3, 91, 0, 0, 0, 116, 121, 112, 101, 47, 83, 112, 101, 101, 99, 104, 80, 114, 111, 115, 111, 100, 105, 99, 67, 111, 110, 116, 101, 120, 116, 64, 97, 99, 50, 52, 49, 100, 97, 101, 55, 55, 51, 55, 51, 98, 49, 56, 48, 99, 100, 101, 56, 55, 48, 100, 49, 54, 55, 52, 48, 51, 57, 54, 102, 99, 54, 101, 55, 53, 49, 48, 100, 53, 98, 50, 50, 101, 53, 50, 55, 49, 49, 101, 100, 100, 56, 50, 54, 52, 54, 98, 97, 54, 98, 102, 9, 0, 0, 0, 14, 0, 0, 0, 99, 97, 114, 101, 102, 117, 108, 95, 115, 112, 101, 101, 99, 104, 0, 10, 0, 0, 0, 118, 97, 108, 117, 101, 47, 117, 110, 105, 116, 12, 0, 0, 0, 100, 101, 101, 109, 112, 104, 97, 115, 105, 122, 101, 100, 0, 10, 0, 0, 0, 118, 97, 108, 117, 101, 47, 117, 110, 105, 116, 10, 0, 0, 0, 101, 109, 112, 104, 97, 115, 105, 122, 101, 100, 0, 10, 0, 0, 0, 118, 97, 108, 117, 101, 47, 117, 110, 105, 116, 11, 0, 0, 0, 102, 97, 115, 116, 95, 115, 112, 101, 101, 99, 104, 0, 10, 0, 0, 0, 118, 97, 108, 117, 101, 47, 117, 110, 105, 116, 12, 0, 0, 0, 112, 104, 114, 97, 115, 101, 95, 102, 105, 110, 97, 108, 0, 10, 0, 0, 0, 118, 97, 108, 117, 101, 47, 117, 110, 105, 116, 14, 0, 0, 0, 112, 104, 114, 97, 115, 101, 95, 105, 110, 105, 116, 105, 97, 108, 0, 10, 0, 0, 0, 118, 97, 108, 117, 101, 47, 117, 110, 105, 116, 13, 0, 0, 0, 112, 104, 114, 97, 115, 101, 95, 109, 101, 100, 105, 97, 108, 0, 10, 0, 0, 0, 118, 97, 108, 117, 101, 47, 117, 110, 105, 116, 10, 0, 0, 0, 116, 117, 114, 110, 95, 102, 105, 110, 97, 108, 0, 10, 0, 0, 0, 118, 97, 108, 117, 101, 47, 117, 110, 105, 116, 12, 0, 0, 0, 116, 117, 114, 110, 95, 105, 110, 105, 116, 105, 97, 108, 0, 10, 0, 0, 0, 118, 97, 108, 117, 101, 47, 117, 110, 105, 116, 5, 0, 0, 0, 107, 110, 111, 119, 110, 3, 91, 0, 0, 0, 116, 121, 112, 101, 47, 83, 112, 101, 101, 99, 104, 80, 114, 111, 115, 111, 100, 105, 99, 67, 111, 110, 116, 101, 120, 116, 64, 97, 99, 50, 52, 49, 100, 97, 101, 55, 55, 51, 55, 51, 98, 49, 56, 48, 99, 100, 101, 56, 55, 48, 100, 49, 54, 55, 52, 48, 51, 57, 54, 102, 99, 54, 101, 55, 53, 49, 48, 100, 53, 98, 50, 50, 101, 53, 50, 55, 49, 49, 101, 100, 100, 56, 50, 54, 52, 54, 98, 97, 54, 98, 102, 9, 0, 0, 0, 14, 0, 0, 0, 99, 97, 114, 101, 102, 117, 108, 95, 115, 112, 101, 101, 99, 104, 0, 10, 0, 0, 0, 118, 97, 108, 117, 101, 47, 117, 110, 105, 116, 12, 0, 0, 0, 100, 101, 101, 109, 112, 104, 97, 115, 105, 122, 101, 100, 0, 10, 0, 0, 0, 118, 97, 108, 117, 101, 47, 117, 110, 105, 116, 10, 0, 0, 0, 101, 109, 112, 104, 97, 115, 105, 122, 101, 100, 0, 10, 0, 0, 0, 118, 97, 108, 117, 101, 47, 117, 110, 105, 116, 11, 0, 0, 0, 102, 97, 115, 116, 95, 115, 112, 101, 101, 99, 104, 0, 10, 0, 0, 0, 118, 97, 108, 117, 101, 47, 117, 110, 105, 116, 12, 0, 0, 0, 112, 104, 114, 97, 115, 101, 95, 102, 105, 110, 97, 108, 0, 10, 0, 0, 0, 118, 97, 108, 117, 101, 47, 117, 110, 105, 116, 14, 0, 0, 0, 112, 104, 114, 97, 115, 101, 95, 105, 110, 105, 116, 105, 97, 108, 0, 10, 0, 0, 0, 118, 97, 108, 117, 101, 47, 117, 110, 105, 116, 13, 0, 0, 0, 112, 104, 114, 97, 115, 101, 95, 109, 101, 100, 105, 97, 108, 0, 10, 0, 0, 0, 118, 97, 108, 117, 101, 47, 117, 110, 105, 116, 10, 0, 0, 0, 116, 117, 114, 110, 95, 102, 105, 110, 97, 108, 0, 10, 0, 0, 0, 118, 97, 108, 117, 101, 47, 117, 110, 105, 116, 12, 0, 0, 0, 116, 117, 114, 110, 95, 105, 110, 105, 116, 105, 97, 108, 0, 10, 0, 0, 0, 118, 97, 108, 117, 101, 47, 117, 110, 105, 116, 14, 0, 0, 0, 110, 111, 116, 95, 97, 112, 112, 108, 105, 99, 97, 98, 108, 101, 0, 10, 0, 0, 0, 118, 97, 108, 117, 101, 47, 117, 110, 105, 116, 7, 0, 0, 0, 117, 110, 107, 110, 111, 119, 110, 0, 10, 0, 0, 0, 118, 97, 108, 117, 101, 47, 117, 110, 105, 116, 11, 0, 0, 0, 117, 110, 115, 112, 101, 99, 105, 102, 105, 101, 100, 0, 10, 0, 0, 0, 118, 97, 108, 117, 101, 47, 117, 110, 105, 116, 8, 0, 0, 0, 118, 97, 114, 105, 97, 98, 108, 101, 4, 1, 0, 4, 0, 3, 91, 0, 0, 0, 116, 121, 112, 101, 47, 83, 112, 101, 101, 99, 104, 80, 114, 111, 115, 111, 100, 105, 99, 67, 111, 110, 116, 101, 120, 116, 64, 97, 99, 50, 52, 49, 100, 97, 101, 55, 55, 51, 55, 51, 98, 49, 56, 48, 99, 100, 101, 56, 55, 48, 100, 49, 54, 55, 52, 48, 51, 57, 54, 102, 99, 54, 101, 55, 53, 49, 48, 100, 53, 98, 50, 50, 101, 53, 50, 55, 49, 49, 101, 100, 100, 56, 50, 54, 52, 54, 98, 97, 54, 98, 102, 9, 0, 0, 0, 14, 0, 0, 0, 99, 97, 114, 101, 102, 117, 108, 95, 115, 112, 101, 101, 99, 104, 0, 10, 0, 0, 0, 118, 97, 108, 117, 101, 47, 117, 110, 105, 116, 12, 0, 0, 0, 100, 101, 101, 109, 112, 104, 97, 115, 105, 122, 101, 100, 0, 10, 0, 0, 0, 118, 97, 108, 117, 101, 47, 117, 110, 105, 116, 10, 0, 0, 0, 101, 109, 112, 104, 97, 115, 105, 122, 101, 100, 0, 10, 0, 0, 0, 118, 97, 108, 117, 101, 47, 117, 110, 105, 116, 11, 0, 0, 0, 102, 97, 115, 116, 95, 115, 112, 101, 101, 99, 104, 0, 10, 0, 0, 0, 118, 97, 108, 117, 101, 47, 117, 110, 105, 116, 12, 0, 0, 0, 112, 104, 114, 97, 115, 101, 95, 102, 105, 110, 97, 108, 0, 10, 0, 0, 0, 118, 97, 108, 117, 101, 47, 117, 110, 105, 116, 14, 0, 0, 0, 112, 104, 114, 97, 115, 101, 95, 105, 110, 105, 116, 105, 97, 108, 0, 10, 0, 0, 0, 118, 97, 108, 117, 101, 47, 117, 110, 105, 116, 13, 0, 0, 0, 112, 104, 114, 97, 115, 101, 95, 109, 101, 100, 105, 97, 108, 0, 10, 0, 0, 0, 118, 97, 108, 117, 101, 47, 117, 110, 105, 116, 10, 0, 0, 0, 116, 117, 114, 110, 95, 102, 105, 110, 97, 108, 0, 10, 0, 0, 0, 118, 97, 108, 117, 101, 47, 117, 110, 105, 116, 12, 0, 0, 0, 116, 117, 114, 110, 95, 105, 110, 105, 116, 105, 97, 108, 0, 10, 0, 0, 0, 118, 97, 108, 117, 101, 47, 117, 110, 105, 116, 14, 0, 0, 0, 115, 116, 114, 101, 115, 115, 95, 99, 111, 110, 116, 101, 120, 116, 3, 89, 0, 0, 0, 116, 121, 112, 101, 47, 83, 116, 114, 101, 115, 115, 83, 112, 101, 99, 105, 102, 105, 99, 97, 116, 105, 111, 110, 64, 97, 50, 51, 101, 100, 55, 51, 54, 55, 51, 102, 56, 50, 49, 99, 56, 101, 98, 48, 54, 100, 102, 50, 51, 54, 51, 56, 100, 53, 101, 56, 56, 102, 98, 102, 51, 57, 101, 98, 48, 98, 57, 102, 54, 57, 52, 55, 102, 101, 102, 97, 52, 100, 56, 50, 100, 48, 54, 56, 52, 55, 99, 51, 52, 6, 0, 0, 0, 8, 0, 0, 0, 103, 114, 97, 100, 105, 101, 110, 116, 2, 113, 0, 0, 0, 116, 121, 112, 101, 47, 83, 112, 101, 101, 99, 104, 71, 114, 97, 100, 105, 101, 110, 116, 73, 110, 115, 116, 97, 110, 116, 105, 97, 116, 105, 111, 110, 48, 56, 49, 99, 53, 49, 101, 50, 53, 50, 48, 49, 102, 100, 99, 49, 64, 49, 51, 102, 53, 101, 51, 51, 56, 53, 102, 102, 51, 99, 54, 49, 49, 51, 57, 57, 97, 56, 50, 100, 99, 99, 55, 56, 100, 97, 99, 98, 50, 48, 97, 101, 56, 97, 99, 53, 100, 102, 56, 54, 51, 48, 48, 52, 49, 54, 101, 102, 51, 51, 48, 51, 51, 55, 102, 49, 97, 54, 51, 49, 51, 2, 0, 0, 0, 10, 0, 0, 0, 99, 111, 110, 102, 105, 100, 101, 110, 99, 101, 5, 86, 0, 0, 0, 116, 121, 112, 101, 47, 83, 112, 101, 101, 99, 104, 67, 111, 110, 102, 105, 100, 101, 110, 99, 101, 64, 56, 48, 48, 56, 101, 48, 57, 56, 101, 56, 99, 98, 55, 50, 54, 56, 50, 56, 48, 97, 54, 54, 101, 50, 102, 55, 97, 97, 52, 57, 55, 50, 55, 55, 50, 100, 48, 48, 97, 51, 97, 57, 102, 98, 102, 98, 100, 98, 53, 56, 48, 57, 99, 56, 55, 98, 53, 98, 100, 54, 102, 98, 57, 56, 0, 22, 0, 0, 0, 118, 97, 108, 117, 101, 47, 105, 101, 101, 101, 55, 53, 52, 45, 98, 105, 110, 97, 114, 121, 51, 50, 5, 0, 0, 0, 118, 97, 108, 117, 101, 3, 82, 0, 0, 0, 116, 121, 112, 101, 47, 83, 112, 101, 101, 99, 104, 83, 116, 114, 101, 115, 115, 64, 99, 101, 51, 50, 50, 98, 50, 100, 50, 49, 55, 56, 99, 48, 51, 48, 49, 101, 55, 98, 49, 49, 51, 48, 52, 101, 48, 50, 53, 51, 52, 97, 57, 57, 56, 57, 98, 55, 102, 50, 54, 102, 52, 57, 101, 102, 101, 57, 57, 48, 50, 54, 52, 57, 53, 51, 97, 99, 56, 55, 101, 100, 98, 52, 4, 0, 0, 0, 7, 0, 0, 0, 112, 114, 105, 109, 97, 114, 121, 0, 10, 0, 0, 0, 118, 97, 108, 117, 101, 47, 117, 110, 105, 116, 7, 0, 0, 0, 114, 101, 100, 117, 99, 101, 100, 0, 10, 0, 0, 0, 118, 97, 108, 117, 101, 47, 117, 110, 105, 116, 9, 0, 0, 0, 115, 101, 99, 111, 110, 100, 97, 114, 121, 0, 10, 0, 0, 0, 118, 97, 108, 117, 101, 47, 117, 110, 105, 116, 10, 0, 0, 0, 117, 110, 115, 116, 114, 101, 115, 115, 101, 100, 0, 10, 0, 0, 0, 118, 97, 108, 117, 101, 47, 117, 110, 105, 116, 5, 0, 0, 0, 107, 110, 111, 119, 110, 3, 82, 0, 0, 0, 116, 121, 112, 101, 47, 83, 112, 101, 101, 99, 104, 83, 116, 114, 101, 115, 115, 64, 99, 101, 51, 50, 50, 98, 50, 100, 50, 49, 55, 56, 99, 48, 51, 48, 49, 101, 55, 98, 49, 49, 51, 48, 52, 101, 48, 50, 53, 51, 52, 97, 57, 57, 56, 57, 98, 55, 102, 50, 54, 102, 52, 57, 101, 102, 101, 57, 57, 48, 50, 54, 52, 57, 53, 51, 97, 99, 56, 55, 101, 100, 98, 52, 4, 0, 0, 0, 7, 0, 0, 0, 112, 114, 105, 109, 97, 114, 121, 0, 10, 0, 0, 0, 118, 97, 108, 117, 101, 47, 117, 110, 105, 116, 7, 0, 0, 0, 114, 101, 100, 117, 99, 101, 100, 0, 10, 0, 0, 0, 118, 97, 108, 117, 101, 47, 117, 110, 105, 116, 9, 0, 0, 0, 115, 101, 99, 111, 110, 100, 97, 114, 121, 0, 10, 0, 0, 0, 118, 97, 108, 117, 101, 47, 117, 110, 105, 116, 10, 0, 0, 0, 117, 110, 115, 116, 114, 101, 115, 115, 101, 100, 0, 10, 0, 0, 0, 118, 97, 108, 117, 101, 47, 117, 110, 105, 116, 14, 0, 0, 0, 110, 111, 116, 95, 97, 112, 112, 108, 105, 99, 97, 98, 108, 101, 0, 10, 0, 0, 0, 118, 97, 108, 117, 101, 47, 117, 110, 105, 116, 7, 0, 0, 0, 117, 110, 107, 110, 111, 119, 110, 0, 10, 0, 0, 0, 118, 97, 108, 117, 101, 47, 117, 110, 105, 116, 11, 0, 0, 0, 117, 110, 115, 112, 101, 99, 105, 102, 105, 101, 100, 0, 10, 0, 0, 0, 118, 97, 108, 117, 101, 47, 117, 110, 105, 116, 8, 0, 0, 0, 118, 97, 114, 105, 97, 98, 108, 101, 4, 1, 0, 4, 0, 3, 82, 0, 0, 0, 116, 121, 112, 101, 47, 83, 112, 101, 101, 99, 104, 83, 116, 114, 101, 115, 115, 64, 99, 101, 51, 50, 50, 98, 50, 100, 50, 49, 55, 56, 99, 48, 51, 48, 49, 101, 55, 98, 49, 49, 51, 48, 52, 101, 48, 50, 53, 51, 52, 97, 57, 57, 56, 57, 98, 55, 102, 50, 54, 102, 52, 57, 101, 102, 101, 57, 57, 48, 50, 54, 52, 57, 53, 51, 97, 99, 56, 55, 101, 100, 98, 52, 4, 0, 0, 0, 7, 0, 0, 0, 112, 114, 105, 109, 97, 114, 121, 0, 10, 0, 0, 0, 118, 97, 108, 117, 101, 47, 117, 110, 105, 116, 7, 0, 0, 0, 114, 101, 100, 117, 99, 101, 100, 0, 10, 0, 0, 0, 118, 97, 108, 117, 101, 47, 117, 110, 105, 116, 9, 0, 0, 0, 115, 101, 99, 111, 110, 100, 97, 114, 121, 0, 10, 0, 0, 0, 118, 97, 108, 117, 101, 47, 117, 110, 105, 116, 10, 0, 0, 0, 117, 110, 115, 116, 114, 101, 115, 115, 101, 100, 0, 10, 0, 0, 0, 118, 97, 108, 117, 101, 47, 117, 110, 105, 116, 17, 0, 0, 0, 115, 121, 108, 108, 97, 98, 108, 101, 95, 112, 111, 115, 105, 116, 105, 111, 110, 3, 105, 0, 0, 0, 116, 121, 112, 101, 47, 83, 112, 101, 101, 99, 104, 83, 121, 108, 108, 97, 98, 108, 101, 80, 111, 115, 105, 116, 105, 111, 110, 83, 112, 101, 99, 105, 102, 105, 99, 97, 116, 105, 111, 110, 64, 99, 52, 100, 52, 55, 49, 50, 49, 102, 49, 56, 98, 55, 56, 49, 52, 49, 48, 48, 52, 55, 49, 54, 51, 101, 99, 98, 56, 56, 55, 101, 99, 48, 53, 101, 51, 100, 53, 48, 52, 97, 56, 101, 98, 50, 49, 102, 57, 52, 97, 54, 51, 51, 48, 97, 51, 51, 49, 48, 55, 101, 53, 52, 99, 6, 0, 0, 0, 8, 0, 0, 0, 103, 114, 97, 100, 105, 101, 110, 116, 2, 113, 0, 0, 0, 116, 121, 112, 101, 47, 83, 112, 101, 101, 99, 104, 71, 114, 97, 100, 105, 101, 110, 116, 73, 110, 115, 116, 97, 110, 116, 105, 97, 116, 105, 111, 110, 57, 54, 98, 52, 54, 99, 101, 52, 52, 98, 98, 102, 56, 57, 101, 102, 64, 56, 50, 97, 54, 54, 101, 98, 99, 48, 56, 101, 51, 49, 101, 55, 51, 49, 49, 98, 98, 99, 54, 101, 52, 51, 52, 97, 51, 52, 51, 97, 100, 57, 56, 55, 54, 54, 100, 51, 99, 99, 102, 56, 98, 98, 54, 50, 101, 100, 54, 101, 55, 57, 98, 97, 57, 53, 55, 101, 97, 55, 101, 48, 101, 2, 0, 0, 0, 10, 0, 0, 0, 99, 111, 110, 102, 105, 100, 101, 110, 99, 101, 5, 86, 0, 0, 0, 116, 121, 112, 101, 47, 83, 112, 101, 101, 99, 104, 67, 111, 110, 102, 105, 100, 101, 110, 99, 101, 64, 56, 48, 48, 56, 101, 48, 57, 56, 101, 56, 99, 98, 55, 50, 54, 56, 50, 56, 48, 97, 54, 54, 101, 50, 102, 55, 97, 97, 52, 57, 55, 50, 55, 55, 50, 100, 48, 48, 97, 51, 97, 57, 102, 98, 102, 98, 100, 98, 53, 56, 48, 57, 99, 56, 55, 98, 53, 98, 100, 54, 102, 98, 57, 56, 0, 22, 0, 0, 0, 118, 97, 108, 117, 101, 47, 105, 101, 101, 101, 55, 53, 52, 45, 98, 105, 110, 97, 114, 121, 51, 50, 5, 0, 0, 0, 118, 97, 108, 117, 101, 3, 92, 0, 0, 0, 116, 121, 112, 101, 47, 83, 112, 101, 101, 99, 104, 83, 121, 108, 108, 97, 98, 108, 101, 80, 111, 115, 105, 116, 105, 111, 110, 64, 98, 97, 49, 100, 48, 99, 57, 102, 99, 98, 102, 98, 53, 99, 53, 98, 55, 57, 99, 98, 50, 56, 57, 54, 56, 55, 97, 56, 97, 49, 98, 98, 53, 52, 48, 50, 99, 53, 101, 53, 49, 51, 102, 48, 102, 52, 97, 55, 54, 52, 57, 55, 97, 52, 99, 97, 98, 97, 52, 52, 101, 49, 52, 50, 3, 0, 0, 0, 4, 0, 0, 0, 99, 111, 100, 97, 0, 10, 0, 0, 0, 118, 97, 108, 117, 101, 47, 117, 110, 105, 116, 7, 0, 0, 0, 110, 117, 99, 108, 101, 117, 115, 0, 10, 0, 0, 0, 118, 97, 108, 117, 101, 47, 117, 110, 105, 116, 5, 0, 0, 0, 111, 110, 115, 101, 116, 0, 10, 0, 0, 0, 118, 97, 108, 117, 101, 47, 117, 110, 105, 116, 5, 0, 0, 0, 107, 110, 111, 119, 110, 3, 92, 0, 0, 0, 116, 121, 112, 101, 47, 83, 112, 101, 101, 99, 104, 83, 121, 108, 108, 97, 98, 108, 101, 80, 111, 115, 105, 116, 105, 111, 110, 64, 98, 97, 49, 100, 48, 99, 57, 102, 99, 98, 102, 98, 53, 99, 53, 98, 55, 57, 99, 98, 50, 56, 57, 54, 56, 55, 97, 56, 97, 49, 98, 98, 53, 52, 48, 50, 99, 53, 101, 53, 49, 51, 102, 48, 102, 52, 97, 55, 54, 52, 57, 55, 97, 52, 99, 97, 98, 97, 52, 52, 101, 49, 52, 50, 3, 0, 0, 0, 4, 0, 0, 0, 99, 111, 100, 97, 0, 10, 0, 0, 0, 118, 97, 108, 117, 101, 47, 117, 110, 105, 116, 7, 0, 0, 0, 110, 117, 99, 108, 101, 117, 115, 0, 10, 0, 0, 0, 118, 97, 108, 117, 101, 47, 117, 110, 105, 116, 5, 0, 0, 0, 111, 110, 115, 101, 116, 0, 10, 0, 0, 0, 118, 97, 108, 117, 101, 47, 117, 110, 105, 116, 14, 0, 0, 0, 110, 111, 116, 95, 97, 112, 112, 108, 105, 99, 97, 98, 108, 101, 0, 10, 0, 0, 0, 118, 97, 108, 117, 101, 47, 117, 110, 105, 116, 7, 0, 0, 0, 117, 110, 107, 110, 111, 119, 110, 0, 10, 0, 0, 0, 118, 97, 108, 117, 101, 47, 117, 110, 105, 116, 11, 0, 0, 0, 117, 110, 115, 112, 101, 99, 105, 102, 105, 101, 100, 0, 10, 0, 0, 0, 118, 97, 108, 117, 101, 47, 117, 110, 105, 116, 8, 0, 0, 0, 118, 97, 114, 105, 97, 98, 108, 101, 4, 1, 0, 4, 0, 3, 92, 0, 0, 0, 116, 121, 112, 101, 47, 83, 112, 101, 101, 99, 104, 83, 121, 108, 108, 97, 98, 108, 101, 80, 111, 115, 105, 116, 105, 111, 110, 64, 98, 97, 49, 100, 48, 99, 57, 102, 99, 98, 102, 98, 53, 99, 53, 98, 55, 57, 99, 98, 50, 56, 57, 54, 56, 55, 97, 56, 97, 49, 98, 98, 53, 52, 48, 50, 99, 53, 101, 53, 49, 51, 102, 48, 102, 52, 97, 55, 54, 52, 57, 55, 97, 52, 99, 97, 98, 97, 52, 52, 101, 49, 52, 50, 3, 0, 0, 0, 4, 0, 0, 0, 99, 111, 100, 97, 0, 10, 0, 0, 0, 118, 97, 108, 117, 101, 47, 117, 110, 105, 116, 7, 0, 0, 0, 110, 117, 99, 108, 101, 117, 115, 0, 10, 0, 0, 0, 118, 97, 108, 117, 101, 47, 117, 110, 105, 116, 5, 0, 0, 0, 111, 110, 115, 101, 116, 0, 10, 0, 0, 0, 118, 97, 108, 117, 101, 47, 117, 110, 105, 116, 13, 0, 0, 0, 119, 111, 114, 100, 95, 112, 111, 115, 105, 116, 105, 111, 110, 3, 97, 0, 0, 0, 116, 121, 112, 101, 47, 83, 112, 101, 101, 99, 104, 80, 111, 115, 105, 116, 105, 111, 110, 83, 112, 101, 99, 105, 102, 105, 99, 97, 116, 105, 111, 110, 64, 48, 50, 55, 99, 52, 54, 101, 101, 55, 52, 56, 97, 51, 97, 99, 53, 48, 99, 57, 97, 51, 57, 50, 57, 51, 102, 99, 56, 53, 52, 56, 52, 51, 99, 97, 49, 56, 57, 53, 55, 53, 102, 50, 55, 97, 50, 56, 54, 53, 51, 56, 51, 98, 51, 53, 98, 51, 56, 52, 48, 57, 99, 98, 50, 6, 0, 0, 0, 8, 0, 0, 0, 103, 114, 97, 100, 105, 101, 110, 116, 2, 113, 0, 0, 0, 116, 121, 112, 101, 47, 83, 112, 101, 101, 99, 104, 71, 114, 97, 100, 105, 101, 110, 116, 73, 110, 115, 116, 97, 110, 116, 105, 97, 116, 105, 111, 110, 56, 49, 97, 99, 52, 52, 56, 100, 54, 57, 57, 55, 49, 98, 57, 53, 64, 102, 50, 50, 102, 97, 99, 56, 100, 102, 101, 50, 98, 49, 97, 99, 102, 50, 97, 99, 99, 100, 51, 51, 57, 54, 56, 51, 99, 48, 101, 48, 98, 54, 52, 57, 100, 53, 54, 55, 53, 101, 56, 101, 53, 52, 97, 97, 97, 52, 56, 57, 98, 48, 97, 48, 53, 99, 99, 97, 52, 55, 54, 54, 53, 2, 0, 0, 0, 10, 0, 0, 0, 99, 111, 110, 102, 105, 100, 101, 110, 99, 101, 5, 86, 0, 0, 0, 116, 121, 112, 101, 47, 83, 112, 101, 101, 99, 104, 67, 111, 110, 102, 105, 100, 101, 110, 99, 101, 64, 56, 48, 48, 56, 101, 48, 57, 56, 101, 56, 99, 98, 55, 50, 54, 56, 50, 56, 48, 97, 54, 54, 101, 50, 102, 55, 97, 97, 52, 57, 55, 50, 55, 55, 50, 100, 48, 48, 97, 51, 97, 57, 102, 98, 102, 98, 100, 98, 53, 56, 48, 57, 99, 56, 55, 98, 53, 98, 100, 54, 102, 98, 57, 56, 0, 22, 0, 0, 0, 118, 97, 108, 117, 101, 47, 105, 101, 101, 101, 55, 53, 52, 45, 98, 105, 110, 97, 114, 121, 51, 50, 5, 0, 0, 0, 118, 97, 108, 117, 101, 3, 88, 0, 0, 0, 116, 121, 112, 101, 47, 83, 112, 101, 101, 99, 104, 87, 111, 114, 100, 80, 111, 115, 105, 116, 105, 111, 110, 64, 98, 100, 101, 51, 97, 54, 102, 101, 100, 100, 102, 53, 54, 56, 56, 56, 102, 48, 54, 49, 99, 97, 57, 52, 48, 56, 100, 102, 49, 53, 50, 100, 53, 54, 49, 52, 97, 56, 98, 49, 53, 52, 49, 48, 48, 50, 98, 99, 98, 53, 100, 100, 99, 101, 99, 56, 102, 102, 100, 48, 52, 56, 102, 98, 4, 0, 0, 0, 5, 0, 0, 0, 102, 105, 110, 97, 108, 0, 10, 0, 0, 0, 118, 97, 108, 117, 101, 47, 117, 110, 105, 116, 7, 0, 0, 0, 105, 110, 105, 116, 105, 97, 108, 0, 10, 0, 0, 0, 118, 97, 108, 117, 101, 47, 117, 110, 105, 116, 8, 0, 0, 0, 105, 115, 111, 108, 97, 116, 101, 100, 0, 10, 0, 0, 0, 118, 97, 108, 117, 101, 47, 117, 110, 105, 116, 6, 0, 0, 0, 109, 101, 100, 105, 97, 108, 0, 10, 0, 0, 0, 118, 97, 108, 117, 101, 47, 117, 110, 105, 116, 5, 0, 0, 0, 107, 110, 111, 119, 110, 3, 88, 0, 0, 0, 116, 121, 112, 101, 47, 83, 112, 101, 101, 99, 104, 87, 111, 114, 100, 80, 111, 115, 105, 116, 105, 111, 110, 64, 98, 100, 101, 51, 97, 54, 102, 101, 100, 100, 102, 53, 54, 56, 56, 56, 102, 48, 54, 49, 99, 97, 57, 52, 48, 56, 100, 102, 49, 53, 50, 100, 53, 54, 49, 52, 97, 56, 98, 49, 53, 52, 49, 48, 48, 50, 98, 99, 98, 53, 100, 100, 99, 101, 99, 56, 102, 102, 100, 48, 52, 56, 102, 98, 4, 0, 0, 0, 5, 0, 0, 0, 102, 105, 110, 97, 108, 0, 10, 0, 0, 0, 118, 97, 108, 117, 101, 47, 117, 110, 105, 116, 7, 0, 0, 0, 105, 110, 105, 116, 105, 97, 108, 0, 10, 0, 0, 0, 118, 97, 108, 117, 101, 47, 117, 110, 105, 116, 8, 0, 0, 0, 105, 115, 111, 108, 97, 116, 101, 100, 0, 10, 0, 0, 0, 118, 97, 108, 117, 101, 47, 117, 110, 105, 116, 6, 0, 0, 0, 109, 101, 100, 105, 97, 108, 0, 10, 0, 0, 0, 118, 97, 108, 117, 101, 47, 117, 110, 105, 116, 14, 0, 0, 0, 110, 111, 116, 95, 97, 112, 112, 108, 105, 99, 97, 98, 108, 101, 0, 10, 0, 0, 0, 118, 97, 108, 117, 101, 47, 117, 110, 105, 116, 7, 0, 0, 0, 117, 110, 107, 110, 111, 119, 110, 0, 10, 0, 0, 0, 118, 97, 108, 117, 101, 47, 117, 110, 105, 116, 11, 0, 0, 0, 117, 110, 115, 112, 101, 99, 105, 102, 105, 101, 100, 0, 10, 0, 0, 0, 118, 97, 108, 117, 101, 47, 117, 110, 105, 116, 8, 0, 0, 0, 118, 97, 114, 105, 97, 98, 108, 101, 4, 1, 0, 4, 0, 3, 88, 0, 0, 0, 116, 121, 112, 101, 47, 83, 112, 101, 101, 99, 104, 87, 111, 114, 100, 80, 111, 115, 105, 116, 105, 111, 110, 64, 98, 100, 101, 51, 97, 54, 102, 101, 100, 100, 102, 53, 54, 56, 56, 56, 102, 48, 54, 49, 99, 97, 57, 52, 48, 56, 100, 102, 49, 53, 50, 100, 53, 54, 49, 52, 97, 56, 98, 49, 53, 52, 49, 48, 48, 50, 98, 99, 98, 53, 100, 100, 99, 101, 99, 56, 102, 102, 100, 48, 52, 56, 102, 98, 4, 0, 0, 0, 5, 0, 0, 0, 102, 105, 110, 97, 108, 0, 10, 0, 0, 0, 118, 97, 108, 117, 101, 47, 117, 110, 105, 116, 7, 0, 0, 0, 105, 110, 105, 116, 105, 97, 108, 0, 10, 0, 0, 0, 118, 97, 108, 117, 101, 47, 117, 110, 105, 116, 8, 0, 0, 0, 105, 115, 111, 108, 97, 116, 101, 100, 0, 10, 0, 0, 0, 118, 97, 108, 117, 101, 47, 117, 110, 105, 116, 6, 0, 0, 0, 109, 101, 100, 105, 97, 108, 0, 10, 0, 0, 0, 118, 97, 108, 117, 101, 47, 117, 110, 105, 116, 5, 0, 0, 0, 112, 104, 111, 110, 101, 5, 77, 0, 0, 0, 116, 121, 112, 101, 47, 80, 104, 111, 110, 101, 73, 100, 64, 101, 100, 102, 97, 48, 97, 101, 98, 54, 55, 50, 48, 99, 54, 54, 52, 54, 97, 50, 97, 56, 49, 99, 99, 99, 56, 54, 57, 98, 51, 52, 97, 98, 54, 53, 100, 97, 57, 101, 99, 102, 50, 52, 102, 99, 48, 99, 48, 97, 55, 48, 48, 57, 101, 49, 50, 53, 99, 98, 55, 102, 53, 57, 98, 0, 10, 0, 0, 0, 118, 97, 108, 117, 101, 47, 116, 101, 120, 116, 20, 0, 0, 0, 115, 111, 117, 114, 99, 101, 95, 114, 117, 108, 101, 95, 105, 100, 101, 110, 116, 105, 116, 121, 3, 30, 0, 0, 0, 99, 111, 110, 100, 117, 105, 116, 46, 99, 111, 110, 100, 117, 105, 116, 101, 115, 101, 46, 111, 112, 116, 105, 111, 110, 97, 108, 46, 118, 49, 2, 0, 0, 0, 4, 0, 0, 0, 110, 111, 110, 101, 0, 10, 0, 0, 0, 118, 97, 108, 117, 101, 47, 117, 110, 105, 116, 4, 0, 0, 0, 115, 111, 109, 101, 0, 10, 0, 0, 0, 118, 97, 108, 117, 101, 47, 116, 101, 120, 116, 6, 0, 0, 0, 115, 116, 97, 116, 117, 115, 3, 86, 0, 0, 0, 116, 121, 112, 101, 47, 83, 112, 101, 101, 99, 104, 82, 117, 108, 101, 83, 116, 97, 116, 117, 115, 64, 57, 49, 98, 56, 98, 101, 101, 50, 99, 55, 50, 48, 51, 97, 55, 97, 100, 98, 56, 51, 100, 101, 53, 49, 49, 54, 56, 101, 52, 98, 101, 48, 52, 97, 49, 52, 101, 56, 49, 99, 48, 53, 98, 55, 98, 49, 101, 55, 102, 101, 50, 101, 99, 101, 50, 56, 51, 102, 98, 50, 100, 54, 97, 99, 5, 0, 0, 0, 12, 0, 0, 0, 101, 120, 112, 101, 114, 105, 109, 101, 110, 116, 97, 108, 0, 10, 0, 0, 0, 118, 97, 108, 117, 101, 47, 117, 110, 105, 116, 11, 0, 0, 0, 108, 101, 120, 105, 99, 97, 108, 105, 122, 101, 100, 0, 10, 0, 0, 0, 118, 97, 108, 117, 101, 47, 117, 110, 105, 116, 8, 0, 0, 0, 111, 112, 116, 105, 111, 110, 97, 108, 0, 10, 0, 0, 0, 118, 97, 108, 117, 101, 47, 117, 110, 105, 116, 10, 0, 0, 0, 112, 114, 111, 100, 117, 99, 116, 105, 118, 101, 0, 10, 0, 0, 0, 118, 97, 108, 117, 101, 47, 117, 110, 105, 116, 15, 0, 0, 0, 115, 116, 121, 108, 101, 95, 100, 101, 112, 101, 110, 100, 101, 110, 116, 0, 10, 0, 0, 0, 118, 97, 108, 117, 101, 47, 117, 110, 105, 116, 13, 0, 0, 0, 100, 101, 102, 97, 117, 108, 116, 95, 112, 104, 111, 110, 101, 3, 30, 0, 0, 0, 99, 111, 110, 100, 117, 105, 116, 46, 99, 111, 110, 100, 117, 105, 116, 101, 115, 101, 46, 111, 112, 116, 105, 111, 110, 97, 108, 46, 118, 49, 2, 0, 0, 0, 4, 0, 0, 0, 110, 111, 110, 101, 0, 10, 0, 0, 0, 118, 97, 108, 117, 101, 47, 117, 110, 105, 116, 4, 0, 0, 0, 115, 111, 109, 101, 5, 77, 0, 0, 0, 116, 121, 112, 101, 47, 80, 104, 111, 110, 101, 73, 100, 64, 101, 100, 102, 97, 48, 97, 101, 98, 54, 55, 50, 48, 99, 54, 54, 52, 54, 97, 50, 97, 56, 49, 99, 99, 99, 56, 54, 57, 98, 51, 52, 97, 98, 54, 53, 100, 97, 57, 101, 99, 102, 50, 52, 102, 99, 48, 99, 48, 97, 55, 48, 48, 57, 101, 49, 50, 53, 99, 98, 55, 102, 53, 57, 98, 0, 10, 0, 0, 0, 118, 97, 108, 117, 101, 47, 116, 101, 120, 116, 8, 0, 0, 0, 102, 101, 97, 116, 117, 114, 101, 115, 5, 89, 0, 0, 0, 116, 121, 112, 101, 47, 83, 112, 101, 101, 99, 104, 70, 101, 97, 116, 117, 114, 101, 66, 117, 110, 100, 108, 101, 64, 55, 100, 55, 98, 102, 57, 49, 100, 57, 52, 48, 48, 98, 100, 100, 54, 56, 98, 52, 55, 49, 49, 48, 51, 50, 53, 57, 53, 102, 97, 54, 101, 48, 52, 100, 54, 98, 52, 50, 102, 102, 98, 53, 57, 54, 48, 49, 102, 57, 102, 100, 54, 55, 56, 51, 50, 51, 101, 50, 102, 54, 53, 55, 52, 4, 0, 0, 16, 0, 2, 83, 0, 0, 0, 116, 121, 112, 101, 47, 83, 112, 101, 101, 99, 104, 70, 101, 97, 116, 117, 114, 101, 64, 48, 100, 98, 54, 56, 49, 55, 101, 53, 100, 99, 55, 50, 48, 101, 55, 102, 98, 49, 54, 102, 97, 100, 48, 99, 50, 99, 49, 51, 100, 57, 97, 101, 100, 52, 52, 52, 49, 102, 98, 52, 52, 54, 51, 56, 97, 55, 101, 97, 54, 97, 98, 101, 48, 55, 49, 57, 55, 51, 53, 51, 98, 54, 98, 2, 0, 0, 0, 8, 0, 0, 0, 105, 100, 101, 110, 116, 105, 116, 121, 5, 85, 0, 0, 0, 116, 121, 112, 101, 47, 83, 112, 101, 101, 99, 104, 70, 101, 97, 116, 117, 114, 101, 73, 100, 64, 52, 102, 55, 53, 102, 54, 50, 54, 54, 50, 100, 55, 50, 49, 48, 98, 100, 99, 98, 53, 101, 97, 48, 52, 101, 55, 98, 52, 54, 97, 48, 97, 50, 53, 49, 49, 55, 100, 49, 100, 50, 98, 50, 53, 52, 55, 99, 57, 56, 100, 49, 101, 99, 50, 54, 101, 54, 55, 98, 102, 102, 53, 48, 50, 0, 10, 0, 0, 0, 118, 97, 108, 117, 101, 47, 116, 101, 120, 116, 13, 0, 0, 0, 115, 112, 101, 99, 105, 102, 105, 99, 97, 116, 105, 111, 110, 3, 90, 0, 0, 0, 116, 121, 112, 101, 47, 70, 101, 97, 116, 117, 114, 101, 83, 112, 101, 99, 105, 102, 105, 99, 97, 116, 105, 111, 110, 64, 51, 55, 97, 48, 100, 99, 100, 98, 52, 56, 48, 101, 48, 48, 55, 100, 53, 52, 53, 102, 55, 53, 57, 102, 55, 56, 99, 50, 51, 49, 53, 53, 48, 100, 51, 55, 50, 48, 50, 54, 100, 51, 97, 53, 56, 51, 54, 51, 101, 57, 57, 48, 99, 100, 52, 55, 54, 48, 51, 100, 48, 100, 55, 55, 6, 0, 0, 0, 8, 0, 0, 0, 103, 114, 97, 100, 105, 101, 110, 116, 2, 113, 0, 0, 0, 116, 121, 112, 101, 47, 83, 112, 101, 101, 99, 104, 71, 114, 97, 100, 105, 101, 110, 116, 73, 110, 115, 116, 97, 110, 116, 105, 97, 116, 105, 111, 110, 54, 55, 99, 56, 54, 102, 98, 99, 54, 99, 57, 100, 48, 97, 55, 98, 64, 97, 97, 50, 99, 98, 100, 53, 57, 56, 53, 97, 57, 54, 100, 101, 48, 100, 52, 100, 99, 55, 98, 54, 52, 48, 56, 56, 53, 48, 102, 48, 54, 101, 55, 56, 53, 54, 50, 55, 48, 48, 54, 52, 48, 98, 48, 55, 53, 54, 101, 102, 57, 100, 51, 57, 57, 99, 55, 99, 48, 48, 57, 50, 49, 2, 0, 0, 0, 10, 0, 0, 0, 99, 111, 110, 102, 105, 100, 101, 110, 99, 101, 5, 86, 0, 0, 0, 116, 121, 112, 101, 47, 83, 112, 101, 101, 99, 104, 67, 111, 110, 102, 105, 100, 101, 110, 99, 101, 64, 56, 48, 48, 56, 101, 48, 57, 56, 101, 56, 99, 98, 55, 50, 54, 56, 50, 56, 48, 97, 54, 54, 101, 50, 102, 55, 97, 97, 52, 57, 55, 50, 55, 55, 50, 100, 48, 48, 97, 51, 97, 57, 102, 98, 102, 98, 100, 98, 53, 56, 48, 57, 99, 56, 55, 98, 53, 98, 100, 54, 102, 98, 57, 56, 0, 22, 0, 0, 0, 118, 97, 108, 117, 101, 47, 105, 101, 101, 101, 55, 53, 52, 45, 98, 105, 110, 97, 114, 121, 51, 50, 5, 0, 0, 0, 118, 97, 108, 117, 101, 3, 88, 0, 0, 0, 116, 121, 112, 101, 47, 83, 112, 101, 101, 99, 104, 70, 101, 97, 116, 117, 114, 101, 86, 97, 108, 117, 101, 64, 99, 100, 99, 48, 98, 101, 51, 57, 55, 49, 53, 48, 53, 100, 50, 102, 101, 56, 48, 100, 57, 52, 56, 56, 56, 99, 49, 101, 54, 100, 98, 57, 100, 55, 101, 57, 100, 100, 57, 50, 55, 51, 53, 101, 53, 98, 101, 51, 101, 52, 55, 100, 48, 53, 56, 57, 49, 53, 97, 53, 53, 49, 100, 55, 5, 0, 0, 0, 7, 0, 0, 0, 98, 111, 111, 108, 101, 97, 110, 0, 10, 0, 0, 0, 118, 97, 108, 117, 101, 47, 98, 111, 111, 108, 8, 0, 0, 0, 99, 97, 116, 101, 103, 111, 114, 121, 0, 10, 0, 0, 0, 118, 97, 108, 117, 101, 47, 116, 101, 120, 116, 6, 0, 0, 0, 110, 117, 109, 98, 101, 114, 0, 22, 0, 0, 0, 118, 97, 108, 117, 101, 47, 105, 101, 101, 101, 55, 53, 52, 45, 98, 105, 110, 97, 114, 121, 54, 52, 4, 0, 0, 0, 116, 101, 120, 116, 0, 10, 0, 0, 0, 118, 97, 108, 117, 101, 47, 116, 101, 120, 116, 6, 0, 0, 0, 118, 101, 99, 116, 111, 114, 4, 1, 0, 8, 0, 0, 22, 0, 0, 0, 118, 97, 108, 117, 101, 47, 105, 101, 101, 101, 55, 53, 52, 45, 98, 105, 110, 97, 114, 121, 51, 50, 5, 0, 0, 0, 107, 110, 111, 119, 110, 3, 88, 0, 0, 0, 116, 121, 112, 101, 47, 83, 112, 101, 101, 99, 104, 70, 101, 97, 116, 117, 114, 101, 86, 97, 108, 117, 101, 64, 99, 100, 99, 48, 98, 101, 51, 57, 55, 49, 53, 48, 53, 100, 50, 102, 101, 56, 48, 100, 57, 52, 56, 56, 56, 99, 49, 101, 54, 100, 98, 57, 100, 55, 101, 57, 100, 100, 57, 50, 55, 51, 53, 101, 53, 98, 101, 51, 101, 52, 55, 100, 48, 53, 56, 57, 49, 53, 97, 53, 53, 49, 100, 55, 5, 0, 0, 0, 7, 0, 0, 0, 98, 111, 111, 108, 101, 97, 110, 0, 10, 0, 0, 0, 118, 97, 108, 117, 101, 47, 98, 111, 111, 108, 8, 0, 0, 0, 99, 97, 116, 101, 103, 111, 114, 121, 0, 10, 0, 0, 0, 118, 97, 108, 117, 101, 47, 116, 101, 120, 116, 6, 0, 0, 0, 110, 117, 109, 98, 101, 114, 0, 22, 0, 0, 0, 118, 97, 108, 117, 101, 47, 105, 101, 101, 101, 55, 53, 52, 45, 98, 105, 110, 97, 114, 121, 54, 52, 4, 0, 0, 0, 116, 101, 120, 116, 0, 10, 0, 0, 0, 118, 97, 108, 117, 101, 47, 116, 101, 120, 116, 6, 0, 0, 0, 118, 101, 99, 116, 111, 114, 4, 1, 0, 8, 0, 0, 22, 0, 0, 0, 118, 97, 108, 117, 101, 47, 105, 101, 101, 101, 55, 53, 52, 45, 98, 105, 110, 97, 114, 121, 51, 50, 14, 0, 0, 0, 110, 111, 116, 95, 97, 112, 112, 108, 105, 99, 97, 98, 108, 101, 0, 10, 0, 0, 0, 118, 97, 108, 117, 101, 47, 117, 110, 105, 116, 7, 0, 0, 0, 117, 110, 107, 110, 111, 119, 110, 0, 10, 0, 0, 0, 118, 97, 108, 117, 101, 47, 117, 110, 105, 116, 11, 0, 0, 0, 117, 110, 115, 112, 101, 99, 105, 102, 105, 101, 100, 0, 10, 0, 0, 0, 118, 97, 108, 117, 101, 47, 117, 110, 105, 116, 8, 0, 0, 0, 118, 97, 114, 105, 97, 98, 108, 101, 4, 1, 0, 4, 0, 3, 88, 0, 0, 0, 116, 121, 112, 101, 47, 83, 112, 101, 101, 99, 104, 70, 101, 97, 116, 117, 114, 101, 86, 97, 108, 117, 101, 64, 99, 100, 99, 48, 98, 101, 51, 57, 55, 49, 53, 48, 53, 100, 50, 102, 101, 56, 48, 100, 57, 52, 56, 56, 56, 99, 49, 101, 54, 100, 98, 57, 100, 55, 101, 57, 100, 100, 57, 50, 55, 51, 53, 101, 53, 98, 101, 51, 101, 52, 55, 100, 48, 53, 56, 57, 49, 53, 97, 53, 53, 49, 100, 55, 5, 0, 0, 0, 7, 0, 0, 0, 98, 111, 111, 108, 101, 97, 110, 0, 10, 0, 0, 0, 118, 97, 108, 117, 101, 47, 98, 111, 111, 108, 8, 0, 0, 0, 99, 97, 116, 101, 103, 111, 114, 121, 0, 10, 0, 0, 0, 118, 97, 108, 117, 101, 47, 116, 101, 120, 116, 6, 0, 0, 0, 110, 117, 109, 98, 101, 114, 0, 22, 0, 0, 0, 118, 97, 108, 117, 101, 47, 105, 101, 101, 101, 55, 53, 52, 45, 98, 105, 110, 97, 114, 121, 54, 52, 4, 0, 0, 0, 116, 101, 120, 116, 0, 10, 0, 0, 0, 118, 97, 108, 117, 101, 47, 116, 101, 120, 116, 6, 0, 0, 0, 118, 101, 99, 116, 111, 114, 4, 1, 0, 8, 0, 0, 22, 0, 0, 0, 118, 97, 108, 117, 101, 47, 105, 101, 101, 101, 55, 53, 52, 45, 98, 105, 110, 97, 114, 121, 51, 50, 8, 0, 0, 0, 105, 100, 101, 110, 116, 105, 116, 121, 5, 79, 0, 0, 0, 116, 121, 112, 101, 47, 80, 104, 111, 110, 101, 109, 101, 73, 100, 64, 57, 99, 49, 49, 50, 51, 99, 102, 102, 102, 51, 57, 53, 99, 53, 48, 51, 102, 48, 54, 55, 54, 57, 100, 55, 54, 52, 98, 100, 100, 52, 57, 99, 50, 51, 97, 51, 57, 97, 50, 51, 98, 99, 98, 52, 54, 97, 99, 50, 52, 54, 48, 56, 99, 57, 97, 52, 53, 99, 99, 50, 102, 101, 51, 0, 10, 0, 0, 0, 118, 97, 108, 117, 101, 47, 116, 101, 120, 116, 8, 0, 0, 0, 110, 111, 116, 97, 116, 105, 111, 110, 0, 10, 0, 0, 0, 118, 97, 108, 117, 101, 47, 116, 101, 120, 116, 15, 0, 0, 0, 112, 111, 115, 115, 105, 98, 108, 101, 95, 112, 104, 111, 110, 101, 115, 4, 0, 0, 8, 0, 5, 77, 0, 0, 0, 116, 121, 112, 101, 47, 80, 104, 111, 110, 101, 73, 100, 64, 101, 100, 102, 97, 48, 97, 101, 98, 54, 55, 50, 48, 99, 54, 54, 52, 54, 97, 50, 97, 56, 49, 99, 99, 99, 56, 54, 57, 98, 51, 52, 97, 98, 54, 53, 100, 97, 57, 101, 99, 102, 50, 52, 102, 99, 48, 99, 48, 97, 55, 48, 48, 57, 101, 49, 50, 53, 99, 98, 55, 102, 53, 57, 98, 0, 10, 0, 0, 0, 118, 97, 108, 117, 101, 47, 116, 101, 120, 116, 6, 0, 0, 0, 115, 116, 97, 116, 117, 115, 3, 89, 0, 0, 0, 116, 121, 112, 101, 47, 83, 112, 101, 101, 99, 104, 83, 101, 103, 109, 101, 110, 116, 83, 116, 97, 116, 117, 115, 64, 49, 52, 101, 48, 52, 52, 57, 54, 56, 49, 56, 56, 52, 99, 99, 49, 53, 53, 57, 55, 53, 52, 53, 48, 101, 53, 55, 101, 102, 51, 53, 102, 54, 98, 50, 54, 52, 100, 98, 51, 50, 97, 100, 98, 50, 97, 102, 56, 49, 97, 97, 99, 102, 56, 48, 102, 56, 48, 100, 102, 52, 54, 48, 97, 7, 0, 0, 0, 10, 0, 0, 0, 97, 108, 108, 111, 112, 104, 111, 110, 105, 99, 0, 10, 0, 0, 0, 118, 97, 108, 117, 101, 47, 117, 110, 105, 116, 13, 0, 0, 0, 97, 114, 99, 104, 105, 112, 104, 111, 110, 101, 109, 105, 99, 0, 10, 0, 0, 0, 118, 97, 108, 117, 101, 47, 117, 110, 105, 116, 8, 0, 0, 0, 98, 111, 114, 114, 111, 119, 101, 100, 0, 10, 0, 0, 0, 118, 97, 108, 117, 101, 47, 117, 110, 105, 116, 4, 0, 0, 0, 99, 111, 114, 101, 0, 10, 0, 0, 0, 118, 97, 108, 117, 101, 47, 117, 110, 105, 116, 12, 0, 0, 0, 101, 120, 112, 101, 114, 105, 109, 101, 110, 116, 97, 108, 0, 10, 0, 0, 0, 118, 97, 108, 117, 101, 47, 117, 110, 105, 116, 8, 0, 0, 0, 109, 97, 114, 103, 105, 110, 97, 108, 0, 10, 0, 0, 0, 118, 97, 108, 117, 101, 47, 117, 110, 105, 116, 13, 0, 0, 0, 114, 101, 99, 111, 110, 115, 116, 114, 117, 99, 116, 101, 100, 0, 10, 0, 0, 0, 118, 97, 108, 117, 101, 47, 117, 110, 105, 116, 6, 0, 0, 0, 112, 104, 111, 110, 101, 115, 4, 0, 0, 64, 0, 2, 81, 0, 0, 0, 116, 121, 112, 101, 47, 83, 112, 101, 101, 99, 104, 80, 104, 111, 110, 101, 64, 50, 102, 101, 56, 52, 50, 101, 56, 101, 48, 57, 57, 49, 101, 54, 97, 55, 49, 100, 48, 49, 53, 56, 101, 98, 56, 97, 99, 51, 99, 99, 53, 55, 51, 49, 57, 52, 100, 51, 98, 55, 52, 50, 50, 57, 99, 49, 53, 49, 102, 52, 53, 55, 101, 56, 55, 100, 53, 57, 56, 48, 49, 52, 54, 5, 0, 0, 0, 7, 0, 0, 0, 97, 108, 105, 97, 115, 101, 115, 4, 0, 0, 4, 0, 2, 87, 0, 0, 0, 116, 121, 112, 101, 47, 83, 112, 101, 101, 99, 104, 83, 121, 109, 98, 111, 108, 65, 108, 105, 97, 115, 64, 54, 101, 54, 56, 53, 101, 50, 54, 52, 97, 101, 55, 51, 54, 55, 54, 52, 98, 99, 100, 99, 55, 50, 102, 51, 51, 54, 49, 50, 99, 51, 48, 102, 101, 57, 49, 50, 97, 51, 49, 54, 50, 53, 51, 48, 54, 100, 97, 98, 99, 52, 51, 98, 99, 99, 98, 57, 49, 57, 55, 54, 48, 49, 49, 2, 0, 0, 0, 6, 0, 0, 0, 115, 121, 109, 98, 111, 108, 0, 10, 0, 0, 0, 118, 97, 108, 117, 101, 47, 116, 101, 120, 116, 6, 0, 0, 0, 115, 121, 115, 116, 101, 109, 0, 10, 0, 0, 0, 118, 97, 108, 117, 101, 47, 116, 101, 120, 116, 8, 0, 0, 0, 102, 101, 97, 116, 117, 114, 101, 115, 5, 89, 0, 0, 0, 116, 121, 112, 101, 47, 83, 112, 101, 101, 99, 104, 70, 101, 97, 116, 117, 114, 101, 66, 117, 110, 100, 108, 101, 64, 55, 100, 55, 98, 102, 57, 49, 100, 57, 52, 48, 48, 98, 100, 100, 54, 56, 98, 52, 55, 49, 49, 48, 51, 50, 53, 57, 53, 102, 97, 54, 101, 48, 52, 100, 54, 98, 52, 50, 102, 102, 98, 53, 57, 54, 48, 49, 102, 57, 102, 100, 54, 55, 56, 51, 50, 51, 101, 50, 102, 54, 53, 55, 52, 4, 0, 0, 16, 0, 2, 83, 0, 0, 0, 116, 121, 112, 101, 47, 83, 112, 101, 101, 99, 104, 70, 101, 97, 116, 117, 114, 101, 64, 48, 100, 98, 54, 56, 49, 55, 101, 53, 100, 99, 55, 50, 48, 101, 55, 102, 98, 49, 54, 102, 97, 100, 48, 99, 50, 99, 49, 51, 100, 57, 97, 101, 100, 52, 52, 52, 49, 102, 98, 52, 52, 54, 51, 56, 97, 55, 101, 97, 54, 97, 98, 101, 48, 55, 49, 57, 55, 51, 53, 51, 98, 54, 98, 2, 0, 0, 0, 8, 0, 0, 0, 105, 100, 101, 110, 116, 105, 116, 121, 5, 85, 0, 0, 0, 116, 121, 112, 101, 47, 83, 112, 101, 101, 99, 104, 70, 101, 97, 116, 117, 114, 101, 73, 100, 64, 52, 102, 55, 53, 102, 54, 50, 54, 54, 50, 100, 55, 50, 49, 48, 98, 100, 99, 98, 53, 101, 97, 48, 52, 101, 55, 98, 52, 54, 97, 48, 97, 50, 53, 49, 49, 55, 100, 49, 100, 50, 98, 50, 53, 52, 55, 99, 57, 56, 100, 49, 101, 99, 50, 54, 101, 54, 55, 98, 102, 102, 53, 48, 50, 0, 10, 0, 0, 0, 118, 97, 108, 117, 101, 47, 116, 101, 120, 116, 13, 0, 0, 0, 115, 112, 101, 99, 105, 102, 105, 99, 97, 116, 105, 111, 110, 3, 90, 0, 0, 0, 116, 121, 112, 101, 47, 70, 101, 97, 116, 117, 114, 101, 83, 112, 101, 99, 105, 102, 105, 99, 97, 116, 105, 111, 110, 64, 51, 55, 97, 48, 100, 99, 100, 98, 52, 56, 48, 101, 48, 48, 55, 100, 53, 52, 53, 102, 55, 53, 57, 102, 55, 56, 99, 50, 51, 49, 53, 53, 48, 100, 51, 55, 50, 48, 50, 54, 100, 51, 97, 53, 56, 51, 54, 51, 101, 57, 57, 48, 99, 100, 52, 55, 54, 48, 51, 100, 48, 100, 55, 55, 6, 0, 0, 0, 8, 0, 0, 0, 103, 114, 97, 100, 105, 101, 110, 116, 2, 113, 0, 0, 0, 116, 121, 112, 101, 47, 83, 112, 101, 101, 99, 104, 71, 114, 97, 100, 105, 101, 110, 116, 73, 110, 115, 116, 97, 110, 116, 105, 97, 116, 105, 111, 110, 54, 55, 99, 56, 54, 102, 98, 99, 54, 99, 57, 100, 48, 97, 55, 98, 64, 97, 97, 50, 99, 98, 100, 53, 57, 56, 53, 97, 57, 54, 100, 101, 48, 100, 52, 100, 99, 55, 98, 54, 52, 48, 56, 56, 53, 48, 102, 48, 54, 101, 55, 56, 53, 54, 50, 55, 48, 48, 54, 52, 48, 98, 48, 55, 53, 54, 101, 102, 57, 100, 51, 57, 57, 99, 55, 99, 48, 48, 57, 50, 49, 2, 0, 0, 0, 10, 0, 0, 0, 99, 111, 110, 102, 105, 100, 101, 110, 99, 101, 5, 86, 0, 0, 0, 116, 121, 112, 101, 47, 83, 112, 101, 101, 99, 104, 67, 111, 110, 102, 105, 100, 101, 110, 99, 101, 64, 56, 48, 48, 56, 101, 48, 57, 56, 101, 56, 99, 98, 55, 50, 54, 56, 50, 56, 48, 97, 54, 54, 101, 50, 102, 55, 97, 97, 52, 57, 55, 50, 55, 55, 50, 100, 48, 48, 97, 51, 97, 57, 102, 98, 102, 98, 100, 98, 53, 56, 48, 57, 99, 56, 55, 98, 53, 98, 100, 54, 102, 98, 57, 56, 0, 22, 0, 0, 0, 118, 97, 108, 117, 101, 47, 105, 101, 101, 101, 55, 53, 52, 45, 98, 105, 110, 97, 114, 121, 51, 50, 5, 0, 0, 0, 118, 97, 108, 117, 101, 3, 88, 0, 0, 0, 116, 121, 112, 101, 47, 83, 112, 101, 101, 99, 104, 70, 101, 97, 116, 117, 114, 101, 86, 97, 108, 117, 101, 64, 99, 100, 99, 48, 98, 101, 51, 57, 55, 49, 53, 48, 53, 100, 50, 102, 101, 56, 48, 100, 57, 52, 56, 56, 56, 99, 49, 101, 54, 100, 98, 57, 100, 55, 101, 57, 100, 100, 57, 50, 55, 51, 53, 101, 53, 98, 101, 51, 101, 52, 55, 100, 48, 53, 56, 57, 49, 53, 97, 53, 53, 49, 100, 55, 5, 0, 0, 0, 7, 0, 0, 0, 98, 111, 111, 108, 101, 97, 110, 0, 10, 0, 0, 0, 118, 97, 108, 117, 101, 47, 98, 111, 111, 108, 8, 0, 0, 0, 99, 97, 116, 101, 103, 111, 114, 121, 0, 10, 0, 0, 0, 118, 97, 108, 117, 101, 47, 116, 101, 120, 116, 6, 0, 0, 0, 110, 117, 109, 98, 101, 114, 0, 22, 0, 0, 0, 118, 97, 108, 117, 101, 47, 105, 101, 101, 101, 55, 53, 52, 45, 98, 105, 110, 97, 114, 121, 54, 52, 4, 0, 0, 0, 116, 101, 120, 116, 0, 10, 0, 0, 0, 118, 97, 108, 117, 101, 47, 116, 101, 120, 116, 6, 0, 0, 0, 118, 101, 99, 116, 111, 114, 4, 1, 0, 8, 0, 0, 22, 0, 0, 0, 118, 97, 108, 117, 101, 47, 105, 101, 101, 101, 55, 53, 52, 45, 98, 105, 110, 97, 114, 121, 51, 50, 5, 0, 0, 0, 107, 110, 111, 119, 110, 3, 88, 0, 0, 0, 116, 121, 112, 101, 47, 83, 112, 101, 101, 99, 104, 70, 101, 97, 116, 117, 114, 101, 86, 97, 108, 117, 101, 64, 99, 100, 99, 48, 98, 101, 51, 57, 55, 49, 53, 48, 53, 100, 50, 102, 101, 56, 48, 100, 57, 52, 56, 56, 56, 99, 49, 101, 54, 100, 98, 57, 100, 55, 101, 57, 100, 100, 57, 50, 55, 51, 53, 101, 53, 98, 101, 51, 101, 52, 55, 100, 48, 53, 56, 57, 49, 53, 97, 53, 53, 49, 100, 55, 5, 0, 0, 0, 7, 0, 0, 0, 98, 111, 111, 108, 101, 97, 110, 0, 10, 0, 0, 0, 118, 97, 108, 117, 101, 47, 98, 111, 111, 108, 8, 0, 0, 0, 99, 97, 116, 101, 103, 111, 114, 121, 0, 10, 0, 0, 0, 118, 97, 108, 117, 101, 47, 116, 101, 120, 116, 6, 0, 0, 0, 110, 117, 109, 98, 101, 114, 0, 22, 0, 0, 0, 118, 97, 108, 117, 101, 47, 105, 101, 101, 101, 55, 53, 52, 45, 98, 105, 110, 97, 114, 121, 54, 52, 4, 0, 0, 0, 116, 101, 120, 116, 0, 10, 0, 0, 0, 118, 97, 108, 117, 101, 47, 116, 101, 120, 116, 6, 0, 0, 0, 118, 101, 99, 116, 111, 114, 4, 1, 0, 8, 0, 0, 22, 0, 0, 0, 118, 97, 108, 117, 101, 47, 105, 101, 101, 101, 55, 53, 52, 45, 98, 105, 110, 97, 114, 121, 51, 50, 14, 0, 0, 0, 110, 111, 116, 95, 97, 112, 112, 108, 105, 99, 97, 98, 108, 101, 0, 10, 0, 0, 0, 118, 97, 108, 117, 101, 47, 117, 110, 105, 116, 7, 0, 0, 0, 117, 110, 107, 110, 111, 119, 110, 0, 10, 0, 0, 0, 118, 97, 108, 117, 101, 47, 117, 110, 105, 116, 11, 0, 0, 0, 117, 110, 115, 112, 101, 99, 105, 102, 105, 101, 100, 0, 10, 0, 0, 0, 118, 97, 108, 117, 101, 47, 117, 110, 105, 116, 8, 0, 0, 0, 118, 97, 114, 105, 97, 98, 108, 101, 4, 1, 0, 4, 0, 3, 88, 0, 0, 0, 116, 121, 112, 101, 47, 83, 112, 101, 101, 99, 104, 70, 101, 97, 116, 117, 114, 101, 86, 97, 108, 117, 101, 64, 99, 100, 99, 48, 98, 101, 51, 57, 55, 49, 53, 48, 53, 100, 50, 102, 101, 56, 48, 100, 57, 52, 56, 56, 56, 99, 49, 101, 54, 100, 98, 57, 100, 55, 101, 57, 100, 100, 57, 50, 55, 51, 53, 101, 53, 98, 101, 51, 101, 52, 55, 100, 48, 53, 56, 57, 49, 53, 97, 53, 53, 49, 100, 55, 5, 0, 0, 0, 7, 0, 0, 0, 98, 111, 111, 108, 101, 97, 110, 0, 10, 0, 0, 0, 118, 97, 108, 117, 101, 47, 98, 111, 111, 108, 8, 0, 0, 0, 99, 97, 116, 101, 103, 111, 114, 121, 0, 10, 0, 0, 0, 118, 97, 108, 117, 101, 47, 116, 101, 120, 116, 6, 0, 0, 0, 110, 117, 109, 98, 101, 114, 0, 22, 0, 0, 0, 118, 97, 108, 117, 101, 47, 105, 101, 101, 101, 55, 53, 52, 45, 98, 105, 110, 97, 114, 121, 54, 52, 4, 0, 0, 0, 116, 101, 120, 116, 0, 10, 0, 0, 0, 118, 97, 108, 117, 101, 47, 116, 101, 120, 116, 6, 0, 0, 0, 118, 101, 99, 116, 111, 114, 4, 1, 0, 8, 0, 0, 22, 0, 0, 0, 118, 97, 108, 117, 101, 47, 105, 101, 101, 101, 55, 53, 52, 45, 98, 105, 110, 97, 114, 121, 51, 50, 8, 0, 0, 0, 105, 100, 101, 110, 116, 105, 116, 121, 5, 77, 0, 0, 0, 116, 121, 112, 101, 47, 80, 104, 111, 110, 101, 73, 100, 64, 101, 100, 102, 97, 48, 97, 101, 98, 54, 55, 50, 48, 99, 54, 54, 52, 54, 97, 50, 97, 56, 49, 99, 99, 99, 56, 54, 57, 98, 51, 52, 97, 98, 54, 53, 100, 97, 57, 101, 99, 102, 50, 52, 102, 99, 48, 99, 48, 97, 55, 48, 48, 57, 101, 49, 50, 53, 99, 98, 55, 102, 53, 57, 98, 0, 10, 0, 0, 0, 118, 97, 108, 117, 101, 47, 116, 101, 120, 116, 3, 0, 0, 0, 105, 112, 97, 0, 10, 0, 0, 0, 118, 97, 108, 117, 101, 47, 116, 101, 120, 116, 6, 0, 0, 0, 115, 116, 97, 116, 117, 115, 3, 89, 0, 0, 0, 116, 121, 112, 101, 47, 83, 112, 101, 101, 99, 104, 83, 101, 103, 109, 101, 110, 116, 83, 116, 97, 116, 117, 115, 64, 49, 52, 101, 48, 52, 52, 57, 54, 56, 49, 56, 56, 52, 99, 99, 49, 53, 53, 57, 55, 53, 52, 53, 48, 101, 53, 55, 101, 102, 51, 53, 102, 54, 98, 50, 54, 52, 100, 98, 51, 50, 97, 100, 98, 50, 97, 102, 56, 49, 97, 97, 99, 102, 56, 48, 102, 56, 48, 100, 102, 52, 54, 48, 97, 7, 0, 0, 0, 10, 0, 0, 0, 97, 108, 108, 111, 112, 104, 111, 110, 105, 99, 0, 10, 0, 0, 0, 118, 97, 108, 117, 101, 47, 117, 110, 105, 116, 13, 0, 0, 0, 97, 114, 99, 104, 105, 112, 104, 111, 110, 101, 109, 105, 99, 0, 10, 0, 0, 0, 118, 97, 108, 117, 101, 47, 117, 110, 105, 116, 8, 0, 0, 0, 98, 111, 114, 114, 111, 119, 101, 100, 0, 10, 0, 0, 0, 118, 97, 108, 117, 101, 47, 117, 110, 105, 116, 4, 0, 0, 0, 99, 111, 114, 101, 0, 10, 0, 0, 0, 118, 97, 108, 117, 101, 47, 117, 110, 105, 116, 12, 0, 0, 0, 101, 120, 112, 101, 114, 105, 109, 101, 110, 116, 97, 108, 0, 10, 0, 0, 0, 118, 97, 108, 117, 101, 47, 117, 110, 105, 116, 8, 0, 0, 0, 109, 97, 114, 103, 105, 110, 97, 108, 0, 10, 0, 0, 0, 118, 97, 108, 117, 101, 47, 117, 110, 105, 116, 13, 0, 0, 0, 114, 101, 99, 111, 110, 115, 116, 114, 117, 99, 116, 101, 100, 0, 10, 0, 0, 0, 118, 97, 108, 117, 101, 47, 117, 110, 105, 116, 2, 4, 0, 0, 0, 8, 0, 0, 0, 105, 100, 101, 110, 116, 105, 116, 121, 0, 21, 0, 0, 0, 112, 108, 97, 99, 101, 104, 111, 108, 100, 101, 114, 47, 105, 110, 118, 101, 110, 116, 111, 114, 121, 8, 0, 0, 0, 108, 97, 110, 103, 117, 97, 103, 101, 0, 20, 0, 0, 0, 112, 108, 97, 99, 101, 104, 111, 108, 100, 101, 114, 47, 108, 97, 110, 103, 117, 97, 103, 101, 8, 0, 0, 0, 112, 104, 111, 110, 101, 109, 101, 115, 1, 0, 0, 0, 0, 6, 0, 0, 0, 112, 104, 111, 110, 101, 115, 1, 0, 0, 0, 0] }), rule: Structured { profile: KindId("structured-info/profile-e2aeddf11da371949e571a934ee428580c67d223de4161d9178767b6d79a5193@1") } }], laws: [ValueContracts([FrontValueContract { location: Output(PortId("outcome")), contract: CheckedValueContract { value_kind: KindId("structured-info/profile-fef0364ed0f5552bb635371ad7226cf07862c3324afea78efff2cdec6b2966bc@1"), maximum_bytes: 262144, constraints: [] } }])] }, implementation: ImplementationOffer { execution_profile_id: ExecutionProfileId("conduit.speech/ipa-admission@1"), implementation_id: ImplementationId("std/phonemic-from-ipa@1"), artifact_id: ArtifactId("conduit-std/ipa-admission@1") }, state_retention: None, realization_properties: [], host_calls: [HostCallRequirement { contract_id: HostCallContractId("conduit.host/ipa-admission@1"), target_kind: Some(KindId("speech/phonemic-from-ipa")), maximum_in_flight: 1, maximum_input_bytes: 262144, maximum_output_bytes: 262144 }], resource_requirements: [ResourceRequirement { class_id: ResourceClassId("speech/ipa-admission"), units: 1, protected_role: None, compute: None, content: None }], authority_requirements: [], limits: CapabilityLimits { max_active_instances: 16, max_queue_items: 1, max_queue_bytes: 262144 } }]
2026-10-08T23:34:25.0271650Z [1m[91merror[0m: test failed, to rerun pass `-p conduit-std-host --test native_speech`
2026-10-08T23:34:25.0272156Z [1m[92m     Running[0m tests/owned_state_continuity.rs (target/debug/deps/owned_state_continuity-e4b0a92420483e88)
2026-10-08T23:34:25.0272754Z [1m[92m     Running[0m tests/pico_usb_source.rs (target/debug/deps/pico_usb_source-115c053aaea4b73b)
2026-10-08T23:34:25.0273220Z [1m[92m     Running[0m tests/pico_wifi_bootstrap.rs (target/debug/deps/pico_wifi_bootstrap-0a946a2ae7386de8)
2026-10-08T23:34:25.0273693Z [1m[92m     Running[0m tests/quiescent_lifecycle.rs (target/debug/deps/quiescent_lifecycle-f8737b7ce8a5a4a0)
2026-10-08T23:34:25.0292524Z  right: [CapabilityOffer { startup_parameters: [FrontStartupParameter { name: "clock", value_type: KindId("value/count"), has_default: false }, FrontStartupParameter { name: "language-request", value_type: KindId("structured-info/profile-53bfcdfea779cbb219ad51a6a7d336a4c98bf0238accfe101da1822a0fbff1fc@1"), has_default: false }], shorthand: None, capability_id: CapabilityId("native-english-speech"), kind_id: KindId("speech/utterance"), kind_contract_revision: KindIdentity("conduit.speech/utterance@2"), inputs: [PortDescriptor { port_id: PortId("text"), value_kind: KindId("value/text"), direction: Input, temporal: Value, abnormal_kind: None }], outputs: [PortDescriptor { port_id: PortId("audio"), value_kind: KindId("audio/pcm-frames@1"), direction: Output, temporal: Flow { closes: true }, abnormal_kind: None }], semantic_contract: KindSemanticContract { configuration: [KindConfigurationField { key: "clock", default_value: U64(1), rule: U64Range { minimum: 1, maximum: 18446744073709551615 } }, KindConfigurationField { key: "language-request", default_value: Structured(StructuredConfigurationValue { profile: KindId("structured-info/profile-53bfcdfea779cbb219ad51a6a7d336a4c98bf0238accfe101da1822a0fbff1fc@1"), canonical_value: [2, 85, 0, 0, 0, 116, 121, 112, 101, 47, 76, 97, 110, 103, 117, 97, 103, 101, 82, 101, 113, 117, 101, 115, 116, 64, 54, 100, 102, 53, 97, 49, 51, 57, 57, 57, 53, 101, 101, 48, 100, 98, 101, 100, 97, 99, 57, 55, 51, 55, 101, 49, 49, 99, 97, 54, 50, 53, 101, 48, 97, 57, 97, 51, 51, 101, 55, 52, 52, 49, 54, 56, 48, 53, 99, 48, 50, 99, 49, 101, 56, 51, 98, 53, 98, 52, 99, 50, 101, 54, 3, 0, 0, 0, 8, 0, 0, 0, 108, 97, 110, 103, 117, 97, 103, 101, 5, 80, 0, 0, 0, 116, 121, 112, 101, 47, 76, 97, 110, 103, 117, 97, 103, 101, 73, 100, 64, 102, 52, 99, 53, 50, 53, 49, 49, 98, 48, 98, 57, 51, 55, 50, 99, 55, 98, 52, 51, 49, 98, 100, 101, 102, 57, 102, 101, 51, 50, 100, 50, 101, 49, 98, 101, 49, 99, 98, 54, 55, 53, 48, 55, 49, 54, 51, 53, 101, 100, 100, 55, 54, 51, 102, 48, 49, 99, 99, 53, 56, 54, 51, 100, 0, 10, 0, 0, 0, 118, 97, 108, 117, 101, 47, 116, 101, 120, 116, 7, 0, 0, 0, 118, 97, 114, 105, 101, 116, 121, 3, 30, 0, 0, 0, 99, 111, 110, 100, 117, 105, 116, 46, 99, 111, 110, 100, 117, 105, 116, 101, 115, 101, 46, 111, 112, 116, 105, 111, 110, 97, 108, 46, 118, 49, 2, 0, 0, 0, 4, 0, 0, 0, 110, 111, 110, 101, 0, 10, 0, 0, 0, 118, 97, 108, 117, 101, 47, 117, 110, 105, 116, 4, 0, 0, 0, 115, 111, 109, 101, 2, 85, 0, 0, 0, 116, 121, 112, 101, 47, 76, 97, 110, 103, 117, 97, 103, 101, 86, 97, 114, 105, 101, 116, 121, 64, 51, 49, 101, 102, 48, 48, 102, 98, 99, 100, 50, 48, 55, 50, 48, 49, 101, 98, 49, 102, 49, 50, 50, 52, 57, 101, 53, 57, 53, 52, 50, 51, 55, 52, 54, 55, 98, 54, 100, 54, 55, 55, 98, 56, 102, 98, 53, 55, 51, 97, 55, 57, 56, 97, 55, 101, 56, 98, 98, 97, 53, 48, 54, 100, 2, 0, 0, 0, 8, 0, 0, 0, 105, 100, 101, 110, 116, 105, 116, 121, 5, 79, 0, 0, 0, 116, 121, 112, 101, 47, 86, 97, 114, 105, 101, 116, 121, 73, 100, 64, 50, 102, 97, 51, 55, 56, 48, 53, 52, 100, 51, 56, 100, 57, 56, 48, 102, 101, 48, 98, 99, 55, 55, 100, 48, 99, 48, 52, 56, 100, 102, 100, 97, 99, 100, 102, 56, 55, 57, 100, 55, 52, 53, 48, 53, 98, 102, 101, 51, 50, 56, 102, 99, 100, 100, 100, 98, 54, 56, 101, 54, 56, 56, 54, 0, 10, 0, 0, 0, 118, 97, 108, 117, 101, 47, 116, 101, 120, 116, 8, 0, 0, 0, 108, 97, 110, 103, 117, 97, 103, 101, 5, 80, 0, 0, 0, 116, 121, 112, 101, 47, 76, 97, 110, 103, 117, 97, 103, 101, 73, 100, 64, 102, 52, 99, 53, 50, 53, 49, 49, 98, 48, 98, 57, 51, 55, 50, 99, 55, 98, 52, 51, 49, 98, 100, 101, 102, 57, 102, 101, 51, 50, 100, 50, 101, 49, 98, 101, 49, 99, 98, 54, 55, 53, 48, 55, 49, 54, 51, 53, 101, 100, 100, 55, 54, 51, 102, 48, 49, 99, 99, 53, 56, 54, 51, 100, 0, 10, 0, 0, 0, 118, 97, 108, 117, 101, 47, 116, 101, 120, 116, 14, 0, 0, 0, 118, 97, 114, 105, 101, 116, 121, 95, 112, 111, 108, 105, 99, 121, 3, 91, 0, 0, 0, 116, 121, 112, 101, 47, 76, 97, 110, 103, 117, 97, 103, 101, 86, 97, 114, 105, 101, 116, 121, 80, 111, 108, 105, 99, 121, 64, 99, 101, 100, 48, 52, 53, 51, 53, 100, 54, 54, 102, 55, 97, 101, 54, 55, 52, 50, 98, 101, 50, 50, 52, 57, 101, 51, 51, 102, 101, 100, 56, 56, 53, 57, 49, 50, 101, 51, 55, 48, 100, 53, 99, 102, 55, 55, 99, 54, 99, 97, 101, 54, 50, 49, 55, 97, 53, 49, 52, 98, 55, 49, 102, 2, 0, 0, 0, 13, 0, 0, 0, 101, 120, 97, 99, 116, 95, 118, 97, 114, 105, 101, 116, 121, 0, 10, 0, 0, 0, 118, 97, 108, 117, 101, 47, 117, 110, 105, 116, 19, 0, 0, 0, 108, 97, 110, 103, 117, 97, 103, 101, 95, 115, 117, 102, 102, 105, 99, 105, 101, 110, 116, 0, 10, 0, 0, 0, 118, 97, 108, 117, 101, 47, 117, 110, 105, 116, 2, 3, 0, 0, 0, 8, 0, 0, 0, 108, 97, 110, 103, 117, 97, 103, 101, 0, 19, 0, 0, 0, 114, 101, 113, 117, 101, 115, 116, 47, 112, 108, 97, 99, 101, 104, 111, 108, 100, 101, 114, 7, 0, 0, 0, 118, 97, 114, 105, 101, 116, 121, 3, 4, 0, 0, 0, 110, 111, 110, 101, 0, 0, 0, 0, 0, 14, 0, 0, 0, 118, 97, 114, 105, 101, 116, 121, 95, 112, 111, 108, 105, 99, 121, 3, 19, 0, 0, 0, 108, 97, 110, 103, 117, 97, 103, 101, 95, 115, 117, 102, 102, 105, 99, 105, 101, 110, 116, 0, 0, 0, 0, 0] }), rule: Structured { profile: KindId("structured-info/profile-53bfcdfea779cbb219ad51a6a7d336a4c98bf0238accfe101da1822a0fbff1fc@1") } }], laws: [ValueContracts([FrontValueContract { location: Input(PortId("text")), contract: CheckedValueContract { value_kind: KindId("value/text"), maximum_bytes: 512, constraints: [] } }, FrontValueContract { location: Output(PortId("audio")), contract: CheckedValueContract { value_kind: KindId("audio/pcm-frames@1"), maximum_bytes: 285, constraints: [] } }]), RealizationRequirement { property_profile: KindId("structured-info/profile-b91f7c29bf99243ac44dc3bafc6da371a70db910461ec6c8481195a0aac7a6f6@1"), configuration_key: "language-request" }] }, implementation: ImplementationOffer { execution_profile_id: ExecutionProfileId("conduit-native/english-s16le-8000-mono@1"), implementation_id: ImplementationId("conduit-native/checked-english-speech@3"), artifact_id: ArtifactId("conduit-native/checked-english-speech@3/e32625cfc05466b33c2a1ff08e05a9a15e1e2380942bf1cd4758c1172f260511") }, state_retention: None, realization_properties: [StructuredConfigurationValue { profile: KindId("structured-info/profile-b91f7c29bf99243ac44dc3bafc6da371a70db910461ec6c8481195a0aac7a6f6@1"), canonical_value: [2, 86, 0, 0, 0, 116, 121, 112, 101, 47, 76, 97, 110, 103, 117, 97, 103, 101, 67, 111, 118, 101, 114, 97, 103, 101, 64, 53, 102, 98, 55, 97, 57, 99, 100, 56, 100, 52, 97, 102, 51, 57, 52, 52, 101, 100, 51, 55, 49, 55, 49, 53, 49, 99, 99, 52, 53, 101, 97, 57, 57, 99, 52, 97, 50, 55, 49, 99, 55, 54, 55, 49, 50, 99, 99, 50, 97, 56, 97, 57, 53, 54, 55, 100, 54, 56, 48, 51, 52, 57, 101, 6, 0, 0, 0, 8, 0, 0, 0, 101, 118, 105, 100, 101, 110, 99, 101, 0, 10, 0, 0, 0, 118, 97, 108, 117, 101, 47, 116, 101, 120, 116, 9, 0, 0, 0, 108, 97, 110, 103, 117, 97, 103, 101, 115, 4, 0, 0, 64, 0, 5, 80, 0, 0, 0, 116, 121, 112, 101, 47, 76, 97, 110, 103, 117, 97, 103, 101, 73, 100, 64, 102, 52, 99, 53, 50, 53, 49, 49, 98, 48, 98, 57, 51, 55, 50, 99, 55, 98, 52, 51, 49, 98, 100, 101, 102, 57, 102, 101, 51, 50, 100, 50, 101, 49, 98, 101, 49, 99, 98, 54, 55, 53, 48, 55, 49, 54, 51, 53, 101, 100, 100, 55, 54, 51, 102, 48, 49, 99, 99, 53, 56, 54, 51, 100, 0, 10, 0, 0, 0, 118, 97, 108, 117, 101, 47, 116, 101, 120, 116, 8, 0, 0, 0, 109, 97, 112, 112, 105, 110, 103, 115, 4, 0, 0, 32, 0, 2, 96, 0, 0, 0, 116, 121, 112, 101, 47, 76, 97, 110, 103, 117, 97, 103, 101, 77, 97, 112, 112, 105, 110, 103, 68, 101, 99, 108, 97, 114, 97, 116, 105, 111, 110, 64, 101, 102, 100, 101, 48, 49, 99, 102, 53, 49, 48, 101, 56, 100, 98, 57, 48, 49, 97, 48, 54, 55, 51, 54, 48, 102, 98, 53, 48, 49, 53, 56, 100, 56, 48, 97, 53, 49, 99, 99, 54, 51, 53, 51, 97, 50, 97, 98, 102, 97, 97, 98, 100, 57, 100, 56, 97, 54, 98, 99, 102, 55, 99, 100, 3, 0, 0, 0, 8, 0, 0, 0, 101, 120, 116, 101, 114, 110, 97, 108, 2, 94, 0, 0, 0, 116, 121, 112, 101, 47, 76, 97, 110, 103, 117, 97, 103, 101, 69, 120, 116, 101, 114, 110, 97, 108, 73, 100, 101, 110, 116, 105, 116, 121, 64, 51, 97, 51, 55, 52, 102, 49, 50, 101, 100, 97, 52, 48, 100, 102, 97, 53, 55, 101, 97, 98, 51, 57, 100, 97, 99, 57, 101, 56, 50, 50, 100, 50, 100, 100, 102, 50, 102, 99, 54, 99, 100, 99, 99, 56, 52, 57, 54, 50, 55, 48, 51, 53, 100, 101, 53, 48, 56, 99, 100, 53, 53, 52, 98, 2, 0, 0, 0, 8, 0, 0, 0, 99, 111, 110, 116, 114, 97, 99, 116, 0, 10, 0, 0, 0, 118, 97, 108, 117, 101, 47, 116, 101, 120, 116, 4, 0, 0, 0, 110, 97, 109, 101, 0, 10, 0, 0, 0, 118, 97, 108, 117, 101, 47, 116, 101, 120, 116, 8, 0, 0, 0, 108, 97, 110, 103, 117, 97, 103, 101, 5, 80, 0, 0, 0, 116, 121, 112, 101, 47, 76, 97, 110, 103, 117, 97, 103, 101, 73, 100, 64, 102, 52, 99, 53, 50, 53, 49, 49, 98, 48, 98, 57, 51, 55, 50, 99, 55, 98, 52, 51, 49, 98, 100, 101, 102, 57, 102, 101, 51, 50, 100, 50, 101, 49, 98, 101, 49, 99, 98, 54, 55, 53, 48, 55, 49, 54, 51, 53, 101, 100, 100, 55, 54, 51, 102, 48, 49, 99, 99, 53, 56, 54, 51, 100, 0, 10, 0, 0, 0, 118, 97, 108, 117, 101, 47, 116, 101, 120, 116, 7, 0, 0, 0, 118, 97, 114, 105, 101, 116, 121, 3, 30, 0, 0, 0, 99, 111, 110, 100, 117, 105, 116, 46, 99, 111, 110, 100, 117, 105, 116, 101, 115, 101, 46, 111, 112, 116, 105, 111, 110, 97, 108, 46, 118, 49, 2, 0, 0, 0, 4, 0, 0, 0, 110, 111, 110, 101, 0, 10, 0, 0, 0, 118, 97, 108, 117, 101, 47, 117, 110, 105, 116, 4, 0, 0, 0, 115, 111, 109, 101, 2, 85, 0, 0, 0, 116, 121, 112, 101, 47, 76, 97, 110, 103, 117, 97, 103, 101, 86, 97, 114, 105, 101, 116, 121, 64, 51, 49, 101, 102, 48, 48, 102, 98, 99, 100, 50, 48, 55, 50, 48, 49, 101, 98, 49, 102, 49, 50, 50, 52, 57, 101, 53, 57, 53, 52, 50, 51, 55, 52, 54, 55, 98, 54, 100, 54, 55, 55, 98, 56, 102, 98, 53, 55, 51, 97, 55, 57, 56, 97, 55, 101, 56, 98, 98, 97, 53, 48, 54, 100, 2, 0, 0, 0, 8, 0, 0, 0, 105, 100, 101, 110, 116, 105, 116, 121, 5, 79, 0, 0, 0, 116, 121, 112, 101, 47, 86, 97, 114, 105, 101, 116, 121, 73, 100, 64, 50, 102, 97, 51, 55, 56, 48, 53, 52, 100, 51, 56, 100, 57, 56, 48, 102, 101, 48, 98, 99, 55, 55, 100, 48, 99, 48, 52, 56, 100, 102, 100, 97, 99, 100, 102, 56, 55, 57, 100, 55, 52, 53, 48, 53, 98, 102, 101, 51, 50, 56, 102, 99, 100, 100, 100, 98, 54, 56, 101, 54, 56, 56, 54, 0, 10, 0, 0, 0, 118, 97, 108, 117, 101, 47, 116, 101, 120, 116, 8, 0, 0, 0, 108, 97, 110, 103, 117, 97, 103, 101, 5, 80, 0, 0, 0, 116, 121, 112, 101, 47, 76, 97, 110, 103, 117, 97, 103, 101, 73, 100, 64, 102, 52, 99, 53, 50, 53, 49, 49, 98, 48, 98, 57, 51, 55, 50, 99, 55, 98, 52, 51, 49, 98, 100, 101, 102, 57, 102, 101, 51, 50, 100, 50, 101, 49, 98, 101, 49, 99, 98, 54, 55, 53, 48, 55, 49, 54, 51, 53, 101, 100, 100, 55, 54, 51, 102, 48, 49, 99, 99, 53, 56, 54, 51, 100, 0, 10, 0, 0, 0, 118, 97, 108, 117, 101, 47, 116, 101, 120, 116, 8, 0, 0, 0, 114, 101, 118, 105, 115, 105, 111, 110, 0, 10, 0, 0, 0, 118, 97, 108, 117, 101, 47, 116, 101, 120, 116, 9, 0, 0, 0, 118, 97, 114, 105, 101, 116, 105, 101, 115, 4, 0, 0, 32, 0, 2, 85, 0, 0, 0, 116, 121, 112, 101, 47, 76, 97, 110, 103, 117, 97, 103, 101, 86, 97, 114, 105, 101, 116, 121, 64, 51, 49, 101, 102, 48, 48, 102, 98, 99, 100, 50, 48, 55, 50, 48, 49, 101, 98, 49, 102, 49, 50, 50, 52, 57, 101, 53, 57, 53, 52, 50, 51, 55, 52, 54, 55, 98, 54, 100, 54, 55, 55, 98, 56, 102, 98, 53, 55, 51, 97, 55, 57, 56, 97, 55, 101, 56, 98, 98, 97, 53, 48, 54, 100, 2, 0, 0, 0, 8, 0, 0, 0, 105, 100, 101, 110, 116, 105, 116, 121, 5, 79, 0, 0, 0, 116, 121, 112, 101, 47, 86, 97, 114, 105, 101, 116, 121, 73, 100, 64, 50, 102, 97, 51, 55, 56, 48, 53, 52, 100, 51, 56, 100, 57, 56, 48, 102, 101, 48, 98, 99, 55, 55, 100, 48, 99, 48, 52, 56, 100, 102, 100, 97, 99, 100, 102, 56, 55, 57, 100, 55, 52, 53, 48, 53, 98, 102, 101, 51, 50, 56, 102, 99, 100, 100, 100, 98, 54, 56, 101, 54, 56, 56, 54, 0, 10, 0, 0, 0, 118, 97, 108, 117, 101, 47, 116, 101, 120, 116, 8, 0, 0, 0, 108, 97, 110, 103, 117, 97, 103, 101, 5, 80, 0, 0, 0, 116, 121, 112, 101, 47, 76, 97, 110, 103, 117, 97, 103, 101, 73, 100, 64, 102, 52, 99, 53, 50, 53, 49, 49, 98, 48, 98, 57, 51, 55, 50, 99, 55, 98, 52, 51, 49, 98, 100, 101, 102, 57, 102, 101, 51, 50, 100, 50, 101, 49, 98, 101, 49, 99, 98, 54, 55, 53, 48, 55, 49, 54, 51, 53, 101, 100, 100, 55, 54, 51, 102, 48, 49, 99, 99, 53, 56, 54, 51, 100, 0, 10, 0, 0, 0, 118, 97, 108, 117, 101, 47, 116, 101, 120, 116, 17, 0, 0, 0, 118, 97, 114, 105, 101, 116, 121, 95, 115, 101, 110, 115, 105, 116, 105, 118, 101, 0, 10, 0, 0, 0, 118, 97, 108, 117, 101, 47, 98, 111, 111, 108, 2, 6, 0, 0, 0, 8, 0, 0, 0, 101, 118, 105, 100, 101, 110, 99, 101, 0, 40, 0, 0, 0, 114, 101, 112, 111, 115, 105, 116, 111, 114, 121, 47, 110, 97, 116, 105, 118, 101, 45, 101, 110, 103, 108, 105, 115, 104, 45, 99, 104, 101, 99, 107, 101, 100, 45, 115, 111, 117, 114, 99, 101, 9, 0, 0, 0, 108, 97, 110, 103, 117, 97, 103, 101, 115, 1, 1, 0, 0, 0, 0, 16, 0, 0, 0, 108, 97, 110, 103, 117, 97, 103, 101, 47, 101, 110, 103, 108, 105, 115, 104, 8, 0, 0, 0, 109, 97, 112, 112, 105, 110, 103, 115, 1, 0, 0, 0, 0, 8, 0, 0, 0, 114, 101, 118, 105, 115, 105, 111, 110, 0, 16, 0, 0, 0, 110, 97, 116, 105, 118, 101, 45, 101, 110, 103, 108, 105, 115, 104, 64, 50, 9, 0, 0, 0, 118, 97, 114, 105, 101, 116, 105, 101, 115, 1, 1, 0, 0, 0, 2, 2, 0, 0, 0, 8, 0, 0, 0, 105, 100, 101, 110, 116, 105, 116, 121, 0, 30, 0, 0, 0, 112, 114, 111, 110, 117, 110, 99, 105, 97, 116, 105, 111, 110, 47, 110, 97, 116, 105, 118, 101, 45, 101, 110, 103, 108, 105, 115, 104, 64, 50, 8, 0, 0, 0, 108, 97, 110, 103, 117, 97, 103, 101, 0, 16, 0, 0, 0, 108, 97, 110, 103, 117, 97, 103, 101, 47, 101, 110, 103, 108, 105, 115, 104, 17, 0, 0, 0, 118, 97, 114, 105, 101, 116, 121, 95, 115, 101, 110, 115, 105, 116, 105, 118, 101, 0, 1, 0, 0, 0, 1] }], host_calls: [], resource_requirements: [], authority_requirements: [], limits: CapabilityLimits { max_active_instances: 1, max_queue_items: 1, max_queue_bytes: 512 } }]
2026-10-08T23:34:25.0307968Z note: run with `RUST_BACKTRACE=1` environment variable to display a backtrace
2026-10-08T23:34:25.0308136Z 
2026-10-08T23:34:25.0308141Z 
2026-10-08T23:34:25.0308195Z failures:
2026-10-08T23:34:25.0308394Z     minimal_and_reference_compositions_truthfully_select_the_native_family
2026-10-08T23:34:25.0308554Z 
2026-10-08T23:34:25.0308752Z test result: FAILED. 2 passed; 1 failed; 0 ignored; 0 measured; 0 filtered out; finished in 0.55s
2026-10-08T23:34:25.0308943Z 
2026-10-08T23:34:25.0308946Z 
2026-10-08T23:34:25.0308995Z running 3 tests
2026-10-08T23:34:25.0309210Z test forged_snapshot_refuses_and_returns_the_original_owned_cell ... ok
2026-10-08T23:34:25.0309569Z test fresh_constructor_cannot_reset_a_retained_contract ... ok
2026-10-08T23:34:25.0309967Z test owned_state_moves_to_new_boot_and_larger_capacity_without_resetting_generation ... ok
2026-10-08T23:34:25.0310154Z 
2026-10-08T23:34:25.0310332Z test result: ok. 3 passed; 0 failed; 0 ignored; 0 measured; 0 filtered out; finished in 0.01s
2026-10-08T23:34:25.0310513Z 
2026-10-08T23:34:25.0310516Z 
2026-10-08T23:34:25.0310567Z running 4 tests
2026-10-08T23:34:25.0310767Z test exact_source_and_sink_reach_two_sided_cancelled_terminal ... ok
2026-10-08T23:34:25.0311039Z test exact_source_and_sink_reach_two_sided_failed_terminal ... ok
2026-10-08T23:34:25.0311319Z test observed_boot_rebinding_rejects_stale_boot_and_base_instance ... ok
2026-10-08T23:34:25.0311580Z test source_is_the_exact_planned_kernel_egress ... ok
2026-10-08T23:34:25.0311703Z 
2026-10-08T23:34:25.0311880Z test result: ok. 4 passed; 0 failed; 0 ignored; 0 measured; 0 filtered out; finished in 0.01s
2026-10-08T23:34:25.0312059Z 
2026-10-08T23:34:25.0312062Z 
2026-10-08T23:34:25.0312118Z running 3 tests
2026-10-08T23:34:25.0312350Z test malformed_or_oversized_credentials_fail_without_echoing_secret_bytes ... ok
2026-10-08T23:34:25.0312785Z test observed_boot_rebinding_rejects_the_stale_planned_session ... ok
2026-10-08T23:34:25.0313118Z test source_emits_exact_bounded_runtime_info_without_putting_secrets_in_the_plan ... ok
2026-10-08T23:34:25.0313304Z 
2026-10-08T23:34:25.0313479Z test result: ok. 3 passed; 0 failed; 0 ignored; 0 measured; 0 filtered out; finished in 0.00s
2026-10-08T23:34:25.0313661Z 
2026-10-08T23:34:25.0313664Z 
2026-10-08T23:34:25.0313717Z running 2 tests
2026-10-08T23:34:25.0313937Z test explicit_completion_policy_finishes_the_attached_product_runner ... ok
2026-10-08T23:34:25.0407589Z test live_drained_play_stays_attached_until_explicit_cancellation ... ok
2026-10-08T23:34:25.0407771Z 
2026-10-08T23:34:25.0407963Z test result: ok. 2 passed; 0 failed; 0 ignored; 0 measured; 0 filtered out; finished in 0.05s
2026-10-08T23:34:25.0408156Z 
2026-10-08T23:34:25.0414214Z [1m[92m     Running[0m tests/r1_signal_source.rs (target/debug/deps/r1_signal_source-7497c1a3e6b63cc3)
2026-10-08T23:34:25.0425294Z 
2026-10-08T23:34:25.0425444Z running 3 tests
2026-10-08T23:34:25.0448942Z test control_source_retains_exact_input_across_sealed_usb_resume ... ok
2026-10-08T23:34:25.0469372Z test one_production_source_executes_both_exact_r1_recovery_plans ... ok
2026-10-08T23:34:25.0483796Z test production_source_retains_plan_play_and_offer_across_sealed_usb_resume ... ok
2026-10-08T23:34:25.0484091Z 
2026-10-08T23:34:25.0484401Z test result: ok. 3 passed; 0 failed; 0 ignored; 0 measured; 0 filtered out; finished in 0.01s
2026-10-08T23:34:25.0484702Z 
2026-10-08T23:34:25.0486922Z [1m[92m     Running[0m tests/rendezvous_cbor.rs (target/debug/deps/rendezvous_cbor-0e9f0e6bb884656a)
2026-10-08T23:34:25.0494885Z 
2026-10-08T23:34:25.0494976Z running 2 tests
2026-10-08T23:34:25.0496611Z test std_host_consumes_the_checked_target_neutral_descriptor ... ok
2026-10-08T23:34:25.0497159Z test std_host_consumes_the_shared_webrtc_candidate_semantics ... ok
2026-10-08T23:34:25.0497395Z 
2026-10-08T23:34:25.0497690Z test result: ok. 2 passed; 0 failed; 0 ignored; 0 measured; 0 filtered out; finished in 0.00s
2026-10-08T23:34:25.0497878Z 
2026-10-08T23:34:25.0498978Z [1m[92m     Running[0m tests/resource_allocation.rs (target/debug/deps/resource_allocation-e207ab9748b41489)
2026-10-08T23:34:25.0506483Z 
2026-10-08T23:34:25.0506563Z running 2 tests
2026-10-08T23:34:25.0510308Z test publication_and_read_many_do_not_allocate_after_preparation ... ok
2026-10-08T23:34:25.0511477Z test state_retains_reference_info_without_becoming_the_resource ... ok
2026-10-08T23:34:25.0511628Z 
2026-10-08T23:34:25.0511809Z test result: ok. 2 passed; 0 failed; 0 ignored; 0 measured; 0 filtered out; finished in 0.00s
2026-10-08T23:34:25.0511992Z 
2026-10-08T23:34:25.0514133Z [1m[92m     Running[0m tests/resource_frame_execution.rs (target/debug/deps/resource_frame_execution-41337f4bbde84276)
2026-10-08T23:34:25.0522804Z 
2026-10-08T23:34:25.0522892Z running 1 test
2026-10-08T23:34:25.0637593Z test ordinary_plans_and_kernel_execute_identical_frame_meaning_with_copy_or_shared_consumption ... ok
2026-10-08T23:34:25.0637810Z 
2026-10-08T23:34:25.0638002Z test result: ok. 1 passed; 0 failed; 0 ignored; 0 measured; 0 filtered out; finished in 0.01s
2026-10-08T23:34:25.0638186Z 
2026-10-08T23:34:25.0640541Z [1m[92m     Running[0m tests/resource_publication.rs (target/debug/deps/resource_publication-f6eb04192c510e35)
2026-10-08T23:34:25.0647676Z 
2026-10-08T23:34:25.0647760Z running 3 tests
2026-10-08T23:34:25.0651531Z test candidate_cancellation_releases_payload_and_bad_extent_does_not_consume_storage ... ok
2026-10-08T23:34:25.0670652Z test compositor_can_publish_next_exact_generation_while_readers_keep_old_content ... ok
2026-10-08T23:34:25.0673104Z test published_frame_is_one_residency_for_three_consumers_and_cannot_be_rewritten ... ok
2026-10-08T23:34:25.0673412Z 
2026-10-08T23:34:25.0673706Z test result: ok. 3 passed; 0 failed; 0 ignored; 0 measured; 0 filtered out; finished in 0.00s
2026-10-08T23:34:25.0673889Z 
2026-10-08T23:34:25.0675352Z [1m[92m     Running[0m tests/reusable_count.rs (target/debug/deps/reusable_count-e6a3d156e31a6124)
2026-10-08T23:34:25.0688247Z 
2026-10-08T23:34:25.0688322Z running 1 test
2026-10-08T23:34:25.0928270Z test reusable_count_runs_through_two_nested_levels_in_one_kernel_play ... ok
2026-10-08T23:34:25.0928439Z 
2026-10-08T23:34:25.0928621Z test result: ok. 1 passed; 0 failed; 0 ignored; 0 measured; 0 filtered out; finished in 0.02s
2026-10-08T23:34:25.0928802Z 
2026-10-08T23:34:25.0933961Z [1m[92m     Running[0m tests/reusable_greet.rs (target/debug/deps/reusable_greet-222ccba14c4bff1b)
2026-10-08T23:34:25.0947414Z 
2026-10-08T23:34:25.0947497Z running 1 test
2026-10-08T23:34:25.1178726Z test reusable_greet_runs_twice_with_exact_occurrences_in_one_kernel_play ... ok
2026-10-08T23:34:25.1179025Z 
2026-10-08T23:34:25.1179271Z test result: ok. 1 passed; 0 failed; 0 ignored; 0 measured; 0 filtered out; finished in 0.02s
2026-10-08T23:34:25.1179463Z 
2026-10-08T23:34:25.1183994Z [1m[92m     Running[0m tests/ros2_base_security.rs (target/debug/deps/ros2_base_security-c4a3c31e213e0572)
2026-10-08T23:34:25.1191169Z 
2026-10-08T23:34:25.1191249Z running 2 tests
2026-10-08T23:34:25.1193619Z test direction_sibling_type_capacity_revocation_and_lifecycle_fail_closed ... ok
2026-10-08T23:34:25.1195275Z test selected_topics_map_both_directions_with_exact_bounds_and_qos ... ok
2026-10-08T23:34:25.1195443Z 
2026-10-08T23:34:25.1195629Z test result: ok. 2 passed; 0 failed; 0 ignored; 0 measured; 0 filtered out; finished in 0.00s
2026-10-08T23:34:25.1195815Z 
2026-10-08T23:34:25.1197507Z [1m[92m     Running[0m tests/ros2_native_topic_proof.rs (target/debug/deps/ros2_native_topic_proof-9bc1e86f9cf7f5af)
2026-10-08T23:34:25.1210677Z 
2026-10-08T23:34:25.1210765Z running 3 tests
2026-10-08T23:34:25.1982420Z Unable to find image 'ros:jazzy-ros-core' locally
2026-10-08T23:34:25.7654659Z jazzy-ros-core: Pulling from library/ros
2026-10-08T23:34:25.9241760Z a60ef8ec184e: Already exists
2026-10-08T23:34:25.9271240Z 36511fcaae45: Pulling fs layer
2026-10-08T23:34:25.9271549Z 8570520b7f3a: Pulling fs layer
2026-10-08T23:34:25.9272109Z 01a737a9006d: Pulling fs layer
2026-10-08T23:34:25.9272494Z e7b07210c227: Pulling fs layer
2026-10-08T23:34:25.9272968Z 991d52dbe0d5: Pulling fs layer
2026-10-08T23:34:25.9273188Z e7b07210c227: Waiting
2026-10-08T23:34:25.9273383Z 991d52dbe0d5: Waiting
2026-10-08T23:34:26.0744752Z 01a737a9006d: Verifying Checksum
2026-10-08T23:34:26.0745188Z 01a737a9006d: Download complete
2026-10-08T23:34:26.1193774Z 36511fcaae45: Download complete
2026-10-08T23:34:26.1993914Z 8570520b7f3a: Verifying Checksum
2026-10-08T23:34:26.1994287Z 8570520b7f3a: Download complete
2026-10-08T23:34:26.2664245Z 991d52dbe0d5: Download complete
2026-10-08T23:34:26.5750076Z e7b07210c227: Verifying Checksum
2026-10-08T23:34:26.5750327Z e7b07210c227: Download complete
2026-10-08T23:34:29.0769500Z 36511fcaae45: Pull complete
2026-10-08T23:34:29.3840556Z 8570520b7f3a: Pull complete
2026-10-08T23:34:29.4035246Z 01a737a9006d: Pull complete
2026-10-08T23:34:36.3342221Z e7b07210c227: Pull complete
2026-10-08T23:34:36.3410519Z 991d52dbe0d5: Pull complete
2026-10-08T23:34:36.3441014Z Digest: sha256:8bbec5839a5258d43c8ff8d44c79c87a5c5a929ad419b22d0fa6cd5f196c7818
2026-10-08T23:34:36.3451290Z Status: Downloaded newer image for ros:jazzy-ros-core
2026-10-08T23:34:37.4673941Z test native_ros_topic_round_trip_has_no_sibling_or_reflection_effect ... ok
2026-10-08T23:34:37.4675356Z test security_support::direction_sibling_type_capacity_revocation_and_lifecycle_fail_closed ... ok
2026-10-08T23:34:37.4676808Z test security_support::selected_topics_map_both_directions_with_exact_bounds_and_qos ... ok
2026-10-08T23:34:37.4677254Z 
2026-10-08T23:34:37.4677574Z test result: ok. 3 passed; 0 failed; 0 ignored; 0 measured; 0 filtered out; finished in 12.35s
2026-10-08T23:34:37.4677975Z 
2026-10-08T23:34:37.4684347Z [1m[92m     Running[0m tests/run_control.rs (target/debug/deps/run_control-22cc874fde3a8372)
2026-10-08T23:34:37.4700226Z 
2026-10-08T23:34:37.4700465Z running 2 tests
2026-10-08T23:34:37.4702130Z test duplicate_stop_request_is_rejected_with_its_own_identity ... ok
2026-10-08T23:34:37.4920726Z test exact_stop_request_uses_scheduler_cancellation_and_returns_terminal_sign ... ok
2026-10-08T23:34:37.4921035Z 
2026-10-08T23:34:37.4921332Z test result: ok. 2 passed; 0 failed; 0 ignored; 0 measured; 0 filtered out; finished in 0.02s
2026-10-08T23:34:37.4921527Z 
2026-10-08T23:34:37.4925415Z [1m[92m     Running[0m tests/scheduled_job.rs (target/debug/deps/scheduled_job-af4c138e58c96ca5)
2026-10-08T23:34:37.4935201Z 
2026-10-08T23:34:37.4935288Z running 1 test
2026-10-08T23:34:37.5009263Z test ready_elapsed_occurrence_executes_only_through_separate_job_authority ... ok
2026-10-08T23:34:37.5009572Z 
2026-10-08T23:34:37.5009883Z test result: ok. 1 passed; 0 failed; 0 ignored; 0 measured; 0 filtered out; finished in 0.01s
2026-10-08T23:34:37.5010191Z 
2026-10-08T23:34:37.5012061Z [1m[92m     Running[0m tests/scheduled_reminder.rs (target/debug/deps/scheduled_reminder-ada2971fa3d22e72)
2026-10-08T23:34:37.5020127Z 
2026-10-08T23:34:37.5020358Z running 1 test
2026-10-08T23:34:37.5028194Z test civil_reminder_fires_once_without_executing_or_mutating_the_event ... ok
2026-10-08T23:34:37.5028476Z 
2026-10-08T23:34:37.5028787Z test result: ok. 1 passed; 0 failed; 0 ignored; 0 measured; 0 filtered out; finished in 0.00s
2026-10-08T23:34:37.5029094Z 
2026-10-08T23:34:37.5030708Z [1m[92m     Running[0m tests/security_acceptance_matrix.rs (target/debug/deps/security_acceptance_matrix-016642097eea6a55)
2026-10-08T23:34:37.5037955Z 
2026-10-08T23:34:37.5038052Z running 1 test
2026-10-08T23:34:37.5040942Z test blast_radius_receipts_are_finite_complete_and_secret_free ... ok
2026-10-08T23:34:37.5041206Z 
2026-10-08T23:34:37.5041508Z test result: ok. 1 passed; 0 failed; 0 ignored; 0 measured; 0 filtered out; finished in 0.00s
2026-10-08T23:34:37.5041827Z 
2026-10-08T23:34:37.5043016Z [1m[92m     Running[0m tests/tabular_plots.rs (target/debug/deps/tabular_plots-0095daca9258a16e)
2026-10-08T23:34:37.5051540Z 
2026-10-08T23:34:37.5051627Z running 4 tests
2026-10-08T23:34:37.5103480Z test canonical_plot_filters_and_projects_rows_without_sql_or_json ... ok
2026-10-08T23:34:37.5114949Z test deterministic_provider_preserves_types_null_and_end_of_results ... ok
2026-10-08T23:34:37.5128624Z test errors_oversize_and_materialization_remain_distinct ... ok
2026-10-08T23:34:37.5148151Z test filter_keeps_active_rows_without_string_coercion ... ok
2026-10-08T23:34:37.5148394Z 
2026-10-08T23:34:37.5148783Z test result: ok. 4 passed; 0 failed; 0 ignored; 0 measured; 0 filtered out; finished in 0.01s
2026-10-08T23:34:37.5149119Z 
2026-10-08T23:34:37.5151146Z [1m[92m     Running[0m tests/talking_polaroid_composition.rs (target/debug/deps/talking_polaroid_composition-cf1e0d8556f0659d)
2026-10-08T23:34:37.5159636Z 
2026-10-08T23:34:37.5159845Z running 4 tests
2026-10-08T23:34:37.5165647Z test composed_record_uses_shared_history_and_durable_snapshot_contract ... ok
2026-10-08T23:34:37.5181976Z test composed_value_uses_shared_framing_queue_receipt_and_transcript ... ok
2026-10-08T23:34:37.5204744Z test structural_inspection_is_sign_bound_and_does_not_claim_image_manifestation ... ok
2026-10-08T23:34:37.5207147Z test transport_loss_is_not_misreported_as_storage_or_composition_failure ... ok
2026-10-08T23:34:37.5207465Z 
2026-10-08T23:34:37.5207822Z test result: ok. 4 passed; 0 failed; 0 ignored; 0 measured; 0 filtered out; finished in 0.00s
2026-10-08T23:34:37.5208137Z 
2026-10-08T23:34:37.5209394Z [1m[92m     Running[0m tests/temporal_isomorphism.rs (target/debug/deps/temporal_isomorphism-861f8d5f13172406)
2026-10-08T23:34:37.5217332Z 
2026-10-08T23:34:37.5234213Z running 1 test
2026-10-08T23:34:37.5234528Z test meeting_job_and_model_follow_up_share_time_without_sharing_domain_meaning ... ok
2026-10-08T23:34:37.5234728Z 
2026-10-08T23:34:37.5235109Z test result: ok. 1 passed; 0 failed; 0 ignored; 0 measured; 0 filtered out; finished in 0.00s
2026-10-08T23:34:37.5235375Z 
2026-10-08T23:34:37.5236999Z [1m[92m     Running[0m tests/text_lab_split_sessions.rs (target/debug/deps/text_lab_split_sessions-f21ac078d738f66a)
2026-10-08T23:34:37.5248207Z 
2026-10-08T23:34:37.5248347Z running 1 test
2026-10-08T23:34:37.5310107Z test exact_two_line_sessions_carry_both_production_kernel_fragments_to_terminal ... ok
2026-10-08T23:34:37.5310321Z 
2026-10-08T23:34:37.5310520Z test result: ok. 1 passed; 0 failed; 0 ignored; 0 measured; 0 filtered out; finished in 0.01s
2026-10-08T23:34:37.5310706Z 
2026-10-08T23:34:37.5313147Z [1m[92m     Running[0m tests/time_capstone.rs (target/debug/deps/time_capstone-26cea93a83c03a08)
2026-10-08T23:34:37.5320689Z 
2026-10-08T23:34:37.5320771Z running 2 tests
2026-10-08T23:34:37.5343368Z test capstone_failures_remain_distinct_across_time_and_provider_boundaries ... ok
2026-10-08T23:34:37.5368770Z test human_machine_and_model_commitments_share_time_but_not_identity_or_authority ... ok
2026-10-08T23:34:37.5369089Z 
2026-10-08T23:34:37.5369389Z test result: ok. 2 passed; 0 failed; 0 ignored; 0 measured; 0 filtered out; finished in 0.00s
2026-10-08T23:34:37.5369580Z 
2026-10-08T23:34:37.5370647Z [1m[92m     Running[0m tests/time_sample_plan.rs (target/debug/deps/time_sample_plan-c3aa1470480d16e3)
2026-10-08T23:34:37.5379749Z 
2026-10-08T23:34:37.5379831Z running 1 test
2026-10-08T23:34:37.5398705Z test plan_retains_the_exact_non_authored_sample_specialization ... ok
2026-10-08T23:34:37.5398959Z 
2026-10-08T23:34:37.5399144Z test result: ok. 1 passed; 0 failed; 0 ignored; 0 measured; 0 filtered out; finished in 0.00s
2026-10-08T23:34:37.5399328Z 
2026-10-08T23:34:37.5401959Z [1m[92m     Running[0m tests/time_window_plan.rs (target/debug/deps/time_window_plan-4f51d26d539abc24)
2026-10-08T23:34:37.5410635Z 
2026-10-08T23:34:37.5410728Z running 1 test
2026-10-08T23:34:37.5450299Z test plan_retains_the_exact_non_authored_window_specialization ... ok
2026-10-08T23:34:37.5450553Z 
2026-10-08T23:34:37.5452876Z test result: ok. 1 passed; 0 failed; 0 ignored; 0 measured; 0 filtered out; finished in 0.00s
2026-10-08T23:34:37.5454242Z 
2026-10-08T23:34:37.5454989Z [1m[92m     Running[0m tests/todo_checkpoint_body_play.rs (target/debug/deps/todo_checkpoint_body_play-9d60a741dde759e1)
2026-10-08T23:34:37.5468304Z 
2026-10-08T23:34:37.5468393Z running 8 tests
2026-10-08T23:34:37.5671757Z test authored_plan_selects_exact_installed_backs ... ok
2026-10-08T23:34:37.5924028Z test cancelled_wait_has_no_command_effect_or_committed_delivery ... ok
2026-10-08T23:34:37.6279558Z test command_arrives_after_started_play_and_commits_once ... ok
2026-10-08T23:34:37.6743374Z test elapsed_wait_refuses_without_publishing ... ok
2026-10-08T23:34:37.6985855Z test public_body_play_publishes_before_committed_fore_delivery ... ok
2026-10-08T23:34:37.7174920Z test rebound_residence_is_refused_before_play ... ok
2026-10-08T23:34:37.7376190Z test refused_play_start_leaves_residence_and_fore_untouched ... ok
2026-10-08T23:34:37.7578604Z test refused_start_cannot_publish_waiting_checkpoint ... ok
2026-10-08T23:34:37.7578924Z 
2026-10-08T23:34:37.7579670Z test result: ok. 8 passed; 0 failed; 0 ignored; 0 measured; 0 filtered out; finished in 0.21s
2026-10-08T23:34:37.7579989Z 
2026-10-08T23:34:37.7586273Z [1m[92m     Running[0m tests/todo_checkpoint_host_call.rs (target/debug/deps/todo_checkpoint_host_call-31e740b14f89ded2)
2026-10-08T23:34:37.7596486Z 
2026-10-08T23:34:37.7596596Z running 4 tests
2026-10-08T23:34:37.7774454Z test checkpoint_host_advertises_exact_selected_version_before_ledger ... ok
2026-10-08T23:34:37.7776497Z test checkpoint_output_waits_for_host_call_and_failure_never_reaches_sink ... ok
2026-10-08T23:34:37.7778598Z test completed_host_call_releases_exact_state_to_sink ... ok
2026-10-08T23:34:37.7794830Z test selected_host_call_commits_before_completion_and_second_host_recovers ... ok
2026-10-08T23:34:37.7795013Z 
2026-10-08T23:34:37.7795221Z test result: ok. 4 passed; 0 failed; 0 ignored; 0 measured; 0 filtered out; finished in 0.02s
2026-10-08T23:34:37.7795407Z 
2026-10-08T23:34:37.7798257Z [1m[92m     Running[0m tests/todo_checkpoint_read_body_play.rs (target/debug/deps/todo_checkpoint_read_body_play-8a8b0be8c4d70439)
2026-10-08T23:34:37.7810200Z 
2026-10-08T23:34:37.7810282Z running 7 tests
2026-10-08T23:34:37.8012355Z test fresh_v2_publication_requires_explicit_new_list_choice ... ok
2026-10-08T23:34:37.8663755Z test idle_offer_transition_preserves_host_play_sequence_and_refuses_stale_plans ... ok
2026-10-08T23:34:37.9807510Z test missing_stale_and_corrupt_versions_never_emit_state ... ok
2026-10-08T23:34:37.9986715Z test old_plot_keyed_checkpoint_requires_explicit_migration ... ok
2026-10-08T23:34:38.0959253Z test read_body_play_transfers_large_admitted_state_and_refuses_oversize_checkpoint ... ok
2026-10-08T23:34:38.1372445Z test second_host_restores_exact_published_state_through_fore ... ok
2026-10-08T23:34:38.1951825Z test selected_resource_body_and_list_mismatch_refuse_before_state_output ... ok
2026-10-08T23:34:38.1952117Z 
2026-10-08T23:34:38.1952414Z test result: ok. 7 passed; 0 failed; 0 ignored; 0 measured; 0 filtered out; finished in 0.41s
2026-10-08T23:34:38.1952732Z 
2026-10-08T23:34:38.1957767Z [1m[92m     Running[0m tests/todo_durable_resource.rs (target/debug/deps/todo_durable_resource-aef75e683565b4d2)
2026-10-08T23:34:38.1967997Z 
2026-10-08T23:34:38.1968392Z running 4 tests
2026-10-08T23:34:38.1983819Z test committed_todo_recovers_on_second_selected_host_and_refuses_wrong_grants ... ok
2026-10-08T23:34:38.1998457Z test corrupt_current_generation_refuses_without_falling_back ... ok
2026-10-08T23:34:38.2022217Z test next_generation_requires_fresh_planned_version_and_read_grant ... ok
2026-10-08T23:34:38.2046746Z test selector_failure_keeps_previous_checkpoint_current ... ok
2026-10-08T23:34:38.2046987Z 
2026-10-08T23:34:38.2047297Z test result: ok. 4 passed; 0 failed; 0 ignored; 0 measured; 0 filtered out; finished in 0.01s
2026-10-08T23:34:38.2047507Z 
2026-10-08T23:34:38.2048872Z [1m[92m     Running[0m tests/triple_plan.rs (target/debug/deps/triple_plan-a92e5d8a23ddc219)
2026-10-08T23:34:38.2057987Z 
2026-10-08T23:34:38.2058085Z running 1 test
2026-10-08T23:34:38.2078486Z test source_fragment_has_one_local_and_two_remote_atomic_fanout_branches ... ok
2026-10-08T23:34:38.2078656Z 
2026-10-08T23:34:38.2078842Z test result: ok. 1 passed; 0 failed; 0 ignored; 0 measured; 0 filtered out; finished in 0.00s
2026-10-08T23:34:38.2079027Z 
2026-10-08T23:34:38.2081385Z [1m[92m     Running[0m tests/triple_source.rs (target/debug/deps/triple_source-26eabd6dbbcfa3bd)
2026-10-08T23:34:38.2090149Z 
2026-10-08T23:34:38.2090235Z running 3 tests
2026-10-08T23:34:38.2114847Z test malformed_frame_is_rejected_and_sink_failure_reaches_both_exact_sessions ... ok
2026-10-08T23:34:41.9672400Z test one_kernel_atomically_fans_each_value_to_stdout_browser_and_pico ... ok
2026-10-08T23:34:41.9694684Z test stale_pico_boot_and_base_instance_fail_before_play_start ... ok
2026-10-08T23:34:41.9695394Z 
2026-10-08T23:34:41.9695716Z test result: ok. 3 passed; 0 failed; 0 ignored; 0 measured; 0 filtered out; finished in 3.76s
2026-10-08T23:34:41.9696207Z 
2026-10-08T23:34:41.9699060Z [1m[92m     Running[0m tests/typed_state_back.rs (target/debug/deps/typed_state_back-b44efcc2ff798b45)
2026-10-08T23:34:41.9711531Z 
2026-10-08T23:34:41.9711697Z running 1 test
2026-10-08T23:34:41.9724975Z test malformed_input_preserves_committed_state_and_is_not_completion ... ok
2026-10-08T23:34:41.9725268Z 
2026-10-08T23:34:41.9725577Z test result: ok. 1 passed; 0 failed; 0 ignored; 0 measured; 0 filtered out; finished in 0.00s
2026-10-08T23:34:41.9725873Z 
2026-10-08T23:34:41.9728452Z [1m[92m     Running[0m tests/vector_retrieval_capstone.rs (target/debug/deps/vector_retrieval_capstone-cddfa2cb8cb0f2a7)
2026-10-08T23:34:41.9738724Z 
2026-10-08T23:34:41.9738806Z running 2 tests
2026-10-08T23:34:41.9762409Z test heterogeneous_resources_query_as_candidates_through_one_portable_plot ... ok
2026-10-08T23:34:41.9783425Z test reembedding_requires_fresh_index_handle_offer_and_plan_truth ... ok
2026-10-08T23:34:41.9783701Z 
2026-10-08T23:34:41.9784022Z test result: ok. 2 passed; 0 failed; 0 ignored; 0 measured; 0 filtered out; finished in 0.00s
2026-10-08T23:34:41.9784240Z 
2026-10-08T23:34:41.9786215Z [1m[92m     Running[0m unittests src/lib.rs (target/debug/deps/conduit_std_offers-8604fcf17a51913b)
2026-10-08T23:34:41.9794264Z 
2026-10-08T23:34:41.9794356Z running 65 tests
2026-10-08T23:34:41.9796806Z test alife::tests::every_offer_preserves_its_portable_contract ... ok
2026-10-08T23:34:41.9797391Z test body_chat::tests::offers_preserve_body_chat_semantics_and_bounded_operations ... ok
2026-10-08T23:34:41.9821023Z test calendar::tests::calculation_offers_preserve_exact_portable_shapes_and_bounds ... ok
2026-10-08T23:34:41.9821970Z test conversation_commit::tests::commit_offers_preserve_portable_fronts_and_finite_host_calls ... ok
2026-10-08T23:34:41.9823073Z test conversation_commit::tests::installed_commit_covers_its_exact_semantic_text_envelope ... ok
2026-10-08T23:34:41.9824262Z test copy_file::tests::copy_offer_requires_two_named_protected_files_and_one_bounded_step ... ok
2026-10-08T23:34:41.9825841Z test copy_file::tests::copy_result_presenter_preserves_the_generic_structured_contract ... ok
2026-10-08T23:34:41.9826616Z test current_sample::tests::offer_preserves_exact_value_and_trigger_fores_without_host_effects ... ok
2026-10-08T23:34:41.9827288Z test data_text::tests::save_and_load_preserve_exact_v2_fronts_and_require_one_shared_slot ... ok
2026-10-08T23:34:41.9865049Z test domain_specimens::tests::hosted_offers_preserve_portable_fronts_without_exporting_motion_authority ... ok
2026-10-08T23:34:41.9869153Z test espeak_speech::tests::actual_provider_preserves_portable_meaning_and_finite_pcm_blocks ... ok
2026-10-08T23:34:41.9875243Z test espeak_speech::tests::closure_changes_bind_resources_without_relabeling_the_compiled_adapter ... ok
2026-10-08T23:34:41.9876058Z test final_normalized_pattern::tests::offer_preserves_exact_temporal_and_value_front ... ok
2026-10-08T23:34:41.9876999Z test flow_collect::tests::offer_is_exact_effect_free_and_unit_overflow_specialized ... ok
2026-10-08T23:34:41.9877594Z test flow_collect::tests::offer_refuses_specializations_outside_the_std_storage_profile ... ok
2026-10-08T23:34:41.9878611Z test flow_state::tests::offers_preserve_exact_portable_contracts ... ok
2026-10-08T23:34:41.9880511Z test flow_zip::tests::offer_preserves_both_exact_input_contracts_without_host_effects ... ok
2026-10-08T23:34:41.9886053Z test generalized_input::tests::offers_preserve_portable_fronts_and_finite_effects ... ok
2026-10-08T23:34:41.9886706Z test house_conversation::tests::offer_preserves_portable_contract_and_finite_host_calls ... ok
2026-10-08T23:34:41.9888372Z test image_text::tests::offer_preserves_the_portable_front_and_finite_bounds ... ok
2026-10-08T23:34:41.9888944Z test json::tests::offers_preserve_portable_contracts_and_distinct_realizations ... ok
2026-10-08T23:34:41.9889730Z test keyboard::tests::offer_preserves_portable_front_and_bounded_effect ... ok
2026-10-08T23:34:41.9890216Z test microphone::tests::offer_keeps_endpoint_resource_and_capture_authority_explicit ... ok
2026-10-08T23:34:41.9890660Z test model_text::tests::offer_preserves_the_portable_front_and_finite_projection_boundary ... ok
2026-10-08T23:34:41.9895533Z test music::tests::sound_offers_preserve_portable_fronts_and_exact_effects ... ok
2026-10-08T23:34:41.9908831Z test navigation::tests::each_navigation_kind_has_distinct_profile_and_implementation_identity ... ok
2026-10-08T23:34:41.9921213Z test navigation::tests::every_input_has_one_finite_authority_free_host_call ... ok
2026-10-08T23:34:41.9938009Z test navigation::tests::offers_preserve_exact_portable_navigation_fronts ... ok
2026-10-08T23:34:41.9939630Z test pattern_comparison::tests::offer_preserves_front_configuration_and_finite_operations ... ok
2026-10-08T23:34:41.9940774Z test presentation_sinks::tests::every_std_sink_preserves_the_portable_contract_and_one_bounded_effect ... ok
2026-10-08T23:34:41.9943094Z test presentation_structure::tests::all_twelve_structural_offers_preserve_portable_contracts ... ok
2026-10-08T23:34:41.9944267Z test robotics::tests::std_robotics_offers_are_finite_and_authority_free ... ok
2026-10-08T23:34:41.9945813Z test sequence_normalization::tests::offer_preserves_the_portable_normalization_front ... ok
2026-10-08T23:34:41.9946444Z test signal::tests::std_signal_offers_are_exact_target_truth_without_scenario_identity ... ok
2026-10-08T23:34:41.9947007Z test speech_commit::tests::offer_preserves_the_portable_flow_and_exact_finite_operations ... ok
2026-10-08T23:34:41.9947619Z test speech_recognition::tests::committed_turn_offer_preserves_the_flow_front_and_finite_bounds ... ok
2026-10-08T23:34:41.9948239Z test speech_recognition::tests::offer_preserves_the_portable_front_and_finite_bounds ... ok
2026-10-08T23:34:41.9951508Z test speech_recognition::tests::whisper_clip_offer_preserves_the_distinct_bounded_clip_contract ... ok
2026-10-08T23:34:41.9954964Z test speech_recognition::tests::whisper_offer_preserves_portable_recognition_and_process_bounds ... ok
2026-10-08T23:34:41.9955516Z test speech_recognition_adapters::tests::offers_preserve_explicit_tongues_adapter_fronts ... ok
2026-10-08T23:34:41.9961475Z test speech_synthesis::tests::deterministic_offer_preserves_portable_speech_front_and_bounds_each_block ... ok
2026-10-08T23:34:41.9974883Z test speech_synthesis::tests::proof_offers_declare_only_their_exact_english_fixture_scope ... ok
2026-10-08T23:34:41.9980310Z test speech_synthesis::tests::streaming_offer_preserves_speakable_segment_and_pcm_flow_contract ... ok
2026-10-08T23:34:41.9982024Z test spoken_mask::tests::spoken_mask_offers_have_canonical_host_call_requirements ... ok
2026-10-08T23:34:41.9982948Z test state_input::tests::every_offer_preserves_its_portable_contract ... ok
2026-10-08T23:34:41.9984786Z test structured_selector::tests::offer_preserves_dynamic_portable_contract ... ok
2026-10-08T23:34:41.9985434Z test structured_values::flow_pressure::tests::offers_preserve_exact_checked_pressure_contracts ... ok
2026-10-08T23:34:41.9986420Z test structured_values::state::tests::durable_offer_is_distinct_and_seals_body_retention_operations ... ok
2026-10-08T23:34:41.9987211Z test structured_values::state::tests::offer_preserves_typed_meaning_and_names_its_smaller_realization_bound ... ok
2026-10-08T23:34:41.9988207Z test structured_values::tests::offers_preserve_exact_portable_fronts ... ok
2026-10-08T23:34:41.9989904Z test template_storage::tests::offer_preserves_portable_front_and_requires_one_finite_storage_slot ... ok
2026-10-08T23:34:41.9990870Z test tests::functional_offers_preserve_exact_portable_contracts ... ok
2026-10-08T23:34:42.0002009Z test tests::hosted_inventory_matches_every_portable_nucleus_contract_exactly ... ok
2026-10-08T23:34:42.0128614Z test tests::neutral_sources_contain_no_moved_hosted_offer_identity ... ok
2026-10-08T23:34:42.0135851Z test tests::production_realization_families_retain_one_exact_semantic_contract ... ok
2026-10-08T23:34:42.0136826Z test text::tests::std_offers_consume_exact_portable_text_fronts ... ok
2026-10-08T23:34:42.0137540Z test text_state::tests::offers_preserve_the_portable_bounded_fronts ... ok
2026-10-08T23:34:42.0138646Z test timed_button_attempt::tests::offer_preserves_portable_front_and_admits_clock_work ... ok
2026-10-08T23:34:42.0140222Z test timed_pattern::tests::offer_preserves_the_portable_timed_sequence_front ... ok
2026-10-08T23:34:42.0140856Z test timing::tests::sample_offer_preserves_one_exact_specialization_without_clock_effects ... ok
2026-10-08T23:34:42.0141772Z test timing::tests::timing_offers_preserve_exact_contracts_and_effect_requirements ... ok
2026-10-08T23:34:42.0142907Z test timing::tests::window_offer_preserves_specialization_and_requires_monotonic_time ... ok
2026-10-08T23:34:42.0143457Z test todo::tests::offer_keeps_exact_todo_kind_and_finite_bounds ... ok
2026-10-08T23:34:42.0225729Z test vision::tests::local_cv_offers_preserve_portable_front_and_seal_read_authority ... ok
2026-10-08T23:34:42.0230254Z test workflows::tests::effectful_offers_preserve_finite_operation_resource_and_authority_truth ... ok
2026-10-08T23:34:42.0230477Z 
2026-10-08T23:34:42.0230672Z test result: ok. 65 passed; 0 failed; 0 ignored; 0 measured; 0 filtered out; finished in 0.04s
2026-10-08T23:34:42.0230859Z 
2026-10-08T23:34:42.0232550Z [1m[92m   Doc-tests[0m conduit_std_host
2026-10-08T23:34:42.7492783Z 
2026-10-08T23:34:42.7493365Z running 0 tests
2026-10-08T23:34:42.7493562Z 
2026-10-08T23:34:42.7493861Z test result: ok. 0 passed; 0 failed; 0 ignored; 0 measured; 0 filtered out; finished in 0.00s
2026-10-08T23:34:42.7494060Z 
2026-10-08T23:34:42.7511924Z [1m[92m   Doc-tests[0m conduit_std_offers
2026-10-08T23:34:42.7929991Z 
2026-10-08T23:34:42.7930505Z running 0 tests
2026-10-08T23:34:42.7930699Z 
2026-10-08T23:34:42.7931026Z test result: ok. 0 passed; 0 failed; 0 ignored; 0 measured; 0 filtered out; finished in 0.00s
2026-10-08T23:34:42.7931268Z 
2026-10-08T23:34:42.7971287Z [1m[91merror[0m: 1 target failed:
2026-10-08T23:34:42.7971559Z     `-p conduit-std-host --test native_speech`
2026-10-08T23:34:42.8116854Z xtask error: FAILED: hosts-std/check.test.hosts-std
2026-10-08T23:34:42.8117109Z reproduce: cargo xtask ci pipeline unit hosts-std
2026-10-08T23:34:42.8117334Z candidate: 7a5a5788bb12d9416e6b9f0e616444feeade335e
2026-10-08T23:34:42.8117657Z Independent target proof runs in parallel. See the test failure above for its exact test filter.
2026-10-08T23:34:42.8132351Z ##[error]Process completed with exit code 1.
2026-10-08T23:34:42.8178153Z ##[group]Run actions/upload-artifact@v7.0.1
2026-10-08T23:34:42.8178311Z with:
2026-10-08T23:34:42.8178434Z   name: acquisition-unit-hosts-std
2026-10-08T23:34:42.8178586Z   path: target/acquisition/unit.json
2026-10-08T23:34:42.8178734Z   if-no-files-found: warn
2026-10-08T23:34:42.8178860Z   retention-days: 14
2026-10-08T23:34:42.8178979Z   compression-level: 6
2026-10-08T23:34:42.8179107Z   overwrite: false
2026-10-08T23:34:42.8179226Z   include-hidden-files: false
2026-10-08T23:34:42.8179358Z   archive: true
2026-10-08T23:34:42.8179466Z env:
2026-10-08T23:34:42.8179574Z   CARGO_TERM_COLOR: always
2026-10-08T23:34:42.8179699Z   CARGO_INCREMENTAL: 0
2026-10-08T23:34:42.8179819Z   CARGO_PROFILE_DEV_DEBUG: 0
2026-10-08T23:34:42.8179953Z   CARGO_PROFILE_TEST_DEBUG: 0
2026-10-08T23:34:42.8180084Z   RUSTUP_TOOLCHAIN: 1.98.1
2026-10-08T23:34:42.8180250Z   CONDUIT_CHECKOUT_SHA: 7a5a5788bb12d9416e6b9f0e616444feeade335e
2026-10-08T23:34:42.8180446Z   CARGO_HOME: /home/runner/.cargo
2026-10-08T23:34:42.8180601Z   CACHE_ON_FAILURE: false
2026-10-08T23:34:42.8180725Z ##[endgroup]
2026-10-08T23:34:42.9034443Z With the provided path, there will be 1 file uploaded
2026-10-08T23:34:42.9037060Z Artifact name is valid!
2026-10-08T23:34:42.9037481Z Root directory input is valid!
2026-10-08T23:34:43.1982917Z Uploading artifact: acquisition-unit-hosts-std.zip
2026-10-08T23:34:43.2007326Z Beginning upload of artifact content to blob storage
2026-10-08T23:34:43.3565958Z Uploaded bytes 1988
2026-10-08T23:34:43.4381685Z Finished uploading artifact content to blob storage!
2026-10-08T23:34:43.4382269Z SHA256 digest of uploaded artifact is 58eb48eaf315024b8de3af2bcdaa937a2a1fec827a21c6729689b8123d100fa5
2026-10-08T23:34:43.4382851Z Finalizing artifact upload
2026-10-08T23:34:43.7341960Z Artifact acquisition-unit-hosts-std successfully finalized. Artifact ID 11586126162
2026-10-08T23:34:43.7342958Z Artifact acquisition-unit-hosts-std has been successfully uploaded! Final size is 1988 bytes. Artifact ID is 11586126162
2026-10-08T23:34:43.7345631Z Artifact download URL: https://github.com/dancxjo/conduit/actions/runs/37858234436/artifacts/11586126162
2026-10-08T23:34:43.7501664Z Post job cleanup.
2026-10-08T23:34:43.8050116Z [command]/usr/bin/git version
2026-10-08T23:34:43.8082580Z git version 2.55.0
2026-10-08T23:34:43.8103588Z Temporarily overriding HOME='/home/runner/work/_temp/219b750d-e673-4675-87c0-15716e29285a' before making global git config changes
2026-10-08T23:34:43.8104705Z Adding repository directory to the temporary git global config as a safe directory
2026-10-08T23:34:43.8106982Z [command]/usr/bin/git config --global --add safe.directory /home/runner/work/conduit/conduit
2026-10-08T23:34:43.8130949Z Removing SSH command configuration
2026-10-08T23:34:43.8134710Z [command]/usr/bin/git config --local --name-only --get-regexp core\.sshCommand
2026-10-08T23:34:43.8159460Z [command]/usr/bin/git submodule foreach --recursive sh -c "git config --local --name-only --get-regexp 'core\.sshCommand' && git config --local --unset-all 'core.sshCommand' || :"
2026-10-08T23:34:43.8332185Z Removing HTTP extra header
2026-10-08T23:34:43.8335864Z [command]/usr/bin/git config --local --name-only --get-regexp http\.https\:\/\/github\.com\/\.extraheader
2026-10-08T23:34:43.8361025Z [command]/usr/bin/git submodule foreach --recursive sh -c "git config --local --name-only --get-regexp 'http\.https\:\/\/github\.com\/\.extraheader' && git config --local --unset-all 'http.https://github.com/.extraheader' || :"
2026-10-08T23:34:43.8528241Z Removing includeIf entries pointing to credentials config files
2026-10-08T23:34:43.8532461Z [command]/usr/bin/git config --local --name-only --get-regexp ^includeIf\.gitdir:
2026-10-08T23:34:43.8555738Z [command]/usr/bin/git submodule foreach --recursive git config --local --show-origin --name-only --get-regexp remote.origin.url
2026-10-08T23:34:43.8832527Z Cleaning up orphan processes
