2026-10-08T23:25:24.3677614Z Current runner version: '2.337.0'
2026-10-08T23:25:24.3694669Z ##[group]Runner Image Provisioner
2026-10-08T23:25:24.3695206Z Hosted Compute Agent
2026-10-08T23:25:24.3695561Z Version: 20261002.596
2026-10-08T23:25:24.3696016Z Commit: c3d12f3313a95f25162a1503be624f3b0617f8c0
2026-10-08T23:25:24.3696454Z Build Date: 2026-10-02T22:28:27Z
2026-10-08T23:25:24.3696914Z Worker ID: {fcf2453b-462d-4ce8-85e4-6307d34c9740}
2026-10-08T23:25:24.3697351Z Region: southcentralus
2026-10-08T23:25:24.3697703Z Cloud: Azure
2026-10-08T23:25:24.3698098Z ##[endgroup]
2026-10-08T23:25:24.3699157Z ##[group]Operating System
2026-10-08T23:25:24.3699517Z Ubuntu
2026-10-08T23:25:24.3699895Z 24.04.5
2026-10-08T23:25:24.3700211Z LTS
2026-10-08T23:25:24.3700579Z ##[endgroup]
2026-10-08T23:25:24.3700924Z ##[group]Runner Image
2026-10-08T23:25:24.3701297Z Image: ubuntu-24.04
2026-10-08T23:25:24.3701690Z Version: 20261004.327.1
2026-10-08T23:25:24.3702448Z Included Software: https://github.com/actions/runner-images/blob/ubuntu24/20261004.327/images/ubuntu/Ubuntu2404-Readme.md
2026-10-08T23:25:24.3703354Z Image Release: https://github.com/actions/runner-images/releases/tag/ubuntu24%2F20261004.327
2026-10-08T23:25:24.3703935Z ##[endgroup]
2026-10-08T23:25:24.3704620Z ##[group]GITHUB_TOKEN Permissions
2026-10-08T23:25:24.3705976Z Contents: read
2026-10-08T23:25:24.3706385Z Metadata: read
2026-10-08T23:25:24.3706723Z ##[endgroup]
2026-10-08T23:25:24.3708027Z Secret source: Actions
2026-10-08T23:25:24.3708757Z Cache mode: write
2026-10-08T23:25:24.3709219Z Prepare workflow directory
2026-10-08T23:25:24.4027066Z Prepare all required actions
2026-10-08T23:25:24.4059152Z Getting action download info
2026-10-08T23:25:24.6522479Z Download action repository 'actions/checkout@v7.0.1' (SHA:3d3c42e5aac5ba805825da76410c181273ba90b1)
2026-10-08T23:25:24.7443012Z Download action repository 'dtolnay/rust-toolchain@1.98.1' (SHA:c6590455eca8e79d081430ebfe2074192ae90290)
2026-10-08T23:25:24.9126775Z Download action repository 'actions/setup-node@v7.0.0' (SHA:820762786026740c76f36085b0efc47a31fe5020)
2026-10-08T23:25:25.4520709Z Download action repository 'Swatinem/rust-cache@v2' (SHA:6323deb102c322ba6fcbdcafc7e3dddab59af2b6)
2026-10-08T23:25:26.1103656Z Download action repository 'actions/cache@v6.1.0' (SHA:55cc8345863c7cc4c66a329aec7e433d2d1c52a9)
2026-10-08T23:25:26.5213654Z Download action repository 'actions/upload-artifact@v7.0.1' (SHA:043fb46d1a93c77aae656e7c1c64a875d1fc6a0a)
2026-10-08T23:25:26.7792321Z Uses: dancxjo/conduit/.github/workflows/ci.yml@refs/pull/5208/merge (278da7bd80e42b7faf89e5101159aecb5eec5721)
2026-10-08T23:25:26.7794626Z ##[group] Inputs
2026-10-08T23:25:26.7794800Z   sha: 0acf94d2f105c45b95e0e0b60def7c6bbfaa832e
2026-10-08T23:25:26.7795133Z   exhaustive: true
2026-10-08T23:25:26.7795270Z   base: 6cc4ba02f2139716e454da8463ff28f0b3502814
2026-10-08T23:25:26.7795445Z ##[endgroup]
2026-10-08T23:25:26.7795587Z Complete job name: proof / target / browser
2026-10-08T23:25:26.8318451Z ##[group]Run actions/checkout@v7.0.1
2026-10-08T23:25:26.8318782Z with:
2026-10-08T23:25:26.8318940Z   ref: 0acf94d2f105c45b95e0e0b60def7c6bbfaa832e
2026-10-08T23:25:26.8319120Z   fetch-depth: 0
2026-10-08T23:25:26.8319258Z   persist-credentials: false
2026-10-08T23:25:26.8319412Z   repository: dancxjo/conduit
2026-10-08T23:25:26.8320781Z   token: ***
2026-10-08T23:25:26.8320897Z   ssh-strict: true
2026-10-08T23:25:26.8321014Z   ssh-user: git
2026-10-08T23:25:26.8321126Z   clean: true
2026-10-08T23:25:26.8321250Z   sparse-checkout-cone-mode: true
2026-10-08T23:25:26.8321398Z   fetch-tags: false
2026-10-08T23:25:26.8321519Z   show-progress: true
2026-10-08T23:25:26.8321645Z   lfs: false
2026-10-08T23:25:26.8321757Z   submodules: false
2026-10-08T23:25:26.8321881Z   set-safe-directory: true
2026-10-08T23:25:26.8322025Z   allow-unsafe-pr-checkout: false
2026-10-08T23:25:26.8322244Z env:
2026-10-08T23:25:26.8322357Z   CARGO_TERM_COLOR: always
2026-10-08T23:25:26.8322534Z   CARGO_INCREMENTAL: 0
2026-10-08T23:25:26.8322680Z   CARGO_PROFILE_DEV_DEBUG: 0
2026-10-08T23:25:26.8323006Z   CARGO_PROFILE_TEST_DEBUG: 0
2026-10-08T23:25:26.8323142Z   RUSTUP_TOOLCHAIN: 1.98.1
2026-10-08T23:25:26.8323319Z   CONDUIT_CHECKOUT_SHA: 0acf94d2f105c45b95e0e0b60def7c6bbfaa832e
2026-10-08T23:25:26.8323516Z ##[endgroup]
2026-10-08T23:25:26.9042844Z Syncing repository: dancxjo/conduit
2026-10-08T23:25:26.9043798Z ##[group]Getting Git version info
2026-10-08T23:25:26.9044067Z Working directory is '/home/runner/work/conduit/conduit'
2026-10-08T23:25:26.9044366Z [command]/usr/bin/git version
2026-10-08T23:25:26.9095152Z git version 2.55.0
2026-10-08T23:25:26.9107477Z ##[endgroup]
2026-10-08T23:25:26.9115811Z Temporarily overriding HOME='/home/runner/work/_temp/54c8ed49-90a9-4e1f-9369-3b5101241381' before making global git config changes
2026-10-08T23:25:26.9116602Z Adding repository directory to the temporary git global config as a safe directory
2026-10-08T23:25:26.9120586Z [command]/usr/bin/git config --global --add safe.directory /home/runner/work/conduit/conduit
2026-10-08T23:25:26.9981105Z Deleting the contents of '/home/runner/work/conduit/conduit'
2026-10-08T23:25:26.9983935Z ##[group]Determining repository object format
2026-10-08T23:25:26.9985248Z ##[endgroup]
2026-10-08T23:25:26.9985620Z ##[group]Initializing the repository
2026-10-08T23:25:26.9989351Z [command]/usr/bin/git init /home/runner/work/conduit/conduit
2026-10-08T23:25:27.0777268Z hint: Using 'master' as the name for the initial branch. This default branch name
2026-10-08T23:25:27.0777809Z hint: will change to "main" in Git 3.0. To configure the initial branch name
2026-10-08T23:25:27.0778247Z hint: to use in all of your new repositories, which will suppress this warning,
2026-10-08T23:25:27.0778725Z hint: call:
2026-10-08T23:25:27.0778888Z hint:
2026-10-08T23:25:27.0779164Z hint: 	git config --global init.defaultBranch <name>
2026-10-08T23:25:27.0779439Z hint:
2026-10-08T23:25:27.0779644Z hint: Names commonly chosen instead of 'master' are 'main', 'trunk' and
2026-10-08T23:25:27.0780084Z hint: 'development'. The just-created branch can be renamed via this command:
2026-10-08T23:25:27.0780432Z hint:
2026-10-08T23:25:27.0780617Z hint: 	git branch -m <name>
2026-10-08T23:25:27.0780783Z hint:
2026-10-08T23:25:27.0780963Z hint: Disable this message with "git config set advice.defaultBranchName false"
2026-10-08T23:25:27.0781291Z Initialized empty Git repository in /home/runner/work/conduit/conduit/.git/
2026-10-08T23:25:27.0787314Z [command]/usr/bin/git remote add origin https://github.com/dancxjo/conduit
2026-10-08T23:25:27.1195515Z ##[endgroup]
2026-10-08T23:25:27.1195794Z ##[group]Disabling automatic garbage collection
2026-10-08T23:25:27.1198482Z [command]/usr/bin/git config --local gc.auto 0
2026-10-08T23:25:27.1577655Z ##[endgroup]
2026-10-08T23:25:27.1578017Z ##[group]Setting up auth
2026-10-08T23:25:27.1578475Z Removing SSH command configuration
2026-10-08T23:25:27.1583858Z [command]/usr/bin/git config --local --name-only --get-regexp core\.sshCommand
2026-10-08T23:25:27.1616933Z [command]/usr/bin/git submodule foreach --recursive sh -c "git config --local --name-only --get-regexp 'core\.sshCommand' && git config --local --unset-all 'core.sshCommand' || :"
2026-10-08T23:25:27.1964678Z Removing HTTP extra header
2026-10-08T23:25:27.1969665Z [command]/usr/bin/git config --local --name-only --get-regexp http\.https\:\/\/github\.com\/\.extraheader
2026-10-08T23:25:27.1999571Z [command]/usr/bin/git submodule foreach --recursive sh -c "git config --local --name-only --get-regexp 'http\.https\:\/\/github\.com\/\.extraheader' && git config --local --unset-all 'http.https://github.com/.extraheader' || :"
2026-10-08T23:25:27.2197359Z Removing includeIf entries pointing to credentials config files
2026-10-08T23:25:27.2197858Z [command]/usr/bin/git config --local --name-only --get-regexp ^includeIf\.gitdir:
2026-10-08T23:25:27.2215379Z [command]/usr/bin/git submodule foreach --recursive git config --local --show-origin --name-only --get-regexp remote.origin.url
2026-10-08T23:25:27.2388944Z [command]/usr/bin/git config --file /home/runner/work/_temp/git-credentials-c105a4ef-f25a-4c1d-9a53-b2aeeddafbda.config http.https://github.com/.extraheader AUTHORIZATION: basic ***
2026-10-08T23:25:27.2864415Z [command]/usr/bin/git config --local includeIf.gitdir:/home/runner/work/conduit/conduit/.git.path /home/runner/work/_temp/git-credentials-c105a4ef-f25a-4c1d-9a53-b2aeeddafbda.config
2026-10-08T23:25:27.3424595Z [command]/usr/bin/git config --local includeIf.gitdir:/home/runner/work/conduit/conduit/.git/worktrees/*.path /home/runner/work/_temp/git-credentials-c105a4ef-f25a-4c1d-9a53-b2aeeddafbda.config
2026-10-08T23:25:27.4209074Z [command]/usr/bin/git config --local includeIf.gitdir:/github/workspace/.git.path /github/runner_temp/git-credentials-c105a4ef-f25a-4c1d-9a53-b2aeeddafbda.config
2026-10-08T23:25:27.4673793Z [command]/usr/bin/git config --local includeIf.gitdir:/github/workspace/.git/worktrees/*.path /github/runner_temp/git-credentials-c105a4ef-f25a-4c1d-9a53-b2aeeddafbda.config
2026-10-08T23:25:27.5496904Z ##[endgroup]
2026-10-08T23:25:27.5497312Z ##[group]Fetching the repository
2026-10-08T23:25:27.5504080Z [command]/usr/bin/git -c protocol.version=2 fetch --no-tags --prune --no-recurse-submodules origin +refs/heads/*:refs/remotes/origin/* +refs/tags/*:refs/tags/*
2026-10-08T23:25:37.3368940Z From https://github.com/dancxjo/conduit
2026-10-08T23:25:37.3369689Z  * [new branch]          archive/branch-cleanup-20261006/4807-face-human-labels -> origin/archive/branch-cleanup-20261006/4807-face-human-labels
2026-10-08T23:25:37.3370558Z  * [new branch]          archive/branch-cleanup-20261006/4922-presentation-seal -> origin/archive/branch-cleanup-20261006/4922-presentation-seal
2026-10-08T23:25:37.3371370Z  * [new branch]          archive/branch-cleanup-20261006/native-face-scene -> origin/archive/branch-cleanup-20261006/native-face-scene
2026-10-08T23:25:37.3372202Z  * [new branch]          archive/cleanup-20261002/codex/3938-conduitese-routing -> origin/archive/cleanup-20261002/codex/3938-conduitese-routing
2026-10-08T23:25:37.3373040Z  * [new branch]          archive/cleanup-20261002/codex/4001-body-evidence-journey -> origin/archive/cleanup-20261002/codex/4001-body-evidence-journey
2026-10-08T23:25:37.3373976Z  * [new branch]          archive/cleanup-20261002/codex/4001-observatory-causal-projection -> origin/archive/cleanup-20261002/codex/4001-observatory-causal-projection
2026-10-08T23:25:37.3374887Z  * [new branch]          archive/cleanup-20261002/codex/4001-observatory-vertical -> origin/archive/cleanup-20261002/codex/4001-observatory-vertical
2026-10-08T23:25:37.3375681Z  * [new branch]          archive/cleanup-20261002/codex/4001-source-spans -> origin/archive/cleanup-20261002/codex/4001-source-spans
2026-10-08T23:25:37.3376529Z  * [new branch]          archive/cleanup-20261002/codex/4001-terminal-causal-correlation -> origin/archive/cleanup-20261002/codex/4001-terminal-causal-correlation
2026-10-08T23:25:37.3377627Z  * [new branch]          archive/cleanup-20261002/codex/4001-visible-causal-face -> origin/archive/cleanup-20261002/codex/4001-visible-causal-face
2026-10-08T23:25:37.3378516Z  * [new branch]          archive/cleanup-20261002/codex/4055-package-graph -> origin/archive/cleanup-20261002/codex/4055-package-graph
2026-10-08T23:25:37.3379270Z  * [new branch]          archive/cleanup-20261002/codex/4061-browser-debounce -> origin/archive/cleanup-20261002/codex/4061-browser-debounce
2026-10-08T23:25:37.3380030Z  * [new branch]          archive/cleanup-20261002/codex/4061-browser-window -> origin/archive/cleanup-20261002/codex/4061-browser-window
2026-10-08T23:25:37.3380838Z  * [new branch]          archive/cleanup-20261002/codex/4061-browser-window-install -> origin/archive/cleanup-20261002/codex/4061-browser-window-install
2026-10-08T23:25:37.3381669Z  * [new branch]          archive/cleanup-20261002/codex/4061-deadline -> origin/archive/cleanup-20261002/codex/4061-deadline
2026-10-08T23:25:37.3382471Z  * [new branch]          archive/cleanup-20261002/codex/4061-sample-specialization -> origin/archive/cleanup-20261002/codex/4061-sample-specialization
2026-10-08T23:25:37.3383518Z  * [new branch]          archive/cleanup-20261002/codex/4061-shared-debounce -> origin/archive/cleanup-20261002/codex/4061-shared-debounce
2026-10-08T23:25:37.3384290Z  * [new branch]          archive/cleanup-20261002/codex/4061-standalone-lock-repair -> origin/archive/cleanup-20261002/codex/4061-standalone-lock-repair
2026-10-08T23:25:37.3385067Z  * [new branch]          archive/cleanup-20261002/codex/4064-current-sample -> origin/archive/cleanup-20261002/codex/4064-current-sample
2026-10-08T23:25:37.3385742Z  * [new branch]          archive/cleanup-20261002/codex/4064-flow-zip -> origin/archive/cleanup-20261002/codex/4064-flow-zip
2026-10-08T23:25:37.3386430Z  * [new branch]          archive/cleanup-20261002/codex/4064-flow-zip-current -> origin/archive/cleanup-20261002/codex/4064-flow-zip-current
2026-10-08T23:25:37.3387162Z  * [new branch]          archive/cleanup-20261002/codex/4064-join-diagnostic -> origin/archive/cleanup-20261002/codex/4064-join-diagnostic
2026-10-08T23:25:37.3387863Z  * [new branch]          archive/cleanup-20261002/codex/4064-keyed-join -> origin/archive/cleanup-20261002/codex/4064-keyed-join
2026-10-08T23:25:37.3388850Z  * [new branch]          archive/cleanup-20261002/codex/4072-derived-transformation-eligibility -> origin/archive/cleanup-20261002/codex/4072-derived-transformation-eligibility
2026-10-08T23:25:37.3389829Z  * [new branch]          archive/cleanup-20261002/codex/4072-retained-retry-evidence -> origin/archive/cleanup-20261002/codex/4072-retained-retry-evidence
2026-10-08T23:25:37.3390676Z  * [new branch]          archive/cleanup-20261002/codex/4080-local-integration -> origin/archive/cleanup-20261002/codex/4080-local-integration
2026-10-08T23:25:37.3391486Z  * [new branch]          archive/cleanup-20261002/codex/4090-field-station-patchbay -> origin/archive/cleanup-20261002/codex/4090-field-station-patchbay
2026-10-08T23:25:37.3392258Z  * [new branch]          archive/cleanup-20261002/codex/4090-sdk-recovery -> origin/archive/cleanup-20261002/codex/4090-sdk-recovery
2026-10-08T23:25:37.3392800Z  * [new branch]          archive/cleanup-20261002/codex/4091-canonical-integration -> origin/archive/cleanup-20261002/codex/4091-canonical-integration
2026-10-08T23:25:37.3393753Z  * [new branch]          archive/cleanup-20261002/codex/4092-canonical-recursive-provider -> origin/archive/cleanup-20261002/codex/4092-canonical-recursive-provider
2026-10-08T23:25:37.3394344Z  * [new branch]          archive/cleanup-20261002/codex/4092-delete-generate-text -> origin/archive/cleanup-20261002/codex/4092-delete-generate-text
2026-10-08T23:25:37.3395128Z  * [new branch]          archive/cleanup-20261002/codex/4092-delete-generate-text-semantics -> origin/archive/cleanup-20261002/codex/4092-delete-generate-text-semantics
2026-10-08T23:25:37.3396172Z  * [new branch]          archive/cleanup-20261002/codex/4092-live-canonical -> origin/archive/cleanup-20261002/codex/4092-live-canonical
2026-10-08T23:25:37.3396828Z  * [new branch]          archive/cleanup-20261002/codex/4093-acceptance-gap -> origin/archive/cleanup-20261002/codex/4093-acceptance-gap
2026-10-08T23:25:37.3397461Z  * [new branch]          archive/cleanup-20261002/codex/4093-construction-truth -> origin/archive/cleanup-20261002/codex/4093-construction-truth
2026-10-08T23:25:37.3398143Z  * [new branch]          archive/cleanup-20261002/codex/4093-delete-piper-documentary -> origin/archive/cleanup-20261002/codex/4093-delete-piper-documentary
2026-10-08T23:25:37.3399287Z  * [new branch]          archive/cleanup-20261002/codex/4093-face-mask-show-track -> origin/archive/cleanup-20261002/codex/4093-face-mask-show-track
2026-10-08T23:25:37.3400047Z  * [new branch]          archive/cleanup-20261002/codex/4093-hosted-live-mask -> origin/archive/cleanup-20261002/codex/4093-hosted-live-mask
2026-10-08T23:25:37.3400907Z  * [new branch]          archive/cleanup-20261002/codex/4093-remove-recording-overlay -> origin/archive/cleanup-20261002/codex/4093-remove-recording-overlay
2026-10-08T23:25:37.3401783Z  * [new branch]          archive/cleanup-20261002/codex/4093-single-action-contract -> origin/archive/cleanup-20261002/codex/4093-single-action-contract
2026-10-08T23:25:37.3402699Z  * [new branch]          archive/cleanup-20261002/codex/4095-field-station -> origin/archive/cleanup-20261002/codex/4095-field-station
2026-10-08T23:25:37.3403445Z  * [new branch]          archive/cleanup-20261002/codex/4096-field-station-tick -> origin/archive/cleanup-20261002/codex/4096-field-station-tick
2026-10-08T23:25:37.3404235Z  * [new branch]          archive/cleanup-20261002/codex/4098-semantic-tone-pcm -> origin/archive/cleanup-20261002/codex/4098-semantic-tone-pcm
2026-10-08T23:25:37.3405009Z  * [new branch]          archive/cleanup-20261002/codex/4102-spoken-zero-body -> origin/archive/cleanup-20261002/codex/4102-spoken-zero-body
2026-10-08T23:25:37.3405826Z  * [new branch]          archive/cleanup-20261002/codex/4109-cancellation-admission -> origin/archive/cleanup-20261002/codex/4109-cancellation-admission
2026-10-08T23:25:37.3406674Z  * [new branch]          archive/cleanup-20261002/codex/4109-canonical-highlight -> origin/archive/cleanup-20261002/codex/4109-canonical-highlight
2026-10-08T23:25:37.3407441Z  * [new branch]          archive/cleanup-20261002/codex/4109-initialized-keep -> origin/archive/cleanup-20261002/codex/4109-initialized-keep
2026-10-08T23:25:37.3408085Z  * [new branch]          archive/cleanup-20261002/codex/4109-nested-abnormal-boundary -> origin/archive/cleanup-20261002/codex/4109-nested-abnormal-boundary
2026-10-08T23:25:37.3409072Z  * [new branch]          archive/cleanup-20261002/codex/4109-offer-semantic-contract -> origin/archive/cleanup-20261002/codex/4109-offer-semantic-contract
2026-10-08T23:25:37.3409934Z  * [new branch]          archive/cleanup-20261002/codex/4109-optional-keep-lowering -> origin/archive/cleanup-20261002/codex/4109-optional-keep-lowering
2026-10-08T23:25:37.3410810Z  * [new branch]          archive/cleanup-20261002/codex/4109-optional-quantity-keep -> origin/archive/cleanup-20261002/codex/4109-optional-quantity-keep
2026-10-08T23:25:37.3411656Z  * [new branch]          archive/cleanup-20261002/codex/4109-parser-front-extraction -> origin/archive/cleanup-20261002/codex/4109-parser-front-extraction
2026-10-08T23:25:37.3412491Z  * [new branch]          archive/cleanup-20261002/codex/4109-resource-valued-ports -> origin/archive/cleanup-20261002/codex/4109-resource-valued-ports
2026-10-08T23:25:37.3413421Z  * [new branch]          archive/cleanup-20261002/codex/4109-sequence-cardinality -> origin/archive/cleanup-20261002/codex/4109-sequence-cardinality
2026-10-08T23:25:37.3414280Z  * [new branch]          archive/cleanup-20261002/codex/4109-source-conformance -> origin/archive/cleanup-20261002/codex/4109-source-conformance
2026-10-08T23:25:37.3415063Z  * [new branch]          archive/cleanup-20261002/codex/4109-source-package-lock -> origin/archive/cleanup-20261002/codex/4109-source-package-lock
2026-10-08T23:25:37.3416075Z  * [new branch]          archive/cleanup-20261002/codex/4109-terminal-control-highlighting -> origin/archive/cleanup-20261002/codex/4109-terminal-control-highlighting
2026-10-08T23:25:37.3416978Z  * [new branch]          archive/cleanup-20261002/codex/4109-typed-abnormal-terminal -> origin/archive/cleanup-20261002/codex/4109-typed-abnormal-terminal
2026-10-08T23:25:37.3417653Z  * [new branch]          archive/cleanup-20261002/codex/4115-4167-acceptance-gaps -> origin/archive/cleanup-20261002/codex/4115-4167-acceptance-gaps
2026-10-08T23:25:37.3418145Z  * [new branch]          archive/cleanup-20261002/codex/4115-authored-wardrobe -> origin/archive/cleanup-20261002/codex/4115-authored-wardrobe
2026-10-08T23:25:37.3419221Z  * [new branch]          archive/cleanup-20261002/codex/4115-browser-mask -> origin/archive/cleanup-20261002/codex/4115-browser-mask
2026-10-08T23:25:37.3419702Z  * [new branch]          archive/cleanup-20261002/codex/4115-browser-mask-runtime -> origin/archive/cleanup-20261002/codex/4115-browser-mask-runtime
2026-10-08T23:25:37.3420267Z  * [new branch]          archive/cleanup-20261002/codex/4115-delete-pete-interaction-scaffold -> origin/archive/cleanup-20261002/codex/4115-delete-pete-interaction-scaffold
2026-10-08T23:25:37.3420936Z  * [new branch]          archive/cleanup-20261002/codex/4115-delete-pete-presenter -> origin/archive/cleanup-20261002/codex/4115-delete-pete-presenter
2026-10-08T23:25:37.3421405Z  * [new branch]          archive/cleanup-20261002/codex/4115-face-fore -> origin/archive/cleanup-20261002/codex/4115-face-fore
2026-10-08T23:25:37.3421833Z  * [new branch]          archive/cleanup-20261002/codex/4115-mask-context -> origin/archive/cleanup-20261002/codex/4115-mask-context
2026-10-08T23:25:37.3422272Z  * [new branch]          archive/cleanup-20261002/codex/4115-mask-topology -> origin/archive/cleanup-20261002/codex/4115-mask-topology
2026-10-08T23:25:37.3422747Z  * [new branch]          archive/cleanup-20261002/codex/4115-native-mask-evidence -> origin/archive/cleanup-20261002/codex/4115-native-mask-evidence
2026-10-08T23:25:37.3423249Z  * [new branch]          archive/cleanup-20261002/codex/4115-native-mask-runtime -> origin/archive/cleanup-20261002/codex/4115-native-mask-runtime
2026-10-08T23:25:37.3423734Z  * [new branch]          archive/cleanup-20261002/codex/4115-spoken-generative -> origin/archive/cleanup-20261002/codex/4115-spoken-generative
2026-10-08T23:25:37.3424211Z  * [new branch]          archive/cleanup-20261002/codex/4116-current-snapshot -> origin/archive/cleanup-20261002/codex/4116-current-snapshot
2026-10-08T23:25:37.3424686Z  * [new branch]          archive/cleanup-20261002/codex/4116-durable-body-state -> origin/archive/cleanup-20261002/codex/4116-durable-body-state
2026-10-08T23:25:37.3425170Z  * [new branch]          archive/cleanup-20261002/codex/4116-durable-text-state -> origin/archive/cleanup-20261002/codex/4116-durable-text-state
2026-10-08T23:25:37.3425711Z  * [new branch]          archive/cleanup-20261002/codex/4116-exact-data-generation-contract -> origin/archive/cleanup-20261002/codex/4116-exact-data-generation-contract
2026-10-08T23:25:37.3426275Z  * [new branch]          archive/cleanup-20261002/codex/4116-keep-retention-admission -> origin/archive/cleanup-20261002/codex/4116-keep-retention-admission
2026-10-08T23:25:37.3426810Z  * [new branch]          archive/cleanup-20261002/codex/4116-patchbay-retained-state -> origin/archive/cleanup-20261002/codex/4116-patchbay-retained-state
2026-10-08T23:25:37.3427333Z  * [new branch]          archive/cleanup-20261002/codex/4130-delete-policy-theater -> origin/archive/cleanup-20261002/codex/4130-delete-policy-theater
2026-10-08T23:25:37.3427814Z  * [new branch]          archive/cleanup-20261002/codex/4130-face-grounding -> origin/archive/cleanup-20261002/codex/4130-face-grounding
2026-10-08T23:25:37.3428393Z  * [new branch]          archive/cleanup-20261002/codex/4134-presentation-core -> origin/archive/cleanup-20261002/codex/4134-presentation-core
2026-10-08T23:25:37.3429028Z  * [new branch]          archive/cleanup-20261002/codex/4135-presentation-contributions -> origin/archive/cleanup-20261002/codex/4135-presentation-contributions
2026-10-08T23:25:37.3429533Z  * [new branch]          archive/cleanup-20261002/codex/4136-patchbay-form -> origin/archive/cleanup-20261002/codex/4136-patchbay-form
2026-10-08T23:25:37.3430054Z  * [new branch]          archive/cleanup-20261002/codex/4162-decouple-avr-browser-admission -> origin/archive/cleanup-20261002/codex/4162-decouple-avr-browser-admission
2026-10-08T23:25:37.3430640Z  * [new branch]          archive/cleanup-20261002/codex/4164-delete-dead-product-proof-ci -> origin/archive/cleanup-20261002/codex/4164-delete-dead-product-proof-ci
2026-10-08T23:25:37.3431472Z  * [new branch]          archive/cleanup-20261002/codex/4167-aural-input-contracts -> origin/archive/cleanup-20261002/codex/4167-aural-input-contracts
2026-10-08T23:25:37.3432103Z  * [new branch]          archive/cleanup-20261002/codex/4167-aural-properties -> origin/archive/cleanup-20261002/codex/4167-aural-properties
2026-10-08T23:25:37.3432585Z  * [new branch]          archive/cleanup-20261002/codex/4167-deterministic-aural -> origin/archive/cleanup-20261002/codex/4167-deterministic-aural
2026-10-08T23:25:37.3433163Z  * [new branch]          archive/cleanup-20261002/codex/4167-domain-conformance -> origin/archive/cleanup-20261002/codex/4167-domain-conformance
2026-10-08T23:25:37.3433826Z  * [new branch]          archive/cleanup-20261002/codex/4167-honest-mask-conformance -> origin/archive/cleanup-20261002/codex/4167-honest-mask-conformance
2026-10-08T23:25:37.3434639Z  * [new branch]          archive/cleanup-20261002/codex/4167-ordinary-browser-mask -> origin/archive/cleanup-20261002/codex/4167-ordinary-browser-mask
2026-10-08T23:25:37.3435267Z  * [new branch]          archive/cleanup-20261002/codex/4167-pattern-face -> origin/archive/cleanup-20261002/codex/4167-pattern-face
2026-10-08T23:25:37.3435730Z  * [new branch]          archive/cleanup-20261002/codex/4167-pressure-specimen -> origin/archive/cleanup-20261002/codex/4167-pressure-specimen
2026-10-08T23:25:37.3436266Z  * [new branch]          archive/cleanup-20261002/codex/4167-production-face-participation -> origin/archive/cleanup-20261002/codex/4167-production-face-participation
2026-10-08T23:25:37.3436850Z  * [new branch]          archive/cleanup-20261002/codex/4167-production-patchbay-matrix -> origin/archive/cleanup-20261002/codex/4167-production-patchbay-matrix
2026-10-08T23:25:37.3437366Z  * [new branch]          archive/cleanup-20261002/codex/4167-range-membership -> origin/archive/cleanup-20261002/codex/4167-range-membership
2026-10-08T23:25:37.3438035Z  * [new branch]          archive/cleanup-20261002/codex/4167-real-mask-evidence -> origin/archive/cleanup-20261002/codex/4167-real-mask-evidence
2026-10-08T23:25:37.3438714Z  * [new branch]          archive/cleanup-20261002/codex/4167-specimen-audit -> origin/archive/cleanup-20261002/codex/4167-specimen-audit
2026-10-08T23:25:37.3439213Z  * [new branch]          archive/cleanup-20261002/codex/4173-delete-fourth-product -> origin/archive/cleanup-20261002/codex/4173-delete-fourth-product
2026-10-08T23:25:37.3439736Z  * [new branch]          archive/cleanup-20261002/codex/4174-generative-interaction -> origin/archive/cleanup-20261002/codex/4174-generative-interaction
2026-10-08T23:25:37.3440269Z  * [new branch]          archive/cleanup-20261002/codex/4176-generated-validation -> origin/archive/cleanup-20261002/codex/4176-generated-validation
2026-10-08T23:25:37.3440837Z  * [new branch]          archive/cleanup-20261002/codex/4180-delete-synthetic-human-interaction -> origin/archive/cleanup-20261002/codex/4180-delete-synthetic-human-interaction
2026-10-08T23:25:37.3441447Z  * [new branch]          archive/cleanup-20261002/codex/4182-repair-generative-interaction -> origin/archive/cleanup-20261002/codex/4182-repair-generative-interaction
2026-10-08T23:25:37.3442088Z  * [new branch]          archive/cleanup-20261002/codex/4185-fore-value-bounds -> origin/archive/cleanup-20261002/codex/4185-fore-value-bounds
2026-10-08T23:25:37.3442709Z  * [new branch]          archive/cleanup-20261002/codex/4188-exact-semantic-contract -> origin/archive/cleanup-20261002/codex/4188-exact-semantic-contract
2026-10-08T23:25:37.3443191Z  * [new branch]          archive/cleanup-20261002/codex/4190-causal-dag -> origin/archive/cleanup-20261002/codex/4190-causal-dag
2026-10-08T23:25:37.3443679Z  * [new branch]          archive/cleanup-20261002/codex/4192-semantic-composition-names -> origin/archive/cleanup-20261002/codex/4192-semantic-composition-names
2026-10-08T23:25:37.3444209Z  * [new branch]          archive/cleanup-20261002/codex/4195-remove-pages-rescue -> origin/archive/cleanup-20261002/codex/4195-remove-pages-rescue
2026-10-08T23:25:37.3444673Z  * [new branch]          archive/cleanup-20261002/codex/4197-flow-first -> origin/archive/cleanup-20261002/codex/4197-flow-first
2026-10-08T23:25:37.3445104Z  * [new branch]          archive/cleanup-20261002/codex/4198-inward-face -> origin/archive/cleanup-20261002/codex/4198-inward-face
2026-10-08T23:25:37.3445601Z  * [new branch]          archive/cleanup-20261002/codex/4199-authored-pattern-refinement -> origin/archive/cleanup-20261002/codex/4199-authored-pattern-refinement
2026-10-08T23:25:37.3446211Z  * [new branch]          archive/cleanup-20261002/codex/4199-portable-lookahead -> origin/archive/cleanup-20261002/codex/4199-portable-lookahead
2026-10-08T23:25:37.3446698Z  * [new branch]          archive/cleanup-20261002/codex/4199-refinement-families -> origin/archive/cleanup-20261002/codex/4199-refinement-families
2026-10-08T23:25:37.3447229Z  * [new branch]          archive/cleanup-20261002/codex/4223-remove-final-piper-remnants -> origin/archive/cleanup-20261002/codex/4223-remove-final-piper-remnants
2026-10-08T23:25:37.3447780Z  * [new branch]          archive/cleanup-20261002/codex/4231-body-execution-protocol -> origin/archive/cleanup-20261002/codex/4231-body-execution-protocol
2026-10-08T23:25:37.3448513Z  * [new branch]          archive/cleanup-20261002/codex/4231-body-lifecycle-session-rebuild -> origin/archive/cleanup-20261002/codex/4231-body-lifecycle-session-rebuild
2026-10-08T23:25:37.3449173Z  * [new branch]          archive/cleanup-20261002/codex/4231-browser-membership -> origin/archive/cleanup-20261002/codex/4231-browser-membership
2026-10-08T23:25:37.3449672Z  * [new branch]          archive/cleanup-20261002/codex/4231-browser-vendor-assets -> origin/archive/cleanup-20261002/codex/4231-browser-vendor-assets
2026-10-08T23:25:37.3450201Z  * [new branch]          archive/cleanup-20261002/codex/4231-browser-workbench-assets -> origin/archive/cleanup-20261002/codex/4231-browser-workbench-assets
2026-10-08T23:25:37.3450751Z  * [new branch]          archive/cleanup-20261002/codex/4231-delete-browser-tour-refresh -> origin/archive/cleanup-20261002/codex/4231-delete-browser-tour-refresh
2026-10-08T23:25:37.3451353Z  * [new branch]          archive/cleanup-20261002/codex/4231-delete-dead-browser-carrier-builds -> origin/archive/cleanup-20261002/codex/4231-delete-dead-browser-carrier-builds
2026-10-08T23:25:37.3451940Z  * [new branch]          archive/cleanup-20261002/codex/4231-delete-dead-creche-facade -> origin/archive/cleanup-20261002/codex/4231-delete-dead-creche-facade
2026-10-08T23:25:37.3452493Z  * [new branch]          archive/cleanup-20261002/codex/4231-delete-disabled-browser-ci -> origin/archive/cleanup-20261002/codex/4231-delete-disabled-browser-ci
2026-10-08T23:25:37.3453077Z  * [new branch]          archive/cleanup-20261002/codex/4231-delete-disabled-browser-ci-stage2 -> origin/archive/cleanup-20261002/codex/4231-delete-disabled-browser-ci-stage2
2026-10-08T23:25:37.3453740Z  * [new branch]          archive/cleanup-20261002/codex/4231-delete-disabled-browser-ci-stage2-archive -> origin/archive/cleanup-20261002/codex/4231-delete-disabled-browser-ci-stage2-archive
2026-10-08T23:25:37.3454377Z  * [new branch]          archive/cleanup-20261002/codex/4231-delete-front-controls-facade -> origin/archive/cleanup-20261002/codex/4231-delete-front-controls-facade
2026-10-08T23:25:37.3455048Z  * [new branch]          archive/cleanup-20261002/codex/4231-delete-home-application-speech -> origin/archive/cleanup-20261002/codex/4231-delete-home-application-speech
2026-10-08T23:25:37.3455599Z  * [new branch]          archive/cleanup-20261002/codex/4231-delete-home-evidence -> origin/archive/cleanup-20261002/codex/4231-delete-home-evidence
2026-10-08T23:25:37.3456114Z  * [new branch]          archive/cleanup-20261002/codex/4231-delete-html-coordinator -> origin/archive/cleanup-20261002/codex/4231-delete-html-coordinator
2026-10-08T23:25:37.3456670Z  * [new branch]          archive/cleanup-20261002/codex/4231-delete-patchbay-graph-facade -> origin/archive/cleanup-20261002/codex/4231-delete-patchbay-graph-facade
2026-10-08T23:25:37.3457243Z  * [new branch]          archive/cleanup-20261002/codex/4231-delete-patchbay-seed-alias -> origin/archive/cleanup-20261002/codex/4231-delete-patchbay-seed-alias
2026-10-08T23:25:37.3457802Z  * [new branch]          archive/cleanup-20261002/codex/4231-delete-tour-route-aliases -> origin/archive/cleanup-20261002/codex/4231-delete-tour-route-aliases
2026-10-08T23:25:37.3458581Z  * [new branch]          archive/cleanup-20261002/codex/4231-delete-unused-candidate-adapter -> origin/archive/cleanup-20261002/codex/4231-delete-unused-candidate-adapter
2026-10-08T23:25:37.3459181Z  * [new branch]          archive/cleanup-20261002/codex/4231-delete-workspace-model-pool-v2 -> origin/archive/cleanup-20261002/codex/4231-delete-workspace-model-pool-v2
2026-10-08T23:25:37.3459771Z  * [new branch]          archive/cleanup-20261002/codex/4231-deterministic-microphone-test -> origin/archive/cleanup-20261002/codex/4231-deterministic-microphone-test
2026-10-08T23:25:37.3460314Z  * [new branch]          archive/cleanup-20261002/codex/4231-drop-retired-carrier -> origin/archive/cleanup-20261002/codex/4231-drop-retired-carrier
2026-10-08T23:25:37.3460857Z  * [new branch]          archive/cleanup-20261002/codex/4231-extract-current-host-offers -> origin/archive/cleanup-20261002/codex/4231-extract-current-host-offers
2026-10-08T23:25:37.3461408Z  * [new branch]          archive/cleanup-20261002/codex/4231-extract-maker-workbench -> origin/archive/cleanup-20261002/codex/4231-extract-maker-workbench
2026-10-08T23:25:37.3461937Z  * [new branch]          archive/cleanup-20261002/codex/4231-forms-impact-ownership -> origin/archive/cleanup-20261002/codex/4231-forms-impact-ownership
2026-10-08T23:25:37.3462457Z  * [new branch]          archive/cleanup-20261002/codex/4231-gate-schema-transition -> origin/archive/cleanup-20261002/codex/4231-gate-schema-transition
2026-10-08T23:25:37.3462999Z  * [new branch]          archive/cleanup-20261002/codex/4231-harvest-tour-journey-refresh -> origin/archive/cleanup-20261002/codex/4231-harvest-tour-journey-refresh
2026-10-08T23:25:37.3463542Z  * [new branch]          archive/cleanup-20261002/codex/4231-home-truthful-journey -> origin/archive/cleanup-20261002/codex/4231-home-truthful-journey
2026-10-08T23:25:37.3464004Z  * [new branch]          archive/cleanup-20261002/codex/4231-html-sdk -> origin/archive/cleanup-20261002/codex/4231-html-sdk
2026-10-08T23:25:37.3464477Z  * [new branch]          archive/cleanup-20261002/codex/4231-move-shared-face-toolkit -> origin/archive/cleanup-20261002/codex/4231-move-shared-face-toolkit
2026-10-08T23:25:37.3465043Z  * [new branch]          archive/cleanup-20261002/codex/4231-narrow-pages-carrier-ownership -> origin/archive/cleanup-20261002/codex/4231-narrow-pages-carrier-ownership
2026-10-08T23:25:37.3465629Z  * [new branch]          archive/cleanup-20261002/codex/4231-native-direct-patchbay-graph -> origin/archive/cleanup-20261002/codex/4231-native-direct-patchbay-graph
2026-10-08T23:25:37.3466369Z  * [new branch]          archive/cleanup-20261002/codex/4231-native-patchbay-ci-ownership -> origin/archive/cleanup-20261002/codex/4231-native-patchbay-ci-ownership
2026-10-08T23:25:37.3466975Z  * [new branch]          archive/cleanup-20261002/codex/4231-neutral-lucide -> origin/archive/cleanup-20261002/codex/4231-neutral-lucide
2026-10-08T23:25:37.3467430Z  * [new branch]          archive/cleanup-20261002/codex/4231-neutral-unifont -> origin/archive/cleanup-20261002/codex/4231-neutral-unifont
2026-10-08T23:25:37.3467882Z  * [new branch]          archive/cleanup-20261002/codex/4231-next-cleanup -> origin/archive/cleanup-20261002/codex/4231-next-cleanup
2026-10-08T23:25:37.3468476Z  * [new branch]          archive/cleanup-20261002/codex/4231-next-deletion -> origin/archive/cleanup-20261002/codex/4231-next-deletion
2026-10-08T23:25:37.3468964Z  * [new branch]          archive/cleanup-20261002/codex/4231-pages-current-surfaces -> origin/archive/cleanup-20261002/codex/4231-pages-current-surfaces
2026-10-08T23:25:37.3469505Z  * [new branch]          archive/cleanup-20261002/codex/4231-patchbay-application-move -> origin/archive/cleanup-20261002/codex/4231-patchbay-application-move
2026-10-08T23:25:37.3470039Z  * [new branch]          archive/cleanup-20261002/codex/4231-patchbay-doc-boundary -> origin/archive/cleanup-20261002/codex/4231-patchbay-doc-boundary
2026-10-08T23:25:37.3470540Z  * [new branch]          archive/cleanup-20261002/codex/4231-patchbay-graph-move -> origin/archive/cleanup-20261002/codex/4231-patchbay-graph-move
2026-10-08T23:25:37.3471388Z  * [new branch]          archive/cleanup-20261002/codex/4231-pete-canonical-truth -> origin/archive/cleanup-20261002/codex/4231-pete-canonical-truth
2026-10-08T23:25:37.3472184Z  * [new branch]          archive/cleanup-20261002/codex/4231-pete-inspection -> origin/archive/cleanup-20261002/codex/4231-pete-inspection
2026-10-08T23:25:37.3473074Z  * [new branch]          archive/cleanup-20261002/codex/4231-require-local-integration-gate -> origin/archive/cleanup-20261002/codex/4231-require-local-integration-gate
2026-10-08T23:25:37.3473977Z  * [new branch]          archive/cleanup-20261002/codex/4231-resident-patchbay-form -> origin/archive/cleanup-20261002/codex/4231-resident-patchbay-form
2026-10-08T23:25:37.3474934Z  * [new branch]          archive/cleanup-20261002/codex/4231-retire-browser-application-docs -> origin/archive/cleanup-20261002/codex/4231-retire-browser-application-docs
2026-10-08T23:25:37.3475888Z  * [new branch]          archive/cleanup-20261002/codex/4231-retire-native-tour -> origin/archive/cleanup-20261002/codex/4231-retire-native-tour
2026-10-08T23:25:37.3476775Z  * [new branch]          archive/cleanup-20261002/codex/4231-retire-workspace-model-rebuild -> origin/archive/cleanup-20261002/codex/4231-retire-workspace-model-rebuild
2026-10-08T23:25:37.3477642Z  * [new branch]          archive/cleanup-20261002/codex/4231-sdk-body-participation -> origin/archive/cleanup-20261002/codex/4231-sdk-body-participation
2026-10-08T23:25:37.3478713Z  * [new branch]          archive/cleanup-20261002/codex/4231-sdk-external-body-execution -> origin/archive/cleanup-20261002/codex/4231-sdk-external-body-execution
2026-10-08T23:25:37.3479335Z  * [new branch]          archive/cleanup-20261002/codex/4231-semantic-workspace-readiness -> origin/archive/cleanup-20261002/codex/4231-semantic-workspace-readiness
2026-10-08T23:25:37.3479952Z  * [new branch]          archive/cleanup-20261002/codex/4231-std-patchbay-adapter -> origin/archive/cleanup-20261002/codex/4231-std-patchbay-adapter
2026-10-08T23:25:37.3480499Z  * [new branch]          archive/cleanup-20261002/codex/4231-tour-form-ownership-rebuild -> origin/archive/cleanup-20261002/codex/4231-tour-form-ownership-rebuild
2026-10-08T23:25:37.3481087Z  * [new branch]          archive/cleanup-20261002/codex/4231-tutorial-form-ownership-rebuild -> origin/archive/cleanup-20261002/codex/4231-tutorial-form-ownership-rebuild
2026-10-08T23:25:37.3481609Z  * [new branch]          archive/cleanup-20261002/codex/4231-webrtc-assets -> origin/archive/cleanup-20261002/codex/4231-webrtc-assets
2026-10-08T23:25:37.3482097Z  * [new branch]          archive/cleanup-20261002/codex/4231-workbench-host-contract -> origin/archive/cleanup-20261002/codex/4231-workbench-host-contract
2026-10-08T23:25:37.3482939Z  * [new branch]          archive/cleanup-20261002/codex/4335-fixed-arity-glyphs -> origin/archive/cleanup-20261002/codex/4335-fixed-arity-glyphs
2026-10-08T23:25:37.3484082Z  * [new branch]          archive/cleanup-20261002/codex/4341-host-install-plan -> origin/archive/cleanup-20261002/codex/4341-host-install-plan
2026-10-08T23:25:37.3485149Z  * [new branch]          archive/cleanup-20261002/codex/4381-rust-bindings -> origin/archive/cleanup-20261002/codex/4381-rust-bindings
2026-10-08T23:25:37.3486279Z  * [new branch]          archive/cleanup-20261002/codex/4382-audio-tone-terminal -> origin/archive/cleanup-20261002/codex/4382-audio-tone-terminal
2026-10-08T23:25:37.3487479Z  * [new branch]          archive/cleanup-20261002/codex/4382-consolidated-followup -> origin/archive/cleanup-20261002/codex/4382-consolidated-followup
2026-10-08T23:25:37.3488736Z  * [new branch]          archive/cleanup-20261002/codex/4382-finance-types -> origin/archive/cleanup-20261002/codex/4382-finance-types
2026-10-08T23:25:37.3489505Z  * [new branch]          archive/cleanup-20261002/codex/4382-language-offset -> origin/archive/cleanup-20261002/codex/4382-language-offset
2026-10-08T23:25:37.3490323Z  * [new branch]          archive/cleanup-20261002/codex/4382-portable-variants-2 -> origin/archive/cleanup-20261002/codex/4382-portable-variants-2
2026-10-08T23:25:37.3490969Z  * [new branch]          archive/cleanup-20261002/codex/4383-sugar-inspection -> origin/archive/cleanup-20261002/codex/4383-sugar-inspection
2026-10-08T23:25:37.3491611Z  * [new branch]          archive/cleanup-20261002/codex/4399-bounded-activation -> origin/archive/cleanup-20261002/codex/4399-bounded-activation
2026-10-08T23:25:37.3492441Z  * [new branch]          archive/cleanup-20261002/codex/4399-exact-terminal-contract -> origin/archive/cleanup-20261002/codex/4399-exact-terminal-contract
2026-10-08T23:25:37.3493031Z  * [new branch]          archive/cleanup-20261002/codex/4484-quiescence-mark -> origin/archive/cleanup-20261002/codex/4484-quiescence-mark
2026-10-08T23:25:37.3493502Z  * [new branch]          archive/cleanup-20261002/codex/4639-proof-arithmetic -> origin/archive/cleanup-20261002/codex/4639-proof-arithmetic
2026-10-08T23:25:37.3494013Z  * [new branch]          archive/cleanup-20261002/codex/accidental-4103-preservation -> origin/archive/cleanup-20261002/codex/accidental-4103-preservation
2026-10-08T23:25:37.3494571Z  * [new branch]          archive/cleanup-20261002/codex/archive-4115-parallel-mask-graph -> origin/archive/cleanup-20261002/codex/archive-4115-parallel-mask-graph
2026-10-08T23:25:37.3495091Z  * [new branch]          archive/cleanup-20261002/codex/b-relay-integration -> origin/archive/cleanup-20261002/codex/b-relay-integration
2026-10-08T23:25:37.3495589Z  * [new branch]          archive/cleanup-20261002/codex/ci-browser-artifact-shards -> origin/archive/cleanup-20261002/codex/ci-browser-artifact-shards
2026-10-08T23:25:37.3496110Z  * [new branch]          archive/cleanup-20261002/codex/ci-browser-runtime-upload -> origin/archive/cleanup-20261002/codex/ci-browser-runtime-upload
2026-10-08T23:25:37.3496621Z  * [new branch]          archive/cleanup-20261002/codex/ci-pages-prefix-cleanup -> origin/archive/cleanup-20261002/codex/ci-pages-prefix-cleanup
2026-10-08T23:25:37.3497121Z  * [new branch]          archive/cleanup-20261002/codex/ci-relay-terminal-race -> origin/archive/cleanup-20261002/codex/ci-relay-terminal-race
2026-10-08T23:25:37.3497618Z  * [new branch]          archive/cleanup-20261002/codex/ci-test-only-face-impact -> origin/archive/cleanup-20261002/codex/ci-test-only-face-impact
2026-10-08T23:25:37.3498167Z  * [new branch]          archive/cleanup-20261002/codex/delete-application-view-face-seam -> origin/archive/cleanup-20261002/codex/delete-application-view-face-seam
2026-10-08T23:25:37.3498955Z  * [new branch]          archive/cleanup-20261002/codex/dev-feature-warning-cleanup -> origin/archive/cleanup-20261002/codex/dev-feature-warning-cleanup
2026-10-08T23:25:37.3499625Z  * [new branch]          archive/cleanup-20261002/codex/disable-release-liveness-issues -> origin/archive/cleanup-20261002/codex/disable-release-liveness-issues
2026-10-08T23:25:37.3500172Z  * [new branch]          archive/cleanup-20261002/codex/finite-lifetime-integrated -> origin/archive/cleanup-20261002/codex/finite-lifetime-integrated
2026-10-08T23:25:37.3500649Z  * [new branch]          archive/cleanup-20261002/codex/form-diagram -> origin/archive/cleanup-20261002/codex/form-diagram
2026-10-08T23:25:37.3501093Z  * [new branch]          archive/cleanup-20261002/codex/form-diagram-details -> origin/archive/cleanup-20261002/codex/form-diagram-details
2026-10-08T23:25:37.3501577Z  * [new branch]          archive/cleanup-20261002/codex/form-diagram-orthogonal -> origin/archive/cleanup-20261002/codex/form-diagram-orthogonal
2026-10-08T23:25:37.3502093Z  * [new branch]          archive/cleanup-20261002/codex/form-diagram-port-hierarchy -> origin/archive/cleanup-20261002/codex/form-diagram-port-hierarchy
2026-10-08T23:25:37.3502644Z  * [new branch]          archive/cleanup-20261002/codex/native-planned-line -> origin/archive/cleanup-20261002/codex/native-planned-line
2026-10-08T23:25:37.3503310Z  * [new branch]          archive/cleanup-20261002/codex/owner-browser-participants -> origin/archive/cleanup-20261002/codex/owner-browser-participants
2026-10-08T23:25:37.3503966Z  * [new branch]          archive/cleanup-20261002/codex/release-finalizer-journey-policy -> origin/archive/cleanup-20261002/codex/release-finalizer-journey-policy
2026-10-08T23:25:37.3504571Z  * [new branch]          archive/cleanup-20261002/codex/remove-obsolete-biography-compaction -> origin/archive/cleanup-20261002/codex/remove-obsolete-biography-compaction
2026-10-08T23:25:37.3505144Z  * [new branch]          archive/cleanup-20261002/codex/repair-esp32-locks-minimal -> origin/archive/cleanup-20261002/codex/repair-esp32-locks-minimal
2026-10-08T23:25:37.3505779Z  * [new branch]          archive/cleanup-20261002/codex/repair-esp32-standalone-locks -> origin/archive/cleanup-20261002/codex/repair-esp32-standalone-locks
2026-10-08T23:25:37.3506507Z  * [new branch]          archive/cleanup-20261002/codex/retire-book-compat -> origin/archive/cleanup-20261002/codex/retire-book-compat
2026-10-08T23:25:37.3506992Z  * [new branch]          archive/cleanup-20261002/codex/simplify-browser-check -> origin/archive/cleanup-20261002/codex/simplify-browser-check
2026-10-08T23:25:37.3507512Z  * [new branch]          archive/cleanup-20261002/codex/three-bodies-contract-repair -> origin/archive/cleanup-20261002/codex/three-bodies-contract-repair
2026-10-08T23:25:37.3508059Z  * [new branch]          archive/cleanup-20261002/codex/three-bodies-mask-integration -> origin/archive/cleanup-20261002/codex/three-bodies-mask-integration
2026-10-08T23:25:37.3508846Z  * [new branch]          archive/cleanup-20261002/codex/three-bodies-mask-integration-pre-restack-20260927 -> origin/archive/cleanup-20261002/codex/three-bodies-mask-integration-pre-restack-20260927
2026-10-08T23:25:37.3509552Z  * [new branch]          archive/cleanup-20261002/codex/three-bodies-mask-integration-restacked -> origin/archive/cleanup-20261002/codex/three-bodies-mask-integration-restacked
2026-10-08T23:25:37.3510476Z  * [new branch]          archive/cleanup-20261002/codex/three-bodies-mask-journey -> origin/archive/cleanup-20261002/codex/three-bodies-mask-journey
2026-10-08T23:25:37.3511054Z  * [new branch]          archive/cleanup-20261002/codex/user-operated-relay -> origin/archive/cleanup-20261002/codex/user-operated-relay
2026-10-08T23:25:37.3533707Z  * [new branch]          archive/cleanup-20261002/wip/conduit-4055-package-graph -> origin/archive/cleanup-20261002/wip/conduit-4055-package-graph
2026-10-08T23:25:37.3534338Z  * [new branch]          archive/cleanup-20261002/wip/conduit-4231-tour-form-ownership -> origin/archive/cleanup-20261002/wip/conduit-4231-tour-form-ownership
2026-10-08T23:25:37.3534853Z  * [new branch]          archive/cleanup-20261002/wip/conduit-ci-wiring -> origin/archive/cleanup-20261002/wip/conduit-ci-wiring
2026-10-08T23:25:37.3535478Z  * [new branch]          archive/recovery-20261006/conduit-5131-std-observation -> origin/archive/recovery-20261006/conduit-5131-std-observation
2026-10-08T23:25:37.3536005Z  * [new branch]          archive/recovery-20261006/conduit-5132-browser-monotonic -> origin/archive/recovery-20261006/conduit-5132-browser-monotonic
2026-10-08T23:25:37.3536513Z  * [new branch]          archive/recovery-20261006/conduit-5132-civil-bridge -> origin/archive/recovery-20261006/conduit-5132-civil-bridge
2026-10-08T23:25:37.3537023Z  * [new branch]          archive/recovery-20261006/conduit-5132-conduitos-monotonic -> origin/archive/recovery-20261006/conduit-5132-conduitos-monotonic
2026-10-08T23:25:37.3537529Z  * [new branch]          archive/recovery-20261006/conduit-5132-plan-quality -> origin/archive/recovery-20261006/conduit-5132-plan-quality
2026-10-08T23:25:37.3538081Z  * [new branch]          archive/recovery-20261006/heads/conduit-4807-audio-gate-eae9af1b0d7d -> origin/archive/recovery-20261006/heads/conduit-4807-audio-gate-eae9af1b0d7d
2026-10-08T23:25:37.3538899Z  * [new branch]          archive/recovery-20261006/heads/conduit-4807-host-loss-recovery-f4eb5585f345 -> origin/archive/recovery-20261006/heads/conduit-4807-host-loss-recovery-f4eb5585f345
2026-10-08T23:25:37.3539647Z  * [new branch]          archive/recovery-20261006/heads/conduit-4807-journey-page-b4a67fddab85 -> origin/archive/recovery-20261006/heads/conduit-4807-journey-page-b4a67fddab85
2026-10-08T23:25:37.3540322Z  * [new branch]          archive/recovery-20261006/heads/conduit-4807-same-play-linux-590bbe0a3000 -> origin/archive/recovery-20261006/heads/conduit-4807-same-play-linux-590bbe0a3000
2026-10-08T23:25:37.3541004Z  * [new branch]          archive/recovery-20261006/heads/conduit-4807-spoken-model-budget-5d9341a7844a -> origin/archive/recovery-20261006/heads/conduit-4807-spoken-model-budget-5d9341a7844a
2026-10-08T23:25:37.3541724Z  * [new branch]          archive/recovery-20261006/heads/conduit-browser-interaction-line-b381fad014ff -> origin/archive/recovery-20261006/heads/conduit-browser-interaction-line-b381fad014ff
2026-10-08T23:25:37.3542460Z  * [new branch]          archive/recovery-20261006/heads/conduit-browser-proof-entrance-repair-642de6a88cbd -> origin/archive/recovery-20261006/heads/conduit-browser-proof-entrance-repair-642de6a88cbd
2026-10-08T23:25:37.3543234Z  * [new branch]          archive/recovery-20261006/heads/conduit-current-view-spoken-navigation-6a105d558eb3 -> origin/archive/recovery-20261006/heads/conduit-current-view-spoken-navigation-6a105d558eb3
2026-10-08T23:25:37.3543947Z  * [new branch]          archive/recovery-20261006/heads/conduit-face-plain-language-740cd0fa5a33 -> origin/archive/recovery-20261006/heads/conduit-face-plain-language-740cd0fa5a33
2026-10-08T23:25:37.3544622Z  * [new branch]          archive/recovery-20261006/heads/conduit-journey-publication-60b8af5d843d -> origin/archive/recovery-20261006/heads/conduit-journey-publication-60b8af5d843d
2026-10-08T23:25:37.3545335Z  * [new branch]          archive/recovery-20261006/heads/conduit-mechanical-spoken-face-7f4231508bc4 -> origin/archive/recovery-20261006/heads/conduit-mechanical-spoken-face-7f4231508bc4
2026-10-08T23:25:37.3546031Z  * [new branch]          archive/recovery-20261006/heads/conduit-model-route-restoration-6f5b4819e2d8 -> origin/archive/recovery-20261006/heads/conduit-model-route-restoration-6f5b4819e2d8
2026-10-08T23:25:37.3546760Z  * [new branch]          archive/recovery-20261006/heads/conduit-native-face-graphical-richness-670f598f4eeb -> origin/archive/recovery-20261006/heads/conduit-native-face-graphical-richness-670f598f4eeb
2026-10-08T23:25:37.3547516Z  * [new branch]          archive/recovery-20261006/heads/conduit-native-face-mask-integration-5df58d0415ed -> origin/archive/recovery-20261006/heads/conduit-native-face-mask-integration-5df58d0415ed
2026-10-08T23:25:37.3548226Z  * [new branch]          archive/recovery-20261006/heads/conduit-native-face-snapshot-61a52673d1dc -> origin/archive/recovery-20261006/heads/conduit-native-face-snapshot-61a52673d1dc
2026-10-08T23:25:37.3549140Z  * [new branch]          archive/recovery-20261006/heads/conduit-native-face-tui-richness-727913ceb04a -> origin/archive/recovery-20261006/heads/conduit-native-face-tui-richness-727913ceb04a
2026-10-08T23:25:37.3549824Z  * [new branch]          archive/recovery-20261006/heads/conduit-native-planned-line-b94754cdda55 -> origin/archive/recovery-20261006/heads/conduit-native-planned-line-b94754cdda55
2026-10-08T23:25:37.3550518Z  * [new branch]          archive/recovery-20261006/heads/conduit-native-postbirth-face-mask-4e52baacabb1 -> origin/archive/recovery-20261006/heads/conduit-native-postbirth-face-mask-4e52baacabb1
2026-10-08T23:25:37.3551218Z  * [new branch]          archive/recovery-20261006/heads/conduit-owner-wardrobe-routes-771bc7cd9326 -> origin/archive/recovery-20261006/heads/conduit-owner-wardrobe-routes-771bc7cd9326
2026-10-08T23:25:37.3551921Z  * [new branch]          archive/recovery-20261006/heads/conduit-proof-combined-owner-face-0adf69a52307 -> origin/archive/recovery-20261006/heads/conduit-proof-combined-owner-face-0adf69a52307
2026-10-08T23:25:37.3552646Z  * [new branch]          archive/recovery-20261006/heads/conduit-proof-three-host-owner-face-30e45f6aeb65 -> origin/archive/recovery-20261006/heads/conduit-proof-three-host-owner-face-30e45f6aeb65
2026-10-08T23:25:37.3553445Z  * [new branch]          archive/recovery-20261006/heads/conduit-provisional-owner-route-da74fde0bad5 -> origin/archive/recovery-20261006/heads/conduit-provisional-owner-route-da74fde0bad5
2026-10-08T23:25:37.3554180Z  * [new branch]          archive/recovery-20261006/heads/conduit-provisional-owner-route-member-53c7fc4a19a3 -> origin/archive/recovery-20261006/heads/conduit-provisional-owner-route-member-53c7fc4a19a3
2026-10-08T23:25:37.3554930Z  * [new branch]          archive/recovery-20261006/heads/conduit-provisional-owner-route-tls-6bb71662e4fe -> origin/archive/recovery-20261006/heads/conduit-provisional-owner-route-tls-6bb71662e4fe
2026-10-08T23:25:37.3555624Z  * [new branch]          archive/recovery-20261006/heads/conduit-qemu-audio-capture-05fe631d3394 -> origin/archive/recovery-20261006/heads/conduit-qemu-audio-capture-05fe631d3394
2026-10-08T23:25:37.3556305Z  * [new branch]          archive/recovery-20261006/heads/conduit-readable-terminal-capture-3c2865efc3a3 -> origin/archive/recovery-20261006/heads/conduit-readable-terminal-capture-3c2865efc3a3
2026-10-08T23:25:37.3556993Z  * [new branch]          archive/recovery-20261006/heads/conduit-real-owner-provision-51fd34ab3bd5 -> origin/archive/recovery-20261006/heads/conduit-real-owner-provision-51fd34ab3bd5
2026-10-08T23:25:37.3557643Z  * [new branch]          archive/recovery-20261006/heads/conduit-screen-free-lull-bc7afc639bf1 -> origin/archive/recovery-20261006/heads/conduit-screen-free-lull-bc7afc639bf1
2026-10-08T23:25:37.3558489Z  * [new branch]          archive/recovery-20261006/heads/conduit-selected-speech-browser-proof-20aa799b8819 -> origin/archive/recovery-20261006/heads/conduit-selected-speech-browser-proof-20aa799b8819
2026-10-08T23:25:37.3559284Z  * [new branch]          archive/recovery-20261006/heads/conduit-sequential-external-fore-speech-2301190eff99 -> origin/archive/recovery-20261006/heads/conduit-sequential-external-fore-speech-2301190eff99
2026-10-08T23:25:37.3560050Z  * [new branch]          archive/recovery-20261006/heads/conduit-spoken-face-stream-execution-9727d65c25a3 -> origin/archive/recovery-20261006/heads/conduit-spoken-face-stream-execution-9727d65c25a3
2026-10-08T23:25:37.3560767Z  * [new branch]          archive/recovery-20261006/heads/conduit-terminal-mask-execution-79b95ad06bad -> origin/archive/recovery-20261006/heads/conduit-terminal-mask-execution-79b95ad06bad
2026-10-08T23:25:37.3561422Z  * [new branch]          archive/recovery-20261006/heads/conduit-three-host-llm-f7bac1d0cba4 -> origin/archive/recovery-20261006/heads/conduit-three-host-llm-f7bac1d0cba4
2026-10-08T23:25:37.3561993Z  * [new branch]          archive/recovery-20261006/wip/conduit-4055-package-graph -> origin/archive/recovery-20261006/wip/conduit-4055-package-graph
2026-10-08T23:25:37.3562622Z  * [new branch]          archive/recovery-20261006/wip/conduit-4231-tour-form-ownership -> origin/archive/recovery-20261006/wip/conduit-4231-tour-form-ownership
2026-10-08T23:25:37.3563135Z  * [new branch]          archive/recovery-20261006/wip/conduit-ci-wiring -> origin/archive/recovery-20261006/wip/conduit-ci-wiring
2026-10-08T23:25:37.3563633Z  * [new branch]          archive/recovery-20261006/wip/conduit-native-owner-wardrobe -> origin/archive/recovery-20261006/wip/conduit-native-owner-wardrobe
2026-10-08T23:25:37.3564177Z  * [new branch]          archive/recovery-20261006/wip/conduit-owner-speech-service -> origin/archive/recovery-20261006/wip/conduit-owner-speech-service
2026-10-08T23:25:37.3564659Z  * [new branch]          archive/stopping-20261008/4055-package-graph -> origin/archive/stopping-20261008/4055-package-graph
2026-10-08T23:25:37.3565111Z  * [new branch]          archive/stopping-20261008/4231-tour-form-ownership -> origin/archive/stopping-20261008/4231-tour-form-ownership
2026-10-08T23:25:37.3565570Z  * [new branch]          archive/stopping-20261008/4807-combined-fixture -> origin/archive/stopping-20261008/4807-combined-fixture
2026-10-08T23:25:37.3566047Z  * [new branch]          archive/stopping-20261008/4907-asr -> origin/archive/stopping-20261008/4907-asr
2026-10-08T23:25:37.3566446Z  * [new branch]          archive/stopping-20261008/4907-decode-accounting -> origin/archive/stopping-20261008/4907-decode-accounting
2026-10-08T23:25:37.3566931Z  * [new branch]          archive/stopping-20261008/4907-foundation-browser-proof -> origin/archive/stopping-20261008/4907-foundation-browser-proof
2026-10-08T23:25:37.3567392Z  * [new branch]          archive/stopping-20261008/4907-incremental -> origin/archive/stopping-20261008/4907-incremental
2026-10-08T23:25:37.3567780Z  * [new branch]          archive/stopping-20261008/4907-joint -> origin/archive/stopping-20261008/4907-joint
2026-10-08T23:25:37.3568183Z  * [new branch]          archive/stopping-20261008/4907-native-admission -> origin/archive/stopping-20261008/4907-native-admission
2026-10-08T23:25:37.3568715Z  * [new branch]          archive/stopping-20261008/4907-parser -> origin/archive/stopping-20261008/4907-parser
2026-10-08T23:25:37.3569137Z  * [new branch]          archive/stopping-20261008/4907-production-custody -> origin/archive/stopping-20261008/4907-production-custody
2026-10-08T23:25:37.3569576Z  * [new branch]          archive/stopping-20261008/4907-text-material -> origin/archive/stopping-20261008/4907-text-material
2026-10-08T23:25:37.3569973Z  * [new branch]          archive/stopping-20261008/4907-window8 -> origin/archive/stopping-20261008/4907-window8
2026-10-08T23:25:37.3570377Z  * [new branch]          archive/stopping-20261008/5131-std-observation -> origin/archive/stopping-20261008/5131-std-observation
2026-10-08T23:25:37.3570820Z  * [new branch]          archive/stopping-20261008/5132-browser-monotonic -> origin/archive/stopping-20261008/5132-browser-monotonic
2026-10-08T23:25:37.3571256Z  * [new branch]          archive/stopping-20261008/5132-civil-bridge -> origin/archive/stopping-20261008/5132-civil-bridge
2026-10-08T23:25:37.3571694Z  * [new branch]          archive/stopping-20261008/5132-conduitos-monotonic -> origin/archive/stopping-20261008/5132-conduitos-monotonic
2026-10-08T23:25:37.3572130Z  * [new branch]          archive/stopping-20261008/5132-plan-quality -> origin/archive/stopping-20261008/5132-plan-quality
2026-10-08T23:25:37.3572514Z  * [new branch]          archive/stopping-20261008/ci-wiring -> origin/archive/stopping-20261008/ci-wiring
2026-10-08T23:25:37.3572917Z  * [new branch]          archive/stopping-20261008/native-owner-wardrobe -> origin/archive/stopping-20261008/native-owner-wardrobe
2026-10-08T23:25:37.3573359Z  * [new branch]          archive/stopping-20261008/owner-speech-service -> origin/archive/stopping-20261008/owner-speech-service
2026-10-08T23:25:37.3573782Z  * [new branch]          backup/2026-10-06-4831-ordinary-hid-input -> origin/backup/2026-10-06-4831-ordinary-hid-input
2026-10-08T23:25:37.3574241Z  * [new branch]          backup/2026-10-06-dirty-1-conduit -> origin/backup/2026-10-06-dirty-1-conduit
2026-10-08T23:25:37.3574572Z  * [new branch]          backup/2026-10-06-dirty-2-c302 -> origin/backup/2026-10-06-dirty-2-c302
2026-10-08T23:25:37.3574954Z  * [new branch]          backup/2026-10-06-dirty-4-conduit-4231-complete -> origin/backup/2026-10-06-dirty-4-conduit-4231-complete
2026-10-08T23:25:37.3575376Z  * [new branch]          backup/2026-10-06-usb-device-decode-wip -> origin/backup/2026-10-06-usb-device-decode-wip
2026-10-08T23:25:37.3575717Z  * [new branch]          backup/4103-pre-rebuild     -> origin/backup/4103-pre-rebuild
2026-10-08T23:25:37.3576023Z  * [new branch]          codex/4231-tour-form-ownership -> origin/codex/4231-tour-form-ownership
2026-10-08T23:25:37.3576356Z  * [new branch]          codex/4807-birth-same-play-audio -> origin/codex/4807-birth-same-play-audio
2026-10-08T23:25:37.3576698Z  * [new branch]          codex/4807-browser-timer-package -> origin/codex/4807-browser-timer-package
2026-10-08T23:25:37.3577018Z  * [new branch]          codex/4807-complete-carrier -> origin/codex/4807-complete-carrier
2026-10-08T23:25:37.3577417Z  * [new branch]          codex/4807-live-walkthrough -> origin/codex/4807-live-walkthrough
2026-10-08T23:25:37.3577734Z  * [new branch]          codex/4807-model-route-lifecycle -> origin/codex/4807-model-route-lifecycle
2026-10-08T23:25:37.3578088Z  * [new branch]          codex/4807-partial-site-acceptance -> origin/codex/4807-partial-site-acceptance
2026-10-08T23:25:37.3578554Z  * [new branch]          codex/4807-producer-receipts -> origin/codex/4807-producer-receipts
2026-10-08T23:25:37.3578887Z  * [new branch]          codex/4807-readable-retained-page -> origin/codex/4807-readable-retained-page
2026-10-08T23:25:37.3579214Z  * [new branch]          codex/4807-renderer-contract -> origin/codex/4807-renderer-contract
2026-10-08T23:25:37.3579592Z  * [new branch]          codex/4807-retained-development-publication -> origin/codex/4807-retained-development-publication
2026-10-08T23:25:37.3579994Z  * [new branch]          codex/4807-retained-site-navigation -> origin/codex/4807-retained-site-navigation
2026-10-08T23:25:37.3580378Z  * [new branch]          codex/4807-screen-free-owner-wardrobe -> origin/codex/4807-screen-free-owner-wardrobe
2026-10-08T23:25:37.3580782Z  * [new branch]          codex/4807-screen-free-proof-continuation -> origin/codex/4807-screen-free-proof-continuation
2026-10-08T23:25:37.3581208Z  * [new branch]          codex/4807-screen-free-wardrobe-continuation -> origin/codex/4807-screen-free-wardrobe-continuation
2026-10-08T23:25:37.3581596Z  * [new branch]          codex/4807-spoken-play-sequence -> origin/codex/4807-spoken-play-sequence
2026-10-08T23:25:37.3581931Z  * [new branch]          codex/4807-terminal-owner-replan -> origin/codex/4807-terminal-owner-replan
2026-10-08T23:25:37.3582276Z  * [new branch]          codex/4898-coherent-public-driver -> origin/codex/4898-coherent-public-driver
2026-10-08T23:25:37.3582602Z  * [new branch]          codex/4898-common-greeting  -> origin/codex/4898-common-greeting
2026-10-08T23:25:37.3582899Z  * [new branch]          codex/4898-feature-stream   -> origin/codex/4898-feature-stream
2026-10-08T23:25:37.3583180Z  * [new branch]          codex/4898-fixed-neural     -> origin/codex/4898-fixed-neural
2026-10-08T23:25:37.3583487Z  * [new branch]          codex/4898-numeric-conditioning -> origin/codex/4898-numeric-conditioning
2026-10-08T23:25:37.3583811Z  * [new branch]          codex/4898-pair-storage     -> origin/codex/4898-pair-storage
2026-10-08T23:25:37.3584084Z  * [new branch]          codex/4898-topology         -> origin/codex/4898-topology
2026-10-08T23:25:37.3584370Z  * [new branch]          codex/4907-decode-accounting -> origin/codex/4907-decode-accounting
2026-10-08T23:25:37.3584661Z  * [new branch]          codex/4907-discourse        -> origin/codex/4907-discourse
2026-10-08T23:25:37.3585053Z  * [new branch]          codex/4907-evaluation-identity -> origin/codex/4907-evaluation-identity
2026-10-08T23:25:37.3585354Z  * [new branch]          codex/4907-incremental      -> origin/codex/4907-incremental
2026-10-08T23:25:37.3585620Z  * [new branch]          codex/4907-joint            -> origin/codex/4907-joint
2026-10-08T23:25:37.3585909Z  * [new branch]          codex/4907-learned-integration -> origin/codex/4907-learned-integration
2026-10-08T23:25:37.3586199Z  * [new branch]          codex/4907-lexical          -> origin/codex/4907-lexical
2026-10-08T23:25:37.3586477Z  * [new branch]          codex/4907-native-admission -> origin/codex/4907-native-admission
2026-10-08T23:25:37.3586778Z  * [new branch]          codex/4907-native-evaluation -> origin/codex/4907-native-evaluation
2026-10-08T23:25:37.3587073Z  * [new branch]          codex/4907-native-reuse     -> origin/codex/4907-native-reuse
2026-10-08T23:25:37.3587340Z  * [new branch]          codex/4907-parser           -> origin/codex/4907-parser
2026-10-08T23:25:37.3587620Z  * [new branch]          codex/4907-pitch-trajectory -> origin/codex/4907-pitch-trajectory
2026-10-08T23:25:37.3587902Z  * [new branch]          codex/4907-playback         -> origin/codex/4907-playback
2026-10-08T23:25:37.3588254Z  * [new branch]          codex/4907-playback-proof   -> origin/codex/4907-playback-proof
2026-10-08T23:25:37.3588741Z  * [new branch]          codex/4907-production-custody -> origin/codex/4907-production-custody
2026-10-08T23:25:37.3589044Z  * [new branch]          codex/4907-pronunciation    -> origin/codex/4907-pronunciation
2026-10-08T23:25:37.3589319Z  * [new branch]          codex/4907-prosody          -> origin/codex/4907-prosody
2026-10-08T23:25:37.3589576Z  * [new branch]          codex/4907-scorer           -> origin/codex/4907-scorer
2026-10-08T23:25:37.3589848Z  * [new branch]          codex/4907-speech-coverage  -> origin/codex/4907-speech-coverage
2026-10-08T23:25:37.3590122Z  * [new branch]          codex/4907-window8          -> origin/codex/4907-window8
2026-10-08T23:25:37.3590383Z  * [new branch]          codex/5111-live-proof       -> origin/codex/5111-live-proof
2026-10-08T23:25:37.3590671Z  * [new branch]          codex/5113-pause-checkpoint -> origin/codex/5113-pause-checkpoint
2026-10-08T23:25:37.3591014Z  * [new branch]          codex/5113-paused-aarch64-checkpoint -> origin/codex/5113-paused-aarch64-checkpoint
2026-10-08T23:25:37.3591428Z  * [new branch]          codex/5113-repair-birth-publication-fixture -> origin/codex/5113-repair-birth-publication-fixture
2026-10-08T23:25:37.3591803Z  * [new branch]          codex/5183-numeric-foundation -> origin/codex/5183-numeric-foundation
2026-10-08T23:25:37.3592117Z  * [new branch]          codex/5196-revision-foundation -> origin/codex/5196-revision-foundation
2026-10-08T23:25:37.3592429Z  * [new branch]          codex/5201-biography-archive -> origin/codex/5201-biography-archive
2026-10-08T23:25:37.3592729Z  * [new branch]          codex/5201-live-todo-journey -> origin/codex/5201-live-todo-journey
2026-10-08T23:25:37.3593064Z  * [new branch]          codex/5201-native-return-live-proof -> origin/codex/5201-native-return-live-proof
2026-10-08T23:25:37.3593411Z  * [new branch]          codex/5201-native-return-route -> origin/codex/5201-native-return-route
2026-10-08T23:25:37.3593714Z  * [new branch]          codex/5201-native-todo-qmp  -> origin/codex/5201-native-todo-qmp
2026-10-08T23:25:37.3593993Z  * [new branch]          codex/5201-todo-browser     -> origin/codex/5201-todo-browser
2026-10-08T23:25:37.3594337Z  * [new branch]          codex/5201-todo-face-bindings-experiment -> origin/codex/5201-todo-face-bindings-experiment
2026-10-08T23:25:37.3594702Z  * [new branch]          codex/5201-todo-fresh-producer -> origin/codex/5201-todo-fresh-producer
2026-10-08T23:25:37.3595002Z  * [new branch]          codex/5201-todo-integrated  -> origin/codex/5201-todo-integrated
2026-10-08T23:25:37.3595279Z  * [new branch]          codex/5201-todo-kernel      -> origin/codex/5201-todo-kernel
2026-10-08T23:25:37.3595679Z  * [new branch]          codex/5201-todo-live-producer -> origin/codex/5201-todo-live-producer
2026-10-08T23:25:37.3595980Z  * [new branch]          codex/5201-todo-next-action -> origin/codex/5201-todo-next-action
2026-10-08T23:25:37.3596281Z  * [new branch]          codex/5201-todo-read-encounter -> origin/codex/5201-todo-read-encounter
2026-10-08T23:25:37.3596592Z  * [new branch]          codex/5201-todo-write-receipt -> origin/codex/5201-todo-write-receipt
2026-10-08T23:25:37.3596942Z  * [new branch]          codex/5205-5207-conduitvoice-docs-first -> origin/codex/5205-5207-conduitvoice-docs-first
2026-10-08T23:25:37.3597274Z  * [new branch]          codex/5212-common-intent    -> origin/codex/5212-common-intent
2026-10-08T23:25:37.3597561Z  * [new branch]          codex/5216-audio-foundation -> origin/codex/5216-audio-foundation
2026-10-08T23:25:37.3597852Z  * [new branch]          codex/5216-audio-quantities -> origin/codex/5216-audio-quantities
2026-10-08T23:25:37.3598150Z  * [new branch]          codex/5260-canonical-ipa-ir -> origin/codex/5260-canonical-ipa-ir
2026-10-08T23:25:37.3598585Z  * [new branch]          codex/5260-unicode-ipa      -> origin/codex/5260-unicode-ipa
2026-10-08T23:25:37.3598943Z  * [new branch]          codex/5264-todo-core        -> origin/codex/5264-todo-core
2026-10-08T23:25:37.3599216Z  * [new branch]          codex/5265-todo-continuity  -> origin/codex/5265-todo-continuity
2026-10-08T23:25:37.3599503Z  * [new branch]          codex/5266-speech-selection -> origin/codex/5266-speech-selection
2026-10-08T23:25:37.3599781Z  * [new branch]          codex/5267-todo-masks       -> origin/codex/5267-todo-masks
2026-10-08T23:25:37.3600076Z  * [new branch]          codex/5269-ticker-presentation -> origin/codex/5269-ticker-presentation
2026-10-08T23:25:37.3600369Z  * [new branch]          codex/5300-fresh-boot       -> origin/codex/5300-fresh-boot
2026-10-08T23:25:37.3600678Z  * [new branch]          codex/burn-durable-corpus-cursor -> origin/codex/burn-durable-corpus-cursor
2026-10-08T23:25:37.3601051Z  * [new branch]          codex/integer-categorical-foundation -> origin/codex/integer-categorical-foundation
2026-10-08T23:25:37.3601399Z  * [new branch]          codex/portable-foundations  -> origin/codex/portable-foundations
2026-10-08T23:25:37.3601734Z  * [new branch]          codex/portable-foundations-omnibus -> origin/codex/portable-foundations-omnibus
2026-10-08T23:25:37.3602098Z  * [new branch]          codex/portable-foundations-probe -> origin/codex/portable-foundations-probe
2026-10-08T23:25:37.3602419Z  * [new branch]          codex/todo-direct-opening   -> origin/codex/todo-direct-opening
2026-10-08T23:25:37.3602710Z  * [new branch]          codex/todo-exact-ancestry   -> origin/codex/todo-exact-ancestry
2026-10-08T23:25:37.3603006Z  * [new branch]          codex/todo-model-checkpoint -> origin/codex/todo-model-checkpoint
2026-10-08T23:25:37.3603294Z  * [new branch]          codex/todo-spoken-play      -> origin/codex/todo-spoken-play
2026-10-08T23:25:37.3603615Z  * [new branch]          conduit-visual-evidence-history -> origin/conduit-visual-evidence-history
2026-10-08T23:25:37.3603984Z  * [new branch]          copilot/check-distance-frequency-form -> origin/copilot/check-distance-frequency-form
2026-10-08T23:25:37.3604394Z  * [new branch]          copilot/make-frequency-drive-bounded-pcm -> origin/copilot/make-frequency-drive-bounded-pcm
2026-10-08T23:25:37.3604850Z  * [new branch]          copilot/turn-off-release-liveness-issue-creation -> origin/copilot/turn-off-release-liveness-issue-creation
2026-10-08T23:25:37.3605201Z  * [new branch]          dev                         -> origin/dev
2026-10-08T23:25:37.3605430Z  * [new branch]          gh-pages                    -> origin/gh-pages
2026-10-08T23:25:37.3605656Z  * [new branch]          main                        -> origin/main
2026-10-08T23:25:37.3605995Z  * [new branch]          recovery/4907-custody-reprioritization-20261008 -> origin/recovery/4907-custody-reprioritization-20261008
2026-10-08T23:25:37.3606522Z  * [new branch]          recovery/5183-before-numeric-split-20261008 -> origin/recovery/5183-before-numeric-split-20261008
2026-10-08T23:25:37.3606943Z  * [new branch]          recovery/5278-before-audio-split-20261008 -> origin/recovery/5278-before-audio-split-20261008
2026-10-08T23:25:37.3607380Z  * [new branch]          release/01b016fc7c5c0b3acb5f81078edcf2d9a75c158c -> origin/release/01b016fc7c5c0b3acb5f81078edcf2d9a75c158c
2026-10-08T23:25:37.3607825Z  * [new branch]          release/027c4f423223e98ca051693221165d998cebde8f -> origin/release/027c4f423223e98ca051693221165d998cebde8f
2026-10-08T23:25:37.3608369Z  * [new branch]          release/02ecbc0a99672819bbf5810fca973b76bb361068 -> origin/release/02ecbc0a99672819bbf5810fca973b76bb361068
2026-10-08T23:25:37.3608820Z  * [new branch]          release/0e33ad13100b21424fff64086ba687f62fa1eb06 -> origin/release/0e33ad13100b21424fff64086ba687f62fa1eb06
2026-10-08T23:25:37.3609265Z  * [new branch]          release/0eebcc254044a05e6c3427a4844e627dd6c63b07 -> origin/release/0eebcc254044a05e6c3427a4844e627dd6c63b07
2026-10-08T23:25:37.3609705Z  * [new branch]          release/0fea630c0327fe5b14f3d06c83b45c380836a73e -> origin/release/0fea630c0327fe5b14f3d06c83b45c380836a73e
2026-10-08T23:25:37.3610228Z  * [new branch]          release/11cc70175696782b1c22bc0174fc304c6d0d00a8 -> origin/release/11cc70175696782b1c22bc0174fc304c6d0d00a8
2026-10-08T23:25:37.3610660Z  * [new branch]          release/16eb6053e2888ad28015b437e9a37b8cb6be349d -> origin/release/16eb6053e2888ad28015b437e9a37b8cb6be349d
2026-10-08T23:25:37.3611102Z  * [new branch]          release/1876ecccacef607dec6b529a1d0d7bc89bd25a4f -> origin/release/1876ecccacef607dec6b529a1d0d7bc89bd25a4f
2026-10-08T23:25:37.3611552Z  * [new branch]          release/18bd07bb6c1bf460082fffa408d731b4ea57d73f -> origin/release/18bd07bb6c1bf460082fffa408d731b4ea57d73f
2026-10-08T23:25:37.3611994Z  * [new branch]          release/1afb89711f6c618ab50cb1092dc825fa0f2d8c58 -> origin/release/1afb89711f6c618ab50cb1092dc825fa0f2d8c58
2026-10-08T23:25:37.3612439Z  * [new branch]          release/1b4d7bb3b8ff6b972f7477632c8649b4c160a294 -> origin/release/1b4d7bb3b8ff6b972f7477632c8649b4c160a294
2026-10-08T23:25:37.3612886Z  * [new branch]          release/1ec25b49a70a46125c2e7d79f941cbade5ca7b66 -> origin/release/1ec25b49a70a46125c2e7d79f941cbade5ca7b66
2026-10-08T23:25:37.3613323Z  * [new branch]          release/21f21bab09157ce98dde41888d6584032487adda -> origin/release/21f21bab09157ce98dde41888d6584032487adda
2026-10-08T23:25:37.3613765Z  * [new branch]          release/2685a777ecfa52f6607eab35cc7ca6add9df2229 -> origin/release/2685a777ecfa52f6607eab35cc7ca6add9df2229
2026-10-08T23:25:37.3614218Z  * [new branch]          release/2aacaa6bde9ec1aa3e56abb49999df6dec8a78db -> origin/release/2aacaa6bde9ec1aa3e56abb49999df6dec8a78db
2026-10-08T23:25:37.3614663Z  * [new branch]          release/2e39f2eed5131a6b306f84862d371f70225cb3d4 -> origin/release/2e39f2eed5131a6b306f84862d371f70225cb3d4
2026-10-08T23:25:37.3615105Z  * [new branch]          release/2e7d1b4cd1767dab1b5dd78aa2c101c6aa35924d -> origin/release/2e7d1b4cd1767dab1b5dd78aa2c101c6aa35924d
2026-10-08T23:25:37.3615545Z  * [new branch]          release/332b37e2af034f891153a05b577852c8fd5e7882 -> origin/release/332b37e2af034f891153a05b577852c8fd5e7882
2026-10-08T23:25:37.3615979Z  * [new branch]          release/35a6603a39a6e8b812f5ad49166cf8925f97564f -> origin/release/35a6603a39a6e8b812f5ad49166cf8925f97564f
2026-10-08T23:25:37.3616411Z  * [new branch]          release/36d330035fbc01e05225e9559424f5f14fd0c83a -> origin/release/36d330035fbc01e05225e9559424f5f14fd0c83a
2026-10-08T23:25:37.3616844Z  * [new branch]          release/3907fec0c6256eb1dfb1fee045056c044b33decf -> origin/release/3907fec0c6256eb1dfb1fee045056c044b33decf
2026-10-08T23:25:37.3617283Z  * [new branch]          release/391774a5d5bd753c3bb06c575e3a820ec388bf68 -> origin/release/391774a5d5bd753c3bb06c575e3a820ec388bf68
2026-10-08T23:25:37.3617808Z  * [new branch]          release/3be4914d5fca80e81a4ddddccdd0877db87d4931 -> origin/release/3be4914d5fca80e81a4ddddccdd0877db87d4931
2026-10-08T23:25:37.3618253Z  * [new branch]          release/3d01a7591ef1a42d5f9749999e1028bfde90afd3 -> origin/release/3d01a7591ef1a42d5f9749999e1028bfde90afd3
2026-10-08T23:25:37.3619098Z  * [new branch]          release/3d780e728d1cd5fe57c2dc71569dd8e77fefb57e -> origin/release/3d780e728d1cd5fe57c2dc71569dd8e77fefb57e
2026-10-08T23:25:37.3619542Z  * [new branch]          release/3e0c4967bc8e1c5f1d5eee77e68ec0d1f448595f -> origin/release/3e0c4967bc8e1c5f1d5eee77e68ec0d1f448595f
2026-10-08T23:25:37.3619988Z  * [new branch]          release/408410e23ee2225595f1b6ef3b017868a0fffd6f -> origin/release/408410e23ee2225595f1b6ef3b017868a0fffd6f
2026-10-08T23:25:37.3620426Z  * [new branch]          release/40b553c2f12ab0cfa205b3774509ee9ce639db6d -> origin/release/40b553c2f12ab0cfa205b3774509ee9ce639db6d
2026-10-08T23:25:37.3620871Z  * [new branch]          release/42d6c212f9dac742c92025c5fde8c74dfbde4e47 -> origin/release/42d6c212f9dac742c92025c5fde8c74dfbde4e47
2026-10-08T23:25:37.3621319Z  * [new branch]          release/433bcf390e00ee3f4be396106d8d290d0207699f -> origin/release/433bcf390e00ee3f4be396106d8d290d0207699f
2026-10-08T23:25:37.3621851Z  * [new branch]          release/46ab9c2f68bb17c7194ff78b24ee65ba94917d75 -> origin/release/46ab9c2f68bb17c7194ff78b24ee65ba94917d75
2026-10-08T23:25:37.3622290Z  * [new branch]          release/47cae77611c671d4b44460125f3728f99cf73bb6 -> origin/release/47cae77611c671d4b44460125f3728f99cf73bb6
2026-10-08T23:25:37.3622724Z  * [new branch]          release/4881699e4d922e7106678f2eefbade44ec543a1b -> origin/release/4881699e4d922e7106678f2eefbade44ec543a1b
2026-10-08T23:25:37.3623161Z  * [new branch]          release/49f0eb5c4771b285ce2d17161c7dcd05edfb9a40 -> origin/release/49f0eb5c4771b285ce2d17161c7dcd05edfb9a40
2026-10-08T23:25:37.3623599Z  * [new branch]          release/4a204e1fd258a8e11278ff43edb9665ac85570f0 -> origin/release/4a204e1fd258a8e11278ff43edb9665ac85570f0
2026-10-08T23:25:37.3624039Z  * [new branch]          release/51e9884e3f6738ae8d237987e339f3e198f9d738 -> origin/release/51e9884e3f6738ae8d237987e339f3e198f9d738
2026-10-08T23:25:37.3624474Z  * [new branch]          release/52370b257b6188f2f6aba42cd8065489203ef78f -> origin/release/52370b257b6188f2f6aba42cd8065489203ef78f
2026-10-08T23:25:37.3624904Z  * [new branch]          release/56326c9df80f2b424055b0f2a12323d19248c44f -> origin/release/56326c9df80f2b424055b0f2a12323d19248c44f
2026-10-08T23:25:37.3625337Z  * [new branch]          release/575ebf2b909db91d11451420aa830a4e7235d4ac -> origin/release/575ebf2b909db91d11451420aa830a4e7235d4ac
2026-10-08T23:25:37.3625782Z  * [new branch]          release/5b57fa034dffc60cc5fccc99fb3a0bdd92ca831b -> origin/release/5b57fa034dffc60cc5fccc99fb3a0bdd92ca831b
2026-10-08T23:25:37.3626224Z  * [new branch]          release/5be5340248af5e82a4b5d54410f4ef745afdfa7c -> origin/release/5be5340248af5e82a4b5d54410f4ef745afdfa7c
2026-10-08T23:25:37.3626667Z  * [new branch]          release/5ce79086e3ee0ced0fc4b99df150e64890104971 -> origin/release/5ce79086e3ee0ced0fc4b99df150e64890104971
2026-10-08T23:25:37.3627100Z  * [new branch]          release/6183b3c233a80594a50735725cf78d7df650c40c -> origin/release/6183b3c233a80594a50735725cf78d7df650c40c
2026-10-08T23:25:37.3627540Z  * [new branch]          release/61f8a40a173eb785d0bace51b2c90bcf5c1074a1 -> origin/release/61f8a40a173eb785d0bace51b2c90bcf5c1074a1
2026-10-08T23:25:37.3627990Z  * [new branch]          release/6289b3df16bb9b6d42fb83b2e4c5a72ee03d3ee5 -> origin/release/6289b3df16bb9b6d42fb83b2e4c5a72ee03d3ee5
2026-10-08T23:25:37.3628591Z  * [new branch]          release/62fbfacbbf35fd4aca39c2100c889246352ba819 -> origin/release/62fbfacbbf35fd4aca39c2100c889246352ba819
2026-10-08T23:25:37.3629037Z  * [new branch]          release/6a301334e5ac81c6d40ecc17beedbc1081bf0a84 -> origin/release/6a301334e5ac81c6d40ecc17beedbc1081bf0a84
2026-10-08T23:25:37.3629475Z  * [new branch]          release/6b678a36c965250a1db13d45b293a547d0a78b00 -> origin/release/6b678a36c965250a1db13d45b293a547d0a78b00
2026-10-08T23:25:37.3630000Z  * [new branch]          release/6cc4ba02f2139716e454da8463ff28f0b3502814 -> origin/release/6cc4ba02f2139716e454da8463ff28f0b3502814
2026-10-08T23:25:37.3630441Z  * [new branch]          release/6cc58a14764208543fad460bce5f6bf2a207d82d -> origin/release/6cc58a14764208543fad460bce5f6bf2a207d82d
2026-10-08T23:25:37.3630885Z  * [new branch]          release/6efc44762c0c8c9779b51bbe86dc382dd1aeced7 -> origin/release/6efc44762c0c8c9779b51bbe86dc382dd1aeced7
2026-10-08T23:25:37.3631327Z  * [new branch]          release/7014e10ccb2c6fe3559b8ffe533a5917b76bc862 -> origin/release/7014e10ccb2c6fe3559b8ffe533a5917b76bc862
2026-10-08T23:25:37.3631763Z  * [new branch]          release/7283954d16316a912e6af790e871b61008ff4a29 -> origin/release/7283954d16316a912e6af790e871b61008ff4a29
2026-10-08T23:25:37.3632193Z  * [new branch]          release/739718c80a7ca8894ab9e36d4c82fcd4c19e583c -> origin/release/739718c80a7ca8894ab9e36d4c82fcd4c19e583c
2026-10-08T23:25:37.3632628Z  * [new branch]          release/7529270b3e51606f3485840b4a74053c5bea07b8 -> origin/release/7529270b3e51606f3485840b4a74053c5bea07b8
2026-10-08T23:25:37.3633145Z  * [new branch]          release/770a4a62474e78da3c2a0ccddd3b2fa3591f8197 -> origin/release/770a4a62474e78da3c2a0ccddd3b2fa3591f8197
2026-10-08T23:25:37.3633582Z  * [new branch]          release/78d8e98b5d8b38562a0c2f6ec055b0cc84d8d90d -> origin/release/78d8e98b5d8b38562a0c2f6ec055b0cc84d8d90d
2026-10-08T23:25:37.3634020Z  * [new branch]          release/7991e50b4c8756ad2be2c0f238c6b220e325c6ee -> origin/release/7991e50b4c8756ad2be2c0f238c6b220e325c6ee
2026-10-08T23:25:37.3634459Z  * [new branch]          release/7acbc416d21386ea60c6618978994ba83dac8136 -> origin/release/7acbc416d21386ea60c6618978994ba83dac8136
2026-10-08T23:25:37.3634894Z  * [new branch]          release/7b03d378423fbdcc493fa901b1a72130379acc4d -> origin/release/7b03d378423fbdcc493fa901b1a72130379acc4d
2026-10-08T23:25:37.3635332Z  * [new branch]          release/7d85e8394ad575bdbe268a2944232b3c72c37b08 -> origin/release/7d85e8394ad575bdbe268a2944232b3c72c37b08
2026-10-08T23:25:37.3635770Z  * [new branch]          release/81a135cba4490794085bbcfd0b09b51db1db2134 -> origin/release/81a135cba4490794085bbcfd0b09b51db1db2134
2026-10-08T23:25:37.3636215Z  * [new branch]          release/84904771e67ccbd6bf87b80ccdf31a4eacf0fb0e -> origin/release/84904771e67ccbd6bf87b80ccdf31a4eacf0fb0e
2026-10-08T23:25:37.3636656Z  * [new branch]          release/864964ce59531d3fda3b9ae676dad14d25dcca0a -> origin/release/864964ce59531d3fda3b9ae676dad14d25dcca0a
2026-10-08T23:25:37.3637096Z  * [new branch]          release/87e368092bd4cc72240cb1229a84d30a360a7f90 -> origin/release/87e368092bd4cc72240cb1229a84d30a360a7f90
2026-10-08T23:25:37.3637534Z  * [new branch]          release/8818b446aa6faf01dfe901cb20126ee4256edc97 -> origin/release/8818b446aa6faf01dfe901cb20126ee4256edc97
2026-10-08T23:25:37.3637978Z  * [new branch]          release/8ac24a8eea83cae06158b85208d90979a89493e8 -> origin/release/8ac24a8eea83cae06158b85208d90979a89493e8
2026-10-08T23:25:37.3638558Z  * [new branch]          release/8b216ee721a3fe492fd0d02fb4a3fa4b606519c1 -> origin/release/8b216ee721a3fe492fd0d02fb4a3fa4b606519c1
2026-10-08T23:25:37.3639003Z  * [new branch]          release/976463aa709f43db46d89f7d55898ea2db3e17a4 -> origin/release/976463aa709f43db46d89f7d55898ea2db3e17a4
2026-10-08T23:25:37.3639440Z  * [new branch]          release/99d3dd46a2fe01d7d117184921c9aff7da33f7d7 -> origin/release/99d3dd46a2fe01d7d117184921c9aff7da33f7d7
2026-10-08T23:25:37.3639885Z  * [new branch]          release/9bf8f89bd937e2a3e13c128a10dfa1b63f51d893 -> origin/release/9bf8f89bd937e2a3e13c128a10dfa1b63f51d893
2026-10-08T23:25:37.3640349Z  * [new branch]          release/a06600168677a5d91ab293cc04b0d0ebce382344 -> origin/release/a06600168677a5d91ab293cc04b0d0ebce382344
2026-10-08T23:25:37.3640792Z  * [new branch]          release/a12eb786d4ced5b57dfa550bec0581fec9c5c2d7 -> origin/release/a12eb786d4ced5b57dfa550bec0581fec9c5c2d7
2026-10-08T23:25:37.3641326Z  * [new branch]          release/a3b6edf83b4c5354b7c2091e6109188b2eb872ab -> origin/release/a3b6edf83b4c5354b7c2091e6109188b2eb872ab
2026-10-08T23:25:37.3641784Z  * [new branch]          release/a6cbe9eec12feeeddfc2e88cce7d7a4a592b5fbe -> origin/release/a6cbe9eec12feeeddfc2e88cce7d7a4a592b5fbe
2026-10-08T23:25:37.3642240Z  * [new branch]          release/a95efd41d209df01ada6e1b6eb0ad3a31694d61f -> origin/release/a95efd41d209df01ada6e1b6eb0ad3a31694d61f
2026-10-08T23:25:37.3642690Z  * [new branch]          release/aa0207c094edc5c3d999a84b4bd94ffe84244ea0 -> origin/release/aa0207c094edc5c3d999a84b4bd94ffe84244ea0
2026-10-08T23:25:37.3643141Z  * [new branch]          release/ad9df47da8e98e3d3f206df1a9bdbeae29e7655d -> origin/release/ad9df47da8e98e3d3f206df1a9bdbeae29e7655d
2026-10-08T23:25:37.3643588Z  * [new branch]          release/adc05effe82356458007207c4fdb989243741b18 -> origin/release/adc05effe82356458007207c4fdb989243741b18
2026-10-08T23:25:37.3644033Z  * [new branch]          release/ade28c3ac6f3f694b29513c2abb32f77bdd36575 -> origin/release/ade28c3ac6f3f694b29513c2abb32f77bdd36575
2026-10-08T23:25:37.3644474Z  * [new branch]          release/ae8b29c1cf932618566452ff43d0185af05e3569 -> origin/release/ae8b29c1cf932618566452ff43d0185af05e3569
2026-10-08T23:25:37.3644998Z  * [new branch]          release/afd39cf25c43f2b21be9ec65776b7c5a99d888c7 -> origin/release/afd39cf25c43f2b21be9ec65776b7c5a99d888c7
2026-10-08T23:25:37.3645444Z  * [new branch]          release/b0486c6c03d1dc06a819b0badf83c28249258a81 -> origin/release/b0486c6c03d1dc06a819b0badf83c28249258a81
2026-10-08T23:25:37.3645887Z  * [new branch]          release/b0ffd1310b07601ea4d960fd2a5b7fdbe86d2cd4 -> origin/release/b0ffd1310b07601ea4d960fd2a5b7fdbe86d2cd4
2026-10-08T23:25:37.3646328Z  * [new branch]          release/b4583786bbe1639ea1467f504543febffa7003a9 -> origin/release/b4583786bbe1639ea1467f504543febffa7003a9
2026-10-08T23:25:37.3646765Z  * [new branch]          release/b8979d81802c06a204dac1cce6d4c3adee14f7a7 -> origin/release/b8979d81802c06a204dac1cce6d4c3adee14f7a7
2026-10-08T23:25:37.3647211Z  * [new branch]          release/b8bbd828afd1456faf7bd7c519e09d50f6406f51 -> origin/release/b8bbd828afd1456faf7bd7c519e09d50f6406f51
2026-10-08T23:25:37.3647665Z  * [new branch]          release/ba5ab1438e6c5f55bee71043e0ae2d5c552bfbe9 -> origin/release/ba5ab1438e6c5f55bee71043e0ae2d5c552bfbe9
2026-10-08T23:25:37.3648121Z  * [new branch]          release/bac20dafac992040846f1dd7e5cc53be615f1784 -> origin/release/bac20dafac992040846f1dd7e5cc53be615f1784
2026-10-08T23:25:37.3648687Z  * [new branch]          release/bacb1971de3756ecbe7144639fb5de16b9fd60e5 -> origin/release/bacb1971de3756ecbe7144639fb5de16b9fd60e5
2026-10-08T23:25:37.3649135Z  * [new branch]          release/bbdfe6c4ce74985a875994a69de7c933db561686 -> origin/release/bbdfe6c4ce74985a875994a69de7c933db561686
2026-10-08T23:25:37.3649574Z  * [new branch]          release/bc302dbe73d11032875e6f153776d360e5289303 -> origin/release/bc302dbe73d11032875e6f153776d360e5289303
2026-10-08T23:25:37.3650014Z  * [new branch]          release/bc78963dfba895c2fa36b0b6bc3c13957b280f70 -> origin/release/bc78963dfba895c2fa36b0b6bc3c13957b280f70
2026-10-08T23:25:37.3650470Z  * [new branch]          release/bfbd3f46a3be7aed6c3bbe870ed7af184679b9d8 -> origin/release/bfbd3f46a3be7aed6c3bbe870ed7af184679b9d8
2026-10-08T23:25:37.3650923Z  * [new branch]          release/c256418f3e375a1d261a80fff6cf05cdb2bd7ad1 -> origin/release/c256418f3e375a1d261a80fff6cf05cdb2bd7ad1
2026-10-08T23:25:37.3651363Z  * [new branch]          release/c3b298831ee42b6bd636b08d5cafe6032bb6a54b -> origin/release/c3b298831ee42b6bd636b08d5cafe6032bb6a54b
2026-10-08T23:25:37.3651807Z  * [new branch]          release/c5af0cc2150500a03535cad6ce69e6b42fa59a81 -> origin/release/c5af0cc2150500a03535cad6ce69e6b42fa59a81
2026-10-08T23:25:37.3652247Z  * [new branch]          release/c618372861a64aaac9c6f1ee31e7a31c77dbc4f3 -> origin/release/c618372861a64aaac9c6f1ee31e7a31c77dbc4f3
2026-10-08T23:25:37.3652777Z  * [new branch]          release/c8e97dd8ba7748bc9848da531aeccfbd7fc234ee -> origin/release/c8e97dd8ba7748bc9848da531aeccfbd7fc234ee
2026-10-08T23:25:37.3653224Z  * [new branch]          release/ca076749aa14b1e3a5d964d9dba32115f018ca2f -> origin/release/ca076749aa14b1e3a5d964d9dba32115f018ca2f
2026-10-08T23:25:37.3653683Z  * [new branch]          release/ca778e0e9d3f0304bb29cfa96b8622fdcb7df823 -> origin/release/ca778e0e9d3f0304bb29cfa96b8622fdcb7df823
2026-10-08T23:25:37.3654123Z  * [new branch]          release/ce3619665f4cd7683e625c5b63e657ee9101be65 -> origin/release/ce3619665f4cd7683e625c5b63e657ee9101be65
2026-10-08T23:25:37.3654558Z  * [new branch]          release/d083598e5fe74c69ebb7759693d9cb6a359409af -> origin/release/d083598e5fe74c69ebb7759693d9cb6a359409af
2026-10-08T23:25:37.3655004Z  * [new branch]          release/d2dd87601dc2e1dbbc1d8ab5e858fbf8fe9a115f -> origin/release/d2dd87601dc2e1dbbc1d8ab5e858fbf8fe9a115f
2026-10-08T23:25:37.3655446Z  * [new branch]          release/d509ccd9a0b69c11e23329a009200d4130f39434 -> origin/release/d509ccd9a0b69c11e23329a009200d4130f39434
2026-10-08T23:25:37.3655888Z  * [new branch]          release/d66c1eaf35afcdea06860385954f13142a725ec9 -> origin/release/d66c1eaf35afcdea06860385954f13142a725ec9
2026-10-08T23:25:37.3656413Z  * [new branch]          release/db6365499ff3424d9502f9380eb09eacf6cc357c -> origin/release/db6365499ff3424d9502f9380eb09eacf6cc357c
2026-10-08T23:25:37.3656854Z  * [new branch]          release/dca5553bca9bf40611ee70f6c495b468234b8f2e -> origin/release/dca5553bca9bf40611ee70f6c495b468234b8f2e
2026-10-08T23:25:37.3657302Z  * [new branch]          release/dce9fe6a1e35bab4fe174cf1a93d0e593824b43e -> origin/release/dce9fe6a1e35bab4fe174cf1a93d0e593824b43e
2026-10-08T23:25:37.3657749Z  * [new branch]          release/de93fa716c88cdb8e181d2b46f9222f5d6112ca3 -> origin/release/de93fa716c88cdb8e181d2b46f9222f5d6112ca3
2026-10-08T23:25:37.3658191Z  * [new branch]          release/e52b3d96c6e04335106ad3e389fcb2504eaca8e1 -> origin/release/e52b3d96c6e04335106ad3e389fcb2504eaca8e1
2026-10-08T23:25:37.3658822Z  * [new branch]          release/e678ab559e9ff0aa8452175d45ac3ac02d1819d4 -> origin/release/e678ab559e9ff0aa8452175d45ac3ac02d1819d4
2026-10-08T23:25:37.3659270Z  * [new branch]          release/eb928febf145ac21562dbc1692abf02af2bc2dc6 -> origin/release/eb928febf145ac21562dbc1692abf02af2bc2dc6
2026-10-08T23:25:37.3659710Z  * [new branch]          release/ed28a4d18e55736a06c44032162e107c0d955bf1 -> origin/release/ed28a4d18e55736a06c44032162e107c0d955bf1
2026-10-08T23:25:37.3660144Z  * [new branch]          release/f06a7fe7ba212f285a2243d9715d5b0732077cb6 -> origin/release/f06a7fe7ba212f285a2243d9715d5b0732077cb6
2026-10-08T23:25:37.3660584Z  * [new branch]          release/f2362d62dcc4e63de0bddac86c3467dc4c78f365 -> origin/release/f2362d62dcc4e63de0bddac86c3467dc4c78f365
2026-10-08T23:25:37.3661026Z  * [new branch]          release/f243cd2601899e3ff76086cccf63ff5aecef6c66 -> origin/release/f243cd2601899e3ff76086cccf63ff5aecef6c66
2026-10-08T23:25:37.3661472Z  * [new branch]          release/f281d74a32aca69863f2fcf70d6c857d105540c7 -> origin/release/f281d74a32aca69863f2fcf70d6c857d105540c7
2026-10-08T23:25:37.3661909Z  * [new branch]          release/f562fa371ff703d3b0e8f325aafb4e4a284794a4 -> origin/release/f562fa371ff703d3b0e8f325aafb4e4a284794a4
2026-10-08T23:25:37.3662357Z  * [new branch]          release/f967dead4f207c8fc856f2c3a9fb2cd4cb2fde73 -> origin/release/f967dead4f207c8fc856f2c3a9fb2cd4cb2fde73
2026-10-08T23:25:37.3662804Z  * [new branch]          release/fadea97b3560d40363148778b21dd15fc1fc19ff -> origin/release/fadea97b3560d40363148778b21dd15fc1fc19ff
2026-10-08T23:25:37.3663251Z  * [new branch]          release/fdc9be1cd6dc2c2b918ef92bb52b5ee87c80e9cf -> origin/release/fdc9be1cd6dc2c2b918ef92bb52b5ee87c80e9cf
2026-10-08T23:25:37.3663694Z  * [new branch]          release/fdd0852745a0b1d9ac39f5a7766f3378039561e2 -> origin/release/fdd0852745a0b1d9ac39f5a7766f3378039561e2
2026-10-08T23:25:37.3664127Z  * [new branch]          release/ffe6802225f68923f998a32c3b6342f9730cf946 -> origin/release/ffe6802225f68923f998a32c3b6342f9730cf946
2026-10-08T23:25:37.3664674Z  * [new tag]             journey-evidence/36e0071f040196340c2a5458b096ff012d30e127 -> journey-evidence/36e0071f040196340c2a5458b096ff012d30e127
2026-10-08T23:25:37.3665156Z  * [new tag]             journey-evidence/53659025933f2bbec9dea3c53aaa4aa716a83227 -> journey-evidence/53659025933f2bbec9dea3c53aaa4aa716a83227
2026-10-08T23:25:37.3665523Z  * [new tag]             pre-reboot-2026-08-04       -> pre-reboot-2026-08-04
2026-10-08T23:25:37.3665751Z  * [new tag]             reboot-0                    -> reboot-0
2026-10-08T23:25:37.3665991Z  * [new tag]             reboot-prototype-2026-08-04 -> reboot-prototype-2026-08-04
2026-10-08T23:25:37.3666317Z  * [new tag]             reboot-prototype-copy-risk-2026-08-04 -> reboot-prototype-copy-risk-2026-08-04
2026-10-08T23:25:37.3666780Z  * [new tag]             recovery/20261006/local/codex-3709-learned-lifecycle-3e095d570aeb -> recovery/20261006/local/codex-3709-learned-lifecycle-3e095d570aeb
2026-10-08T23:25:37.3667327Z  * [new tag]             recovery/20261006/local/codex-3938-matched-routing-bec30bfec43d -> recovery/20261006/local/codex-3938-matched-routing-bec30bfec43d
2026-10-08T23:25:37.3667956Z  * [new tag]             recovery/20261006/local/codex-4055-canonical-spelling-5f8969950f5d -> recovery/20261006/local/codex-4055-canonical-spelling-5f8969950f5d
2026-10-08T23:25:37.3668647Z  * [new tag]             recovery/20261006/local/codex-4055-package-imports-d969a15e35f9 -> recovery/20261006/local/codex-4055-package-imports-d969a15e35f9
2026-10-08T23:25:37.3669213Z  * [new tag]             recovery/20261006/local/codex-4059-named-type-parameters-e16d044e6ab5 -> recovery/20261006/local/codex-4059-named-type-parameters-e16d044e6ab5
2026-10-08T23:25:37.3669789Z  * [new tag]             recovery/20261006/local/codex-4064-per-input-terminal-e42d44ffe61d -> recovery/20261006/local/codex-4064-per-input-terminal-e42d44ffe61d
2026-10-08T23:25:37.3670405Z  * [new tag]             recovery/20261006/local/codex-4081-journey-release-separation-ff49a8ea298b -> recovery/20261006/local/codex-4081-journey-release-separation-ff49a8ea298b
2026-10-08T23:25:37.3671023Z  * [new tag]             recovery/20261006/local/codex-4109-abnormal-composition-9e04f0b5fff8 -> recovery/20261006/local/codex-4109-abnormal-composition-9e04f0b5fff8
2026-10-08T23:25:37.3671572Z  * [new tag]             recovery/20261006/local/codex-4109-language-canon-4a2f8e93b258 -> recovery/20261006/local/codex-4109-language-canon-4a2f8e93b258
2026-10-08T23:25:37.3672163Z  * [new tag]             recovery/20261006/local/codex-4109-runtime-terminal-transduction-897e7b97dd1c -> recovery/20261006/local/codex-4109-runtime-terminal-transduction-897e7b97dd1c
2026-10-08T23:25:37.3672783Z  * [new tag]             recovery/20261006/local/codex-4115-mask-fore-execution-8e4402e6c56e -> recovery/20261006/local/codex-4115-mask-fore-execution-8e4402e6c56e
2026-10-08T23:25:37.3673316Z  * [new tag]             recovery/20261006/local/codex-4115-mask-forms-fd398708a6bf -> recovery/20261006/local/codex-4115-mask-forms-fd398708a6bf
2026-10-08T23:25:37.3673809Z  * [new tag]             recovery/20261006/local/codex-4115-three-bodies-0dd121f8f68d -> recovery/20261006/local/codex-4115-three-bodies-0dd121f8f68d
2026-10-08T23:25:37.3674346Z  * [new tag]             recovery/20261006/local/codex-4199-negated-refinements-5f8969950f5d -> recovery/20261006/local/codex-4199-negated-refinements-5f8969950f5d
2026-10-08T23:25:37.3674903Z  * [new tag]             recovery/20261006/local/codex-4199-value-constraints-5082b0bfdcdb -> recovery/20261006/local/codex-4199-value-constraints-5082b0bfdcdb
2026-10-08T23:25:37.3675432Z  * [new tag]             recovery/20261006/local/codex-4223-remove-piper-a41e5cf90cd6 -> recovery/20261006/local/codex-4223-remove-piper-a41e5cf90cd6
2026-10-08T23:25:37.3675981Z  * [new tag]             recovery/20261006/local/codex-4231-html-browser-face-sdk-670f1e273942 -> recovery/20261006/local/codex-4231-html-browser-face-sdk-670f1e273942
2026-10-08T23:25:37.3676619Z  * [new tag]             recovery/20261006/local/codex-4335-glyph-prelude-f9ab157190d1 -> recovery/20261006/local/codex-4335-glyph-prelude-f9ab157190d1
2026-10-08T23:25:37.3677169Z  * [new tag]             recovery/20261006/local/codex-4340-hostile-join-refusals-999e4f6d9f1e -> recovery/20261006/local/codex-4340-hostile-join-refusals-999e4f6d9f1e
2026-10-08T23:25:37.3677746Z  * [new tag]             recovery/20261006/local/codex-4340-portable-invitation-d05ce370d2cb -> recovery/20261006/local/codex-4340-portable-invitation-d05ce370d2cb
2026-10-08T23:25:37.3678392Z  * [new tag]             recovery/20261006/local/codex-next-board-slice-709aa621e33a -> recovery/20261006/local/codex-next-board-slice-709aa621e33a
2026-10-08T23:25:37.3678940Z  * [new tag]             recovery/20261006/local/codex-rename-fabricate-to-make-97268783f0c5 -> recovery/20261006/local/codex-rename-fabricate-to-make-97268783f0c5
2026-10-08T23:25:37.3679516Z  * [new tag]             recovery/20261006/local/codex-repair-3709-host-shard-2547113a182e -> recovery/20261006/local/codex-repair-3709-host-shard-2547113a182e
2026-10-08T23:25:37.3680077Z  * [new tag]             recovery/20261006/retired-local/codex-4376-native-types-c5d1e50ce8ff -> recovery/20261006/retired-local/codex-4376-native-types-c5d1e50ce8ff
2026-10-08T23:25:37.3680813Z  * [new tag]             recovery/20261006/retired-local/codex-4382-consolidated-migrations-054ac5419d7f -> recovery/20261006/retired-local/codex-4382-consolidated-migrations-054ac5419d7f
2026-10-08T23:25:37.3681447Z  * [new tag]             recovery/20261006/retired-local/codex-4382-domain-variants-36288c75d9e8 -> recovery/20261006/retired-local/codex-4382-domain-variants-36288c75d9e8
2026-10-08T23:25:37.3682055Z  * [new tag]             recovery/20261006/retired-local/codex-4382-finance-comparison-d9c3957e9dc5 -> recovery/20261006/retired-local/codex-4382-finance-comparison-d9c3957e9dc5
2026-10-08T23:25:37.3682692Z  * [new tag]             recovery/20261006/retired-local/codex-4382-unit-variant-traits-aaff8e2da5fe -> recovery/20261006/retired-local/codex-4382-unit-variant-traits-aaff8e2da5fe
2026-10-08T23:25:37.3683354Z  * [new tag]             recovery/20261006/retired-local/codex-b-3718-presentation-contracts-d2888b56f8c4 -> recovery/20261006/retired-local/codex-b-3718-presentation-contracts-d2888b56f8c4
2026-10-08T23:25:37.3684029Z  * [new tag]             recovery/20261006/retired-local/codex-ci-one-body-evidence-scope-9a14c1d1e828 -> recovery/20261006/retired-local/codex-ci-one-body-evidence-scope-9a14c1d1e828
2026-10-08T23:25:37.3684641Z  * [new tag]             recovery/20261006/retired/codex-3529-flagship-journey-08df5b8b5f95 -> recovery/20261006/retired/codex-3529-flagship-journey-08df5b8b5f95
2026-10-08T23:25:37.3685183Z  * [new tag]             recovery/20261006/retired/codex-3666-bounded-cbor-5f9d1f144ee8 -> recovery/20261006/retired/codex-3666-bounded-cbor-5f9d1f144ee8
2026-10-08T23:25:37.3685733Z  * [new tag]             recovery/20261006/retired/codex-3686-emergency-machine-c770fade6735 -> recovery/20261006/retired/codex-3686-emergency-machine-c770fade6735
2026-10-08T23:25:37.3686363Z  * [new tag]             recovery/20261006/retired/codex-3746-retire-standalone-creche-proof-3bfd17115e94 -> recovery/20261006/retired/codex-3746-retire-standalone-creche-proof-3bfd17115e94
2026-10-08T23:25:37.3686996Z  * [new tag]             recovery/20261006/retired/codex-3864-presentation-step-1d28e91754ea -> recovery/20261006/retired/codex-3864-presentation-step-1d28e91754ea
2026-10-08T23:25:37.3687528Z  * [new tag]             recovery/20261006/retired/codex-4115-4117-finish-2a90dea6327b -> recovery/20261006/retired/codex-4115-4117-finish-2a90dea6327b
2026-10-08T23:25:37.3688065Z  * [new tag]             recovery/20261006/retired/codex-4115-native-mask-runtime-4a92e6c313f9 -> recovery/20261006/retired/codex-4115-native-mask-runtime-4a92e6c313f9
2026-10-08T23:25:37.3688828Z  * [new tag]             recovery/20261006/retired/codex-4115-spoken-generative-f0aa487a16d3 -> recovery/20261006/retired/codex-4115-spoken-generative-f0aa487a16d3
2026-10-08T23:25:37.3689529Z  * [new tag]             recovery/20261006/retired/codex-4117-conduitos-resource-vertical-f5b854e7512a -> recovery/20261006/retired/codex-4117-conduitos-resource-vertical-f5b854e7512a
2026-10-08T23:25:37.3690164Z  * [new tag]             recovery/20261006/retired/codex-4117-host-source-admission-3e1d333540b4 -> recovery/20261006/retired/codex-4117-host-source-admission-3e1d333540b4
2026-10-08T23:25:37.3690752Z  * [new tag]             recovery/20261006/retired/codex-4117-runtime-possession-6687634e5f79 -> recovery/20261006/retired/codex-4117-runtime-possession-6687634e5f79
2026-10-08T23:25:37.3691303Z  * [new tag]             recovery/20261006/retired/codex-4134-semantic-names-200b51188ff9 -> recovery/20261006/retired/codex-4134-semantic-names-200b51188ff9
2026-10-08T23:25:37.3691877Z  * [new tag]             recovery/20261006/retired/codex-4231-body-lifecycle-session-df254c589d71 -> recovery/20261006/retired/codex-4231-body-lifecycle-session-df254c589d71
2026-10-08T23:25:37.3692498Z  * [new tag]             recovery/20261006/retired/codex-4231-browser-admission-matrix-f461b346125d -> recovery/20261006/retired/codex-4231-browser-admission-matrix-f461b346125d
2026-10-08T23:25:37.3693199Z  * [new tag]             recovery/20261006/retired/codex-4231-delete-browser-home-eab1f13a25cb -> recovery/20261006/retired/codex-4231-delete-browser-home-eab1f13a25cb
2026-10-08T23:25:37.3693780Z  * [new tag]             recovery/20261006/retired/codex-4231-delete-browser-tour-bfe6e05ebccc -> recovery/20261006/retired/codex-4231-delete-browser-tour-bfe6e05ebccc
2026-10-08T23:25:37.3694410Z  * [new tag]             recovery/20261006/retired/codex-4231-delete-patchbay-execution-ui-bd6596caf7a4 -> recovery/20261006/retired/codex-4231-delete-patchbay-execution-ui-bd6596caf7a4
2026-10-08T23:25:37.3695085Z  * [new tag]             recovery/20261006/retired/codex-4231-delete-workspace-model-pool-22d5ff9c59a5 -> recovery/20261006/retired/codex-4231-delete-workspace-model-pool-22d5ff9c59a5
2026-10-08T23:25:37.3695726Z  * [new tag]             recovery/20261006/retired/codex-4231-form-library-ownership-29912643aa3b -> recovery/20261006/retired/codex-4231-form-library-ownership-29912643aa3b
2026-10-08T23:25:37.3696329Z  * [new tag]             recovery/20261006/retired/codex-4231-harvest-tour-journey-b5c4f828fc0c -> recovery/20261006/retired/codex-4231-harvest-tour-journey-b5c4f828fc0c
2026-10-08T23:25:37.3696914Z  * [new tag]             recovery/20261006/retired/codex-4231-home-form-ownership-b11a14b3b2cb -> recovery/20261006/retired/codex-4231-home-form-ownership-b11a14b3b2cb
2026-10-08T23:25:37.3697534Z  * [new tag]             recovery/20261006/retired/codex-4231-html-direct-patchbay-graph-d83082bbbc2f -> recovery/20261006/retired/codex-4231-html-direct-patchbay-graph-d83082bbbc2f
2026-10-08T23:25:37.3698174Z  * [new tag]             recovery/20261006/retired/codex-4231-tutorial-form-ownership-ea26cde49bec -> recovery/20261006/retired/codex-4231-tutorial-form-ownership-ea26cde49bec
2026-10-08T23:25:37.3698952Z  * [new tag]             recovery/20261006/retired/codex-4335-explicit-glyph-aliases-f6aa21e2fa90 -> recovery/20261006/retired/codex-4335-explicit-glyph-aliases-f6aa21e2fa90
2026-10-08T23:25:37.3699558Z  * [new tag]             recovery/20261006/retired/codex-4375-ai-float-vocabulary-b3eb6d3e95ed -> recovery/20261006/retired/codex-4375-ai-float-vocabulary-b3eb6d3e95ed
2026-10-08T23:25:37.3700141Z  * [new tag]             recovery/20261006/retired/codex-4375-education-assessment-85a07d291ec2 -> recovery/20261006/retired/codex-4375-education-assessment-85a07d291ec2
2026-10-08T23:25:37.3700729Z  * [new tag]             recovery/20261006/retired/codex-4375-house-request-family-766e73102e2c -> recovery/20261006/retired/codex-4375-house-request-family-766e73102e2c
2026-10-08T23:25:37.3701321Z  * [new tag]             recovery/20261006/retired/codex-4375-native-data-adjacent-8f87b6bfbf85 -> recovery/20261006/retired/codex-4375-native-data-adjacent-8f87b6bfbf85
2026-10-08T23:25:37.3701983Z  * [new tag]             recovery/20261006/retired/codex-4375-native-data-family-8190165f83f5 -> recovery/20261006/retired/codex-4375-native-data-family-8190165f83f5
2026-10-08T23:25:37.3702554Z  * [new tag]             recovery/20261006/retired/codex-4375-native-time-family-84d9014d1691 -> recovery/20261006/retired/codex-4375-native-time-family-84d9014d1691
2026-10-08T23:25:37.3703128Z  * [new tag]             recovery/20261006/retired/codex-4375-native-visual-family-7433c94c8918 -> recovery/20261006/retired/codex-4375-native-visual-family-7433c94c8918
2026-10-08T23:25:37.3703703Z  * [new tag]             recovery/20261006/retired/codex-4375-native-web-family-bc9e6354256a -> recovery/20261006/retired/codex-4375-native-web-family-bc9e6354256a
2026-10-08T23:25:37.3704268Z  * [new tag]             recovery/20261006/retired/codex-4375-native-wire-family-7a3e414e0c99 -> recovery/20261006/retired/codex-4375-native-wire-family-7a3e414e0c99
2026-10-08T23:25:37.3704855Z  * [new tag]             recovery/20261006/retired/codex-4375-next-portable-family-2fe9fd68b2a3 -> recovery/20261006/retired/codex-4375-next-portable-family-2fe9fd68b2a3
2026-10-08T23:25:37.3705540Z  * [new tag]             recovery/20261006/retired/codex-4375-presentation-vocabulary-1a44741acfa5 -> recovery/20261006/retired/codex-4375-presentation-vocabulary-1a44741acfa5
2026-10-08T23:25:37.3706147Z  * [new tag]             recovery/20261006/retired/codex-4375-signal-garden-family-84dbca2dcb0d -> recovery/20261006/retired/codex-4375-signal-garden-family-84dbca2dcb0d
2026-10-08T23:25:37.3706747Z  * [new tag]             recovery/20261006/retired/codex-4376-presentation-consumers-1687e6263967 -> recovery/20261006/retired/codex-4376-presentation-consumers-1687e6263967
2026-10-08T23:25:37.3707366Z  * [new tag]             recovery/20261006/retired/codex-4378-flow-activation-targets-8cf5f11ceb1e -> recovery/20261006/retired/codex-4378-flow-activation-targets-8cf5f11ceb1e
2026-10-08T23:25:37.3707963Z  * [new tag]             recovery/20261006/retired/codex-4378-flow-bounded-total-1be1c267b1ec -> recovery/20261006/retired/codex-4378-flow-bounded-total-1be1c267b1ec
2026-10-08T23:25:37.3708722Z  * [new tag]             recovery/20261006/retired/codex-4378-flow-collect-back-ba3819275ea7 -> recovery/20261006/retired/codex-4378-flow-collect-back-ba3819275ea7
2026-10-08T23:25:37.3709303Z  * [new tag]             recovery/20261006/retired/codex-4378-flow-collect-browser-5a7d7e0dff12 -> recovery/20261006/retired/codex-4378-flow-collect-browser-5a7d7e0dff12
2026-10-08T23:25:37.3709902Z  * [new tag]             recovery/20261006/retired/codex-4378-flow-collect-contract-3bada0a85402 -> recovery/20261006/retired/codex-4378-flow-collect-contract-3bada0a85402
2026-10-08T23:25:37.3710490Z  * [new tag]             recovery/20261006/retired/codex-4378-flow-collect-offer-aeea5b750b46 -> recovery/20261006/retired/codex-4378-flow-collect-offer-aeea5b750b46
2026-10-08T23:25:37.3711047Z  * [new tag]             recovery/20261006/retired/codex-4378-flow-each-kind-96945474de7e -> recovery/20261006/retired/codex-4378-flow-each-kind-96945474de7e
2026-10-08T23:25:37.3711586Z  * [new tag]             recovery/20261006/retired/codex-4378-flow-each-source-13b49e32a675 -> recovery/20261006/retired/codex-4378-flow-each-source-13b49e32a675
2026-10-08T23:25:37.3712108Z  * [new tag]             recovery/20261006/retired/codex-4378-flow-fold-35f41fb6b9c5 -> recovery/20261006/retired/codex-4378-flow-fold-35f41fb6b9c5
2026-10-08T23:25:37.3712639Z  * [new tag]             recovery/20261006/retired/codex-4378-flow-fold-execution-21f1237576f4 -> recovery/20261006/retired/codex-4378-flow-fold-execution-21f1237576f4
2026-10-08T23:25:37.3713167Z  * [new tag]             recovery/20261006/retired/codex-4378-flow-scan-024a3b792ae0 -> recovery/20261006/retired/codex-4378-flow-scan-024a3b792ae0
2026-10-08T23:25:37.3713669Z  * [new tag]             recovery/20261006/retired/codex-4378-flow-select-fe555964f4d2 -> recovery/20261006/retired/codex-4378-flow-select-fe555964f4d2
2026-10-08T23:25:37.3714298Z  * [new tag]             recovery/20261006/retired/codex-4378-flow-select-runtime-75797dee5d4d -> recovery/20261006/retired/codex-4378-flow-select-runtime-75797dee5d4d
2026-10-08T23:25:37.3714951Z  * [new tag]             recovery/20261006/retired/codex-4382-ai-model-signature-representation-f732525f1975 -> recovery/20261006/retired/codex-4382-ai-model-signature-representation-f732525f1975
2026-10-08T23:25:37.3715623Z  * [new tag]             recovery/20261006/retired/codex-4382-alife-lenia-chunk-kind-760fe1e9ddc4 -> recovery/20261006/retired/codex-4382-alife-lenia-chunk-kind-760fe1e9ddc4
2026-10-08T23:25:37.3716266Z  * [new tag]             recovery/20261006/retired/codex-4382-alife-lenia-chunk-native-dev-96dfa23dc35b -> recovery/20261006/retired/codex-4382-alife-lenia-chunk-native-dev-96dfa23dc35b
2026-10-08T23:25:37.3716882Z  * [new tag]             recovery/20261006/retired/codex-4382-chat-state-types-200ceb680751 -> recovery/20261006/retired/codex-4382-chat-state-types-200ceb680751
2026-10-08T23:25:37.3717442Z  * [new tag]             recovery/20261006/retired/codex-4382-data-policy-types-671da17f9c3b -> recovery/20261006/retired/codex-4382-data-policy-types-671da17f9c3b
2026-10-08T23:25:37.3718110Z  * [new tag]             recovery/20261006/retired/codex-4382-human-chord-native-dev-edd12f0a17bd -> recovery/20261006/retired/codex-4382-human-chord-native-dev-edd12f0a17bd
2026-10-08T23:25:37.3718863Z  * [new tag]             recovery/20261006/retired/codex-4382-human-chord-vocabulary-f855f80fed51 -> recovery/20261006/retired/codex-4382-human-chord-vocabulary-f855f80fed51
2026-10-08T23:25:37.3719507Z  * [new tag]             recovery/20261006/retired/codex-4382-native-experience-vocabulary-ea512b4c417b -> recovery/20261006/retired/codex-4382-native-experience-vocabulary-ea512b4c417b
2026-10-08T23:25:37.3720150Z  * [new tag]             recovery/20261006/retired/codex-4382-native-garden-refusal-b6d94afa13c6 -> recovery/20261006/retired/codex-4382-native-garden-refusal-b6d94afa13c6
2026-10-08T23:25:37.3720782Z  * [new tag]             recovery/20261006/retired/codex-4382-native-math-scalar-refusal-8f73a2cce593 -> recovery/20261006/retired/codex-4382-native-math-scalar-refusal-8f73a2cce593
2026-10-08T23:25:37.3721417Z  * [new tag]             recovery/20261006/retired/codex-4382-native-musical-control-453647c0c581 -> recovery/20261006/retired/codex-4382-native-musical-control-453647c0c581
2026-10-08T23:25:37.3722085Z  * [new tag]             recovery/20261006/retired/codex-4382-native-normalized-quantity-refusal-a5d839172932 -> recovery/20261006/retired/codex-4382-native-normalized-quantity-refusal-a5d839172932
2026-10-08T23:25:37.3722795Z  * [new tag]             recovery/20261006/retired/codex-4382-native-presentation-vocabulary-a8526e83acb6 -> recovery/20261006/retired/codex-4382-native-presentation-vocabulary-a8526e83acb6
2026-10-08T23:25:37.3723510Z  * [new tag]             recovery/20261006/retired/codex-4382-native-quantity-mapping-vocabulary-7a2210e4eaa4 -> recovery/20261006/retired/codex-4382-native-quantity-mapping-vocabulary-7a2210e4eaa4
2026-10-08T23:25:37.3724267Z  * [new tag]             recovery/20261006/retired/codex-4382-native-robotics-simulation-availability-b121f1334762 -> recovery/20261006/retired/codex-4382-native-robotics-simulation-availability-b121f1334762
2026-10-08T23:25:37.3724975Z  * [new tag]             recovery/20261006/retired/codex-4382-native-scalar-comparison-a1b75daba372 -> recovery/20261006/retired/codex-4382-native-scalar-comparison-a1b75daba372
2026-10-08T23:25:37.3725617Z  * [new tag]             recovery/20261006/retired/codex-4382-native-schedule-vocabulary-44599535beea -> recovery/20261006/retired/codex-4382-native-schedule-vocabulary-44599535beea
2026-10-08T23:25:37.3726255Z  * [new tag]             recovery/20261006/retired/codex-4382-native-sequence-refusals-274bde626a0e -> recovery/20261006/retired/codex-4382-native-sequence-refusals-274bde626a0e
2026-10-08T23:25:37.3726952Z  * [new tag]             recovery/20261006/retired/codex-4382-native-signal-records-ac392b0fdd43 -> recovery/20261006/retired/codex-4382-native-signal-records-ac392b0fdd43
2026-10-08T23:25:37.3727623Z  * [new tag]             recovery/20261006/retired/codex-4382-native-template-collection-refusal-69d609ef7c31 -> recovery/20261006/retired/codex-4382-native-template-collection-refusal-69d609ef7c31
2026-10-08T23:25:37.3728516Z  * [new tag]             recovery/20261006/retired/codex-4382-native-workflow-timing-outcome-53d4ac61ae37 -> recovery/20261006/retired/codex-4382-native-workflow-timing-outcome-53d4ac61ae37
2026-10-08T23:25:37.3729150Z  * [new tag]             recovery/20261006/retired/codex-4382-network-unit-types-ae00c4eaccc1 -> recovery/20261006/retired/codex-4382-network-unit-types-ae00c4eaccc1
2026-10-08T23:25:37.3729796Z  * [new tag]             recovery/20261006/retired/codex-4382-presentation-graphics-native-dev-1fa03c3e413d -> recovery/20261006/retired/codex-4382-presentation-graphics-native-dev-1fa03c3e413d
2026-10-08T23:25:37.3730510Z  * [new tag]             recovery/20261006/retired/codex-4382-presentation-graphics-vocabulary-c5c25199c8ba -> recovery/20261006/retired/codex-4382-presentation-graphics-vocabulary-c5c25199c8ba
2026-10-08T23:25:37.3731147Z  * [new tag]             recovery/20261006/retired/codex-4382-robotics-variants-8201ea547a32 -> recovery/20261006/retired/codex-4382-robotics-variants-8201ea547a32
2026-10-08T23:25:37.3731763Z  * [new tag]             recovery/20261006/retired/codex-4382-text-phase-5a401f149ba0 -> recovery/20261006/retired/codex-4382-text-phase-5a401f149ba0
2026-10-08T23:25:37.3732299Z  * [new tag]             recovery/20261006/retired/codex-4382-web-http-variants-4d9a82f68fef -> recovery/20261006/retired/codex-4382-web-http-variants-4d9a82f68fef
2026-10-08T23:25:37.3732907Z  * [new tag]             recovery/20261006/retired/codex-4428-audio-tone-representation-154ff52ba339 -> recovery/20261006/retired/codex-4428-audio-tone-representation-154ff52ba339
2026-10-08T23:25:37.3733525Z  * [new tag]             recovery/20261006/retired/codex-4484-quiescence-language-c8b30d4b85df -> recovery/20261006/retired/codex-4484-quiescence-language-c8b30d4b85df
2026-10-08T23:25:37.3734119Z  * [new tag]             recovery/20261006/retired/codex-4519-host-release-dispatch-6ca539289d5f -> recovery/20261006/retired/codex-4519-host-release-dispatch-6ca539289d5f
2026-10-08T23:25:37.3734703Z  * [new tag]             recovery/20261006/retired/codex-4674-typed-case-tests-ef4b89891248 -> recovery/20261006/retired/codex-4674-typed-case-tests-ef4b89891248
2026-10-08T23:25:37.3735273Z  * [new tag]             recovery/20261006/retired/codex-4807-browser-wardrobe-ui-1fc74ce4224a -> recovery/20261006/retired/codex-4807-browser-wardrobe-ui-1fc74ce4224a
2026-10-08T23:25:37.3735871Z  * [new tag]             recovery/20261006/retired/codex-4807-explicit-route-switch-d0ed24896715 -> recovery/20261006/retired/codex-4807-explicit-route-switch-d0ed24896715
2026-10-08T23:25:37.3736515Z  * [new tag]             recovery/20261006/retired/codex-4807-native-compositor-diagnostic-e3bc3e4fe6ec -> recovery/20261006/retired/codex-4807-native-compositor-diagnostic-e3bc3e4fe6ec
2026-10-08T23:25:37.3737169Z  * [new tag]             recovery/20261006/retired/codex-4807-native-face-domain-reset-4b561c3f1c91 -> recovery/20261006/retired/codex-4807-native-face-domain-reset-4b561c3f1c91
2026-10-08T23:25:37.3737993Z  * [new tag]             recovery/20261006/retired/codex-4807-native-face-reseal-d275e9f019fd -> recovery/20261006/retired/codex-4807-native-face-reseal-d275e9f019fd
2026-10-08T23:25:37.3738713Z  * [new tag]             recovery/20261006/retired/codex-4807-native-owner-retirement-ece0c8b6838f -> recovery/20261006/retired/codex-4807-native-owner-retirement-ece0c8b6838f
2026-10-08T23:25:37.3739390Z  * [new tag]             recovery/20261006/retired/codex-4807-native-refreshed-route-diagnostic-bac4cdc4fb0b -> recovery/20261006/retired/codex-4807-native-refreshed-route-diagnostic-bac4cdc4fb0b
2026-10-08T23:25:37.3740152Z  * [new tag]             recovery/20261006/retired/codex-4807-native-selected-wardrobe-49448047a739 -> recovery/20261006/retired/codex-4807-native-selected-wardrobe-49448047a739
2026-10-08T23:25:37.3740797Z  * [new tag]             recovery/20261006/retired/codex-4807-native-standby-selection-e50f5a7f4c40 -> recovery/20261006/retired/codex-4807-native-standby-selection-e50f5a7f4c40
2026-10-08T23:25:37.3741463Z  * [new tag]             recovery/20261006/retired/codex-4807-owner-action-proof-correlation-54422b8ad0fd -> recovery/20261006/retired/codex-4807-owner-action-proof-correlation-54422b8ad0fd
2026-10-08T23:25:37.3742093Z  * [new tag]             recovery/20261006/retired/codex-4807-owner-direct-live-1fb8c8ba0b44 -> recovery/20261006/retired/codex-4807-owner-direct-live-1fb8c8ba0b44
2026-10-08T23:25:37.3742662Z  * [new tag]             recovery/20261006/retired/codex-4807-owner-direct-plot-08bd2a419d99 -> recovery/20261006/retired/codex-4807-owner-direct-plot-08bd2a419d99
2026-10-08T23:25:37.3743272Z  * [new tag]             recovery/20261006/retired/codex-4807-owner-direct-show-contract-c601e5952a99 -> recovery/20261006/retired/codex-4807-owner-direct-show-contract-c601e5952a99
2026-10-08T23:25:37.3743867Z  * [new tag]             recovery/20261006/retired/codex-4807-owner-llm-live-4b28801a2baf -> recovery/20261006/retired/codex-4807-owner-llm-live-4b28801a2baf
2026-10-08T23:25:37.3744495Z  * [new tag]             recovery/20261006/retired/codex-4807-owner-model-boot-f62fd8386bf4 -> recovery/20261006/retired/codex-4807-owner-model-boot-f62fd8386bf4
2026-10-08T23:25:37.3745077Z  * [new tag]             recovery/20261006/retired/codex-4807-owner-speech-wardrobe-cd69c75dc47c -> recovery/20261006/retired/codex-4807-owner-speech-wardrobe-cd69c75dc47c
2026-10-08T23:25:37.3745819Z  * [new tag]             recovery/20261006/retired/codex-4807-owner-spoken-mask-20dec6ae5b05 -> recovery/20261006/retired/codex-4807-owner-spoken-mask-20dec6ae5b05
2026-10-08T23:25:37.3746425Z  * [new tag]             recovery/20261006/retired/codex-4807-per-play-spoken-artifacts-c5ab08730828 -> recovery/20261006/retired/codex-4807-per-play-spoken-artifacts-c5ab08730828
2026-10-08T23:25:37.3747056Z  * [new tag]             recovery/20261006/retired/codex-4807-workload-route-reseal-b99b323934e4 -> recovery/20261006/retired/codex-4807-workload-route-reseal-b99b323934e4
2026-10-08T23:25:37.3747622Z  * [new tag]             recovery/20261006/retired/codex-4831-control-ring-5057cc0f2a7f -> recovery/20261006/retired/codex-4831-control-ring-5057cc0f2a7f
2026-10-08T23:25:37.3748427Z  * [new tag]             recovery/20261006/retired/codex-4831-controller-event-retention-e4a598d72bee -> recovery/20261006/retired/codex-4831-controller-event-retention-e4a598d72bee
2026-10-08T23:25:37.3749113Z  * [new tag]             recovery/20261006/retired/codex-4831-hid-boot-control-7b9347ed35d3 -> recovery/20261006/retired/codex-4831-hid-boot-control-7b9347ed35d3
2026-10-08T23:25:37.3749681Z  * [new tag]             recovery/20261006/retired/codex-4831-hid-native-current-66cccd9c7bf6 -> recovery/20261006/retired/codex-4831-hid-native-current-66cccd9c7bf6
2026-10-08T23:25:37.3750265Z  * [new tag]             recovery/20261006/retired/codex-4831-hid-source-admission-686a9dbdb789 -> recovery/20261006/retired/codex-4831-hid-source-admission-686a9dbdb789
2026-10-08T23:25:37.3750889Z  * [new tag]             recovery/20261006/retired/codex-4831-mouse-capture-integration-ccb7c84eb46a -> recovery/20261006/retired/codex-4831-mouse-capture-integration-ccb7c84eb46a
2026-10-08T23:25:37.3751513Z  * [new tag]             recovery/20261006/retired/codex-4831-mouse-native-capture-b9f9f75bd5e4 -> recovery/20261006/retired/codex-4831-mouse-native-capture-b9f9f75bd5e4
2026-10-08T23:25:37.3752127Z  * [new tag]             recovery/20261006/retired/codex-4831-native-placement-issuer-eed212819e75 -> recovery/20261006/retired/codex-4831-native-placement-issuer-eed212819e75
2026-10-08T23:25:37.3752731Z  * [new tag]             recovery/20261006/retired/codex-4831-ordinary-hid-input-d07fb3b110a1 -> recovery/20261006/retired/codex-4831-ordinary-hid-input-d07fb3b110a1
2026-10-08T23:25:37.3753435Z  * [new tag]             recovery/20261006/retired/codex-4831-ordinary-hid-installation-859d8ea64fc9 -> recovery/20261006/retired/codex-4831-ordinary-hid-installation-859d8ea64fc9
2026-10-08T23:25:37.3754085Z  * [new tag]             recovery/20261006/retired/codex-4831-ordinary-hid-ordered-input-a14f78e112c5 -> recovery/20261006/retired/codex-4831-ordinary-hid-ordered-input-a14f78e112c5
2026-10-08T23:25:37.3754705Z  * [new tag]             recovery/20261006/retired/codex-4831-ordinary-hid-window-6d966537261a -> recovery/20261006/retired/codex-4831-ordinary-hid-window-6d966537261a
2026-10-08T23:25:37.3755286Z  * [new tag]             recovery/20261006/retired/codex-4831-xhci-command-events-e6091d920222 -> recovery/20261006/retired/codex-4831-xhci-command-events-e6091d920222
2026-10-08T23:25:37.3755868Z  * [new tag]             recovery/20261006/retired/codex-4922-owner-body-wardrobe-1d157f5471a8 -> recovery/20261006/retired/codex-4922-owner-body-wardrobe-1d157f5471a8
2026-10-08T23:25:37.3756442Z  * [new tag]             recovery/20261006/retired/codex-4952-projection-loss-c8be94ab0161 -> recovery/20261006/retired/codex-4952-projection-loss-c8be94ab0161
2026-10-08T23:25:37.3757065Z  * [new tag]             recovery/20261006/retired/codex-4957-hosted-current-12504f677477 -> recovery/20261006/retired/codex-4957-hosted-current-12504f677477
2026-10-08T23:25:37.3757595Z  * [new tag]             recovery/20261006/retired/codex-4957-hosted-final-c79dd2e7fee4 -> recovery/20261006/retired/codex-4957-hosted-final-c79dd2e7fee4
2026-10-08T23:25:37.3758114Z  * [new tag]             recovery/20261006/retired/codex-4957-hosted-locks-7bf67e012062 -> recovery/20261006/retired/codex-4957-hosted-locks-7bf67e012062
2026-10-08T23:25:37.3758829Z  * [new tag]             recovery/20261006/retired/codex-4957-hosted-publication-7bf67e012062 -> recovery/20261006/retired/codex-4957-hosted-publication-7bf67e012062
2026-10-08T23:25:37.3759384Z  * [new tag]             recovery/20261006/retired/codex-4957-hosted-speech-569c6d31c518 -> recovery/20261006/retired/codex-4957-hosted-speech-569c6d31c518
2026-10-08T23:25:37.3759961Z  * [new tag]             recovery/20261006/retired/codex-4957-source-material-current-9f04cdfee772 -> recovery/20261006/retired/codex-4957-source-material-current-9f04cdfee772
2026-10-08T23:25:37.3760563Z  * [new tag]             recovery/20261006/retired/codex-4957-source-publication-78c66755184a -> recovery/20261006/retired/codex-4957-source-publication-78c66755184a
2026-10-08T23:25:37.3761108Z  * [new tag]             recovery/20261006/retired/codex-4957-source-spine-45ad91632f37 -> recovery/20261006/retired/codex-4957-source-spine-45ad91632f37
2026-10-08T23:25:37.3761628Z  * [new tag]             recovery/20261006/retired/codex-4957-source-text-2ba92fdb2d33 -> recovery/20261006/retired/codex-4957-source-text-2ba92fdb2d33
2026-10-08T23:25:37.3762154Z  * [new tag]             recovery/20261006/retired/codex-4984-apt-diagnostic-16c24fe7757e -> recovery/20261006/retired/codex-4984-apt-diagnostic-16c24fe7757e
2026-10-08T23:25:37.3762722Z  * [new tag]             recovery/20261006/retired/codex-4984-apt-diagnostic-auth-a251439459bc -> recovery/20261006/retired/codex-4984-apt-diagnostic-auth-a251439459bc
2026-10-08T23:25:37.3763320Z  * [new tag]             recovery/20261006/retired/codex-4984-apt-diagnostic-fixed-174fad16f017 -> recovery/20261006/retired/codex-4984-apt-diagnostic-fixed-174fad16f017
2026-10-08T23:25:37.3763905Z  * [new tag]             recovery/20261006/retired/codex-all-open-integration-9da3e0760dd6 -> recovery/20261006/retired/codex-all-open-integration-9da3e0760dd6
2026-10-08T23:25:37.3764521Z  * [new tag]             recovery/20261006/retired/codex-b-3712-canonical-primitive-info-db9061b4ed7c -> recovery/20261006/retired/codex-b-3712-canonical-primitive-info-db9061b4ed7c
2026-10-08T23:25:37.3765186Z  * [new tag]             recovery/20261006/retired/codex-b-3716-semantic-substitutability-3fbf582c8f8d -> recovery/20261006/retired/codex-b-3716-semantic-substitutability-3fbf582c8f8d
2026-10-08T23:25:37.3765857Z  * [new tag]             recovery/20261006/retired/codex-b-3718-ai-offers-8b8227b6b649 -> recovery/20261006/retired/codex-b-3718-ai-offers-8b8227b6b649
2026-10-08T23:25:37.3766396Z  * [new tag]             recovery/20261006/retired/codex-b-3718-alife-contracts-63213a0a61b3 -> recovery/20261006/retired/codex-b-3718-alife-contracts-63213a0a61b3
2026-10-08T23:25:37.3766982Z  * [new tag]             recovery/20261006/retired/codex-b-3718-body-chat-contracts-614044d69ebf -> recovery/20261006/retired/codex-b-3718-body-chat-contracts-614044d69ebf
2026-10-08T23:25:37.3767605Z  * [new tag]             recovery/20261006/retired/codex-b-3718-browser-button-attempt-ed62ae9f7d49 -> recovery/20261006/retired/codex-b-3718-browser-button-attempt-ed62ae9f7d49
2026-10-08T23:25:37.3768208Z  * [new tag]             recovery/20261006/retired/codex-b-3718-browser-garden-bf4f8826aad7 -> recovery/20261006/retired/codex-b-3718-browser-garden-bf4f8826aad7
2026-10-08T23:25:37.3768958Z  * [new tag]             recovery/20261006/retired/codex-b-3718-browser-history-e41ed8e24581 -> recovery/20261006/retired/codex-b-3718-browser-history-e41ed8e24581
2026-10-08T23:25:37.3769545Z  * [new tag]             recovery/20261006/retired/codex-b-3718-browser-human-media-29a603fe25b2 -> recovery/20261006/retired/codex-b-3718-browser-human-media-29a603fe25b2
2026-10-08T23:25:37.3770237Z  * [new tag]             recovery/20261006/retired/codex-b-3718-browser-input-offers-de667515a133 -> recovery/20261006/retired/codex-b-3718-browser-input-offers-de667515a133
2026-10-08T23:25:37.3770851Z  * [new tag]             recovery/20261006/retired/codex-b-3718-browser-linguistics-f1dfa3090023 -> recovery/20261006/retired/codex-b-3718-browser-linguistics-f1dfa3090023
2026-10-08T23:25:37.3771482Z  * [new tag]             recovery/20261006/retired/codex-b-3718-browser-measurement-plot-53f39c41b70a -> recovery/20261006/retired/codex-b-3718-browser-measurement-plot-53f39c41b70a
2026-10-08T23:25:37.3772176Z  * [new tag]             recovery/20261006/retired/codex-b-3718-browser-measurement-presentation-0454d9b7241f -> recovery/20261006/retired/codex-b-3718-browser-measurement-presentation-0454d9b7241f
2026-10-08T23:25:37.3772876Z  * [new tag]             recovery/20261006/retired/codex-b-3718-browser-measurement-state-371ebffedf3f -> recovery/20261006/retired/codex-b-3718-browser-measurement-state-371ebffedf3f
2026-10-08T23:25:37.3773553Z  * [new tag]             recovery/20261006/retired/codex-b-3718-browser-measurement-summary-ad0ec9d41be4 -> recovery/20261006/retired/codex-b-3718-browser-measurement-summary-ad0ec9d41be4
2026-10-08T23:25:37.3774177Z  * [new tag]             recovery/20261006/retired/codex-b-3718-browser-morse-1ed3fecefd65 -> recovery/20261006/retired/codex-b-3718-browser-morse-1ed3fecefd65
2026-10-08T23:25:37.3774771Z  * [new tag]             recovery/20261006/retired/codex-b-3718-browser-offer-migration-1731d45645d0 -> recovery/20261006/retired/codex-b-3718-browser-offer-migration-1731d45645d0
2026-10-08T23:25:37.3775407Z  * [new tag]             recovery/20261006/retired/codex-b-3718-browser-pointer-offer-02bd350c4328 -> recovery/20261006/retired/codex-b-3718-browser-pointer-offer-02bd350c4328
2026-10-08T23:25:37.3776055Z  * [new tag]             recovery/20261006/retired/codex-b-3718-browser-pointer-selectors-77f9933b718d -> recovery/20261006/retired/codex-b-3718-browser-pointer-selectors-77f9933b718d
2026-10-08T23:25:37.3776681Z  * [new tag]             recovery/20261006/retired/codex-b-3718-browser-presenters-00d2600da051 -> recovery/20261006/retired/codex-b-3718-browser-presenters-00d2600da051
2026-10-08T23:25:37.3777299Z  * [new tag]             recovery/20261006/retired/codex-b-3718-browser-quantity-offer-0dcc90a11990 -> recovery/20261006/retired/codex-b-3718-browser-quantity-offer-0dcc90a11990
2026-10-08T23:25:37.3777895Z  * [new tag]             recovery/20261006/retired/codex-b-3718-browser-replay-594bb2a19a48 -> recovery/20261006/retired/codex-b-3718-browser-replay-594bb2a19a48
2026-10-08T23:25:37.3778605Z  * [new tag]             recovery/20261006/retired/codex-b-3718-browser-rhythm-5e94fe2085b2 -> recovery/20261006/retired/codex-b-3718-browser-rhythm-5e94fe2085b2
2026-10-08T23:25:37.3779211Z  * [new tag]             recovery/20261006/retired/codex-b-3718-browser-specimen-capture-c07b43d42a30 -> recovery/20261006/retired/codex-b-3718-browser-specimen-capture-c07b43d42a30
2026-10-08T23:25:37.3779869Z  * [new tag]             recovery/20261006/retired/codex-b-3718-browser-structured-text-fe99bbdce03d -> recovery/20261006/retired/codex-b-3718-browser-structured-text-fe99bbdce03d
2026-10-08T23:25:37.3780519Z  * [new tag]             recovery/20261006/retired/codex-b-3718-browser-time-every-offer-186dda1ce23f -> recovery/20261006/retired/codex-b-3718-browser-time-every-offer-186dda1ce23f
2026-10-08T23:25:37.3781183Z  * [new tag]             recovery/20261006/retired/codex-b-3718-button-indicator-contracts-59bdd2be9d1f -> recovery/20261006/retired/codex-b-3718-button-indicator-contracts-59bdd2be9d1f
2026-10-08T23:25:37.3781818Z  * [new tag]             recovery/20261006/retired/codex-b-3718-calendar-contracts-8a450eaa8579 -> recovery/20261006/retired/codex-b-3718-calendar-contracts-8a450eaa8579
2026-10-08T23:25:37.3782511Z  * [new tag]             recovery/20261006/retired/codex-b-3718-calendar-offers-d52ff0d48a75 -> recovery/20261006/retired/codex-b-3718-calendar-offers-d52ff0d48a75
2026-10-08T23:25:37.3783060Z  * [new tag]             recovery/20261006/retired/codex-b-3718-chat-offers-38c50692de57 -> recovery/20261006/retired/codex-b-3718-chat-offers-38c50692de57
2026-10-08T23:25:37.3783635Z  * [new tag]             recovery/20261006/retired/codex-b-3718-conduitos-functional-7c5e1edc19b3 -> recovery/20261006/retired/codex-b-3718-conduitos-functional-7c5e1edc19b3
2026-10-08T23:25:37.3784222Z  * [new tag]             recovery/20261006/retired/codex-b-3718-conduitos-http-257dce4f27be -> recovery/20261006/retired/codex-b-3718-conduitos-http-257dce4f27be
2026-10-08T23:25:37.3784856Z  * [new tag]             recovery/20261006/retired/codex-b-3718-conversation-commit-contracts-74aad34e2d74 -> recovery/20261006/retired/codex-b-3718-conversation-commit-contracts-74aad34e2d74
2026-10-08T23:25:37.3785533Z  * [new tag]             recovery/20261006/retired/codex-b-3718-copy-result-presentation-84861c718fd2 -> recovery/20261006/retired/codex-b-3718-copy-result-presentation-84861c718fd2
2026-10-08T23:25:37.3786126Z  * [new tag]             recovery/20261006/retired/codex-b-3718-data-offers-989a5b17c447 -> recovery/20261006/retired/codex-b-3718-data-offers-989a5b17c447
2026-10-08T23:25:37.3786721Z  * [new tag]             recovery/20261006/retired/codex-b-3718-domain-specimen-contracts-89d1396451bd -> recovery/20261006/retired/codex-b-3718-domain-specimen-contracts-89d1396451bd
2026-10-08T23:25:37.3787359Z  * [new tag]             recovery/20261006/retired/codex-b-3718-flow-state-contracts-70d410c87b28 -> recovery/20261006/retired/codex-b-3718-flow-state-contracts-70d410c87b28
2026-10-08T23:25:37.3788009Z  * [new tag]             recovery/20261006/retired/codex-b-3718-generalized-input-contracts-8ace73def64f -> recovery/20261006/retired/codex-b-3718-generalized-input-contracts-8ace73def64f
2026-10-08T23:25:37.3788704Z  * [new tag]             recovery/20261006/retired/codex-b-3718-geometry-offers-d7154dbea0e3 -> recovery/20261006/retired/codex-b-3718-geometry-offers-d7154dbea0e3
2026-10-08T23:25:37.3789305Z  * [new tag]             recovery/20261006/retired/codex-b-3718-house-prompt-contract-1a8a6f8d479e -> recovery/20261006/retired/codex-b-3718-house-prompt-contract-1a8a6f8d479e
2026-10-08T23:25:37.3789886Z  * [new tag]             recovery/20261006/retired/codex-b-3718-http-offers-3b353552d933 -> recovery/20261006/retired/codex-b-3718-http-offers-3b353552d933
2026-10-08T23:25:37.3790459Z  * [new tag]             recovery/20261006/retired/codex-b-3718-image-text-contracts-1e40a22c3cb9 -> recovery/20261006/retired/codex-b-3718-image-text-contracts-1e40a22c3cb9
2026-10-08T23:25:37.3791153Z  * [new tag]             recovery/20261006/retired/codex-b-3718-isolated-http-offer-5f9f62b561c5 -> recovery/20261006/retired/codex-b-3718-isolated-http-offer-5f9f62b561c5
2026-10-08T23:25:37.3791737Z  * [new tag]             recovery/20261006/retired/codex-b-3718-json-contracts-6b3a50fd444a -> recovery/20261006/retired/codex-b-3718-json-contracts-6b3a50fd444a
2026-10-08T23:25:37.3792308Z  * [new tag]             recovery/20261006/retired/codex-b-3718-keyboard-contract-cff651cedc0a -> recovery/20261006/retired/codex-b-3718-keyboard-contract-cff651cedc0a
2026-10-08T23:25:37.3792900Z  * [new tag]             recovery/20261006/retired/codex-b-3718-linguistics-offers-1638b112cb5d -> recovery/20261006/retired/codex-b-3718-linguistics-offers-1638b112cb5d
2026-10-08T23:25:37.3793510Z  * [new tag]             recovery/20261006/retired/codex-b-3718-local-vision-contracts-349c04200fe7 -> recovery/20261006/retired/codex-b-3718-local-vision-contracts-349c04200fe7
2026-10-08T23:25:37.3794109Z  * [new tag]             recovery/20261006/retired/codex-b-3718-messaging-offers-8d9332856bc5 -> recovery/20261006/retired/codex-b-3718-messaging-offers-8d9332856bc5
2026-10-08T23:25:37.3794703Z  * [new tag]             recovery/20261006/retired/codex-b-3718-microphone-contract-a0b6d075a163 -> recovery/20261006/retired/codex-b-3718-microphone-contract-a0b6d075a163
2026-10-08T23:25:37.3795396Z  * [new tag]             recovery/20261006/retired/codex-b-3718-model-text-contracts-e9ec0761b2f4 -> recovery/20261006/retired/codex-b-3718-model-text-contracts-e9ec0761b2f4
2026-10-08T23:25:37.3796041Z  * [new tag]             recovery/20261006/retired/codex-b-3718-morse-composition-contract-3d767dd1a58c -> recovery/20261006/retired/codex-b-3718-morse-composition-contract-3d767dd1a58c
2026-10-08T23:25:37.3796685Z  * [new tag]             recovery/20261006/retired/codex-b-3718-navigation-contracts-a0ed3856d15d -> recovery/20261006/retired/codex-b-3718-navigation-contracts-a0ed3856d15d
2026-10-08T23:25:37.3797273Z  * [new tag]             recovery/20261006/retired/codex-b-3718-network-offers-f1bf1bb629fa -> recovery/20261006/retired/codex-b-3718-network-offers-f1bf1bb629fa
2026-10-08T23:25:37.3797896Z  * [new tag]             recovery/20261006/retired/codex-b-3718-normalized-pattern-contract-fc9720f7fb41 -> recovery/20261006/retired/codex-b-3718-normalized-pattern-contract-fc9720f7fb41
2026-10-08T23:25:37.3798679Z  * [new tag]             recovery/20261006/retired/codex-b-3718-offer-construction-be68c441b713 -> recovery/20261006/retired/codex-b-3718-offer-construction-be68c441b713
2026-10-08T23:25:37.3799275Z  * [new tag]             recovery/20261006/retired/codex-b-3718-offer-drift-guard-b4594e1ec129 -> recovery/20261006/retired/codex-b-3718-offer-drift-guard-b4594e1ec129
2026-10-08T23:25:37.3799910Z  * [new tag]             recovery/20261006/retired/codex-b-3718-pattern-comparison-contract-6b29a669e02c -> recovery/20261006/retired/codex-b-3718-pattern-comparison-contract-6b29a669e02c
2026-10-08T23:25:37.3800528Z  * [new tag]             recovery/20261006/retired/codex-b-3718-pete-robotics-59e8d3cf5f9b -> recovery/20261006/retired/codex-b-3718-pete-robotics-59e8d3cf5f9b
2026-10-08T23:25:37.3801127Z  * [new tag]             recovery/20261006/retired/codex-b-3718-presentation-identities-8764d94766e6 -> recovery/20261006/retired/codex-b-3718-presentation-identities-8764d94766e6
2026-10-08T23:25:37.3801758Z  * [new tag]             recovery/20261006/retired/codex-b-3718-presentation-offers-6acbc51d2e36 -> recovery/20261006/retired/codex-b-3718-presentation-offers-6acbc51d2e36
2026-10-08T23:25:37.3802398Z  * [new tag]             recovery/20261006/retired/codex-b-3718-pulse-observation-contract-4052550ceb4b -> recovery/20261006/retired/codex-b-3718-pulse-observation-contract-4052550ceb4b
2026-10-08T23:25:37.3803030Z  * [new tag]             recovery/20261006/retired/codex-b-3718-quantity-contracts-d5e178c96d04 -> recovery/20261006/retired/codex-b-3718-quantity-contracts-d5e178c96d04
2026-10-08T23:25:37.3803655Z  * [new tag]             recovery/20261006/retired/codex-b-3718-reaction-diffusion-offer-f0585bd1a5e5 -> recovery/20261006/retired/codex-b-3718-reaction-diffusion-offer-f0585bd1a5e5
2026-10-08T23:25:37.3804340Z  * [new tag]             recovery/20261006/retired/codex-b-3718-reboot-offer-b85cabe24098 -> recovery/20261006/retired/codex-b-3718-reboot-offer-b85cabe24098
2026-10-08T23:25:37.3804903Z  * [new tag]             recovery/20261006/retired/codex-b-3718-record-contracts-5aed63561292 -> recovery/20261006/retired/codex-b-3718-record-contracts-5aed63561292
2026-10-08T23:25:37.3805527Z  * [new tag]             recovery/20261006/retired/codex-b-3718-record-transcript-contract-69e3e2407597 -> recovery/20261006/retired/codex-b-3718-record-transcript-contract-69e3e2407597
2026-10-08T23:25:37.3806172Z  * [new tag]             recovery/20261006/retired/codex-b-3718-recorded-speech-offer-135951421f1e -> recovery/20261006/retired/codex-b-3718-recorded-speech-offer-135951421f1e
2026-10-08T23:25:37.3806779Z  * [new tag]             recovery/20261006/retired/codex-b-3718-robotics-contracts-cbeeccfea9d8 -> recovery/20261006/retired/codex-b-3718-robotics-contracts-cbeeccfea9d8
2026-10-08T23:25:37.3807366Z  * [new tag]             recovery/20261006/retired/codex-b-3718-signal-contracts-d2888b56f8c4 -> recovery/20261006/retired/codex-b-3718-signal-contracts-d2888b56f8c4
2026-10-08T23:25:37.3808057Z  * [new tag]             recovery/20261006/retired/codex-b-3718-speech-adapter-contracts-038cf6d12512 -> recovery/20261006/retired/codex-b-3718-speech-adapter-contracts-038cf6d12512
2026-10-08T23:25:37.3808732Z  * [new tag]             recovery/20261006/retired/codex-b-3718-speech-commit-e6fb26ab4438 -> recovery/20261006/retired/codex-b-3718-speech-commit-e6fb26ab4438
2026-10-08T23:25:37.3809356Z  * [new tag]             recovery/20261006/retired/codex-b-3718-speech-recognition-contracts-484a15e3dfef -> recovery/20261006/retired/codex-b-3718-speech-recognition-contracts-484a15e3dfef
2026-10-08T23:25:37.3810016Z  * [new tag]             recovery/20261006/retired/codex-b-3718-state-input-contracts-53b46daf1ab7 -> recovery/20261006/retired/codex-b-3718-state-input-contracts-53b46daf1ab7
2026-10-08T23:25:37.3810659Z  * [new tag]             recovery/20261006/retired/codex-b-3718-std-contract-migration-2-e35afad9a726 -> recovery/20261006/retired/codex-b-3718-std-contract-migration-2-e35afad9a726
2026-10-08T23:25:37.3811296Z  * [new tag]             recovery/20261006/retired/codex-b-3718-std-offer-migration-5cadbd9ed289 -> recovery/20261006/retired/codex-b-3718-std-offer-migration-5cadbd9ed289
2026-10-08T23:25:37.3811936Z  * [new tag]             recovery/20261006/retired/codex-b-3718-structured-music-contracts-1386ec11615d -> recovery/20261006/retired/codex-b-3718-structured-music-contracts-1386ec11615d
2026-10-08T23:25:37.3812619Z  * [new tag]             recovery/20261006/retired/codex-b-3718-structured-selector-contract-a87f9e647461 -> recovery/20261006/retired/codex-b-3718-structured-selector-contract-a87f9e647461
2026-10-08T23:25:37.3813260Z  * [new tag]             recovery/20261006/retired/codex-b-3718-structured-values-aa73ef9fa4ab -> recovery/20261006/retired/codex-b-3718-structured-values-aa73ef9fa4ab
2026-10-08T23:25:37.3813887Z  * [new tag]             recovery/20261006/retired/codex-b-3718-template-storage-contract-d97724a4daa2 -> recovery/20261006/retired/codex-b-3718-template-storage-contract-d97724a4daa2
2026-10-08T23:25:37.3814497Z  * [new tag]             recovery/20261006/retired/codex-b-3718-text-contracts-830b5f2c4ebd -> recovery/20261006/retired/codex-b-3718-text-contracts-830b5f2c4ebd
2026-10-08T23:25:37.3815056Z  * [new tag]             recovery/20261006/retired/codex-b-3718-text-lab-offer-0e5608d4c0dc -> recovery/20261006/retired/codex-b-3718-text-lab-offer-0e5608d4c0dc
2026-10-08T23:25:37.3815639Z  * [new tag]             recovery/20261006/retired/codex-b-3718-text-state-contract-fb55b2a2ee96 -> recovery/20261006/retired/codex-b-3718-text-state-contract-fb55b2a2ee96
2026-10-08T23:25:37.3816251Z  * [new tag]             recovery/20261006/retired/codex-b-3718-timed-button-contract-37f31c3313df -> recovery/20261006/retired/codex-b-3718-timed-button-contract-37f31c3313df
2026-10-08T23:25:37.3816933Z  * [new tag]             recovery/20261006/retired/codex-b-3718-timing-contracts-49814708f16b -> recovery/20261006/retired/codex-b-3718-timing-contracts-49814708f16b
2026-10-08T23:25:37.3817499Z  * [new tag]             recovery/20261006/retired/codex-b-3718-tongues-offers-3b7724119679 -> recovery/20261006/retired/codex-b-3718-tongues-offers-3b7724119679
2026-10-08T23:25:37.3818099Z  * [new tag]             recovery/20261006/retired/codex-b-3718-typed-record-contracts-ceba1efe5aa8 -> recovery/20261006/retired/codex-b-3718-typed-record-contracts-ceba1efe5aa8
2026-10-08T23:25:37.3818782Z  * [new tag]             recovery/20261006/retired/codex-b-3718-workflow-contracts-3a20d1f5ab9e -> recovery/20261006/retired/codex-b-3718-workflow-contracts-3a20d1f5ab9e
2026-10-08T23:25:37.3819415Z  * [new tag]             recovery/20261006/retired/codex-b-3724-canonical-startup-contract-84ab9ec2fc5e -> recovery/20261006/retired/codex-b-3724-canonical-startup-contract-84ab9ec2fc5e
2026-10-08T23:25:37.3820048Z  * [new tag]             recovery/20261006/retired/codex-b-3725-domain-ownership-e297581cb795 -> recovery/20261006/retired/codex-b-3725-domain-ownership-e297581cb795
2026-10-08T23:25:37.3820709Z  * [new tag]             recovery/20261006/retired/codex-b-3746-creche-retirement-55a09b86ddd2 -> recovery/20261006/retired/codex-b-3746-creche-retirement-55a09b86ddd2
2026-10-08T23:25:37.3821317Z  * [new tag]             recovery/20261006/retired/codex-b-conduitos-protected-relay-e7ae99d19d67 -> recovery/20261006/retired/codex-b-conduitos-protected-relay-e7ae99d19d67
2026-10-08T23:25:37.3821944Z  * [new tag]             recovery/20261006/retired/codex-backlog-aspiration-refresh-4013b6e540ca -> recovery/20261006/retired/codex-backlog-aspiration-refresh-4013b6e540ca
2026-10-08T23:25:37.3822562Z  * [new tag]             recovery/20261006/retired/codex-backlog-inflection-refresh-6af3dd05246b -> recovery/20261006/retired/codex-backlog-inflection-refresh-6af3dd05246b
2026-10-08T23:25:37.3823177Z  * [new tag]             recovery/20261006/retired/codex-backlog-native-ud-refresh-a6191f27a788 -> recovery/20261006/retired/codex-backlog-native-ud-refresh-a6191f27a788
2026-10-08T23:25:37.3823743Z  * [new tag]             recovery/20261006/retired/codex-backlog-omnibus-2956ba470f6a -> recovery/20261006/retired/codex-backlog-omnibus-2956ba470f6a
2026-10-08T23:25:37.3824331Z  * [new tag]             recovery/20261006/retired/codex-backlog-owner-wardrobe-repair-da3fb59f012d -> recovery/20261006/retired/codex-backlog-owner-wardrobe-repair-da3fb59f012d
2026-10-08T23:25:37.3824964Z  * [new tag]             recovery/20261006/retired/codex-backlog-protocol-refresh-22b7e019e851 -> recovery/20261006/retired/codex-backlog-protocol-refresh-22b7e019e851
2026-10-08T23:25:37.3825573Z  * [new tag]             recovery/20261006/retired/codex-board-integrated-after-3651-6af3772dd93d -> recovery/20261006/retired/codex-board-integrated-after-3651-6af3772dd93d
2026-10-08T23:25:37.3826170Z  * [new tag]             recovery/20261006/retired/codex-global-default-choice-28c22cbd7395 -> recovery/20261006/retired/codex-global-default-choice-28c22cbd7395
2026-10-08T23:25:37.3826735Z  * [new tag]             recovery/20261006/retired/codex-global-default-intent-6f53c0588567 -> recovery/20261006/retired/codex-global-default-intent-6f53c0588567
2026-10-08T23:25:37.3827299Z  * [new tag]             recovery/20261006/retired/codex-global-default-voice-b4b367c00382 -> recovery/20261006/retired/codex-global-default-voice-b4b367c00382
2026-10-08T23:25:37.3827887Z  * [new tag]             recovery/20261006/retired/codex-global-intent-realization-956d095b81f4 -> recovery/20261006/retired/codex-global-intent-realization-956d095b81f4
2026-10-08T23:25:37.3828551Z  * [new tag]             recovery/20261006/retired/codex-global-phoneme-admission-389d8678b728 -> recovery/20261006/retired/codex-global-phoneme-admission-389d8678b728
2026-10-08T23:25:37.3829253Z  * [new tag]             recovery/20261006/retired/codex-global-rule-voice-realization-94eebd3065ca -> recovery/20261006/retired/codex-global-rule-voice-realization-94eebd3065ca
2026-10-08T23:25:37.3829885Z  * [new tag]             recovery/20261006/retired/codex-native-feature-aspiration-9e8d952e16d9 -> recovery/20261006/retired/codex-native-feature-aspiration-9e8d952e16d9
2026-10-08T23:25:37.3830504Z  * [new tag]             recovery/20261006/retired/codex-native-language-lock-repair-f6ece6772f7f -> recovery/20261006/retired/codex-native-language-lock-repair-f6ece6772f7f
2026-10-08T23:25:37.3831184Z  * [new tag]             recovery/20261006/retired/codex-native-regular-inflection-current-dev-10891c979b31 -> recovery/20261006/retired/codex-native-regular-inflection-current-dev-10891c979b31
2026-10-08T23:25:37.3831821Z  * [new tag]             recovery/20261006/retired/codex-native-rule-output-d9c8ca477bc0 -> recovery/20261006/retired/codex-native-rule-output-d9c8ca477bc0
2026-10-08T23:25:37.3832435Z  * [new tag]             recovery/20261006/retired/codex-native-speech-explicit-duration-5d45fd4ded3f -> recovery/20261006/retired/codex-native-speech-explicit-duration-5d45fd4ded3f
2026-10-08T23:25:37.3833090Z  * [new tag]             recovery/20261006/retired/codex-native-speech-rich-profile-c3d738cce79a -> recovery/20261006/retired/codex-native-speech-rich-profile-c3d738cce79a
2026-10-08T23:25:37.3833776Z  * [new tag]             recovery/20261006/retired/codex-native-ud-arc-admission-a9b11f0a79ec -> recovery/20261006/retired/codex-native-ud-arc-admission-a9b11f0a79ec
2026-10-08T23:25:37.3834350Z  * [new tag]             recovery/20261006/retired/codex-native-ud-relations-adf4d25ba103 -> recovery/20261006/retired/codex-native-ud-relations-adf4d25ba103
2026-10-08T23:25:37.3834929Z  * [new tag]             recovery/20261006/retired/codex-release-3920-browser-relay-036c7de07765 -> recovery/20261006/retired/codex-release-3920-browser-relay-036c7de07765
2026-10-08T23:25:37.3835519Z  * [new tag]             recovery/20261006/retired/codex-repair-3730-linguistics-7a0570f67031 -> recovery/20261006/retired/codex-repair-3730-linguistics-7a0570f67031
2026-10-08T23:25:37.3836127Z  * [new tag]             recovery/20261006/retired/codex-repair-3731-domain-ownership-cb9789dea2e9 -> recovery/20261006/retired/codex-repair-3731-domain-ownership-cb9789dea2e9
2026-10-08T23:25:37.3836743Z  * [new tag]             recovery/20261006/retired/codex-service-browser-window-a443ec7f7d18 -> recovery/20261006/retired/codex-service-browser-window-a443ec7f7d18
2026-10-08T23:25:37.3837288Z  * [new tag]             recovery/20261006/retired/codex-slash-justfile-c349287d05cd -> recovery/20261006/retired/codex-slash-justfile-c349287d05cd
2026-10-08T23:25:37.3837826Z  * [new tag]             recovery/20261006/retired/codex-source-terminal-state-793481612322 -> recovery/20261006/retired/codex-source-terminal-state-793481612322
2026-10-08T23:25:37.3838534Z  * [new tag]             recovery/20261006/retired/codex-sourced-global-intent-90dc21fb6628 -> recovery/20261006/retired/codex-sourced-global-intent-90dc21fb6628
2026-10-08T23:25:37.3839162Z  * [new tag]             recovery/20261006/retired/codex-speech-intent-foundation-repair-fb9ba023a195 -> recovery/20261006/retired/codex-speech-intent-foundation-repair-fb9ba023a195
2026-10-08T23:25:37.3839812Z  * [new tag]             recovery/20261006/retired/codex-three-bodies-mask-journey-5169b46a604c -> recovery/20261006/retired/codex-three-bodies-mask-journey-5169b46a604c
2026-10-08T23:25:37.3840420Z  * [new tag]             recovery/20261006/retired/codex-total-omnibus-current-c208ae9fd71b -> recovery/20261006/retired/codex-total-omnibus-current-c208ae9fd71b
2026-10-08T23:25:37.3840980Z  * [new tag]             recovery/20261006/retired/codex-xtask-check-scopes-54d7d057ed28 -> recovery/20261006/retired/codex-xtask-check-scopes-54d7d057ed28
2026-10-08T23:25:37.3841552Z  * [new tag]             recovery/20261006/retired/codex-xtask-intent-audio-midi-d57bf240860d -> recovery/20261006/retired/codex-xtask-intent-audio-midi-d57bf240860d
2026-10-08T23:25:37.3842201Z  * [new tag]             recovery/20261006/retired/codex-xtask-intent-pete-596357b7ab3f -> recovery/20261006/retired/codex-xtask-intent-pete-596357b7ab3f
2026-10-08T23:25:37.3842771Z  * [new tag]             recovery/20261006/retired/codex-xtask-prove-coordination-db485cb05371 -> recovery/20261006/retired/codex-xtask-prove-coordination-db485cb05371
2026-10-08T23:25:37.3843342Z  * [new tag]             recovery/20261006/retired/codex-xtask-retire-demo-c22eaed9ea28 -> recovery/20261006/retired/codex-xtask-retire-demo-c22eaed9ea28
2026-10-08T23:25:37.3843838Z  * [new tag]             release-001845eba63d4fb6f3472de9fc33089d2a1f7d6e -> release-001845eba63d4fb6f3472de9fc33089d2a1f7d6e
2026-10-08T23:25:37.3844283Z  * [new tag]             release-01b016fc7c5c0b3acb5f81078edcf2d9a75c158c -> release-01b016fc7c5c0b3acb5f81078edcf2d9a75c158c
2026-10-08T23:25:37.3844720Z  * [new tag]             release-027c4f423223e98ca051693221165d998cebde8f -> release-027c4f423223e98ca051693221165d998cebde8f
2026-10-08T23:25:37.3845153Z  * [new tag]             release-02ecbc0a99672819bbf5810fca973b76bb361068 -> release-02ecbc0a99672819bbf5810fca973b76bb361068
2026-10-08T23:25:37.3845590Z  * [new tag]             release-0eebcc254044a05e6c3427a4844e627dd6c63b07 -> release-0eebcc254044a05e6c3427a4844e627dd6c63b07
2026-10-08T23:25:37.3846232Z  * [new tag]             release-0fea630c0327fe5b14f3d06c83b45c380836a73e -> release-0fea630c0327fe5b14f3d06c83b45c380836a73e
2026-10-08T23:25:37.3846662Z  * [new tag]             release-11cc70175696782b1c22bc0174fc304c6d0d00a8 -> release-11cc70175696782b1c22bc0174fc304c6d0d00a8
2026-10-08T23:25:37.3847088Z  * [new tag]             release-16eb6053e2888ad28015b437e9a37b8cb6be349d -> release-16eb6053e2888ad28015b437e9a37b8cb6be349d
2026-10-08T23:25:37.3847526Z  * [new tag]             release-1876ecccacef607dec6b529a1d0d7bc89bd25a4f -> release-1876ecccacef607dec6b529a1d0d7bc89bd25a4f
2026-10-08T23:25:37.3847967Z  * [new tag]             release-18bd07bb6c1bf460082fffa408d731b4ea57d73f -> release-18bd07bb6c1bf460082fffa408d731b4ea57d73f
2026-10-08T23:25:37.3848541Z  * [new tag]             release-1afb89711f6c618ab50cb1092dc825fa0f2d8c58 -> release-1afb89711f6c618ab50cb1092dc825fa0f2d8c58
2026-10-08T23:25:37.3848980Z  * [new tag]             release-1b4d7bb3b8ff6b972f7477632c8649b4c160a294 -> release-1b4d7bb3b8ff6b972f7477632c8649b4c160a294
2026-10-08T23:25:37.3849421Z  * [new tag]             release-1ec25b49a70a46125c2e7d79f941cbade5ca7b66 -> release-1ec25b49a70a46125c2e7d79f941cbade5ca7b66
2026-10-08T23:25:37.3849853Z  * [new tag]             release-21f21bab09157ce98dde41888d6584032487adda -> release-21f21bab09157ce98dde41888d6584032487adda
2026-10-08T23:25:37.3850287Z  * [new tag]             release-2685a777ecfa52f6607eab35cc7ca6add9df2229 -> release-2685a777ecfa52f6607eab35cc7ca6add9df2229
2026-10-08T23:25:37.3850736Z  * [new tag]             release-2aacaa6bde9ec1aa3e56abb49999df6dec8a78db -> release-2aacaa6bde9ec1aa3e56abb49999df6dec8a78db
2026-10-08T23:25:37.3851176Z  * [new tag]             release-2e39f2eed5131a6b306f84862d371f70225cb3d4 -> release-2e39f2eed5131a6b306f84862d371f70225cb3d4
2026-10-08T23:25:37.3851616Z  * [new tag]             release-2e7d1b4cd1767dab1b5dd78aa2c101c6aa35924d -> release-2e7d1b4cd1767dab1b5dd78aa2c101c6aa35924d
2026-10-08T23:25:37.3852053Z  * [new tag]             release-31000d584550860f7324826ca5a7ebed0719bdfc -> release-31000d584550860f7324826ca5a7ebed0719bdfc
2026-10-08T23:25:37.3852477Z  * [new tag]             release-332b37e2af034f891153a05b577852c8fd5e7882 -> release-332b37e2af034f891153a05b577852c8fd5e7882
2026-10-08T23:25:37.3852904Z  * [new tag]             release-35a6603a39a6e8b812f5ad49166cf8925f97564f -> release-35a6603a39a6e8b812f5ad49166cf8925f97564f
2026-10-08T23:25:37.3853328Z  * [new tag]             release-36d330035fbc01e05225e9559424f5f14fd0c83a -> release-36d330035fbc01e05225e9559424f5f14fd0c83a
2026-10-08T23:25:37.3853759Z  * [new tag]             release-3907fec0c6256eb1dfb1fee045056c044b33decf -> release-3907fec0c6256eb1dfb1fee045056c044b33decf
2026-10-08T23:25:37.3854281Z  * [new tag]             release-391774a5d5bd753c3bb06c575e3a820ec388bf68 -> release-391774a5d5bd753c3bb06c575e3a820ec388bf68
2026-10-08T23:25:37.3854722Z  * [new tag]             release-3be4914d5fca80e81a4ddddccdd0877db87d4931 -> release-3be4914d5fca80e81a4ddddccdd0877db87d4931
2026-10-08T23:25:37.3855163Z  * [new tag]             release-3d780e728d1cd5fe57c2dc71569dd8e77fefb57e -> release-3d780e728d1cd5fe57c2dc71569dd8e77fefb57e
2026-10-08T23:25:37.3855598Z  * [new tag]             release-3e0c4967bc8e1c5f1d5eee77e68ec0d1f448595f -> release-3e0c4967bc8e1c5f1d5eee77e68ec0d1f448595f
2026-10-08T23:25:37.3856028Z  * [new tag]             release-408410e23ee2225595f1b6ef3b017868a0fffd6f -> release-408410e23ee2225595f1b6ef3b017868a0fffd6f
2026-10-08T23:25:37.3856662Z  * [new tag]             release-40b553c2f12ab0cfa205b3774509ee9ce639db6d -> release-40b553c2f12ab0cfa205b3774509ee9ce639db6d
2026-10-08T23:25:37.3857237Z  * [new tag]             release-42d6c212f9dac742c92025c5fde8c74dfbde4e47 -> release-42d6c212f9dac742c92025c5fde8c74dfbde4e47
2026-10-08T23:25:37.3857677Z  * [new tag]             release-433bcf390e00ee3f4be396106d8d290d0207699f -> release-433bcf390e00ee3f4be396106d8d290d0207699f
2026-10-08T23:25:37.3858197Z  * [new tag]             release-46ab9c2f68bb17c7194ff78b24ee65ba94917d75 -> release-46ab9c2f68bb17c7194ff78b24ee65ba94917d75
2026-10-08T23:25:37.3858705Z  * [new tag]             release-47cae77611c671d4b44460125f3728f99cf73bb6 -> release-47cae77611c671d4b44460125f3728f99cf73bb6
2026-10-08T23:25:37.3859133Z  * [new tag]             release-4881699e4d922e7106678f2eefbade44ec543a1b -> release-4881699e4d922e7106678f2eefbade44ec543a1b
2026-10-08T23:25:37.3859562Z  * [new tag]             release-49f0eb5c4771b285ce2d17161c7dcd05edfb9a40 -> release-49f0eb5c4771b285ce2d17161c7dcd05edfb9a40
2026-10-08T23:25:37.3859994Z  * [new tag]             release-4a204e1fd258a8e11278ff43edb9665ac85570f0 -> release-4a204e1fd258a8e11278ff43edb9665ac85570f0
2026-10-08T23:25:37.3860428Z  * [new tag]             release-51e9884e3f6738ae8d237987e339f3e198f9d738 -> release-51e9884e3f6738ae8d237987e339f3e198f9d738
2026-10-08T23:25:37.3860856Z  * [new tag]             release-52370b257b6188f2f6aba42cd8065489203ef78f -> release-52370b257b6188f2f6aba42cd8065489203ef78f
2026-10-08T23:25:37.3861285Z  * [new tag]             release-56326c9df80f2b424055b0f2a12323d19248c44f -> release-56326c9df80f2b424055b0f2a12323d19248c44f
2026-10-08T23:25:37.3861715Z  * [new tag]             release-575ebf2b909db91d11451420aa830a4e7235d4ac -> release-575ebf2b909db91d11451420aa830a4e7235d4ac
2026-10-08T23:25:37.3862154Z  * [new tag]             release-5b57fa034dffc60cc5fccc99fb3a0bdd92ca831b -> release-5b57fa034dffc60cc5fccc99fb3a0bdd92ca831b
2026-10-08T23:25:37.3862591Z  * [new tag]             release-5be5340248af5e82a4b5d54410f4ef745afdfa7c -> release-5be5340248af5e82a4b5d54410f4ef745afdfa7c
2026-10-08T23:25:37.3863024Z  * [new tag]             release-5ce79086e3ee0ced0fc4b99df150e64890104971 -> release-5ce79086e3ee0ced0fc4b99df150e64890104971
2026-10-08T23:25:37.3863455Z  * [new tag]             release-6183b3c233a80594a50735725cf78d7df650c40c -> release-6183b3c233a80594a50735725cf78d7df650c40c
2026-10-08T23:25:37.3863882Z  * [new tag]             release-61f8a40a173eb785d0bace51b2c90bcf5c1074a1 -> release-61f8a40a173eb785d0bace51b2c90bcf5c1074a1
2026-10-08T23:25:37.3864322Z  * [new tag]             release-6289b3df16bb9b6d42fb83b2e4c5a72ee03d3ee5 -> release-6289b3df16bb9b6d42fb83b2e4c5a72ee03d3ee5
2026-10-08T23:25:37.3864762Z  * [new tag]             release-62fbfacbbf35fd4aca39c2100c889246352ba819 -> release-62fbfacbbf35fd4aca39c2100c889246352ba819
2026-10-08T23:25:37.3865197Z  * [new tag]             release-63e90c0390d7cda3e34176944811e797e4c9c613 -> release-63e90c0390d7cda3e34176944811e797e4c9c613
2026-10-08T23:25:37.3865632Z  * [new tag]             release-6a301334e5ac81c6d40ecc17beedbc1081bf0a84 -> release-6a301334e5ac81c6d40ecc17beedbc1081bf0a84
2026-10-08T23:25:37.3866065Z  * [new tag]             release-6b678a36c965250a1db13d45b293a547d0a78b00 -> release-6b678a36c965250a1db13d45b293a547d0a78b00
2026-10-08T23:25:37.3866578Z  * [new tag]             release-6cc4ba02f2139716e454da8463ff28f0b3502814 -> release-6cc4ba02f2139716e454da8463ff28f0b3502814
2026-10-08T23:25:37.3867013Z  * [new tag]             release-6cc58a14764208543fad460bce5f6bf2a207d82d -> release-6cc58a14764208543fad460bce5f6bf2a207d82d
2026-10-08T23:25:37.3867444Z  * [new tag]             release-6efc44762c0c8c9779b51bbe86dc382dd1aeced7 -> release-6efc44762c0c8c9779b51bbe86dc382dd1aeced7
2026-10-08T23:25:37.3867880Z  * [new tag]             release-7014e10ccb2c6fe3559b8ffe533a5917b76bc862 -> release-7014e10ccb2c6fe3559b8ffe533a5917b76bc862
2026-10-08T23:25:37.3868376Z  * [new tag]             release-7283954d16316a912e6af790e871b61008ff4a29 -> release-7283954d16316a912e6af790e871b61008ff4a29
2026-10-08T23:25:37.3868800Z  * [new tag]             release-739718c80a7ca8894ab9e36d4c82fcd4c19e583c -> release-739718c80a7ca8894ab9e36d4c82fcd4c19e583c
2026-10-08T23:25:37.3869229Z  * [new tag]             release-7529270b3e51606f3485840b4a74053c5bea07b8 -> release-7529270b3e51606f3485840b4a74053c5bea07b8
2026-10-08T23:25:37.3877975Z  * [new tag]             release-770a4a62474e78da3c2a0ccddd3b2fa3591f8197 -> release-770a4a62474e78da3c2a0ccddd3b2fa3591f8197
2026-10-08T23:25:37.3878784Z  * [new tag]             release-78d8e98b5d8b38562a0c2f6ec055b0cc84d8d90d -> release-78d8e98b5d8b38562a0c2f6ec055b0cc84d8d90d
2026-10-08T23:25:37.3879225Z  * [new tag]             release-7991e50b4c8756ad2be2c0f238c6b220e325c6ee -> release-7991e50b4c8756ad2be2c0f238c6b220e325c6ee
2026-10-08T23:25:37.3879663Z  * [new tag]             release-7acbc416d21386ea60c6618978994ba83dac8136 -> release-7acbc416d21386ea60c6618978994ba83dac8136
2026-10-08T23:25:37.3880099Z  * [new tag]             release-7b03d378423fbdcc493fa901b1a72130379acc4d -> release-7b03d378423fbdcc493fa901b1a72130379acc4d
2026-10-08T23:25:37.3880534Z  * [new tag]             release-81a135cba4490794085bbcfd0b09b51db1db2134 -> release-81a135cba4490794085bbcfd0b09b51db1db2134
2026-10-08T23:25:37.3880972Z  * [new tag]             release-84411a1e1369c226bc849e93c3ab63d9cb0605fa -> release-84411a1e1369c226bc849e93c3ab63d9cb0605fa
2026-10-08T23:25:37.3881411Z  * [new tag]             release-84904771e67ccbd6bf87b80ccdf31a4eacf0fb0e -> release-84904771e67ccbd6bf87b80ccdf31a4eacf0fb0e
2026-10-08T23:25:37.3881849Z  * [new tag]             release-864964ce59531d3fda3b9ae676dad14d25dcca0a -> release-864964ce59531d3fda3b9ae676dad14d25dcca0a
2026-10-08T23:25:37.3882284Z  * [new tag]             release-87e368092bd4cc72240cb1229a84d30a360a7f90 -> release-87e368092bd4cc72240cb1229a84d30a360a7f90
2026-10-08T23:25:37.3882716Z  * [new tag]             release-8818b446aa6faf01dfe901cb20126ee4256edc97 -> release-8818b446aa6faf01dfe901cb20126ee4256edc97
2026-10-08T23:25:37.3883153Z  * [new tag]             release-8ac24a8eea83cae06158b85208d90979a89493e8 -> release-8ac24a8eea83cae06158b85208d90979a89493e8
2026-10-08T23:25:37.3883590Z  * [new tag]             release-8b216ee721a3fe492fd0d02fb4a3fa4b606519c1 -> release-8b216ee721a3fe492fd0d02fb4a3fa4b606519c1
2026-10-08T23:25:37.3884033Z  * [new tag]             release-90a17e38b31d09c6ec1e0eb17dd1cb9f62f87ff9 -> release-90a17e38b31d09c6ec1e0eb17dd1cb9f62f87ff9
2026-10-08T23:25:37.3884473Z  * [new tag]             release-976463aa709f43db46d89f7d55898ea2db3e17a4 -> release-976463aa709f43db46d89f7d55898ea2db3e17a4
2026-10-08T23:25:37.3884908Z  * [new tag]             release-99d3dd46a2fe01d7d117184921c9aff7da33f7d7 -> release-99d3dd46a2fe01d7d117184921c9aff7da33f7d7
2026-10-08T23:25:37.3885349Z  * [new tag]             release-9bf8f89bd937e2a3e13c128a10dfa1b63f51d893 -> release-9bf8f89bd937e2a3e13c128a10dfa1b63f51d893
2026-10-08T23:25:37.3885787Z  * [new tag]             release-a06600168677a5d91ab293cc04b0d0ebce382344 -> release-a06600168677a5d91ab293cc04b0d0ebce382344
2026-10-08T23:25:37.3886226Z  * [new tag]             release-a12eb786d4ced5b57dfa550bec0581fec9c5c2d7 -> release-a12eb786d4ced5b57dfa550bec0581fec9c5c2d7
2026-10-08T23:25:37.3886796Z  * [new tag]             release-a3b6edf83b4c5354b7c2091e6109188b2eb872ab -> release-a3b6edf83b4c5354b7c2091e6109188b2eb872ab
2026-10-08T23:25:37.3887246Z  * [new tag]             release-a6cbe9eec12feeeddfc2e88cce7d7a4a592b5fbe -> release-a6cbe9eec12feeeddfc2e88cce7d7a4a592b5fbe
2026-10-08T23:25:37.3887706Z  * [new tag]             release-a95efd41d209df01ada6e1b6eb0ad3a31694d61f -> release-a95efd41d209df01ada6e1b6eb0ad3a31694d61f
2026-10-08T23:25:37.3888150Z  * [new tag]             release-aa0207c094edc5c3d999a84b4bd94ffe84244ea0 -> release-aa0207c094edc5c3d999a84b4bd94ffe84244ea0
2026-10-08T23:25:37.3888760Z  * [new tag]             release-ad9df47da8e98e3d3f206df1a9bdbeae29e7655d -> release-ad9df47da8e98e3d3f206df1a9bdbeae29e7655d
2026-10-08T23:25:37.3889202Z  * [new tag]             release-adc05effe82356458007207c4fdb989243741b18 -> release-adc05effe82356458007207c4fdb989243741b18
2026-10-08T23:25:37.3889640Z  * [new tag]             release-ade28c3ac6f3f694b29513c2abb32f77bdd36575 -> release-ade28c3ac6f3f694b29513c2abb32f77bdd36575
2026-10-08T23:25:37.3890086Z  * [new tag]             release-ae8b29c1cf932618566452ff43d0185af05e3569 -> release-ae8b29c1cf932618566452ff43d0185af05e3569
2026-10-08T23:25:37.3890611Z  * [new tag]             release-afd39cf25c43f2b21be9ec65776b7c5a99d888c7 -> release-afd39cf25c43f2b21be9ec65776b7c5a99d888c7
2026-10-08T23:25:37.3891050Z  * [new tag]             release-b0486c6c03d1dc06a819b0badf83c28249258a81 -> release-b0486c6c03d1dc06a819b0badf83c28249258a81
2026-10-08T23:25:37.3891491Z  * [new tag]             release-b0ffd1310b07601ea4d960fd2a5b7fdbe86d2cd4 -> release-b0ffd1310b07601ea4d960fd2a5b7fdbe86d2cd4
2026-10-08T23:25:37.3891937Z  * [new tag]             release-b8979d81802c06a204dac1cce6d4c3adee14f7a7 -> release-b8979d81802c06a204dac1cce6d4c3adee14f7a7
2026-10-08T23:25:37.3892381Z  * [new tag]             release-b8bbd828afd1456faf7bd7c519e09d50f6406f51 -> release-b8bbd828afd1456faf7bd7c519e09d50f6406f51
2026-10-08T23:25:37.3892828Z  * [new tag]             release-ba5ab1438e6c5f55bee71043e0ae2d5c552bfbe9 -> release-ba5ab1438e6c5f55bee71043e0ae2d5c552bfbe9
2026-10-08T23:25:37.3893272Z  * [new tag]             release-bacb1971de3756ecbe7144639fb5de16b9fd60e5 -> release-bacb1971de3756ecbe7144639fb5de16b9fd60e5
2026-10-08T23:25:37.3893723Z  * [new tag]             release-bbdfe6c4ce74985a875994a69de7c933db561686 -> release-bbdfe6c4ce74985a875994a69de7c933db561686
2026-10-08T23:25:37.3894160Z  * [new tag]             release-bc302dbe73d11032875e6f153776d360e5289303 -> release-bc302dbe73d11032875e6f153776d360e5289303
2026-10-08T23:25:37.3894595Z  * [new tag]             release-bc78963dfba895c2fa36b0b6bc3c13957b280f70 -> release-bc78963dfba895c2fa36b0b6bc3c13957b280f70
2026-10-08T23:25:37.3895041Z  * [new tag]             release-bfbd3f46a3be7aed6c3bbe870ed7af184679b9d8 -> release-bfbd3f46a3be7aed6c3bbe870ed7af184679b9d8
2026-10-08T23:25:37.3895487Z  * [new tag]             release-c256418f3e375a1d261a80fff6cf05cdb2bd7ad1 -> release-c256418f3e375a1d261a80fff6cf05cdb2bd7ad1
2026-10-08T23:25:37.3895931Z  * [new tag]             release-c5af0cc2150500a03535cad6ce69e6b42fa59a81 -> release-c5af0cc2150500a03535cad6ce69e6b42fa59a81
2026-10-08T23:25:37.3896376Z  * [new tag]             release-c618372861a64aaac9c6f1ee31e7a31c77dbc4f3 -> release-c618372861a64aaac9c6f1ee31e7a31c77dbc4f3
2026-10-08T23:25:37.3896818Z  * [new tag]             release-c8e97dd8ba7748bc9848da531aeccfbd7fc234ee -> release-c8e97dd8ba7748bc9848da531aeccfbd7fc234ee
2026-10-08T23:25:37.3897258Z  * [new tag]             release-ca076749aa14b1e3a5d964d9dba32115f018ca2f -> release-ca076749aa14b1e3a5d964d9dba32115f018ca2f
2026-10-08T23:25:37.3897697Z  * [new tag]             release-ca778e0e9d3f0304bb29cfa96b8622fdcb7df823 -> release-ca778e0e9d3f0304bb29cfa96b8622fdcb7df823
2026-10-08T23:25:37.3898141Z  * [new tag]             release-cc2aae47b8e66bc47be5d980569d57a142f3cae5 -> release-cc2aae47b8e66bc47be5d980569d57a142f3cae5
2026-10-08T23:25:37.3898651Z  * [new tag]             release-ce3619665f4cd7683e625c5b63e657ee9101be65 -> release-ce3619665f4cd7683e625c5b63e657ee9101be65
2026-10-08T23:25:37.3899171Z  * [new tag]             release-d083598e5fe74c69ebb7759693d9cb6a359409af -> release-d083598e5fe74c69ebb7759693d9cb6a359409af
2026-10-08T23:25:37.3899618Z  * [new tag]             release-d2dd87601dc2e1dbbc1d8ab5e858fbf8fe9a115f -> release-d2dd87601dc2e1dbbc1d8ab5e858fbf8fe9a115f
2026-10-08T23:25:37.3900058Z  * [new tag]             release-d509ccd9a0b69c11e23329a009200d4130f39434 -> release-d509ccd9a0b69c11e23329a009200d4130f39434
2026-10-08T23:25:37.3900490Z  * [new tag]             release-db6365499ff3424d9502f9380eb09eacf6cc357c -> release-db6365499ff3424d9502f9380eb09eacf6cc357c
2026-10-08T23:25:37.3900925Z  * [new tag]             release-dca5553bca9bf40611ee70f6c495b468234b8f2e -> release-dca5553bca9bf40611ee70f6c495b468234b8f2e
2026-10-08T23:25:37.3901367Z  * [new tag]             release-dce9fe6a1e35bab4fe174cf1a93d0e593824b43e -> release-dce9fe6a1e35bab4fe174cf1a93d0e593824b43e
2026-10-08T23:25:37.3901818Z  * [new tag]             release-de93fa716c88cdb8e181d2b46f9222f5d6112ca3 -> release-de93fa716c88cdb8e181d2b46f9222f5d6112ca3
2026-10-08T23:25:37.3902261Z  * [new tag]             release-df17cde50cf5f8549ea6d0d0d432de75175a93ac -> release-df17cde50cf5f8549ea6d0d0d432de75175a93ac
2026-10-08T23:25:37.3902783Z  * [new tag]             release-e52b3d96c6e04335106ad3e389fcb2504eaca8e1 -> release-e52b3d96c6e04335106ad3e389fcb2504eaca8e1
2026-10-08T23:25:37.3903224Z  * [new tag]             release-e678ab559e9ff0aa8452175d45ac3ac02d1819d4 -> release-e678ab559e9ff0aa8452175d45ac3ac02d1819d4
2026-10-08T23:25:37.3903667Z  * [new tag]             release-eb928febf145ac21562dbc1692abf02af2bc2dc6 -> release-eb928febf145ac21562dbc1692abf02af2bc2dc6
2026-10-08T23:25:37.3904101Z  * [new tag]             release-ed28a4d18e55736a06c44032162e107c0d955bf1 -> release-ed28a4d18e55736a06c44032162e107c0d955bf1
2026-10-08T23:25:37.3904536Z  * [new tag]             release-f06a7fe7ba212f285a2243d9715d5b0732077cb6 -> release-f06a7fe7ba212f285a2243d9715d5b0732077cb6
2026-10-08T23:25:37.3904977Z  * [new tag]             release-f2362d62dcc4e63de0bddac86c3467dc4c78f365 -> release-f2362d62dcc4e63de0bddac86c3467dc4c78f365
2026-10-08T23:25:37.3905422Z  * [new tag]             release-f243cd2601899e3ff76086cccf63ff5aecef6c66 -> release-f243cd2601899e3ff76086cccf63ff5aecef6c66
2026-10-08T23:25:37.3905857Z  * [new tag]             release-f281d74a32aca69863f2fcf70d6c857d105540c7 -> release-f281d74a32aca69863f2fcf70d6c857d105540c7
2026-10-08T23:25:37.3906294Z  * [new tag]             release-f562fa371ff703d3b0e8f325aafb4e4a284794a4 -> release-f562fa371ff703d3b0e8f325aafb4e4a284794a4
2026-10-08T23:25:37.3906732Z  * [new tag]             release-f967dead4f207c8fc856f2c3a9fb2cd4cb2fde73 -> release-f967dead4f207c8fc856f2c3a9fb2cd4cb2fde73
2026-10-08T23:25:37.3907177Z  * [new tag]             release-fadea97b3560d40363148778b21dd15fc1fc19ff -> release-fadea97b3560d40363148778b21dd15fc1fc19ff
2026-10-08T23:25:37.3907617Z  * [new tag]             release-fbb01d9d047ab5a8438d12ea027517ebba2b0145 -> release-fbb01d9d047ab5a8438d12ea027517ebba2b0145
2026-10-08T23:25:37.3908062Z  * [new tag]             release-fdc9be1cd6dc2c2b918ef92bb52b5ee87c80e9cf -> release-fdc9be1cd6dc2c2b918ef92bb52b5ee87c80e9cf
2026-10-08T23:25:37.3908577Z  * [new tag]             release-fdd0852745a0b1d9ac39f5a7766f3378039561e2 -> release-fdd0852745a0b1d9ac39f5a7766f3378039561e2
2026-10-08T23:25:37.3909008Z  * [new tag]             release-ffe6802225f68923f998a32c3b6342f9730cf946 -> release-ffe6802225f68923f998a32c3b6342f9730cf946
2026-10-08T23:25:37.3909968Z [command]/usr/bin/git rev-parse --verify --quiet 0acf94d2f105c45b95e0e0b60def7c6bbfaa832e^{object}
2026-10-08T23:25:37.3910253Z 0acf94d2f105c45b95e0e0b60def7c6bbfaa832e
2026-10-08T23:25:37.3910709Z ##[endgroup]
2026-10-08T23:25:37.3910947Z ##[group]Determining the checkout info
2026-10-08T23:25:37.3911176Z ##[endgroup]
2026-10-08T23:25:37.3911315Z [command]/usr/bin/git sparse-checkout disable
2026-10-08T23:25:37.3911817Z [command]/usr/bin/git config --local --unset-all extensions.worktreeConfig
2026-10-08T23:25:37.3912407Z ##[group]Checking out the ref
2026-10-08T23:25:37.3912650Z [command]/usr/bin/git checkout --progress --force 0acf94d2f105c45b95e0e0b60def7c6bbfaa832e
2026-10-08T23:25:37.9805230Z Note: switching to '0acf94d2f105c45b95e0e0b60def7c6bbfaa832e'.
2026-10-08T23:25:37.9805444Z 
2026-10-08T23:25:37.9805569Z You are in 'detached HEAD' state. You can look around, make experimental
2026-10-08T23:25:37.9805844Z changes and commit them, and you can discard any commits you make in this
2026-10-08T23:25:37.9806109Z state without impacting any branches by switching back to a branch.
2026-10-08T23:25:37.9806268Z 
2026-10-08T23:25:37.9806372Z If you want to create a new branch to retain commits you create, you may
2026-10-08T23:25:37.9806630Z do so (now or later) by using -c with the switch command. Example:
2026-10-08T23:25:37.9806778Z 
2026-10-08T23:25:37.9806845Z   git switch -c <new-branch-name>
2026-10-08T23:25:37.9806942Z 
2026-10-08T23:25:37.9807007Z Or undo this operation with:
2026-10-08T23:25:37.9807128Z 
2026-10-08T23:25:37.9807181Z   git switch -
2026-10-08T23:25:37.9807249Z 
2026-10-08T23:25:37.9807784Z Turn off this advice by setting config variable advice.detachedHead to false
2026-10-08T23:25:37.9807958Z 
2026-10-08T23:25:37.9808097Z HEAD is now at 0acf94d2f test(ci): retain Todo ancestry repair evidence on Git 2.53 and 2.55
2026-10-08T23:25:37.9854026Z ##[endgroup]
2026-10-08T23:25:37.9891622Z [command]/usr/bin/git log -1 --format=%H
2026-10-08T23:25:37.9910845Z 0acf94d2f105c45b95e0e0b60def7c6bbfaa832e
2026-10-08T23:25:37.9917445Z ##[group]Removing auth
2026-10-08T23:25:37.9919096Z Removing SSH command configuration
2026-10-08T23:25:37.9920414Z [command]/usr/bin/git config --local --name-only --get-regexp core\.sshCommand
2026-10-08T23:25:37.9942994Z [command]/usr/bin/git submodule foreach --recursive sh -c "git config --local --name-only --get-regexp 'core\.sshCommand' && git config --local --unset-all 'core.sshCommand' || :"
2026-10-08T23:25:38.0115822Z Removing HTTP extra header
2026-10-08T23:25:38.0118125Z [command]/usr/bin/git config --local --name-only --get-regexp http\.https\:\/\/github\.com\/\.extraheader
2026-10-08T23:25:38.0141617Z [command]/usr/bin/git submodule foreach --recursive sh -c "git config --local --name-only --get-regexp 'http\.https\:\/\/github\.com\/\.extraheader' && git config --local --unset-all 'http.https://github.com/.extraheader' || :"
2026-10-08T23:25:38.0311820Z Removing includeIf entries pointing to credentials config files
2026-10-08T23:25:38.0313614Z [command]/usr/bin/git config --local --name-only --get-regexp ^includeIf\.gitdir:
2026-10-08T23:25:38.0334420Z includeif.gitdir:/home/runner/work/conduit/conduit/.git.path
2026-10-08T23:25:38.0334920Z includeif.gitdir:/home/runner/work/conduit/conduit/.git/worktrees/*.path
2026-10-08T23:25:38.0335294Z includeif.gitdir:/github/workspace/.git.path
2026-10-08T23:25:38.0335591Z includeif.gitdir:/github/workspace/.git/worktrees/*.path
2026-10-08T23:25:38.0340401Z [command]/usr/bin/git config --local --get-all includeif.gitdir:/home/runner/work/conduit/conduit/.git.path
2026-10-08T23:25:38.0358002Z /home/runner/work/_temp/git-credentials-c105a4ef-f25a-4c1d-9a53-b2aeeddafbda.config
2026-10-08T23:25:38.0366132Z [command]/usr/bin/git config --local --unset includeif.gitdir:/home/runner/work/conduit/conduit/.git.path \/home\/runner\/work\/_temp\/git\-credentials\-c105a4ef\-f25a\-4c1d\-9a53\-b2aeeddafbda\.config
2026-10-08T23:25:38.0392455Z [command]/usr/bin/git config --local --get-all includeif.gitdir:/home/runner/work/conduit/conduit/.git/worktrees/*.path
2026-10-08T23:25:38.0410164Z /home/runner/work/_temp/git-credentials-c105a4ef-f25a-4c1d-9a53-b2aeeddafbda.config
2026-10-08T23:25:38.0415795Z [command]/usr/bin/git config --local --unset includeif.gitdir:/home/runner/work/conduit/conduit/.git/worktrees/*.path \/home\/runner\/work\/_temp\/git\-credentials\-c105a4ef\-f25a\-4c1d\-9a53\-b2aeeddafbda\.config
2026-10-08T23:25:38.0442210Z [command]/usr/bin/git config --local --get-all includeif.gitdir:/github/workspace/.git.path
2026-10-08T23:25:38.0459062Z /github/runner_temp/git-credentials-c105a4ef-f25a-4c1d-9a53-b2aeeddafbda.config
2026-10-08T23:25:38.0463177Z [command]/usr/bin/git config --local --unset includeif.gitdir:/github/workspace/.git.path \/github\/runner_temp\/git\-credentials\-c105a4ef\-f25a\-4c1d\-9a53\-b2aeeddafbda\.config
2026-10-08T23:25:38.0503829Z [command]/usr/bin/git config --local --get-all includeif.gitdir:/github/workspace/.git/worktrees/*.path
2026-10-08T23:25:38.0520431Z /github/runner_temp/git-credentials-c105a4ef-f25a-4c1d-9a53-b2aeeddafbda.config
2026-10-08T23:25:38.0524749Z [command]/usr/bin/git config --local --unset includeif.gitdir:/github/workspace/.git/worktrees/*.path \/github\/runner_temp\/git\-credentials\-c105a4ef\-f25a\-4c1d\-9a53\-b2aeeddafbda\.config
2026-10-08T23:25:38.0597058Z [command]/usr/bin/git submodule foreach --recursive git config --local --show-origin --name-only --get-regexp remote.origin.url
2026-10-08T23:25:38.0770727Z Removing credentials config '/home/runner/work/_temp/git-credentials-c105a4ef-f25a-4c1d-9a53-b2aeeddafbda.config'
2026-10-08T23:25:38.0785904Z ##[endgroup]
2026-10-08T23:25:38.1030951Z ##[group]Run dtolnay/rust-toolchain@1.98.1
2026-10-08T23:25:38.1031124Z with:
2026-10-08T23:25:38.1031231Z env:
2026-10-08T23:25:38.1031347Z   CARGO_TERM_COLOR: always
2026-10-08T23:25:38.1031476Z   CARGO_INCREMENTAL: 0
2026-10-08T23:25:38.1031601Z   CARGO_PROFILE_DEV_DEBUG: 0
2026-10-08T23:25:38.1031736Z   CARGO_PROFILE_TEST_DEBUG: 0
2026-10-08T23:25:38.1031874Z   RUSTUP_TOOLCHAIN: 1.98.1
2026-10-08T23:25:38.1032049Z   CONDUIT_CHECKOUT_SHA: 0acf94d2f105c45b95e0e0b60def7c6bbfaa832e
2026-10-08T23:25:38.1032240Z ##[endgroup]
2026-10-08T23:25:38.1072510Z ##[start-action display=Parse toolchain version;id=__dtolnay_rust-toolchain.parse]
2026-10-08T23:25:38.1120388Z ##[group]Run if [[ -z $toolchain ]]; then
2026-10-08T23:25:38.1120835Z [36;1mif [[ -z $toolchain ]]; then[0m
2026-10-08T23:25:38.1121781Z [36;1m  # GitHub does not enforce `required: true` inputs itself. https://github.com/actions/runner/issues/1070[0m
2026-10-08T23:25:38.1122469Z [36;1m  echo "'toolchain' is a required input" >&2[0m
2026-10-08T23:25:38.1122648Z [36;1m  exit 1[0m
2026-10-08T23:25:38.1122857Z [36;1melif [[ $toolchain =~ ^stable' '[0-9]+' '(year|month|week|day)s?' 'ago$ ]]; then[0m
2026-10-08T23:25:38.1123943Z [36;1m  if [[ Linux == macOS ]]; then[0m
2026-10-08T23:25:38.1124271Z [36;1m    echo "toolchain=1.$((($(date -v-$(sed 's/stable \([0-9]*\) \(.\).*/\1\2/' <<< $toolchain) +%s)/60/60/24-16569)/7/6))" >> $GITHUB_OUTPUT[0m
2026-10-08T23:25:38.1124552Z [36;1m  else[0m
2026-10-08T23:25:38.1125041Z [36;1m    echo "toolchain=1.$((($(date --date "${toolchain#stable }" +%s)/60/60/24-16569)/7/6))" >> $GITHUB_OUTPUT[0m
2026-10-08T23:25:38.1126007Z [36;1m  fi[0m
2026-10-08T23:25:38.1126174Z [36;1melif [[ $toolchain =~ ^stable' 'minus' '[0-9]+' 'releases?$ ]]; then[0m
2026-10-08T23:25:38.1126982Z [36;1m  echo "toolchain=1.$((($(date +%s)/60/60/24-16569)/7/6-${toolchain//[^0-9]/}))" >> $GITHUB_OUTPUT[0m
2026-10-08T23:25:38.1127400Z [36;1melif [[ $toolchain =~ ^1\.[0-9]+$ ]]; then[0m
2026-10-08T23:25:38.1127921Z [36;1m  echo "toolchain=1.$((i=${toolchain#1.}, c=($(date +%s)/60/60/24-16569)/7/6, i+9*i*(10*i<=c)+90*i*(100*i<=c)))" >> $GITHUB_OUTPUT[0m
2026-10-08T23:25:38.1128195Z [36;1melse[0m
2026-10-08T23:25:38.1128448Z [36;1m  echo "toolchain=$toolchain" >> $GITHUB_OUTPUT[0m
2026-10-08T23:25:38.1128614Z [36;1mfi[0m
2026-10-08T23:25:38.1343174Z shell: /usr/bin/bash --noprofile --norc -e -o pipefail {0}
2026-10-08T23:25:38.1343378Z env:
2026-10-08T23:25:38.1343492Z   CARGO_TERM_COLOR: always
2026-10-08T23:25:38.1343625Z   CARGO_INCREMENTAL: 0
2026-10-08T23:25:38.1343753Z   CARGO_PROFILE_DEV_DEBUG: 0
2026-10-08T23:25:38.1343889Z   CARGO_PROFILE_TEST_DEBUG: 0
2026-10-08T23:25:38.1344024Z   RUSTUP_TOOLCHAIN: 1.98.1
2026-10-08T23:25:38.1344201Z   CONDUIT_CHECKOUT_SHA: 0acf94d2f105c45b95e0e0b60def7c6bbfaa832e
2026-10-08T23:25:38.1344392Z   toolchain: 1.98.1
2026-10-08T23:25:38.1344507Z ##[endgroup]
2026-10-08T23:25:38.1453177Z ##[end-action id=__dtolnay_rust-toolchain.parse;outcome=success;conclusion=success;duration_ms=37]
2026-10-08T23:25:38.1460710Z ##[start-action display=Construct rustup command line;id=__dtolnay_rust-toolchain.flags]
2026-10-08T23:25:38.1495035Z ##[group]Run echo "targets=$(for t in ${targets//,/ }; do echo -n ' --target' $t; done)" >> $GITHUB_OUTPUT
2026-10-08T23:25:38.1495399Z [36;1mecho "targets=$(for t in ${targets//,/ }; do echo -n ' --target' $t; done)" >> $GITHUB_OUTPUT[0m
2026-10-08T23:25:38.1496159Z [36;1mecho "components=$(for c in ${components//,/ }; do echo -n ' --component' $c; done)" >> $GITHUB_OUTPUT[0m
2026-10-08T23:25:38.1497073Z [36;1mecho "downgrade=" >> $GITHUB_OUTPUT[0m
2026-10-08T23:25:38.1553672Z shell: /usr/bin/bash --noprofile --norc -e -o pipefail {0}
2026-10-08T23:25:38.1554159Z env:
2026-10-08T23:25:38.1554410Z   CARGO_TERM_COLOR: always
2026-10-08T23:25:38.1554851Z   CARGO_INCREMENTAL: 0
2026-10-08T23:25:38.1554979Z   CARGO_PROFILE_DEV_DEBUG: 0
2026-10-08T23:25:38.1555113Z   CARGO_PROFILE_TEST_DEBUG: 0
2026-10-08T23:25:38.1555404Z   RUSTUP_TOOLCHAIN: 1.98.1
2026-10-08T23:25:38.1555687Z   CONDUIT_CHECKOUT_SHA: 0acf94d2f105c45b95e0e0b60def7c6bbfaa832e
2026-10-08T23:25:38.1557055Z   targets: 
2026-10-08T23:25:38.1557163Z   components: 
2026-10-08T23:25:38.1557274Z ##[endgroup]
2026-10-08T23:25:38.1663995Z ##[end-action id=__dtolnay_rust-toolchain.flags;outcome=success;conclusion=success;duration_ms=20]
2026-10-08T23:25:38.1666466Z ##[start-action display=Set $CARGO_HOME;id=__dtolnay_rust-toolchain.__run]
2026-10-08T23:25:38.1698091Z ##[group]Run echo CARGO_HOME=${CARGO_HOME:-"$HOME/.cargo"} >> $GITHUB_ENV
2026-10-08T23:25:38.1699212Z [36;1mecho CARGO_HOME=${CARGO_HOME:-"$HOME/.cargo"} >> $GITHUB_ENV[0m
2026-10-08T23:25:38.1745432Z shell: /usr/bin/bash --noprofile --norc -e -o pipefail {0}
2026-10-08T23:25:38.1745617Z env:
2026-10-08T23:25:38.1745728Z   CARGO_TERM_COLOR: always
2026-10-08T23:25:38.1745859Z   CARGO_INCREMENTAL: 0
2026-10-08T23:25:38.1745986Z   CARGO_PROFILE_DEV_DEBUG: 0
2026-10-08T23:25:38.1747389Z   CARGO_PROFILE_TEST_DEBUG: 0
2026-10-08T23:25:38.1747540Z   RUSTUP_TOOLCHAIN: 1.98.1
2026-10-08T23:25:38.1747714Z   CONDUIT_CHECKOUT_SHA: 0acf94d2f105c45b95e0e0b60def7c6bbfaa832e
2026-10-08T23:25:38.1748980Z ##[endgroup]
2026-10-08T23:25:38.1812473Z ##[end-action id=__dtolnay_rust-toolchain.__run;outcome=success;conclusion=success;duration_ms=14]
2026-10-08T23:25:38.1813775Z ##[start-action display=Install rustup if needed;id=__dtolnay_rust-toolchain.__run_2]
2026-10-08T23:25:38.1831728Z ##[group]Run if ! command -v rustup &>/dev/null; then
2026-10-08T23:25:38.1831942Z [36;1mif ! command -v rustup &>/dev/null; then[0m
2026-10-08T23:25:38.1832359Z [36;1m  curl --proto '=https' --tlsv1.2 --retry 10 --retry-connrefused --location --silent --show-error --fail https://sh.rustup.rs | sh -s -- --default-toolchain none -y[0m
2026-10-08T23:25:38.1832761Z [36;1m  echo "$CARGO_HOME/bin" >> $GITHUB_PATH[0m
2026-10-08T23:25:38.1832923Z [36;1mfi[0m
2026-10-08T23:25:38.1876901Z shell: /usr/bin/bash --noprofile --norc -e -o pipefail {0}
2026-10-08T23:25:38.1877094Z env:
2026-10-08T23:25:38.1877207Z   CARGO_TERM_COLOR: always
2026-10-08T23:25:38.1877339Z   CARGO_INCREMENTAL: 0
2026-10-08T23:25:38.1877465Z   CARGO_PROFILE_DEV_DEBUG: 0
2026-10-08T23:25:38.1877600Z   CARGO_PROFILE_TEST_DEBUG: 0
2026-10-08T23:25:38.1877736Z   RUSTUP_TOOLCHAIN: 1.98.1
2026-10-08T23:25:38.1877910Z   CONDUIT_CHECKOUT_SHA: 0acf94d2f105c45b95e0e0b60def7c6bbfaa832e
2026-10-08T23:25:38.1878110Z   CARGO_HOME: /home/runner/.cargo
2026-10-08T23:25:38.1878249Z ##[endgroup]
2026-10-08T23:25:38.2018114Z ##[end-action id=__dtolnay_rust-toolchain.__run_2;outcome=success;conclusion=success;duration_ms=20]
2026-10-08T23:25:38.2021672Z ##[start-action display=Install rustup if needed on windows;id=__dtolnay_rust-toolchain.__run_3]
2026-10-08T23:25:38.2035426Z ##[end-action id=__dtolnay_rust-toolchain.__run_3;outcome=skipped;conclusion=skipped;duration_ms=0]
2026-10-08T23:25:38.2053314Z ##[start-action display=rustup toolchain install 1.98.1;id=__dtolnay_rust-toolchain.__run_4]
2026-10-08T23:25:38.2090500Z ##[group]Run log=$(mktemp)
2026-10-08T23:25:38.2090676Z [36;1mlog=$(mktemp)[0m
2026-10-08T23:25:38.2090838Z [36;1mtrap 'rm -f "$log"' EXIT[0m
2026-10-08T23:25:38.2091000Z [36;1mfor attempt in 1 2 3 4 5; do[0m
2026-10-08T23:25:38.2091342Z [36;1m  if rustup toolchain install 1.98.1 --profile minimal --no-self-update --force-non-host 2>&1 | tee "$log"; then[0m
2026-10-08T23:25:38.2091668Z [36;1m    break[0m
2026-10-08T23:25:38.2091814Z [36;1m  else[0m
2026-10-08T23:25:38.2091942Z [36;1m    status=$?[0m
2026-10-08T23:25:38.2092091Z [36;1m  fi[0m
2026-10-08T23:25:38.2092290Z [36;1m  if [[ $attempt == 5 ]] || ! grep -Fq 'checksum failed for ' "$log" \[0m
2026-10-08T23:25:38.2094264Z [36;1m      || ! grep -Fq 'this is likely due to an ongoing update of the official release server' "$log"; then[0m
2026-10-08T23:25:38.2094522Z [36;1m    exit "$status"[0m
2026-10-08T23:25:38.2094983Z [36;1m  fi[0m
2026-10-08T23:25:38.2096566Z [36;1m  echo "Retrying rustup toolchain install in 30 seconds (retry $attempt of 4)" >&2[0m
2026-10-08T23:25:38.2096961Z [36;1m  sleep 30[0m
2026-10-08T23:25:38.2098643Z [36;1mdone[0m
2026-10-08T23:25:38.2170818Z shell: /usr/bin/bash --noprofile --norc -e -o pipefail {0}
2026-10-08T23:25:38.2171209Z env:
2026-10-08T23:25:38.2171321Z   CARGO_TERM_COLOR: always
2026-10-08T23:25:38.2171450Z   CARGO_INCREMENTAL: 0
2026-10-08T23:25:38.2171579Z   CARGO_PROFILE_DEV_DEBUG: 0
2026-10-08T23:25:38.2171715Z   CARGO_PROFILE_TEST_DEBUG: 0
2026-10-08T23:25:38.2173188Z   RUSTUP_TOOLCHAIN: 1.98.1
2026-10-08T23:25:38.2173360Z   CONDUIT_CHECKOUT_SHA: 0acf94d2f105c45b95e0e0b60def7c6bbfaa832e
2026-10-08T23:25:38.2173557Z   CARGO_HOME: /home/runner/.cargo
2026-10-08T23:25:38.2173722Z   RUSTUP_PERMIT_COPY_RENAME: 1
2026-10-08T23:25:38.2175149Z ##[endgroup]
2026-10-08T23:25:38.2675792Z info: syncing channel updates for 1.98.1-x86_64-unknown-linux-gnu
2026-10-08T23:25:38.5331374Z info: latest update on 2026-09-03 for version 1.98.1 (48a229cea 2026-09-01)
2026-10-08T23:25:38.5331782Z info: downloading 3 components
2026-10-08T23:25:44.4714754Z 
2026-10-08T23:25:44.4773014Z   1.98.1-x86_64-unknown-linux-gnu installed - rustc 1.98.1 (48a229cea 2026-09-01)
2026-10-08T23:25:44.4773247Z 
2026-10-08T23:25:44.4887443Z ##[end-action id=__dtolnay_rust-toolchain.__run_4;outcome=success;conclusion=success;duration_ms=6283]
2026-10-08T23:25:44.4892056Z ##[start-action display=rustup default 1.98.1;id=__dtolnay_rust-toolchain.__run_5]
2026-10-08T23:25:44.4907029Z ##[group]Run rustup default 1.98.1 --force-non-host
2026-10-08T23:25:44.4907266Z [36;1mrustup default 1.98.1 --force-non-host[0m
2026-10-08T23:25:44.4958579Z shell: /usr/bin/bash --noprofile --norc -e -o pipefail {0}
2026-10-08T23:25:44.4958768Z env:
2026-10-08T23:25:44.4958888Z   CARGO_TERM_COLOR: always
2026-10-08T23:25:44.4959023Z   CARGO_INCREMENTAL: 0
2026-10-08T23:25:44.4959152Z   CARGO_PROFILE_DEV_DEBUG: 0
2026-10-08T23:25:44.4959291Z   CARGO_PROFILE_TEST_DEBUG: 0
2026-10-08T23:25:44.4959430Z   RUSTUP_TOOLCHAIN: 1.98.1
2026-10-08T23:25:44.4959633Z   CONDUIT_CHECKOUT_SHA: 0acf94d2f105c45b95e0e0b60def7c6bbfaa832e
2026-10-08T23:25:44.4959834Z   CARGO_HOME: /home/runner/.cargo
2026-10-08T23:25:44.4959975Z ##[endgroup]
2026-10-08T23:25:44.5054266Z info: using existing install for 1.98.1-x86_64-unknown-linux-gnu
2026-10-08T23:25:44.5060304Z info: default toolchain set to 1.98.1-x86_64-unknown-linux-gnu
2026-10-08T23:25:44.5060532Z 
2026-10-08T23:25:44.5117223Z   1.98.1-x86_64-unknown-linux-gnu unchanged - rustc 1.98.1 (48a229cea 2026-09-01)
2026-10-08T23:25:44.5117849Z info: note that the toolchain '1.98.1-x86_64-unknown-linux-gnu' is currently in use (overridden by environment variable RUSTUP_TOOLCHAIN)
2026-10-08T23:25:44.5118395Z 
2026-10-08T23:25:44.5130652Z ##[end-action id=__dtolnay_rust-toolchain.__run_5;outcome=success;conclusion=success;duration_ms=23]
2026-10-08T23:25:44.5132195Z ##[start-action display=Create cachekey;id=__dtolnay_rust-toolchain.rustc-version]
2026-10-08T23:25:44.5146541Z ##[group]Run DATE=$(rustc +1.98.1 --version --verbose | sed -ne 's/^commit-date: \(20[0-9][0-9]\)-\([01][0-9]\)-\([0-3][0-9]\)$/\1\2\3/p')
2026-10-08T23:25:44.5147017Z [36;1mDATE=$(rustc +1.98.1 --version --verbose | sed -ne 's/^commit-date: \(20[0-9][0-9]\)-\([01][0-9]\)-\([0-3][0-9]\)$/\1\2\3/p')[0m
2026-10-08T23:25:44.5147365Z [36;1mHASH=$(rustc +1.98.1 --version --verbose | sed -ne 's/^commit-hash: //p')[0m
2026-10-08T23:25:44.5147642Z [36;1mecho "cachekey=$(echo $DATE$HASH | head -c12)" >> $GITHUB_OUTPUT[0m
2026-10-08T23:25:44.5196476Z shell: /usr/bin/bash --noprofile --norc -e -o pipefail {0}
2026-10-08T23:25:44.5196663Z env:
2026-10-08T23:25:44.5196779Z   CARGO_TERM_COLOR: always
2026-10-08T23:25:44.5196912Z   CARGO_INCREMENTAL: 0
2026-10-08T23:25:44.5197042Z   CARGO_PROFILE_DEV_DEBUG: 0
2026-10-08T23:25:44.5197184Z   CARGO_PROFILE_TEST_DEBUG: 0
2026-10-08T23:25:44.5197320Z   RUSTUP_TOOLCHAIN: 1.98.1
2026-10-08T23:25:44.5197495Z   CONDUIT_CHECKOUT_SHA: 0acf94d2f105c45b95e0e0b60def7c6bbfaa832e
2026-10-08T23:25:44.5197834Z   CARGO_HOME: /home/runner/.cargo
2026-10-08T23:25:44.5198073Z ##[endgroup]
2026-10-08T23:25:44.5461200Z ##[end-action id=__dtolnay_rust-toolchain.rustc-version;outcome=success;conclusion=success;duration_ms=32]
2026-10-08T23:25:44.5463050Z ##[start-action display=Disable incremental compilation;id=__dtolnay_rust-toolchain.__run_6]
2026-10-08T23:25:44.5477609Z ##[group]Run if [ -z "${CARGO_INCREMENTAL+set}" ]; then
2026-10-08T23:25:44.5477836Z [36;1mif [ -z "${CARGO_INCREMENTAL+set}" ]; then[0m
2026-10-08T23:25:44.5478026Z [36;1m  echo CARGO_INCREMENTAL=0 >> $GITHUB_ENV[0m
2026-10-08T23:25:44.5478186Z [36;1mfi[0m
2026-10-08T23:25:44.5526853Z shell: /usr/bin/bash --noprofile --norc -e -o pipefail {0}
2026-10-08T23:25:44.5527039Z env:
2026-10-08T23:25:44.5527155Z   CARGO_TERM_COLOR: always
2026-10-08T23:25:44.5527284Z   CARGO_INCREMENTAL: 0
2026-10-08T23:25:44.5527412Z   CARGO_PROFILE_DEV_DEBUG: 0
2026-10-08T23:25:44.5527552Z   CARGO_PROFILE_TEST_DEBUG: 0
2026-10-08T23:25:44.5527689Z   RUSTUP_TOOLCHAIN: 1.98.1
2026-10-08T23:25:44.5527886Z   CONDUIT_CHECKOUT_SHA: 0acf94d2f105c45b95e0e0b60def7c6bbfaa832e
2026-10-08T23:25:44.5528084Z   CARGO_HOME: /home/runner/.cargo
2026-10-08T23:25:44.5528226Z ##[endgroup]
2026-10-08T23:25:44.5590734Z ##[end-action id=__dtolnay_rust-toolchain.__run_6;outcome=success;conclusion=success;duration_ms=12]
2026-10-08T23:25:44.5592108Z ##[start-action display=Enable colors in Cargo output;id=__dtolnay_rust-toolchain.__run_7]
2026-10-08T23:25:44.5605254Z ##[group]Run if [ -z "${CARGO_TERM_COLOR+set}" ]; then
2026-10-08T23:25:44.5605464Z [36;1mif [ -z "${CARGO_TERM_COLOR+set}" ]; then[0m
2026-10-08T23:25:44.5605656Z [36;1m  echo CARGO_TERM_COLOR=always >> $GITHUB_ENV[0m
2026-10-08T23:25:44.5605820Z [36;1mfi[0m
2026-10-08T23:25:44.5650836Z shell: /usr/bin/bash --noprofile --norc -e -o pipefail {0}
2026-10-08T23:25:44.5651021Z env:
2026-10-08T23:25:44.5651137Z   CARGO_TERM_COLOR: always
2026-10-08T23:25:44.5651269Z   CARGO_INCREMENTAL: 0
2026-10-08T23:25:44.5651395Z   CARGO_PROFILE_DEV_DEBUG: 0
2026-10-08T23:25:44.5651549Z   CARGO_PROFILE_TEST_DEBUG: 0
2026-10-08T23:25:44.5651689Z   RUSTUP_TOOLCHAIN: 1.98.1
2026-10-08T23:25:44.5651862Z   CONDUIT_CHECKOUT_SHA: 0acf94d2f105c45b95e0e0b60def7c6bbfaa832e
2026-10-08T23:25:44.5652061Z   CARGO_HOME: /home/runner/.cargo
2026-10-08T23:25:44.5652200Z ##[endgroup]
2026-10-08T23:25:44.5713014Z ##[end-action id=__dtolnay_rust-toolchain.__run_7;outcome=success;conclusion=success;duration_ms=12]
2026-10-08T23:25:44.5714304Z ##[start-action display=Enable Cargo sparse registry;id=__dtolnay_rust-toolchain.__run_8]
2026-10-08T23:25:44.5727173Z ##[group]Run # implemented in 1.66, stabilized in 1.68, made default in 1.70
2026-10-08T23:25:44.5727467Z [36;1m# implemented in 1.66, stabilized in 1.68, made default in 1.70[0m
2026-10-08T23:25:44.5727855Z [36;1mif [ -z "${CARGO_REGISTRIES_CRATES_IO_PROTOCOL+set}" -o -f "/home/runner/work/_temp"/.implicit_cargo_registries_crates_io_protocol ]; then[0m
2026-10-08T23:25:44.5728401Z [36;1m  if rustc +1.98.1 --version --verbose | grep -q '^release: 1\.6[89]\.'; then[0m
2026-10-08T23:25:44.5728734Z [36;1m    touch "/home/runner/work/_temp"/.implicit_cargo_registries_crates_io_protocol || true[0m
2026-10-08T23:25:44.5729026Z [36;1m    echo CARGO_REGISTRIES_CRATES_IO_PROTOCOL=sparse >> $GITHUB_ENV[0m
2026-10-08T23:25:44.5729296Z [36;1m  elif rustc +1.98.1 --version --verbose | grep -q '^release: 1\.6[67]\.'; then[0m
2026-10-08T23:25:44.5729600Z [36;1m    touch "/home/runner/work/_temp"/.implicit_cargo_registries_crates_io_protocol || true[0m
2026-10-08T23:25:44.5729882Z [36;1m    echo CARGO_REGISTRIES_CRATES_IO_PROTOCOL=git >> $GITHUB_ENV[0m
2026-10-08T23:25:44.5730075Z [36;1m  fi[0m
2026-10-08T23:25:44.5730182Z [36;1mfi[0m
2026-10-08T23:25:44.5772830Z shell: /usr/bin/bash --noprofile --norc -e -o pipefail {0}
2026-10-08T23:25:44.5773013Z env:
2026-10-08T23:25:44.5773127Z   CARGO_TERM_COLOR: always
2026-10-08T23:25:44.5773261Z   CARGO_INCREMENTAL: 0
2026-10-08T23:25:44.5773387Z   CARGO_PROFILE_DEV_DEBUG: 0
2026-10-08T23:25:44.5773754Z   CARGO_PROFILE_TEST_DEBUG: 0
2026-10-08T23:25:44.5773891Z   RUSTUP_TOOLCHAIN: 1.98.1
2026-10-08T23:25:44.5774065Z   CONDUIT_CHECKOUT_SHA: 0acf94d2f105c45b95e0e0b60def7c6bbfaa832e
2026-10-08T23:25:44.5774264Z   CARGO_HOME: /home/runner/.cargo
2026-10-08T23:25:44.5774400Z ##[endgroup]
2026-10-08T23:25:44.6010473Z ##[end-action id=__dtolnay_rust-toolchain.__run_8;outcome=success;conclusion=success;duration_ms=29]
2026-10-08T23:25:44.6012283Z ##[start-action display=Work around spurious network errors in curl 8.0;id=__dtolnay_rust-toolchain.__run_9]
2026-10-08T23:25:44.6027132Z ##[group]Run # https://rust-lang.zulipchat.com/#narrow/stream/246057-t-cargo/topic/timeout.20investigation
2026-10-08T23:25:44.6027550Z [36;1m# https://rust-lang.zulipchat.com/#narrow/stream/246057-t-cargo/topic/timeout.20investigation[0m
2026-10-08T23:25:44.6027889Z [36;1mif rustc +1.98.1 --version --verbose | grep -q '^release: 1\.7[01]\.'; then[0m
2026-10-08T23:25:44.6028156Z [36;1m  echo CARGO_HTTP_MULTIPLEXING=false >> $GITHUB_ENV[0m
2026-10-08T23:25:44.6028516Z [36;1mfi[0m
2026-10-08T23:25:44.6076796Z shell: /usr/bin/bash --noprofile --norc -e -o pipefail {0}
2026-10-08T23:25:44.6076981Z env:
2026-10-08T23:25:44.6077096Z   CARGO_TERM_COLOR: always
2026-10-08T23:25:44.6077229Z   CARGO_INCREMENTAL: 0
2026-10-08T23:25:44.6077356Z   CARGO_PROFILE_DEV_DEBUG: 0
2026-10-08T23:25:44.6077493Z   CARGO_PROFILE_TEST_DEBUG: 0
2026-10-08T23:25:44.6077629Z   RUSTUP_TOOLCHAIN: 1.98.1
2026-10-08T23:25:44.6077805Z   CONDUIT_CHECKOUT_SHA: 0acf94d2f105c45b95e0e0b60def7c6bbfaa832e
2026-10-08T23:25:44.6078006Z   CARGO_HOME: /home/runner/.cargo
2026-10-08T23:25:44.6078146Z ##[endgroup]
2026-10-08T23:25:44.6229294Z ##[end-action id=__dtolnay_rust-toolchain.__run_9;outcome=success;conclusion=success;duration_ms=21]
2026-10-08T23:25:44.6256582Z ##[start-action display=rustc +1.98.1 --version --verbose;id=__dtolnay_rust-toolchain.__run_10]
2026-10-08T23:25:44.6270115Z ##[group]Run rustc +1.98.1 --version --verbose
2026-10-08T23:25:44.6270313Z [36;1mrustc +1.98.1 --version --verbose[0m
2026-10-08T23:25:44.6314115Z shell: /usr/bin/bash --noprofile --norc -e -o pipefail {0}
2026-10-08T23:25:44.6314300Z env:
2026-10-08T23:25:44.6314413Z   CARGO_TERM_COLOR: always
2026-10-08T23:25:44.6314542Z   CARGO_INCREMENTAL: 0
2026-10-08T23:25:44.6314668Z   CARGO_PROFILE_DEV_DEBUG: 0
2026-10-08T23:25:44.6314804Z   CARGO_PROFILE_TEST_DEBUG: 0
2026-10-08T23:25:44.6314940Z   RUSTUP_TOOLCHAIN: 1.98.1
2026-10-08T23:25:44.6315114Z   CONDUIT_CHECKOUT_SHA: 0acf94d2f105c45b95e0e0b60def7c6bbfaa832e
2026-10-08T23:25:44.6315309Z   CARGO_HOME: /home/runner/.cargo
2026-10-08T23:25:44.6315448Z ##[endgroup]
2026-10-08T23:25:44.6450353Z rustc 1.98.1 (48a229cea 2026-09-01)
2026-10-08T23:25:44.6450698Z binary: rustc
2026-10-08T23:25:44.6450936Z commit-hash: 48a229ceaefd4985c50990b14116b6d856af0985
2026-10-08T23:25:44.6451254Z commit-date: 2026-09-01
2026-10-08T23:25:44.6451476Z host: x86_64-unknown-linux-gnu
2026-10-08T23:25:44.6451751Z release: 1.98.1
2026-10-08T23:25:44.6451941Z LLVM version: 22.1.8
2026-10-08T23:25:44.6463886Z ##[end-action id=__dtolnay_rust-toolchain.__run_10;outcome=success;conclusion=success;duration_ms=20]
2026-10-08T23:25:44.6528153Z ##[group]Run actions/setup-node@v7.0.0
2026-10-08T23:25:44.6528476Z with:
2026-10-08T23:25:44.6528590Z   node-version: 22
2026-10-08T23:25:44.6528710Z   check-latest: false
2026-10-08T23:25:44.6530044Z   token: ***
2026-10-08T23:25:44.6530167Z   package-manager-cache: true
2026-10-08T23:25:44.6530304Z env:
2026-10-08T23:25:44.6530413Z   CARGO_TERM_COLOR: always
2026-10-08T23:25:44.6530540Z   CARGO_INCREMENTAL: 0
2026-10-08T23:25:44.6530666Z   CARGO_PROFILE_DEV_DEBUG: 0
2026-10-08T23:25:44.6530800Z   CARGO_PROFILE_TEST_DEBUG: 0
2026-10-08T23:25:44.6530937Z   RUSTUP_TOOLCHAIN: 1.98.1
2026-10-08T23:25:44.6531109Z   CONDUIT_CHECKOUT_SHA: 0acf94d2f105c45b95e0e0b60def7c6bbfaa832e
2026-10-08T23:25:44.6531310Z   CARGO_HOME: /home/runner/.cargo
2026-10-08T23:25:44.6531447Z ##[endgroup]
2026-10-08T23:25:44.7400617Z Found in cache @ /opt/hostedtoolcache/node/22.23.3/x64
2026-10-08T23:25:44.7402738Z ##[group]Environment details
2026-10-08T23:25:45.0104678Z node: v22.23.3
2026-10-08T23:25:45.0105024Z npm: 10.9.9
2026-10-08T23:25:45.0105190Z yarn: 1.22.22
2026-10-08T23:25:45.0105674Z ##[endgroup]
2026-10-08T23:25:45.0226443Z ##[group]Run Swatinem/rust-cache@v2
2026-10-08T23:25:45.0226602Z with:
2026-10-08T23:25:45.0226717Z   key: target-browser
2026-10-08T23:25:45.0226852Z   prefix-key: conduit-compiler-v1
2026-10-08T23:25:45.0226998Z   cache-targets: false
2026-10-08T23:25:45.0227178Z   cache-directories: target/debug
target/release
target/*-unknown-*

2026-10-08T23:25:45.0227387Z   cache-on-failure: false
2026-10-08T23:25:45.0227518Z   add-job-id-key: true
2026-10-08T23:25:45.0227652Z   add-rust-environment-hash-key: true
2026-10-08T23:25:45.0227804Z   cache-all-crates: false
2026-10-08T23:25:45.0227941Z   cache-workspace-crates: false
2026-10-08T23:25:45.0228078Z   save-if: true
2026-10-08T23:25:45.0228195Z   cache-provider: github
2026-10-08T23:25:45.0228619Z   cache-bin: true
2026-10-08T23:25:45.0228735Z   lookup-only: false
2026-10-08T23:25:45.0228851Z   cmd-format: {0}
2026-10-08T23:25:45.0228963Z env:
2026-10-08T23:25:45.0229073Z   CARGO_TERM_COLOR: always
2026-10-08T23:25:45.0229223Z   CARGO_INCREMENTAL: 0
2026-10-08T23:25:45.0229348Z   CARGO_PROFILE_DEV_DEBUG: 0
2026-10-08T23:25:45.0229483Z   CARGO_PROFILE_TEST_DEBUG: 0
2026-10-08T23:25:45.0229619Z   RUSTUP_TOOLCHAIN: 1.98.1
2026-10-08T23:25:45.0229793Z   CONDUIT_CHECKOUT_SHA: 0acf94d2f105c45b95e0e0b60def7c6bbfaa832e
2026-10-08T23:25:45.0229989Z   CARGO_HOME: /home/runner/.cargo
2026-10-08T23:25:45.0230126Z ##[endgroup]
2026-10-08T23:25:45.6676492Z ##[group]Cache Configuration
2026-10-08T23:25:45.6681826Z Cache Provider:
2026-10-08T23:25:45.6682000Z     github
2026-10-08T23:25:45.6682121Z Workspaces:
2026-10-08T23:25:45.6682288Z     /home/runner/work/conduit/conduit
2026-10-08T23:25:45.6682455Z Cache Paths:
2026-10-08T23:25:45.6682588Z     /home/runner/.cargo/bin
2026-10-08T23:25:45.6682752Z     /home/runner/.cargo/.crates.toml
2026-10-08T23:25:45.6683051Z     /home/runner/.cargo/.crates2.json
2026-10-08T23:25:45.6683230Z     /home/runner/.cargo/registry
2026-10-08T23:25:45.6683377Z     /home/runner/.cargo/git
2026-10-08T23:25:45.6683524Z     target/debug
2026-10-08T23:25:45.6683647Z     target/release
2026-10-08T23:25:45.6683771Z     target/*-unknown-*
2026-10-08T23:25:45.6683898Z Restore Key:
2026-10-08T23:25:45.6684101Z     conduit-compiler-v1-target-browser-target-Linux-x64-2f443374
2026-10-08T23:25:45.6684320Z Cache Key:
2026-10-08T23:25:45.6684648Z     conduit-compiler-v1-target-browser-target-Linux-x64-2f443374-b8a65865
2026-10-08T23:25:45.6685010Z .. Prefix:
2026-10-08T23:25:45.6685190Z   - conduit-compiler-v1-target-browser-target-Linux-x64
2026-10-08T23:25:45.6685494Z .. Environment considered:
2026-10-08T23:25:45.6685636Z   - Rust Versions:
2026-10-08T23:25:45.6685853Z     - 1.98.1 x86_64-unknown-linux-gnu 48a229ceaefd4985c50990b14116b6d856af0985
2026-10-08T23:25:45.6686155Z     - 1.99.0 x86_64-unknown-linux-gnu b940084d7eb6a299eb4bfeb8e34901bc051e7ac4
2026-10-08T23:25:45.6686369Z   - CARGO_HOME
2026-10-08T23:25:45.6686490Z   - CARGO_INCREMENTAL
2026-10-08T23:25:45.6686623Z   - CARGO_PROFILE_DEV_DEBUG
2026-10-08T23:25:45.6686803Z   - CARGO_PROFILE_TEST_DEBUG
2026-10-08T23:25:45.6686939Z   - CARGO_TERM_COLOR
2026-10-08T23:25:45.6687063Z   - RUSTUP_TOOLCHAIN
2026-10-08T23:25:45.6687198Z .. Lockfiles considered:
2026-10-08T23:25:45.6687374Z   - /home/runner/work/conduit/conduit/.cargo/config.toml
2026-10-08T23:25:45.6687644Z   - /home/runner/work/conduit/conduit/architecture/assigned-plan/Cargo.toml
2026-10-08T23:25:45.6687930Z   - /home/runner/work/conduit/conduit/architecture/body/Cargo.toml
2026-10-08T23:25:45.6688378Z   - /home/runner/work/conduit/conduit/architecture/composite/Cargo.toml
2026-10-08T23:25:45.6688813Z   - /home/runner/work/conduit/conduit/architecture/core/Cargo.toml
2026-10-08T23:25:45.6689071Z   - /home/runner/work/conduit/conduit/architecture/kernel/Cargo.toml
2026-10-08T23:25:45.6689753Z   - /home/runner/work/conduit/conduit/architecture/observatory/Cargo.toml
2026-10-08T23:25:45.6690042Z   - /home/runner/work/conduit/conduit/architecture/plan-lowering/Cargo.toml
2026-10-08T23:25:45.6690502Z   - /home/runner/work/conduit/conduit/architecture/planner/Cargo.toml
2026-10-08T23:25:45.6690768Z   - /home/runner/work/conduit/conduit/architecture/plot/Cargo.toml
2026-10-08T23:25:45.6691044Z   - /home/runner/work/conduit/conduit/architecture/protected-line/Cargo.toml
2026-10-08T23:25:45.6691320Z   - /home/runner/work/conduit/conduit/architecture/wire/Cargo.toml
2026-10-08T23:25:45.6691628Z   - /home/runner/work/conduit/conduit/bodies/pete/Cargo.toml
2026-10-08T23:25:45.6691921Z   - /home/runner/work/conduit/conduit/Cargo.lock
2026-10-08T23:25:45.6692132Z   - /home/runner/work/conduit/conduit/make/body/Cargo.toml
2026-10-08T23:25:45.6692377Z   - /home/runner/work/conduit/conduit/make/embedded-build/Cargo.toml
2026-10-08T23:25:45.6692625Z   - /home/runner/work/conduit/conduit/make/host/Cargo.toml
2026-10-08T23:25:45.6692922Z   - /home/runner/work/conduit/conduit/make/workspace/Cargo.toml
2026-10-08T23:25:45.6693282Z   - /home/runner/work/conduit/conduit/mechanisms/devices/create-oi/Cargo.toml
2026-10-08T23:25:45.6693586Z   - /home/runner/work/conduit/conduit/mechanisms/devices/mpu6050/Cargo.toml
2026-10-08T23:25:45.6693871Z   - /home/runner/work/conduit/conduit/mechanisms/devices/ssd1306/Cargo.toml
2026-10-08T23:25:45.6694184Z   - /home/runner/work/conduit/conduit/mechanisms/implementations/burn-model/Cargo.toml
2026-10-08T23:25:45.6694832Z   - /home/runner/work/conduit/conduit/mechanisms/implementations/emergency-keyword-spotter/Cargo.toml
2026-10-08T23:25:45.6695429Z   - /home/runner/work/conduit/conduit/mechanisms/implementations/linear-framebuffer-make/Cargo.toml
2026-10-08T23:25:45.6695897Z   - /home/runner/work/conduit/conduit/mechanisms/implementations/synth/Cargo.toml
2026-10-08T23:25:45.6696209Z   - /home/runner/work/conduit/conduit/mechanisms/protocols/bluetooth/Cargo.toml
2026-10-08T23:25:45.6696514Z   - /home/runner/work/conduit/conduit/mechanisms/protocols/midi/Cargo.toml
2026-10-08T23:25:45.6696778Z   - /home/runner/work/conduit/conduit/plots/birth/Cargo.toml
2026-10-08T23:25:45.6697058Z   - /home/runner/work/conduit/conduit/plots/little-seismograph/fixture/Cargo.toml
2026-10-08T23:25:45.6697359Z   - /home/runner/work/conduit/conduit/plots/patchbay/application/Cargo.toml
2026-10-08T23:25:45.6697651Z   - /home/runner/work/conduit/conduit/plots/patchbay/Cargo.toml
2026-10-08T23:25:45.6697908Z   - /home/runner/work/conduit/conduit/plots/patchbay/graph/Cargo.toml
2026-10-08T23:25:45.6698420Z   - /home/runner/work/conduit/conduit/plots/patchbay/workbench/host-contract/Cargo.toml
2026-10-08T23:25:45.6698742Z   - /home/runner/work/conduit/conduit/plots/patchbay/workbench/model/Cargo.toml
2026-10-08T23:25:45.6699058Z   - /home/runner/work/conduit/conduit/plots/patchbay/workbench/svg-mask/Cargo.toml
2026-10-08T23:25:45.6699339Z   - /home/runner/work/conduit/conduit/plots/todo/face/Cargo.toml
2026-10-08T23:25:45.6699591Z   - /home/runner/work/conduit/conduit/plots/todo/model/Cargo.toml
2026-10-08T23:25:45.6699831Z   - /home/runner/work/conduit/conduit/plots/tour/Cargo.toml
2026-10-08T23:25:45.6700074Z   - /home/runner/work/conduit/conduit/products/conduit/Cargo.toml
2026-10-08T23:25:45.6700370Z   - /home/runner/work/conduit/conduit/proof/conformance/alife-distributed/Cargo.toml
2026-10-08T23:25:45.6700694Z   - /home/runner/work/conduit/conduit/proof/conformance/body-lifecycle/Cargo.toml
2026-10-08T23:25:45.6701000Z   - /home/runner/work/conduit/conduit/proof/conformance/network-r1/Cargo.toml
2026-10-08T23:25:45.6701315Z   - /home/runner/work/conduit/conduit/proof/conformance/patchbay-workbench/Cargo.toml
2026-10-08T23:25:45.6701636Z   - /home/runner/work/conduit/conduit/proof/conformance/pete-workload/Cargo.toml
2026-10-08T23:25:45.6701933Z   - /home/runner/work/conduit/conduit/proof/conformance/signal/Cargo.toml
2026-10-08T23:25:45.6702256Z   - /home/runner/work/conduit/conduit/proof/fixtures/rp2040-pio-audio-extension/Cargo.toml
2026-10-08T23:25:45.6702655Z   - /home/runner/work/conduit/conduit/rust-toolchain.toml
2026-10-08T23:25:45.6702884Z   - /home/runner/work/conduit/conduit/semantics/ai/Cargo.toml
2026-10-08T23:25:45.6703223Z   - /home/runner/work/conduit/conduit/semantics/alife/Cargo.toml
2026-10-08T23:25:45.6703470Z   - /home/runner/work/conduit/conduit/semantics/audio/Cargo.toml
2026-10-08T23:25:45.6703736Z   - /home/runner/work/conduit/conduit/semantics/body-invitation/Cargo.toml
2026-10-08T23:25:45.6704008Z   - /home/runner/work/conduit/conduit/semantics/catalog/Cargo.toml
2026-10-08T23:25:45.6704254Z   - /home/runner/work/conduit/conduit/semantics/chat/Cargo.toml
2026-10-08T23:25:45.6704495Z   - /home/runner/work/conduit/conduit/semantics/data/Cargo.toml
2026-10-08T23:25:45.6704751Z   - /home/runner/work/conduit/conduit/semantics/education/Cargo.toml
2026-10-08T23:25:45.6705008Z   - /home/runner/work/conduit/conduit/semantics/finance/Cargo.toml
2026-10-08T23:25:45.6705251Z   - /home/runner/work/conduit/conduit/semantics/home/Cargo.toml
2026-10-08T23:25:45.6705496Z   - /home/runner/work/conduit/conduit/semantics/human/Cargo.toml
2026-10-08T23:25:45.6705765Z   - /home/runner/work/conduit/conduit/semantics/language/Cargo.toml
2026-10-08T23:25:45.6706026Z   - /home/runner/work/conduit/conduit/semantics/net/Cargo.toml
2026-10-08T23:25:45.6706362Z   - /home/runner/work/conduit/conduit/semantics/plot-library/Cargo.toml
2026-10-08T23:25:45.6706700Z   - /home/runner/work/conduit/conduit/semantics/presentation/Cargo.toml
2026-10-08T23:25:45.6706962Z   - /home/runner/work/conduit/conduit/semantics/process/Cargo.toml
2026-10-08T23:25:45.6707213Z   - /home/runner/work/conduit/conduit/semantics/purpose/Cargo.toml
2026-10-08T23:25:45.6707466Z   - /home/runner/work/conduit/conduit/semantics/robotics/Cargo.toml
2026-10-08T23:25:45.6707715Z   - /home/runner/work/conduit/conduit/semantics/signal/Cargo.toml
2026-10-08T23:25:45.6707960Z   - /home/runner/work/conduit/conduit/semantics/speech/Cargo.toml
2026-10-08T23:25:45.6708235Z   - /home/runner/work/conduit/conduit/semantics/system-continuity/Cargo.toml
2026-10-08T23:25:45.6708690Z   - /home/runner/work/conduit/conduit/semantics/text/Cargo.toml
2026-10-08T23:25:45.6708935Z   - /home/runner/work/conduit/conduit/semantics/time/Cargo.toml
2026-10-08T23:25:45.6709180Z   - /home/runner/work/conduit/conduit/semantics/tongues/Cargo.toml
2026-10-08T23:25:45.6709431Z   - /home/runner/work/conduit/conduit/semantics/tutorial/Cargo.toml
2026-10-08T23:25:45.6709678Z   - /home/runner/work/conduit/conduit/semantics/web/Cargo.toml
2026-10-08T23:25:45.6709984Z   - /home/runner/work/conduit/conduit/targets/avr/firmware/promicro-host/.cargo/config.toml
2026-10-08T23:25:45.6710345Z   - /home/runner/work/conduit/conduit/targets/avr/firmware/promicro-host/rust-toolchain.toml
2026-10-08T23:25:45.6710649Z   - /home/runner/work/conduit/conduit/targets/avr/make/Cargo.toml
2026-10-08T23:25:45.6710904Z   - /home/runner/work/conduit/conduit/targets/browser/host/Cargo.toml
2026-10-08T23:25:45.6711172Z   - /home/runner/work/conduit/conduit/targets/browser/make/Cargo.toml
2026-10-08T23:25:45.6711452Z   - /home/runner/work/conduit/conduit/targets/browser/mask-offer/Cargo.toml
2026-10-08T23:25:45.6711764Z   - /home/runner/work/conduit/conduit/targets/browser/patchbay-workbench/Cargo.toml
2026-10-08T23:25:45.6712063Z   - /home/runner/work/conduit/conduit/targets/browser/runtime/Cargo.toml
2026-10-08T23:25:45.6712328Z   - /home/runner/work/conduit/conduit/targets/conduitos/Cargo.toml
2026-10-08T23:25:45.6712587Z   - /home/runner/work/conduit/conduit/targets/conduitos/make/Cargo.toml
2026-10-08T23:25:45.6712872Z   - /home/runner/work/conduit/conduit/targets/conduitos/mask-offer/Cargo.toml
2026-10-08T23:25:45.6713192Z   - /home/runner/work/conduit/conduit/targets/esp32/firmware/c3-signal/.cargo/config.toml
2026-10-08T23:25:45.6713531Z   - /home/runner/work/conduit/conduit/targets/esp32/firmware/s3-signal/.cargo/config.toml
2026-10-08T23:25:45.6713879Z   - /home/runner/work/conduit/conduit/targets/esp32/firmware/wroom-signal/.cargo/config.toml
2026-10-08T23:25:45.6714288Z   - /home/runner/work/conduit/conduit/targets/esp32/make/Cargo.toml
2026-10-08T23:25:45.6714550Z   - /home/runner/work/conduit/conduit/targets/orange-pi/make/Cargo.toml
2026-10-08T23:25:45.6714909Z   - /home/runner/work/conduit/conduit/targets/raspberry-pi/make/Cargo.toml
2026-10-08T23:25:45.6715183Z   - /home/runner/work/conduit/conduit/targets/rp2040/make/Cargo.toml
2026-10-08T23:25:45.6715475Z   - /home/runner/work/conduit/conduit/targets/rp2040/network-realization/Cargo.toml
2026-10-08T23:25:45.6715752Z   - /home/runner/work/conduit/conduit/targets/std/Cargo.toml
2026-10-08T23:25:45.6715992Z   - /home/runner/work/conduit/conduit/targets/std/make/Cargo.toml
2026-10-08T23:25:45.6716240Z   - /home/runner/work/conduit/conduit/targets/std/offers/Cargo.toml
2026-10-08T23:25:45.6716521Z   - /home/runner/work/conduit/conduit/targets/std/patchbay-workbench/Cargo.toml
2026-10-08T23:25:45.6716808Z   - /home/runner/work/conduit/conduit/tools/xtask-dispatch/Cargo.toml
2026-10-08T23:25:45.6717067Z   - /home/runner/work/conduit/conduit/tools/xtask/Cargo.toml
2026-10-08T23:25:45.6717390Z ##[endgroup]
2026-10-08T23:25:45.6717468Z 
2026-10-08T23:25:45.6717536Z ... Restoring cache ...
2026-10-08T23:25:45.8389030Z No cache found.
2026-10-08T23:25:45.8480303Z ##[group]Run cargo xtask ci pipeline acquisition-key "$TARGET"
2026-10-08T23:25:45.8480573Z [36;1mcargo xtask ci pipeline acquisition-key "$TARGET"[0m
2026-10-08T23:25:45.8538248Z shell: /usr/bin/bash --noprofile --norc -e -o pipefail {0}
2026-10-08T23:25:45.8538595Z env:
2026-10-08T23:25:45.8538714Z   CARGO_TERM_COLOR: always
2026-10-08T23:25:45.8538847Z   CARGO_INCREMENTAL: 0
2026-10-08T23:25:45.8538975Z   CARGO_PROFILE_DEV_DEBUG: 0
2026-10-08T23:25:45.8539117Z   CARGO_PROFILE_TEST_DEBUG: 0
2026-10-08T23:25:45.8539253Z   RUSTUP_TOOLCHAIN: 1.98.1
2026-10-08T23:25:45.8539427Z   CONDUIT_CHECKOUT_SHA: 0acf94d2f105c45b95e0e0b60def7c6bbfaa832e
2026-10-08T23:25:45.8539629Z   CARGO_HOME: /home/runner/.cargo
2026-10-08T23:25:45.8539781Z   CACHE_ON_FAILURE: false
2026-10-08T23:25:45.8539906Z   TARGET: browser
2026-10-08T23:25:45.8540020Z ##[endgroup]
2026-10-08T23:25:45.9122829Z [1m[92m    Updating[0m crates.io index
2026-10-08T23:25:45.9129283Z [1m[92m    Updating[0m git repository `https://github.com/dancxjo/tongues.git`
2026-10-08T23:25:52.8906701Z [1m[92m Downloading[0m crates ...
2026-10-08T23:25:55.1557853Z [1m[92m  Downloaded[0m crypto-common v0.1.7
2026-10-08T23:25:55.1573883Z [1m[92m  Downloaded[0m cfg-if v1.0.5
2026-10-08T23:25:55.1602992Z [1m[92m  Downloaded[0m cpufeatures v0.2.17
2026-10-08T23:25:55.1666361Z [1m[92m  Downloaded[0m block-buffer v0.10.4
2026-10-08T23:25:55.1676369Z [1m[92m  Downloaded[0m cobs v0.3.0
2026-10-08T23:25:55.1733843Z [1m[92m  Downloaded[0m toml v0.8.23
2026-10-08T23:25:55.1839267Z [1m[92m  Downloaded[0m equivalent v1.0.2
2026-10-08T23:25:55.1950227Z [1m[92m  Downloaded[0m serde_json v1.0.151
2026-10-08T23:25:55.2008448Z [1m[92m  Downloaded[0m toml_datetime v0.6.11
2026-10-08T23:25:55.2018134Z [1m[92m  Downloaded[0m itoa v1.0.18
2026-10-08T23:25:55.2069593Z [1m[92m  Downloaded[0m version_check v0.9.5
2026-10-08T23:25:55.2093200Z [1m[92m  Downloaded[0m generic-array v0.14.7
2026-10-08T23:25:55.2103685Z [1m[92m  Downloaded[0m serde_spanned v0.6.9
2026-10-08T23:25:55.2165607Z [1m[92m  Downloaded[0m embedded-io v0.6.1
2026-10-08T23:25:55.2178951Z [1m[92m  Downloaded[0m toml_write v0.1.2
2026-10-08T23:25:55.2190654Z [1m[92m  Downloaded[0m digest v0.10.7
2026-10-08T23:25:55.2207513Z [1m[92m  Downloaded[0m thiserror-impl v2.0.20
2026-10-08T23:25:55.2217966Z [1m[92m  Downloaded[0m thiserror v2.0.20
2026-10-08T23:25:55.2278175Z [1m[92m  Downloaded[0m sha2 v0.10.9
2026-10-08T23:25:55.2300617Z [1m[92m  Downloaded[0m zmij v1.0.23
2026-10-08T23:25:55.2316068Z [1m[92m  Downloaded[0m quote v1.0.47
2026-10-08T23:25:55.2338165Z [1m[92m  Downloaded[0m unicode-ident v1.0.26
2026-10-08T23:25:55.2358786Z [1m[92m  Downloaded[0m embedded-io v0.4.0
2026-10-08T23:25:55.2371142Z [1m[92m  Downloaded[0m minicbor v2.3.0
2026-10-08T23:25:55.2389841Z [1m[92m  Downloaded[0m proc-macro2 v1.0.107
2026-10-08T23:25:55.2421164Z [1m[92m  Downloaded[0m postcard v1.1.3
2026-10-08T23:25:55.2439816Z [1m[92m  Downloaded[0m serde_core v1.0.229
2026-10-08T23:25:55.2460459Z [1m[92m  Downloaded[0m serde_derive v1.0.229
2026-10-08T23:25:55.2482639Z [1m[92m  Downloaded[0m serde v1.0.229
2026-10-08T23:25:55.2513948Z [1m[92m  Downloaded[0m toml_edit v0.22.27
2026-10-08T23:25:55.2546487Z [1m[92m  Downloaded[0m typenum v1.20.1
2026-10-08T23:25:55.2571665Z [1m[92m  Downloaded[0m memchr v2.8.3
2026-10-08T23:25:55.2611645Z [1m[92m  Downloaded[0m indexmap v2.14.2
2026-10-08T23:25:55.2642222Z [1m[92m  Downloaded[0m libm v0.2.16
2026-10-08T23:25:55.2724107Z [1m[92m  Downloaded[0m hashbrown v0.17.1
2026-10-08T23:25:55.2762220Z [1m[92m  Downloaded[0m winnow v0.7.15
2026-10-08T23:25:55.2833811Z [1m[92m  Downloaded[0m syn v3.0.6
2026-10-08T23:25:55.3447692Z [1m[92m   Compiling[0m proc-macro2 v1.0.107
2026-10-08T23:25:55.3448141Z [1m[92m   Compiling[0m unicode-ident v1.0.26
2026-10-08T23:25:55.3448884Z [1m[92m   Compiling[0m quote v1.0.47
2026-10-08T23:25:55.3449367Z [1m[92m   Compiling[0m version_check v0.9.5
2026-10-08T23:25:55.3931272Z [1m[92m   Compiling[0m typenum v1.20.1
2026-10-08T23:25:55.4779958Z [1m[92m   Compiling[0m cfg-if v1.0.5
2026-10-08T23:25:55.4954149Z [1m[92m   Compiling[0m generic-array v0.14.7
2026-10-08T23:25:55.5021121Z [1m[92m   Compiling[0m cpufeatures v0.2.17
2026-10-08T23:25:55.5337664Z [1m[92m   Compiling[0m libm v0.2.16
2026-10-08T23:25:55.5790427Z [1m[92m   Compiling[0m serde_core v1.0.229
2026-10-08T23:25:55.7197077Z [1m[92m   Compiling[0m serde v1.0.229
2026-10-08T23:25:55.9689932Z [1m[92m   Compiling[0m syn v3.0.6
2026-10-08T23:25:56.1680050Z [1m[92m   Compiling[0m block-buffer v0.10.4
2026-10-08T23:25:56.2200262Z [1m[92m   Compiling[0m crypto-common v0.1.7
2026-10-08T23:25:56.2586706Z [1m[92m   Compiling[0m digest v0.10.7
2026-10-08T23:25:56.3324079Z [1m[92m   Compiling[0m sha2 v0.10.9
2026-10-08T23:25:57.0050225Z [1m[92m   Compiling[0m thiserror v2.0.20
2026-10-08T23:25:57.1787606Z [1m[92m   Compiling[0m zmij v1.0.23
2026-10-08T23:25:57.2120944Z [1m[92m   Compiling[0m serde_json v1.0.151
2026-10-08T23:25:57.2906860Z [1m[92m   Compiling[0m itoa v1.0.18
2026-10-08T23:25:57.3633594Z [1m[92m   Compiling[0m memchr v2.8.3
2026-10-08T23:25:57.4668669Z [1m[92m   Compiling[0m minicbor v2.3.0
2026-10-08T23:25:57.4930009Z [1m[92m   Compiling[0m serde_derive v1.0.229
2026-10-08T23:25:57.7533310Z [1m[92m   Compiling[0m thiserror-impl v2.0.20
2026-10-08T23:25:57.9960053Z [1m[92m   Compiling[0m hashbrown v0.17.1
2026-10-08T23:25:58.3640299Z [1m[92m   Compiling[0m equivalent v1.0.2
2026-10-08T23:25:58.3940048Z [1m[92m   Compiling[0m indexmap v2.14.2
2026-10-08T23:25:58.5020150Z [1m[92m   Compiling[0m cobs v0.3.0
2026-10-08T23:25:58.5689734Z [1m[92m   Compiling[0m toml_write v0.1.2
2026-10-08T23:25:58.6119917Z [1m[92m   Compiling[0m winnow v0.7.15
2026-10-08T23:25:59.1720643Z [1m[92m   Compiling[0m conduit-assigned-plan v0.1.0 (/home/runner/work/conduit/conduit/architecture/assigned-plan)
2026-10-08T23:25:59.2196964Z [1m[92m   Compiling[0m postcard v1.1.3
2026-10-08T23:25:59.3350277Z [1m[92m   Compiling[0m conduit-core v0.1.0 (/home/runner/work/conduit/conduit/architecture/core)
2026-10-08T23:25:59.4029936Z [1m[92m   Compiling[0m toml_datetime v0.6.11
2026-10-08T23:25:59.5230022Z [1m[92m   Compiling[0m serde_spanned v0.6.9
2026-10-08T23:25:59.5671074Z [1m[92m   Compiling[0m toml_edit v0.22.27
2026-10-08T23:26:00.5989970Z [1m[92m   Compiling[0m toml v0.8.23
2026-10-08T23:26:04.7135928Z [1m[92m   Compiling[0m conduit-plot v0.1.0 (/home/runner/work/conduit/conduit/architecture/plot)
2026-10-08T23:26:04.7142503Z [1m[92m   Compiling[0m conduit-body v0.1.0 (/home/runner/work/conduit/conduit/architecture/body)
2026-10-08T23:26:10.0941420Z [1m[92m   Compiling[0m conduit-time v0.1.0 (/home/runner/work/conduit/conduit/semantics/time)
2026-10-08T23:26:10.0942160Z [1m[92m   Compiling[0m conduit-human v0.1.0 (/home/runner/work/conduit/conduit/semantics/human)
2026-10-08T23:26:10.0942859Z [1m[92m   Compiling[0m conduit-audio v0.1.0 (/home/runner/work/conduit/conduit/semantics/audio)
2026-10-08T23:26:14.6480715Z [1m[92m   Compiling[0m conduit-data v0.1.0 (/home/runner/work/conduit/conduit/semantics/data)
2026-10-08T23:26:14.8760167Z [1m[92m   Compiling[0m conduit-presentation v0.1.0 (/home/runner/work/conduit/conduit/semantics/presentation)
2026-10-08T23:26:16.0930205Z [1m[92m   Compiling[0m conduit-alife v0.1.0 (/home/runner/work/conduit/conduit/semantics/alife)
2026-10-08T23:26:16.3490746Z [1m[92m   Compiling[0m conduit-robotics v0.1.0 (/home/runner/work/conduit/conduit/semantics/robotics)
2026-10-08T23:26:16.5880235Z [1m[92m   Compiling[0m conduit-process v0.1.0 (/home/runner/work/conduit/conduit/semantics/process)
2026-10-08T23:26:17.9679997Z [1m[92m   Compiling[0m conduit-web v0.1.0 (/home/runner/work/conduit/conduit/semantics/web)
2026-10-08T23:26:18.1800376Z [1m[92m   Compiling[0m conduit-net v0.1.0 (/home/runner/work/conduit/conduit/semantics/net)
2026-10-08T23:26:18.3521050Z [1m[92m   Compiling[0m conduit-purpose v0.1.0 (/home/runner/work/conduit/conduit/semantics/purpose)
2026-10-08T23:26:18.5329993Z [1m[92m   Compiling[0m conduit-text v0.1.0 (/home/runner/work/conduit/conduit/semantics/text)
2026-10-08T23:26:20.2790177Z [1m[92m   Compiling[0m conduit-education v0.1.0 (/home/runner/work/conduit/conduit/semantics/education)
2026-10-08T23:26:21.2860187Z [1m[92m   Compiling[0m conduit-midi v0.1.0 (/home/runner/work/conduit/conduit/mechanisms/protocols/midi)
2026-10-08T23:26:22.0050375Z [1m[92m   Compiling[0m conduit-semantic-catalog v0.1.0 (/home/runner/work/conduit/conduit/semantics/catalog)
2026-10-08T23:26:23.1721648Z [1m[92m   Compiling[0m conduit-host-make v0.1.0 (/home/runner/work/conduit/conduit/make/host)
2026-10-08T23:26:24.7414454Z [1m[92m   Compiling[0m conduit-xtask-dispatch v0.1.0 (/home/runner/work/conduit/conduit/tools/xtask-dispatch)
2026-10-08T23:26:25.1752728Z [1m[92m    Finished[0m `dev` profile [unoptimized] target(s) in 39.30s
2026-10-08T23:26:25.2589974Z [1m[92m     Running[0m `target/debug/conduit-xtask-dispatch ci pipeline acquisition-key browser`
2026-10-08T23:26:25.3060480Z {"target":"browser","key":"conduit-acquisition-v1-linux-x64-ubuntu24-20261004.327.1-browser-80f661acefe91207edd1a22248d9fb65d0780377797856de876fafe2abef152d","specificationKey":"80f661acefe91207edd1a22248d9fb65d0780377797856de876fafe2abef152d","runnerImage":{"os":"ubuntu24","version":"20261004.327.1"},"paths":["/home/runner/.cache/conduit-ci","/home/runner/.cache/ms-playwright","/home/runner/.npm"],"cacheable":true}
2026-10-08T23:26:25.3149838Z ##[group]Run actions/cache/restore@v6.1.0
2026-10-08T23:26:25.3150118Z with:
2026-10-08T23:26:25.3150452Z   path: /home/runner/.cache/conduit-ci
/home/runner/.cache/ms-playwright
/home/runner/.npm
2026-10-08T23:26:25.3151236Z   key: conduit-acquisition-v1-linux-x64-ubuntu24-20261004.327.1-browser-80f661acefe91207edd1a22248d9fb65d0780377797856de876fafe2abef152d
2026-10-08T23:26:25.3151874Z   enableCrossOsArchive: false
2026-10-08T23:26:25.3152100Z   fail-on-cache-miss: false
2026-10-08T23:26:25.3152309Z   lookup-only: false
2026-10-08T23:26:25.3152497Z env:
2026-10-08T23:26:25.3152667Z   CARGO_TERM_COLOR: always
2026-10-08T23:26:25.3152872Z   CARGO_INCREMENTAL: 0
2026-10-08T23:26:25.3153071Z   CARGO_PROFILE_DEV_DEBUG: 0
2026-10-08T23:26:25.3153287Z   CARGO_PROFILE_TEST_DEBUG: 0
2026-10-08T23:26:25.3153494Z   RUSTUP_TOOLCHAIN: 1.98.1
2026-10-08T23:26:25.3153791Z   CONDUIT_CHECKOUT_SHA: 0acf94d2f105c45b95e0e0b60def7c6bbfaa832e
2026-10-08T23:26:25.3154145Z   CARGO_HOME: /home/runner/.cargo
2026-10-08T23:26:25.3154361Z   CACHE_ON_FAILURE: false
2026-10-08T23:26:25.3154556Z ##[endgroup]
2026-10-08T23:26:25.5541791Z Cache not found for input keys: conduit-acquisition-v1-linux-x64-ubuntu24-20261004.327.1-browser-80f661acefe91207edd1a22248d9fb65d0780377797856de876fafe2abef152d
2026-10-08T23:26:25.5614328Z ##[group]Run cargo xtask ci pipeline setup "$TARGET"
2026-10-08T23:26:25.5614554Z [36;1mcargo xtask ci pipeline setup "$TARGET"[0m
2026-10-08T23:26:25.5666196Z shell: /usr/bin/bash --noprofile --norc -e -o pipefail {0}
2026-10-08T23:26:25.5666380Z env:
2026-10-08T23:26:25.5666492Z   CARGO_TERM_COLOR: always
2026-10-08T23:26:25.5666620Z   CARGO_INCREMENTAL: 0
2026-10-08T23:26:25.5666745Z   CARGO_PROFILE_DEV_DEBUG: 0
2026-10-08T23:26:25.5666882Z   CARGO_PROFILE_TEST_DEBUG: 0
2026-10-08T23:26:25.5667016Z   RUSTUP_TOOLCHAIN: 1.98.1
2026-10-08T23:26:25.5667188Z   CONDUIT_CHECKOUT_SHA: 0acf94d2f105c45b95e0e0b60def7c6bbfaa832e
2026-10-08T23:26:25.5667387Z   CARGO_HOME: /home/runner/.cargo
2026-10-08T23:26:25.5667524Z   CACHE_ON_FAILURE: false
2026-10-08T23:26:25.5667644Z   TARGET: browser
2026-10-08T23:26:25.5669162Z   GITHUB_TOKEN: ***
2026-10-08T23:26:25.5669292Z ##[endgroup]
2026-10-08T23:26:25.7223082Z [1m[92m    Finished[0m `dev` profile [unoptimized] target(s) in 0.14s
2026-10-08T23:26:25.7266118Z [1m[92m     Running[0m `target/debug/conduit-xtask-dispatch ci pipeline setup browser`
2026-10-08T23:26:25.7859025Z > npm ci --prefix proof/browser
2026-10-08T23:26:26.6857060Z 
2026-10-08T23:26:26.6857400Z added 5 packages, and audited 6 packages in 865ms
2026-10-08T23:26:26.6862184Z 
2026-10-08T23:26:26.6862278Z found 0 vulnerabilities
2026-10-08T23:26:59.8745611Z {"schema":"conduit.ci/apt-acquisition@1","requested":["build-essential","cmake","fonts-freefont-ttf","fonts-ipafont-gothic","fonts-tlwg-loma-otf","fonts-unifont","fonts-wqy-zenhei","libasound2-dev","libclang-dev","libssl-dev","libudev-dev","pkg-config","xfonts-cyrillic","xfonts-encodings","xfonts-scalable","xfonts-utils"],"repositoryScope":{"policy":"ubuntu-build-prerequisites@1","resolution":"no-removal-no-version-downgrade@1","os":"PRETTY_NAME=\"Ubuntu 24.04.5 LTS\"\nNAME=\"Ubuntu\"\nVERSION_ID=\"24.04\"\nVERSION=\"24.04.5 LTS (Noble Numbat)\"\nVERSION_CODENAME=noble\nID=ubuntu\nID_LIKE=debian\nHOME_URL=\"https://www.ubuntu.com/\"\nSUPPORT_URL=\"https://help.ubuntu.com/\"\nBUG_REPORT_URL=\"https://bugs.launchpad.net/ubuntu/\"\nPRIVACY_POLICY_URL=\"https://www.ubuntu.com/legal/terms-and-policies/privacy-policy\"\nUBUNTU_CODENAME=noble\nLOGO=ubuntu-logo\n","suite":"noble","source":"Types: deb\nURIs: https://archive.ubuntu.com/ubuntu\nSuites: noble noble-updates\nComponents: main restricted universe multiverse\nArchitectures: amd64\nSigned-By: /usr/share/keyrings/ubuntu-archive-keyring.gpg\n\nTypes: deb\nURIs: https://security.ubuntu.com/ubuntu\nSuites: noble-security\nComponents: main restricted universe multiverse\nArchitectures: amd64\nSigned-By: /usr/share/keyrings/ubuntu-archive-keyring.gpg\n","signingKeySha256":"80a36b0a6de2f69f49d2df75ef473ccde121e9e190b9ea01d20a4f63778d5c31"},"cache":"miss","downloadedPackages":18,"downloadedBytes":63579326,"installedVersions":{"build-essential":"12.10ubuntu1","cmake":"3.28.3-1build7","fonts-freefont-ttf":"20211204+svn4273-2","fonts-ipafont-gothic":"00303-21ubuntu1","fonts-tlwg-loma-otf":"1:0.7.3-1","fonts-unifont":"1:15.1.01-1build1","fonts-wqy-zenhei":"0.9.45-8","libasound2-dev":"1.2.11-1ubuntu0.3","libclang-dev":"1:18.0-59~exp2","libssl-dev":"3.0.13-0ubuntu3.16","libudev-dev":"255.4-1ubuntu8.17","pkg-config":"1.8.1-2build1","xfonts-cyrillic":"1:1.0.5+nmu1","xfonts-encodings":"1:1.0.5-0ubuntu2","xfonts-scalable":"1:1.0.3-1.3","xfonts-utils":"1:7.7+6build3"},"durationMs":29487,"resolutionKey":"62c66aeed4056e169d6506fffa6a0e5708af424b8cb25b5c1d9d7a31f9f761b2","resolvedPackages":[{"name":"build-essential","version":"12.10ubuntu1","architecture":"amd64","sha256":"9b2159b95a4c01937309783c7c8a6ec8dfbcb7ffd604951c9713ac52ee9c7268","bytes":4928},{"name":"cmake-data","version":"3.28.3-1build7","architecture":"all","sha256":"20a3b644211ce82f35c24f1f5052199adeb0ac159978a8740fd6c0959611557f","bytes":2154936},{"name":"cmake","version":"3.28.3-1build7","architecture":"amd64","sha256":"4b0a7f8c0daf27b26b46997d994ae5d1ee7a3d11dfcda9f7627bb1462c162295","bytes":11190006},{"name":"fonts-freefont-ttf","version":"20211204+svn4273-2","architecture":"all","sha256":"c8283ec9ca390e6ad8d2114cb0942182db62bb97f5142c2f955218fc5f2027b4","bytes":5640794},{"name":"fonts-ipafont-gothic","version":"00303-21ubuntu1","architecture":"all","sha256":"71e63f0f88cca672fbb24ed27873d799d8c37233f001aa0bbcdc2f303b1b98a2","bytes":3513360},{"name":"fonts-tlwg-loma-otf","version":"1:0.7.3-1","architecture":"all","sha256":"888038637a15d11993e3a9ddd50f6391a704918b2e38fe75b2f4d74b4fcfda9a","bytes":106786},{"name":"fonts-unifont","version":"1:15.1.01-1build1","architecture":"all","sha256":"56c9d46ce8223fa29c28eaeb99cabfc3a3159d3eec58f0bbbea839953f4cf363","bytes":2993066},{"name":"fonts-wqy-zenhei","version":"0.9.45-8","architecture":"all","sha256":"496969d65dc5664a3291e678d5cbef6815dc308ee5bf37b656c00af2cb490410","bytes":7471624},{"name":"libasound2-dev","version":"1.2.11-1ubuntu0.3","architecture":"amd64","sha256":"b83795b1ba0e40cfa8363359fd17a06260838d8ae0f315531771a62f7c7e215a","bytes":115386},{"name":"libclang-18-dev","version":"1:18.1.3-1ubuntu1","architecture":"amd64","sha256":"c7575822ec648defe1b04d83a1d6b7779fc26da548c2453acfa120e26d47ed53","bytes":28788538},{"name":"libclang-dev","version":"1:18.0-59~exp2","architecture":"amd64","sha256":"4089fd3e1ee1245b0d17a6da51fd9ea42910bff8e630b72ac3348e5f04b3ee7c","bytes":5424},{"name":"libjsoncpp25","version":"1.9.5-6build1","architecture":"amd64","sha256":"8efea5b75952f3ad1c40e6b5b31de687c297ea29f87f8b63efebb55e13467211","bytes":82754},{"name":"librhash0","version":"1.4.3-3build1","architecture":"amd64","sha256":"e9ee69963ff1a56378b9c5ffdd21ea0feaec9647c522349b7612b25103490528","bytes":128748},{"name":"libudev-dev","version":"255.4-1ubuntu8.17","architecture":"amd64","sha256":"e3fde14b59c81d0ef3b9caa7c627d09b5925a915b280919616cc5909096f7519","bytes":22016},{"name":"xfonts-cyrillic","version":"1:1.0.5+nmu1","architecture":"all","sha256":"d4a63d4da9f6d58467ccaa22b7b26c009ab46b07f0b1be2138d3bb037e74d2cb","bytes":384312},{"name":"xfonts-encodings","version":"1:1.0.5-0ubuntu2","architecture":"all","sha256":"3bac5ff1cba3b001aee1652e3af45d200c415b68e9b27932cb51fe9c464feb40","bytes":578092},{"name":"xfonts-scalable","version":"1:1.0.3-1.3","architecture":"all","sha256":"517f73a4f6e37332addffe6ff1795d5371f2f9c0863781efc31c4613f69993de","bytes":304118},{"name":"xfonts-utils","version":"1:7.7+6build3","architecture":"amd64","sha256":"8da5fccbc50005d50dd69ef558ae72673435026e1d3134d0c1cc836d22953c44","bytes":94438}]}
2026-10-08T23:26:59.8911827Z > rustup target list --installed --toolchain 1.98.1-x86_64-unknown-linux-gnu
2026-10-08T23:26:59.9068013Z > rustup target add --toolchain 1.98.1-x86_64-unknown-linux-gnu wasm32-unknown-unknown
2026-10-08T23:26:59.9332120Z info: downloading component rust-std
2026-10-08T23:27:01.7772142Z > rustup target list --installed --toolchain 1.98.1-x86_64-unknown-linux-gnu
2026-10-08T23:27:01.7936988Z > node proof/browser/node_modules/@playwright/test/cli.js install chromium
2026-10-08T23:27:02.0899533Z Downloading Chrome for Testing 151.0.7922.34 (playwright chromium v1234) from https://cdn.playwright.dev/builds/cft/151.0.7922.34/linux64/chrome-linux64.zip
2026-10-08T23:27:03.0251399Z |                                                                                |   0% of 184.3 MiB
2026-10-08T23:27:03.2557839Z |■■■■■■■■                                                                        |  10% of 184.3 MiB
2026-10-08T23:27:03.3110853Z |■■■■■■■■■■■■■■■■                                                                |  20% of 184.3 MiB
2026-10-08T23:27:03.3753513Z |■■■■■■■■■■■■■■■■■■■■■■■■                                                        |  30% of 184.3 MiB
2026-10-08T23:27:03.4396313Z |■■■■■■■■■■■■■■■■■■■■■■■■■■■■■■■■                                                |  40% of 184.3 MiB
2026-10-08T23:27:03.5058661Z |■■■■■■■■■■■■■■■■■■■■■■■■■■■■■■■■■■■■■■■■                                        |  50% of 184.3 MiB
2026-10-08T23:27:03.5860490Z |■■■■■■■■■■■■■■■■■■■■■■■■■■■■■■■■■■■■■■■■■■■■■■■■                                |  60% of 184.3 MiB
2026-10-08T23:27:03.6556172Z |■■■■■■■■■■■■■■■■■■■■■■■■■■■■■■■■■■■■■■■■■■■■■■■■■■■■■■■■                        |  70% of 184.3 MiB
2026-10-08T23:27:03.7247476Z |■■■■■■■■■■■■■■■■■■■■■■■■■■■■■■■■■■■■■■■■■■■■■■■■■■■■■■■■■■■■■■■■                |  80% of 184.3 MiB
2026-10-08T23:27:03.7949082Z |■■■■■■■■■■■■■■■■■■■■■■■■■■■■■■■■■■■■■■■■■■■■■■■■■■■■■■■■■■■■■■■■■■■■■■■■        |  90% of 184.3 MiB
2026-10-08T23:27:03.8715655Z |■■■■■■■■■■■■■■■■■■■■■■■■■■■■■■■■■■■■■■■■■■■■■■■■■■■■■■■■■■■■■■■■■■■■■■■■■■■■■■■■| 100% of 184.3 MiB
2026-10-08T23:27:05.6169835Z Chrome for Testing 151.0.7922.34 (playwright chromium v1234) downloaded to /home/runner/.cache/ms-playwright/chromium-1234
2026-10-08T23:27:05.6171719Z Downloading FFmpeg (playwright ffmpeg v1011) from https://cdn.playwright.dev/dbazure/download/playwright/builds/ffmpeg/1011/ffmpeg-linux.zip
2026-10-08T23:27:06.4834746Z |                                                                                |   0% of 2.3 MiB
2026-10-08T23:27:06.5079861Z |■■■■■■■■                                                                        |  10% of 2.3 MiB
2026-10-08T23:27:06.5217434Z |■■■■■■■■■■■■■■■■                                                                |  20% of 2.3 MiB
2026-10-08T23:27:06.5326898Z |■■■■■■■■■■■■■■■■■■■■■■■■                                                        |  30% of 2.3 MiB
2026-10-08T23:27:06.5400773Z |■■■■■■■■■■■■■■■■■■■■■■■■■■■■■■■■                                                |  40% of 2.3 MiB
2026-10-08T23:27:06.5483694Z |■■■■■■■■■■■■■■■■■■■■■■■■■■■■■■■■■■■■■■■■                                        |  50% of 2.3 MiB
2026-10-08T23:27:06.5513044Z |■■■■■■■■■■■■■■■■■■■■■■■■■■■■■■■■■■■■■■■■■■■■■■■■                                |  60% of 2.3 MiB
2026-10-08T23:27:06.5539543Z |■■■■■■■■■■■■■■■■■■■■■■■■■■■■■■■■■■■■■■■■■■■■■■■■■■■■■■■■                        |  70% of 2.3 MiB
2026-10-08T23:27:06.5602804Z |■■■■■■■■■■■■■■■■■■■■■■■■■■■■■■■■■■■■■■■■■■■■■■■■■■■■■■■■■■■■■■■■                |  80% of 2.3 MiB
2026-10-08T23:27:06.5628951Z |■■■■■■■■■■■■■■■■■■■■■■■■■■■■■■■■■■■■■■■■■■■■■■■■■■■■■■■■■■■■■■■■■■■■■■■■        |  90% of 2.3 MiB
2026-10-08T23:27:06.5648642Z |■■■■■■■■■■■■■■■■■■■■■■■■■■■■■■■■■■■■■■■■■■■■■■■■■■■■■■■■■■■■■■■■■■■■■■■■■■■■■■■■| 100% of 2.3 MiB
2026-10-08T23:27:06.5997439Z FFmpeg (playwright ffmpeg v1011) downloaded to /home/runner/.cache/ms-playwright/ffmpeg-1011
2026-10-08T23:27:06.5999702Z Downloading Chrome Headless Shell 151.0.7922.34 (playwright chromium-headless-shell v1234) from https://cdn.playwright.dev/builds/cft/151.0.7922.34/linux64/chrome-headless-shell-linux64.zip
2026-10-08T23:27:07.4713372Z |                                                                                |   0% of 114.7 MiB
2026-10-08T23:27:07.6191873Z |■■■■■■■■                                                                        |  10% of 114.7 MiB
2026-10-08T23:27:07.6727149Z |■■■■■■■■■■■■■■■■                                                                |  20% of 114.7 MiB
2026-10-08T23:27:07.7248405Z |■■■■■■■■■■■■■■■■■■■■■■■■                                                        |  30% of 114.7 MiB
2026-10-08T23:27:07.7769475Z |■■■■■■■■■■■■■■■■■■■■■■■■■■■■■■■■                                                |  40% of 114.7 MiB
2026-10-08T23:27:07.8337695Z |■■■■■■■■■■■■■■■■■■■■■■■■■■■■■■■■■■■■■■■■                                        |  50% of 114.7 MiB
2026-10-08T23:27:07.8809665Z |■■■■■■■■■■■■■■■■■■■■■■■■■■■■■■■■■■■■■■■■■■■■■■■■                                |  60% of 114.7 MiB
2026-10-08T23:27:07.9364506Z |■■■■■■■■■■■■■■■■■■■■■■■■■■■■■■■■■■■■■■■■■■■■■■■■■■■■■■■■                        |  70% of 114.7 MiB
2026-10-08T23:27:07.9902514Z |■■■■■■■■■■■■■■■■■■■■■■■■■■■■■■■■■■■■■■■■■■■■■■■■■■■■■■■■■■■■■■■■                |  80% of 114.7 MiB
2026-10-08T23:27:08.0431501Z |■■■■■■■■■■■■■■■■■■■■■■■■■■■■■■■■■■■■■■■■■■■■■■■■■■■■■■■■■■■■■■■■■■■■■■■■        |  90% of 114.7 MiB
2026-10-08T23:27:08.0969504Z |■■■■■■■■■■■■■■■■■■■■■■■■■■■■■■■■■■■■■■■■■■■■■■■■■■■■■■■■■■■■■■■■■■■■■■■■■■■■■■■■| 100% of 114.7 MiB
2026-10-08T23:27:09.3928147Z Chrome Headless Shell 151.0.7922.34 (playwright chromium-headless-shell v1234) downloaded to /home/runner/.cache/ms-playwright/chromium_headless_shell-1234
2026-10-08T23:27:09.5639844Z > /home/runner/.cache/ms-playwright/chromium-1234/chrome-linux64/chrome --version
2026-10-08T23:27:09.8019890Z > /home/runner/.cache/ms-playwright/chromium_headless_shell-1234/chrome-headless-shell-linux64/chrome-headless-shell --version
2026-10-08T23:27:09.9147139Z > /home/runner/.cache/ms-playwright/ffmpeg-1011/ffmpeg-linux -version
2026-10-08T23:27:09.9201385Z Acquisition browser: success in 44153 ms; report target/acquisition/browser.json
2026-10-08T23:27:09.9347961Z ##[group]Run actions/cache/save@v6.1.0
2026-10-08T23:27:09.9348123Z with:
2026-10-08T23:27:09.9348512Z   path: /home/runner/.cache/conduit-ci
/home/runner/.cache/ms-playwright
/home/runner/.npm
2026-10-08T23:27:09.9348995Z   key: conduit-acquisition-v1-linux-x64-ubuntu24-20261004.327.1-browser-80f661acefe91207edd1a22248d9fb65d0780377797856de876fafe2abef152d
2026-10-08T23:27:09.9349411Z   enableCrossOsArchive: false
2026-10-08T23:27:09.9349545Z env:
2026-10-08T23:27:09.9349655Z   CARGO_TERM_COLOR: always
2026-10-08T23:27:09.9349785Z   CARGO_INCREMENTAL: 0
2026-10-08T23:27:09.9349910Z   CARGO_PROFILE_DEV_DEBUG: 0
2026-10-08T23:27:09.9350042Z   CARGO_PROFILE_TEST_DEBUG: 0
2026-10-08T23:27:09.9350178Z   RUSTUP_TOOLCHAIN: 1.98.1
2026-10-08T23:27:09.9350350Z   CONDUIT_CHECKOUT_SHA: 0acf94d2f105c45b95e0e0b60def7c6bbfaa832e
2026-10-08T23:27:09.9350547Z   CARGO_HOME: /home/runner/.cargo
2026-10-08T23:27:09.9350685Z   CACHE_ON_FAILURE: false
2026-10-08T23:27:09.9350809Z ##[endgroup]
2026-10-08T23:27:10.0150695Z [command]/usr/bin/tar --posix -cf cache.tzst --exclude cache.tzst -P -C /home/runner/work/conduit/conduit --files-from manifest.txt --use-compress-program zstdmt
2026-10-08T23:27:12.3538131Z Sent 14690161 of 350234481 (4.2%), 14.0 MBs/sec
2026-10-08T23:27:13.0800415Z Sent 350234481 of 350234481 (100.0%), 193.3 MBs/sec
2026-10-08T23:27:13.3179083Z Cache saved with key: conduit-acquisition-v1-linux-x64-ubuntu24-20261004.327.1-browser-80f661acefe91207edd1a22248d9fb65d0780377797856de876fafe2abef152d
2026-10-08T23:27:13.3276363Z ##[group]Run actions/upload-artifact@v7.0.1
2026-10-08T23:27:13.3276539Z with:
2026-10-08T23:27:13.3276663Z   name: acquisition-browser
2026-10-08T23:27:13.3276817Z   path: target/acquisition/browser.json
2026-10-08T23:27:13.3276984Z   if-no-files-found: warn
2026-10-08T23:27:13.3277121Z   retention-days: 14
2026-10-08T23:27:13.3277249Z   compression-level: 6
2026-10-08T23:27:13.3277377Z   overwrite: false
2026-10-08T23:27:13.3277506Z   include-hidden-files: false
2026-10-08T23:27:13.3277650Z   archive: true
2026-10-08T23:27:13.3277764Z env:
2026-10-08T23:27:13.3277878Z   CARGO_TERM_COLOR: always
2026-10-08T23:27:13.3278016Z   CARGO_INCREMENTAL: 0
2026-10-08T23:27:13.3278150Z   CARGO_PROFILE_DEV_DEBUG: 0
2026-10-08T23:27:13.3278453Z   CARGO_PROFILE_TEST_DEBUG: 0
2026-10-08T23:27:13.3278606Z   RUSTUP_TOOLCHAIN: 1.98.1
2026-10-08T23:27:13.3278796Z   CONDUIT_CHECKOUT_SHA: 0acf94d2f105c45b95e0e0b60def7c6bbfaa832e
2026-10-08T23:27:13.3279007Z   CARGO_HOME: /home/runner/.cargo
2026-10-08T23:27:13.3279180Z   CACHE_ON_FAILURE: false
2026-10-08T23:27:13.3279309Z ##[endgroup]
2026-10-08T23:27:13.4156165Z With the provided path, there will be 1 file uploaded
2026-10-08T23:27:13.4158924Z Artifact name is valid!
2026-10-08T23:27:13.4159369Z Root directory input is valid!
2026-10-08T23:27:13.7222518Z Uploading artifact: acquisition-browser.zip
2026-10-08T23:27:13.7266838Z Beginning upload of artifact content to blob storage
2026-10-08T23:27:13.8866138Z Uploaded bytes 3445
2026-10-08T23:27:13.9237367Z Finished uploading artifact content to blob storage!
2026-10-08T23:27:13.9238203Z SHA256 digest of uploaded artifact is 9e8558941567c12c2accf15e76d9cbec963d18150c044d22a506972f413956ba
2026-10-08T23:27:13.9238895Z Finalizing artifact upload
2026-10-08T23:27:14.2425476Z Artifact acquisition-browser successfully finalized. Artifact ID 11585930537
2026-10-08T23:27:14.2426261Z Artifact acquisition-browser has been successfully uploaded! Final size is 3445 bytes. Artifact ID is 11585930537
2026-10-08T23:27:14.2428598Z Artifact download URL: https://github.com/dancxjo/conduit/actions/runs/37858232226/artifacts/11585930537
2026-10-08T23:27:14.2520506Z ##[group]Run cargo xtask ci pipeline target "$TARGET" "$SHA"
2026-10-08T23:27:14.2520775Z [36;1mcargo xtask ci pipeline target "$TARGET" "$SHA"[0m
2026-10-08T23:27:14.2571079Z shell: /usr/bin/bash --noprofile --norc -e -o pipefail {0}
2026-10-08T23:27:14.2571272Z env:
2026-10-08T23:27:14.2571390Z   CARGO_TERM_COLOR: always
2026-10-08T23:27:14.2571524Z   CARGO_INCREMENTAL: 0
2026-10-08T23:27:14.2571653Z   CARGO_PROFILE_DEV_DEBUG: 0
2026-10-08T23:27:14.2571794Z   CARGO_PROFILE_TEST_DEBUG: 0
2026-10-08T23:27:14.2571937Z   RUSTUP_TOOLCHAIN: 1.98.1
2026-10-08T23:27:14.2572116Z   CONDUIT_CHECKOUT_SHA: 0acf94d2f105c45b95e0e0b60def7c6bbfaa832e
2026-10-08T23:27:14.2572316Z   CARGO_HOME: /home/runner/.cargo
2026-10-08T23:27:14.2572471Z   CACHE_ON_FAILURE: false
2026-10-08T23:27:14.2572597Z   TARGET: browser
2026-10-08T23:27:14.2572734Z   SHA: 0acf94d2f105c45b95e0e0b60def7c6bbfaa832e
2026-10-08T23:27:14.2572896Z ##[endgroup]
2026-10-08T23:27:14.4065760Z [1m[92m    Finished[0m `dev` profile [unoptimized] target(s) in 0.13s
2026-10-08T23:27:14.4108915Z [1m[92m     Running[0m `target/debug/conduit-xtask-dispatch ci pipeline target browser 0acf94d2f105c45b95e0e0b60def7c6bbfaa832e`
2026-10-08T23:27:14.7799814Z > cargo +1.98.1-x86_64-unknown-linux-gnu build --locked -p conduit --bin conduit -p conduit-browser-host --bin conduit-browser-host -p conduit-browser-patchbay-workbench --bin conduit-browser-patchbay-workbench -p conduit-std-host --bin webchat-server --bin browser-admission-probe
2026-10-08T23:27:14.9159854Z [1m[92m Downloading[0m crates ...
2026-10-08T23:27:17.2267670Z [1m[92m  Downloaded[0m anstyle-query v1.1.5
2026-10-08T23:27:17.2362129Z [1m[92m  Downloaded[0m aead v0.5.2
2026-10-08T23:27:17.2375403Z [1m[92m  Downloaded[0m anstyle v1.0.14
2026-10-08T23:27:17.2385763Z [1m[92m  Downloaded[0m anstyle-parse v1.0.0
2026-10-08T23:27:17.2396929Z [1m[92m  Downloaded[0m anstream v1.0.0
2026-10-08T23:27:17.2428006Z [1m[92m  Downloaded[0m inout v0.1.4
2026-10-08T23:27:17.2486829Z [1m[92m  Downloaded[0m dirs v6.0.0
2026-10-08T23:27:17.2528596Z [1m[92m  Downloaded[0m noise-protocol v0.2.1
2026-10-08T23:27:17.2535813Z [1m[92m  Downloaded[0m opaque-debug v0.3.1
2026-10-08T23:27:17.2653144Z [1m[92m  Downloaded[0m colorchoice v1.0.5
2026-10-08T23:27:17.2659789Z [1m[92m  Downloaded[0m rustc_version v0.4.1
2026-10-08T23:27:17.2668937Z [1m[92m  Downloaded[0m cpufeatures v0.3.1
2026-10-08T23:27:17.2678694Z [1m[92m  Downloaded[0m rand_chacha v0.3.1
2026-10-08T23:27:17.2846160Z [1m[92m  Downloaded[0m num_cpus v1.17.0
2026-10-08T23:27:17.2871170Z [1m[92m  Downloaded[0m hash32 v0.3.1
2026-10-08T23:27:17.2881365Z [1m[92m  Downloaded[0m is_terminal_polyfill v1.70.2
2026-10-08T23:27:17.2887635Z [1m[92m  Downloaded[0m signature v2.2.0
2026-10-08T23:27:17.2899433Z [1m[92m  Downloaded[0m option-ext v0.2.0
2026-10-08T23:27:17.2905279Z [1m[92m  Downloaded[0m block-buffer v0.12.1
2026-10-08T23:27:17.2946758Z [1m[92m  Downloaded[0m clap_lex v1.1.1
2026-10-08T23:27:17.2955371Z [1m[92m  Downloaded[0m curve25519-dalek-derive v0.1.1
2026-10-08T23:27:17.2963347Z [1m[92m  Downloaded[0m phf_shared v0.11.3
2026-10-08T23:27:17.2970214Z [1m[92m  Downloaded[0m proc-macro-error-attr v1.0.4
2026-10-08T23:27:17.2981441Z [1m[92m  Downloaded[0m socket2 v0.6.5
2026-10-08T23:27:17.3058659Z [1m[92m  Downloaded[0m instant-distance v0.6.1
2026-10-08T23:27:17.3067966Z [1m[92m  Downloaded[0m percent-encoding v2.3.2
2026-10-08T23:27:17.3074061Z [1m[92m  Downloaded[0m shlex v2.0.1
2026-10-08T23:27:17.3083418Z [1m[92m  Downloaded[0m crypto-common v0.2.2
2026-10-08T23:27:17.3138083Z [1m[92m  Downloaded[0m untrusted v0.9.0
2026-10-08T23:27:17.3154534Z [1m[92m  Downloaded[0m heck v0.5.0
2026-10-08T23:27:17.3178446Z [1m[92m  Downloaded[0m scopeguard v1.2.0
2026-10-08T23:27:17.3187036Z [1m[92m  Downloaded[0m sha1 v0.11.0
2026-10-08T23:27:17.3200106Z [1m[92m  Downloaded[0m noise-rust-crypto v0.6.2
2026-10-08T23:27:17.3205781Z [1m[92m  Downloaded[0m siphasher v1.0.3
2026-10-08T23:27:17.3215684Z [1m[92m  Downloaded[0m str-newtype v2.0.0
2026-10-08T23:27:17.3226000Z [1m[92m  Downloaded[0m universal-hash v0.5.1
2026-10-08T23:27:17.3232192Z [1m[92m  Downloaded[0m static-automata-macros v1.0.3
2026-10-08T23:27:17.3237237Z [1m[92m  Downloaded[0m utf8-zero v0.8.1
2026-10-08T23:27:17.3250530Z [1m[92m  Downloaded[0m unicode-segmentation v1.13.3
2026-10-08T23:27:17.3275603Z [1m[92m  Downloaded[0m ppv-lite86 v0.2.21
2026-10-08T23:27:17.3286726Z [1m[92m  Downloaded[0m phf v0.11.3
2026-10-08T23:27:17.3296280Z [1m[92m  Downloaded[0m serde-json-core v0.6.0
2026-10-08T23:27:17.3309678Z [1m[92m  Downloaded[0m smallvec v1.16.1
2026-10-08T23:27:17.3319488Z [1m[92m  Downloaded[0m dirs-sys v0.5.0
2026-10-08T23:27:17.3328156Z [1m[92m  Downloaded[0m byteorder v1.5.0
2026-10-08T23:27:17.3340157Z [1m[92m  Downloaded[0m crossbeam-deque v0.8.8
2026-10-08T23:27:17.3350713Z [1m[92m  Downloaded[0m ordered-float v3.9.2
2026-10-08T23:27:17.3360425Z [1m[92m  Downloaded[0m data-encoding v2.11.1
2026-10-08T23:27:17.3368140Z [1m[92m  Downloaded[0m langtag v1.1.0
2026-10-08T23:27:17.3389547Z [1m[92m  Downloaded[0m rustls-pemfile v2.2.0
2026-10-08T23:27:17.3407696Z [1m[92m  Downloaded[0m autocfg v1.5.1
2026-10-08T23:27:17.3421023Z [1m[92m  Downloaded[0m base64ct v1.8.3
2026-10-08T23:27:17.3440129Z [1m[92m  Downloaded[0m lock_api v0.4.14
2026-10-08T23:27:17.3449155Z [1m[92m  Downloaded[0m either v1.18.0
2026-10-08T23:27:17.3461982Z [1m[92m  Downloaded[0m cipher v0.4.4
2026-10-08T23:27:17.3476098Z [1m[92m  Downloaded[0m pkcs8 v0.10.2
2026-10-08T23:27:17.3505765Z [1m[92m  Downloaded[0m proc-macro-error v1.0.4
2026-10-08T23:27:17.3532699Z [1m[92m  Downloaded[0m find-msvc-tools v0.1.14
2026-10-08T23:27:17.3545367Z [1m[92m  Downloaded[0m stable_deref_trait v1.2.1
2026-10-08T23:27:17.3551665Z [1m[92m  Downloaded[0m subtle v2.6.1
2026-10-08T23:27:17.3560388Z [1m[92m  Downloaded[0m digest v0.11.3
2026-10-08T23:27:17.3578682Z [1m[92m  Downloaded[0m rand_core v0.6.4
2026-10-08T23:27:17.3589102Z [1m[92m  Downloaded[0m chacha20 v0.9.1
2026-10-08T23:27:17.3603866Z [1m[92m  Downloaded[0m rand_core v0.10.1
2026-10-08T23:27:17.3617195Z [1m[92m  Downloaded[0m spki v0.7.3
2026-10-08T23:27:17.3630029Z [1m[92m  Downloaded[0m static-automata v1.0.3
2026-10-08T23:27:17.3640261Z [1m[92m  Downloaded[0m getrandom v0.2.17
2026-10-08T23:27:17.3661946Z [1m[92m  Downloaded[0m hybrid-array v0.4.15
2026-10-08T23:27:17.3678012Z [1m[92m  Downloaded[0m semver v1.0.28
2026-10-08T23:27:17.3698114Z [1m[92m  Downloaded[0m clap_derive v4.6.7
2026-10-08T23:27:17.3713623Z [1m[92m  Downloaded[0m const-oid v0.9.6
2026-10-08T23:27:17.3726795Z [1m[92m  Downloaded[0m ed25519 v2.2.3
2026-10-08T23:27:17.3739273Z [1m[92m  Downloaded[0m parking_lot v0.12.5
2026-10-08T23:27:17.3756771Z [1m[92m  Downloaded[0m once_cell v1.21.4
2026-10-08T23:27:17.3774980Z [1m[92m  Downloaded[0m sha2 v0.11.0
2026-10-08T23:27:17.3802432Z [1m[92m  Downloaded[0m chacha20 v0.10.2
2026-10-08T23:27:17.3819485Z [1m[92m  Downloaded[0m anyhow v1.0.104
2026-10-08T23:27:17.3848513Z [1m[92m  Downloaded[0m httparse v1.10.1
2026-10-08T23:27:17.3866304Z [1m[92m  Downloaded[0m parking_lot_core v0.9.12
2026-10-08T23:27:17.3881226Z [1m[92m  Downloaded[0m arrayvec v0.7.8
2026-10-08T23:27:17.3895910Z [1m[92m  Downloaded[0m poly1305 v0.8.0
2026-10-08T23:27:17.3913424Z [1m[92m  Downloaded[0m chacha20poly1305 v0.10.1
2026-10-08T23:27:17.3924662Z [1m[92m  Downloaded[0m crossbeam-epoch v0.9.21
2026-10-08T23:27:17.3942114Z [1m[92m  Downloaded[0m num-traits v0.2.19
2026-10-08T23:27:17.3960611Z [1m[92m  Downloaded[0m getrandom v0.4.3
2026-10-08T23:27:17.3987589Z [1m[92m  Downloaded[0m utf8parse v0.2.2
2026-10-08T23:27:17.3994402Z [1m[92m  Downloaded[0m strsim v0.11.1
2026-10-08T23:27:17.4003574Z [1m[92m  Downloaded[0m zeroize_derive v1.5.0
2026-10-08T23:27:17.4010378Z [1m[92m  Downloaded[0m str-newtype-derive v2.0.0
2026-10-08T23:27:17.4017543Z [1m[92m  Downloaded[0m ryu v1.0.23
2026-10-08T23:27:17.4041163Z [1m[92m  Downloaded[0m const-oid v0.10.2
2026-10-08T23:27:17.4058052Z [1m[92m  Downloaded[0m crossbeam-utils v0.8.23
2026-10-08T23:27:17.4077804Z [1m[92m  Downloaded[0m getrandom v0.3.4
2026-10-08T23:27:17.4102195Z [1m[92m  Downloaded[0m rustls-pki-types v1.15.1
2026-10-08T23:27:17.4120765Z [1m[92m  Downloaded[0m bytes v1.12.1
2026-10-08T23:27:17.4145922Z [1m[92m  Downloaded[0m log v0.4.34
2026-10-08T23:27:17.4163468Z [1m[92m  Downloaded[0m qrcode v0.14.1
2026-10-08T23:27:17.4187089Z [1m[92m  Downloaded[0m rayon-core v1.13.0
2026-10-08T23:27:17.4213894Z [1m[92m  Downloaded[0m tungstenite v0.30.0
2026-10-08T23:27:17.4238982Z [1m[92m  Downloaded[0m clap v4.6.7
2026-10-08T23:27:17.4310574Z [1m[92m  Downloaded[0m ed25519-dalek v2.2.0
2026-10-08T23:27:17.4332958Z [1m[92m  Downloaded[0m heapless v0.8.0
2026-10-08T23:27:17.4360436Z [1m[92m  Downloaded[0m rand v0.8.8
2026-10-08T23:27:17.4384321Z [1m[92m  Downloaded[0m rand v0.10.3
2026-10-08T23:27:17.4411236Z [1m[92m  Downloaded[0m rustls-webpki v0.103.15
2026-10-08T23:27:17.4432898Z [1m[92m  Downloaded[0m base64 v0.23.1
2026-10-08T23:27:17.4461158Z [1m[92m  Downloaded[0m cc v1.6.0
2026-10-08T23:27:17.4485669Z [1m[92m  Downloaded[0m http v1.5.0
2026-10-08T23:27:17.4511825Z [1m[92m  Downloaded[0m der v0.7.10
2026-10-08T23:27:17.4549961Z [1m[92m  Downloaded[0m thiserror-impl v1.0.69
2026-10-08T23:27:17.4559246Z [1m[92m  Downloaded[0m thiserror v1.0.69
2026-10-08T23:27:17.4600541Z [1m[92m  Downloaded[0m zeroize v1.9.0
2026-10-08T23:27:17.4611229Z [1m[92m  Downloaded[0m tinyvec v1.13.3
2026-10-08T23:27:17.4635568Z [1m[92m  Downloaded[0m ureq v3.4.2
2026-10-08T23:27:17.4676398Z [1m[92m  Downloaded[0m ureq-proto v0.6.4
2026-10-08T23:27:17.4707483Z [1m[92m  Downloaded[0m rayon v1.12.0
2026-10-08T23:27:17.4776229Z [1m[92m  Downloaded[0m x25519-dalek v2.0.1
2026-10-08T23:27:17.4787836Z [1m[92m  Downloaded[0m clap_builder v4.6.7
2026-10-08T23:27:17.4833593Z [1m[92m  Downloaded[0m syn v1.0.109
2026-10-08T23:27:17.4900953Z [1m[92m  Downloaded[0m zerocopy v0.8.57
2026-10-08T23:27:17.5059602Z [1m[92m  Downloaded[0m syn v2.0.119
2026-10-08T23:27:17.5135716Z [1m[92m  Downloaded[0m curve25519-dalek v4.1.3
2026-10-08T23:27:17.5194919Z [1m[92m  Downloaded[0m isolang v2.4.0
2026-10-08T23:27:17.5245095Z [1m[92m  Downloaded[0m rustls v0.23.45
2026-10-08T23:27:17.5330876Z [1m[92m  Downloaded[0m unicode-normalization v0.1.25
2026-10-08T23:27:17.5355657Z [1m[92m  Downloaded[0m webpki-roots v1.0.9
2026-10-08T23:27:17.5377690Z [1m[92m  Downloaded[0m libc v0.2.189
2026-10-08T23:27:17.5702935Z [1m[92m  Downloaded[0m ring v0.17.14
2026-10-08T23:27:17.7312216Z [1m[92m   Compiling[0m syn v3.0.6
2026-10-08T23:27:17.7313525Z [1m[92m   Compiling[0m typenum v1.20.1
2026-10-08T23:27:17.7336838Z [1m[92m   Compiling[0m syn v2.0.119
2026-10-08T23:27:17.7357296Z [1m[92m   Compiling[0m subtle v2.6.1
2026-10-08T23:27:17.7876286Z [1m[92m   Compiling[0m thiserror v2.0.20
2026-10-08T23:27:17.9589743Z [1m[92m   Compiling[0m semver v1.0.28
2026-10-08T23:27:18.1090089Z [1m[92m   Compiling[0m rustc_version v0.4.1
2026-10-08T23:27:18.2450755Z [1m[92m   Compiling[0m curve25519-dalek v4.1.3
2026-10-08T23:27:18.3310653Z [1m[92m   Compiling[0m generic-array v0.14.7
2026-10-08T23:27:18.3619862Z [1m[92m   Compiling[0m signature v2.2.0
2026-10-08T23:27:18.4020282Z [1m[92m   Compiling[0m ed25519 v2.2.3
2026-10-08T23:27:18.4622727Z [1m[92m   Compiling[0m libc v0.2.189
2026-10-08T23:27:18.6310310Z [1m[92m   Compiling[0m crypto-common v0.1.7
2026-10-08T23:27:18.6420090Z [1m[92m   Compiling[0m block-buffer v0.10.4
2026-10-08T23:27:18.6900222Z [1m[92m   Compiling[0m digest v0.10.7
2026-10-08T23:27:18.7820368Z [1m[92m   Compiling[0m sha2 v0.10.9
2026-10-08T23:27:18.9717694Z [1m[92m   Compiling[0m proc-macro-error-attr v1.0.4
2026-10-08T23:27:19.0429958Z [1m[92m   Compiling[0m syn v1.0.109
2026-10-08T23:27:19.1780366Z [1m[92m   Compiling[0m proc-macro-error v1.0.4
2026-10-08T23:27:19.4050568Z [1m[92m   Compiling[0m hybrid-array v0.4.15
2026-10-08T23:27:19.6835798Z [1m[92m   Compiling[0m thiserror v1.0.69
2026-10-08T23:27:19.7138015Z [1m[92m   Compiling[0m cpufeatures v0.3.1
2026-10-08T23:27:19.7430320Z [1m[92m   Compiling[0m block-buffer v0.12.1
2026-10-08T23:27:19.8098127Z [1m[92m   Compiling[0m crypto-common v0.2.2
2026-10-08T23:27:19.8149409Z [1m[92m   Compiling[0m const-oid v0.10.2
2026-10-08T23:27:19.9019949Z [1m[92m   Compiling[0m siphasher v1.0.3
2026-10-08T23:27:19.9930170Z [1m[92m   Compiling[0m phf_shared v0.11.3
2026-10-08T23:27:20.0249845Z [1m[92m   Compiling[0m serde_derive v1.0.229
2026-10-08T23:27:20.0605775Z [1m[92m   Compiling[0m thiserror-impl v2.0.20
2026-10-08T23:27:20.3550034Z [1m[92m   Compiling[0m digest v0.11.3
2026-10-08T23:27:20.4249972Z [1m[92m   Compiling[0m getrandom v0.2.17
2026-10-08T23:27:20.5135633Z [1m[92m   Compiling[0m anyhow v1.0.104
2026-10-08T23:27:20.5359935Z [1m[92m   Compiling[0m zeroize_derive v1.5.0
2026-10-08T23:27:20.6295353Z [1m[92m   Compiling[0m curve25519-dalek-derive v0.1.1
2026-10-08T23:27:20.7560446Z [1m[92m   Compiling[0m cobs v0.3.0
2026-10-08T23:27:20.8009996Z [1m[92m   Compiling[0m zeroize v1.9.0
2026-10-08T23:27:20.8380018Z [1m[92m   Compiling[0m thiserror-impl v1.0.69
2026-10-08T23:27:20.8810526Z [1m[92m   Compiling[0m static-automata-macros v1.0.3
2026-10-08T23:27:21.0339742Z [1m[92m   Compiling[0m byteorder v1.5.0
2026-10-08T23:27:21.1131082Z [1m[92m   Compiling[0m option-ext v0.2.0
2026-10-08T23:27:21.1461238Z [1m[92m   Compiling[0m heapless v0.8.0
2026-10-08T23:27:21.2673710Z [1m[92m   Compiling[0m dirs-sys v0.5.0
2026-10-08T23:27:21.3817138Z [1m[92m   Compiling[0m ed25519-dalek v2.2.0
2026-10-08T23:27:21.4862317Z [1m[92m   Compiling[0m hash32 v0.3.1
2026-10-08T23:27:21.4924202Z [1m[92m   Compiling[0m static-automata v1.0.3
2026-10-08T23:27:21.5287904Z [1m[92m   Compiling[0m str-newtype-derive v2.0.0
2026-10-08T23:27:21.5380028Z [1m[92m   Compiling[0m phf v0.11.3
2026-10-08T23:27:21.5680147Z [1m[92m   Compiling[0m tinyvec v1.13.3
2026-10-08T23:27:21.6050708Z [1m[92m   Compiling[0m speaking v0.1.0 (https://github.com/dancxjo/tongues.git?rev=b5d7535b2ccd3730b4db878fb61b2e4e48ae89c9#b5d7535b)
2026-10-08T23:27:21.6697212Z [1m[92m   Compiling[0m stable_deref_trait v1.2.1
2026-10-08T23:27:21.7039956Z [1m[92m   Compiling[0m isolang v2.4.0
2026-10-08T23:27:21.7750169Z [1m[92m   Compiling[0m unicode-normalization v0.1.25
2026-10-08T23:27:21.8089898Z [1m[92m   Compiling[0m serde v1.0.229
2026-10-08T23:27:22.0986441Z [1m[92m   Compiling[0m conduit-assigned-plan v0.1.0 (/home/runner/work/conduit/conduit/architecture/assigned-plan)
2026-10-08T23:27:22.1120172Z [1m[92m   Compiling[0m postcard v1.1.3
2026-10-08T23:27:22.1830134Z [1m[92m   Compiling[0m toml_datetime v0.6.11
2026-10-08T23:27:22.2685269Z [1m[92m   Compiling[0m conduit-core v0.1.0 (/home/runner/work/conduit/conduit/architecture/core)
2026-10-08T23:27:22.2970361Z [1m[92m   Compiling[0m conduit-kernel v0.1.0 (/home/runner/work/conduit/conduit/architecture/kernel)
2026-10-08T23:27:22.9639949Z [1m[92m   Compiling[0m serde_spanned v0.6.9
2026-10-08T23:27:23.0139960Z [1m[92m   Compiling[0m toml_edit v0.22.27
2026-10-08T23:27:23.4669871Z [1m[92m   Compiling[0m str-newtype v2.0.0
2026-10-08T23:27:23.5009973Z [1m[92m   Compiling[0m langtag v1.1.0
2026-10-08T23:27:24.1399872Z [1m[92m   Compiling[0m toml v0.8.23
2026-10-08T23:27:24.7779973Z [1m[92m   Compiling[0m dirs v6.0.0
2026-10-08T23:27:24.8169916Z [1m[92m   Compiling[0m sha2 v0.11.0
2026-10-08T23:27:24.8520469Z [1m[92m   Compiling[0m unicode-segmentation v1.13.3
2026-10-08T23:27:25.0670411Z [1m[92m   Compiling[0m ryu v1.0.23
2026-10-08T23:27:25.1430034Z [1m[92m   Compiling[0m serde-json-core v0.6.0
2026-10-08T23:27:25.3371397Z [1m[92m   Compiling[0m shlex v2.0.1
2026-10-08T23:27:25.4180561Z [1m[92m   Compiling[0m find-msvc-tools v0.1.14
2026-10-08T23:27:25.5260447Z [1m[92m   Compiling[0m cc v1.6.0
2026-10-08T23:27:26.5100065Z [1m[92m   Compiling[0m rand_core v0.6.4
2026-10-08T23:27:26.6189938Z [1m[92m   Compiling[0m inout v0.1.4
2026-10-08T23:27:26.6665550Z [1m[92m   Compiling[0m crossbeam-utils v0.8.23
2026-10-08T23:27:26.7831580Z [1m[92m   Compiling[0m cipher v0.4.4
2026-10-08T23:27:26.8847459Z [1m[92m   Compiling[0m ring v0.17.14
2026-10-08T23:27:27.1025741Z [1m[92m   Compiling[0m universal-hash v0.5.1
2026-10-08T23:27:27.1510035Z [1m[92m   Compiling[0m crossbeam-epoch v0.9.21
2026-10-08T23:27:27.2360006Z [1m[92m   Compiling[0m opaque-debug v0.3.1
2026-10-08T23:27:27.2660054Z [1m[92m   Compiling[0m zerocopy v0.8.57
2026-10-08T23:27:27.4339823Z [1m[92m   Compiling[0m poly1305 v0.8.0
2026-10-08T23:27:29.6549168Z [1m[92m   Compiling[0m conduit-plot v0.1.0 (/home/runner/work/conduit/conduit/architecture/plot)
2026-10-08T23:27:30.9870381Z [1m[92m   Compiling[0m conduit-body v0.1.0 (/home/runner/work/conduit/conduit/architecture/body)
2026-10-08T23:27:35.6070111Z [1m[92m   Compiling[0m conduit-plan-lowering v0.1.0 (/home/runner/work/conduit/conduit/architecture/plan-lowering)
2026-10-08T23:27:36.2540016Z [1m[92m   Compiling[0m chacha20 v0.9.1
2026-10-08T23:27:36.3710337Z [1m[92m   Compiling[0m conduit-time v0.1.0 (/home/runner/work/conduit/conduit/semantics/time)
2026-10-08T23:27:37.4967073Z [1m[92m   Compiling[0m conduit-human v0.1.0 (/home/runner/work/conduit/conduit/semantics/human)
2026-10-08T23:27:40.6214663Z [1m[92m   Compiling[0m conduit-language v0.1.0 (/home/runner/work/conduit/conduit/semantics/language)
2026-10-08T23:27:40.8107132Z [1m[92m   Compiling[0m conduit-audio v0.1.0 (/home/runner/work/conduit/conduit/semantics/audio)
2026-10-08T23:27:40.9740370Z [1m[92m   Compiling[0m conduit-presentation v0.1.0 (/home/runner/work/conduit/conduit/semantics/presentation)
2026-10-08T23:27:41.0910372Z [1m[92m   Compiling[0m conduit-data v0.1.0 (/home/runner/work/conduit/conduit/semantics/data)
2026-10-08T23:27:44.3600652Z [1m[92m   Compiling[0m conduit-web v0.1.0 (/home/runner/work/conduit/conduit/semantics/web)
2026-10-08T23:27:45.0760001Z [1m[92m   Compiling[0m conduit-net v0.1.0 (/home/runner/work/conduit/conduit/semantics/net)
2026-10-08T23:27:45.2250409Z [1m[92m   Compiling[0m conduit-alife v0.1.0 (/home/runner/work/conduit/conduit/semantics/alife)
2026-10-08T23:27:45.4560118Z [1m[92m   Compiling[0m conduit-text v0.1.0 (/home/runner/work/conduit/conduit/semantics/text)
2026-10-08T23:27:45.7193275Z [1m[92m   Compiling[0m conduit-process v0.1.0 (/home/runner/work/conduit/conduit/semantics/process)
2026-10-08T23:27:45.8880274Z [1m[92m   Compiling[0m conduit-robotics v0.1.0 (/home/runner/work/conduit/conduit/semantics/robotics)
2026-10-08T23:27:46.1140195Z [1m[92m   Compiling[0m conduit-purpose v0.1.0 (/home/runner/work/conduit/conduit/semantics/purpose)
2026-10-08T23:27:49.6590336Z [1m[92m   Compiling[0m conduit-midi v0.1.0 (/home/runner/work/conduit/conduit/mechanisms/protocols/midi)
2026-10-08T23:27:50.4688449Z [1m[92m   Compiling[0m conduit-education v0.1.0 (/home/runner/work/conduit/conduit/semantics/education)
2026-10-08T23:27:50.4856647Z [1m[92m   Compiling[0m conduit-ai v0.1.0 (/home/runner/work/conduit/conduit/semantics/ai)
2026-10-08T23:27:51.0745137Z [1m[92m   Compiling[0m conduit-tongues v0.1.0 (/home/runner/work/conduit/conduit/semantics/tongues)
2026-10-08T23:27:51.0789328Z [1m[92m   Compiling[0m conduit-signal v0.1.0 (/home/runner/work/conduit/conduit/semantics/signal)
2026-10-08T23:27:51.2296269Z [1m[92m   Compiling[0m conduit-chat v0.1.0 (/home/runner/work/conduit/conduit/semantics/chat)
2026-10-08T23:27:51.3100388Z [1m[92m   Compiling[0m conduit-todo-plot v0.1.0 (/home/runner/work/conduit/conduit/plots/todo/model)
2026-10-08T23:27:51.4590472Z [1m[92m   Compiling[0m conduit-wire v0.1.0 (/home/runner/work/conduit/conduit/architecture/wire)
2026-10-08T23:27:51.4974866Z [1m[92m   Compiling[0m rustls-pki-types v1.15.1
2026-10-08T23:27:51.7169945Z [1m[92m   Compiling[0m aead v0.5.2
2026-10-08T23:27:51.7569901Z [1m[92m   Compiling[0m autocfg v1.5.1
2026-10-08T23:27:51.9274921Z [1m[92m   Compiling[0m crossbeam-deque v0.8.8
2026-10-08T23:27:51.9569799Z [1m[92m   Compiling[0m httparse v1.10.1
2026-10-08T23:27:52.0060539Z [1m[92m   Compiling[0m arrayvec v0.7.8
2026-10-08T23:27:52.0970764Z [1m[92m   Compiling[0m noise-protocol v0.2.1
2026-10-08T23:27:52.1063830Z [1m[92m   Compiling[0m num-traits v0.2.19
2026-10-08T23:27:52.1610650Z [1m[92m   Compiling[0m conduit-bluetooth v0.1.0 (/home/runner/work/conduit/conduit/mechanisms/protocols/bluetooth)
2026-10-08T23:27:52.2219675Z [1m[92m   Compiling[0m chacha20poly1305 v0.10.1
2026-10-08T23:27:52.3430278Z [1m[92m   Compiling[0m conduit-tutorial-plot v0.1.0 (/home/runner/work/conduit/conduit/semantics/tutorial)
2026-10-08T23:27:52.4060839Z [1m[92m   Compiling[0m conduit-body-invitation-plot v0.1.0 (/home/runner/work/conduit/conduit/semantics/body-invitation)
2026-10-08T23:27:52.4950710Z [1m[92m   Compiling[0m conduit-plot-library v0.1.0 (/home/runner/work/conduit/conduit/semantics/plot-library)
2026-10-08T23:27:52.6559824Z [1m[92m   Compiling[0m getrandom v0.4.3
2026-10-08T23:27:52.7329858Z [1m[92m   Compiling[0m rand_core v0.10.1
2026-10-08T23:27:52.7979818Z [1m[92m   Compiling[0m bytes v1.12.1
2026-10-08T23:27:53.1209557Z [1m[92m   Compiling[0m log v0.4.34
2026-10-08T23:27:53.1930213Z [1m[92m   Compiling[0m parking_lot_core v0.9.12
2026-10-08T23:27:53.2700392Z [1m[92m   Compiling[0m untrusted v0.9.0
2026-10-08T23:27:53.3099902Z [1m[92m   Compiling[0m rayon-core v1.13.0
2026-10-08T23:27:54.3843615Z [1m[92m   Compiling[0m http v1.5.0
2026-10-08T23:27:54.7309700Z [1m[92m   Compiling[0m ppv-lite86 v0.2.21
2026-10-08T23:27:55.0430551Z [1m[92m   Compiling[0m noise-rust-crypto v0.6.2
2026-10-08T23:27:55.2079964Z [1m[92m   Compiling[0m x25519-dalek v2.0.1
2026-10-08T23:27:55.2545202Z [1m[92m   Compiling[0m patchbay-control v0.1.0 (/home/runner/work/conduit/conduit/plots/patchbay)
2026-10-08T23:27:55.3219986Z [1m[92m   Compiling[0m scopeguard v1.2.0
2026-10-08T23:27:55.3355295Z [1m[92m   Compiling[0m rustls v0.23.45
2026-10-08T23:27:55.3559704Z [1m[92m   Compiling[0m smallvec v1.16.1
2026-10-08T23:27:55.3989809Z [1m[92m   Compiling[0m lock_api v0.4.14
2026-10-08T23:27:55.4951508Z [1m[92m   Compiling[0m conduit-protected-line v0.1.0 (/home/runner/work/conduit/conduit/architecture/protected-line)
2026-10-08T23:27:56.1221219Z [1m[92m   Compiling[0m rand_chacha v0.3.1
2026-10-08T23:27:56.1229087Z [1m[92m   Compiling[0m rustls-webpki v0.103.15
2026-10-08T23:27:56.3270429Z [1m[92m   Compiling[0m chacha20 v0.10.2
2026-10-08T23:27:56.4500331Z [1m[92m   Compiling[0m conduit-synth v0.1.0 (/home/runner/work/conduit/conduit/mechanisms/implementations/synth)
2026-10-08T23:27:56.5879943Z [1m[92m   Compiling[0m conduit-birth-plot v0.1.0 (/home/runner/work/conduit/conduit/plots/birth)
2026-10-08T23:27:56.6250200Z [1m[92m   Compiling[0m conduit-little-seismograph-fixture v0.1.0 (/home/runner/work/conduit/conduit/plots/little-seismograph/fixture)
2026-10-08T23:27:56.6930547Z [1m[92m   Compiling[0m conduit-finance v0.1.0 (/home/runner/work/conduit/conduit/semantics/finance)
2026-10-08T23:27:56.8600465Z [1m[92m   Compiling[0m conduit-composite v0.1.0 (/home/runner/work/conduit/conduit/architecture/composite)
2026-10-08T23:27:56.9510000Z [1m[92m   Compiling[0m base64 v0.23.1
2026-10-08T23:27:57.1330021Z [1m[92m   Compiling[0m either v1.18.0
2026-10-08T23:27:57.2250287Z [1m[92m   Compiling[0m getrandom v0.3.4
2026-10-08T23:27:57.3379887Z [1m[92m   Compiling[0m qrcode v0.14.1
2026-10-08T23:27:57.6260367Z [1m[92m   Compiling[0m once_cell v1.21.4
2026-10-08T23:27:58.0830066Z [1m[92m   Compiling[0m rayon v1.12.0
2026-10-08T23:27:59.2930387Z [1m[92m   Compiling[0m ureq-proto v0.6.4
2026-10-08T23:27:59.6839971Z [1m[92m   Compiling[0m rand v0.10.3
2026-10-08T23:28:00.0500278Z [1m[92m   Compiling[0m rand v0.8.8
2026-10-08T23:28:00.4320362Z [1m[92m   Compiling[0m ordered-float v3.9.2
2026-10-08T23:28:00.6039780Z [1m[92m   Compiling[0m parking_lot v0.12.5
2026-10-08T23:28:00.8029977Z [1m[92m   Compiling[0m webpki-roots v1.0.9
2026-10-08T23:28:00.8209915Z [1m[92m   Compiling[0m sha1 v0.11.0
2026-10-08T23:28:00.8490035Z [1m[92m   Compiling[0m num_cpus v1.17.0
2026-10-08T23:28:00.9240021Z [1m[92m   Compiling[0m percent-encoding v2.3.2
2026-10-08T23:28:00.9879880Z [1m[92m   Compiling[0m data-encoding v2.11.1
2026-10-08T23:28:00.9980095Z [1m[92m   Compiling[0m utf8-zero v0.8.1
2026-10-08T23:28:01.0533616Z [1m[92m   Compiling[0m ureq v3.4.2
2026-10-08T23:28:01.3660462Z [1m[92m   Compiling[0m tungstenite v0.30.0
2026-10-08T23:28:01.9089900Z [1m[92m   Compiling[0m instant-distance v0.6.1
2026-10-08T23:28:02.1109935Z [1m[92m   Compiling[0m rustls-pemfile v2.2.0
2026-10-08T23:28:02.1860379Z [1m[92m   Compiling[0m conduit-rp2040-network-realization v0.1.0 (/home/runner/work/conduit/conduit/targets/rp2040/network-realization)
2026-10-08T23:28:02.3056163Z [1m[92m   Compiling[0m conduit-emergency-keyword-spotter v0.1.0 (/home/runner/work/conduit/conduit/mechanisms/implementations/emergency-keyword-spotter)
2026-10-08T23:28:02.3661492Z [1m[92m   Compiling[0m patchbay-workbench-host-contract v0.1.0 (/home/runner/work/conduit/conduit/plots/patchbay/workbench/host-contract)
2026-10-08T23:28:02.3820584Z [1m[92m   Compiling[0m conduit-observatory v0.1.0 (/home/runner/work/conduit/conduit/architecture/observatory)
2026-10-08T23:28:02.4170016Z [1m[92m   Compiling[0m serde_json v1.0.151
2026-10-08T23:28:02.4840097Z [1m[92m   Compiling[0m utf8parse v0.2.2
2026-10-08T23:28:02.5189763Z [1m[92m   Compiling[0m anstyle-parse v1.0.0
2026-10-08T23:28:02.6040294Z [1m[92m   Compiling[0m anstyle v1.0.14
2026-10-08T23:28:02.6949881Z [1m[92m   Compiling[0m colorchoice v1.0.5
2026-10-08T23:28:02.7343027Z [1m[92m   Compiling[0m anstyle-query v1.1.5
2026-10-08T23:28:02.7670096Z [1m[92m   Compiling[0m is_terminal_polyfill v1.70.2
2026-10-08T23:28:02.7959657Z [1m[92m   Compiling[0m anstream v1.0.0
2026-10-08T23:28:06.7589900Z [1m[92m   Compiling[0m heck v0.5.0
2026-10-08T23:28:06.8509992Z [1m[92m   Compiling[0m clap_lex v1.1.1
2026-10-08T23:28:06.9167650Z [1m[92m   Compiling[0m strsim v0.11.1
2026-10-08T23:28:06.9519938Z [1m[92m   Compiling[0m clap_derive v4.6.7
2026-10-08T23:28:07.0799933Z [1m[92m   Compiling[0m clap_builder v4.6.7
2026-10-08T23:28:08.0410926Z [1m[92m   Compiling[0m conduit-browser-patchbay-workbench v0.1.0 (/home/runner/work/conduit/conduit/targets/browser/patchbay-workbench)
2026-10-08T23:28:08.2340167Z [1m[92m   Compiling[0m conduit-browser-host v0.1.0 (/home/runner/work/conduit/conduit/targets/browser/host)
2026-10-08T23:28:08.3970116Z [1m[92m   Compiling[0m clap v4.6.7
2026-10-08T23:28:08.4400400Z [1m[92m   Compiling[0m conduit-todo-face v0.1.0 (/home/runner/work/conduit/conduit/plots/todo/face)
2026-10-08T23:28:08.5690286Z [1m[92m   Compiling[0m patchbay-svg-mask v0.1.0 (/home/runner/work/conduit/conduit/plots/patchbay/workbench/svg-mask)
2026-10-08T23:28:09.0270306Z [1m[92m   Compiling[0m socket2 v0.6.5
2026-10-08T23:28:11.5654258Z [1m[92m   Compiling[0m conduit-planner v0.1.0 (/home/runner/work/conduit/conduit/architecture/planner)
2026-10-08T23:28:13.0447825Z [1m[92m   Compiling[0m conduit-speech v0.1.0 (/home/runner/work/conduit/conduit/semantics/speech)
2026-10-08T23:28:13.2276088Z [1m[92m   Compiling[0m conduit-semantic-catalog v0.1.0 (/home/runner/work/conduit/conduit/semantics/catalog)
2026-10-08T23:28:13.2277278Z [1m[92m   Compiling[0m conduit-alife-distributed-conformance v0.1.0 (/home/runner/work/conduit/conduit/proof/conformance/alife-distributed)
2026-10-08T23:28:13.3800694Z [1m[92m   Compiling[0m conduit-conduitos-mask-offer v0.1.0 (/home/runner/work/conduit/conduit/targets/conduitos/mask-offer)
2026-10-08T23:28:14.7110624Z [1m[92m   Compiling[0m conduit-host-make v0.1.0 (/home/runner/work/conduit/conduit/make/host)
2026-10-08T23:28:16.3120197Z [1m[92m   Compiling[0m conduit-std-offers v0.1.0 (/home/runner/work/conduit/conduit/targets/std/offers)
2026-10-08T23:28:16.7970894Z [1m[92m   Compiling[0m conduit-host-browser-make v0.1.0 (/home/runner/work/conduit/conduit/targets/browser/make)
2026-10-08T23:28:16.9610365Z [1m[92m   Compiling[0m conduit-signal-conformance v0.1.0 (/home/runner/work/conduit/conduit/proof/conformance/signal)
2026-10-08T23:28:17.2377434Z [1m[92m   Compiling[0m conduit-host-hosted v0.1.0 (/home/runner/work/conduit/conduit/targets/std/make)
2026-10-08T23:28:17.2429846Z [1m[92m   Compiling[0m conduit-host-raspberry-pi v0.1.0 (/home/runner/work/conduit/conduit/targets/raspberry-pi/make)
2026-10-08T23:28:17.3133394Z [1m[92m   Compiling[0m conduit-host-rp2040 v0.1.0 (/home/runner/work/conduit/conduit/targets/rp2040/make)
2026-10-08T23:28:17.3851181Z [1m[92m   Compiling[0m conduit-host-conduitos-make v0.1.0 (/home/runner/work/conduit/conduit/targets/conduitos/make)
2026-10-08T23:28:17.5120502Z [1m[92m   Compiling[0m conduit-linear-framebuffer-make v0.1.0 (/home/runner/work/conduit/conduit/mechanisms/implementations/linear-framebuffer-make)
2026-10-08T23:28:17.5319444Z [1m[92m   Compiling[0m conduit-host-orange-pi v0.1.0 (/home/runner/work/conduit/conduit/targets/orange-pi/make)
2026-10-08T23:28:17.5369997Z [1m[92m   Compiling[0m conduit-host-avr-make v0.1.0 (/home/runner/work/conduit/conduit/targets/avr/make)
2026-10-08T23:28:17.5976911Z [1m[92m   Compiling[0m conduit-host-esp32-make v0.1.0 (/home/runner/work/conduit/conduit/targets/esp32/make)
2026-10-08T23:28:17.6220008Z [1m[92m   Compiling[0m patchbay-graph v0.1.0 (/home/runner/work/conduit/conduit/plots/patchbay/graph)
2026-10-08T23:28:17.6420148Z [1m[92m   Compiling[0m conduit-browser-mask-offer v0.1.0 (/home/runner/work/conduit/conduit/targets/browser/mask-offer)
2026-10-08T23:28:17.7780054Z [1m[92m   Compiling[0m conduit-body-make v0.1.0 (/home/runner/work/conduit/conduit/make/body)
2026-10-08T23:28:18.0889126Z [1m[92m   Compiling[0m patchbay-application v0.1.0 (/home/runner/work/conduit/conduit/plots/patchbay/application)
2026-10-08T23:28:18.1492986Z [1m[92m   Compiling[0m conduit-tour-model v0.1.0 (/home/runner/work/conduit/conduit/plots/tour)
2026-10-08T23:28:18.4610347Z [1m[92m   Compiling[0m conduit-r1-network-conformance v0.1.0 (/home/runner/work/conduit/conduit/proof/conformance/network-r1)
2026-10-08T23:28:18.8030813Z [1m[92m   Compiling[0m conduit-workspace-make v0.1.0 (/home/runner/work/conduit/conduit/make/workspace)
2026-10-08T23:28:19.1761166Z [1m[92m   Compiling[0m conduit-patchbay-workbench-conformance v0.1.0 (/home/runner/work/conduit/conduit/proof/conformance/patchbay-workbench)
2026-10-08T23:28:20.1693041Z [1m[92m   Compiling[0m conduit-browser-runtime v0.1.0 (/home/runner/work/conduit/conduit/targets/browser/runtime)
2026-10-08T23:28:27.7083971Z [1m[92m   Compiling[0m conduit-patchbay-workbench v0.1.0 (/home/runner/work/conduit/conduit/plots/patchbay/workbench/model)
2026-10-08T23:29:55.6107568Z [1m[92m   Compiling[0m conduit-std-host v0.1.0 (/home/runner/work/conduit/conduit/targets/std)
2026-10-08T23:30:01.6190665Z [1m[92m   Compiling[0m patchbay-hosted v0.1.0 (/home/runner/work/conduit/conduit/targets/std/patchbay-workbench)
2026-10-08T23:30:01.7543620Z [1m[92m   Compiling[0m conduit v0.1.0 (/home/runner/work/conduit/conduit/products/conduit)
2026-10-08T23:30:11.9192063Z [1m[92m    Finished[0m `dev` profile [unoptimized] target(s) in 2m 57s
2026-10-08T23:30:11.9533635Z > cargo +1.98.1-x86_64-unknown-linux-gnu xtask make host release --platform browser --output /home/runner/work/conduit/conduit/target/pipeline/browser/host-release --locked
2026-10-08T23:30:12.1038672Z [1m[92m    Finished[0m `dev` profile [unoptimized] target(s) in 0.14s
2026-10-08T23:30:12.1082874Z [1m[92m     Running[0m `target/debug/conduit-xtask-dispatch make host release --platform browser --output /home/runner/work/conduit/conduit/target/pipeline/browser/host-release --locked`
2026-10-08T23:30:12.3171800Z [1m[92m   Compiling[0m proc-macro2 v1.0.107
2026-10-08T23:30:12.3172262Z [1m[92m   Compiling[0m quote v1.0.47
2026-10-08T23:30:12.3172714Z [1m[92m   Compiling[0m unicode-ident v1.0.26
2026-10-08T23:30:12.3172962Z [1m[92m   Compiling[0m version_check v0.9.5
2026-10-08T23:30:12.3574053Z [1m[92m   Compiling[0m typenum v1.20.1
2026-10-08T23:30:12.4275247Z [1m[92m   Compiling[0m cpufeatures v0.2.17
2026-10-08T23:30:12.4517029Z [1m[92m   Compiling[0m libm v0.2.16
2026-10-08T23:30:12.4685164Z [1m[92m   Compiling[0m generic-array v0.14.7
2026-10-08T23:30:12.5556104Z [1m[92m   Compiling[0m cfg-if v1.0.5
2026-10-08T23:30:12.5743665Z [1m[92m   Compiling[0m serde_core v1.0.229
2026-10-08T23:30:12.7010341Z [1m[92m   Compiling[0m serde v1.0.229
2026-10-08T23:30:12.9269283Z [1m[92m   Compiling[0m syn v3.0.6
2026-10-08T23:30:13.1150483Z [1m[92m   Compiling[0m block-buffer v0.10.4
2026-10-08T23:30:13.1690078Z [1m[92m   Compiling[0m crypto-common v0.1.7
2026-10-08T23:30:13.2120226Z [1m[92m   Compiling[0m digest v0.10.7
2026-10-08T23:30:13.2890393Z [1m[92m   Compiling[0m sha2 v0.10.9
2026-10-08T23:30:13.9190143Z [1m[92m   Compiling[0m thiserror v2.0.20
2026-10-08T23:30:14.0849973Z [1m[92m   Compiling[0m zmij v1.0.23
2026-10-08T23:30:14.1889957Z [1m[92m   Compiling[0m serde_json v1.0.151
2026-10-08T23:30:14.2626954Z [1m[92m   Compiling[0m itoa v1.0.18
2026-10-08T23:30:14.3354066Z [1m[92m   Compiling[0m memchr v2.8.3
2026-10-08T23:30:14.3540457Z [1m[92m   Compiling[0m minicbor v2.3.0
2026-10-08T23:30:14.7102724Z [1m[92m   Compiling[0m hashbrown v0.17.1
2026-10-08T23:30:14.9090147Z [1m[92m   Compiling[0m equivalent v1.0.2
2026-10-08T23:30:14.9389918Z [1m[92m   Compiling[0m utf8parse v0.2.2
2026-10-08T23:30:14.9840048Z [1m[92m   Compiling[0m toml_write v0.1.2
2026-10-08T23:30:15.0429962Z [1m[92m   Compiling[0m indexmap v2.14.2
2026-10-08T23:30:15.0690289Z [1m[92m   Compiling[0m winnow v0.7.15
2026-10-08T23:30:15.2730046Z [1m[92m   Compiling[0m serde_derive v1.0.229
2026-10-08T23:30:15.4600637Z [1m[92m   Compiling[0m thiserror-impl v2.0.20
2026-10-08T23:30:15.5019616Z [1m[92m   Compiling[0m anstyle-parse v1.0.0
2026-10-08T23:30:15.5749290Z [1m[92m   Compiling[0m anstyle-query v1.1.5
2026-10-08T23:30:15.6170450Z [1m[92m   Compiling[0m colorchoice v1.0.5
2026-10-08T23:30:15.6560133Z [1m[92m   Compiling[0m is_terminal_polyfill v1.70.2
2026-10-08T23:30:15.6929980Z [1m[92m   Compiling[0m anstyle v1.0.14
2026-10-08T23:30:15.7949905Z [1m[92m   Compiling[0m anstream v1.0.0
2026-10-08T23:30:15.9481390Z [1m[92m   Compiling[0m heck v0.5.0
2026-10-08T23:30:16.0440606Z [1m[92m   Compiling[0m clap_lex v1.1.1
2026-10-08T23:30:16.1380814Z [1m[92m   Compiling[0m strsim v0.11.1
2026-10-08T23:30:16.1572617Z [1m[92m   Compiling[0m clap_derive v4.6.7
2026-10-08T23:30:16.2320440Z [1m[92m   Compiling[0m cobs v0.3.0
2026-10-08T23:30:16.3046905Z [1m[92m   Compiling[0m clap_builder v4.6.7
2026-10-08T23:30:17.0098037Z [1m[92m   Compiling[0m conduit-assigned-plan v0.1.0 (/home/runner/work/conduit/conduit/architecture/assigned-plan)
2026-10-08T23:30:17.1844631Z [1m[92m   Compiling[0m conduit-core v0.1.0 (/home/runner/work/conduit/conduit/architecture/core)
2026-10-08T23:30:17.2269762Z [1m[92m   Compiling[0m postcard v1.1.3
2026-10-08T23:30:17.3970431Z [1m[92m   Compiling[0m toml_datetime v0.6.11
2026-10-08T23:30:17.5079776Z [1m[92m   Compiling[0m serde_spanned v0.6.9
2026-10-08T23:30:17.5556331Z [1m[92m   Compiling[0m toml_edit v0.22.27
2026-10-08T23:30:18.2479784Z [1m[92m   Compiling[0m clap v4.6.7
2026-10-08T23:30:18.5510527Z [1m[92m   Compiling[0m toml v0.8.23
2026-10-08T23:30:22.8726446Z [1m[92m   Compiling[0m conduit-plot v0.1.0 (/home/runner/work/conduit/conduit/architecture/plot)
2026-10-08T23:30:24.1860006Z [1m[92m   Compiling[0m conduit-body v0.1.0 (/home/runner/work/conduit/conduit/architecture/body)
2026-10-08T23:30:28.2076902Z [1m[92m   Compiling[0m conduit-time v0.1.0 (/home/runner/work/conduit/conduit/semantics/time)
2026-10-08T23:30:28.2078186Z [1m[92m   Compiling[0m conduit-human v0.1.0 (/home/runner/work/conduit/conduit/semantics/human)
2026-10-08T23:30:28.2779891Z [1m[92m   Compiling[0m conduit-audio v0.1.0 (/home/runner/work/conduit/conduit/semantics/audio)
2026-10-08T23:30:32.5160213Z [1m[92m   Compiling[0m conduit-net v0.1.0 (/home/runner/work/conduit/conduit/semantics/net)
2026-10-08T23:30:32.6850648Z [1m[92m   Compiling[0m conduit-text v0.1.0 (/home/runner/work/conduit/conduit/semantics/text)
2026-10-08T23:30:32.7510093Z [1m[92m   Compiling[0m conduit-data v0.1.0 (/home/runner/work/conduit/conduit/semantics/data)
2026-10-08T23:30:32.8740459Z [1m[92m   Compiling[0m conduit-presentation v0.1.0 (/home/runner/work/conduit/conduit/semantics/presentation)
2026-10-08T23:30:34.1980100Z [1m[92m   Compiling[0m conduit-process v0.1.0 (/home/runner/work/conduit/conduit/semantics/process)
2026-10-08T23:30:34.3929195Z [1m[92m   Compiling[0m conduit-robotics v0.1.0 (/home/runner/work/conduit/conduit/semantics/robotics)
2026-10-08T23:30:34.6350615Z [1m[92m   Compiling[0m conduit-alife v0.1.0 (/home/runner/work/conduit/conduit/semantics/alife)
2026-10-08T23:30:36.0330289Z [1m[92m   Compiling[0m conduit-purpose v0.1.0 (/home/runner/work/conduit/conduit/semantics/purpose)
2026-10-08T23:30:36.2110475Z [1m[92m   Compiling[0m conduit-web v0.1.0 (/home/runner/work/conduit/conduit/semantics/web)
2026-10-08T23:30:38.3000439Z [1m[92m   Compiling[0m conduit-education v0.1.0 (/home/runner/work/conduit/conduit/semantics/education)
2026-10-08T23:30:38.6670143Z [1m[92m   Compiling[0m conduit-midi v0.1.0 (/home/runner/work/conduit/conduit/mechanisms/protocols/midi)
2026-10-08T23:30:39.8650528Z [1m[92m   Compiling[0m conduit-semantic-catalog v0.1.0 (/home/runner/work/conduit/conduit/semantics/catalog)
2026-10-08T23:30:41.0467875Z [1m[92m   Compiling[0m conduit-host-make v0.1.0 (/home/runner/work/conduit/conduit/make/host)
2026-10-08T23:30:42.3520227Z [1m[92m   Compiling[0m conduit-host-browser-make v0.1.0 (/home/runner/work/conduit/conduit/targets/browser/make)
2026-10-08T23:30:42.6669174Z [1m[92m   Compiling[0m conduit-xtask-dispatch v0.1.0 (/home/runner/work/conduit/conduit/tools/xtask-dispatch)
2026-10-08T23:30:43.1722345Z [1m[92m    Finished[0m `dev` profile [unoptimized] target(s) in 31.05s
2026-10-08T23:30:43.1821499Z [1m[92m     Running[0m `target/xtask-host-release/debug/conduit-xtask-dispatch host release --platform browser --output /home/runner/work/conduit/conduit/target/pipeline/browser/host-release --locked`
2026-10-08T23:30:43.4180967Z [1m[92m   Compiling[0m proc-macro2 v1.0.107
2026-10-08T23:30:43.4181332Z [1m[92m   Compiling[0m unicode-ident v1.0.26
2026-10-08T23:30:43.4181597Z [1m[92m   Compiling[0m quote v1.0.47
2026-10-08T23:30:43.4181821Z [1m[92m   Compiling[0m version_check v0.9.5
2026-10-08T23:30:43.4609858Z [1m[92m   Compiling[0m libm v0.2.16
2026-10-08T23:30:43.5141505Z [1m[92m   Compiling[0m typenum v1.20.1
2026-10-08T23:30:43.5532408Z [1m[92m   Compiling[0m generic-array v0.14.7
2026-10-08T23:30:43.5845135Z [1m[92m   Compiling[0m serde_core v1.0.229
2026-10-08T23:30:43.6309910Z [1m[92m   Compiling[0m serde v1.0.229
2026-10-08T23:30:43.7630518Z [1m[92m   Compiling[0m cpufeatures v0.2.17
2026-10-08T23:30:43.7880155Z [1m[92m   Compiling[0m cfg-if v1.0.5
2026-10-08T23:30:43.9401717Z [1m[92m   Compiling[0m syn v3.0.6
2026-10-08T23:30:44.3095633Z [1m[92m   Compiling[0m block-buffer v0.10.4
2026-10-08T23:30:44.3639997Z [1m[92m   Compiling[0m crypto-common v0.1.7
2026-10-08T23:30:44.4059931Z [1m[92m   Compiling[0m digest v0.10.7
2026-10-08T23:30:44.4810573Z [1m[92m   Compiling[0m sha2 v0.10.9
2026-10-08T23:30:45.4139963Z [1m[92m   Compiling[0m serde_derive v1.0.229
2026-10-08T23:30:46.1460654Z [1m[92m   Compiling[0m thiserror v2.0.20
2026-10-08T23:30:46.2189936Z [1m[92m   Compiling[0m thiserror-impl v2.0.20
2026-10-08T23:30:46.2949717Z [1m[92m   Compiling[0m semver v1.0.28
2026-10-08T23:30:46.3056944Z [1m[92m   Compiling[0m zmij v1.0.23
2026-10-08T23:30:46.4180401Z [1m[92m   Compiling[0m rustc_version v0.4.1
2026-10-08T23:30:46.4410170Z [1m[92m   Compiling[0m serde_json v1.0.151
2026-10-08T23:30:46.5541753Z [1m[92m   Compiling[0m curve25519-dalek v4.1.3
2026-10-08T23:30:46.6308692Z [1m[92m   Compiling[0m itoa v1.0.18
2026-10-08T23:30:46.6460128Z [1m[92m   Compiling[0m memchr v2.8.3
2026-10-08T23:30:46.7707843Z [1m[92m   Compiling[0m subtle v2.6.1
2026-10-08T23:30:46.8364473Z [1m[92m   Compiling[0m zeroize v1.9.0
2026-10-08T23:30:46.9410930Z [1m[92m   Compiling[0m signature v2.2.0
2026-10-08T23:30:46.9870120Z [1m[92m   Compiling[0m ed25519 v2.2.3
2026-10-08T23:30:47.0040362Z [1m[92m   Compiling[0m cobs v0.3.0
2026-10-08T23:30:47.1135936Z [1m[92m   Compiling[0m minicbor v2.3.0
2026-10-08T23:30:47.4640371Z [1m[92m   Compiling[0m conduit-assigned-plan v0.1.0 (/home/runner/work/conduit/conduit/architecture/assigned-plan)
2026-10-08T23:30:47.6420483Z [1m[92m   Compiling[0m conduit-core v0.1.0 (/home/runner/work/conduit/conduit/architecture/core)
2026-10-08T23:30:47.9299990Z [1m[92m   Compiling[0m ed25519-dalek v2.2.0
2026-10-08T23:30:48.1029921Z [1m[92m   Compiling[0m hashbrown v0.17.1
2026-10-08T23:30:48.2619511Z [1m[92m   Compiling[0m postcard v1.1.3
2026-10-08T23:30:48.4650782Z [1m[92m   Compiling[0m conduit-kernel v0.1.0 (/home/runner/work/conduit/conduit/architecture/kernel)
2026-10-08T23:30:48.5519873Z [1m[92m   Compiling[0m equivalent v1.0.2
2026-10-08T23:30:48.5809853Z [1m[92m   Compiling[0m indexmap v2.14.2
2026-10-08T23:30:48.9870371Z [1m[92m   Compiling[0m serde_spanned v0.6.9
2026-10-08T23:30:49.0459900Z [1m[92m   Compiling[0m toml_datetime v0.6.11
2026-10-08T23:30:49.2770947Z [1m[92m   Compiling[0m toml_write v0.1.2
2026-10-08T23:30:49.3889870Z [1m[92m   Compiling[0m winnow v0.7.15
2026-10-08T23:30:49.4130501Z [1m[92m   Compiling[0m proc-macro-error-attr v1.0.4
2026-10-08T23:30:49.4770092Z [1m[92m   Compiling[0m syn v1.0.109
2026-10-08T23:30:49.6140055Z [1m[92m   Compiling[0m syn v2.0.119
2026-10-08T23:30:50.6889986Z [1m[92m   Compiling[0m toml_edit v0.22.27
2026-10-08T23:30:51.7679994Z [1m[92m   Compiling[0m proc-macro-error v1.0.4
2026-10-08T23:30:51.8359878Z [1m[92m   Compiling[0m toml v0.8.23
2026-10-08T23:30:53.2300521Z [1m[92m   Compiling[0m byteorder v1.5.0
2026-10-08T23:30:53.3220004Z [1m[92m   Compiling[0m thiserror v1.0.69
2026-10-08T23:30:53.4269962Z [1m[92m   Compiling[0m heapless v0.8.0
2026-10-08T23:30:53.5809950Z [1m[92m   Compiling[0m hash32 v0.3.1
2026-10-08T23:30:53.6369907Z [1m[92m   Compiling[0m thiserror-impl v1.0.69
2026-10-08T23:30:54.2370035Z [1m[92m   Compiling[0m hybrid-array v0.4.15
2026-10-08T23:30:54.5359909Z [1m[92m   Compiling[0m stable_deref_trait v1.2.1
2026-10-08T23:30:54.9060102Z [1m[92m   Compiling[0m conduit-plot v0.1.0 (/home/runner/work/conduit/conduit/architecture/plot)
2026-10-08T23:30:55.7979970Z [1m[92m   Compiling[0m ryu v1.0.23
2026-10-08T23:30:55.9250194Z [1m[92m   Compiling[0m siphasher v1.0.3
2026-10-08T23:30:56.0259872Z [1m[92m   Compiling[0m phf_shared v0.11.3
2026-10-08T23:30:56.1169912Z [1m[92m   Compiling[0m serde-json-core v0.6.0
2026-10-08T23:30:56.1489953Z [1m[92m   Compiling[0m str-newtype-derive v2.0.0
2026-10-08T23:30:56.6780276Z [1m[92m   Compiling[0m conduit-body v0.1.0 (/home/runner/work/conduit/conduit/architecture/body)
2026-10-08T23:31:01.3040433Z [1m[92m   Compiling[0m conduit-time v0.1.0 (/home/runner/work/conduit/conduit/semantics/time)
2026-10-08T23:31:05.3530704Z [1m[92m   Compiling[0m conduit-human v0.1.0 (/home/runner/work/conduit/conduit/semantics/human)
2026-10-08T23:31:05.7420000Z [1m[92m   Compiling[0m conduit-data v0.1.0 (/home/runner/work/conduit/conduit/semantics/data)
2026-10-08T23:31:08.4270796Z [1m[92m   Compiling[0m conduit-presentation v0.1.0 (/home/runner/work/conduit/conduit/semantics/presentation)
2026-10-08T23:31:08.9630465Z [1m[92m   Compiling[0m conduit-audio v0.1.0 (/home/runner/work/conduit/conduit/semantics/audio)
2026-10-08T23:31:14.6160599Z [1m[92m   Compiling[0m conduit-web v0.1.0 (/home/runner/work/conduit/conduit/semantics/web)
2026-10-08T23:31:19.3970291Z [1m[92m   Compiling[0m conduit-text v0.1.0 (/home/runner/work/conduit/conduit/semantics/text)
2026-10-08T23:31:19.5520376Z [1m[92m   Compiling[0m conduit-net v0.1.0 (/home/runner/work/conduit/conduit/semantics/net)
2026-10-08T23:31:19.6990933Z [1m[92m   Compiling[0m conduit-language v0.1.0 (/home/runner/work/conduit/conduit/semantics/language)
2026-10-08T23:31:24.2340580Z [1m[92m   Compiling[0m conduit-education v0.1.0 (/home/runner/work/conduit/conduit/semantics/education)
2026-10-08T23:31:24.4801217Z [1m[92m   Compiling[0m conduit-alife v0.1.0 (/home/runner/work/conduit/conduit/semantics/alife)
2026-10-08T23:31:24.7040265Z [1m[92m   Compiling[0m conduit-purpose v0.1.0 (/home/runner/work/conduit/conduit/semantics/purpose)
2026-10-08T23:31:24.8590759Z [1m[92m   Compiling[0m conduit-process v0.1.0 (/home/runner/work/conduit/conduit/semantics/process)
2026-10-08T23:31:25.0260717Z [1m[92m   Compiling[0m conduit-robotics v0.1.0 (/home/runner/work/conduit/conduit/semantics/robotics)
2026-10-08T23:31:28.8278856Z [1m[92m   Compiling[0m conduit-midi v0.1.0 (/home/runner/work/conduit/conduit/mechanisms/protocols/midi)
2026-10-08T23:31:29.0609492Z [1m[92m   Compiling[0m conduit-ai v0.1.0 (/home/runner/work/conduit/conduit/semantics/ai)
2026-10-08T23:31:29.3569698Z [1m[92m   Compiling[0m conduit-chat v0.1.0 (/home/runner/work/conduit/conduit/semantics/chat)
2026-10-08T23:31:29.5690462Z [1m[92m   Compiling[0m conduit-signal v0.1.0 (/home/runner/work/conduit/conduit/semantics/signal)
2026-10-08T23:31:29.7850067Z [1m[92m   Compiling[0m conduit-wire v0.1.0 (/home/runner/work/conduit/conduit/architecture/wire)
2026-10-08T23:31:29.9315567Z [1m[92m   Compiling[0m static-automata-macros v1.0.3
2026-10-08T23:31:30.0670285Z [1m[92m   Compiling[0m block-buffer v0.12.1
2026-10-08T23:31:30.1265104Z [1m[92m   Compiling[0m crypto-common v0.2.2
2026-10-08T23:31:30.2493333Z [1m[92m   Compiling[0m option-ext v0.2.0
2026-10-08T23:31:30.2810198Z [1m[92m   Compiling[0m anyhow v1.0.104
2026-10-08T23:31:30.3790538Z [1m[92m   Compiling[0m const-oid v0.10.2
2026-10-08T23:31:30.5015066Z [1m[92m   Compiling[0m digest v0.11.3
2026-10-08T23:31:30.6049752Z [1m[92m   Compiling[0m dirs-sys v0.5.0
2026-10-08T23:31:30.6369797Z [1m[92m   Compiling[0m static-automata v1.0.3
2026-10-08T23:31:30.6898663Z [1m[92m   Compiling[0m conduit-todo-plot v0.1.0 (/home/runner/work/conduit/conduit/plots/todo/model)
2026-10-08T23:31:30.9117648Z [1m[92m   Compiling[0m str-newtype v2.0.0
2026-10-08T23:31:30.9477126Z [1m[92m   Compiling[0m phf v0.11.3
2026-10-08T23:31:31.0209804Z [1m[92m   Compiling[0m tinyvec v1.13.3
2026-10-08T23:31:31.0580780Z [1m[92m   Compiling[0m speaking v0.1.0 (https://github.com/dancxjo/tongues.git?rev=b5d7535b2ccd3730b4db878fb61b2e4e48ae89c9#b5d7535b)
2026-10-08T23:31:31.1279683Z [1m[92m   Compiling[0m isolang v2.4.0
2026-10-08T23:31:31.2179895Z [1m[92m   Compiling[0m unicode-normalization v0.1.25
2026-10-08T23:31:31.4960046Z [1m[92m   Compiling[0m langtag v1.1.0
2026-10-08T23:31:33.5359592Z [1m[92m   Compiling[0m dirs v6.0.0
2026-10-08T23:31:33.8599511Z [1m[92m   Compiling[0m sha2 v0.11.0
2026-10-08T23:31:34.5540301Z [1m[92m   Compiling[0m conduit-tongues v0.1.0 (/home/runner/work/conduit/conduit/semantics/tongues)
2026-10-08T23:31:34.7480091Z [1m[92m   Compiling[0m conduit-tutorial-plot v0.1.0 (/home/runner/work/conduit/conduit/semantics/tutorial)
2026-10-08T23:31:34.9050367Z [1m[92m   Compiling[0m conduit-plot-library v0.1.0 (/home/runner/work/conduit/conduit/semantics/plot-library)
2026-10-08T23:31:35.0740935Z [1m[92m   Compiling[0m conduit-body-invitation-plot v0.1.0 (/home/runner/work/conduit/conduit/semantics/body-invitation)
2026-10-08T23:31:35.1293075Z [1m[92m   Compiling[0m conduit-plan-lowering v0.1.0 (/home/runner/work/conduit/conduit/architecture/plan-lowering)
2026-10-08T23:31:35.2700827Z [1m[92m   Compiling[0m unicode-segmentation v1.13.3
2026-10-08T23:31:37.2203221Z [1m[92m   Compiling[0m conduit-bluetooth v0.1.0 (/home/runner/work/conduit/conduit/mechanisms/protocols/bluetooth)
2026-10-08T23:31:37.4570623Z [1m[92m   Compiling[0m patchbay-control v0.1.0 (/home/runner/work/conduit/conduit/plots/patchbay)
2026-10-08T23:31:37.9542067Z [1m[92m   Compiling[0m conduit-composite v0.1.0 (/home/runner/work/conduit/conduit/architecture/composite)
2026-10-08T23:31:42.4170738Z [1m[92m   Compiling[0m conduit-synth v0.1.0 (/home/runner/work/conduit/conduit/mechanisms/implementations/synth)
2026-10-08T23:31:46.2330126Z [1m[92m   Compiling[0m conduit-planner v0.1.0 (/home/runner/work/conduit/conduit/architecture/planner)
2026-10-08T23:31:52.1060196Z [1m[92m   Compiling[0m conduit-semantic-catalog v0.1.0 (/home/runner/work/conduit/conduit/semantics/catalog)
2026-10-08T23:31:58.0600725Z [1m[92m   Compiling[0m conduit-host-make v0.1.0 (/home/runner/work/conduit/conduit/make/host)
2026-10-08T23:32:00.0800326Z [1m[92m   Compiling[0m conduit-std-offers v0.1.0 (/home/runner/work/conduit/conduit/targets/std/offers)
2026-10-08T23:32:00.7690127Z [1m[92m   Compiling[0m conduit-host-browser-make v0.1.0 (/home/runner/work/conduit/conduit/targets/browser/make)
2026-10-08T23:32:01.0572894Z [1m[92m   Compiling[0m patchbay-graph v0.1.0 (/home/runner/work/conduit/conduit/plots/patchbay/graph)
2026-10-08T23:32:01.1970954Z [1m[92m   Compiling[0m conduit-browser-mask-offer v0.1.0 (/home/runner/work/conduit/conduit/targets/browser/mask-offer)
2026-10-08T23:32:01.4440264Z [1m[92m   Compiling[0m patchbay-application v0.1.0 (/home/runner/work/conduit/conduit/plots/patchbay/application)
2026-10-08T23:32:02.2630041Z [1m[92m   Compiling[0m conduit-signal-conformance v0.1.0 (/home/runner/work/conduit/conduit/proof/conformance/signal)
2026-10-08T23:32:02.8830309Z [1m[92m   Compiling[0m conduit-host-hosted v0.1.0 (/home/runner/work/conduit/conduit/targets/std/make)
2026-10-08T23:32:03.4040570Z [1m[92m   Compiling[0m conduit-host-raspberry-pi v0.1.0 (/home/runner/work/conduit/conduit/targets/raspberry-pi/make)
2026-10-08T23:32:03.4652625Z [1m[92m   Compiling[0m conduit-host-avr-make v0.1.0 (/home/runner/work/conduit/conduit/targets/avr/make)
2026-10-08T23:32:03.5380564Z [1m[92m   Compiling[0m conduit-host-esp32-make v0.1.0 (/home/runner/work/conduit/conduit/targets/esp32/make)
2026-10-08T23:32:05.1840752Z [1m[92m   Compiling[0m conduit-host-orange-pi v0.1.0 (/home/runner/work/conduit/conduit/targets/orange-pi/make)
2026-10-08T23:32:05.5477700Z [1m[92m   Compiling[0m conduit-host-rp2040 v0.1.0 (/home/runner/work/conduit/conduit/targets/rp2040/make)
2026-10-08T23:32:05.6061141Z [1m[92m   Compiling[0m conduit-linear-framebuffer-make v0.1.0 (/home/runner/work/conduit/conduit/mechanisms/implementations/linear-framebuffer-make)
2026-10-08T23:32:05.7070337Z [1m[92m   Compiling[0m conduit-host-conduitos-make v0.1.0 (/home/runner/work/conduit/conduit/targets/conduitos/make)
2026-10-08T23:32:05.8980686Z [1m[92m   Compiling[0m conduit-body-make v0.1.0 (/home/runner/work/conduit/conduit/make/body)
2026-10-08T23:32:06.1369577Z [1m[92m   Compiling[0m conduit-tour-model v0.1.0 (/home/runner/work/conduit/conduit/plots/tour)
2026-10-08T23:32:06.8170095Z [1m[92m   Compiling[0m conduit-birth-plot v0.1.0 (/home/runner/work/conduit/conduit/plots/birth)
2026-10-08T23:32:06.8460158Z [1m[92m   Compiling[0m conduit-little-seismograph-fixture v0.1.0 (/home/runner/work/conduit/conduit/plots/little-seismograph/fixture)
2026-10-08T23:32:06.9559953Z [1m[92m   Compiling[0m qrcode v0.14.1
2026-10-08T23:32:12.9520220Z [1m[92m   Compiling[0m conduit-browser-runtime v0.1.0 (/home/runner/work/conduit/conduit/targets/browser/runtime)
2026-10-08T23:32:30.6674175Z [1m[92m    Finished[0m `release` profile [optimized] target(s) in 1m 47s
2026-10-08T23:32:30.8481738Z SEALED existing-computer Host releases in /home/runner/work/conduit/conduit/target/pipeline/browser/host-release
2026-10-08T23:32:30.8487641Z > cargo +1.98.1-x86_64-unknown-linux-gnu xtask make host release-catalog --root /home/runner/work/conduit/conduit/target/pipeline/browser/host-release --generation 1 --locked
2026-10-08T23:32:30.9977375Z [1m[92m    Finished[0m `dev` profile [unoptimized] target(s) in 0.14s
2026-10-08T23:32:31.0020630Z [1m[92m     Running[0m `target/debug/conduit-xtask-dispatch make host release-catalog --root /home/runner/work/conduit/conduit/target/pipeline/browser/host-release --generation 1 --locked`
2026-10-08T23:32:31.0101600Z SEALED release catalog /home/runner/work/conduit/conduit/target/pipeline/browser/host-release/release-catalog.json generation=1 targets=1
2026-10-08T23:32:31.0107085Z > sh targets/browser/tools/stage-browser-workspace.sh /home/runner/work/conduit/conduit/target/pipeline/browser/host-release/runtime.wasm target/workspace-product /home/runner/work/conduit/conduit/target/pipeline/browser/host-release
2026-10-08T23:32:31.2691188Z [1m[92m    Finished[0m `dev` profile [unoptimized] target(s) in 0.14s
2026-10-08T23:32:31.2736270Z [1m[92m     Running[0m `target/debug/conduit-xtask-dispatch make host release-catalog --root target/workspace-product/artifacts --generation 1`
2026-10-08T23:32:31.2810090Z SEALED release catalog target/workspace-product/artifacts/release-catalog.json generation=1 targets=1
2026-10-08T23:32:31.4566240Z [1m[92m    Finished[0m `dev` profile [unoptimized] target(s) in 0.14s
2026-10-08T23:32:31.4610961Z [1m[92m     Running[0m `target/debug/conduit-xtask-dispatch check plots bundle-initial-body --output target/workspace-product/plots/initial-body.conduit`
2026-10-08T23:32:31.5908492Z [1m[92m Downloading[0m crates ...
2026-10-08T23:32:31.7117057Z [1m[92m  Downloaded[0m bitflags v1.3.2
2026-10-08T23:32:31.7141414Z [1m[92m  Downloaded[0m arrayref v0.3.9
2026-10-08T23:32:31.7304351Z [1m[92m  Downloaded[0m adler2 v2.0.1
2026-10-08T23:32:31.7336129Z [1m[92m  Downloaded[0m base64 v0.22.1
2026-10-08T23:32:31.7362868Z [1m[92m  Downloaded[0m base64 v0.13.1
2026-10-08T23:32:31.7403804Z [1m[92m  Downloaded[0m data-url v0.3.2
2026-10-08T23:32:31.7414619Z [1m[92m  Downloaded[0m yoke v0.8.3
2026-10-08T23:32:31.7543793Z [1m[92m  Downloaded[0m png v0.17.16
2026-10-08T23:32:31.7571207Z [1m[92m  Downloaded[0m zerovec v0.11.8
2026-10-08T23:32:31.7613521Z [1m[92m  Downloaded[0m futures-core v0.3.34
2026-10-08T23:32:31.7622925Z [1m[92m  Downloaded[0m futures-channel v0.3.34
2026-10-08T23:32:31.7635881Z [1m[92m  Downloaded[0m flate2 v1.1.10
2026-10-08T23:32:31.7670450Z [1m[92m  Downloaded[0m futures-task v0.3.34
2026-10-08T23:32:31.7679174Z [1m[92m  Downloaded[0m getopts v0.2.24
2026-10-08T23:32:31.7690360Z [1m[92m  Downloaded[0m futures-sink v0.3.34
2026-10-08T23:32:31.7696131Z [1m[92m  Downloaded[0m icu_locale_fallback v2.3.0
2026-10-08T23:32:31.7703893Z [1m[92m  Downloaded[0m icu_locale_fallback_data v2.3.0
2026-10-08T23:32:31.7733043Z [1m[92m  Downloaded[0m hash32 v0.2.1
2026-10-08T23:32:31.7744956Z [1m[92m  Downloaded[0m potential_utf v0.1.6
2026-10-08T23:32:31.7754889Z [1m[92m  Downloaded[0m pulldown-cmark-escape v0.11.0
2026-10-08T23:32:31.7757752Z [1m[92m  Downloaded[0m tinystr v0.8.4
2026-10-08T23:32:31.7772105Z [1m[92m  Downloaded[0m heapless v0.7.17
2026-10-08T23:32:31.7798448Z [1m[92m  Downloaded[0m icu_locale_core v2.3.0
2026-10-08T23:32:31.7848575Z [1m[92m  Downloaded[0m futures-util v0.3.34
2026-10-08T23:32:31.7951745Z [1m[92m  Downloaded[0m euclid v0.22.14
2026-10-08T23:32:31.7978243Z [1m[92m  Downloaded[0m writeable v0.6.4
2026-10-08T23:32:31.7993436Z [1m[92m  Downloaded[0m miniz_oxide v0.8.9
2026-10-08T23:32:31.8012242Z [1m[92m  Downloaded[0m xmlwriter v0.1.0
2026-10-08T23:32:31.8019390Z [1m[92m  Downloaded[0m strict-num v0.1.1
2026-10-08T23:32:31.8026280Z [1m[92m  Downloaded[0m zerofrom-derive v0.1.8
2026-10-08T23:32:31.8033498Z [1m[92m  Downloaded[0m pico-args v0.5.0
2026-10-08T23:32:31.8043375Z [1m[92m  Downloaded[0m zerovec-derive v0.11.6
2026-10-08T23:32:31.8055253Z [1m[92m  Downloaded[0m futures-io v0.3.34
2026-10-08T23:32:31.8062093Z [1m[92m  Downloaded[0m simd-adler32 v0.3.10
2026-10-08T23:32:31.8075465Z [1m[92m  Downloaded[0m displaydoc v0.2.7
2026-10-08T23:32:31.8092736Z [1m[92m  Downloaded[0m sha1 v0.10.7
2026-10-08T23:32:31.8105006Z [1m[92m  Downloaded[0m yoke-derive v0.8.3
2026-10-08T23:32:31.8113435Z [1m[92m  Downloaded[0m cliclack v0.5.6
2026-10-08T23:32:31.8134908Z [1m[92m  Downloaded[0m pin-project-lite v0.2.17
2026-10-08T23:32:31.8182447Z [1m[92m  Downloaded[0m icu_provider v2.3.1
2026-10-08T23:32:31.8200583Z [1m[92m  Downloaded[0m float-cmp v0.9.0
2026-10-08T23:32:31.8209222Z [1m[92m  Downloaded[0m unit-prefix v0.5.2
2026-10-08T23:32:31.8217493Z [1m[92m  Downloaded[0m utf8_iter v1.0.4
2026-10-08T23:32:31.8224829Z [1m[92m  Downloaded[0m zerofrom v0.1.8
2026-10-08T23:32:31.8231466Z [1m[92m  Downloaded[0m svgtypes v0.15.3
2026-10-08T23:32:31.8248634Z [1m[92m  Downloaded[0m crc32fast v1.5.2
2026-10-08T23:32:31.8263171Z [1m[92m  Downloaded[0m roxmltree v0.20.0
2026-10-08T23:32:31.8357253Z [1m[92m  Downloaded[0m spin v0.9.9
2026-10-08T23:32:31.8373741Z [1m[92m  Downloaded[0m unicase v2.9.0
2026-10-08T23:32:31.8383699Z [1m[92m  Downloaded[0m console v0.16.6
2026-10-08T23:32:31.8397117Z [1m[92m  Downloaded[0m imagesize v0.13.0
2026-10-08T23:32:31.8415454Z [1m[92m  Downloaded[0m limine v0.5.0
2026-10-08T23:32:31.8427955Z [1m[92m  Downloaded[0m smawk v0.3.3
2026-10-08T23:32:31.8439968Z [1m[92m  Downloaded[0m bytemuck v1.25.2
2026-10-08T23:32:31.8462277Z [1m[92m  Downloaded[0m fdeflate v0.3.7
2026-10-08T23:32:31.8473774Z [1m[92m  Downloaded[0m indicatif v0.18.6
2026-10-08T23:32:31.8498759Z [1m[92m  Downloaded[0m synstructure v0.14.0
2026-10-08T23:32:31.8505759Z [1m[92m  Downloaded[0m embedded-websocket v0.9.5
2026-10-08T23:32:31.8518220Z [1m[92m  Downloaded[0m rgb v0.8.53
2026-10-08T23:32:31.8535725Z [1m[92m  Downloaded[0m simplecss v0.2.2
2026-10-08T23:32:31.8548465Z [1m[92m  Downloaded[0m tiny-skia-path v0.11.4
2026-10-08T23:32:31.8562350Z [1m[92m  Downloaded[0m litemap v0.8.3
2026-10-08T23:32:31.8578221Z [1m[92m  Downloaded[0m slab v0.4.12
2026-10-08T23:32:31.8587346Z [1m[92m  Downloaded[0m miniz_oxide v0.9.1
2026-10-08T23:32:31.8604637Z [1m[92m  Downloaded[0m futures v0.3.34
2026-10-08T23:32:31.8640199Z [1m[92m  Downloaded[0m textwrap v0.16.4
2026-10-08T23:32:31.8658461Z [1m[92m  Downloaded[0m bitflags v2.13.2
2026-10-08T23:32:31.8690551Z [1m[92m  Downloaded[0m resvg v0.45.1
2026-10-08T23:32:31.8711012Z [1m[92m  Downloaded[0m zerotrie v0.2.5
2026-10-08T23:32:31.8738937Z [1m[92m  Downloaded[0m icu_collections v2.3.0
2026-10-08T23:32:31.8783727Z [1m[92m  Downloaded[0m kurbo v0.11.3
2026-10-08T23:32:31.8814711Z [1m[92m  Downloaded[0m pulldown-cmark v0.12.2
2026-10-08T23:32:31.8849547Z [1m[92m  Downloaded[0m usvg v0.45.1
2026-10-08T23:32:31.8879932Z [1m[92m  Downloaded[0m portable-atomic v1.15.0
2026-10-08T23:32:31.8932859Z [1m[92m  Downloaded[0m tiny-skia v0.11.4
2026-10-08T23:32:31.9030026Z [1m[92m  Downloaded[0m zlib-rs v0.6.8
2026-10-08T23:32:31.9069481Z [1m[92m  Downloaded[0m unicode-width v0.2.2
2026-10-08T23:32:31.9109236Z [1m[92m  Downloaded[0m icu_segmenter_data v2.3.0
2026-10-08T23:32:31.9408152Z [1m[92m  Downloaded[0m icu_segmenter v2.3.0
2026-10-08T23:32:32.1353399Z [1m[92m   Compiling[0m syn v3.0.6
2026-10-08T23:32:32.1393591Z [1m[92m   Compiling[0m zeroize v1.9.0
2026-10-08T23:32:32.1418909Z [1m[92m   Compiling[0m memchr v2.8.3
2026-10-08T23:32:32.1448887Z [1m[92m   Compiling[0m stable_deref_trait v1.2.1
2026-10-08T23:32:32.1773242Z [1m[92m   Compiling[0m log v0.4.34
2026-10-08T23:32:32.2182153Z [1m[92m   Compiling[0m curve25519-dalek v4.1.3
2026-10-08T23:32:32.2889909Z [1m[92m   Compiling[0m cipher v0.4.4
2026-10-08T23:32:32.3950007Z [1m[92m   Compiling[0m writeable v0.6.4
2026-10-08T23:32:32.5320518Z [1m[92m   Compiling[0m serde_json v1.0.151
2026-10-08T23:32:32.5580067Z [1m[92m   Compiling[0m simd-adler32 v0.3.10
2026-10-08T23:32:32.6484799Z [1m[92m   Compiling[0m chacha20 v0.9.1
2026-10-08T23:32:32.7560078Z [1m[92m   Compiling[0m ed25519-dalek v2.2.0
2026-10-08T23:32:32.8233907Z [1m[92m   Compiling[0m adler2 v2.0.1
2026-10-08T23:32:32.8768004Z [1m[92m   Compiling[0m crc32fast v1.5.2
2026-10-08T23:32:32.8859503Z [1m[92m   Compiling[0m chacha20poly1305 v0.10.1
2026-10-08T23:32:32.9279901Z [1m[92m   Compiling[0m rustls-pki-types v1.15.1
2026-10-08T23:32:32.9946370Z [1m[92m   Compiling[0m icu_locale_fallback_data v2.3.0
2026-10-08T23:32:33.0600031Z [1m[92m   Compiling[0m unicode-width v0.2.2
2026-10-08T23:32:33.1760227Z [1m[92m   Compiling[0m litemap v0.8.3
2026-10-08T23:32:33.1879799Z [1m[92m   Compiling[0m noise-rust-crypto v0.6.2
2026-10-08T23:32:33.2839901Z [1m[92m   Compiling[0m miniz_oxide v0.9.1
2026-10-08T23:32:33.2959862Z [1m[92m   Compiling[0m x25519-dalek v2.0.1
2026-10-08T23:32:33.3390509Z [1m[92m   Compiling[0m bytemuck v1.25.2
2026-10-08T23:32:33.3470328Z [1m[92m   Compiling[0m icu_segmenter_data v2.3.0
2026-10-08T23:32:33.4060040Z [1m[92m   Compiling[0m float-cmp v0.9.0
2026-10-08T23:32:33.4436606Z [1m[92m   Compiling[0m conduit-protected-line v0.1.0 (/home/runner/work/conduit/conduit/architecture/protected-line)
2026-10-08T23:32:33.4519777Z [1m[92m   Compiling[0m strict-num v0.1.1
2026-10-08T23:32:33.5400092Z [1m[92m   Compiling[0m portable-atomic v1.15.0
2026-10-08T23:32:33.6701383Z [1m[92m   Compiling[0m flate2 v1.1.10
2026-10-08T23:32:33.6790284Z [1m[92m   Compiling[0m futures-sink v0.3.34
2026-10-08T23:32:33.7095081Z [1m[92m   Compiling[0m utf8_iter v1.0.4
2026-10-08T23:32:33.7467589Z [1m[92m   Compiling[0m futures-core v0.3.34
2026-10-08T23:32:33.7680518Z [1m[92m   Compiling[0m once_cell v1.21.4
2026-10-08T23:32:33.7975276Z [1m[92m   Compiling[0m arrayref v0.3.9
2026-10-08T23:32:33.8266263Z [1m[92m   Compiling[0m tiny-skia-path v0.11.4
2026-10-08T23:32:33.9050225Z [1m[92m   Compiling[0m rustls-webpki v0.103.15
2026-10-08T23:32:34.0080131Z [1m[92m   Compiling[0m miniz_oxide v0.8.9
2026-10-08T23:32:34.2320067Z [1m[92m   Compiling[0m fdeflate v0.3.7
2026-10-08T23:32:34.3580355Z [1m[92m   Compiling[0m synstructure v0.14.0
2026-10-08T23:32:34.4560396Z [1m[92m   Compiling[0m kurbo v0.11.3
2026-10-08T23:32:34.4629907Z [1m[92m   Compiling[0m heapless v0.7.17
2026-10-08T23:32:34.5489848Z [1m[92m   Compiling[0m futures-task v0.3.34
2026-10-08T23:32:34.5980257Z [1m[92m   Compiling[0m bitflags v1.3.2
2026-10-08T23:32:34.6236705Z [1m[92m   Compiling[0m pin-project-lite v0.2.17
2026-10-08T23:32:34.6609872Z [1m[92m   Compiling[0m bitflags v2.13.2
2026-10-08T23:32:34.6795381Z [1m[92m   Compiling[0m futures-util v0.3.34
2026-10-08T23:32:34.7479955Z [1m[92m   Compiling[0m png v0.17.16
2026-10-08T23:32:35.2162765Z [1m[92m   Compiling[0m svgtypes v0.15.3
2026-10-08T23:32:35.2540590Z [1m[92m   Compiling[0m serde_derive v1.0.229
2026-10-08T23:32:35.3500009Z [1m[92m   Compiling[0m thiserror-impl v2.0.20
2026-10-08T23:32:35.5489932Z [1m[92m   Compiling[0m zerofrom-derive v0.1.8
2026-10-08T23:32:35.6304402Z [1m[92m   Compiling[0m yoke-derive v0.8.3
2026-10-08T23:32:36.0269986Z [1m[92m   Compiling[0m thiserror v2.0.20
2026-10-08T23:32:36.0659910Z [1m[92m   Compiling[0m cobs v0.3.0
2026-10-08T23:32:36.1400368Z [1m[92m   Compiling[0m static-automata-macros v1.0.3
2026-10-08T23:32:36.1920401Z [1m[92m   Compiling[0m zerofrom v0.1.8
2026-10-08T23:32:36.2050583Z [1m[92m   Compiling[0m zerovec-derive v0.11.6
2026-10-08T23:32:36.2479812Z [1m[92m   Compiling[0m yoke v0.8.3
2026-10-08T23:32:36.2909677Z [1m[92m   Compiling[0m static-automata v1.0.3
2026-10-08T23:32:36.3350027Z [1m[92m   Compiling[0m langtag v1.1.0
2026-10-08T23:32:36.3516012Z [1m[92m   Compiling[0m displaydoc v0.2.7
2026-10-08T23:32:36.6850136Z [1m[92m   Compiling[0m zerotrie v0.2.5
2026-10-08T23:32:36.7800979Z [1m[92m   Compiling[0m zerovec v0.11.8
2026-10-08T23:32:37.0005198Z [1m[92m   Compiling[0m ureq-proto v0.6.4
2026-10-08T23:32:37.0100255Z [1m[92m   Compiling[0m serde v1.0.229
2026-10-08T23:32:37.3576331Z [1m[92m   Compiling[0m conduit-assigned-plan v0.1.0 (/home/runner/work/conduit/conduit/architecture/assigned-plan)
2026-10-08T23:32:37.4165716Z [1m[92m   Compiling[0m postcard v1.1.3
2026-10-08T23:32:37.4219778Z [1m[92m   Compiling[0m toml_datetime v0.6.11
2026-10-08T23:32:37.5099377Z [1m[92m   Compiling[0m conduit-core v0.1.0 (/home/runner/work/conduit/conduit/architecture/core)
2026-10-08T23:32:37.5437701Z [1m[92m   Compiling[0m conduit-kernel v0.1.0 (/home/runner/work/conduit/conduit/architecture/kernel)
2026-10-08T23:32:37.5979790Z [1m[92m   Compiling[0m serde_spanned v0.6.9
2026-10-08T23:32:37.6529705Z [1m[92m   Compiling[0m toml_edit v0.22.27
2026-10-08T23:32:38.2420804Z [1m[92m   Compiling[0m speaking v0.1.0 (https://github.com/dancxjo/tongues.git?rev=b5d7535b2ccd3730b4db878fb61b2e4e48ae89c9#b5d7535b)
2026-10-08T23:32:39.4159902Z [1m[92m   Compiling[0m toml v0.8.23
2026-10-08T23:32:39.7590015Z [1m[92m   Compiling[0m heapless v0.8.0
2026-10-08T23:32:40.0310017Z [1m[92m   Compiling[0m serde-json-core v0.6.0
2026-10-08T23:32:40.2130528Z [1m[92m   Compiling[0m tinystr v0.8.4
2026-10-08T23:32:40.3000036Z [1m[92m   Compiling[0m icu_locale_core v2.3.0
2026-10-08T23:32:41.2009950Z [1m[92m   Compiling[0m potential_utf v0.1.6
2026-10-08T23:32:41.2640628Z [1m[92m   Compiling[0m patchbay-control v0.1.0 (/home/runner/work/conduit/conduit/plots/patchbay)
2026-10-08T23:32:41.3406690Z [1m[92m   Compiling[0m icu_provider v2.3.1
2026-10-08T23:32:41.6039424Z [1m[92m   Compiling[0m icu_locale_fallback v2.3.0
2026-10-08T23:32:41.7499812Z [1m[92m   Compiling[0m icu_collections v2.3.0
2026-10-08T23:32:41.9989970Z [1m[92m   Compiling[0m icu_segmenter v2.3.0
2026-10-08T23:32:42.4240424Z [1m[92m   Compiling[0m rustls v0.23.45
2026-10-08T23:32:45.6840069Z [1m[92m   Compiling[0m conduit-plot v0.1.0 (/home/runner/work/conduit/conduit/architecture/plot)
2026-10-08T23:32:46.1530628Z [1m[92m   Compiling[0m conduit-body v0.1.0 (/home/runner/work/conduit/conduit/architecture/body)
2026-10-08T23:32:50.6690083Z [1m[92m   Compiling[0m conduit-plan-lowering v0.1.0 (/home/runner/work/conduit/conduit/architecture/plan-lowering)
2026-10-08T23:32:51.3202138Z [1m[92m   Compiling[0m tongues-pipeline v0.1.0 (https://github.com/dancxjo/tongues.git?rev=b5d7535b2ccd3730b4db878fb61b2e4e48ae89c9#b5d7535b)
2026-10-08T23:32:51.3371147Z [1m[92m   Compiling[0m conduit-composite v0.1.0 (/home/runner/work/conduit/conduit/architecture/composite)
2026-10-08T23:32:52.1720012Z [1m[92m   Compiling[0m conduit-time v0.1.0 (/home/runner/work/conduit/conduit/semantics/time)
2026-10-08T23:32:52.6110183Z [1m[92m   Compiling[0m conduit-human v0.1.0 (/home/runner/work/conduit/conduit/semantics/human)
2026-10-08T23:32:52.9199122Z [1m[92m   Compiling[0m conduit-audio v0.1.0 (/home/runner/work/conduit/conduit/semantics/audio)
2026-10-08T23:32:55.7551147Z [1m[92m   Compiling[0m conduit-language v0.1.0 (/home/runner/work/conduit/conduit/semantics/language)
2026-10-08T23:32:56.6440020Z [1m[92m   Compiling[0m conduit-presentation v0.1.0 (/home/runner/work/conduit/conduit/semantics/presentation)
2026-10-08T23:32:57.1650471Z [1m[92m   Compiling[0m conduit-data v0.1.0 (/home/runner/work/conduit/conduit/semantics/data)
2026-10-08T23:33:01.2730572Z [1m[92m   Compiling[0m conduit-web v0.1.0 (/home/runner/work/conduit/conduit/semantics/web)
2026-10-08T23:33:04.0730361Z [1m[92m   Compiling[0m conduit-alife v0.1.0 (/home/runner/work/conduit/conduit/semantics/alife)
2026-10-08T23:33:04.2920499Z [1m[92m   Compiling[0m conduit-text v0.1.0 (/home/runner/work/conduit/conduit/semantics/text)
2026-10-08T23:33:04.4950172Z [1m[92m   Compiling[0m conduit-net v0.1.0 (/home/runner/work/conduit/conduit/semantics/net)
2026-10-08T23:33:04.7460951Z [1m[92m   Compiling[0m conduit-robotics v0.1.0 (/home/runner/work/conduit/conduit/semantics/robotics)
2026-10-08T23:33:04.9683046Z [1m[92m   Compiling[0m conduit-purpose v0.1.0 (/home/runner/work/conduit/conduit/semantics/purpose)
2026-10-08T23:33:05.1284827Z [1m[92m   Compiling[0m conduit-process v0.1.0 (/home/runner/work/conduit/conduit/semantics/process)
2026-10-08T23:33:05.4988065Z [1m[92m   Compiling[0m conduit-education v0.1.0 (/home/runner/work/conduit/conduit/semantics/education)
2026-10-08T23:33:06.8560647Z [1m[92m   Compiling[0m conduit-midi v0.1.0 (/home/runner/work/conduit/conduit/mechanisms/protocols/midi)
2026-10-08T23:33:06.8880168Z [1m[92m   Compiling[0m conduit-ai v0.1.0 (/home/runner/work/conduit/conduit/semantics/ai)
2026-10-08T23:33:06.9890058Z [1m[92m   Compiling[0m conduit-chat v0.1.0 (/home/runner/work/conduit/conduit/semantics/chat)
2026-10-08T23:33:07.1840343Z [1m[92m   Compiling[0m conduit-tongues v0.1.0 (/home/runner/work/conduit/conduit/semantics/tongues)
2026-10-08T23:33:07.2050747Z [1m[92m   Compiling[0m conduit-signal v0.1.0 (/home/runner/work/conduit/conduit/semantics/signal)
2026-10-08T23:33:07.4118768Z [1m[92m   Compiling[0m conduit-todo-plot v0.1.0 (/home/runner/work/conduit/conduit/plots/todo/model)
2026-10-08T23:33:07.4500069Z [1m[92m   Compiling[0m conduit-wire v0.1.0 (/home/runner/work/conduit/conduit/architecture/wire)
2026-10-08T23:33:07.5660114Z [1m[92m   Compiling[0m conduit-tutorial-plot v0.1.0 (/home/runner/work/conduit/conduit/semantics/tutorial)
2026-10-08T23:33:07.7330091Z [1m[92m   Compiling[0m conduit-body-invitation-plot v0.1.0 (/home/runner/work/conduit/conduit/semantics/body-invitation)
2026-10-08T23:33:07.8810126Z [1m[92m   Compiling[0m conduit-bluetooth v0.1.0 (/home/runner/work/conduit/conduit/mechanisms/protocols/bluetooth)
2026-10-08T23:33:07.9487772Z [1m[92m   Compiling[0m conduit-plot-library v0.1.0 (/home/runner/work/conduit/conduit/semantics/plot-library)
2026-10-08T23:33:08.0782289Z [1m[92m   Compiling[0m conduit-synth v0.1.0 (/home/runner/work/conduit/conduit/mechanisms/implementations/synth)
2026-10-08T23:33:08.1140020Z [1m[92m   Compiling[0m conduit-birth-plot v0.1.0 (/home/runner/work/conduit/conduit/plots/birth)
2026-10-08T23:33:08.2060534Z [1m[92m   Compiling[0m conduit-observatory v0.1.0 (/home/runner/work/conduit/conduit/architecture/observatory)
2026-10-08T23:33:08.6420361Z [1m[92m   Compiling[0m conduit-little-seismograph-fixture v0.1.0 (/home/runner/work/conduit/conduit/plots/little-seismograph/fixture)
2026-10-08T23:33:08.7090153Z [1m[92m   Compiling[0m conduit-finance v0.1.0 (/home/runner/work/conduit/conduit/semantics/finance)
2026-10-08T23:33:08.8500630Z [1m[92m   Compiling[0m conduit-home-model v0.1.0 (/home/runner/work/conduit/conduit/semantics/home)
2026-10-08T23:33:09.2840332Z [1m[92m   Compiling[0m futures-channel v0.3.34
2026-10-08T23:33:09.3109745Z [1m[92m   Compiling[0m console v0.16.6
2026-10-08T23:33:09.6181803Z [1m[92m   Compiling[0m webpki-roots v1.0.9
2026-10-08T23:33:09.6640258Z [1m[92m   Compiling[0m spin v0.9.9
2026-10-08T23:33:09.7508410Z [1m[92m   Compiling[0m simplecss v0.2.2
2026-10-08T23:33:09.8119799Z [1m[92m   Compiling[0m hash32 v0.2.1
2026-10-08T23:33:09.8749723Z [1m[92m   Compiling[0m conduitos v0.1.0 (/home/runner/work/conduit/conduit/targets/conduitos)
2026-10-08T23:33:09.9430677Z [1m[92m   Compiling[0m xmlwriter v0.1.0
2026-10-08T23:33:10.0259146Z [1m[92m   Compiling[0m imagesize v0.13.0
2026-10-08T23:33:10.0559700Z [1m[92m   Compiling[0m roxmltree v0.20.0
2026-10-08T23:33:10.2120184Z [1m[92m   Compiling[0m futures-io v0.3.34
2026-10-08T23:33:10.2409926Z [1m[92m   Compiling[0m unit-prefix v0.5.2
2026-10-08T23:33:10.2860358Z [1m[92m   Compiling[0m base64 v0.22.1
2026-10-08T23:33:10.4179982Z [1m[92m   Compiling[0m pico-args v0.5.0
2026-10-08T23:33:10.4649970Z [1m[92m   Compiling[0m smawk v0.3.3
2026-10-08T23:33:10.5039827Z [1m[92m   Compiling[0m data-url v0.3.2
2026-10-08T23:33:10.5160117Z [1m[92m   Compiling[0m conduit-create-oi v0.1.0 (/home/runner/work/conduit/conduit/mechanisms/devices/create-oi)
2026-10-08T23:33:10.6259790Z [1m[92m   Compiling[0m pulldown-cmark v0.12.2
2026-10-08T23:33:10.6725993Z [1m[92m   Compiling[0m usvg v0.45.1
2026-10-08T23:33:10.6904700Z [1m[92m   Compiling[0m textwrap v0.16.4
2026-10-08T23:33:10.9080333Z [1m[92m   Compiling[0m clap_derive v4.6.7
2026-10-08T23:33:11.7780453Z [1m[92m   Compiling[0m indicatif v0.18.6
2026-10-08T23:33:11.8061068Z [1m[92m   Compiling[0m futures v0.3.34
2026-10-08T23:33:11.8349826Z [1m[92m   Compiling[0m ureq v3.4.2
2026-10-08T23:33:12.2149880Z [1m[92m   Compiling[0m tungstenite v0.30.0
2026-10-08T23:33:13.0641189Z [1m[92m   Compiling[0m patchbay-workbench-host-contract v0.1.0 (/home/runner/work/conduit/conduit/plots/patchbay/workbench/host-contract)
2026-10-08T23:33:13.1223615Z [1m[92m   Compiling[0m conduit-rp2040-network-realization v0.1.0 (/home/runner/work/conduit/conduit/targets/rp2040/network-realization)
2026-10-08T23:33:13.1350128Z [1m[92m   Compiling[0m tiny-skia v0.11.4
2026-10-08T23:33:13.2414932Z [1m[92m   Compiling[0m limine v0.5.0
2026-10-08T23:33:13.4219891Z [1m[92m   Compiling[0m rgb v0.8.53
2026-10-08T23:33:13.6030935Z [1m[92m   Compiling[0m getopts v0.2.24
2026-10-08T23:33:13.7900046Z [1m[92m   Compiling[0m rustls-pemfile v2.2.0
2026-10-08T23:33:13.8655678Z [1m[92m   Compiling[0m sha1 v0.10.7
2026-10-08T23:33:14.2440103Z [1m[92m   Compiling[0m conduit-mpu6050 v0.1.0 (/home/runner/work/conduit/conduit/mechanisms/devices/mpu6050)
2026-10-08T23:33:14.3150375Z [1m[92m   Compiling[0m unicase v2.9.0
2026-10-08T23:33:14.4010133Z [1m[92m   Compiling[0m pulldown-cmark-escape v0.11.0
2026-10-08T23:33:14.4459955Z [1m[92m   Compiling[0m base64 v0.13.1
2026-10-08T23:33:14.5399919Z [1m[92m   Compiling[0m embedded-websocket v0.9.5
2026-10-08T23:33:15.6950350Z [1m[92m   Compiling[0m resvg v0.45.1
2026-10-08T23:33:16.0879857Z [1m[92m   Compiling[0m cliclack v0.5.6
2026-10-08T23:33:16.5429906Z [1m[92m   Compiling[0m clap v4.6.7
2026-10-08T23:33:16.5760270Z [1m[92m   Compiling[0m conduit-embedded-build v0.1.0 (/home/runner/work/conduit/conduit/make/embedded-build)
2026-10-08T23:33:23.6378146Z [1m[92m   Compiling[0m conduit-planner v0.1.0 (/home/runner/work/conduit/conduit/architecture/planner)
2026-10-08T23:33:24.7280769Z [1m[92m   Compiling[0m conduit-speech v0.1.0 (/home/runner/work/conduit/conduit/semantics/speech)
2026-10-08T23:33:25.3792272Z [1m[92m   Compiling[0m conduit-semantic-catalog v0.1.0 (/home/runner/work/conduit/conduit/semantics/catalog)
2026-10-08T23:33:25.3799574Z [1m[92m   Compiling[0m conduit-conduitos-mask-offer v0.1.0 (/home/runner/work/conduit/conduit/targets/conduitos/mask-offer)
2026-10-08T23:33:25.5200930Z [1m[92m   Compiling[0m conduit-alife-distributed-conformance v0.1.0 (/home/runner/work/conduit/conduit/proof/conformance/alife-distributed)
2026-10-08T23:33:26.7931942Z [1m[92m   Compiling[0m conduit-host-make v0.1.0 (/home/runner/work/conduit/conduit/make/host)
2026-10-08T23:33:28.0420244Z [1m[92m   Compiling[0m patchbay-graph v0.1.0 (/home/runner/work/conduit/conduit/plots/patchbay/graph)
2026-10-08T23:33:28.4731810Z [1m[92m   Compiling[0m conduit-std-offers v0.1.0 (/home/runner/work/conduit/conduit/targets/std/offers)
2026-10-08T23:33:28.9500175Z [1m[92m   Compiling[0m conduit-host-browser-make v0.1.0 (/home/runner/work/conduit/conduit/targets/browser/make)
2026-10-08T23:33:29.1080231Z [1m[92m   Compiling[0m conduit-host-hosted v0.1.0 (/home/runner/work/conduit/conduit/targets/std/make)
2026-10-08T23:33:29.3260726Z [1m[92m   Compiling[0m conduit-signal-conformance v0.1.0 (/home/runner/work/conduit/conduit/proof/conformance/signal)
2026-10-08T23:33:29.4896723Z [1m[92m   Compiling[0m conduit-host-conduitos-make v0.1.0 (/home/runner/work/conduit/conduit/targets/conduitos/make)
2026-10-08T23:33:29.6040625Z [1m[92m   Compiling[0m conduit-host-esp32-make v0.1.0 (/home/runner/work/conduit/conduit/targets/esp32/make)
2026-10-08T23:33:29.6390669Z [1m[92m   Compiling[0m conduit-linear-framebuffer-make v0.1.0 (/home/runner/work/conduit/conduit/mechanisms/implementations/linear-framebuffer-make)
2026-10-08T23:33:29.7320577Z [1m[92m   Compiling[0m conduit-host-raspberry-pi v0.1.0 (/home/runner/work/conduit/conduit/targets/raspberry-pi/make)
2026-10-08T23:33:29.7870290Z [1m[92m   Compiling[0m conduit-host-rp2040 v0.1.0 (/home/runner/work/conduit/conduit/targets/rp2040/make)
2026-10-08T23:33:29.8410690Z [1m[92m   Compiling[0m conduit-host-avr-make v0.1.0 (/home/runner/work/conduit/conduit/targets/avr/make)
2026-10-08T23:33:29.9010410Z [1m[92m   Compiling[0m conduit-host-orange-pi v0.1.0 (/home/runner/work/conduit/conduit/targets/orange-pi/make)
2026-10-08T23:33:29.9601847Z [1m[92m   Compiling[0m patchbay-application v0.1.0 (/home/runner/work/conduit/conduit/plots/patchbay/application)
2026-10-08T23:33:30.0189997Z [1m[92m   Compiling[0m conduit-tour-model v0.1.0 (/home/runner/work/conduit/conduit/plots/tour)
2026-10-08T23:33:30.1490143Z [1m[92m   Compiling[0m conduit-browser-mask-offer v0.1.0 (/home/runner/work/conduit/conduit/targets/browser/mask-offer)
2026-10-08T23:33:30.2850575Z [1m[92m   Compiling[0m conduit-body-make v0.1.0 (/home/runner/work/conduit/conduit/make/body)
2026-10-08T23:33:30.3480227Z [1m[92m   Compiling[0m conduit-workspace-make v0.1.0 (/home/runner/work/conduit/conduit/make/workspace)
2026-10-08T23:33:30.6880324Z [1m[92m   Compiling[0m conduit-r1-network-conformance v0.1.0 (/home/runner/work/conduit/conduit/proof/conformance/network-r1)
2026-10-08T23:33:31.0390316Z [1m[92m   Compiling[0m conduit-patchbay-workbench-conformance v0.1.0 (/home/runner/work/conduit/conduit/proof/conformance/patchbay-workbench)
2026-10-08T23:33:31.1740257Z [1m[92m   Compiling[0m conduit-pete v0.1.0 (/home/runner/work/conduit/conduit/bodies/pete)
2026-10-08T23:33:32.8025081Z [1m[92m   Compiling[0m conduit-browser-runtime v0.1.0 (/home/runner/work/conduit/conduit/targets/browser/runtime)
2026-10-08T23:33:43.0891524Z [1m[92m   Compiling[0m conduit-patchbay-workbench v0.1.0 (/home/runner/work/conduit/conduit/plots/patchbay/workbench/model)
2026-10-08T23:35:12.7102301Z [1m[92m   Compiling[0m conduit-std-host v0.1.0 (/home/runner/work/conduit/conduit/targets/std)
2026-10-08T23:35:21.1384802Z [1m[92m   Compiling[0m xtask v0.1.0 (/home/runner/work/conduit/conduit/tools/xtask)
2026-10-08T23:35:34.3879448Z [1m[92m    Finished[0m `dev` profile [unoptimized] target(s) in 3m 02s
2026-10-08T23:35:34.4073781Z [1m[92m     Running[0m `target/debug/xtask check plots bundle-initial-body --output target/workspace-product/plots/initial-body.conduit`
2026-10-08T23:35:34.5762379Z [1m[92m    Finished[0m `dev` profile [unoptimized] target(s) in 0.14s
2026-10-08T23:35:34.5807628Z [1m[92m     Running[0m `target/debug/conduit-xtask-dispatch check plots bundle-workspace-catalog --output target/workspace-product/plots/workspace-catalog.json`
2026-10-08T23:35:34.7841454Z [1m[92m    Finished[0m `dev` profile [unoptimized] target(s) in 0.19s
2026-10-08T23:35:34.7984839Z [1m[92m     Running[0m `target/debug/xtask check plots bundle-workspace-catalog --output target/workspace-product/plots/workspace-catalog.json`
2026-10-08T23:35:36.1195447Z > cargo +1.98.1-x86_64-unknown-linux-gnu xtask make body static --application targets/browser/handbook/handbook.application.template.json --output target/handbook-static --release /home/runner/work/conduit/conduit/target/pipeline/browser/host-release --handbook --locked
2026-10-08T23:35:36.2710530Z [1m[92m    Finished[0m `dev` profile [unoptimized] target(s) in 0.14s
2026-10-08T23:35:36.2757716Z [1m[92m     Running[0m `target/debug/conduit-xtask-dispatch make body static --application targets/browser/handbook/handbook.application.template.json --output target/handbook-static --release /home/runner/work/conduit/conduit/target/pipeline/browser/host-release --handbook --locked`
2026-10-08T23:35:36.4764003Z [1m[92m    Finished[0m `dev` profile [unoptimized] target(s) in 0.18s
2026-10-08T23:35:36.4903105Z [1m[92m     Running[0m `target/debug/xtask make body static --application targets/browser/handbook/handbook.application.template.json --output target/handbook-static --release /home/runner/work/conduit/conduit/target/pipeline/browser/host-release --handbook --locked`
2026-10-08T23:35:36.5136750Z handbook staged at /tmp/conduit-static-16855-1791502536501267182/handbook
2026-10-08T23:35:36.7827147Z Static browser application: target/handbook-static
2026-10-08T23:35:36.7944151Z > cargo +1.98.1-x86_64-unknown-linux-gnu xtask make body static --application targets/browser/examples/clock-lab/application.template.json --output target/handbook-static-second --release /home/runner/work/conduit/conduit/target/pipeline/browser/host-release --locked
2026-10-08T23:35:36.9445160Z [1m[92m    Finished[0m `dev` profile [unoptimized] target(s) in 0.14s
2026-10-08T23:35:36.9491121Z [1m[92m     Running[0m `target/debug/conduit-xtask-dispatch make body static --application targets/browser/examples/clock-lab/application.template.json --output target/handbook-static-second --release /home/runner/work/conduit/conduit/target/pipeline/browser/host-release --locked`
2026-10-08T23:35:37.1489682Z [1m[92m    Finished[0m `dev` profile [unoptimized] target(s) in 0.18s
2026-10-08T23:35:37.1627073Z [1m[92m     Running[0m `target/debug/xtask make body static --application targets/browser/examples/clock-lab/application.template.json --output target/handbook-static-second --release /home/runner/work/conduit/conduit/target/pipeline/browser/host-release --locked`
2026-10-08T23:35:37.4024037Z Static browser application: target/handbook-static-second
2026-10-08T23:35:37.4531760Z > node --test targets/browser/sdk/browser-sdk-continuity.test.mjs targets/browser/sdk/browser-sdk-errors.test.mjs targets/browser/sdk/browser-sdk-events.test.mjs targets/browser/sdk/browser-sdk-face-actions.test.mjs targets/browser/sdk/browser-sdk-face.test.mjs targets/browser/sdk/browser-sdk-plots.test.mjs targets/browser/sdk/browser-sdk-syntax.test.mjs targets/browser/sdk/browser-sdk-wardrobe.test.mjs targets/browser/sdk/package-browser-bundle.test.mjs targets/browser/tools/static-application-csp.test.mjs proof/browser/application-graph-canvas.test.mjs proof/browser/browser-body-input.test.mjs proof/browser/browser-body-host.test.mjs proof/browser/workspace-handoff.test.mjs proof/browser/browser-plot-effects.test.mjs proof/browser/browser-pitch-tone.test.mjs proof/browser/browser-host-calls.test.mjs proof/browser/creche-rendezvous.test.mjs proof/browser/physical-host-workflow.test.mjs proof/browser/creche-release-catalog.test.mjs
2026-10-08T23:35:37.4887688Z TAP version 13
2026-10-08T23:35:37.5191515Z # Subtest: decodes exact native canvas shape and Unicode without inventing graph facts
2026-10-08T23:35:37.5216917Z ok 1 - decodes exact native canvas shape and Unicode without inventing graph facts
2026-10-08T23:35:37.5249346Z   ---
2026-10-08T23:35:37.5278919Z   duration_ms: 1.964803
2026-10-08T23:35:37.5308672Z   type: 'test'
2026-10-08T23:35:37.5309111Z   ...
2026-10-08T23:35:37.5339026Z # Subtest: rejects stale unknown selection and dangling endpoint
2026-10-08T23:35:37.5340391Z ok 2 - rejects stale unknown selection and dangling endpoint
2026-10-08T23:35:37.5340869Z   ---
2026-10-08T23:35:37.5341210Z   duration_ms: 0.616483
2026-10-08T23:35:37.5341601Z   type: 'test'
2026-10-08T23:35:37.5341925Z   ...
2026-10-08T23:35:37.5342372Z # Subtest: rejects extra bytes and finite bounds overflow
2026-10-08T23:35:37.5342935Z ok 3 - rejects extra bytes and finite bounds overflow
2026-10-08T23:35:37.5343367Z   ---
2026-10-08T23:35:37.5343693Z   duration_ms: 0.37675
2026-10-08T23:35:37.5344045Z   type: 'test'
2026-10-08T23:35:37.5344370Z   ...
2026-10-08T23:35:37.5351234Z # Subtest: one acquired window-input adapter reports every admitted logical input unit
2026-10-08T23:35:37.5352031Z ok 4 - one acquired window-input adapter reports every admitted logical input unit
2026-10-08T23:35:37.5352570Z   ---
2026-10-08T23:35:37.5352931Z   duration_ms: 5.63564
2026-10-08T23:35:37.5353284Z   type: 'test'
2026-10-08T23:35:37.5353606Z   ...
2026-10-08T23:35:37.5354583Z # Subtest: acquired browser clock exposes a basis-qualified sample and refuses after close
2026-10-08T23:35:37.5355393Z ok 5 - acquired browser clock exposes a basis-qualified sample and refuses after close
2026-10-08T23:35:37.5355929Z   ---
2026-10-08T23:35:37.5356257Z   duration_ms: 1.933727
2026-10-08T23:35:37.5356606Z   type: 'test'
2026-10-08T23:35:37.5356929Z   ...
2026-10-08T23:35:37.5462279Z # Subtest: three admitted timer slots run independently through the page Host
2026-10-08T23:35:37.5489400Z ok 6 - three admitted timer slots run independently through the page Host
2026-10-08T23:35:37.5505202Z   ---
2026-10-08T23:35:37.5505605Z   duration_ms: 6.162457
2026-10-08T23:35:37.5505996Z   type: 'test'
2026-10-08T23:35:37.5506364Z   ...
2026-10-08T23:35:37.5506992Z # Subtest: a synchronously completed Body retains its receipt before dispatch or retirement
2026-10-08T23:35:37.5507831Z ok 7 - a synchronously completed Body retains its receipt before dispatch or retirement
2026-10-08T23:35:37.5508539Z   ---
2026-10-08T23:35:37.5508866Z   duration_ms: 0.815724
2026-10-08T23:35:37.5509249Z   type: 'test'
2026-10-08T23:35:37.5509599Z   ...
2026-10-08T23:35:37.5510194Z # Subtest: acquisition reports owned slots without starting a play or copying offer capacity
2026-10-08T23:35:37.5511058Z ok 8 - acquisition reports owned slots without starting a play or copying offer capacity
2026-10-08T23:35:37.5511607Z   ---
2026-10-08T23:35:37.5511929Z   duration_ms: 0.890408
2026-10-08T23:35:37.5512285Z   type: 'test'
2026-10-08T23:35:37.5512609Z   ...
2026-10-08T23:35:37.5513151Z # Subtest: wrong Boot, excessive demand, unsupported pools, and lost slots refuse
2026-10-08T23:35:37.5513880Z ok 9 - wrong Boot, excessive demand, unsupported pools, and lost slots refuse
2026-10-08T23:35:37.5514747Z   ---
2026-10-08T23:35:37.5515066Z   duration_ms: 1.027144
2026-10-08T23:35:37.5515420Z   type: 'test'
2026-10-08T23:35:37.5515744Z   ...
2026-10-08T23:35:37.5516315Z # Subtest: a plan selecting another admitted host retains an exact pre-play Line refusal
2026-10-08T23:35:37.5517094Z ok 10 - a plan selecting another admitted host retains an exact pre-play Line refusal
2026-10-08T23:35:37.5517623Z   ---
2026-10-08T23:35:37.5517943Z   duration_ms: 0.373305
2026-10-08T23:35:37.5518389Z   type: 'test'
2026-10-08T23:35:37.5518707Z   ...
2026-10-08T23:35:37.5519342Z # Subtest: Body placement admission follows the runtime envelope instead of a duplicated page constant
2026-10-08T23:35:37.5520234Z ok 11 - Body placement admission follows the runtime envelope instead of a duplicated page constant
2026-10-08T23:35:37.5520818Z   ---
2026-10-08T23:35:37.5521138Z   duration_ms: 0.484373
2026-10-08T23:35:37.5521486Z   type: 'test'
2026-10-08T23:35:37.5521814Z   ...
2026-10-08T23:35:37.5522477Z # Subtest: an exact externally managed distributed Plot stays in the body Plan but outside the local scheduler
2026-10-08T23:35:37.5523502Z ok 12 - an exact externally managed distributed Plot stays in the body Plan but outside the local scheduler
2026-10-08T23:35:37.5524169Z   ---
2026-10-08T23:35:37.5524541Z   duration_ms: 0.577344
2026-10-08T23:35:37.5524921Z   type: 'test'
2026-10-08T23:35:37.5525290Z   ...
2026-10-08T23:35:37.5525880Z # Subtest: closing pending timer work settles the dispatcher and releases the owner
2026-10-08T23:35:37.5526705Z ok 13 - closing pending timer work settles the dispatcher and releases the owner
2026-10-08T23:35:37.5527262Z   ---
2026-10-08T23:35:37.5527627Z   duration_ms: 0.937058
2026-10-08T23:35:37.5528001Z   type: 'test'
2026-10-08T23:35:37.5528525Z   ...
2026-10-08T23:35:37.5529191Z # Subtest: closing a quiescent Play cancels it instead of mistaking pending effects for a terminal receipt
2026-10-08T23:35:37.5530096Z ok 14 - closing a quiescent Play cancels it instead of mistaking pending effects for a terminal receipt
2026-10-08T23:35:37.5530695Z   ---
2026-10-08T23:35:37.5531027Z   duration_ms: 0.550353
2026-10-08T23:35:37.5531407Z   type: 'test'
2026-10-08T23:35:37.5531757Z   ...
2026-10-08T23:35:37.5532502Z # Subtest: adapter failure is not converted into successful execution
2026-10-08T23:35:37.5533197Z ok 15 - adapter failure is not converted into successful execution
2026-10-08T23:35:37.5533700Z   ---
2026-10-08T23:35:37.5534038Z   duration_ms: 0.504794
2026-10-08T23:35:37.5534418Z   type: 'test'
2026-10-08T23:35:37.5534764Z   ...
2026-10-08T23:35:37.5535314Z # Subtest: pre-start refusal and an unknown WASM start outcome remain distinct
2026-10-08T23:35:37.5536061Z ok 16 - pre-start refusal and an unknown WASM start outcome remain distinct
2026-10-08T23:35:37.5536602Z   ---
2026-10-08T23:35:37.5536946Z   duration_ms: 0.549632
2026-10-08T23:35:37.5537323Z   type: 'test'
2026-10-08T23:35:37.5537690Z   ...
2026-10-08T23:35:37.5538378Z # Subtest: first access to the body input arena may replace the WASM memory buffer
2026-10-08T23:35:37.5539300Z ok 17 - first access to the body input arena may replace the WASM memory buffer
2026-10-08T23:35:37.5539895Z   ---
2026-10-08T23:35:37.5540243Z   duration_ms: 0.334766
2026-10-08T23:35:37.5540630Z   type: 'test'
2026-10-08T23:35:37.5540996Z   ...
2026-10-08T23:35:37.5541611Z # Subtest: malformed successful start output still retires the acquired session
2026-10-08T23:35:37.5542372Z ok 18 - malformed successful start output still retires the acquired session
2026-10-08T23:35:37.5542941Z   ---
2026-10-08T23:35:37.5543291Z   duration_ms: 0.385763
2026-10-08T23:35:37.5543670Z   type: 'test'
2026-10-08T23:35:37.5543995Z   ...
2026-10-08T23:35:37.5544614Z # Subtest: the kernel-local template slot has one preparation owner and is released on close
2026-10-08T23:35:37.5545456Z ok 19 - the kernel-local template slot has one preparation owner and is released on close
2026-10-08T23:35:37.5546008Z   ---
2026-10-08T23:35:37.5546482Z   duration_ms: 0.373435
2026-10-08T23:35:37.5546835Z   type: 'test'
2026-10-08T23:35:37.5547158Z   ...
2026-10-08T23:35:37.5547785Z # Subtest: closing an application-event-only Play settles dispatch without a later user action
2026-10-08T23:35:37.5548756Z ok 20 - closing an application-event-only Play settles dispatch without a later user action
2026-10-08T23:35:37.5549371Z   ---
2026-10-08T23:35:37.5549694Z   duration_ms: 0.683495
2026-10-08T23:35:37.5550046Z   type: 'test'
2026-10-08T23:35:37.5550368Z   ...
2026-10-08T23:35:37.5551011Z # Subtest: closing a failed dispatcher preserves its original rejection and returns a cancellation receipt
2026-10-08T23:35:37.5551925Z ok 21 - closing a failed dispatcher preserves its original rejection and returns a cancellation receipt
2026-10-08T23:35:37.5552515Z   ---
2026-10-08T23:35:37.5552834Z   duration_ms: 0.423011
2026-10-08T23:35:37.5553183Z   type: 'test'
2026-10-08T23:35:37.5553506Z   ...
2026-10-08T23:35:37.6169755Z # Subtest: foreground changes route future keys while preserving background pending requests
2026-10-08T23:35:37.6199545Z ok 22 - foreground changes route future keys while preserving background pending requests
2026-10-08T23:35:37.6200308Z   ---
2026-10-08T23:35:37.6200667Z   duration_ms: 1.879014
2026-10-08T23:35:37.6201086Z   type: 'test'
2026-10-08T23:35:37.6201417Z   ...
2026-10-08T23:35:37.6201990Z # Subtest: queued keys retain capture focus and held-key releases stay with their press
2026-10-08T23:35:37.6202751Z ok 23 - queued keys retain capture focus and held-key releases stay with their press
2026-10-08T23:35:37.6203290Z   ---
2026-10-08T23:35:37.6203624Z   duration_ms: 0.302949
2026-10-08T23:35:37.6204035Z   type: 'test'
2026-10-08T23:35:37.6204367Z   ...
2026-10-08T23:35:37.6204897Z # Subtest: cancelling one input request does not cancel another plot's request
2026-10-08T23:35:37.6205590Z ok 24 - cancelling one input request does not cancel another plot's request
2026-10-08T23:35:37.6206066Z   ---
2026-10-08T23:35:37.6206400Z   duration_ms: 0.68744
2026-10-08T23:35:37.6206745Z   type: 'test'
2026-10-08T23:35:37.6207064Z   ...
2026-10-08T23:35:37.6207605Z # Subtest: uninstalled identities and duplicate requests refuse without consuming input
2026-10-08T23:35:37.6208901Z ok 25 - uninstalled identities and duplicate requests refuse without consuming input
2026-10-08T23:35:37.6209467Z   ---
2026-10-08T23:35:37.6209796Z   duration_ms: 0.380225
2026-10-08T23:35:37.6210150Z   type: 'test'
2026-10-08T23:35:37.6210481Z   ...
2026-10-08T23:35:37.6222747Z # Subtest: ordered pressure terminates only the affected Plot stream
2026-10-08T23:35:37.6223478Z ok 26 - ordered pressure terminates only the affected Plot stream
2026-10-08T23:35:37.6223996Z   ---
2026-10-08T23:35:37.6224351Z   duration_ms: 0.737306
2026-10-08T23:35:37.6224728Z   type: 'test'
2026-10-08T23:35:37.6225067Z   ...
2026-10-08T23:35:37.6225681Z # Subtest: pointer delivery follows its captured Plot and unrelated input cannot fill its queue
2026-10-08T23:35:37.6226548Z ok 27 - pointer delivery follows its captured Plot and unrelated input cannot fill its queue
2026-10-08T23:35:37.6227125Z   ---
2026-10-08T23:35:37.6227466Z   duration_ms: 0.313454
2026-10-08T23:35:37.6227826Z   type: 'test'
2026-10-08T23:35:37.6228158Z   ...
2026-10-08T23:35:37.6228859Z # Subtest: pointer pressure coalesces 100,000 observations through one reusable slot
2026-10-08T23:35:37.6229658Z ok 28 - pointer pressure coalesces 100,000 observations through one reusable slot
2026-10-08T23:35:37.6230194Z   ---
2026-10-08T23:35:37.6230533Z   duration_ms: 77.846495
2026-10-08T23:35:37.6230909Z   type: 'test'
2026-10-08T23:35:37.6231247Z   ...
2026-10-08T23:35:37.6231756Z # Subtest: ordered storage is reusable across repeated queue wraparound
2026-10-08T23:35:37.6232422Z ok 29 - ordered storage is reusable across repeated queue wraparound
2026-10-08T23:35:37.6232907Z   ---
2026-10-08T23:35:37.6233245Z   duration_ms: 21.202313
2026-10-08T23:35:37.6233611Z   type: 'test'
2026-10-08T23:35:37.6233950Z   ...
2026-10-08T23:35:37.6324865Z # Subtest: artifact handoff admits exact bounded identity and preserves terminal distinctions
2026-10-08T23:35:37.6347601Z ok 30 - artifact handoff admits exact bounded identity and preserves terminal distinctions
2026-10-08T23:35:37.6351625Z   ---
2026-10-08T23:35:37.6368188Z   duration_ms: 2.430739
2026-10-08T23:35:37.6368801Z   type: 'test'
2026-10-08T23:35:37.6369073Z   ...
2026-10-08T23:35:37.6369442Z # Subtest: artifact and location validation fail before platform effects
2026-10-08T23:35:37.6369934Z ok 31 - artifact and location validation fail before platform effects
2026-10-08T23:35:37.6370228Z   ---
2026-10-08T23:35:37.6370348Z   duration_ms: 14.702223
2026-10-08T23:35:37.6370492Z   type: 'test'
2026-10-08T23:35:37.6370687Z   ...
2026-10-08T23:35:37.6371064Z # Subtest: location movement is bounded presentation state and remains correlated
2026-10-08T23:35:37.6371616Z ok 32 - location movement is bounded presentation state and remains correlated
2026-10-08T23:35:37.6371965Z   ---
2026-10-08T23:35:37.6372158Z   duration_ms: 0.861844
2026-10-08T23:35:37.6372364Z   type: 'test'
2026-10-08T23:35:37.6372543Z   ...
2026-10-08T23:35:37.6372928Z # Subtest: device choice is profile gated and acquisition grants no membership or Plan
2026-10-08T23:35:37.6373516Z ok 33 - device choice is profile gated and acquisition grants no membership or Plan
2026-10-08T23:35:37.6373880Z   ---
2026-10-08T23:35:37.6374064Z   duration_ms: 0.663064
2026-10-08T23:35:37.6374273Z   type: 'test'
2026-10-08T23:35:37.6374457Z   ...
2026-10-08T23:35:37.6374779Z # Subtest: device outcomes and stale completions remain distinct
2026-10-08T23:35:37.6375235Z ok 34 - device outcomes and stale completions remain distinct
2026-10-08T23:35:37.6375545Z   ---
2026-10-08T23:35:37.6375728Z   duration_ms: 2.204146
2026-10-08T23:35:37.6375940Z   type: 'test'
2026-10-08T23:35:37.6376124Z   ...
2026-10-08T23:35:37.6376568Z # Subtest: device authority, activation, API, chooser, and identity outcomes stay separate
2026-10-08T23:35:37.6377221Z ok 35 - device authority, activation, API, chooser, and identity outcomes stay separate
2026-10-08T23:35:37.6377609Z   ---
2026-10-08T23:35:37.6377789Z   duration_ms: 0.693961
2026-10-08T23:35:37.6377998Z   type: 'test'
2026-10-08T23:35:37.6378181Z   ...
2026-10-08T23:35:37.6378963Z # Subtest: call slots are finite and duplicate correlation refuses
2026-10-08T23:35:37.6379448Z ok 36 - call slots are finite and duplicate correlation refuses
2026-10-08T23:35:37.6379759Z   ---
2026-10-08T23:35:37.6379944Z   duration_ms: 0.707831
2026-10-08T23:35:37.6380149Z   type: 'test'
2026-10-08T23:35:37.6380330Z   ...
2026-10-08T23:35:37.6380892Z # Subtest: the admitted pitch is sent to a short conservatively gained oscillator
2026-10-08T23:35:37.6385505Z ok 37 - the admitted pitch is sent to a short conservatively gained oscillator
2026-10-08T23:35:37.6386441Z   ---
2026-10-08T23:35:37.6386783Z   duration_ms: 1.858052
2026-10-08T23:35:37.6387146Z   type: 'test'
2026-10-08T23:35:37.6387471Z   ...
2026-10-08T23:35:37.6391000Z # Subtest: audio policy denial stays distinct from an invalid or unavailable effect
2026-10-08T23:35:37.6391714Z ok 38 - audio policy denial stays distinct from an invalid or unavailable effect
2026-10-08T23:35:37.6392253Z   ---
2026-10-08T23:35:37.6392584Z   duration_ms: 0.666759
2026-10-08T23:35:37.6392933Z   type: 'test'
2026-10-08T23:35:37.6393319Z   ...
2026-10-08T23:35:37.6431340Z # Subtest: one host dispatcher preserves cross-plot completion correlation
2026-10-08T23:35:37.6459902Z ok 39 - one host dispatcher preserves cross-plot completion correlation
2026-10-08T23:35:37.6487923Z   ---
2026-10-08T23:35:37.6498807Z   duration_ms: 3.536863
2026-10-08T23:35:37.6508593Z   type: 'test'
2026-10-08T23:35:37.6539066Z   ...
2026-10-08T23:35:37.6569713Z # Subtest: duplicate or excessive pending effects refuse and abort admitted adapters
2026-10-08T23:35:37.6579292Z ok 40 - duplicate or excessive pending effects refuse and abort admitted adapters
2026-10-08T23:35:37.6579699Z   ---
2026-10-08T23:35:37.6580346Z   duration_ms: 0.876066
2026-10-08T23:35:37.6580591Z   type: 'test'
2026-10-08T23:35:37.6580806Z   ...
2026-10-08T23:35:37.6581168Z # Subtest: an adapter failure is not converted into a successful completion
2026-10-08T23:35:37.6581592Z ok 41 - an adapter failure is not converted into a successful completion
2026-10-08T23:35:37.6581893Z   ---
2026-10-08T23:35:37.6582106Z   duration_ms: 0.333134
2026-10-08T23:35:37.6582336Z   type: 'test'
2026-10-08T23:35:37.6582546Z   ...
2026-10-08T23:35:37.6582874Z # Subtest: kernel cancellation aborts its exact timer before acknowledgement
2026-10-08T23:35:37.6583296Z ok 42 - kernel cancellation aborts its exact timer before acknowledgement
2026-10-08T23:35:37.6583599Z   ---
2026-10-08T23:35:37.6583807Z   duration_ms: 0.566598
2026-10-08T23:35:37.6584036Z   type: 'test'
2026-10-08T23:35:37.6584246Z   ...
2026-10-08T23:35:37.6584575Z # Subtest: typed Host denial is correlated without stopping unrelated pending work
2026-10-08T23:35:37.6585012Z ok 43 - typed Host denial is correlated without stopping unrelated pending work
2026-10-08T23:35:37.6585323Z   ---
2026-10-08T23:35:37.6585532Z   duration_ms: 0.784327
2026-10-08T23:35:37.6585756Z   type: 'test'
2026-10-08T23:35:37.6585968Z   ...
2026-10-08T23:35:37.6586326Z # Subtest: retirement aborts pending effects and fences late completions from a successor kernel
2026-10-08T23:35:37.6586819Z ok 44 - retirement aborts pending effects and fences late completions from a successor kernel
2026-10-08T23:35:37.6587155Z   ---
2026-10-08T23:35:37.6587364Z   duration_ms: 0.473261
2026-10-08T23:35:37.6587586Z   type: 'test'
2026-10-08T23:35:37.6587802Z   ...
2026-10-08T23:35:37.6588143Z # Subtest: synchronous retirement at the waiting boundary cannot strand its wake promise
2026-10-08T23:35:37.6589109Z ok 45 - synchronous retirement at the waiting boundary cannot strand its wake promise
2026-10-08T23:35:37.6589457Z   ---
2026-10-08T23:35:37.6589609Z   duration_ms: 0.321987
2026-10-08T23:35:37.6589739Z   type: 'test'
2026-10-08T23:35:37.6589857Z   ...
2026-10-08T23:35:37.6675793Z # Subtest: selected target alone is fetched, verified, and reused from immutable cache
2026-10-08T23:35:37.6676550Z ok 46 - selected target alone is fetched, verified, and reused from immutable cache
2026-10-08T23:35:37.6677052Z   ---
2026-10-08T23:35:37.6677629Z   duration_ms: 32.624758
2026-10-08T23:35:37.6677965Z   type: 'test'
2026-10-08T23:35:37.6678413Z   ...
2026-10-08T23:35:37.6698939Z # Subtest: catalog cannot relabel one artifact as another target
2026-10-08T23:35:37.6699684Z ok 47 - catalog cannot relabel one artifact as another target
2026-10-08T23:35:37.6700150Z   ---
2026-10-08T23:35:37.6700501Z   duration_ms: 1.585931
2026-10-08T23:35:37.6700873Z   type: 'test'
2026-10-08T23:35:37.6701215Z   ...
2026-10-08T23:35:37.6707213Z # Subtest: target-owned image validators can resolve one exact catalog artifact
2026-10-08T23:35:37.6721014Z ok 48 - target-owned image validators can resolve one exact catalog artifact
2026-10-08T23:35:37.6722786Z   ---
2026-10-08T23:35:37.6723169Z   duration_ms: 2.072136
2026-10-08T23:35:37.6723543Z   type: 'test'
2026-10-08T23:35:37.6723869Z   ...
2026-10-08T23:35:37.6812241Z # Subtest: browser decodes the exact canonical Rust and ConduitOS rendezvous vector
2026-10-08T23:35:37.6839118Z ok 49 - browser decodes the exact canonical Rust and ConduitOS rendezvous vector
2026-10-08T23:35:37.6839797Z   ---
2026-10-08T23:35:37.6846556Z   duration_ms: 2.280532
2026-10-08T23:35:37.6846943Z   type: 'test'
2026-10-08T23:35:37.6847270Z   ...
2026-10-08T23:35:37.6847835Z # Subtest: browser decodes the shared bounded WebRTC candidate without retaining signaling
2026-10-08T23:35:37.6848724Z ok 50 - browser decodes the shared bounded WebRTC candidate without retaining signaling
2026-10-08T23:35:37.6849232Z   ---
2026-10-08T23:35:37.6849549Z   duration_ms: 0.600178
2026-10-08T23:35:37.6849924Z   type: 'test'
2026-10-08T23:35:37.6850238Z   ...
2026-10-08T23:35:37.6850738Z # Subtest: browser records ordered direct failure before WebRTC selection
2026-10-08T23:35:37.6851787Z ok 51 - browser records ordered direct failure before WebRTC selection
2026-10-08T23:35:37.6852270Z   ---
2026-10-08T23:35:37.6852596Z   duration_ms: 0.758428
2026-10-08T23:35:37.6852949Z   type: 'test'
2026-10-08T23:35:37.6853267Z   ...
2026-10-08T23:35:37.6853851Z # Subtest: browser records direct and WebRTC failure before protected relay fallback
2026-10-08T23:35:37.6854600Z ok 52 - browser records direct and WebRTC failure before protected relay fallback
2026-10-08T23:35:37.6855112Z   ---
2026-10-08T23:35:37.6855434Z   duration_ms: 0.456331
2026-10-08T23:35:37.6866050Z   type: 'test'
2026-10-08T23:35:37.6867141Z   ...
2026-10-08T23:35:37.6867718Z # Subtest: candidate adapters reuse bounded WebRTC and protected-relay Line APIs
2026-10-08T23:35:37.6868591Z ok 53 - candidate adapters reuse bounded WebRTC and protected-relay Line APIs
2026-10-08T23:35:37.6869085Z   ---
2026-10-08T23:35:37.6870772Z   duration_ms: 0.573748
2026-10-08T23:35:37.6871152Z   type: 'test'
2026-10-08T23:35:37.6871488Z   ...
2026-10-08T23:35:37.7100500Z # Subtest: browser verifies the exact RFC 9052 Sign1 vector under caller-owned policy
2026-10-08T23:35:37.7129389Z ok 54 - browser verifies the exact RFC 9052 Sign1 vector under caller-owned policy
2026-10-08T23:35:37.7139028Z   ---
2026-10-08T23:35:37.7139458Z   duration_ms: 7.905455
2026-10-08T23:35:37.7139846Z   type: 'test'
2026-10-08T23:35:37.7140200Z   ...
2026-10-08T23:35:37.7140728Z # Subtest: running host rendezvous code resolves one authenticated loopback WebSocket Line
2026-10-08T23:35:37.7141520Z ok 55 - running host rendezvous code resolves one authenticated loopback WebSocket Line
2026-10-08T23:35:37.7142036Z   ---
2026-10-08T23:35:37.7142321Z   duration_ms: 0.420226
2026-10-08T23:35:37.7142633Z   type: 'test'
2026-10-08T23:35:37.7142913Z   ...
2026-10-08T23:35:37.7143341Z # Subtest: malformed, zero-secret, and non-loopback codes refuse
2026-10-08T23:35:37.7143901Z ok 56 - malformed, zero-secret, and non-loopback codes refuse
2026-10-08T23:35:37.7144348Z   ---
2026-10-08T23:35:37.7144638Z   duration_ms: 0.365734
2026-10-08T23:35:37.7144948Z   type: 'test'
2026-10-08T23:35:37.7145207Z   ...
2026-10-08T23:35:37.7145680Z # Subtest: serial rendezvous code selects the browser-attended serial Line
2026-10-08T23:35:37.7146712Z ok 57 - serial rendezvous code selects the browser-attended serial Line
2026-10-08T23:35:37.7147173Z   ---
2026-10-08T23:35:37.7147475Z   duration_ms: 0.259332
2026-10-08T23:35:37.7147763Z   type: 'test'
2026-10-08T23:35:37.7148057Z   ...
2026-10-08T23:35:37.7148698Z # Subtest: finite secure LAN descriptor selects the authenticated TLS Line
2026-10-08T23:35:37.7149375Z ok 58 - finite secure LAN descriptor selects the authenticated TLS Line
2026-10-08T23:35:37.7149837Z   ---
2026-10-08T23:35:37.7150118Z   duration_ms: 1.951284
2026-10-08T23:35:37.7150430Z   type: 'test'
2026-10-08T23:35:37.7150707Z   ...
2026-10-08T23:35:37.7151244Z # Subtest: shared WebRTC candidate carries the unchanged running-Host admission session
2026-10-08T23:35:37.7152036Z ok 59 - shared WebRTC candidate carries the unchanged running-Host admission session
2026-10-08T23:35:37.7152545Z   ---
2026-10-08T23:35:37.7152831Z   duration_ms: 15.730157
2026-10-08T23:35:37.7153164Z   type: 'test'
2026-10-08T23:35:37.7153443Z   ...
2026-10-08T23:35:37.7153948Z # Subtest: one code carries a current advertisement and exactly one invitation proof
2026-10-08T23:35:37.7154655Z ok 60 - one code carries a current advertisement and exactly one invitation proof
2026-10-08T23:35:37.7155149Z   ---
2026-10-08T23:35:37.7155409Z   duration_ms: 1.20897
2026-10-08T23:35:37.7155692Z   type: 'test'
2026-10-08T23:35:37.7155973Z   ...
2026-10-08T23:35:37.7156440Z # Subtest: Workspace may retain the authenticated joined Line until explicit close
2026-10-08T23:35:37.7157093Z ok 61 - Workspace may retain the authenticated joined Line until explicit close
2026-10-08T23:35:37.7157530Z   ---
2026-10-08T23:35:37.7157780Z   duration_ms: 2.126068
2026-10-08T23:35:37.7158387Z   type: 'test'
2026-10-08T23:35:37.7159184Z   ...
2026-10-08T23:35:37.7159608Z # Subtest: the same invitation exchange runs over a Web Serial stream
2026-10-08T23:35:37.7160166Z ok 62 - the same invitation exchange runs over a Web Serial stream
2026-10-08T23:35:37.7160555Z   ---
2026-10-08T23:35:37.7160817Z   duration_ms: 4.684861
2026-10-08T23:35:37.7161100Z   type: 'test'
2026-10-08T23:35:37.7161357Z   ...
2026-10-08T23:35:37.7239777Z # Subtest: physical target catalog admits exact evidence maxima and preserves finite refusals
2026-10-08T23:35:37.7268961Z ok 63 - physical target catalog admits exact evidence maxima and preserves finite refusals
2026-10-08T23:35:37.7277843Z   ---
2026-10-08T23:35:37.7278216Z   duration_ms: 2.624873
2026-10-08T23:35:37.7278732Z   type: 'test'
2026-10-08T23:35:37.7279058Z   ...
2026-10-08T23:35:37.7281075Z # Subtest: physical workflow cancels one bounded operation without accepting late truth
2026-10-08T23:35:37.7299100Z ok 64 - physical workflow cancels one bounded operation without accepting late truth
2026-10-08T23:35:37.7299630Z   ---
2026-10-08T23:35:37.7299895Z   duration_ms: 4.998246
2026-10-08T23:35:37.7300183Z   type: 'test'
2026-10-08T23:35:37.7300434Z   ...
2026-10-08T23:35:37.7300951Z # Subtest: physical workflow refuses oversized operation evidence before accepting its result
2026-10-08T23:35:37.7301722Z ok 65 - physical workflow refuses oversized operation evidence before accepting its result
2026-10-08T23:35:37.7302189Z   ---
2026-10-08T23:35:37.7302443Z   duration_ms: 1.727945
2026-10-08T23:35:37.7302727Z   type: 'test'
2026-10-08T23:35:37.7302976Z   ...
2026-10-08T23:35:37.7303463Z # Subtest: physical workflow delegates the exact observed join to its owning Body product
2026-10-08T23:35:37.7304200Z ok 66 - physical workflow delegates the exact observed join to its owning Body product
2026-10-08T23:35:37.7304680Z   ---
2026-10-08T23:35:37.7304927Z   duration_ms: 2.434895
2026-10-08T23:35:37.7305203Z   type: 'test'
2026-10-08T23:35:37.7305452Z   ...
2026-10-08T23:35:37.7306018Z # Subtest: Gallery handoff accepts one complete current identity and refuses substitution or ambiguous fields
2026-10-08T23:35:37.7306851Z ok 67 - Gallery handoff accepts one complete current identity and refuses substitution or ambiguous fields
2026-10-08T23:35:37.7307362Z   ---
2026-10-08T23:35:37.7307942Z   duration_ms: 0.75375
2026-10-08T23:35:37.7308224Z   type: 'test'
2026-10-08T23:35:37.7308578Z   ...
2026-10-08T23:35:37.7309077Z # Subtest: birth admission preserves selected source bytes without admitting the whole catalog
2026-10-08T23:35:37.7309807Z ok 68 - birth admission preserves selected source bytes without admitting the whole catalog
2026-10-08T23:35:37.7310271Z   ---
2026-10-08T23:35:37.7310517Z   duration_ms: 1.259807
2026-10-08T23:35:37.7310790Z   type: 'test'
2026-10-08T23:35:37.7311040Z   ...
2026-10-08T23:35:37.7311499Z # Subtest: long birth refusals retain their detail without overflowing a status label
2026-10-08T23:35:37.7312137Z ok 69 - long birth refusals retain their detail without overflowing a status label
2026-10-08T23:35:37.7312572Z   ---
2026-10-08T23:35:37.7312822Z   duration_ms: 1.58558
2026-10-08T23:35:37.7313093Z   type: 'test'
2026-10-08T23:35:37.7313345Z   ...
2026-10-08T23:35:37.7492928Z # Subtest: application and compatibility identities isolate state while compatible packages retain it
2026-10-08T23:35:37.7500099Z ok 70 - application and compatibility identities isolate state while compatible packages retain it
2026-10-08T23:35:37.7500715Z   ---
2026-10-08T23:35:37.7501069Z   duration_ms: 6.299505
2026-10-08T23:35:37.7501418Z   type: 'test'
2026-10-08T23:35:37.7501723Z   ...
2026-10-08T23:35:37.7502244Z # Subtest: ownership is lazy and a session caches its one Body without duplicate restore
2026-10-08T23:35:37.7502964Z ok 71 - ownership is lazy and a session caches its one Body without duplicate restore
2026-10-08T23:35:37.7503456Z   ---
2026-10-08T23:35:37.7503763Z   duration_ms: 1.07037
2026-10-08T23:35:37.7504080Z   type: 'test'
2026-10-08T23:35:37.7504379Z   ...
2026-10-08T23:35:37.7504861Z # Subtest: failed termination cannot clear state or release ownership
2026-10-08T23:35:37.7505810Z ok 72 - failed termination cannot clear state or release ownership
2026-10-08T23:35:37.7506211Z   ---
2026-10-08T23:35:37.7506494Z   duration_ms: 0.19869
2026-10-08T23:35:37.7506815Z   type: 'test'
2026-10-08T23:35:37.7507098Z   ...
2026-10-08T23:35:37.7507584Z # Subtest: forgetting unopened state acquires ownership; refused ownership cannot reset
2026-10-08T23:35:37.7508460Z ok 73 - forgetting unopened state acquires ownership; refused ownership cannot reset
2026-10-08T23:35:37.7508927Z   ---
2026-10-08T23:35:37.7509214Z   duration_ms: 0.167734
2026-10-08T23:35:37.7509518Z   type: 'test'
2026-10-08T23:35:37.7509803Z   ...
2026-10-08T23:35:37.7510346Z # Subtest: cooperative lock excludes competitors, releases explicitly, and retains Workspace default
2026-10-08T23:35:37.7511109Z ok 74 - cooperative lock excludes competitors, releases explicitly, and retains Workspace default
2026-10-08T23:35:37.7511593Z   ---
2026-10-08T23:35:37.7511899Z   duration_ms: 1.746033
2026-10-08T23:35:37.7512200Z   type: 'test'
2026-10-08T23:35:37.7512475Z   ...
2026-10-08T23:35:37.7514106Z # Subtest: close waits for an in-flight birth and its Body settlement before releasing
2026-10-08T23:35:37.7516214Z ok 75 - close waits for an in-flight birth and its Body settlement before releasing
2026-10-08T23:35:37.7516719Z   ---
2026-10-08T23:35:37.7517014Z   duration_ms: 0.255276
2026-10-08T23:35:37.7517336Z   type: 'test'
2026-10-08T23:35:37.7517692Z   ...
2026-10-08T23:35:37.7670982Z # Subtest: typed lifecycle refusals preserve their category, operation, evidence, and exact identities
2026-10-08T23:35:37.7689169Z ok 76 - typed lifecycle refusals preserve their category, operation, evidence, and exact identities
2026-10-08T23:35:37.7698853Z   ---
2026-10-08T23:35:37.7728870Z   duration_ms: 1.297253
2026-10-08T23:35:37.7729307Z   type: 'test'
2026-10-08T23:35:37.7750220Z   ...
2026-10-08T23:35:37.7750810Z # Subtest: BrowserHost cannot be made outside the admitted Conduit entrance
2026-10-08T23:35:37.7751530Z ok 77 - BrowserHost cannot be made outside the admitted Conduit entrance
2026-10-08T23:35:37.7751992Z   ---
2026-10-08T23:35:37.7752297Z   duration_ms: 0.530774
2026-10-08T23:35:37.7752626Z   type: 'test'
2026-10-08T23:35:37.7753283Z   ...
2026-10-08T23:35:37.7782078Z # Subtest: snapshot projection is the immutable exact Workspace response
2026-10-08T23:35:37.7805207Z ok 78 - snapshot projection is the immutable exact Workspace response
2026-10-08T23:35:37.7805749Z   ---
2026-10-08T23:35:37.7806072Z   duration_ms: 0.952952
2026-10-08T23:35:37.7806411Z   type: 'test'
2026-10-08T23:35:37.7806712Z   ...
2026-10-08T23:35:37.7807237Z # Subtest: lifecycle events correlate the exact retained biography record and sign
2026-10-08T23:35:37.7807948Z ok 79 - lifecycle events correlate the exact retained biography record and sign
2026-10-08T23:35:37.7808573Z   ---
2026-10-08T23:35:37.7808865Z   duration_ms: 0.534989
2026-10-08T23:35:37.7809184Z   type: 'test'
2026-10-08T23:35:37.7809509Z   ...
2026-10-08T23:35:37.7810075Z # Subtest: host offer transitions report observed changes and coalesced generation advances
2026-10-08T23:35:37.7810825Z ok 80 - host offer transitions report observed changes and coalesced generation advances
2026-10-08T23:35:37.7811339Z   ---
2026-10-08T23:35:37.7811626Z   duration_ms: 1.054036
2026-10-08T23:35:37.7811953Z   type: 'test'
2026-10-08T23:35:37.7812249Z   ...
2026-10-08T23:35:37.7812778Z # Subtest: event streams replay only when requested and release their finite subscription
2026-10-08T23:35:37.7813526Z ok 81 - event streams replay only when requested and release their finite subscription
2026-10-08T23:35:37.7814024Z   ---
2026-10-08T23:35:37.7814322Z   duration_ms: 0.360195
2026-10-08T23:35:37.7814644Z   type: 'test'
2026-10-08T23:35:37.7814944Z   ...
2026-10-08T23:35:37.7815483Z # Subtest: unrequested replay starts from current evidence and polling bounds are enforced
2026-10-08T23:35:37.7816240Z ok 82 - unrequested replay starts from current evidence and polling bounds are enforced
2026-10-08T23:35:37.7817051Z   ---
2026-10-08T23:35:37.7817355Z   duration_ms: 0.623914
2026-10-08T23:35:37.7817746Z   type: 'test'
2026-10-08T23:35:37.7818047Z   ...
2026-10-08T23:35:37.7818746Z # Subtest: compaction is reported from its retained boundary before later biography records
2026-10-08T23:35:37.7819531Z ok 83 - compaction is reported from its retained boundary before later biography records
2026-10-08T23:35:37.7820037Z   ---
2026-10-08T23:35:37.7820333Z   duration_ms: 0.297721
2026-10-08T23:35:37.7820654Z   type: 'test'
2026-10-08T23:35:37.7820955Z   ...
2026-10-08T23:35:37.7918710Z # Subtest: browser Face controls pass only named, bounded values from the current action
2026-10-08T23:35:37.7924128Z ok 84 - browser Face controls pass only named, bounded values from the current action
2026-10-08T23:35:37.7924697Z   ---
2026-10-08T23:35:37.7925025Z   duration_ms: 1.093665
2026-10-08T23:35:37.7925370Z   type: 'test'
2026-10-08T23:35:37.7925682Z   ...
2026-10-08T23:35:37.7926278Z # Subtest: actions with no arguments are ordinary buttons; nontext without choices is unavailable
2026-10-08T23:35:37.7934057Z ok 85 - actions with no arguments are ordinary buttons; nontext without choices is unavailable
2026-10-08T23:35:37.7934676Z   ---
2026-10-08T23:35:37.7935000Z   duration_ms: 0.132421
2026-10-08T23:35:37.7935334Z   type: 'test'
2026-10-08T23:35:37.7935641Z   ...
2026-10-08T23:35:37.8360196Z # Subtest: Face snapshot uses one bounded same-origin SDK request
2026-10-08T23:35:37.8389301Z ok 86 - Face snapshot uses one bounded same-origin SDK request
2026-10-08T23:35:37.8389709Z   ---
2026-10-08T23:35:37.8389931Z   duration_ms: 22.312558
2026-10-08T23:35:37.8390194Z   type: 'test'
2026-10-08T23:35:37.8390378Z   ...
2026-10-08T23:35:37.8390758Z # Subtest: Face interaction carries exact caller-owned semantic basis
2026-10-08T23:35:37.8391235Z ok 87 - Face interaction carries exact caller-owned semantic basis
2026-10-08T23:35:37.8391567Z   ---
2026-10-08T23:35:37.8391798Z   duration_ms: 0.444122
2026-10-08T23:35:37.8392013Z   type: 'test'
2026-10-08T23:35:37.8392194Z   ...
2026-10-08T23:35:37.8392543Z # Subtest: Face client refuses failed, empty, and oversized responses
2026-10-08T23:35:37.8393451Z ok 88 - Face client refuses failed, empty, and oversized responses
2026-10-08T23:35:37.8393767Z   ---
2026-10-08T23:35:37.8393947Z   duration_ms: 1.164723
2026-10-08T23:35:37.8394151Z   type: 'test'
2026-10-08T23:35:37.8394331Z   ...
2026-10-08T23:35:37.8463881Z # Subtest: Plot check projects Rust source and checked identities without parsing in JavaScript
2026-10-08T23:35:37.8485920Z ok 89 - Plot check projects Rust source and checked identities without parsing in JavaScript
2026-10-08T23:35:37.8487329Z   ---
2026-10-08T23:35:37.8487708Z   duration_ms: 1.039774
2026-10-08T23:35:37.8488088Z   type: 'test'
2026-10-08T23:35:37.8488533Z   ...
2026-10-08T23:35:37.8489134Z # Subtest: invalid source returns canonical diagnostics and parser spans without prose scraping
2026-10-08T23:35:37.8489989Z ok 90 - invalid source returns canonical diagnostics and parser spans without prose scraping
2026-10-08T23:35:37.8490546Z   ---
2026-10-08T23:35:37.8490893Z   duration_ms: 0.192491
2026-10-08T23:35:37.8491265Z   type: 'test'
2026-10-08T23:35:37.8491606Z   ...
2026-10-08T23:35:37.8492226Z # Subtest: Plot Patchbay exposes immutable Rust-checked Front constraints without creating a Body
2026-10-08T23:35:37.8493113Z ok 91 - Plot Patchbay exposes immutable Rust-checked Front constraints without creating a Body
2026-10-08T23:35:37.8493692Z   ---
2026-10-08T23:35:37.8494038Z   duration_ms: 0.393876
2026-10-08T23:35:37.8494404Z   type: 'test'
2026-10-08T23:35:37.8494745Z   ...
2026-10-08T23:35:37.8495463Z # Subtest: Host workload review returns bounded realization requirements without creating a Plan or acquiring resources
2026-10-08T23:35:37.8496496Z ok 92 - Host workload review returns bounded realization requirements without creating a Plan or acquiring resources
2026-10-08T23:35:37.8497481Z   ---
2026-10-08T23:35:37.8497832Z   duration_ms: 0.400696
2026-10-08T23:35:37.8498199Z   type: 'test'
2026-10-08T23:35:37.8498677Z   ...
2026-10-08T23:35:37.8499268Z # Subtest: workset changes send canonical checked identity and exact observed workload revision
2026-10-08T23:35:37.8500070Z ok 93 - workset changes send canonical checked identity and exact observed workload revision
2026-10-08T23:35:37.8500603Z   ---
2026-10-08T23:35:37.8500886Z   duration_ms: 1.164562
2026-10-08T23:35:37.8501239Z   type: 'test'
2026-10-08T23:35:37.8501564Z   ...
2026-10-08T23:35:37.8502115Z # Subtest: Body Patchbay uses the Rust projection and binds it to exact Body and Boot truth
2026-10-08T23:35:37.8502871Z ok 94 - Body Patchbay uses the Rust projection and binds it to exact Body and Boot truth
2026-10-08T23:35:37.8503402Z   ---
2026-10-08T23:35:37.8503757Z   duration_ms: 0.438113
2026-10-08T23:35:37.8504149Z   type: 'test'
2026-10-08T23:35:37.8504527Z   ...
2026-10-08T23:35:37.8505018Z # Subtest: workset refusal retains the exact expected revision
2026-10-08T23:35:37.8505591Z ok 95 - workset refusal retains the exact expected revision
2026-10-08T23:35:37.8506025Z   ---
2026-10-08T23:35:37.8506350Z   duration_ms: 0.645226
2026-10-08T23:35:37.8506695Z   type: 'test'
2026-10-08T23:35:37.8507008Z   ...
2026-10-08T23:35:37.8507499Z # Subtest: durable birth retains runtime-owned Body truth with its freshly checked source
2026-10-08T23:35:37.8508228Z ok 96 - durable birth retains runtime-owned Body truth with its freshly checked source
2026-10-08T23:35:37.8509109Z   ---
2026-10-08T23:35:37.8509430Z   duration_ms: 0.25141
2026-10-08T23:35:37.8509783Z   type: 'test'
2026-10-08T23:35:37.8510104Z   ...
2026-10-08T23:35:37.8510668Z # Subtest: recover rechecks retained Plots and restores the same Body under the fresh Boot without a Play
2026-10-08T23:35:37.8511500Z ok 97 - recover rechecks retained Plots and restores the same Body under the fresh Boot without a Play
2026-10-08T23:35:37.8512058Z   ---
2026-10-08T23:35:37.8512381Z   duration_ms: 0.525966
2026-10-08T23:35:37.8512738Z   type: 'test'
2026-10-08T23:35:37.8513064Z   ...
2026-10-08T23:35:37.8513575Z # Subtest: birth refuses to overwrite a retained Body that requires recovery
2026-10-08T23:35:37.8514437Z ok 98 - birth refuses to overwrite a retained Body that requires recovery
2026-10-08T23:35:37.8514921Z   ---
2026-10-08T23:35:37.8515245Z   duration_ms: 0.389719
2026-10-08T23:35:37.8515618Z   type: 'test'
2026-10-08T23:35:37.8515946Z   ...
2026-10-08T23:35:37.8516515Z # Subtest: recover refuses retained Plot identities that no longer match canonical checking
2026-10-08T23:35:37.8517284Z ok 99 - recover refuses retained Plot identities that no longer match canonical checking
2026-10-08T23:35:37.8517812Z   ---
2026-10-08T23:35:37.8518140Z   duration_ms: 0.21194
2026-10-08T23:35:37.8518647Z   type: 'test'
2026-10-08T23:35:37.8518984Z   ...
2026-10-08T23:35:37.8519509Z # Subtest: closing a Body settles admitted selection before fencing stale handles
2026-10-08T23:35:37.8520213Z ok 100 - closing a Body settles admitted selection before fencing stale handles
2026-10-08T23:35:37.8520715Z   ---
2026-10-08T23:35:37.8521045Z   duration_ms: 0.45599
2026-10-08T23:35:37.8521400Z   type: 'test'
2026-10-08T23:35:37.8521728Z   ...
2026-10-08T23:35:37.8522378Z # Subtest: bundled edits retain reviewed presentation profiles and Patchbay projects exact foreground source
2026-10-08T23:35:37.8523290Z ok 101 - bundled edits retain reviewed presentation profiles and Patchbay projects exact foreground source
2026-10-08T23:35:37.8523882Z   ---
2026-10-08T23:35:37.8524266Z   duration_ms: 0.704416
2026-10-08T23:35:37.8524623Z   type: 'test'
2026-10-08T23:35:37.8524954Z   ...
2026-10-08T23:35:37.8525509Z # Subtest: adapter forwards incomplete and Unicode source unchanged to native ABI
2026-10-08T23:35:37.8526244Z ok 102 - adapter forwards incomplete and Unicode source unchanged to native ABI
2026-10-08T23:35:37.8526767Z   ---
2026-10-08T23:35:37.8527093Z   duration_ms: 1.518929
2026-10-08T23:35:37.8527453Z   type: 'test'
2026-10-08T23:35:37.8527929Z   ...
2026-10-08T23:35:37.8528641Z # Subtest: byte overflow and malformed Unicode refuse before invoking native ABI
2026-10-08T23:35:37.8529372Z ok 103 - byte overflow and malformed Unicode refuse before invoking native ABI
2026-10-08T23:35:37.8529874Z   ---
2026-10-08T23:35:37.8530297Z   duration_ms: 1.522785
2026-10-08T23:35:37.8530700Z   type: 'test'
2026-10-08T23:35:37.8531035Z   ...
2026-10-08T23:35:37.8531497Z # Subtest: refuses malformed native projection: wrong protocol
2026-10-08T23:35:37.8532102Z ok 104 - refuses malformed native projection: wrong protocol
2026-10-08T23:35:37.8532552Z   ---
2026-10-08T23:35:37.8532882Z   duration_ms: 0.213563
2026-10-08T23:35:37.8533241Z   type: 'test'
2026-10-08T23:35:37.8533580Z   ...
2026-10-08T23:35:37.8534054Z # Subtest: refuses malformed native projection: wrong length
2026-10-08T23:35:37.8534614Z ok 105 - refuses malformed native projection: wrong length
2026-10-08T23:35:37.8535079Z   ---
2026-10-08T23:35:37.8535414Z   duration_ms: 0.228245
2026-10-08T23:35:37.8535784Z   type: 'test'
2026-10-08T23:35:37.8536118Z   ...
2026-10-08T23:35:37.8536574Z # Subtest: refuses malformed native projection: unknown kind
2026-10-08T23:35:37.8537155Z ok 106 - refuses malformed native projection: unknown kind
2026-10-08T23:35:37.8537600Z   ---
2026-10-08T23:35:37.8537923Z   duration_ms: 0.267094
2026-10-08T23:35:37.8538382Z   type: 'test'
2026-10-08T23:35:37.8538706Z   ...
2026-10-08T23:35:37.8539079Z # Subtest: refuses malformed native projection: gap
2026-10-08T23:35:37.8539587Z ok 107 - refuses malformed native projection: gap
2026-10-08T23:35:37.8540003Z   ---
2026-10-08T23:35:37.8540528Z   duration_ms: 0.19821
2026-10-08T23:35:37.8540885Z   type: 'test'
2026-10-08T23:35:37.8541214Z   ...
2026-10-08T23:35:37.8541678Z # Subtest: refuses malformed native projection: split UTF-8
2026-10-08T23:35:37.8542260Z ok 108 - refuses malformed native projection: split UTF-8
2026-10-08T23:35:37.8542706Z   ---
2026-10-08T23:35:37.8543039Z   duration_ms: 0.255947
2026-10-08T23:35:37.8543404Z   type: 'test'
2026-10-08T23:35:37.8543735Z   ...
2026-10-08T23:35:37.8544133Z # Subtest: native refusal remains a refusal
2026-10-08T23:35:37.8544614Z ok 109 - native refusal remains a refusal
2026-10-08T23:35:37.8545021Z   ---
2026-10-08T23:35:37.8545481Z   duration_ms: 0.232862
2026-10-08T23:35:37.8545850Z   type: 'test'
2026-10-08T23:35:37.8546185Z   ...
2026-10-08T23:35:37.8833429Z # Subtest: wardrobe preserves exact owner revision and distinguishes route availability from policy
2026-10-08T23:35:37.8835517Z ok 110 - wardrobe preserves exact owner revision and distinguishes route availability from policy
2026-10-08T23:35:37.8836092Z   ---
2026-10-08T23:35:37.8836409Z   duration_ms: 1.721095
2026-10-08T23:35:37.8836753Z   type: 'test'
2026-10-08T23:35:37.8837050Z   ...
2026-10-08T23:35:37.8861867Z # Subtest: wardrobe refuses stale identities, invented routes, and malformed selection
2026-10-08T23:35:37.8862693Z ok 111 - wardrobe refuses stale identities, invented routes, and malformed selection
2026-10-08T23:35:37.8863247Z   ---
2026-10-08T23:35:37.8863569Z   duration_ms: 0.311792
2026-10-08T23:35:37.8863914Z   type: 'test'
2026-10-08T23:35:37.8864224Z   ...
2026-10-08T23:35:38.4492648Z # Subtest: targets/browser/sdk/package-browser-bundle.test.mjs
2026-10-08T23:35:38.4493241Z ok 19 - targets/browser/sdk/package-browser-bundle.test.mjs
2026-10-08T23:35:38.4493563Z   ---
2026-10-08T23:35:38.4493776Z   duration_ms: 603.744045
2026-10-08T23:35:38.4493994Z   type: 'test'
2026-10-08T23:35:38.4494173Z   ...
2026-10-08T23:35:38.4494616Z # Subtest: policy precedes executable assets while preserving SVG and authored markup
2026-10-08T23:35:38.4495068Z ok 113 - policy precedes executable assets while preserving SVG and authored markup
2026-10-08T23:35:38.4495298Z   ---
2026-10-08T23:35:38.4495413Z   duration_ms: 0.8583
2026-10-08T23:35:38.4495544Z   type: 'test'
2026-10-08T23:35:38.4495657Z   ...
2026-10-08T23:35:38.4495922Z # Subtest: policy permits reviewed module and Wasm loading without script eval or backend origins
2026-10-08T23:35:38.4496563Z ok 114 - policy permits reviewed module and Wasm loading without script eval or backend origins
2026-10-08T23:35:38.4496805Z   ---
2026-10-08T23:35:38.4496921Z   duration_ms: 0.699348
2026-10-08T23:35:38.4497055Z   type: 'test'
2026-10-08T23:35:38.4497170Z   ...
2026-10-08T23:35:38.4497410Z # Subtest: existing tighter policy survives and headless fragments refuse packaging
2026-10-08T23:35:38.4497759Z ok 115 - existing tighter policy survives and headless fragments refuse packaging
2026-10-08T23:35:38.4497976Z   ---
2026-10-08T23:35:38.4498092Z   duration_ms: 0.362269
2026-10-08T23:35:38.4498221Z   type: 'test'
2026-10-08T23:35:38.4498881Z   ...
2026-10-08T23:35:38.4499126Z # Subtest: explicit owner window widens only its document to bounded loopback WebSockets
2026-10-08T23:35:38.4499485Z ok 116 - explicit owner window widens only its document to bounded loopback WebSockets
2026-10-08T23:35:38.4499709Z   ---
2026-10-08T23:35:38.4499819Z   duration_ms: 0.236127
2026-10-08T23:35:38.4499956Z   type: 'test'
2026-10-08T23:35:38.4500069Z   ...
2026-10-08T23:35:38.4500179Z 1..116
2026-10-08T23:35:38.4500290Z # tests 116
2026-10-08T23:35:38.4500402Z # suites 0
2026-10-08T23:35:38.4500515Z # pass 116
2026-10-08T23:35:38.4500632Z # fail 0
2026-10-08T23:35:38.4500746Z # cancelled 0
2026-10-08T23:35:38.4500863Z # skipped 0
2026-10-08T23:35:38.4500973Z # todo 0
2026-10-08T23:35:38.4501093Z # duration_ms 977.310268
2026-10-08T23:35:38.4546264Z > node proof/browser/node_modules/@playwright/test/cli.js test --config proof/browser/playwright.config.mjs --project chromium --workers 1 --retries 0 workspace-arrival.spec.mjs workspace-birth-naming.spec.mjs sdk-external-body-execution.spec.mjs workspace-membership.spec.mjs workspace-library.spec.mjs workspace-resident-applications.spec.mjs workspace-continuity.spec.mjs workspace-shared-journey.spec.mjs field-station-clock.spec.mjs sdk-body-participation.spec.mjs static-body-application.spec.mjs creche-browser-configuration.spec.mjs creche-rendezvous.spec.mjs signal-dom-host.spec.mjs browser-body-time.spec.mjs browser-host-calls.spec.mjs browser-pointer.spec.mjs browser-human-input.spec.mjs browser-host-entrance.spec.mjs browser-media-host.spec.mjs browser-device-base.spec.mjs browser-usb-device-base.spec.mjs rp2040-browser-deployment.spec.mjs esp32-browser-deployment.spec.mjs
2026-10-08T23:35:39.8470527Z 
2026-10-08T23:35:39.8471185Z Running 100 tests using 1 worker
2026-10-08T23:35:39.8471447Z 
2026-10-08T23:35:40.0923927Z [1/100] [chromium] › proof/browser/browser-body-time.spec.mjs:5:1 › real browser monotonic timer ignores wall-clock steps
2026-10-08T23:35:40.4570770Z [2/100] [chromium] › proof/browser/browser-body-time.spec.mjs:38:1 › Chromium and native std process reconcile their distinct monotonic bases
2026-10-08T23:35:50.0160816Z [3/100] [chromium] › proof/browser/browser-device-base.spec.mjs:119:1 › superset WebSerial adapter refuses PROFILE omission before the chooser
2026-10-08T23:35:50.2382812Z [4/100] [chromium] › proof/browser/browser-device-base.spec.mjs:143:1 › explicit Web Serial acquisition creates one exact finite Base then bounded use
2026-10-08T23:35:50.5784412Z [5/100] [chromium] › proof/browser/browser-device-base.spec.mjs:235:1 › one admitted serial read bounds internal bytes, browser chunks, and elapsed time
2026-10-08T23:35:51.2835125Z [6/100] [chromium] › proof/browser/browser-device-base.spec.mjs:352:1 › permission, selection, API, and open failures remain distinct
2026-10-08T23:35:52.2194234Z [7/100] [chromium] › proof/browser/browser-device-base.spec.mjs:380:1 › disconnect and page cancellation terminate without retry or replacement
2026-10-08T23:35:52.9910436Z [8/100] [chromium] › proof/browser/browser-host-calls.spec.mjs:3:1 › artifact handoff requires activation and carries exact admitted bytes
2026-10-08T23:35:53.1060295Z [9/100] [chromium] › proof/browser/browser-host-calls.spec.mjs:26:1 › history movement is presentation-scoped and exactly correlated
2026-10-08T23:35:53.2010780Z [10/100] [chromium] › proof/browser/browser-host-calls.spec.mjs:41:1 › profile-gated device choice returns bounded browser-visible resource truth only
2026-10-08T23:35:53.3059065Z [11/100] [chromium] › proof/browser/browser-host-entrance.spec.mjs:40:1 › shows bounded startup suspense until the browser Host is ready
2026-10-08T23:35:54.3280097Z [12/100] [chromium] › proof/browser/browser-host-entrance.spec.mjs:62:1 › independent entrances own distinct Hosts while reload retains Host and replaces Boot
2026-10-08T23:35:54.8521760Z [13/100] [chromium] › proof/browser/browser-human-input.spec.mjs:3:1 › document-wide input leaves native controls operable without an admitted key request
2026-10-08T23:35:54.9764935Z [14/100] [chromium] › proof/browser/browser-human-input.spec.mjs:12:1 › ordered button transitions survive gaps between Host requests and refuse overflow
2026-10-08T23:35:55.1997846Z [15/100] [chromium] › proof/browser/browser-human-input.spec.mjs:39:1 › queued button release cannot survive a replacement Boot
2026-10-08T23:35:55.3113249Z [16/100] [chromium] › proof/browser/browser-human-input.spec.mjs:52:1 › selected keyboard and pointer adapt real Chromium actions to portable values
2026-10-08T23:35:55.4355899Z [17/100] [chromium] › proof/browser/browser-human-input.spec.mjs:91:1 › ordered keyboard transitions survive gaps between Host requests and refuse overflow
2026-10-08T23:35:55.5498463Z [18/100] [chromium] › proof/browser/browser-human-input.spec.mjs:111:1 › profile omission, finite pressure, cancellation, and stale Boot stay distinct
2026-10-08T23:35:55.6980136Z [19/100] [chromium] › proof/browser/browser-human-input.spec.mjs:134:1 › focus loss is recoverable while page loss is terminal
2026-10-08T23:35:55.7906610Z [20/100] [chromium] › proof/browser/browser-human-input.spec.mjs:149:1 › Body routing reuses one pointer slot for 100,000 browser observations
2026-10-08T23:35:56.2205006Z [21/100] [chromium] › proof/browser/browser-media-host.spec.mjs:28:1 › superset adapter cannot acquire media omitted from the selected PROFILE
2026-10-08T23:35:56.5514789Z [22/100] [chromium] › proof/browser/browser-media-host.spec.mjs:47:1 › two independent Hosts acquire and consume bounded camera and microphone values
2026-10-08T23:35:57.1712987Z [23/100] [chromium] › proof/browser/browser-media-host.spec.mjs:79:3 › deterministic adapter preserves denial
2026-10-08T23:35:57.4128235Z [24/100] [chromium] › proof/browser/browser-media-host.spec.mjs:79:3 › deterministic adapter preserves dismissal
2026-10-08T23:35:57.6813930Z [25/100] [chromium] › proof/browser/browser-media-host.spec.mjs:79:3 › deterministic adapter preserves unsupported constraints
2026-10-08T23:35:57.9485676Z [26/100] [chromium] › proof/browser/browser-pointer.spec.mjs:3:1 › real Chromium pointer input crosses the planned production kernel
2026-10-08T23:35:58.2059278Z [27/100] [chromium] › proof/browser/browser-usb-device-base.spec.mjs:110:1 › superset WebUSB adapter refuses PROFILE omission before the chooser
2026-10-08T23:35:58.4035063Z [28/100] [chromium] › proof/browser/browser-usb-device-base.spec.mjs:134:1 › explicit WebUSB acquisition creates one exact finite Base then bounded use
2026-10-08T23:35:58.7307998Z [29/100] [chromium] › proof/browser/browser-usb-device-base.spec.mjs:212:1 › selection, API, open, configuration, interface, and alternate failures remain distinct
2026-10-08T23:36:00.5185239Z [30/100] [chromium] › proof/browser/browser-usb-device-base.spec.mjs:262:1 › control transfers and zero-length acknowledgements remain finite Base truth
2026-10-08T23:36:00.7599571Z [31/100] [chromium] › proof/browser/browser-usb-device-base.spec.mjs:328:1 › disconnect, cancellation, overflow, and stalled transfer terminate without replacement
2026-10-08T23:36:01.8338037Z [32/100] [chromium] › proof/browser/creche-browser-configuration.spec.mjs:11:1 › Crèche evidence budgets cover the release runtime's canonical advertisement and join envelope
2026-10-08T23:36:01.9044804Z [33/100] [chromium] › proof/browser/creche-browser-configuration.spec.mjs:24:1 › one reviewed distribution makes materially different, capability-enforcing browser Hosts
2026-10-08T23:36:14.4798545Z [34/100] [chromium] › proof/browser/creche-browser-configuration.spec.mjs:87:1 › browser outfitting is catalog-driven, editable, and handed to checked make
2026-10-08T23:36:17.9138938Z [35/100] [chromium] › proof/browser/creche-browser-configuration.spec.mjs:142:1 › stale restored browser choices are refused before lifecycle change
2026-10-08T23:36:18.6499486Z [36/100] [chromium] › proof/browser/creche-rendezvous.spec.mjs:19:1 › a rendezvous code admits one already-running raw Host through the web Crèche
2026-10-08T23:36:21.2214735Z [37/100] [chromium] › proof/browser/esp32-browser-deployment.spec.mjs:177:1 › exact ESP32 IMAGE deploys through one finite Web Serial Base without runtime promotion
2026-10-08T23:36:21.5129171Z [38/100] [chromium] › proof/browser/esp32-browser-deployment.spec.mjs:222:1 › two Bodies produce distinct native ESP32 images with recoverable provisioning
2026-10-08T23:36:21.8603701Z [39/100] [chromium] › proof/browser/esp32-browser-deployment.spec.mjs:276:1 › wrong chip and flash verification mismatch remain distinct terminal refusals
2026-10-08T23:36:22.3788867Z [40/100] [chromium] › proof/browser/esp32-browser-deployment.spec.mjs:296:1 › insufficient serial operation budget refuses before use or reset
2026-10-08T23:36:22.6026888Z [41/100] [chromium] › proof/browser/esp32-browser-deployment.spec.mjs:308:1 › stale body-bound artifact content refuses before serial use
2026-10-08T23:36:22.8241316Z [42/100] [chromium] › proof/browser/esp32-browser-deployment.spec.mjs:322:1 › IMAGE chip incompatibility refuses before serial use
2026-10-08T23:36:23.0382377Z [43/100] [chromium] › proof/browser/esp32-browser-deployment.spec.mjs:336:1 › reset-line and serial-transfer failures remain distinct terminals
2026-10-08T23:36:23.6029891Z [44/100] [chromium] › proof/browser/esp32-browser-deployment.spec.mjs:354:1 › WROOM and S3 retain their distinct chip observations and bootloader offsets
2026-10-08T23:36:24.1184593Z [45/100] [chromium] › proof/browser/field-station-clock.spec.mjs:10:1 › an external page recovers one Clock Body across a fresh Boot without resurrecting its Play
2026-10-08T23:36:28.2402175Z [46/100] [chromium] › proof/browser/rp2040-browser-deployment.spec.mjs:215:1 › target-owned make returns exact attributable bytes through two local strategies
2026-10-08T23:36:28.3566031Z [47/100] [chromium] › proof/browser/rp2040-browser-deployment.spec.mjs:275:1 › one reviewed IMAGE yields distinct directly plantable body-bound UF2 spores
2026-10-08T23:36:28.4748516Z [48/100] [chromium] › proof/browser/rp2040-browser-deployment.spec.mjs:338:1 › browser serial observes a distinct fresh Boot and invitation-bound Pico join
2026-10-08T23:36:28.7275556Z [49/100] [chromium] › proof/browser/rp2040-browser-deployment.spec.mjs:411:1 › expired invitation and join-to-advertisement mismatch refuse before admission
2026-10-08T23:36:28.9674463Z [50/100] [chromium] › proof/browser/rp2040-browser-deployment.spec.mjs:468:1 › exact RP2040 UF2 deploys through one finite WebUSB Base without runtime promotion
2026-10-08T23:36:29.2133112Z [51/100] [chromium] › proof/browser/rp2040-browser-deployment.spec.mjs:576:1 › running accepted firmware acknowledges a build-bound BOOTSEL reboot through Web Serial
2026-10-08T23:36:29.4513293Z [52/100] [chromium] › proof/browser/rp2040-browser-deployment.spec.mjs:609:1 › wrong IMAGE family and stale command status refuse without deployment success
2026-10-08T23:36:29.6807415Z [53/100] [chromium] › proof/browser/sdk-body-participation.spec.mjs:10:1 › the browser SDK lends its exact admitted Host and Boot to an external Body
2026-10-08T23:36:30.5032287Z [54/100] [chromium] › proof/browser/sdk-body-participation.spec.mjs:72:1 › Host admission and refresh do not require or paint an application surface
2026-10-08T23:36:30.8665042Z [55/100] [chromium] › proof/browser/sdk-body-participation.spec.mjs:99:1 › a rootless Host refuses Body execution before acquiring a missing application surface
2026-10-08T23:36:31.3062856Z [56/100] [chromium] › proof/browser/sdk-external-body-execution.spec.mjs:15:1 › a Workspace Body continues through the browser SDK without a Patchbay page runtime
2026-10-08T23:36:38.0820218Z [57/100] [chromium] › proof/browser/sdk-external-body-execution.spec.mjs:59:1 › Rosehip measurement processing and bounded history continue through the SDK
2026-10-08T23:36:39.9504932Z [58/100] [chromium] › proof/browser/signal-dom-host.spec.mjs:3:1 › two actual page hosts retain bounded exactly correlated DOM receipts
2026-10-08T23:36:44.4430184Z [59/100] [chromium] › proof/browser/static-body-application.spec.mjs:27:1 › static Handbook applications retain independent local Bodies through use, navigation, exclusion, reset and browser restart
2026-10-08T23:37:04.1202764Z [60/100] [chromium] › proof/browser/workspace-arrival.spec.mjs:22:1 › Birth hands off to a Lulled Body; Wake starts listening Plots and reload preserves the body
2026-10-08T23:37:08.7142099Z [61/100] [chromium] › proof/browser/workspace-arrival.spec.mjs:87:1 › a failed started-state save cancels the real Play before dispatching effects
2026-10-08T23:37:11.7933635Z [62/100] [chromium] › proof/browser/workspace-arrival.spec.mjs:120:1 › a second window cannot recover a body while its first host is alive
2026-10-08T23:37:14.1866978Z [63/100] [chromium] › proof/browser/workspace-arrival.spec.mjs:135:1 › Birth and the listening surface fit a narrow window
2026-10-08T23:37:16.2448504Z [64/100] [chromium] › proof/browser/workspace-arrival.spec.mjs:149:1 › an intentionally empty Body remains lulled without inventing a play
2026-10-08T23:37:18.3236542Z [65/100] [chromium] › proof/browser/workspace-arrival.spec.mjs:169:1 › contextual tutorial follows the real Body instead of retaining lesson progress
2026-10-08T23:37:21.7007558Z [66/100] [chromium] › proof/browser/workspace-arrival.spec.mjs:188:1 › explicit Finish retires work, records provenance, and restores as read-only Fulfilled history
2026-10-08T23:37:25.0571209Z [67/100] [chromium] › proof/browser/workspace-arrival.spec.mjs:234:1 › a sound-only Body renders the original cue through real browser audio and settles idle
2026-10-08T23:37:29.7989416Z [68/100] [chromium] › proof/browser/workspace-arrival.spec.mjs:261:1 › first-wake audio stays silent after reload of the same body with a fresh Boot
2026-10-08T23:37:34.5807352Z [69/100] [chromium] › proof/browser/workspace-arrival.spec.mjs:284:1 › removing the default cue survives reload and a later first-wake installation stays silent
2026-10-08T23:37:48.4853991Z [70/100] [chromium] › proof/browser/workspace-arrival.spec.mjs:327:1 › unavailable audio is omitted by default and an explicitly installed cue cannot stop other Plots
2026-10-08T23:37:52.5233199Z [71/100] [chromium] › proof/browser/workspace-arrival.spec.mjs:342:1 › a suspended real audio context reports denial while the body keeps listening
2026-10-08T23:37:56.8312639Z [72/100] [chromium] › proof/browser/workspace-arrival.spec.mjs:359:1 › Workspace Birth binds naming, search, exact selection, review, and receipt
2026-10-08T23:37:59.1675406Z [73/100] [chromium] › proof/browser/workspace-arrival.spec.mjs:427:1 › Workspace Birth serves the canonical reviewed inventory source without edits
2026-10-08T23:38:00.5154904Z [74/100] [chromium] › proof/browser/workspace-arrival.spec.mjs:445:1 › Workspace Birth controls remain bounded and usable at a narrow width
2026-10-08T23:38:01.2734785Z [75/100] [chromium] › proof/browser/workspace-birth-naming.spec.mjs:11:1 › Workspace Birth suggestions expose diverse structures while remaining editable metadata
2026-10-08T23:38:03.6859560Z [76/100] [chromium] › proof/browser/workspace-continuity.spec.mjs:16:1 › Workspace returns a retained Body to its Plots without a parallel application
2026-10-08T23:38:09.0630153Z [77/100] [chromium] › proof/browser/workspace-library.spec.mjs:25:1 › five ordinary plots start together beyond the old aggregate placement ceiling
2026-10-08T23:38:12.6765863Z [78/100] [chromium] › proof/browser/workspace-library.spec.mjs:38:1 › repeated Wake and Lull compacts retained evidence instead of exhausting lifecycle Signs
2026-10-08T23:38:24.9388631Z [79/100] [chromium] › proof/browser/workspace-library.spec.mjs:54:1 › Use installs into the same body; repeated Use preserves Play and removal survives reload
2026-10-08T23:38:43.0636607Z [80/100] [chromium] › proof/browser/workspace-library.spec.mjs:110:1 › Pocket Theremin plays continuous two-axis PCM on the browser host
2026-10-08T23:38:52.5746146Z [81/100] [chromium] › proof/browser/workspace-library.spec.mjs:175:1 › the reviewed shelf reveals conversation Plots without pretending this browser can run them
2026-10-08T23:39:00.2796227Z [82/100] [chromium] › proof/browser/workspace-library.spec.mjs:191:1 › window focus loss retires the pending Play and lets the same body wake again
2026-10-08T23:39:04.0173666Z [83/100] [chromium] › proof/browser/workspace-library.spec.mjs:206:1 › removing the final Plot retains an empty Body that can acquire Plots again
2026-10-08T23:39:18.2900671Z [84/100] [chromium] › proof/browser/workspace-library.spec.mjs:237:1 › a failed workset save stops before replacement effects and reload recovers the saved workload
2026-10-08T23:39:27.1136182Z [85/100] [chromium] › proof/browser/workspace-library.spec.mjs:291:1 › a Gallery handoff installs in the retained body and cannot reinstall a later removed Plot on reload
2026-10-08T23:39:37.6596833Z [86/100] [chromium] › proof/browser/workspace-library.spec.mjs:311:1 › a new Gallery arrival selects the plot in the actual Crèche; a stale handoff leaves the body usable
2026-10-08T23:39:42.8090656Z [87/100] [chromium] › proof/browser/workspace-library.spec.mjs:332:3 › Gallery Plot Firefly Choir is resident and repeatedly usable in the body
2026-10-08T23:39:47.1230426Z [88/100] [chromium] › proof/browser/workspace-library.spec.mjs:332:3 › Gallery Plot Night Radio is resident and repeatedly usable in the body
2026-10-08T23:39:49.3252958Z [89/100] [chromium] › proof/browser/workspace-library.spec.mjs:332:3 › Gallery Plot Secret Knock is resident and repeatedly usable in the body
2026-10-08T23:39:52.2276121Z [90/100] [chromium] › proof/browser/workspace-resident-applications.spec.mjs:14:1 › the first body runs and can remove its resident Tutorial Plot without losing its face
2026-10-08T23:39:58.8734841Z [91/100] [chromium] › proof/browser/workspace-resident-applications.spec.mjs:39:1 › resident Patchbay inspects and begins an exact edit in one browser Body Play
2026-10-08T23:40:02.6663271Z [92/100] [chromium] › proof/browser/workspace-shared-journey.spec.mjs:12:1 › the shared Workspace journey from zero Body through explicit rest and finish
2026-10-08T23:40:06.4555838Z [93/100] [chromium] › proof/browser/workspace-membership.spec.mjs:23:1 › the ordinary face binds and admits one compiler-free reviewed browser Host
2026-10-08T23:40:22.1261279Z [94/100] [chromium] › proof/browser/workspace-membership.spec.mjs:310:1 › a second distinct browser Host explicitly joins through one canonical Body invitation
2026-10-08T23:40:30.6413781Z [95/100] [chromium] › proof/browser/workspace-membership.spec.mjs:418:1 › the POST share target refuses ambiguous, oversized, and GET delivery
2026-10-08T23:40:31.3021537Z [96/100] [chromium] › proof/browser/workspace-membership.spec.mjs:455:1 › pending share delivery survives worker replacement and expired delivery refuses
2026-10-08T23:40:32.6656010Z [97/100] [chromium] › proof/browser/workspace-membership.spec.mjs:495:1 › malformed invitation framing is refused without creating a body
2026-10-08T23:40:33.2116862Z [98/100] [chromium] › proof/browser/workspace-membership.spec.mjs:501:1 › an unavailable running host leaves the current body and browser Host intact
2026-10-08T23:40:35.2789768Z [99/100] [chromium] › proof/browser/workspace-membership.spec.mjs:521:1 › an already-running host joins without displacing the browser Host or its body
2026-10-08T23:40:38.6433245Z [100/100] [chromium] › proof/browser/workspace-membership.spec.mjs:564:1 › loss of a joined Host Line removes only its current offers and keeps the body
2026-10-08T23:40:40.8480529Z   100 passed (5.0m)
2026-10-08T23:40:40.8610231Z > node tools/ci/pipeline/targets/browser-smoke.mjs target/workspace-product /home/runner/work/conduit/conduit/target/pipeline/browser/accessibility.json
2026-10-08T23:40:42.3434314Z > cargo +1.98.1-x86_64-unknown-linux-gnu xtask make pages-root /home/runner/work/conduit/conduit/target/pipeline/browser/site --locked
2026-10-08T23:40:42.5252238Z [1m[92m    Finished[0m `dev` profile [unoptimized] target(s) in 0.17s
2026-10-08T23:40:42.5304043Z [1m[92m     Running[0m `target/debug/conduit-xtask-dispatch make pages-root /home/runner/work/conduit/conduit/target/pipeline/browser/site --locked`
2026-10-08T23:40:42.7476221Z [1m[92m    Finished[0m `dev` profile [unoptimized] target(s) in 0.20s
2026-10-08T23:40:42.7642950Z [1m[92m     Running[0m `target/debug/xtask make pages-root /home/runner/work/conduit/conduit/target/pipeline/browser/site --locked`
2026-10-08T23:40:42.7884582Z Pages root staged at /home/runner/work/conduit/conduit/target/pipeline/browser/site
2026-10-08T23:40:42.8160422Z > curl --fail --location --max-time 90 https://codeload.github.com/dancxjo/conduit/tar.gz/d9b79319bd78c72e4a6b48ef524e269300a82bdf --output /tmp/conduit-documentary-rbIgXT/history.tar.gz
2026-10-08T23:40:42.8246879Z   % Total    % Received % Xferd  Average Speed   Time    Time     Time  Current
2026-10-08T23:40:42.8247366Z                                  Dload  Upload   Total   Spent    Left  Speed
2026-10-08T23:40:42.8247573Z 
2026-10-08T23:40:43.2646235Z   0     0    0     0    0     0      0      0 --:--:-- --:--:-- --:--:--     0
2026-10-08T23:40:43.4900543Z 100 1108k    0 1108k    0     0  2518k      0 --:--:-- --:--:-- --:--:-- 2518k
2026-10-08T23:40:43.4900950Z 100 5450k    0 5450k    0     0  8191k      0 --:--:-- --:--:-- --:--:-- 8184k
2026-10-08T23:40:43.4959826Z > tar -xzf /tmp/conduit-documentary-rbIgXT/history.tar.gz -C /tmp/conduit-documentary-rbIgXT
2026-10-08T23:40:43.5860132Z > cargo +1.98.1-x86_64-unknown-linux-gnu xtask prove render-one-body-journey --evidence-root site/evidence/one-body-five-masks --output /home/runner/work/conduit/conduit/target/pipeline/browser/site/journeys/current/one-body-five-masks --commit 9b79486146bfb0af3369f8133a81b3d14792bd1c --locked
2026-10-08T23:40:43.7457433Z [1m[92m    Finished[0m `dev` profile [unoptimized] target(s) in 0.15s
2026-10-08T23:40:43.7513675Z [1m[92m     Running[0m `target/debug/conduit-xtask-dispatch prove render-one-body-journey --evidence-root site/evidence/one-body-five-masks --output /home/runner/work/conduit/conduit/target/pipeline/browser/site/journeys/current/one-body-five-masks --commit 9b79486146bfb0af3369f8133a81b3d14792bd1c --locked`
2026-10-08T23:40:43.9696361Z [1m[92m    Finished[0m `dev` profile [unoptimized] target(s) in 0.20s
2026-10-08T23:40:43.9864227Z [1m[92m     Running[0m `target/debug/xtask prove render-one-body-journey --evidence-root site/evidence/one-body-five-masks --output /home/runner/work/conduit/conduit/target/pipeline/browser/site/journeys/current/one-body-five-masks --commit 9b79486146bfb0af3369f8133a81b3d14792bd1c --locked`
2026-10-08T23:40:44.5274704Z verified Complete evidence for 9b79486146bfb0af3369f8133a81b3d14792bd1c at /home/runner/work/conduit/conduit/site/evidence/one-body-five-masks
2026-10-08T23:40:46.0407011Z verified Complete evidence for 9b79486146bfb0af3369f8133a81b3d14792bd1c at /home/runner/work/conduit/conduit/target/pipeline/browser/site/journeys/current/.one-body-journey-21104-three-host-5a9b4d4cd9a752c0c7205216
2026-10-08T23:40:46.1019433Z > cargo +1.98.1-x86_64-unknown-linux-gnu xtask prove verify --root site/evidence/direct-spoken-development --commit 2f1df6f640a4ad967d90d795bd47fe98b177851e --result diagnostic-incomplete --proof direct-spoken-face-development --suite journey-gallery --locked
2026-10-08T23:40:46.2575648Z [1m[92m    Finished[0m `dev` profile [unoptimized] target(s) in 0.14s
2026-10-08T23:40:46.2631633Z [1m[92m     Running[0m `target/debug/conduit-xtask-dispatch prove verify --root site/evidence/direct-spoken-development --commit 2f1df6f640a4ad967d90d795bd47fe98b177851e --result diagnostic-incomplete --proof direct-spoken-face-development --suite journey-gallery --locked`
2026-10-08T23:40:46.4668211Z [1m[92m    Finished[0m `dev` profile [unoptimized] target(s) in 0.18s
2026-10-08T23:40:46.4827517Z [1m[92m     Running[0m `target/debug/xtask prove verify --root site/evidence/direct-spoken-development --commit 2f1df6f640a4ad967d90d795bd47fe98b177851e --result diagnostic-incomplete --proof direct-spoken-face-development --suite journey-gallery --locked`
2026-10-08T23:40:46.9955655Z verified DiagnosticIncomplete evidence for 2f1df6f640a4ad967d90d795bd47fe98b177851e at /home/runner/work/conduit/conduit/site/evidence/direct-spoken-development
2026-10-08T23:40:47.0284703Z FAILED: pipeline/target: Todo browser capture ancestry check failed: 99399c157c6e1d7d7fe740a312315b4709dccafd -> 0acf94d2f105c45b95e0e0b60def7c6bbfaa832e; status=unknown, signal=none; Exact ancestry requires a non-shallow repository; git=git version 2.55.0; shallow=true; topdir=/home/runner/work/conduit/conduit
2026-10-08T23:40:47.0342208Z xtask error: pipeline failed: exit status: 1
2026-10-08T23:40:47.0355189Z ##[error]Process completed with exit code 1.
2026-10-08T23:40:47.0405833Z ##[group]Run actions/upload-artifact@v7.0.1
2026-10-08T23:40:47.0406000Z with:
2026-10-08T23:40:47.0406120Z   name: diagnostics-browser
2026-10-08T23:40:47.0406392Z   path: proof/browser/test-results/
target/conduitos/**/*.log
target/conduitos/**/*.json
target/conduitos/**/*.png

2026-10-08T23:40:47.0406677Z   if-no-files-found: ignore
2026-10-08T23:40:47.0406811Z   retention-days: 7
2026-10-08T23:40:47.0406932Z   compression-level: 6
2026-10-08T23:40:47.0407056Z   overwrite: false
2026-10-08T23:40:47.0407179Z   include-hidden-files: false
2026-10-08T23:40:47.0407316Z   archive: true
2026-10-08T23:40:47.0407428Z env:
2026-10-08T23:40:47.0407536Z   CARGO_TERM_COLOR: always
2026-10-08T23:40:47.0407669Z   CARGO_INCREMENTAL: 0
2026-10-08T23:40:47.0407794Z   CARGO_PROFILE_DEV_DEBUG: 0
2026-10-08T23:40:47.0407943Z   CARGO_PROFILE_TEST_DEBUG: 0
2026-10-08T23:40:47.0408081Z   RUSTUP_TOOLCHAIN: 1.98.1
2026-10-08T23:40:47.0408412Z   CONDUIT_CHECKOUT_SHA: 0acf94d2f105c45b95e0e0b60def7c6bbfaa832e
2026-10-08T23:40:47.0408617Z   CARGO_HOME: /home/runner/.cargo
2026-10-08T23:40:47.0408763Z   CACHE_ON_FAILURE: false
2026-10-08T23:40:47.0408888Z ##[endgroup]
2026-10-08T23:40:47.1782561Z Multiple search paths detected. Calculating the least common ancestor of all paths
2026-10-08T23:40:47.1784505Z The least common ancestor is /home/runner/work/conduit/conduit. This will be the root directory of the artifact
2026-10-08T23:40:47.1785194Z With the provided path, there will be 246 files uploaded
2026-10-08T23:40:47.1789342Z Artifact name is valid!
2026-10-08T23:40:47.1789807Z Root directory input is valid!
2026-10-08T23:40:47.4841264Z Uploading artifact: diagnostics-browser.zip
2026-10-08T23:40:47.4868986Z Beginning upload of artifact content to blob storage
2026-10-08T23:40:48.2452137Z Uploaded bytes 8388608
2026-10-08T23:40:48.3662742Z Uploaded bytes 13502256
2026-10-08T23:40:48.4050149Z Finished uploading artifact content to blob storage!
2026-10-08T23:40:48.4051080Z SHA256 digest of uploaded artifact is 8cf4f5a8b9c6f7908fba06ee4fe6d009d273ea234410962098a991e100a54aae
2026-10-08T23:40:48.4051547Z Finalizing artifact upload
2026-10-08T23:40:48.7022401Z Artifact diagnostics-browser successfully finalized. Artifact ID 11585927223
2026-10-08T23:40:48.7023049Z Artifact diagnostics-browser has been successfully uploaded! Final size is 13502256 bytes. Artifact ID is 11585927223
2026-10-08T23:40:48.7024823Z Artifact download URL: https://github.com/dancxjo/conduit/actions/runs/37858232226/artifacts/11585927223
2026-10-08T23:40:48.7199882Z Post job cleanup.
2026-10-08T23:40:48.7724329Z [command]/usr/bin/git version
2026-10-08T23:40:48.7754196Z git version 2.55.0
2026-10-08T23:40:48.7774249Z Temporarily overriding HOME='/home/runner/work/_temp/6c9e972d-e52f-4834-8e6c-cfb9645ec2c4' before making global git config changes
2026-10-08T23:40:48.7775595Z Adding repository directory to the temporary git global config as a safe directory
2026-10-08T23:40:48.7777546Z [command]/usr/bin/git config --global --add safe.directory /home/runner/work/conduit/conduit
2026-10-08T23:40:48.7799099Z Removing SSH command configuration
2026-10-08T23:40:48.7802781Z [command]/usr/bin/git config --local --name-only --get-regexp core\.sshCommand
2026-10-08T23:40:48.7825555Z [command]/usr/bin/git submodule foreach --recursive sh -c "git config --local --name-only --get-regexp 'core\.sshCommand' && git config --local --unset-all 'core.sshCommand' || :"
2026-10-08T23:40:48.7994105Z Removing HTTP extra header
2026-10-08T23:40:48.7996951Z [command]/usr/bin/git config --local --name-only --get-regexp http\.https\:\/\/github\.com\/\.extraheader
2026-10-08T23:40:48.8019181Z [command]/usr/bin/git submodule foreach --recursive sh -c "git config --local --name-only --get-regexp 'http\.https\:\/\/github\.com\/\.extraheader' && git config --local --unset-all 'http.https://github.com/.extraheader' || :"
2026-10-08T23:40:48.8183534Z Removing includeIf entries pointing to credentials config files
2026-10-08T23:40:48.8184097Z [command]/usr/bin/git config --local --name-only --get-regexp ^includeIf\.gitdir:
2026-10-08T23:40:48.8205644Z [command]/usr/bin/git submodule foreach --recursive git config --local --show-origin --name-only --get-regexp remote.origin.url
2026-10-08T23:40:48.8475145Z Cleaning up orphan processes
