2026-10-08T22:45:48.2404573Z Current runner version: '2.337.0'
2026-10-08T22:45:48.2426537Z ##[group]Runner Image Provisioner
2026-10-08T22:45:48.2427363Z Hosted Compute Agent
2026-10-08T22:45:48.2427950Z Version: 20261002.596
2026-10-08T22:45:48.2428525Z Commit: c3d12f3313a95f25162a1503be624f3b0617f8c0
2026-10-08T22:45:48.2429195Z Build Date: 2026-10-02T22:28:27Z
2026-10-08T22:45:48.2429890Z Worker ID: {3ea5cb6a-6209-4d3c-8be4-445b18656607}
2026-10-08T22:45:48.2430545Z Region: centralus
2026-10-08T22:45:48.2431026Z Cloud: Azure
2026-10-08T22:45:48.2431562Z ##[endgroup]
2026-10-08T22:45:48.2433062Z ##[group]Operating System
2026-10-08T22:45:48.2433709Z Ubuntu
2026-10-08T22:45:48.2434514Z 24.04.5
2026-10-08T22:45:48.2434993Z LTS
2026-10-08T22:45:48.2435515Z ##[endgroup]
2026-10-08T22:45:48.2436025Z ##[group]Runner Image
2026-10-08T22:45:48.2436614Z Image: ubuntu-24.04
2026-10-08T22:45:48.2437127Z Version: 20261004.327.1
2026-10-08T22:45:48.2438377Z Included Software: https://github.com/actions/runner-images/blob/ubuntu24/20261004.327/images/ubuntu/Ubuntu2404-Readme.md
2026-10-08T22:45:48.2439817Z Image Release: https://github.com/actions/runner-images/releases/tag/ubuntu24%2F20261004.327
2026-10-08T22:45:48.2440749Z ##[endgroup]
2026-10-08T22:45:48.2441804Z ##[group]GITHUB_TOKEN Permissions
2026-10-08T22:45:48.2443982Z Contents: read
2026-10-08T22:45:48.2444719Z Metadata: read
2026-10-08T22:45:48.2445234Z ##[endgroup]
2026-10-08T22:45:48.2447226Z Secret source: Actions
2026-10-08T22:45:48.2448079Z Cache mode: write
2026-10-08T22:45:48.2448761Z Prepare workflow directory
2026-10-08T22:45:48.3016641Z Prepare all required actions
2026-10-08T22:45:48.3067144Z Getting action download info
2026-10-08T22:45:48.5593841Z Download action repository 'actions/checkout@v7.0.1' (SHA:3d3c42e5aac5ba805825da76410c181273ba90b1)
2026-10-08T22:45:48.8005089Z Download action repository 'dtolnay/rust-toolchain@1.98.1' (SHA:c6590455eca8e79d081430ebfe2074192ae90290)
2026-10-08T22:45:49.1232266Z Download action repository 'actions/setup-node@v7.0.0' (SHA:820762786026740c76f36085b0efc47a31fe5020)
2026-10-08T22:45:49.2860265Z Download action repository 'Swatinem/rust-cache@v2' (SHA:6323deb102c322ba6fcbdcafc7e3dddab59af2b6)
2026-10-08T22:45:50.3040247Z Download action repository 'actions/cache@v6.1.0' (SHA:55cc8345863c7cc4c66a329aec7e433d2d1c52a9)
2026-10-08T22:45:50.8470691Z Download action repository 'actions/upload-artifact@v7.0.1' (SHA:043fb46d1a93c77aae656e7c1c64a875d1fc6a0a)
2026-10-08T22:45:51.0345966Z Uses: dancxjo/conduit/.github/workflows/ci.yml@refs/pull/5208/merge (8d005b4b9e8cfb7c6d9ec7d68bca5df13c1ee85a)
2026-10-08T22:45:51.0348992Z ##[group] Inputs
2026-10-08T22:45:51.0349367Z   sha: b1c5a2b281e07d97b621057f3c504d808f14a3ce
2026-10-08T22:45:51.0349910Z   exhaustive: true
2026-10-08T22:45:51.0350218Z   base: 6cc4ba02f2139716e454da8463ff28f0b3502814
2026-10-08T22:45:51.0350570Z ##[endgroup]
2026-10-08T22:45:51.0350875Z Complete job name: proof / target / browser
2026-10-08T22:45:51.0822736Z ##[group]Run actions/checkout@v7.0.1
2026-10-08T22:45:51.0823190Z with:
2026-10-08T22:45:51.0823565Z   ref: b1c5a2b281e07d97b621057f3c504d808f14a3ce
2026-10-08T22:45:51.0823882Z   fetch-depth: 0
2026-10-08T22:45:51.0824344Z   persist-credentials: false
2026-10-08T22:45:51.0824646Z   repository: dancxjo/conduit
2026-10-08T22:45:51.0826470Z   token: ***
2026-10-08T22:45:51.0826745Z   ssh-strict: true
2026-10-08T22:45:51.0827027Z   ssh-user: git
2026-10-08T22:45:51.0827277Z   clean: true
2026-10-08T22:45:51.0827532Z   sparse-checkout-cone-mode: true
2026-10-08T22:45:51.0827817Z   fetch-tags: false
2026-10-08T22:45:51.0828091Z   show-progress: true
2026-10-08T22:45:51.0828345Z   lfs: false
2026-10-08T22:45:51.0828588Z   submodules: false
2026-10-08T22:45:51.0828848Z   set-safe-directory: true
2026-10-08T22:45:51.0829148Z   allow-unsafe-pr-checkout: false
2026-10-08T22:45:51.0829546Z env:
2026-10-08T22:45:51.0829816Z   CARGO_TERM_COLOR: always
2026-10-08T22:45:51.0830154Z   CARGO_INCREMENTAL: 0
2026-10-08T22:45:51.0830472Z   CARGO_PROFILE_DEV_DEBUG: 0
2026-10-08T22:45:51.0830762Z   CARGO_PROFILE_TEST_DEBUG: 0
2026-10-08T22:45:51.0831209Z   RUSTUP_TOOLCHAIN: 1.98.1
2026-10-08T22:45:51.0831526Z   CONDUIT_CHECKOUT_SHA: b1c5a2b281e07d97b621057f3c504d808f14a3ce
2026-10-08T22:45:51.0831867Z ##[endgroup]
2026-10-08T22:45:51.1570004Z Syncing repository: dancxjo/conduit
2026-10-08T22:45:51.1571306Z ##[group]Getting Git version info
2026-10-08T22:45:51.1571720Z Working directory is '/home/runner/work/conduit/conduit'
2026-10-08T22:45:51.1572511Z [command]/usr/bin/git version
2026-10-08T22:45:51.1631197Z git version 2.55.0
2026-10-08T22:45:51.1644485Z ##[endgroup]
2026-10-08T22:45:51.1651371Z Temporarily overriding HOME='/home/runner/work/_temp/23c35b58-a8c5-4a4f-b2f1-bcc555be3f4a' before making global git config changes
2026-10-08T22:45:51.1652325Z Adding repository directory to the temporary git global config as a safe directory
2026-10-08T22:45:51.1655631Z [command]/usr/bin/git config --global --add safe.directory /home/runner/work/conduit/conduit
2026-10-08T22:45:51.1694907Z Deleting the contents of '/home/runner/work/conduit/conduit'
2026-10-08T22:45:51.1697942Z ##[group]Determining repository object format
2026-10-08T22:45:51.1698855Z ##[endgroup]
2026-10-08T22:45:51.1699527Z ##[group]Initializing the repository
2026-10-08T22:45:51.1702336Z [command]/usr/bin/git init /home/runner/work/conduit/conduit
2026-10-08T22:45:51.1791816Z hint: Using 'master' as the name for the initial branch. This default branch name
2026-10-08T22:45:51.1792365Z hint: will change to "main" in Git 3.0. To configure the initial branch name
2026-10-08T22:45:51.1793162Z hint: to use in all of your new repositories, which will suppress this warning,
2026-10-08T22:45:51.1793573Z hint: call:
2026-10-08T22:45:51.1794397Z hint:
2026-10-08T22:45:51.1794994Z hint: 	git config --global init.defaultBranch <name>
2026-10-08T22:45:51.1795530Z hint:
2026-10-08T22:45:51.1796608Z hint: Names commonly chosen instead of 'master' are 'main', 'trunk' and
2026-10-08T22:45:51.1797313Z hint: 'development'. The just-created branch can be renamed via this command:
2026-10-08T22:45:51.1797841Z hint:
2026-10-08T22:45:51.1798134Z hint: 	git branch -m <name>
2026-10-08T22:45:51.1798443Z hint:
2026-10-08T22:45:51.1798814Z hint: Disable this message with "git config set advice.defaultBranchName false"
2026-10-08T22:45:51.1799270Z Initialized empty Git repository in /home/runner/work/conduit/conduit/.git/
2026-10-08T22:45:51.1801082Z [command]/usr/bin/git remote add origin https://github.com/dancxjo/conduit
2026-10-08T22:45:51.1840314Z ##[endgroup]
2026-10-08T22:45:51.1840817Z ##[group]Disabling automatic garbage collection
2026-10-08T22:45:51.1842379Z [command]/usr/bin/git config --local gc.auto 0
2026-10-08T22:45:51.1867464Z ##[endgroup]
2026-10-08T22:45:51.1868478Z ##[group]Setting up auth
2026-10-08T22:45:51.1869369Z Removing SSH command configuration
2026-10-08T22:45:51.1872192Z [command]/usr/bin/git config --local --name-only --get-regexp core\.sshCommand
2026-10-08T22:45:51.1894435Z [command]/usr/bin/git submodule foreach --recursive sh -c "git config --local --name-only --get-regexp 'core\.sshCommand' && git config --local --unset-all 'core.sshCommand' || :"
2026-10-08T22:45:51.2160601Z Removing HTTP extra header
2026-10-08T22:45:51.2165913Z [command]/usr/bin/git config --local --name-only --get-regexp http\.https\:\/\/github\.com\/\.extraheader
2026-10-08T22:45:51.2190899Z [command]/usr/bin/git submodule foreach --recursive sh -c "git config --local --name-only --get-regexp 'http\.https\:\/\/github\.com\/\.extraheader' && git config --local --unset-all 'http.https://github.com/.extraheader' || :"
2026-10-08T22:45:51.2332268Z Removing includeIf entries pointing to credentials config files
2026-10-08T22:45:51.2337124Z [command]/usr/bin/git config --local --name-only --get-regexp ^includeIf\.gitdir:
2026-10-08T22:45:51.2358067Z [command]/usr/bin/git submodule foreach --recursive git config --local --show-origin --name-only --get-regexp remote.origin.url
2026-10-08T22:45:51.2505654Z [command]/usr/bin/git config --file /home/runner/work/_temp/git-credentials-fab26e0b-3473-4273-9692-80fcb1ecca66.config http.https://github.com/.extraheader AUTHORIZATION: basic ***
2026-10-08T22:45:51.2530414Z [command]/usr/bin/git config --local includeIf.gitdir:/home/runner/work/conduit/conduit/.git.path /home/runner/work/_temp/git-credentials-fab26e0b-3473-4273-9692-80fcb1ecca66.config
2026-10-08T22:45:51.2553565Z [command]/usr/bin/git config --local includeIf.gitdir:/home/runner/work/conduit/conduit/.git/worktrees/*.path /home/runner/work/_temp/git-credentials-fab26e0b-3473-4273-9692-80fcb1ecca66.config
2026-10-08T22:45:51.2578752Z [command]/usr/bin/git config --local includeIf.gitdir:/github/workspace/.git.path /github/runner_temp/git-credentials-fab26e0b-3473-4273-9692-80fcb1ecca66.config
2026-10-08T22:45:51.2602307Z [command]/usr/bin/git config --local includeIf.gitdir:/github/workspace/.git/worktrees/*.path /github/runner_temp/git-credentials-fab26e0b-3473-4273-9692-80fcb1ecca66.config
2026-10-08T22:45:51.2623053Z ##[endgroup]
2026-10-08T22:45:51.2623915Z ##[group]Fetching the repository
2026-10-08T22:45:51.2627153Z [command]/usr/bin/git -c protocol.version=2 fetch --no-tags --prune --no-recurse-submodules origin +refs/heads/*:refs/remotes/origin/* +refs/tags/*:refs/tags/*
2026-10-08T22:46:02.4232263Z From https://github.com/dancxjo/conduit
2026-10-08T22:46:02.4249461Z  * [new branch]          archive/branch-cleanup-20261006/4807-face-human-labels -> origin/archive/branch-cleanup-20261006/4807-face-human-labels
2026-10-08T22:46:02.4250359Z  * [new branch]          archive/branch-cleanup-20261006/4922-presentation-seal -> origin/archive/branch-cleanup-20261006/4922-presentation-seal
2026-10-08T22:46:02.4251200Z  * [new branch]          archive/branch-cleanup-20261006/native-face-scene -> origin/archive/branch-cleanup-20261006/native-face-scene
2026-10-08T22:46:02.4252184Z  * [new branch]          archive/cleanup-20261002/codex/3938-conduitese-routing -> origin/archive/cleanup-20261002/codex/3938-conduitese-routing
2026-10-08T22:46:02.4253035Z  * [new branch]          archive/cleanup-20261002/codex/4001-body-evidence-journey -> origin/archive/cleanup-20261002/codex/4001-body-evidence-journey
2026-10-08T22:46:02.4254059Z  * [new branch]          archive/cleanup-20261002/codex/4001-observatory-causal-projection -> origin/archive/cleanup-20261002/codex/4001-observatory-causal-projection
2026-10-08T22:46:02.4255977Z  * [new branch]          archive/cleanup-20261002/codex/4001-observatory-vertical -> origin/archive/cleanup-20261002/codex/4001-observatory-vertical
2026-10-08T22:46:02.4256889Z  * [new branch]          archive/cleanup-20261002/codex/4001-source-spans -> origin/archive/cleanup-20261002/codex/4001-source-spans
2026-10-08T22:46:02.4257806Z  * [new branch]          archive/cleanup-20261002/codex/4001-terminal-causal-correlation -> origin/archive/cleanup-20261002/codex/4001-terminal-causal-correlation
2026-10-08T22:46:02.4259042Z  * [new branch]          archive/cleanup-20261002/codex/4001-visible-causal-face -> origin/archive/cleanup-20261002/codex/4001-visible-causal-face
2026-10-08T22:46:02.4259957Z  * [new branch]          archive/cleanup-20261002/codex/4055-package-graph -> origin/archive/cleanup-20261002/codex/4055-package-graph
2026-10-08T22:46:02.4260799Z  * [new branch]          archive/cleanup-20261002/codex/4061-browser-debounce -> origin/archive/cleanup-20261002/codex/4061-browser-debounce
2026-10-08T22:46:02.4261644Z  * [new branch]          archive/cleanup-20261002/codex/4061-browser-window -> origin/archive/cleanup-20261002/codex/4061-browser-window
2026-10-08T22:46:02.4262621Z  * [new branch]          archive/cleanup-20261002/codex/4061-browser-window-install -> origin/archive/cleanup-20261002/codex/4061-browser-window-install
2026-10-08T22:46:02.4263524Z  * [new branch]          archive/cleanup-20261002/codex/4061-deadline -> origin/archive/cleanup-20261002/codex/4061-deadline
2026-10-08T22:46:02.4264423Z  * [new branch]          archive/cleanup-20261002/codex/4061-sample-specialization -> origin/archive/cleanup-20261002/codex/4061-sample-specialization
2026-10-08T22:46:02.4265220Z  * [new branch]          archive/cleanup-20261002/codex/4061-shared-debounce -> origin/archive/cleanup-20261002/codex/4061-shared-debounce
2026-10-08T22:46:02.4265854Z  * [new branch]          archive/cleanup-20261002/codex/4061-standalone-lock-repair -> origin/archive/cleanup-20261002/codex/4061-standalone-lock-repair
2026-10-08T22:46:02.4266473Z  * [new branch]          archive/cleanup-20261002/codex/4064-current-sample -> origin/archive/cleanup-20261002/codex/4064-current-sample
2026-10-08T22:46:02.4267045Z  * [new branch]          archive/cleanup-20261002/codex/4064-flow-zip -> origin/archive/cleanup-20261002/codex/4064-flow-zip
2026-10-08T22:46:02.4267613Z  * [new branch]          archive/cleanup-20261002/codex/4064-flow-zip-current -> origin/archive/cleanup-20261002/codex/4064-flow-zip-current
2026-10-08T22:46:02.4268204Z  * [new branch]          archive/cleanup-20261002/codex/4064-join-diagnostic -> origin/archive/cleanup-20261002/codex/4064-join-diagnostic
2026-10-08T22:46:02.4268762Z  * [new branch]          archive/cleanup-20261002/codex/4064-keyed-join -> origin/archive/cleanup-20261002/codex/4064-keyed-join
2026-10-08T22:46:02.4269659Z  * [new branch]          archive/cleanup-20261002/codex/4072-derived-transformation-eligibility -> origin/archive/cleanup-20261002/codex/4072-derived-transformation-eligibility
2026-10-08T22:46:02.4270432Z  * [new branch]          archive/cleanup-20261002/codex/4072-retained-retry-evidence -> origin/archive/cleanup-20261002/codex/4072-retained-retry-evidence
2026-10-08T22:46:02.4271089Z  * [new branch]          archive/cleanup-20261002/codex/4080-local-integration -> origin/archive/cleanup-20261002/codex/4080-local-integration
2026-10-08T22:46:02.4272178Z  * [new branch]          archive/cleanup-20261002/codex/4090-field-station-patchbay -> origin/archive/cleanup-20261002/codex/4090-field-station-patchbay
2026-10-08T22:46:02.4272798Z  * [new branch]          archive/cleanup-20261002/codex/4090-sdk-recovery -> origin/archive/cleanup-20261002/codex/4090-sdk-recovery
2026-10-08T22:46:02.4273549Z  * [new branch]          archive/cleanup-20261002/codex/4091-canonical-integration -> origin/archive/cleanup-20261002/codex/4091-canonical-integration
2026-10-08T22:46:02.4274509Z  * [new branch]          archive/cleanup-20261002/codex/4092-canonical-recursive-provider -> origin/archive/cleanup-20261002/codex/4092-canonical-recursive-provider
2026-10-08T22:46:02.4275232Z  * [new branch]          archive/cleanup-20261002/codex/4092-delete-generate-text -> origin/archive/cleanup-20261002/codex/4092-delete-generate-text
2026-10-08T22:46:02.4275938Z  * [new branch]          archive/cleanup-20261002/codex/4092-delete-generate-text-semantics -> origin/archive/cleanup-20261002/codex/4092-delete-generate-text-semantics
2026-10-08T22:46:02.4276688Z  * [new branch]          archive/cleanup-20261002/codex/4092-live-canonical -> origin/archive/cleanup-20261002/codex/4092-live-canonical
2026-10-08T22:46:02.4277288Z  * [new branch]          archive/cleanup-20261002/codex/4093-acceptance-gap -> origin/archive/cleanup-20261002/codex/4093-acceptance-gap
2026-10-08T22:46:02.4277910Z  * [new branch]          archive/cleanup-20261002/codex/4093-construction-truth -> origin/archive/cleanup-20261002/codex/4093-construction-truth
2026-10-08T22:46:02.4278580Z  * [new branch]          archive/cleanup-20261002/codex/4093-delete-piper-documentary -> origin/archive/cleanup-20261002/codex/4093-delete-piper-documentary
2026-10-08T22:46:02.4279271Z  * [new branch]          archive/cleanup-20261002/codex/4093-face-mask-show-track -> origin/archive/cleanup-20261002/codex/4093-face-mask-show-track
2026-10-08T22:46:02.4279899Z  * [new branch]          archive/cleanup-20261002/codex/4093-hosted-live-mask -> origin/archive/cleanup-20261002/codex/4093-hosted-live-mask
2026-10-08T22:46:02.4280559Z  * [new branch]          archive/cleanup-20261002/codex/4093-remove-recording-overlay -> origin/archive/cleanup-20261002/codex/4093-remove-recording-overlay
2026-10-08T22:46:02.4281250Z  * [new branch]          archive/cleanup-20261002/codex/4093-single-action-contract -> origin/archive/cleanup-20261002/codex/4093-single-action-contract
2026-10-08T22:46:02.4281942Z  * [new branch]          archive/cleanup-20261002/codex/4095-field-station -> origin/archive/cleanup-20261002/codex/4095-field-station
2026-10-08T22:46:02.4282568Z  * [new branch]          archive/cleanup-20261002/codex/4096-field-station-tick -> origin/archive/cleanup-20261002/codex/4096-field-station-tick
2026-10-08T22:46:02.4283212Z  * [new branch]          archive/cleanup-20261002/codex/4098-semantic-tone-pcm -> origin/archive/cleanup-20261002/codex/4098-semantic-tone-pcm
2026-10-08T22:46:02.4283837Z  * [new branch]          archive/cleanup-20261002/codex/4102-spoken-zero-body -> origin/archive/cleanup-20261002/codex/4102-spoken-zero-body
2026-10-08T22:46:02.4284682Z  * [new branch]          archive/cleanup-20261002/codex/4109-cancellation-admission -> origin/archive/cleanup-20261002/codex/4109-cancellation-admission
2026-10-08T22:46:02.4285409Z  * [new branch]          archive/cleanup-20261002/codex/4109-canonical-highlight -> origin/archive/cleanup-20261002/codex/4109-canonical-highlight
2026-10-08T22:46:02.4286092Z  * [new branch]          archive/cleanup-20261002/codex/4109-initialized-keep -> origin/archive/cleanup-20261002/codex/4109-initialized-keep
2026-10-08T22:46:02.4286809Z  * [new branch]          archive/cleanup-20261002/codex/4109-nested-abnormal-boundary -> origin/archive/cleanup-20261002/codex/4109-nested-abnormal-boundary
2026-10-08T22:46:02.4287535Z  * [new branch]          archive/cleanup-20261002/codex/4109-offer-semantic-contract -> origin/archive/cleanup-20261002/codex/4109-offer-semantic-contract
2026-10-08T22:46:02.4288241Z  * [new branch]          archive/cleanup-20261002/codex/4109-optional-keep-lowering -> origin/archive/cleanup-20261002/codex/4109-optional-keep-lowering
2026-10-08T22:46:02.4288984Z  * [new branch]          archive/cleanup-20261002/codex/4109-optional-quantity-keep -> origin/archive/cleanup-20261002/codex/4109-optional-quantity-keep
2026-10-08T22:46:02.4289736Z  * [new branch]          archive/cleanup-20261002/codex/4109-parser-front-extraction -> origin/archive/cleanup-20261002/codex/4109-parser-front-extraction
2026-10-08T22:46:02.4290450Z  * [new branch]          archive/cleanup-20261002/codex/4109-resource-valued-ports -> origin/archive/cleanup-20261002/codex/4109-resource-valued-ports
2026-10-08T22:46:02.4291193Z  * [new branch]          archive/cleanup-20261002/codex/4109-sequence-cardinality -> origin/archive/cleanup-20261002/codex/4109-sequence-cardinality
2026-10-08T22:46:02.4292061Z  * [new branch]          archive/cleanup-20261002/codex/4109-source-conformance -> origin/archive/cleanup-20261002/codex/4109-source-conformance
2026-10-08T22:46:02.4292913Z  * [new branch]          archive/cleanup-20261002/codex/4109-source-package-lock -> origin/archive/cleanup-20261002/codex/4109-source-package-lock
2026-10-08T22:46:02.4294061Z  * [new branch]          archive/cleanup-20261002/codex/4109-terminal-control-highlighting -> origin/archive/cleanup-20261002/codex/4109-terminal-control-highlighting
2026-10-08T22:46:02.4295149Z  * [new branch]          archive/cleanup-20261002/codex/4109-typed-abnormal-terminal -> origin/archive/cleanup-20261002/codex/4109-typed-abnormal-terminal
2026-10-08T22:46:02.4296047Z  * [new branch]          archive/cleanup-20261002/codex/4115-4167-acceptance-gaps -> origin/archive/cleanup-20261002/codex/4115-4167-acceptance-gaps
2026-10-08T22:46:02.4296941Z  * [new branch]          archive/cleanup-20261002/codex/4115-authored-wardrobe -> origin/archive/cleanup-20261002/codex/4115-authored-wardrobe
2026-10-08T22:46:02.4297734Z  * [new branch]          archive/cleanup-20261002/codex/4115-browser-mask -> origin/archive/cleanup-20261002/codex/4115-browser-mask
2026-10-08T22:46:02.4298554Z  * [new branch]          archive/cleanup-20261002/codex/4115-browser-mask-runtime -> origin/archive/cleanup-20261002/codex/4115-browser-mask-runtime
2026-10-08T22:46:02.4299796Z  * [new branch]          archive/cleanup-20261002/codex/4115-delete-pete-interaction-scaffold -> origin/archive/cleanup-20261002/codex/4115-delete-pete-interaction-scaffold
2026-10-08T22:46:02.4300673Z  * [new branch]          archive/cleanup-20261002/codex/4115-delete-pete-presenter -> origin/archive/cleanup-20261002/codex/4115-delete-pete-presenter
2026-10-08T22:46:02.4301299Z  * [new branch]          archive/cleanup-20261002/codex/4115-face-fore -> origin/archive/cleanup-20261002/codex/4115-face-fore
2026-10-08T22:46:02.4301917Z  * [new branch]          archive/cleanup-20261002/codex/4115-mask-context -> origin/archive/cleanup-20261002/codex/4115-mask-context
2026-10-08T22:46:02.4302487Z  * [new branch]          archive/cleanup-20261002/codex/4115-mask-topology -> origin/archive/cleanup-20261002/codex/4115-mask-topology
2026-10-08T22:46:02.4303107Z  * [new branch]          archive/cleanup-20261002/codex/4115-native-mask-evidence -> origin/archive/cleanup-20261002/codex/4115-native-mask-evidence
2026-10-08T22:46:02.4303741Z  * [new branch]          archive/cleanup-20261002/codex/4115-native-mask-runtime -> origin/archive/cleanup-20261002/codex/4115-native-mask-runtime
2026-10-08T22:46:02.4304732Z  * [new branch]          archive/cleanup-20261002/codex/4115-spoken-generative -> origin/archive/cleanup-20261002/codex/4115-spoken-generative
2026-10-08T22:46:02.4305586Z  * [new branch]          archive/cleanup-20261002/codex/4116-current-snapshot -> origin/archive/cleanup-20261002/codex/4116-current-snapshot
2026-10-08T22:46:02.4306225Z  * [new branch]          archive/cleanup-20261002/codex/4116-durable-body-state -> origin/archive/cleanup-20261002/codex/4116-durable-body-state
2026-10-08T22:46:02.4307023Z  * [new branch]          archive/cleanup-20261002/codex/4116-durable-text-state -> origin/archive/cleanup-20261002/codex/4116-durable-text-state
2026-10-08T22:46:02.4307987Z  * [new branch]          archive/cleanup-20261002/codex/4116-exact-data-generation-contract -> origin/archive/cleanup-20261002/codex/4116-exact-data-generation-contract
2026-10-08T22:46:02.4308992Z  * [new branch]          archive/cleanup-20261002/codex/4116-keep-retention-admission -> origin/archive/cleanup-20261002/codex/4116-keep-retention-admission
2026-10-08T22:46:02.4309947Z  * [new branch]          archive/cleanup-20261002/codex/4116-patchbay-retained-state -> origin/archive/cleanup-20261002/codex/4116-patchbay-retained-state
2026-10-08T22:46:02.4310866Z  * [new branch]          archive/cleanup-20261002/codex/4130-delete-policy-theater -> origin/archive/cleanup-20261002/codex/4130-delete-policy-theater
2026-10-08T22:46:02.4311727Z  * [new branch]          archive/cleanup-20261002/codex/4130-face-grounding -> origin/archive/cleanup-20261002/codex/4130-face-grounding
2026-10-08T22:46:02.4312572Z  * [new branch]          archive/cleanup-20261002/codex/4134-presentation-core -> origin/archive/cleanup-20261002/codex/4134-presentation-core
2026-10-08T22:46:02.4313682Z  * [new branch]          archive/cleanup-20261002/codex/4135-presentation-contributions -> origin/archive/cleanup-20261002/codex/4135-presentation-contributions
2026-10-08T22:46:02.4314722Z  * [new branch]          archive/cleanup-20261002/codex/4136-patchbay-form -> origin/archive/cleanup-20261002/codex/4136-patchbay-form
2026-10-08T22:46:02.4315621Z  * [new branch]          archive/cleanup-20261002/codex/4162-decouple-avr-browser-admission -> origin/archive/cleanup-20261002/codex/4162-decouple-avr-browser-admission
2026-10-08T22:46:02.4316635Z  * [new branch]          archive/cleanup-20261002/codex/4164-delete-dead-product-proof-ci -> origin/archive/cleanup-20261002/codex/4164-delete-dead-product-proof-ci
2026-10-08T22:46:02.4317699Z  * [new branch]          archive/cleanup-20261002/codex/4167-aural-input-contracts -> origin/archive/cleanup-20261002/codex/4167-aural-input-contracts
2026-10-08T22:46:02.4318627Z  * [new branch]          archive/cleanup-20261002/codex/4167-aural-properties -> origin/archive/cleanup-20261002/codex/4167-aural-properties
2026-10-08T22:46:02.4319510Z  * [new branch]          archive/cleanup-20261002/codex/4167-deterministic-aural -> origin/archive/cleanup-20261002/codex/4167-deterministic-aural
2026-10-08T22:46:02.4320380Z  * [new branch]          archive/cleanup-20261002/codex/4167-domain-conformance -> origin/archive/cleanup-20261002/codex/4167-domain-conformance
2026-10-08T22:46:02.4321086Z  * [new branch]          archive/cleanup-20261002/codex/4167-honest-mask-conformance -> origin/archive/cleanup-20261002/codex/4167-honest-mask-conformance
2026-10-08T22:46:02.4321758Z  * [new branch]          archive/cleanup-20261002/codex/4167-ordinary-browser-mask -> origin/archive/cleanup-20261002/codex/4167-ordinary-browser-mask
2026-10-08T22:46:02.4322537Z  * [new branch]          archive/cleanup-20261002/codex/4167-pattern-face -> origin/archive/cleanup-20261002/codex/4167-pattern-face
2026-10-08T22:46:02.4323144Z  * [new branch]          archive/cleanup-20261002/codex/4167-pressure-specimen -> origin/archive/cleanup-20261002/codex/4167-pressure-specimen
2026-10-08T22:46:02.4323821Z  * [new branch]          archive/cleanup-20261002/codex/4167-production-face-participation -> origin/archive/cleanup-20261002/codex/4167-production-face-participation
2026-10-08T22:46:02.4324758Z  * [new branch]          archive/cleanup-20261002/codex/4167-production-patchbay-matrix -> origin/archive/cleanup-20261002/codex/4167-production-patchbay-matrix
2026-10-08T22:46:02.4325445Z  * [new branch]          archive/cleanup-20261002/codex/4167-range-membership -> origin/archive/cleanup-20261002/codex/4167-range-membership
2026-10-08T22:46:02.4326119Z  * [new branch]          archive/cleanup-20261002/codex/4167-real-mask-evidence -> origin/archive/cleanup-20261002/codex/4167-real-mask-evidence
2026-10-08T22:46:02.4326737Z  * [new branch]          archive/cleanup-20261002/codex/4167-specimen-audit -> origin/archive/cleanup-20261002/codex/4167-specimen-audit
2026-10-08T22:46:02.4327444Z  * [new branch]          archive/cleanup-20261002/codex/4173-delete-fourth-product -> origin/archive/cleanup-20261002/codex/4173-delete-fourth-product
2026-10-08T22:46:02.4328332Z  * [new branch]          archive/cleanup-20261002/codex/4174-generative-interaction -> origin/archive/cleanup-20261002/codex/4174-generative-interaction
2026-10-08T22:46:02.4329203Z  * [new branch]          archive/cleanup-20261002/codex/4176-generated-validation -> origin/archive/cleanup-20261002/codex/4176-generated-validation
2026-10-08T22:46:02.4330190Z  * [new branch]          archive/cleanup-20261002/codex/4180-delete-synthetic-human-interaction -> origin/archive/cleanup-20261002/codex/4180-delete-synthetic-human-interaction
2026-10-08T22:46:02.4331238Z  * [new branch]          archive/cleanup-20261002/codex/4182-repair-generative-interaction -> origin/archive/cleanup-20261002/codex/4182-repair-generative-interaction
2026-10-08T22:46:02.4332271Z  * [new branch]          archive/cleanup-20261002/codex/4185-fore-value-bounds -> origin/archive/cleanup-20261002/codex/4185-fore-value-bounds
2026-10-08T22:46:02.4333178Z  * [new branch]          archive/cleanup-20261002/codex/4188-exact-semantic-contract -> origin/archive/cleanup-20261002/codex/4188-exact-semantic-contract
2026-10-08T22:46:02.4334045Z  * [new branch]          archive/cleanup-20261002/codex/4190-causal-dag -> origin/archive/cleanup-20261002/codex/4190-causal-dag
2026-10-08T22:46:02.4335041Z  * [new branch]          archive/cleanup-20261002/codex/4192-semantic-composition-names -> origin/archive/cleanup-20261002/codex/4192-semantic-composition-names
2026-10-08T22:46:02.4335941Z  * [new branch]          archive/cleanup-20261002/codex/4195-remove-pages-rescue -> origin/archive/cleanup-20261002/codex/4195-remove-pages-rescue
2026-10-08T22:46:02.4336631Z  * [new branch]          archive/cleanup-20261002/codex/4197-flow-first -> origin/archive/cleanup-20261002/codex/4197-flow-first
2026-10-08T22:46:02.4337355Z  * [new branch]          archive/cleanup-20261002/codex/4198-inward-face -> origin/archive/cleanup-20261002/codex/4198-inward-face
2026-10-08T22:46:02.4338031Z  * [new branch]          archive/cleanup-20261002/codex/4199-authored-pattern-refinement -> origin/archive/cleanup-20261002/codex/4199-authored-pattern-refinement
2026-10-08T22:46:02.4338794Z  * [new branch]          archive/cleanup-20261002/codex/4199-portable-lookahead -> origin/archive/cleanup-20261002/codex/4199-portable-lookahead
2026-10-08T22:46:02.4339491Z  * [new branch]          archive/cleanup-20261002/codex/4199-refinement-families -> origin/archive/cleanup-20261002/codex/4199-refinement-families
2026-10-08T22:46:02.4340297Z  * [new branch]          archive/cleanup-20261002/codex/4223-remove-final-piper-remnants -> origin/archive/cleanup-20261002/codex/4223-remove-final-piper-remnants
2026-10-08T22:46:02.4341096Z  * [new branch]          archive/cleanup-20261002/codex/4231-body-execution-protocol -> origin/archive/cleanup-20261002/codex/4231-body-execution-protocol
2026-10-08T22:46:02.4341800Z  * [new branch]          archive/cleanup-20261002/codex/4231-body-lifecycle-session-rebuild -> origin/archive/cleanup-20261002/codex/4231-body-lifecycle-session-rebuild
2026-10-08T22:46:02.4342462Z  * [new branch]          archive/cleanup-20261002/codex/4231-browser-membership -> origin/archive/cleanup-20261002/codex/4231-browser-membership
2026-10-08T22:46:02.4343077Z  * [new branch]          archive/cleanup-20261002/codex/4231-browser-vendor-assets -> origin/archive/cleanup-20261002/codex/4231-browser-vendor-assets
2026-10-08T22:46:02.4343734Z  * [new branch]          archive/cleanup-20261002/codex/4231-browser-workbench-assets -> origin/archive/cleanup-20261002/codex/4231-browser-workbench-assets
2026-10-08T22:46:02.4344804Z  * [new branch]          archive/cleanup-20261002/codex/4231-delete-browser-tour-refresh -> origin/archive/cleanup-20261002/codex/4231-delete-browser-tour-refresh
2026-10-08T22:46:02.4345568Z  * [new branch]          archive/cleanup-20261002/codex/4231-delete-dead-browser-carrier-builds -> origin/archive/cleanup-20261002/codex/4231-delete-dead-browser-carrier-builds
2026-10-08T22:46:02.4346298Z  * [new branch]          archive/cleanup-20261002/codex/4231-delete-dead-creche-facade -> origin/archive/cleanup-20261002/codex/4231-delete-dead-creche-facade
2026-10-08T22:46:02.4346988Z  * [new branch]          archive/cleanup-20261002/codex/4231-delete-disabled-browser-ci -> origin/archive/cleanup-20261002/codex/4231-delete-disabled-browser-ci
2026-10-08T22:46:02.4347727Z  * [new branch]          archive/cleanup-20261002/codex/4231-delete-disabled-browser-ci-stage2 -> origin/archive/cleanup-20261002/codex/4231-delete-disabled-browser-ci-stage2
2026-10-08T22:46:02.4348585Z  * [new branch]          archive/cleanup-20261002/codex/4231-delete-disabled-browser-ci-stage2-archive -> origin/archive/cleanup-20261002/codex/4231-delete-disabled-browser-ci-stage2-archive
2026-10-08T22:46:02.4349369Z  * [new branch]          archive/cleanup-20261002/codex/4231-delete-front-controls-facade -> origin/archive/cleanup-20261002/codex/4231-delete-front-controls-facade
2026-10-08T22:46:02.4350258Z  * [new branch]          archive/cleanup-20261002/codex/4231-delete-home-application-speech -> origin/archive/cleanup-20261002/codex/4231-delete-home-application-speech
2026-10-08T22:46:02.4351115Z  * [new branch]          archive/cleanup-20261002/codex/4231-delete-home-evidence -> origin/archive/cleanup-20261002/codex/4231-delete-home-evidence
2026-10-08T22:46:02.4351959Z  * [new branch]          archive/cleanup-20261002/codex/4231-delete-html-coordinator -> origin/archive/cleanup-20261002/codex/4231-delete-html-coordinator
2026-10-08T22:46:02.4352773Z  * [new branch]          archive/cleanup-20261002/codex/4231-delete-patchbay-graph-facade -> origin/archive/cleanup-20261002/codex/4231-delete-patchbay-graph-facade
2026-10-08T22:46:02.4353481Z  * [new branch]          archive/cleanup-20261002/codex/4231-delete-patchbay-seed-alias -> origin/archive/cleanup-20261002/codex/4231-delete-patchbay-seed-alias
2026-10-08T22:46:02.4354309Z  * [new branch]          archive/cleanup-20261002/codex/4231-delete-tour-route-aliases -> origin/archive/cleanup-20261002/codex/4231-delete-tour-route-aliases
2026-10-08T22:46:02.4355123Z  * [new branch]          archive/cleanup-20261002/codex/4231-delete-unused-candidate-adapter -> origin/archive/cleanup-20261002/codex/4231-delete-unused-candidate-adapter
2026-10-08T22:46:02.4355941Z  * [new branch]          archive/cleanup-20261002/codex/4231-delete-workspace-model-pool-v2 -> origin/archive/cleanup-20261002/codex/4231-delete-workspace-model-pool-v2
2026-10-08T22:46:02.4356680Z  * [new branch]          archive/cleanup-20261002/codex/4231-deterministic-microphone-test -> origin/archive/cleanup-20261002/codex/4231-deterministic-microphone-test
2026-10-08T22:46:02.4357348Z  * [new branch]          archive/cleanup-20261002/codex/4231-drop-retired-carrier -> origin/archive/cleanup-20261002/codex/4231-drop-retired-carrier
2026-10-08T22:46:02.4358010Z  * [new branch]          archive/cleanup-20261002/codex/4231-extract-current-host-offers -> origin/archive/cleanup-20261002/codex/4231-extract-current-host-offers
2026-10-08T22:46:02.4358685Z  * [new branch]          archive/cleanup-20261002/codex/4231-extract-maker-workbench -> origin/archive/cleanup-20261002/codex/4231-extract-maker-workbench
2026-10-08T22:46:02.4359342Z  * [new branch]          archive/cleanup-20261002/codex/4231-forms-impact-ownership -> origin/archive/cleanup-20261002/codex/4231-forms-impact-ownership
2026-10-08T22:46:02.4359984Z  * [new branch]          archive/cleanup-20261002/codex/4231-gate-schema-transition -> origin/archive/cleanup-20261002/codex/4231-gate-schema-transition
2026-10-08T22:46:02.4360659Z  * [new branch]          archive/cleanup-20261002/codex/4231-harvest-tour-journey-refresh -> origin/archive/cleanup-20261002/codex/4231-harvest-tour-journey-refresh
2026-10-08T22:46:02.4361323Z  * [new branch]          archive/cleanup-20261002/codex/4231-home-truthful-journey -> origin/archive/cleanup-20261002/codex/4231-home-truthful-journey
2026-10-08T22:46:02.4361892Z  * [new branch]          archive/cleanup-20261002/codex/4231-html-sdk -> origin/archive/cleanup-20261002/codex/4231-html-sdk
2026-10-08T22:46:02.4362480Z  * [new branch]          archive/cleanup-20261002/codex/4231-move-shared-face-toolkit -> origin/archive/cleanup-20261002/codex/4231-move-shared-face-toolkit
2026-10-08T22:46:02.4363192Z  * [new branch]          archive/cleanup-20261002/codex/4231-narrow-pages-carrier-ownership -> origin/archive/cleanup-20261002/codex/4231-narrow-pages-carrier-ownership
2026-10-08T22:46:02.4363920Z  * [new branch]          archive/cleanup-20261002/codex/4231-native-direct-patchbay-graph -> origin/archive/cleanup-20261002/codex/4231-native-direct-patchbay-graph
2026-10-08T22:46:02.4364798Z  * [new branch]          archive/cleanup-20261002/codex/4231-native-patchbay-ci-ownership -> origin/archive/cleanup-20261002/codex/4231-native-patchbay-ci-ownership
2026-10-08T22:46:02.4365497Z  * [new branch]          archive/cleanup-20261002/codex/4231-neutral-lucide -> origin/archive/cleanup-20261002/codex/4231-neutral-lucide
2026-10-08T22:46:02.4366065Z  * [new branch]          archive/cleanup-20261002/codex/4231-neutral-unifont -> origin/archive/cleanup-20261002/codex/4231-neutral-unifont
2026-10-08T22:46:02.4366636Z  * [new branch]          archive/cleanup-20261002/codex/4231-next-cleanup -> origin/archive/cleanup-20261002/codex/4231-next-cleanup
2026-10-08T22:46:02.4367188Z  * [new branch]          archive/cleanup-20261002/codex/4231-next-deletion -> origin/archive/cleanup-20261002/codex/4231-next-deletion
2026-10-08T22:46:02.4367792Z  * [new branch]          archive/cleanup-20261002/codex/4231-pages-current-surfaces -> origin/archive/cleanup-20261002/codex/4231-pages-current-surfaces
2026-10-08T22:46:02.4368454Z  * [new branch]          archive/cleanup-20261002/codex/4231-patchbay-application-move -> origin/archive/cleanup-20261002/codex/4231-patchbay-application-move
2026-10-08T22:46:02.4369105Z  * [new branch]          archive/cleanup-20261002/codex/4231-patchbay-doc-boundary -> origin/archive/cleanup-20261002/codex/4231-patchbay-doc-boundary
2026-10-08T22:46:02.4369780Z  * [new branch]          archive/cleanup-20261002/codex/4231-patchbay-graph-move -> origin/archive/cleanup-20261002/codex/4231-patchbay-graph-move
2026-10-08T22:46:02.4370500Z  * [new branch]          archive/cleanup-20261002/codex/4231-pete-canonical-truth -> origin/archive/cleanup-20261002/codex/4231-pete-canonical-truth
2026-10-08T22:46:02.4371128Z  * [new branch]          archive/cleanup-20261002/codex/4231-pete-inspection -> origin/archive/cleanup-20261002/codex/4231-pete-inspection
2026-10-08T22:46:02.4371811Z  * [new branch]          archive/cleanup-20261002/codex/4231-require-local-integration-gate -> origin/archive/cleanup-20261002/codex/4231-require-local-integration-gate
2026-10-08T22:46:02.4372528Z  * [new branch]          archive/cleanup-20261002/codex/4231-resident-patchbay-form -> origin/archive/cleanup-20261002/codex/4231-resident-patchbay-form
2026-10-08T22:46:02.4373251Z  * [new branch]          archive/cleanup-20261002/codex/4231-retire-browser-application-docs -> origin/archive/cleanup-20261002/codex/4231-retire-browser-application-docs
2026-10-08T22:46:02.4373974Z  * [new branch]          archive/cleanup-20261002/codex/4231-retire-native-tour -> origin/archive/cleanup-20261002/codex/4231-retire-native-tour
2026-10-08T22:46:02.4374831Z  * [new branch]          archive/cleanup-20261002/codex/4231-retire-workspace-model-rebuild -> origin/archive/cleanup-20261002/codex/4231-retire-workspace-model-rebuild
2026-10-08T22:46:02.4375549Z  * [new branch]          archive/cleanup-20261002/codex/4231-sdk-body-participation -> origin/archive/cleanup-20261002/codex/4231-sdk-body-participation
2026-10-08T22:46:02.4376251Z  * [new branch]          archive/cleanup-20261002/codex/4231-sdk-external-body-execution -> origin/archive/cleanup-20261002/codex/4231-sdk-external-body-execution
2026-10-08T22:46:02.4376984Z  * [new branch]          archive/cleanup-20261002/codex/4231-semantic-workspace-readiness -> origin/archive/cleanup-20261002/codex/4231-semantic-workspace-readiness
2026-10-08T22:46:02.4377675Z  * [new branch]          archive/cleanup-20261002/codex/4231-std-patchbay-adapter -> origin/archive/cleanup-20261002/codex/4231-std-patchbay-adapter
2026-10-08T22:46:02.4378384Z  * [new branch]          archive/cleanup-20261002/codex/4231-tour-form-ownership-rebuild -> origin/archive/cleanup-20261002/codex/4231-tour-form-ownership-rebuild
2026-10-08T22:46:02.4379123Z  * [new branch]          archive/cleanup-20261002/codex/4231-tutorial-form-ownership-rebuild -> origin/archive/cleanup-20261002/codex/4231-tutorial-form-ownership-rebuild
2026-10-08T22:46:02.4379793Z  * [new branch]          archive/cleanup-20261002/codex/4231-webrtc-assets -> origin/archive/cleanup-20261002/codex/4231-webrtc-assets
2026-10-08T22:46:02.4380450Z  * [new branch]          archive/cleanup-20261002/codex/4231-workbench-host-contract -> origin/archive/cleanup-20261002/codex/4231-workbench-host-contract
2026-10-08T22:46:02.4381151Z  * [new branch]          archive/cleanup-20261002/codex/4335-fixed-arity-glyphs -> origin/archive/cleanup-20261002/codex/4335-fixed-arity-glyphs
2026-10-08T22:46:02.4381766Z  * [new branch]          archive/cleanup-20261002/codex/4341-host-install-plan -> origin/archive/cleanup-20261002/codex/4341-host-install-plan
2026-10-08T22:46:02.4382343Z  * [new branch]          archive/cleanup-20261002/codex/4381-rust-bindings -> origin/archive/cleanup-20261002/codex/4381-rust-bindings
2026-10-08T22:46:02.4382931Z  * [new branch]          archive/cleanup-20261002/codex/4382-audio-tone-terminal -> origin/archive/cleanup-20261002/codex/4382-audio-tone-terminal
2026-10-08T22:46:02.4383554Z  * [new branch]          archive/cleanup-20261002/codex/4382-consolidated-followup -> origin/archive/cleanup-20261002/codex/4382-consolidated-followup
2026-10-08T22:46:02.4384296Z  * [new branch]          archive/cleanup-20261002/codex/4382-finance-types -> origin/archive/cleanup-20261002/codex/4382-finance-types
2026-10-08T22:46:02.4384935Z  * [new branch]          archive/cleanup-20261002/codex/4382-language-offset -> origin/archive/cleanup-20261002/codex/4382-language-offset
2026-10-08T22:46:02.4385589Z  * [new branch]          archive/cleanup-20261002/codex/4382-portable-variants-2 -> origin/archive/cleanup-20261002/codex/4382-portable-variants-2
2026-10-08T22:46:02.4386187Z  * [new branch]          archive/cleanup-20261002/codex/4383-sugar-inspection -> origin/archive/cleanup-20261002/codex/4383-sugar-inspection
2026-10-08T22:46:02.4386779Z  * [new branch]          archive/cleanup-20261002/codex/4399-bounded-activation -> origin/archive/cleanup-20261002/codex/4399-bounded-activation
2026-10-08T22:46:02.4387405Z  * [new branch]          archive/cleanup-20261002/codex/4399-exact-terminal-contract -> origin/archive/cleanup-20261002/codex/4399-exact-terminal-contract
2026-10-08T22:46:02.4388011Z  * [new branch]          archive/cleanup-20261002/codex/4484-quiescence-mark -> origin/archive/cleanup-20261002/codex/4484-quiescence-mark
2026-10-08T22:46:02.4388600Z  * [new branch]          archive/cleanup-20261002/codex/4639-proof-arithmetic -> origin/archive/cleanup-20261002/codex/4639-proof-arithmetic
2026-10-08T22:46:02.4389219Z  * [new branch]          archive/cleanup-20261002/codex/accidental-4103-preservation -> origin/archive/cleanup-20261002/codex/accidental-4103-preservation
2026-10-08T22:46:02.4389905Z  * [new branch]          archive/cleanup-20261002/codex/archive-4115-parallel-mask-graph -> origin/archive/cleanup-20261002/codex/archive-4115-parallel-mask-graph
2026-10-08T22:46:02.4390599Z  * [new branch]          archive/cleanup-20261002/codex/b-relay-integration -> origin/archive/cleanup-20261002/codex/b-relay-integration
2026-10-08T22:46:02.4391238Z  * [new branch]          archive/cleanup-20261002/codex/ci-browser-artifact-shards -> origin/archive/cleanup-20261002/codex/ci-browser-artifact-shards
2026-10-08T22:46:02.4391908Z  * [new branch]          archive/cleanup-20261002/codex/ci-browser-runtime-upload -> origin/archive/cleanup-20261002/codex/ci-browser-runtime-upload
2026-10-08T22:46:02.4392580Z  * [new branch]          archive/cleanup-20261002/codex/ci-pages-prefix-cleanup -> origin/archive/cleanup-20261002/codex/ci-pages-prefix-cleanup
2026-10-08T22:46:02.4393215Z  * [new branch]          archive/cleanup-20261002/codex/ci-relay-terminal-race -> origin/archive/cleanup-20261002/codex/ci-relay-terminal-race
2026-10-08T22:46:02.4393850Z  * [new branch]          archive/cleanup-20261002/codex/ci-test-only-face-impact -> origin/archive/cleanup-20261002/codex/ci-test-only-face-impact
2026-10-08T22:46:02.4394650Z  * [new branch]          archive/cleanup-20261002/codex/delete-application-view-face-seam -> origin/archive/cleanup-20261002/codex/delete-application-view-face-seam
2026-10-08T22:46:02.4395362Z  * [new branch]          archive/cleanup-20261002/codex/dev-feature-warning-cleanup -> origin/archive/cleanup-20261002/codex/dev-feature-warning-cleanup
2026-10-08T22:46:02.4396129Z  * [new branch]          archive/cleanup-20261002/codex/disable-release-liveness-issues -> origin/archive/cleanup-20261002/codex/disable-release-liveness-issues
2026-10-08T22:46:02.4396864Z  * [new branch]          archive/cleanup-20261002/codex/finite-lifetime-integrated -> origin/archive/cleanup-20261002/codex/finite-lifetime-integrated
2026-10-08T22:46:02.4397478Z  * [new branch]          archive/cleanup-20261002/codex/form-diagram -> origin/archive/cleanup-20261002/codex/form-diagram
2026-10-08T22:46:02.4398075Z  * [new branch]          archive/cleanup-20261002/codex/form-diagram-details -> origin/archive/cleanup-20261002/codex/form-diagram-details
2026-10-08T22:46:02.4398701Z  * [new branch]          archive/cleanup-20261002/codex/form-diagram-orthogonal -> origin/archive/cleanup-20261002/codex/form-diagram-orthogonal
2026-10-08T22:46:02.4399372Z  * [new branch]          archive/cleanup-20261002/codex/form-diagram-port-hierarchy -> origin/archive/cleanup-20261002/codex/form-diagram-port-hierarchy
2026-10-08T22:46:02.4400024Z  * [new branch]          archive/cleanup-20261002/codex/native-planned-line -> origin/archive/cleanup-20261002/codex/native-planned-line
2026-10-08T22:46:02.4400671Z  * [new branch]          archive/cleanup-20261002/codex/owner-browser-participants -> origin/archive/cleanup-20261002/codex/owner-browser-participants
2026-10-08T22:46:02.4401435Z  * [new branch]          archive/cleanup-20261002/codex/release-finalizer-journey-policy -> origin/archive/cleanup-20261002/codex/release-finalizer-journey-policy
2026-10-08T22:46:02.4402205Z  * [new branch]          archive/cleanup-20261002/codex/remove-obsolete-biography-compaction -> origin/archive/cleanup-20261002/codex/remove-obsolete-biography-compaction
2026-10-08T22:46:02.4402928Z  * [new branch]          archive/cleanup-20261002/codex/repair-esp32-locks-minimal -> origin/archive/cleanup-20261002/codex/repair-esp32-locks-minimal
2026-10-08T22:46:02.4403612Z  * [new branch]          archive/cleanup-20261002/codex/repair-esp32-standalone-locks -> origin/archive/cleanup-20261002/codex/repair-esp32-standalone-locks
2026-10-08T22:46:02.4404398Z  * [new branch]          archive/cleanup-20261002/codex/retire-book-compat -> origin/archive/cleanup-20261002/codex/retire-book-compat
2026-10-08T22:46:02.4405032Z  * [new branch]          archive/cleanup-20261002/codex/simplify-browser-check -> origin/archive/cleanup-20261002/codex/simplify-browser-check
2026-10-08T22:46:02.4405723Z  * [new branch]          archive/cleanup-20261002/codex/three-bodies-contract-repair -> origin/archive/cleanup-20261002/codex/three-bodies-contract-repair
2026-10-08T22:46:02.4406432Z  * [new branch]          archive/cleanup-20261002/codex/three-bodies-mask-integration -> origin/archive/cleanup-20261002/codex/three-bodies-mask-integration
2026-10-08T22:46:02.4407267Z  * [new branch]          archive/cleanup-20261002/codex/three-bodies-mask-integration-pre-restack-20260927 -> origin/archive/cleanup-20261002/codex/three-bodies-mask-integration-pre-restack-20260927
2026-10-08T22:46:02.4408147Z  * [new branch]          archive/cleanup-20261002/codex/three-bodies-mask-integration-restacked -> origin/archive/cleanup-20261002/codex/three-bodies-mask-integration-restacked
2026-10-08T22:46:02.4408885Z  * [new branch]          archive/cleanup-20261002/codex/three-bodies-mask-journey -> origin/archive/cleanup-20261002/codex/three-bodies-mask-journey
2026-10-08T22:46:02.4409686Z  * [new branch]          archive/cleanup-20261002/codex/user-operated-relay -> origin/archive/cleanup-20261002/codex/user-operated-relay
2026-10-08T22:46:02.4410306Z  * [new branch]          archive/cleanup-20261002/wip/conduit-4055-package-graph -> origin/archive/cleanup-20261002/wip/conduit-4055-package-graph
2026-10-08T22:46:02.4411010Z  * [new branch]          archive/cleanup-20261002/wip/conduit-4231-tour-form-ownership -> origin/archive/cleanup-20261002/wip/conduit-4231-tour-form-ownership
2026-10-08T22:46:02.4411785Z  * [new branch]          archive/cleanup-20261002/wip/conduit-ci-wiring -> origin/archive/cleanup-20261002/wip/conduit-ci-wiring
2026-10-08T22:46:02.4412638Z  * [new branch]          archive/recovery-20261006/conduit-5131-std-observation -> origin/archive/recovery-20261006/conduit-5131-std-observation
2026-10-08T22:46:02.4413541Z  * [new branch]          archive/recovery-20261006/conduit-5132-browser-monotonic -> origin/archive/recovery-20261006/conduit-5132-browser-monotonic
2026-10-08T22:46:02.4414467Z  * [new branch]          archive/recovery-20261006/conduit-5132-civil-bridge -> origin/archive/recovery-20261006/conduit-5132-civil-bridge
2026-10-08T22:46:02.4415365Z  * [new branch]          archive/recovery-20261006/conduit-5132-conduitos-monotonic -> origin/archive/recovery-20261006/conduit-5132-conduitos-monotonic
2026-10-08T22:46:02.4416249Z  * [new branch]          archive/recovery-20261006/conduit-5132-plan-quality -> origin/archive/recovery-20261006/conduit-5132-plan-quality
2026-10-08T22:46:02.4417274Z  * [new branch]          archive/recovery-20261006/heads/conduit-4807-audio-gate-eae9af1b0d7d -> origin/archive/recovery-20261006/heads/conduit-4807-audio-gate-eae9af1b0d7d
2026-10-08T22:46:02.4418394Z  * [new branch]          archive/recovery-20261006/heads/conduit-4807-host-loss-recovery-f4eb5585f345 -> origin/archive/recovery-20261006/heads/conduit-4807-host-loss-recovery-f4eb5585f345
2026-10-08T22:46:02.4419657Z  * [new branch]          archive/recovery-20261006/heads/conduit-4807-journey-page-b4a67fddab85 -> origin/archive/recovery-20261006/heads/conduit-4807-journey-page-b4a67fddab85
2026-10-08T22:46:02.4420759Z  * [new branch]          archive/recovery-20261006/heads/conduit-4807-same-play-linux-590bbe0a3000 -> origin/archive/recovery-20261006/heads/conduit-4807-same-play-linux-590bbe0a3000
2026-10-08T22:46:02.4421965Z  * [new branch]          archive/recovery-20261006/heads/conduit-4807-spoken-model-budget-5d9341a7844a -> origin/archive/recovery-20261006/heads/conduit-4807-spoken-model-budget-5d9341a7844a
2026-10-08T22:46:02.4423207Z  * [new branch]          archive/recovery-20261006/heads/conduit-browser-interaction-line-b381fad014ff -> origin/archive/recovery-20261006/heads/conduit-browser-interaction-line-b381fad014ff
2026-10-08T22:46:02.4424422Z  * [new branch]          archive/recovery-20261006/heads/conduit-browser-proof-entrance-repair-642de6a88cbd -> origin/archive/recovery-20261006/heads/conduit-browser-proof-entrance-repair-642de6a88cbd
2026-10-08T22:46:02.4425601Z  * [new branch]          archive/recovery-20261006/heads/conduit-current-view-spoken-navigation-6a105d558eb3 -> origin/archive/recovery-20261006/heads/conduit-current-view-spoken-navigation-6a105d558eb3
2026-10-08T22:46:02.4426514Z  * [new branch]          archive/recovery-20261006/heads/conduit-face-plain-language-740cd0fa5a33 -> origin/archive/recovery-20261006/heads/conduit-face-plain-language-740cd0fa5a33
2026-10-08T22:46:02.4427542Z  * [new branch]          archive/recovery-20261006/heads/conduit-journey-publication-60b8af5d843d -> origin/archive/recovery-20261006/heads/conduit-journey-publication-60b8af5d843d
2026-10-08T22:46:02.4428549Z  * [new branch]          archive/recovery-20261006/heads/conduit-mechanical-spoken-face-7f4231508bc4 -> origin/archive/recovery-20261006/heads/conduit-mechanical-spoken-face-7f4231508bc4
2026-10-08T22:46:02.4429688Z  * [new branch]          archive/recovery-20261006/heads/conduit-model-route-restoration-6f5b4819e2d8 -> origin/archive/recovery-20261006/heads/conduit-model-route-restoration-6f5b4819e2d8
2026-10-08T22:46:02.4430842Z  * [new branch]          archive/recovery-20261006/heads/conduit-native-face-graphical-richness-670f598f4eeb -> origin/archive/recovery-20261006/heads/conduit-native-face-graphical-richness-670f598f4eeb
2026-10-08T22:46:02.4432019Z  * [new branch]          archive/recovery-20261006/heads/conduit-native-face-mask-integration-5df58d0415ed -> origin/archive/recovery-20261006/heads/conduit-native-face-mask-integration-5df58d0415ed
2026-10-08T22:46:02.4432932Z  * [new branch]          archive/recovery-20261006/heads/conduit-native-face-snapshot-61a52673d1dc -> origin/archive/recovery-20261006/heads/conduit-native-face-snapshot-61a52673d1dc
2026-10-08T22:46:02.4433917Z  * [new branch]          archive/recovery-20261006/heads/conduit-native-face-tui-richness-727913ceb04a -> origin/archive/recovery-20261006/heads/conduit-native-face-tui-richness-727913ceb04a
2026-10-08T22:46:02.4434910Z  * [new branch]          archive/recovery-20261006/heads/conduit-native-planned-line-b94754cdda55 -> origin/archive/recovery-20261006/heads/conduit-native-planned-line-b94754cdda55
2026-10-08T22:46:02.4435764Z  * [new branch]          archive/recovery-20261006/heads/conduit-native-postbirth-face-mask-4e52baacabb1 -> origin/archive/recovery-20261006/heads/conduit-native-postbirth-face-mask-4e52baacabb1
2026-10-08T22:46:02.4436614Z  * [new branch]          archive/recovery-20261006/heads/conduit-owner-wardrobe-routes-771bc7cd9326 -> origin/archive/recovery-20261006/heads/conduit-owner-wardrobe-routes-771bc7cd9326
2026-10-08T22:46:02.4437466Z  * [new branch]          archive/recovery-20261006/heads/conduit-proof-combined-owner-face-0adf69a52307 -> origin/archive/recovery-20261006/heads/conduit-proof-combined-owner-face-0adf69a52307
2026-10-08T22:46:02.4438349Z  * [new branch]          archive/recovery-20261006/heads/conduit-proof-three-host-owner-face-30e45f6aeb65 -> origin/archive/recovery-20261006/heads/conduit-proof-three-host-owner-face-30e45f6aeb65
2026-10-08T22:46:02.4439310Z  * [new branch]          archive/recovery-20261006/heads/conduit-provisional-owner-route-da74fde0bad5 -> origin/archive/recovery-20261006/heads/conduit-provisional-owner-route-da74fde0bad5
2026-10-08T22:46:02.4440208Z  * [new branch]          archive/recovery-20261006/heads/conduit-provisional-owner-route-member-53c7fc4a19a3 -> origin/archive/recovery-20261006/heads/conduit-provisional-owner-route-member-53c7fc4a19a3
2026-10-08T22:46:02.4441125Z  * [new branch]          archive/recovery-20261006/heads/conduit-provisional-owner-route-tls-6bb71662e4fe -> origin/archive/recovery-20261006/heads/conduit-provisional-owner-route-tls-6bb71662e4fe
2026-10-08T22:46:02.4441977Z  * [new branch]          archive/recovery-20261006/heads/conduit-qemu-audio-capture-05fe631d3394 -> origin/archive/recovery-20261006/heads/conduit-qemu-audio-capture-05fe631d3394
2026-10-08T22:46:02.4442863Z  * [new branch]          archive/recovery-20261006/heads/conduit-readable-terminal-capture-3c2865efc3a3 -> origin/archive/recovery-20261006/heads/conduit-readable-terminal-capture-3c2865efc3a3
2026-10-08T22:46:02.4443703Z  * [new branch]          archive/recovery-20261006/heads/conduit-real-owner-provision-51fd34ab3bd5 -> origin/archive/recovery-20261006/heads/conduit-real-owner-provision-51fd34ab3bd5
2026-10-08T22:46:02.4444622Z  * [new branch]          archive/recovery-20261006/heads/conduit-screen-free-lull-bc7afc639bf1 -> origin/archive/recovery-20261006/heads/conduit-screen-free-lull-bc7afc639bf1
2026-10-08T22:46:02.4445460Z  * [new branch]          archive/recovery-20261006/heads/conduit-selected-speech-browser-proof-20aa799b8819 -> origin/archive/recovery-20261006/heads/conduit-selected-speech-browser-proof-20aa799b8819
2026-10-08T22:46:02.4446379Z  * [new branch]          archive/recovery-20261006/heads/conduit-sequential-external-fore-speech-2301190eff99 -> origin/archive/recovery-20261006/heads/conduit-sequential-external-fore-speech-2301190eff99
2026-10-08T22:46:02.4447304Z  * [new branch]          archive/recovery-20261006/heads/conduit-spoken-face-stream-execution-9727d65c25a3 -> origin/archive/recovery-20261006/heads/conduit-spoken-face-stream-execution-9727d65c25a3
2026-10-08T22:46:02.4448171Z  * [new branch]          archive/recovery-20261006/heads/conduit-terminal-mask-execution-79b95ad06bad -> origin/archive/recovery-20261006/heads/conduit-terminal-mask-execution-79b95ad06bad
2026-10-08T22:46:02.4448965Z  * [new branch]          archive/recovery-20261006/heads/conduit-three-host-llm-f7bac1d0cba4 -> origin/archive/recovery-20261006/heads/conduit-three-host-llm-f7bac1d0cba4
2026-10-08T22:46:02.4449653Z  * [new branch]          archive/recovery-20261006/wip/conduit-4055-package-graph -> origin/archive/recovery-20261006/wip/conduit-4055-package-graph
2026-10-08T22:46:02.4450356Z  * [new branch]          archive/recovery-20261006/wip/conduit-4231-tour-form-ownership -> origin/archive/recovery-20261006/wip/conduit-4231-tour-form-ownership
2026-10-08T22:46:02.4450989Z  * [new branch]          archive/recovery-20261006/wip/conduit-ci-wiring -> origin/archive/recovery-20261006/wip/conduit-ci-wiring
2026-10-08T22:46:02.4451600Z  * [new branch]          archive/recovery-20261006/wip/conduit-native-owner-wardrobe -> origin/archive/recovery-20261006/wip/conduit-native-owner-wardrobe
2026-10-08T22:46:02.4452265Z  * [new branch]          archive/recovery-20261006/wip/conduit-owner-speech-service -> origin/archive/recovery-20261006/wip/conduit-owner-speech-service
2026-10-08T22:46:02.4452854Z  * [new branch]          archive/stopping-20261008/4055-package-graph -> origin/archive/stopping-20261008/4055-package-graph
2026-10-08T22:46:02.4453452Z  * [new branch]          archive/stopping-20261008/4231-tour-form-ownership -> origin/archive/stopping-20261008/4231-tour-form-ownership
2026-10-08T22:46:02.4454021Z  * [new branch]          archive/stopping-20261008/4807-combined-fixture -> origin/archive/stopping-20261008/4807-combined-fixture
2026-10-08T22:46:02.4454702Z  * [new branch]          archive/stopping-20261008/4907-asr -> origin/archive/stopping-20261008/4907-asr
2026-10-08T22:46:02.4455196Z  * [new branch]          archive/stopping-20261008/4907-decode-accounting -> origin/archive/stopping-20261008/4907-decode-accounting
2026-10-08T22:46:02.4455789Z  * [new branch]          archive/stopping-20261008/4907-foundation-browser-proof -> origin/archive/stopping-20261008/4907-foundation-browser-proof
2026-10-08T22:46:02.4456357Z  * [new branch]          archive/stopping-20261008/4907-incremental -> origin/archive/stopping-20261008/4907-incremental
2026-10-08T22:46:02.4456832Z  * [new branch]          archive/stopping-20261008/4907-joint -> origin/archive/stopping-20261008/4907-joint
2026-10-08T22:46:02.4457332Z  * [new branch]          archive/stopping-20261008/4907-native-admission -> origin/archive/stopping-20261008/4907-native-admission
2026-10-08T22:46:02.4457847Z  * [new branch]          archive/stopping-20261008/4907-parser -> origin/archive/stopping-20261008/4907-parser
2026-10-08T22:46:02.4458357Z  * [new branch]          archive/stopping-20261008/4907-production-custody -> origin/archive/stopping-20261008/4907-production-custody
2026-10-08T22:46:02.4458894Z  * [new branch]          archive/stopping-20261008/4907-text-material -> origin/archive/stopping-20261008/4907-text-material
2026-10-08T22:46:02.4459376Z  * [new branch]          archive/stopping-20261008/4907-window8 -> origin/archive/stopping-20261008/4907-window8
2026-10-08T22:46:02.4459871Z  * [new branch]          archive/stopping-20261008/5131-std-observation -> origin/archive/stopping-20261008/5131-std-observation
2026-10-08T22:46:02.4460408Z  * [new branch]          archive/stopping-20261008/5132-browser-monotonic -> origin/archive/stopping-20261008/5132-browser-monotonic
2026-10-08T22:46:02.4460940Z  * [new branch]          archive/stopping-20261008/5132-civil-bridge -> origin/archive/stopping-20261008/5132-civil-bridge
2026-10-08T22:46:02.4461480Z  * [new branch]          archive/stopping-20261008/5132-conduitos-monotonic -> origin/archive/stopping-20261008/5132-conduitos-monotonic
2026-10-08T22:46:02.4462019Z  * [new branch]          archive/stopping-20261008/5132-plan-quality -> origin/archive/stopping-20261008/5132-plan-quality
2026-10-08T22:46:02.4462491Z  * [new branch]          archive/stopping-20261008/ci-wiring -> origin/archive/stopping-20261008/ci-wiring
2026-10-08T22:46:02.4462987Z  * [new branch]          archive/stopping-20261008/native-owner-wardrobe -> origin/archive/stopping-20261008/native-owner-wardrobe
2026-10-08T22:46:02.4463587Z  * [new branch]          archive/stopping-20261008/owner-speech-service -> origin/archive/stopping-20261008/owner-speech-service
2026-10-08T22:46:02.4464285Z  * [new branch]          backup/2026-10-06-4831-ordinary-hid-input -> origin/backup/2026-10-06-4831-ordinary-hid-input
2026-10-08T22:46:02.4464832Z  * [new branch]          backup/2026-10-06-dirty-1-conduit -> origin/backup/2026-10-06-dirty-1-conduit
2026-10-08T22:46:02.4465268Z  * [new branch]          backup/2026-10-06-dirty-2-c302 -> origin/backup/2026-10-06-dirty-2-c302
2026-10-08T22:46:02.4465763Z  * [new branch]          backup/2026-10-06-dirty-4-conduit-4231-complete -> origin/backup/2026-10-06-dirty-4-conduit-4231-complete
2026-10-08T22:46:02.4466298Z  * [new branch]          backup/2026-10-06-usb-device-decode-wip -> origin/backup/2026-10-06-usb-device-decode-wip
2026-10-08T22:46:02.4466735Z  * [new branch]          backup/4103-pre-rebuild     -> origin/backup/4103-pre-rebuild
2026-10-08T22:46:02.4467150Z  * [new branch]          codex/4231-tour-form-ownership -> origin/codex/4231-tour-form-ownership
2026-10-08T22:46:02.4467603Z  * [new branch]          codex/4807-birth-same-play-audio -> origin/codex/4807-birth-same-play-audio
2026-10-08T22:46:02.4468051Z  * [new branch]          codex/4807-browser-timer-package -> origin/codex/4807-browser-timer-package
2026-10-08T22:46:02.4468476Z  * [new branch]          codex/4807-complete-carrier -> origin/codex/4807-complete-carrier
2026-10-08T22:46:02.4468922Z  * [new branch]          codex/4807-live-walkthrough -> origin/codex/4807-live-walkthrough
2026-10-08T22:46:02.4469343Z  * [new branch]          codex/4807-model-route-lifecycle -> origin/codex/4807-model-route-lifecycle
2026-10-08T22:46:02.4469795Z  * [new branch]          codex/4807-partial-site-acceptance -> origin/codex/4807-partial-site-acceptance
2026-10-08T22:46:02.4470272Z  * [new branch]          codex/4807-producer-receipts -> origin/codex/4807-producer-receipts
2026-10-08T22:46:02.4470707Z  * [new branch]          codex/4807-readable-retained-page -> origin/codex/4807-readable-retained-page
2026-10-08T22:46:02.4471142Z  * [new branch]          codex/4807-renderer-contract -> origin/codex/4807-renderer-contract
2026-10-08T22:46:02.4471632Z  * [new branch]          codex/4807-retained-development-publication -> origin/codex/4807-retained-development-publication
2026-10-08T22:46:02.4472156Z  * [new branch]          codex/4807-retained-site-navigation -> origin/codex/4807-retained-site-navigation
2026-10-08T22:46:02.4472646Z  * [new branch]          codex/4807-screen-free-owner-wardrobe -> origin/codex/4807-screen-free-owner-wardrobe
2026-10-08T22:46:02.4473163Z  * [new branch]          codex/4807-screen-free-proof-continuation -> origin/codex/4807-screen-free-proof-continuation
2026-10-08T22:46:02.4473744Z  * [new branch]          codex/4807-screen-free-wardrobe-continuation -> origin/codex/4807-screen-free-wardrobe-continuation
2026-10-08T22:46:02.4474305Z  * [new branch]          codex/4807-spoken-play-sequence -> origin/codex/4807-spoken-play-sequence
2026-10-08T22:46:02.4474755Z  * [new branch]          codex/4807-terminal-owner-replan -> origin/codex/4807-terminal-owner-replan
2026-10-08T22:46:02.4475211Z  * [new branch]          codex/4898-coherent-public-driver -> origin/codex/4898-coherent-public-driver
2026-10-08T22:46:02.4475639Z  * [new branch]          codex/4898-common-greeting  -> origin/codex/4898-common-greeting
2026-10-08T22:46:02.4476027Z  * [new branch]          codex/4898-feature-stream   -> origin/codex/4898-feature-stream
2026-10-08T22:46:02.4476409Z  * [new branch]          codex/4898-fixed-neural     -> origin/codex/4898-fixed-neural
2026-10-08T22:46:02.4476826Z  * [new branch]          codex/4898-numeric-conditioning -> origin/codex/4898-numeric-conditioning
2026-10-08T22:46:02.4477235Z  * [new branch]          codex/4898-pair-storage     -> origin/codex/4898-pair-storage
2026-10-08T22:46:02.4477597Z  * [new branch]          codex/4898-topology         -> origin/codex/4898-topology
2026-10-08T22:46:02.4477976Z  * [new branch]          codex/4907-decode-accounting -> origin/codex/4907-decode-accounting
2026-10-08T22:46:02.4478357Z  * [new branch]          codex/4907-discourse        -> origin/codex/4907-discourse
2026-10-08T22:46:02.4478797Z  * [new branch]          codex/4907-evaluation-identity -> origin/codex/4907-evaluation-identity
2026-10-08T22:46:02.4479194Z  * [new branch]          codex/4907-incremental      -> origin/codex/4907-incremental
2026-10-08T22:46:02.4479565Z  * [new branch]          codex/4907-joint            -> origin/codex/4907-joint
2026-10-08T22:46:02.4479945Z  * [new branch]          codex/4907-learned-integration -> origin/codex/4907-learned-integration
2026-10-08T22:46:02.4480321Z  * [new branch]          codex/4907-lexical          -> origin/codex/4907-lexical
2026-10-08T22:46:02.4480686Z  * [new branch]          codex/4907-native-admission -> origin/codex/4907-native-admission
2026-10-08T22:46:02.4481079Z  * [new branch]          codex/4907-native-evaluation -> origin/codex/4907-native-evaluation
2026-10-08T22:46:02.4481462Z  * [new branch]          codex/4907-native-reuse     -> origin/codex/4907-native-reuse
2026-10-08T22:46:02.4481816Z  * [new branch]          codex/4907-parser           -> origin/codex/4907-parser
2026-10-08T22:46:02.4482202Z  * [new branch]          codex/4907-pitch-trajectory -> origin/codex/4907-pitch-trajectory
2026-10-08T22:46:02.4482569Z  * [new branch]          codex/4907-playback         -> origin/codex/4907-playback
2026-10-08T22:46:02.4482987Z  * [new branch]          codex/4907-playback-proof   -> origin/codex/4907-playback-proof
2026-10-08T22:46:02.4483387Z  * [new branch]          codex/4907-production-custody -> origin/codex/4907-production-custody
2026-10-08T22:46:02.4483772Z  * [new branch]          codex/4907-pronunciation    -> origin/codex/4907-pronunciation
2026-10-08T22:46:02.4484269Z  * [new branch]          codex/4907-prosody          -> origin/codex/4907-prosody
2026-10-08T22:46:02.4484635Z  * [new branch]          codex/4907-scorer           -> origin/codex/4907-scorer
2026-10-08T22:46:02.4485007Z  * [new branch]          codex/4907-speech-coverage  -> origin/codex/4907-speech-coverage
2026-10-08T22:46:02.4485392Z  * [new branch]          codex/4907-window8          -> origin/codex/4907-window8
2026-10-08T22:46:02.4485746Z  * [new branch]          codex/5111-live-proof       -> origin/codex/5111-live-proof
2026-10-08T22:46:02.4486130Z  * [new branch]          codex/5113-pause-checkpoint -> origin/codex/5113-pause-checkpoint
2026-10-08T22:46:02.4486578Z  * [new branch]          codex/5113-paused-aarch64-checkpoint -> origin/codex/5113-paused-aarch64-checkpoint
2026-10-08T22:46:02.4487106Z  * [new branch]          codex/5113-repair-birth-publication-fixture -> origin/codex/5113-repair-birth-publication-fixture
2026-10-08T22:46:02.4487594Z  * [new branch]          codex/5183-numeric-foundation -> origin/codex/5183-numeric-foundation
2026-10-08T22:46:02.4488007Z  * [new branch]          codex/5196-revision-foundation -> origin/codex/5196-revision-foundation
2026-10-08T22:46:02.4488435Z  * [new branch]          codex/5201-biography-archive -> origin/codex/5201-biography-archive
2026-10-08T22:46:02.4488835Z  * [new branch]          codex/5201-live-todo-journey -> origin/codex/5201-live-todo-journey
2026-10-08T22:46:02.4489278Z  * [new branch]          codex/5201-native-return-live-proof -> origin/codex/5201-native-return-live-proof
2026-10-08T22:46:02.4489729Z  * [new branch]          codex/5201-native-return-route -> origin/codex/5201-native-return-route
2026-10-08T22:46:02.4490137Z  * [new branch]          codex/5201-native-todo-qmp  -> origin/codex/5201-native-todo-qmp
2026-10-08T22:46:02.4490513Z  * [new branch]          codex/5201-todo-browser     -> origin/codex/5201-todo-browser
2026-10-08T22:46:02.4490969Z  * [new branch]          codex/5201-todo-face-bindings-experiment -> origin/codex/5201-todo-face-bindings-experiment
2026-10-08T22:46:02.4491466Z  * [new branch]          codex/5201-todo-fresh-producer -> origin/codex/5201-todo-fresh-producer
2026-10-08T22:46:02.4491867Z  * [new branch]          codex/5201-todo-integrated  -> origin/codex/5201-todo-integrated
2026-10-08T22:46:02.4492242Z  * [new branch]          codex/5201-todo-kernel      -> origin/codex/5201-todo-kernel
2026-10-08T22:46:02.4492694Z  * [new branch]          codex/5201-todo-live-producer -> origin/codex/5201-todo-live-producer
2026-10-08T22:46:02.4493097Z  * [new branch]          codex/5201-todo-next-action -> origin/codex/5201-todo-next-action
2026-10-08T22:46:02.4493507Z  * [new branch]          codex/5201-todo-read-encounter -> origin/codex/5201-todo-read-encounter
2026-10-08T22:46:02.4493921Z  * [new branch]          codex/5201-todo-write-receipt -> origin/codex/5201-todo-write-receipt
2026-10-08T22:46:02.4494486Z  * [new branch]          codex/5205-5207-conduitvoice-docs-first -> origin/codex/5205-5207-conduitvoice-docs-first
2026-10-08T22:46:02.4494929Z  * [new branch]          codex/5212-common-intent    -> origin/codex/5212-common-intent
2026-10-08T22:46:02.4495315Z  * [new branch]          codex/5216-audio-foundation -> origin/codex/5216-audio-foundation
2026-10-08T22:46:02.4495706Z  * [new branch]          codex/5216-audio-quantities -> origin/codex/5216-audio-quantities
2026-10-08T22:46:02.4496104Z  * [new branch]          codex/5260-canonical-ipa-ir -> origin/codex/5260-canonical-ipa-ir
2026-10-08T22:46:02.4496483Z  * [new branch]          codex/5264-todo-core        -> origin/codex/5264-todo-core
2026-10-08T22:46:02.4496922Z  * [new branch]          codex/5265-todo-continuity  -> origin/codex/5265-todo-continuity
2026-10-08T22:46:02.4497323Z  * [new branch]          codex/5266-speech-selection -> origin/codex/5266-speech-selection
2026-10-08T22:46:02.4497693Z  * [new branch]          codex/5267-todo-masks       -> origin/codex/5267-todo-masks
2026-10-08T22:46:02.4498085Z  * [new branch]          codex/5269-ticker-presentation -> origin/codex/5269-ticker-presentation
2026-10-08T22:46:02.4498465Z  * [new branch]          codex/5300-fresh-boot       -> origin/codex/5300-fresh-boot
2026-10-08T22:46:02.4498866Z  * [new branch]          codex/burn-durable-corpus-cursor -> origin/codex/burn-durable-corpus-cursor
2026-10-08T22:46:02.4499336Z  * [new branch]          codex/integer-categorical-foundation -> origin/codex/integer-categorical-foundation
2026-10-08T22:46:02.4499788Z  * [new branch]          codex/portable-foundations  -> origin/codex/portable-foundations
2026-10-08T22:46:02.4500248Z  * [new branch]          codex/portable-foundations-omnibus -> origin/codex/portable-foundations-omnibus
2026-10-08T22:46:02.4500708Z  * [new branch]          codex/portable-foundations-probe -> origin/codex/portable-foundations-probe
2026-10-08T22:46:02.4501128Z  * [new branch]          codex/todo-direct-opening   -> origin/codex/todo-direct-opening
2026-10-08T22:46:02.4501523Z  * [new branch]          codex/todo-model-checkpoint -> origin/codex/todo-model-checkpoint
2026-10-08T22:46:02.4501906Z  * [new branch]          codex/todo-spoken-play      -> origin/codex/todo-spoken-play
2026-10-08T22:46:02.4502328Z  * [new branch]          conduit-visual-evidence-history -> origin/conduit-visual-evidence-history
2026-10-08T22:46:02.4502808Z  * [new branch]          copilot/check-distance-frequency-form -> origin/copilot/check-distance-frequency-form
2026-10-08T22:46:02.4503342Z  * [new branch]          copilot/make-frequency-drive-bounded-pcm -> origin/copilot/make-frequency-drive-bounded-pcm
2026-10-08T22:46:02.4503919Z  * [new branch]          copilot/turn-off-release-liveness-issue-creation -> origin/copilot/turn-off-release-liveness-issue-creation
2026-10-08T22:46:02.4504459Z  * [new branch]          dev                         -> origin/dev
2026-10-08T22:46:02.4504768Z  * [new branch]          gh-pages                    -> origin/gh-pages
2026-10-08T22:46:02.4505073Z  * [new branch]          main                        -> origin/main
2026-10-08T22:46:02.4505523Z  * [new branch]          recovery/4907-custody-reprioritization-20261008 -> origin/recovery/4907-custody-reprioritization-20261008
2026-10-08T22:46:02.4506099Z  * [new branch]          recovery/5183-before-numeric-split-20261008 -> origin/recovery/5183-before-numeric-split-20261008
2026-10-08T22:46:02.4506651Z  * [new branch]          recovery/5278-before-audio-split-20261008 -> origin/recovery/5278-before-audio-split-20261008
2026-10-08T22:46:02.4507272Z  * [new branch]          release/01b016fc7c5c0b3acb5f81078edcf2d9a75c158c -> origin/release/01b016fc7c5c0b3acb5f81078edcf2d9a75c158c
2026-10-08T22:46:02.4507849Z  * [new branch]          release/027c4f423223e98ca051693221165d998cebde8f -> origin/release/027c4f423223e98ca051693221165d998cebde8f
2026-10-08T22:46:02.4508412Z  * [new branch]          release/02ecbc0a99672819bbf5810fca973b76bb361068 -> origin/release/02ecbc0a99672819bbf5810fca973b76bb361068
2026-10-08T22:46:02.4508971Z  * [new branch]          release/0e33ad13100b21424fff64086ba687f62fa1eb06 -> origin/release/0e33ad13100b21424fff64086ba687f62fa1eb06
2026-10-08T22:46:02.4509532Z  * [new branch]          release/0eebcc254044a05e6c3427a4844e627dd6c63b07 -> origin/release/0eebcc254044a05e6c3427a4844e627dd6c63b07
2026-10-08T22:46:02.4510193Z  * [new branch]          release/0fea630c0327fe5b14f3d06c83b45c380836a73e -> origin/release/0fea630c0327fe5b14f3d06c83b45c380836a73e
2026-10-08T22:46:02.4510964Z  * [new branch]          release/11cc70175696782b1c22bc0174fc304c6d0d00a8 -> origin/release/11cc70175696782b1c22bc0174fc304c6d0d00a8
2026-10-08T22:46:02.4511602Z  * [new branch]          release/16eb6053e2888ad28015b437e9a37b8cb6be349d -> origin/release/16eb6053e2888ad28015b437e9a37b8cb6be349d
2026-10-08T22:46:02.4512180Z  * [new branch]          release/1876ecccacef607dec6b529a1d0d7bc89bd25a4f -> origin/release/1876ecccacef607dec6b529a1d0d7bc89bd25a4f
2026-10-08T22:46:02.4512759Z  * [new branch]          release/18bd07bb6c1bf460082fffa408d731b4ea57d73f -> origin/release/18bd07bb6c1bf460082fffa408d731b4ea57d73f
2026-10-08T22:46:02.4513330Z  * [new branch]          release/1afb89711f6c618ab50cb1092dc825fa0f2d8c58 -> origin/release/1afb89711f6c618ab50cb1092dc825fa0f2d8c58
2026-10-08T22:46:02.4513913Z  * [new branch]          release/1b4d7bb3b8ff6b972f7477632c8649b4c160a294 -> origin/release/1b4d7bb3b8ff6b972f7477632c8649b4c160a294
2026-10-08T22:46:02.4514578Z  * [new branch]          release/1ec25b49a70a46125c2e7d79f941cbade5ca7b66 -> origin/release/1ec25b49a70a46125c2e7d79f941cbade5ca7b66
2026-10-08T22:46:02.4515340Z  * [new branch]          release/21f21bab09157ce98dde41888d6584032487adda -> origin/release/21f21bab09157ce98dde41888d6584032487adda
2026-10-08T22:46:02.4516071Z  * [new branch]          release/2685a777ecfa52f6607eab35cc7ca6add9df2229 -> origin/release/2685a777ecfa52f6607eab35cc7ca6add9df2229
2026-10-08T22:46:02.4516898Z  * [new branch]          release/2aacaa6bde9ec1aa3e56abb49999df6dec8a78db -> origin/release/2aacaa6bde9ec1aa3e56abb49999df6dec8a78db
2026-10-08T22:46:02.4517686Z  * [new branch]          release/2e39f2eed5131a6b306f84862d371f70225cb3d4 -> origin/release/2e39f2eed5131a6b306f84862d371f70225cb3d4
2026-10-08T22:46:02.4518444Z  * [new branch]          release/2e7d1b4cd1767dab1b5dd78aa2c101c6aa35924d -> origin/release/2e7d1b4cd1767dab1b5dd78aa2c101c6aa35924d
2026-10-08T22:46:02.4519207Z  * [new branch]          release/332b37e2af034f891153a05b577852c8fd5e7882 -> origin/release/332b37e2af034f891153a05b577852c8fd5e7882
2026-10-08T22:46:02.4519982Z  * [new branch]          release/35a6603a39a6e8b812f5ad49166cf8925f97564f -> origin/release/35a6603a39a6e8b812f5ad49166cf8925f97564f
2026-10-08T22:46:02.4520751Z  * [new branch]          release/36d330035fbc01e05225e9559424f5f14fd0c83a -> origin/release/36d330035fbc01e05225e9559424f5f14fd0c83a
2026-10-08T22:46:02.4521536Z  * [new branch]          release/3907fec0c6256eb1dfb1fee045056c044b33decf -> origin/release/3907fec0c6256eb1dfb1fee045056c044b33decf
2026-10-08T22:46:02.4522287Z  * [new branch]          release/391774a5d5bd753c3bb06c575e3a820ec388bf68 -> origin/release/391774a5d5bd753c3bb06c575e3a820ec388bf68
2026-10-08T22:46:02.4523062Z  * [new branch]          release/3be4914d5fca80e81a4ddddccdd0877db87d4931 -> origin/release/3be4914d5fca80e81a4ddddccdd0877db87d4931
2026-10-08T22:46:02.4523890Z  * [new branch]          release/3d01a7591ef1a42d5f9749999e1028bfde90afd3 -> origin/release/3d01a7591ef1a42d5f9749999e1028bfde90afd3
2026-10-08T22:46:02.4524946Z  * [new branch]          release/3d780e728d1cd5fe57c2dc71569dd8e77fefb57e -> origin/release/3d780e728d1cd5fe57c2dc71569dd8e77fefb57e
2026-10-08T22:46:02.4525791Z  * [new branch]          release/3e0c4967bc8e1c5f1d5eee77e68ec0d1f448595f -> origin/release/3e0c4967bc8e1c5f1d5eee77e68ec0d1f448595f
2026-10-08T22:46:02.4526636Z  * [new branch]          release/408410e23ee2225595f1b6ef3b017868a0fffd6f -> origin/release/408410e23ee2225595f1b6ef3b017868a0fffd6f
2026-10-08T22:46:02.4527452Z  * [new branch]          release/40b553c2f12ab0cfa205b3774509ee9ce639db6d -> origin/release/40b553c2f12ab0cfa205b3774509ee9ce639db6d
2026-10-08T22:46:02.4528269Z  * [new branch]          release/42d6c212f9dac742c92025c5fde8c74dfbde4e47 -> origin/release/42d6c212f9dac742c92025c5fde8c74dfbde4e47
2026-10-08T22:46:02.4529022Z  * [new branch]          release/433bcf390e00ee3f4be396106d8d290d0207699f -> origin/release/433bcf390e00ee3f4be396106d8d290d0207699f
2026-10-08T22:46:02.4529743Z  * [new branch]          release/46ab9c2f68bb17c7194ff78b24ee65ba94917d75 -> origin/release/46ab9c2f68bb17c7194ff78b24ee65ba94917d75
2026-10-08T22:46:02.4530491Z  * [new branch]          release/47cae77611c671d4b44460125f3728f99cf73bb6 -> origin/release/47cae77611c671d4b44460125f3728f99cf73bb6
2026-10-08T22:46:02.4531383Z  * [new branch]          release/4881699e4d922e7106678f2eefbade44ec543a1b -> origin/release/4881699e4d922e7106678f2eefbade44ec543a1b
2026-10-08T22:46:02.4532219Z  * [new branch]          release/49f0eb5c4771b285ce2d17161c7dcd05edfb9a40 -> origin/release/49f0eb5c4771b285ce2d17161c7dcd05edfb9a40
2026-10-08T22:46:02.4533056Z  * [new branch]          release/4a204e1fd258a8e11278ff43edb9665ac85570f0 -> origin/release/4a204e1fd258a8e11278ff43edb9665ac85570f0
2026-10-08T22:46:02.4533794Z  * [new branch]          release/51e9884e3f6738ae8d237987e339f3e198f9d738 -> origin/release/51e9884e3f6738ae8d237987e339f3e198f9d738
2026-10-08T22:46:02.4534487Z  * [new branch]          release/52370b257b6188f2f6aba42cd8065489203ef78f -> origin/release/52370b257b6188f2f6aba42cd8065489203ef78f
2026-10-08T22:46:02.4535049Z  * [new branch]          release/56326c9df80f2b424055b0f2a12323d19248c44f -> origin/release/56326c9df80f2b424055b0f2a12323d19248c44f
2026-10-08T22:46:02.4535598Z  * [new branch]          release/575ebf2b909db91d11451420aa830a4e7235d4ac -> origin/release/575ebf2b909db91d11451420aa830a4e7235d4ac
2026-10-08T22:46:02.4536156Z  * [new branch]          release/5b57fa034dffc60cc5fccc99fb3a0bdd92ca831b -> origin/release/5b57fa034dffc60cc5fccc99fb3a0bdd92ca831b
2026-10-08T22:46:02.4536749Z  * [new branch]          release/5be5340248af5e82a4b5d54410f4ef745afdfa7c -> origin/release/5be5340248af5e82a4b5d54410f4ef745afdfa7c
2026-10-08T22:46:02.4537294Z  * [new branch]          release/5ce79086e3ee0ced0fc4b99df150e64890104971 -> origin/release/5ce79086e3ee0ced0fc4b99df150e64890104971
2026-10-08T22:46:02.4537828Z  * [new branch]          release/6183b3c233a80594a50735725cf78d7df650c40c -> origin/release/6183b3c233a80594a50735725cf78d7df650c40c
2026-10-08T22:46:02.4538364Z  * [new branch]          release/61f8a40a173eb785d0bace51b2c90bcf5c1074a1 -> origin/release/61f8a40a173eb785d0bace51b2c90bcf5c1074a1
2026-10-08T22:46:02.4538911Z  * [new branch]          release/6289b3df16bb9b6d42fb83b2e4c5a72ee03d3ee5 -> origin/release/6289b3df16bb9b6d42fb83b2e4c5a72ee03d3ee5
2026-10-08T22:46:02.4539476Z  * [new branch]          release/62fbfacbbf35fd4aca39c2100c889246352ba819 -> origin/release/62fbfacbbf35fd4aca39c2100c889246352ba819
2026-10-08T22:46:02.4540029Z  * [new branch]          release/6a301334e5ac81c6d40ecc17beedbc1081bf0a84 -> origin/release/6a301334e5ac81c6d40ecc17beedbc1081bf0a84
2026-10-08T22:46:02.4540566Z  * [new branch]          release/6b678a36c965250a1db13d45b293a547d0a78b00 -> origin/release/6b678a36c965250a1db13d45b293a547d0a78b00
2026-10-08T22:46:02.4541101Z  * [new branch]          release/6cc4ba02f2139716e454da8463ff28f0b3502814 -> origin/release/6cc4ba02f2139716e454da8463ff28f0b3502814
2026-10-08T22:46:02.4541703Z  * [new branch]          release/6cc58a14764208543fad460bce5f6bf2a207d82d -> origin/release/6cc58a14764208543fad460bce5f6bf2a207d82d
2026-10-08T22:46:02.4542241Z  * [new branch]          release/6efc44762c0c8c9779b51bbe86dc382dd1aeced7 -> origin/release/6efc44762c0c8c9779b51bbe86dc382dd1aeced7
2026-10-08T22:46:02.4542791Z  * [new branch]          release/7014e10ccb2c6fe3559b8ffe533a5917b76bc862 -> origin/release/7014e10ccb2c6fe3559b8ffe533a5917b76bc862
2026-10-08T22:46:02.4543317Z  * [new branch]          release/7283954d16316a912e6af790e871b61008ff4a29 -> origin/release/7283954d16316a912e6af790e871b61008ff4a29
2026-10-08T22:46:02.4543843Z  * [new branch]          release/739718c80a7ca8894ab9e36d4c82fcd4c19e583c -> origin/release/739718c80a7ca8894ab9e36d4c82fcd4c19e583c
2026-10-08T22:46:02.4544496Z  * [new branch]          release/7529270b3e51606f3485840b4a74053c5bea07b8 -> origin/release/7529270b3e51606f3485840b4a74053c5bea07b8
2026-10-08T22:46:02.4545036Z  * [new branch]          release/770a4a62474e78da3c2a0ccddd3b2fa3591f8197 -> origin/release/770a4a62474e78da3c2a0ccddd3b2fa3591f8197
2026-10-08T22:46:02.4545579Z  * [new branch]          release/78d8e98b5d8b38562a0c2f6ec055b0cc84d8d90d -> origin/release/78d8e98b5d8b38562a0c2f6ec055b0cc84d8d90d
2026-10-08T22:46:02.4546223Z  * [new branch]          release/7991e50b4c8756ad2be2c0f238c6b220e325c6ee -> origin/release/7991e50b4c8756ad2be2c0f238c6b220e325c6ee
2026-10-08T22:46:02.4546805Z  * [new branch]          release/7acbc416d21386ea60c6618978994ba83dac8136 -> origin/release/7acbc416d21386ea60c6618978994ba83dac8136
2026-10-08T22:46:02.4547614Z  * [new branch]          release/7b03d378423fbdcc493fa901b1a72130379acc4d -> origin/release/7b03d378423fbdcc493fa901b1a72130379acc4d
2026-10-08T22:46:02.4548225Z  * [new branch]          release/7d85e8394ad575bdbe268a2944232b3c72c37b08 -> origin/release/7d85e8394ad575bdbe268a2944232b3c72c37b08
2026-10-08T22:46:02.4548791Z  * [new branch]          release/81a135cba4490794085bbcfd0b09b51db1db2134 -> origin/release/81a135cba4490794085bbcfd0b09b51db1db2134
2026-10-08T22:46:02.4549362Z  * [new branch]          release/84904771e67ccbd6bf87b80ccdf31a4eacf0fb0e -> origin/release/84904771e67ccbd6bf87b80ccdf31a4eacf0fb0e
2026-10-08T22:46:02.4549950Z  * [new branch]          release/864964ce59531d3fda3b9ae676dad14d25dcca0a -> origin/release/864964ce59531d3fda3b9ae676dad14d25dcca0a
2026-10-08T22:46:02.4550512Z  * [new branch]          release/87e368092bd4cc72240cb1229a84d30a360a7f90 -> origin/release/87e368092bd4cc72240cb1229a84d30a360a7f90
2026-10-08T22:46:02.4551075Z  * [new branch]          release/8818b446aa6faf01dfe901cb20126ee4256edc97 -> origin/release/8818b446aa6faf01dfe901cb20126ee4256edc97
2026-10-08T22:46:02.4551641Z  * [new branch]          release/8ac24a8eea83cae06158b85208d90979a89493e8 -> origin/release/8ac24a8eea83cae06158b85208d90979a89493e8
2026-10-08T22:46:02.4552205Z  * [new branch]          release/8b216ee721a3fe492fd0d02fb4a3fa4b606519c1 -> origin/release/8b216ee721a3fe492fd0d02fb4a3fa4b606519c1
2026-10-08T22:46:02.4552769Z  * [new branch]          release/976463aa709f43db46d89f7d55898ea2db3e17a4 -> origin/release/976463aa709f43db46d89f7d55898ea2db3e17a4
2026-10-08T22:46:02.4553339Z  * [new branch]          release/99d3dd46a2fe01d7d117184921c9aff7da33f7d7 -> origin/release/99d3dd46a2fe01d7d117184921c9aff7da33f7d7
2026-10-08T22:46:02.4553954Z  * [new branch]          release/9bf8f89bd937e2a3e13c128a10dfa1b63f51d893 -> origin/release/9bf8f89bd937e2a3e13c128a10dfa1b63f51d893
2026-10-08T22:46:02.4554674Z  * [new branch]          release/a06600168677a5d91ab293cc04b0d0ebce382344 -> origin/release/a06600168677a5d91ab293cc04b0d0ebce382344
2026-10-08T22:46:02.4555247Z  * [new branch]          release/a12eb786d4ced5b57dfa550bec0581fec9c5c2d7 -> origin/release/a12eb786d4ced5b57dfa550bec0581fec9c5c2d7
2026-10-08T22:46:02.4555825Z  * [new branch]          release/a3b6edf83b4c5354b7c2091e6109188b2eb872ab -> origin/release/a3b6edf83b4c5354b7c2091e6109188b2eb872ab
2026-10-08T22:46:02.4556493Z  * [new branch]          release/a6cbe9eec12feeeddfc2e88cce7d7a4a592b5fbe -> origin/release/a6cbe9eec12feeeddfc2e88cce7d7a4a592b5fbe
2026-10-08T22:46:02.4557113Z  * [new branch]          release/a95efd41d209df01ada6e1b6eb0ad3a31694d61f -> origin/release/a95efd41d209df01ada6e1b6eb0ad3a31694d61f
2026-10-08T22:46:02.4557708Z  * [new branch]          release/aa0207c094edc5c3d999a84b4bd94ffe84244ea0 -> origin/release/aa0207c094edc5c3d999a84b4bd94ffe84244ea0
2026-10-08T22:46:02.4558265Z  * [new branch]          release/ad9df47da8e98e3d3f206df1a9bdbeae29e7655d -> origin/release/ad9df47da8e98e3d3f206df1a9bdbeae29e7655d
2026-10-08T22:46:02.4558812Z  * [new branch]          release/adc05effe82356458007207c4fdb989243741b18 -> origin/release/adc05effe82356458007207c4fdb989243741b18
2026-10-08T22:46:02.4559361Z  * [new branch]          release/ade28c3ac6f3f694b29513c2abb32f77bdd36575 -> origin/release/ade28c3ac6f3f694b29513c2abb32f77bdd36575
2026-10-08T22:46:02.4559919Z  * [new branch]          release/ae8b29c1cf932618566452ff43d0185af05e3569 -> origin/release/ae8b29c1cf932618566452ff43d0185af05e3569
2026-10-08T22:46:02.4560465Z  * [new branch]          release/afd39cf25c43f2b21be9ec65776b7c5a99d888c7 -> origin/release/afd39cf25c43f2b21be9ec65776b7c5a99d888c7
2026-10-08T22:46:02.4561062Z  * [new branch]          release/b0486c6c03d1dc06a819b0badf83c28249258a81 -> origin/release/b0486c6c03d1dc06a819b0badf83c28249258a81
2026-10-08T22:46:02.4561607Z  * [new branch]          release/b0ffd1310b07601ea4d960fd2a5b7fdbe86d2cd4 -> origin/release/b0ffd1310b07601ea4d960fd2a5b7fdbe86d2cd4
2026-10-08T22:46:02.4562141Z  * [new branch]          release/b4583786bbe1639ea1467f504543febffa7003a9 -> origin/release/b4583786bbe1639ea1467f504543febffa7003a9
2026-10-08T22:46:02.4562675Z  * [new branch]          release/b8979d81802c06a204dac1cce6d4c3adee14f7a7 -> origin/release/b8979d81802c06a204dac1cce6d4c3adee14f7a7
2026-10-08T22:46:02.4563225Z  * [new branch]          release/b8bbd828afd1456faf7bd7c519e09d50f6406f51 -> origin/release/b8bbd828afd1456faf7bd7c519e09d50f6406f51
2026-10-08T22:46:02.4563774Z  * [new branch]          release/ba5ab1438e6c5f55bee71043e0ae2d5c552bfbe9 -> origin/release/ba5ab1438e6c5f55bee71043e0ae2d5c552bfbe9
2026-10-08T22:46:02.4564459Z  * [new branch]          release/bac20dafac992040846f1dd7e5cc53be615f1784 -> origin/release/bac20dafac992040846f1dd7e5cc53be615f1784
2026-10-08T22:46:02.4565076Z  * [new branch]          release/bacb1971de3756ecbe7144639fb5de16b9fd60e5 -> origin/release/bacb1971de3756ecbe7144639fb5de16b9fd60e5
2026-10-08T22:46:02.4565634Z  * [new branch]          release/bbdfe6c4ce74985a875994a69de7c933db561686 -> origin/release/bbdfe6c4ce74985a875994a69de7c933db561686
2026-10-08T22:46:02.4566172Z  * [new branch]          release/bc302dbe73d11032875e6f153776d360e5289303 -> origin/release/bc302dbe73d11032875e6f153776d360e5289303
2026-10-08T22:46:02.4566721Z  * [new branch]          release/bc78963dfba895c2fa36b0b6bc3c13957b280f70 -> origin/release/bc78963dfba895c2fa36b0b6bc3c13957b280f70
2026-10-08T22:46:02.4567270Z  * [new branch]          release/bfbd3f46a3be7aed6c3bbe870ed7af184679b9d8 -> origin/release/bfbd3f46a3be7aed6c3bbe870ed7af184679b9d8
2026-10-08T22:46:02.4567878Z  * [new branch]          release/c256418f3e375a1d261a80fff6cf05cdb2bd7ad1 -> origin/release/c256418f3e375a1d261a80fff6cf05cdb2bd7ad1
2026-10-08T22:46:02.4568454Z  * [new branch]          release/c3b298831ee42b6bd636b08d5cafe6032bb6a54b -> origin/release/c3b298831ee42b6bd636b08d5cafe6032bb6a54b
2026-10-08T22:46:02.4569024Z  * [new branch]          release/c5af0cc2150500a03535cad6ce69e6b42fa59a81 -> origin/release/c5af0cc2150500a03535cad6ce69e6b42fa59a81
2026-10-08T22:46:02.4569592Z  * [new branch]          release/c618372861a64aaac9c6f1ee31e7a31c77dbc4f3 -> origin/release/c618372861a64aaac9c6f1ee31e7a31c77dbc4f3
2026-10-08T22:46:02.4570190Z  * [new branch]          release/c8e97dd8ba7748bc9848da531aeccfbd7fc234ee -> origin/release/c8e97dd8ba7748bc9848da531aeccfbd7fc234ee
2026-10-08T22:46:02.4570763Z  * [new branch]          release/ca076749aa14b1e3a5d964d9dba32115f018ca2f -> origin/release/ca076749aa14b1e3a5d964d9dba32115f018ca2f
2026-10-08T22:46:02.4571400Z  * [new branch]          release/ca778e0e9d3f0304bb29cfa96b8622fdcb7df823 -> origin/release/ca778e0e9d3f0304bb29cfa96b8622fdcb7df823
2026-10-08T22:46:02.4571978Z  * [new branch]          release/ce3619665f4cd7683e625c5b63e657ee9101be65 -> origin/release/ce3619665f4cd7683e625c5b63e657ee9101be65
2026-10-08T22:46:02.4572553Z  * [new branch]          release/d083598e5fe74c69ebb7759693d9cb6a359409af -> origin/release/d083598e5fe74c69ebb7759693d9cb6a359409af
2026-10-08T22:46:02.4573138Z  * [new branch]          release/d2dd87601dc2e1dbbc1d8ab5e858fbf8fe9a115f -> origin/release/d2dd87601dc2e1dbbc1d8ab5e858fbf8fe9a115f
2026-10-08T22:46:02.4573733Z  * [new branch]          release/d509ccd9a0b69c11e23329a009200d4130f39434 -> origin/release/d509ccd9a0b69c11e23329a009200d4130f39434
2026-10-08T22:46:02.4574445Z  * [new branch]          release/d66c1eaf35afcdea06860385954f13142a725ec9 -> origin/release/d66c1eaf35afcdea06860385954f13142a725ec9
2026-10-08T22:46:02.4575038Z  * [new branch]          release/db6365499ff3424d9502f9380eb09eacf6cc357c -> origin/release/db6365499ff3424d9502f9380eb09eacf6cc357c
2026-10-08T22:46:02.4575674Z  * [new branch]          release/dca5553bca9bf40611ee70f6c495b468234b8f2e -> origin/release/dca5553bca9bf40611ee70f6c495b468234b8f2e
2026-10-08T22:46:02.4576248Z  * [new branch]          release/dce9fe6a1e35bab4fe174cf1a93d0e593824b43e -> origin/release/dce9fe6a1e35bab4fe174cf1a93d0e593824b43e
2026-10-08T22:46:02.4576830Z  * [new branch]          release/de93fa716c88cdb8e181d2b46f9222f5d6112ca3 -> origin/release/de93fa716c88cdb8e181d2b46f9222f5d6112ca3
2026-10-08T22:46:02.4577418Z  * [new branch]          release/e52b3d96c6e04335106ad3e389fcb2504eaca8e1 -> origin/release/e52b3d96c6e04335106ad3e389fcb2504eaca8e1
2026-10-08T22:46:02.4577978Z  * [new branch]          release/e678ab559e9ff0aa8452175d45ac3ac02d1819d4 -> origin/release/e678ab559e9ff0aa8452175d45ac3ac02d1819d4
2026-10-08T22:46:02.4578554Z  * [new branch]          release/eb928febf145ac21562dbc1692abf02af2bc2dc6 -> origin/release/eb928febf145ac21562dbc1692abf02af2bc2dc6
2026-10-08T22:46:02.4579119Z  * [new branch]          release/ed28a4d18e55736a06c44032162e107c0d955bf1 -> origin/release/ed28a4d18e55736a06c44032162e107c0d955bf1
2026-10-08T22:46:02.4579678Z  * [new branch]          release/f06a7fe7ba212f285a2243d9715d5b0732077cb6 -> origin/release/f06a7fe7ba212f285a2243d9715d5b0732077cb6
2026-10-08T22:46:02.4580246Z  * [new branch]          release/f2362d62dcc4e63de0bddac86c3467dc4c78f365 -> origin/release/f2362d62dcc4e63de0bddac86c3467dc4c78f365
2026-10-08T22:46:02.4580831Z  * [new branch]          release/f243cd2601899e3ff76086cccf63ff5aecef6c66 -> origin/release/f243cd2601899e3ff76086cccf63ff5aecef6c66
2026-10-08T22:46:02.4581404Z  * [new branch]          release/f281d74a32aca69863f2fcf70d6c857d105540c7 -> origin/release/f281d74a32aca69863f2fcf70d6c857d105540c7
2026-10-08T22:46:02.4581970Z  * [new branch]          release/f562fa371ff703d3b0e8f325aafb4e4a284794a4 -> origin/release/f562fa371ff703d3b0e8f325aafb4e4a284794a4
2026-10-08T22:46:02.4582551Z  * [new branch]          release/f967dead4f207c8fc856f2c3a9fb2cd4cb2fde73 -> origin/release/f967dead4f207c8fc856f2c3a9fb2cd4cb2fde73
2026-10-08T22:46:02.4583125Z  * [new branch]          release/fadea97b3560d40363148778b21dd15fc1fc19ff -> origin/release/fadea97b3560d40363148778b21dd15fc1fc19ff
2026-10-08T22:46:02.4583692Z  * [new branch]          release/fdc9be1cd6dc2c2b918ef92bb52b5ee87c80e9cf -> origin/release/fdc9be1cd6dc2c2b918ef92bb52b5ee87c80e9cf
2026-10-08T22:46:02.4584344Z  * [new branch]          release/fdd0852745a0b1d9ac39f5a7766f3378039561e2 -> origin/release/fdd0852745a0b1d9ac39f5a7766f3378039561e2
2026-10-08T22:46:02.4584912Z  * [new branch]          release/ffe6802225f68923f998a32c3b6342f9730cf946 -> origin/release/ffe6802225f68923f998a32c3b6342f9730cf946
2026-10-08T22:46:02.4585496Z  * [new tag]             journey-evidence/36e0071f040196340c2a5458b096ff012d30e127 -> journey-evidence/36e0071f040196340c2a5458b096ff012d30e127
2026-10-08T22:46:02.4586174Z  * [new tag]             journey-evidence/53659025933f2bbec9dea3c53aaa4aa716a83227 -> journey-evidence/53659025933f2bbec9dea3c53aaa4aa716a83227
2026-10-08T22:46:02.4586665Z  * [new tag]             pre-reboot-2026-08-04       -> pre-reboot-2026-08-04
2026-10-08T22:46:02.4586984Z  * [new tag]             reboot-0                    -> reboot-0
2026-10-08T22:46:02.4587333Z  * [new tag]             reboot-prototype-2026-08-04 -> reboot-prototype-2026-08-04
2026-10-08T22:46:02.4587768Z  * [new tag]             reboot-prototype-copy-risk-2026-08-04 -> reboot-prototype-copy-risk-2026-08-04
2026-10-08T22:46:02.4588408Z  * [new tag]             recovery/20261006/local/codex-3709-learned-lifecycle-3e095d570aeb -> recovery/20261006/local/codex-3709-learned-lifecycle-3e095d570aeb
2026-10-08T22:46:02.4589099Z  * [new tag]             recovery/20261006/local/codex-3938-matched-routing-bec30bfec43d -> recovery/20261006/local/codex-3938-matched-routing-bec30bfec43d
2026-10-08T22:46:02.4589776Z  * [new tag]             recovery/20261006/local/codex-4055-canonical-spelling-5f8969950f5d -> recovery/20261006/local/codex-4055-canonical-spelling-5f8969950f5d
2026-10-08T22:46:02.4590496Z  * [new tag]             recovery/20261006/local/codex-4055-package-imports-d969a15e35f9 -> recovery/20261006/local/codex-4055-package-imports-d969a15e35f9
2026-10-08T22:46:02.4591191Z  * [new tag]             recovery/20261006/local/codex-4059-named-type-parameters-e16d044e6ab5 -> recovery/20261006/local/codex-4059-named-type-parameters-e16d044e6ab5
2026-10-08T22:46:02.4591892Z  * [new tag]             recovery/20261006/local/codex-4064-per-input-terminal-e42d44ffe61d -> recovery/20261006/local/codex-4064-per-input-terminal-e42d44ffe61d
2026-10-08T22:46:02.4592637Z  * [new tag]             recovery/20261006/local/codex-4081-journey-release-separation-ff49a8ea298b -> recovery/20261006/local/codex-4081-journey-release-separation-ff49a8ea298b
2026-10-08T22:46:02.4593377Z  * [new tag]             recovery/20261006/local/codex-4109-abnormal-composition-9e04f0b5fff8 -> recovery/20261006/local/codex-4109-abnormal-composition-9e04f0b5fff8
2026-10-08T22:46:02.4594044Z  * [new tag]             recovery/20261006/local/codex-4109-language-canon-4a2f8e93b258 -> recovery/20261006/local/codex-4109-language-canon-4a2f8e93b258
2026-10-08T22:46:02.4594862Z  * [new tag]             recovery/20261006/local/codex-4109-runtime-terminal-transduction-897e7b97dd1c -> recovery/20261006/local/codex-4109-runtime-terminal-transduction-897e7b97dd1c
2026-10-08T22:46:02.4595625Z  * [new tag]             recovery/20261006/local/codex-4115-mask-fore-execution-8e4402e6c56e -> recovery/20261006/local/codex-4115-mask-fore-execution-8e4402e6c56e
2026-10-08T22:46:02.4596274Z  * [new tag]             recovery/20261006/local/codex-4115-mask-forms-fd398708a6bf -> recovery/20261006/local/codex-4115-mask-forms-fd398708a6bf
2026-10-08T22:46:02.4596884Z  * [new tag]             recovery/20261006/local/codex-4115-three-bodies-0dd121f8f68d -> recovery/20261006/local/codex-4115-three-bodies-0dd121f8f68d
2026-10-08T22:46:02.4597552Z  * [new tag]             recovery/20261006/local/codex-4199-negated-refinements-5f8969950f5d -> recovery/20261006/local/codex-4199-negated-refinements-5f8969950f5d
2026-10-08T22:46:02.4598246Z  * [new tag]             recovery/20261006/local/codex-4199-value-constraints-5082b0bfdcdb -> recovery/20261006/local/codex-4199-value-constraints-5082b0bfdcdb
2026-10-08T22:46:02.4598950Z  * [new tag]             recovery/20261006/local/codex-4223-remove-piper-a41e5cf90cd6 -> recovery/20261006/local/codex-4223-remove-piper-a41e5cf90cd6
2026-10-08T22:46:02.4599635Z  * [new tag]             recovery/20261006/local/codex-4231-html-browser-face-sdk-670f1e273942 -> recovery/20261006/local/codex-4231-html-browser-face-sdk-670f1e273942
2026-10-08T22:46:02.4600318Z  * [new tag]             recovery/20261006/local/codex-4335-glyph-prelude-f9ab157190d1 -> recovery/20261006/local/codex-4335-glyph-prelude-f9ab157190d1
2026-10-08T22:46:02.4601051Z  * [new tag]             recovery/20261006/local/codex-4340-hostile-join-refusals-999e4f6d9f1e -> recovery/20261006/local/codex-4340-hostile-join-refusals-999e4f6d9f1e
2026-10-08T22:46:02.4601764Z  * [new tag]             recovery/20261006/local/codex-4340-portable-invitation-d05ce370d2cb -> recovery/20261006/local/codex-4340-portable-invitation-d05ce370d2cb
2026-10-08T22:46:02.4602425Z  * [new tag]             recovery/20261006/local/codex-next-board-slice-709aa621e33a -> recovery/20261006/local/codex-next-board-slice-709aa621e33a
2026-10-08T22:46:02.4603085Z  * [new tag]             recovery/20261006/local/codex-rename-fabricate-to-make-97268783f0c5 -> recovery/20261006/local/codex-rename-fabricate-to-make-97268783f0c5
2026-10-08T22:46:02.4603769Z  * [new tag]             recovery/20261006/local/codex-repair-3709-host-shard-2547113a182e -> recovery/20261006/local/codex-repair-3709-host-shard-2547113a182e
2026-10-08T22:46:02.4604534Z  * [new tag]             recovery/20261006/retired-local/codex-4376-native-types-c5d1e50ce8ff -> recovery/20261006/retired-local/codex-4376-native-types-c5d1e50ce8ff
2026-10-08T22:46:02.4605305Z  * [new tag]             recovery/20261006/retired-local/codex-4382-consolidated-migrations-054ac5419d7f -> recovery/20261006/retired-local/codex-4382-consolidated-migrations-054ac5419d7f
2026-10-08T22:46:02.4606142Z  * [new tag]             recovery/20261006/retired-local/codex-4382-domain-variants-36288c75d9e8 -> recovery/20261006/retired-local/codex-4382-domain-variants-36288c75d9e8
2026-10-08T22:46:02.4606896Z  * [new tag]             recovery/20261006/retired-local/codex-4382-finance-comparison-d9c3957e9dc5 -> recovery/20261006/retired-local/codex-4382-finance-comparison-d9c3957e9dc5
2026-10-08T22:46:02.4607676Z  * [new tag]             recovery/20261006/retired-local/codex-4382-unit-variant-traits-aaff8e2da5fe -> recovery/20261006/retired-local/codex-4382-unit-variant-traits-aaff8e2da5fe
2026-10-08T22:46:02.4608490Z  * [new tag]             recovery/20261006/retired-local/codex-b-3718-presentation-contracts-d2888b56f8c4 -> recovery/20261006/retired-local/codex-b-3718-presentation-contracts-d2888b56f8c4
2026-10-08T22:46:02.4609312Z  * [new tag]             recovery/20261006/retired-local/codex-ci-one-body-evidence-scope-9a14c1d1e828 -> recovery/20261006/retired-local/codex-ci-one-body-evidence-scope-9a14c1d1e828
2026-10-08T22:46:02.4610065Z  * [new tag]             recovery/20261006/retired/codex-3529-flagship-journey-08df5b8b5f95 -> recovery/20261006/retired/codex-3529-flagship-journey-08df5b8b5f95
2026-10-08T22:46:02.4610728Z  * [new tag]             recovery/20261006/retired/codex-3666-bounded-cbor-5f9d1f144ee8 -> recovery/20261006/retired/codex-3666-bounded-cbor-5f9d1f144ee8
2026-10-08T22:46:02.4611396Z  * [new tag]             recovery/20261006/retired/codex-3686-emergency-machine-c770fade6735 -> recovery/20261006/retired/codex-3686-emergency-machine-c770fade6735
2026-10-08T22:46:02.4612174Z  * [new tag]             recovery/20261006/retired/codex-3746-retire-standalone-creche-proof-3bfd17115e94 -> recovery/20261006/retired/codex-3746-retire-standalone-creche-proof-3bfd17115e94
2026-10-08T22:46:02.4612940Z  * [new tag]             recovery/20261006/retired/codex-3864-presentation-step-1d28e91754ea -> recovery/20261006/retired/codex-3864-presentation-step-1d28e91754ea
2026-10-08T22:46:02.4613600Z  * [new tag]             recovery/20261006/retired/codex-4115-4117-finish-2a90dea6327b -> recovery/20261006/retired/codex-4115-4117-finish-2a90dea6327b
2026-10-08T22:46:02.4614400Z  * [new tag]             recovery/20261006/retired/codex-4115-native-mask-runtime-4a92e6c313f9 -> recovery/20261006/retired/codex-4115-native-mask-runtime-4a92e6c313f9
2026-10-08T22:46:02.4615122Z  * [new tag]             recovery/20261006/retired/codex-4115-spoken-generative-f0aa487a16d3 -> recovery/20261006/retired/codex-4115-spoken-generative-f0aa487a16d3
2026-10-08T22:46:02.4615880Z  * [new tag]             recovery/20261006/retired/codex-4117-conduitos-resource-vertical-f5b854e7512a -> recovery/20261006/retired/codex-4117-conduitos-resource-vertical-f5b854e7512a
2026-10-08T22:46:02.4616737Z  * [new tag]             recovery/20261006/retired/codex-4117-host-source-admission-3e1d333540b4 -> recovery/20261006/retired/codex-4117-host-source-admission-3e1d333540b4
2026-10-08T22:46:02.4617487Z  * [new tag]             recovery/20261006/retired/codex-4117-runtime-possession-6687634e5f79 -> recovery/20261006/retired/codex-4117-runtime-possession-6687634e5f79
2026-10-08T22:46:02.4618166Z  * [new tag]             recovery/20261006/retired/codex-4134-semantic-names-200b51188ff9 -> recovery/20261006/retired/codex-4134-semantic-names-200b51188ff9
2026-10-08T22:46:02.4618868Z  * [new tag]             recovery/20261006/retired/codex-4231-body-lifecycle-session-df254c589d71 -> recovery/20261006/retired/codex-4231-body-lifecycle-session-df254c589d71
2026-10-08T22:46:02.4619633Z  * [new tag]             recovery/20261006/retired/codex-4231-browser-admission-matrix-f461b346125d -> recovery/20261006/retired/codex-4231-browser-admission-matrix-f461b346125d
2026-10-08T22:46:02.4620444Z  * [new tag]             recovery/20261006/retired/codex-4231-delete-browser-home-eab1f13a25cb -> recovery/20261006/retired/codex-4231-delete-browser-home-eab1f13a25cb
2026-10-08T22:46:02.4621265Z  * [new tag]             recovery/20261006/retired/codex-4231-delete-browser-tour-bfe6e05ebccc -> recovery/20261006/retired/codex-4231-delete-browser-tour-bfe6e05ebccc
2026-10-08T22:46:02.4622070Z  * [new tag]             recovery/20261006/retired/codex-4231-delete-patchbay-execution-ui-bd6596caf7a4 -> recovery/20261006/retired/codex-4231-delete-patchbay-execution-ui-bd6596caf7a4
2026-10-08T22:46:02.4622921Z  * [new tag]             recovery/20261006/retired/codex-4231-delete-workspace-model-pool-22d5ff9c59a5 -> recovery/20261006/retired/codex-4231-delete-workspace-model-pool-22d5ff9c59a5
2026-10-08T22:46:02.4623731Z  * [new tag]             recovery/20261006/retired/codex-4231-form-library-ownership-29912643aa3b -> recovery/20261006/retired/codex-4231-form-library-ownership-29912643aa3b
2026-10-08T22:46:02.4624584Z  * [new tag]             recovery/20261006/retired/codex-4231-harvest-tour-journey-b5c4f828fc0c -> recovery/20261006/retired/codex-4231-harvest-tour-journey-b5c4f828fc0c
2026-10-08T22:46:02.4625360Z  * [new tag]             recovery/20261006/retired/codex-4231-home-form-ownership-b11a14b3b2cb -> recovery/20261006/retired/codex-4231-home-form-ownership-b11a14b3b2cb
2026-10-08T22:46:02.4626156Z  * [new tag]             recovery/20261006/retired/codex-4231-html-direct-patchbay-graph-d83082bbbc2f -> recovery/20261006/retired/codex-4231-html-direct-patchbay-graph-d83082bbbc2f
2026-10-08T22:46:02.4626969Z  * [new tag]             recovery/20261006/retired/codex-4231-tutorial-form-ownership-ea26cde49bec -> recovery/20261006/retired/codex-4231-tutorial-form-ownership-ea26cde49bec
2026-10-08T22:46:02.4627765Z  * [new tag]             recovery/20261006/retired/codex-4335-explicit-glyph-aliases-f6aa21e2fa90 -> recovery/20261006/retired/codex-4335-explicit-glyph-aliases-f6aa21e2fa90
2026-10-08T22:46:02.4628535Z  * [new tag]             recovery/20261006/retired/codex-4375-ai-float-vocabulary-b3eb6d3e95ed -> recovery/20261006/retired/codex-4375-ai-float-vocabulary-b3eb6d3e95ed
2026-10-08T22:46:02.4629301Z  * [new tag]             recovery/20261006/retired/codex-4375-education-assessment-85a07d291ec2 -> recovery/20261006/retired/codex-4375-education-assessment-85a07d291ec2
2026-10-08T22:46:02.4630059Z  * [new tag]             recovery/20261006/retired/codex-4375-house-request-family-766e73102e2c -> recovery/20261006/retired/codex-4375-house-request-family-766e73102e2c
2026-10-08T22:46:02.4630833Z  * [new tag]             recovery/20261006/retired/codex-4375-native-data-adjacent-8f87b6bfbf85 -> recovery/20261006/retired/codex-4375-native-data-adjacent-8f87b6bfbf85
2026-10-08T22:46:02.4631539Z  * [new tag]             recovery/20261006/retired/codex-4375-native-data-family-8190165f83f5 -> recovery/20261006/retired/codex-4375-native-data-family-8190165f83f5
2026-10-08T22:46:02.4632291Z  * [new tag]             recovery/20261006/retired/codex-4375-native-time-family-84d9014d1691 -> recovery/20261006/retired/codex-4375-native-time-family-84d9014d1691
2026-10-08T22:46:02.4633014Z  * [new tag]             recovery/20261006/retired/codex-4375-native-visual-family-7433c94c8918 -> recovery/20261006/retired/codex-4375-native-visual-family-7433c94c8918
2026-10-08T22:46:02.4633721Z  * [new tag]             recovery/20261006/retired/codex-4375-native-web-family-bc9e6354256a -> recovery/20261006/retired/codex-4375-native-web-family-bc9e6354256a
2026-10-08T22:46:02.4634509Z  * [new tag]             recovery/20261006/retired/codex-4375-native-wire-family-7a3e414e0c99 -> recovery/20261006/retired/codex-4375-native-wire-family-7a3e414e0c99
2026-10-08T22:46:02.4635234Z  * [new tag]             recovery/20261006/retired/codex-4375-next-portable-family-2fe9fd68b2a3 -> recovery/20261006/retired/codex-4375-next-portable-family-2fe9fd68b2a3
2026-10-08T22:46:02.4635994Z  * [new tag]             recovery/20261006/retired/codex-4375-presentation-vocabulary-1a44741acfa5 -> recovery/20261006/retired/codex-4375-presentation-vocabulary-1a44741acfa5
2026-10-08T22:46:02.4636756Z  * [new tag]             recovery/20261006/retired/codex-4375-signal-garden-family-84dbca2dcb0d -> recovery/20261006/retired/codex-4375-signal-garden-family-84dbca2dcb0d
2026-10-08T22:46:02.4637540Z  * [new tag]             recovery/20261006/retired/codex-4376-presentation-consumers-1687e6263967 -> recovery/20261006/retired/codex-4376-presentation-consumers-1687e6263967
2026-10-08T22:46:02.4638304Z  * [new tag]             recovery/20261006/retired/codex-4378-flow-activation-targets-8cf5f11ceb1e -> recovery/20261006/retired/codex-4378-flow-activation-targets-8cf5f11ceb1e
2026-10-08T22:46:02.4639032Z  * [new tag]             recovery/20261006/retired/codex-4378-flow-bounded-total-1be1c267b1ec -> recovery/20261006/retired/codex-4378-flow-bounded-total-1be1c267b1ec
2026-10-08T22:46:02.4639724Z  * [new tag]             recovery/20261006/retired/codex-4378-flow-collect-back-ba3819275ea7 -> recovery/20261006/retired/codex-4378-flow-collect-back-ba3819275ea7
2026-10-08T22:46:02.4640432Z  * [new tag]             recovery/20261006/retired/codex-4378-flow-collect-browser-5a7d7e0dff12 -> recovery/20261006/retired/codex-4378-flow-collect-browser-5a7d7e0dff12
2026-10-08T22:46:02.4641209Z  * [new tag]             recovery/20261006/retired/codex-4378-flow-collect-contract-3bada0a85402 -> recovery/20261006/retired/codex-4378-flow-collect-contract-3bada0a85402
2026-10-08T22:46:02.4641934Z  * [new tag]             recovery/20261006/retired/codex-4378-flow-collect-offer-aeea5b750b46 -> recovery/20261006/retired/codex-4378-flow-collect-offer-aeea5b750b46
2026-10-08T22:46:02.4642615Z  * [new tag]             recovery/20261006/retired/codex-4378-flow-each-kind-96945474de7e -> recovery/20261006/retired/codex-4378-flow-each-kind-96945474de7e
2026-10-08T22:46:02.4643278Z  * [new tag]             recovery/20261006/retired/codex-4378-flow-each-source-13b49e32a675 -> recovery/20261006/retired/codex-4378-flow-each-source-13b49e32a675
2026-10-08T22:46:02.4643918Z  * [new tag]             recovery/20261006/retired/codex-4378-flow-fold-35f41fb6b9c5 -> recovery/20261006/retired/codex-4378-flow-fold-35f41fb6b9c5
2026-10-08T22:46:02.4644663Z  * [new tag]             recovery/20261006/retired/codex-4378-flow-fold-execution-21f1237576f4 -> recovery/20261006/retired/codex-4378-flow-fold-execution-21f1237576f4
2026-10-08T22:46:02.4645319Z  * [new tag]             recovery/20261006/retired/codex-4378-flow-scan-024a3b792ae0 -> recovery/20261006/retired/codex-4378-flow-scan-024a3b792ae0
2026-10-08T22:46:02.4645929Z  * [new tag]             recovery/20261006/retired/codex-4378-flow-select-fe555964f4d2 -> recovery/20261006/retired/codex-4378-flow-select-fe555964f4d2
2026-10-08T22:46:02.4646596Z  * [new tag]             recovery/20261006/retired/codex-4378-flow-select-runtime-75797dee5d4d -> recovery/20261006/retired/codex-4378-flow-select-runtime-75797dee5d4d
2026-10-08T22:46:02.4647447Z  * [new tag]             recovery/20261006/retired/codex-4382-ai-model-signature-representation-f732525f1975 -> recovery/20261006/retired/codex-4382-ai-model-signature-representation-f732525f1975
2026-10-08T22:46:02.4648281Z  * [new tag]             recovery/20261006/retired/codex-4382-alife-lenia-chunk-kind-760fe1e9ddc4 -> recovery/20261006/retired/codex-4382-alife-lenia-chunk-kind-760fe1e9ddc4
2026-10-08T22:46:02.4649065Z  * [new tag]             recovery/20261006/retired/codex-4382-alife-lenia-chunk-native-dev-96dfa23dc35b -> recovery/20261006/retired/codex-4382-alife-lenia-chunk-native-dev-96dfa23dc35b
2026-10-08T22:46:02.4649821Z  * [new tag]             recovery/20261006/retired/codex-4382-chat-state-types-200ceb680751 -> recovery/20261006/retired/codex-4382-chat-state-types-200ceb680751
2026-10-08T22:46:02.4650507Z  * [new tag]             recovery/20261006/retired/codex-4382-data-policy-types-671da17f9c3b -> recovery/20261006/retired/codex-4382-data-policy-types-671da17f9c3b
2026-10-08T22:46:02.4651229Z  * [new tag]             recovery/20261006/retired/codex-4382-human-chord-native-dev-edd12f0a17bd -> recovery/20261006/retired/codex-4382-human-chord-native-dev-edd12f0a17bd
2026-10-08T22:46:02.4652031Z  * [new tag]             recovery/20261006/retired/codex-4382-human-chord-vocabulary-f855f80fed51 -> recovery/20261006/retired/codex-4382-human-chord-vocabulary-f855f80fed51
2026-10-08T22:46:02.4652809Z  * [new tag]             recovery/20261006/retired/codex-4382-native-experience-vocabulary-ea512b4c417b -> recovery/20261006/retired/codex-4382-native-experience-vocabulary-ea512b4c417b
2026-10-08T22:46:02.4653584Z  * [new tag]             recovery/20261006/retired/codex-4382-native-garden-refusal-b6d94afa13c6 -> recovery/20261006/retired/codex-4382-native-garden-refusal-b6d94afa13c6
2026-10-08T22:46:02.4654477Z  * [new tag]             recovery/20261006/retired/codex-4382-native-math-scalar-refusal-8f73a2cce593 -> recovery/20261006/retired/codex-4382-native-math-scalar-refusal-8f73a2cce593
2026-10-08T22:46:02.4655268Z  * [new tag]             recovery/20261006/retired/codex-4382-native-musical-control-453647c0c581 -> recovery/20261006/retired/codex-4382-native-musical-control-453647c0c581
2026-10-08T22:46:02.4656100Z  * [new tag]             recovery/20261006/retired/codex-4382-native-normalized-quantity-refusal-a5d839172932 -> recovery/20261006/retired/codex-4382-native-normalized-quantity-refusal-a5d839172932
2026-10-08T22:46:02.4656969Z  * [new tag]             recovery/20261006/retired/codex-4382-native-presentation-vocabulary-a8526e83acb6 -> recovery/20261006/retired/codex-4382-native-presentation-vocabulary-a8526e83acb6
2026-10-08T22:46:02.4657836Z  * [new tag]             recovery/20261006/retired/codex-4382-native-quantity-mapping-vocabulary-7a2210e4eaa4 -> recovery/20261006/retired/codex-4382-native-quantity-mapping-vocabulary-7a2210e4eaa4
2026-10-08T22:46:02.4658769Z  * [new tag]             recovery/20261006/retired/codex-4382-native-robotics-simulation-availability-b121f1334762 -> recovery/20261006/retired/codex-4382-native-robotics-simulation-availability-b121f1334762
2026-10-08T22:46:02.4659644Z  * [new tag]             recovery/20261006/retired/codex-4382-native-scalar-comparison-a1b75daba372 -> recovery/20261006/retired/codex-4382-native-scalar-comparison-a1b75daba372
2026-10-08T22:46:02.4660430Z  * [new tag]             recovery/20261006/retired/codex-4382-native-schedule-vocabulary-44599535beea -> recovery/20261006/retired/codex-4382-native-schedule-vocabulary-44599535beea
2026-10-08T22:46:02.4661205Z  * [new tag]             recovery/20261006/retired/codex-4382-native-sequence-refusals-274bde626a0e -> recovery/20261006/retired/codex-4382-native-sequence-refusals-274bde626a0e
2026-10-08T22:46:02.4661947Z  * [new tag]             recovery/20261006/retired/codex-4382-native-signal-records-ac392b0fdd43 -> recovery/20261006/retired/codex-4382-native-signal-records-ac392b0fdd43
2026-10-08T22:46:02.4662752Z  * [new tag]             recovery/20261006/retired/codex-4382-native-template-collection-refusal-69d609ef7c31 -> recovery/20261006/retired/codex-4382-native-template-collection-refusal-69d609ef7c31
2026-10-08T22:46:02.4663711Z  * [new tag]             recovery/20261006/retired/codex-4382-native-workflow-timing-outcome-53d4ac61ae37 -> recovery/20261006/retired/codex-4382-native-workflow-timing-outcome-53d4ac61ae37
2026-10-08T22:46:02.4664586Z  * [new tag]             recovery/20261006/retired/codex-4382-network-unit-types-ae00c4eaccc1 -> recovery/20261006/retired/codex-4382-network-unit-types-ae00c4eaccc1
2026-10-08T22:46:02.4665382Z  * [new tag]             recovery/20261006/retired/codex-4382-presentation-graphics-native-dev-1fa03c3e413d -> recovery/20261006/retired/codex-4382-presentation-graphics-native-dev-1fa03c3e413d
2026-10-08T22:46:02.4666433Z  * [new tag]             recovery/20261006/retired/codex-4382-presentation-graphics-vocabulary-c5c25199c8ba -> recovery/20261006/retired/codex-4382-presentation-graphics-vocabulary-c5c25199c8ba
2026-10-08T22:46:02.4667227Z  * [new tag]             recovery/20261006/retired/codex-4382-robotics-variants-8201ea547a32 -> recovery/20261006/retired/codex-4382-robotics-variants-8201ea547a32
2026-10-08T22:46:02.4667902Z  * [new tag]             recovery/20261006/retired/codex-4382-text-phase-5a401f149ba0 -> recovery/20261006/retired/codex-4382-text-phase-5a401f149ba0
2026-10-08T22:46:02.4668619Z  * [new tag]             recovery/20261006/retired/codex-4382-web-http-variants-4d9a82f68fef -> recovery/20261006/retired/codex-4382-web-http-variants-4d9a82f68fef
2026-10-08T22:46:02.4669368Z  * [new tag]             recovery/20261006/retired/codex-4428-audio-tone-representation-154ff52ba339 -> recovery/20261006/retired/codex-4428-audio-tone-representation-154ff52ba339
2026-10-08T22:46:02.4670119Z  * [new tag]             recovery/20261006/retired/codex-4484-quiescence-language-c8b30d4b85df -> recovery/20261006/retired/codex-4484-quiescence-language-c8b30d4b85df
2026-10-08T22:46:02.4670854Z  * [new tag]             recovery/20261006/retired/codex-4519-host-release-dispatch-6ca539289d5f -> recovery/20261006/retired/codex-4519-host-release-dispatch-6ca539289d5f
2026-10-08T22:46:02.4671574Z  * [new tag]             recovery/20261006/retired/codex-4674-typed-case-tests-ef4b89891248 -> recovery/20261006/retired/codex-4674-typed-case-tests-ef4b89891248
2026-10-08T22:46:02.4672339Z  * [new tag]             recovery/20261006/retired/codex-4807-browser-wardrobe-ui-1fc74ce4224a -> recovery/20261006/retired/codex-4807-browser-wardrobe-ui-1fc74ce4224a
2026-10-08T22:46:02.4673101Z  * [new tag]             recovery/20261006/retired/codex-4807-explicit-route-switch-d0ed24896715 -> recovery/20261006/retired/codex-4807-explicit-route-switch-d0ed24896715
2026-10-08T22:46:02.4674011Z  * [new tag]             recovery/20261006/retired/codex-4807-native-compositor-diagnostic-e3bc3e4fe6ec -> recovery/20261006/retired/codex-4807-native-compositor-diagnostic-e3bc3e4fe6ec
2026-10-08T22:46:02.4674916Z  * [new tag]             recovery/20261006/retired/codex-4807-native-face-domain-reset-4b561c3f1c91 -> recovery/20261006/retired/codex-4807-native-face-domain-reset-4b561c3f1c91
2026-10-08T22:46:02.4675706Z  * [new tag]             recovery/20261006/retired/codex-4807-native-face-reseal-d275e9f019fd -> recovery/20261006/retired/codex-4807-native-face-reseal-d275e9f019fd
2026-10-08T22:46:02.4676466Z  * [new tag]             recovery/20261006/retired/codex-4807-native-owner-retirement-ece0c8b6838f -> recovery/20261006/retired/codex-4807-native-owner-retirement-ece0c8b6838f
2026-10-08T22:46:02.4677505Z  * [new tag]             recovery/20261006/retired/codex-4807-native-refreshed-route-diagnostic-bac4cdc4fb0b -> recovery/20261006/retired/codex-4807-native-refreshed-route-diagnostic-bac4cdc4fb0b
2026-10-08T22:46:02.4678375Z  * [new tag]             recovery/20261006/retired/codex-4807-native-selected-wardrobe-49448047a739 -> recovery/20261006/retired/codex-4807-native-selected-wardrobe-49448047a739
2026-10-08T22:46:02.4679174Z  * [new tag]             recovery/20261006/retired/codex-4807-native-standby-selection-e50f5a7f4c40 -> recovery/20261006/retired/codex-4807-native-standby-selection-e50f5a7f4c40
2026-10-08T22:46:02.4680081Z  * [new tag]             recovery/20261006/retired/codex-4807-owner-action-proof-correlation-54422b8ad0fd -> recovery/20261006/retired/codex-4807-owner-action-proof-correlation-54422b8ad0fd
2026-10-08T22:46:02.4680883Z  * [new tag]             recovery/20261006/retired/codex-4807-owner-direct-live-1fb8c8ba0b44 -> recovery/20261006/retired/codex-4807-owner-direct-live-1fb8c8ba0b44
2026-10-08T22:46:02.4681600Z  * [new tag]             recovery/20261006/retired/codex-4807-owner-direct-plot-08bd2a419d99 -> recovery/20261006/retired/codex-4807-owner-direct-plot-08bd2a419d99
2026-10-08T22:46:02.4682370Z  * [new tag]             recovery/20261006/retired/codex-4807-owner-direct-show-contract-c601e5952a99 -> recovery/20261006/retired/codex-4807-owner-direct-show-contract-c601e5952a99
2026-10-08T22:46:02.4683128Z  * [new tag]             recovery/20261006/retired/codex-4807-owner-llm-live-4b28801a2baf -> recovery/20261006/retired/codex-4807-owner-llm-live-4b28801a2baf
2026-10-08T22:46:02.4683848Z  * [new tag]             recovery/20261006/retired/codex-4807-owner-model-boot-f62fd8386bf4 -> recovery/20261006/retired/codex-4807-owner-model-boot-f62fd8386bf4
2026-10-08T22:46:02.4684720Z  * [new tag]             recovery/20261006/retired/codex-4807-owner-speech-wardrobe-cd69c75dc47c -> recovery/20261006/retired/codex-4807-owner-speech-wardrobe-cd69c75dc47c
2026-10-08T22:46:02.4685462Z  * [new tag]             recovery/20261006/retired/codex-4807-owner-spoken-mask-20dec6ae5b05 -> recovery/20261006/retired/codex-4807-owner-spoken-mask-20dec6ae5b05
2026-10-08T22:46:02.4686223Z  * [new tag]             recovery/20261006/retired/codex-4807-per-play-spoken-artifacts-c5ab08730828 -> recovery/20261006/retired/codex-4807-per-play-spoken-artifacts-c5ab08730828
2026-10-08T22:46:02.4687000Z  * [new tag]             recovery/20261006/retired/codex-4807-workload-route-reseal-b99b323934e4 -> recovery/20261006/retired/codex-4807-workload-route-reseal-b99b323934e4
2026-10-08T22:46:02.4687731Z  * [new tag]             recovery/20261006/retired/codex-4831-control-ring-5057cc0f2a7f -> recovery/20261006/retired/codex-4831-control-ring-5057cc0f2a7f
2026-10-08T22:46:02.4688478Z  * [new tag]             recovery/20261006/retired/codex-4831-controller-event-retention-e4a598d72bee -> recovery/20261006/retired/codex-4831-controller-event-retention-e4a598d72bee
2026-10-08T22:46:02.4689236Z  * [new tag]             recovery/20261006/retired/codex-4831-hid-boot-control-7b9347ed35d3 -> recovery/20261006/retired/codex-4831-hid-boot-control-7b9347ed35d3
2026-10-08T22:46:02.4689954Z  * [new tag]             recovery/20261006/retired/codex-4831-hid-native-current-66cccd9c7bf6 -> recovery/20261006/retired/codex-4831-hid-native-current-66cccd9c7bf6
2026-10-08T22:46:02.4690685Z  * [new tag]             recovery/20261006/retired/codex-4831-hid-source-admission-686a9dbdb789 -> recovery/20261006/retired/codex-4831-hid-source-admission-686a9dbdb789
2026-10-08T22:46:02.4691470Z  * [new tag]             recovery/20261006/retired/codex-4831-mouse-capture-integration-ccb7c84eb46a -> recovery/20261006/retired/codex-4831-mouse-capture-integration-ccb7c84eb46a
2026-10-08T22:46:02.4692276Z  * [new tag]             recovery/20261006/retired/codex-4831-mouse-native-capture-b9f9f75bd5e4 -> recovery/20261006/retired/codex-4831-mouse-native-capture-b9f9f75bd5e4
2026-10-08T22:46:02.4693072Z  * [new tag]             recovery/20261006/retired/codex-4831-native-placement-issuer-eed212819e75 -> recovery/20261006/retired/codex-4831-native-placement-issuer-eed212819e75
2026-10-08T22:46:02.4693804Z  * [new tag]             recovery/20261006/retired/codex-4831-ordinary-hid-input-d07fb3b110a1 -> recovery/20261006/retired/codex-4831-ordinary-hid-input-d07fb3b110a1
2026-10-08T22:46:02.4694727Z  * [new tag]             recovery/20261006/retired/codex-4831-ordinary-hid-installation-859d8ea64fc9 -> recovery/20261006/retired/codex-4831-ordinary-hid-installation-859d8ea64fc9
2026-10-08T22:46:02.4695571Z  * [new tag]             recovery/20261006/retired/codex-4831-ordinary-hid-ordered-input-a14f78e112c5 -> recovery/20261006/retired/codex-4831-ordinary-hid-ordered-input-a14f78e112c5
2026-10-08T22:46:02.4696332Z  * [new tag]             recovery/20261006/retired/codex-4831-ordinary-hid-window-6d966537261a -> recovery/20261006/retired/codex-4831-ordinary-hid-window-6d966537261a
2026-10-08T22:46:02.4697041Z  * [new tag]             recovery/20261006/retired/codex-4831-xhci-command-events-e6091d920222 -> recovery/20261006/retired/codex-4831-xhci-command-events-e6091d920222
2026-10-08T22:46:02.4697755Z  * [new tag]             recovery/20261006/retired/codex-4922-owner-body-wardrobe-1d157f5471a8 -> recovery/20261006/retired/codex-4922-owner-body-wardrobe-1d157f5471a8
2026-10-08T22:46:02.4698445Z  * [new tag]             recovery/20261006/retired/codex-4952-projection-loss-c8be94ab0161 -> recovery/20261006/retired/codex-4952-projection-loss-c8be94ab0161
2026-10-08T22:46:02.4699111Z  * [new tag]             recovery/20261006/retired/codex-4957-hosted-current-12504f677477 -> recovery/20261006/retired/codex-4957-hosted-current-12504f677477
2026-10-08T22:46:02.4699764Z  * [new tag]             recovery/20261006/retired/codex-4957-hosted-final-c79dd2e7fee4 -> recovery/20261006/retired/codex-4957-hosted-final-c79dd2e7fee4
2026-10-08T22:46:02.4700462Z  * [new tag]             recovery/20261006/retired/codex-4957-hosted-locks-7bf67e012062 -> recovery/20261006/retired/codex-4957-hosted-locks-7bf67e012062
2026-10-08T22:46:02.4701137Z  * [new tag]             recovery/20261006/retired/codex-4957-hosted-publication-7bf67e012062 -> recovery/20261006/retired/codex-4957-hosted-publication-7bf67e012062
2026-10-08T22:46:02.4701820Z  * [new tag]             recovery/20261006/retired/codex-4957-hosted-speech-569c6d31c518 -> recovery/20261006/retired/codex-4957-hosted-speech-569c6d31c518
2026-10-08T22:46:02.4702530Z  * [new tag]             recovery/20261006/retired/codex-4957-source-material-current-9f04cdfee772 -> recovery/20261006/retired/codex-4957-source-material-current-9f04cdfee772
2026-10-08T22:46:02.4703280Z  * [new tag]             recovery/20261006/retired/codex-4957-source-publication-78c66755184a -> recovery/20261006/retired/codex-4957-source-publication-78c66755184a
2026-10-08T22:46:02.4704019Z  * [new tag]             recovery/20261006/retired/codex-4957-source-spine-45ad91632f37 -> recovery/20261006/retired/codex-4957-source-spine-45ad91632f37
2026-10-08T22:46:02.4704833Z  * [new tag]             recovery/20261006/retired/codex-4957-source-text-2ba92fdb2d33 -> recovery/20261006/retired/codex-4957-source-text-2ba92fdb2d33
2026-10-08T22:46:02.4705511Z  * [new tag]             recovery/20261006/retired/codex-4984-apt-diagnostic-16c24fe7757e -> recovery/20261006/retired/codex-4984-apt-diagnostic-16c24fe7757e
2026-10-08T22:46:02.4706213Z  * [new tag]             recovery/20261006/retired/codex-4984-apt-diagnostic-auth-a251439459bc -> recovery/20261006/retired/codex-4984-apt-diagnostic-auth-a251439459bc
2026-10-08T22:46:02.4706974Z  * [new tag]             recovery/20261006/retired/codex-4984-apt-diagnostic-fixed-174fad16f017 -> recovery/20261006/retired/codex-4984-apt-diagnostic-fixed-174fad16f017
2026-10-08T22:46:02.4707712Z  * [new tag]             recovery/20261006/retired/codex-all-open-integration-9da3e0760dd6 -> recovery/20261006/retired/codex-all-open-integration-9da3e0760dd6
2026-10-08T22:46:02.4708487Z  * [new tag]             recovery/20261006/retired/codex-b-3712-canonical-primitive-info-db9061b4ed7c -> recovery/20261006/retired/codex-b-3712-canonical-primitive-info-db9061b4ed7c
2026-10-08T22:46:02.4709321Z  * [new tag]             recovery/20261006/retired/codex-b-3716-semantic-substitutability-3fbf582c8f8d -> recovery/20261006/retired/codex-b-3716-semantic-substitutability-3fbf582c8f8d
2026-10-08T22:46:02.4710060Z  * [new tag]             recovery/20261006/retired/codex-b-3718-ai-offers-8b8227b6b649 -> recovery/20261006/retired/codex-b-3718-ai-offers-8b8227b6b649
2026-10-08T22:46:02.4710983Z  * [new tag]             recovery/20261006/retired/codex-b-3718-alife-contracts-63213a0a61b3 -> recovery/20261006/retired/codex-b-3718-alife-contracts-63213a0a61b3
2026-10-08T22:46:02.4711728Z  * [new tag]             recovery/20261006/retired/codex-b-3718-body-chat-contracts-614044d69ebf -> recovery/20261006/retired/codex-b-3718-body-chat-contracts-614044d69ebf
2026-10-08T22:46:02.4712508Z  * [new tag]             recovery/20261006/retired/codex-b-3718-browser-button-attempt-ed62ae9f7d49 -> recovery/20261006/retired/codex-b-3718-browser-button-attempt-ed62ae9f7d49
2026-10-08T22:46:02.4713257Z  * [new tag]             recovery/20261006/retired/codex-b-3718-browser-garden-bf4f8826aad7 -> recovery/20261006/retired/codex-b-3718-browser-garden-bf4f8826aad7
2026-10-08T22:46:02.4713970Z  * [new tag]             recovery/20261006/retired/codex-b-3718-browser-history-e41ed8e24581 -> recovery/20261006/retired/codex-b-3718-browser-history-e41ed8e24581
2026-10-08T22:46:02.4714899Z  * [new tag]             recovery/20261006/retired/codex-b-3718-browser-human-media-29a603fe25b2 -> recovery/20261006/retired/codex-b-3718-browser-human-media-29a603fe25b2
2026-10-08T22:46:02.4715677Z  * [new tag]             recovery/20261006/retired/codex-b-3718-browser-input-offers-de667515a133 -> recovery/20261006/retired/codex-b-3718-browser-input-offers-de667515a133
2026-10-08T22:46:02.4716538Z  * [new tag]             recovery/20261006/retired/codex-b-3718-browser-linguistics-f1dfa3090023 -> recovery/20261006/retired/codex-b-3718-browser-linguistics-f1dfa3090023
2026-10-08T22:46:02.4717344Z  * [new tag]             recovery/20261006/retired/codex-b-3718-browser-measurement-plot-53f39c41b70a -> recovery/20261006/retired/codex-b-3718-browser-measurement-plot-53f39c41b70a
2026-10-08T22:46:02.4718220Z  * [new tag]             recovery/20261006/retired/codex-b-3718-browser-measurement-presentation-0454d9b7241f -> recovery/20261006/retired/codex-b-3718-browser-measurement-presentation-0454d9b7241f
2026-10-08T22:46:02.4719119Z  * [new tag]             recovery/20261006/retired/codex-b-3718-browser-measurement-state-371ebffedf3f -> recovery/20261006/retired/codex-b-3718-browser-measurement-state-371ebffedf3f
2026-10-08T22:46:02.4719972Z  * [new tag]             recovery/20261006/retired/codex-b-3718-browser-measurement-summary-ad0ec9d41be4 -> recovery/20261006/retired/codex-b-3718-browser-measurement-summary-ad0ec9d41be4
2026-10-08T22:46:02.4720749Z  * [new tag]             recovery/20261006/retired/codex-b-3718-browser-morse-1ed3fecefd65 -> recovery/20261006/retired/codex-b-3718-browser-morse-1ed3fecefd65
2026-10-08T22:46:02.4721502Z  * [new tag]             recovery/20261006/retired/codex-b-3718-browser-offer-migration-1731d45645d0 -> recovery/20261006/retired/codex-b-3718-browser-offer-migration-1731d45645d0
2026-10-08T22:46:02.4722308Z  * [new tag]             recovery/20261006/retired/codex-b-3718-browser-pointer-offer-02bd350c4328 -> recovery/20261006/retired/codex-b-3718-browser-pointer-offer-02bd350c4328
2026-10-08T22:46:02.4723133Z  * [new tag]             recovery/20261006/retired/codex-b-3718-browser-pointer-selectors-77f9933b718d -> recovery/20261006/retired/codex-b-3718-browser-pointer-selectors-77f9933b718d
2026-10-08T22:46:02.4723926Z  * [new tag]             recovery/20261006/retired/codex-b-3718-browser-presenters-00d2600da051 -> recovery/20261006/retired/codex-b-3718-browser-presenters-00d2600da051
2026-10-08T22:46:02.4724789Z  * [new tag]             recovery/20261006/retired/codex-b-3718-browser-quantity-offer-0dcc90a11990 -> recovery/20261006/retired/codex-b-3718-browser-quantity-offer-0dcc90a11990
2026-10-08T22:46:02.4725547Z  * [new tag]             recovery/20261006/retired/codex-b-3718-browser-replay-594bb2a19a48 -> recovery/20261006/retired/codex-b-3718-browser-replay-594bb2a19a48
2026-10-08T22:46:02.4726254Z  * [new tag]             recovery/20261006/retired/codex-b-3718-browser-rhythm-5e94fe2085b2 -> recovery/20261006/retired/codex-b-3718-browser-rhythm-5e94fe2085b2
2026-10-08T22:46:02.4727100Z  * [new tag]             recovery/20261006/retired/codex-b-3718-browser-specimen-capture-c07b43d42a30 -> recovery/20261006/retired/codex-b-3718-browser-specimen-capture-c07b43d42a30
2026-10-08T22:46:02.4727922Z  * [new tag]             recovery/20261006/retired/codex-b-3718-browser-structured-text-fe99bbdce03d -> recovery/20261006/retired/codex-b-3718-browser-structured-text-fe99bbdce03d
2026-10-08T22:46:02.4728752Z  * [new tag]             recovery/20261006/retired/codex-b-3718-browser-time-every-offer-186dda1ce23f -> recovery/20261006/retired/codex-b-3718-browser-time-every-offer-186dda1ce23f
2026-10-08T22:46:02.4729592Z  * [new tag]             recovery/20261006/retired/codex-b-3718-button-indicator-contracts-59bdd2be9d1f -> recovery/20261006/retired/codex-b-3718-button-indicator-contracts-59bdd2be9d1f
2026-10-08T22:46:02.4730399Z  * [new tag]             recovery/20261006/retired/codex-b-3718-calendar-contracts-8a450eaa8579 -> recovery/20261006/retired/codex-b-3718-calendar-contracts-8a450eaa8579
2026-10-08T22:46:02.4731164Z  * [new tag]             recovery/20261006/retired/codex-b-3718-calendar-offers-d52ff0d48a75 -> recovery/20261006/retired/codex-b-3718-calendar-offers-d52ff0d48a75
2026-10-08T22:46:02.4731858Z  * [new tag]             recovery/20261006/retired/codex-b-3718-chat-offers-38c50692de57 -> recovery/20261006/retired/codex-b-3718-chat-offers-38c50692de57
2026-10-08T22:46:02.4732634Z  * [new tag]             recovery/20261006/retired/codex-b-3718-conduitos-functional-7c5e1edc19b3 -> recovery/20261006/retired/codex-b-3718-conduitos-functional-7c5e1edc19b3
2026-10-08T22:46:02.4733364Z  * [new tag]             recovery/20261006/retired/codex-b-3718-conduitos-http-257dce4f27be -> recovery/20261006/retired/codex-b-3718-conduitos-http-257dce4f27be
2026-10-08T22:46:02.4734224Z  * [new tag]             recovery/20261006/retired/codex-b-3718-conversation-commit-contracts-74aad34e2d74 -> recovery/20261006/retired/codex-b-3718-conversation-commit-contracts-74aad34e2d74
2026-10-08T22:46:02.4735136Z  * [new tag]             recovery/20261006/retired/codex-b-3718-copy-result-presentation-84861c718fd2 -> recovery/20261006/retired/codex-b-3718-copy-result-presentation-84861c718fd2
2026-10-08T22:46:02.4735859Z  * [new tag]             recovery/20261006/retired/codex-b-3718-data-offers-989a5b17c447 -> recovery/20261006/retired/codex-b-3718-data-offers-989a5b17c447
2026-10-08T22:46:02.4736591Z  * [new tag]             recovery/20261006/retired/codex-b-3718-domain-specimen-contracts-89d1396451bd -> recovery/20261006/retired/codex-b-3718-domain-specimen-contracts-89d1396451bd
2026-10-08T22:46:02.4737369Z  * [new tag]             recovery/20261006/retired/codex-b-3718-flow-state-contracts-70d410c87b28 -> recovery/20261006/retired/codex-b-3718-flow-state-contracts-70d410c87b28
2026-10-08T22:46:02.4738153Z  * [new tag]             recovery/20261006/retired/codex-b-3718-generalized-input-contracts-8ace73def64f -> recovery/20261006/retired/codex-b-3718-generalized-input-contracts-8ace73def64f
2026-10-08T22:46:02.4738923Z  * [new tag]             recovery/20261006/retired/codex-b-3718-geometry-offers-d7154dbea0e3 -> recovery/20261006/retired/codex-b-3718-geometry-offers-d7154dbea0e3
2026-10-08T22:46:02.4739653Z  * [new tag]             recovery/20261006/retired/codex-b-3718-house-prompt-contract-1a8a6f8d479e -> recovery/20261006/retired/codex-b-3718-house-prompt-contract-1a8a6f8d479e
2026-10-08T22:46:02.4740535Z  * [new tag]             recovery/20261006/retired/codex-b-3718-http-offers-3b353552d933 -> recovery/20261006/retired/codex-b-3718-http-offers-3b353552d933
2026-10-08T22:46:02.4741471Z  * [new tag]             recovery/20261006/retired/codex-b-3718-image-text-contracts-1e40a22c3cb9 -> recovery/20261006/retired/codex-b-3718-image-text-contracts-1e40a22c3cb9
2026-10-08T22:46:02.4742438Z  * [new tag]             recovery/20261006/retired/codex-b-3718-isolated-http-offer-5f9f62b561c5 -> recovery/20261006/retired/codex-b-3718-isolated-http-offer-5f9f62b561c5
2026-10-08T22:46:02.4743281Z  * [new tag]             recovery/20261006/retired/codex-b-3718-json-contracts-6b3a50fd444a -> recovery/20261006/retired/codex-b-3718-json-contracts-6b3a50fd444a
2026-10-08T22:46:02.4744413Z  * [new tag]             recovery/20261006/retired/codex-b-3718-keyboard-contract-cff651cedc0a -> recovery/20261006/retired/codex-b-3718-keyboard-contract-cff651cedc0a
2026-10-08T22:46:02.4745590Z  * [new tag]             recovery/20261006/retired/codex-b-3718-linguistics-offers-1638b112cb5d -> recovery/20261006/retired/codex-b-3718-linguistics-offers-1638b112cb5d
2026-10-08T22:46:02.4746693Z  * [new tag]             recovery/20261006/retired/codex-b-3718-local-vision-contracts-349c04200fe7 -> recovery/20261006/retired/codex-b-3718-local-vision-contracts-349c04200fe7
2026-10-08T22:46:02.4747585Z  * [new tag]             recovery/20261006/retired/codex-b-3718-messaging-offers-8d9332856bc5 -> recovery/20261006/retired/codex-b-3718-messaging-offers-8d9332856bc5
2026-10-08T22:46:02.4748423Z  * [new tag]             recovery/20261006/retired/codex-b-3718-microphone-contract-a0b6d075a163 -> recovery/20261006/retired/codex-b-3718-microphone-contract-a0b6d075a163
2026-10-08T22:46:02.4749250Z  * [new tag]             recovery/20261006/retired/codex-b-3718-model-text-contracts-e9ec0761b2f4 -> recovery/20261006/retired/codex-b-3718-model-text-contracts-e9ec0761b2f4
2026-10-08T22:46:02.4750340Z  * [new tag]             recovery/20261006/retired/codex-b-3718-morse-composition-contract-3d767dd1a58c -> recovery/20261006/retired/codex-b-3718-morse-composition-contract-3d767dd1a58c
2026-10-08T22:46:02.4751411Z  * [new tag]             recovery/20261006/retired/codex-b-3718-navigation-contracts-a0ed3856d15d -> recovery/20261006/retired/codex-b-3718-navigation-contracts-a0ed3856d15d
2026-10-08T22:46:02.4752363Z  * [new tag]             recovery/20261006/retired/codex-b-3718-network-offers-f1bf1bb629fa -> recovery/20261006/retired/codex-b-3718-network-offers-f1bf1bb629fa
2026-10-08T22:46:02.4753643Z  * [new tag]             recovery/20261006/retired/codex-b-3718-normalized-pattern-contract-fc9720f7fb41 -> recovery/20261006/retired/codex-b-3718-normalized-pattern-contract-fc9720f7fb41
2026-10-08T22:46:02.4754917Z  * [new tag]             recovery/20261006/retired/codex-b-3718-offer-construction-be68c441b713 -> recovery/20261006/retired/codex-b-3718-offer-construction-be68c441b713
2026-10-08T22:46:02.4756004Z  * [new tag]             recovery/20261006/retired/codex-b-3718-offer-drift-guard-b4594e1ec129 -> recovery/20261006/retired/codex-b-3718-offer-drift-guard-b4594e1ec129
2026-10-08T22:46:02.4757338Z  * [new tag]             recovery/20261006/retired/codex-b-3718-pattern-comparison-contract-6b29a669e02c -> recovery/20261006/retired/codex-b-3718-pattern-comparison-contract-6b29a669e02c
2026-10-08T22:46:02.4758452Z  * [new tag]             recovery/20261006/retired/codex-b-3718-pete-robotics-59e8d3cf5f9b -> recovery/20261006/retired/codex-b-3718-pete-robotics-59e8d3cf5f9b
2026-10-08T22:46:02.4759644Z  * [new tag]             recovery/20261006/retired/codex-b-3718-presentation-identities-8764d94766e6 -> recovery/20261006/retired/codex-b-3718-presentation-identities-8764d94766e6
2026-10-08T22:46:02.4760876Z  * [new tag]             recovery/20261006/retired/codex-b-3718-presentation-offers-6acbc51d2e36 -> recovery/20261006/retired/codex-b-3718-presentation-offers-6acbc51d2e36
2026-10-08T22:46:02.4762175Z  * [new tag]             recovery/20261006/retired/codex-b-3718-pulse-observation-contract-4052550ceb4b -> recovery/20261006/retired/codex-b-3718-pulse-observation-contract-4052550ceb4b
2026-10-08T22:46:02.4763397Z  * [new tag]             recovery/20261006/retired/codex-b-3718-quantity-contracts-d5e178c96d04 -> recovery/20261006/retired/codex-b-3718-quantity-contracts-d5e178c96d04
2026-10-08T22:46:02.4764614Z  * [new tag]             recovery/20261006/retired/codex-b-3718-reaction-diffusion-offer-f0585bd1a5e5 -> recovery/20261006/retired/codex-b-3718-reaction-diffusion-offer-f0585bd1a5e5
2026-10-08T22:46:02.4765528Z  * [new tag]             recovery/20261006/retired/codex-b-3718-reboot-offer-b85cabe24098 -> recovery/20261006/retired/codex-b-3718-reboot-offer-b85cabe24098
2026-10-08T22:46:02.4766375Z  * [new tag]             recovery/20261006/retired/codex-b-3718-record-contracts-5aed63561292 -> recovery/20261006/retired/codex-b-3718-record-contracts-5aed63561292
2026-10-08T22:46:02.4767148Z  * [new tag]             recovery/20261006/retired/codex-b-3718-record-transcript-contract-69e3e2407597 -> recovery/20261006/retired/codex-b-3718-record-transcript-contract-69e3e2407597
2026-10-08T22:46:02.4767948Z  * [new tag]             recovery/20261006/retired/codex-b-3718-recorded-speech-offer-135951421f1e -> recovery/20261006/retired/codex-b-3718-recorded-speech-offer-135951421f1e
2026-10-08T22:46:02.4768697Z  * [new tag]             recovery/20261006/retired/codex-b-3718-robotics-contracts-cbeeccfea9d8 -> recovery/20261006/retired/codex-b-3718-robotics-contracts-cbeeccfea9d8
2026-10-08T22:46:02.4769420Z  * [new tag]             recovery/20261006/retired/codex-b-3718-signal-contracts-d2888b56f8c4 -> recovery/20261006/retired/codex-b-3718-signal-contracts-d2888b56f8c4
2026-10-08T22:46:02.4770171Z  * [new tag]             recovery/20261006/retired/codex-b-3718-speech-adapter-contracts-038cf6d12512 -> recovery/20261006/retired/codex-b-3718-speech-adapter-contracts-038cf6d12512
2026-10-08T22:46:02.4770975Z  * [new tag]             recovery/20261006/retired/codex-b-3718-speech-commit-e6fb26ab4438 -> recovery/20261006/retired/codex-b-3718-speech-commit-e6fb26ab4438
2026-10-08T22:46:02.4771740Z  * [new tag]             recovery/20261006/retired/codex-b-3718-speech-recognition-contracts-484a15e3dfef -> recovery/20261006/retired/codex-b-3718-speech-recognition-contracts-484a15e3dfef
2026-10-08T22:46:02.4772552Z  * [new tag]             recovery/20261006/retired/codex-b-3718-state-input-contracts-53b46daf1ab7 -> recovery/20261006/retired/codex-b-3718-state-input-contracts-53b46daf1ab7
2026-10-08T22:46:02.4773344Z  * [new tag]             recovery/20261006/retired/codex-b-3718-std-contract-migration-2-e35afad9a726 -> recovery/20261006/retired/codex-b-3718-std-contract-migration-2-e35afad9a726
2026-10-08T22:46:02.4774291Z  * [new tag]             recovery/20261006/retired/codex-b-3718-std-offer-migration-5cadbd9ed289 -> recovery/20261006/retired/codex-b-3718-std-offer-migration-5cadbd9ed289
2026-10-08T22:46:02.4775154Z  * [new tag]             recovery/20261006/retired/codex-b-3718-structured-music-contracts-1386ec11615d -> recovery/20261006/retired/codex-b-3718-structured-music-contracts-1386ec11615d
2026-10-08T22:46:02.4775978Z  * [new tag]             recovery/20261006/retired/codex-b-3718-structured-selector-contract-a87f9e647461 -> recovery/20261006/retired/codex-b-3718-structured-selector-contract-a87f9e647461
2026-10-08T22:46:02.4776806Z  * [new tag]             recovery/20261006/retired/codex-b-3718-structured-values-aa73ef9fa4ab -> recovery/20261006/retired/codex-b-3718-structured-values-aa73ef9fa4ab
2026-10-08T22:46:02.4777580Z  * [new tag]             recovery/20261006/retired/codex-b-3718-template-storage-contract-d97724a4daa2 -> recovery/20261006/retired/codex-b-3718-template-storage-contract-d97724a4daa2
2026-10-08T22:46:02.4778325Z  * [new tag]             recovery/20261006/retired/codex-b-3718-text-contracts-830b5f2c4ebd -> recovery/20261006/retired/codex-b-3718-text-contracts-830b5f2c4ebd
2026-10-08T22:46:02.4779013Z  * [new tag]             recovery/20261006/retired/codex-b-3718-text-lab-offer-0e5608d4c0dc -> recovery/20261006/retired/codex-b-3718-text-lab-offer-0e5608d4c0dc
2026-10-08T22:46:02.4779719Z  * [new tag]             recovery/20261006/retired/codex-b-3718-text-state-contract-fb55b2a2ee96 -> recovery/20261006/retired/codex-b-3718-text-state-contract-fb55b2a2ee96
2026-10-08T22:46:02.4780459Z  * [new tag]             recovery/20261006/retired/codex-b-3718-timed-button-contract-37f31c3313df -> recovery/20261006/retired/codex-b-3718-timed-button-contract-37f31c3313df
2026-10-08T22:46:02.4781196Z  * [new tag]             recovery/20261006/retired/codex-b-3718-timing-contracts-49814708f16b -> recovery/20261006/retired/codex-b-3718-timing-contracts-49814708f16b
2026-10-08T22:46:02.4782056Z  * [new tag]             recovery/20261006/retired/codex-b-3718-tongues-offers-3b7724119679 -> recovery/20261006/retired/codex-b-3718-tongues-offers-3b7724119679
2026-10-08T22:46:02.4782902Z  * [new tag]             recovery/20261006/retired/codex-b-3718-typed-record-contracts-ceba1efe5aa8 -> recovery/20261006/retired/codex-b-3718-typed-record-contracts-ceba1efe5aa8
2026-10-08T22:46:02.4783656Z  * [new tag]             recovery/20261006/retired/codex-b-3718-workflow-contracts-3a20d1f5ab9e -> recovery/20261006/retired/codex-b-3718-workflow-contracts-3a20d1f5ab9e
2026-10-08T22:46:02.4784593Z  * [new tag]             recovery/20261006/retired/codex-b-3724-canonical-startup-contract-84ab9ec2fc5e -> recovery/20261006/retired/codex-b-3724-canonical-startup-contract-84ab9ec2fc5e
2026-10-08T22:46:02.4785374Z  * [new tag]             recovery/20261006/retired/codex-b-3725-domain-ownership-e297581cb795 -> recovery/20261006/retired/codex-b-3725-domain-ownership-e297581cb795
2026-10-08T22:46:02.4786082Z  * [new tag]             recovery/20261006/retired/codex-b-3746-creche-retirement-55a09b86ddd2 -> recovery/20261006/retired/codex-b-3746-creche-retirement-55a09b86ddd2
2026-10-08T22:46:02.4786955Z  * [new tag]             recovery/20261006/retired/codex-b-conduitos-protected-relay-e7ae99d19d67 -> recovery/20261006/retired/codex-b-conduitos-protected-relay-e7ae99d19d67
2026-10-08T22:46:02.4787747Z  * [new tag]             recovery/20261006/retired/codex-backlog-aspiration-refresh-4013b6e540ca -> recovery/20261006/retired/codex-backlog-aspiration-refresh-4013b6e540ca
2026-10-08T22:46:02.4788538Z  * [new tag]             recovery/20261006/retired/codex-backlog-inflection-refresh-6af3dd05246b -> recovery/20261006/retired/codex-backlog-inflection-refresh-6af3dd05246b
2026-10-08T22:46:02.4789309Z  * [new tag]             recovery/20261006/retired/codex-backlog-native-ud-refresh-a6191f27a788 -> recovery/20261006/retired/codex-backlog-native-ud-refresh-a6191f27a788
2026-10-08T22:46:02.4790017Z  * [new tag]             recovery/20261006/retired/codex-backlog-omnibus-2956ba470f6a -> recovery/20261006/retired/codex-backlog-omnibus-2956ba470f6a
2026-10-08T22:46:02.4790754Z  * [new tag]             recovery/20261006/retired/codex-backlog-owner-wardrobe-repair-da3fb59f012d -> recovery/20261006/retired/codex-backlog-owner-wardrobe-repair-da3fb59f012d
2026-10-08T22:46:02.4791555Z  * [new tag]             recovery/20261006/retired/codex-backlog-protocol-refresh-22b7e019e851 -> recovery/20261006/retired/codex-backlog-protocol-refresh-22b7e019e851
2026-10-08T22:46:02.4792439Z  * [new tag]             recovery/20261006/retired/codex-board-integrated-after-3651-6af3772dd93d -> recovery/20261006/retired/codex-board-integrated-after-3651-6af3772dd93d
2026-10-08T22:46:02.4793391Z  * [new tag]             recovery/20261006/retired/codex-global-default-choice-28c22cbd7395 -> recovery/20261006/retired/codex-global-default-choice-28c22cbd7395
2026-10-08T22:46:02.4794246Z  * [new tag]             recovery/20261006/retired/codex-global-default-intent-6f53c0588567 -> recovery/20261006/retired/codex-global-default-intent-6f53c0588567
2026-10-08T22:46:02.4795017Z  * [new tag]             recovery/20261006/retired/codex-global-default-voice-b4b367c00382 -> recovery/20261006/retired/codex-global-default-voice-b4b367c00382
2026-10-08T22:46:02.4795763Z  * [new tag]             recovery/20261006/retired/codex-global-intent-realization-956d095b81f4 -> recovery/20261006/retired/codex-global-intent-realization-956d095b81f4
2026-10-08T22:46:02.4796540Z  * [new tag]             recovery/20261006/retired/codex-global-phoneme-admission-389d8678b728 -> recovery/20261006/retired/codex-global-phoneme-admission-389d8678b728
2026-10-08T22:46:02.4797330Z  * [new tag]             recovery/20261006/retired/codex-global-rule-voice-realization-94eebd3065ca -> recovery/20261006/retired/codex-global-rule-voice-realization-94eebd3065ca
2026-10-08T22:46:02.4798129Z  * [new tag]             recovery/20261006/retired/codex-native-feature-aspiration-9e8d952e16d9 -> recovery/20261006/retired/codex-native-feature-aspiration-9e8d952e16d9
2026-10-08T22:46:02.4798969Z  * [new tag]             recovery/20261006/retired/codex-native-language-lock-repair-f6ece6772f7f -> recovery/20261006/retired/codex-native-language-lock-repair-f6ece6772f7f
2026-10-08T22:46:02.4799831Z  * [new tag]             recovery/20261006/retired/codex-native-regular-inflection-current-dev-10891c979b31 -> recovery/20261006/retired/codex-native-regular-inflection-current-dev-10891c979b31
2026-10-08T22:46:02.4800649Z  * [new tag]             recovery/20261006/retired/codex-native-rule-output-d9c8ca477bc0 -> recovery/20261006/retired/codex-native-rule-output-d9c8ca477bc0
2026-10-08T22:46:02.4801424Z  * [new tag]             recovery/20261006/retired/codex-native-speech-explicit-duration-5d45fd4ded3f -> recovery/20261006/retired/codex-native-speech-explicit-duration-5d45fd4ded3f
2026-10-08T22:46:02.4802245Z  * [new tag]             recovery/20261006/retired/codex-native-speech-rich-profile-c3d738cce79a -> recovery/20261006/retired/codex-native-speech-rich-profile-c3d738cce79a
2026-10-08T22:46:02.4803018Z  * [new tag]             recovery/20261006/retired/codex-native-ud-arc-admission-a9b11f0a79ec -> recovery/20261006/retired/codex-native-ud-arc-admission-a9b11f0a79ec
2026-10-08T22:46:02.4803788Z  * [new tag]             recovery/20261006/retired/codex-native-ud-relations-adf4d25ba103 -> recovery/20261006/retired/codex-native-ud-relations-adf4d25ba103
2026-10-08T22:46:02.4804614Z  * [new tag]             recovery/20261006/retired/codex-release-3920-browser-relay-036c7de07765 -> recovery/20261006/retired/codex-release-3920-browser-relay-036c7de07765
2026-10-08T22:46:02.4805365Z  * [new tag]             recovery/20261006/retired/codex-repair-3730-linguistics-7a0570f67031 -> recovery/20261006/retired/codex-repair-3730-linguistics-7a0570f67031
2026-10-08T22:46:02.4806121Z  * [new tag]             recovery/20261006/retired/codex-repair-3731-domain-ownership-cb9789dea2e9 -> recovery/20261006/retired/codex-repair-3731-domain-ownership-cb9789dea2e9
2026-10-08T22:46:02.4806877Z  * [new tag]             recovery/20261006/retired/codex-service-browser-window-a443ec7f7d18 -> recovery/20261006/retired/codex-service-browser-window-a443ec7f7d18
2026-10-08T22:46:02.4807563Z  * [new tag]             recovery/20261006/retired/codex-slash-justfile-c349287d05cd -> recovery/20261006/retired/codex-slash-justfile-c349287d05cd
2026-10-08T22:46:02.4808250Z  * [new tag]             recovery/20261006/retired/codex-source-terminal-state-793481612322 -> recovery/20261006/retired/codex-source-terminal-state-793481612322
2026-10-08T22:46:02.4808957Z  * [new tag]             recovery/20261006/retired/codex-sourced-global-intent-90dc21fb6628 -> recovery/20261006/retired/codex-sourced-global-intent-90dc21fb6628
2026-10-08T22:46:02.4809729Z  * [new tag]             recovery/20261006/retired/codex-speech-intent-foundation-repair-fb9ba023a195 -> recovery/20261006/retired/codex-speech-intent-foundation-repair-fb9ba023a195
2026-10-08T22:46:02.4810523Z  * [new tag]             recovery/20261006/retired/codex-three-bodies-mask-journey-5169b46a604c -> recovery/20261006/retired/codex-three-bodies-mask-journey-5169b46a604c
2026-10-08T22:46:02.4811251Z  * [new tag]             recovery/20261006/retired/codex-total-omnibus-current-c208ae9fd71b -> recovery/20261006/retired/codex-total-omnibus-current-c208ae9fd71b
2026-10-08T22:46:02.4811964Z  * [new tag]             recovery/20261006/retired/codex-xtask-check-scopes-54d7d057ed28 -> recovery/20261006/retired/codex-xtask-check-scopes-54d7d057ed28
2026-10-08T22:46:02.4812737Z  * [new tag]             recovery/20261006/retired/codex-xtask-intent-audio-midi-d57bf240860d -> recovery/20261006/retired/codex-xtask-intent-audio-midi-d57bf240860d
2026-10-08T22:46:02.4813491Z  * [new tag]             recovery/20261006/retired/codex-xtask-intent-pete-596357b7ab3f -> recovery/20261006/retired/codex-xtask-intent-pete-596357b7ab3f
2026-10-08T22:46:02.4814334Z  * [new tag]             recovery/20261006/retired/codex-xtask-prove-coordination-db485cb05371 -> recovery/20261006/retired/codex-xtask-prove-coordination-db485cb05371
2026-10-08T22:46:02.4815175Z  * [new tag]             recovery/20261006/retired/codex-xtask-retire-demo-c22eaed9ea28 -> recovery/20261006/retired/codex-xtask-retire-demo-c22eaed9ea28
2026-10-08T22:46:02.4815910Z  * [new tag]             release-001845eba63d4fb6f3472de9fc33089d2a1f7d6e -> release-001845eba63d4fb6f3472de9fc33089d2a1f7d6e
2026-10-08T22:46:02.4816599Z  * [new tag]             release-01b016fc7c5c0b3acb5f81078edcf2d9a75c158c -> release-01b016fc7c5c0b3acb5f81078edcf2d9a75c158c
2026-10-08T22:46:02.4817173Z  * [new tag]             release-027c4f423223e98ca051693221165d998cebde8f -> release-027c4f423223e98ca051693221165d998cebde8f
2026-10-08T22:46:02.4817759Z  * [new tag]             release-02ecbc0a99672819bbf5810fca973b76bb361068 -> release-02ecbc0a99672819bbf5810fca973b76bb361068
2026-10-08T22:46:02.4818509Z  * [new tag]             release-0eebcc254044a05e6c3427a4844e627dd6c63b07 -> release-0eebcc254044a05e6c3427a4844e627dd6c63b07
2026-10-08T22:46:02.4819064Z  * [new tag]             release-0fea630c0327fe5b14f3d06c83b45c380836a73e -> release-0fea630c0327fe5b14f3d06c83b45c380836a73e
2026-10-08T22:46:02.4819646Z  * [new tag]             release-11cc70175696782b1c22bc0174fc304c6d0d00a8 -> release-11cc70175696782b1c22bc0174fc304c6d0d00a8
2026-10-08T22:46:02.4820167Z  * [new tag]             release-16eb6053e2888ad28015b437e9a37b8cb6be349d -> release-16eb6053e2888ad28015b437e9a37b8cb6be349d
2026-10-08T22:46:02.4820695Z  * [new tag]             release-1876ecccacef607dec6b529a1d0d7bc89bd25a4f -> release-1876ecccacef607dec6b529a1d0d7bc89bd25a4f
2026-10-08T22:46:02.4821223Z  * [new tag]             release-18bd07bb6c1bf460082fffa408d731b4ea57d73f -> release-18bd07bb6c1bf460082fffa408d731b4ea57d73f
2026-10-08T22:46:02.4821747Z  * [new tag]             release-1afb89711f6c618ab50cb1092dc825fa0f2d8c58 -> release-1afb89711f6c618ab50cb1092dc825fa0f2d8c58
2026-10-08T22:46:02.4822270Z  * [new tag]             release-1b4d7bb3b8ff6b972f7477632c8649b4c160a294 -> release-1b4d7bb3b8ff6b972f7477632c8649b4c160a294
2026-10-08T22:46:02.4822796Z  * [new tag]             release-1ec25b49a70a46125c2e7d79f941cbade5ca7b66 -> release-1ec25b49a70a46125c2e7d79f941cbade5ca7b66
2026-10-08T22:46:02.4823326Z  * [new tag]             release-21f21bab09157ce98dde41888d6584032487adda -> release-21f21bab09157ce98dde41888d6584032487adda
2026-10-08T22:46:02.4823853Z  * [new tag]             release-2685a777ecfa52f6607eab35cc7ca6add9df2229 -> release-2685a777ecfa52f6607eab35cc7ca6add9df2229
2026-10-08T22:46:02.4824475Z  * [new tag]             release-2aacaa6bde9ec1aa3e56abb49999df6dec8a78db -> release-2aacaa6bde9ec1aa3e56abb49999df6dec8a78db
2026-10-08T22:46:02.4825022Z  * [new tag]             release-2e39f2eed5131a6b306f84862d371f70225cb3d4 -> release-2e39f2eed5131a6b306f84862d371f70225cb3d4
2026-10-08T22:46:02.4825557Z  * [new tag]             release-2e7d1b4cd1767dab1b5dd78aa2c101c6aa35924d -> release-2e7d1b4cd1767dab1b5dd78aa2c101c6aa35924d
2026-10-08T22:46:02.4826089Z  * [new tag]             release-31000d584550860f7324826ca5a7ebed0719bdfc -> release-31000d584550860f7324826ca5a7ebed0719bdfc
2026-10-08T22:46:02.4826612Z  * [new tag]             release-332b37e2af034f891153a05b577852c8fd5e7882 -> release-332b37e2af034f891153a05b577852c8fd5e7882
2026-10-08T22:46:02.4827132Z  * [new tag]             release-35a6603a39a6e8b812f5ad49166cf8925f97564f -> release-35a6603a39a6e8b812f5ad49166cf8925f97564f
2026-10-08T22:46:02.4827648Z  * [new tag]             release-36d330035fbc01e05225e9559424f5f14fd0c83a -> release-36d330035fbc01e05225e9559424f5f14fd0c83a
2026-10-08T22:46:02.4828247Z  * [new tag]             release-3907fec0c6256eb1dfb1fee045056c044b33decf -> release-3907fec0c6256eb1dfb1fee045056c044b33decf
2026-10-08T22:46:02.4828806Z  * [new tag]             release-391774a5d5bd753c3bb06c575e3a820ec388bf68 -> release-391774a5d5bd753c3bb06c575e3a820ec388bf68
2026-10-08T22:46:02.4829374Z  * [new tag]             release-3be4914d5fca80e81a4ddddccdd0877db87d4931 -> release-3be4914d5fca80e81a4ddddccdd0877db87d4931
2026-10-08T22:46:02.4830021Z  * [new tag]             release-3d780e728d1cd5fe57c2dc71569dd8e77fefb57e -> release-3d780e728d1cd5fe57c2dc71569dd8e77fefb57e
2026-10-08T22:46:02.4830583Z  * [new tag]             release-3e0c4967bc8e1c5f1d5eee77e68ec0d1f448595f -> release-3e0c4967bc8e1c5f1d5eee77e68ec0d1f448595f
2026-10-08T22:46:02.4831136Z  * [new tag]             release-408410e23ee2225595f1b6ef3b017868a0fffd6f -> release-408410e23ee2225595f1b6ef3b017868a0fffd6f
2026-10-08T22:46:02.4831683Z  * [new tag]             release-40b553c2f12ab0cfa205b3774509ee9ce639db6d -> release-40b553c2f12ab0cfa205b3774509ee9ce639db6d
2026-10-08T22:46:02.4832238Z  * [new tag]             release-42d6c212f9dac742c92025c5fde8c74dfbde4e47 -> release-42d6c212f9dac742c92025c5fde8c74dfbde4e47
2026-10-08T22:46:02.4832790Z  * [new tag]             release-433bcf390e00ee3f4be396106d8d290d0207699f -> release-433bcf390e00ee3f4be396106d8d290d0207699f
2026-10-08T22:46:02.4833362Z  * [new tag]             release-46ab9c2f68bb17c7194ff78b24ee65ba94917d75 -> release-46ab9c2f68bb17c7194ff78b24ee65ba94917d75
2026-10-08T22:46:02.4833916Z  * [new tag]             release-47cae77611c671d4b44460125f3728f99cf73bb6 -> release-47cae77611c671d4b44460125f3728f99cf73bb6
2026-10-08T22:46:02.4834687Z  * [new tag]             release-4881699e4d922e7106678f2eefbade44ec543a1b -> release-4881699e4d922e7106678f2eefbade44ec543a1b
2026-10-08T22:46:02.4835246Z  * [new tag]             release-49f0eb5c4771b285ce2d17161c7dcd05edfb9a40 -> release-49f0eb5c4771b285ce2d17161c7dcd05edfb9a40
2026-10-08T22:46:02.4835808Z  * [new tag]             release-4a204e1fd258a8e11278ff43edb9665ac85570f0 -> release-4a204e1fd258a8e11278ff43edb9665ac85570f0
2026-10-08T22:46:02.4836367Z  * [new tag]             release-51e9884e3f6738ae8d237987e339f3e198f9d738 -> release-51e9884e3f6738ae8d237987e339f3e198f9d738
2026-10-08T22:46:02.4836937Z  * [new tag]             release-52370b257b6188f2f6aba42cd8065489203ef78f -> release-52370b257b6188f2f6aba42cd8065489203ef78f
2026-10-08T22:46:02.4837495Z  * [new tag]             release-56326c9df80f2b424055b0f2a12323d19248c44f -> release-56326c9df80f2b424055b0f2a12323d19248c44f
2026-10-08T22:46:02.4838052Z  * [new tag]             release-575ebf2b909db91d11451420aa830a4e7235d4ac -> release-575ebf2b909db91d11451420aa830a4e7235d4ac
2026-10-08T22:46:02.4838615Z  * [new tag]             release-5b57fa034dffc60cc5fccc99fb3a0bdd92ca831b -> release-5b57fa034dffc60cc5fccc99fb3a0bdd92ca831b
2026-10-08T22:46:02.4839186Z  * [new tag]             release-5be5340248af5e82a4b5d54410f4ef745afdfa7c -> release-5be5340248af5e82a4b5d54410f4ef745afdfa7c
2026-10-08T22:46:02.4839757Z  * [new tag]             release-5ce79086e3ee0ced0fc4b99df150e64890104971 -> release-5ce79086e3ee0ced0fc4b99df150e64890104971
2026-10-08T22:46:02.4840333Z  * [new tag]             release-6183b3c233a80594a50735725cf78d7df650c40c -> release-6183b3c233a80594a50735725cf78d7df650c40c
2026-10-08T22:46:02.4840888Z  * [new tag]             release-61f8a40a173eb785d0bace51b2c90bcf5c1074a1 -> release-61f8a40a173eb785d0bace51b2c90bcf5c1074a1
2026-10-08T22:46:02.4841466Z  * [new tag]             release-6289b3df16bb9b6d42fb83b2e4c5a72ee03d3ee5 -> release-6289b3df16bb9b6d42fb83b2e4c5a72ee03d3ee5
2026-10-08T22:46:02.4842037Z  * [new tag]             release-62fbfacbbf35fd4aca39c2100c889246352ba819 -> release-62fbfacbbf35fd4aca39c2100c889246352ba819
2026-10-08T22:46:02.4842595Z  * [new tag]             release-63e90c0390d7cda3e34176944811e797e4c9c613 -> release-63e90c0390d7cda3e34176944811e797e4c9c613
2026-10-08T22:46:02.4843137Z  * [new tag]             release-6a301334e5ac81c6d40ecc17beedbc1081bf0a84 -> release-6a301334e5ac81c6d40ecc17beedbc1081bf0a84
2026-10-08T22:46:02.4843708Z  * [new tag]             release-6b678a36c965250a1db13d45b293a547d0a78b00 -> release-6b678a36c965250a1db13d45b293a547d0a78b00
2026-10-08T22:46:02.4844373Z  * [new tag]             release-6cc4ba02f2139716e454da8463ff28f0b3502814 -> release-6cc4ba02f2139716e454da8463ff28f0b3502814
2026-10-08T22:46:02.4845006Z  * [new tag]             release-6cc58a14764208543fad460bce5f6bf2a207d82d -> release-6cc58a14764208543fad460bce5f6bf2a207d82d
2026-10-08T22:46:02.4845566Z  * [new tag]             release-6efc44762c0c8c9779b51bbe86dc382dd1aeced7 -> release-6efc44762c0c8c9779b51bbe86dc382dd1aeced7
2026-10-08T22:46:02.4846125Z  * [new tag]             release-7014e10ccb2c6fe3559b8ffe533a5917b76bc862 -> release-7014e10ccb2c6fe3559b8ffe533a5917b76bc862
2026-10-08T22:46:02.4846667Z  * [new tag]             release-7283954d16316a912e6af790e871b61008ff4a29 -> release-7283954d16316a912e6af790e871b61008ff4a29
2026-10-08T22:46:02.4847224Z  * [new tag]             release-739718c80a7ca8894ab9e36d4c82fcd4c19e583c -> release-739718c80a7ca8894ab9e36d4c82fcd4c19e583c
2026-10-08T22:46:02.4847766Z  * [new tag]             release-7529270b3e51606f3485840b4a74053c5bea07b8 -> release-7529270b3e51606f3485840b4a74053c5bea07b8
2026-10-08T22:46:02.4848313Z  * [new tag]             release-770a4a62474e78da3c2a0ccddd3b2fa3591f8197 -> release-770a4a62474e78da3c2a0ccddd3b2fa3591f8197
2026-10-08T22:46:02.4848880Z  * [new tag]             release-78d8e98b5d8b38562a0c2f6ec055b0cc84d8d90d -> release-78d8e98b5d8b38562a0c2f6ec055b0cc84d8d90d
2026-10-08T22:46:02.4849497Z  * [new tag]             release-7991e50b4c8756ad2be2c0f238c6b220e325c6ee -> release-7991e50b4c8756ad2be2c0f238c6b220e325c6ee
2026-10-08T22:46:02.4850046Z  * [new tag]             release-7acbc416d21386ea60c6618978994ba83dac8136 -> release-7acbc416d21386ea60c6618978994ba83dac8136
2026-10-08T22:46:02.4850609Z  * [new tag]             release-7b03d378423fbdcc493fa901b1a72130379acc4d -> release-7b03d378423fbdcc493fa901b1a72130379acc4d
2026-10-08T22:46:02.4851160Z  * [new tag]             release-81a135cba4490794085bbcfd0b09b51db1db2134 -> release-81a135cba4490794085bbcfd0b09b51db1db2134
2026-10-08T22:46:02.4851716Z  * [new tag]             release-84411a1e1369c226bc849e93c3ab63d9cb0605fa -> release-84411a1e1369c226bc849e93c3ab63d9cb0605fa
2026-10-08T22:46:02.4852267Z  * [new tag]             release-84904771e67ccbd6bf87b80ccdf31a4eacf0fb0e -> release-84904771e67ccbd6bf87b80ccdf31a4eacf0fb0e
2026-10-08T22:46:02.4852829Z  * [new tag]             release-864964ce59531d3fda3b9ae676dad14d25dcca0a -> release-864964ce59531d3fda3b9ae676dad14d25dcca0a
2026-10-08T22:46:02.4853381Z  * [new tag]             release-87e368092bd4cc72240cb1229a84d30a360a7f90 -> release-87e368092bd4cc72240cb1229a84d30a360a7f90
2026-10-08T22:46:02.4853944Z  * [new tag]             release-8818b446aa6faf01dfe901cb20126ee4256edc97 -> release-8818b446aa6faf01dfe901cb20126ee4256edc97
2026-10-08T22:46:02.4854597Z  * [new tag]             release-8ac24a8eea83cae06158b85208d90979a89493e8 -> release-8ac24a8eea83cae06158b85208d90979a89493e8
2026-10-08T22:46:02.4855159Z  * [new tag]             release-8b216ee721a3fe492fd0d02fb4a3fa4b606519c1 -> release-8b216ee721a3fe492fd0d02fb4a3fa4b606519c1
2026-10-08T22:46:02.4855722Z  * [new tag]             release-90a17e38b31d09c6ec1e0eb17dd1cb9f62f87ff9 -> release-90a17e38b31d09c6ec1e0eb17dd1cb9f62f87ff9
2026-10-08T22:46:02.4856279Z  * [new tag]             release-976463aa709f43db46d89f7d55898ea2db3e17a4 -> release-976463aa709f43db46d89f7d55898ea2db3e17a4
2026-10-08T22:46:02.4856827Z  * [new tag]             release-99d3dd46a2fe01d7d117184921c9aff7da33f7d7 -> release-99d3dd46a2fe01d7d117184921c9aff7da33f7d7
2026-10-08T22:46:02.4857402Z  * [new tag]             release-9bf8f89bd937e2a3e13c128a10dfa1b63f51d893 -> release-9bf8f89bd937e2a3e13c128a10dfa1b63f51d893
2026-10-08T22:46:02.4857950Z  * [new tag]             release-a06600168677a5d91ab293cc04b0d0ebce382344 -> release-a06600168677a5d91ab293cc04b0d0ebce382344
2026-10-08T22:46:02.4858506Z  * [new tag]             release-a12eb786d4ced5b57dfa550bec0581fec9c5c2d7 -> release-a12eb786d4ced5b57dfa550bec0581fec9c5c2d7
2026-10-08T22:46:02.4859064Z  * [new tag]             release-a3b6edf83b4c5354b7c2091e6109188b2eb872ab -> release-a3b6edf83b4c5354b7c2091e6109188b2eb872ab
2026-10-08T22:46:02.4859631Z  * [new tag]             release-a6cbe9eec12feeeddfc2e88cce7d7a4a592b5fbe -> release-a6cbe9eec12feeeddfc2e88cce7d7a4a592b5fbe
2026-10-08T22:46:02.4860298Z  * [new tag]             release-a95efd41d209df01ada6e1b6eb0ad3a31694d61f -> release-a95efd41d209df01ada6e1b6eb0ad3a31694d61f
2026-10-08T22:46:02.4860894Z  * [new tag]             release-aa0207c094edc5c3d999a84b4bd94ffe84244ea0 -> release-aa0207c094edc5c3d999a84b4bd94ffe84244ea0
2026-10-08T22:46:02.4861465Z  * [new tag]             release-ad9df47da8e98e3d3f206df1a9bdbeae29e7655d -> release-ad9df47da8e98e3d3f206df1a9bdbeae29e7655d
2026-10-08T22:46:02.4862033Z  * [new tag]             release-adc05effe82356458007207c4fdb989243741b18 -> release-adc05effe82356458007207c4fdb989243741b18
2026-10-08T22:46:02.4862591Z  * [new tag]             release-ade28c3ac6f3f694b29513c2abb32f77bdd36575 -> release-ade28c3ac6f3f694b29513c2abb32f77bdd36575
2026-10-08T22:46:02.4863154Z  * [new tag]             release-ae8b29c1cf932618566452ff43d0185af05e3569 -> release-ae8b29c1cf932618566452ff43d0185af05e3569
2026-10-08T22:46:02.4863713Z  * [new tag]             release-afd39cf25c43f2b21be9ec65776b7c5a99d888c7 -> release-afd39cf25c43f2b21be9ec65776b7c5a99d888c7
2026-10-08T22:46:02.4864362Z  * [new tag]             release-b0486c6c03d1dc06a819b0badf83c28249258a81 -> release-b0486c6c03d1dc06a819b0badf83c28249258a81
2026-10-08T22:46:02.4865015Z  * [new tag]             release-b0ffd1310b07601ea4d960fd2a5b7fdbe86d2cd4 -> release-b0ffd1310b07601ea4d960fd2a5b7fdbe86d2cd4
2026-10-08T22:46:02.4865577Z  * [new tag]             release-b8979d81802c06a204dac1cce6d4c3adee14f7a7 -> release-b8979d81802c06a204dac1cce6d4c3adee14f7a7
2026-10-08T22:46:02.4866144Z  * [new tag]             release-b8bbd828afd1456faf7bd7c519e09d50f6406f51 -> release-b8bbd828afd1456faf7bd7c519e09d50f6406f51
2026-10-08T22:46:02.4866708Z  * [new tag]             release-ba5ab1438e6c5f55bee71043e0ae2d5c552bfbe9 -> release-ba5ab1438e6c5f55bee71043e0ae2d5c552bfbe9
2026-10-08T22:46:02.4867270Z  * [new tag]             release-bacb1971de3756ecbe7144639fb5de16b9fd60e5 -> release-bacb1971de3756ecbe7144639fb5de16b9fd60e5
2026-10-08T22:46:02.4867832Z  * [new tag]             release-bbdfe6c4ce74985a875994a69de7c933db561686 -> release-bbdfe6c4ce74985a875994a69de7c933db561686
2026-10-08T22:46:02.4868401Z  * [new tag]             release-bc302dbe73d11032875e6f153776d360e5289303 -> release-bc302dbe73d11032875e6f153776d360e5289303
2026-10-08T22:46:02.4868951Z  * [new tag]             release-bc78963dfba895c2fa36b0b6bc3c13957b280f70 -> release-bc78963dfba895c2fa36b0b6bc3c13957b280f70
2026-10-08T22:46:02.4869525Z  * [new tag]             release-bfbd3f46a3be7aed6c3bbe870ed7af184679b9d8 -> release-bfbd3f46a3be7aed6c3bbe870ed7af184679b9d8
2026-10-08T22:46:02.4870099Z  * [new tag]             release-c256418f3e375a1d261a80fff6cf05cdb2bd7ad1 -> release-c256418f3e375a1d261a80fff6cf05cdb2bd7ad1
2026-10-08T22:46:02.4870663Z  * [new tag]             release-c5af0cc2150500a03535cad6ce69e6b42fa59a81 -> release-c5af0cc2150500a03535cad6ce69e6b42fa59a81
2026-10-08T22:46:02.4871222Z  * [new tag]             release-c618372861a64aaac9c6f1ee31e7a31c77dbc4f3 -> release-c618372861a64aaac9c6f1ee31e7a31c77dbc4f3
2026-10-08T22:46:02.4871800Z  * [new tag]             release-c8e97dd8ba7748bc9848da531aeccfbd7fc234ee -> release-c8e97dd8ba7748bc9848da531aeccfbd7fc234ee
2026-10-08T22:46:02.4872366Z  * [new tag]             release-ca076749aa14b1e3a5d964d9dba32115f018ca2f -> release-ca076749aa14b1e3a5d964d9dba32115f018ca2f
2026-10-08T22:46:02.4872925Z  * [new tag]             release-ca778e0e9d3f0304bb29cfa96b8622fdcb7df823 -> release-ca778e0e9d3f0304bb29cfa96b8622fdcb7df823
2026-10-08T22:46:02.4873488Z  * [new tag]             release-cc2aae47b8e66bc47be5d980569d57a142f3cae5 -> release-cc2aae47b8e66bc47be5d980569d57a142f3cae5
2026-10-08T22:46:02.4874049Z  * [new tag]             release-ce3619665f4cd7683e625c5b63e657ee9101be65 -> release-ce3619665f4cd7683e625c5b63e657ee9101be65
2026-10-08T22:46:02.4874793Z  * [new tag]             release-d083598e5fe74c69ebb7759693d9cb6a359409af -> release-d083598e5fe74c69ebb7759693d9cb6a359409af
2026-10-08T22:46:02.4875444Z  * [new tag]             release-d2dd87601dc2e1dbbc1d8ab5e858fbf8fe9a115f -> release-d2dd87601dc2e1dbbc1d8ab5e858fbf8fe9a115f
2026-10-08T22:46:02.4876019Z  * [new tag]             release-d509ccd9a0b69c11e23329a009200d4130f39434 -> release-d509ccd9a0b69c11e23329a009200d4130f39434
2026-10-08T22:46:02.4876589Z  * [new tag]             release-db6365499ff3424d9502f9380eb09eacf6cc357c -> release-db6365499ff3424d9502f9380eb09eacf6cc357c
2026-10-08T22:46:02.4877166Z  * [new tag]             release-dca5553bca9bf40611ee70f6c495b468234b8f2e -> release-dca5553bca9bf40611ee70f6c495b468234b8f2e
2026-10-08T22:46:02.4877751Z  * [new tag]             release-dce9fe6a1e35bab4fe174cf1a93d0e593824b43e -> release-dce9fe6a1e35bab4fe174cf1a93d0e593824b43e
2026-10-08T22:46:02.4878336Z  * [new tag]             release-de93fa716c88cdb8e181d2b46f9222f5d6112ca3 -> release-de93fa716c88cdb8e181d2b46f9222f5d6112ca3
2026-10-08T22:46:02.4878936Z  * [new tag]             release-df17cde50cf5f8549ea6d0d0d432de75175a93ac -> release-df17cde50cf5f8549ea6d0d0d432de75175a93ac
2026-10-08T22:46:02.4879507Z  * [new tag]             release-e52b3d96c6e04335106ad3e389fcb2504eaca8e1 -> release-e52b3d96c6e04335106ad3e389fcb2504eaca8e1
2026-10-08T22:46:02.4880153Z  * [new tag]             release-e678ab559e9ff0aa8452175d45ac3ac02d1819d4 -> release-e678ab559e9ff0aa8452175d45ac3ac02d1819d4
2026-10-08T22:46:02.4880708Z  * [new tag]             release-eb928febf145ac21562dbc1692abf02af2bc2dc6 -> release-eb928febf145ac21562dbc1692abf02af2bc2dc6
2026-10-08T22:46:02.4881262Z  * [new tag]             release-ed28a4d18e55736a06c44032162e107c0d955bf1 -> release-ed28a4d18e55736a06c44032162e107c0d955bf1
2026-10-08T22:46:02.4881809Z  * [new tag]             release-f06a7fe7ba212f285a2243d9715d5b0732077cb6 -> release-f06a7fe7ba212f285a2243d9715d5b0732077cb6
2026-10-08T22:46:02.4882382Z  * [new tag]             release-f2362d62dcc4e63de0bddac86c3467dc4c78f365 -> release-f2362d62dcc4e63de0bddac86c3467dc4c78f365
2026-10-08T22:46:02.4882940Z  * [new tag]             release-f243cd2601899e3ff76086cccf63ff5aecef6c66 -> release-f243cd2601899e3ff76086cccf63ff5aecef6c66
2026-10-08T22:46:02.4883512Z  * [new tag]             release-f281d74a32aca69863f2fcf70d6c857d105540c7 -> release-f281d74a32aca69863f2fcf70d6c857d105540c7
2026-10-08T22:46:02.4884144Z  * [new tag]             release-f562fa371ff703d3b0e8f325aafb4e4a284794a4 -> release-f562fa371ff703d3b0e8f325aafb4e4a284794a4
2026-10-08T22:46:02.4884724Z  * [new tag]             release-f967dead4f207c8fc856f2c3a9fb2cd4cb2fde73 -> release-f967dead4f207c8fc856f2c3a9fb2cd4cb2fde73
2026-10-08T22:46:02.4885290Z  * [new tag]             release-fadea97b3560d40363148778b21dd15fc1fc19ff -> release-fadea97b3560d40363148778b21dd15fc1fc19ff
2026-10-08T22:46:02.4885876Z  * [new tag]             release-fbb01d9d047ab5a8438d12ea027517ebba2b0145 -> release-fbb01d9d047ab5a8438d12ea027517ebba2b0145
2026-10-08T22:46:02.4886439Z  * [new tag]             release-fdc9be1cd6dc2c2b918ef92bb52b5ee87c80e9cf -> release-fdc9be1cd6dc2c2b918ef92bb52b5ee87c80e9cf
2026-10-08T22:46:02.4887006Z  * [new tag]             release-fdd0852745a0b1d9ac39f5a7766f3378039561e2 -> release-fdd0852745a0b1d9ac39f5a7766f3378039561e2
2026-10-08T22:46:02.4887551Z  * [new tag]             release-ffe6802225f68923f998a32c3b6342f9730cf946 -> release-ffe6802225f68923f998a32c3b6342f9730cf946
2026-10-08T22:46:02.4888865Z [command]/usr/bin/git rev-parse --verify --quiet b1c5a2b281e07d97b621057f3c504d808f14a3ce^{object}
2026-10-08T22:46:02.4889315Z b1c5a2b281e07d97b621057f3c504d808f14a3ce
2026-10-08T22:46:02.4889942Z ##[endgroup]
2026-10-08T22:46:02.4890317Z ##[group]Determining the checkout info
2026-10-08T22:46:02.4890617Z ##[endgroup]
2026-10-08T22:46:02.4890796Z [command]/usr/bin/git sparse-checkout disable
2026-10-08T22:46:02.4891287Z [command]/usr/bin/git config --local --unset-all extensions.worktreeConfig
2026-10-08T22:46:02.4891896Z ##[group]Checking out the ref
2026-10-08T22:46:02.4892185Z [command]/usr/bin/git checkout --progress --force b1c5a2b281e07d97b621057f3c504d808f14a3ce
2026-10-08T22:46:03.0617936Z Note: switching to 'b1c5a2b281e07d97b621057f3c504d808f14a3ce'.
2026-10-08T22:46:03.0618217Z 
2026-10-08T22:46:03.0618390Z You are in 'detached HEAD' state. You can look around, make experimental
2026-10-08T22:46:03.0618755Z changes and commit them, and you can discard any commits you make in this
2026-10-08T22:46:03.0619083Z state without impacting any branches by switching back to a branch.
2026-10-08T22:46:03.0619259Z 
2026-10-08T22:46:03.0619391Z If you want to create a new branch to retain commits you create, you may
2026-10-08T22:46:03.0619692Z do so (now or later) by using -c with the switch command. Example:
2026-10-08T22:46:03.0619861Z 
2026-10-08T22:46:03.0619943Z   git switch -c <new-branch-name>
2026-10-08T22:46:03.0620080Z 
2026-10-08T22:46:03.0620154Z Or undo this operation with:
2026-10-08T22:46:03.0620272Z 
2026-10-08T22:46:03.0620339Z   git switch -
2026-10-08T22:46:03.0620431Z 
2026-10-08T22:46:03.0620578Z Turn off this advice by setting config variable advice.detachedHead to false
2026-10-08T22:46:03.0620767Z 
2026-10-08T22:46:03.0621007Z HEAD is now at b1c5a2b28 Merge commit 'f34631629170f2967a0d846814857ccdbe0895b1' into codex/burn-durable-corpus-cursor
2026-10-08T22:46:03.0643388Z ##[endgroup]
2026-10-08T22:46:03.0678684Z [command]/usr/bin/git log -1 --format=%H
2026-10-08T22:46:03.0697580Z b1c5a2b281e07d97b621057f3c504d808f14a3ce
2026-10-08T22:46:03.0703306Z ##[group]Removing auth
2026-10-08T22:46:03.0703531Z Removing SSH command configuration
2026-10-08T22:46:03.0707016Z [command]/usr/bin/git config --local --name-only --get-regexp core\.sshCommand
2026-10-08T22:46:03.0728340Z [command]/usr/bin/git submodule foreach --recursive sh -c "git config --local --name-only --get-regexp 'core\.sshCommand' && git config --local --unset-all 'core.sshCommand' || :"
2026-10-08T22:46:03.0875315Z Removing HTTP extra header
2026-10-08T22:46:03.0877742Z [command]/usr/bin/git config --local --name-only --get-regexp http\.https\:\/\/github\.com\/\.extraheader
2026-10-08T22:46:03.0896946Z [command]/usr/bin/git submodule foreach --recursive sh -c "git config --local --name-only --get-regexp 'http\.https\:\/\/github\.com\/\.extraheader' && git config --local --unset-all 'http.https://github.com/.extraheader' || :"
2026-10-08T22:46:03.1042256Z Removing includeIf entries pointing to credentials config files
2026-10-08T22:46:03.1050706Z [command]/usr/bin/git config --local --name-only --get-regexp ^includeIf\.gitdir:
2026-10-08T22:46:03.1796457Z includeif.gitdir:/home/runner/work/conduit/conduit/.git.path
2026-10-08T22:46:03.1797092Z includeif.gitdir:/home/runner/work/conduit/conduit/.git/worktrees/*.path
2026-10-08T22:46:03.1797549Z includeif.gitdir:/github/workspace/.git.path
2026-10-08T22:46:03.1797943Z includeif.gitdir:/github/workspace/.git/worktrees/*.path
2026-10-08T22:46:03.1807976Z [command]/usr/bin/git config --local --get-all includeif.gitdir:/home/runner/work/conduit/conduit/.git.path
2026-10-08T22:46:03.1824996Z /home/runner/work/_temp/git-credentials-fab26e0b-3473-4273-9692-80fcb1ecca66.config
2026-10-08T22:46:03.1831192Z [command]/usr/bin/git config --local --unset includeif.gitdir:/home/runner/work/conduit/conduit/.git.path \/home\/runner\/work\/_temp\/git\-credentials\-fab26e0b\-3473\-4273\-9692\-80fcb1ecca66\.config
2026-10-08T22:46:03.1907953Z [command]/usr/bin/git config --local --get-all includeif.gitdir:/home/runner/work/conduit/conduit/.git/worktrees/*.path
2026-10-08T22:46:03.1924281Z /home/runner/work/_temp/git-credentials-fab26e0b-3473-4273-9692-80fcb1ecca66.config
2026-10-08T22:46:03.1935112Z [command]/usr/bin/git config --local --unset includeif.gitdir:/home/runner/work/conduit/conduit/.git/worktrees/*.path \/home\/runner\/work\/_temp\/git\-credentials\-fab26e0b\-3473\-4273\-9692\-80fcb1ecca66\.config
2026-10-08T22:46:03.2002479Z [command]/usr/bin/git config --local --get-all includeif.gitdir:/github/workspace/.git.path
2026-10-08T22:46:03.2017875Z /github/runner_temp/git-credentials-fab26e0b-3473-4273-9692-80fcb1ecca66.config
2026-10-08T22:46:03.2025711Z [command]/usr/bin/git config --local --unset includeif.gitdir:/github/workspace/.git.path \/github\/runner_temp\/git\-credentials\-fab26e0b\-3473\-4273\-9692\-80fcb1ecca66\.config
2026-10-08T22:46:03.2116787Z [command]/usr/bin/git config --local --get-all includeif.gitdir:/github/workspace/.git/worktrees/*.path
2026-10-08T22:46:03.2131606Z /github/runner_temp/git-credentials-fab26e0b-3473-4273-9692-80fcb1ecca66.config
2026-10-08T22:46:03.2137040Z [command]/usr/bin/git config --local --unset includeif.gitdir:/github/workspace/.git/worktrees/*.path \/github\/runner_temp\/git\-credentials\-fab26e0b\-3473\-4273\-9692\-80fcb1ecca66\.config
2026-10-08T22:46:03.2208192Z [command]/usr/bin/git submodule foreach --recursive git config --local --show-origin --name-only --get-regexp remote.origin.url
2026-10-08T22:46:03.2358400Z Removing credentials config '/home/runner/work/_temp/git-credentials-fab26e0b-3473-4273-9692-80fcb1ecca66.config'
2026-10-08T22:46:03.2407490Z ##[endgroup]
2026-10-08T22:46:03.2720508Z ##[group]Run dtolnay/rust-toolchain@1.98.1
2026-10-08T22:46:03.2720715Z with:
2026-10-08T22:46:03.2720861Z env:
2026-10-08T22:46:03.2721009Z   CARGO_TERM_COLOR: always
2026-10-08T22:46:03.2721331Z   CARGO_INCREMENTAL: 0
2026-10-08T22:46:03.2721499Z   CARGO_PROFILE_DEV_DEBUG: 0
2026-10-08T22:46:03.2721675Z   CARGO_PROFILE_TEST_DEBUG: 0
2026-10-08T22:46:03.2721847Z   RUSTUP_TOOLCHAIN: 1.98.1
2026-10-08T22:46:03.2722059Z   CONDUIT_CHECKOUT_SHA: b1c5a2b281e07d97b621057f3c504d808f14a3ce
2026-10-08T22:46:03.2722291Z ##[endgroup]
2026-10-08T22:46:03.2771965Z ##[start-action display=Parse toolchain version;id=__dtolnay_rust-toolchain.parse]
2026-10-08T22:46:03.2823141Z ##[group]Run if [[ -z $toolchain ]]; then
2026-10-08T22:46:03.2823429Z [36;1mif [[ -z $toolchain ]]; then[0m
2026-10-08T22:46:03.2823792Z [36;1m  # GitHub does not enforce `required: true` inputs itself. https://github.com/actions/runner/issues/1070[0m
2026-10-08T22:46:03.2824441Z [36;1m  echo "'toolchain' is a required input" >&2[0m
2026-10-08T22:46:03.2824661Z [36;1m  exit 1[0m
2026-10-08T22:46:03.2824899Z [36;1melif [[ $toolchain =~ ^stable' '[0-9]+' '(year|month|week|day)s?' 'ago$ ]]; then[0m
2026-10-08T22:46:03.2825178Z [36;1m  if [[ Linux == macOS ]]; then[0m
2026-10-08T22:46:03.2825548Z [36;1m    echo "toolchain=1.$((($(date -v-$(sed 's/stable \([0-9]*\) \(.\).*/\1\2/' <<< $toolchain) +%s)/60/60/24-16569)/7/6))" >> $GITHUB_OUTPUT[0m
2026-10-08T22:46:03.2825886Z [36;1m  else[0m
2026-10-08T22:46:03.2826203Z [36;1m    echo "toolchain=1.$((($(date --date "${toolchain#stable }" +%s)/60/60/24-16569)/7/6))" >> $GITHUB_OUTPUT[0m
2026-10-08T22:46:03.2826502Z [36;1m  fi[0m
2026-10-08T22:46:03.2826716Z [36;1melif [[ $toolchain =~ ^stable' 'minus' '[0-9]+' 'releases?$ ]]; then[0m
2026-10-08T22:46:03.2827071Z [36;1m  echo "toolchain=1.$((($(date +%s)/60/60/24-16569)/7/6-${toolchain//[^0-9]/}))" >> $GITHUB_OUTPUT[0m
2026-10-08T22:46:03.2827385Z [36;1melif [[ $toolchain =~ ^1\.[0-9]+$ ]]; then[0m
2026-10-08T22:46:03.2827739Z [36;1m  echo "toolchain=1.$((i=${toolchain#1.}, c=($(date +%s)/60/60/24-16569)/7/6, i+9*i*(10*i<=c)+90*i*(100*i<=c)))" >> $GITHUB_OUTPUT[0m
2026-10-08T22:46:03.2828065Z [36;1melse[0m
2026-10-08T22:46:03.2828256Z [36;1m  echo "toolchain=$toolchain" >> $GITHUB_OUTPUT[0m
2026-10-08T22:46:03.2828462Z [36;1mfi[0m
2026-10-08T22:46:03.3246015Z shell: /usr/bin/bash --noprofile --norc -e -o pipefail {0}
2026-10-08T22:46:03.3246267Z env:
2026-10-08T22:46:03.3246424Z   CARGO_TERM_COLOR: always
2026-10-08T22:46:03.3246599Z   CARGO_INCREMENTAL: 0
2026-10-08T22:46:03.3246765Z   CARGO_PROFILE_DEV_DEBUG: 0
2026-10-08T22:46:03.3246940Z   CARGO_PROFILE_TEST_DEBUG: 0
2026-10-08T22:46:03.3247112Z   RUSTUP_TOOLCHAIN: 1.98.1
2026-10-08T22:46:03.3247326Z   CONDUIT_CHECKOUT_SHA: b1c5a2b281e07d97b621057f3c504d808f14a3ce
2026-10-08T22:46:03.3247562Z   toolchain: 1.98.1
2026-10-08T22:46:03.3247710Z ##[endgroup]
2026-10-08T22:46:03.3340609Z ##[end-action id=__dtolnay_rust-toolchain.parse;outcome=success;conclusion=success;duration_ms=56]
2026-10-08T22:46:03.3345600Z ##[start-action display=Construct rustup command line;id=__dtolnay_rust-toolchain.flags]
2026-10-08T22:46:03.3401411Z ##[group]Run echo "targets=$(for t in ${targets//,/ }; do echo -n ' --target' $t; done)" >> $GITHUB_OUTPUT
2026-10-08T22:46:03.3401862Z [36;1mecho "targets=$(for t in ${targets//,/ }; do echo -n ' --target' $t; done)" >> $GITHUB_OUTPUT[0m
2026-10-08T22:46:03.3402275Z [36;1mecho "components=$(for c in ${components//,/ }; do echo -n ' --component' $c; done)" >> $GITHUB_OUTPUT[0m
2026-10-08T22:46:03.3402601Z [36;1mecho "downgrade=" >> $GITHUB_OUTPUT[0m
2026-10-08T22:46:03.3428641Z shell: /usr/bin/bash --noprofile --norc -e -o pipefail {0}
2026-10-08T22:46:03.3428892Z env:
2026-10-08T22:46:03.3429044Z   CARGO_TERM_COLOR: always
2026-10-08T22:46:03.3429217Z   CARGO_INCREMENTAL: 0
2026-10-08T22:46:03.3429382Z   CARGO_PROFILE_DEV_DEBUG: 0
2026-10-08T22:46:03.3429559Z   CARGO_PROFILE_TEST_DEBUG: 0
2026-10-08T22:46:03.3429904Z   RUSTUP_TOOLCHAIN: 1.98.1
2026-10-08T22:46:03.3430141Z   CONDUIT_CHECKOUT_SHA: b1c5a2b281e07d97b621057f3c504d808f14a3ce
2026-10-08T22:46:03.3430375Z   targets: 
2026-10-08T22:46:03.3430523Z   components: 
2026-10-08T22:46:03.3430755Z ##[endgroup]
2026-10-08T22:46:03.3523385Z ##[end-action id=__dtolnay_rust-toolchain.flags;outcome=success;conclusion=success;duration_ms=17]
2026-10-08T22:46:03.3525303Z ##[start-action display=Set $CARGO_HOME;id=__dtolnay_rust-toolchain.__run]
2026-10-08T22:46:03.3600995Z ##[group]Run echo CARGO_HOME=${CARGO_HOME:-"$HOME/.cargo"} >> $GITHUB_ENV
2026-10-08T22:46:03.3601334Z [36;1mecho CARGO_HOME=${CARGO_HOME:-"$HOME/.cargo"} >> $GITHUB_ENV[0m
2026-10-08T22:46:03.3624006Z shell: /usr/bin/bash --noprofile --norc -e -o pipefail {0}
2026-10-08T22:46:03.3624535Z env:
2026-10-08T22:46:03.3624687Z   CARGO_TERM_COLOR: always
2026-10-08T22:46:03.3624862Z   CARGO_INCREMENTAL: 0
2026-10-08T22:46:03.3625034Z   CARGO_PROFILE_DEV_DEBUG: 0
2026-10-08T22:46:03.3625211Z   CARGO_PROFILE_TEST_DEBUG: 0
2026-10-08T22:46:03.3625397Z   RUSTUP_TOOLCHAIN: 1.98.1
2026-10-08T22:46:03.3625614Z   CONDUIT_CHECKOUT_SHA: b1c5a2b281e07d97b621057f3c504d808f14a3ce
2026-10-08T22:46:03.3625847Z ##[endgroup]
2026-10-08T22:46:03.3726336Z ##[end-action id=__dtolnay_rust-toolchain.__run;outcome=success;conclusion=success;duration_ms=20]
2026-10-08T22:46:03.3728007Z ##[start-action display=Install rustup if needed;id=__dtolnay_rust-toolchain.__run_2]
2026-10-08T22:46:03.3801509Z ##[group]Run if ! command -v rustup &>/dev/null; then
2026-10-08T22:46:03.3801869Z [36;1mif ! command -v rustup &>/dev/null; then[0m
2026-10-08T22:46:03.3802566Z [36;1m  curl --proto '=https' --tlsv1.2 --retry 10 --retry-connrefused --location --silent --show-error --fail https://sh.rustup.rs | sh -s -- --default-toolchain none -y[0m
2026-10-08T22:46:03.3803247Z [36;1m  echo "$CARGO_HOME/bin" >> $GITHUB_PATH[0m
2026-10-08T22:46:03.3803523Z [36;1mfi[0m
2026-10-08T22:46:03.3825976Z shell: /usr/bin/bash --noprofile --norc -e -o pipefail {0}
2026-10-08T22:46:03.3826231Z env:
2026-10-08T22:46:03.3826382Z   CARGO_TERM_COLOR: always
2026-10-08T22:46:03.3826556Z   CARGO_INCREMENTAL: 0
2026-10-08T22:46:03.3826718Z   CARGO_PROFILE_DEV_DEBUG: 0
2026-10-08T22:46:03.3826893Z   CARGO_PROFILE_TEST_DEBUG: 0
2026-10-08T22:46:03.3827140Z   RUSTUP_TOOLCHAIN: 1.98.1
2026-10-08T22:46:03.3827419Z   CONDUIT_CHECKOUT_SHA: b1c5a2b281e07d97b621057f3c504d808f14a3ce
2026-10-08T22:46:03.3827821Z   CARGO_HOME: /home/runner/.cargo
2026-10-08T22:46:03.3828059Z ##[endgroup]
2026-10-08T22:46:03.3916879Z ##[end-action id=__dtolnay_rust-toolchain.__run_2;outcome=success;conclusion=success;duration_ms=18]
2026-10-08T22:46:03.3918861Z ##[start-action display=Install rustup if needed on windows;id=__dtolnay_rust-toolchain.__run_3]
2026-10-08T22:46:03.3923836Z ##[end-action id=__dtolnay_rust-toolchain.__run_3;outcome=skipped;conclusion=skipped;duration_ms=0]
2026-10-08T22:46:03.3932193Z ##[start-action display=rustup toolchain install 1.98.1;id=__dtolnay_rust-toolchain.__run_4]
2026-10-08T22:46:03.4002137Z ##[group]Run log=$(mktemp)
2026-10-08T22:46:03.4002422Z [36;1mlog=$(mktemp)[0m
2026-10-08T22:46:03.4002684Z [36;1mtrap 'rm -f "$log"' EXIT[0m
2026-10-08T22:46:03.4002935Z [36;1mfor attempt in 1 2 3 4 5; do[0m
2026-10-08T22:46:03.4003370Z [36;1m  if rustup toolchain install 1.98.1 --profile minimal --no-self-update --force-non-host 2>&1 | tee "$log"; then[0m
2026-10-08T22:46:03.4003769Z [36;1m    break[0m
2026-10-08T22:46:03.4004017Z [36;1m  else[0m
2026-10-08T22:46:03.4004470Z [36;1m    status=$?[0m
2026-10-08T22:46:03.4004693Z [36;1m  fi[0m
2026-10-08T22:46:03.4004979Z [36;1m  if [[ $attempt == 5 ]] || ! grep -Fq 'checksum failed for ' "$log" \[0m
2026-10-08T22:46:03.4005410Z [36;1m      || ! grep -Fq 'this is likely due to an ongoing update of the official release server' "$log"; then[0m
2026-10-08T22:46:03.4005776Z [36;1m    exit "$status"[0m
2026-10-08T22:46:03.4006086Z [36;1m  fi[0m
2026-10-08T22:46:03.4006532Z [36;1m  echo "Retrying rustup toolchain install in 30 seconds (retry $attempt of 4)" >&2[0m
2026-10-08T22:46:03.4006925Z [36;1m  sleep 30[0m
2026-10-08T22:46:03.4007138Z [36;1mdone[0m
2026-10-08T22:46:03.4028815Z shell: /usr/bin/bash --noprofile --norc -e -o pipefail {0}
2026-10-08T22:46:03.4029222Z env:
2026-10-08T22:46:03.4029451Z   CARGO_TERM_COLOR: always
2026-10-08T22:46:03.4029714Z   CARGO_INCREMENTAL: 0
2026-10-08T22:46:03.4029939Z   CARGO_PROFILE_DEV_DEBUG: 0
2026-10-08T22:46:03.4030196Z   CARGO_PROFILE_TEST_DEBUG: 0
2026-10-08T22:46:03.4030434Z   RUSTUP_TOOLCHAIN: 1.98.1
2026-10-08T22:46:03.4030708Z   CONDUIT_CHECKOUT_SHA: b1c5a2b281e07d97b621057f3c504d808f14a3ce
2026-10-08T22:46:03.4031044Z   CARGO_HOME: /home/runner/.cargo
2026-10-08T22:46:03.4031309Z   RUSTUP_PERMIT_COPY_RENAME: 1
2026-10-08T22:46:03.4031567Z ##[endgroup]
2026-10-08T22:46:03.4487499Z info: syncing channel updates for 1.98.1-x86_64-unknown-linux-gnu
2026-10-08T22:46:03.7118031Z info: latest update on 2026-09-03 for version 1.98.1 (48a229cea 2026-09-01)
2026-10-08T22:46:03.7118417Z info: downloading 3 components
2026-10-08T22:46:10.8847740Z 
2026-10-08T22:46:10.8914335Z   1.98.1-x86_64-unknown-linux-gnu installed - rustc 1.98.1 (48a229cea 2026-09-01)
2026-10-08T22:46:10.8914847Z 
2026-10-08T22:46:11.0065515Z ##[end-action id=__dtolnay_rust-toolchain.__run_4;outcome=success;conclusion=success;duration_ms=7613]
2026-10-08T22:46:11.0072180Z ##[start-action display=rustup default 1.98.1;id=__dtolnay_rust-toolchain.__run_5]
2026-10-08T22:46:11.1148911Z ##[group]Run rustup default 1.98.1 --force-non-host
2026-10-08T22:46:11.1149415Z [36;1mrustup default 1.98.1 --force-non-host[0m
2026-10-08T22:46:11.1192689Z shell: /usr/bin/bash --noprofile --norc -e -o pipefail {0}
2026-10-08T22:46:11.1193136Z env:
2026-10-08T22:46:11.1193440Z   CARGO_TERM_COLOR: always
2026-10-08T22:46:11.1193818Z   CARGO_INCREMENTAL: 0
2026-10-08T22:46:11.1194361Z   CARGO_PROFILE_DEV_DEBUG: 0
2026-10-08T22:46:11.1194727Z   CARGO_PROFILE_TEST_DEBUG: 0
2026-10-08T22:46:11.1195065Z   RUSTUP_TOOLCHAIN: 1.98.1
2026-10-08T22:46:11.1195474Z   CONDUIT_CHECKOUT_SHA: b1c5a2b281e07d97b621057f3c504d808f14a3ce
2026-10-08T22:46:11.1195929Z   CARGO_HOME: /home/runner/.cargo
2026-10-08T22:46:11.1196283Z ##[endgroup]
2026-10-08T22:46:11.2401413Z info: using existing install for 1.98.1-x86_64-unknown-linux-gnu
2026-10-08T22:46:11.4036093Z info: default toolchain set to 1.98.1-x86_64-unknown-linux-gnu
2026-10-08T22:46:11.4036410Z 
2026-10-08T22:46:11.4099971Z info: note that the toolchain '1.98.1-x86_64-unknown-linux-gnu' is currently in use (overridden by environment variable RUSTUP_TOOLCHAIN)
2026-10-08T22:46:11.4100521Z   1.98.1-x86_64-unknown-linux-gnu unchanged - rustc 1.98.1 (48a229cea 2026-09-01)
2026-10-08T22:46:11.4100862Z 
2026-10-08T22:46:11.4111902Z ##[end-action id=__dtolnay_rust-toolchain.__run_5;outcome=success;conclusion=success;duration_ms=403]
2026-10-08T22:46:11.4114413Z ##[start-action display=Create cachekey;id=__dtolnay_rust-toolchain.rustc-version]
2026-10-08T22:46:11.4162458Z ##[group]Run DATE=$(rustc +1.98.1 --version --verbose | sed -ne 's/^commit-date: \(20[0-9][0-9]\)-\([01][0-9]\)-\([0-3][0-9]\)$/\1\2\3/p')
2026-10-08T22:46:11.4163232Z [36;1mDATE=$(rustc +1.98.1 --version --verbose | sed -ne 's/^commit-date: \(20[0-9][0-9]\)-\([01][0-9]\)-\([0-3][0-9]\)$/\1\2\3/p')[0m
2026-10-08T22:46:11.4163775Z [36;1mHASH=$(rustc +1.98.1 --version --verbose | sed -ne 's/^commit-hash: //p')[0m
2026-10-08T22:46:11.4164392Z [36;1mecho "cachekey=$(echo $DATE$HASH | head -c12)" >> $GITHUB_OUTPUT[0m
2026-10-08T22:46:11.4193825Z shell: /usr/bin/bash --noprofile --norc -e -o pipefail {0}
2026-10-08T22:46:11.4194314Z env:
2026-10-08T22:46:11.4194598Z   CARGO_TERM_COLOR: always
2026-10-08T22:46:11.4194841Z   CARGO_INCREMENTAL: 0
2026-10-08T22:46:11.4195098Z   CARGO_PROFILE_DEV_DEBUG: 0
2026-10-08T22:46:11.4195356Z   CARGO_PROFILE_TEST_DEBUG: 0
2026-10-08T22:46:11.4195607Z   RUSTUP_TOOLCHAIN: 1.98.1
2026-10-08T22:46:11.4195903Z   CONDUIT_CHECKOUT_SHA: b1c5a2b281e07d97b621057f3c504d808f14a3ce
2026-10-08T22:46:11.4196386Z   CARGO_HOME: /home/runner/.cargo
2026-10-08T22:46:11.4196652Z ##[endgroup]
2026-10-08T22:46:11.4445753Z ##[end-action id=__dtolnay_rust-toolchain.rustc-version;outcome=success;conclusion=success;duration_ms=33]
2026-10-08T22:46:11.4447988Z ##[start-action display=Disable incremental compilation;id=__dtolnay_rust-toolchain.__run_6]
2026-10-08T22:46:11.4469390Z ##[group]Run if [ -z "${CARGO_INCREMENTAL+set}" ]; then
2026-10-08T22:46:11.4469718Z [36;1mif [ -z "${CARGO_INCREMENTAL+set}" ]; then[0m
2026-10-08T22:46:11.4470035Z [36;1m  echo CARGO_INCREMENTAL=0 >> $GITHUB_ENV[0m
2026-10-08T22:46:11.4470317Z [36;1mfi[0m
2026-10-08T22:46:11.4493371Z shell: /usr/bin/bash --noprofile --norc -e -o pipefail {0}
2026-10-08T22:46:11.4493669Z env:
2026-10-08T22:46:11.4493936Z   CARGO_TERM_COLOR: always
2026-10-08T22:46:11.4494348Z   CARGO_INCREMENTAL: 0
2026-10-08T22:46:11.4494646Z   CARGO_PROFILE_DEV_DEBUG: 0
2026-10-08T22:46:11.4494929Z   CARGO_PROFILE_TEST_DEBUG: 0
2026-10-08T22:46:11.4495164Z   RUSTUP_TOOLCHAIN: 1.98.1
2026-10-08T22:46:11.4495499Z   CONDUIT_CHECKOUT_SHA: b1c5a2b281e07d97b621057f3c504d808f14a3ce
2026-10-08T22:46:11.4495813Z   CARGO_HOME: /home/runner/.cargo
2026-10-08T22:46:11.4496059Z ##[endgroup]
2026-10-08T22:46:11.4537934Z ##[end-action id=__dtolnay_rust-toolchain.__run_6;outcome=success;conclusion=success;duration_ms=8]
2026-10-08T22:46:11.4539883Z ##[start-action display=Enable colors in Cargo output;id=__dtolnay_rust-toolchain.__run_7]
2026-10-08T22:46:11.4556169Z ##[group]Run if [ -z "${CARGO_TERM_COLOR+set}" ]; then
2026-10-08T22:46:11.4556491Z [36;1mif [ -z "${CARGO_TERM_COLOR+set}" ]; then[0m
2026-10-08T22:46:11.4556789Z [36;1m  echo CARGO_TERM_COLOR=always >> $GITHUB_ENV[0m
2026-10-08T22:46:11.4557075Z [36;1mfi[0m
2026-10-08T22:46:11.4578983Z shell: /usr/bin/bash --noprofile --norc -e -o pipefail {0}
2026-10-08T22:46:11.4579308Z env:
2026-10-08T22:46:11.4579530Z   CARGO_TERM_COLOR: always
2026-10-08T22:46:11.4579807Z   CARGO_INCREMENTAL: 0
2026-10-08T22:46:11.4580072Z   CARGO_PROFILE_DEV_DEBUG: 0
2026-10-08T22:46:11.4580323Z   CARGO_PROFILE_TEST_DEBUG: 0
2026-10-08T22:46:11.4580567Z   RUSTUP_TOOLCHAIN: 1.98.1
2026-10-08T22:46:11.4580864Z   CONDUIT_CHECKOUT_SHA: b1c5a2b281e07d97b621057f3c504d808f14a3ce
2026-10-08T22:46:11.4581203Z   CARGO_HOME: /home/runner/.cargo
2026-10-08T22:46:11.4581456Z ##[endgroup]
2026-10-08T22:46:11.4621548Z ##[end-action id=__dtolnay_rust-toolchain.__run_7;outcome=success;conclusion=success;duration_ms=8]
2026-10-08T22:46:11.4623590Z ##[start-action display=Enable Cargo sparse registry;id=__dtolnay_rust-toolchain.__run_8]
2026-10-08T22:46:11.4641984Z ##[group]Run # implemented in 1.66, stabilized in 1.68, made default in 1.70
2026-10-08T22:46:11.4642674Z [36;1m# implemented in 1.66, stabilized in 1.68, made default in 1.70[0m
2026-10-08T22:46:11.4643208Z [36;1mif [ -z "${CARGO_REGISTRIES_CRATES_IO_PROTOCOL+set}" -o -f "/home/runner/work/_temp"/.implicit_cargo_registries_crates_io_protocol ]; then[0m
2026-10-08T22:46:11.4643771Z [36;1m  if rustc +1.98.1 --version --verbose | grep -q '^release: 1\.6[89]\.'; then[0m
2026-10-08T22:46:11.4644380Z [36;1m    touch "/home/runner/work/_temp"/.implicit_cargo_registries_crates_io_protocol || true[0m
2026-10-08T22:46:11.4644860Z [36;1m    echo CARGO_REGISTRIES_CRATES_IO_PROTOCOL=sparse >> $GITHUB_ENV[0m
2026-10-08T22:46:11.4645315Z [36;1m  elif rustc +1.98.1 --version --verbose | grep -q '^release: 1\.6[67]\.'; then[0m
2026-10-08T22:46:11.4645889Z [36;1m    touch "/home/runner/work/_temp"/.implicit_cargo_registries_crates_io_protocol || true[0m
2026-10-08T22:46:11.4646322Z [36;1m    echo CARGO_REGISTRIES_CRATES_IO_PROTOCOL=git >> $GITHUB_ENV[0m
2026-10-08T22:46:11.4646628Z [36;1m  fi[0m
2026-10-08T22:46:11.4646837Z [36;1mfi[0m
2026-10-08T22:46:11.4668007Z shell: /usr/bin/bash --noprofile --norc -e -o pipefail {0}
2026-10-08T22:46:11.4668348Z env:
2026-10-08T22:46:11.4668598Z   CARGO_TERM_COLOR: always
2026-10-08T22:46:11.4668871Z   CARGO_INCREMENTAL: 0
2026-10-08T22:46:11.4669118Z   CARGO_PROFILE_DEV_DEBUG: 0
2026-10-08T22:46:11.4669461Z   CARGO_PROFILE_TEST_DEBUG: 0
2026-10-08T22:46:11.4669911Z   RUSTUP_TOOLCHAIN: 1.98.1
2026-10-08T22:46:11.4670217Z   CONDUIT_CHECKOUT_SHA: b1c5a2b281e07d97b621057f3c504d808f14a3ce
2026-10-08T22:46:11.4670520Z   CARGO_HOME: /home/runner/.cargo
2026-10-08T22:46:11.4670871Z ##[endgroup]
2026-10-08T22:46:11.4885269Z ##[end-action id=__dtolnay_rust-toolchain.__run_8;outcome=success;conclusion=success;duration_ms=26]
2026-10-08T22:46:11.4887235Z ##[start-action display=Work around spurious network errors in curl 8.0;id=__dtolnay_rust-toolchain.__run_9]
2026-10-08T22:46:11.4906899Z ##[group]Run # https://rust-lang.zulipchat.com/#narrow/stream/246057-t-cargo/topic/timeout.20investigation
2026-10-08T22:46:11.4907466Z [36;1m# https://rust-lang.zulipchat.com/#narrow/stream/246057-t-cargo/topic/timeout.20investigation[0m
2026-10-08T22:46:11.4908000Z [36;1mif rustc +1.98.1 --version --verbose | grep -q '^release: 1\.7[01]\.'; then[0m
2026-10-08T22:46:11.4908388Z [36;1m  echo CARGO_HTTP_MULTIPLEXING=false >> $GITHUB_ENV[0m
2026-10-08T22:46:11.4908678Z [36;1mfi[0m
2026-10-08T22:46:11.4930162Z shell: /usr/bin/bash --noprofile --norc -e -o pipefail {0}
2026-10-08T22:46:11.4930559Z env:
2026-10-08T22:46:11.4930780Z   CARGO_TERM_COLOR: always
2026-10-08T22:46:11.4931029Z   CARGO_INCREMENTAL: 0
2026-10-08T22:46:11.4931281Z   CARGO_PROFILE_DEV_DEBUG: 0
2026-10-08T22:46:11.4931527Z   CARGO_PROFILE_TEST_DEBUG: 0
2026-10-08T22:46:11.4931793Z   RUSTUP_TOOLCHAIN: 1.98.1
2026-10-08T22:46:11.4932111Z   CONDUIT_CHECKOUT_SHA: b1c5a2b281e07d97b621057f3c504d808f14a3ce
2026-10-08T22:46:11.4932424Z   CARGO_HOME: /home/runner/.cargo
2026-10-08T22:46:11.4932676Z ##[endgroup]
2026-10-08T22:46:11.5053933Z ##[end-action id=__dtolnay_rust-toolchain.__run_9;outcome=success;conclusion=success;duration_ms=16]
2026-10-08T22:46:11.5057000Z ##[start-action display=rustc +1.98.1 --version --verbose;id=__dtolnay_rust-toolchain.__run_10]
2026-10-08T22:46:11.5073374Z ##[group]Run rustc +1.98.1 --version --verbose
2026-10-08T22:46:11.5073688Z [36;1mrustc +1.98.1 --version --verbose[0m
2026-10-08T22:46:11.5095234Z shell: /usr/bin/bash --noprofile --norc -e -o pipefail {0}
2026-10-08T22:46:11.5095562Z env:
2026-10-08T22:46:11.5095775Z   CARGO_TERM_COLOR: always
2026-10-08T22:46:11.5096016Z   CARGO_INCREMENTAL: 0
2026-10-08T22:46:11.5096302Z   CARGO_PROFILE_DEV_DEBUG: 0
2026-10-08T22:46:11.5096537Z   CARGO_PROFILE_TEST_DEBUG: 0
2026-10-08T22:46:11.5096770Z   RUSTUP_TOOLCHAIN: 1.98.1
2026-10-08T22:46:11.5097051Z   CONDUIT_CHECKOUT_SHA: b1c5a2b281e07d97b621057f3c504d808f14a3ce
2026-10-08T22:46:11.5097344Z   CARGO_HOME: /home/runner/.cargo
2026-10-08T22:46:11.5097605Z ##[endgroup]
2026-10-08T22:46:11.5203511Z rustc 1.98.1 (48a229cea 2026-09-01)
2026-10-08T22:46:11.5204041Z binary: rustc
2026-10-08T22:46:11.5204702Z commit-hash: 48a229ceaefd4985c50990b14116b6d856af0985
2026-10-08T22:46:11.5205179Z commit-date: 2026-09-01
2026-10-08T22:46:11.5205600Z host: x86_64-unknown-linux-gnu
2026-10-08T22:46:11.5205985Z release: 1.98.1
2026-10-08T22:46:11.5206411Z LLVM version: 22.1.8
2026-10-08T22:46:11.5216096Z ##[end-action id=__dtolnay_rust-toolchain.__run_10;outcome=success;conclusion=success;duration_ms=15]
2026-10-08T22:46:11.5292503Z ##[group]Run actions/setup-node@v7.0.0
2026-10-08T22:46:11.5292799Z with:
2026-10-08T22:46:11.5293037Z   node-version: 22
2026-10-08T22:46:11.5293298Z   check-latest: false
2026-10-08T22:46:11.5295510Z   token: ***
2026-10-08T22:46:11.5295776Z   package-manager-cache: true
2026-10-08T22:46:11.5296033Z env:
2026-10-08T22:46:11.5296269Z   CARGO_TERM_COLOR: always
2026-10-08T22:46:11.5296522Z   CARGO_INCREMENTAL: 0
2026-10-08T22:46:11.5296799Z   CARGO_PROFILE_DEV_DEBUG: 0
2026-10-08T22:46:11.5297072Z   CARGO_PROFILE_TEST_DEBUG: 0
2026-10-08T22:46:11.5297323Z   RUSTUP_TOOLCHAIN: 1.98.1
2026-10-08T22:46:11.5297631Z   CONDUIT_CHECKOUT_SHA: b1c5a2b281e07d97b621057f3c504d808f14a3ce
2026-10-08T22:46:11.5297968Z   CARGO_HOME: /home/runner/.cargo
2026-10-08T22:46:11.5298236Z ##[endgroup]
2026-10-08T22:46:11.6249731Z Found in cache @ /opt/hostedtoolcache/node/22.23.3/x64
2026-10-08T22:46:11.6252183Z ##[group]Environment details
2026-10-08T22:46:11.9602376Z node: v22.23.3
2026-10-08T22:46:11.9603136Z npm: 10.9.9
2026-10-08T22:46:11.9603422Z yarn: 1.22.22
2026-10-08T22:46:11.9604811Z ##[endgroup]
2026-10-08T22:46:11.9745278Z ##[group]Run Swatinem/rust-cache@v2
2026-10-08T22:46:11.9745598Z with:
2026-10-08T22:46:11.9745896Z   key: target-browser
2026-10-08T22:46:11.9746185Z   prefix-key: conduit-compiler-v1
2026-10-08T22:46:11.9746568Z   cache-targets: false
2026-10-08T22:46:11.9746939Z   cache-directories: target/debug
target/release
target/*-unknown-*

2026-10-08T22:46:11.9747326Z   cache-on-failure: false
2026-10-08T22:46:11.9747610Z   add-job-id-key: true
2026-10-08T22:46:11.9747890Z   add-rust-environment-hash-key: true
2026-10-08T22:46:11.9748238Z   cache-all-crates: false
2026-10-08T22:46:11.9748552Z   cache-workspace-crates: false
2026-10-08T22:46:11.9748826Z   save-if: true
2026-10-08T22:46:11.9749108Z   cache-provider: github
2026-10-08T22:46:11.9749400Z   cache-bin: true
2026-10-08T22:46:11.9749657Z   lookup-only: false
2026-10-08T22:46:11.9749930Z   cmd-format: {0}
2026-10-08T22:46:11.9750153Z env:
2026-10-08T22:46:11.9750406Z   CARGO_TERM_COLOR: always
2026-10-08T22:46:11.9750767Z   CARGO_INCREMENTAL: 0
2026-10-08T22:46:11.9751142Z   CARGO_PROFILE_DEV_DEBUG: 0
2026-10-08T22:46:11.9751428Z   CARGO_PROFILE_TEST_DEBUG: 0
2026-10-08T22:46:11.9751698Z   RUSTUP_TOOLCHAIN: 1.98.1
2026-10-08T22:46:11.9752021Z   CONDUIT_CHECKOUT_SHA: b1c5a2b281e07d97b621057f3c504d808f14a3ce
2026-10-08T22:46:11.9752382Z   CARGO_HOME: /home/runner/.cargo
2026-10-08T22:46:11.9752753Z ##[endgroup]
2026-10-08T22:46:12.7372722Z ##[group]Cache Configuration
2026-10-08T22:46:12.7377203Z Cache Provider:
2026-10-08T22:46:12.7377522Z     github
2026-10-08T22:46:12.7377722Z Workspaces:
2026-10-08T22:46:12.7378028Z     /home/runner/work/conduit/conduit
2026-10-08T22:46:12.7378286Z Cache Paths:
2026-10-08T22:46:12.7378517Z     /home/runner/.cargo/bin
2026-10-08T22:46:12.7379054Z     /home/runner/.cargo/.crates.toml
2026-10-08T22:46:12.7379373Z     /home/runner/.cargo/.crates2.json
2026-10-08T22:46:12.7379807Z     /home/runner/.cargo/registry
2026-10-08T22:46:12.7380184Z     /home/runner/.cargo/git
2026-10-08T22:46:12.7380623Z     target/debug
2026-10-08T22:46:12.7380964Z     target/release
2026-10-08T22:46:12.7381352Z     target/*-unknown-*
2026-10-08T22:46:12.7381745Z Restore Key:
2026-10-08T22:46:12.7382120Z     conduit-compiler-v1-target-browser-target-Linux-x64-2f443374
2026-10-08T22:46:12.7382465Z Cache Key:
2026-10-08T22:46:12.7382809Z     conduit-compiler-v1-target-browser-target-Linux-x64-2f443374-b8a65865
2026-10-08T22:46:12.7383183Z .. Prefix:
2026-10-08T22:46:12.7383540Z   - conduit-compiler-v1-target-browser-target-Linux-x64
2026-10-08T22:46:12.7383926Z .. Environment considered:
2026-10-08T22:46:12.7384443Z   - Rust Versions:
2026-10-08T22:46:12.7385400Z     - 1.98.1 x86_64-unknown-linux-gnu 48a229ceaefd4985c50990b14116b6d856af0985
2026-10-08T22:46:12.7386394Z     - 1.99.0 x86_64-unknown-linux-gnu b940084d7eb6a299eb4bfeb8e34901bc051e7ac4
2026-10-08T22:46:12.7387046Z   - CARGO_HOME
2026-10-08T22:46:12.7387542Z   - CARGO_INCREMENTAL
2026-10-08T22:46:12.7387971Z   - CARGO_PROFILE_DEV_DEBUG
2026-10-08T22:46:12.7388331Z   - CARGO_PROFILE_TEST_DEBUG
2026-10-08T22:46:12.7388612Z   - CARGO_TERM_COLOR
2026-10-08T22:46:12.7388861Z   - RUSTUP_TOOLCHAIN
2026-10-08T22:46:12.7389198Z .. Lockfiles considered:
2026-10-08T22:46:12.7389572Z   - /home/runner/work/conduit/conduit/.cargo/config.toml
2026-10-08T22:46:12.7389976Z   - /home/runner/work/conduit/conduit/architecture/assigned-plan/Cargo.toml
2026-10-08T22:46:12.7390371Z   - /home/runner/work/conduit/conduit/architecture/body/Cargo.toml
2026-10-08T22:46:12.7390762Z   - /home/runner/work/conduit/conduit/architecture/composite/Cargo.toml
2026-10-08T22:46:12.7391156Z   - /home/runner/work/conduit/conduit/architecture/core/Cargo.toml
2026-10-08T22:46:12.7391558Z   - /home/runner/work/conduit/conduit/architecture/kernel/Cargo.toml
2026-10-08T22:46:12.7391970Z   - /home/runner/work/conduit/conduit/architecture/observatory/Cargo.toml
2026-10-08T22:46:12.7392404Z   - /home/runner/work/conduit/conduit/architecture/plan-lowering/Cargo.toml
2026-10-08T22:46:12.7393168Z   - /home/runner/work/conduit/conduit/architecture/planner/Cargo.toml
2026-10-08T22:46:12.7393540Z   - /home/runner/work/conduit/conduit/architecture/plot/Cargo.toml
2026-10-08T22:46:12.7393925Z   - /home/runner/work/conduit/conduit/architecture/protected-line/Cargo.toml
2026-10-08T22:46:12.7394433Z   - /home/runner/work/conduit/conduit/architecture/wire/Cargo.toml
2026-10-08T22:46:12.7394797Z   - /home/runner/work/conduit/conduit/bodies/pete/Cargo.toml
2026-10-08T22:46:12.7395132Z   - /home/runner/work/conduit/conduit/Cargo.lock
2026-10-08T22:46:12.7395446Z   - /home/runner/work/conduit/conduit/make/body/Cargo.toml
2026-10-08T22:46:12.7395790Z   - /home/runner/work/conduit/conduit/make/embedded-build/Cargo.toml
2026-10-08T22:46:12.7396161Z   - /home/runner/work/conduit/conduit/make/host/Cargo.toml
2026-10-08T22:46:12.7396508Z   - /home/runner/work/conduit/conduit/make/workspace/Cargo.toml
2026-10-08T22:46:12.7396908Z   - /home/runner/work/conduit/conduit/mechanisms/devices/create-oi/Cargo.toml
2026-10-08T22:46:12.7397330Z   - /home/runner/work/conduit/conduit/mechanisms/devices/mpu6050/Cargo.toml
2026-10-08T22:46:12.7397716Z   - /home/runner/work/conduit/conduit/mechanisms/devices/ssd1306/Cargo.toml
2026-10-08T22:46:12.7398154Z   - /home/runner/work/conduit/conduit/mechanisms/implementations/burn-model/Cargo.toml
2026-10-08T22:46:12.7398691Z   - /home/runner/work/conduit/conduit/mechanisms/implementations/emergency-keyword-spotter/Cargo.toml
2026-10-08T22:46:12.7399228Z   - /home/runner/work/conduit/conduit/mechanisms/implementations/linear-framebuffer-make/Cargo.toml
2026-10-08T22:46:12.7399710Z   - /home/runner/work/conduit/conduit/mechanisms/implementations/synth/Cargo.toml
2026-10-08T22:46:12.7400135Z   - /home/runner/work/conduit/conduit/mechanisms/protocols/bluetooth/Cargo.toml
2026-10-08T22:46:12.7400641Z   - /home/runner/work/conduit/conduit/mechanisms/protocols/midi/Cargo.toml
2026-10-08T22:46:12.7401004Z   - /home/runner/work/conduit/conduit/plots/birth/Cargo.toml
2026-10-08T22:46:12.7401392Z   - /home/runner/work/conduit/conduit/plots/little-seismograph/fixture/Cargo.toml
2026-10-08T22:46:12.7401819Z   - /home/runner/work/conduit/conduit/plots/patchbay/application/Cargo.toml
2026-10-08T22:46:12.7402195Z   - /home/runner/work/conduit/conduit/plots/patchbay/Cargo.toml
2026-10-08T22:46:12.7402605Z   - /home/runner/work/conduit/conduit/plots/patchbay/graph/Cargo.toml
2026-10-08T22:46:12.7403023Z   - /home/runner/work/conduit/conduit/plots/patchbay/workbench/host-contract/Cargo.toml
2026-10-08T22:46:12.7403469Z   - /home/runner/work/conduit/conduit/plots/patchbay/workbench/model/Cargo.toml
2026-10-08T22:46:12.7403901Z   - /home/runner/work/conduit/conduit/plots/patchbay/workbench/svg-mask/Cargo.toml
2026-10-08T22:46:12.7404405Z   - /home/runner/work/conduit/conduit/plots/todo/face/Cargo.toml
2026-10-08T22:46:12.7404790Z   - /home/runner/work/conduit/conduit/plots/todo/model/Cargo.toml
2026-10-08T22:46:12.7405125Z   - /home/runner/work/conduit/conduit/plots/tour/Cargo.toml
2026-10-08T22:46:12.7405477Z   - /home/runner/work/conduit/conduit/products/conduit/Cargo.toml
2026-10-08T22:46:12.7405885Z   - /home/runner/work/conduit/conduit/proof/conformance/alife-distributed/Cargo.toml
2026-10-08T22:46:12.7406351Z   - /home/runner/work/conduit/conduit/proof/conformance/body-lifecycle/Cargo.toml
2026-10-08T22:46:12.7406804Z   - /home/runner/work/conduit/conduit/proof/conformance/network-r1/Cargo.toml
2026-10-08T22:46:12.7407231Z   - /home/runner/work/conduit/conduit/proof/conformance/patchbay-workbench/Cargo.toml
2026-10-08T22:46:12.7407677Z   - /home/runner/work/conduit/conduit/proof/conformance/pete-workload/Cargo.toml
2026-10-08T22:46:12.7408119Z   - /home/runner/work/conduit/conduit/proof/conformance/signal/Cargo.toml
2026-10-08T22:46:12.7408540Z   - /home/runner/work/conduit/conduit/proof/fixtures/rp2040-pio-audio-extension/Cargo.toml
2026-10-08T22:46:12.7408981Z   - /home/runner/work/conduit/conduit/rust-toolchain.toml
2026-10-08T22:46:12.7409315Z   - /home/runner/work/conduit/conduit/semantics/ai/Cargo.toml
2026-10-08T22:46:12.7409797Z   - /home/runner/work/conduit/conduit/semantics/alife/Cargo.toml
2026-10-08T22:46:12.7410181Z   - /home/runner/work/conduit/conduit/semantics/audio/Cargo.toml
2026-10-08T22:46:12.7410560Z   - /home/runner/work/conduit/conduit/semantics/body-invitation/Cargo.toml
2026-10-08T22:46:12.7411008Z   - /home/runner/work/conduit/conduit/semantics/catalog/Cargo.toml
2026-10-08T22:46:12.7411375Z   - /home/runner/work/conduit/conduit/semantics/chat/Cargo.toml
2026-10-08T22:46:12.7411772Z   - /home/runner/work/conduit/conduit/semantics/data/Cargo.toml
2026-10-08T22:46:12.7412144Z   - /home/runner/work/conduit/conduit/semantics/education/Cargo.toml
2026-10-08T22:46:12.7412527Z   - /home/runner/work/conduit/conduit/semantics/finance/Cargo.toml
2026-10-08T22:46:12.7412907Z   - /home/runner/work/conduit/conduit/semantics/home/Cargo.toml
2026-10-08T22:46:12.7413267Z   - /home/runner/work/conduit/conduit/semantics/human/Cargo.toml
2026-10-08T22:46:12.7413680Z   - /home/runner/work/conduit/conduit/semantics/language/Cargo.toml
2026-10-08T22:46:12.7414053Z   - /home/runner/work/conduit/conduit/semantics/net/Cargo.toml
2026-10-08T22:46:12.7414819Z   - /home/runner/work/conduit/conduit/semantics/plot-library/Cargo.toml
2026-10-08T22:46:12.7415358Z   - /home/runner/work/conduit/conduit/semantics/presentation/Cargo.toml
2026-10-08T22:46:12.7415850Z   - /home/runner/work/conduit/conduit/semantics/process/Cargo.toml
2026-10-08T22:46:12.7416301Z   - /home/runner/work/conduit/conduit/semantics/purpose/Cargo.toml
2026-10-08T22:46:12.7416810Z   - /home/runner/work/conduit/conduit/semantics/robotics/Cargo.toml
2026-10-08T22:46:12.7417287Z   - /home/runner/work/conduit/conduit/semantics/signal/Cargo.toml
2026-10-08T22:46:12.7417707Z   - /home/runner/work/conduit/conduit/semantics/speech/Cargo.toml
2026-10-08T22:46:12.7418234Z   - /home/runner/work/conduit/conduit/semantics/system-continuity/Cargo.toml
2026-10-08T22:46:12.7418756Z   - /home/runner/work/conduit/conduit/semantics/text/Cargo.toml
2026-10-08T22:46:12.7419200Z   - /home/runner/work/conduit/conduit/semantics/time/Cargo.toml
2026-10-08T22:46:12.7419556Z   - /home/runner/work/conduit/conduit/semantics/tongues/Cargo.toml
2026-10-08T22:46:12.7420032Z   - /home/runner/work/conduit/conduit/semantics/tutorial/Cargo.toml
2026-10-08T22:46:12.7420430Z   - /home/runner/work/conduit/conduit/semantics/web/Cargo.toml
2026-10-08T22:46:12.7420877Z   - /home/runner/work/conduit/conduit/targets/avr/firmware/promicro-host/.cargo/config.toml
2026-10-08T22:46:12.7421433Z   - /home/runner/work/conduit/conduit/targets/avr/firmware/promicro-host/rust-toolchain.toml
2026-10-08T22:46:12.7421846Z   - /home/runner/work/conduit/conduit/targets/avr/make/Cargo.toml
2026-10-08T22:46:12.7422275Z   - /home/runner/work/conduit/conduit/targets/browser/host/Cargo.toml
2026-10-08T22:46:12.7422733Z   - /home/runner/work/conduit/conduit/targets/browser/make/Cargo.toml
2026-10-08T22:46:12.7423144Z   - /home/runner/work/conduit/conduit/targets/browser/mask-offer/Cargo.toml
2026-10-08T22:46:12.7423596Z   - /home/runner/work/conduit/conduit/targets/browser/patchbay-workbench/Cargo.toml
2026-10-08T22:46:12.7424005Z   - /home/runner/work/conduit/conduit/targets/browser/runtime/Cargo.toml
2026-10-08T22:46:12.7424578Z   - /home/runner/work/conduit/conduit/targets/conduitos/Cargo.toml
2026-10-08T22:46:12.7424955Z   - /home/runner/work/conduit/conduit/targets/conduitos/make/Cargo.toml
2026-10-08T22:46:12.7425361Z   - /home/runner/work/conduit/conduit/targets/conduitos/mask-offer/Cargo.toml
2026-10-08T22:46:12.7425817Z   - /home/runner/work/conduit/conduit/targets/esp32/firmware/c3-signal/.cargo/config.toml
2026-10-08T22:46:12.7426303Z   - /home/runner/work/conduit/conduit/targets/esp32/firmware/s3-signal/.cargo/config.toml
2026-10-08T22:46:12.7426778Z   - /home/runner/work/conduit/conduit/targets/esp32/firmware/wroom-signal/.cargo/config.toml
2026-10-08T22:46:12.7427202Z   - /home/runner/work/conduit/conduit/targets/esp32/make/Cargo.toml
2026-10-08T22:46:12.7427600Z   - /home/runner/work/conduit/conduit/targets/orange-pi/make/Cargo.toml
2026-10-08T22:46:12.7428437Z   - /home/runner/work/conduit/conduit/targets/raspberry-pi/make/Cargo.toml
2026-10-08T22:46:12.7428909Z   - /home/runner/work/conduit/conduit/targets/rp2040/make/Cargo.toml
2026-10-08T22:46:12.7429326Z   - /home/runner/work/conduit/conduit/targets/rp2040/network-realization/Cargo.toml
2026-10-08T22:46:12.7429710Z   - /home/runner/work/conduit/conduit/targets/std/Cargo.toml
2026-10-08T22:46:12.7430073Z   - /home/runner/work/conduit/conduit/targets/std/make/Cargo.toml
2026-10-08T22:46:12.7430459Z   - /home/runner/work/conduit/conduit/targets/std/offers/Cargo.toml
2026-10-08T22:46:12.7430906Z   - /home/runner/work/conduit/conduit/targets/std/patchbay-workbench/Cargo.toml
2026-10-08T22:46:12.7431317Z   - /home/runner/work/conduit/conduit/tools/xtask-dispatch/Cargo.toml
2026-10-08T22:46:12.7431676Z   - /home/runner/work/conduit/conduit/tools/xtask/Cargo.toml
2026-10-08T22:46:12.7432190Z ##[endgroup]
2026-10-08T22:46:12.7432324Z 
2026-10-08T22:46:12.7432430Z ... Restoring cache ...
2026-10-08T22:46:12.8654717Z No cache found.
2026-10-08T22:46:12.9363175Z ##[group]Run cargo xtask ci pipeline acquisition-key "$TARGET"
2026-10-08T22:46:12.9363699Z [36;1mcargo xtask ci pipeline acquisition-key "$TARGET"[0m
2026-10-08T22:46:12.9495427Z shell: /usr/bin/bash --noprofile --norc -e -o pipefail {0}
2026-10-08T22:46:12.9495804Z env:
2026-10-08T22:46:12.9496034Z   CARGO_TERM_COLOR: always
2026-10-08T22:46:12.9496271Z   CARGO_INCREMENTAL: 0
2026-10-08T22:46:12.9496532Z   CARGO_PROFILE_DEV_DEBUG: 0
2026-10-08T22:46:12.9496785Z   CARGO_PROFILE_TEST_DEBUG: 0
2026-10-08T22:46:12.9497038Z   RUSTUP_TOOLCHAIN: 1.98.1
2026-10-08T22:46:12.9497319Z   CONDUIT_CHECKOUT_SHA: b1c5a2b281e07d97b621057f3c504d808f14a3ce
2026-10-08T22:46:12.9497655Z   CARGO_HOME: /home/runner/.cargo
2026-10-08T22:46:12.9497906Z   CACHE_ON_FAILURE: false
2026-10-08T22:46:12.9498128Z   TARGET: browser
2026-10-08T22:46:12.9498362Z ##[endgroup]
2026-10-08T22:46:13.0690097Z [1m[92m    Updating[0m crates.io index
2026-10-08T22:46:13.0697982Z [1m[92m    Updating[0m git repository `https://github.com/dancxjo/tongues.git`
2026-10-08T22:46:18.8762299Z [1m[92m Downloading[0m crates ...
2026-10-08T22:46:18.9663588Z [1m[92m  Downloaded[0m digest v0.10.7
2026-10-08T22:46:18.9680998Z [1m[92m  Downloaded[0m crypto-common v0.1.7
2026-10-08T22:46:18.9717747Z [1m[92m  Downloaded[0m embedded-io v0.4.0
2026-10-08T22:46:18.9726718Z [1m[92m  Downloaded[0m block-buffer v0.10.4
2026-10-08T22:46:18.9736103Z [1m[92m  Downloaded[0m cfg-if v1.0.5
2026-10-08T22:46:18.9749872Z [1m[92m  Downloaded[0m cobs v0.3.0
2026-10-08T22:46:18.9762301Z [1m[92m  Downloaded[0m cpufeatures v0.2.17
2026-10-08T22:46:18.9771937Z [1m[92m  Downloaded[0m embedded-io v0.6.1
2026-10-08T22:46:18.9899459Z [1m[92m  Downloaded[0m itoa v1.0.18
2026-10-08T22:46:18.9983161Z [1m[92m  Downloaded[0m equivalent v1.0.2
2026-10-08T22:46:18.9987642Z [1m[92m  Downloaded[0m generic-array v0.14.7
2026-10-08T22:46:19.0016947Z [1m[92m  Downloaded[0m serde_spanned v0.6.9
2026-10-08T22:46:19.0065222Z [1m[92m  Downloaded[0m toml_write v0.1.2
2026-10-08T22:46:19.0072094Z [1m[92m  Downloaded[0m version_check v0.9.5
2026-10-08T22:46:19.0099632Z [1m[92m  Downloaded[0m toml_datetime v0.6.11
2026-10-08T22:46:19.0143575Z [1m[92m  Downloaded[0m thiserror v2.0.20
2026-10-08T22:46:19.0170147Z [1m[92m  Downloaded[0m thiserror-impl v2.0.20
2026-10-08T22:46:19.0176574Z [1m[92m  Downloaded[0m sha2 v0.10.9
2026-10-08T22:46:19.0226047Z [1m[92m  Downloaded[0m postcard v1.1.3
2026-10-08T22:46:19.0240119Z [1m[92m  Downloaded[0m quote v1.0.47
2026-10-08T22:46:19.0253494Z [1m[92m  Downloaded[0m unicode-ident v1.0.26
2026-10-08T22:46:19.0266752Z [1m[92m  Downloaded[0m toml v0.8.23
2026-10-08T22:46:19.0278580Z [1m[92m  Downloaded[0m zmij v1.0.23
2026-10-08T22:46:19.0286919Z [1m[92m  Downloaded[0m serde_json v1.0.151
2026-10-08T22:46:19.0326276Z [1m[92m  Downloaded[0m serde_core v1.0.229
2026-10-08T22:46:19.0340150Z [1m[92m  Downloaded[0m minicbor v2.3.0
2026-10-08T22:46:19.0350522Z [1m[92m  Downloaded[0m serde_derive v1.0.229
2026-10-08T22:46:19.0363363Z [1m[92m  Downloaded[0m proc-macro2 v1.0.107
2026-10-08T22:46:19.0376836Z [1m[92m  Downloaded[0m toml_edit v0.22.27
2026-10-08T22:46:19.0403041Z [1m[92m  Downloaded[0m serde v1.0.229
2026-10-08T22:46:19.0419159Z [1m[92m  Downloaded[0m indexmap v2.14.2
2026-10-08T22:46:19.0438960Z [1m[92m  Downloaded[0m typenum v1.20.1
2026-10-08T22:46:19.0456429Z [1m[92m  Downloaded[0m memchr v2.8.3
2026-10-08T22:46:19.0478505Z [1m[92m  Downloaded[0m hashbrown v0.17.1
2026-10-08T22:46:19.0503403Z [1m[92m  Downloaded[0m libm v0.2.16
2026-10-08T22:46:19.0545149Z [1m[92m  Downloaded[0m winnow v0.7.15
2026-10-08T22:46:19.0586914Z [1m[92m  Downloaded[0m syn v3.0.6
2026-10-08T22:46:19.4876025Z [1m[92m   Compiling[0m proc-macro2 v1.0.107
2026-10-08T22:46:19.4876542Z [1m[92m   Compiling[0m unicode-ident v1.0.26
2026-10-08T22:46:19.4877037Z [1m[92m   Compiling[0m quote v1.0.47
2026-10-08T22:46:19.4877623Z [1m[92m   Compiling[0m version_check v0.9.5
2026-10-08T22:46:19.5415739Z [1m[92m   Compiling[0m typenum v1.20.1
2026-10-08T22:46:19.6255961Z [1m[92m   Compiling[0m libm v0.2.16
2026-10-08T22:46:19.6625990Z [1m[92m   Compiling[0m generic-array v0.14.7
2026-10-08T22:46:19.7304864Z [1m[92m   Compiling[0m cfg-if v1.0.5
2026-10-08T22:46:19.7356022Z [1m[92m   Compiling[0m cpufeatures v0.2.17
2026-10-08T22:46:19.7605490Z [1m[92m   Compiling[0m serde_core v1.0.229
2026-10-08T22:46:19.8976242Z [1m[92m   Compiling[0m serde v1.0.229
2026-10-08T22:46:20.1506312Z [1m[92m   Compiling[0m syn v3.0.6
2026-10-08T22:46:20.4010905Z [1m[92m   Compiling[0m block-buffer v0.10.4
2026-10-08T22:46:20.4635999Z [1m[92m   Compiling[0m crypto-common v0.1.7
2026-10-08T22:46:20.5026021Z [1m[92m   Compiling[0m digest v0.10.7
2026-10-08T22:46:20.5909952Z [1m[92m   Compiling[0m sha2 v0.10.9
2026-10-08T22:46:21.3140411Z [1m[92m   Compiling[0m thiserror v2.0.20
2026-10-08T22:46:21.4812722Z [1m[92m   Compiling[0m zmij v1.0.23
2026-10-08T22:46:21.5515996Z [1m[92m   Compiling[0m serde_json v1.0.151
2026-10-08T22:46:21.6206054Z [1m[92m   Compiling[0m itoa v1.0.18
2026-10-08T22:46:21.7156560Z [1m[92m   Compiling[0m memchr v2.8.3
2026-10-08T22:46:21.7776171Z [1m[92m   Compiling[0m minicbor v2.3.0
2026-10-08T22:46:21.8066118Z [1m[92m   Compiling[0m serde_derive v1.0.229
2026-10-08T22:46:22.1508609Z [1m[92m   Compiling[0m thiserror-impl v2.0.20
2026-10-08T22:46:22.4096118Z [1m[92m   Compiling[0m hashbrown v0.17.1
2026-10-08T22:46:22.8056637Z [1m[92m   Compiling[0m equivalent v1.0.2
2026-10-08T22:46:22.8349574Z [1m[92m   Compiling[0m indexmap v2.14.2
2026-10-08T22:46:22.9516183Z [1m[92m   Compiling[0m cobs v0.3.0
2026-10-08T22:46:22.9516968Z [1m[92m   Compiling[0m toml_write v0.1.2
2026-10-08T22:46:23.0216033Z [1m[92m   Compiling[0m winnow v0.7.15
2026-10-08T22:46:23.6396380Z [1m[92m   Compiling[0m conduit-assigned-plan v0.1.0 (/home/runner/work/conduit/conduit/architecture/assigned-plan)
2026-10-08T22:46:23.6643028Z [1m[92m   Compiling[0m postcard v1.1.3
2026-10-08T22:46:23.8205898Z [1m[92m   Compiling[0m conduit-core v0.1.0 (/home/runner/work/conduit/conduit/architecture/core)
2026-10-08T22:46:23.8645785Z [1m[92m   Compiling[0m serde_spanned v0.6.9
2026-10-08T22:46:23.9286555Z [1m[92m   Compiling[0m toml_datetime v0.6.11
2026-10-08T22:46:24.1446523Z [1m[92m   Compiling[0m toml_edit v0.22.27
2026-10-08T22:46:25.1846283Z [1m[92m   Compiling[0m toml v0.8.23
2026-10-08T22:46:30.3203321Z [1m[92m   Compiling[0m conduit-plot v0.1.0 (/home/runner/work/conduit/conduit/architecture/plot)
2026-10-08T22:46:31.5156394Z [1m[92m   Compiling[0m conduit-body v0.1.0 (/home/runner/work/conduit/conduit/architecture/body)
2026-10-08T22:46:36.2186628Z [1m[92m   Compiling[0m conduit-time v0.1.0 (/home/runner/work/conduit/conduit/semantics/time)
2026-10-08T22:46:36.3596410Z [1m[92m   Compiling[0m conduit-human v0.1.0 (/home/runner/work/conduit/conduit/semantics/human)
2026-10-08T22:46:36.4066475Z [1m[92m   Compiling[0m conduit-audio v0.1.0 (/home/runner/work/conduit/conduit/semantics/audio)
2026-10-08T22:46:41.3256249Z [1m[92m   Compiling[0m conduit-data v0.1.0 (/home/runner/work/conduit/conduit/semantics/data)
2026-10-08T22:46:41.3396586Z [1m[92m   Compiling[0m conduit-presentation v0.1.0 (/home/runner/work/conduit/conduit/semantics/presentation)
2026-10-08T22:46:41.8323800Z [1m[92m   Compiling[0m conduit-text v0.1.0 (/home/runner/work/conduit/conduit/semantics/text)
2026-10-08T22:46:42.6596770Z [1m[92m   Compiling[0m conduit-process v0.1.0 (/home/runner/work/conduit/conduit/semantics/process)
2026-10-08T22:46:42.8447141Z [1m[92m   Compiling[0m conduit-purpose v0.1.0 (/home/runner/work/conduit/conduit/semantics/purpose)
2026-10-08T22:46:43.0177624Z [1m[92m   Compiling[0m conduit-web v0.1.0 (/home/runner/work/conduit/conduit/semantics/web)
2026-10-08T22:46:43.2376185Z [1m[92m   Compiling[0m conduit-net v0.1.0 (/home/runner/work/conduit/conduit/semantics/net)
2026-10-08T22:46:43.4087211Z [1m[92m   Compiling[0m conduit-alife v0.1.0 (/home/runner/work/conduit/conduit/semantics/alife)
2026-10-08T22:46:44.9407092Z [1m[92m   Compiling[0m conduit-robotics v0.1.0 (/home/runner/work/conduit/conduit/semantics/robotics)
2026-10-08T22:46:48.2206919Z [1m[92m   Compiling[0m conduit-education v0.1.0 (/home/runner/work/conduit/conduit/semantics/education)
2026-10-08T22:46:48.8476535Z [1m[92m   Compiling[0m conduit-midi v0.1.0 (/home/runner/work/conduit/conduit/mechanisms/protocols/midi)
2026-10-08T22:46:49.9886577Z [1m[92m   Compiling[0m conduit-semantic-catalog v0.1.0 (/home/runner/work/conduit/conduit/semantics/catalog)
2026-10-08T22:46:51.2978576Z [1m[92m   Compiling[0m conduit-host-make v0.1.0 (/home/runner/work/conduit/conduit/make/host)
2026-10-08T22:46:53.1688015Z [1m[92m   Compiling[0m conduit-xtask-dispatch v0.1.0 (/home/runner/work/conduit/conduit/tools/xtask-dispatch)
2026-10-08T22:46:53.7113925Z [1m[92m    Finished[0m `dev` profile [unoptimized] target(s) in 40.68s
2026-10-08T22:46:53.8197007Z [1m[92m     Running[0m `target/debug/conduit-xtask-dispatch ci pipeline acquisition-key browser`
2026-10-08T22:46:53.8643373Z {"target":"browser","key":"conduit-acquisition-v1-linux-x64-ubuntu24-20261004.327.1-browser-80f661acefe91207edd1a22248d9fb65d0780377797856de876fafe2abef152d","specificationKey":"80f661acefe91207edd1a22248d9fb65d0780377797856de876fafe2abef152d","runnerImage":{"os":"ubuntu24","version":"20261004.327.1"},"paths":["/home/runner/.cache/conduit-ci","/home/runner/.cache/ms-playwright","/home/runner/.npm"],"cacheable":true}
2026-10-08T22:46:53.9535667Z ##[group]Run actions/cache/restore@v6.1.0
2026-10-08T22:46:53.9536072Z with:
2026-10-08T22:46:53.9536546Z   path: /home/runner/.cache/conduit-ci
/home/runner/.cache/ms-playwright
/home/runner/.npm
2026-10-08T22:46:53.9537480Z   key: conduit-acquisition-v1-linux-x64-ubuntu24-20261004.327.1-browser-80f661acefe91207edd1a22248d9fb65d0780377797856de876fafe2abef152d
2026-10-08T22:46:53.9538375Z   enableCrossOsArchive: false
2026-10-08T22:46:53.9538720Z   fail-on-cache-miss: false
2026-10-08T22:46:53.9539056Z   lookup-only: false
2026-10-08T22:46:53.9539352Z env:
2026-10-08T22:46:53.9539609Z   CARGO_TERM_COLOR: always
2026-10-08T22:46:53.9539957Z   CARGO_INCREMENTAL: 0
2026-10-08T22:46:53.9540286Z   CARGO_PROFILE_DEV_DEBUG: 0
2026-10-08T22:46:53.9540617Z   CARGO_PROFILE_TEST_DEBUG: 0
2026-10-08T22:46:53.9540964Z   RUSTUP_TOOLCHAIN: 1.98.1
2026-10-08T22:46:53.9541388Z   CONDUIT_CHECKOUT_SHA: b1c5a2b281e07d97b621057f3c504d808f14a3ce
2026-10-08T22:46:53.9541925Z   CARGO_HOME: /home/runner/.cargo
2026-10-08T22:46:53.9542297Z   CACHE_ON_FAILURE: false
2026-10-08T22:46:53.9542645Z ##[endgroup]
2026-10-08T22:46:54.1975551Z Cache hit for: conduit-acquisition-v1-linux-x64-ubuntu24-20261004.327.1-browser-80f661acefe91207edd1a22248d9fb65d0780377797856de876fafe2abef152d
2026-10-08T22:46:55.3586617Z Received 75497472 of 350232121 (21.6%), 72.0 MBs/sec
2026-10-08T22:46:56.3587742Z Received 268435456 of 350232121 (76.6%), 127.9 MBs/sec
2026-10-08T22:46:56.7320625Z Received 350232121 of 350232121 (100.0%), 140.7 MBs/sec
2026-10-08T22:46:56.7322094Z Cache Size: ~334 MB (350232121 B)
2026-10-08T22:46:56.7387467Z [command]/usr/bin/tar -xf /home/runner/work/_temp/2c1b4056-3f4c-4a37-8371-cf9883df16e6/cache.tzst -P -C /home/runner/work/conduit/conduit --use-compress-program unzstd
2026-10-08T22:46:57.4998515Z Cache restored successfully
2026-10-08T22:46:57.5177853Z Cache restored from key: conduit-acquisition-v1-linux-x64-ubuntu24-20261004.327.1-browser-80f661acefe91207edd1a22248d9fb65d0780377797856de876fafe2abef152d
2026-10-08T22:46:57.5280307Z ##[group]Run cargo xtask ci pipeline setup "$TARGET"
2026-10-08T22:46:57.5280719Z [36;1mcargo xtask ci pipeline setup "$TARGET"[0m
2026-10-08T22:46:57.5314618Z shell: /usr/bin/bash --noprofile --norc -e -o pipefail {0}
2026-10-08T22:46:57.5315013Z env:
2026-10-08T22:46:57.5315249Z   CARGO_TERM_COLOR: always
2026-10-08T22:46:57.5315773Z   CARGO_INCREMENTAL: 0
2026-10-08T22:46:57.5525470Z   CARGO_PROFILE_DEV_DEBUG: 0
2026-10-08T22:46:57.5525774Z   CARGO_PROFILE_TEST_DEBUG: 0
2026-10-08T22:46:57.5526026Z   RUSTUP_TOOLCHAIN: 1.98.1
2026-10-08T22:46:57.5526338Z   CONDUIT_CHECKOUT_SHA: b1c5a2b281e07d97b621057f3c504d808f14a3ce
2026-10-08T22:46:57.5526681Z   CARGO_HOME: /home/runner/.cargo
2026-10-08T22:46:57.5526930Z   CACHE_ON_FAILURE: false
2026-10-08T22:46:57.5527164Z   TARGET: browser
2026-10-08T22:46:57.5530055Z   GITHUB_TOKEN: ***
2026-10-08T22:46:57.5530287Z ##[endgroup]
2026-10-08T22:46:57.7396168Z [1m[92m    Finished[0m `dev` profile [unoptimized] target(s) in 0.17s
2026-10-08T22:46:57.7451278Z [1m[92m     Running[0m `target/debug/conduit-xtask-dispatch ci pipeline setup browser`
2026-10-08T22:46:57.8115279Z > npm ci --prefix proof/browser
2026-10-08T22:46:58.4772148Z 
2026-10-08T22:46:58.4772684Z added 5 packages, and audited 6 packages in 627ms
2026-10-08T22:46:58.4776877Z 
2026-10-08T22:46:58.4777121Z found 0 vulnerabilities
2026-10-08T22:47:31.1175981Z {"schema":"conduit.ci/apt-acquisition@1","requested":["build-essential","cmake","fonts-freefont-ttf","fonts-ipafont-gothic","fonts-tlwg-loma-otf","fonts-unifont","fonts-wqy-zenhei","libasound2-dev","libclang-dev","libssl-dev","libudev-dev","pkg-config","xfonts-cyrillic","xfonts-encodings","xfonts-scalable","xfonts-utils"],"repositoryScope":{"policy":"ubuntu-build-prerequisites@1","resolution":"no-removal-no-version-downgrade@1","os":"PRETTY_NAME=\"Ubuntu 24.04.5 LTS\"\nNAME=\"Ubuntu\"\nVERSION_ID=\"24.04\"\nVERSION=\"24.04.5 LTS (Noble Numbat)\"\nVERSION_CODENAME=noble\nID=ubuntu\nID_LIKE=debian\nHOME_URL=\"https://www.ubuntu.com/\"\nSUPPORT_URL=\"https://help.ubuntu.com/\"\nBUG_REPORT_URL=\"https://bugs.launchpad.net/ubuntu/\"\nPRIVACY_POLICY_URL=\"https://www.ubuntu.com/legal/terms-and-policies/privacy-policy\"\nUBUNTU_CODENAME=noble\nLOGO=ubuntu-logo\n","suite":"noble","source":"Types: deb\nURIs: https://archive.ubuntu.com/ubuntu\nSuites: noble noble-updates\nComponents: main restricted universe multiverse\nArchitectures: amd64\nSigned-By: /usr/share/keyrings/ubuntu-archive-keyring.gpg\n\nTypes: deb\nURIs: https://security.ubuntu.com/ubuntu\nSuites: noble-security\nComponents: main restricted universe multiverse\nArchitectures: amd64\nSigned-By: /usr/share/keyrings/ubuntu-archive-keyring.gpg\n","signingKeySha256":"80a36b0a6de2f69f49d2df75ef473ccde121e9e190b9ea01d20a4f63778d5c31"},"cache":"hit","downloadedPackages":0,"downloadedBytes":0,"installedVersions":{"build-essential":"12.10ubuntu1","cmake":"3.28.3-1build7","fonts-freefont-ttf":"20211204+svn4273-2","fonts-ipafont-gothic":"00303-21ubuntu1","fonts-tlwg-loma-otf":"1:0.7.3-1","fonts-unifont":"1:15.1.01-1build1","fonts-wqy-zenhei":"0.9.45-8","libasound2-dev":"1.2.11-1ubuntu0.3","libclang-dev":"1:18.0-59~exp2","libssl-dev":"3.0.13-0ubuntu3.16","libudev-dev":"255.4-1ubuntu8.17","pkg-config":"1.8.1-2build1","xfonts-cyrillic":"1:1.0.5+nmu1","xfonts-encodings":"1:1.0.5-0ubuntu2","xfonts-scalable":"1:1.0.3-1.3","xfonts-utils":"1:7.7+6build3"},"durationMs":30892,"resolutionKey":"62c66aeed4056e169d6506fffa6a0e5708af424b8cb25b5c1d9d7a31f9f761b2","resolvedPackages":[{"name":"build-essential","version":"12.10ubuntu1","architecture":"amd64","sha256":"9b2159b95a4c01937309783c7c8a6ec8dfbcb7ffd604951c9713ac52ee9c7268","bytes":4928},{"name":"cmake-data","version":"3.28.3-1build7","architecture":"all","sha256":"20a3b644211ce82f35c24f1f5052199adeb0ac159978a8740fd6c0959611557f","bytes":2154936},{"name":"cmake","version":"3.28.3-1build7","architecture":"amd64","sha256":"4b0a7f8c0daf27b26b46997d994ae5d1ee7a3d11dfcda9f7627bb1462c162295","bytes":11190006},{"name":"fonts-freefont-ttf","version":"20211204+svn4273-2","architecture":"all","sha256":"c8283ec9ca390e6ad8d2114cb0942182db62bb97f5142c2f955218fc5f2027b4","bytes":5640794},{"name":"fonts-ipafont-gothic","version":"00303-21ubuntu1","architecture":"all","sha256":"71e63f0f88cca672fbb24ed27873d799d8c37233f001aa0bbcdc2f303b1b98a2","bytes":3513360},{"name":"fonts-tlwg-loma-otf","version":"1:0.7.3-1","architecture":"all","sha256":"888038637a15d11993e3a9ddd50f6391a704918b2e38fe75b2f4d74b4fcfda9a","bytes":106786},{"name":"fonts-unifont","version":"1:15.1.01-1build1","architecture":"all","sha256":"56c9d46ce8223fa29c28eaeb99cabfc3a3159d3eec58f0bbbea839953f4cf363","bytes":2993066},{"name":"fonts-wqy-zenhei","version":"0.9.45-8","architecture":"all","sha256":"496969d65dc5664a3291e678d5cbef6815dc308ee5bf37b656c00af2cb490410","bytes":7471624},{"name":"libasound2-dev","version":"1.2.11-1ubuntu0.3","architecture":"amd64","sha256":"b83795b1ba0e40cfa8363359fd17a06260838d8ae0f315531771a62f7c7e215a","bytes":115386},{"name":"libclang-18-dev","version":"1:18.1.3-1ubuntu1","architecture":"amd64","sha256":"c7575822ec648defe1b04d83a1d6b7779fc26da548c2453acfa120e26d47ed53","bytes":28788538},{"name":"libclang-dev","version":"1:18.0-59~exp2","architecture":"amd64","sha256":"4089fd3e1ee1245b0d17a6da51fd9ea42910bff8e630b72ac3348e5f04b3ee7c","bytes":5424},{"name":"libjsoncpp25","version":"1.9.5-6build1","architecture":"amd64","sha256":"8efea5b75952f3ad1c40e6b5b31de687c297ea29f87f8b63efebb55e13467211","bytes":82754},{"name":"librhash0","version":"1.4.3-3build1","architecture":"amd64","sha256":"e9ee69963ff1a56378b9c5ffdd21ea0feaec9647c522349b7612b25103490528","bytes":128748},{"name":"libudev-dev","version":"255.4-1ubuntu8.17","architecture":"amd64","sha256":"e3fde14b59c81d0ef3b9caa7c627d09b5925a915b280919616cc5909096f7519","bytes":22016},{"name":"xfonts-cyrillic","version":"1:1.0.5+nmu1","architecture":"all","sha256":"d4a63d4da9f6d58467ccaa22b7b26c009ab46b07f0b1be2138d3bb037e74d2cb","bytes":384312},{"name":"xfonts-encodings","version":"1:1.0.5-0ubuntu2","architecture":"all","sha256":"3bac5ff1cba3b001aee1652e3af45d200c415b68e9b27932cb51fe9c464feb40","bytes":578092},{"name":"xfonts-scalable","version":"1:1.0.3-1.3","architecture":"all","sha256":"517f73a4f6e37332addffe6ff1795d5371f2f9c0863781efc31c4613f69993de","bytes":304118},{"name":"xfonts-utils","version":"1:7.7+6build3","architecture":"amd64","sha256":"8da5fccbc50005d50dd69ef558ae72673435026e1d3134d0c1cc836d22953c44","bytes":94438}]}
2026-10-08T22:47:31.1310016Z > rustup target list --installed --toolchain 1.98.1-x86_64-unknown-linux-gnu
2026-10-08T22:47:31.1488972Z > rustup target add --toolchain 1.98.1-x86_64-unknown-linux-gnu wasm32-unknown-unknown
2026-10-08T22:47:31.1802941Z info: downloading component rust-std
2026-10-08T22:47:32.7903484Z > rustup target list --installed --toolchain 1.98.1-x86_64-unknown-linux-gnu
2026-10-08T22:47:32.8087266Z > node proof/browser/node_modules/@playwright/test/cli.js install chromium
2026-10-08T22:47:33.4338742Z > /home/runner/.cache/ms-playwright/chromium-1234/chrome-linux64/chrome --version
2026-10-08T22:47:33.6486083Z > /home/runner/.cache/ms-playwright/chromium_headless_shell-1234/chrome-headless-shell-linux64/chrome-headless-shell --version
2026-10-08T22:47:33.7791900Z > /home/runner/.cache/ms-playwright/ffmpeg-1011/ffmpeg-linux -version
2026-10-08T22:47:33.7858045Z Acquisition browser: success in 35993 ms; report target/acquisition/browser.json
2026-10-08T22:47:33.7994562Z ##[group]Run actions/upload-artifact@v7.0.1
2026-10-08T22:47:33.7994816Z with:
2026-10-08T22:47:33.7994986Z   name: acquisition-browser
2026-10-08T22:47:33.7995194Z   path: target/acquisition/browser.json
2026-10-08T22:47:33.7995408Z   if-no-files-found: warn
2026-10-08T22:47:33.7995603Z   retention-days: 14
2026-10-08T22:47:33.7995779Z   compression-level: 6
2026-10-08T22:47:33.7995953Z   overwrite: false
2026-10-08T22:47:33.7996124Z   include-hidden-files: false
2026-10-08T22:47:33.7996319Z   archive: true
2026-10-08T22:47:33.7996474Z env:
2026-10-08T22:47:33.7996629Z   CARGO_TERM_COLOR: always
2026-10-08T22:47:33.7996810Z   CARGO_INCREMENTAL: 0
2026-10-08T22:47:33.7996984Z   CARGO_PROFILE_DEV_DEBUG: 0
2026-10-08T22:47:33.7997180Z   CARGO_PROFILE_TEST_DEBUG: 0
2026-10-08T22:47:33.7997373Z   RUSTUP_TOOLCHAIN: 1.98.1
2026-10-08T22:47:33.7997609Z   CONDUIT_CHECKOUT_SHA: b1c5a2b281e07d97b621057f3c504d808f14a3ce
2026-10-08T22:47:33.7997871Z   CARGO_HOME: /home/runner/.cargo
2026-10-08T22:47:33.7998112Z   CACHE_ON_FAILURE: false
2026-10-08T22:47:33.7998308Z ##[endgroup]
2026-10-08T22:47:33.9037714Z With the provided path, there will be 1 file uploaded
2026-10-08T22:47:33.9040906Z Artifact name is valid!
2026-10-08T22:47:33.9041291Z Root directory input is valid!
2026-10-08T22:47:34.2082366Z Uploading artifact: acquisition-browser.zip
2026-10-08T22:47:34.2111102Z Beginning upload of artifact content to blob storage
2026-10-08T22:47:34.4037266Z Uploaded bytes 3452
2026-10-08T22:47:34.4473393Z Finished uploading artifact content to blob storage!
2026-10-08T22:47:34.4474064Z SHA256 digest of uploaded artifact is 91b1b26824bb3d3db483b5701a1a949e9f93412273cbd3bbab81dba75d43336e
2026-10-08T22:47:34.4474814Z Finalizing artifact upload
2026-10-08T22:47:34.7639112Z Artifact acquisition-browser successfully finalized. Artifact ID 11583632862
2026-10-08T22:47:34.7639828Z Artifact acquisition-browser has been successfully uploaded! Final size is 3452 bytes. Artifact ID is 11583632862
2026-10-08T22:47:34.7640615Z Artifact download URL: https://github.com/dancxjo/conduit/actions/runs/37854332649/artifacts/11583632862
2026-10-08T22:47:34.7739025Z ##[group]Run cargo xtask ci pipeline target "$TARGET" "$SHA"
2026-10-08T22:47:34.7739353Z [36;1mcargo xtask ci pipeline target "$TARGET" "$SHA"[0m
2026-10-08T22:47:34.7773412Z shell: /usr/bin/bash --noprofile --norc -e -o pipefail {0}
2026-10-08T22:47:34.7773666Z env:
2026-10-08T22:47:34.7773829Z   CARGO_TERM_COLOR: always
2026-10-08T22:47:34.7774021Z   CARGO_INCREMENTAL: 0
2026-10-08T22:47:34.7774354Z   CARGO_PROFILE_DEV_DEBUG: 0
2026-10-08T22:47:34.7774550Z   CARGO_PROFILE_TEST_DEBUG: 0
2026-10-08T22:47:34.7774753Z   RUSTUP_TOOLCHAIN: 1.98.1
2026-10-08T22:47:34.7774981Z   CONDUIT_CHECKOUT_SHA: b1c5a2b281e07d97b621057f3c504d808f14a3ce
2026-10-08T22:47:34.7775242Z   CARGO_HOME: /home/runner/.cargo
2026-10-08T22:47:34.7775431Z   CACHE_ON_FAILURE: false
2026-10-08T22:47:34.7775603Z   TARGET: browser
2026-10-08T22:47:34.7775786Z   SHA: b1c5a2b281e07d97b621057f3c504d808f14a3ce
2026-10-08T22:47:34.7776007Z ##[endgroup]
2026-10-08T22:47:34.9584279Z [1m[92m    Finished[0m `dev` profile [unoptimized] target(s) in 0.17s
2026-10-08T22:47:34.9640862Z [1m[92m     Running[0m `target/debug/conduit-xtask-dispatch ci pipeline target browser b1c5a2b281e07d97b621057f3c504d808f14a3ce`
2026-10-08T22:47:35.0373015Z > cargo +1.98.1-x86_64-unknown-linux-gnu build --locked -p conduit --bin conduit -p conduit-browser-host --bin conduit-browser-host -p conduit-browser-patchbay-workbench --bin conduit-browser-patchbay-workbench -p conduit-std-host --bin webchat-server --bin browser-admission-probe
2026-10-08T22:47:35.2022340Z [1m[92m Downloading[0m crates ...
2026-10-08T22:47:35.2493184Z [1m[92m  Downloaded[0m aead v0.5.2
2026-10-08T22:47:35.2532550Z [1m[92m  Downloaded[0m arrayvec v0.7.8
2026-10-08T22:47:35.2543633Z [1m[92m  Downloaded[0m anstyle-query v1.1.5
2026-10-08T22:47:35.2577135Z [1m[92m  Downloaded[0m anstyle-parse v1.0.0
2026-10-08T22:47:35.2588731Z [1m[92m  Downloaded[0m autocfg v1.5.1
2026-10-08T22:47:35.2670708Z [1m[92m  Downloaded[0m anstream v1.0.0
2026-10-08T22:47:35.2680293Z [1m[92m  Downloaded[0m anstyle v1.0.14
2026-10-08T22:47:35.2761087Z [1m[92m  Downloaded[0m anyhow v1.0.104
2026-10-08T22:47:35.2780800Z [1m[92m  Downloaded[0m qrcode v0.14.1
2026-10-08T22:47:35.2795742Z [1m[92m  Downloaded[0m base64 v0.23.1
2026-10-08T22:47:35.2844273Z [1m[92m  Downloaded[0m is_terminal_polyfill v1.70.2
2026-10-08T22:47:35.2944766Z [1m[92m  Downloaded[0m clap_lex v1.1.1
2026-10-08T22:47:35.2950705Z [1m[92m  Downloaded[0m curve25519-dalek-derive v0.1.1
2026-10-08T22:47:35.2955457Z [1m[92m  Downloaded[0m colorchoice v1.0.5
2026-10-08T22:47:35.2960196Z [1m[92m  Downloaded[0m x25519-dalek v2.0.1
2026-10-08T22:47:35.2982251Z [1m[92m  Downloaded[0m inout v0.1.4
2026-10-08T22:47:35.2987350Z [1m[92m  Downloaded[0m crypto-common v0.2.2
2026-10-08T22:47:35.2992621Z [1m[92m  Downloaded[0m dirs v6.0.0
2026-10-08T22:47:35.3017465Z [1m[92m  Downloaded[0m utf8-zero v0.8.1
2026-10-08T22:47:35.3023476Z [1m[92m  Downloaded[0m heck v0.5.0
2026-10-08T22:47:35.3029142Z [1m[92m  Downloaded[0m hash32 v0.3.1
2026-10-08T22:47:35.3034897Z [1m[92m  Downloaded[0m instant-distance v0.6.1
2026-10-08T22:47:35.3040524Z [1m[92m  Downloaded[0m chacha20 v0.9.1
2026-10-08T22:47:35.3055373Z [1m[92m  Downloaded[0m socket2 v0.6.5
2026-10-08T22:47:35.3066176Z [1m[92m  Downloaded[0m scopeguard v1.2.0
2026-10-08T22:47:35.3093360Z [1m[92m  Downloaded[0m rand_chacha v0.3.1
2026-10-08T22:47:35.3100547Z [1m[92m  Downloaded[0m signature v2.2.0
2026-10-08T22:47:35.3107816Z [1m[92m  Downloaded[0m noise-protocol v0.2.1
2026-10-08T22:47:35.3112840Z [1m[92m  Downloaded[0m siphasher v1.0.3
2026-10-08T22:47:35.3118782Z [1m[92m  Downloaded[0m cpufeatures v0.3.1
2026-10-08T22:47:35.3125531Z [1m[92m  Downloaded[0m dirs-sys v0.5.0
2026-10-08T22:47:35.3130500Z [1m[92m  Downloaded[0m block-buffer v0.12.1
2026-10-08T22:47:35.3136202Z [1m[92m  Downloaded[0m option-ext v0.2.0
2026-10-08T22:47:35.3139726Z [1m[92m  Downloaded[0m num_cpus v1.17.0
2026-10-08T22:47:35.3151852Z [1m[92m  Downloaded[0m noise-rust-crypto v0.6.2
2026-10-08T22:47:35.3155390Z [1m[92m  Downloaded[0m opaque-debug v0.3.1
2026-10-08T22:47:35.3163294Z [1m[92m  Downloaded[0m stable_deref_trait v1.2.1
2026-10-08T22:47:35.3167128Z [1m[92m  Downloaded[0m utf8parse v0.2.2
2026-10-08T22:47:35.3174719Z [1m[92m  Downloaded[0m rustc_version v0.4.1
2026-10-08T22:47:35.3181098Z [1m[92m  Downloaded[0m sha1 v0.11.0
2026-10-08T22:47:35.3190332Z [1m[92m  Downloaded[0m str-newtype v2.0.0
2026-10-08T22:47:35.3197140Z [1m[92m  Downloaded[0m proc-macro-error-attr v1.0.4
2026-10-08T22:47:35.3202409Z [1m[92m  Downloaded[0m universal-hash v0.5.1
2026-10-08T22:47:35.3207009Z [1m[92m  Downloaded[0m zeroize_derive v1.5.0
2026-10-08T22:47:35.3211757Z [1m[92m  Downloaded[0m percent-encoding v2.3.2
2026-10-08T22:47:35.3215754Z [1m[92m  Downloaded[0m base64ct v1.8.3
2026-10-08T22:47:35.3225972Z [1m[92m  Downloaded[0m byteorder v1.5.0
2026-10-08T22:47:35.3233541Z [1m[92m  Downloaded[0m either v1.18.0
2026-10-08T22:47:35.3240360Z [1m[92m  Downloaded[0m data-encoding v2.11.1
2026-10-08T22:47:35.3245467Z [1m[92m  Downloaded[0m ed25519 v2.2.3
2026-10-08T22:47:35.3252985Z [1m[92m  Downloaded[0m ppv-lite86 v0.2.21
2026-10-08T22:47:35.3259921Z [1m[92m  Downloaded[0m cipher v0.4.4
2026-10-08T22:47:35.3267708Z [1m[92m  Downloaded[0m shlex v2.0.1
2026-10-08T22:47:35.3275034Z [1m[92m  Downloaded[0m smallvec v1.16.1
2026-10-08T22:47:35.3283973Z [1m[92m  Downloaded[0m subtle v2.6.1
2026-10-08T22:47:35.3289958Z [1m[92m  Downloaded[0m crossbeam-deque v0.8.8
2026-10-08T22:47:35.3296970Z [1m[92m  Downloaded[0m digest v0.11.3
2026-10-08T22:47:35.3307209Z [1m[92m  Downloaded[0m phf v0.11.3
2026-10-08T22:47:35.3313294Z [1m[92m  Downloaded[0m rand_core v0.6.4
2026-10-08T22:47:35.3319425Z [1m[92m  Downloaded[0m find-msvc-tools v0.1.14
2026-10-08T22:47:35.3326894Z [1m[92m  Downloaded[0m phf_shared v0.11.3
2026-10-08T22:47:35.3331342Z [1m[92m  Downloaded[0m serde-json-core v0.6.0
2026-10-08T22:47:35.3340033Z [1m[92m  Downloaded[0m ordered-float v3.9.2
2026-10-08T22:47:35.3348526Z [1m[92m  Downloaded[0m rand_core v0.10.1
2026-10-08T22:47:35.3370192Z [1m[92m  Downloaded[0m spki v0.7.3
2026-10-08T22:47:35.3377879Z [1m[92m  Downloaded[0m const-oid v0.9.6
2026-10-08T22:47:35.3388569Z [1m[92m  Downloaded[0m parking_lot v0.12.5
2026-10-08T22:47:35.3399569Z [1m[92m  Downloaded[0m parking_lot_core v0.9.12
2026-10-08T22:47:35.3408459Z [1m[92m  Downloaded[0m untrusted v0.9.0
2026-10-08T22:47:35.3417318Z [1m[92m  Downloaded[0m lock_api v0.4.14
2026-10-08T22:47:35.3429328Z [1m[92m  Downloaded[0m rustls-pemfile v2.2.0
2026-10-08T22:47:35.3440208Z [1m[92m  Downloaded[0m httparse v1.10.1
2026-10-08T22:47:35.3451856Z [1m[92m  Downloaded[0m chacha20 v0.10.2
2026-10-08T22:47:35.3465481Z [1m[92m  Downloaded[0m pkcs8 v0.10.2
2026-10-08T22:47:35.3476624Z [1m[92m  Downloaded[0m getrandom v0.2.17
2026-10-08T22:47:35.3489267Z [1m[92m  Downloaded[0m langtag v1.1.0
2026-10-08T22:47:35.3499975Z [1m[92m  Downloaded[0m once_cell v1.21.4
2026-10-08T22:47:35.3511280Z [1m[92m  Downloaded[0m proc-macro-error v1.0.4
2026-10-08T22:47:35.3530193Z [1m[92m  Downloaded[0m rustls-pki-types v1.15.1
2026-10-08T22:47:35.3542408Z [1m[92m  Downloaded[0m semver v1.0.28
2026-10-08T22:47:35.3552674Z [1m[92m  Downloaded[0m poly1305 v0.8.0
2026-10-08T22:47:35.3563300Z [1m[92m  Downloaded[0m sha2 v0.11.0
2026-10-08T22:47:35.3577904Z [1m[92m  Downloaded[0m strsim v0.11.1
2026-10-08T22:47:35.3583935Z [1m[92m  Downloaded[0m getrandom v0.4.3
2026-10-08T22:47:35.3601648Z [1m[92m  Downloaded[0m clap_derive v4.6.7
2026-10-08T22:47:35.3611741Z [1m[92m  Downloaded[0m getrandom v0.3.4
2026-10-08T22:47:35.3626839Z [1m[92m  Downloaded[0m hybrid-array v0.4.15
2026-10-08T22:47:35.3638118Z [1m[92m  Downloaded[0m bytes v1.12.1
2026-10-08T22:47:35.3655539Z [1m[92m  Downloaded[0m log v0.4.34
2026-10-08T22:47:35.3667895Z [1m[92m  Downloaded[0m num-traits v0.2.19
2026-10-08T22:47:35.3679728Z [1m[92m  Downloaded[0m ryu v1.0.23
2026-10-08T22:47:35.3694348Z [1m[92m  Downloaded[0m tinyvec v1.13.3
2026-10-08T22:47:35.3710338Z [1m[92m  Downloaded[0m crossbeam-epoch v0.9.21
2026-10-08T22:47:35.3721468Z [1m[92m  Downloaded[0m crossbeam-utils v0.8.23
2026-10-08T22:47:35.3733262Z [1m[92m  Downloaded[0m heapless v0.8.0
2026-10-08T22:47:35.3750351Z [1m[92m  Downloaded[0m str-newtype-derive v2.0.0
2026-10-08T22:47:35.3755523Z [1m[92m  Downloaded[0m chacha20poly1305 v0.10.1
2026-10-08T22:47:35.3764420Z [1m[92m  Downloaded[0m const-oid v0.10.2
2026-10-08T22:47:35.3777232Z [1m[92m  Downloaded[0m clap v4.6.7
2026-10-08T22:47:35.3816647Z [1m[92m  Downloaded[0m der v0.7.10
2026-10-08T22:47:35.3839901Z [1m[92m  Downloaded[0m rayon-core v1.13.0
2026-10-08T22:47:35.3856454Z [1m[92m  Downloaded[0m rustls-webpki v0.103.15
2026-10-08T22:47:35.3873084Z [1m[92m  Downloaded[0m rand v0.8.8
2026-10-08T22:47:35.3890520Z [1m[92m  Downloaded[0m rand v0.10.3
2026-10-08T22:47:35.3908924Z [1m[92m  Downloaded[0m cc v1.6.0
2026-10-08T22:47:35.3927840Z [1m[92m  Downloaded[0m static-automata v1.0.3
2026-10-08T22:47:35.3934859Z [1m[92m  Downloaded[0m static-automata-macros v1.0.3
2026-10-08T22:47:35.3938508Z [1m[92m  Downloaded[0m thiserror v1.0.69
2026-10-08T22:47:35.3959283Z [1m[92m  Downloaded[0m thiserror-impl v1.0.69
2026-10-08T22:47:35.3965593Z [1m[92m  Downloaded[0m zeroize v1.9.0
2026-10-08T22:47:35.3973126Z [1m[92m  Downloaded[0m http v1.5.0
2026-10-08T22:47:35.3993739Z [1m[92m  Downloaded[0m clap_builder v4.6.7
2026-10-08T22:47:35.4025683Z [1m[92m  Downloaded[0m ed25519-dalek v2.2.0
2026-10-08T22:47:35.4042686Z [1m[92m  Downloaded[0m rayon v1.12.0
2026-10-08T22:47:35.4085774Z [1m[92m  Downloaded[0m syn v1.0.109
2026-10-08T22:47:35.4134660Z [1m[92m  Downloaded[0m curve25519-dalek v4.1.3
2026-10-08T22:47:35.4179819Z [1m[92m  Downloaded[0m rustls v0.23.45
2026-10-08T22:47:35.4240636Z [1m[92m  Downloaded[0m isolang v2.4.0
2026-10-08T22:47:35.4288262Z [1m[92m  Downloaded[0m libc v0.2.189
2026-10-08T22:47:35.4479213Z [1m[92m  Downloaded[0m ring v0.17.14
2026-10-08T22:47:35.4711606Z [1m[92m  Downloaded[0m ureq-proto v0.6.4
2026-10-08T22:47:35.4731636Z [1m[92m  Downloaded[0m tungstenite v0.30.0
2026-10-08T22:47:35.4749280Z [1m[92m  Downloaded[0m unicode-segmentation v1.13.3
2026-10-08T22:47:35.4767298Z [1m[92m  Downloaded[0m unicode-normalization v0.1.25
2026-10-08T22:47:35.4789024Z [1m[92m  Downloaded[0m ureq v3.4.2
2026-10-08T22:47:35.4821152Z [1m[92m  Downloaded[0m webpki-roots v1.0.9
2026-10-08T22:47:35.4846764Z [1m[92m  Downloaded[0m zerocopy v0.8.57
2026-10-08T22:47:35.4943271Z [1m[92m  Downloaded[0m syn v2.0.119
2026-10-08T22:47:35.6493486Z [1m[92m   Compiling[0m syn v3.0.6
2026-10-08T22:47:35.6494510Z [1m[92m   Compiling[0m typenum v1.20.1
2026-10-08T22:47:35.6526619Z [1m[92m   Compiling[0m syn v2.0.119
2026-10-08T22:47:35.6565254Z [1m[92m   Compiling[0m subtle v2.6.1
2026-10-08T22:47:35.7323377Z [1m[92m   Compiling[0m thiserror v2.0.20
2026-10-08T22:47:35.9212959Z [1m[92m   Compiling[0m semver v1.0.28
2026-10-08T22:47:36.0981076Z [1m[92m   Compiling[0m rustc_version v0.4.1
2026-10-08T22:47:36.2543051Z [1m[92m   Compiling[0m generic-array v0.14.7
2026-10-08T22:47:36.2635609Z [1m[92m   Compiling[0m curve25519-dalek v4.1.3
2026-10-08T22:47:36.3795870Z [1m[92m   Compiling[0m signature v2.2.0
2026-10-08T22:47:36.4146020Z [1m[92m   Compiling[0m ed25519 v2.2.3
2026-10-08T22:47:36.4876022Z [1m[92m   Compiling[0m libc v0.2.189
2026-10-08T22:47:36.6215709Z [1m[92m   Compiling[0m crypto-common v0.1.7
2026-10-08T22:47:36.6586230Z [1m[92m   Compiling[0m block-buffer v0.10.4
2026-10-08T22:47:36.7176360Z [1m[92m   Compiling[0m digest v0.10.7
2026-10-08T22:47:36.8216154Z [1m[92m   Compiling[0m sha2 v0.10.9
2026-10-08T22:47:37.0475900Z [1m[92m   Compiling[0m proc-macro-error-attr v1.0.4
2026-10-08T22:47:37.1076047Z [1m[92m   Compiling[0m syn v1.0.109
2026-10-08T22:47:37.2500872Z [1m[92m   Compiling[0m proc-macro-error v1.0.4
2026-10-08T22:47:37.4745613Z [1m[92m   Compiling[0m hybrid-array v0.4.15
2026-10-08T22:47:37.8148514Z [1m[92m   Compiling[0m cpufeatures v0.3.1
2026-10-08T22:47:37.8476047Z [1m[92m   Compiling[0m thiserror v1.0.69
2026-10-08T22:47:37.8756031Z [1m[92m   Compiling[0m crypto-common v0.2.2
2026-10-08T22:47:37.9902217Z [1m[92m   Compiling[0m block-buffer v0.12.1
2026-10-08T22:47:38.0685953Z [1m[92m   Compiling[0m const-oid v0.10.2
2026-10-08T22:47:38.1655845Z [1m[92m   Compiling[0m siphasher v1.0.3
2026-10-08T22:47:38.2595811Z [1m[92m   Compiling[0m phf_shared v0.11.3
2026-10-08T22:47:38.3446072Z [1m[92m   Compiling[0m getrandom v0.2.17
2026-10-08T22:47:38.3759299Z [1m[92m   Compiling[0m serde_derive v1.0.229
2026-10-08T22:47:38.4506216Z [1m[92m   Compiling[0m thiserror-impl v2.0.20
2026-10-08T22:47:38.5556108Z [1m[92m   Compiling[0m digest v0.11.3
2026-10-08T22:47:38.6396511Z [1m[92m   Compiling[0m anyhow v1.0.104
2026-10-08T22:47:38.7726033Z [1m[92m   Compiling[0m byteorder v1.5.0
2026-10-08T22:47:38.8715995Z [1m[92m   Compiling[0m option-ext v0.2.0
2026-10-08T22:47:38.9100331Z [1m[92m   Compiling[0m heapless v0.8.0
2026-10-08T22:47:39.0515947Z [1m[92m   Compiling[0m dirs-sys v0.5.0
2026-10-08T22:47:39.1206086Z [1m[92m   Compiling[0m zeroize_derive v1.5.0
2026-10-08T22:47:39.1856181Z [1m[92m   Compiling[0m curve25519-dalek-derive v0.1.1
2026-10-08T22:47:39.2809767Z [1m[92m   Compiling[0m cobs v0.3.0
2026-10-08T22:47:39.3745905Z [1m[92m   Compiling[0m thiserror-impl v1.0.69
2026-10-08T22:47:39.4216175Z [1m[92m   Compiling[0m zeroize v1.9.0
2026-10-08T22:47:39.5056345Z [1m[92m   Compiling[0m static-automata-macros v1.0.3
2026-10-08T22:47:39.6655718Z [1m[92m   Compiling[0m static-automata v1.0.3
2026-10-08T22:47:39.7105760Z [1m[92m   Compiling[0m hash32 v0.3.1
2026-10-08T22:47:39.8046143Z [1m[92m   Compiling[0m phf v0.11.3
2026-10-08T22:47:39.8886381Z [1m[92m   Compiling[0m speaking v0.1.0 (https://github.com/dancxjo/tongues.git?rev=b5d7535b2ccd3730b4db878fb61b2e4e48ae89c9#b5d7535b)
2026-10-08T22:47:39.9555444Z [1m[92m   Compiling[0m tinyvec v1.13.3
2026-10-08T22:47:40.1026763Z [1m[92m   Compiling[0m ed25519-dalek v2.2.0
2026-10-08T22:47:40.2146245Z [1m[92m   Compiling[0m str-newtype-derive v2.0.0
2026-10-08T22:47:40.2168455Z [1m[92m   Compiling[0m stable_deref_trait v1.2.1
2026-10-08T22:47:40.2440652Z [1m[92m   Compiling[0m unicode-normalization v0.1.25
2026-10-08T22:47:40.2525846Z [1m[92m   Compiling[0m isolang v2.4.0
2026-10-08T22:47:40.5086066Z [1m[92m   Compiling[0m serde v1.0.229
2026-10-08T22:47:40.7686881Z [1m[92m   Compiling[0m dirs v6.0.0
2026-10-08T22:47:40.8115911Z [1m[92m   Compiling[0m sha2 v0.11.0
2026-10-08T22:47:40.8816372Z [1m[92m   Compiling[0m conduit-assigned-plan v0.1.0 (/home/runner/work/conduit/conduit/architecture/assigned-plan)
2026-10-08T22:47:40.8875328Z [1m[92m   Compiling[0m postcard v1.1.3
2026-10-08T22:47:41.0585689Z [1m[92m   Compiling[0m conduit-core v0.1.0 (/home/runner/work/conduit/conduit/architecture/core)
2026-10-08T22:47:41.3819060Z [1m[92m   Compiling[0m conduit-kernel v0.1.0 (/home/runner/work/conduit/conduit/architecture/kernel)
2026-10-08T22:47:42.2655998Z [1m[92m   Compiling[0m toml_datetime v0.6.11
2026-10-08T22:47:42.3336384Z [1m[92m   Compiling[0m serde_spanned v0.6.9
2026-10-08T22:47:42.3845939Z [1m[92m   Compiling[0m toml_edit v0.22.27
2026-10-08T22:47:42.3970036Z [1m[92m   Compiling[0m str-newtype v2.0.0
2026-10-08T22:47:42.4335915Z [1m[92m   Compiling[0m langtag v1.1.0
2026-10-08T22:47:43.5376518Z [1m[92m   Compiling[0m ryu v1.0.23
2026-10-08T22:47:43.6249378Z [1m[92m   Compiling[0m unicode-segmentation v1.13.3
2026-10-08T22:47:43.8966208Z [1m[92m   Compiling[0m toml v0.8.23
2026-10-08T22:47:44.5325699Z [1m[92m   Compiling[0m serde-json-core v0.6.0
2026-10-08T22:47:44.7606076Z [1m[92m   Compiling[0m find-msvc-tools v0.1.14
2026-10-08T22:47:44.8896589Z [1m[92m   Compiling[0m shlex v2.0.1
2026-10-08T22:47:44.9759285Z [1m[92m   Compiling[0m cc v1.6.0
2026-10-08T22:47:46.1056637Z [1m[92m   Compiling[0m rand_core v0.6.4
2026-10-08T22:47:46.2265870Z [1m[92m   Compiling[0m inout v0.1.4
2026-10-08T22:47:46.2789837Z [1m[92m   Compiling[0m crossbeam-utils v0.8.23
2026-10-08T22:47:46.4055775Z [1m[92m   Compiling[0m cipher v0.4.4
2026-10-08T22:47:46.5245878Z [1m[92m   Compiling[0m ring v0.17.14
2026-10-08T22:47:46.7703375Z [1m[92m   Compiling[0m universal-hash v0.5.1
2026-10-08T22:47:46.8226275Z [1m[92m   Compiling[0m opaque-debug v0.3.1
2026-10-08T22:47:46.8455400Z [1m[92m   Compiling[0m zerocopy v0.8.57
2026-10-08T22:47:47.0166273Z [1m[92m   Compiling[0m crossbeam-epoch v0.9.21
2026-10-08T22:47:47.1216156Z [1m[92m   Compiling[0m poly1305 v0.8.0
2026-10-08T22:47:50.9494873Z [1m[92m   Compiling[0m conduit-plot v0.1.0 (/home/runner/work/conduit/conduit/architecture/plot)
2026-10-08T22:47:57.4456408Z [1m[92m   Compiling[0m conduit-body v0.1.0 (/home/runner/work/conduit/conduit/architecture/body)
2026-10-08T22:47:57.5146888Z [1m[92m   Compiling[0m conduit-plan-lowering v0.1.0 (/home/runner/work/conduit/conduit/architecture/plan-lowering)
2026-10-08T22:47:57.7426995Z [1m[92m   Compiling[0m conduit-time v0.1.0 (/home/runner/work/conduit/conduit/semantics/time)
2026-10-08T22:47:58.2646238Z [1m[92m   Compiling[0m conduit-human v0.1.0 (/home/runner/work/conduit/conduit/semantics/human)
2026-10-08T22:48:02.7786399Z [1m[92m   Compiling[0m conduit-audio v0.1.0 (/home/runner/work/conduit/conduit/semantics/audio)
2026-10-08T22:48:03.0797466Z [1m[92m   Compiling[0m conduit-language v0.1.0 (/home/runner/work/conduit/conduit/semantics/language)
2026-10-08T22:48:03.1396512Z [1m[92m   Compiling[0m conduit-presentation v0.1.0 (/home/runner/work/conduit/conduit/semantics/presentation)
2026-10-08T22:48:03.2926895Z [1m[92m   Compiling[0m conduit-data v0.1.0 (/home/runner/work/conduit/conduit/semantics/data)
2026-10-08T22:48:07.8506817Z [1m[92m   Compiling[0m conduit-web v0.1.0 (/home/runner/work/conduit/conduit/semantics/web)
2026-10-08T22:48:08.6586673Z [1m[92m   Compiling[0m conduit-net v0.1.0 (/home/runner/work/conduit/conduit/semantics/net)
2026-10-08T22:48:08.8265855Z [1m[92m   Compiling[0m conduit-alife v0.1.0 (/home/runner/work/conduit/conduit/semantics/alife)
2026-10-08T22:48:09.0767433Z [1m[92m   Compiling[0m conduit-text v0.1.0 (/home/runner/work/conduit/conduit/semantics/text)
2026-10-08T22:48:09.3506014Z [1m[92m   Compiling[0m conduit-process v0.1.0 (/home/runner/work/conduit/conduit/semantics/process)
2026-10-08T22:48:09.5325969Z [1m[92m   Compiling[0m conduit-purpose v0.1.0 (/home/runner/work/conduit/conduit/semantics/purpose)
2026-10-08T22:48:09.6926448Z [1m[92m   Compiling[0m conduit-robotics v0.1.0 (/home/runner/work/conduit/conduit/semantics/robotics)
2026-10-08T22:48:13.7966483Z [1m[92m   Compiling[0m conduit-ai v0.1.0 (/home/runner/work/conduit/conduit/semantics/ai)
2026-10-08T22:48:16.7756601Z [1m[92m   Compiling[0m conduit-midi v0.1.0 (/home/runner/work/conduit/conduit/mechanisms/protocols/midi)
2026-10-08T22:48:16.9336844Z [1m[92m   Compiling[0m conduit-tongues v0.1.0 (/home/runner/work/conduit/conduit/semantics/tongues)
2026-10-08T22:48:16.9926294Z [1m[92m   Compiling[0m conduit-education v0.1.0 (/home/runner/work/conduit/conduit/semantics/education)
2026-10-08T22:48:17.1596772Z [1m[92m   Compiling[0m conduit-chat v0.1.0 (/home/runner/work/conduit/conduit/semantics/chat)
2026-10-08T22:48:17.4305842Z [1m[92m   Compiling[0m conduit-signal v0.1.0 (/home/runner/work/conduit/conduit/semantics/signal)
2026-10-08T22:48:17.7776628Z [1m[92m   Compiling[0m conduit-todo-plot v0.1.0 (/home/runner/work/conduit/conduit/plots/todo/model)
2026-10-08T22:48:17.8176497Z [1m[92m   Compiling[0m conduit-wire v0.1.0 (/home/runner/work/conduit/conduit/architecture/wire)
2026-10-08T22:48:17.9836285Z [1m[92m   Compiling[0m chacha20 v0.9.1
2026-10-08T22:48:18.3559132Z [1m[92m   Compiling[0m rustls-pki-types v1.15.1
2026-10-08T22:48:18.4253130Z [1m[92m   Compiling[0m aead v0.5.2
2026-10-08T22:48:18.4836742Z [1m[92m   Compiling[0m autocfg v1.5.1
2026-10-08T22:48:18.6215852Z [1m[92m   Compiling[0m arrayvec v0.7.8
2026-10-08T22:48:18.7005765Z [1m[92m   Compiling[0m httparse v1.10.1
2026-10-08T22:48:18.7386931Z [1m[92m   Compiling[0m crossbeam-deque v0.8.8
2026-10-08T22:48:18.8196105Z [1m[92m   Compiling[0m noise-protocol v0.2.1
2026-10-08T22:48:18.8465790Z [1m[92m   Compiling[0m num-traits v0.2.19
2026-10-08T22:48:18.8958780Z [1m[92m   Compiling[0m chacha20poly1305 v0.10.1
2026-10-08T22:48:18.9756366Z [1m[92m   Compiling[0m conduit-bluetooth v0.1.0 (/home/runner/work/conduit/conduit/mechanisms/protocols/bluetooth)
2026-10-08T22:48:19.1142311Z [1m[92m   Compiling[0m conduit-plot-library v0.1.0 (/home/runner/work/conduit/conduit/semantics/plot-library)
2026-10-08T22:48:19.1926504Z [1m[92m   Compiling[0m conduit-tutorial-plot v0.1.0 (/home/runner/work/conduit/conduit/semantics/tutorial)
2026-10-08T22:48:19.2916621Z [1m[92m   Compiling[0m conduit-body-invitation-plot v0.1.0 (/home/runner/work/conduit/conduit/semantics/body-invitation)
2026-10-08T22:48:19.4676130Z [1m[92m   Compiling[0m rand_core v0.10.1
2026-10-08T22:48:19.5385680Z [1m[92m   Compiling[0m parking_lot_core v0.9.12
2026-10-08T22:48:19.6335853Z [1m[92m   Compiling[0m getrandom v0.4.3
2026-10-08T22:48:19.7275691Z [1m[92m   Compiling[0m untrusted v0.9.0
2026-10-08T22:48:19.7809405Z [1m[92m   Compiling[0m rayon-core v1.13.0
2026-10-08T22:48:19.8446077Z [1m[92m   Compiling[0m log v0.4.34
2026-10-08T22:48:19.9395901Z [1m[92m   Compiling[0m bytes v1.12.1
2026-10-08T22:48:20.3555810Z [1m[92m   Compiling[0m http v1.5.0
2026-10-08T22:48:21.9555845Z [1m[92m   Compiling[0m ppv-lite86 v0.2.21
2026-10-08T22:48:22.2914615Z [1m[92m   Compiling[0m noise-rust-crypto v0.6.2
2026-10-08T22:48:22.7056350Z [1m[92m   Compiling[0m x25519-dalek v2.0.1
2026-10-08T22:48:22.7656406Z [1m[92m   Compiling[0m patchbay-control v0.1.0 (/home/runner/work/conduit/conduit/plots/patchbay)
2026-10-08T22:48:22.8653191Z [1m[92m   Compiling[0m scopeguard v1.2.0
2026-10-08T22:48:22.8975583Z [1m[92m   Compiling[0m rustls v0.23.45
2026-10-08T22:48:22.9576459Z [1m[92m   Compiling[0m smallvec v1.16.1
2026-10-08T22:48:23.2245748Z [1m[92m   Compiling[0m lock_api v0.4.14
2026-10-08T22:48:23.3667568Z [1m[92m   Compiling[0m conduit-protected-line v0.1.0 (/home/runner/work/conduit/conduit/architecture/protected-line)
2026-10-08T22:48:25.0165839Z [1m[92m   Compiling[0m rand_chacha v0.3.1
2026-10-08T22:48:25.2840892Z [1m[92m   Compiling[0m rustls-webpki v0.103.15
2026-10-08T22:48:25.9196216Z [1m[92m   Compiling[0m chacha20 v0.10.2
2026-10-08T22:48:26.0776984Z [1m[92m   Compiling[0m conduit-synth v0.1.0 (/home/runner/work/conduit/conduit/mechanisms/implementations/synth)
2026-10-08T22:48:26.2546453Z [1m[92m   Compiling[0m conduit-birth-plot v0.1.0 (/home/runner/work/conduit/conduit/plots/birth)
2026-10-08T22:48:26.6856127Z [1m[92m   Compiling[0m conduit-little-seismograph-fixture v0.1.0 (/home/runner/work/conduit/conduit/plots/little-seismograph/fixture)
2026-10-08T22:48:26.7686722Z [1m[92m   Compiling[0m conduit-composite v0.1.0 (/home/runner/work/conduit/conduit/architecture/composite)
2026-10-08T22:48:30.2195957Z [1m[92m   Compiling[0m conduit-finance v0.1.0 (/home/runner/work/conduit/conduit/semantics/finance)
2026-10-08T22:48:30.3996642Z [1m[92m   Compiling[0m once_cell v1.21.4
2026-10-08T22:48:30.5216229Z [1m[92m   Compiling[0m base64 v0.23.1
2026-10-08T22:48:30.7366452Z [1m[92m   Compiling[0m qrcode v0.14.1
2026-10-08T22:48:31.1046029Z [1m[92m   Compiling[0m either v1.18.0
2026-10-08T22:48:31.2195905Z [1m[92m   Compiling[0m getrandom v0.3.4
2026-10-08T22:48:31.3657168Z [1m[92m   Compiling[0m rayon v1.12.0
2026-10-08T22:48:31.9945376Z [1m[92m   Compiling[0m ureq-proto v0.6.4
2026-10-08T22:48:32.9465636Z [1m[92m   Compiling[0m rand v0.10.3
2026-10-08T22:48:33.4146420Z [1m[92m   Compiling[0m rand v0.8.8
2026-10-08T22:48:33.9046174Z [1m[92m   Compiling[0m ordered-float v3.9.2
2026-10-08T22:48:34.1246267Z [1m[92m   Compiling[0m parking_lot v0.12.5
2026-10-08T22:48:34.3466146Z [1m[92m   Compiling[0m webpki-roots v1.0.9
2026-10-08T22:48:34.3976405Z [1m[92m   Compiling[0m sha1 v0.11.0
2026-10-08T22:48:34.5238639Z [1m[92m   Compiling[0m num_cpus v1.17.0
2026-10-08T22:48:34.6735706Z [1m[92m   Compiling[0m percent-encoding v2.3.2
2026-10-08T22:48:34.7635920Z [1m[92m   Compiling[0m data-encoding v2.11.1
2026-10-08T22:48:35.2016211Z [1m[92m   Compiling[0m utf8-zero v0.8.1
2026-10-08T22:48:35.2816052Z [1m[92m   Compiling[0m ureq v3.4.2
2026-10-08T22:48:36.4626383Z [1m[92m   Compiling[0m conduit-planner v0.1.0 (/home/runner/work/conduit/conduit/architecture/planner)
2026-10-08T22:48:36.4705434Z [1m[92m   Compiling[0m tungstenite v0.30.0
2026-10-08T22:48:37.1616349Z [1m[92m   Compiling[0m instant-distance v0.6.1
2026-10-08T22:48:37.9675962Z [1m[92m   Compiling[0m rustls-pemfile v2.2.0
2026-10-08T22:48:38.0587176Z [1m[92m   Compiling[0m conduit-rp2040-network-realization v0.1.0 (/home/runner/work/conduit/conduit/targets/rp2040/network-realization)
2026-10-08T22:48:38.1927033Z [1m[92m   Compiling[0m conduit-emergency-keyword-spotter v0.1.0 (/home/runner/work/conduit/conduit/mechanisms/implementations/emergency-keyword-spotter)
2026-10-08T22:48:38.2026099Z [1m[92m   Compiling[0m patchbay-workbench-host-contract v0.1.0 (/home/runner/work/conduit/conduit/plots/patchbay/workbench/host-contract)
2026-10-08T22:48:38.2546792Z [1m[92m   Compiling[0m conduit-observatory v0.1.0 (/home/runner/work/conduit/conduit/architecture/observatory)
2026-10-08T22:48:38.2709038Z [1m[92m   Compiling[0m utf8parse v0.2.2
2026-10-08T22:48:38.2761578Z [1m[92m   Compiling[0m conduit-speech v0.1.0 (/home/runner/work/conduit/conduit/semantics/speech)
2026-10-08T22:48:38.3099841Z [1m[92m   Compiling[0m serde_json v1.0.151
2026-10-08T22:48:38.3796010Z [1m[92m   Compiling[0m anstyle-parse v1.0.0
2026-10-08T22:48:38.4646221Z [1m[92m   Compiling[0m is_terminal_polyfill v1.70.2
2026-10-08T22:48:38.5026267Z [1m[92m   Compiling[0m anstyle-query v1.1.5
2026-10-08T22:48:38.5315126Z [1m[92m   Compiling[0m colorchoice v1.0.5
2026-10-08T22:48:38.5746144Z [1m[92m   Compiling[0m anstyle v1.0.14
2026-10-08T22:48:38.6956366Z [1m[92m   Compiling[0m anstream v1.0.0
2026-10-08T22:48:39.4616210Z [1m[92m   Compiling[0m conduit-semantic-catalog v0.1.0 (/home/runner/work/conduit/conduit/semantics/catalog)
2026-10-08T22:48:40.3672701Z [1m[92m   Compiling[0m conduit-alife-distributed-conformance v0.1.0 (/home/runner/work/conduit/conduit/proof/conformance/alife-distributed)
2026-10-08T22:48:40.5287115Z [1m[92m   Compiling[0m strsim v0.11.1
2026-10-08T22:48:40.7125758Z [1m[92m   Compiling[0m clap_lex v1.1.1
2026-10-08T22:48:40.8405695Z [1m[92m   Compiling[0m heck v0.5.0
2026-10-08T22:48:40.9485602Z [1m[92m   Compiling[0m clap_derive v4.6.7
2026-10-08T22:48:41.2866461Z [1m[92m   Compiling[0m clap_builder v4.6.7
2026-10-08T22:48:42.1026200Z [1m[92m   Compiling[0m conduit-host-make v0.1.0 (/home/runner/work/conduit/conduit/make/host)
2026-10-08T22:48:43.4356704Z [1m[92m   Compiling[0m patchbay-graph v0.1.0 (/home/runner/work/conduit/conduit/plots/patchbay/graph)
2026-10-08T22:48:43.9686165Z [1m[92m   Compiling[0m patchbay-application v0.1.0 (/home/runner/work/conduit/conduit/plots/patchbay/application)
2026-10-08T22:48:45.3121985Z [1m[92m   Compiling[0m conduit-std-offers v0.1.0 (/home/runner/work/conduit/conduit/targets/std/offers)
2026-10-08T22:48:45.8856851Z [1m[92m   Compiling[0m conduit-host-browser-make v0.1.0 (/home/runner/work/conduit/conduit/targets/browser/make)
2026-10-08T22:48:46.0726159Z [1m[92m   Compiling[0m conduit-host-hosted v0.1.0 (/home/runner/work/conduit/conduit/targets/std/make)
2026-10-08T22:48:46.3166063Z [1m[92m   Compiling[0m conduit-signal-conformance v0.1.0 (/home/runner/work/conduit/conduit/proof/conformance/signal)
2026-10-08T22:48:46.3437162Z [1m[92m   Compiling[0m conduit-linear-framebuffer-make v0.1.0 (/home/runner/work/conduit/conduit/mechanisms/implementations/linear-framebuffer-make)
2026-10-08T22:48:46.4575844Z [1m[92m   Compiling[0m conduit-host-avr-make v0.1.0 (/home/runner/work/conduit/conduit/targets/avr/make)
2026-10-08T22:48:46.5427649Z [1m[92m   Compiling[0m conduit-host-orange-pi v0.1.0 (/home/runner/work/conduit/conduit/targets/orange-pi/make)
2026-10-08T22:48:46.6576752Z [1m[92m   Compiling[0m conduit-host-esp32-make v0.1.0 (/home/runner/work/conduit/conduit/targets/esp32/make)
2026-10-08T22:48:46.6855349Z [1m[92m   Compiling[0m conduit-host-conduitos-make v0.1.0 (/home/runner/work/conduit/conduit/targets/conduitos/make)
2026-10-08T22:48:46.8655942Z [1m[92m   Compiling[0m conduit-host-rp2040 v0.1.0 (/home/runner/work/conduit/conduit/targets/rp2040/make)
2026-10-08T22:48:46.9267089Z [1m[92m   Compiling[0m conduit-host-raspberry-pi v0.1.0 (/home/runner/work/conduit/conduit/targets/raspberry-pi/make)
2026-10-08T22:48:46.9766319Z [1m[92m   Compiling[0m conduit-browser-mask-offer v0.1.0 (/home/runner/work/conduit/conduit/targets/browser/mask-offer)
2026-10-08T22:48:46.9887493Z [1m[92m   Compiling[0m conduit-body-make v0.1.0 (/home/runner/work/conduit/conduit/make/body)
2026-10-08T22:48:47.1428860Z [1m[92m   Compiling[0m conduit-tour-model v0.1.0 (/home/runner/work/conduit/conduit/plots/tour)
2026-10-08T22:48:47.3361803Z [1m[92m   Compiling[0m conduit-r1-network-conformance v0.1.0 (/home/runner/work/conduit/conduit/proof/conformance/network-r1)
2026-10-08T22:48:47.5096055Z [1m[92m   Compiling[0m conduit-workspace-make v0.1.0 (/home/runner/work/conduit/conduit/make/workspace)
2026-10-08T22:48:47.7996533Z [1m[92m   Compiling[0m conduit-patchbay-workbench-conformance v0.1.0 (/home/runner/work/conduit/conduit/proof/conformance/patchbay-workbench)
2026-10-08T22:48:47.9926244Z [1m[92m   Compiling[0m conduit-browser-patchbay-workbench v0.1.0 (/home/runner/work/conduit/conduit/targets/browser/patchbay-workbench)
2026-10-08T22:48:48.1336314Z [1m[92m   Compiling[0m conduit-browser-host v0.1.0 (/home/runner/work/conduit/conduit/targets/browser/host)
2026-10-08T22:48:48.3436235Z [1m[92m   Compiling[0m clap v4.6.7
2026-10-08T22:48:48.3485971Z [1m[92m   Compiling[0m conduit-conduitos-mask-offer v0.1.0 (/home/runner/work/conduit/conduit/targets/conduitos/mask-offer)
2026-10-08T22:48:48.3895494Z [1m[92m   Compiling[0m conduit-todo-face v0.1.0 (/home/runner/work/conduit/conduit/plots/todo/face)
2026-10-08T22:48:48.5512082Z [1m[92m   Compiling[0m patchbay-svg-mask v0.1.0 (/home/runner/work/conduit/conduit/plots/patchbay/workbench/svg-mask)
2026-10-08T22:48:48.5566982Z [1m[92m   Compiling[0m socket2 v0.6.5
2026-10-08T22:48:49.4609645Z [1m[92m   Compiling[0m conduit-browser-runtime v0.1.0 (/home/runner/work/conduit/conduit/targets/browser/runtime)
2026-10-08T22:48:59.0947723Z [1m[92m   Compiling[0m conduit-patchbay-workbench v0.1.0 (/home/runner/work/conduit/conduit/plots/patchbay/workbench/model)
2026-10-08T22:51:09.3929604Z [1m[92m   Compiling[0m conduit-std-host v0.1.0 (/home/runner/work/conduit/conduit/targets/std)
2026-10-08T22:51:17.9999249Z [1m[92m   Compiling[0m patchbay-hosted v0.1.0 (/home/runner/work/conduit/conduit/targets/std/patchbay-workbench)
2026-10-08T22:51:18.1321510Z [1m[92m   Compiling[0m conduit v0.1.0 (/home/runner/work/conduit/conduit/products/conduit)
2026-10-08T22:51:30.6970345Z [1m[92m    Finished[0m `dev` profile [unoptimized] target(s) in 3m 55s
2026-10-08T22:51:30.7302817Z > cargo +1.98.1-x86_64-unknown-linux-gnu xtask make host release --platform browser --output /home/runner/work/conduit/conduit/target/pipeline/browser/host-release --locked
2026-10-08T22:51:30.9254308Z [1m[92m    Finished[0m `dev` profile [unoptimized] target(s) in 0.18s
2026-10-08T22:51:30.9322619Z [1m[92m     Running[0m `target/debug/conduit-xtask-dispatch make host release --platform browser --output /home/runner/work/conduit/conduit/target/pipeline/browser/host-release --locked`
2026-10-08T22:51:31.2119618Z [1m[92m   Compiling[0m proc-macro2 v1.0.107
2026-10-08T22:51:31.2120184Z [1m[92m   Compiling[0m unicode-ident v1.0.26
2026-10-08T22:51:31.2138709Z [1m[92m   Compiling[0m quote v1.0.47
2026-10-08T22:51:31.2165570Z [1m[92m   Compiling[0m version_check v0.9.5
2026-10-08T22:51:31.2705983Z [1m[92m   Compiling[0m typenum v1.20.1
2026-10-08T22:51:31.3321829Z [1m[92m   Compiling[0m libm v0.2.16
2026-10-08T22:51:31.4028031Z [1m[92m   Compiling[0m generic-array v0.14.7
2026-10-08T22:51:31.4616140Z [1m[92m   Compiling[0m cpufeatures v0.2.17
2026-10-08T22:51:31.4813576Z [1m[92m   Compiling[0m cfg-if v1.0.5
2026-10-08T22:51:31.4902166Z [1m[92m   Compiling[0m serde_core v1.0.229
2026-10-08T22:51:31.6285715Z [1m[92m   Compiling[0m serde v1.0.229
2026-10-08T22:51:31.8785852Z [1m[92m   Compiling[0m syn v3.0.6
2026-10-08T22:51:32.2275743Z [1m[92m   Compiling[0m block-buffer v0.10.4
2026-10-08T22:51:32.2946166Z [1m[92m   Compiling[0m crypto-common v0.1.7
2026-10-08T22:51:32.3476468Z [1m[92m   Compiling[0m digest v0.10.7
2026-10-08T22:51:32.4425783Z [1m[92m   Compiling[0m sha2 v0.10.9
2026-10-08T22:51:33.2526216Z [1m[92m   Compiling[0m thiserror v2.0.20
2026-10-08T22:51:33.4405981Z [1m[92m   Compiling[0m zmij v1.0.23
2026-10-08T22:51:33.5319927Z [1m[92m   Compiling[0m serde_json v1.0.151
2026-10-08T22:51:33.6168390Z [1m[92m   Compiling[0m memchr v2.8.3
2026-10-08T22:51:33.7560632Z [1m[92m   Compiling[0m itoa v1.0.18
2026-10-08T22:51:33.8515460Z [1m[92m   Compiling[0m minicbor v2.3.0
2026-10-08T22:51:34.0907485Z [1m[92m   Compiling[0m equivalent v1.0.2
2026-10-08T22:51:34.1186825Z [1m[92m   Compiling[0m hashbrown v0.17.1
2026-10-08T22:51:34.5446034Z [1m[92m   Compiling[0m indexmap v2.14.2
2026-10-08T22:51:34.5665797Z [1m[92m   Compiling[0m toml_write v0.1.2
2026-10-08T22:51:34.6766269Z [1m[92m   Compiling[0m utf8parse v0.2.2
2026-10-08T22:51:34.7176076Z [1m[92m   Compiling[0m winnow v0.7.15
2026-10-08T22:51:34.8016220Z [1m[92m   Compiling[0m serde_derive v1.0.229
2026-10-08T22:51:35.0326221Z [1m[92m   Compiling[0m thiserror-impl v2.0.20
2026-10-08T22:51:35.0546390Z [1m[92m   Compiling[0m anstyle-parse v1.0.0
2026-10-08T22:51:35.1440533Z [1m[92m   Compiling[0m anstyle v1.0.14
2026-10-08T22:51:35.2763136Z [1m[92m   Compiling[0m is_terminal_polyfill v1.70.2
2026-10-08T22:51:35.3145916Z [1m[92m   Compiling[0m colorchoice v1.0.5
2026-10-08T22:51:35.3576229Z [1m[92m   Compiling[0m anstyle-query v1.1.5
2026-10-08T22:51:35.4026296Z [1m[92m   Compiling[0m anstream v1.0.0
2026-10-08T22:51:35.5787228Z [1m[92m   Compiling[0m clap_lex v1.1.1
2026-10-08T22:51:35.6936345Z [1m[92m   Compiling[0m heck v0.5.0
2026-10-08T22:51:35.8096619Z [1m[92m   Compiling[0m strsim v0.11.1
2026-10-08T22:51:35.9106003Z [1m[92m   Compiling[0m cobs v0.3.0
2026-10-08T22:51:35.9900108Z [1m[92m   Compiling[0m clap_builder v4.6.7
2026-10-08T22:51:36.0065963Z [1m[92m   Compiling[0m clap_derive v4.6.7
2026-10-08T22:51:36.9576121Z [1m[92m   Compiling[0m conduit-assigned-plan v0.1.0 (/home/runner/work/conduit/conduit/architecture/assigned-plan)
2026-10-08T22:51:37.1525222Z [1m[92m   Compiling[0m conduit-core v0.1.0 (/home/runner/work/conduit/conduit/architecture/core)
2026-10-08T22:51:37.2366614Z [1m[92m   Compiling[0m postcard v1.1.3
2026-10-08T22:51:37.4615537Z [1m[92m   Compiling[0m serde_spanned v0.6.9
2026-10-08T22:51:37.5146158Z [1m[92m   Compiling[0m toml_datetime v0.6.11
2026-10-08T22:51:37.6596065Z [1m[92m   Compiling[0m toml_edit v0.22.27
2026-10-08T22:51:38.3196137Z [1m[92m   Compiling[0m clap v4.6.7
2026-10-08T22:51:38.9516517Z [1m[92m   Compiling[0m toml v0.8.23
2026-10-08T22:51:44.1219144Z [1m[92m   Compiling[0m conduit-plot v0.1.0 (/home/runner/work/conduit/conduit/architecture/plot)
2026-10-08T22:51:44.1220410Z [1m[92m   Compiling[0m conduit-body v0.1.0 (/home/runner/work/conduit/conduit/architecture/body)
2026-10-08T22:51:51.0922931Z [1m[92m   Compiling[0m conduit-time v0.1.0 (/home/runner/work/conduit/conduit/semantics/time)
2026-10-08T22:51:51.0923888Z [1m[92m   Compiling[0m conduit-human v0.1.0 (/home/runner/work/conduit/conduit/semantics/human)
2026-10-08T22:51:51.0925528Z [1m[92m   Compiling[0m conduit-audio v0.1.0 (/home/runner/work/conduit/conduit/semantics/audio)
2026-10-08T22:51:55.9636646Z [1m[92m   Compiling[0m conduit-data v0.1.0 (/home/runner/work/conduit/conduit/semantics/data)
2026-10-08T22:51:56.6446635Z [1m[92m   Compiling[0m conduit-presentation v0.1.0 (/home/runner/work/conduit/conduit/semantics/presentation)
2026-10-08T22:51:57.8426964Z [1m[92m   Compiling[0m conduit-web v0.1.0 (/home/runner/work/conduit/conduit/semantics/web)
2026-10-08T22:51:58.0526292Z [1m[92m   Compiling[0m conduit-robotics v0.1.0 (/home/runner/work/conduit/conduit/semantics/robotics)
2026-10-08T22:51:58.3136690Z [1m[92m   Compiling[0m conduit-alife v0.1.0 (/home/runner/work/conduit/conduit/semantics/alife)
2026-10-08T22:51:59.7277323Z [1m[92m   Compiling[0m conduit-purpose v0.1.0 (/home/runner/work/conduit/conduit/semantics/purpose)
2026-10-08T22:51:59.9075813Z [1m[92m   Compiling[0m conduit-process v0.1.0 (/home/runner/work/conduit/conduit/semantics/process)
2026-10-08T22:52:00.1095817Z [1m[92m   Compiling[0m conduit-text v0.1.0 (/home/runner/work/conduit/conduit/semantics/text)
2026-10-08T22:52:00.3156223Z [1m[92m   Compiling[0m conduit-net v0.1.0 (/home/runner/work/conduit/conduit/semantics/net)
2026-10-08T22:52:03.1626847Z [1m[92m   Compiling[0m conduit-education v0.1.0 (/home/runner/work/conduit/conduit/semantics/education)
2026-10-08T22:52:04.2992694Z [1m[92m   Compiling[0m conduit-midi v0.1.0 (/home/runner/work/conduit/conduit/mechanisms/protocols/midi)
2026-10-08T22:52:04.9173076Z [1m[92m   Compiling[0m conduit-semantic-catalog v0.1.0 (/home/runner/work/conduit/conduit/semantics/catalog)
2026-10-08T22:52:06.4377935Z [1m[92m   Compiling[0m conduit-host-make v0.1.0 (/home/runner/work/conduit/conduit/make/host)
2026-10-08T22:52:08.3478093Z [1m[92m   Compiling[0m conduit-host-browser-make v0.1.0 (/home/runner/work/conduit/conduit/targets/browser/make)
2026-10-08T22:52:08.7394437Z [1m[92m   Compiling[0m conduit-xtask-dispatch v0.1.0 (/home/runner/work/conduit/conduit/tools/xtask-dispatch)
2026-10-08T22:52:09.3790937Z [1m[92m    Finished[0m `dev` profile [unoptimized] target(s) in 38.43s
2026-10-08T22:52:09.3900941Z [1m[92m     Running[0m `target/xtask-host-release/debug/conduit-xtask-dispatch host release --platform browser --output /home/runner/work/conduit/conduit/target/pipeline/browser/host-release --locked`
2026-10-08T22:52:09.6669665Z [1m[92m   Compiling[0m proc-macro2 v1.0.107
2026-10-08T22:52:09.6671101Z [1m[92m   Compiling[0m unicode-ident v1.0.26
2026-10-08T22:52:09.6671481Z [1m[92m   Compiling[0m quote v1.0.47
2026-10-08T22:52:09.6671775Z [1m[92m   Compiling[0m version_check v0.9.5
2026-10-08T22:52:09.7233847Z [1m[92m   Compiling[0m libm v0.2.16
2026-10-08T22:52:09.7836365Z [1m[92m   Compiling[0m typenum v1.20.1
2026-10-08T22:52:09.8369619Z [1m[92m   Compiling[0m generic-array v0.14.7
2026-10-08T22:52:09.8507217Z [1m[92m   Compiling[0m serde_core v1.0.229
2026-10-08T22:52:09.9152159Z [1m[92m   Compiling[0m serde v1.0.229
2026-10-08T22:52:10.0566128Z [1m[92m   Compiling[0m cpufeatures v0.2.17
2026-10-08T22:52:10.0815590Z [1m[92m   Compiling[0m cfg-if v1.0.5
2026-10-08T22:52:10.4566492Z [1m[92m   Compiling[0m syn v3.0.6
2026-10-08T22:52:10.6866501Z [1m[92m   Compiling[0m crypto-common v0.1.7
2026-10-08T22:52:10.7346097Z [1m[92m   Compiling[0m block-buffer v0.10.4
2026-10-08T22:52:10.7961928Z [1m[92m   Compiling[0m digest v0.10.7
2026-10-08T22:52:10.8886745Z [1m[92m   Compiling[0m sha2 v0.10.9
2026-10-08T22:52:12.1895835Z [1m[92m   Compiling[0m serde_derive v1.0.229
2026-10-08T22:52:12.6282214Z [1m[92m   Compiling[0m thiserror v2.0.20
2026-10-08T22:52:12.7686019Z [1m[92m   Compiling[0m thiserror-impl v2.0.20
2026-10-08T22:52:12.9982916Z [1m[92m   Compiling[0m semver v1.0.28
2026-10-08T22:52:13.0316193Z [1m[92m   Compiling[0m zmij v1.0.23
2026-10-08T22:52:13.1563054Z [1m[92m   Compiling[0m rustc_version v0.4.1
2026-10-08T22:52:13.2036447Z [1m[92m   Compiling[0m serde_json v1.0.151
2026-10-08T22:52:13.3436469Z [1m[92m   Compiling[0m curve25519-dalek v4.1.3
2026-10-08T22:52:13.4286191Z [1m[92m   Compiling[0m memchr v2.8.3
2026-10-08T22:52:13.4436039Z [1m[92m   Compiling[0m itoa v1.0.18
2026-10-08T22:52:13.5980244Z [1m[92m   Compiling[0m signature v2.2.0
2026-10-08T22:52:13.6520028Z [1m[92m   Compiling[0m subtle v2.6.1
2026-10-08T22:52:13.6686192Z [1m[92m   Compiling[0m zeroize v1.9.0
2026-10-08T22:52:13.8776555Z [1m[92m   Compiling[0m cobs v0.3.0
2026-10-08T22:52:14.0016067Z [1m[92m   Compiling[0m ed25519 v2.2.3
2026-10-08T22:52:14.1186074Z [1m[92m   Compiling[0m minicbor v2.3.0
2026-10-08T22:52:14.6766736Z [1m[92m   Compiling[0m conduit-assigned-plan v0.1.0 (/home/runner/work/conduit/conduit/architecture/assigned-plan)
2026-10-08T22:52:14.8566964Z [1m[92m   Compiling[0m conduit-core v0.1.0 (/home/runner/work/conduit/conduit/architecture/core)
2026-10-08T22:52:15.1007705Z [1m[92m   Compiling[0m postcard v1.1.3
2026-10-08T22:52:15.3366246Z [1m[92m   Compiling[0m conduit-kernel v0.1.0 (/home/runner/work/conduit/conduit/architecture/kernel)
2026-10-08T22:52:15.4785806Z [1m[92m   Compiling[0m ed25519-dalek v2.2.0
2026-10-08T22:52:15.7136193Z [1m[92m   Compiling[0m equivalent v1.0.2
2026-10-08T22:52:15.7525977Z [1m[92m   Compiling[0m hashbrown v0.17.1
2026-10-08T22:52:16.2461765Z [1m[92m   Compiling[0m indexmap v2.14.2
2026-10-08T22:52:16.5685941Z [1m[92m   Compiling[0m toml_datetime v0.6.11
2026-10-08T22:52:16.8072791Z [1m[92m   Compiling[0m serde_spanned v0.6.9
2026-10-08T22:52:16.8447492Z [1m[92m   Compiling[0m winnow v0.7.15
2026-10-08T22:52:16.8766030Z [1m[92m   Compiling[0m toml_write v0.1.2
2026-10-08T22:52:17.0166018Z [1m[92m   Compiling[0m proc-macro-error-attr v1.0.4
2026-10-08T22:52:17.0816063Z [1m[92m   Compiling[0m syn v1.0.109
2026-10-08T22:52:17.2436386Z [1m[92m   Compiling[0m syn v2.0.119
2026-10-08T22:52:18.5366280Z [1m[92m   Compiling[0m toml_edit v0.22.27
2026-10-08T22:52:20.0686749Z [1m[92m   Compiling[0m toml v0.8.23
2026-10-08T22:52:21.0802346Z [1m[92m   Compiling[0m proc-macro-error v1.0.4
2026-10-08T22:52:21.8326638Z [1m[92m   Compiling[0m thiserror v1.0.69
2026-10-08T22:52:21.9516714Z [1m[92m   Compiling[0m heapless v0.8.0
2026-10-08T22:52:22.0646013Z [1m[92m   Compiling[0m byteorder v1.5.0
2026-10-08T22:52:22.1706370Z [1m[92m   Compiling[0m hash32 v0.3.1
2026-10-08T22:52:22.3055935Z [1m[92m   Compiling[0m thiserror-impl v1.0.69
2026-10-08T22:52:23.0927886Z [1m[92m   Compiling[0m hybrid-array v0.4.15
2026-10-08T22:52:23.4825822Z [1m[92m   Compiling[0m stable_deref_trait v1.2.1
2026-10-08T22:52:23.9920660Z [1m[92m   Compiling[0m ryu v1.0.23
2026-10-08T22:52:24.1636332Z [1m[92m   Compiling[0m siphasher v1.0.3
2026-10-08T22:52:24.2996589Z [1m[92m   Compiling[0m conduit-plot v0.1.0 (/home/runner/work/conduit/conduit/architecture/plot)
2026-10-08T22:52:24.8276178Z [1m[92m   Compiling[0m phf_shared v0.11.3
2026-10-08T22:52:24.9396346Z [1m[92m   Compiling[0m serde-json-core v0.6.0
2026-10-08T22:52:25.7866218Z [1m[92m   Compiling[0m conduit-body v0.1.0 (/home/runner/work/conduit/conduit/architecture/body)
2026-10-08T22:52:32.4482055Z [1m[92m   Compiling[0m conduit-time v0.1.0 (/home/runner/work/conduit/conduit/semantics/time)
2026-10-08T22:52:36.4185607Z [1m[92m   Compiling[0m conduit-human v0.1.0 (/home/runner/work/conduit/conduit/semantics/human)
2026-10-08T22:52:37.9796586Z [1m[92m   Compiling[0m conduit-data v0.1.0 (/home/runner/work/conduit/conduit/semantics/data)
2026-10-08T22:52:40.1086513Z [1m[92m   Compiling[0m conduit-presentation v0.1.0 (/home/runner/work/conduit/conduit/semantics/presentation)
2026-10-08T22:52:40.6676156Z [1m[92m   Compiling[0m conduit-audio v0.1.0 (/home/runner/work/conduit/conduit/semantics/audio)
2026-10-08T22:52:43.1917149Z [1m[92m   Compiling[0m conduit-web v0.1.0 (/home/runner/work/conduit/conduit/semantics/web)
2026-10-08T22:52:53.6595952Z [1m[92m   Compiling[0m conduit-text v0.1.0 (/home/runner/work/conduit/conduit/semantics/text)
2026-10-08T22:52:53.8475944Z [1m[92m   Compiling[0m conduit-language v0.1.0 (/home/runner/work/conduit/conduit/semantics/language)
2026-10-08T22:52:54.0497073Z [1m[92m   Compiling[0m conduit-net v0.1.0 (/home/runner/work/conduit/conduit/semantics/net)
2026-10-08T22:52:59.0056807Z [1m[92m   Compiling[0m conduit-education v0.1.0 (/home/runner/work/conduit/conduit/semantics/education)
2026-10-08T22:52:59.2315811Z [1m[92m   Compiling[0m conduit-process v0.1.0 (/home/runner/work/conduit/conduit/semantics/process)
2026-10-08T22:52:59.4146780Z [1m[92m   Compiling[0m conduit-purpose v0.1.0 (/home/runner/work/conduit/conduit/semantics/purpose)
2026-10-08T22:52:59.5860835Z [1m[92m   Compiling[0m conduit-robotics v0.1.0 (/home/runner/work/conduit/conduit/semantics/robotics)
2026-10-08T22:52:59.8260757Z [1m[92m   Compiling[0m conduit-alife v0.1.0 (/home/runner/work/conduit/conduit/semantics/alife)
2026-10-08T22:53:04.6616743Z [1m[92m   Compiling[0m conduit-midi v0.1.0 (/home/runner/work/conduit/conduit/mechanisms/protocols/midi)
2026-10-08T22:53:04.9436077Z [1m[92m   Compiling[0m conduit-ai v0.1.0 (/home/runner/work/conduit/conduit/semantics/ai)
2026-10-08T22:53:06.0117850Z [1m[92m   Compiling[0m conduit-signal v0.1.0 (/home/runner/work/conduit/conduit/semantics/signal)
2026-10-08T22:53:06.1702016Z [1m[92m   Compiling[0m conduit-chat v0.1.0 (/home/runner/work/conduit/conduit/semantics/chat)
2026-10-08T22:53:06.3279119Z [1m[92m   Compiling[0m conduit-wire v0.1.0 (/home/runner/work/conduit/conduit/architecture/wire)
2026-10-08T22:53:06.4848800Z [1m[92m   Compiling[0m str-newtype-derive v2.0.0
2026-10-08T22:53:06.5060508Z [1m[92m   Compiling[0m static-automata-macros v1.0.3
2026-10-08T22:53:06.6486090Z [1m[92m   Compiling[0m crypto-common v0.2.2
2026-10-08T22:53:07.1156193Z [1m[92m   Compiling[0m block-buffer v0.12.1
2026-10-08T22:53:07.1885642Z [1m[92m   Compiling[0m anyhow v1.0.104
2026-10-08T22:53:07.3029881Z [1m[92m   Compiling[0m option-ext v0.2.0
2026-10-08T22:53:07.3378629Z [1m[92m   Compiling[0m const-oid v0.10.2
2026-10-08T22:53:07.4816124Z [1m[92m   Compiling[0m digest v0.11.3
2026-10-08T22:53:07.5665829Z [1m[92m   Compiling[0m dirs-sys v0.5.0
2026-10-08T22:53:07.6495555Z [1m[92m   Compiling[0m str-newtype v2.0.0
2026-10-08T22:53:07.6855795Z [1m[92m   Compiling[0m static-automata v1.0.3
2026-10-08T22:53:07.7350757Z [1m[92m   Compiling[0m conduit-todo-plot v0.1.0 (/home/runner/work/conduit/conduit/plots/todo/model)
2026-10-08T22:53:07.7399664Z [1m[92m   Compiling[0m phf v0.11.3
2026-10-08T22:53:07.8206924Z [1m[92m   Compiling[0m speaking v0.1.0 (https://github.com/dancxjo/tongues.git?rev=b5d7535b2ccd3730b4db878fb61b2e4e48ae89c9#b5d7535b)
2026-10-08T22:53:07.8855973Z [1m[92m   Compiling[0m tinyvec v1.13.3
2026-10-08T22:53:08.0235778Z [1m[92m   Compiling[0m isolang v2.4.0
2026-10-08T22:53:08.1456602Z [1m[92m   Compiling[0m unicode-normalization v0.1.25
2026-10-08T22:53:09.6235869Z [1m[92m   Compiling[0m langtag v1.1.0
2026-10-08T22:53:11.5961060Z [1m[92m   Compiling[0m dirs v6.0.0
2026-10-08T22:53:11.6365831Z [1m[92m   Compiling[0m sha2 v0.11.0
2026-10-08T22:53:12.6826408Z [1m[92m   Compiling[0m conduit-tongues v0.1.0 (/home/runner/work/conduit/conduit/semantics/tongues)
2026-10-08T22:53:12.9427271Z [1m[92m   Compiling[0m conduit-tutorial-plot v0.1.0 (/home/runner/work/conduit/conduit/semantics/tutorial)
2026-10-08T22:53:12.9996308Z [1m[92m   Compiling[0m conduit-body-invitation-plot v0.1.0 (/home/runner/work/conduit/conduit/semantics/body-invitation)
2026-10-08T22:53:13.1306956Z [1m[92m   Compiling[0m conduit-plot-library v0.1.0 (/home/runner/work/conduit/conduit/semantics/plot-library)
2026-10-08T22:53:13.1879353Z [1m[92m   Compiling[0m conduit-plan-lowering v0.1.0 (/home/runner/work/conduit/conduit/architecture/plan-lowering)
2026-10-08T22:53:13.3190898Z [1m[92m   Compiling[0m unicode-segmentation v1.13.3
2026-10-08T22:53:15.6366630Z [1m[92m   Compiling[0m conduit-bluetooth v0.1.0 (/home/runner/work/conduit/conduit/mechanisms/protocols/bluetooth)
2026-10-08T22:53:15.9326344Z [1m[92m   Compiling[0m patchbay-control v0.1.0 (/home/runner/work/conduit/conduit/plots/patchbay)
2026-10-08T22:53:16.4757052Z [1m[92m   Compiling[0m conduit-composite v0.1.0 (/home/runner/work/conduit/conduit/architecture/composite)
2026-10-08T22:53:25.5936879Z [1m[92m   Compiling[0m conduit-planner v0.1.0 (/home/runner/work/conduit/conduit/architecture/planner)
2026-10-08T22:53:32.3836446Z [1m[92m   Compiling[0m conduit-semantic-catalog v0.1.0 (/home/runner/work/conduit/conduit/semantics/catalog)
2026-10-08T22:53:38.5856134Z [1m[92m   Compiling[0m conduit-host-make v0.1.0 (/home/runner/work/conduit/conduit/make/host)
2026-10-08T22:53:42.2347224Z [1m[92m   Compiling[0m conduit-std-offers v0.1.0 (/home/runner/work/conduit/conduit/targets/std/offers)
2026-10-08T22:53:43.0846394Z [1m[92m   Compiling[0m conduit-host-browser-make v0.1.0 (/home/runner/work/conduit/conduit/targets/browser/make)
2026-10-08T22:53:43.4606327Z [1m[92m   Compiling[0m patchbay-graph v0.1.0 (/home/runner/work/conduit/conduit/plots/patchbay/graph)
2026-10-08T22:53:43.5707232Z [1m[92m   Compiling[0m conduit-browser-mask-offer v0.1.0 (/home/runner/work/conduit/conduit/targets/browser/mask-offer)
2026-10-08T22:53:43.8556388Z [1m[92m   Compiling[0m patchbay-application v0.1.0 (/home/runner/work/conduit/conduit/plots/patchbay/application)
2026-10-08T22:53:44.8536038Z [1m[92m   Compiling[0m conduit-host-hosted v0.1.0 (/home/runner/work/conduit/conduit/targets/std/make)
2026-10-08T22:53:45.4874434Z [1m[92m   Compiling[0m conduit-signal-conformance v0.1.0 (/home/runner/work/conduit/conduit/proof/conformance/signal)
2026-10-08T22:53:46.2757144Z [1m[92m   Compiling[0m conduit-host-conduitos-make v0.1.0 (/home/runner/work/conduit/conduit/targets/conduitos/make)
2026-10-08T22:53:46.7724581Z [1m[92m   Compiling[0m conduit-host-orange-pi v0.1.0 (/home/runner/work/conduit/conduit/targets/orange-pi/make)
2026-10-08T22:53:47.2696780Z [1m[92m   Compiling[0m conduit-linear-framebuffer-make v0.1.0 (/home/runner/work/conduit/conduit/mechanisms/implementations/linear-framebuffer-make)
2026-10-08T22:53:47.6096871Z [1m[92m   Compiling[0m conduit-host-avr-make v0.1.0 (/home/runner/work/conduit/conduit/targets/avr/make)
2026-10-08T22:53:47.7026250Z [1m[92m   Compiling[0m conduit-host-raspberry-pi v0.1.0 (/home/runner/work/conduit/conduit/targets/raspberry-pi/make)
2026-10-08T22:53:47.7811826Z [1m[92m   Compiling[0m conduit-host-esp32-make v0.1.0 (/home/runner/work/conduit/conduit/targets/esp32/make)
2026-10-08T22:53:47.8646782Z [1m[92m   Compiling[0m conduit-body-make v0.1.0 (/home/runner/work/conduit/conduit/make/body)
2026-10-08T22:53:49.9087169Z [1m[92m   Compiling[0m conduit-host-rp2040 v0.1.0 (/home/runner/work/conduit/conduit/targets/rp2040/make)
2026-10-08T22:53:49.9206311Z [1m[92m   Compiling[0m conduit-tour-model v0.1.0 (/home/runner/work/conduit/conduit/plots/tour)
2026-10-08T22:53:51.3396617Z [1m[92m   Compiling[0m conduit-synth v0.1.0 (/home/runner/work/conduit/conduit/mechanisms/implementations/synth)
2026-10-08T22:53:51.6476313Z [1m[92m   Compiling[0m conduit-birth-plot v0.1.0 (/home/runner/work/conduit/conduit/plots/birth)
2026-10-08T22:53:51.7577063Z [1m[92m   Compiling[0m conduit-little-seismograph-fixture v0.1.0 (/home/runner/work/conduit/conduit/plots/little-seismograph/fixture)
2026-10-08T22:53:51.8936559Z [1m[92m   Compiling[0m qrcode v0.14.1
2026-10-08T22:53:57.4476159Z [1m[92m   Compiling[0m conduit-browser-runtime v0.1.0 (/home/runner/work/conduit/conduit/targets/browser/runtime)
2026-10-08T22:54:19.3405709Z [1m[92m    Finished[0m `release` profile [optimized] target(s) in 2m 09s
2026-10-08T22:54:19.5113806Z SEALED existing-computer Host releases in /home/runner/work/conduit/conduit/target/pipeline/browser/host-release
2026-10-08T22:54:19.5120137Z > cargo +1.98.1-x86_64-unknown-linux-gnu xtask make host release-catalog --root /home/runner/work/conduit/conduit/target/pipeline/browser/host-release --generation 1 --locked
2026-10-08T22:54:19.6945005Z [1m[92m    Finished[0m `dev` profile [unoptimized] target(s) in 0.17s
2026-10-08T22:54:19.7007016Z [1m[92m     Running[0m `target/debug/conduit-xtask-dispatch make host release-catalog --root /home/runner/work/conduit/conduit/target/pipeline/browser/host-release --generation 1 --locked`
2026-10-08T22:54:19.7056690Z SEALED release catalog /home/runner/work/conduit/conduit/target/pipeline/browser/host-release/release-catalog.json generation=1 targets=1
2026-10-08T22:54:19.7060866Z > sh targets/browser/tools/stage-browser-workspace.sh /home/runner/work/conduit/conduit/target/pipeline/browser/host-release/runtime.wasm target/workspace-product /home/runner/work/conduit/conduit/target/pipeline/browser/host-release
2026-10-08T22:54:19.9889883Z [1m[92m    Finished[0m `dev` profile [unoptimized] target(s) in 0.17s
2026-10-08T22:54:19.9952038Z [1m[92m     Running[0m `target/debug/conduit-xtask-dispatch make host release-catalog --root target/workspace-product/artifacts --generation 1`
2026-10-08T22:54:20.0013917Z SEALED release catalog target/workspace-product/artifacts/release-catalog.json generation=1 targets=1
2026-10-08T22:54:20.2087981Z [1m[92m    Finished[0m `dev` profile [unoptimized] target(s) in 0.18s
2026-10-08T22:54:20.2150284Z [1m[92m     Running[0m `target/debug/conduit-xtask-dispatch check plots bundle-initial-body --output target/workspace-product/plots/initial-body.conduit`
2026-10-08T22:54:20.3739821Z [1m[92m Downloading[0m crates ...
2026-10-08T22:54:20.4218881Z [1m[92m  Downloaded[0m bitflags v1.3.2
2026-10-08T22:54:20.4281847Z [1m[92m  Downloaded[0m arrayref v0.3.9
2026-10-08T22:54:20.4320448Z [1m[92m  Downloaded[0m base64 v0.22.1
2026-10-08T22:54:20.4374717Z [1m[92m  Downloaded[0m adler2 v2.0.1
2026-10-08T22:54:20.4452441Z [1m[92m  Downloaded[0m bitflags v2.13.2
2026-10-08T22:54:20.4470831Z [1m[92m  Downloaded[0m float-cmp v0.9.0
2026-10-08T22:54:20.4527152Z [1m[92m  Downloaded[0m icu_locale_fallback_data v2.3.0
2026-10-08T22:54:20.4536497Z [1m[92m  Downloaded[0m base64 v0.13.1
2026-10-08T22:54:20.4610060Z [1m[92m  Downloaded[0m potential_utf v0.1.6
2026-10-08T22:54:20.4623206Z [1m[92m  Downloaded[0m data-url v0.3.2
2026-10-08T22:54:20.4631380Z [1m[92m  Downloaded[0m fdeflate v0.3.7
2026-10-08T22:54:20.4638776Z [1m[92m  Downloaded[0m futures-channel v0.3.34
2026-10-08T22:54:20.4647283Z [1m[92m  Downloaded[0m icu_locale_fallback v2.3.0
2026-10-08T22:54:20.4699932Z [1m[92m  Downloaded[0m utf8_iter v1.0.4
2026-10-08T22:54:20.4705772Z [1m[92m  Downloaded[0m futures-core v0.3.34
2026-10-08T22:54:20.4712306Z [1m[92m  Downloaded[0m xmlwriter v0.1.0
2026-10-08T22:54:20.4717224Z [1m[92m  Downloaded[0m futures-sink v0.3.34
2026-10-08T22:54:20.4721638Z [1m[92m  Downloaded[0m pico-args v0.5.0
2026-10-08T22:54:20.4726995Z [1m[92m  Downloaded[0m zerofrom-derive v0.1.8
2026-10-08T22:54:20.4731694Z [1m[92m  Downloaded[0m hash32 v0.2.1
2026-10-08T22:54:20.4737493Z [1m[92m  Downloaded[0m sha1 v0.10.7
2026-10-08T22:54:20.4743402Z [1m[92m  Downloaded[0m yoke-derive v0.8.3
2026-10-08T22:54:20.4776344Z [1m[92m  Downloaded[0m strict-num v0.1.1
2026-10-08T22:54:20.4782925Z [1m[92m  Downloaded[0m unit-prefix v0.5.2
2026-10-08T22:54:20.4788625Z [1m[92m  Downloaded[0m futures-task v0.3.34
2026-10-08T22:54:20.4795897Z [1m[92m  Downloaded[0m zerofrom v0.1.8
2026-10-08T22:54:20.4801062Z [1m[92m  Downloaded[0m synstructure v0.14.0
2026-10-08T22:54:20.4807375Z [1m[92m  Downloaded[0m zerovec-derive v0.11.6
2026-10-08T22:54:20.4867993Z [1m[92m  Downloaded[0m pulldown-cmark-escape v0.11.0
2026-10-08T22:54:20.4873392Z [1m[92m  Downloaded[0m futures-io v0.3.34
2026-10-08T22:54:20.4878978Z [1m[92m  Downloaded[0m imagesize v0.13.0
2026-10-08T22:54:20.4892574Z [1m[92m  Downloaded[0m limine v0.5.0
2026-10-08T22:54:20.4899265Z [1m[92m  Downloaded[0m rgb v0.8.53
2026-10-08T22:54:20.4908251Z [1m[92m  Downloaded[0m tinystr v0.8.4
2026-10-08T22:54:20.4917628Z [1m[92m  Downloaded[0m simplecss v0.2.2
2026-10-08T22:54:20.4926392Z [1m[92m  Downloaded[0m smawk v0.3.3
2026-10-08T22:54:20.4934373Z [1m[92m  Downloaded[0m displaydoc v0.2.7
2026-10-08T22:54:20.4942984Z [1m[92m  Downloaded[0m writeable v0.6.4
2026-10-08T22:54:20.4957367Z [1m[92m  Downloaded[0m slab v0.4.12
2026-10-08T22:54:20.4967065Z [1m[92m  Downloaded[0m textwrap v0.16.4
2026-10-08T22:54:20.4982076Z [1m[92m  Downloaded[0m simd-adler32 v0.3.10
2026-10-08T22:54:20.4989430Z [1m[92m  Downloaded[0m getopts v0.2.24
2026-10-08T22:54:20.4996337Z [1m[92m  Downloaded[0m litemap v0.8.3
2026-10-08T22:54:20.5007655Z [1m[92m  Downloaded[0m pin-project-lite v0.2.17
2026-10-08T22:54:20.5029065Z [1m[92m  Downloaded[0m spin v0.9.9
2026-10-08T22:54:20.5047940Z [1m[92m  Downloaded[0m cliclack v0.5.6
2026-10-08T22:54:20.5065594Z [1m[92m  Downloaded[0m embedded-websocket v0.9.5
2026-10-08T22:54:20.5073673Z [1m[92m  Downloaded[0m unicase v2.9.0
2026-10-08T22:54:20.5079977Z [1m[92m  Downloaded[0m bytemuck v1.25.2
2026-10-08T22:54:20.5093513Z [1m[92m  Downloaded[0m svgtypes v0.15.3
2026-10-08T22:54:20.5104060Z [1m[92m  Downloaded[0m heapless v0.7.17
2026-10-08T22:54:20.5132986Z [1m[92m  Downloaded[0m icu_locale_core v2.3.0
2026-10-08T22:54:20.5165599Z [1m[92m  Downloaded[0m tiny-skia-path v0.11.4
2026-10-08T22:54:20.5174372Z [1m[92m  Downloaded[0m console v0.16.6
2026-10-08T22:54:20.5182779Z [1m[92m  Downloaded[0m futures v0.3.34
2026-10-08T22:54:20.5223887Z [1m[92m  Downloaded[0m yoke v0.8.3
2026-10-08T22:54:20.5235572Z [1m[92m  Downloaded[0m icu_provider v2.3.1
2026-10-08T22:54:20.5247925Z [1m[92m  Downloaded[0m roxmltree v0.20.0
2026-10-08T22:54:20.5319323Z [1m[92m  Downloaded[0m crc32fast v1.5.2
2026-10-08T22:54:20.5329383Z [1m[92m  Downloaded[0m miniz_oxide v0.8.9
2026-10-08T22:54:20.5341849Z [1m[92m  Downloaded[0m icu_collections v2.3.0
2026-10-08T22:54:20.5381795Z [1m[92m  Downloaded[0m indicatif v0.18.6
2026-10-08T22:54:20.5398503Z [1m[92m  Downloaded[0m flate2 v1.1.10
2026-10-08T22:54:20.5419486Z [1m[92m  Downloaded[0m miniz_oxide v0.9.1
2026-10-08T22:54:20.5432035Z [1m[92m  Downloaded[0m resvg v0.45.1
2026-10-08T22:54:20.5445224Z [1m[92m  Downloaded[0m euclid v0.22.14
2026-10-08T22:54:20.5461213Z [1m[92m  Downloaded[0m png v0.17.16
2026-10-08T22:54:20.5480439Z [1m[92m  Downloaded[0m zerotrie v0.2.5
2026-10-08T22:54:20.5499069Z [1m[92m  Downloaded[0m pulldown-cmark v0.12.2
2026-10-08T22:54:20.5523268Z [1m[92m  Downloaded[0m kurbo v0.11.3
2026-10-08T22:54:20.5545979Z [1m[92m  Downloaded[0m zerovec v0.11.8
2026-10-08T22:54:20.5573178Z [1m[92m  Downloaded[0m usvg v0.45.1
2026-10-08T22:54:20.5594843Z [1m[92m  Downloaded[0m portable-atomic v1.15.0
2026-10-08T22:54:20.5630438Z [1m[92m  Downloaded[0m tiny-skia v0.11.4
2026-10-08T22:54:20.5679566Z [1m[92m  Downloaded[0m futures-util v0.3.34
2026-10-08T22:54:20.5729881Z [1m[92m  Downloaded[0m zlib-rs v0.6.8
2026-10-08T22:54:20.5756599Z [1m[92m  Downloaded[0m unicode-width v0.2.2
2026-10-08T22:54:20.5790535Z [1m[92m  Downloaded[0m icu_segmenter_data v2.3.0
2026-10-08T22:54:20.6096882Z [1m[92m  Downloaded[0m icu_segmenter v2.3.0
2026-10-08T22:54:20.7822394Z [1m[92m   Compiling[0m syn v3.0.6
2026-10-08T22:54:20.7867051Z [1m[92m   Compiling[0m zeroize v1.9.0
2026-10-08T22:54:20.7891985Z [1m[92m   Compiling[0m memchr v2.8.3
2026-10-08T22:54:20.7920517Z [1m[92m   Compiling[0m stable_deref_trait v1.2.1
2026-10-08T22:54:20.8215653Z [1m[92m   Compiling[0m log v0.4.34
2026-10-08T22:54:20.8775939Z [1m[92m   Compiling[0m curve25519-dalek v4.1.3
2026-10-08T22:54:20.9356046Z [1m[92m   Compiling[0m cipher v0.4.4
2026-10-08T22:54:21.0609408Z [1m[92m   Compiling[0m simd-adler32 v0.3.10
2026-10-08T22:54:21.1656620Z [1m[92m   Compiling[0m serde_json v1.0.151
2026-10-08T22:54:21.2706059Z [1m[92m   Compiling[0m writeable v0.6.4
2026-10-08T22:54:21.4599233Z [1m[92m   Compiling[0m ed25519-dalek v2.2.0
2026-10-08T22:54:21.6056008Z [1m[92m   Compiling[0m chacha20 v0.9.1
2026-10-08T22:54:21.6125398Z [1m[92m   Compiling[0m adler2 v2.0.1
2026-10-08T22:54:21.6545682Z [1m[92m   Compiling[0m crc32fast v1.5.2
2026-10-08T22:54:21.7305870Z [1m[92m   Compiling[0m chacha20poly1305 v0.10.1
2026-10-08T22:54:21.7646129Z [1m[92m   Compiling[0m rustls-pki-types v1.15.1
2026-10-08T22:54:21.7885924Z [1m[92m   Compiling[0m unicode-width v0.2.2
2026-10-08T22:54:21.9196250Z [1m[92m   Compiling[0m icu_locale_fallback_data v2.3.0
2026-10-08T22:54:21.9755874Z [1m[92m   Compiling[0m litemap v0.8.3
2026-10-08T22:54:21.9875840Z [1m[92m   Compiling[0m noise-rust-crypto v0.6.2
2026-10-08T22:54:22.1116096Z [1m[92m   Compiling[0m miniz_oxide v0.9.1
2026-10-08T22:54:22.1673190Z [1m[92m   Compiling[0m x25519-dalek v2.0.1
2026-10-08T22:54:22.1907443Z [1m[92m   Compiling[0m icu_segmenter_data v2.3.0
2026-10-08T22:54:22.2293405Z [1m[92m   Compiling[0m bytemuck v1.25.2
2026-10-08T22:54:22.2505696Z [1m[92m   Compiling[0m float-cmp v0.9.0
2026-10-08T22:54:22.3045894Z [1m[92m   Compiling[0m strict-num v0.1.1
2026-10-08T22:54:22.3598161Z [1m[92m   Compiling[0m conduit-protected-line v0.1.0 (/home/runner/work/conduit/conduit/architecture/protected-line)
2026-10-08T22:54:22.3986594Z [1m[92m   Compiling[0m utf8_iter v1.0.4
2026-10-08T22:54:22.4616054Z [1m[92m   Compiling[0m flate2 v1.1.10
2026-10-08T22:54:22.5616002Z [1m[92m   Compiling[0m futures-core v0.3.34
2026-10-08T22:54:22.6126061Z [1m[92m   Compiling[0m futures-sink v0.3.34
2026-10-08T22:54:22.6300798Z [1m[92m   Compiling[0m once_cell v1.21.4
2026-10-08T22:54:22.6474473Z [1m[92m   Compiling[0m arrayref v0.3.9
2026-10-08T22:54:22.6805851Z [1m[92m   Compiling[0m portable-atomic v1.15.0
2026-10-08T22:54:22.7365892Z [1m[92m   Compiling[0m tiny-skia-path v0.11.4
2026-10-08T22:54:22.8866312Z [1m[92m   Compiling[0m rustls-webpki v0.103.15
2026-10-08T22:54:22.9176948Z [1m[92m   Compiling[0m miniz_oxide v0.8.9
2026-10-08T22:54:23.1859761Z [1m[92m   Compiling[0m fdeflate v0.3.7
2026-10-08T22:54:23.3312636Z [1m[92m   Compiling[0m kurbo v0.11.3
2026-10-08T22:54:23.4459855Z [1m[92m   Compiling[0m synstructure v0.14.0
2026-10-08T22:54:23.5435814Z [1m[92m   Compiling[0m heapless v0.7.17
2026-10-08T22:54:23.6306568Z [1m[92m   Compiling[0m bitflags v2.13.2
2026-10-08T22:54:23.7330979Z [1m[92m   Compiling[0m futures-task v0.3.34
2026-10-08T22:54:23.7876575Z [1m[92m   Compiling[0m pin-project-lite v0.2.17
2026-10-08T22:54:23.8210535Z [1m[92m   Compiling[0m bitflags v1.3.2
2026-10-08T22:54:23.8319022Z [1m[92m   Compiling[0m ureq-proto v0.6.4
2026-10-08T22:54:23.8516395Z [1m[92m   Compiling[0m png v0.17.16
2026-10-08T22:54:24.2405825Z [1m[92m   Compiling[0m svgtypes v0.15.3
2026-10-08T22:54:24.3016260Z [1m[92m   Compiling[0m futures-util v0.3.34
2026-10-08T22:54:24.5386465Z [1m[92m   Compiling[0m serde_derive v1.0.229
2026-10-08T22:54:24.5585514Z [1m[92m   Compiling[0m thiserror-impl v2.0.20
2026-10-08T22:54:24.6436123Z [1m[92m   Compiling[0m zerofrom-derive v0.1.8
2026-10-08T22:54:25.3726062Z [1m[92m   Compiling[0m thiserror v2.0.20
2026-10-08T22:54:25.4186165Z [1m[92m   Compiling[0m cobs v0.3.0
2026-10-08T22:54:25.4223851Z [1m[92m   Compiling[0m static-automata-macros v1.0.3
2026-10-08T22:54:25.4706467Z [1m[92m   Compiling[0m zerofrom v0.1.8
2026-10-08T22:54:25.5076014Z [1m[92m   Compiling[0m yoke-derive v0.8.3
2026-10-08T22:54:25.5318565Z [1m[92m   Compiling[0m zerovec-derive v0.11.6
2026-10-08T22:54:25.5797170Z [1m[92m   Compiling[0m static-automata v1.0.3
2026-10-08T22:54:25.6240717Z [1m[92m   Compiling[0m langtag v1.1.0
2026-10-08T22:54:26.1530438Z [1m[92m   Compiling[0m yoke v0.8.3
2026-10-08T22:54:26.2026089Z [1m[92m   Compiling[0m displaydoc v0.2.7
2026-10-08T22:54:26.2822388Z [1m[92m   Compiling[0m zerovec v0.11.8
2026-10-08T22:54:26.4355694Z [1m[92m   Compiling[0m rustls v0.23.45
2026-10-08T22:54:26.6035874Z [1m[92m   Compiling[0m zerotrie v0.2.5
2026-10-08T22:54:26.6836575Z [1m[92m   Compiling[0m serde v1.0.229
2026-10-08T22:54:27.0076196Z [1m[92m   Compiling[0m tinystr v0.8.4
2026-10-08T22:54:27.0676950Z [1m[92m   Compiling[0m conduit-assigned-plan v0.1.0 (/home/runner/work/conduit/conduit/architecture/assigned-plan)
2026-10-08T22:54:27.1115911Z [1m[92m   Compiling[0m icu_locale_core v2.3.0
2026-10-08T22:54:27.2456916Z [1m[92m   Compiling[0m conduit-core v0.1.0 (/home/runner/work/conduit/conduit/architecture/core)
2026-10-08T22:54:28.1806315Z [1m[92m   Compiling[0m conduit-kernel v0.1.0 (/home/runner/work/conduit/conduit/architecture/kernel)
2026-10-08T22:54:29.0325971Z [1m[92m   Compiling[0m postcard v1.1.3
2026-10-08T22:54:29.2556072Z [1m[92m   Compiling[0m serde_spanned v0.6.9
2026-10-08T22:54:29.3155703Z [1m[92m   Compiling[0m toml_datetime v0.6.11
2026-10-08T22:54:29.4466237Z [1m[92m   Compiling[0m toml_edit v0.22.27
2026-10-08T22:54:30.3887106Z [1m[92m   Compiling[0m speaking v0.1.0 (https://github.com/dancxjo/tongues.git?rev=b5d7535b2ccd3730b4db878fb61b2e4e48ae89c9#b5d7535b)
2026-10-08T22:54:31.6166516Z [1m[92m   Compiling[0m toml v0.8.23
2026-10-08T22:54:32.0366117Z [1m[92m   Compiling[0m heapless v0.8.0
2026-10-08T22:54:32.4046460Z [1m[92m   Compiling[0m serde-json-core v0.6.0
2026-10-08T22:54:32.6426916Z [1m[92m   Compiling[0m patchbay-control v0.1.0 (/home/runner/work/conduit/conduit/plots/patchbay)
2026-10-08T22:54:32.7446216Z [1m[92m   Compiling[0m potential_utf v0.1.6
2026-10-08T22:54:32.8205785Z [1m[92m   Compiling[0m icu_provider v2.3.1
2026-10-08T22:54:33.1516370Z [1m[92m   Compiling[0m icu_locale_fallback v2.3.0
2026-10-08T22:54:33.3296744Z [1m[92m   Compiling[0m icu_collections v2.3.0
2026-10-08T22:54:33.6385989Z [1m[92m   Compiling[0m icu_segmenter v2.3.0
2026-10-08T22:54:34.5666510Z [1m[92m   Compiling[0m futures-channel v0.3.34
2026-10-08T22:54:34.5965988Z [1m[92m   Compiling[0m webpki-roots v1.0.9
2026-10-08T22:54:34.6466171Z [1m[92m   Compiling[0m console v0.16.6
2026-10-08T22:54:35.0245909Z [1m[92m   Compiling[0m spin v0.9.9
2026-10-08T22:54:35.1286187Z [1m[92m   Compiling[0m simplecss v0.2.2
2026-10-08T22:54:35.3766181Z [1m[92m   Compiling[0m hash32 v0.2.1
2026-10-08T22:54:35.4651341Z [1m[92m   Compiling[0m conduitos v0.1.0 (/home/runner/work/conduit/conduit/targets/conduitos)
2026-10-08T22:54:35.6996582Z [1m[92m   Compiling[0m base64 v0.22.1
2026-10-08T22:54:35.8995779Z [1m[92m   Compiling[0m unit-prefix v0.5.2
2026-10-08T22:54:35.9616622Z [1m[92m   Compiling[0m pulldown-cmark v0.12.2
2026-10-08T22:54:36.0176504Z [1m[92m   Compiling[0m roxmltree v0.20.0
2026-10-08T22:54:36.4826280Z [1m[92m   Compiling[0m conduit-plot v0.1.0 (/home/runner/work/conduit/conduit/architecture/plot)
2026-10-08T22:54:38.1102039Z [1m[92m   Compiling[0m conduit-body v0.1.0 (/home/runner/work/conduit/conduit/architecture/body)
2026-10-08T22:54:43.6397024Z [1m[92m   Compiling[0m conduit-plan-lowering v0.1.0 (/home/runner/work/conduit/conduit/architecture/plan-lowering)
2026-10-08T22:54:44.4247350Z [1m[92m   Compiling[0m tongues-pipeline v0.1.0 (https://github.com/dancxjo/tongues.git?rev=b5d7535b2ccd3730b4db878fb61b2e4e48ae89c9#b5d7535b)
2026-10-08T22:54:44.4654607Z [1m[92m   Compiling[0m conduit-time v0.1.0 (/home/runner/work/conduit/conduit/semantics/time)
2026-10-08T22:54:46.4026688Z [1m[92m   Compiling[0m conduit-human v0.1.0 (/home/runner/work/conduit/conduit/semantics/human)
2026-10-08T22:54:46.5645902Z [1m[92m   Compiling[0m conduit-language v0.1.0 (/home/runner/work/conduit/conduit/semantics/language)
2026-10-08T22:54:46.7676271Z [1m[92m   Compiling[0m conduit-audio v0.1.0 (/home/runner/work/conduit/conduit/semantics/audio)
2026-10-08T22:54:50.2986840Z [1m[92m   Compiling[0m conduit-data v0.1.0 (/home/runner/work/conduit/conduit/semantics/data)
2026-10-08T22:54:50.5086902Z [1m[92m   Compiling[0m conduit-presentation v0.1.0 (/home/runner/work/conduit/conduit/semantics/presentation)
2026-10-08T22:54:54.2796052Z [1m[92m   Compiling[0m conduit-web v0.1.0 (/home/runner/work/conduit/conduit/semantics/web)
2026-10-08T22:54:55.1176527Z [1m[92m   Compiling[0m conduit-net v0.1.0 (/home/runner/work/conduit/conduit/semantics/net)
2026-10-08T22:54:55.2816340Z [1m[92m   Compiling[0m conduit-text v0.1.0 (/home/runner/work/conduit/conduit/semantics/text)
2026-10-08T22:54:55.4751349Z [1m[92m   Compiling[0m conduit-alife v0.1.0 (/home/runner/work/conduit/conduit/semantics/alife)
2026-10-08T22:54:55.8185927Z [1m[92m   Compiling[0m conduit-robotics v0.1.0 (/home/runner/work/conduit/conduit/semantics/robotics)
2026-10-08T22:54:56.0635870Z [1m[92m   Compiling[0m conduit-process v0.1.0 (/home/runner/work/conduit/conduit/semantics/process)
2026-10-08T22:54:56.2516458Z [1m[92m   Compiling[0m conduit-purpose v0.1.0 (/home/runner/work/conduit/conduit/semantics/purpose)
2026-10-08T22:55:01.3676485Z [1m[92m   Compiling[0m conduit-midi v0.1.0 (/home/runner/work/conduit/conduit/mechanisms/protocols/midi)
2026-10-08T22:55:01.9166271Z [1m[92m   Compiling[0m conduit-education v0.1.0 (/home/runner/work/conduit/conduit/semantics/education)
2026-10-08T22:55:02.5679707Z [1m[92m   Compiling[0m conduit-ai v0.1.0 (/home/runner/work/conduit/conduit/semantics/ai)
2026-10-08T22:55:02.6609525Z [1m[92m   Compiling[0m conduit-signal v0.1.0 (/home/runner/work/conduit/conduit/semantics/signal)
2026-10-08T22:55:02.8120370Z [1m[92m   Compiling[0m conduit-tongues v0.1.0 (/home/runner/work/conduit/conduit/semantics/tongues)
2026-10-08T22:55:02.8394001Z [1m[92m   Compiling[0m conduit-chat v0.1.0 (/home/runner/work/conduit/conduit/semantics/chat)
2026-10-08T22:55:03.0976138Z [1m[92m   Compiling[0m conduit-todo-plot v0.1.0 (/home/runner/work/conduit/conduit/plots/todo/model)
2026-10-08T22:55:03.1511301Z [1m[92m   Compiling[0m conduit-wire v0.1.0 (/home/runner/work/conduit/conduit/architecture/wire)
2026-10-08T22:55:03.2697076Z [1m[92m   Compiling[0m conduit-tutorial-plot v0.1.0 (/home/runner/work/conduit/conduit/semantics/tutorial)
2026-10-08T22:55:03.4376226Z [1m[92m   Compiling[0m conduit-body-invitation-plot v0.1.0 (/home/runner/work/conduit/conduit/semantics/body-invitation)
2026-10-08T22:55:03.5906504Z [1m[92m   Compiling[0m conduit-plot-library v0.1.0 (/home/runner/work/conduit/conduit/semantics/plot-library)
2026-10-08T22:55:03.7542120Z [1m[92m   Compiling[0m conduit-bluetooth v0.1.0 (/home/runner/work/conduit/conduit/mechanisms/protocols/bluetooth)
2026-10-08T22:55:03.7544666Z [1m[92m   Compiling[0m conduit-composite v0.1.0 (/home/runner/work/conduit/conduit/architecture/composite)
2026-10-08T22:55:03.9786216Z [1m[92m   Compiling[0m conduit-synth v0.1.0 (/home/runner/work/conduit/conduit/mechanisms/implementations/synth)
2026-10-08T22:55:04.1336161Z [1m[92m   Compiling[0m conduit-birth-plot v0.1.0 (/home/runner/work/conduit/conduit/plots/birth)
2026-10-08T22:55:04.5446265Z [1m[92m   Compiling[0m conduit-observatory v0.1.0 (/home/runner/work/conduit/conduit/architecture/observatory)
2026-10-08T22:55:05.3226774Z [1m[92m   Compiling[0m conduit-little-seismograph-fixture v0.1.0 (/home/runner/work/conduit/conduit/plots/little-seismograph/fixture)
2026-10-08T22:55:05.4067072Z [1m[92m   Compiling[0m conduit-home-model v0.1.0 (/home/runner/work/conduit/conduit/semantics/home)
2026-10-08T22:55:05.5766741Z [1m[92m   Compiling[0m conduit-finance v0.1.0 (/home/runner/work/conduit/conduit/semantics/finance)
2026-10-08T22:55:05.7655606Z [1m[92m   Compiling[0m futures-io v0.3.34
2026-10-08T22:55:05.7926318Z [1m[92m   Compiling[0m conduit-create-oi v0.1.0 (/home/runner/work/conduit/conduit/mechanisms/devices/create-oi)
2026-10-08T22:55:06.0046755Z [1m[92m   Compiling[0m smawk v0.3.3
2026-10-08T22:55:06.0616385Z [1m[92m   Compiling[0m pico-args v0.5.0
2026-10-08T22:55:06.1686241Z [1m[92m   Compiling[0m xmlwriter v0.1.0
2026-10-08T22:55:06.2626032Z [1m[92m   Compiling[0m data-url v0.3.2
2026-10-08T22:55:06.4226019Z [1m[92m   Compiling[0m imagesize v0.13.0
2026-10-08T22:55:06.6295943Z [1m[92m   Compiling[0m ureq v3.4.2
2026-10-08T22:55:06.6391581Z [1m[92m   Compiling[0m usvg v0.45.1
2026-10-08T22:55:07.7315765Z [1m[92m   Compiling[0m textwrap v0.16.4
2026-10-08T22:55:08.0125967Z [1m[92m   Compiling[0m tungstenite v0.30.0
2026-10-08T22:55:08.0186839Z [1m[92m   Compiling[0m futures v0.3.34
2026-10-08T22:55:08.6266966Z [1m[92m   Compiling[0m patchbay-workbench-host-contract v0.1.0 (/home/runner/work/conduit/conduit/plots/patchbay/workbench/host-contract)
2026-10-08T22:55:08.6876950Z [1m[92m   Compiling[0m conduit-rp2040-network-realization v0.1.0 (/home/runner/work/conduit/conduit/targets/rp2040/network-realization)
2026-10-08T22:55:08.7066127Z [1m[92m   Compiling[0m clap_derive v4.6.7
2026-10-08T22:55:08.8425827Z [1m[92m   Compiling[0m indicatif v0.18.6
2026-10-08T22:55:09.6516968Z [1m[92m   Compiling[0m tiny-skia v0.11.4
2026-10-08T22:55:09.8395998Z [1m[92m   Compiling[0m limine v0.5.0
2026-10-08T22:55:10.0496724Z [1m[92m   Compiling[0m rgb v0.8.53
2026-10-08T22:55:10.2306472Z [1m[92m   Compiling[0m rustls-pemfile v2.2.0
2026-10-08T22:55:10.3166403Z [1m[92m   Compiling[0m getopts v0.2.24
2026-10-08T22:55:10.5245977Z [1m[92m   Compiling[0m sha1 v0.10.7
2026-10-08T22:55:10.6388772Z [1m[92m   Compiling[0m pulldown-cmark-escape v0.11.0
2026-10-08T22:55:10.6906614Z [1m[92m   Compiling[0m conduit-mpu6050 v0.1.0 (/home/runner/work/conduit/conduit/mechanisms/devices/mpu6050)
2026-10-08T22:55:10.7775957Z [1m[92m   Compiling[0m base64 v0.13.1
2026-10-08T22:55:10.8826040Z [1m[92m   Compiling[0m unicase v2.9.0
2026-10-08T22:55:10.9192517Z [1m[92m   Compiling[0m embedded-websocket v0.9.5
2026-10-08T22:55:11.1205846Z [1m[92m   Compiling[0m resvg v0.45.1
2026-10-08T22:55:11.4596438Z [1m[92m   Compiling[0m clap v4.6.7
2026-10-08T22:55:11.4907259Z [1m[92m   Compiling[0m cliclack v0.5.6
2026-10-08T22:55:11.9956543Z [1m[92m   Compiling[0m conduit-embedded-build v0.1.0 (/home/runner/work/conduit/conduit/make/embedded-build)
2026-10-08T22:55:23.6535779Z [1m[92m   Compiling[0m conduit-planner v0.1.0 (/home/runner/work/conduit/conduit/architecture/planner)
2026-10-08T22:55:25.0716394Z [1m[92m   Compiling[0m conduit-speech v0.1.0 (/home/runner/work/conduit/conduit/semantics/speech)
2026-10-08T22:55:25.9091902Z [1m[92m   Compiling[0m conduit-semantic-catalog v0.1.0 (/home/runner/work/conduit/conduit/semantics/catalog)
2026-10-08T22:55:25.9116810Z [1m[92m   Compiling[0m conduit-conduitos-mask-offer v0.1.0 (/home/runner/work/conduit/conduit/targets/conduitos/mask-offer)
2026-10-08T22:55:26.0837481Z [1m[92m   Compiling[0m conduit-alife-distributed-conformance v0.1.0 (/home/runner/work/conduit/conduit/proof/conformance/alife-distributed)
2026-10-08T22:55:27.6941809Z [1m[92m   Compiling[0m conduit-host-make v0.1.0 (/home/runner/work/conduit/conduit/make/host)
2026-10-08T22:55:29.3916096Z [1m[92m   Compiling[0m patchbay-graph v0.1.0 (/home/runner/work/conduit/conduit/plots/patchbay/graph)
2026-10-08T22:55:30.0308977Z [1m[92m   Compiling[0m conduit-std-offers v0.1.0 (/home/runner/work/conduit/conduit/targets/std/offers)
2026-10-08T22:55:30.7846093Z [1m[92m   Compiling[0m conduit-host-browser-make v0.1.0 (/home/runner/work/conduit/conduit/targets/browser/make)
2026-10-08T22:55:31.0106123Z [1m[92m   Compiling[0m conduit-signal-conformance v0.1.0 (/home/runner/work/conduit/conduit/proof/conformance/signal)
2026-10-08T22:55:31.3966479Z [1m[92m   Compiling[0m conduit-host-hosted v0.1.0 (/home/runner/work/conduit/conduit/targets/std/make)
2026-10-08T22:55:31.4357142Z [1m[92m   Compiling[0m conduit-host-conduitos-make v0.1.0 (/home/runner/work/conduit/conduit/targets/conduitos/make)
2026-10-08T22:55:31.6160714Z [1m[92m   Compiling[0m conduit-host-rp2040 v0.1.0 (/home/runner/work/conduit/conduit/targets/rp2040/make)
2026-10-08T22:55:31.6758562Z [1m[92m   Compiling[0m conduit-linear-framebuffer-make v0.1.0 (/home/runner/work/conduit/conduit/mechanisms/implementations/linear-framebuffer-make)
2026-10-08T22:55:31.7197920Z [1m[92m   Compiling[0m conduit-host-avr-make v0.1.0 (/home/runner/work/conduit/conduit/targets/avr/make)
2026-10-08T22:55:31.7908192Z [1m[92m   Compiling[0m conduit-host-raspberry-pi v0.1.0 (/home/runner/work/conduit/conduit/targets/raspberry-pi/make)
2026-10-08T22:55:31.7946043Z [1m[92m   Compiling[0m conduit-host-orange-pi v0.1.0 (/home/runner/work/conduit/conduit/targets/orange-pi/make)
2026-10-08T22:55:31.8095785Z [1m[92m   Compiling[0m conduit-host-esp32-make v0.1.0 (/home/runner/work/conduit/conduit/targets/esp32/make)
2026-10-08T22:55:31.8541404Z [1m[92m   Compiling[0m patchbay-application v0.1.0 (/home/runner/work/conduit/conduit/plots/patchbay/application)
2026-10-08T22:55:31.9526781Z [1m[92m   Compiling[0m conduit-tour-model v0.1.0 (/home/runner/work/conduit/conduit/plots/tour)
2026-10-08T22:55:32.3167234Z [1m[92m   Compiling[0m conduit-browser-mask-offer v0.1.0 (/home/runner/work/conduit/conduit/targets/browser/mask-offer)
2026-10-08T22:55:32.4876646Z [1m[92m   Compiling[0m conduit-body-make v0.1.0 (/home/runner/work/conduit/conduit/make/body)
2026-10-08T22:55:32.4996156Z [1m[92m   Compiling[0m conduit-workspace-make v0.1.0 (/home/runner/work/conduit/conduit/make/workspace)
2026-10-08T22:55:32.9267180Z [1m[92m   Compiling[0m conduit-r1-network-conformance v0.1.0 (/home/runner/work/conduit/conduit/proof/conformance/network-r1)
2026-10-08T22:55:33.3676471Z [1m[92m   Compiling[0m conduit-patchbay-workbench-conformance v0.1.0 (/home/runner/work/conduit/conduit/proof/conformance/patchbay-workbench)
2026-10-08T22:55:33.5536165Z [1m[92m   Compiling[0m conduit-pete v0.1.0 (/home/runner/work/conduit/conduit/bodies/pete)
2026-10-08T22:55:35.4006250Z [1m[92m   Compiling[0m conduit-browser-runtime v0.1.0 (/home/runner/work/conduit/conduit/targets/browser/runtime)
2026-10-08T22:55:48.0005853Z [1m[92m   Compiling[0m conduit-patchbay-workbench v0.1.0 (/home/runner/work/conduit/conduit/plots/patchbay/workbench/model)
2026-10-08T22:58:02.4427116Z [1m[92m   Compiling[0m conduit-std-host v0.1.0 (/home/runner/work/conduit/conduit/targets/std)
2026-10-08T22:58:13.5437209Z [1m[92m   Compiling[0m xtask v0.1.0 (/home/runner/work/conduit/conduit/tools/xtask)
2026-10-08T22:58:30.7921496Z [1m[92m    Finished[0m `dev` profile [unoptimized] target(s) in 4m 10s
2026-10-08T22:58:30.8169394Z [1m[92m     Running[0m `target/debug/xtask check plots bundle-initial-body --output target/workspace-product/plots/initial-body.conduit`
2026-10-08T22:58:31.0342489Z [1m[92m    Finished[0m `dev` profile [unoptimized] target(s) in 0.19s
2026-10-08T22:58:31.0401907Z [1m[92m     Running[0m `target/debug/conduit-xtask-dispatch check plots bundle-workspace-catalog --output target/workspace-product/plots/workspace-catalog.json`
2026-10-08T22:58:31.2853713Z [1m[92m    Finished[0m `dev` profile [unoptimized] target(s) in 0.23s
2026-10-08T22:58:31.3038144Z [1m[92m     Running[0m `target/debug/xtask check plots bundle-workspace-catalog --output target/workspace-product/plots/workspace-catalog.json`
2026-10-08T22:58:32.7659894Z > cargo +1.98.1-x86_64-unknown-linux-gnu xtask make body static --application targets/browser/handbook/handbook.application.template.json --output target/handbook-static --release /home/runner/work/conduit/conduit/target/pipeline/browser/host-release --handbook --locked
2026-10-08T22:58:32.9431836Z [1m[92m    Finished[0m `dev` profile [unoptimized] target(s) in 0.17s
2026-10-08T22:58:32.9489328Z [1m[92m     Running[0m `target/debug/conduit-xtask-dispatch make body static --application targets/browser/handbook/handbook.application.template.json --output target/handbook-static --release /home/runner/work/conduit/conduit/target/pipeline/browser/host-release --handbook --locked`
2026-10-08T22:58:33.1741782Z [1m[92m    Finished[0m `dev` profile [unoptimized] target(s) in 0.21s
2026-10-08T22:58:33.1904919Z [1m[92m     Running[0m `target/debug/xtask make body static --application targets/browser/handbook/handbook.application.template.json --output target/handbook-static --release /home/runner/work/conduit/conduit/target/pipeline/browser/host-release --handbook --locked`
2026-10-08T22:58:33.2124415Z handbook staged at /tmp/conduit-static-16699-1791500313199186114/handbook
2026-10-08T22:58:33.5403658Z Static browser application: target/handbook-static
2026-10-08T22:58:33.5483718Z > cargo +1.98.1-x86_64-unknown-linux-gnu xtask make body static --application targets/browser/examples/clock-lab/application.template.json --output target/handbook-static-second --release /home/runner/work/conduit/conduit/target/pipeline/browser/host-release --locked
2026-10-08T22:58:33.7266349Z [1m[92m    Finished[0m `dev` profile [unoptimized] target(s) in 0.17s
2026-10-08T22:58:33.7324564Z [1m[92m     Running[0m `target/debug/conduit-xtask-dispatch make body static --application targets/browser/examples/clock-lab/application.template.json --output target/handbook-static-second --release /home/runner/work/conduit/conduit/target/pipeline/browser/host-release --locked`
2026-10-08T22:58:33.9628341Z [1m[92m    Finished[0m `dev` profile [unoptimized] target(s) in 0.22s
2026-10-08T22:58:33.9813361Z [1m[92m     Running[0m `target/debug/xtask make body static --application targets/browser/examples/clock-lab/application.template.json --output target/handbook-static-second --release /home/runner/work/conduit/conduit/target/pipeline/browser/host-release --locked`
2026-10-08T22:58:34.2652519Z Static browser application: target/handbook-static-second
2026-10-08T22:58:34.3446452Z > node --test targets/browser/sdk/browser-sdk-continuity.test.mjs targets/browser/sdk/browser-sdk-errors.test.mjs targets/browser/sdk/browser-sdk-events.test.mjs targets/browser/sdk/browser-sdk-face-actions.test.mjs targets/browser/sdk/browser-sdk-face.test.mjs targets/browser/sdk/browser-sdk-plots.test.mjs targets/browser/sdk/browser-sdk-syntax.test.mjs targets/browser/sdk/browser-sdk-wardrobe.test.mjs targets/browser/sdk/package-browser-bundle.test.mjs targets/browser/tools/static-application-csp.test.mjs proof/browser/application-graph-canvas.test.mjs proof/browser/browser-body-input.test.mjs proof/browser/browser-body-host.test.mjs proof/browser/workspace-handoff.test.mjs proof/browser/browser-plot-effects.test.mjs proof/browser/browser-pitch-tone.test.mjs proof/browser/browser-host-calls.test.mjs proof/browser/creche-rendezvous.test.mjs proof/browser/physical-host-workflow.test.mjs proof/browser/creche-release-catalog.test.mjs
2026-10-08T22:58:34.3835294Z TAP version 13
2026-10-08T22:58:34.4265905Z # Subtest: decodes exact native canvas shape and Unicode without inventing graph facts
2026-10-08T22:58:34.4292867Z ok 1 - decodes exact native canvas shape and Unicode without inventing graph facts
2026-10-08T22:58:34.4293585Z   ---
2026-10-08T22:58:34.4293922Z   duration_ms: 2.121585
2026-10-08T22:58:34.4294474Z   type: 'test'
2026-10-08T22:58:34.4294846Z   ...
2026-10-08T22:58:34.4295411Z # Subtest: rejects stale unknown selection and dangling endpoint
2026-10-08T22:58:34.4295985Z ok 2 - rejects stale unknown selection and dangling endpoint
2026-10-08T22:58:34.4296413Z   ---
2026-10-08T22:58:34.4296708Z   duration_ms: 1.730429
2026-10-08T22:58:34.4297008Z   type: 'test'
2026-10-08T22:58:34.4297308Z   ...
2026-10-08T22:58:34.4297695Z # Subtest: rejects extra bytes and finite bounds overflow
2026-10-08T22:58:34.4298236Z ok 3 - rejects extra bytes and finite bounds overflow
2026-10-08T22:58:34.4298618Z   ---
2026-10-08T22:58:34.4298926Z   duration_ms: 0.442228
2026-10-08T22:58:34.4299224Z   type: 'test'
2026-10-08T22:58:34.4299525Z   ...
2026-10-08T22:58:34.4390456Z # Subtest: one acquired window-input adapter reports every admitted logical input unit
2026-10-08T22:58:34.4415043Z ok 4 - one acquired window-input adapter reports every admitted logical input unit
2026-10-08T22:58:34.4439018Z   ---
2026-10-08T22:58:34.4464765Z   duration_ms: 6.255005
2026-10-08T22:58:34.4465100Z   type: 'test'
2026-10-08T22:58:34.4465330Z   ...
2026-10-08T22:58:34.4466180Z # Subtest: acquired browser clock exposes a basis-qualified sample and refuses after close
2026-10-08T22:58:34.4466848Z ok 5 - acquired browser clock exposes a basis-qualified sample and refuses after close
2026-10-08T22:58:34.4467274Z   ---
2026-10-08T22:58:34.4467498Z   duration_ms: 2.195317
2026-10-08T22:58:34.4467738Z   type: 'test'
2026-10-08T22:58:34.4467951Z   ...
2026-10-08T22:58:34.4496372Z # Subtest: three admitted timer slots run independently through the page Host
2026-10-08T22:58:34.4515795Z ok 6 - three admitted timer slots run independently through the page Host
2026-10-08T22:58:34.4542348Z   ---
2026-10-08T22:58:34.4542732Z   duration_ms: 6.43819
2026-10-08T22:58:34.4543081Z   type: 'test'
2026-10-08T22:58:34.4543396Z   ...
2026-10-08T22:58:34.4543979Z # Subtest: a synchronously completed Body retains its receipt before dispatch or retirement
2026-10-08T22:58:34.4544838Z ok 7 - a synchronously completed Body retains its receipt before dispatch or retirement
2026-10-08T22:58:34.4545313Z   ---
2026-10-08T22:58:34.4545514Z   duration_ms: 0.88779
2026-10-08T22:58:34.4545754Z   type: 'test'
2026-10-08T22:58:34.4545946Z   ...
2026-10-08T22:58:34.4546425Z # Subtest: acquisition reports owned slots without starting a play or copying offer capacity
2026-10-08T22:58:34.4547145Z ok 8 - acquisition reports owned slots without starting a play or copying offer capacity
2026-10-08T22:58:34.4547600Z   ---
2026-10-08T22:58:34.4547814Z   duration_ms: 0.958664
2026-10-08T22:58:34.4548067Z   type: 'test'
2026-10-08T22:58:34.4548272Z   ...
2026-10-08T22:58:34.4548697Z # Subtest: wrong Boot, excessive demand, unsupported pools, and lost slots refuse
2026-10-08T22:58:34.4549297Z ok 9 - wrong Boot, excessive demand, unsupported pools, and lost slots refuse
2026-10-08T22:58:34.4549685Z   ---
2026-10-08T22:58:34.4549897Z   duration_ms: 1.079275
2026-10-08T22:58:34.4550140Z   type: 'test'
2026-10-08T22:58:34.4550684Z   ...
2026-10-08T22:58:34.4551157Z # Subtest: a plan selecting another admitted host retains an exact pre-play Line refusal
2026-10-08T22:58:34.4551818Z ok 10 - a plan selecting another admitted host retains an exact pre-play Line refusal
2026-10-08T22:58:34.4552234Z   ---
2026-10-08T22:58:34.4552466Z   duration_ms: 0.438119
2026-10-08T22:58:34.4552707Z   type: 'test'
2026-10-08T22:58:34.4552918Z   ...
2026-10-08T22:58:34.4553451Z # Subtest: Body placement admission follows the runtime envelope instead of a duplicated page constant
2026-10-08T22:58:34.4566316Z ok 11 - Body placement admission follows the runtime envelope instead of a duplicated page constant
2026-10-08T22:58:34.4584826Z   ---
2026-10-08T22:58:34.4585611Z   duration_ms: 0.462479
2026-10-08T22:58:34.4585985Z   type: 'test'
2026-10-08T22:58:34.4586303Z   ...
2026-10-08T22:58:34.4587008Z # Subtest: an exact externally managed distributed Plot stays in the body Plan but outside the local scheduler
2026-10-08T22:58:34.4587971Z ok 12 - an exact externally managed distributed Plot stays in the body Plan but outside the local scheduler
2026-10-08T22:58:34.4588598Z   ---
2026-10-08T22:58:34.4588897Z   duration_ms: 0.549568
2026-10-08T22:58:34.4589239Z   type: 'test'
2026-10-08T22:58:34.4589539Z   ...
2026-10-08T22:58:34.4590085Z # Subtest: closing pending timer work settles the dispatcher and releases the owner
2026-10-08T22:58:34.4590820Z ok 13 - closing pending timer work settles the dispatcher and releases the owner
2026-10-08T22:58:34.4591320Z   ---
2026-10-08T22:58:34.4591614Z   duration_ms: 0.939338
2026-10-08T22:58:34.4591937Z   type: 'test'
2026-10-08T22:58:34.4592332Z   ...
2026-10-08T22:58:34.4592999Z # Subtest: closing a quiescent Play cancels it instead of mistaking pending effects for a terminal receipt
2026-10-08T22:58:34.4593907Z ok 14 - closing a quiescent Play cancels it instead of mistaking pending effects for a terminal receipt
2026-10-08T22:58:34.4594639Z   ---
2026-10-08T22:58:34.4594951Z   duration_ms: 0.651877
2026-10-08T22:58:34.4595307Z   type: 'test'
2026-10-08T22:58:34.4595617Z   ...
2026-10-08T22:58:34.4596383Z # Subtest: adapter failure is not converted into successful execution
2026-10-08T22:58:34.4597075Z ok 15 - adapter failure is not converted into successful execution
2026-10-08T22:58:34.4597535Z   ---
2026-10-08T22:58:34.4597846Z   duration_ms: 0.526516
2026-10-08T22:58:34.4598194Z   type: 'test'
2026-10-08T22:58:34.4598503Z   ...
2026-10-08T22:58:34.4599032Z # Subtest: pre-start refusal and an unknown WASM start outcome remain distinct
2026-10-08T22:58:34.4599734Z ok 16 - pre-start refusal and an unknown WASM start outcome remain distinct
2026-10-08T22:58:34.4600223Z   ---
2026-10-08T22:58:34.4600529Z   duration_ms: 0.61153
2026-10-08T22:58:34.4600862Z   type: 'test'
2026-10-08T22:58:34.4601175Z   ...
2026-10-08T22:58:34.4601715Z # Subtest: first access to the body input arena may replace the WASM memory buffer
2026-10-08T22:58:34.4602394Z ok 17 - first access to the body input arena may replace the WASM memory buffer
2026-10-08T22:58:34.4602877Z   ---
2026-10-08T22:58:34.4603164Z   duration_ms: 0.281242
2026-10-08T22:58:34.4603564Z   type: 'test'
2026-10-08T22:58:34.4603878Z   ...
2026-10-08T22:58:34.4610866Z # Subtest: malformed successful start output still retires the acquired session
2026-10-08T22:58:34.4611652Z ok 18 - malformed successful start output still retires the acquired session
2026-10-08T22:58:34.4612153Z   ---
2026-10-08T22:58:34.4612476Z   duration_ms: 0.431417
2026-10-08T22:58:34.4612817Z   type: 'test'
2026-10-08T22:58:34.4613133Z   ...
2026-10-08T22:58:34.4613709Z # Subtest: the kernel-local template slot has one preparation owner and is released on close
2026-10-08T22:58:34.4614662Z ok 19 - the kernel-local template slot has one preparation owner and is released on close
2026-10-08T22:58:34.4615198Z   ---
2026-10-08T22:58:34.4615519Z   duration_ms: 0.435293
2026-10-08T22:58:34.4615859Z   type: 'test'
2026-10-08T22:58:34.4616176Z   ...
2026-10-08T22:58:34.4616838Z # Subtest: closing an application-event-only Play settles dispatch without a later user action
2026-10-08T22:58:34.4618014Z ok 20 - closing an application-event-only Play settles dispatch without a later user action
2026-10-08T22:58:34.4618558Z   ---
2026-10-08T22:58:34.4618866Z   duration_ms: 0.819668
2026-10-08T22:58:34.4619206Z   type: 'test'
2026-10-08T22:58:34.4619522Z   ...
2026-10-08T22:58:34.4620235Z # Subtest: closing a failed dispatcher preserves its original rejection and returns a cancellation receipt
2026-10-08T22:58:34.4621195Z ok 21 - closing a failed dispatcher preserves its original rejection and returns a cancellation receipt
2026-10-08T22:58:34.4621778Z   ---
2026-10-08T22:58:34.4622090Z   duration_ms: 0.4317
2026-10-08T22:58:34.4622422Z   type: 'test'
2026-10-08T22:58:34.4622802Z   ...
2026-10-08T22:58:34.5551053Z # Subtest: foreground changes route future keys while preserving background pending requests
2026-10-08T22:58:34.5585838Z ok 22 - foreground changes route future keys while preserving background pending requests
2026-10-08T22:58:34.5586789Z   ---
2026-10-08T22:58:34.5616861Z   duration_ms: 2.100286
2026-10-08T22:58:34.5624910Z   type: 'test'
2026-10-08T22:58:34.5625387Z   ...
2026-10-08T22:58:34.5633542Z # Subtest: queued keys retain capture focus and held-key releases stay with their press
2026-10-08T22:58:34.5634585Z ok 23 - queued keys retain capture focus and held-key releases stay with their press
2026-10-08T22:58:34.5635119Z   ---
2026-10-08T22:58:34.5635499Z   duration_ms: 0.328036
2026-10-08T22:58:34.5635855Z   type: 'test'
2026-10-08T22:58:34.5636158Z   ...
2026-10-08T22:58:34.5638641Z # Subtest: cancelling one input request does not cancel another plot's request
2026-10-08T22:58:34.5639643Z ok 24 - cancelling one input request does not cancel another plot's request
2026-10-08T22:58:34.5640135Z   ---
2026-10-08T22:58:34.5640440Z   duration_ms: 0.776216
2026-10-08T22:58:34.5640770Z   type: 'test'
2026-10-08T22:58:34.5641079Z   ...
2026-10-08T22:58:34.5641648Z # Subtest: uninstalled identities and duplicate requests refuse without consuming input
2026-10-08T22:58:34.5642656Z ok 25 - uninstalled identities and duplicate requests refuse without consuming input
2026-10-08T22:58:34.5643157Z   ---
2026-10-08T22:58:34.5643453Z   duration_ms: 0.412325
2026-10-08T22:58:34.5643778Z   type: 'test'
2026-10-08T22:58:34.5644063Z   ...
2026-10-08T22:58:34.5644722Z # Subtest: ordered pressure terminates only the affected Plot stream
2026-10-08T22:58:34.5645291Z ok 26 - ordered pressure terminates only the affected Plot stream
2026-10-08T22:58:34.5646055Z   ---
2026-10-08T22:58:34.5646315Z   duration_ms: 0.771649
2026-10-08T22:58:34.5646567Z   type: 'test'
2026-10-08T22:58:34.5646783Z   ...
2026-10-08T22:58:34.5647225Z # Subtest: pointer delivery follows its captured Plot and unrelated input cannot fill its queue
2026-10-08T22:58:34.5647881Z ok 27 - pointer delivery follows its captured Plot and unrelated input cannot fill its queue
2026-10-08T22:58:34.5648273Z   ---
2026-10-08T22:58:34.5648473Z   duration_ms: 0.332122
2026-10-08T22:58:34.5648715Z   type: 'test'
2026-10-08T22:58:34.5648900Z   ...
2026-10-08T22:58:34.5649287Z # Subtest: pointer pressure coalesces 100,000 observations through one reusable slot
2026-10-08T22:58:34.5649856Z ok 28 - pointer pressure coalesces 100,000 observations through one reusable slot
2026-10-08T22:58:34.5650243Z   ---
2026-10-08T22:58:34.5650437Z   duration_ms: 111.26991
2026-10-08T22:58:34.5650694Z   type: 'test'
2026-10-08T22:58:34.5650904Z   ...
2026-10-08T22:58:34.5651283Z # Subtest: ordered storage is reusable across repeated queue wraparound
2026-10-08T22:58:34.5651821Z ok 29 - ordered storage is reusable across repeated queue wraparound
2026-10-08T22:58:34.5652136Z   ---
2026-10-08T22:58:34.5652381Z   duration_ms: 27.38949
2026-10-08T22:58:34.5652606Z   type: 'test'
2026-10-08T22:58:34.5652800Z   ...
2026-10-08T22:58:34.5714743Z # Subtest: artifact handoff admits exact bounded identity and preserves terminal distinctions
2026-10-08T22:58:34.5735003Z ok 30 - artifact handoff admits exact bounded identity and preserves terminal distinctions
2026-10-08T22:58:34.5735979Z   ---
2026-10-08T22:58:34.5736313Z   duration_ms: 2.205773
2026-10-08T22:58:34.5736644Z   type: 'test'
2026-10-08T22:58:34.5736999Z   ...
2026-10-08T22:58:34.5737461Z # Subtest: artifact and location validation fail before platform effects
2026-10-08T22:58:34.5738063Z ok 31 - artifact and location validation fail before platform effects
2026-10-08T22:58:34.5738510Z   ---
2026-10-08T22:58:34.5738803Z   duration_ms: 20.160445
2026-10-08T22:58:34.5739120Z   type: 'test'
2026-10-08T22:58:34.5739418Z   ...
2026-10-08T22:58:34.5739954Z # Subtest: location movement is bounded presentation state and remains correlated
2026-10-08T22:58:34.5740698Z ok 32 - location movement is bounded presentation state and remains correlated
2026-10-08T22:58:34.5741168Z   ---
2026-10-08T22:58:34.5741465Z   duration_ms: 1.044998
2026-10-08T22:58:34.5741793Z   type: 'test'
2026-10-08T22:58:34.5742086Z   ...
2026-10-08T22:58:34.5742574Z # Subtest: device choice is profile gated and acquisition grants no membership or Plan
2026-10-08T22:58:34.5743284Z ok 33 - device choice is profile gated and acquisition grants no membership or Plan
2026-10-08T22:58:34.5743755Z   ---
2026-10-08T22:58:34.5744039Z   duration_ms: 0.532937
2026-10-08T22:58:34.5744584Z   type: 'test'
2026-10-08T22:58:34.5744862Z   ...
2026-10-08T22:58:34.5745278Z # Subtest: device outcomes and stale completions remain distinct
2026-10-08T22:58:34.5745901Z ok 34 - device outcomes and stale completions remain distinct
2026-10-08T22:58:34.5746366Z   ---
2026-10-08T22:58:34.5746671Z   duration_ms: 0.349371
2026-10-08T22:58:34.5746969Z   type: 'test'
2026-10-08T22:58:34.5747251Z   ...
2026-10-08T22:58:34.5747775Z # Subtest: device authority, activation, API, chooser, and identity outcomes stay separate
2026-10-08T22:58:34.5748531Z ok 35 - device authority, activation, API, chooser, and identity outcomes stay separate
2026-10-08T22:58:34.5749030Z   ---
2026-10-08T22:58:34.5749329Z   duration_ms: 0.493918
2026-10-08T22:58:34.5749670Z   type: 'test'
2026-10-08T22:58:34.5749964Z   ...
2026-10-08T22:58:34.5750635Z # Subtest: call slots are finite and duplicate correlation refuses
2026-10-08T22:58:34.5751237Z ok 36 - call slots are finite and duplicate correlation refuses
2026-10-08T22:58:34.5751636Z   ---
2026-10-08T22:58:34.5751929Z   duration_ms: 0.522359
2026-10-08T22:58:34.5752257Z   type: 'test'
2026-10-08T22:58:34.5752541Z   ...
2026-10-08T22:58:34.5753063Z # Subtest: the admitted pitch is sent to a short conservatively gained oscillator
2026-10-08T22:58:34.5753781Z ok 37 - the admitted pitch is sent to a short conservatively gained oscillator
2026-10-08T22:58:34.5754467Z   ---
2026-10-08T22:58:34.5754763Z   duration_ms: 1.826147
2026-10-08T22:58:34.5755082Z   type: 'test'
2026-10-08T22:58:34.5755362Z   ...
2026-10-08T22:58:34.5755880Z # Subtest: audio policy denial stays distinct from an invalid or unavailable effect
2026-10-08T22:58:34.5756657Z ok 38 - audio policy denial stays distinct from an invalid or unavailable effect
2026-10-08T22:58:34.5757120Z   ---
2026-10-08T22:58:34.5757406Z   duration_ms: 0.728722
2026-10-08T22:58:34.5757714Z   type: 'test'
2026-10-08T22:58:34.5757987Z   ...
2026-10-08T22:58:34.5758473Z # Subtest: one host dispatcher preserves cross-plot completion correlation
2026-10-08T22:58:34.5759098Z ok 39 - one host dispatcher preserves cross-plot completion correlation
2026-10-08T22:58:34.5792491Z   ---
2026-10-08T22:58:34.5794914Z   duration_ms: 2.834225
2026-10-08T22:58:34.5795369Z   type: 'test'
2026-10-08T22:58:34.5795709Z   ...
2026-10-08T22:58:34.5796283Z # Subtest: duplicate or excessive pending effects refuse and abort admitted adapters
2026-10-08T22:58:34.5797035Z ok 40 - duplicate or excessive pending effects refuse and abort admitted adapters
2026-10-08T22:58:34.5797547Z   ---
2026-10-08T22:58:34.5797835Z   duration_ms: 0.977928
2026-10-08T22:58:34.5798148Z   type: 'test'
2026-10-08T22:58:34.5798447Z   ...
2026-10-08T22:58:34.5798898Z # Subtest: an adapter failure is not converted into a successful completion
2026-10-08T22:58:34.5799788Z ok 41 - an adapter failure is not converted into a successful completion
2026-10-08T22:58:34.5800386Z   ---
2026-10-08T22:58:34.5800714Z   duration_ms: 0.400849
2026-10-08T22:58:34.5801107Z   type: 'test'
2026-10-08T22:58:34.5801464Z   ...
2026-10-08T22:58:34.5801950Z # Subtest: kernel cancellation aborts its exact timer before acknowledgement
2026-10-08T22:58:34.5802633Z ok 42 - kernel cancellation aborts its exact timer before acknowledgement
2026-10-08T22:58:34.5803119Z   ---
2026-10-08T22:58:34.5803453Z   duration_ms: 0.618451
2026-10-08T22:58:34.5803799Z   type: 'test'
2026-10-08T22:58:34.5804267Z   ...
2026-10-08T22:58:34.5804746Z # Subtest: typed Host denial is correlated without stopping unrelated pending work
2026-10-08T22:58:34.5805421Z ok 43 - typed Host denial is correlated without stopping unrelated pending work
2026-10-08T22:58:34.5805885Z   ---
2026-10-08T22:58:34.5806198Z   duration_ms: 0.900563
2026-10-08T22:58:34.5806524Z   type: 'test'
2026-10-08T22:58:34.5806843Z   ...
2026-10-08T22:58:34.5807418Z # Subtest: retirement aborts pending effects and fences late completions from a successor kernel
2026-10-08T22:58:34.5808223Z ok 44 - retirement aborts pending effects and fences late completions from a successor kernel
2026-10-08T22:58:34.5808718Z   ---
2026-10-08T22:58:34.5808998Z   duration_ms: 0.566527
2026-10-08T22:58:34.5809308Z   type: 'test'
2026-10-08T22:58:34.5809587Z   ...
2026-10-08T22:58:34.5810115Z # Subtest: synchronous retirement at the waiting boundary cannot strand its wake promise
2026-10-08T22:58:34.5810799Z ok 45 - synchronous retirement at the waiting boundary cannot strand its wake promise
2026-10-08T22:58:34.5811290Z   ---
2026-10-08T22:58:34.5811599Z   duration_ms: 0.454517
2026-10-08T22:58:34.5811928Z   type: 'test'
2026-10-08T22:58:34.5812221Z   ...
2026-10-08T22:58:34.5812746Z # Subtest: selected target alone is fetched, verified, and reused from immutable cache
2026-10-08T22:58:34.5813449Z ok 46 - selected target alone is fetched, verified, and reused from immutable cache
2026-10-08T22:58:34.5813951Z   ---
2026-10-08T22:58:34.5814643Z   duration_ms: 29.176456
2026-10-08T22:58:34.5815001Z   type: 'test'
2026-10-08T22:58:34.5815305Z   ...
2026-10-08T22:58:34.5815765Z # Subtest: catalog cannot relabel one artifact as another target
2026-10-08T22:58:34.5816351Z ok 47 - catalog cannot relabel one artifact as another target
2026-10-08T22:58:34.5816783Z   ---
2026-10-08T22:58:34.5817086Z   duration_ms: 1.447038
2026-10-08T22:58:34.5817405Z   type: 'test'
2026-10-08T22:58:34.5817707Z   ...
2026-10-08T22:58:34.5818228Z # Subtest: target-owned image validators can resolve one exact catalog artifact
2026-10-08T22:58:34.5818853Z ok 48 - target-owned image validators can resolve one exact catalog artifact
2026-10-08T22:58:34.5819336Z   ---
2026-10-08T22:58:34.5819624Z   duration_ms: 2.241835
2026-10-08T22:58:34.5819954Z   type: 'test'
2026-10-08T22:58:34.5820243Z   ...
2026-10-08T22:58:34.6137630Z # Subtest: browser decodes the exact canonical Rust and ConduitOS rendezvous vector
2026-10-08T22:58:34.6164998Z ok 49 - browser decodes the exact canonical Rust and ConduitOS rendezvous vector
2026-10-08T22:58:34.6194635Z   ---
2026-10-08T22:58:34.6195634Z   duration_ms: 2.384174
2026-10-08T22:58:34.6224858Z   type: 'test'
2026-10-08T22:58:34.6225482Z   ...
2026-10-08T22:58:34.6226087Z # Subtest: browser decodes the shared bounded WebRTC candidate without retaining signaling
2026-10-08T22:58:34.6226899Z ok 50 - browser decodes the shared bounded WebRTC candidate without retaining signaling
2026-10-08T22:58:34.6227418Z   ---
2026-10-08T22:58:34.6227738Z   duration_ms: 0.655417
2026-10-08T22:58:34.6228077Z   type: 'test'
2026-10-08T22:58:34.6228391Z   ...
2026-10-08T22:58:34.6228878Z # Subtest: browser records ordered direct failure before WebRTC selection
2026-10-08T22:58:34.6229546Z ok 51 - browser records ordered direct failure before WebRTC selection
2026-10-08T22:58:34.6230011Z   ---
2026-10-08T22:58:34.6230329Z   duration_ms: 0.881447
2026-10-08T22:58:34.6230912Z   type: 'test'
2026-10-08T22:58:34.6231221Z   ...
2026-10-08T22:58:34.6231844Z # Subtest: browser records direct and WebRTC failure before protected relay fallback
2026-10-08T22:58:34.6232593Z ok 52 - browser records direct and WebRTC failure before protected relay fallback
2026-10-08T22:58:34.6237450Z   ---
2026-10-08T22:58:34.6237858Z   duration_ms: 0.512213
2026-10-08T22:58:34.6238194Z   type: 'test'
2026-10-08T22:58:34.6238476Z   ...
2026-10-08T22:58:34.6239000Z # Subtest: candidate adapters reuse bounded WebRTC and protected-relay Line APIs
2026-10-08T22:58:34.6239672Z ok 53 - candidate adapters reuse bounded WebRTC and protected-relay Line APIs
2026-10-08T22:58:34.6240124Z   ---
2026-10-08T22:58:34.6240402Z   duration_ms: 0.571363
2026-10-08T22:58:34.6240741Z   type: 'test'
2026-10-08T22:58:34.6241038Z   ...
2026-10-08T22:58:34.6495144Z # Subtest: browser verifies the exact RFC 9052 Sign1 vector under caller-owned policy
2026-10-08T22:58:34.6515195Z ok 54 - browser verifies the exact RFC 9052 Sign1 vector under caller-owned policy
2026-10-08T22:58:34.6524786Z   ---
2026-10-08T22:58:34.6544953Z   duration_ms: 10.401416
2026-10-08T22:58:34.6545514Z   type: 'test'
2026-10-08T22:58:34.6546155Z   ...
2026-10-08T22:58:34.6546745Z # Subtest: running host rendezvous code resolves one authenticated loopback WebSocket Line
2026-10-08T22:58:34.6547318Z ok 55 - running host rendezvous code resolves one authenticated loopback WebSocket Line
2026-10-08T22:58:34.6547758Z   ---
2026-10-08T22:58:34.6547968Z   duration_ms: 0.439356
2026-10-08T22:58:34.6548286Z   type: 'test'
2026-10-08T22:58:34.6548503Z   ...
2026-10-08T22:58:34.6548864Z # Subtest: malformed, zero-secret, and non-loopback codes refuse
2026-10-08T22:58:34.6549435Z ok 56 - malformed, zero-secret, and non-loopback codes refuse
2026-10-08T22:58:34.6549767Z   ---
2026-10-08T22:58:34.6549989Z   duration_ms: 0.415046
2026-10-08T22:58:34.6550226Z   type: 'test'
2026-10-08T22:58:34.6550433Z   ...
2026-10-08T22:58:34.6550819Z # Subtest: serial rendezvous code selects the browser-attended serial Line
2026-10-08T22:58:34.6551643Z ok 57 - serial rendezvous code selects the browser-attended serial Line
2026-10-08T22:58:34.6552020Z   ---
2026-10-08T22:58:34.6552227Z   duration_ms: 0.275035
2026-10-08T22:58:34.6552475Z   type: 'test'
2026-10-08T22:58:34.6552675Z   ...
2026-10-08T22:58:34.6553040Z # Subtest: finite secure LAN descriptor selects the authenticated TLS Line
2026-10-08T22:58:34.6553607Z ok 58 - finite secure LAN descriptor selects the authenticated TLS Line
2026-10-08T22:58:34.6553967Z   ---
2026-10-08T22:58:34.6554345Z   duration_ms: 2.11263
2026-10-08T22:58:34.6554555Z   type: 'test'
2026-10-08T22:58:34.6554779Z   ...
2026-10-08T22:58:34.6555289Z # Subtest: shared WebRTC candidate carries the unchanged running-Host admission session
2026-10-08T22:58:34.6555949Z ok 59 - shared WebRTC candidate carries the unchanged running-Host admission session
2026-10-08T22:58:34.6556362Z   ---
2026-10-08T22:58:34.6556578Z   duration_ms: 17.863457
2026-10-08T22:58:34.6556836Z   type: 'test'
2026-10-08T22:58:34.6557047Z   ...
2026-10-08T22:58:34.6557487Z # Subtest: one code carries a current advertisement and exactly one invitation proof
2026-10-08T22:58:34.6558111Z ok 60 - one code carries a current advertisement and exactly one invitation proof
2026-10-08T22:58:34.6558525Z   ---
2026-10-08T22:58:34.6558723Z   duration_ms: 1.339961
2026-10-08T22:58:34.6558974Z   type: 'test'
2026-10-08T22:58:34.6559178Z   ...
2026-10-08T22:58:34.6559581Z # Subtest: Workspace may retain the authenticated joined Line until explicit close
2026-10-08T22:58:34.6560205Z ok 61 - Workspace may retain the authenticated joined Line until explicit close
2026-10-08T22:58:34.6560594Z   ---
2026-10-08T22:58:34.6560801Z   duration_ms: 2.914969
2026-10-08T22:58:34.6561040Z   type: 'test'
2026-10-08T22:58:34.6561250Z   ...
2026-10-08T22:58:34.6561601Z # Subtest: the same invitation exchange runs over a Web Serial stream
2026-10-08T22:58:34.6562136Z ok 62 - the same invitation exchange runs over a Web Serial stream
2026-10-08T22:58:34.6562707Z   ---
2026-10-08T22:58:34.6562929Z   duration_ms: 5.644772
2026-10-08T22:58:34.6563158Z   type: 'test'
2026-10-08T22:58:34.6563373Z   ...
2026-10-08T22:58:34.6599624Z # Subtest: physical target catalog admits exact evidence maxima and preserves finite refusals
2026-10-08T22:58:34.6600601Z ok 63 - physical target catalog admits exact evidence maxima and preserves finite refusals
2026-10-08T22:58:34.6601150Z   ---
2026-10-08T22:58:34.6601468Z   duration_ms: 6.399872
2026-10-08T22:58:34.6601845Z   type: 'test'
2026-10-08T22:58:34.6602141Z   ...
2026-10-08T22:58:34.6602670Z # Subtest: physical workflow cancels one bounded operation without accepting late truth
2026-10-08T22:58:34.6603396Z ok 64 - physical workflow cancels one bounded operation without accepting late truth
2026-10-08T22:58:34.6603925Z   ---
2026-10-08T22:58:34.6604433Z   duration_ms: 8.75312
2026-10-08T22:58:34.6604762Z   type: 'test'
2026-10-08T22:58:34.6605025Z   ...
2026-10-08T22:58:34.6605564Z # Subtest: physical workflow refuses oversized operation evidence before accepting its result
2026-10-08T22:58:34.6606369Z ok 65 - physical workflow refuses oversized operation evidence before accepting its result
2026-10-08T22:58:34.6606857Z   ---
2026-10-08T22:58:34.6607180Z   duration_ms: 1.787197
2026-10-08T22:58:34.6607562Z   type: 'test'
2026-10-08T22:58:34.6607858Z   ...
2026-10-08T22:58:34.6608415Z # Subtest: physical workflow delegates the exact observed join to its owning Body product
2026-10-08T22:58:34.6609194Z ok 66 - physical workflow delegates the exact observed join to its owning Body product
2026-10-08T22:58:34.6609704Z   ---
2026-10-08T22:58:34.6609994Z   duration_ms: 2.981924
2026-10-08T22:58:34.6610315Z   type: 'test'
2026-10-08T22:58:34.6610608Z   ...
2026-10-08T22:58:34.6611267Z # Subtest: Gallery handoff accepts one complete current identity and refuses substitution or ambiguous fields
2026-10-08T22:58:34.6612199Z ok 67 - Gallery handoff accepts one complete current identity and refuses substitution or ambiguous fields
2026-10-08T22:58:34.6612790Z   ---
2026-10-08T22:58:34.6613294Z   duration_ms: 1.139778
2026-10-08T22:58:34.6613643Z   type: 'test'
2026-10-08T22:58:34.6613934Z   ...
2026-10-08T22:58:34.6626606Z # Subtest: birth admission preserves selected source bytes without admitting the whole catalog
2026-10-08T22:58:34.6627647Z ok 68 - birth admission preserves selected source bytes without admitting the whole catalog
2026-10-08T22:58:34.6628276Z   ---
2026-10-08T22:58:34.6628555Z   duration_ms: 2.109509
2026-10-08T22:58:34.6628873Z   type: 'test'
2026-10-08T22:58:34.6629142Z   ...
2026-10-08T22:58:34.6629661Z # Subtest: long birth refusals retain their detail without overflowing a status label
2026-10-08T22:58:34.6630758Z ok 69 - long birth refusals retain their detail without overflowing a status label
2026-10-08T22:58:34.6631205Z   ---
2026-10-08T22:58:34.6631415Z   duration_ms: 2.546227
2026-10-08T22:58:34.6631660Z   type: 'test'
2026-10-08T22:58:34.6631859Z   ...
2026-10-08T22:58:34.6755529Z # Subtest: application and compatibility identities isolate state while compatible packages retain it
2026-10-08T22:58:34.6779758Z ok 70 - application and compatibility identities isolate state while compatible packages retain it
2026-10-08T22:58:34.6804777Z   ---
2026-10-08T22:58:34.6814855Z   duration_ms: 7.566301
2026-10-08T22:58:34.6838329Z   type: 'test'
2026-10-08T22:58:34.6894564Z   ...
2026-10-08T22:58:34.6925039Z # Subtest: ownership is lazy and a session caches its one Body without duplicate restore
2026-10-08T22:58:34.6954978Z ok 71 - ownership is lazy and a session caches its one Body without duplicate restore
2026-10-08T22:58:34.6984671Z   ---
2026-10-08T22:58:34.7006757Z   duration_ms: 1.253624
2026-10-08T22:58:34.7007136Z   type: 'test'
2026-10-08T22:58:34.7007456Z   ...
2026-10-08T22:58:34.7007892Z # Subtest: failed termination cannot clear state or release ownership
2026-10-08T22:58:34.7008490Z ok 72 - failed termination cannot clear state or release ownership
2026-10-08T22:58:34.7009139Z   ---
2026-10-08T22:58:34.7009363Z   duration_ms: 0.262353
2026-10-08T22:58:34.7009687Z   type: 'test'
2026-10-08T22:58:34.7009982Z   ...
2026-10-08T22:58:34.7010466Z # Subtest: forgetting unopened state acquires ownership; refused ownership cannot reset
2026-10-08T22:58:34.7011134Z ok 73 - forgetting unopened state acquires ownership; refused ownership cannot reset
2026-10-08T22:58:34.7011602Z   ---
2026-10-08T22:58:34.7011897Z   duration_ms: 0.216031
2026-10-08T22:58:34.7012211Z   type: 'test'
2026-10-08T22:58:34.7012502Z   ...
2026-10-08T22:58:34.7013019Z # Subtest: cooperative lock excludes competitors, releases explicitly, and retains Workspace default
2026-10-08T22:58:34.7013781Z ok 74 - cooperative lock excludes competitors, releases explicitly, and retains Workspace default
2026-10-08T22:58:34.7014418Z   ---
2026-10-08T22:58:34.7014689Z   duration_ms: 1.991386
2026-10-08T22:58:34.7014956Z   type: 'test'
2026-10-08T22:58:34.7015248Z   ...
2026-10-08T22:58:34.7015716Z # Subtest: close waits for an in-flight birth and its Body settlement before releasing
2026-10-08T22:58:34.7016328Z ok 75 - close waits for an in-flight birth and its Body settlement before releasing
2026-10-08T22:58:34.7045243Z   ---
2026-10-08T22:58:34.7054911Z   duration_ms: 0.281567
2026-10-08T22:58:34.7065491Z   type: 'test'
2026-10-08T22:58:34.7074675Z   ...
2026-10-08T22:58:34.7075637Z # Subtest: typed lifecycle refusals preserve their category, operation, evidence, and exact identities
2026-10-08T22:58:34.7115178Z ok 76 - typed lifecycle refusals preserve their category, operation, evidence, and exact identities
2026-10-08T22:58:34.7144927Z   ---
2026-10-08T22:58:34.7174841Z   duration_ms: 1.441936
2026-10-08T22:58:34.7175301Z   type: 'test'
2026-10-08T22:58:34.7204839Z   ...
2026-10-08T22:58:34.7235121Z # Subtest: BrowserHost cannot be made outside the admitted Conduit entrance
2026-10-08T22:58:34.7262972Z ok 77 - BrowserHost cannot be made outside the admitted Conduit entrance
2026-10-08T22:58:34.7263784Z   ---
2026-10-08T22:58:34.7265792Z   duration_ms: 0.566983
2026-10-08T22:58:34.7266294Z   type: 'test'
2026-10-08T22:58:34.7267105Z   ...
2026-10-08T22:58:34.7267636Z # Subtest: snapshot projection is the immutable exact Workspace response
2026-10-08T22:58:34.7268255Z ok 78 - snapshot projection is the immutable exact Workspace response
2026-10-08T22:58:34.7268646Z   ---
2026-10-08T22:58:34.7268864Z   duration_ms: 1.058013
2026-10-08T22:58:34.7269123Z   type: 'test'
2026-10-08T22:58:34.7269343Z   ...
2026-10-08T22:58:34.7269792Z # Subtest: lifecycle events correlate the exact retained biography record and sign
2026-10-08T22:58:34.7270429Z ok 79 - lifecycle events correlate the exact retained biography record and sign
2026-10-08T22:58:34.7270841Z   ---
2026-10-08T22:58:34.7271060Z   duration_ms: 0.491621
2026-10-08T22:58:34.7272120Z   type: 'test'
2026-10-08T22:58:34.7272358Z   ...
2026-10-08T22:58:34.7272897Z # Subtest: host offer transitions report observed changes and coalesced generation advances
2026-10-08T22:58:34.7273605Z ok 80 - host offer transitions report observed changes and coalesced generation advances
2026-10-08T22:58:34.7274053Z   ---
2026-10-08T22:58:34.7274422Z   duration_ms: 1.053286
2026-10-08T22:58:34.7274709Z   type: 'test'
2026-10-08T22:58:34.7274934Z   ...
2026-10-08T22:58:34.7275479Z # Subtest: event streams replay only when requested and release their finite subscription
2026-10-08T22:58:34.7276203Z ok 81 - event streams replay only when requested and release their finite subscription
2026-10-08T22:58:34.7276591Z   ---
2026-10-08T22:58:34.7276813Z   duration_ms: 0.336385
2026-10-08T22:58:34.7277056Z   type: 'test'
2026-10-08T22:58:34.7277280Z   ...
2026-10-08T22:58:34.7277755Z # Subtest: unrequested replay starts from current evidence and polling bounds are enforced
2026-10-08T22:58:34.7278409Z ok 82 - unrequested replay starts from current evidence and polling bounds are enforced
2026-10-08T22:58:34.7278824Z   ---
2026-10-08T22:58:34.7279043Z   duration_ms: 0.484909
2026-10-08T22:58:34.7279298Z   type: 'test'
2026-10-08T22:58:34.7279785Z   ...
2026-10-08T22:58:34.7280286Z # Subtest: compaction is reported from its retained boundary before later biography records
2026-10-08T22:58:34.7280978Z ok 83 - compaction is reported from its retained boundary before later biography records
2026-10-08T22:58:34.7281407Z   ---
2026-10-08T22:58:34.7281628Z   duration_ms: 0.213416
2026-10-08T22:58:34.7281882Z   type: 'test'
2026-10-08T22:58:34.7282095Z   ...
2026-10-08T22:58:34.7282545Z # Subtest: browser Face controls pass only named, bounded values from the current action
2026-10-08T22:58:34.7283182Z ok 84 - browser Face controls pass only named, bounded values from the current action
2026-10-08T22:58:34.7283607Z   ---
2026-10-08T22:58:34.7283834Z   duration_ms: 1.769509
2026-10-08T22:58:34.7284289Z   type: 'test'
2026-10-08T22:58:34.7284526Z   ...
2026-10-08T22:58:34.7285023Z # Subtest: actions with no arguments are ordinary buttons; nontext without choices is unavailable
2026-10-08T22:58:34.7285755Z ok 85 - actions with no arguments are ordinary buttons; nontext without choices is unavailable
2026-10-08T22:58:34.7286291Z   ---
2026-10-08T22:58:34.7286503Z   duration_ms: 0.222559
2026-10-08T22:58:34.7286749Z   type: 'test'
2026-10-08T22:58:34.7286964Z   ...
2026-10-08T22:58:34.7582134Z # Subtest: Face snapshot uses one bounded same-origin SDK request
2026-10-08T22:58:34.7615332Z ok 86 - Face snapshot uses one bounded same-origin SDK request
2026-10-08T22:58:34.7615896Z   ---
2026-10-08T22:58:34.7616197Z   duration_ms: 22.890361
2026-10-08T22:58:34.7616484Z   type: 'test'
2026-10-08T22:58:34.7616821Z   ...
2026-10-08T22:58:34.7617303Z # Subtest: Face interaction carries exact caller-owned semantic basis
2026-10-08T22:58:34.7617870Z ok 87 - Face interaction carries exact caller-owned semantic basis
2026-10-08T22:58:34.7618287Z   ---
2026-10-08T22:58:34.7618536Z   duration_ms: 0.531301
2026-10-08T22:58:34.7618825Z   type: 'test'
2026-10-08T22:58:34.7619306Z   ...
2026-10-08T22:58:34.7619760Z # Subtest: Face client refuses failed, empty, and oversized responses
2026-10-08T22:58:34.7620641Z ok 88 - Face client refuses failed, empty, and oversized responses
2026-10-08T22:58:34.7621056Z   ---
2026-10-08T22:58:34.7621333Z   duration_ms: 1.428889
2026-10-08T22:58:34.7621647Z   type: 'test'
2026-10-08T22:58:34.7621931Z   ...
2026-10-08T22:58:34.7686068Z # Subtest: Plot check projects Rust source and checked identities without parsing in JavaScript
2026-10-08T22:58:34.7703124Z ok 89 - Plot check projects Rust source and checked identities without parsing in JavaScript
2026-10-08T22:58:34.7727038Z   ---
2026-10-08T22:58:34.7727705Z   duration_ms: 1.111332
2026-10-08T22:58:34.7728078Z   type: 'test'
2026-10-08T22:58:34.7728396Z   ...
2026-10-08T22:58:34.7729029Z # Subtest: invalid source returns canonical diagnostics and parser spans without prose scraping
2026-10-08T22:58:34.7729892Z ok 90 - invalid source returns canonical diagnostics and parser spans without prose scraping
2026-10-08T22:58:34.7730449Z   ---
2026-10-08T22:58:34.7740184Z   duration_ms: 0.158593
2026-10-08T22:58:34.7740640Z   type: 'test'
2026-10-08T22:58:34.7740951Z   ...
2026-10-08T22:58:34.7741567Z # Subtest: Plot Patchbay exposes immutable Rust-checked Front constraints without creating a Body
2026-10-08T22:58:34.7742383Z ok 91 - Plot Patchbay exposes immutable Rust-checked Front constraints without creating a Body
2026-10-08T22:58:34.7742925Z   ---
2026-10-08T22:58:34.7743238Z   duration_ms: 0.364464
2026-10-08T22:58:34.7743570Z   type: 'test'
2026-10-08T22:58:34.7743885Z   ...
2026-10-08T22:58:34.7744750Z # Subtest: Host workload review returns bounded realization requirements without creating a Plan or acquiring resources
2026-10-08T22:58:34.7745745Z ok 92 - Host workload review returns bounded realization requirements without creating a Plan or acquiring resources
2026-10-08T22:58:34.7746347Z   ---
2026-10-08T22:58:34.7746663Z   duration_ms: 0.418633
2026-10-08T22:58:34.7746979Z   type: 'test'
2026-10-08T22:58:34.7747288Z   ...
2026-10-08T22:58:34.7747869Z # Subtest: workset changes send canonical checked identity and exact observed workload revision
2026-10-08T22:58:34.7748997Z ok 93 - workset changes send canonical checked identity and exact observed workload revision
2026-10-08T22:58:34.7749529Z   ---
2026-10-08T22:58:34.7749810Z   duration_ms: 1.245803
2026-10-08T22:58:34.7750119Z   type: 'test'
2026-10-08T22:58:34.7750431Z   ...
2026-10-08T22:58:34.7750955Z # Subtest: Body Patchbay uses the Rust projection and binds it to exact Body and Boot truth
2026-10-08T22:58:34.7751702Z ok 94 - Body Patchbay uses the Rust projection and binds it to exact Body and Boot truth
2026-10-08T22:58:34.7752197Z   ---
2026-10-08T22:58:34.7752509Z   duration_ms: 0.592307
2026-10-08T22:58:34.7752843Z   type: 'test'
2026-10-08T22:58:34.7753131Z   ...
2026-10-08T22:58:34.7753560Z # Subtest: workset refusal retains the exact expected revision
2026-10-08T22:58:34.7754278Z ok 95 - workset refusal retains the exact expected revision
2026-10-08T22:58:34.7754741Z   ---
2026-10-08T22:58:34.7755045Z   duration_ms: 0.690252
2026-10-08T22:58:34.7755404Z   type: 'test'
2026-10-08T22:58:34.7755708Z   ...
2026-10-08T22:58:34.7756281Z # Subtest: durable birth retains runtime-owned Body truth with its freshly checked source
2026-10-08T22:58:34.7757039Z ok 96 - durable birth retains runtime-owned Body truth with its freshly checked source
2026-10-08T22:58:34.7757563Z   ---
2026-10-08T22:58:34.7757869Z   duration_ms: 0.287685
2026-10-08T22:58:34.7758212Z   type: 'test'
2026-10-08T22:58:34.7758492Z   ...
2026-10-08T22:58:34.7759067Z # Subtest: recover rechecks retained Plots and restores the same Body under the fresh Boot without a Play
2026-10-08T22:58:34.7759852Z ok 97 - recover rechecks retained Plots and restores the same Body under the fresh Boot without a Play
2026-10-08T22:58:34.7760331Z   ---
2026-10-08T22:58:34.7760606Z   duration_ms: 0.813097
2026-10-08T22:58:34.7760951Z   type: 'test'
2026-10-08T22:58:34.7761243Z   ...
2026-10-08T22:58:34.7761722Z # Subtest: birth refuses to overwrite a retained Body that requires recovery
2026-10-08T22:58:34.7762606Z ok 98 - birth refuses to overwrite a retained Body that requires recovery
2026-10-08T22:58:34.7763067Z   ---
2026-10-08T22:58:34.7763344Z   duration_ms: 1.139799
2026-10-08T22:58:34.7763652Z   type: 'test'
2026-10-08T22:58:34.7763946Z   ...
2026-10-08T22:58:34.7764961Z # Subtest: recover refuses retained Plot identities that no longer match canonical checking
2026-10-08T22:58:34.7765657Z ok 99 - recover refuses retained Plot identities that no longer match canonical checking
2026-10-08T22:58:34.7766149Z   ---
2026-10-08T22:58:34.7766428Z   duration_ms: 0.264297
2026-10-08T22:58:34.7766746Z   type: 'test'
2026-10-08T22:58:34.7767042Z   ...
2026-10-08T22:58:34.7767540Z # Subtest: closing a Body settles admitted selection before fencing stale handles
2026-10-08T22:58:34.7768251Z ok 100 - closing a Body settles admitted selection before fencing stale handles
2026-10-08T22:58:34.7768986Z   ---
2026-10-08T22:58:34.7769315Z   duration_ms: 0.65256
2026-10-08T22:58:34.7769664Z   type: 'test'
2026-10-08T22:58:34.7770009Z   ...
2026-10-08T22:58:34.7770680Z # Subtest: bundled edits retain reviewed presentation profiles and Patchbay projects exact foreground source
2026-10-08T22:58:34.7771669Z ok 101 - bundled edits retain reviewed presentation profiles and Patchbay projects exact foreground source
2026-10-08T22:58:34.7772246Z   ---
2026-10-08T22:58:34.7772518Z   duration_ms: 0.912167
2026-10-08T22:58:34.7772871Z   type: 'test'
2026-10-08T22:58:34.7773183Z   ...
2026-10-08T22:58:34.7773753Z # Subtest: adapter forwards incomplete and Unicode source unchanged to native ABI
2026-10-08T22:58:34.7774711Z ok 102 - adapter forwards incomplete and Unicode source unchanged to native ABI
2026-10-08T22:58:34.7775176Z   ---
2026-10-08T22:58:34.7775709Z   duration_ms: 1.418262
2026-10-08T22:58:34.7776030Z   type: 'test'
2026-10-08T22:58:34.7776310Z   ...
2026-10-08T22:58:34.7776799Z # Subtest: byte overflow and malformed Unicode refuse before invoking native ABI
2026-10-08T22:58:34.7777485Z ok 103 - byte overflow and malformed Unicode refuse before invoking native ABI
2026-10-08T22:58:34.7778171Z   ---
2026-10-08T22:58:34.7778477Z   duration_ms: 1.842495
2026-10-08T22:58:34.7778803Z   type: 'test'
2026-10-08T22:58:34.7779117Z   ...
2026-10-08T22:58:34.7779563Z # Subtest: refuses malformed native projection: wrong protocol
2026-10-08T22:58:34.7780117Z ok 104 - refuses malformed native projection: wrong protocol
2026-10-08T22:58:34.7780523Z   ---
2026-10-08T22:58:34.7780822Z   duration_ms: 0.350632
2026-10-08T22:58:34.7781120Z   type: 'test'
2026-10-08T22:58:34.7781427Z   ...
2026-10-08T22:58:34.7781851Z # Subtest: refuses malformed native projection: wrong length
2026-10-08T22:58:34.7782419Z ok 105 - refuses malformed native projection: wrong length
2026-10-08T22:58:34.7782827Z   ---
2026-10-08T22:58:34.7783130Z   duration_ms: 0.308999
2026-10-08T22:58:34.7783486Z   type: 'test'
2026-10-08T22:58:34.7783751Z   ...
2026-10-08T22:58:34.7784312Z # Subtest: refuses malformed native projection: unknown kind
2026-10-08T22:58:34.7784823Z ok 106 - refuses malformed native projection: unknown kind
2026-10-08T22:58:34.7785212Z   ---
2026-10-08T22:58:34.7785496Z   duration_ms: 0.362255
2026-10-08T22:58:34.7785826Z   type: 'test'
2026-10-08T22:58:34.7786132Z   ...
2026-10-08T22:58:34.7786518Z # Subtest: refuses malformed native projection: gap
2026-10-08T22:58:34.7786986Z ok 107 - refuses malformed native projection: gap
2026-10-08T22:58:34.7787375Z   ---
2026-10-08T22:58:34.7787665Z   duration_ms: 0.243755
2026-10-08T22:58:34.7787995Z   type: 'test'
2026-10-08T22:58:34.7788284Z   ...
2026-10-08T22:58:34.7788729Z # Subtest: refuses malformed native projection: split UTF-8
2026-10-08T22:58:34.7789265Z ok 108 - refuses malformed native projection: split UTF-8
2026-10-08T22:58:34.7789691Z   ---
2026-10-08T22:58:34.7789990Z   duration_ms: 0.305989
2026-10-08T22:58:34.7790324Z   type: 'test'
2026-10-08T22:58:34.7790630Z   ...
2026-10-08T22:58:34.7791001Z # Subtest: native refusal remains a refusal
2026-10-08T22:58:34.7791476Z ok 109 - native refusal remains a refusal
2026-10-08T22:58:34.7791855Z   ---
2026-10-08T22:58:34.7792461Z   duration_ms: 0.229175
2026-10-08T22:58:34.7792862Z   type: 'test'
2026-10-08T22:58:34.7793161Z   ...
2026-10-08T22:58:34.8117643Z # Subtest: wardrobe preserves exact owner revision and distinguishes route availability from policy
2026-10-08T22:58:34.8118799Z ok 110 - wardrobe preserves exact owner revision and distinguishes route availability from policy
2026-10-08T22:58:34.8119345Z   ---
2026-10-08T22:58:34.8119651Z   duration_ms: 1.885579
2026-10-08T22:58:34.8119967Z   type: 'test'
2026-10-08T22:58:34.8120265Z   ...
2026-10-08T22:58:34.8120793Z # Subtest: wardrobe refuses stale identities, invented routes, and malformed selection
2026-10-08T22:58:34.8121521Z ok 111 - wardrobe refuses stale identities, invented routes, and malformed selection
2026-10-08T22:58:34.8122109Z   ---
2026-10-08T22:58:34.8122415Z   duration_ms: 0.386031
2026-10-08T22:58:34.8122761Z   type: 'test'
2026-10-08T22:58:34.8123085Z   ...
2026-10-08T22:58:35.5059212Z # Subtest: targets/browser/sdk/package-browser-bundle.test.mjs
2026-10-08T22:58:35.5059904Z ok 19 - targets/browser/sdk/package-browser-bundle.test.mjs
2026-10-08T22:58:35.5060306Z   ---
2026-10-08T22:58:35.5060597Z   duration_ms: 732.990298
2026-10-08T22:58:35.5060925Z   type: 'test'
2026-10-08T22:58:35.5061222Z   ...
2026-10-08T22:58:35.5061806Z # Subtest: policy precedes executable assets while preserving SVG and authored markup
2026-10-08T22:58:35.5062466Z ok 113 - policy precedes executable assets while preserving SVG and authored markup
2026-10-08T22:58:35.5062811Z   ---
2026-10-08T22:58:35.5062995Z   duration_ms: 0.80542
2026-10-08T22:58:35.5063204Z   type: 'test'
2026-10-08T22:58:35.5063379Z   ...
2026-10-08T22:58:35.5063756Z # Subtest: policy permits reviewed module and Wasm loading without script eval or backend origins
2026-10-08T22:58:35.5064518Z ok 114 - policy permits reviewed module and Wasm loading without script eval or backend origins
2026-10-08T22:58:35.5065154Z   ---
2026-10-08T22:58:35.5065342Z   duration_ms: 0.646872
2026-10-08T22:58:35.5065549Z   type: 'test'
2026-10-08T22:58:35.5065730Z   ...
2026-10-08T22:58:35.5066111Z # Subtest: existing tighter policy survives and headless fragments refuse packaging
2026-10-08T22:58:35.5066620Z ok 115 - existing tighter policy survives and headless fragments refuse packaging
2026-10-08T22:58:35.5066929Z   ---
2026-10-08T22:58:35.5067108Z   duration_ms: 0.383102
2026-10-08T22:58:35.5067305Z   type: 'test'
2026-10-08T22:58:35.5067482Z   ...
2026-10-08T22:58:35.5067823Z # Subtest: explicit owner window widens only its document to bounded loopback WebSockets
2026-10-08T22:58:35.5068318Z ok 116 - explicit owner window widens only its document to bounded loopback WebSockets
2026-10-08T22:58:35.5068641Z   ---
2026-10-08T22:58:35.5068804Z   duration_ms: 0.222919
2026-10-08T22:58:35.5069000Z   type: 'test'
2026-10-08T22:58:35.5069172Z   ...
2026-10-08T22:58:35.5069339Z 1..116
2026-10-08T22:58:35.5069506Z # tests 116
2026-10-08T22:58:35.5069679Z # suites 0
2026-10-08T22:58:35.5069856Z # pass 116
2026-10-08T22:58:35.5070026Z # fail 0
2026-10-08T22:58:35.5070192Z # cancelled 0
2026-10-08T22:58:35.5070367Z # skipped 0
2026-10-08T22:58:35.5070539Z # todo 0
2026-10-08T22:58:35.5070721Z # duration_ms 1138.761655
2026-10-08T22:58:35.5112214Z > node proof/browser/node_modules/@playwright/test/cli.js test --config proof/browser/playwright.config.mjs --project chromium --workers 1 --retries 0 workspace-arrival.spec.mjs workspace-birth-naming.spec.mjs sdk-external-body-execution.spec.mjs workspace-membership.spec.mjs workspace-library.spec.mjs workspace-resident-applications.spec.mjs workspace-continuity.spec.mjs workspace-shared-journey.spec.mjs field-station-clock.spec.mjs sdk-body-participation.spec.mjs static-body-application.spec.mjs creche-browser-configuration.spec.mjs creche-rendezvous.spec.mjs signal-dom-host.spec.mjs browser-body-time.spec.mjs browser-host-calls.spec.mjs browser-pointer.spec.mjs browser-human-input.spec.mjs browser-host-entrance.spec.mjs browser-media-host.spec.mjs browser-device-base.spec.mjs browser-usb-device-base.spec.mjs rp2040-browser-deployment.spec.mjs esp32-browser-deployment.spec.mjs
2026-10-08T22:58:36.9881332Z 
2026-10-08T22:58:36.9881930Z Running 100 tests using 1 worker
2026-10-08T22:58:36.9882192Z 
2026-10-08T22:58:37.2625832Z [1/100] [chromium] › proof/browser/browser-body-time.spec.mjs:5:1 › real browser monotonic timer ignores wall-clock steps
2026-10-08T22:58:37.7098785Z [2/100] [chromium] › proof/browser/browser-body-time.spec.mjs:38:1 › Chromium and native std process reconcile their distinct monotonic bases
2026-10-08T22:58:48.8921629Z [3/100] [chromium] › proof/browser/browser-device-base.spec.mjs:119:1 › superset WebSerial adapter refuses PROFILE omission before the chooser
2026-10-08T22:58:49.1778788Z [4/100] [chromium] › proof/browser/browser-device-base.spec.mjs:143:1 › explicit Web Serial acquisition creates one exact finite Base then bounded use
2026-10-08T22:58:49.5772685Z [5/100] [chromium] › proof/browser/browser-device-base.spec.mjs:235:1 › one admitted serial read bounds internal bytes, browser chunks, and elapsed time
2026-10-08T22:58:50.4729339Z [6/100] [chromium] › proof/browser/browser-device-base.spec.mjs:352:1 › permission, selection, API, and open failures remain distinct
2026-10-08T22:58:51.7047158Z [7/100] [chromium] › proof/browser/browser-device-base.spec.mjs:380:1 › disconnect and page cancellation terminate without retry or replacement
2026-10-08T22:58:52.7345084Z [8/100] [chromium] › proof/browser/browser-host-calls.spec.mjs:3:1 › artifact handoff requires activation and carries exact admitted bytes
2026-10-08T22:58:52.8911490Z [9/100] [chromium] › proof/browser/browser-host-calls.spec.mjs:26:1 › history movement is presentation-scoped and exactly correlated
2026-10-08T22:58:53.0031919Z [10/100] [chromium] › proof/browser/browser-host-calls.spec.mjs:41:1 › profile-gated device choice returns bounded browser-visible resource truth only
2026-10-08T22:58:53.1258492Z [11/100] [chromium] › proof/browser/browser-host-entrance.spec.mjs:40:1 › shows bounded startup suspense until the browser Host is ready
2026-10-08T22:58:54.1252653Z [12/100] [chromium] › proof/browser/browser-host-entrance.spec.mjs:62:1 › independent entrances own distinct Hosts while reload retains Host and replaces Boot
2026-10-08T22:58:54.9468936Z [13/100] [chromium] › proof/browser/browser-human-input.spec.mjs:3:1 › document-wide input leaves native controls operable without an admitted key request
2026-10-08T22:58:55.0905965Z [14/100] [chromium] › proof/browser/browser-human-input.spec.mjs:12:1 › ordered button transitions survive gaps between Host requests and refuse overflow
2026-10-08T22:58:55.3027168Z [15/100] [chromium] › proof/browser/browser-human-input.spec.mjs:39:1 › queued button release cannot survive a replacement Boot
2026-10-08T22:58:55.4493909Z [16/100] [chromium] › proof/browser/browser-human-input.spec.mjs:52:1 › selected keyboard and pointer adapt real Chromium actions to portable values
2026-10-08T22:58:55.6223646Z [17/100] [chromium] › proof/browser/browser-human-input.spec.mjs:91:1 › ordered keyboard transitions survive gaps between Host requests and refuse overflow
2026-10-08T22:58:55.7749518Z [18/100] [chromium] › proof/browser/browser-human-input.spec.mjs:111:1 › profile omission, finite pressure, cancellation, and stale Boot stay distinct
2026-10-08T22:58:55.9288359Z [19/100] [chromium] › proof/browser/browser-human-input.spec.mjs:134:1 › focus loss is recoverable while page loss is terminal
2026-10-08T22:58:56.0496000Z [20/100] [chromium] › proof/browser/browser-human-input.spec.mjs:149:1 › Body routing reuses one pointer slot for 100,000 browser observations
2026-10-08T22:58:56.6248548Z [21/100] [chromium] › proof/browser/browser-media-host.spec.mjs:28:1 › superset adapter cannot acquire media omitted from the selected PROFILE
2026-10-08T22:58:56.9113145Z [22/100] [chromium] › proof/browser/browser-media-host.spec.mjs:47:1 › two independent Hosts acquire and consume bounded camera and microphone values
2026-10-08T22:58:57.6672335Z [23/100] [chromium] › proof/browser/browser-media-host.spec.mjs:79:3 › deterministic adapter preserves denial
2026-10-08T22:58:58.0182560Z [24/100] [chromium] › proof/browser/browser-media-host.spec.mjs:79:3 › deterministic adapter preserves dismissal
2026-10-08T22:58:58.3473013Z [25/100] [chromium] › proof/browser/browser-media-host.spec.mjs:79:3 › deterministic adapter preserves unsupported constraints
2026-10-08T22:58:58.7048091Z [26/100] [chromium] › proof/browser/browser-pointer.spec.mjs:3:1 › real Chromium pointer input crosses the planned production kernel
2026-10-08T22:58:59.0952511Z [27/100] [chromium] › proof/browser/browser-usb-device-base.spec.mjs:110:1 › superset WebUSB adapter refuses PROFILE omission before the chooser
2026-10-08T22:58:59.3614809Z [28/100] [chromium] › proof/browser/browser-usb-device-base.spec.mjs:134:1 › explicit WebUSB acquisition creates one exact finite Base then bounded use
2026-10-08T22:58:59.7836516Z [29/100] [chromium] › proof/browser/browser-usb-device-base.spec.mjs:212:1 › selection, API, open, configuration, interface, and alternate failures remain distinct
2026-10-08T22:59:02.0576977Z [30/100] [chromium] › proof/browser/browser-usb-device-base.spec.mjs:262:1 › control transfers and zero-length acknowledgements remain finite Base truth
2026-10-08T22:59:02.3567794Z [31/100] [chromium] › proof/browser/browser-usb-device-base.spec.mjs:328:1 › disconnect, cancellation, overflow, and stalled transfer terminate without replacement
2026-10-08T22:59:03.6372415Z [32/100] [chromium] › proof/browser/creche-browser-configuration.spec.mjs:11:1 › Crèche evidence budgets cover the release runtime's canonical advertisement and join envelope
2026-10-08T22:59:03.7204950Z [33/100] [chromium] › proof/browser/creche-browser-configuration.spec.mjs:24:1 › one reviewed distribution makes materially different, capability-enforcing browser Hosts
2026-10-08T22:59:17.1355984Z [34/100] [chromium] › proof/browser/creche-browser-configuration.spec.mjs:87:1 › browser outfitting is catalog-driven, editable, and handed to checked make
2026-10-08T22:59:20.8413651Z [35/100] [chromium] › proof/browser/creche-browser-configuration.spec.mjs:142:1 › stale restored browser choices are refused before lifecycle change
2026-10-08T22:59:21.6846063Z [36/100] [chromium] › proof/browser/creche-rendezvous.spec.mjs:19:1 › a rendezvous code admits one already-running raw Host through the web Crèche
2026-10-08T22:59:24.5515663Z [37/100] [chromium] › proof/browser/esp32-browser-deployment.spec.mjs:177:1 › exact ESP32 IMAGE deploys through one finite Web Serial Base without runtime promotion
2026-10-08T22:59:24.9488324Z [38/100] [chromium] › proof/browser/esp32-browser-deployment.spec.mjs:222:1 › two Bodies produce distinct native ESP32 images with recoverable provisioning
2026-10-08T22:59:25.3817036Z [39/100] [chromium] › proof/browser/esp32-browser-deployment.spec.mjs:276:1 › wrong chip and flash verification mismatch remain distinct terminal refusals
2026-10-08T22:59:25.9992952Z [40/100] [chromium] › proof/browser/esp32-browser-deployment.spec.mjs:296:1 › insufficient serial operation budget refuses before use or reset
2026-10-08T22:59:26.3103650Z [41/100] [chromium] › proof/browser/esp32-browser-deployment.spec.mjs:308:1 › stale body-bound artifact content refuses before serial use
2026-10-08T22:59:26.6130573Z [42/100] [chromium] › proof/browser/esp32-browser-deployment.spec.mjs:322:1 › IMAGE chip incompatibility refuses before serial use
2026-10-08T22:59:26.8933887Z [43/100] [chromium] › proof/browser/esp32-browser-deployment.spec.mjs:336:1 › reset-line and serial-transfer failures remain distinct terminals
2026-10-08T22:59:27.4941503Z [44/100] [chromium] › proof/browser/esp32-browser-deployment.spec.mjs:354:1 › WROOM and S3 retain their distinct chip observations and bootloader offsets
2026-10-08T22:59:28.1279177Z [45/100] [chromium] › proof/browser/field-station-clock.spec.mjs:10:1 › an external page recovers one Clock Body across a fresh Boot without resurrecting its Play
2026-10-08T22:59:32.2058636Z [46/100] [chromium] › proof/browser/rp2040-browser-deployment.spec.mjs:215:1 › target-owned make returns exact attributable bytes through two local strategies
2026-10-08T22:59:32.3295012Z [47/100] [chromium] › proof/browser/rp2040-browser-deployment.spec.mjs:275:1 › one reviewed IMAGE yields distinct directly plantable body-bound UF2 spores
2026-10-08T22:59:32.4540116Z [48/100] [chromium] › proof/browser/rp2040-browser-deployment.spec.mjs:338:1 › browser serial observes a distinct fresh Boot and invitation-bound Pico join
2026-10-08T22:59:32.7330231Z [49/100] [chromium] › proof/browser/rp2040-browser-deployment.spec.mjs:411:1 › expired invitation and join-to-advertisement mismatch refuse before admission
2026-10-08T22:59:33.0033783Z [50/100] [chromium] › proof/browser/rp2040-browser-deployment.spec.mjs:468:1 › exact RP2040 UF2 deploys through one finite WebUSB Base without runtime promotion
2026-10-08T22:59:33.3234691Z [51/100] [chromium] › proof/browser/rp2040-browser-deployment.spec.mjs:576:1 › running accepted firmware acknowledges a build-bound BOOTSEL reboot through Web Serial
2026-10-08T22:59:33.6107370Z [52/100] [chromium] › proof/browser/rp2040-browser-deployment.spec.mjs:609:1 › wrong IMAGE family and stale command status refuse without deployment success
2026-10-08T22:59:33.8980265Z [53/100] [chromium] › proof/browser/sdk-body-participation.spec.mjs:10:1 › the browser SDK lends its exact admitted Host and Boot to an external Body
2026-10-08T22:59:34.9179236Z [54/100] [chromium] › proof/browser/sdk-body-participation.spec.mjs:72:1 › Host admission and refresh do not require or paint an application surface
2026-10-08T22:59:35.4170002Z [55/100] [chromium] › proof/browser/sdk-body-participation.spec.mjs:99:1 › a rootless Host refuses Body execution before acquiring a missing application surface
2026-10-08T22:59:35.9470530Z [56/100] [chromium] › proof/browser/sdk-external-body-execution.spec.mjs:15:1 › a Workspace Body continues through the browser SDK without a Patchbay page runtime
2026-10-08T22:59:43.1660857Z [57/100] [chromium] › proof/browser/sdk-external-body-execution.spec.mjs:59:1 › Rosehip measurement processing and bounded history continue through the SDK
2026-10-08T22:59:45.8424048Z [58/100] [chromium] › proof/browser/signal-dom-host.spec.mjs:3:1 › two actual page hosts retain bounded exactly correlated DOM receipts
2026-10-08T22:59:50.3979723Z [59/100] [chromium] › proof/browser/static-body-application.spec.mjs:27:1 › static Handbook applications retain independent local Bodies through use, navigation, exclusion, reset and browser restart
2026-10-08T23:00:13.5133725Z [60/100] [chromium] › proof/browser/workspace-arrival.spec.mjs:22:1 › Birth hands off to a Lulled Body; Wake starts listening Plots and reload preserves the body
2026-10-08T23:00:18.7705011Z [61/100] [chromium] › proof/browser/workspace-arrival.spec.mjs:87:1 › a failed started-state save cancels the real Play before dispatching effects
2026-10-08T23:00:21.6742823Z [62/100] [chromium] › proof/browser/workspace-arrival.spec.mjs:120:1 › a second window cannot recover a body while its first host is alive
2026-10-08T23:00:24.9932155Z [63/100] [chromium] › proof/browser/workspace-arrival.spec.mjs:135:1 › Birth and the listening surface fit a narrow window
2026-10-08T23:00:27.4292809Z [64/100] [chromium] › proof/browser/workspace-arrival.spec.mjs:149:1 › an intentionally empty Body remains lulled without inventing a play
2026-10-08T23:00:30.2070981Z [65/100] [chromium] › proof/browser/workspace-arrival.spec.mjs:169:1 › contextual tutorial follows the real Body instead of retaining lesson progress
2026-10-08T23:00:34.5820922Z [66/100] [chromium] › proof/browser/workspace-arrival.spec.mjs:188:1 › explicit Finish retires work, records provenance, and restores as read-only Fulfilled history
2026-10-08T23:00:38.8447955Z [67/100] [chromium] › proof/browser/workspace-arrival.spec.mjs:234:1 › a sound-only Body renders the original cue through real browser audio and settles idle
2026-10-08T23:00:44.0277376Z [68/100] [chromium] › proof/browser/workspace-arrival.spec.mjs:261:1 › first-wake audio stays silent after reload of the same body with a fresh Boot
2026-10-08T23:00:49.1438183Z [69/100] [chromium] › proof/browser/workspace-arrival.spec.mjs:284:1 › removing the default cue survives reload and a later first-wake installation stays silent
2026-10-08T23:01:04.9265897Z [70/100] [chromium] › proof/browser/workspace-arrival.spec.mjs:327:1 › unavailable audio is omitted by default and an explicitly installed cue cannot stop other Plots
2026-10-08T23:01:09.2235735Z [71/100] [chromium] › proof/browser/workspace-arrival.spec.mjs:342:1 › a suspended real audio context reports denial while the body keeps listening
2026-10-08T23:01:13.3978533Z [72/100] [chromium] › proof/browser/workspace-arrival.spec.mjs:359:1 › Workspace Birth binds naming, search, exact selection, review, and receipt
2026-10-08T23:01:16.1383384Z [73/100] [chromium] › proof/browser/workspace-arrival.spec.mjs:427:1 › Workspace Birth serves the canonical reviewed inventory source without edits
2026-10-08T23:01:17.6104269Z [74/100] [chromium] › proof/browser/workspace-arrival.spec.mjs:445:1 › Workspace Birth controls remain bounded and usable at a narrow width
2026-10-08T23:01:18.4964464Z [75/100] [chromium] › proof/browser/workspace-birth-naming.spec.mjs:11:1 › Workspace Birth suggestions expose diverse structures while remaining editable metadata
2026-10-08T23:01:21.1213258Z [76/100] [chromium] › proof/browser/workspace-continuity.spec.mjs:16:1 › Workspace returns a retained Body to its Plots without a parallel application
2026-10-08T23:01:26.6207891Z [77/100] [chromium] › proof/browser/workspace-library.spec.mjs:25:1 › five ordinary plots start together beyond the old aggregate placement ceiling
2026-10-08T23:01:29.8703798Z [78/100] [chromium] › proof/browser/workspace-library.spec.mjs:38:1 › repeated Wake and Lull compacts retained evidence instead of exhausting lifecycle Signs
2026-10-08T23:01:41.7035212Z [79/100] [chromium] › proof/browser/workspace-library.spec.mjs:54:1 › Use installs into the same body; repeated Use preserves Play and removal survives reload
2026-10-08T23:02:01.2672178Z [80/100] [chromium] › proof/browser/workspace-library.spec.mjs:110:1 › Pocket Theremin plays continuous two-axis PCM on the browser host
2026-10-08T23:02:11.1968030Z [81/100] [chromium] › proof/browser/workspace-library.spec.mjs:175:1 › the reviewed shelf reveals conversation Plots without pretending this browser can run them
2026-10-08T23:02:19.9133575Z [82/100] [chromium] › proof/browser/workspace-library.spec.mjs:191:1 › window focus loss retires the pending Play and lets the same body wake again
2026-10-08T23:02:23.4358308Z [83/100] [chromium] › proof/browser/workspace-library.spec.mjs:206:1 › removing the final Plot retains an empty Body that can acquire Plots again
2026-10-08T23:02:39.5175265Z [84/100] [chromium] › proof/browser/workspace-library.spec.mjs:237:1 › a failed workset save stops before replacement effects and reload recovers the saved workload
2026-10-08T23:02:49.0947272Z [85/100] [chromium] › proof/browser/workspace-library.spec.mjs:291:1 › a Gallery handoff installs in the retained body and cannot reinstall a later removed Plot on reload
2026-10-08T23:03:01.3080649Z [86/100] [chromium] › proof/browser/workspace-library.spec.mjs:311:1 › a new Gallery arrival selects the plot in the actual Crèche; a stale handoff leaves the body usable
2026-10-08T23:03:06.6365345Z [87/100] [chromium] › proof/browser/workspace-library.spec.mjs:332:3 › Gallery Plot Firefly Choir is resident and repeatedly usable in the body
2026-10-08T23:03:11.6894926Z [88/100] [chromium] › proof/browser/workspace-library.spec.mjs:332:3 › Gallery Plot Night Radio is resident and repeatedly usable in the body
2026-10-08T23:03:14.5695602Z [89/100] [chromium] › proof/browser/workspace-library.spec.mjs:332:3 › Gallery Plot Secret Knock is resident and repeatedly usable in the body
2026-10-08T23:03:17.2763256Z [90/100] [chromium] › proof/browser/workspace-resident-applications.spec.mjs:14:1 › the first body runs and can remove its resident Tutorial Plot without losing its face
2026-10-08T23:03:24.9907285Z [91/100] [chromium] › proof/browser/workspace-resident-applications.spec.mjs:39:1 › resident Patchbay inspects and begins an exact edit in one browser Body Play
2026-10-08T23:03:28.7832549Z [92/100] [chromium] › proof/browser/workspace-shared-journey.spec.mjs:12:1 › the shared Workspace journey from zero Body through explicit rest and finish
2026-10-08T23:03:33.1146239Z [93/100] [chromium] › proof/browser/workspace-membership.spec.mjs:23:1 › the ordinary face binds and admits one compiler-free reviewed browser Host
2026-10-08T23:03:50.4567498Z [94/100] [chromium] › proof/browser/workspace-membership.spec.mjs:310:1 › a second distinct browser Host explicitly joins through one canonical Body invitation
2026-10-08T23:04:00.2357964Z [95/100] [chromium] › proof/browser/workspace-membership.spec.mjs:418:1 › the POST share target refuses ambiguous, oversized, and GET delivery
2026-10-08T23:04:01.0575149Z [96/100] [chromium] › proof/browser/workspace-membership.spec.mjs:455:1 › pending share delivery survives worker replacement and expired delivery refuses
2026-10-08T23:04:02.7116285Z [97/100] [chromium] › proof/browser/workspace-membership.spec.mjs:495:1 › malformed invitation framing is refused without creating a body
2026-10-08T23:04:03.3523178Z [98/100] [chromium] › proof/browser/workspace-membership.spec.mjs:501:1 › an unavailable running host leaves the current body and browser Host intact
2026-10-08T23:04:05.6604883Z [99/100] [chromium] › proof/browser/workspace-membership.spec.mjs:521:1 › an already-running host joins without displacing the browser Host or its body
2026-10-08T23:04:09.4522319Z [100/100] [chromium] › proof/browser/workspace-membership.spec.mjs:564:1 › loss of a joined Host Line removes only its current offers and keeps the body
2026-10-08T23:04:12.4835291Z   100 passed (5.6m)
2026-10-08T23:04:12.4926757Z > node tools/ci/pipeline/targets/browser-smoke.mjs target/workspace-product /home/runner/work/conduit/conduit/target/pipeline/browser/accessibility.json
2026-10-08T23:04:14.1613452Z > cargo +1.98.1-x86_64-unknown-linux-gnu xtask make pages-root /home/runner/work/conduit/conduit/target/pipeline/browser/site --locked
2026-10-08T23:04:14.3619027Z [1m[92m    Finished[0m `dev` profile [unoptimized] target(s) in 0.19s
2026-10-08T23:04:14.3681554Z [1m[92m     Running[0m `target/debug/conduit-xtask-dispatch make pages-root /home/runner/work/conduit/conduit/target/pipeline/browser/site --locked`
2026-10-08T23:04:14.5940988Z [1m[92m    Finished[0m `dev` profile [unoptimized] target(s) in 0.21s
2026-10-08T23:04:14.6095172Z [1m[92m     Running[0m `target/debug/xtask make pages-root /home/runner/work/conduit/conduit/target/pipeline/browser/site --locked`
2026-10-08T23:04:14.6333389Z Pages root staged at /home/runner/work/conduit/conduit/target/pipeline/browser/site
2026-10-08T23:04:14.6536182Z > curl --fail --location --max-time 90 https://codeload.github.com/dancxjo/conduit/tar.gz/d9b79319bd78c72e4a6b48ef524e269300a82bdf --output /tmp/conduit-documentary-dmqNSB/history.tar.gz
2026-10-08T23:04:14.6616472Z   % Total    % Received % Xferd  Average Speed   Time    Time     Time  Current
2026-10-08T23:04:14.6616870Z                                  Dload  Upload   Total   Spent    Left  Speed
2026-10-08T23:04:14.6617095Z 
2026-10-08T23:04:14.7395878Z   0     0    0     0    0     0      0      0 --:--:-- --:--:-- --:--:--     0
2026-10-08T23:04:15.3391919Z   0     0    0     0    0     0      0      0 --:--:-- --:--:-- --:--:--     0
2026-10-08T23:04:15.3392603Z 100 5450k    0 5450k    0     0  8045k      0 --:--:-- --:--:-- --:--:-- 8039k
2026-10-08T23:04:15.3456614Z > tar -xzf /tmp/conduit-documentary-dmqNSB/history.tar.gz -C /tmp/conduit-documentary-dmqNSB
2026-10-08T23:04:15.4328048Z > cargo +1.98.1-x86_64-unknown-linux-gnu xtask prove render-one-body-journey --evidence-root site/evidence/one-body-five-masks --output /home/runner/work/conduit/conduit/target/pipeline/browser/site/journeys/current/one-body-five-masks --commit 9b79486146bfb0af3369f8133a81b3d14792bd1c --locked
2026-10-08T23:04:15.6100464Z [1m[92m    Finished[0m `dev` profile [unoptimized] target(s) in 0.16s
2026-10-08T23:04:15.6153306Z [1m[92m     Running[0m `target/debug/conduit-xtask-dispatch prove render-one-body-journey --evidence-root site/evidence/one-body-five-masks --output /home/runner/work/conduit/conduit/target/pipeline/browser/site/journeys/current/one-body-five-masks --commit 9b79486146bfb0af3369f8133a81b3d14792bd1c --locked`
2026-10-08T23:04:15.8366768Z [1m[92m    Finished[0m `dev` profile [unoptimized] target(s) in 0.21s
2026-10-08T23:04:15.8513827Z [1m[92m     Running[0m `target/debug/xtask prove render-one-body-journey --evidence-root site/evidence/one-body-five-masks --output /home/runner/work/conduit/conduit/target/pipeline/browser/site/journeys/current/one-body-five-masks --commit 9b79486146bfb0af3369f8133a81b3d14792bd1c --locked`
2026-10-08T23:04:16.3832824Z verified Complete evidence for 9b79486146bfb0af3369f8133a81b3d14792bd1c at /home/runner/work/conduit/conduit/site/evidence/one-body-five-masks
2026-10-08T23:04:18.0041763Z verified Complete evidence for 9b79486146bfb0af3369f8133a81b3d14792bd1c at /home/runner/work/conduit/conduit/target/pipeline/browser/site/journeys/current/.one-body-journey-20661-three-host-5a9b4d4cd9a752c0c7205216
2026-10-08T23:04:18.0826255Z > cargo +1.98.1-x86_64-unknown-linux-gnu xtask prove verify --root site/evidence/direct-spoken-development --commit 2f1df6f640a4ad967d90d795bd47fe98b177851e --result diagnostic-incomplete --proof direct-spoken-face-development --suite journey-gallery --locked
2026-10-08T23:04:18.2584197Z [1m[92m    Finished[0m `dev` profile [unoptimized] target(s) in 0.16s
2026-10-08T23:04:18.2638217Z [1m[92m     Running[0m `target/debug/conduit-xtask-dispatch prove verify --root site/evidence/direct-spoken-development --commit 2f1df6f640a4ad967d90d795bd47fe98b177851e --result diagnostic-incomplete --proof direct-spoken-face-development --suite journey-gallery --locked`
2026-10-08T23:04:18.4880828Z [1m[92m    Finished[0m `dev` profile [unoptimized] target(s) in 0.21s
2026-10-08T23:04:18.5045037Z [1m[92m     Running[0m `target/debug/xtask prove verify --root site/evidence/direct-spoken-development --commit 2f1df6f640a4ad967d90d795bd47fe98b177851e --result diagnostic-incomplete --proof direct-spoken-face-development --suite journey-gallery --locked`
2026-10-08T23:04:19.0218613Z verified DiagnosticIncomplete evidence for 2f1df6f640a4ad967d90d795bd47fe98b177851e at /home/runner/work/conduit/conduit/site/evidence/direct-spoken-development
2026-10-08T23:04:19.0579855Z FAILED: pipeline/target: Todo browser capture ancestry check failed: 99399c157c6e1d7d7fe740a312315b4709dccafd -> b1c5a2b281e07d97b621057f3c504d808f14a3ce; status=1, signal=none; Command failed: git merge-base --is-ancestor 99399c157c6e1d7d7fe740a312315b4709dccafd b1c5a2b281e07d97b621057f3c504d808f14a3ce
2026-10-08T23:04:19.0632843Z xtask error: pipeline failed: exit status: 1
2026-10-08T23:04:19.0648679Z ##[error]Process completed with exit code 1.
2026-10-08T23:04:19.0714733Z ##[group]Run actions/upload-artifact@v7.0.1
2026-10-08T23:04:19.0715002Z with:
2026-10-08T23:04:19.0715206Z   name: diagnostics-browser
2026-10-08T23:04:19.0715622Z   path: proof/browser/test-results/
target/conduitos/**/*.log
target/conduitos/**/*.json
target/conduitos/**/*.png

2026-10-08T23:04:19.0716059Z   if-no-files-found: ignore
2026-10-08T23:04:19.0716289Z   retention-days: 7
2026-10-08T23:04:19.0716489Z   compression-level: 6
2026-10-08T23:04:19.0716695Z   overwrite: false
2026-10-08T23:04:19.0716896Z   include-hidden-files: false
2026-10-08T23:04:19.0717117Z   archive: true
2026-10-08T23:04:19.0717303Z env:
2026-10-08T23:04:19.0717485Z   CARGO_TERM_COLOR: always
2026-10-08T23:04:19.0717695Z   CARGO_INCREMENTAL: 0
2026-10-08T23:04:19.0717908Z   CARGO_PROFILE_DEV_DEBUG: 0
2026-10-08T23:04:19.0718125Z   CARGO_PROFILE_TEST_DEBUG: 0
2026-10-08T23:04:19.0718346Z   RUSTUP_TOOLCHAIN: 1.98.1
2026-10-08T23:04:19.0718663Z   CONDUIT_CHECKOUT_SHA: b1c5a2b281e07d97b621057f3c504d808f14a3ce
2026-10-08T23:04:19.0718977Z   CARGO_HOME: /home/runner/.cargo
2026-10-08T23:04:19.0719205Z   CACHE_ON_FAILURE: false
2026-10-08T23:04:19.0719419Z ##[endgroup]
2026-10-08T23:04:19.2304416Z Multiple search paths detected. Calculating the least common ancestor of all paths
2026-10-08T23:04:19.2305707Z The least common ancestor is /home/runner/work/conduit/conduit. This will be the root directory of the artifact
2026-10-08T23:04:19.2306303Z With the provided path, there will be 246 files uploaded
2026-10-08T23:04:19.2308965Z Artifact name is valid!
2026-10-08T23:04:19.2309313Z Root directory input is valid!
2026-10-08T23:04:19.5236350Z Uploading artifact: diagnostics-browser.zip
2026-10-08T23:04:19.5255230Z Beginning upload of artifact content to blob storage
2026-10-08T23:04:20.3204621Z Uploaded bytes 8388608
2026-10-08T23:04:20.4813097Z Uploaded bytes 14093205
2026-10-08T23:04:20.5136627Z Finished uploading artifact content to blob storage!
2026-10-08T23:04:20.5137328Z SHA256 digest of uploaded artifact is bd58272b9b0261e07657373a0e3c93a47639ed11e57b21734f816f2e7f9cbb93
2026-10-08T23:04:20.5137723Z Finalizing artifact upload
2026-10-08T23:04:20.8325166Z Artifact diagnostics-browser successfully finalized. Artifact ID 11584248269
2026-10-08T23:04:20.8325953Z Artifact diagnostics-browser has been successfully uploaded! Final size is 14093205 bytes. Artifact ID is 11584248269
2026-10-08T23:04:20.8329417Z Artifact download URL: https://github.com/dancxjo/conduit/actions/runs/37854332649/artifacts/11584248269
2026-10-08T23:04:20.8504691Z Post job cleanup.
2026-10-08T23:04:20.9151757Z [command]/usr/bin/git version
2026-10-08T23:04:20.9179030Z git version 2.55.0
2026-10-08T23:04:20.9201995Z Temporarily overriding HOME='/home/runner/work/_temp/c29ac114-b5e8-4ffb-9795-2bf22e8923aa' before making global git config changes
2026-10-08T23:04:20.9203299Z Adding repository directory to the temporary git global config as a safe directory
2026-10-08T23:04:20.9206725Z [command]/usr/bin/git config --global --add safe.directory /home/runner/work/conduit/conduit
2026-10-08T23:04:20.9227535Z Removing SSH command configuration
2026-10-08T23:04:20.9232225Z [command]/usr/bin/git config --local --name-only --get-regexp core\.sshCommand
2026-10-08T23:04:20.9255839Z [command]/usr/bin/git submodule foreach --recursive sh -c "git config --local --name-only --get-regexp 'core\.sshCommand' && git config --local --unset-all 'core.sshCommand' || :"
2026-10-08T23:04:20.9407890Z Removing HTTP extra header
2026-10-08T23:04:20.9411148Z [command]/usr/bin/git config --local --name-only --get-regexp http\.https\:\/\/github\.com\/\.extraheader
2026-10-08T23:04:20.9433803Z [command]/usr/bin/git submodule foreach --recursive sh -c "git config --local --name-only --get-regexp 'http\.https\:\/\/github\.com\/\.extraheader' && git config --local --unset-all 'http.https://github.com/.extraheader' || :"
2026-10-08T23:04:20.9577426Z Removing includeIf entries pointing to credentials config files
2026-10-08T23:04:20.9581492Z [command]/usr/bin/git config --local --name-only --get-regexp ^includeIf\.gitdir:
2026-10-08T23:04:20.9603028Z [command]/usr/bin/git submodule foreach --recursive git config --local --show-origin --name-only --get-regexp remote.origin.url
2026-10-08T23:04:20.9853939Z Cleaning up orphan processes
