// @generated by Conduit from checked semantic Types.
// Rust names and layout are bindings, never semantic identity.
extern crate alloc;
#[allow(unused_imports)]
use conduit_plot::rust_binding::{BoundedBytes, BoundedSequence, NativeBindingRefusal, NativeFormRefusal, NativeRustBinding};
use conduit_plot::rust_binding::semantic_core as conduit_core;
#[allow(unused_imports)]
use conduit_core::{StructuredFieldValue, StructuredInfoType, StructuredInfoValue, StructuredInfoValueShape};
#[allow(unused_imports)]
use alloc::{boxed::Box, string::String, vec, vec::Vec};

pub const LANGUAGEANALYSISREVISIONID_SEMANTIC_TYPE: &[u8] = &[0x05, 0x60, 0x00, 0x00, 0x00, 0x74, 0x79, 0x70, 0x65, 0x2f, 0x4c, 0x61, 0x6e, 0x67, 0x75, 0x61, 0x67, 0x65, 0x41, 0x6e, 0x61, 0x6c, 0x79, 0x73, 0x69, 0x73, 0x52, 0x65, 0x76, 0x69, 0x73, 0x69, 0x6f, 0x6e, 0x49, 0x64, 0x40, 0x66, 0x33, 0x38, 0x64, 0x63, 0x38, 0x66, 0x66, 0x37, 0x63, 0x61, 0x37, 0x62, 0x37, 0x34, 0x65, 0x62, 0x37, 0x35, 0x32, 0x37, 0x62, 0x65, 0x37, 0x64, 0x37, 0x34, 0x38, 0x66, 0x37, 0x30, 0x37, 0x38, 0x62, 0x38, 0x34, 0x62, 0x38, 0x37, 0x61, 0x63, 0x62, 0x31, 0x64, 0x37, 0x33, 0x33, 0x32, 0x34, 0x39, 0x62, 0x34, 0x61, 0x32, 0x61, 0x66, 0x65, 0x37, 0x39, 0x66, 0x32, 0x39, 0x32, 0x36, 0x00, 0x0a, 0x00, 0x00, 0x00, 0x76, 0x61, 0x6c, 0x75, 0x65, 0x2f, 0x74, 0x65, 0x78, 0x74];
pub const LANGUAGEANALYSISREVISIONID_SEMANTIC_TYPE_IDENTITY: &str = "type/LanguageAnalysisRevisionId@f38dc8ff7ca7b74eb7527be7d748f7078b84b87acb1d733249b4a2afe79f2926";
#[derive(Debug, Clone, PartialEq, Eq)]
pub struct LanguageAnalysisRevisionId(String);
impl LanguageAnalysisRevisionId {
    pub const fn get(&self) -> &String { &self.0 }
}

impl LanguageAnalysisRevisionId {
    pub fn semantic_type() -> Result<StructuredInfoType, NativeBindingRefusal> {
        StructuredInfoType::from_canonical_bytes(LANGUAGEANALYSISREVISIONID_SEMANTIC_TYPE).map_err(NativeBindingRefusal::InvalidSemanticType)
    }
}

#[allow(non_upper_case_globals)]
static LanguageAnalysisRevisionId_PREPARED_NATIVE_LAWS: &[&[u8]] = &[
];

impl LanguageAnalysisRevisionId {
    pub const MAXIMUM_BYTES: usize = 64;
    fn value_contracts() -> Vec<conduit_plot::NativeTypeValueContract> {
        vec![
            conduit_plot::NativeTypeValueContract { representation_path: "".into(), contract: conduit_core::CheckedValueContract::new(conduit_core::kind_id("value/text"), 64, vec![conduit_core::ValueConstraint::CanonicalMembership { members: vec![vec![]], negated: true }]).expect("generated checked contract") },
        ]
    }
    fn invariants() -> Result<Vec<conduit_plot::PortableExpressionProgram>, NativeBindingRefusal> {
        let mut laws = Vec::with_capacity(LanguageAnalysisRevisionId_PREPARED_NATIVE_LAWS.len());
        for encoded in LanguageAnalysisRevisionId_PREPARED_NATIVE_LAWS {
            laws.push(conduit_plot::PortableExpressionProgram::from_canonical_bytes(encoded).map_err(NativeBindingRefusal::InvalidInvariantProgram)?);
        }
        Ok(laws)
    }
}

impl LanguageAnalysisRevisionId {
    pub fn new(value: String) -> Result<Self, NativeBindingRefusal> {
        let candidate = Self(value);
        let structured = candidate.clone().into_structured()?;
        conduit_plot::rust_binding::validate_native_contracts(&structured, &Self::value_contracts())?;
        Ok(candidate)
    }
}

impl NativeRustBinding for LanguageAnalysisRevisionId {
    fn semantic_type() -> Result<StructuredInfoType, NativeBindingRefusal> { Self::semantic_type() }
    fn into_structured(self) -> Result<StructuredInfoValue, NativeBindingRefusal> {
        let semantic = StructuredInfoType::from_canonical_bytes(LANGUAGEANALYSISREVISIONID_SEMANTIC_TYPE).map_err(NativeBindingRefusal::InvalidSemanticType)?;
        let representation = conduit_plot::rust_binding::nominal_representation_type(&semantic)?;
        let value = conduit_plot::rust_binding::primitive_into_structured(representation.clone(), &self.0)?;
        StructuredInfoValue::nominal(semantic, value).map_err(NativeBindingRefusal::InvalidValue)
    }
    fn from_structured(value: StructuredInfoValue) -> Result<Self, NativeBindingRefusal> {
        if value.value_type() != &Self::semantic_type()? { return Err(NativeBindingRefusal::InvalidValue(conduit_core::StructuredInfoRefusal::WrongType)); }
        let representation = conduit_plot::rust_binding::nominal_representation_type(&Self::semantic_type()?)?;
        let _ = &representation;
        Self::new(conduit_plot::rust_binding::primitive_from_structured::<String>(&value)?)
    }
}

pub const LANGUAGEPARSERBASIS_SEMANTIC_TYPE: &[u8] = &[0x02, 0x59, 0x00, 0x00, 0x00, 0x74, 0x79, 0x70, 0x65, 0x2f, 0x4c, 0x61, 0x6e, 0x67, 0x75, 0x61, 0x67, 0x65, 0x50, 0x61, 0x72, 0x73, 0x65, 0x72, 0x42, 0x61, 0x73, 0x69, 0x73, 0x40, 0x64, 0x63, 0x37, 0x35, 0x32, 0x63, 0x31, 0x37, 0x30, 0x34, 0x37, 0x64, 0x36, 0x31, 0x61, 0x66, 0x39, 0x32, 0x38, 0x31, 0x66, 0x63, 0x63, 0x62, 0x32, 0x63, 0x66, 0x64, 0x35, 0x36, 0x31, 0x62, 0x37, 0x62, 0x30, 0x66, 0x62, 0x31, 0x31, 0x36, 0x35, 0x37, 0x39, 0x65, 0x35, 0x33, 0x39, 0x36, 0x63, 0x35, 0x31, 0x38, 0x36, 0x30, 0x65, 0x61, 0x64, 0x36, 0x64, 0x62, 0x61, 0x37, 0x65, 0x34, 0x03, 0x00, 0x00, 0x00, 0x11, 0x00, 0x00, 0x00, 0x61, 0x6e, 0x61, 0x6c, 0x79, 0x73, 0x69, 0x73, 0x5f, 0x72, 0x65, 0x76, 0x69, 0x73, 0x69, 0x6f, 0x6e, 0x05, 0x60, 0x00, 0x00, 0x00, 0x74, 0x79, 0x70, 0x65, 0x2f, 0x4c, 0x61, 0x6e, 0x67, 0x75, 0x61, 0x67, 0x65, 0x41, 0x6e, 0x61, 0x6c, 0x79, 0x73, 0x69, 0x73, 0x52, 0x65, 0x76, 0x69, 0x73, 0x69, 0x6f, 0x6e, 0x49, 0x64, 0x40, 0x66, 0x33, 0x38, 0x64, 0x63, 0x38, 0x66, 0x66, 0x37, 0x63, 0x61, 0x37, 0x62, 0x37, 0x34, 0x65, 0x62, 0x37, 0x35, 0x32, 0x37, 0x62, 0x65, 0x37, 0x64, 0x37, 0x34, 0x38, 0x66, 0x37, 0x30, 0x37, 0x38, 0x62, 0x38, 0x34, 0x62, 0x38, 0x37, 0x61, 0x63, 0x62, 0x31, 0x64, 0x37, 0x33, 0x33, 0x32, 0x34, 0x39, 0x62, 0x34, 0x61, 0x32, 0x61, 0x66, 0x65, 0x37, 0x39, 0x66, 0x32, 0x39, 0x32, 0x36, 0x00, 0x0a, 0x00, 0x00, 0x00, 0x76, 0x61, 0x6c, 0x75, 0x65, 0x2f, 0x74, 0x65, 0x78, 0x74, 0x0f, 0x00, 0x00, 0x00, 0x73, 0x6f, 0x75, 0x72, 0x63, 0x65, 0x5f, 0x72, 0x65, 0x76, 0x69, 0x73, 0x69, 0x6f, 0x6e, 0x05, 0x5c, 0x00, 0x00, 0x00, 0x74, 0x79, 0x70, 0x65, 0x2f, 0x4c, 0x61, 0x6e, 0x67, 0x75, 0x61, 0x67, 0x65, 0x54, 0x65, 0x78, 0x74, 0x52, 0x65, 0x76, 0x69, 0x73, 0x69, 0x6f, 0x6e, 0x49, 0x64, 0x40, 0x31, 0x66, 0x65, 0x63, 0x32, 0x37, 0x35, 0x32, 0x62, 0x30, 0x34, 0x37, 0x66, 0x34, 0x37, 0x62, 0x32, 0x38, 0x38, 0x38, 0x38, 0x66, 0x34, 0x36, 0x65, 0x64, 0x37, 0x39, 0x33, 0x64, 0x38, 0x38, 0x33, 0x34, 0x61, 0x33, 0x34, 0x64, 0x36, 0x63, 0x61, 0x65, 0x63, 0x38, 0x37, 0x32, 0x32, 0x33, 0x66, 0x38, 0x66, 0x36, 0x66, 0x65, 0x37, 0x35, 0x63, 0x31, 0x66, 0x61, 0x66, 0x39, 0x33, 0x35, 0x00, 0x0a, 0x00, 0x00, 0x00, 0x76, 0x61, 0x6c, 0x75, 0x65, 0x2f, 0x74, 0x65, 0x78, 0x74, 0x04, 0x00, 0x00, 0x00, 0x74, 0x65, 0x78, 0x74, 0x05, 0x54, 0x00, 0x00, 0x00, 0x74, 0x79, 0x70, 0x65, 0x2f, 0x4c, 0x61, 0x6e, 0x67, 0x75, 0x61, 0x67, 0x65, 0x54, 0x65, 0x78, 0x74, 0x49, 0x64, 0x40, 0x35, 0x35, 0x65, 0x38, 0x35, 0x32, 0x36, 0x31, 0x38, 0x37, 0x37, 0x64, 0x37, 0x66, 0x32, 0x39, 0x31, 0x61, 0x33, 0x65, 0x37, 0x62, 0x36, 0x65, 0x32, 0x36, 0x65, 0x37, 0x65, 0x37, 0x65, 0x62, 0x34, 0x61, 0x66, 0x66, 0x66, 0x63, 0x63, 0x63, 0x66, 0x31, 0x66, 0x37, 0x61, 0x34, 0x38, 0x66, 0x32, 0x37, 0x66, 0x36, 0x35, 0x31, 0x34, 0x39, 0x63, 0x37, 0x35, 0x38, 0x38, 0x38, 0x64, 0x61, 0x00, 0x0a, 0x00, 0x00, 0x00, 0x76, 0x61, 0x6c, 0x75, 0x65, 0x2f, 0x74, 0x65, 0x78, 0x74];
pub const LANGUAGEPARSERBASIS_SEMANTIC_TYPE_IDENTITY: &str = "type/LanguageParserBasis@dc752c17047d61af9281fccb2cfd561b7b0fb116579e5396c51860ead6dba7e4";
#[derive(Debug, Clone, PartialEq, Eq)]
pub struct LanguageParserBasis {
    analysis_revision: LanguageAnalysisRevisionId,
    source_revision: LanguageTextRevisionId,
    text: LanguageTextId,
}

impl LanguageParserBasis {
    pub fn semantic_type() -> Result<StructuredInfoType, NativeBindingRefusal> {
        StructuredInfoType::from_canonical_bytes(LANGUAGEPARSERBASIS_SEMANTIC_TYPE).map_err(NativeBindingRefusal::InvalidSemanticType)
    }
}

#[allow(non_upper_case_globals)]
static LanguageParserBasis_PREPARED_NATIVE_LAWS: &[&[u8]] = &[
];

impl LanguageParserBasis {
    fn value_contracts() -> Vec<conduit_plot::NativeTypeValueContract> {
        vec![
            conduit_plot::NativeTypeValueContract { representation_path: ".text".into(), contract: conduit_core::CheckedValueContract::new(conduit_core::kind_id("value/text"), 64, vec![conduit_core::ValueConstraint::CanonicalMembership { members: vec![vec![]], negated: true }]).expect("generated checked contract") },
            conduit_plot::NativeTypeValueContract { representation_path: ".source_revision".into(), contract: conduit_core::CheckedValueContract::new(conduit_core::kind_id("value/text"), 64, vec![conduit_core::ValueConstraint::CanonicalMembership { members: vec![vec![]], negated: true }]).expect("generated checked contract") },
            conduit_plot::NativeTypeValueContract { representation_path: ".analysis_revision".into(), contract: conduit_core::CheckedValueContract::new(conduit_core::kind_id("value/text"), 64, vec![conduit_core::ValueConstraint::CanonicalMembership { members: vec![vec![]], negated: true }]).expect("generated checked contract") },
        ]
    }
    fn invariants() -> Result<Vec<conduit_plot::PortableExpressionProgram>, NativeBindingRefusal> {
        let mut laws = Vec::with_capacity(LanguageParserBasis_PREPARED_NATIVE_LAWS.len());
        for encoded in LanguageParserBasis_PREPARED_NATIVE_LAWS {
            laws.push(conduit_plot::PortableExpressionProgram::from_canonical_bytes(encoded).map_err(NativeBindingRefusal::InvalidInvariantProgram)?);
        }
        Ok(laws)
    }
}

impl LanguageParserBasis {
    pub fn new(analysis_revision: LanguageAnalysisRevisionId, source_revision: LanguageTextRevisionId, text: LanguageTextId) -> Result<Self, NativeBindingRefusal> {
        let candidate = Self { analysis_revision, source_revision, text, };
        let structured = candidate.clone().into_structured()?;
        conduit_plot::rust_binding::validate_native_contracts(&structured, &Self::value_contracts())?;
        conduit_plot::rust_binding::validate_native_invariants(&structured, &Self::invariants()?)?;
        Ok(candidate)
    }
    pub fn analysis_revision(&self) -> &LanguageAnalysisRevisionId { &self.analysis_revision }
    pub fn source_revision(&self) -> &LanguageTextRevisionId { &self.source_revision }
    pub fn text(&self) -> &LanguageTextId { &self.text }
}

impl NativeRustBinding for LanguageParserBasis {
    fn semantic_type() -> Result<StructuredInfoType, NativeBindingRefusal> { Self::semantic_type() }
    fn into_structured(self) -> Result<StructuredInfoValue, NativeBindingRefusal> {
        let semantic = StructuredInfoType::from_canonical_bytes(LANGUAGEPARSERBASIS_SEMANTIC_TYPE).map_err(NativeBindingRefusal::InvalidSemanticType)?;
        let mut fields = Vec::new();
        let field_type = conduit_plot::rust_binding::record_field_type(&semantic, "analysis_revision")?;
        let _ = &field_type;
        fields.push(StructuredFieldValue::new("analysis_revision", NativeRustBinding::into_structured(self.analysis_revision)?).map_err(NativeBindingRefusal::InvalidValue)?);
        let field_type = conduit_plot::rust_binding::record_field_type(&semantic, "source_revision")?;
        let _ = &field_type;
        fields.push(StructuredFieldValue::new("source_revision", NativeRustBinding::into_structured(self.source_revision)?).map_err(NativeBindingRefusal::InvalidValue)?);
        let field_type = conduit_plot::rust_binding::record_field_type(&semantic, "text")?;
        let _ = &field_type;
        fields.push(StructuredFieldValue::new("text", NativeRustBinding::into_structured(self.text)?).map_err(NativeBindingRefusal::InvalidValue)?);
        StructuredInfoValue::record(semantic, fields).map_err(NativeBindingRefusal::InvalidValue)
    }
    fn from_structured(value: StructuredInfoValue) -> Result<Self, NativeBindingRefusal> {
        if value.value_type() != &Self::semantic_type()? { return Err(NativeBindingRefusal::InvalidValue(conduit_core::StructuredInfoRefusal::WrongType)); }
        Self::new(
            LanguageAnalysisRevisionId::from_structured(conduit_plot::rust_binding::record_field_value(&value, "analysis_revision")?)?,
            LanguageTextRevisionId::from_structured(conduit_plot::rust_binding::record_field_value(&value, "source_revision")?)?,
            LanguageTextId::from_structured(conduit_plot::rust_binding::record_field_value(&value, "text")?)?,
        )
    }
}

pub const LANGUAGEPARSERRELATION_SEMANTIC_TYPE: &[u8] = &[0x02, 0x5c, 0x00, 0x00, 0x00, 0x74, 0x79, 0x70, 0x65, 0x2f, 0x4c, 0x61, 0x6e, 0x67, 0x75, 0x61, 0x67, 0x65, 0x50, 0x61, 0x72, 0x73, 0x65, 0x72, 0x52, 0x65, 0x6c, 0x61, 0x74, 0x69, 0x6f, 0x6e, 0x40, 0x63, 0x39, 0x64, 0x36, 0x34, 0x63, 0x35, 0x36, 0x64, 0x62, 0x32, 0x61, 0x61, 0x34, 0x30, 0x65, 0x35, 0x66, 0x66, 0x35, 0x36, 0x62, 0x63, 0x61, 0x64, 0x65, 0x33, 0x30, 0x66, 0x38, 0x38, 0x34, 0x37, 0x35, 0x33, 0x62, 0x65, 0x32, 0x33, 0x33, 0x36, 0x34, 0x65, 0x32, 0x34, 0x31, 0x33, 0x38, 0x64, 0x33, 0x65, 0x36, 0x36, 0x66, 0x62, 0x35, 0x66, 0x61, 0x32, 0x34, 0x38, 0x35, 0x66, 0x36, 0x02, 0x00, 0x00, 0x00, 0x04, 0x00, 0x00, 0x00, 0x62, 0x61, 0x73, 0x65, 0x03, 0x69, 0x00, 0x00, 0x00, 0x74, 0x79, 0x70, 0x65, 0x2f, 0x4c, 0x61, 0x6e, 0x67, 0x75, 0x61, 0x67, 0x65, 0x55, 0x6e, 0x69, 0x76, 0x65, 0x72, 0x73, 0x61, 0x6c, 0x44, 0x65, 0x70, 0x65, 0x6e, 0x64, 0x65, 0x6e, 0x63, 0x79, 0x52, 0x65, 0x6c, 0x61, 0x74, 0x69, 0x6f, 0x6e, 0x40, 0x37, 0x63, 0x65, 0x32, 0x37, 0x33, 0x30, 0x32, 0x64, 0x35, 0x62, 0x38, 0x32, 0x35, 0x32, 0x37, 0x37, 0x62, 0x62, 0x64, 0x37, 0x35, 0x34, 0x64, 0x30, 0x62, 0x63, 0x65, 0x38, 0x62, 0x62, 0x63, 0x39, 0x65, 0x37, 0x31, 0x66, 0x35, 0x64, 0x36, 0x34, 0x62, 0x63, 0x34, 0x66, 0x30, 0x61, 0x66, 0x31, 0x38, 0x34, 0x66, 0x63, 0x38, 0x36, 0x32, 0x64, 0x62, 0x64, 0x38, 0x63, 0x66, 0x32, 0x65, 0x25, 0x00, 0x00, 0x00, 0x03, 0x00, 0x00, 0x00, 0x61, 0x63, 0x6c, 0x00, 0x0a, 0x00, 0x00, 0x00, 0x76, 0x61, 0x6c, 0x75, 0x65, 0x2f, 0x75, 0x6e, 0x69, 0x74, 0x05, 0x00, 0x00, 0x00, 0x61, 0x64, 0x76, 0x63, 0x6c, 0x00, 0x0a, 0x00, 0x00, 0x00, 0x76, 0x61, 0x6c, 0x75, 0x65, 0x2f, 0x75, 0x6e, 0x69, 0x74, 0x06, 0x00, 0x00, 0x00, 0x61, 0x64, 0x76, 0x6d, 0x6f, 0x64, 0x00, 0x0a, 0x00, 0x00, 0x00, 0x76, 0x61, 0x6c, 0x75, 0x65, 0x2f, 0x75, 0x6e, 0x69, 0x74, 0x04, 0x00, 0x00, 0x00, 0x61, 0x6d, 0x6f, 0x64, 0x00, 0x0a, 0x00, 0x00, 0x00, 0x76, 0x61, 0x6c, 0x75, 0x65, 0x2f, 0x75, 0x6e, 0x69, 0x74, 0x05, 0x00, 0x00, 0x00, 0x61, 0x70, 0x70, 0x6f, 0x73, 0x00, 0x0a, 0x00, 0x00, 0x00, 0x76, 0x61, 0x6c, 0x75, 0x65, 0x2f, 0x75, 0x6e, 0x69, 0x74, 0x03, 0x00, 0x00, 0x00, 0x61, 0x75, 0x78, 0x00, 0x0a, 0x00, 0x00, 0x00, 0x76, 0x61, 0x6c, 0x75, 0x65, 0x2f, 0x75, 0x6e, 0x69, 0x74, 0x04, 0x00, 0x00, 0x00, 0x63, 0x61, 0x73, 0x65, 0x00, 0x0a, 0x00, 0x00, 0x00, 0x76, 0x61, 0x6c, 0x75, 0x65, 0x2f, 0x75, 0x6e, 0x69, 0x74, 0x02, 0x00, 0x00, 0x00, 0x63, 0x63, 0x00, 0x0a, 0x00, 0x00, 0x00, 0x76, 0x61, 0x6c, 0x75, 0x65, 0x2f, 0x75, 0x6e, 0x69, 0x74, 0x05, 0x00, 0x00, 0x00, 0x63, 0x63, 0x6f, 0x6d, 0x70, 0x00, 0x0a, 0x00, 0x00, 0x00, 0x76, 0x61, 0x6c, 0x75, 0x65, 0x2f, 0x75, 0x6e, 0x69, 0x74, 0x03, 0x00, 0x00, 0x00, 0x63, 0x6c, 0x66, 0x00, 0x0a, 0x00, 0x00, 0x00, 0x76, 0x61, 0x6c, 0x75, 0x65, 0x2f, 0x75, 0x6e, 0x69, 0x74, 0x08, 0x00, 0x00, 0x00, 0x63, 0x6f, 0x6d, 0x70, 0x6f, 0x75, 0x6e, 0x64, 0x00, 0x0a, 0x00, 0x00, 0x00, 0x76, 0x61, 0x6c, 0x75, 0x65, 0x2f, 0x75, 0x6e, 0x69, 0x74, 0x04, 0x00, 0x00, 0x00, 0x63, 0x6f, 0x6e, 0x6a, 0x00, 0x0a, 0x00, 0x00, 0x00, 0x76, 0x61, 0x6c, 0x75, 0x65, 0x2f, 0x75, 0x6e, 0x69, 0x74, 0x03, 0x00, 0x00, 0x00, 0x63, 0x6f, 0x70, 0x00, 0x0a, 0x00, 0x00, 0x00, 0x76, 0x61, 0x6c, 0x75, 0x65, 0x2f, 0x75, 0x6e, 0x69, 0x74, 0x05, 0x00, 0x00, 0x00, 0x63, 0x73, 0x75, 0x62, 0x6a, 0x00, 0x0a, 0x00, 0x00, 0x00, 0x76, 0x61, 0x6c, 0x75, 0x65, 0x2f, 0x75, 0x6e, 0x69, 0x74, 0x03, 0x00, 0x00, 0x00, 0x64, 0x65, 0x70, 0x00, 0x0a, 0x00, 0x00, 0x00, 0x76, 0x61, 0x6c, 0x75, 0x65, 0x2f, 0x75, 0x6e, 0x69, 0x74, 0x03, 0x00, 0x00, 0x00, 0x64, 0x65, 0x74, 0x00, 0x0a, 0x00, 0x00, 0x00, 0x76, 0x61, 0x6c, 0x75, 0x65, 0x2f, 0x75, 0x6e, 0x69, 0x74, 0x09, 0x00, 0x00, 0x00, 0x64, 0x69, 0x73, 0x63, 0x6f, 0x75, 0x72, 0x73, 0x65, 0x00, 0x0a, 0x00, 0x00, 0x00, 0x76, 0x61, 0x6c, 0x75, 0x65, 0x2f, 0x75, 0x6e, 0x69, 0x74, 0x0a, 0x00, 0x00, 0x00, 0x64, 0x69, 0x73, 0x6c, 0x6f, 0x63, 0x61, 0x74, 0x65, 0x64, 0x00, 0x0a, 0x00, 0x00, 0x00, 0x76, 0x61, 0x6c, 0x75, 0x65, 0x2f, 0x75, 0x6e, 0x69, 0x74, 0x04, 0x00, 0x00, 0x00, 0x65, 0x78, 0x70, 0x6c, 0x00, 0x0a, 0x00, 0x00, 0x00, 0x76, 0x61, 0x6c, 0x75, 0x65, 0x2f, 0x75, 0x6e, 0x69, 0x74, 0x05, 0x00, 0x00, 0x00, 0x66, 0x69, 0x78, 0x65, 0x64, 0x00, 0x0a, 0x00, 0x00, 0x00, 0x76, 0x61, 0x6c, 0x75, 0x65, 0x2f, 0x75, 0x6e, 0x69, 0x74, 0x04, 0x00, 0x00, 0x00, 0x66, 0x6c, 0x61, 0x74, 0x00, 0x0a, 0x00, 0x00, 0x00, 0x76, 0x61, 0x6c, 0x75, 0x65, 0x2f, 0x75, 0x6e, 0x69, 0x74, 0x08, 0x00, 0x00, 0x00, 0x67, 0x6f, 0x65, 0x73, 0x77, 0x69, 0x74, 0x68, 0x00, 0x0a, 0x00, 0x00, 0x00, 0x76, 0x61, 0x6c, 0x75, 0x65, 0x2f, 0x75, 0x6e, 0x69, 0x74, 0x04, 0x00, 0x00, 0x00, 0x69, 0x6f, 0x62, 0x6a, 0x00, 0x0a, 0x00, 0x00, 0x00, 0x76, 0x61, 0x6c, 0x75, 0x65, 0x2f, 0x75, 0x6e, 0x69, 0x74, 0x04, 0x00, 0x00, 0x00, 0x6c, 0x69, 0x73, 0x74, 0x00, 0x0a, 0x00, 0x00, 0x00, 0x76, 0x61, 0x6c, 0x75, 0x65, 0x2f, 0x75, 0x6e, 0x69, 0x74, 0x04, 0x00, 0x00, 0x00, 0x6d, 0x61, 0x72, 0x6b, 0x00, 0x0a, 0x00, 0x00, 0x00, 0x76, 0x61, 0x6c, 0x75, 0x65, 0x2f, 0x75, 0x6e, 0x69, 0x74, 0x04, 0x00, 0x00, 0x00, 0x6e, 0x6d, 0x6f, 0x64, 0x00, 0x0a, 0x00, 0x00, 0x00, 0x76, 0x61, 0x6c, 0x75, 0x65, 0x2f, 0x75, 0x6e, 0x69, 0x74, 0x05, 0x00, 0x00, 0x00, 0x6e, 0x73, 0x75, 0x62, 0x6a, 0x00, 0x0a, 0x00, 0x00, 0x00, 0x76, 0x61, 0x6c, 0x75, 0x65, 0x2f, 0x75, 0x6e, 0x69, 0x74, 0x06, 0x00, 0x00, 0x00, 0x6e, 0x75, 0x6d, 0x6d, 0x6f, 0x64, 0x00, 0x0a, 0x00, 0x00, 0x00, 0x76, 0x61, 0x6c, 0x75, 0x65, 0x2f, 0x75, 0x6e, 0x69, 0x74, 0x03, 0x00, 0x00, 0x00, 0x6f, 0x62, 0x6a, 0x00, 0x0a, 0x00, 0x00, 0x00, 0x76, 0x61, 0x6c, 0x75, 0x65, 0x2f, 0x75, 0x6e, 0x69, 0x74, 0x03, 0x00, 0x00, 0x00, 0x6f, 0x62, 0x6c, 0x00, 0x0a, 0x00, 0x00, 0x00, 0x76, 0x61, 0x6c, 0x75, 0x65, 0x2f, 0x75, 0x6e, 0x69, 0x74, 0x06, 0x00, 0x00, 0x00, 0x6f, 0x72, 0x70, 0x68, 0x61, 0x6e, 0x00, 0x0a, 0x00, 0x00, 0x00, 0x76, 0x61, 0x6c, 0x75, 0x65, 0x2f, 0x75, 0x6e, 0x69, 0x74, 0x09, 0x00, 0x00, 0x00, 0x70, 0x61, 0x72, 0x61, 0x74, 0x61, 0x78, 0x69, 0x73, 0x00, 0x0a, 0x00, 0x00, 0x00, 0x76, 0x61, 0x6c, 0x75, 0x65, 0x2f, 0x75, 0x6e, 0x69, 0x74, 0x05, 0x00, 0x00, 0x00, 0x70, 0x75, 0x6e, 0x63, 0x74, 0x00, 0x0a, 0x00, 0x00, 0x00, 0x76, 0x61, 0x6c, 0x75, 0x65, 0x2f, 0x75, 0x6e, 0x69, 0x74, 0x0a, 0x00, 0x00, 0x00, 0x72, 0x65, 0x70, 0x61, 0x72, 0x61, 0x6e, 0x64, 0x75, 0x6d, 0x00, 0x0a, 0x00, 0x00, 0x00, 0x76, 0x61, 0x6c, 0x75, 0x65, 0x2f, 0x75, 0x6e, 0x69, 0x74, 0x04, 0x00, 0x00, 0x00, 0x72, 0x6f, 0x6f, 0x74, 0x00, 0x0a, 0x00, 0x00, 0x00, 0x76, 0x61, 0x6c, 0x75, 0x65, 0x2f, 0x75, 0x6e, 0x69, 0x74, 0x08, 0x00, 0x00, 0x00, 0x76, 0x6f, 0x63, 0x61, 0x74, 0x69, 0x76, 0x65, 0x00, 0x0a, 0x00, 0x00, 0x00, 0x76, 0x61, 0x6c, 0x75, 0x65, 0x2f, 0x75, 0x6e, 0x69, 0x74, 0x05, 0x00, 0x00, 0x00, 0x78, 0x63, 0x6f, 0x6d, 0x70, 0x00, 0x0a, 0x00, 0x00, 0x00, 0x76, 0x61, 0x6c, 0x75, 0x65, 0x2f, 0x75, 0x6e, 0x69, 0x74, 0x07, 0x00, 0x00, 0x00, 0x73, 0x75, 0x62, 0x74, 0x79, 0x70, 0x65, 0x05, 0x5b, 0x00, 0x00, 0x00, 0x74, 0x79, 0x70, 0x65, 0x2f, 0x4c, 0x61, 0x6e, 0x67, 0x75, 0x61, 0x67, 0x65, 0x50, 0x61, 0x72, 0x73, 0x65, 0x72, 0x53, 0x75, 0x62, 0x74, 0x79, 0x70, 0x65, 0x40, 0x33, 0x61, 0x35, 0x39, 0x61, 0x64, 0x35, 0x34, 0x63, 0x38, 0x65, 0x31, 0x39, 0x30, 0x30, 0x31, 0x35, 0x37, 0x35, 0x31, 0x34, 0x32, 0x65, 0x32, 0x31, 0x34, 0x35, 0x65, 0x39, 0x61, 0x62, 0x61, 0x32, 0x35, 0x36, 0x37, 0x32, 0x38, 0x63, 0x34, 0x39, 0x66, 0x33, 0x35, 0x36, 0x34, 0x34, 0x66, 0x31, 0x61, 0x39, 0x33, 0x38, 0x30, 0x37, 0x35, 0x62, 0x61, 0x39, 0x31, 0x63, 0x36, 0x34, 0x35, 0x00, 0x0a, 0x00, 0x00, 0x00, 0x76, 0x61, 0x6c, 0x75, 0x65, 0x2f, 0x74, 0x65, 0x78, 0x74];
pub const LANGUAGEPARSERRELATION_SEMANTIC_TYPE_IDENTITY: &str = "type/LanguageParserRelation@c9d64c56db2aa40e5ff56bcade30f884753be23364e24138d3e66fb5fa2485f6";
#[derive(Debug, Clone, PartialEq, Eq)]
pub struct LanguageParserRelation {
    base: LanguageUniversalDependencyRelation,
    subtype: LanguageParserSubtype,
}

impl LanguageParserRelation {
    pub fn semantic_type() -> Result<StructuredInfoType, NativeBindingRefusal> {
        StructuredInfoType::from_canonical_bytes(LANGUAGEPARSERRELATION_SEMANTIC_TYPE).map_err(NativeBindingRefusal::InvalidSemanticType)
    }
}

#[allow(non_upper_case_globals)]
static LanguageParserRelation_PREPARED_NATIVE_LAWS: &[&[u8]] = &[
];

impl LanguageParserRelation {
    fn value_contracts() -> Vec<conduit_plot::NativeTypeValueContract> {
        vec![
            conduit_plot::NativeTypeValueContract { representation_path: ".subtype".into(), contract: conduit_core::CheckedValueContract::new(conduit_core::kind_id("value/text"), 32, vec![]).expect("generated checked contract") },
        ]
    }
    fn invariants() -> Result<Vec<conduit_plot::PortableExpressionProgram>, NativeBindingRefusal> {
        let mut laws = Vec::with_capacity(LanguageParserRelation_PREPARED_NATIVE_LAWS.len());
        for encoded in LanguageParserRelation_PREPARED_NATIVE_LAWS {
            laws.push(conduit_plot::PortableExpressionProgram::from_canonical_bytes(encoded).map_err(NativeBindingRefusal::InvalidInvariantProgram)?);
        }
        Ok(laws)
    }
}

impl LanguageParserRelation {
    pub fn new(base: LanguageUniversalDependencyRelation, subtype: LanguageParserSubtype) -> Result<Self, NativeBindingRefusal> {
        let candidate = Self { base, subtype, };
        let structured = candidate.clone().into_structured()?;
        conduit_plot::rust_binding::validate_native_contracts(&structured, &Self::value_contracts())?;
        conduit_plot::rust_binding::validate_native_invariants(&structured, &Self::invariants()?)?;
        Ok(candidate)
    }
    pub fn base(&self) -> &LanguageUniversalDependencyRelation { &self.base }
    pub fn subtype(&self) -> &LanguageParserSubtype { &self.subtype }
}

impl NativeRustBinding for LanguageParserRelation {
    fn semantic_type() -> Result<StructuredInfoType, NativeBindingRefusal> { Self::semantic_type() }
    fn into_structured(self) -> Result<StructuredInfoValue, NativeBindingRefusal> {
        let semantic = StructuredInfoType::from_canonical_bytes(LANGUAGEPARSERRELATION_SEMANTIC_TYPE).map_err(NativeBindingRefusal::InvalidSemanticType)?;
        let mut fields = Vec::new();
        let field_type = conduit_plot::rust_binding::record_field_type(&semantic, "base")?;
        let _ = &field_type;
        fields.push(StructuredFieldValue::new("base", NativeRustBinding::into_structured(self.base)?).map_err(NativeBindingRefusal::InvalidValue)?);
        let field_type = conduit_plot::rust_binding::record_field_type(&semantic, "subtype")?;
        let _ = &field_type;
        fields.push(StructuredFieldValue::new("subtype", NativeRustBinding::into_structured(self.subtype)?).map_err(NativeBindingRefusal::InvalidValue)?);
        StructuredInfoValue::record(semantic, fields).map_err(NativeBindingRefusal::InvalidValue)
    }
    fn from_structured(value: StructuredInfoValue) -> Result<Self, NativeBindingRefusal> {
        if value.value_type() != &Self::semantic_type()? { return Err(NativeBindingRefusal::InvalidValue(conduit_core::StructuredInfoRefusal::WrongType)); }
        Self::new(
            LanguageUniversalDependencyRelation::from_structured(conduit_plot::rust_binding::record_field_value(&value, "base")?)?,
            LanguageParserSubtype::from_structured(conduit_plot::rust_binding::record_field_value(&value, "subtype")?)?,
        )
    }
}

pub const LANGUAGEPARSERSUBTYPE_SEMANTIC_TYPE: &[u8] = &[0x05, 0x5b, 0x00, 0x00, 0x00, 0x74, 0x79, 0x70, 0x65, 0x2f, 0x4c, 0x61, 0x6e, 0x67, 0x75, 0x61, 0x67, 0x65, 0x50, 0x61, 0x72, 0x73, 0x65, 0x72, 0x53, 0x75, 0x62, 0x74, 0x79, 0x70, 0x65, 0x40, 0x33, 0x61, 0x35, 0x39, 0x61, 0x64, 0x35, 0x34, 0x63, 0x38, 0x65, 0x31, 0x39, 0x30, 0x30, 0x31, 0x35, 0x37, 0x35, 0x31, 0x34, 0x32, 0x65, 0x32, 0x31, 0x34, 0x35, 0x65, 0x39, 0x61, 0x62, 0x61, 0x32, 0x35, 0x36, 0x37, 0x32, 0x38, 0x63, 0x34, 0x39, 0x66, 0x33, 0x35, 0x36, 0x34, 0x34, 0x66, 0x31, 0x61, 0x39, 0x33, 0x38, 0x30, 0x37, 0x35, 0x62, 0x61, 0x39, 0x31, 0x63, 0x36, 0x34, 0x35, 0x00, 0x0a, 0x00, 0x00, 0x00, 0x76, 0x61, 0x6c, 0x75, 0x65, 0x2f, 0x74, 0x65, 0x78, 0x74];
pub const LANGUAGEPARSERSUBTYPE_SEMANTIC_TYPE_IDENTITY: &str = "type/LanguageParserSubtype@3a59ad54c8e19001575142e2145e9aba256728c49f35644f1a938075ba91c645";
#[derive(Debug, Clone, PartialEq, Eq)]
pub struct LanguageParserSubtype(String);
impl LanguageParserSubtype {
    pub const fn get(&self) -> &String { &self.0 }
}

impl LanguageParserSubtype {
    pub fn semantic_type() -> Result<StructuredInfoType, NativeBindingRefusal> {
        StructuredInfoType::from_canonical_bytes(LANGUAGEPARSERSUBTYPE_SEMANTIC_TYPE).map_err(NativeBindingRefusal::InvalidSemanticType)
    }
}

#[allow(non_upper_case_globals)]
static LanguageParserSubtype_PREPARED_NATIVE_LAWS: &[&[u8]] = &[
];

impl LanguageParserSubtype {
    pub const MAXIMUM_BYTES: usize = 32;
    fn value_contracts() -> Vec<conduit_plot::NativeTypeValueContract> {
        vec![
            conduit_plot::NativeTypeValueContract { representation_path: "".into(), contract: conduit_core::CheckedValueContract::new(conduit_core::kind_id("value/text"), 32, vec![]).expect("generated checked contract") },
        ]
    }
    fn invariants() -> Result<Vec<conduit_plot::PortableExpressionProgram>, NativeBindingRefusal> {
        let mut laws = Vec::with_capacity(LanguageParserSubtype_PREPARED_NATIVE_LAWS.len());
        for encoded in LanguageParserSubtype_PREPARED_NATIVE_LAWS {
            laws.push(conduit_plot::PortableExpressionProgram::from_canonical_bytes(encoded).map_err(NativeBindingRefusal::InvalidInvariantProgram)?);
        }
        Ok(laws)
    }
}

impl LanguageParserSubtype {
    pub fn new(value: String) -> Result<Self, NativeBindingRefusal> {
        let candidate = Self(value);
        let structured = candidate.clone().into_structured()?;
        conduit_plot::rust_binding::validate_native_contracts(&structured, &Self::value_contracts())?;
        Ok(candidate)
    }
}

impl NativeRustBinding for LanguageParserSubtype {
    fn semantic_type() -> Result<StructuredInfoType, NativeBindingRefusal> { Self::semantic_type() }
    fn into_structured(self) -> Result<StructuredInfoValue, NativeBindingRefusal> {
        let semantic = StructuredInfoType::from_canonical_bytes(LANGUAGEPARSERSUBTYPE_SEMANTIC_TYPE).map_err(NativeBindingRefusal::InvalidSemanticType)?;
        let representation = conduit_plot::rust_binding::nominal_representation_type(&semantic)?;
        let value = conduit_plot::rust_binding::primitive_into_structured(representation.clone(), &self.0)?;
        StructuredInfoValue::nominal(semantic, value).map_err(NativeBindingRefusal::InvalidValue)
    }
    fn from_structured(value: StructuredInfoValue) -> Result<Self, NativeBindingRefusal> {
        if value.value_type() != &Self::semantic_type()? { return Err(NativeBindingRefusal::InvalidValue(conduit_core::StructuredInfoRefusal::WrongType)); }
        let representation = conduit_plot::rust_binding::nominal_representation_type(&Self::semantic_type()?)?;
        let _ = &representation;
        Self::new(conduit_plot::rust_binding::primitive_from_structured::<String>(&value)?)
    }
}

pub const LANGUAGEPARSERWINDOW8RAWBEAM_SEMANTIC_TYPE: &[u8] = &[0x02, 0x62, 0x00, 0x00, 0x00, 0x74, 0x79, 0x70, 0x65, 0x2f, 0x4c, 0x61, 0x6e, 0x67, 0x75, 0x61, 0x67, 0x65, 0x50, 0x61, 0x72, 0x73, 0x65, 0x72, 0x57, 0x69, 0x6e, 0x64, 0x6f, 0x77, 0x38, 0x52, 0x61, 0x77, 0x42, 0x65, 0x61, 0x6d, 0x40, 0x32, 0x39, 0x33, 0x30, 0x61, 0x37, 0x35, 0x65, 0x38, 0x31, 0x34, 0x30, 0x30, 0x63, 0x37, 0x66, 0x37, 0x39, 0x61, 0x65, 0x35, 0x62, 0x31, 0x39, 0x32, 0x35, 0x37, 0x63, 0x38, 0x63, 0x64, 0x35, 0x66, 0x63, 0x63, 0x64, 0x35, 0x38, 0x66, 0x36, 0x66, 0x61, 0x64, 0x30, 0x63, 0x39, 0x35, 0x66, 0x61, 0x30, 0x30, 0x35, 0x62, 0x65, 0x39, 0x30, 0x62, 0x34, 0x30, 0x38, 0x31, 0x33, 0x34, 0x33, 0x04, 0x00, 0x00, 0x00, 0x0a, 0x00, 0x00, 0x00, 0x63, 0x61, 0x6e, 0x64, 0x69, 0x64, 0x61, 0x74, 0x65, 0x30, 0x02, 0x68, 0x00, 0x00, 0x00, 0x74, 0x79, 0x70, 0x65, 0x2f, 0x4c, 0x61, 0x6e, 0x67, 0x75, 0x61, 0x67, 0x65, 0x50, 0x61, 0x72, 0x73, 0x65, 0x72, 0x57, 0x69, 0x6e, 0x64, 0x6f, 0x77, 0x38, 0x52, 0x61, 0x77, 0x48, 0x79, 0x70, 0x6f, 0x74, 0x68, 0x65, 0x73, 0x69, 0x73, 0x40, 0x35, 0x34, 0x35, 0x31, 0x34, 0x31, 0x35, 0x61, 0x37, 0x38, 0x31, 0x33, 0x66, 0x36, 0x35, 0x30, 0x39, 0x33, 0x64, 0x63, 0x37, 0x63, 0x66, 0x64, 0x39, 0x66, 0x33, 0x38, 0x33, 0x65, 0x63, 0x61, 0x33, 0x66, 0x37, 0x34, 0x65, 0x65, 0x31, 0x36, 0x64, 0x30, 0x63, 0x63, 0x66, 0x39, 0x31, 0x61, 0x38, 0x31, 0x32, 0x34, 0x66, 0x62, 0x37, 0x34, 0x62, 0x33, 0x30, 0x34, 0x39, 0x66, 0x34, 0x61, 0x06, 0x00, 0x00, 0x00, 0x06, 0x00, 0x00, 0x00, 0x61, 0x63, 0x74, 0x69, 0x76, 0x65, 0x00, 0x0a, 0x00, 0x00, 0x00, 0x76, 0x61, 0x6c, 0x75, 0x65, 0x2f, 0x62, 0x6f, 0x6f, 0x6c, 0x07, 0x00, 0x00, 0x00, 0x63, 0x68, 0x6f, 0x69, 0x63, 0x65, 0x73, 0x01, 0x08, 0x00, 0x00, 0x09, 0x00, 0x00, 0x00, 0x76, 0x61, 0x6c, 0x75, 0x65, 0x2f, 0x75, 0x36, 0x34, 0x08, 0x00, 0x00, 0x00, 0x69, 0x64, 0x65, 0x6e, 0x74, 0x69, 0x74, 0x79, 0x00, 0x09, 0x00, 0x00, 0x00, 0x76, 0x61, 0x6c, 0x75, 0x65, 0x2f, 0x75, 0x36, 0x34, 0x05, 0x00, 0x00, 0x00, 0x73, 0x63, 0x6f, 0x72, 0x65, 0x00, 0x09, 0x00, 0x00, 0x00, 0x76, 0x61, 0x6c, 0x75, 0x65, 0x2f, 0x69, 0x36, 0x34, 0x08, 0x00, 0x00, 0x00, 0x73, 0x65, 0x6c, 0x65, 0x63, 0x74, 0x65, 0x64, 0x00, 0x09, 0x00, 0x00, 0x00, 0x76, 0x61, 0x6c, 0x75, 0x65, 0x2f, 0x75, 0x36, 0x34, 0x05, 0x00, 0x00, 0x00, 0x73, 0x74, 0x61, 0x74, 0x65, 0x02, 0x63, 0x00, 0x00, 0x00, 0x74, 0x79, 0x70, 0x65, 0x2f, 0x4c, 0x61, 0x6e, 0x67, 0x75, 0x61, 0x67, 0x65, 0x50, 0x61, 0x72, 0x73, 0x65, 0x72, 0x57, 0x69, 0x6e, 0x64, 0x6f, 0x77, 0x38, 0x52, 0x61, 0x77, 0x53, 0x74, 0x61, 0x74, 0x65, 0x40, 0x32, 0x34, 0x62, 0x62, 0x30, 0x62, 0x33, 0x66, 0x66, 0x61, 0x66, 0x32, 0x66, 0x37, 0x30, 0x34, 0x33, 0x39, 0x30, 0x30, 0x65, 0x30, 0x36, 0x66, 0x36, 0x30, 0x66, 0x33, 0x65, 0x31, 0x33, 0x39, 0x31, 0x38, 0x34, 0x31, 0x31, 0x32, 0x63, 0x38, 0x32, 0x61, 0x30, 0x34, 0x65, 0x33, 0x30, 0x30, 0x33, 0x30, 0x65, 0x38, 0x61, 0x37, 0x31, 0x63, 0x39, 0x63, 0x35, 0x35, 0x61, 0x34, 0x34, 0x32, 0x0f, 0x00, 0x00, 0x00, 0x05, 0x00, 0x00, 0x00, 0x62, 0x61, 0x73, 0x69, 0x73, 0x02, 0x59, 0x00, 0x00, 0x00, 0x74, 0x79, 0x70, 0x65, 0x2f, 0x4c, 0x61, 0x6e, 0x67, 0x75, 0x61, 0x67, 0x65, 0x50, 0x61, 0x72, 0x73, 0x65, 0x72, 0x42, 0x61, 0x73, 0x69, 0x73, 0x40, 0x64, 0x63, 0x37, 0x35, 0x32, 0x63, 0x31, 0x37, 0x30, 0x34, 0x37, 0x64, 0x36, 0x31, 0x61, 0x66, 0x39, 0x32, 0x38, 0x31, 0x66, 0x63, 0x63, 0x62, 0x32, 0x63, 0x66, 0x64, 0x35, 0x36, 0x31, 0x62, 0x37, 0x62, 0x30, 0x66, 0x62, 0x31, 0x31, 0x36, 0x35, 0x37, 0x39, 0x65, 0x35, 0x33, 0x39, 0x36, 0x63, 0x35, 0x31, 0x38, 0x36, 0x30, 0x65, 0x61, 0x64, 0x36, 0x64, 0x62, 0x61, 0x37, 0x65, 0x34, 0x03, 0x00, 0x00, 0x00, 0x11, 0x00, 0x00, 0x00, 0x61, 0x6e, 0x61, 0x6c, 0x79, 0x73, 0x69, 0x73, 0x5f, 0x72, 0x65, 0x76, 0x69, 0x73, 0x69, 0x6f, 0x6e, 0x05, 0x60, 0x00, 0x00, 0x00, 0x74, 0x79, 0x70, 0x65, 0x2f, 0x4c, 0x61, 0x6e, 0x67, 0x75, 0x61, 0x67, 0x65, 0x41, 0x6e, 0x61, 0x6c, 0x79, 0x73, 0x69, 0x73, 0x52, 0x65, 0x76, 0x69, 0x73, 0x69, 0x6f, 0x6e, 0x49, 0x64, 0x40, 0x66, 0x33, 0x38, 0x64, 0x63, 0x38, 0x66, 0x66, 0x37, 0x63, 0x61, 0x37, 0x62, 0x37, 0x34, 0x65, 0x62, 0x37, 0x35, 0x32, 0x37, 0x62, 0x65, 0x37, 0x64, 0x37, 0x34, 0x38, 0x66, 0x37, 0x30, 0x37, 0x38, 0x62, 0x38, 0x34, 0x62, 0x38, 0x37, 0x61, 0x63, 0x62, 0x31, 0x64, 0x37, 0x33, 0x33, 0x32, 0x34, 0x39, 0x62, 0x34, 0x61, 0x32, 0x61, 0x66, 0x65, 0x37, 0x39, 0x66, 0x32, 0x39, 0x32, 0x36, 0x00, 0x0a, 0x00, 0x00, 0x00, 0x76, 0x61, 0x6c, 0x75, 0x65, 0x2f, 0x74, 0x65, 0x78, 0x74, 0x0f, 0x00, 0x00, 0x00, 0x73, 0x6f, 0x75, 0x72, 0x63, 0x65, 0x5f, 0x72, 0x65, 0x76, 0x69, 0x73, 0x69, 0x6f, 0x6e, 0x05, 0x5c, 0x00, 0x00, 0x00, 0x74, 0x79, 0x70, 0x65, 0x2f, 0x4c, 0x61, 0x6e, 0x67, 0x75, 0x61, 0x67, 0x65, 0x54, 0x65, 0x78, 0x74, 0x52, 0x65, 0x76, 0x69, 0x73, 0x69, 0x6f, 0x6e, 0x49, 0x64, 0x40, 0x31, 0x66, 0x65, 0x63, 0x32, 0x37, 0x35, 0x32, 0x62, 0x30, 0x34, 0x37, 0x66, 0x34, 0x37, 0x62, 0x32, 0x38, 0x38, 0x38, 0x38, 0x66, 0x34, 0x36, 0x65, 0x64, 0x37, 0x39, 0x33, 0x64, 0x38, 0x38, 0x33, 0x34, 0x61, 0x33, 0x34, 0x64, 0x36, 0x63, 0x61, 0x65, 0x63, 0x38, 0x37, 0x32, 0x32, 0x33, 0x66, 0x38, 0x66, 0x36, 0x66, 0x65, 0x37, 0x35, 0x63, 0x31, 0x66, 0x61, 0x66, 0x39, 0x33, 0x35, 0x00, 0x0a, 0x00, 0x00, 0x00, 0x76, 0x61, 0x6c, 0x75, 0x65, 0x2f, 0x74, 0x65, 0x78, 0x74, 0x04, 0x00, 0x00, 0x00, 0x74, 0x65, 0x78, 0x74, 0x05, 0x54, 0x00, 0x00, 0x00, 0x74, 0x79, 0x70, 0x65, 0x2f, 0x4c, 0x61, 0x6e, 0x67, 0x75, 0x61, 0x67, 0x65, 0x54, 0x65, 0x78, 0x74, 0x49, 0x64, 0x40, 0x35, 0x35, 0x65, 0x38, 0x35, 0x32, 0x36, 0x31, 0x38, 0x37, 0x37, 0x64, 0x37, 0x66, 0x32, 0x39, 0x31, 0x61, 0x33, 0x65, 0x37, 0x62, 0x36, 0x65, 0x32, 0x36, 0x65, 0x37, 0x65, 0x37, 0x65, 0x62, 0x34, 0x61, 0x66, 0x66, 0x66, 0x63, 0x63, 0x63, 0x66, 0x31, 0x66, 0x37, 0x61, 0x34, 0x38, 0x66, 0x32, 0x37, 0x66, 0x36, 0x35, 0x31, 0x34, 0x39, 0x63, 0x37, 0x35, 0x38, 0x38, 0x38, 0x64, 0x61, 0x00, 0x0a, 0x00, 0x00, 0x00, 0x76, 0x61, 0x6c, 0x75, 0x65, 0x2f, 0x74, 0x65, 0x78, 0x74, 0x09, 0x00, 0x00, 0x00, 0x63, 0x6f, 0x6d, 0x6d, 0x69, 0x74, 0x74, 0x65, 0x64, 0x00, 0x09, 0x00, 0x00, 0x00, 0x76, 0x61, 0x6c, 0x75, 0x65, 0x2f, 0x75, 0x36, 0x34, 0x05, 0x00, 0x00, 0x00, 0x64, 0x65, 0x70, 0x74, 0x68, 0x00, 0x09, 0x00, 0x00, 0x00, 0x76, 0x61, 0x6c, 0x75, 0x65, 0x2f, 0x75, 0x36, 0x34, 0x05, 0x00, 0x00, 0x00, 0x68, 0x65, 0x61, 0x64, 0x73, 0x01, 0x09, 0x00, 0x00, 0x09, 0x00, 0x00, 0x00, 0x76, 0x61, 0x6c, 0x75, 0x65, 0x2f, 0x75, 0x36, 0x34, 0x09, 0x00, 0x00, 0x00, 0x72, 0x65, 0x6c, 0x61, 0x74, 0x69, 0x6f, 0x6e, 0x30, 0x02, 0x5c, 0x00, 0x00, 0x00, 0x74, 0x79, 0x70, 0x65, 0x2f, 0x4c, 0x61, 0x6e, 0x67, 0x75, 0x61, 0x67, 0x65, 0x50, 0x61, 0x72, 0x73, 0x65, 0x72, 0x52, 0x65, 0x6c, 0x61, 0x74, 0x69, 0x6f, 0x6e, 0x40, 0x63, 0x39, 0x64, 0x36, 0x34, 0x63, 0x35, 0x36, 0x64, 0x62, 0x32, 0x61, 0x61, 0x34, 0x30, 0x65, 0x35, 0x66, 0x66, 0x35, 0x36, 0x62, 0x63, 0x61, 0x64, 0x65, 0x33, 0x30, 0x66, 0x38, 0x38, 0x34, 0x37, 0x35, 0x33, 0x62, 0x65, 0x32, 0x33, 0x33, 0x36, 0x34, 0x65, 0x32, 0x34, 0x31, 0x33, 0x38, 0x64, 0x33, 0x65, 0x36, 0x36, 0x66, 0x62, 0x35, 0x66, 0x61, 0x32, 0x34, 0x38, 0x35, 0x66, 0x36, 0x02, 0x00, 0x00, 0x00, 0x04, 0x00, 0x00, 0x00, 0x62, 0x61, 0x73, 0x65, 0x03, 0x69, 0x00, 0x00, 0x00, 0x74, 0x79, 0x70, 0x65, 0x2f, 0x4c, 0x61, 0x6e, 0x67, 0x75, 0x61, 0x67, 0x65, 0x55, 0x6e, 0x69, 0x76, 0x65, 0x72, 0x73, 0x61, 0x6c, 0x44, 0x65, 0x70, 0x65, 0x6e, 0x64, 0x65, 0x6e, 0x63, 0x79, 0x52, 0x65, 0x6c, 0x61, 0x74, 0x69, 0x6f, 0x6e, 0x40, 0x37, 0x63, 0x65, 0x32, 0x37, 0x33, 0x30, 0x32, 0x64, 0x35, 0x62, 0x38, 0x32, 0x35, 0x32, 0x37, 0x37, 0x62, 0x62, 0x64, 0x37, 0x35, 0x34, 0x64, 0x30, 0x62, 0x63, 0x65, 0x38, 0x62, 0x62, 0x63, 0x39, 0x65, 0x37, 0x31, 0x66, 0x35, 0x64, 0x36, 0x34, 0x62, 0x63, 0x34, 0x66, 0x30, 0x61, 0x66, 0x31, 0x38, 0x34, 0x66, 0x63, 0x38, 0x36, 0x32, 0x64, 0x62, 0x64, 0x38, 0x63, 0x66, 0x32, 0x65, 0x25, 0x00, 0x00, 0x00, 0x03, 0x00, 0x00, 0x00, 0x61, 0x63, 0x6c, 0x00, 0x0a, 0x00, 0x00, 0x00, 0x76, 0x61, 0x6c, 0x75, 0x65, 0x2f, 0x75, 0x6e, 0x69, 0x74, 0x05, 0x00, 0x00, 0x00, 0x61, 0x64, 0x76, 0x63, 0x6c, 0x00, 0x0a, 0x00, 0x00, 0x00, 0x76, 0x61, 0x6c, 0x75, 0x65, 0x2f, 0x75, 0x6e, 0x69, 0x74, 0x06, 0x00, 0x00, 0x00, 0x61, 0x64, 0x76, 0x6d, 0x6f, 0x64, 0x00, 0x0a, 0x00, 0x00, 0x00, 0x76, 0x61, 0x6c, 0x75, 0x65, 0x2f, 0x75, 0x6e, 0x69, 0x74, 0x04, 0x00, 0x00, 0x00, 0x61, 0x6d, 0x6f, 0x64, 0x00, 0x0a, 0x00, 0x00, 0x00, 0x76, 0x61, 0x6c, 0x75, 0x65, 0x2f, 0x75, 0x6e, 0x69, 0x74, 0x05, 0x00, 0x00, 0x00, 0x61, 0x70, 0x70, 0x6f, 0x73, 0x00, 0x0a, 0x00, 0x00, 0x00, 0x76, 0x61, 0x6c, 0x75, 0x65, 0x2f, 0x75, 0x6e, 0x69, 0x74, 0x03, 0x00, 0x00, 0x00, 0x61, 0x75, 0x78, 0x00, 0x0a, 0x00, 0x00, 0x00, 0x76, 0x61, 0x6c, 0x75, 0x65, 0x2f, 0x75, 0x6e, 0x69, 0x74, 0x04, 0x00, 0x00, 0x00, 0x63, 0x61, 0x73, 0x65, 0x00, 0x0a, 0x00, 0x00, 0x00, 0x76, 0x61, 0x6c, 0x75, 0x65, 0x2f, 0x75, 0x6e, 0x69, 0x74, 0x02, 0x00, 0x00, 0x00, 0x63, 0x63, 0x00, 0x0a, 0x00, 0x00, 0x00, 0x76, 0x61, 0x6c, 0x75, 0x65, 0x2f, 0x75, 0x6e, 0x69, 0x74, 0x05, 0x00, 0x00, 0x00, 0x63, 0x63, 0x6f, 0x6d, 0x70, 0x00, 0x0a, 0x00, 0x00, 0x00, 0x76, 0x61, 0x6c, 0x75, 0x65, 0x2f, 0x75, 0x6e, 0x69, 0x74, 0x03, 0x00, 0x00, 0x00, 0x63, 0x6c, 0x66, 0x00, 0x0a, 0x00, 0x00, 0x00, 0x76, 0x61, 0x6c, 0x75, 0x65, 0x2f, 0x75, 0x6e, 0x69, 0x74, 0x08, 0x00, 0x00, 0x00, 0x63, 0x6f, 0x6d, 0x70, 0x6f, 0x75, 0x6e, 0x64, 0x00, 0x0a, 0x00, 0x00, 0x00, 0x76, 0x61, 0x6c, 0x75, 0x65, 0x2f, 0x75, 0x6e, 0x69, 0x74, 0x04, 0x00, 0x00, 0x00, 0x63, 0x6f, 0x6e, 0x6a, 0x00, 0x0a, 0x00, 0x00, 0x00, 0x76, 0x61, 0x6c, 0x75, 0x65, 0x2f, 0x75, 0x6e, 0x69, 0x74, 0x03, 0x00, 0x00, 0x00, 0x63, 0x6f, 0x70, 0x00, 0x0a, 0x00, 0x00, 0x00, 0x76, 0x61, 0x6c, 0x75, 0x65, 0x2f, 0x75, 0x6e, 0x69, 0x74, 0x05, 0x00, 0x00, 0x00, 0x63, 0x73, 0x75, 0x62, 0x6a, 0x00, 0x0a, 0x00, 0x00, 0x00, 0x76, 0x61, 0x6c, 0x75, 0x65, 0x2f, 0x75, 0x6e, 0x69, 0x74, 0x03, 0x00, 0x00, 0x00, 0x64, 0x65, 0x70, 0x00, 0x0a, 0x00, 0x00, 0x00, 0x76, 0x61, 0x6c, 0x75, 0x65, 0x2f, 0x75, 0x6e, 0x69, 0x74, 0x03, 0x00, 0x00, 0x00, 0x64, 0x65, 0x74, 0x00, 0x0a, 0x00, 0x00, 0x00, 0x76, 0x61, 0x6c, 0x75, 0x65, 0x2f, 0x75, 0x6e, 0x69, 0x74, 0x09, 0x00, 0x00, 0x00, 0x64, 0x69, 0x73, 0x63, 0x6f, 0x75, 0x72, 0x73, 0x65, 0x00, 0x0a, 0x00, 0x00, 0x00, 0x76, 0x61, 0x6c, 0x75, 0x65, 0x2f, 0x75, 0x6e, 0x69, 0x74, 0x0a, 0x00, 0x00, 0x00, 0x64, 0x69, 0x73, 0x6c, 0x6f, 0x63, 0x61, 0x74, 0x65, 0x64, 0x00, 0x0a, 0x00, 0x00, 0x00, 0x76, 0x61, 0x6c, 0x75, 0x65, 0x2f, 0x75, 0x6e, 0x69, 0x74, 0x04, 0x00, 0x00, 0x00, 0x65, 0x78, 0x70, 0x6c, 0x00, 0x0a, 0x00, 0x00, 0x00, 0x76, 0x61, 0x6c, 0x75, 0x65, 0x2f, 0x75, 0x6e, 0x69, 0x74, 0x05, 0x00, 0x00, 0x00, 0x66, 0x69, 0x78, 0x65, 0x64, 0x00, 0x0a, 0x00, 0x00, 0x00, 0x76, 0x61, 0x6c, 0x75, 0x65, 0x2f, 0x75, 0x6e, 0x69, 0x74, 0x04, 0x00, 0x00, 0x00, 0x66, 0x6c, 0x61, 0x74, 0x00, 0x0a, 0x00, 0x00, 0x00, 0x76, 0x61, 0x6c, 0x75, 0x65, 0x2f, 0x75, 0x6e, 0x69, 0x74, 0x08, 0x00, 0x00, 0x00, 0x67, 0x6f, 0x65, 0x73, 0x77, 0x69, 0x74, 0x68, 0x00, 0x0a, 0x00, 0x00, 0x00, 0x76, 0x61, 0x6c, 0x75, 0x65, 0x2f, 0x75, 0x6e, 0x69, 0x74, 0x04, 0x00, 0x00, 0x00, 0x69, 0x6f, 0x62, 0x6a, 0x00, 0x0a, 0x00, 0x00, 0x00, 0x76, 0x61, 0x6c, 0x75, 0x65, 0x2f, 0x75, 0x6e, 0x69, 0x74, 0x04, 0x00, 0x00, 0x00, 0x6c, 0x69, 0x73, 0x74, 0x00, 0x0a, 0x00, 0x00, 0x00, 0x76, 0x61, 0x6c, 0x75, 0x65, 0x2f, 0x75, 0x6e, 0x69, 0x74, 0x04, 0x00, 0x00, 0x00, 0x6d, 0x61, 0x72, 0x6b, 0x00, 0x0a, 0x00, 0x00, 0x00, 0x76, 0x61, 0x6c, 0x75, 0x65, 0x2f, 0x75, 0x6e, 0x69, 0x74, 0x04, 0x00, 0x00, 0x00, 0x6e, 0x6d, 0x6f, 0x64, 0x00, 0x0a, 0x00, 0x00, 0x00, 0x76, 0x61, 0x6c, 0x75, 0x65, 0x2f, 0x75, 0x6e, 0x69, 0x74, 0x05, 0x00, 0x00, 0x00, 0x6e, 0x73, 0x75, 0x62, 0x6a, 0x00, 0x0a, 0x00, 0x00, 0x00, 0x76, 0x61, 0x6c, 0x75, 0x65, 0x2f, 0x75, 0x6e, 0x69, 0x74, 0x06, 0x00, 0x00, 0x00, 0x6e, 0x75, 0x6d, 0x6d, 0x6f, 0x64, 0x00, 0x0a, 0x00, 0x00, 0x00, 0x76, 0x61, 0x6c, 0x75, 0x65, 0x2f, 0x75, 0x6e, 0x69, 0x74, 0x03, 0x00, 0x00, 0x00, 0x6f, 0x62, 0x6a, 0x00, 0x0a, 0x00, 0x00, 0x00, 0x76, 0x61, 0x6c, 0x75, 0x65, 0x2f, 0x75, 0x6e, 0x69, 0x74, 0x03, 0x00, 0x00, 0x00, 0x6f, 0x62, 0x6c, 0x00, 0x0a, 0x00, 0x00, 0x00, 0x76, 0x61, 0x6c, 0x75, 0x65, 0x2f, 0x75, 0x6e, 0x69, 0x74, 0x06, 0x00, 0x00, 0x00, 0x6f, 0x72, 0x70, 0x68, 0x61, 0x6e, 0x00, 0x0a, 0x00, 0x00, 0x00, 0x76, 0x61, 0x6c, 0x75, 0x65, 0x2f, 0x75, 0x6e, 0x69, 0x74, 0x09, 0x00, 0x00, 0x00, 0x70, 0x61, 0x72, 0x61, 0x74, 0x61, 0x78, 0x69, 0x73, 0x00, 0x0a, 0x00, 0x00, 0x00, 0x76, 0x61, 0x6c, 0x75, 0x65, 0x2f, 0x75, 0x6e, 0x69, 0x74, 0x05, 0x00, 0x00, 0x00, 0x70, 0x75, 0x6e, 0x63, 0x74, 0x00, 0x0a, 0x00, 0x00, 0x00, 0x76, 0x61, 0x6c, 0x75, 0x65, 0x2f, 0x75, 0x6e, 0x69, 0x74, 0x0a, 0x00, 0x00, 0x00, 0x72, 0x65, 0x70, 0x61, 0x72, 0x61, 0x6e, 0x64, 0x75, 0x6d, 0x00, 0x0a, 0x00, 0x00, 0x00, 0x76, 0x61, 0x6c, 0x75, 0x65, 0x2f, 0x75, 0x6e, 0x69, 0x74, 0x04, 0x00, 0x00, 0x00, 0x72, 0x6f, 0x6f, 0x74, 0x00, 0x0a, 0x00, 0x00, 0x00, 0x76, 0x61, 0x6c, 0x75, 0x65, 0x2f, 0x75, 0x6e, 0x69, 0x74, 0x08, 0x00, 0x00, 0x00, 0x76, 0x6f, 0x63, 0x61, 0x74, 0x69, 0x76, 0x65, 0x00, 0x0a, 0x00, 0x00, 0x00, 0x76, 0x61, 0x6c, 0x75, 0x65, 0x2f, 0x75, 0x6e, 0x69, 0x74, 0x05, 0x00, 0x00, 0x00, 0x78, 0x63, 0x6f, 0x6d, 0x70, 0x00, 0x0a, 0x00, 0x00, 0x00, 0x76, 0x61, 0x6c, 0x75, 0x65, 0x2f, 0x75, 0x6e, 0x69, 0x74, 0x07, 0x00, 0x00, 0x00, 0x73, 0x75, 0x62, 0x74, 0x79, 0x70, 0x65, 0x05, 0x5b, 0x00, 0x00, 0x00, 0x74, 0x79, 0x70, 0x65, 0x2f, 0x4c, 0x61, 0x6e, 0x67, 0x75, 0x61, 0x67, 0x65, 0x50, 0x61, 0x72, 0x73, 0x65, 0x72, 0x53, 0x75, 0x62, 0x74, 0x79, 0x70, 0x65, 0x40, 0x33, 0x61, 0x35, 0x39, 0x61, 0x64, 0x35, 0x34, 0x63, 0x38, 0x65, 0x31, 0x39, 0x30, 0x30, 0x31, 0x35, 0x37, 0x35, 0x31, 0x34, 0x32, 0x65, 0x32, 0x31, 0x34, 0x35, 0x65, 0x39, 0x61, 0x62, 0x61, 0x32, 0x35, 0x36, 0x37, 0x32, 0x38, 0x63, 0x34, 0x39, 0x66, 0x33, 0x35, 0x36, 0x34, 0x34, 0x66, 0x31, 0x61, 0x39, 0x33, 0x38, 0x30, 0x37, 0x35, 0x62, 0x61, 0x39, 0x31, 0x63, 0x36, 0x34, 0x35, 0x00, 0x0a, 0x00, 0x00, 0x00, 0x76, 0x61, 0x6c, 0x75, 0x65, 0x2f, 0x74, 0x65, 0x78, 0x74, 0x09, 0x00, 0x00, 0x00, 0x72, 0x65, 0x6c, 0x61, 0x74, 0x69, 0x6f, 0x6e, 0x31, 0x02, 0x5c, 0x00, 0x00, 0x00, 0x74, 0x79, 0x70, 0x65, 0x2f, 0x4c, 0x61, 0x6e, 0x67, 0x75, 0x61, 0x67, 0x65, 0x50, 0x61, 0x72, 0x73, 0x65, 0x72, 0x52, 0x65, 0x6c, 0x61, 0x74, 0x69, 0x6f, 0x6e, 0x40, 0x63, 0x39, 0x64, 0x36, 0x34, 0x63, 0x35, 0x36, 0x64, 0x62, 0x32, 0x61, 0x61, 0x34, 0x30, 0x65, 0x35, 0x66, 0x66, 0x35, 0x36, 0x62, 0x63, 0x61, 0x64, 0x65, 0x33, 0x30, 0x66, 0x38, 0x38, 0x34, 0x37, 0x35, 0x33, 0x62, 0x65, 0x32, 0x33, 0x33, 0x36, 0x34, 0x65, 0x32, 0x34, 0x31, 0x33, 0x38, 0x64, 0x33, 0x65, 0x36, 0x36, 0x66, 0x62, 0x35, 0x66, 0x61, 0x32, 0x34, 0x38, 0x35, 0x66, 0x36, 0x02, 0x00, 0x00, 0x00, 0x04, 0x00, 0x00, 0x00, 0x62, 0x61, 0x73, 0x65, 0x03, 0x69, 0x00, 0x00, 0x00, 0x74, 0x79, 0x70, 0x65, 0x2f, 0x4c, 0x61, 0x6e, 0x67, 0x75, 0x61, 0x67, 0x65, 0x55, 0x6e, 0x69, 0x76, 0x65, 0x72, 0x73, 0x61, 0x6c, 0x44, 0x65, 0x70, 0x65, 0x6e, 0x64, 0x65, 0x6e, 0x63, 0x79, 0x52, 0x65, 0x6c, 0x61, 0x74, 0x69, 0x6f, 0x6e, 0x40, 0x37, 0x63, 0x65, 0x32, 0x37, 0x33, 0x30, 0x32, 0x64, 0x35, 0x62, 0x38, 0x32, 0x35, 0x32, 0x37, 0x37, 0x62, 0x62, 0x64, 0x37, 0x35, 0x34, 0x64, 0x30, 0x62, 0x63, 0x65, 0x38, 0x62, 0x62, 0x63, 0x39, 0x65, 0x37, 0x31, 0x66, 0x35, 0x64, 0x36, 0x34, 0x62, 0x63, 0x34, 0x66, 0x30, 0x61, 0x66, 0x31, 0x38, 0x34, 0x66, 0x63, 0x38, 0x36, 0x32, 0x64, 0x62, 0x64, 0x38, 0x63, 0x66, 0x32, 0x65, 0x25, 0x00, 0x00, 0x00, 0x03, 0x00, 0x00, 0x00, 0x61, 0x63, 0x6c, 0x00, 0x0a, 0x00, 0x00, 0x00, 0x76, 0x61, 0x6c, 0x75, 0x65, 0x2f, 0x75, 0x6e, 0x69, 0x74, 0x05, 0x00, 0x00, 0x00, 0x61, 0x64, 0x76, 0x63, 0x6c, 0x00, 0x0a, 0x00, 0x00, 0x00, 0x76, 0x61, 0x6c, 0x75, 0x65, 0x2f, 0x75, 0x6e, 0x69, 0x74, 0x06, 0x00, 0x00, 0x00, 0x61, 0x64, 0x76, 0x6d, 0x6f, 0x64, 0x00, 0x0a, 0x00, 0x00, 0x00, 0x76, 0x61, 0x6c, 0x75, 0x65, 0x2f, 0x75, 0x6e, 0x69, 0x74, 0x04, 0x00, 0x00, 0x00, 0x61, 0x6d, 0x6f, 0x64, 0x00, 0x0a, 0x00, 0x00, 0x00, 0x76, 0x61, 0x6c, 0x75, 0x65, 0x2f, 0x75, 0x6e, 0x69, 0x74, 0x05, 0x00, 0x00, 0x00, 0x61, 0x70, 0x70, 0x6f, 0x73, 0x00, 0x0a, 0x00, 0x00, 0x00, 0x76, 0x61, 0x6c, 0x75, 0x65, 0x2f, 0x75, 0x6e, 0x69, 0x74, 0x03, 0x00, 0x00, 0x00, 0x61, 0x75, 0x78, 0x00, 0x0a, 0x00, 0x00, 0x00, 0x76, 0x61, 0x6c, 0x75, 0x65, 0x2f, 0x75, 0x6e, 0x69, 0x74, 0x04, 0x00, 0x00, 0x00, 0x63, 0x61, 0x73, 0x65, 0x00, 0x0a, 0x00, 0x00, 0x00, 0x76, 0x61, 0x6c, 0x75, 0x65, 0x2f, 0x75, 0x6e, 0x69, 0x74, 0x02, 0x00, 0x00, 0x00, 0x63, 0x63, 0x00, 0x0a, 0x00, 0x00, 0x00, 0x76, 0x61, 0x6c, 0x75, 0x65, 0x2f, 0x75, 0x6e, 0x69, 0x74, 0x05, 0x00, 0x00, 0x00, 0x63, 0x63, 0x6f, 0x6d, 0x70, 0x00, 0x0a, 0x00, 0x00, 0x00, 0x76, 0x61, 0x6c, 0x75, 0x65, 0x2f, 0x75, 0x6e, 0x69, 0x74, 0x03, 0x00, 0x00, 0x00, 0x63, 0x6c, 0x66, 0x00, 0x0a, 0x00, 0x00, 0x00, 0x76, 0x61, 0x6c, 0x75, 0x65, 0x2f, 0x75, 0x6e, 0x69, 0x74, 0x08, 0x00, 0x00, 0x00, 0x63, 0x6f, 0x6d, 0x70, 0x6f, 0x75, 0x6e, 0x64, 0x00, 0x0a, 0x00, 0x00, 0x00, 0x76, 0x61, 0x6c, 0x75, 0x65, 0x2f, 0x75, 0x6e, 0x69, 0x74, 0x04, 0x00, 0x00, 0x00, 0x63, 0x6f, 0x6e, 0x6a, 0x00, 0x0a, 0x00, 0x00, 0x00, 0x76, 0x61, 0x6c, 0x75, 0x65, 0x2f, 0x75, 0x6e, 0x69, 0x74, 0x03, 0x00, 0x00, 0x00, 0x63, 0x6f, 0x70, 0x00, 0x0a, 0x00, 0x00, 0x00, 0x76, 0x61, 0x6c, 0x75, 0x65, 0x2f, 0x75, 0x6e, 0x69, 0x74, 0x05, 0x00, 0x00, 0x00, 0x63, 0x73, 0x75, 0x62, 0x6a, 0x00, 0x0a, 0x00, 0x00, 0x00, 0x76, 0x61, 0x6c, 0x75, 0x65, 0x2f, 0x75, 0x6e, 0x69, 0x74, 0x03, 0x00, 0x00, 0x00, 0x64, 0x65, 0x70, 0x00, 0x0a, 0x00, 0x00, 0x00, 0x76, 0x61, 0x6c, 0x75, 0x65, 0x2f, 0x75, 0x6e, 0x69, 0x74, 0x03, 0x00, 0x00, 0x00, 0x64, 0x65, 0x74, 0x00, 0x0a, 0x00, 0x00, 0x00, 0x76, 0x61, 0x6c, 0x75, 0x65, 0x2f, 0x75, 0x6e, 0x69, 0x74, 0x09, 0x00, 0x00, 0x00, 0x64, 0x69, 0x73, 0x63, 0x6f, 0x75, 0x72, 0x73, 0x65, 0x00, 0x0a, 0x00, 0x00, 0x00, 0x76, 0x61, 0x6c, 0x75, 0x65, 0x2f, 0x75, 0x6e, 0x69, 0x74, 0x0a, 0x00, 0x00, 0x00, 0x64, 0x69, 0x73, 0x6c, 0x6f, 0x63, 0x61, 0x74, 0x65, 0x64, 0x00, 0x0a, 0x00, 0x00, 0x00, 0x76, 0x61, 0x6c, 0x75, 0x65, 0x2f, 0x75, 0x6e, 0x69, 0x74, 0x04, 0x00, 0x00, 0x00, 0x65, 0x78, 0x70, 0x6c, 0x00, 0x0a, 0x00, 0x00, 0x00, 0x76, 0x61, 0x6c, 0x75, 0x65, 0x2f, 0x75, 0x6e, 0x69, 0x74, 0x05, 0x00, 0x00, 0x00, 0x66, 0x69, 0x78, 0x65, 0x64, 0x00, 0x0a, 0x00, 0x00, 0x00, 0x76, 0x61, 0x6c, 0x75, 0x65, 0x2f, 0x75, 0x6e, 0x69, 0x74, 0x04, 0x00, 0x00, 0x00, 0x66, 0x6c, 0x61, 0x74, 0x00, 0x0a, 0x00, 0x00, 0x00, 0x76, 0x61, 0x6c, 0x75, 0x65, 0x2f, 0x75, 0x6e, 0x69, 0x74, 0x08, 0x00, 0x00, 0x00, 0x67, 0x6f, 0x65, 0x73, 0x77, 0x69, 0x74, 0x68, 0x00, 0x0a, 0x00, 0x00, 0x00, 0x76, 0x61, 0x6c, 0x75, 0x65, 0x2f, 0x75, 0x6e, 0x69, 0x74, 0x04, 0x00, 0x00, 0x00, 0x69, 0x6f, 0x62, 0x6a, 0x00, 0x0a, 0x00, 0x00, 0x00, 0x76, 0x61, 0x6c, 0x75, 0x65, 0x2f, 0x75, 0x6e, 0x69, 0x74, 0x04, 0x00, 0x00, 0x00, 0x6c, 0x69, 0x73, 0x74, 0x00, 0x0a, 0x00, 0x00, 0x00, 0x76, 0x61, 0x6c, 0x75, 0x65, 0x2f, 0x75, 0x6e, 0x69, 0x74, 0x04, 0x00, 0x00, 0x00, 0x6d, 0x61, 0x72, 0x6b, 0x00, 0x0a, 0x00, 0x00, 0x00, 0x76, 0x61, 0x6c, 0x75, 0x65, 0x2f, 0x75, 0x6e, 0x69, 0x74, 0x04, 0x00, 0x00, 0x00, 0x6e, 0x6d, 0x6f, 0x64, 0x00, 0x0a, 0x00, 0x00, 0x00, 0x76, 0x61, 0x6c, 0x75, 0x65, 0x2f, 0x75, 0x6e, 0x69, 0x74, 0x05, 0x00, 0x00, 0x00, 0x6e, 0x73, 0x75, 0x62, 0x6a, 0x00, 0x0a, 0x00, 0x00, 0x00, 0x76, 0x61, 0x6c, 0x75, 0x65, 0x2f, 0x75, 0x6e, 0x69, 0x74, 0x06, 0x00, 0x00, 0x00, 0x6e, 0x75, 0x6d, 0x6d, 0x6f, 0x64, 0x00, 0x0a, 0x00, 0x00, 0x00, 0x76, 0x61, 0x6c, 0x75, 0x65, 0x2f, 0x75, 0x6e, 0x69, 0x74, 0x03, 0x00, 0x00, 0x00, 0x6f, 0x62, 0x6a, 0x00, 0x0a, 0x00, 0x00, 0x00, 0x76, 0x61, 0x6c, 0x75, 0x65, 0x2f, 0x75, 0x6e, 0x69, 0x74, 0x03, 0x00, 0x00, 0x00, 0x6f, 0x62, 0x6c, 0x00, 0x0a, 0x00, 0x00, 0x00, 0x76, 0x61, 0x6c, 0x75, 0x65, 0x2f, 0x75, 0x6e, 0x69, 0x74, 0x06, 0x00, 0x00, 0x00, 0x6f, 0x72, 0x70, 0x68, 0x61, 0x6e, 0x00, 0x0a, 0x00, 0x00, 0x00, 0x76, 0x61, 0x6c, 0x75, 0x65, 0x2f, 0x75, 0x6e, 0x69, 0x74, 0x09, 0x00, 0x00, 0x00, 0x70, 0x61, 0x72, 0x61, 0x74, 0x61, 0x78, 0x69, 0x73, 0x00, 0x0a, 0x00, 0x00, 0x00, 0x76, 0x61, 0x6c, 0x75, 0x65, 0x2f, 0x75, 0x6e, 0x69, 0x74, 0x05, 0x00, 0x00, 0x00, 0x70, 0x75, 0x6e, 0x63, 0x74, 0x00, 0x0a, 0x00, 0x00, 0x00, 0x76, 0x61, 0x6c, 0x75, 0x65, 0x2f, 0x75, 0x6e, 0x69, 0x74, 0x0a, 0x00, 0x00, 0x00, 0x72, 0x65, 0x70, 0x61, 0x72, 0x61, 0x6e, 0x64, 0x75, 0x6d, 0x00, 0x0a, 0x00, 0x00, 0x00, 0x76, 0x61, 0x6c, 0x75, 0x65, 0x2f, 0x75, 0x6e, 0x69, 0x74, 0x04, 0x00, 0x00, 0x00, 0x72, 0x6f, 0x6f, 0x74, 0x00, 0x0a, 0x00, 0x00, 0x00, 0x76, 0x61, 0x6c, 0x75, 0x65, 0x2f, 0x75, 0x6e, 0x69, 0x74, 0x08, 0x00, 0x00, 0x00, 0x76, 0x6f, 0x63, 0x61, 0x74, 0x69, 0x76, 0x65, 0x00, 0x0a, 0x00, 0x00, 0x00, 0x76, 0x61, 0x6c, 0x75, 0x65, 0x2f, 0x75, 0x6e, 0x69, 0x74, 0x05, 0x00, 0x00, 0x00, 0x78, 0x63, 0x6f, 0x6d, 0x70, 0x00, 0x0a, 0x00, 0x00, 0x00, 0x76, 0x61, 0x6c, 0x75, 0x65, 0x2f, 0x75, 0x6e, 0x69, 0x74, 0x07, 0x00, 0x00, 0x00, 0x73, 0x75, 0x62, 0x74, 0x79, 0x70, 0x65, 0x05, 0x5b, 0x00, 0x00, 0x00, 0x74, 0x79, 0x70, 0x65, 0x2f, 0x4c, 0x61, 0x6e, 0x67, 0x75, 0x61, 0x67, 0x65, 0x50, 0x61, 0x72, 0x73, 0x65, 0x72, 0x53, 0x75, 0x62, 0x74, 0x79, 0x70, 0x65, 0x40, 0x33, 0x61, 0x35, 0x39, 0x61, 0x64, 0x35, 0x34, 0x63, 0x38, 0x65, 0x31, 0x39, 0x30, 0x30, 0x31, 0x35, 0x37, 0x35, 0x31, 0x34, 0x32, 0x65, 0x32, 0x31, 0x34, 0x35, 0x65, 0x39, 0x61, 0x62, 0x61, 0x32, 0x35, 0x36, 0x37, 0x32, 0x38, 0x63, 0x34, 0x39, 0x66, 0x33, 0x35, 0x36, 0x34, 0x34, 0x66, 0x31, 0x61, 0x39, 0x33, 0x38, 0x30, 0x37, 0x35, 0x62, 0x61, 0x39, 0x31, 0x63, 0x36, 0x34, 0x35, 0x00, 0x0a, 0x00, 0x00, 0x00, 0x76, 0x61, 0x6c, 0x75, 0x65, 0x2f, 0x74, 0x65, 0x78, 0x74, 0x09, 0x00, 0x00, 0x00, 0x72, 0x65, 0x6c, 0x61, 0x74, 0x69, 0x6f, 0x6e, 0x32, 0x02, 0x5c, 0x00, 0x00, 0x00, 0x74, 0x79, 0x70, 0x65, 0x2f, 0x4c, 0x61, 0x6e, 0x67, 0x75, 0x61, 0x67, 0x65, 0x50, 0x61, 0x72, 0x73, 0x65, 0x72, 0x52, 0x65, 0x6c, 0x61, 0x74, 0x69, 0x6f, 0x6e, 0x40, 0x63, 0x39, 0x64, 0x36, 0x34, 0x63, 0x35, 0x36, 0x64, 0x62, 0x32, 0x61, 0x61, 0x34, 0x30, 0x65, 0x35, 0x66, 0x66, 0x35, 0x36, 0x62, 0x63, 0x61, 0x64, 0x65, 0x33, 0x30, 0x66, 0x38, 0x38, 0x34, 0x37, 0x35, 0x33, 0x62, 0x65, 0x32, 0x33, 0x33, 0x36, 0x34, 0x65, 0x32, 0x34, 0x31, 0x33, 0x38, 0x64, 0x33, 0x65, 0x36, 0x36, 0x66, 0x62, 0x35, 0x66, 0x61, 0x32, 0x34, 0x38, 0x35, 0x66, 0x36, 0x02, 0x00, 0x00, 0x00, 0x04, 0x00, 0x00, 0x00, 0x62, 0x61, 0x73, 0x65, 0x03, 0x69, 0x00, 0x00, 0x00, 0x74, 0x79, 0x70, 0x65, 0x2f, 0x4c, 0x61, 0x6e, 0x67, 0x75, 0x61, 0x67, 0x65, 0x55, 0x6e, 0x69, 0x76, 0x65, 0x72, 0x73, 0x61, 0x6c, 0x44, 0x65, 0x70, 0x65, 0x6e, 0x64, 0x65, 0x6e, 0x63, 0x79, 0x52, 0x65, 0x6c, 0x61, 0x74, 0x69, 0x6f, 0x6e, 0x40, 0x37, 0x63, 0x65, 0x32, 0x37, 0x33, 0x30, 0x32, 0x64, 0x35, 0x62, 0x38, 0x32, 0x35, 0x32, 0x37, 0x37, 0x62, 0x62, 0x64, 0x37, 0x35, 0x34, 0x64, 0x30, 0x62, 0x63, 0x65, 0x38, 0x62, 0x62, 0x63, 0x39, 0x65, 0x37, 0x31, 0x66, 0x35, 0x64, 0x36, 0x34, 0x62, 0x63, 0x34, 0x66, 0x30, 0x61, 0x66, 0x31, 0x38, 0x34, 0x66, 0x63, 0x38, 0x36, 0x32, 0x64, 0x62, 0x64, 0x38, 0x63, 0x66, 0x32, 0x65, 0x25, 0x00, 0x00, 0x00, 0x03, 0x00, 0x00, 0x00, 0x61, 0x63, 0x6c, 0x00, 0x0a, 0x00, 0x00, 0x00, 0x76, 0x61, 0x6c, 0x75, 0x65, 0x2f, 0x75, 0x6e, 0x69, 0x74, 0x05, 0x00, 0x00, 0x00, 0x61, 0x64, 0x76, 0x63, 0x6c, 0x00, 0x0a, 0x00, 0x00, 0x00, 0x76, 0x61, 0x6c, 0x75, 0x65, 0x2f, 0x75, 0x6e, 0x69, 0x74, 0x06, 0x00, 0x00, 0x00, 0x61, 0x64, 0x76, 0x6d, 0x6f, 0x64, 0x00, 0x0a, 0x00, 0x00, 0x00, 0x76, 0x61, 0x6c, 0x75, 0x65, 0x2f, 0x75, 0x6e, 0x69, 0x74, 0x04, 0x00, 0x00, 0x00, 0x61, 0x6d, 0x6f, 0x64, 0x00, 0x0a, 0x00, 0x00, 0x00, 0x76, 0x61, 0x6c, 0x75, 0x65, 0x2f, 0x75, 0x6e, 0x69, 0x74, 0x05, 0x00, 0x00, 0x00, 0x61, 0x70, 0x70, 0x6f, 0x73, 0x00, 0x0a, 0x00, 0x00, 0x00, 0x76, 0x61, 0x6c, 0x75, 0x65, 0x2f, 0x75, 0x6e, 0x69, 0x74, 0x03, 0x00, 0x00, 0x00, 0x61, 0x75, 0x78, 0x00, 0x0a, 0x00, 0x00, 0x00, 0x76, 0x61, 0x6c, 0x75, 0x65, 0x2f, 0x75, 0x6e, 0x69, 0x74, 0x04, 0x00, 0x00, 0x00, 0x63, 0x61, 0x73, 0x65, 0x00, 0x0a, 0x00, 0x00, 0x00, 0x76, 0x61, 0x6c, 0x75, 0x65, 0x2f, 0x75, 0x6e, 0x69, 0x74, 0x02, 0x00, 0x00, 0x00, 0x63, 0x63, 0x00, 0x0a, 0x00, 0x00, 0x00, 0x76, 0x61, 0x6c, 0x75, 0x65, 0x2f, 0x75, 0x6e, 0x69, 0x74, 0x05, 0x00, 0x00, 0x00, 0x63, 0x63, 0x6f, 0x6d, 0x70, 0x00, 0x0a, 0x00, 0x00, 0x00, 0x76, 0x61, 0x6c, 0x75, 0x65, 0x2f, 0x75, 0x6e, 0x69, 0x74, 0x03, 0x00, 0x00, 0x00, 0x63, 0x6c, 0x66, 0x00, 0x0a, 0x00, 0x00, 0x00, 0x76, 0x61, 0x6c, 0x75, 0x65, 0x2f, 0x75, 0x6e, 0x69, 0x74, 0x08, 0x00, 0x00, 0x00, 0x63, 0x6f, 0x6d, 0x70, 0x6f, 0x75, 0x6e, 0x64, 0x00, 0x0a, 0x00, 0x00, 0x00, 0x76, 0x61, 0x6c, 0x75, 0x65, 0x2f, 0x75, 0x6e, 0x69, 0x74, 0x04, 0x00, 0x00, 0x00, 0x63, 0x6f, 0x6e, 0x6a, 0x00, 0x0a, 0x00, 0x00, 0x00, 0x76, 0x61, 0x6c, 0x75, 0x65, 0x2f, 0x75, 0x6e, 0x69, 0x74, 0x03, 0x00, 0x00, 0x00, 0x63, 0x6f, 0x70, 0x00, 0x0a, 0x00, 0x00, 0x00, 0x76, 0x61, 0x6c, 0x75, 0x65, 0x2f, 0x75, 0x6e, 0x69, 0x74, 0x05, 0x00, 0x00, 0x00, 0x63, 0x73, 0x75, 0x62, 0x6a, 0x00, 0x0a, 0x00, 0x00, 0x00, 0x76, 0x61, 0x6c, 0x75, 0x65, 0x2f, 0x75, 0x6e, 0x69, 0x74, 0x03, 0x00, 0x00, 0x00, 0x64, 0x65, 0x70, 0x00, 0x0a, 0x00, 0x00, 0x00, 0x76, 0x61, 0x6c, 0x75, 0x65, 0x2f, 0x75, 0x6e, 0x69, 0x74, 0x03, 0x00, 0x00, 0x00, 0x64, 0x65, 0x74, 0x00, 0x0a, 0x00, 0x00, 0x00, 0x76, 0x61, 0x6c, 0x75, 0x65, 0x2f, 0x75, 0x6e, 0x69, 0x74, 0x09, 0x00, 0x00, 0x00, 0x64, 0x69, 0x73, 0x63, 0x6f, 0x75, 0x72, 0x73, 0x65, 0x00, 0x0a, 0x00, 0x00, 0x00, 0x76, 0x61, 0x6c, 0x75, 0x65, 0x2f, 0x75, 0x6e, 0x69, 0x74, 0x0a, 0x00, 0x00, 0x00, 0x64, 0x69, 0x73, 0x6c, 0x6f, 0x63, 0x61, 0x74, 0x65, 0x64, 0x00, 0x0a, 0x00, 0x00, 0x00, 0x76, 0x61, 0x6c, 0x75, 0x65, 0x2f, 0x75, 0x6e, 0x69, 0x74, 0x04, 0x00, 0x00, 0x00, 0x65, 0x78, 0x70, 0x6c, 0x00, 0x0a, 0x00, 0x00, 0x00, 0x76, 0x61, 0x6c, 0x75, 0x65, 0x2f, 0x75, 0x6e, 0x69, 0x74, 0x05, 0x00, 0x00, 0x00, 0x66, 0x69, 0x78, 0x65, 0x64, 0x00, 0x0a, 0x00, 0x00, 0x00, 0x76, 0x61, 0x6c, 0x75, 0x65, 0x2f, 0x75, 0x6e, 0x69, 0x74, 0x04, 0x00, 0x00, 0x00, 0x66, 0x6c, 0x61, 0x74, 0x00, 0x0a, 0x00, 0x00, 0x00, 0x76, 0x61, 0x6c, 0x75, 0x65, 0x2f, 0x75, 0x6e, 0x69, 0x74, 0x08, 0x00, 0x00, 0x00, 0x67, 0x6f, 0x65, 0x73, 0x77, 0x69, 0x74, 0x68, 0x00, 0x0a, 0x00, 0x00, 0x00, 0x76, 0x61, 0x6c, 0x75, 0x65, 0x2f, 0x75, 0x6e, 0x69, 0x74, 0x04, 0x00, 0x00, 0x00, 0x69, 0x6f, 0x62, 0x6a, 0x00, 0x0a, 0x00, 0x00, 0x00, 0x76, 0x61, 0x6c, 0x75, 0x65, 0x2f, 0x75, 0x6e, 0x69, 0x74, 0x04, 0x00, 0x00, 0x00, 0x6c, 0x69, 0x73, 0x74, 0x00, 0x0a, 0x00, 0x00, 0x00, 0x76, 0x61, 0x6c, 0x75, 0x65, 0x2f, 0x75, 0x6e, 0x69, 0x74, 0x04, 0x00, 0x00, 0x00, 0x6d, 0x61, 0x72, 0x6b, 0x00, 0x0a, 0x00, 0x00, 0x00, 0x76, 0x61, 0x6c, 0x75, 0x65, 0x2f, 0x75, 0x6e, 0x69, 0x74, 0x04, 0x00, 0x00, 0x00, 0x6e, 0x6d, 0x6f, 0x64, 0x00, 0x0a, 0x00, 0x00, 0x00, 0x76, 0x61, 0x6c, 0x75, 0x65, 0x2f, 0x75, 0x6e, 0x69, 0x74, 0x05, 0x00, 0x00, 0x00, 0x6e, 0x73, 0x75, 0x62, 0x6a, 0x00, 0x0a, 0x00, 0x00, 0x00, 0x76, 0x61, 0x6c, 0x75, 0x65, 0x2f, 0x75, 0x6e, 0x69, 0x74, 0x06, 0x00, 0x00, 0x00, 0x6e, 0x75, 0x6d, 0x6d, 0x6f, 0x64, 0x00, 0x0a, 0x00, 0x00, 0x00, 0x76, 0x61, 0x6c, 0x75, 0x65, 0x2f, 0x75, 0x6e, 0x69, 0x74, 0x03, 0x00, 0x00, 0x00, 0x6f, 0x62, 0x6a, 0x00, 0x0a, 0x00, 0x00, 0x00, 0x76, 0x61, 0x6c, 0x75, 0x65, 0x2f, 0x75, 0x6e, 0x69, 0x74, 0x03, 0x00, 0x00, 0x00, 0x6f, 0x62, 0x6c, 0x00, 0x0a, 0x00, 0x00, 0x00, 0x76, 0x61, 0x6c, 0x75, 0x65, 0x2f, 0x75, 0x6e, 0x69, 0x74, 0x06, 0x00, 0x00, 0x00, 0x6f, 0x72, 0x70, 0x68, 0x61, 0x6e, 0x00, 0x0a, 0x00, 0x00, 0x00, 0x76, 0x61, 0x6c, 0x75, 0x65, 0x2f, 0x75, 0x6e, 0x69, 0x74, 0x09, 0x00, 0x00, 0x00, 0x70, 0x61, 0x72, 0x61, 0x74, 0x61, 0x78, 0x69, 0x73, 0x00, 0x0a, 0x00, 0x00, 0x00, 0x76, 0x61, 0x6c, 0x75, 0x65, 0x2f, 0x75, 0x6e, 0x69, 0x74, 0x05, 0x00, 0x00, 0x00, 0x70, 0x75, 0x6e, 0x63, 0x74, 0x00, 0x0a, 0x00, 0x00, 0x00, 0x76, 0x61, 0x6c, 0x75, 0x65, 0x2f, 0x75, 0x6e, 0x69, 0x74, 0x0a, 0x00, 0x00, 0x00, 0x72, 0x65, 0x70, 0x61, 0x72, 0x61, 0x6e, 0x64, 0x75, 0x6d, 0x00, 0x0a, 0x00, 0x00, 0x00, 0x76, 0x61, 0x6c, 0x75, 0x65, 0x2f, 0x75, 0x6e, 0x69, 0x74, 0x04, 0x00, 0x00, 0x00, 0x72, 0x6f, 0x6f, 0x74, 0x00, 0x0a, 0x00, 0x00, 0x00, 0x76, 0x61, 0x6c, 0x75, 0x65, 0x2f, 0x75, 0x6e, 0x69, 0x74, 0x08, 0x00, 0x00, 0x00, 0x76, 0x6f, 0x63, 0x61, 0x74, 0x69, 0x76, 0x65, 0x00, 0x0a, 0x00, 0x00, 0x00, 0x76, 0x61, 0x6c, 0x75, 0x65, 0x2f, 0x75, 0x6e, 0x69, 0x74, 0x05, 0x00, 0x00, 0x00, 0x78, 0x63, 0x6f, 0x6d, 0x70, 0x00, 0x0a, 0x00, 0x00, 0x00, 0x76, 0x61, 0x6c, 0x75, 0x65, 0x2f, 0x75, 0x6e, 0x69, 0x74, 0x07, 0x00, 0x00, 0x00, 0x73, 0x75, 0x62, 0x74, 0x79, 0x70, 0x65, 0x05, 0x5b, 0x00, 0x00, 0x00, 0x74, 0x79, 0x70, 0x65, 0x2f, 0x4c, 0x61, 0x6e, 0x67, 0x75, 0x61, 0x67, 0x65, 0x50, 0x61, 0x72, 0x73, 0x65, 0x72, 0x53, 0x75, 0x62, 0x74, 0x79, 0x70, 0x65, 0x40, 0x33, 0x61, 0x35, 0x39, 0x61, 0x64, 0x35, 0x34, 0x63, 0x38, 0x65, 0x31, 0x39, 0x30, 0x30, 0x31, 0x35, 0x37, 0x35, 0x31, 0x34, 0x32, 0x65, 0x32, 0x31, 0x34, 0x35, 0x65, 0x39, 0x61, 0x62, 0x61, 0x32, 0x35, 0x36, 0x37, 0x32, 0x38, 0x63, 0x34, 0x39, 0x66, 0x33, 0x35, 0x36, 0x34, 0x34, 0x66, 0x31, 0x61, 0x39, 0x33, 0x38, 0x30, 0x37, 0x35, 0x62, 0x61, 0x39, 0x31, 0x63, 0x36, 0x34, 0x35, 0x00, 0x0a, 0x00, 0x00, 0x00, 0x76, 0x61, 0x6c, 0x75, 0x65, 0x2f, 0x74, 0x65, 0x78, 0x74, 0x09, 0x00, 0x00, 0x00, 0x72, 0x65, 0x6c, 0x61, 0x74, 0x69, 0x6f, 0x6e, 0x33, 0x02, 0x5c, 0x00, 0x00, 0x00, 0x74, 0x79, 0x70, 0x65, 0x2f, 0x4c, 0x61, 0x6e, 0x67, 0x75, 0x61, 0x67, 0x65, 0x50, 0x61, 0x72, 0x73, 0x65, 0x72, 0x52, 0x65, 0x6c, 0x61, 0x74, 0x69, 0x6f, 0x6e, 0x40, 0x63, 0x39, 0x64, 0x36, 0x34, 0x63, 0x35, 0x36, 0x64, 0x62, 0x32, 0x61, 0x61, 0x34, 0x30, 0x65, 0x35, 0x66, 0x66, 0x35, 0x36, 0x62, 0x63, 0x61, 0x64, 0x65, 0x33, 0x30, 0x66, 0x38, 0x38, 0x34, 0x37, 0x35, 0x33, 0x62, 0x65, 0x32, 0x33, 0x33, 0x36, 0x34, 0x65, 0x32, 0x34, 0x31, 0x33, 0x38, 0x64, 0x33, 0x65, 0x36, 0x36, 0x66, 0x62, 0x35, 0x66, 0x61, 0x32, 0x34, 0x38, 0x35, 0x66, 0x36, 0x02, 0x00, 0x00, 0x00, 0x04, 0x00, 0x00, 0x00, 0x62, 0x61, 0x73, 0x65, 0x03, 0x69, 0x00, 0x00, 0x00, 0x74, 0x79, 0x70, 0x65, 0x2f, 0x4c, 0x61, 0x6e, 0x67, 0x75, 0x61, 0x67, 0x65, 0x55, 0x6e, 0x69, 0x76, 0x65, 0x72, 0x73, 0x61, 0x6c, 0x44, 0x65, 0x70, 0x65, 0x6e, 0x64, 0x65, 0x6e, 0x63, 0x79, 0x52, 0x65, 0x6c, 0x61, 0x74, 0x69, 0x6f, 0x6e, 0x40, 0x37, 0x63, 0x65, 0x32, 0x37, 0x33, 0x30, 0x32, 0x64, 0x35, 0x62, 0x38, 0x32, 0x35, 0x32, 0x37, 0x37, 0x62, 0x62, 0x64, 0x37, 0x35, 0x34, 0x64, 0x30, 0x62, 0x63, 0x65, 0x38, 0x62, 0x62, 0x63, 0x39, 0x65, 0x37, 0x31, 0x66, 0x35, 0x64, 0x36, 0x34, 0x62, 0x63, 0x34, 0x66, 0x30, 0x61, 0x66, 0x31, 0x38, 0x34, 0x66, 0x63, 0x38, 0x36, 0x32, 0x64, 0x62, 0x64, 0x38, 0x63, 0x66, 0x32, 0x65, 0x25, 0x00, 0x00, 0x00, 0x03, 0x00, 0x00, 0x00, 0x61, 0x63, 0x6c, 0x00, 0x0a, 0x00, 0x00, 0x00, 0x76, 0x61, 0x6c, 0x75, 0x65, 0x2f, 0x75, 0x6e, 0x69, 0x74, 0x05, 0x00, 0x00, 0x00, 0x61, 0x64, 0x76, 0x63, 0x6c, 0x00, 0x0a, 0x00, 0x00, 0x00, 0x76, 0x61, 0x6c, 0x75, 0x65, 0x2f, 0x75, 0x6e, 0x69, 0x74, 0x06, 0x00, 0x00, 0x00, 0x61, 0x64, 0x76, 0x6d, 0x6f, 0x64, 0x00, 0x0a, 0x00, 0x00, 0x00, 0x76, 0x61, 0x6c, 0x75, 0x65, 0x2f, 0x75, 0x6e, 0x69, 0x74, 0x04, 0x00, 0x00, 0x00, 0x61, 0x6d, 0x6f, 0x64, 0x00, 0x0a, 0x00, 0x00, 0x00, 0x76, 0x61, 0x6c, 0x75, 0x65, 0x2f, 0x75, 0x6e, 0x69, 0x74, 0x05, 0x00, 0x00, 0x00, 0x61, 0x70, 0x70, 0x6f, 0x73, 0x00, 0x0a, 0x00, 0x00, 0x00, 0x76, 0x61, 0x6c, 0x75, 0x65, 0x2f, 0x75, 0x6e, 0x69, 0x74, 0x03, 0x00, 0x00, 0x00, 0x61, 0x75, 0x78, 0x00, 0x0a, 0x00, 0x00, 0x00, 0x76, 0x61, 0x6c, 0x75, 0x65, 0x2f, 0x75, 0x6e, 0x69, 0x74, 0x04, 0x00, 0x00, 0x00, 0x63, 0x61, 0x73, 0x65, 0x00, 0x0a, 0x00, 0x00, 0x00, 0x76, 0x61, 0x6c, 0x75, 0x65, 0x2f, 0x75, 0x6e, 0x69, 0x74, 0x02, 0x00, 0x00, 0x00, 0x63, 0x63, 0x00, 0x0a, 0x00, 0x00, 0x00, 0x76, 0x61, 0x6c, 0x75, 0x65, 0x2f, 0x75, 0x6e, 0x69, 0x74, 0x05, 0x00, 0x00, 0x00, 0x63, 0x63, 0x6f, 0x6d, 0x70, 0x00, 0x0a, 0x00, 0x00, 0x00, 0x76, 0x61, 0x6c, 0x75, 0x65, 0x2f, 0x75, 0x6e, 0x69, 0x74, 0x03, 0x00, 0x00, 0x00, 0x63, 0x6c, 0x66, 0x00, 0x0a, 0x00, 0x00, 0x00, 0x76, 0x61, 0x6c, 0x75, 0x65, 0x2f, 0x75, 0x6e, 0x69, 0x74, 0x08, 0x00, 0x00, 0x00, 0x63, 0x6f, 0x6d, 0x70, 0x6f, 0x75, 0x6e, 0x64, 0x00, 0x0a, 0x00, 0x00, 0x00, 0x76, 0x61, 0x6c, 0x75, 0x65, 0x2f, 0x75, 0x6e, 0x69, 0x74, 0x04, 0x00, 0x00, 0x00, 0x63, 0x6f, 0x6e, 0x6a, 0x00, 0x0a, 0x00, 0x00, 0x00, 0x76, 0x61, 0x6c, 0x75, 0x65, 0x2f, 0x75, 0x6e, 0x69, 0x74, 0x03, 0x00, 0x00, 0x00, 0x63, 0x6f, 0x70, 0x00, 0x0a, 0x00, 0x00, 0x00, 0x76, 0x61, 0x6c, 0x75, 0x65, 0x2f, 0x75, 0x6e, 0x69, 0x74, 0x05, 0x00, 0x00, 0x00, 0x63, 0x73, 0x75, 0x62, 0x6a, 0x00, 0x0a, 0x00, 0x00, 0x00, 0x76, 0x61, 0x6c, 0x75, 0x65, 0x2f, 0x75, 0x6e, 0x69, 0x74, 0x03, 0x00, 0x00, 0x00, 0x64, 0x65, 0x70, 0x00, 0x0a, 0x00, 0x00, 0x00, 0x76, 0x61, 0x6c, 0x75, 0x65, 0x2f, 0x75, 0x6e, 0x69, 0x74, 0x03, 0x00, 0x00, 0x00, 0x64, 0x65, 0x74, 0x00, 0x0a, 0x00, 0x00, 0x00, 0x76, 0x61, 0x6c, 0x75, 0x65, 0x2f, 0x75, 0x6e, 0x69, 0x74, 0x09, 0x00, 0x00, 0x00, 0x64, 0x69, 0x73, 0x63, 0x6f, 0x75, 0x72, 0x73, 0x65, 0x00, 0x0a, 0x00, 0x00, 0x00, 0x76, 0x61, 0x6c, 0x75, 0x65, 0x2f, 0x75, 0x6e, 0x69, 0x74, 0x0a, 0x00, 0x00, 0x00, 0x64, 0x69, 0x73, 0x6c, 0x6f, 0x63, 0x61, 0x74, 0x65, 0x64, 0x00, 0x0a, 0x00, 0x00, 0x00, 0x76, 0x61, 0x6c, 0x75, 0x65, 0x2f, 0x75, 0x6e, 0x69, 0x74, 0x04, 0x00, 0x00, 0x00, 0x65, 0x78, 0x70, 0x6c, 0x00, 0x0a, 0x00, 0x00, 0x00, 0x76, 0x61, 0x6c, 0x75, 0x65, 0x2f, 0x75, 0x6e, 0x69, 0x74, 0x05, 0x00, 0x00, 0x00, 0x66, 0x69, 0x78, 0x65, 0x64, 0x00, 0x0a, 0x00, 0x00, 0x00, 0x76, 0x61, 0x6c, 0x75, 0x65, 0x2f, 0x75, 0x6e, 0x69, 0x74, 0x04, 0x00, 0x00, 0x00, 0x66, 0x6c, 0x61, 0x74, 0x00, 0x0a, 0x00, 0x00, 0x00, 0x76, 0x61, 0x6c, 0x75, 0x65, 0x2f, 0x75, 0x6e, 0x69, 0x74, 0x08, 0x00, 0x00, 0x00, 0x67, 0x6f, 0x65, 0x73, 0x77, 0x69, 0x74, 0x68, 0x00, 0x0a, 0x00, 0x00, 0x00, 0x76, 0x61, 0x6c, 0x75, 0x65, 0x2f, 0x75, 0x6e, 0x69, 0x74, 0x04, 0x00, 0x00, 0x00, 0x69, 0x6f, 0x62, 0x6a, 0x00, 0x0a, 0x00, 0x00, 0x00, 0x76, 0x61, 0x6c, 0x75, 0x65, 0x2f, 0x75, 0x6e, 0x69, 0x74, 0x04, 0x00, 0x00, 0x00, 0x6c, 0x69, 0x73, 0x74, 0x00, 0x0a, 0x00, 0x00, 0x00, 0x76, 0x61, 0x6c, 0x75, 0x65, 0x2f, 0x75, 0x6e, 0x69, 0x74, 0x04, 0x00, 0x00, 0x00, 0x6d, 0x61, 0x72, 0x6b, 0x00, 0x0a, 0x00, 0x00, 0x00, 0x76, 0x61, 0x6c, 0x75, 0x65, 0x2f, 0x75, 0x6e, 0x69, 0x74, 0x04, 0x00, 0x00, 0x00, 0x6e, 0x6d, 0x6f, 0x64, 0x00, 0x0a, 0x00, 0x00, 0x00, 0x76, 0x61, 0x6c, 0x75, 0x65, 0x2f, 0x75, 0x6e, 0x69, 0x74, 0x05, 0x00, 0x00, 0x00, 0x6e, 0x73, 0x75, 0x62, 0x6a, 0x00, 0x0a, 0x00, 0x00, 0x00, 0x76, 0x61, 0x6c, 0x75, 0x65, 0x2f, 0x75, 0x6e, 0x69, 0x74, 0x06, 0x00, 0x00, 0x00, 0x6e, 0x75, 0x6d, 0x6d, 0x6f, 0x64, 0x00, 0x0a, 0x00, 0x00, 0x00, 0x76, 0x61, 0x6c, 0x75, 0x65, 0x2f, 0x75, 0x6e, 0x69, 0x74, 0x03, 0x00, 0x00, 0x00, 0x6f, 0x62, 0x6a, 0x00, 0x0a, 0x00, 0x00, 0x00, 0x76, 0x61, 0x6c, 0x75, 0x65, 0x2f, 0x75, 0x6e, 0x69, 0x74, 0x03, 0x00, 0x00, 0x00, 0x6f, 0x62, 0x6c, 0x00, 0x0a, 0x00, 0x00, 0x00, 0x76, 0x61, 0x6c, 0x75, 0x65, 0x2f, 0x75, 0x6e, 0x69, 0x74, 0x06, 0x00, 0x00, 0x00, 0x6f, 0x72, 0x70, 0x68, 0x61, 0x6e, 0x00, 0x0a, 0x00, 0x00, 0x00, 0x76, 0x61, 0x6c, 0x75, 0x65, 0x2f, 0x75, 0x6e, 0x69, 0x74, 0x09, 0x00, 0x00, 0x00, 0x70, 0x61, 0x72, 0x61, 0x74, 0x61, 0x78, 0x69, 0x73, 0x00, 0x0a, 0x00, 0x00, 0x00, 0x76, 0x61, 0x6c, 0x75, 0x65, 0x2f, 0x75, 0x6e, 0x69, 0x74, 0x05, 0x00, 0x00, 0x00, 0x70, 0x75, 0x6e, 0x63, 0x74, 0x00, 0x0a, 0x00, 0x00, 0x00, 0x76, 0x61, 0x6c, 0x75, 0x65, 0x2f, 0x75, 0x6e, 0x69, 0x74, 0x0a, 0x00, 0x00, 0x00, 0x72, 0x65, 0x70, 0x61, 0x72, 0x61, 0x6e, 0x64, 0x75, 0x6d, 0x00, 0x0a, 0x00, 0x00, 0x00, 0x76, 0x61, 0x6c, 0x75, 0x65, 0x2f, 0x75, 0x6e, 0x69, 0x74, 0x04, 0x00, 0x00, 0x00, 0x72, 0x6f, 0x6f, 0x74, 0x00, 0x0a, 0x00, 0x00, 0x00, 0x76, 0x61, 0x6c, 0x75, 0x65, 0x2f, 0x75, 0x6e, 0x69, 0x74, 0x08, 0x00, 0x00, 0x00, 0x76, 0x6f, 0x63, 0x61, 0x74, 0x69, 0x76, 0x65, 0x00, 0x0a, 0x00, 0x00, 0x00, 0x76, 0x61, 0x6c, 0x75, 0x65, 0x2f, 0x75, 0x6e, 0x69, 0x74, 0x05, 0x00, 0x00, 0x00, 0x78, 0x63, 0x6f, 0x6d, 0x70, 0x00, 0x0a, 0x00, 0x00, 0x00, 0x76, 0x61, 0x6c, 0x75, 0x65, 0x2f, 0x75, 0x6e, 0x69, 0x74, 0x07, 0x00, 0x00, 0x00, 0x73, 0x75, 0x62, 0x74, 0x79, 0x70, 0x65, 0x05, 0x5b, 0x00, 0x00, 0x00, 0x74, 0x79, 0x70, 0x65, 0x2f, 0x4c, 0x61, 0x6e, 0x67, 0x75, 0x61, 0x67, 0x65, 0x50, 0x61, 0x72, 0x73, 0x65, 0x72, 0x53, 0x75, 0x62, 0x74, 0x79, 0x70, 0x65, 0x40, 0x33, 0x61, 0x35, 0x39, 0x61, 0x64, 0x35, 0x34, 0x63, 0x38, 0x65, 0x31, 0x39, 0x30, 0x30, 0x31, 0x35, 0x37, 0x35, 0x31, 0x34, 0x32, 0x65, 0x32, 0x31, 0x34, 0x35, 0x65, 0x39, 0x61, 0x62, 0x61, 0x32, 0x35, 0x36, 0x37, 0x32, 0x38, 0x63, 0x34, 0x39, 0x66, 0x33, 0x35, 0x36, 0x34, 0x34, 0x66, 0x31, 0x61, 0x39, 0x33, 0x38, 0x30, 0x37, 0x35, 0x62, 0x61, 0x39, 0x31, 0x63, 0x36, 0x34, 0x35, 0x00, 0x0a, 0x00, 0x00, 0x00, 0x76, 0x61, 0x6c, 0x75, 0x65, 0x2f, 0x74, 0x65, 0x78, 0x74, 0x09, 0x00, 0x00, 0x00, 0x72, 0x65, 0x6c, 0x61, 0x74, 0x69, 0x6f, 0x6e, 0x34, 0x02, 0x5c, 0x00, 0x00, 0x00, 0x74, 0x79, 0x70, 0x65, 0x2f, 0x4c, 0x61, 0x6e, 0x67, 0x75, 0x61, 0x67, 0x65, 0x50, 0x61, 0x72, 0x73, 0x65, 0x72, 0x52, 0x65, 0x6c, 0x61, 0x74, 0x69, 0x6f, 0x6e, 0x40, 0x63, 0x39, 0x64, 0x36, 0x34, 0x63, 0x35, 0x36, 0x64, 0x62, 0x32, 0x61, 0x61, 0x34, 0x30, 0x65, 0x35, 0x66, 0x66, 0x35, 0x36, 0x62, 0x63, 0x61, 0x64, 0x65, 0x33, 0x30, 0x66, 0x38, 0x38, 0x34, 0x37, 0x35, 0x33, 0x62, 0x65, 0x32, 0x33, 0x33, 0x36, 0x34, 0x65, 0x32, 0x34, 0x31, 0x33, 0x38, 0x64, 0x33, 0x65, 0x36, 0x36, 0x66, 0x62, 0x35, 0x66, 0x61, 0x32, 0x34, 0x38, 0x35, 0x66, 0x36, 0x02, 0x00, 0x00, 0x00, 0x04, 0x00, 0x00, 0x00, 0x62, 0x61, 0x73, 0x65, 0x03, 0x69, 0x00, 0x00, 0x00, 0x74, 0x79, 0x70, 0x65, 0x2f, 0x4c, 0x61, 0x6e, 0x67, 0x75, 0x61, 0x67, 0x65, 0x55, 0x6e, 0x69, 0x76, 0x65, 0x72, 0x73, 0x61, 0x6c, 0x44, 0x65, 0x70, 0x65, 0x6e, 0x64, 0x65, 0x6e, 0x63, 0x79, 0x52, 0x65, 0x6c, 0x61, 0x74, 0x69, 0x6f, 0x6e, 0x40, 0x37, 0x63, 0x65, 0x32, 0x37, 0x33, 0x30, 0x32, 0x64, 0x35, 0x62, 0x38, 0x32, 0x35, 0x32, 0x37, 0x37, 0x62, 0x62, 0x64, 0x37, 0x35, 0x34, 0x64, 0x30, 0x62, 0x63, 0x65, 0x38, 0x62, 0x62, 0x63, 0x39, 0x65, 0x37, 0x31, 0x66, 0x35, 0x64, 0x36, 0x34, 0x62, 0x63, 0x34, 0x66, 0x30, 0x61, 0x66, 0x31, 0x38, 0x34, 0x66, 0x63, 0x38, 0x36, 0x32, 0x64, 0x62, 0x64, 0x38, 0x63, 0x66, 0x32, 0x65, 0x25, 0x00, 0x00, 0x00, 0x03, 0x00, 0x00, 0x00, 0x61, 0x63, 0x6c, 0x00, 0x0a, 0x00, 0x00, 0x00, 0x76, 0x61, 0x6c, 0x75, 0x65, 0x2f, 0x75, 0x6e, 0x69, 0x74, 0x05, 0x00, 0x00, 0x00, 0x61, 0x64, 0x76, 0x63, 0x6c, 0x00, 0x0a, 0x00, 0x00, 0x00, 0x76, 0x61, 0x6c, 0x75, 0x65, 0x2f, 0x75, 0x6e, 0x69, 0x74, 0x06, 0x00, 0x00, 0x00, 0x61, 0x64, 0x76, 0x6d, 0x6f, 0x64, 0x00, 0x0a, 0x00, 0x00, 0x00, 0x76, 0x61, 0x6c, 0x75, 0x65, 0x2f, 0x75, 0x6e, 0x69, 0x74, 0x04, 0x00, 0x00, 0x00, 0x61, 0x6d, 0x6f, 0x64, 0x00, 0x0a, 0x00, 0x00, 0x00, 0x76, 0x61, 0x6c, 0x75, 0x65, 0x2f, 0x75, 0x6e, 0x69, 0x74, 0x05, 0x00, 0x00, 0x00, 0x61, 0x70, 0x70, 0x6f, 0x73, 0x00, 0x0a, 0x00, 0x00, 0x00, 0x76, 0x61, 0x6c, 0x75, 0x65, 0x2f, 0x75, 0x6e, 0x69, 0x74, 0x03, 0x00, 0x00, 0x00, 0x61, 0x75, 0x78, 0x00, 0x0a, 0x00, 0x00, 0x00, 0x76, 0x61, 0x6c, 0x75, 0x65, 0x2f, 0x75, 0x6e, 0x69, 0x74, 0x04, 0x00, 0x00, 0x00, 0x63, 0x61, 0x73, 0x65, 0x00, 0x0a, 0x00, 0x00, 0x00, 0x76, 0x61, 0x6c, 0x75, 0x65, 0x2f, 0x75, 0x6e, 0x69, 0x74, 0x02, 0x00, 0x00, 0x00, 0x63, 0x63, 0x00, 0x0a, 0x00, 0x00, 0x00, 0x76, 0x61, 0x6c, 0x75, 0x65, 0x2f, 0x75, 0x6e, 0x69, 0x74, 0x05, 0x00, 0x00, 0x00, 0x63, 0x63, 0x6f, 0x6d, 0x70, 0x00, 0x0a, 0x00, 0x00, 0x00, 0x76, 0x61, 0x6c, 0x75, 0x65, 0x2f, 0x75, 0x6e, 0x69, 0x74, 0x03, 0x00, 0x00, 0x00, 0x63, 0x6c, 0x66, 0x00, 0x0a, 0x00, 0x00, 0x00, 0x76, 0x61, 0x6c, 0x75, 0x65, 0x2f, 0x75, 0x6e, 0x69, 0x74, 0x08, 0x00, 0x00, 0x00, 0x63, 0x6f, 0x6d, 0x70, 0x6f, 0x75, 0x6e, 0x64, 0x00, 0x0a, 0x00, 0x00, 0x00, 0x76, 0x61, 0x6c, 0x75, 0x65, 0x2f, 0x75, 0x6e, 0x69, 0x74, 0x04, 0x00, 0x00, 0x00, 0x63, 0x6f, 0x6e, 0x6a, 0x00, 0x0a, 0x00, 0x00, 0x00, 0x76, 0x61, 0x6c, 0x75, 0x65, 0x2f, 0x75, 0x6e, 0x69, 0x74, 0x03, 0x00, 0x00, 0x00, 0x63, 0x6f, 0x70, 0x00, 0x0a, 0x00, 0x00, 0x00, 0x76, 0x61, 0x6c, 0x75, 0x65, 0x2f, 0x75, 0x6e, 0x69, 0x74, 0x05, 0x00, 0x00, 0x00, 0x63, 0x73, 0x75, 0x62, 0x6a, 0x00, 0x0a, 0x00, 0x00, 0x00, 0x76, 0x61, 0x6c, 0x75, 0x65, 0x2f, 0x75, 0x6e, 0x69, 0x74, 0x03, 0x00, 0x00, 0x00, 0x64, 0x65, 0x70, 0x00, 0x0a, 0x00, 0x00, 0x00, 0x76, 0x61, 0x6c, 0x75, 0x65, 0x2f, 0x75, 0x6e, 0x69, 0x74, 0x03, 0x00, 0x00, 0x00, 0x64, 0x65, 0x74, 0x00, 0x0a, 0x00, 0x00, 0x00, 0x76, 0x61, 0x6c, 0x75, 0x65, 0x2f, 0x75, 0x6e, 0x69, 0x74, 0x09, 0x00, 0x00, 0x00, 0x64, 0x69, 0x73, 0x63, 0x6f, 0x75, 0x72, 0x73, 0x65, 0x00, 0x0a, 0x00, 0x00, 0x00, 0x76, 0x61, 0x6c, 0x75, 0x65, 0x2f, 0x75, 0x6e, 0x69, 0x74, 0x0a, 0x00, 0x00, 0x00, 0x64, 0x69, 0x73, 0x6c, 0x6f, 0x63, 0x61, 0x74, 0x65, 0x64, 0x00, 0x0a, 0x00, 0x00, 0x00, 0x76, 0x61, 0x6c, 0x75, 0x65, 0x2f, 0x75, 0x6e, 0x69, 0x74, 0x04, 0x00, 0x00, 0x00, 0x65, 0x78, 0x70, 0x6c, 0x00, 0x0a, 0x00, 0x00, 0x00, 0x76, 0x61, 0x6c, 0x75, 0x65, 0x2f, 0x75, 0x6e, 0x69, 0x74, 0x05, 0x00, 0x00, 0x00, 0x66, 0x69, 0x78, 0x65, 0x64, 0x00, 0x0a, 0x00, 0x00, 0x00, 0x76, 0x61, 0x6c, 0x75, 0x65, 0x2f, 0x75, 0x6e, 0x69, 0x74, 0x04, 0x00, 0x00, 0x00, 0x66, 0x6c, 0x61, 0x74, 0x00, 0x0a, 0x00, 0x00, 0x00, 0x76, 0x61, 0x6c, 0x75, 0x65, 0x2f, 0x75, 0x6e, 0x69, 0x74, 0x08, 0x00, 0x00, 0x00, 0x67, 0x6f, 0x65, 0x73, 0x77, 0x69, 0x74, 0x68, 0x00, 0x0a, 0x00, 0x00, 0x00, 0x76, 0x61, 0x6c, 0x75, 0x65, 0x2f, 0x75, 0x6e, 0x69, 0x74, 0x04, 0x00, 0x00, 0x00, 0x69, 0x6f, 0x62, 0x6a, 0x00, 0x0a, 0x00, 0x00, 0x00, 0x76, 0x61, 0x6c, 0x75, 0x65, 0x2f, 0x75, 0x6e, 0x69, 0x74, 0x04, 0x00, 0x00, 0x00, 0x6c, 0x69, 0x73, 0x74, 0x00, 0x0a, 0x00, 0x00, 0x00, 0x76, 0x61, 0x6c, 0x75, 0x65, 0x2f, 0x75, 0x6e, 0x69, 0x74, 0x04, 0x00, 0x00, 0x00, 0x6d, 0x61, 0x72, 0x6b, 0x00, 0x0a, 0x00, 0x00, 0x00, 0x76, 0x61, 0x6c, 0x75, 0x65, 0x2f, 0x75, 0x6e, 0x69, 0x74, 0x04, 0x00, 0x00, 0x00, 0x6e, 0x6d, 0x6f, 0x64, 0x00, 0x0a, 0x00, 0x00, 0x00, 0x76, 0x61, 0x6c, 0x75, 0x65, 0x2f, 0x75, 0x6e, 0x69, 0x74, 0x05, 0x00, 0x00, 0x00, 0x6e, 0x73, 0x75, 0x62, 0x6a, 0x00, 0x0a, 0x00, 0x00, 0x00, 0x76, 0x61, 0x6c, 0x75, 0x65, 0x2f, 0x75, 0x6e, 0x69, 0x74, 0x06, 0x00, 0x00, 0x00, 0x6e, 0x75, 0x6d, 0x6d, 0x6f, 0x64, 0x00, 0x0a, 0x00, 0x00, 0x00, 0x76, 0x61, 0x6c, 0x75, 0x65, 0x2f, 0x75, 0x6e, 0x69, 0x74, 0x03, 0x00, 0x00, 0x00, 0x6f, 0x62, 0x6a, 0x00, 0x0a, 0x00, 0x00, 0x00, 0x76, 0x61, 0x6c, 0x75, 0x65, 0x2f, 0x75, 0x6e, 0x69, 0x74, 0x03, 0x00, 0x00, 0x00, 0x6f, 0x62, 0x6c, 0x00, 0x0a, 0x00, 0x00, 0x00, 0x76, 0x61, 0x6c, 0x75, 0x65, 0x2f, 0x75, 0x6e, 0x69, 0x74, 0x06, 0x00, 0x00, 0x00, 0x6f, 0x72, 0x70, 0x68, 0x61, 0x6e, 0x00, 0x0a, 0x00, 0x00, 0x00, 0x76, 0x61, 0x6c, 0x75, 0x65, 0x2f, 0x75, 0x6e, 0x69, 0x74, 0x09, 0x00, 0x00, 0x00, 0x70, 0x61, 0x72, 0x61, 0x74, 0x61, 0x78, 0x69, 0x73, 0x00, 0x0a, 0x00, 0x00, 0x00, 0x76, 0x61, 0x6c, 0x75, 0x65, 0x2f, 0x75, 0x6e, 0x69, 0x74, 0x05, 0x00, 0x00, 0x00, 0x70, 0x75, 0x6e, 0x63, 0x74, 0x00, 0x0a, 0x00, 0x00, 0x00, 0x76, 0x61, 0x6c, 0x75, 0x65, 0x2f, 0x75, 0x6e, 0x69, 0x74, 0x0a, 0x00, 0x00, 0x00, 0x72, 0x65, 0x70, 0x61, 0x72, 0x61, 0x6e, 0x64, 0x75, 0x6d, 0x00, 0x0a, 0x00, 0x00, 0x00, 0x76, 0x61, 0x6c, 0x75, 0x65, 0x2f, 0x75, 0x6e, 0x69, 0x74, 0x04, 0x00, 0x00, 0x00, 0x72, 0x6f, 0x6f, 0x74, 0x00, 0x0a, 0x00, 0x00, 0x00, 0x76, 0x61, 0x6c, 0x75, 0x65, 0x2f, 0x75, 0x6e, 0x69, 0x74, 0x08, 0x00, 0x00, 0x00, 0x76, 0x6f, 0x63, 0x61, 0x74, 0x69, 0x76, 0x65, 0x00, 0x0a, 0x00, 0x00, 0x00, 0x76, 0x61, 0x6c, 0x75, 0x65, 0x2f, 0x75, 0x6e, 0x69, 0x74, 0x05, 0x00, 0x00, 0x00, 0x78, 0x63, 0x6f, 0x6d, 0x70, 0x00, 0x0a, 0x00, 0x00, 0x00, 0x76, 0x61, 0x6c, 0x75, 0x65, 0x2f, 0x75, 0x6e, 0x69, 0x74, 0x07, 0x00, 0x00, 0x00, 0x73, 0x75, 0x62, 0x74, 0x79, 0x70, 0x65, 0x05, 0x5b, 0x00, 0x00, 0x00, 0x74, 0x79, 0x70, 0x65, 0x2f, 0x4c, 0x61, 0x6e, 0x67, 0x75, 0x61, 0x67, 0x65, 0x50, 0x61, 0x72, 0x73, 0x65, 0x72, 0x53, 0x75, 0x62, 0x74, 0x79, 0x70, 0x65, 0x40, 0x33, 0x61, 0x35, 0x39, 0x61, 0x64, 0x35, 0x34, 0x63, 0x38, 0x65, 0x31, 0x39, 0x30, 0x30, 0x31, 0x35, 0x37, 0x35, 0x31, 0x34, 0x32, 0x65, 0x32, 0x31, 0x34, 0x35, 0x65, 0x39, 0x61, 0x62, 0x61, 0x32, 0x35, 0x36, 0x37, 0x32, 0x38, 0x63, 0x34, 0x39, 0x66, 0x33, 0x35, 0x36, 0x34, 0x34, 0x66, 0x31, 0x61, 0x39, 0x33, 0x38, 0x30, 0x37, 0x35, 0x62, 0x61, 0x39, 0x31, 0x63, 0x36, 0x34, 0x35, 0x00, 0x0a, 0x00, 0x00, 0x00, 0x76, 0x61, 0x6c, 0x75, 0x65, 0x2f, 0x74, 0x65, 0x78, 0x74, 0x09, 0x00, 0x00, 0x00, 0x72, 0x65, 0x6c, 0x61, 0x74, 0x69, 0x6f, 0x6e, 0x35, 0x02, 0x5c, 0x00, 0x00, 0x00, 0x74, 0x79, 0x70, 0x65, 0x2f, 0x4c, 0x61, 0x6e, 0x67, 0x75, 0x61, 0x67, 0x65, 0x50, 0x61, 0x72, 0x73, 0x65, 0x72, 0x52, 0x65, 0x6c, 0x61, 0x74, 0x69, 0x6f, 0x6e, 0x40, 0x63, 0x39, 0x64, 0x36, 0x34, 0x63, 0x35, 0x36, 0x64, 0x62, 0x32, 0x61, 0x61, 0x34, 0x30, 0x65, 0x35, 0x66, 0x66, 0x35, 0x36, 0x62, 0x63, 0x61, 0x64, 0x65, 0x33, 0x30, 0x66, 0x38, 0x38, 0x34, 0x37, 0x35, 0x33, 0x62, 0x65, 0x32, 0x33, 0x33, 0x36, 0x34, 0x65, 0x32, 0x34, 0x31, 0x33, 0x38, 0x64, 0x33, 0x65, 0x36, 0x36, 0x66, 0x62, 0x35, 0x66, 0x61, 0x32, 0x34, 0x38, 0x35, 0x66, 0x36, 0x02, 0x00, 0x00, 0x00, 0x04, 0x00, 0x00, 0x00, 0x62, 0x61, 0x73, 0x65, 0x03, 0x69, 0x00, 0x00, 0x00, 0x74, 0x79, 0x70, 0x65, 0x2f, 0x4c, 0x61, 0x6e, 0x67, 0x75, 0x61, 0x67, 0x65, 0x55, 0x6e, 0x69, 0x76, 0x65, 0x72, 0x73, 0x61, 0x6c, 0x44, 0x65, 0x70, 0x65, 0x6e, 0x64, 0x65, 0x6e, 0x63, 0x79, 0x52, 0x65, 0x6c, 0x61, 0x74, 0x69, 0x6f, 0x6e, 0x40, 0x37, 0x63, 0x65, 0x32, 0x37, 0x33, 0x30, 0x32, 0x64, 0x35, 0x62, 0x38, 0x32, 0x35, 0x32, 0x37, 0x37, 0x62, 0x62, 0x64, 0x37, 0x35, 0x34, 0x64, 0x30, 0x62, 0x63, 0x65, 0x38, 0x62, 0x62, 0x63, 0x39, 0x65, 0x37, 0x31, 0x66, 0x35, 0x64, 0x36, 0x34, 0x62, 0x63, 0x34, 0x66, 0x30, 0x61, 0x66, 0x31, 0x38, 0x34, 0x66, 0x63, 0x38, 0x36, 0x32, 0x64, 0x62, 0x64, 0x38, 0x63, 0x66, 0x32, 0x65, 0x25, 0x00, 0x00, 0x00, 0x03, 0x00, 0x00, 0x00, 0x61, 0x63, 0x6c, 0x00, 0x0a, 0x00, 0x00, 0x00, 0x76, 0x61, 0x6c, 0x75, 0x65, 0x2f, 0x75, 0x6e, 0x69, 0x74, 0x05, 0x00, 0x00, 0x00, 0x61, 0x64, 0x76, 0x63, 0x6c, 0x00, 0x0a, 0x00, 0x00, 0x00, 0x76, 0x61, 0x6c, 0x75, 0x65, 0x2f, 0x75, 0x6e, 0x69, 0x74, 0x06, 0x00, 0x00, 0x00, 0x61, 0x64, 0x76, 0x6d, 0x6f, 0x64, 0x00, 0x0a, 0x00, 0x00, 0x00, 0x76, 0x61, 0x6c, 0x75, 0x65, 0x2f, 0x75, 0x6e, 0x69, 0x74, 0x04, 0x00, 0x00, 0x00, 0x61, 0x6d, 0x6f, 0x64, 0x00, 0x0a, 0x00, 0x00, 0x00, 0x76, 0x61, 0x6c, 0x75, 0x65, 0x2f, 0x75, 0x6e, 0x69, 0x74, 0x05, 0x00, 0x00, 0x00, 0x61, 0x70, 0x70, 0x6f, 0x73, 0x00, 0x0a, 0x00, 0x00, 0x00, 0x76, 0x61, 0x6c, 0x75, 0x65, 0x2f, 0x75, 0x6e, 0x69, 0x74, 0x03, 0x00, 0x00, 0x00, 0x61, 0x75, 0x78, 0x00, 0x0a, 0x00, 0x00, 0x00, 0x76, 0x61, 0x6c, 0x75, 0x65, 0x2f, 0x75, 0x6e, 0x69, 0x74, 0x04, 0x00, 0x00, 0x00, 0x63, 0x61, 0x73, 0x65, 0x00, 0x0a, 0x00, 0x00, 0x00, 0x76, 0x61, 0x6c, 0x75, 0x65, 0x2f, 0x75, 0x6e, 0x69, 0x74, 0x02, 0x00, 0x00, 0x00, 0x63, 0x63, 0x00, 0x0a, 0x00, 0x00, 0x00, 0x76, 0x61, 0x6c, 0x75, 0x65, 0x2f, 0x75, 0x6e, 0x69, 0x74, 0x05, 0x00, 0x00, 0x00, 0x63, 0x63, 0x6f, 0x6d, 0x70, 0x00, 0x0a, 0x00, 0x00, 0x00, 0x76, 0x61, 0x6c, 0x75, 0x65, 0x2f, 0x75, 0x6e, 0x69, 0x74, 0x03, 0x00, 0x00, 0x00, 0x63, 0x6c, 0x66, 0x00, 0x0a, 0x00, 0x00, 0x00, 0x76, 0x61, 0x6c, 0x75, 0x65, 0x2f, 0x75, 0x6e, 0x69, 0x74, 0x08, 0x00, 0x00, 0x00, 0x63, 0x6f, 0x6d, 0x70, 0x6f, 0x75, 0x6e, 0x64, 0x00, 0x0a, 0x00, 0x00, 0x00, 0x76, 0x61, 0x6c, 0x75, 0x65, 0x2f, 0x75, 0x6e, 0x69, 0x74, 0x04, 0x00, 0x00, 0x00, 0x63, 0x6f, 0x6e, 0x6a, 0x00, 0x0a, 0x00, 0x00, 0x00, 0x76, 0x61, 0x6c, 0x75, 0x65, 0x2f, 0x75, 0x6e, 0x69, 0x74, 0x03, 0x00, 0x00, 0x00, 0x63, 0x6f, 0x70, 0x00, 0x0a, 0x00, 0x00, 0x00, 0x76, 0x61, 0x6c, 0x75, 0x65, 0x2f, 0x75, 0x6e, 0x69, 0x74, 0x05, 0x00, 0x00, 0x00, 0x63, 0x73, 0x75, 0x62, 0x6a, 0x00, 0x0a, 0x00, 0x00, 0x00, 0x76, 0x61, 0x6c, 0x75, 0x65, 0x2f, 0x75, 0x6e, 0x69, 0x74, 0x03, 0x00, 0x00, 0x00, 0x64, 0x65, 0x70, 0x00, 0x0a, 0x00, 0x00, 0x00, 0x76, 0x61, 0x6c, 0x75, 0x65, 0x2f, 0x75, 0x6e, 0x69, 0x74, 0x03, 0x00, 0x00, 0x00, 0x64, 0x65, 0x74, 0x00, 0x0a, 0x00, 0x00, 0x00, 0x76, 0x61, 0x6c, 0x75, 0x65, 0x2f, 0x75, 0x6e, 0x69, 0x74, 0x09, 0x00, 0x00, 0x00, 0x64, 0x69, 0x73, 0x63, 0x6f, 0x75, 0x72, 0x73, 0x65, 0x00, 0x0a, 0x00, 0x00, 0x00, 0x76, 0x61, 0x6c, 0x75, 0x65, 0x2f, 0x75, 0x6e, 0x69, 0x74, 0x0a, 0x00, 0x00, 0x00, 0x64, 0x69, 0x73, 0x6c, 0x6f, 0x63, 0x61, 0x74, 0x65, 0x64, 0x00, 0x0a, 0x00, 0x00, 0x00, 0x76, 0x61, 0x6c, 0x75, 0x65, 0x2f, 0x75, 0x6e, 0x69, 0x74, 0x04, 0x00, 0x00, 0x00, 0x65, 0x78, 0x70, 0x6c, 0x00, 0x0a, 0x00, 0x00, 0x00, 0x76, 0x61, 0x6c, 0x75, 0x65, 0x2f, 0x75, 0x6e, 0x69, 0x74, 0x05, 0x00, 0x00, 0x00, 0x66, 0x69, 0x78, 0x65, 0x64, 0x00, 0x0a, 0x00, 0x00, 0x00, 0x76, 0x61, 0x6c, 0x75, 0x65, 0x2f, 0x75, 0x6e, 0x69, 0x74, 0x04, 0x00, 0x00, 0x00, 0x66, 0x6c, 0x61, 0x74, 0x00, 0x0a, 0x00, 0x00, 0x00, 0x76, 0x61, 0x6c, 0x75, 0x65, 0x2f, 0x75, 0x6e, 0x69, 0x74, 0x08, 0x00, 0x00, 0x00, 0x67, 0x6f, 0x65, 0x73, 0x77, 0x69, 0x74, 0x68, 0x00, 0x0a, 0x00, 0x00, 0x00, 0x76, 0x61, 0x6c, 0x75, 0x65, 0x2f, 0x75, 0x6e, 0x69, 0x74, 0x04, 0x00, 0x00, 0x00, 0x69, 0x6f, 0x62, 0x6a, 0x00, 0x0a, 0x00, 0x00, 0x00, 0x76, 0x61, 0x6c, 0x75, 0x65, 0x2f, 0x75, 0x6e, 0x69, 0x74, 0x04, 0x00, 0x00, 0x00, 0x6c, 0x69, 0x73, 0x74, 0x00, 0x0a, 0x00, 0x00, 0x00, 0x76, 0x61, 0x6c, 0x75, 0x65, 0x2f, 0x75, 0x6e, 0x69, 0x74, 0x04, 0x00, 0x00, 0x00, 0x6d, 0x61, 0x72, 0x6b, 0x00, 0x0a, 0x00, 0x00, 0x00, 0x76, 0x61, 0x6c, 0x75, 0x65, 0x2f, 0x75, 0x6e, 0x69, 0x74, 0x04, 0x00, 0x00, 0x00, 0x6e, 0x6d, 0x6f, 0x64, 0x00, 0x0a, 0x00, 0x00, 0x00, 0x76, 0x61, 0x6c, 0x75, 0x65, 0x2f, 0x75, 0x6e, 0x69, 0x74, 0x05, 0x00, 0x00, 0x00, 0x6e, 0x73, 0x75, 0x62, 0x6a, 0x00, 0x0a, 0x00, 0x00, 0x00, 0x76, 0x61, 0x6c, 0x75, 0x65, 0x2f, 0x75, 0x6e, 0x69, 0x74, 0x06, 0x00, 0x00, 0x00, 0x6e, 0x75, 0x6d, 0x6d, 0x6f, 0x64, 0x00, 0x0a, 0x00, 0x00, 0x00, 0x76, 0x61, 0x6c, 0x75, 0x65, 0x2f, 0x75, 0x6e, 0x69, 0x74, 0x03, 0x00, 0x00, 0x00, 0x6f, 0x62, 0x6a, 0x00, 0x0a, 0x00, 0x00, 0x00, 0x76, 0x61, 0x6c, 0x75, 0x65, 0x2f, 0x75, 0x6e, 0x69, 0x74, 0x03, 0x00, 0x00, 0x00, 0x6f, 0x62, 0x6c, 0x00, 0x0a, 0x00, 0x00, 0x00, 0x76, 0x61, 0x6c, 0x75, 0x65, 0x2f, 0x75, 0x6e, 0x69, 0x74, 0x06, 0x00, 0x00, 0x00, 0x6f, 0x72, 0x70, 0x68, 0x61, 0x6e, 0x00, 0x0a, 0x00, 0x00, 0x00, 0x76, 0x61, 0x6c, 0x75, 0x65, 0x2f, 0x75, 0x6e, 0x69, 0x74, 0x09, 0x00, 0x00, 0x00, 0x70, 0x61, 0x72, 0x61, 0x74, 0x61, 0x78, 0x69, 0x73, 0x00, 0x0a, 0x00, 0x00, 0x00, 0x76, 0x61, 0x6c, 0x75, 0x65, 0x2f, 0x75, 0x6e, 0x69, 0x74, 0x05, 0x00, 0x00, 0x00, 0x70, 0x75, 0x6e, 0x63, 0x74, 0x00, 0x0a, 0x00, 0x00, 0x00, 0x76, 0x61, 0x6c, 0x75, 0x65, 0x2f, 0x75, 0x6e, 0x69, 0x74, 0x0a, 0x00, 0x00, 0x00, 0x72, 0x65, 0x70, 0x61, 0x72, 0x61, 0x6e, 0x64, 0x75, 0x6d, 0x00, 0x0a, 0x00, 0x00, 0x00, 0x76, 0x61, 0x6c, 0x75, 0x65, 0x2f, 0x75, 0x6e, 0x69, 0x74, 0x04, 0x00, 0x00, 0x00, 0x72, 0x6f, 0x6f, 0x74, 0x00, 0x0a, 0x00, 0x00, 0x00, 0x76, 0x61, 0x6c, 0x75, 0x65, 0x2f, 0x75, 0x6e, 0x69, 0x74, 0x08, 0x00, 0x00, 0x00, 0x76, 0x6f, 0x63, 0x61, 0x74, 0x69, 0x76, 0x65, 0x00, 0x0a, 0x00, 0x00, 0x00, 0x76, 0x61, 0x6c, 0x75, 0x65, 0x2f, 0x75, 0x6e, 0x69, 0x74, 0x05, 0x00, 0x00, 0x00, 0x78, 0x63, 0x6f, 0x6d, 0x70, 0x00, 0x0a, 0x00, 0x00, 0x00, 0x76, 0x61, 0x6c, 0x75, 0x65, 0x2f, 0x75, 0x6e, 0x69, 0x74, 0x07, 0x00, 0x00, 0x00, 0x73, 0x75, 0x62, 0x74, 0x79, 0x70, 0x65, 0x05, 0x5b, 0x00, 0x00, 0x00, 0x74, 0x79, 0x70, 0x65, 0x2f, 0x4c, 0x61, 0x6e, 0x67, 0x75, 0x61, 0x67, 0x65, 0x50, 0x61, 0x72, 0x73, 0x65, 0x72, 0x53, 0x75, 0x62, 0x74, 0x79, 0x70, 0x65, 0x40, 0x33, 0x61, 0x35, 0x39, 0x61, 0x64, 0x35, 0x34, 0x63, 0x38, 0x65, 0x31, 0x39, 0x30, 0x30, 0x31, 0x35, 0x37, 0x35, 0x31, 0x34, 0x32, 0x65, 0x32, 0x31, 0x34, 0x35, 0x65, 0x39, 0x61, 0x62, 0x61, 0x32, 0x35, 0x36, 0x37, 0x32, 0x38, 0x63, 0x34, 0x39, 0x66, 0x33, 0x35, 0x36, 0x34, 0x34, 0x66, 0x31, 0x61, 0x39, 0x33, 0x38, 0x30, 0x37, 0x35, 0x62, 0x61, 0x39, 0x31, 0x63, 0x36, 0x34, 0x35, 0x00, 0x0a, 0x00, 0x00, 0x00, 0x76, 0x61, 0x6c, 0x75, 0x65, 0x2f, 0x74, 0x65, 0x78, 0x74, 0x09, 0x00, 0x00, 0x00, 0x72, 0x65, 0x6c, 0x61, 0x74, 0x69, 0x6f, 0x6e, 0x36, 0x02, 0x5c, 0x00, 0x00, 0x00, 0x74, 0x79, 0x70, 0x65, 0x2f, 0x4c, 0x61, 0x6e, 0x67, 0x75, 0x61, 0x67, 0x65, 0x50, 0x61, 0x72, 0x73, 0x65, 0x72, 0x52, 0x65, 0x6c, 0x61, 0x74, 0x69, 0x6f, 0x6e, 0x40, 0x63, 0x39, 0x64, 0x36, 0x34, 0x63, 0x35, 0x36, 0x64, 0x62, 0x32, 0x61, 0x61, 0x34, 0x30, 0x65, 0x35, 0x66, 0x66, 0x35, 0x36, 0x62, 0x63, 0x61, 0x64, 0x65, 0x33, 0x30, 0x66, 0x38, 0x38, 0x34, 0x37, 0x35, 0x33, 0x62, 0x65, 0x32, 0x33, 0x33, 0x36, 0x34, 0x65, 0x32, 0x34, 0x31, 0x33, 0x38, 0x64, 0x33, 0x65, 0x36, 0x36, 0x66, 0x62, 0x35, 0x66, 0x61, 0x32, 0x34, 0x38, 0x35, 0x66, 0x36, 0x02, 0x00, 0x00, 0x00, 0x04, 0x00, 0x00, 0x00, 0x62, 0x61, 0x73, 0x65, 0x03, 0x69, 0x00, 0x00, 0x00, 0x74, 0x79, 0x70, 0x65, 0x2f, 0x4c, 0x61, 0x6e, 0x67, 0x75, 0x61, 0x67, 0x65, 0x55, 0x6e, 0x69, 0x76, 0x65, 0x72, 0x73, 0x61, 0x6c, 0x44, 0x65, 0x70, 0x65, 0x6e, 0x64, 0x65, 0x6e, 0x63, 0x79, 0x52, 0x65, 0x6c, 0x61, 0x74, 0x69, 0x6f, 0x6e, 0x40, 0x37, 0x63, 0x65, 0x32, 0x37, 0x33, 0x30, 0x32, 0x64, 0x35, 0x62, 0x38, 0x32, 0x35, 0x32, 0x37, 0x37, 0x62, 0x62, 0x64, 0x37, 0x35, 0x34, 0x64, 0x30, 0x62, 0x63, 0x65, 0x38, 0x62, 0x62, 0x63, 0x39, 0x65, 0x37, 0x31, 0x66, 0x35, 0x64, 0x36, 0x34, 0x62, 0x63, 0x34, 0x66, 0x30, 0x61, 0x66, 0x31, 0x38, 0x34, 0x66, 0x63, 0x38, 0x36, 0x32, 0x64, 0x62, 0x64, 0x38, 0x63, 0x66, 0x32, 0x65, 0x25, 0x00, 0x00, 0x00, 0x03, 0x00, 0x00, 0x00, 0x61, 0x63, 0x6c, 0x00, 0x0a, 0x00, 0x00, 0x00, 0x76, 0x61, 0x6c, 0x75, 0x65, 0x2f, 0x75, 0x6e, 0x69, 0x74, 0x05, 0x00, 0x00, 0x00, 0x61, 0x64, 0x76, 0x63, 0x6c, 0x00, 0x0a, 0x00, 0x00, 0x00, 0x76, 0x61, 0x6c, 0x75, 0x65, 0x2f, 0x75, 0x6e, 0x69, 0x74, 0x06, 0x00, 0x00, 0x00, 0x61, 0x64, 0x76, 0x6d, 0x6f, 0x64, 0x00, 0x0a, 0x00, 0x00, 0x00, 0x76, 0x61, 0x6c, 0x75, 0x65, 0x2f, 0x75, 0x6e, 0x69, 0x74, 0x04, 0x00, 0x00, 0x00, 0x61, 0x6d, 0x6f, 0x64, 0x00, 0x0a, 0x00, 0x00, 0x00, 0x76, 0x61, 0x6c, 0x75, 0x65, 0x2f, 0x75, 0x6e, 0x69, 0x74, 0x05, 0x00, 0x00, 0x00, 0x61, 0x70, 0x70, 0x6f, 0x73, 0x00, 0x0a, 0x00, 0x00, 0x00, 0x76, 0x61, 0x6c, 0x75, 0x65, 0x2f, 0x75, 0x6e, 0x69, 0x74, 0x03, 0x00, 0x00, 0x00, 0x61, 0x75, 0x78, 0x00, 0x0a, 0x00, 0x00, 0x00, 0x76, 0x61, 0x6c, 0x75, 0x65, 0x2f, 0x75, 0x6e, 0x69, 0x74, 0x04, 0x00, 0x00, 0x00, 0x63, 0x61, 0x73, 0x65, 0x00, 0x0a, 0x00, 0x00, 0x00, 0x76, 0x61, 0x6c, 0x75, 0x65, 0x2f, 0x75, 0x6e, 0x69, 0x74, 0x02, 0x00, 0x00, 0x00, 0x63, 0x63, 0x00, 0x0a, 0x00, 0x00, 0x00, 0x76, 0x61, 0x6c, 0x75, 0x65, 0x2f, 0x75, 0x6e, 0x69, 0x74, 0x05, 0x00, 0x00, 0x00, 0x63, 0x63, 0x6f, 0x6d, 0x70, 0x00, 0x0a, 0x00, 0x00, 0x00, 0x76, 0x61, 0x6c, 0x75, 0x65, 0x2f, 0x75, 0x6e, 0x69, 0x74, 0x03, 0x00, 0x00, 0x00, 0x63, 0x6c, 0x66, 0x00, 0x0a, 0x00, 0x00, 0x00, 0x76, 0x61, 0x6c, 0x75, 0x65, 0x2f, 0x75, 0x6e, 0x69, 0x74, 0x08, 0x00, 0x00, 0x00, 0x63, 0x6f, 0x6d, 0x70, 0x6f, 0x75, 0x6e, 0x64, 0x00, 0x0a, 0x00, 0x00, 0x00, 0x76, 0x61, 0x6c, 0x75, 0x65, 0x2f, 0x75, 0x6e, 0x69, 0x74, 0x04, 0x00, 0x00, 0x00, 0x63, 0x6f, 0x6e, 0x6a, 0x00, 0x0a, 0x00, 0x00, 0x00, 0x76, 0x61, 0x6c, 0x75, 0x65, 0x2f, 0x75, 0x6e, 0x69, 0x74, 0x03, 0x00, 0x00, 0x00, 0x63, 0x6f, 0x70, 0x00, 0x0a, 0x00, 0x00, 0x00, 0x76, 0x61, 0x6c, 0x75, 0x65, 0x2f, 0x75, 0x6e, 0x69, 0x74, 0x05, 0x00, 0x00, 0x00, 0x63, 0x73, 0x75, 0x62, 0x6a, 0x00, 0x0a, 0x00, 0x00, 0x00, 0x76, 0x61, 0x6c, 0x75, 0x65, 0x2f, 0x75, 0x6e, 0x69, 0x74, 0x03, 0x00, 0x00, 0x00, 0x64, 0x65, 0x70, 0x00, 0x0a, 0x00, 0x00, 0x00, 0x76, 0x61, 0x6c, 0x75, 0x65, 0x2f, 0x75, 0x6e, 0x69, 0x74, 0x03, 0x00, 0x00, 0x00, 0x64, 0x65, 0x74, 0x00, 0x0a, 0x00, 0x00, 0x00, 0x76, 0x61, 0x6c, 0x75, 0x65, 0x2f, 0x75, 0x6e, 0x69, 0x74, 0x09, 0x00, 0x00, 0x00, 0x64, 0x69, 0x73, 0x63, 0x6f, 0x75, 0x72, 0x73, 0x65, 0x00, 0x0a, 0x00, 0x00, 0x00, 0x76, 0x61, 0x6c, 0x75, 0x65, 0x2f, 0x75, 0x6e, 0x69, 0x74, 0x0a, 0x00, 0x00, 0x00, 0x64, 0x69, 0x73, 0x6c, 0x6f, 0x63, 0x61, 0x74, 0x65, 0x64, 0x00, 0x0a, 0x00, 0x00, 0x00, 0x76, 0x61, 0x6c, 0x75, 0x65, 0x2f, 0x75, 0x6e, 0x69, 0x74, 0x04, 0x00, 0x00, 0x00, 0x65, 0x78, 0x70, 0x6c, 0x00, 0x0a, 0x00, 0x00, 0x00, 0x76, 0x61, 0x6c, 0x75, 0x65, 0x2f, 0x75, 0x6e, 0x69, 0x74, 0x05, 0x00, 0x00, 0x00, 0x66, 0x69, 0x78, 0x65, 0x64, 0x00, 0x0a, 0x00, 0x00, 0x00, 0x76, 0x61, 0x6c, 0x75, 0x65, 0x2f, 0x75, 0x6e, 0x69, 0x74, 0x04, 0x00, 0x00, 0x00, 0x66, 0x6c, 0x61, 0x74, 0x00, 0x0a, 0x00, 0x00, 0x00, 0x76, 0x61, 0x6c, 0x75, 0x65, 0x2f, 0x75, 0x6e, 0x69, 0x74, 0x08, 0x00, 0x00, 0x00, 0x67, 0x6f, 0x65, 0x73, 0x77, 0x69, 0x74, 0x68, 0x00, 0x0a, 0x00, 0x00, 0x00, 0x76, 0x61, 0x6c, 0x75, 0x65, 0x2f, 0x75, 0x6e, 0x69, 0x74, 0x04, 0x00, 0x00, 0x00, 0x69, 0x6f, 0x62, 0x6a, 0x00, 0x0a, 0x00, 0x00, 0x00, 0x76, 0x61, 0x6c, 0x75, 0x65, 0x2f, 0x75, 0x6e, 0x69, 0x74, 0x04, 0x00, 0x00, 0x00, 0x6c, 0x69, 0x73, 0x74, 0x00, 0x0a, 0x00, 0x00, 0x00, 0x76, 0x61, 0x6c, 0x75, 0x65, 0x2f, 0x75, 0x6e, 0x69, 0x74, 0x04, 0x00, 0x00, 0x00, 0x6d, 0x61, 0x72, 0x6b, 0x00, 0x0a, 0x00, 0x00, 0x00, 0x76, 0x61, 0x6c, 0x75, 0x65, 0x2f, 0x75, 0x6e, 0x69, 0x74, 0x04, 0x00, 0x00, 0x00, 0x6e, 0x6d, 0x6f, 0x64, 0x00, 0x0a, 0x00, 0x00, 0x00, 0x76, 0x61, 0x6c, 0x75, 0x65, 0x2f, 0x75, 0x6e, 0x69, 0x74, 0x05, 0x00, 0x00, 0x00, 0x6e, 0x73, 0x75, 0x62, 0x6a, 0x00, 0x0a, 0x00, 0x00, 0x00, 0x76, 0x61, 0x6c, 0x75, 0x65, 0x2f, 0x75, 0x6e, 0x69, 0x74, 0x06, 0x00, 0x00, 0x00, 0x6e, 0x75, 0x6d, 0x6d, 0x6f, 0x64, 0x00, 0x0a, 0x00, 0x00, 0x00, 0x76, 0x61, 0x6c, 0x75, 0x65, 0x2f, 0x75, 0x6e, 0x69, 0x74, 0x03, 0x00, 0x00, 0x00, 0x6f, 0x62, 0x6a, 0x00, 0x0a, 0x00, 0x00, 0x00, 0x76, 0x61, 0x6c, 0x75, 0x65, 0x2f, 0x75, 0x6e, 0x69, 0x74, 0x03, 0x00, 0x00, 0x00, 0x6f, 0x62, 0x6c, 0x00, 0x0a, 0x00, 0x00, 0x00, 0x76, 0x61, 0x6c, 0x75, 0x65, 0x2f, 0x75, 0x6e, 0x69, 0x74, 0x06, 0x00, 0x00, 0x00, 0x6f, 0x72, 0x70, 0x68, 0x61, 0x6e, 0x00, 0x0a, 0x00, 0x00, 0x00, 0x76, 0x61, 0x6c, 0x75, 0x65, 0x2f, 0x75, 0x6e, 0x69, 0x74, 0x09, 0x00, 0x00, 0x00, 0x70, 0x61, 0x72, 0x61, 0x74, 0x61, 0x78, 0x69, 0x73, 0x00, 0x0a, 0x00, 0x00, 0x00, 0x76, 0x61, 0x6c, 0x75, 0x65, 0x2f, 0x75, 0x6e, 0x69, 0x74, 0x05, 0x00, 0x00, 0x00, 0x70, 0x75, 0x6e, 0x63, 0x74, 0x00, 0x0a, 0x00, 0x00, 0x00, 0x76, 0x61, 0x6c, 0x75, 0x65, 0x2f, 0x75, 0x6e, 0x69, 0x74, 0x0a, 0x00, 0x00, 0x00, 0x72, 0x65, 0x70, 0x61, 0x72, 0x61, 0x6e, 0x64, 0x75, 0x6d, 0x00, 0x0a, 0x00, 0x00, 0x00, 0x76, 0x61, 0x6c, 0x75, 0x65, 0x2f, 0x75, 0x6e, 0x69, 0x74, 0x04, 0x00, 0x00, 0x00, 0x72, 0x6f, 0x6f, 0x74, 0x00, 0x0a, 0x00, 0x00, 0x00, 0x76, 0x61, 0x6c, 0x75, 0x65, 0x2f, 0x75, 0x6e, 0x69, 0x74, 0x08, 0x00, 0x00, 0x00, 0x76, 0x6f, 0x63, 0x61, 0x74, 0x69, 0x76, 0x65, 0x00, 0x0a, 0x00, 0x00, 0x00, 0x76, 0x61, 0x6c, 0x75, 0x65, 0x2f, 0x75, 0x6e, 0x69, 0x74, 0x05, 0x00, 0x00, 0x00, 0x78, 0x63, 0x6f, 0x6d, 0x70, 0x00, 0x0a, 0x00, 0x00, 0x00, 0x76, 0x61, 0x6c, 0x75, 0x65, 0x2f, 0x75, 0x6e, 0x69, 0x74, 0x07, 0x00, 0x00, 0x00, 0x73, 0x75, 0x62, 0x74, 0x79, 0x70, 0x65, 0x05, 0x5b, 0x00, 0x00, 0x00, 0x74, 0x79, 0x70, 0x65, 0x2f, 0x4c, 0x61, 0x6e, 0x67, 0x75, 0x61, 0x67, 0x65, 0x50, 0x61, 0x72, 0x73, 0x65, 0x72, 0x53, 0x75, 0x62, 0x74, 0x79, 0x70, 0x65, 0x40, 0x33, 0x61, 0x35, 0x39, 0x61, 0x64, 0x35, 0x34, 0x63, 0x38, 0x65, 0x31, 0x39, 0x30, 0x30, 0x31, 0x35, 0x37, 0x35, 0x31, 0x34, 0x32, 0x65, 0x32, 0x31, 0x34, 0x35, 0x65, 0x39, 0x61, 0x62, 0x61, 0x32, 0x35, 0x36, 0x37, 0x32, 0x38, 0x63, 0x34, 0x39, 0x66, 0x33, 0x35, 0x36, 0x34, 0x34, 0x66, 0x31, 0x61, 0x39, 0x33, 0x38, 0x30, 0x37, 0x35, 0x62, 0x61, 0x39, 0x31, 0x63, 0x36, 0x34, 0x35, 0x00, 0x0a, 0x00, 0x00, 0x00, 0x76, 0x61, 0x6c, 0x75, 0x65, 0x2f, 0x74, 0x65, 0x78, 0x74, 0x09, 0x00, 0x00, 0x00, 0x72, 0x65, 0x6c, 0x61, 0x74, 0x69, 0x6f, 0x6e, 0x37, 0x02, 0x5c, 0x00, 0x00, 0x00, 0x74, 0x79, 0x70, 0x65, 0x2f, 0x4c, 0x61, 0x6e, 0x67, 0x75, 0x61, 0x67, 0x65, 0x50, 0x61, 0x72, 0x73, 0x65, 0x72, 0x52, 0x65, 0x6c, 0x61, 0x74, 0x69, 0x6f, 0x6e, 0x40, 0x63, 0x39, 0x64, 0x36, 0x34, 0x63, 0x35, 0x36, 0x64, 0x62, 0x32, 0x61, 0x61, 0x34, 0x30, 0x65, 0x35, 0x66, 0x66, 0x35, 0x36, 0x62, 0x63, 0x61, 0x64, 0x65, 0x33, 0x30, 0x66, 0x38, 0x38, 0x34, 0x37, 0x35, 0x33, 0x62, 0x65, 0x32, 0x33, 0x33, 0x36, 0x34, 0x65, 0x32, 0x34, 0x31, 0x33, 0x38, 0x64, 0x33, 0x65, 0x36, 0x36, 0x66, 0x62, 0x35, 0x66, 0x61, 0x32, 0x34, 0x38, 0x35, 0x66, 0x36, 0x02, 0x00, 0x00, 0x00, 0x04, 0x00, 0x00, 0x00, 0x62, 0x61, 0x73, 0x65, 0x03, 0x69, 0x00, 0x00, 0x00, 0x74, 0x79, 0x70, 0x65, 0x2f, 0x4c, 0x61, 0x6e, 0x67, 0x75, 0x61, 0x67, 0x65, 0x55, 0x6e, 0x69, 0x76, 0x65, 0x72, 0x73, 0x61, 0x6c, 0x44, 0x65, 0x70, 0x65, 0x6e, 0x64, 0x65, 0x6e, 0x63, 0x79, 0x52, 0x65, 0x6c, 0x61, 0x74, 0x69, 0x6f, 0x6e, 0x40, 0x37, 0x63, 0x65, 0x32, 0x37, 0x33, 0x30, 0x32, 0x64, 0x35, 0x62, 0x38, 0x32, 0x35, 0x32, 0x37, 0x37, 0x62, 0x62, 0x64, 0x37, 0x35, 0x34, 0x64, 0x30, 0x62, 0x63, 0x65, 0x38, 0x62, 0x62, 0x63, 0x39, 0x65, 0x37, 0x31, 0x66, 0x35, 0x64, 0x36, 0x34, 0x62, 0x63, 0x34, 0x66, 0x30, 0x61, 0x66, 0x31, 0x38, 0x34, 0x66, 0x63, 0x38, 0x36, 0x32, 0x64, 0x62, 0x64, 0x38, 0x63, 0x66, 0x32, 0x65, 0x25, 0x00, 0x00, 0x00, 0x03, 0x00, 0x00, 0x00, 0x61, 0x63, 0x6c, 0x00, 0x0a, 0x00, 0x00, 0x00, 0x76, 0x61, 0x6c, 0x75, 0x65, 0x2f, 0x75, 0x6e, 0x69, 0x74, 0x05, 0x00, 0x00, 0x00, 0x61, 0x64, 0x76, 0x63, 0x6c, 0x00, 0x0a, 0x00, 0x00, 0x00, 0x76, 0x61, 0x6c, 0x75, 0x65, 0x2f, 0x75, 0x6e, 0x69, 0x74, 0x06, 0x00, 0x00, 0x00, 0x61, 0x64, 0x76, 0x6d, 0x6f, 0x64, 0x00, 0x0a, 0x00, 0x00, 0x00, 0x76, 0x61, 0x6c, 0x75, 0x65, 0x2f, 0x75, 0x6e, 0x69, 0x74, 0x04, 0x00, 0x00, 0x00, 0x61, 0x6d, 0x6f, 0x64, 0x00, 0x0a, 0x00, 0x00, 0x00, 0x76, 0x61, 0x6c, 0x75, 0x65, 0x2f, 0x75, 0x6e, 0x69, 0x74, 0x05, 0x00, 0x00, 0x00, 0x61, 0x70, 0x70, 0x6f, 0x73, 0x00, 0x0a, 0x00, 0x00, 0x00, 0x76, 0x61, 0x6c, 0x75, 0x65, 0x2f, 0x75, 0x6e, 0x69, 0x74, 0x03, 0x00, 0x00, 0x00, 0x61, 0x75, 0x78, 0x00, 0x0a, 0x00, 0x00, 0x00, 0x76, 0x61, 0x6c, 0x75, 0x65, 0x2f, 0x75, 0x6e, 0x69, 0x74, 0x04, 0x00, 0x00, 0x00, 0x63, 0x61, 0x73, 0x65, 0x00, 0x0a, 0x00, 0x00, 0x00, 0x76, 0x61, 0x6c, 0x75, 0x65, 0x2f, 0x75, 0x6e, 0x69, 0x74, 0x02, 0x00, 0x00, 0x00, 0x63, 0x63, 0x00, 0x0a, 0x00, 0x00, 0x00, 0x76, 0x61, 0x6c, 0x75, 0x65, 0x2f, 0x75, 0x6e, 0x69, 0x74, 0x05, 0x00, 0x00, 0x00, 0x63, 0x63, 0x6f, 0x6d, 0x70, 0x00, 0x0a, 0x00, 0x00, 0x00, 0x76, 0x61, 0x6c, 0x75, 0x65, 0x2f, 0x75, 0x6e, 0x69, 0x74, 0x03, 0x00, 0x00, 0x00, 0x63, 0x6c, 0x66, 0x00, 0x0a, 0x00, 0x00, 0x00, 0x76, 0x61, 0x6c, 0x75, 0x65, 0x2f, 0x75, 0x6e, 0x69, 0x74, 0x08, 0x00, 0x00, 0x00, 0x63, 0x6f, 0x6d, 0x70, 0x6f, 0x75, 0x6e, 0x64, 0x00, 0x0a, 0x00, 0x00, 0x00, 0x76, 0x61, 0x6c, 0x75, 0x65, 0x2f, 0x75, 0x6e, 0x69, 0x74, 0x04, 0x00, 0x00, 0x00, 0x63, 0x6f, 0x6e, 0x6a, 0x00, 0x0a, 0x00, 0x00, 0x00, 0x76, 0x61, 0x6c, 0x75, 0x65, 0x2f, 0x75, 0x6e, 0x69, 0x74, 0x03, 0x00, 0x00, 0x00, 0x63, 0x6f, 0x70, 0x00, 0x0a, 0x00, 0x00, 0x00, 0x76, 0x61, 0x6c, 0x75, 0x65, 0x2f, 0x75, 0x6e, 0x69, 0x74, 0x05, 0x00, 0x00, 0x00, 0x63, 0x73, 0x75, 0x62, 0x6a, 0x00, 0x0a, 0x00, 0x00, 0x00, 0x76, 0x61, 0x6c, 0x75, 0x65, 0x2f, 0x75, 0x6e, 0x69, 0x74, 0x03, 0x00, 0x00, 0x00, 0x64, 0x65, 0x70, 0x00, 0x0a, 0x00, 0x00, 0x00, 0x76, 0x61, 0x6c, 0x75, 0x65, 0x2f, 0x75, 0x6e, 0x69, 0x74, 0x03, 0x00, 0x00, 0x00, 0x64, 0x65, 0x74, 0x00, 0x0a, 0x00, 0x00, 0x00, 0x76, 0x61, 0x6c, 0x75, 0x65, 0x2f, 0x75, 0x6e, 0x69, 0x74, 0x09, 0x00, 0x00, 0x00, 0x64, 0x69, 0x73, 0x63, 0x6f, 0x75, 0x72, 0x73, 0x65, 0x00, 0x0a, 0x00, 0x00, 0x00, 0x76, 0x61, 0x6c, 0x75, 0x65, 0x2f, 0x75, 0x6e, 0x69, 0x74, 0x0a, 0x00, 0x00, 0x00, 0x64, 0x69, 0x73, 0x6c, 0x6f, 0x63, 0x61, 0x74, 0x65, 0x64, 0x00, 0x0a, 0x00, 0x00, 0x00, 0x76, 0x61, 0x6c, 0x75, 0x65, 0x2f, 0x75, 0x6e, 0x69, 0x74, 0x04, 0x00, 0x00, 0x00, 0x65, 0x78, 0x70, 0x6c, 0x00, 0x0a, 0x00, 0x00, 0x00, 0x76, 0x61, 0x6c, 0x75, 0x65, 0x2f, 0x75, 0x6e, 0x69, 0x74, 0x05, 0x00, 0x00, 0x00, 0x66, 0x69, 0x78, 0x65, 0x64, 0x00, 0x0a, 0x00, 0x00, 0x00, 0x76, 0x61, 0x6c, 0x75, 0x65, 0x2f, 0x75, 0x6e, 0x69, 0x74, 0x04, 0x00, 0x00, 0x00, 0x66, 0x6c, 0x61, 0x74, 0x00, 0x0a, 0x00, 0x00, 0x00, 0x76, 0x61, 0x6c, 0x75, 0x65, 0x2f, 0x75, 0x6e, 0x69, 0x74, 0x08, 0x00, 0x00, 0x00, 0x67, 0x6f, 0x65, 0x73, 0x77, 0x69, 0x74, 0x68, 0x00, 0x0a, 0x00, 0x00, 0x00, 0x76, 0x61, 0x6c, 0x75, 0x65, 0x2f, 0x75, 0x6e, 0x69, 0x74, 0x04, 0x00, 0x00, 0x00, 0x69, 0x6f, 0x62, 0x6a, 0x00, 0x0a, 0x00, 0x00, 0x00, 0x76, 0x61, 0x6c, 0x75, 0x65, 0x2f, 0x75, 0x6e, 0x69, 0x74, 0x04, 0x00, 0x00, 0x00, 0x6c, 0x69, 0x73, 0x74, 0x00, 0x0a, 0x00, 0x00, 0x00, 0x76, 0x61, 0x6c, 0x75, 0x65, 0x2f, 0x75, 0x6e, 0x69, 0x74, 0x04, 0x00, 0x00, 0x00, 0x6d, 0x61, 0x72, 0x6b, 0x00, 0x0a, 0x00, 0x00, 0x00, 0x76, 0x61, 0x6c, 0x75, 0x65, 0x2f, 0x75, 0x6e, 0x69, 0x74, 0x04, 0x00, 0x00, 0x00, 0x6e, 0x6d, 0x6f, 0x64, 0x00, 0x0a, 0x00, 0x00, 0x00, 0x76, 0x61, 0x6c, 0x75, 0x65, 0x2f, 0x75, 0x6e, 0x69, 0x74, 0x05, 0x00, 0x00, 0x00, 0x6e, 0x73, 0x75, 0x62, 0x6a, 0x00, 0x0a, 0x00, 0x00, 0x00, 0x76, 0x61, 0x6c, 0x75, 0x65, 0x2f, 0x75, 0x6e, 0x69, 0x74, 0x06, 0x00, 0x00, 0x00, 0x6e, 0x75, 0x6d, 0x6d, 0x6f, 0x64, 0x00, 0x0a, 0x00, 0x00, 0x00, 0x76, 0x61, 0x6c, 0x75, 0x65, 0x2f, 0x75, 0x6e, 0x69, 0x74, 0x03, 0x00, 0x00, 0x00, 0x6f, 0x62, 0x6a, 0x00, 0x0a, 0x00, 0x00, 0x00, 0x76, 0x61, 0x6c, 0x75, 0x65, 0x2f, 0x75, 0x6e, 0x69, 0x74, 0x03, 0x00, 0x00, 0x00, 0x6f, 0x62, 0x6c, 0x00, 0x0a, 0x00, 0x00, 0x00, 0x76, 0x61, 0x6c, 0x75, 0x65, 0x2f, 0x75, 0x6e, 0x69, 0x74, 0x06, 0x00, 0x00, 0x00, 0x6f, 0x72, 0x70, 0x68, 0x61, 0x6e, 0x00, 0x0a, 0x00, 0x00, 0x00, 0x76, 0x61, 0x6c, 0x75, 0x65, 0x2f, 0x75, 0x6e, 0x69, 0x74, 0x09, 0x00, 0x00, 0x00, 0x70, 0x61, 0x72, 0x61, 0x74, 0x61, 0x78, 0x69, 0x73, 0x00, 0x0a, 0x00, 0x00, 0x00, 0x76, 0x61, 0x6c, 0x75, 0x65, 0x2f, 0x75, 0x6e, 0x69, 0x74, 0x05, 0x00, 0x00, 0x00, 0x70, 0x75, 0x6e, 0x63, 0x74, 0x00, 0x0a, 0x00, 0x00, 0x00, 0x76, 0x61, 0x6c, 0x75, 0x65, 0x2f, 0x75, 0x6e, 0x69, 0x74, 0x0a, 0x00, 0x00, 0x00, 0x72, 0x65, 0x70, 0x61, 0x72, 0x61, 0x6e, 0x64, 0x75, 0x6d, 0x00, 0x0a, 0x00, 0x00, 0x00, 0x76, 0x61, 0x6c, 0x75, 0x65, 0x2f, 0x75, 0x6e, 0x69, 0x74, 0x04, 0x00, 0x00, 0x00, 0x72, 0x6f, 0x6f, 0x74, 0x00, 0x0a, 0x00, 0x00, 0x00, 0x76, 0x61, 0x6c, 0x75, 0x65, 0x2f, 0x75, 0x6e, 0x69, 0x74, 0x08, 0x00, 0x00, 0x00, 0x76, 0x6f, 0x63, 0x61, 0x74, 0x69, 0x76, 0x65, 0x00, 0x0a, 0x00, 0x00, 0x00, 0x76, 0x61, 0x6c, 0x75, 0x65, 0x2f, 0x75, 0x6e, 0x69, 0x74, 0x05, 0x00, 0x00, 0x00, 0x78, 0x63, 0x6f, 0x6d, 0x70, 0x00, 0x0a, 0x00, 0x00, 0x00, 0x76, 0x61, 0x6c, 0x75, 0x65, 0x2f, 0x75, 0x6e, 0x69, 0x74, 0x07, 0x00, 0x00, 0x00, 0x73, 0x75, 0x62, 0x74, 0x79, 0x70, 0x65, 0x05, 0x5b, 0x00, 0x00, 0x00, 0x74, 0x79, 0x70, 0x65, 0x2f, 0x4c, 0x61, 0x6e, 0x67, 0x75, 0x61, 0x67, 0x65, 0x50, 0x61, 0x72, 0x73, 0x65, 0x72, 0x53, 0x75, 0x62, 0x74, 0x79, 0x70, 0x65, 0x40, 0x33, 0x61, 0x35, 0x39, 0x61, 0x64, 0x35, 0x34, 0x63, 0x38, 0x65, 0x31, 0x39, 0x30, 0x30, 0x31, 0x35, 0x37, 0x35, 0x31, 0x34, 0x32, 0x65, 0x32, 0x31, 0x34, 0x35, 0x65, 0x39, 0x61, 0x62, 0x61, 0x32, 0x35, 0x36, 0x37, 0x32, 0x38, 0x63, 0x34, 0x39, 0x66, 0x33, 0x35, 0x36, 0x34, 0x34, 0x66, 0x31, 0x61, 0x39, 0x33, 0x38, 0x30, 0x37, 0x35, 0x62, 0x61, 0x39, 0x31, 0x63, 0x36, 0x34, 0x35, 0x00, 0x0a, 0x00, 0x00, 0x00, 0x76, 0x61, 0x6c, 0x75, 0x65, 0x2f, 0x74, 0x65, 0x78, 0x74, 0x05, 0x00, 0x00, 0x00, 0x73, 0x74, 0x61, 0x63, 0x6b, 0x01, 0x09, 0x00, 0x00, 0x09, 0x00, 0x00, 0x00, 0x76, 0x61, 0x6c, 0x75, 0x65, 0x2f, 0x75, 0x36, 0x34, 0x0b, 0x00, 0x00, 0x00, 0x74, 0x6f, 0x6b, 0x65, 0x6e, 0x5f, 0x63, 0x6f, 0x75, 0x6e, 0x74, 0x00, 0x09, 0x00, 0x00, 0x00, 0x76, 0x61, 0x6c, 0x75, 0x65, 0x2f, 0x75, 0x36, 0x34, 0x06, 0x00, 0x00, 0x00, 0x75, 0x6e, 0x72, 0x65, 0x61, 0x64, 0x00, 0x09, 0x00, 0x00, 0x00, 0x76, 0x61, 0x6c, 0x75, 0x65, 0x2f, 0x75, 0x36, 0x34, 0x0a, 0x00, 0x00, 0x00, 0x63, 0x61, 0x6e, 0x64, 0x69, 0x64, 0x61, 0x74, 0x65, 0x31, 0x02, 0x68, 0x00, 0x00, 0x00, 0x74, 0x79, 0x70, 0x65, 0x2f, 0x4c, 0x61, 0x6e, 0x67, 0x75, 0x61, 0x67, 0x65, 0x50, 0x61, 0x72, 0x73, 0x65, 0x72, 0x57, 0x69, 0x6e, 0x64, 0x6f, 0x77, 0x38, 0x52, 0x61, 0x77, 0x48, 0x79, 0x70, 0x6f, 0x74, 0x68, 0x65, 0x73, 0x69, 0x73, 0x40, 0x35, 0x34, 0x35, 0x31, 0x34, 0x31, 0x35, 0x61, 0x37, 0x38, 0x31, 0x33, 0x66, 0x36, 0x35, 0x30, 0x39, 0x33, 0x64, 0x63, 0x37, 0x63, 0x66, 0x64, 0x39, 0x66, 0x33, 0x38, 0x33, 0x65, 0x63, 0x61, 0x33, 0x66, 0x37, 0x34, 0x65, 0x65, 0x31, 0x36, 0x64, 0x30, 0x63, 0x63, 0x66, 0x39, 0x31, 0x61, 0x38, 0x31, 0x32, 0x34, 0x66, 0x62, 0x37, 0x34, 0x62, 0x33, 0x30, 0x34, 0x39, 0x66, 0x34, 0x61, 0x06, 0x00, 0x00, 0x00, 0x06, 0x00, 0x00, 0x00, 0x61, 0x63, 0x74, 0x69, 0x76, 0x65, 0x00, 0x0a, 0x00, 0x00, 0x00, 0x76, 0x61, 0x6c, 0x75, 0x65, 0x2f, 0x62, 0x6f, 0x6f, 0x6c, 0x07, 0x00, 0x00, 0x00, 0x63, 0x68, 0x6f, 0x69, 0x63, 0x65, 0x73, 0x01, 0x08, 0x00, 0x00, 0x09, 0x00, 0x00, 0x00, 0x76, 0x61, 0x6c, 0x75, 0x65, 0x2f, 0x75, 0x36, 0x34, 0x08, 0x00, 0x00, 0x00, 0x69, 0x64, 0x65, 0x6e, 0x74, 0x69, 0x74, 0x79, 0x00, 0x09, 0x00, 0x00, 0x00, 0x76, 0x61, 0x6c, 0x75, 0x65, 0x2f, 0x75, 0x36, 0x34, 0x05, 0x00, 0x00, 0x00, 0x73, 0x63, 0x6f, 0x72, 0x65, 0x00, 0x09, 0x00, 0x00, 0x00, 0x76, 0x61, 0x6c, 0x75, 0x65, 0x2f, 0x69, 0x36, 0x34, 0x08, 0x00, 0x00, 0x00, 0x73, 0x65, 0x6c, 0x65, 0x63, 0x74, 0x65, 0x64, 0x00, 0x09, 0x00, 0x00, 0x00, 0x76, 0x61, 0x6c, 0x75, 0x65, 0x2f, 0x75, 0x36, 0x34, 0x05, 0x00, 0x00, 0x00, 0x73, 0x74, 0x61, 0x74, 0x65, 0x02, 0x63, 0x00, 0x00, 0x00, 0x74, 0x79, 0x70, 0x65, 0x2f, 0x4c, 0x61, 0x6e, 0x67, 0x75, 0x61, 0x67, 0x65, 0x50, 0x61, 0x72, 0x73, 0x65, 0x72, 0x57, 0x69, 0x6e, 0x64, 0x6f, 0x77, 0x38, 0x52, 0x61, 0x77, 0x53, 0x74, 0x61, 0x74, 0x65, 0x40, 0x32, 0x34, 0x62, 0x62, 0x30, 0x62, 0x33, 0x66, 0x66, 0x61, 0x66, 0x32, 0x66, 0x37, 0x30, 0x34, 0x33, 0x39, 0x30, 0x30, 0x65, 0x30, 0x36, 0x66, 0x36, 0x30, 0x66, 0x33, 0x65, 0x31, 0x33, 0x39, 0x31, 0x38, 0x34, 0x31, 0x31, 0x32, 0x63, 0x38, 0x32, 0x61, 0x30, 0x34, 0x65, 0x33, 0x30, 0x30, 0x33, 0x30, 0x65, 0x38, 0x61, 0x37, 0x31, 0x63, 0x39, 0x63, 0x35, 0x35, 0x61, 0x34, 0x34, 0x32, 0x0f, 0x00, 0x00, 0x00, 0x05, 0x00, 0x00, 0x00, 0x62, 0x61, 0x73, 0x69, 0x73, 0x02, 0x59, 0x00, 0x00, 0x00, 0x74, 0x79, 0x70, 0x65, 0x2f, 0x4c, 0x61, 0x6e, 0x67, 0x75, 0x61, 0x67, 0x65, 0x50, 0x61, 0x72, 0x73, 0x65, 0x72, 0x42, 0x61, 0x73, 0x69, 0x73, 0x40, 0x64, 0x63, 0x37, 0x35, 0x32, 0x63, 0x31, 0x37, 0x30, 0x34, 0x37, 0x64, 0x36, 0x31, 0x61, 0x66, 0x39, 0x32, 0x38, 0x31, 0x66, 0x63, 0x63, 0x62, 0x32, 0x63, 0x66, 0x64, 0x35, 0x36, 0x31, 0x62, 0x37, 0x62, 0x30, 0x66, 0x62, 0x31, 0x31, 0x36, 0x35, 0x37, 0x39, 0x65, 0x35, 0x33, 0x39, 0x36, 0x63, 0x35, 0x31, 0x38, 0x36, 0x30, 0x65, 0x61, 0x64, 0x36, 0x64, 0x62, 0x61, 0x37, 0x65, 0x34, 0x03, 0x00, 0x00, 0x00, 0x11, 0x00, 0x00, 0x00, 0x61, 0x6e, 0x61, 0x6c, 0x79, 0x73, 0x69, 0x73, 0x5f, 0x72, 0x65, 0x76, 0x69, 0x73, 0x69, 0x6f, 0x6e, 0x05, 0x60, 0x00, 0x00, 0x00, 0x74, 0x79, 0x70, 0x65, 0x2f, 0x4c, 0x61, 0x6e, 0x67, 0x75, 0x61, 0x67, 0x65, 0x41, 0x6e, 0x61, 0x6c, 0x79, 0x73, 0x69, 0x73, 0x52, 0x65, 0x76, 0x69, 0x73, 0x69, 0x6f, 0x6e, 0x49, 0x64, 0x40, 0x66, 0x33, 0x38, 0x64, 0x63, 0x38, 0x66, 0x66, 0x37, 0x63, 0x61, 0x37, 0x62, 0x37, 0x34, 0x65, 0x62, 0x37, 0x35, 0x32, 0x37, 0x62, 0x65, 0x37, 0x64, 0x37, 0x34, 0x38, 0x66, 0x37, 0x30, 0x37, 0x38, 0x62, 0x38, 0x34, 0x62, 0x38, 0x37, 0x61, 0x63, 0x62, 0x31, 0x64, 0x37, 0x33, 0x33, 0x32, 0x34, 0x39, 0x62, 0x34, 0x61, 0x32, 0x61, 0x66, 0x65, 0x37, 0x39, 0x66, 0x32, 0x39, 0x32, 0x36, 0x00, 0x0a, 0x00, 0x00, 0x00, 0x76, 0x61, 0x6c, 0x75, 0x65, 0x2f, 0x74, 0x65, 0x78, 0x74, 0x0f, 0x00, 0x00, 0x00, 0x73, 0x6f, 0x75, 0x72, 0x63, 0x65, 0x5f, 0x72, 0x65, 0x76, 0x69, 0x73, 0x69, 0x6f, 0x6e, 0x05, 0x5c, 0x00, 0x00, 0x00, 0x74, 0x79, 0x70, 0x65, 0x2f, 0x4c, 0x61, 0x6e, 0x67, 0x75, 0x61, 0x67, 0x65, 0x54, 0x65, 0x78, 0x74, 0x52, 0x65, 0x76, 0x69, 0x73, 0x69, 0x6f, 0x6e, 0x49, 0x64, 0x40, 0x31, 0x66, 0x65, 0x63, 0x32, 0x37, 0x35, 0x32, 0x62, 0x30, 0x34, 0x37, 0x66, 0x34, 0x37, 0x62, 0x32, 0x38, 0x38, 0x38, 0x38, 0x66, 0x34, 0x36, 0x65, 0x64, 0x37, 0x39, 0x33, 0x64, 0x38, 0x38, 0x33, 0x34, 0x61, 0x33, 0x34, 0x64, 0x36, 0x63, 0x61, 0x65, 0x63, 0x38, 0x37, 0x32, 0x32, 0x33, 0x66, 0x38, 0x66, 0x36, 0x66, 0x65, 0x37, 0x35, 0x63, 0x31, 0x66, 0x61, 0x66, 0x39, 0x33, 0x35, 0x00, 0x0a, 0x00, 0x00, 0x00, 0x76, 0x61, 0x6c, 0x75, 0x65, 0x2f, 0x74, 0x65, 0x78, 0x74, 0x04, 0x00, 0x00, 0x00, 0x74, 0x65, 0x78, 0x74, 0x05, 0x54, 0x00, 0x00, 0x00, 0x74, 0x79, 0x70, 0x65, 0x2f, 0x4c, 0x61, 0x6e, 0x67, 0x75, 0x61, 0x67, 0x65, 0x54, 0x65, 0x78, 0x74, 0x49, 0x64, 0x40, 0x35, 0x35, 0x65, 0x38, 0x35, 0x32, 0x36, 0x31, 0x38, 0x37, 0x37, 0x64, 0x37, 0x66, 0x32, 0x39, 0x31, 0x61, 0x33, 0x65, 0x37, 0x62, 0x36, 0x65, 0x32, 0x36, 0x65, 0x37, 0x65, 0x37, 0x65, 0x62, 0x34, 0x61, 0x66, 0x66, 0x66, 0x63, 0x63, 0x63, 0x66, 0x31, 0x66, 0x37, 0x61, 0x34, 0x38, 0x66, 0x32, 0x37, 0x66, 0x36, 0x35, 0x31, 0x34, 0x39, 0x63, 0x37, 0x35, 0x38, 0x38, 0x38, 0x64, 0x61, 0x00, 0x0a, 0x00, 0x00, 0x00, 0x76, 0x61, 0x6c, 0x75, 0x65, 0x2f, 0x74, 0x65, 0x78, 0x74, 0x09, 0x00, 0x00, 0x00, 0x63, 0x6f, 0x6d, 0x6d, 0x69, 0x74, 0x74, 0x65, 0x64, 0x00, 0x09, 0x00, 0x00, 0x00, 0x76, 0x61, 0x6c, 0x75, 0x65, 0x2f, 0x75, 0x36, 0x34, 0x05, 0x00, 0x00, 0x00, 0x64, 0x65, 0x70, 0x74, 0x68, 0x00, 0x09, 0x00, 0x00, 0x00, 0x76, 0x61, 0x6c, 0x75, 0x65, 0x2f, 0x75, 0x36, 0x34, 0x05, 0x00, 0x00, 0x00, 0x68, 0x65, 0x61, 0x64, 0x73, 0x01, 0x09, 0x00, 0x00, 0x09, 0x00, 0x00, 0x00, 0x76, 0x61, 0x6c, 0x75, 0x65, 0x2f, 0x75, 0x36, 0x34, 0x09, 0x00, 0x00, 0x00, 0x72, 0x65, 0x6c, 0x61, 0x74, 0x69, 0x6f, 0x6e, 0x30, 0x02, 0x5c, 0x00, 0x00, 0x00, 0x74, 0x79, 0x70, 0x65, 0x2f, 0x4c, 0x61, 0x6e, 0x67, 0x75, 0x61, 0x67, 0x65, 0x50, 0x61, 0x72, 0x73, 0x65, 0x72, 0x52, 0x65, 0x6c, 0x61, 0x74, 0x69, 0x6f, 0x6e, 0x40, 0x63, 0x39, 0x64, 0x36, 0x34, 0x63, 0x35, 0x36, 0x64, 0x62, 0x32, 0x61, 0x61, 0x34, 0x30, 0x65, 0x35, 0x66, 0x66, 0x35, 0x36, 0x62, 0x63, 0x61, 0x64, 0x65, 0x33, 0x30, 0x66, 0x38, 0x38, 0x34, 0x37, 0x35, 0x33, 0x62, 0x65, 0x32, 0x33, 0x33, 0x36, 0x34, 0x65, 0x32, 0x34, 0x31, 0x33, 0x38, 0x64, 0x33, 0x65, 0x36, 0x36, 0x66, 0x62, 0x35, 0x66, 0x61, 0x32, 0x34, 0x38, 0x35, 0x66, 0x36, 0x02, 0x00, 0x00, 0x00, 0x04, 0x00, 0x00, 0x00, 0x62, 0x61, 0x73, 0x65, 0x03, 0x69, 0x00, 0x00, 0x00, 0x74, 0x79, 0x70, 0x65, 0x2f, 0x4c, 0x61, 0x6e, 0x67, 0x75, 0x61, 0x67, 0x65, 0x55, 0x6e, 0x69, 0x76, 0x65, 0x72, 0x73, 0x61, 0x6c, 0x44, 0x65, 0x70, 0x65, 0x6e, 0x64, 0x65, 0x6e, 0x63, 0x79, 0x52, 0x65, 0x6c, 0x61, 0x74, 0x69, 0x6f, 0x6e, 0x40, 0x37, 0x63, 0x65, 0x32, 0x37, 0x33, 0x30, 0x32, 0x64, 0x35, 0x62, 0x38, 0x32, 0x35, 0x32, 0x37, 0x37, 0x62, 0x62, 0x64, 0x37, 0x35, 0x34, 0x64, 0x30, 0x62, 0x63, 0x65, 0x38, 0x62, 0x62, 0x63, 0x39, 0x65, 0x37, 0x31, 0x66, 0x35, 0x64, 0x36, 0x34, 0x62, 0x63, 0x34, 0x66, 0x30, 0x61, 0x66, 0x31, 0x38, 0x34, 0x66, 0x63, 0x38, 0x36, 0x32, 0x64, 0x62, 0x64, 0x38, 0x63, 0x66, 0x32, 0x65, 0x25, 0x00, 0x00, 0x00, 0x03, 0x00, 0x00, 0x00, 0x61, 0x63, 0x6c, 0x00, 0x0a, 0x00, 0x00, 0x00, 0x76, 0x61, 0x6c, 0x75, 0x65, 0x2f, 0x75, 0x6e, 0x69, 0x74, 0x05, 0x00, 0x00, 0x00, 0x61, 0x64, 0x76, 0x63, 0x6c, 0x00, 0x0a, 0x00, 0x00, 0x00, 0x76, 0x61, 0x6c, 0x75, 0x65, 0x2f, 0x75, 0x6e, 0x69, 0x74, 0x06, 0x00, 0x00, 0x00, 0x61, 0x64, 0x76, 0x6d, 0x6f, 0x64, 0x00, 0x0a, 0x00, 0x00, 0x00, 0x76, 0x61, 0x6c, 0x75, 0x65, 0x2f, 0x75, 0x6e, 0x69, 0x74, 0x04, 0x00, 0x00, 0x00, 0x61, 0x6d, 0x6f, 0x64, 0x00, 0x0a, 0x00, 0x00, 0x00, 0x76, 0x61, 0x6c, 0x75, 0x65, 0x2f, 0x75, 0x6e, 0x69, 0x74, 0x05, 0x00, 0x00, 0x00, 0x61, 0x70, 0x70, 0x6f, 0x73, 0x00, 0x0a, 0x00, 0x00, 0x00, 0x76, 0x61, 0x6c, 0x75, 0x65, 0x2f, 0x75, 0x6e, 0x69, 0x74, 0x03, 0x00, 0x00, 0x00, 0x61, 0x75, 0x78, 0x00, 0x0a, 0x00, 0x00, 0x00, 0x76, 0x61, 0x6c, 0x75, 0x65, 0x2f, 0x75, 0x6e, 0x69, 0x74, 0x04, 0x00, 0x00, 0x00, 0x63, 0x61, 0x73, 0x65, 0x00, 0x0a, 0x00, 0x00, 0x00, 0x76, 0x61, 0x6c, 0x75, 0x65, 0x2f, 0x75, 0x6e, 0x69, 0x74, 0x02, 0x00, 0x00, 0x00, 0x63, 0x63, 0x00, 0x0a, 0x00, 0x00, 0x00, 0x76, 0x61, 0x6c, 0x75, 0x65, 0x2f, 0x75, 0x6e, 0x69, 0x74, 0x05, 0x00, 0x00, 0x00, 0x63, 0x63, 0x6f, 0x6d, 0x70, 0x00, 0x0a, 0x00, 0x00, 0x00, 0x76, 0x61, 0x6c, 0x75, 0x65, 0x2f, 0x75, 0x6e, 0x69, 0x74, 0x03, 0x00, 0x00, 0x00, 0x63, 0x6c, 0x66, 0x00, 0x0a, 0x00, 0x00, 0x00, 0x76, 0x61, 0x6c, 0x75, 0x65, 0x2f, 0x75, 0x6e, 0x69, 0x74, 0x08, 0x00, 0x00, 0x00, 0x63, 0x6f, 0x6d, 0x70, 0x6f, 0x75, 0x6e, 0x64, 0x00, 0x0a, 0x00, 0x00, 0x00, 0x76, 0x61, 0x6c, 0x75, 0x65, 0x2f, 0x75, 0x6e, 0x69, 0x74, 0x04, 0x00, 0x00, 0x00, 0x63, 0x6f, 0x6e, 0x6a, 0x00, 0x0a, 0x00, 0x00, 0x00, 0x76, 0x61, 0x6c, 0x75, 0x65, 0x2f, 0x75, 0x6e, 0x69, 0x74, 0x03, 0x00, 0x00, 0x00, 0x63, 0x6f, 0x70, 0x00, 0x0a, 0x00, 0x00, 0x00, 0x76, 0x61, 0x6c, 0x75, 0x65, 0x2f, 0x75, 0x6e, 0x69, 0x74, 0x05, 0x00, 0x00, 0x00, 0x63, 0x73, 0x75, 0x62, 0x6a, 0x00, 0x0a, 0x00, 0x00, 0x00, 0x76, 0x61, 0x6c, 0x75, 0x65, 0x2f, 0x75, 0x6e, 0x69, 0x74, 0x03, 0x00, 0x00, 0x00, 0x64, 0x65, 0x70, 0x00, 0x0a, 0x00, 0x00, 0x00, 0x76, 0x61, 0x6c, 0x75, 0x65, 0x2f, 0x75, 0x6e, 0x69, 0x74, 0x03, 0x00, 0x00, 0x00, 0x64, 0x65, 0x74, 0x00, 0x0a, 0x00, 0x00, 0x00, 0x76, 0x61, 0x6c, 0x75, 0x65, 0x2f, 0x75, 0x6e, 0x69, 0x74, 0x09, 0x00, 0x00, 0x00, 0x64, 0x69, 0x73, 0x63, 0x6f, 0x75, 0x72, 0x73, 0x65, 0x00, 0x0a, 0x00, 0x00, 0x00, 0x76, 0x61, 0x6c, 0x75, 0x65, 0x2f, 0x75, 0x6e, 0x69, 0x74, 0x0a, 0x00, 0x00, 0x00, 0x64, 0x69, 0x73, 0x6c, 0x6f, 0x63, 0x61, 0x74, 0x65, 0x64, 0x00, 0x0a, 0x00, 0x00, 0x00, 0x76, 0x61, 0x6c, 0x75, 0x65, 0x2f, 0x75, 0x6e, 0x69, 0x74, 0x04, 0x00, 0x00, 0x00, 0x65, 0x78, 0x70, 0x6c, 0x00, 0x0a, 0x00, 0x00, 0x00, 0x76, 0x61, 0x6c, 0x75, 0x65, 0x2f, 0x75, 0x6e, 0x69, 0x74, 0x05, 0x00, 0x00, 0x00, 0x66, 0x69, 0x78, 0x65, 0x64, 0x00, 0x0a, 0x00, 0x00, 0x00, 0x76, 0x61, 0x6c, 0x75, 0x65, 0x2f, 0x75, 0x6e, 0x69, 0x74, 0x04, 0x00, 0x00, 0x00, 0x66, 0x6c, 0x61, 0x74, 0x00, 0x0a, 0x00, 0x00, 0x00, 0x76, 0x61, 0x6c, 0x75, 0x65, 0x2f, 0x75, 0x6e, 0x69, 0x74, 0x08, 0x00, 0x00, 0x00, 0x67, 0x6f, 0x65, 0x73, 0x77, 0x69, 0x74, 0x68, 0x00, 0x0a, 0x00, 0x00, 0x00, 0x76, 0x61, 0x6c, 0x75, 0x65, 0x2f, 0x75, 0x6e, 0x69, 0x74, 0x04, 0x00, 0x00, 0x00, 0x69, 0x6f, 0x62, 0x6a, 0x00, 0x0a, 0x00, 0x00, 0x00, 0x76, 0x61, 0x6c, 0x75, 0x65, 0x2f, 0x75, 0x6e, 0x69, 0x74, 0x04, 0x00, 0x00, 0x00, 0x6c, 0x69, 0x73, 0x74, 0x00, 0x0a, 0x00, 0x00, 0x00, 0x76, 0x61, 0x6c, 0x75, 0x65, 0x2f, 0x75, 0x6e, 0x69, 0x74, 0x04, 0x00, 0x00, 0x00, 0x6d, 0x61, 0x72, 0x6b, 0x00, 0x0a, 0x00, 0x00, 0x00, 0x76, 0x61, 0x6c, 0x75, 0x65, 0x2f, 0x75, 0x6e, 0x69, 0x74, 0x04, 0x00, 0x00, 0x00, 0x6e, 0x6d, 0x6f, 0x64, 0x00, 0x0a, 0x00, 0x00, 0x00, 0x76, 0x61, 0x6c, 0x75, 0x65, 0x2f, 0x75, 0x6e, 0x69, 0x74, 0x05, 0x00, 0x00, 0x00, 0x6e, 0x73, 0x75, 0x62, 0x6a, 0x00, 0x0a, 0x00, 0x00, 0x00, 0x76, 0x61, 0x6c, 0x75, 0x65, 0x2f, 0x75, 0x6e, 0x69, 0x74, 0x06, 0x00, 0x00, 0x00, 0x6e, 0x75, 0x6d, 0x6d, 0x6f, 0x64, 0x00, 0x0a, 0x00, 0x00, 0x00, 0x76, 0x61, 0x6c, 0x75, 0x65, 0x2f, 0x75, 0x6e, 0x69, 0x74, 0x03, 0x00, 0x00, 0x00, 0x6f, 0x62, 0x6a, 0x00, 0x0a, 0x00, 0x00, 0x00, 0x76, 0x61, 0x6c, 0x75, 0x65, 0x2f, 0x75, 0x6e, 0x69, 0x74, 0x03, 0x00, 0x00, 0x00, 0x6f, 0x62, 0x6c, 0x00, 0x0a, 0x00, 0x00, 0x00, 0x76, 0x61, 0x6c, 0x75, 0x65, 0x2f, 0x75, 0x6e, 0x69, 0x74, 0x06, 0x00, 0x00, 0x00, 0x6f, 0x72, 0x70, 0x68, 0x61, 0x6e, 0x00, 0x0a, 0x00, 0x00, 0x00, 0x76, 0x61, 0x6c, 0x75, 0x65, 0x2f, 0x75, 0x6e, 0x69, 0x74, 0x09, 0x00, 0x00, 0x00, 0x70, 0x61, 0x72, 0x61, 0x74, 0x61, 0x78, 0x69, 0x73, 0x00, 0x0a, 0x00, 0x00, 0x00, 0x76, 0x61, 0x6c, 0x75, 0x65, 0x2f, 0x75, 0x6e, 0x69, 0x74, 0x05, 0x00, 0x00, 0x00, 0x70, 0x75, 0x6e, 0x63, 0x74, 0x00, 0x0a, 0x00, 0x00, 0x00, 0x76, 0x61, 0x6c, 0x75, 0x65, 0x2f, 0x75, 0x6e, 0x69, 0x74, 0x0a, 0x00, 0x00, 0x00, 0x72, 0x65, 0x70, 0x61, 0x72, 0x61, 0x6e, 0x64, 0x75, 0x6d, 0x00, 0x0a, 0x00, 0x00, 0x00, 0x76, 0x61, 0x6c, 0x75, 0x65, 0x2f, 0x75, 0x6e, 0x69, 0x74, 0x04, 0x00, 0x00, 0x00, 0x72, 0x6f, 0x6f, 0x74, 0x00, 0x0a, 0x00, 0x00, 0x00, 0x76, 0x61, 0x6c, 0x75, 0x65, 0x2f, 0x75, 0x6e, 0x69, 0x74, 0x08, 0x00, 0x00, 0x00, 0x76, 0x6f, 0x63, 0x61, 0x74, 0x69, 0x76, 0x65, 0x00, 0x0a, 0x00, 0x00, 0x00, 0x76, 0x61, 0x6c, 0x75, 0x65, 0x2f, 0x75, 0x6e, 0x69, 0x74, 0x05, 0x00, 0x00, 0x00, 0x78, 0x63, 0x6f, 0x6d, 0x70, 0x00, 0x0a, 0x00, 0x00, 0x00, 0x76, 0x61, 0x6c, 0x75, 0x65, 0x2f, 0x75, 0x6e, 0x69, 0x74, 0x07, 0x00, 0x00, 0x00, 0x73, 0x75, 0x62, 0x74, 0x79, 0x70, 0x65, 0x05, 0x5b, 0x00, 0x00, 0x00, 0x74, 0x79, 0x70, 0x65, 0x2f, 0x4c, 0x61, 0x6e, 0x67, 0x75, 0x61, 0x67, 0x65, 0x50, 0x61, 0x72, 0x73, 0x65, 0x72, 0x53, 0x75, 0x62, 0x74, 0x79, 0x70, 0x65, 0x40, 0x33, 0x61, 0x35, 0x39, 0x61, 0x64, 0x35, 0x34, 0x63, 0x38, 0x65, 0x31, 0x39, 0x30, 0x30, 0x31, 0x35, 0x37, 0x35, 0x31, 0x34, 0x32, 0x65, 0x32, 0x31, 0x34, 0x35, 0x65, 0x39, 0x61, 0x62, 0x61, 0x32, 0x35, 0x36, 0x37, 0x32, 0x38, 0x63, 0x34, 0x39, 0x66, 0x33, 0x35, 0x36, 0x34, 0x34, 0x66, 0x31, 0x61, 0x39, 0x33, 0x38, 0x30, 0x37, 0x35, 0x62, 0x61, 0x39, 0x31, 0x63, 0x36, 0x34, 0x35, 0x00, 0x0a, 0x00, 0x00, 0x00, 0x76, 0x61, 0x6c, 0x75, 0x65, 0x2f, 0x74, 0x65, 0x78, 0x74, 0x09, 0x00, 0x00, 0x00, 0x72, 0x65, 0x6c, 0x61, 0x74, 0x69, 0x6f, 0x6e, 0x31, 0x02, 0x5c, 0x00, 0x00, 0x00, 0x74, 0x79, 0x70, 0x65, 0x2f, 0x4c, 0x61, 0x6e, 0x67, 0x75, 0x61, 0x67, 0x65, 0x50, 0x61, 0x72, 0x73, 0x65, 0x72, 0x52, 0x65, 0x6c, 0x61, 0x74, 0x69, 0x6f, 0x6e, 0x40, 0x63, 0x39, 0x64, 0x36, 0x34, 0x63, 0x35, 0x36, 0x64, 0x62, 0x32, 0x61, 0x61, 0x34, 0x30, 0x65, 0x35, 0x66, 0x66, 0x35, 0x36, 0x62, 0x63, 0x61, 0x64, 0x65, 0x33, 0x30, 0x66, 0x38, 0x38, 0x34, 0x37, 0x35, 0x33, 0x62, 0x65, 0x32, 0x33, 0x33, 0x36, 0x34, 0x65, 0x32, 0x34, 0x31, 0x33, 0x38, 0x64, 0x33, 0x65, 0x36, 0x36, 0x66, 0x62, 0x35, 0x66, 0x61, 0x32, 0x34, 0x38, 0x35, 0x66, 0x36, 0x02, 0x00, 0x00, 0x00, 0x04, 0x00, 0x00, 0x00, 0x62, 0x61, 0x73, 0x65, 0x03, 0x69, 0x00, 0x00, 0x00, 0x74, 0x79, 0x70, 0x65, 0x2f, 0x4c, 0x61, 0x6e, 0x67, 0x75, 0x61, 0x67, 0x65, 0x55, 0x6e, 0x69, 0x76, 0x65, 0x72, 0x73, 0x61, 0x6c, 0x44, 0x65, 0x70, 0x65, 0x6e, 0x64, 0x65, 0x6e, 0x63, 0x79, 0x52, 0x65, 0x6c, 0x61, 0x74, 0x69, 0x6f, 0x6e, 0x40, 0x37, 0x63, 0x65, 0x32, 0x37, 0x33, 0x30, 0x32, 0x64, 0x35, 0x62, 0x38, 0x32, 0x35, 0x32, 0x37, 0x37, 0x62, 0x62, 0x64, 0x37, 0x35, 0x34, 0x64, 0x30, 0x62, 0x63, 0x65, 0x38, 0x62, 0x62, 0x63, 0x39, 0x65, 0x37, 0x31, 0x66, 0x35, 0x64, 0x36, 0x34, 0x62, 0x63, 0x34, 0x66, 0x30, 0x61, 0x66, 0x31, 0x38, 0x34, 0x66, 0x63, 0x38, 0x36, 0x32, 0x64, 0x62, 0x64, 0x38, 0x63, 0x66, 0x32, 0x65, 0x25, 0x00, 0x00, 0x00, 0x03, 0x00, 0x00, 0x00, 0x61, 0x63, 0x6c, 0x00, 0x0a, 0x00, 0x00, 0x00, 0x76, 0x61, 0x6c, 0x75, 0x65, 0x2f, 0x75, 0x6e, 0x69, 0x74, 0x05, 0x00, 0x00, 0x00, 0x61, 0x64, 0x76, 0x63, 0x6c, 0x00, 0x0a, 0x00, 0x00, 0x00, 0x76, 0x61, 0x6c, 0x75, 0x65, 0x2f, 0x75, 0x6e, 0x69, 0x74, 0x06, 0x00, 0x00, 0x00, 0x61, 0x64, 0x76, 0x6d, 0x6f, 0x64, 0x00, 0x0a, 0x00, 0x00, 0x00, 0x76, 0x61, 0x6c, 0x75, 0x65, 0x2f, 0x75, 0x6e, 0x69, 0x74, 0x04, 0x00, 0x00, 0x00, 0x61, 0x6d, 0x6f, 0x64, 0x00, 0x0a, 0x00, 0x00, 0x00, 0x76, 0x61, 0x6c, 0x75, 0x65, 0x2f, 0x75, 0x6e, 0x69, 0x74, 0x05, 0x00, 0x00, 0x00, 0x61, 0x70, 0x70, 0x6f, 0x73, 0x00, 0x0a, 0x00, 0x00, 0x00, 0x76, 0x61, 0x6c, 0x75, 0x65, 0x2f, 0x75, 0x6e, 0x69, 0x74, 0x03, 0x00, 0x00, 0x00, 0x61, 0x75, 0x78, 0x00, 0x0a, 0x00, 0x00, 0x00, 0x76, 0x61, 0x6c, 0x75, 0x65, 0x2f, 0x75, 0x6e, 0x69, 0x74, 0x04, 0x00, 0x00, 0x00, 0x63, 0x61, 0x73, 0x65, 0x00, 0x0a, 0x00, 0x00, 0x00, 0x76, 0x61, 0x6c, 0x75, 0x65, 0x2f, 0x75, 0x6e, 0x69, 0x74, 0x02, 0x00, 0x00, 0x00, 0x63, 0x63, 0x00, 0x0a, 0x00, 0x00, 0x00, 0x76, 0x61, 0x6c, 0x75, 0x65, 0x2f, 0x75, 0x6e, 0x69, 0x74, 0x05, 0x00, 0x00, 0x00, 0x63, 0x63, 0x6f, 0x6d, 0x70, 0x00, 0x0a, 0x00, 0x00, 0x00, 0x76, 0x61, 0x6c, 0x75, 0x65, 0x2f, 0x75, 0x6e, 0x69, 0x74, 0x03, 0x00, 0x00, 0x00, 0x63, 0x6c, 0x66, 0x00, 0x0a, 0x00, 0x00, 0x00, 0x76, 0x61, 0x6c, 0x75, 0x65, 0x2f, 0x75, 0x6e, 0x69, 0x74, 0x08, 0x00, 0x00, 0x00, 0x63, 0x6f, 0x6d, 0x70, 0x6f, 0x75, 0x6e, 0x64, 0x00, 0x0a, 0x00, 0x00, 0x00, 0x76, 0x61, 0x6c, 0x75, 0x65, 0x2f, 0x75, 0x6e, 0x69, 0x74, 0x04, 0x00, 0x00, 0x00, 0x63, 0x6f, 0x6e, 0x6a, 0x00, 0x0a, 0x00, 0x00, 0x00, 0x76, 0x61, 0x6c, 0x75, 0x65, 0x2f, 0x75, 0x6e, 0x69, 0x74, 0x03, 0x00, 0x00, 0x00, 0x63, 0x6f, 0x70, 0x00, 0x0a, 0x00, 0x00, 0x00, 0x76, 0x61, 0x6c, 0x75, 0x65, 0x2f, 0x75, 0x6e, 0x69, 0x74, 0x05, 0x00, 0x00, 0x00, 0x63, 0x73, 0x75, 0x62, 0x6a, 0x00, 0x0a, 0x00, 0x00, 0x00, 0x76, 0x61, 0x6c, 0x75, 0x65, 0x2f, 0x75, 0x6e, 0x69, 0x74, 0x03, 0x00, 0x00, 0x00, 0x64, 0x65, 0x70, 0x00, 0x0a, 0x00, 0x00, 0x00, 0x76, 0x61, 0x6c, 0x75, 0x65, 0x2f, 0x75, 0x6e, 0x69, 0x74, 0x03, 0x00, 0x00, 0x00, 0x64, 0x65, 0x74, 0x00, 0x0a, 0x00, 0x00, 0x00, 0x76, 0x61, 0x6c, 0x75, 0x65, 0x2f, 0x75, 0x6e, 0x69, 0x74, 0x09, 0x00, 0x00, 0x00, 0x64, 0x69, 0x73, 0x63, 0x6f, 0x75, 0x72, 0x73, 0x65, 0x00, 0x0a, 0x00, 0x00, 0x00, 0x76, 0x61, 0x6c, 0x75, 0x65, 0x2f, 0x75, 0x6e, 0x69, 0x74, 0x0a, 0x00, 0x00, 0x00, 0x64, 0x69, 0x73, 0x6c, 0x6f, 0x63, 0x61, 0x74, 0x65, 0x64, 0x00, 0x0a, 0x00, 0x00, 0x00, 0x76, 0x61, 0x6c, 0x75, 0x65, 0x2f, 0x75, 0x6e, 0x69, 0x74, 0x04, 0x00, 0x00, 0x00, 0x65, 0x78, 0x70, 0x6c, 0x00, 0x0a, 0x00, 0x00, 0x00, 0x76, 0x61, 0x6c, 0x75, 0x65, 0x2f, 0x75, 0x6e, 0x69, 0x74, 0x05, 0x00, 0x00, 0x00, 0x66, 0x69, 0x78, 0x65, 0x64, 0x00, 0x0a, 0x00, 0x00, 0x00, 0x76, 0x61, 0x6c, 0x75, 0x65, 0x2f, 0x75, 0x6e, 0x69, 0x74, 0x04, 0x00, 0x00, 0x00, 0x66, 0x6c, 0x61, 0x74, 0x00, 0x0a, 0x00, 0x00, 0x00, 0x76, 0x61, 0x6c, 0x75, 0x65, 0x2f, 0x75, 0x6e, 0x69, 0x74, 0x08, 0x00, 0x00, 0x00, 0x67, 0x6f, 0x65, 0x73, 0x77, 0x69, 0x74, 0x68, 0x00, 0x0a, 0x00, 0x00, 0x00, 0x76, 0x61, 0x6c, 0x75, 0x65, 0x2f, 0x75, 0x6e, 0x69, 0x74, 0x04, 0x00, 0x00, 0x00, 0x69, 0x6f, 0x62, 0x6a, 0x00, 0x0a, 0x00, 0x00, 0x00, 0x76, 0x61, 0x6c, 0x75, 0x65, 0x2f, 0x75, 0x6e, 0x69, 0x74, 0x04, 0x00, 0x00, 0x00, 0x6c, 0x69, 0x73, 0x74, 0x00, 0x0a, 0x00, 0x00, 0x00, 0x76, 0x61, 0x6c, 0x75, 0x65, 0x2f, 0x75, 0x6e, 0x69, 0x74, 0x04, 0x00, 0x00, 0x00, 0x6d, 0x61, 0x72, 0x6b, 0x00, 0x0a, 0x00, 0x00, 0x00, 0x76, 0x61, 0x6c, 0x75, 0x65, 0x2f, 0x75, 0x6e, 0x69, 0x74, 0x04, 0x00, 0x00, 0x00, 0x6e, 0x6d, 0x6f, 0x64, 0x00, 0x0a, 0x00, 0x00, 0x00, 0x76, 0x61, 0x6c, 0x75, 0x65, 0x2f, 0x75, 0x6e, 0x69, 0x74, 0x05, 0x00, 0x00, 0x00, 0x6e, 0x73, 0x75, 0x62, 0x6a, 0x00, 0x0a, 0x00, 0x00, 0x00, 0x76, 0x61, 0x6c, 0x75, 0x65, 0x2f, 0x75, 0x6e, 0x69, 0x74, 0x06, 0x00, 0x00, 0x00, 0x6e, 0x75, 0x6d, 0x6d, 0x6f, 0x64, 0x00, 0x0a, 0x00, 0x00, 0x00, 0x76, 0x61, 0x6c, 0x75, 0x65, 0x2f, 0x75, 0x6e, 0x69, 0x74, 0x03, 0x00, 0x00, 0x00, 0x6f, 0x62, 0x6a, 0x00, 0x0a, 0x00, 0x00, 0x00, 0x76, 0x61, 0x6c, 0x75, 0x65, 0x2f, 0x75, 0x6e, 0x69, 0x74, 0x03, 0x00, 0x00, 0x00, 0x6f, 0x62, 0x6c, 0x00, 0x0a, 0x00, 0x00, 0x00, 0x76, 0x61, 0x6c, 0x75, 0x65, 0x2f, 0x75, 0x6e, 0x69, 0x74, 0x06, 0x00, 0x00, 0x00, 0x6f, 0x72, 0x70, 0x68, 0x61, 0x6e, 0x00, 0x0a, 0x00, 0x00, 0x00, 0x76, 0x61, 0x6c, 0x75, 0x65, 0x2f, 0x75, 0x6e, 0x69, 0x74, 0x09, 0x00, 0x00, 0x00, 0x70, 0x61, 0x72, 0x61, 0x74, 0x61, 0x78, 0x69, 0x73, 0x00, 0x0a, 0x00, 0x00, 0x00, 0x76, 0x61, 0x6c, 0x75, 0x65, 0x2f, 0x75, 0x6e, 0x69, 0x74, 0x05, 0x00, 0x00, 0x00, 0x70, 0x75, 0x6e, 0x63, 0x74, 0x00, 0x0a, 0x00, 0x00, 0x00, 0x76, 0x61, 0x6c, 0x75, 0x65, 0x2f, 0x75, 0x6e, 0x69, 0x74, 0x0a, 0x00, 0x00, 0x00, 0x72, 0x65, 0x70, 0x61, 0x72, 0x61, 0x6e, 0x64, 0x75, 0x6d, 0x00, 0x0a, 0x00, 0x00, 0x00, 0x76, 0x61, 0x6c, 0x75, 0x65, 0x2f, 0x75, 0x6e, 0x69, 0x74, 0x04, 0x00, 0x00, 0x00, 0x72, 0x6f, 0x6f, 0x74, 0x00, 0x0a, 0x00, 0x00, 0x00, 0x76, 0x61, 0x6c, 0x75, 0x65, 0x2f, 0x75, 0x6e, 0x69, 0x74, 0x08, 0x00, 0x00, 0x00, 0x76, 0x6f, 0x63, 0x61, 0x74, 0x69, 0x76, 0x65, 0x00, 0x0a, 0x00, 0x00, 0x00, 0x76, 0x61, 0x6c, 0x75, 0x65, 0x2f, 0x75, 0x6e, 0x69, 0x74, 0x05, 0x00, 0x00, 0x00, 0x78, 0x63, 0x6f, 0x6d, 0x70, 0x00, 0x0a, 0x00, 0x00, 0x00, 0x76, 0x61, 0x6c, 0x75, 0x65, 0x2f, 0x75, 0x6e, 0x69, 0x74, 0x07, 0x00, 0x00, 0x00, 0x73, 0x75, 0x62, 0x74, 0x79, 0x70, 0x65, 0x05, 0x5b, 0x00, 0x00, 0x00, 0x74, 0x79, 0x70, 0x65, 0x2f, 0x4c, 0x61, 0x6e, 0x67, 0x75, 0x61, 0x67, 0x65, 0x50, 0x61, 0x72, 0x73, 0x65, 0x72, 0x53, 0x75, 0x62, 0x74, 0x79, 0x70, 0x65, 0x40, 0x33, 0x61, 0x35, 0x39, 0x61, 0x64, 0x35, 0x34, 0x63, 0x38, 0x65, 0x31, 0x39, 0x30, 0x30, 0x31, 0x35, 0x37, 0x35, 0x31, 0x34, 0x32, 0x65, 0x32, 0x31, 0x34, 0x35, 0x65, 0x39, 0x61, 0x62, 0x61, 0x32, 0x35, 0x36, 0x37, 0x32, 0x38, 0x63, 0x34, 0x39, 0x66, 0x33, 0x35, 0x36, 0x34, 0x34, 0x66, 0x31, 0x61, 0x39, 0x33, 0x38, 0x30, 0x37, 0x35, 0x62, 0x61, 0x39, 0x31, 0x63, 0x36, 0x34, 0x35, 0x00, 0x0a, 0x00, 0x00, 0x00, 0x76, 0x61, 0x6c, 0x75, 0x65, 0x2f, 0x74, 0x65, 0x78, 0x74, 0x09, 0x00, 0x00, 0x00, 0x72, 0x65, 0x6c, 0x61, 0x74, 0x69, 0x6f, 0x6e, 0x32, 0x02, 0x5c, 0x00, 0x00, 0x00, 0x74, 0x79, 0x70, 0x65, 0x2f, 0x4c, 0x61, 0x6e, 0x67, 0x75, 0x61, 0x67, 0x65, 0x50, 0x61, 0x72, 0x73, 0x65, 0x72, 0x52, 0x65, 0x6c, 0x61, 0x74, 0x69, 0x6f, 0x6e, 0x40, 0x63, 0x39, 0x64, 0x36, 0x34, 0x63, 0x35, 0x36, 0x64, 0x62, 0x32, 0x61, 0x61, 0x34, 0x30, 0x65, 0x35, 0x66, 0x66, 0x35, 0x36, 0x62, 0x63, 0x61, 0x64, 0x65, 0x33, 0x30, 0x66, 0x38, 0x38, 0x34, 0x37, 0x35, 0x33, 0x62, 0x65, 0x32, 0x33, 0x33, 0x36, 0x34, 0x65, 0x32, 0x34, 0x31, 0x33, 0x38, 0x64, 0x33, 0x65, 0x36, 0x36, 0x66, 0x62, 0x35, 0x66, 0x61, 0x32, 0x34, 0x38, 0x35, 0x66, 0x36, 0x02, 0x00, 0x00, 0x00, 0x04, 0x00, 0x00, 0x00, 0x62, 0x61, 0x73, 0x65, 0x03, 0x69, 0x00, 0x00, 0x00, 0x74, 0x79, 0x70, 0x65, 0x2f, 0x4c, 0x61, 0x6e, 0x67, 0x75, 0x61, 0x67, 0x65, 0x55, 0x6e, 0x69, 0x76, 0x65, 0x72, 0x73, 0x61, 0x6c, 0x44, 0x65, 0x70, 0x65, 0x6e, 0x64, 0x65, 0x6e, 0x63, 0x79, 0x52, 0x65, 0x6c, 0x61, 0x74, 0x69, 0x6f, 0x6e, 0x40, 0x37, 0x63, 0x65, 0x32, 0x37, 0x33, 0x30, 0x32, 0x64, 0x35, 0x62, 0x38, 0x32, 0x35, 0x32, 0x37, 0x37, 0x62, 0x62, 0x64, 0x37, 0x35, 0x34, 0x64, 0x30, 0x62, 0x63, 0x65, 0x38, 0x62, 0x62, 0x63, 0x39, 0x65, 0x37, 0x31, 0x66, 0x35, 0x64, 0x36, 0x34, 0x62, 0x63, 0x34, 0x66, 0x30, 0x61, 0x66, 0x31, 0x38, 0x34, 0x66, 0x63, 0x38, 0x36, 0x32, 0x64, 0x62, 0x64, 0x38, 0x63, 0x66, 0x32, 0x65, 0x25, 0x00, 0x00, 0x00, 0x03, 0x00, 0x00, 0x00, 0x61, 0x63, 0x6c, 0x00, 0x0a, 0x00, 0x00, 0x00, 0x76, 0x61, 0x6c, 0x75, 0x65, 0x2f, 0x75, 0x6e, 0x69, 0x74, 0x05, 0x00, 0x00, 0x00, 0x61, 0x64, 0x76, 0x63, 0x6c, 0x00, 0x0a, 0x00, 0x00, 0x00, 0x76, 0x61, 0x6c, 0x75, 0x65, 0x2f, 0x75, 0x6e, 0x69, 0x74, 0x06, 0x00, 0x00, 0x00, 0x61, 0x64, 0x76, 0x6d, 0x6f, 0x64, 0x00, 0x0a, 0x00, 0x00, 0x00, 0x76, 0x61, 0x6c, 0x75, 0x65, 0x2f, 0x75, 0x6e, 0x69, 0x74, 0x04, 0x00, 0x00, 0x00, 0x61, 0x6d, 0x6f, 0x64, 0x00, 0x0a, 0x00, 0x00, 0x00, 0x76, 0x61, 0x6c, 0x75, 0x65, 0x2f, 0x75, 0x6e, 0x69, 0x74, 0x05, 0x00, 0x00, 0x00, 0x61, 0x70, 0x70, 0x6f, 0x73, 0x00, 0x0a, 0x00, 0x00, 0x00, 0x76, 0x61, 0x6c, 0x75, 0x65, 0x2f, 0x75, 0x6e, 0x69, 0x74, 0x03, 0x00, 0x00, 0x00, 0x61, 0x75, 0x78, 0x00, 0x0a, 0x00, 0x00, 0x00, 0x76, 0x61, 0x6c, 0x75, 0x65, 0x2f, 0x75, 0x6e, 0x69, 0x74, 0x04, 0x00, 0x00, 0x00, 0x63, 0x61, 0x73, 0x65, 0x00, 0x0a, 0x00, 0x00, 0x00, 0x76, 0x61, 0x6c, 0x75, 0x65, 0x2f, 0x75, 0x6e, 0x69, 0x74, 0x02, 0x00, 0x00, 0x00, 0x63, 0x63, 0x00, 0x0a, 0x00, 0x00, 0x00, 0x76, 0x61, 0x6c, 0x75, 0x65, 0x2f, 0x75, 0x6e, 0x69, 0x74, 0x05, 0x00, 0x00, 0x00, 0x63, 0x63, 0x6f, 0x6d, 0x70, 0x00, 0x0a, 0x00, 0x00, 0x00, 0x76, 0x61, 0x6c, 0x75, 0x65, 0x2f, 0x75, 0x6e, 0x69, 0x74, 0x03, 0x00, 0x00, 0x00, 0x63, 0x6c, 0x66, 0x00, 0x0a, 0x00, 0x00, 0x00, 0x76, 0x61, 0x6c, 0x75, 0x65, 0x2f, 0x75, 0x6e, 0x69, 0x74, 0x08, 0x00, 0x00, 0x00, 0x63, 0x6f, 0x6d, 0x70, 0x6f, 0x75, 0x6e, 0x64, 0x00, 0x0a, 0x00, 0x00, 0x00, 0x76, 0x61, 0x6c, 0x75, 0x65, 0x2f, 0x75, 0x6e, 0x69, 0x74, 0x04, 0x00, 0x00, 0x00, 0x63, 0x6f, 0x6e, 0x6a, 0x00, 0x0a, 0x00, 0x00, 0x00, 0x76, 0x61, 0x6c, 0x75, 0x65, 0x2f, 0x75, 0x6e, 0x69, 0x74, 0x03, 0x00, 0x00, 0x00, 0x63, 0x6f, 0x70, 0x00, 0x0a, 0x00, 0x00, 0x00, 0x76, 0x61, 0x6c, 0x75, 0x65, 0x2f, 0x75, 0x6e, 0x69, 0x74, 0x05, 0x00, 0x00, 0x00, 0x63, 0x73, 0x75, 0x62, 0x6a, 0x00, 0x0a, 0x00, 0x00, 0x00, 0x76, 0x61, 0x6c, 0x75, 0x65, 0x2f, 0x75, 0x6e, 0x69, 0x74, 0x03, 0x00, 0x00, 0x00, 0x64, 0x65, 0x70, 0x00, 0x0a, 0x00, 0x00, 0x00, 0x76, 0x61, 0x6c, 0x75, 0x65, 0x2f, 0x75, 0x6e, 0x69, 0x74, 0x03, 0x00, 0x00, 0x00, 0x64, 0x65, 0x74, 0x00, 0x0a, 0x00, 0x00, 0x00, 0x76, 0x61, 0x6c, 0x75, 0x65, 0x2f, 0x75, 0x6e, 0x69, 0x74, 0x09, 0x00, 0x00, 0x00, 0x64, 0x69, 0x73, 0x63, 0x6f, 0x75, 0x72, 0x73, 0x65, 0x00, 0x0a, 0x00, 0x00, 0x00, 0x76, 0x61, 0x6c, 0x75, 0x65, 0x2f, 0x75, 0x6e, 0x69, 0x74, 0x0a, 0x00, 0x00, 0x00, 0x64, 0x69, 0x73, 0x6c, 0x6f, 0x63, 0x61, 0x74, 0x65, 0x64, 0x00, 0x0a, 0x00, 0x00, 0x00, 0x76, 0x61, 0x6c, 0x75, 0x65, 0x2f, 0x75, 0x6e, 0x69, 0x74, 0x04, 0x00, 0x00, 0x00, 0x65, 0x78, 0x70, 0x6c, 0x00, 0x0a, 0x00, 0x00, 0x00, 0x76, 0x61, 0x6c, 0x75, 0x65, 0x2f, 0x75, 0x6e, 0x69, 0x74, 0x05, 0x00, 0x00, 0x00, 0x66, 0x69, 0x78, 0x65, 0x64, 0x00, 0x0a, 0x00, 0x00, 0x00, 0x76, 0x61, 0x6c, 0x75, 0x65, 0x2f, 0x75, 0x6e, 0x69, 0x74, 0x04, 0x00, 0x00, 0x00, 0x66, 0x6c, 0x61, 0x74, 0x00, 0x0a, 0x00, 0x00, 0x00, 0x76, 0x61, 0x6c, 0x75, 0x65, 0x2f, 0x75, 0x6e, 0x69, 0x74, 0x08, 0x00, 0x00, 0x00, 0x67, 0x6f, 0x65, 0x73, 0x77, 0x69, 0x74, 0x68, 0x00, 0x0a, 0x00, 0x00, 0x00, 0x76, 0x61, 0x6c, 0x75, 0x65, 0x2f, 0x75, 0x6e, 0x69, 0x74, 0x04, 0x00, 0x00, 0x00, 0x69, 0x6f, 0x62, 0x6a, 0x00, 0x0a, 0x00, 0x00, 0x00, 0x76, 0x61, 0x6c, 0x75, 0x65, 0x2f, 0x75, 0x6e, 0x69, 0x74, 0x04, 0x00, 0x00, 0x00, 0x6c, 0x69, 0x73, 0x74, 0x00, 0x0a, 0x00, 0x00, 0x00, 0x76, 0x61, 0x6c, 0x75, 0x65, 0x2f, 0x75, 0x6e, 0x69, 0x74, 0x04, 0x00, 0x00, 0x00, 0x6d, 0x61, 0x72, 0x6b, 0x00, 0x0a, 0x00, 0x00, 0x00, 0x76, 0x61, 0x6c, 0x75, 0x65, 0x2f, 0x75, 0x6e, 0x69, 0x74, 0x04, 0x00, 0x00, 0x00, 0x6e, 0x6d, 0x6f, 0x64, 0x00, 0x0a, 0x00, 0x00, 0x00, 0x76, 0x61, 0x6c, 0x75, 0x65, 0x2f, 0x75, 0x6e, 0x69, 0x74, 0x05, 0x00, 0x00, 0x00, 0x6e, 0x73, 0x75, 0x62, 0x6a, 0x00, 0x0a, 0x00, 0x00, 0x00, 0x76, 0x61, 0x6c, 0x75, 0x65, 0x2f, 0x75, 0x6e, 0x69, 0x74, 0x06, 0x00, 0x00, 0x00, 0x6e, 0x75, 0x6d, 0x6d, 0x6f, 0x64, 0x00, 0x0a, 0x00, 0x00, 0x00, 0x76, 0x61, 0x6c, 0x75, 0x65, 0x2f, 0x75, 0x6e, 0x69, 0x74, 0x03, 0x00, 0x00, 0x00, 0x6f, 0x62, 0x6a, 0x00, 0x0a, 0x00, 0x00, 0x00, 0x76, 0x61, 0x6c, 0x75, 0x65, 0x2f, 0x75, 0x6e, 0x69, 0x74, 0x03, 0x00, 0x00, 0x00, 0x6f, 0x62, 0x6c, 0x00, 0x0a, 0x00, 0x00, 0x00, 0x76, 0x61, 0x6c, 0x75, 0x65, 0x2f, 0x75, 0x6e, 0x69, 0x74, 0x06, 0x00, 0x00, 0x00, 0x6f, 0x72, 0x70, 0x68, 0x61, 0x6e, 0x00, 0x0a, 0x00, 0x00, 0x00, 0x76, 0x61, 0x6c, 0x75, 0x65, 0x2f, 0x75, 0x6e, 0x69, 0x74, 0x09, 0x00, 0x00, 0x00, 0x70, 0x61, 0x72, 0x61, 0x74, 0x61, 0x78, 0x69, 0x73, 0x00, 0x0a, 0x00, 0x00, 0x00, 0x76, 0x61, 0x6c, 0x75, 0x65, 0x2f, 0x75, 0x6e, 0x69, 0x74, 0x05, 0x00, 0x00, 0x00, 0x70, 0x75, 0x6e, 0x63, 0x74, 0x00, 0x0a, 0x00, 0x00, 0x00, 0x76, 0x61, 0x6c, 0x75, 0x65, 0x2f, 0x75, 0x6e, 0x69, 0x74, 0x0a, 0x00, 0x00, 0x00, 0x72, 0x65, 0x70, 0x61, 0x72, 0x61, 0x6e, 0x64, 0x75, 0x6d, 0x00, 0x0a, 0x00, 0x00, 0x00, 0x76, 0x61, 0x6c, 0x75, 0x65, 0x2f, 0x75, 0x6e, 0x69, 0x74, 0x04, 0x00, 0x00, 0x00, 0x72, 0x6f, 0x6f, 0x74, 0x00, 0x0a, 0x00, 0x00, 0x00, 0x76, 0x61, 0x6c, 0x75, 0x65, 0x2f, 0x75, 0x6e, 0x69, 0x74, 0x08, 0x00, 0x00, 0x00, 0x76, 0x6f, 0x63, 0x61, 0x74, 0x69, 0x76, 0x65, 0x00, 0x0a, 0x00, 0x00, 0x00, 0x76, 0x61, 0x6c, 0x75, 0x65, 0x2f, 0x75, 0x6e, 0x69, 0x74, 0x05, 0x00, 0x00, 0x00, 0x78, 0x63, 0x6f, 0x6d, 0x70, 0x00, 0x0a, 0x00, 0x00, 0x00, 0x76, 0x61, 0x6c, 0x75, 0x65, 0x2f, 0x75, 0x6e, 0x69, 0x74, 0x07, 0x00, 0x00, 0x00, 0x73, 0x75, 0x62, 0x74, 0x79, 0x70, 0x65, 0x05, 0x5b, 0x00, 0x00, 0x00, 0x74, 0x79, 0x70, 0x65, 0x2f, 0x4c, 0x61, 0x6e, 0x67, 0x75, 0x61, 0x67, 0x65, 0x50, 0x61, 0x72, 0x73, 0x65, 0x72, 0x53, 0x75, 0x62, 0x74, 0x79, 0x70, 0x65, 0x40, 0x33, 0x61, 0x35, 0x39, 0x61, 0x64, 0x35, 0x34, 0x63, 0x38, 0x65, 0x31, 0x39, 0x30, 0x30, 0x31, 0x35, 0x37, 0x35, 0x31, 0x34, 0x32, 0x65, 0x32, 0x31, 0x34, 0x35, 0x65, 0x39, 0x61, 0x62, 0x61, 0x32, 0x35, 0x36, 0x37, 0x32, 0x38, 0x63, 0x34, 0x39, 0x66, 0x33, 0x35, 0x36, 0x34, 0x34, 0x66, 0x31, 0x61, 0x39, 0x33, 0x38, 0x30, 0x37, 0x35, 0x62, 0x61, 0x39, 0x31, 0x63, 0x36, 0x34, 0x35, 0x00, 0x0a, 0x00, 0x00, 0x00, 0x76, 0x61, 0x6c, 0x75, 0x65, 0x2f, 0x74, 0x65, 0x78, 0x74, 0x09, 0x00, 0x00, 0x00, 0x72, 0x65, 0x6c, 0x61, 0x74, 0x69, 0x6f, 0x6e, 0x33, 0x02, 0x5c, 0x00, 0x00, 0x00, 0x74, 0x79, 0x70, 0x65, 0x2f, 0x4c, 0x61, 0x6e, 0x67, 0x75, 0x61, 0x67, 0x65, 0x50, 0x61, 0x72, 0x73, 0x65, 0x72, 0x52, 0x65, 0x6c, 0x61, 0x74, 0x69, 0x6f, 0x6e, 0x40, 0x63, 0x39, 0x64, 0x36, 0x34, 0x63, 0x35, 0x36, 0x64, 0x62, 0x32, 0x61, 0x61, 0x34, 0x30, 0x65, 0x35, 0x66, 0x66, 0x35, 0x36, 0x62, 0x63, 0x61, 0x64, 0x65, 0x33, 0x30, 0x66, 0x38, 0x38, 0x34, 0x37, 0x35, 0x33, 0x62, 0x65, 0x32, 0x33, 0x33, 0x36, 0x34, 0x65, 0x32, 0x34, 0x31, 0x33, 0x38, 0x64, 0x33, 0x65, 0x36, 0x36, 0x66, 0x62, 0x35, 0x66, 0x61, 0x32, 0x34, 0x38, 0x35, 0x66, 0x36, 0x02, 0x00, 0x00, 0x00, 0x04, 0x00, 0x00, 0x00, 0x62, 0x61, 0x73, 0x65, 0x03, 0x69, 0x00, 0x00, 0x00, 0x74, 0x79, 0x70, 0x65, 0x2f, 0x4c, 0x61, 0x6e, 0x67, 0x75, 0x61, 0x67, 0x65, 0x55, 0x6e, 0x69, 0x76, 0x65, 0x72, 0x73, 0x61, 0x6c, 0x44, 0x65, 0x70, 0x65, 0x6e, 0x64, 0x65, 0x6e, 0x63, 0x79, 0x52, 0x65, 0x6c, 0x61, 0x74, 0x69, 0x6f, 0x6e, 0x40, 0x37, 0x63, 0x65, 0x32, 0x37, 0x33, 0x30, 0x32, 0x64, 0x35, 0x62, 0x38, 0x32, 0x35, 0x32, 0x37, 0x37, 0x62, 0x62, 0x64, 0x37, 0x35, 0x34, 0x64, 0x30, 0x62, 0x63, 0x65, 0x38, 0x62, 0x62, 0x63, 0x39, 0x65, 0x37, 0x31, 0x66, 0x35, 0x64, 0x36, 0x34, 0x62, 0x63, 0x34, 0x66, 0x30, 0x61, 0x66, 0x31, 0x38, 0x34, 0x66, 0x63, 0x38, 0x36, 0x32, 0x64, 0x62, 0x64, 0x38, 0x63, 0x66, 0x32, 0x65, 0x25, 0x00, 0x00, 0x00, 0x03, 0x00, 0x00, 0x00, 0x61, 0x63, 0x6c, 0x00, 0x0a, 0x00, 0x00, 0x00, 0x76, 0x61, 0x6c, 0x75, 0x65, 0x2f, 0x75, 0x6e, 0x69, 0x74, 0x05, 0x00, 0x00, 0x00, 0x61, 0x64, 0x76, 0x63, 0x6c, 0x00, 0x0a, 0x00, 0x00, 0x00, 0x76, 0x61, 0x6c, 0x75, 0x65, 0x2f, 0x75, 0x6e, 0x69, 0x74, 0x06, 0x00, 0x00, 0x00, 0x61, 0x64, 0x76, 0x6d, 0x6f, 0x64, 0x00, 0x0a, 0x00, 0x00, 0x00, 0x76, 0x61, 0x6c, 0x75, 0x65, 0x2f, 0x75, 0x6e, 0x69, 0x74, 0x04, 0x00, 0x00, 0x00, 0x61, 0x6d, 0x6f, 0x64, 0x00, 0x0a, 0x00, 0x00, 0x00, 0x76, 0x61, 0x6c, 0x75, 0x65, 0x2f, 0x75, 0x6e, 0x69, 0x74, 0x05, 0x00, 0x00, 0x00, 0x61, 0x70, 0x70, 0x6f, 0x73, 0x00, 0x0a, 0x00, 0x00, 0x00, 0x76, 0x61, 0x6c, 0x75, 0x65, 0x2f, 0x75, 0x6e, 0x69, 0x74, 0x03, 0x00, 0x00, 0x00, 0x61, 0x75, 0x78, 0x00, 0x0a, 0x00, 0x00, 0x00, 0x76, 0x61, 0x6c, 0x75, 0x65, 0x2f, 0x75, 0x6e, 0x69, 0x74, 0x04, 0x00, 0x00, 0x00, 0x63, 0x61, 0x73, 0x65, 0x00, 0x0a, 0x00, 0x00, 0x00, 0x76, 0x61, 0x6c, 0x75, 0x65, 0x2f, 0x75, 0x6e, 0x69, 0x74, 0x02, 0x00, 0x00, 0x00, 0x63, 0x63, 0x00, 0x0a, 0x00, 0x00, 0x00, 0x76, 0x61, 0x6c, 0x75, 0x65, 0x2f, 0x75, 0x6e, 0x69, 0x74, 0x05, 0x00, 0x00, 0x00, 0x63, 0x63, 0x6f, 0x6d, 0x70, 0x00, 0x0a, 0x00, 0x00, 0x00, 0x76, 0x61, 0x6c, 0x75, 0x65, 0x2f, 0x75, 0x6e, 0x69, 0x74, 0x03, 0x00, 0x00, 0x00, 0x63, 0x6c, 0x66, 0x00, 0x0a, 0x00, 0x00, 0x00, 0x76, 0x61, 0x6c, 0x75, 0x65, 0x2f, 0x75, 0x6e, 0x69, 0x74, 0x08, 0x00, 0x00, 0x00, 0x63, 0x6f, 0x6d, 0x70, 0x6f, 0x75, 0x6e, 0x64, 0x00, 0x0a, 0x00, 0x00, 0x00, 0x76, 0x61, 0x6c, 0x75, 0x65, 0x2f, 0x75, 0x6e, 0x69, 0x74, 0x04, 0x00, 0x00, 0x00, 0x63, 0x6f, 0x6e, 0x6a, 0x00, 0x0a, 0x00, 0x00, 0x00, 0x76, 0x61, 0x6c, 0x75, 0x65, 0x2f, 0x75, 0x6e, 0x69, 0x74, 0x03, 0x00, 0x00, 0x00, 0x63, 0x6f, 0x70, 0x00, 0x0a, 0x00, 0x00, 0x00, 0x76, 0x61, 0x6c, 0x75, 0x65, 0x2f, 0x75, 0x6e, 0x69, 0x74, 0x05, 0x00, 0x00, 0x00, 0x63, 0x73, 0x75, 0x62, 0x6a, 0x00, 0x0a, 0x00, 0x00, 0x00, 0x76, 0x61, 0x6c, 0x75, 0x65, 0x2f, 0x75, 0x6e, 0x69, 0x74, 0x03, 0x00, 0x00, 0x00, 0x64, 0x65, 0x70, 0x00, 0x0a, 0x00, 0x00, 0x00, 0x76, 0x61, 0x6c, 0x75, 0x65, 0x2f, 0x75, 0x6e, 0x69, 0x74, 0x03, 0x00, 0x00, 0x00, 0x64, 0x65, 0x74, 0x00, 0x0a, 0x00, 0x00, 0x00, 0x76, 0x61, 0x6c, 0x75, 0x65, 0x2f, 0x75, 0x6e, 0x69, 0x74, 0x09, 0x00, 0x00, 0x00, 0x64, 0x69, 0x73, 0x63, 0x6f, 0x75, 0x72, 0x73, 0x65, 0x00, 0x0a, 0x00, 0x00, 0x00, 0x76, 0x61, 0x6c, 0x75, 0x65, 0x2f, 0x75, 0x6e, 0x69, 0x74, 0x0a, 0x00, 0x00, 0x00, 0x64, 0x69, 0x73, 0x6c, 0x6f, 0x63, 0x61, 0x74, 0x65, 0x64, 0x00, 0x0a, 0x00, 0x00, 0x00, 0x76, 0x61, 0x6c, 0x75, 0x65, 0x2f, 0x75, 0x6e, 0x69, 0x74, 0x04, 0x00, 0x00, 0x00, 0x65, 0x78, 0x70, 0x6c, 0x00, 0x0a, 0x00, 0x00, 0x00, 0x76, 0x61, 0x6c, 0x75, 0x65, 0x2f, 0x75, 0x6e, 0x69, 0x74, 0x05, 0x00, 0x00, 0x00, 0x66, 0x69, 0x78, 0x65, 0x64, 0x00, 0x0a, 0x00, 0x00, 0x00, 0x76, 0x61, 0x6c, 0x75, 0x65, 0x2f, 0x75, 0x6e, 0x69, 0x74, 0x04, 0x00, 0x00, 0x00, 0x66, 0x6c, 0x61, 0x74, 0x00, 0x0a, 0x00, 0x00, 0x00, 0x76, 0x61, 0x6c, 0x75, 0x65, 0x2f, 0x75, 0x6e, 0x69, 0x74, 0x08, 0x00, 0x00, 0x00, 0x67, 0x6f, 0x65, 0x73, 0x77, 0x69, 0x74, 0x68, 0x00, 0x0a, 0x00, 0x00, 0x00, 0x76, 0x61, 0x6c, 0x75, 0x65, 0x2f, 0x75, 0x6e, 0x69, 0x74, 0x04, 0x00, 0x00, 0x00, 0x69, 0x6f, 0x62, 0x6a, 0x00, 0x0a, 0x00, 0x00, 0x00, 0x76, 0x61, 0x6c, 0x75, 0x65, 0x2f, 0x75, 0x6e, 0x69, 0x74, 0x04, 0x00, 0x00, 0x00, 0x6c, 0x69, 0x73, 0x74, 0x00, 0x0a, 0x00, 0x00, 0x00, 0x76, 0x61, 0x6c, 0x75, 0x65, 0x2f, 0x75, 0x6e, 0x69, 0x74, 0x04, 0x00, 0x00, 0x00, 0x6d, 0x61, 0x72, 0x6b, 0x00, 0x0a, 0x00, 0x00, 0x00, 0x76, 0x61, 0x6c, 0x75, 0x65, 0x2f, 0x75, 0x6e, 0x69, 0x74, 0x04, 0x00, 0x00, 0x00, 0x6e, 0x6d, 0x6f, 0x64, 0x00, 0x0a, 0x00, 0x00, 0x00, 0x76, 0x61, 0x6c, 0x75, 0x65, 0x2f, 0x75, 0x6e, 0x69, 0x74, 0x05, 0x00, 0x00, 0x00, 0x6e, 0x73, 0x75, 0x62, 0x6a, 0x00, 0x0a, 0x00, 0x00, 0x00, 0x76, 0x61, 0x6c, 0x75, 0x65, 0x2f, 0x75, 0x6e, 0x69, 0x74, 0x06, 0x00, 0x00, 0x00, 0x6e, 0x75, 0x6d, 0x6d, 0x6f, 0x64, 0x00, 0x0a, 0x00, 0x00, 0x00, 0x76, 0x61, 0x6c, 0x75, 0x65, 0x2f, 0x75, 0x6e, 0x69, 0x74, 0x03, 0x00, 0x00, 0x00, 0x6f, 0x62, 0x6a, 0x00, 0x0a, 0x00, 0x00, 0x00, 0x76, 0x61, 0x6c, 0x75, 0x65, 0x2f, 0x75, 0x6e, 0x69, 0x74, 0x03, 0x00, 0x00, 0x00, 0x6f, 0x62, 0x6c, 0x00, 0x0a, 0x00, 0x00, 0x00, 0x76, 0x61, 0x6c, 0x75, 0x65, 0x2f, 0x75, 0x6e, 0x69, 0x74, 0x06, 0x00, 0x00, 0x00, 0x6f, 0x72, 0x70, 0x68, 0x61, 0x6e, 0x00, 0x0a, 0x00, 0x00, 0x00, 0x76, 0x61, 0x6c, 0x75, 0x65, 0x2f, 0x75, 0x6e, 0x69, 0x74, 0x09, 0x00, 0x00, 0x00, 0x70, 0x61, 0x72, 0x61, 0x74, 0x61, 0x78, 0x69, 0x73, 0x00, 0x0a, 0x00, 0x00, 0x00, 0x76, 0x61, 0x6c, 0x75, 0x65, 0x2f, 0x75, 0x6e, 0x69, 0x74, 0x05, 0x00, 0x00, 0x00, 0x70, 0x75, 0x6e, 0x63, 0x74, 0x00, 0x0a, 0x00, 0x00, 0x00, 0x76, 0x61, 0x6c, 0x75, 0x65, 0x2f, 0x75, 0x6e, 0x69, 0x74, 0x0a, 0x00, 0x00, 0x00, 0x72, 0x65, 0x70, 0x61, 0x72, 0x61, 0x6e, 0x64, 0x75, 0x6d, 0x00, 0x0a, 0x00, 0x00, 0x00, 0x76, 0x61, 0x6c, 0x75, 0x65, 0x2f, 0x75, 0x6e, 0x69, 0x74, 0x04, 0x00, 0x00, 0x00, 0x72, 0x6f, 0x6f, 0x74, 0x00, 0x0a, 0x00, 0x00, 0x00, 0x76, 0x61, 0x6c, 0x75, 0x65, 0x2f, 0x75, 0x6e, 0x69, 0x74, 0x08, 0x00, 0x00, 0x00, 0x76, 0x6f, 0x63, 0x61, 0x74, 0x69, 0x76, 0x65, 0x00, 0x0a, 0x00, 0x00, 0x00, 0x76, 0x61, 0x6c, 0x75, 0x65, 0x2f, 0x75, 0x6e, 0x69, 0x74, 0x05, 0x00, 0x00, 0x00, 0x78, 0x63, 0x6f, 0x6d, 0x70, 0x00, 0x0a, 0x00, 0x00, 0x00, 0x76, 0x61, 0x6c, 0x75, 0x65, 0x2f, 0x75, 0x6e, 0x69, 0x74, 0x07, 0x00, 0x00, 0x00, 0x73, 0x75, 0x62, 0x74, 0x79, 0x70, 0x65, 0x05, 0x5b, 0x00, 0x00, 0x00, 0x74, 0x79, 0x70, 0x65, 0x2f, 0x4c, 0x61, 0x6e, 0x67, 0x75, 0x61, 0x67, 0x65, 0x50, 0x61, 0x72, 0x73, 0x65, 0x72, 0x53, 0x75, 0x62, 0x74, 0x79, 0x70, 0x65, 0x40, 0x33, 0x61, 0x35, 0x39, 0x61, 0x64, 0x35, 0x34, 0x63, 0x38, 0x65, 0x31, 0x39, 0x30, 0x30, 0x31, 0x35, 0x37, 0x35, 0x31, 0x34, 0x32, 0x65, 0x32, 0x31, 0x34, 0x35, 0x65, 0x39, 0x61, 0x62, 0x61, 0x32, 0x35, 0x36, 0x37, 0x32, 0x38, 0x63, 0x34, 0x39, 0x66, 0x33, 0x35, 0x36, 0x34, 0x34, 0x66, 0x31, 0x61, 0x39, 0x33, 0x38, 0x30, 0x37, 0x35, 0x62, 0x61, 0x39, 0x31, 0x63, 0x36, 0x34, 0x35, 0x00, 0x0a, 0x00, 0x00, 0x00, 0x76, 0x61, 0x6c, 0x75, 0x65, 0x2f, 0x74, 0x65, 0x78, 0x74, 0x09, 0x00, 0x00, 0x00, 0x72, 0x65, 0x6c, 0x61, 0x74, 0x69, 0x6f, 0x6e, 0x34, 0x02, 0x5c, 0x00, 0x00, 0x00, 0x74, 0x79, 0x70, 0x65, 0x2f, 0x4c, 0x61, 0x6e, 0x67, 0x75, 0x61, 0x67, 0x65, 0x50, 0x61, 0x72, 0x73, 0x65, 0x72, 0x52, 0x65, 0x6c, 0x61, 0x74, 0x69, 0x6f, 0x6e, 0x40, 0x63, 0x39, 0x64, 0x36, 0x34, 0x63, 0x35, 0x36, 0x64, 0x62, 0x32, 0x61, 0x61, 0x34, 0x30, 0x65, 0x35, 0x66, 0x66, 0x35, 0x36, 0x62, 0x63, 0x61, 0x64, 0x65, 0x33, 0x30, 0x66, 0x38, 0x38, 0x34, 0x37, 0x35, 0x33, 0x62, 0x65, 0x32, 0x33, 0x33, 0x36, 0x34, 0x65, 0x32, 0x34, 0x31, 0x33, 0x38, 0x64, 0x33, 0x65, 0x36, 0x36, 0x66, 0x62, 0x35, 0x66, 0x61, 0x32, 0x34, 0x38, 0x35, 0x66, 0x36, 0x02, 0x00, 0x00, 0x00, 0x04, 0x00, 0x00, 0x00, 0x62, 0x61, 0x73, 0x65, 0x03, 0x69, 0x00, 0x00, 0x00, 0x74, 0x79, 0x70, 0x65, 0x2f, 0x4c, 0x61, 0x6e, 0x67, 0x75, 0x61, 0x67, 0x65, 0x55, 0x6e, 0x69, 0x76, 0x65, 0x72, 0x73, 0x61, 0x6c, 0x44, 0x65, 0x70, 0x65, 0x6e, 0x64, 0x65, 0x6e, 0x63, 0x79, 0x52, 0x65, 0x6c, 0x61, 0x74, 0x69, 0x6f, 0x6e, 0x40, 0x37, 0x63, 0x65, 0x32, 0x37, 0x33, 0x30, 0x32, 0x64, 0x35, 0x62, 0x38, 0x32, 0x35, 0x32, 0x37, 0x37, 0x62, 0x62, 0x64, 0x37, 0x35, 0x34, 0x64, 0x30, 0x62, 0x63, 0x65, 0x38, 0x62, 0x62, 0x63, 0x39, 0x65, 0x37, 0x31, 0x66, 0x35, 0x64, 0x36, 0x34, 0x62, 0x63, 0x34, 0x66, 0x30, 0x61, 0x66, 0x31, 0x38, 0x34, 0x66, 0x63, 0x38, 0x36, 0x32, 0x64, 0x62, 0x64, 0x38, 0x63, 0x66, 0x32, 0x65, 0x25, 0x00, 0x00, 0x00, 0x03, 0x00, 0x00, 0x00, 0x61, 0x63, 0x6c, 0x00, 0x0a, 0x00, 0x00, 0x00, 0x76, 0x61, 0x6c, 0x75, 0x65, 0x2f, 0x75, 0x6e, 0x69, 0x74, 0x05, 0x00, 0x00, 0x00, 0x61, 0x64, 0x76, 0x63, 0x6c, 0x00, 0x0a, 0x00, 0x00, 0x00, 0x76, 0x61, 0x6c, 0x75, 0x65, 0x2f, 0x75, 0x6e, 0x69, 0x74, 0x06, 0x00, 0x00, 0x00, 0x61, 0x64, 0x76, 0x6d, 0x6f, 0x64, 0x00, 0x0a, 0x00, 0x00, 0x00, 0x76, 0x61, 0x6c, 0x75, 0x65, 0x2f, 0x75, 0x6e, 0x69, 0x74, 0x04, 0x00, 0x00, 0x00, 0x61, 0x6d, 0x6f, 0x64, 0x00, 0x0a, 0x00, 0x00, 0x00, 0x76, 0x61, 0x6c, 0x75, 0x65, 0x2f, 0x75, 0x6e, 0x69, 0x74, 0x05, 0x00, 0x00, 0x00, 0x61, 0x70, 0x70, 0x6f, 0x73, 0x00, 0x0a, 0x00, 0x00, 0x00, 0x76, 0x61, 0x6c, 0x75, 0x65, 0x2f, 0x75, 0x6e, 0x69, 0x74, 0x03, 0x00, 0x00, 0x00, 0x61, 0x75, 0x78, 0x00, 0x0a, 0x00, 0x00, 0x00, 0x76, 0x61, 0x6c, 0x75, 0x65, 0x2f, 0x75, 0x6e, 0x69, 0x74, 0x04, 0x00, 0x00, 0x00, 0x63, 0x61, 0x73, 0x65, 0x00, 0x0a, 0x00, 0x00, 0x00, 0x76, 0x61, 0x6c, 0x75, 0x65, 0x2f, 0x75, 0x6e, 0x69, 0x74, 0x02, 0x00, 0x00, 0x00, 0x63, 0x63, 0x00, 0x0a, 0x00, 0x00, 0x00, 0x76, 0x61, 0x6c, 0x75, 0x65, 0x2f, 0x75, 0x6e, 0x69, 0x74, 0x05, 0x00, 0x00, 0x00, 0x63, 0x63, 0x6f, 0x6d, 0x70, 0x00, 0x0a, 0x00, 0x00, 0x00, 0x76, 0x61, 0x6c, 0x75, 0x65, 0x2f, 0x75, 0x6e, 0x69, 0x74, 0x03, 0x00, 0x00, 0x00, 0x63, 0x6c, 0x66, 0x00, 0x0a, 0x00, 0x00, 0x00, 0x76, 0x61, 0x6c, 0x75, 0x65, 0x2f, 0x75, 0x6e, 0x69, 0x74, 0x08, 0x00, 0x00, 0x00, 0x63, 0x6f, 0x6d, 0x70, 0x6f, 0x75, 0x6e, 0x64, 0x00, 0x0a, 0x00, 0x00, 0x00, 0x76, 0x61, 0x6c, 0x75, 0x65, 0x2f, 0x75, 0x6e, 0x69, 0x74, 0x04, 0x00, 0x00, 0x00, 0x63, 0x6f, 0x6e, 0x6a, 0x00, 0x0a, 0x00, 0x00, 0x00, 0x76, 0x61, 0x6c, 0x75, 0x65, 0x2f, 0x75, 0x6e, 0x69, 0x74, 0x03, 0x00, 0x00, 0x00, 0x63, 0x6f, 0x70, 0x00, 0x0a, 0x00, 0x00, 0x00, 0x76, 0x61, 0x6c, 0x75, 0x65, 0x2f, 0x75, 0x6e, 0x69, 0x74, 0x05, 0x00, 0x00, 0x00, 0x63, 0x73, 0x75, 0x62, 0x6a, 0x00, 0x0a, 0x00, 0x00, 0x00, 0x76, 0x61, 0x6c, 0x75, 0x65, 0x2f, 0x75, 0x6e, 0x69, 0x74, 0x03, 0x00, 0x00, 0x00, 0x64, 0x65, 0x70, 0x00, 0x0a, 0x00, 0x00, 0x00, 0x76, 0x61, 0x6c, 0x75, 0x65, 0x2f, 0x75, 0x6e, 0x69, 0x74, 0x03, 0x00, 0x00, 0x00, 0x64, 0x65, 0x74, 0x00, 0x0a, 0x00, 0x00, 0x00, 0x76, 0x61, 0x6c, 0x75, 0x65, 0x2f, 0x75, 0x6e, 0x69, 0x74, 0x09, 0x00, 0x00, 0x00, 0x64, 0x69, 0x73, 0x63, 0x6f, 0x75, 0x72, 0x73, 0x65, 0x00, 0x0a, 0x00, 0x00, 0x00, 0x76, 0x61, 0x6c, 0x75, 0x65, 0x2f, 0x75, 0x6e, 0x69, 0x74, 0x0a, 0x00, 0x00, 0x00, 0x64, 0x69, 0x73, 0x6c, 0x6f, 0x63, 0x61, 0x74, 0x65, 0x64, 0x00, 0x0a, 0x00, 0x00, 0x00, 0x76, 0x61, 0x6c, 0x75, 0x65, 0x2f, 0x75, 0x6e, 0x69, 0x74, 0x04, 0x00, 0x00, 0x00, 0x65, 0x78, 0x70, 0x6c, 0x00, 0x0a, 0x00, 0x00, 0x00, 0x76, 0x61, 0x6c, 0x75, 0x65, 0x2f, 0x75, 0x6e, 0x69, 0x74, 0x05, 0x00, 0x00, 0x00, 0x66, 0x69, 0x78, 0x65, 0x64, 0x00, 0x0a, 0x00, 0x00, 0x00, 0x76, 0x61, 0x6c, 0x75, 0x65, 0x2f, 0x75, 0x6e, 0x69, 0x74, 0x04, 0x00, 0x00, 0x00, 0x66, 0x6c, 0x61, 0x74, 0x00, 0x0a, 0x00, 0x00, 0x00, 0x76, 0x61, 0x6c, 0x75, 0x65, 0x2f, 0x75, 0x6e, 0x69, 0x74, 0x08, 0x00, 0x00, 0x00, 0x67, 0x6f, 0x65, 0x73, 0x77, 0x69, 0x74, 0x68, 0x00, 0x0a, 0x00, 0x00, 0x00, 0x76, 0x61, 0x6c, 0x75, 0x65, 0x2f, 0x75, 0x6e, 0x69, 0x74, 0x04, 0x00, 0x00, 0x00, 0x69, 0x6f, 0x62, 0x6a, 0x00, 0x0a, 0x00, 0x00, 0x00, 0x76, 0x61, 0x6c, 0x75, 0x65, 0x2f, 0x75, 0x6e, 0x69, 0x74, 0x04, 0x00, 0x00, 0x00, 0x6c, 0x69, 0x73, 0x74, 0x00, 0x0a, 0x00, 0x00, 0x00, 0x76, 0x61, 0x6c, 0x75, 0x65, 0x2f, 0x75, 0x6e, 0x69, 0x74, 0x04, 0x00, 0x00, 0x00, 0x6d, 0x61, 0x72, 0x6b, 0x00, 0x0a, 0x00, 0x00, 0x00, 0x76, 0x61, 0x6c, 0x75, 0x65, 0x2f, 0x75, 0x6e, 0x69, 0x74, 0x04, 0x00, 0x00, 0x00, 0x6e, 0x6d, 0x6f, 0x64, 0x00, 0x0a, 0x00, 0x00, 0x00, 0x76, 0x61, 0x6c, 0x75, 0x65, 0x2f, 0x75, 0x6e, 0x69, 0x74, 0x05, 0x00, 0x00, 0x00, 0x6e, 0x73, 0x75, 0x62, 0x6a, 0x00, 0x0a, 0x00, 0x00, 0x00, 0x76, 0x61, 0x6c, 0x75, 0x65, 0x2f, 0x75, 0x6e, 0x69, 0x74, 0x06, 0x00, 0x00, 0x00, 0x6e, 0x75, 0x6d, 0x6d, 0x6f, 0x64, 0x00, 0x0a, 0x00, 0x00, 0x00, 0x76, 0x61, 0x6c, 0x75, 0x65, 0x2f, 0x75, 0x6e, 0x69, 0x74, 0x03, 0x00, 0x00, 0x00, 0x6f, 0x62, 0x6a, 0x00, 0x0a, 0x00, 0x00, 0x00, 0x76, 0x61, 0x6c, 0x75, 0x65, 0x2f, 0x75, 0x6e, 0x69, 0x74, 0x03, 0x00, 0x00, 0x00, 0x6f, 0x62, 0x6c, 0x00, 0x0a, 0x00, 0x00, 0x00, 0x76, 0x61, 0x6c, 0x75, 0x65, 0x2f, 0x75, 0x6e, 0x69, 0x74, 0x06, 0x00, 0x00, 0x00, 0x6f, 0x72, 0x70, 0x68, 0x61, 0x6e, 0x00, 0x0a, 0x00, 0x00, 0x00, 0x76, 0x61, 0x6c, 0x75, 0x65, 0x2f, 0x75, 0x6e, 0x69, 0x74, 0x09, 0x00, 0x00, 0x00, 0x70, 0x61, 0x72, 0x61, 0x74, 0x61, 0x78, 0x69, 0x73, 0x00, 0x0a, 0x00, 0x00, 0x00, 0x76, 0x61, 0x6c, 0x75, 0x65, 0x2f, 0x75, 0x6e, 0x69, 0x74, 0x05, 0x00, 0x00, 0x00, 0x70, 0x75, 0x6e, 0x63, 0x74, 0x00, 0x0a, 0x00, 0x00, 0x00, 0x76, 0x61, 0x6c, 0x75, 0x65, 0x2f, 0x75, 0x6e, 0x69, 0x74, 0x0a, 0x00, 0x00, 0x00, 0x72, 0x65, 0x70, 0x61, 0x72, 0x61, 0x6e, 0x64, 0x75, 0x6d, 0x00, 0x0a, 0x00, 0x00, 0x00, 0x76, 0x61, 0x6c, 0x75, 0x65, 0x2f, 0x75, 0x6e, 0x69, 0x74, 0x04, 0x00, 0x00, 0x00, 0x72, 0x6f, 0x6f, 0x74, 0x00, 0x0a, 0x00, 0x00, 0x00, 0x76, 0x61, 0x6c, 0x75, 0x65, 0x2f, 0x75, 0x6e, 0x69, 0x74, 0x08, 0x00, 0x00, 0x00, 0x76, 0x6f, 0x63, 0x61, 0x74, 0x69, 0x76, 0x65, 0x00, 0x0a, 0x00, 0x00, 0x00, 0x76, 0x61, 0x6c, 0x75, 0x65, 0x2f, 0x75, 0x6e, 0x69, 0x74, 0x05, 0x00, 0x00, 0x00, 0x78, 0x63, 0x6f, 0x6d, 0x70, 0x00, 0x0a, 0x00, 0x00, 0x00, 0x76, 0x61, 0x6c, 0x75, 0x65, 0x2f, 0x75, 0x6e, 0x69, 0x74, 0x07, 0x00, 0x00, 0x00, 0x73, 0x75, 0x62, 0x74, 0x79, 0x70, 0x65, 0x05, 0x5b, 0x00, 0x00, 0x00, 0x74, 0x79, 0x70, 0x65, 0x2f, 0x4c, 0x61, 0x6e, 0x67, 0x75, 0x61, 0x67, 0x65, 0x50, 0x61, 0x72, 0x73, 0x65, 0x72, 0x53, 0x75, 0x62, 0x74, 0x79, 0x70, 0x65, 0x40, 0x33, 0x61, 0x35, 0x39, 0x61, 0x64, 0x35, 0x34, 0x63, 0x38, 0x65, 0x31, 0x39, 0x30, 0x30, 0x31, 0x35, 0x37, 0x35, 0x31, 0x34, 0x32, 0x65, 0x32, 0x31, 0x34, 0x35, 0x65, 0x39, 0x61, 0x62, 0x61, 0x32, 0x35, 0x36, 0x37, 0x32, 0x38, 0x63, 0x34, 0x39, 0x66, 0x33, 0x35, 0x36, 0x34, 0x34, 0x66, 0x31, 0x61, 0x39, 0x33, 0x38, 0x30, 0x37, 0x35, 0x62, 0x61, 0x39, 0x31, 0x63, 0x36, 0x34, 0x35, 0x00, 0x0a, 0x00, 0x00, 0x00, 0x76, 0x61, 0x6c, 0x75, 0x65, 0x2f, 0x74, 0x65, 0x78, 0x74, 0x09, 0x00, 0x00, 0x00, 0x72, 0x65, 0x6c, 0x61, 0x74, 0x69, 0x6f, 0x6e, 0x35, 0x02, 0x5c, 0x00, 0x00, 0x00, 0x74, 0x79, 0x70, 0x65, 0x2f, 0x4c, 0x61, 0x6e, 0x67, 0x75, 0x61, 0x67, 0x65, 0x50, 0x61, 0x72, 0x73, 0x65, 0x72, 0x52, 0x65, 0x6c, 0x61, 0x74, 0x69, 0x6f, 0x6e, 0x40, 0x63, 0x39, 0x64, 0x36, 0x34, 0x63, 0x35, 0x36, 0x64, 0x62, 0x32, 0x61, 0x61, 0x34, 0x30, 0x65, 0x35, 0x66, 0x66, 0x35, 0x36, 0x62, 0x63, 0x61, 0x64, 0x65, 0x33, 0x30, 0x66, 0x38, 0x38, 0x34, 0x37, 0x35, 0x33, 0x62, 0x65, 0x32, 0x33, 0x33, 0x36, 0x34, 0x65, 0x32, 0x34, 0x31, 0x33, 0x38, 0x64, 0x33, 0x65, 0x36, 0x36, 0x66, 0x62, 0x35, 0x66, 0x61, 0x32, 0x34, 0x38, 0x35, 0x66, 0x36, 0x02, 0x00, 0x00, 0x00, 0x04, 0x00, 0x00, 0x00, 0x62, 0x61, 0x73, 0x65, 0x03, 0x69, 0x00, 0x00, 0x00, 0x74, 0x79, 0x70, 0x65, 0x2f, 0x4c, 0x61, 0x6e, 0x67, 0x75, 0x61, 0x67, 0x65, 0x55, 0x6e, 0x69, 0x76, 0x65, 0x72, 0x73, 0x61, 0x6c, 0x44, 0x65, 0x70, 0x65, 0x6e, 0x64, 0x65, 0x6e, 0x63, 0x79, 0x52, 0x65, 0x6c, 0x61, 0x74, 0x69, 0x6f, 0x6e, 0x40, 0x37, 0x63, 0x65, 0x32, 0x37, 0x33, 0x30, 0x32, 0x64, 0x35, 0x62, 0x38, 0x32, 0x35, 0x32, 0x37, 0x37, 0x62, 0x62, 0x64, 0x37, 0x35, 0x34, 0x64, 0x30, 0x62, 0x63, 0x65, 0x38, 0x62, 0x62, 0x63, 0x39, 0x65, 0x37, 0x31, 0x66, 0x35, 0x64, 0x36, 0x34, 0x62, 0x63, 0x34, 0x66, 0x30, 0x61, 0x66, 0x31, 0x38, 0x34, 0x66, 0x63, 0x38, 0x36, 0x32, 0x64, 0x62, 0x64, 0x38, 0x63, 0x66, 0x32, 0x65, 0x25, 0x00, 0x00, 0x00, 0x03, 0x00, 0x00, 0x00, 0x61, 0x63, 0x6c, 0x00, 0x0a, 0x00, 0x00, 0x00, 0x76, 0x61, 0x6c, 0x75, 0x65, 0x2f, 0x75, 0x6e, 0x69, 0x74, 0x05, 0x00, 0x00, 0x00, 0x61, 0x64, 0x76, 0x63, 0x6c, 0x00, 0x0a, 0x00, 0x00, 0x00, 0x76, 0x61, 0x6c, 0x75, 0x65, 0x2f, 0x75, 0x6e, 0x69, 0x74, 0x06, 0x00, 0x00, 0x00, 0x61, 0x64, 0x76, 0x6d, 0x6f, 0x64, 0x00, 0x0a, 0x00, 0x00, 0x00, 0x76, 0x61, 0x6c, 0x75, 0x65, 0x2f, 0x75, 0x6e, 0x69, 0x74, 0x04, 0x00, 0x00, 0x00, 0x61, 0x6d, 0x6f, 0x64, 0x00, 0x0a, 0x00, 0x00, 0x00, 0x76, 0x61, 0x6c, 0x75, 0x65, 0x2f, 0x75, 0x6e, 0x69, 0x74, 0x05, 0x00, 0x00, 0x00, 0x61, 0x70, 0x70, 0x6f, 0x73, 0x00, 0x0a, 0x00, 0x00, 0x00, 0x76, 0x61, 0x6c, 0x75, 0x65, 0x2f, 0x75, 0x6e, 0x69, 0x74, 0x03, 0x00, 0x00, 0x00, 0x61, 0x75, 0x78, 0x00, 0x0a, 0x00, 0x00, 0x00, 0x76, 0x61, 0x6c, 0x75, 0x65, 0x2f, 0x75, 0x6e, 0x69, 0x74, 0x04, 0x00, 0x00, 0x00, 0x63, 0x61, 0x73, 0x65, 0x00, 0x0a, 0x00, 0x00, 0x00, 0x76, 0x61, 0x6c, 0x75, 0x65, 0x2f, 0x75, 0x6e, 0x69, 0x74, 0x02, 0x00, 0x00, 0x00, 0x63, 0x63, 0x00, 0x0a, 0x00, 0x00, 0x00, 0x76, 0x61, 0x6c, 0x75, 0x65, 0x2f, 0x75, 0x6e, 0x69, 0x74, 0x05, 0x00, 0x00, 0x00, 0x63, 0x63, 0x6f, 0x6d, 0x70, 0x00, 0x0a, 0x00, 0x00, 0x00, 0x76, 0x61, 0x6c, 0x75, 0x65, 0x2f, 0x75, 0x6e, 0x69, 0x74, 0x03, 0x00, 0x00, 0x00, 0x63, 0x6c, 0x66, 0x00, 0x0a, 0x00, 0x00, 0x00, 0x76, 0x61, 0x6c, 0x75, 0x65, 0x2f, 0x75, 0x6e, 0x69, 0x74, 0x08, 0x00, 0x00, 0x00, 0x63, 0x6f, 0x6d, 0x70, 0x6f, 0x75, 0x6e, 0x64, 0x00, 0x0a, 0x00, 0x00, 0x00, 0x76, 0x61, 0x6c, 0x75, 0x65, 0x2f, 0x75, 0x6e, 0x69, 0x74, 0x04, 0x00, 0x00, 0x00, 0x63, 0x6f, 0x6e, 0x6a, 0x00, 0x0a, 0x00, 0x00, 0x00, 0x76, 0x61, 0x6c, 0x75, 0x65, 0x2f, 0x75, 0x6e, 0x69, 0x74, 0x03, 0x00, 0x00, 0x00, 0x63, 0x6f, 0x70, 0x00, 0x0a, 0x00, 0x00, 0x00, 0x76, 0x61, 0x6c, 0x75, 0x65, 0x2f, 0x75, 0x6e, 0x69, 0x74, 0x05, 0x00, 0x00, 0x00, 0x63, 0x73, 0x75, 0x62, 0x6a, 0x00, 0x0a, 0x00, 0x00, 0x00, 0x76, 0x61, 0x6c, 0x75, 0x65, 0x2f, 0x75, 0x6e, 0x69, 0x74, 0x03, 0x00, 0x00, 0x00, 0x64, 0x65, 0x70, 0x00, 0x0a, 0x00, 0x00, 0x00, 0x76, 0x61, 0x6c, 0x75, 0x65, 0x2f, 0x75, 0x6e, 0x69, 0x74, 0x03, 0x00, 0x00, 0x00, 0x64, 0x65, 0x74, 0x00, 0x0a, 0x00, 0x00, 0x00, 0x76, 0x61, 0x6c, 0x75, 0x65, 0x2f, 0x75, 0x6e, 0x69, 0x74, 0x09, 0x00, 0x00, 0x00, 0x64, 0x69, 0x73, 0x63, 0x6f, 0x75, 0x72, 0x73, 0x65, 0x00, 0x0a, 0x00, 0x00, 0x00, 0x76, 0x61, 0x6c, 0x75, 0x65, 0x2f, 0x75, 0x6e, 0x69, 0x74, 0x0a, 0x00, 0x00, 0x00, 0x64, 0x69, 0x73, 0x6c, 0x6f, 0x63, 0x61, 0x74, 0x65, 0x64, 0x00, 0x0a, 0x00, 0x00, 0x00, 0x76, 0x61, 0x6c, 0x75, 0x65, 0x2f, 0x75, 0x6e, 0x69, 0x74, 0x04, 0x00, 0x00, 0x00, 0x65, 0x78, 0x70, 0x6c, 0x00, 0x0a, 0x00, 0x00, 0x00, 0x76, 0x61, 0x6c, 0x75, 0x65, 0x2f, 0x75, 0x6e, 0x69, 0x74, 0x05, 0x00, 0x00, 0x00, 0x66, 0x69, 0x78, 0x65, 0x64, 0x00, 0x0a, 0x00, 0x00, 0x00, 0x76, 0x61, 0x6c, 0x75, 0x65, 0x2f, 0x75, 0x6e, 0x69, 0x74, 0x04, 0x00, 0x00, 0x00, 0x66, 0x6c, 0x61, 0x74, 0x00, 0x0a, 0x00, 0x00, 0x00, 0x76, 0x61, 0x6c, 0x75, 0x65, 0x2f, 0x75, 0x6e, 0x69, 0x74, 0x08, 0x00, 0x00, 0x00, 0x67, 0x6f, 0x65, 0x73, 0x77, 0x69, 0x74, 0x68, 0x00, 0x0a, 0x00, 0x00, 0x00, 0x76, 0x61, 0x6c, 0x75, 0x65, 0x2f, 0x75, 0x6e, 0x69, 0x74, 0x04, 0x00, 0x00, 0x00, 0x69, 0x6f, 0x62, 0x6a, 0x00, 0x0a, 0x00, 0x00, 0x00, 0x76, 0x61, 0x6c, 0x75, 0x65, 0x2f, 0x75, 0x6e, 0x69, 0x74, 0x04, 0x00, 0x00, 0x00, 0x6c, 0x69, 0x73, 0x74, 0x00, 0x0a, 0x00, 0x00, 0x00, 0x76, 0x61, 0x6c, 0x75, 0x65, 0x2f, 0x75, 0x6e, 0x69, 0x74, 0x04, 0x00, 0x00, 0x00, 0x6d, 0x61, 0x72, 0x6b, 0x00, 0x0a, 0x00, 0x00, 0x00, 0x76, 0x61, 0x6c, 0x75, 0x65, 0x2f, 0x75, 0x6e, 0x69, 0x74, 0x04, 0x00, 0x00, 0x00, 0x6e, 0x6d, 0x6f, 0x64, 0x00, 0x0a, 0x00, 0x00, 0x00, 0x76, 0x61, 0x6c, 0x75, 0x65, 0x2f, 0x75, 0x6e, 0x69, 0x74, 0x05, 0x00, 0x00, 0x00, 0x6e, 0x73, 0x75, 0x62, 0x6a, 0x00, 0x0a, 0x00, 0x00, 0x00, 0x76, 0x61, 0x6c, 0x75, 0x65, 0x2f, 0x75, 0x6e, 0x69, 0x74, 0x06, 0x00, 0x00, 0x00, 0x6e, 0x75, 0x6d, 0x6d, 0x6f, 0x64, 0x00, 0x0a, 0x00, 0x00, 0x00, 0x76, 0x61, 0x6c, 0x75, 0x65, 0x2f, 0x75, 0x6e, 0x69, 0x74, 0x03, 0x00, 0x00, 0x00, 0x6f, 0x62, 0x6a, 0x00, 0x0a, 0x00, 0x00, 0x00, 0x76, 0x61, 0x6c, 0x75, 0x65, 0x2f, 0x75, 0x6e, 0x69, 0x74, 0x03, 0x00, 0x00, 0x00, 0x6f, 0x62, 0x6c, 0x00, 0x0a, 0x00, 0x00, 0x00, 0x76, 0x61, 0x6c, 0x75, 0x65, 0x2f, 0x75, 0x6e, 0x69, 0x74, 0x06, 0x00, 0x00, 0x00, 0x6f, 0x72, 0x70, 0x68, 0x61, 0x6e, 0x00, 0x0a, 0x00, 0x00, 0x00, 0x76, 0x61, 0x6c, 0x75, 0x65, 0x2f, 0x75, 0x6e, 0x69, 0x74, 0x09, 0x00, 0x00, 0x00, 0x70, 0x61, 0x72, 0x61, 0x74, 0x61, 0x78, 0x69, 0x73, 0x00, 0x0a, 0x00, 0x00, 0x00, 0x76, 0x61, 0x6c, 0x75, 0x65, 0x2f, 0x75, 0x6e, 0x69, 0x74, 0x05, 0x00, 0x00, 0x00, 0x70, 0x75, 0x6e, 0x63, 0x74, 0x00, 0x0a, 0x00, 0x00, 0x00, 0x76, 0x61, 0x6c, 0x75, 0x65, 0x2f, 0x75, 0x6e, 0x69, 0x74, 0x0a, 0x00, 0x00, 0x00, 0x72, 0x65, 0x70, 0x61, 0x72, 0x61, 0x6e, 0x64, 0x75, 0x6d, 0x00, 0x0a, 0x00, 0x00, 0x00, 0x76, 0x61, 0x6c, 0x75, 0x65, 0x2f, 0x75, 0x6e, 0x69, 0x74, 0x04, 0x00, 0x00, 0x00, 0x72, 0x6f, 0x6f, 0x74, 0x00, 0x0a, 0x00, 0x00, 0x00, 0x76, 0x61, 0x6c, 0x75, 0x65, 0x2f, 0x75, 0x6e, 0x69, 0x74, 0x08, 0x00, 0x00, 0x00, 0x76, 0x6f, 0x63, 0x61, 0x74, 0x69, 0x76, 0x65, 0x00, 0x0a, 0x00, 0x00, 0x00, 0x76, 0x61, 0x6c, 0x75, 0x65, 0x2f, 0x75, 0x6e, 0x69, 0x74, 0x05, 0x00, 0x00, 0x00, 0x78, 0x63, 0x6f, 0x6d, 0x70, 0x00, 0x0a, 0x00, 0x00, 0x00, 0x76, 0x61, 0x6c, 0x75, 0x65, 0x2f, 0x75, 0x6e, 0x69, 0x74, 0x07, 0x00, 0x00, 0x00, 0x73, 0x75, 0x62, 0x74, 0x79, 0x70, 0x65, 0x05, 0x5b, 0x00, 0x00, 0x00, 0x74, 0x79, 0x70, 0x65, 0x2f, 0x4c, 0x61, 0x6e, 0x67, 0x75, 0x61, 0x67, 0x65, 0x50, 0x61, 0x72, 0x73, 0x65, 0x72, 0x53, 0x75, 0x62, 0x74, 0x79, 0x70, 0x65, 0x40, 0x33, 0x61, 0x35, 0x39, 0x61, 0x64, 0x35, 0x34, 0x63, 0x38, 0x65, 0x31, 0x39, 0x30, 0x30, 0x31, 0x35, 0x37, 0x35, 0x31, 0x34, 0x32, 0x65, 0x32, 0x31, 0x34, 0x35, 0x65, 0x39, 0x61, 0x62, 0x61, 0x32, 0x35, 0x36, 0x37, 0x32, 0x38, 0x63, 0x34, 0x39, 0x66, 0x33, 0x35, 0x36, 0x34, 0x34, 0x66, 0x31, 0x61, 0x39, 0x33, 0x38, 0x30, 0x37, 0x35, 0x62, 0x61, 0x39, 0x31, 0x63, 0x36, 0x34, 0x35, 0x00, 0x0a, 0x00, 0x00, 0x00, 0x76, 0x61, 0x6c, 0x75, 0x65, 0x2f, 0x74, 0x65, 0x78, 0x74, 0x09, 0x00, 0x00, 0x00, 0x72, 0x65, 0x6c, 0x61, 0x74, 0x69, 0x6f, 0x6e, 0x36, 0x02, 0x5c, 0x00, 0x00, 0x00, 0x74, 0x79, 0x70, 0x65, 0x2f, 0x4c, 0x61, 0x6e, 0x67, 0x75, 0x61, 0x67, 0x65, 0x50, 0x61, 0x72, 0x73, 0x65, 0x72, 0x52, 0x65, 0x6c, 0x61, 0x74, 0x69, 0x6f, 0x6e, 0x40, 0x63, 0x39, 0x64, 0x36, 0x34, 0x63, 0x35, 0x36, 0x64, 0x62, 0x32, 0x61, 0x61, 0x34, 0x30, 0x65, 0x35, 0x66, 0x66, 0x35, 0x36, 0x62, 0x63, 0x61, 0x64, 0x65, 0x33, 0x30, 0x66, 0x38, 0x38, 0x34, 0x37, 0x35, 0x33, 0x62, 0x65, 0x32, 0x33, 0x33, 0x36, 0x34, 0x65, 0x32, 0x34, 0x31, 0x33, 0x38, 0x64, 0x33, 0x65, 0x36, 0x36, 0x66, 0x62, 0x35, 0x66, 0x61, 0x32, 0x34, 0x38, 0x35, 0x66, 0x36, 0x02, 0x00, 0x00, 0x00, 0x04, 0x00, 0x00, 0x00, 0x62, 0x61, 0x73, 0x65, 0x03, 0x69, 0x00, 0x00, 0x00, 0x74, 0x79, 0x70, 0x65, 0x2f, 0x4c, 0x61, 0x6e, 0x67, 0x75, 0x61, 0x67, 0x65, 0x55, 0x6e, 0x69, 0x76, 0x65, 0x72, 0x73, 0x61, 0x6c, 0x44, 0x65, 0x70, 0x65, 0x6e, 0x64, 0x65, 0x6e, 0x63, 0x79, 0x52, 0x65, 0x6c, 0x61, 0x74, 0x69, 0x6f, 0x6e, 0x40, 0x37, 0x63, 0x65, 0x32, 0x37, 0x33, 0x30, 0x32, 0x64, 0x35, 0x62, 0x38, 0x32, 0x35, 0x32, 0x37, 0x37, 0x62, 0x62, 0x64, 0x37, 0x35, 0x34, 0x64, 0x30, 0x62, 0x63, 0x65, 0x38, 0x62, 0x62, 0x63, 0x39, 0x65, 0x37, 0x31, 0x66, 0x35, 0x64, 0x36, 0x34, 0x62, 0x63, 0x34, 0x66, 0x30, 0x61, 0x66, 0x31, 0x38, 0x34, 0x66, 0x63, 0x38, 0x36, 0x32, 0x64, 0x62, 0x64, 0x38, 0x63, 0x66, 0x32, 0x65, 0x25, 0x00, 0x00, 0x00, 0x03, 0x00, 0x00, 0x00, 0x61, 0x63, 0x6c, 0x00, 0x0a, 0x00, 0x00, 0x00, 0x76, 0x61, 0x6c, 0x75, 0x65, 0x2f, 0x75, 0x6e, 0x69, 0x74, 0x05, 0x00, 0x00, 0x00, 0x61, 0x64, 0x76, 0x63, 0x6c, 0x00, 0x0a, 0x00, 0x00, 0x00, 0x76, 0x61, 0x6c, 0x75, 0x65, 0x2f, 0x75, 0x6e, 0x69, 0x74, 0x06, 0x00, 0x00, 0x00, 0x61, 0x64, 0x76, 0x6d, 0x6f, 0x64, 0x00, 0x0a, 0x00, 0x00, 0x00, 0x76, 0x61, 0x6c, 0x75, 0x65, 0x2f, 0x75, 0x6e, 0x69, 0x74, 0x04, 0x00, 0x00, 0x00, 0x61, 0x6d, 0x6f, 0x64, 0x00, 0x0a, 0x00, 0x00, 0x00, 0x76, 0x61, 0x6c, 0x75, 0x65, 0x2f, 0x75, 0x6e, 0x69, 0x74, 0x05, 0x00, 0x00, 0x00, 0x61, 0x70, 0x70, 0x6f, 0x73, 0x00, 0x0a, 0x00, 0x00, 0x00, 0x76, 0x61, 0x6c, 0x75, 0x65, 0x2f, 0x75, 0x6e, 0x69, 0x74, 0x03, 0x00, 0x00, 0x00, 0x61, 0x75, 0x78, 0x00, 0x0a, 0x00, 0x00, 0x00, 0x76, 0x61, 0x6c, 0x75, 0x65, 0x2f, 0x75, 0x6e, 0x69, 0x74, 0x04, 0x00, 0x00, 0x00, 0x63, 0x61, 0x73, 0x65, 0x00, 0x0a, 0x00, 0x00, 0x00, 0x76, 0x61, 0x6c, 0x75, 0x65, 0x2f, 0x75, 0x6e, 0x69, 0x74, 0x02, 0x00, 0x00, 0x00, 0x63, 0x63, 0x00, 0x0a, 0x00, 0x00, 0x00, 0x76, 0x61, 0x6c, 0x75, 0x65, 0x2f, 0x75, 0x6e, 0x69, 0x74, 0x05, 0x00, 0x00, 0x00, 0x63, 0x63, 0x6f, 0x6d, 0x70, 0x00, 0x0a, 0x00, 0x00, 0x00, 0x76, 0x61, 0x6c, 0x75, 0x65, 0x2f, 0x75, 0x6e, 0x69, 0x74, 0x03, 0x00, 0x00, 0x00, 0x63, 0x6c, 0x66, 0x00, 0x0a, 0x00, 0x00, 0x00, 0x76, 0x61, 0x6c, 0x75, 0x65, 0x2f, 0x75, 0x6e, 0x69, 0x74, 0x08, 0x00, 0x00, 0x00, 0x63, 0x6f, 0x6d, 0x70, 0x6f, 0x75, 0x6e, 0x64, 0x00, 0x0a, 0x00, 0x00, 0x00, 0x76, 0x61, 0x6c, 0x75, 0x65, 0x2f, 0x75, 0x6e, 0x69, 0x74, 0x04, 0x00, 0x00, 0x00, 0x63, 0x6f, 0x6e, 0x6a, 0x00, 0x0a, 0x00, 0x00, 0x00, 0x76, 0x61, 0x6c, 0x75, 0x65, 0x2f, 0x75, 0x6e, 0x69, 0x74, 0x03, 0x00, 0x00, 0x00, 0x63, 0x6f, 0x70, 0x00, 0x0a, 0x00, 0x00, 0x00, 0x76, 0x61, 0x6c, 0x75, 0x65, 0x2f, 0x75, 0x6e, 0x69, 0x74, 0x05, 0x00, 0x00, 0x00, 0x63, 0x73, 0x75, 0x62, 0x6a, 0x00, 0x0a, 0x00, 0x00, 0x00, 0x76, 0x61, 0x6c, 0x75, 0x65, 0x2f, 0x75, 0x6e, 0x69, 0x74, 0x03, 0x00, 0x00, 0x00, 0x64, 0x65, 0x70, 0x00, 0x0a, 0x00, 0x00, 0x00, 0x76, 0x61, 0x6c, 0x75, 0x65, 0x2f, 0x75, 0x6e, 0x69, 0x74, 0x03, 0x00, 0x00, 0x00, 0x64, 0x65, 0x74, 0x00, 0x0a, 0x00, 0x00, 0x00, 0x76, 0x61, 0x6c, 0x75, 0x65, 0x2f, 0x75, 0x6e, 0x69, 0x74, 0x09, 0x00, 0x00, 0x00, 0x64, 0x69, 0x73, 0x63, 0x6f, 0x75, 0x72, 0x73, 0x65, 0x00, 0x0a, 0x00, 0x00, 0x00, 0x76, 0x61, 0x6c, 0x75, 0x65, 0x2f, 0x75, 0x6e, 0x69, 0x74, 0x0a, 0x00, 0x00, 0x00, 0x64, 0x69, 0x73, 0x6c, 0x6f, 0x63, 0x61, 0x74, 0x65, 0x64, 0x00, 0x0a, 0x00, 0x00, 0x00, 0x76, 0x61, 0x6c, 0x75, 0x65, 0x2f, 0x75, 0x6e, 0x69, 0x74, 0x04, 0x00, 0x00, 0x00, 0x65, 0x78, 0x70, 0x6c, 0x00, 0x0a, 0x00, 0x00, 0x00, 0x76, 0x61, 0x6c, 0x75, 0x65, 0x2f, 0x75, 0x6e, 0x69, 0x74, 0x05, 0x00, 0x00, 0x00, 0x66, 0x69, 0x78, 0x65, 0x64, 0x00, 0x0a, 0x00, 0x00, 0x00, 0x76, 0x61, 0x6c, 0x75, 0x65, 0x2f, 0x75, 0x6e, 0x69, 0x74, 0x04, 0x00, 0x00, 0x00, 0x66, 0x6c, 0x61, 0x74, 0x00, 0x0a, 0x00, 0x00, 0x00, 0x76, 0x61, 0x6c, 0x75, 0x65, 0x2f, 0x75, 0x6e, 0x69, 0x74, 0x08, 0x00, 0x00, 0x00, 0x67, 0x6f, 0x65, 0x73, 0x77, 0x69, 0x74, 0x68, 0x00, 0x0a, 0x00, 0x00, 0x00, 0x76, 0x61, 0x6c, 0x75, 0x65, 0x2f, 0x75, 0x6e, 0x69, 0x74, 0x04, 0x00, 0x00, 0x00, 0x69, 0x6f, 0x62, 0x6a, 0x00, 0x0a, 0x00, 0x00, 0x00, 0x76, 0x61, 0x6c, 0x75, 0x65, 0x2f, 0x75, 0x6e, 0x69, 0x74, 0x04, 0x00, 0x00, 0x00, 0x6c, 0x69, 0x73, 0x74, 0x00, 0x0a, 0x00, 0x00, 0x00, 0x76, 0x61, 0x6c, 0x75, 0x65, 0x2f, 0x75, 0x6e, 0x69, 0x74, 0x04, 0x00, 0x00, 0x00, 0x6d, 0x61, 0x72, 0x6b, 0x00, 0x0a, 0x00, 0x00, 0x00, 0x76, 0x61, 0x6c, 0x75, 0x65, 0x2f, 0x75, 0x6e, 0x69, 0x74, 0x04, 0x00, 0x00, 0x00, 0x6e, 0x6d, 0x6f, 0x64, 0x00, 0x0a, 0x00, 0x00, 0x00, 0x76, 0x61, 0x6c, 0x75, 0x65, 0x2f, 0x75, 0x6e, 0x69, 0x74, 0x05, 0x00, 0x00, 0x00, 0x6e, 0x73, 0x75, 0x62, 0x6a, 0x00, 0x0a, 0x00, 0x00, 0x00, 0x76, 0x61, 0x6c, 0x75, 0x65, 0x2f, 0x75, 0x6e, 0x69, 0x74, 0x06, 0x00, 0x00, 0x00, 0x6e, 0x75, 0x6d, 0x6d, 0x6f, 0x64, 0x00, 0x0a, 0x00, 0x00, 0x00, 0x76, 0x61, 0x6c, 0x75, 0x65, 0x2f, 0x75, 0x6e, 0x69, 0x74, 0x03, 0x00, 0x00, 0x00, 0x6f, 0x62, 0x6a, 0x00, 0x0a, 0x00, 0x00, 0x00, 0x76, 0x61, 0x6c, 0x75, 0x65, 0x2f, 0x75, 0x6e, 0x69, 0x74, 0x03, 0x00, 0x00, 0x00, 0x6f, 0x62, 0x6c, 0x00, 0x0a, 0x00, 0x00, 0x00, 0x76, 0x61, 0x6c, 0x75, 0x65, 0x2f, 0x75, 0x6e, 0x69, 0x74, 0x06, 0x00, 0x00, 0x00, 0x6f, 0x72, 0x70, 0x68, 0x61, 0x6e, 0x00, 0x0a, 0x00, 0x00, 0x00, 0x76, 0x61, 0x6c, 0x75, 0x65, 0x2f, 0x75, 0x6e, 0x69, 0x74, 0x09, 0x00, 0x00, 0x00, 0x70, 0x61, 0x72, 0x61, 0x74, 0x61, 0x78, 0x69, 0x73, 0x00, 0x0a, 0x00, 0x00, 0x00, 0x76, 0x61, 0x6c, 0x75, 0x65, 0x2f, 0x75, 0x6e, 0x69, 0x74, 0x05, 0x00, 0x00, 0x00, 0x70, 0x75, 0x6e, 0x63, 0x74, 0x00, 0x0a, 0x00, 0x00, 0x00, 0x76, 0x61, 0x6c, 0x75, 0x65, 0x2f, 0x75, 0x6e, 0x69, 0x74, 0x0a, 0x00, 0x00, 0x00, 0x72, 0x65, 0x70, 0x61, 0x72, 0x61, 0x6e, 0x64, 0x75, 0x6d, 0x00, 0x0a, 0x00, 0x00, 0x00, 0x76, 0x61, 0x6c, 0x75, 0x65, 0x2f, 0x75, 0x6e, 0x69, 0x74, 0x04, 0x00, 0x00, 0x00, 0x72, 0x6f, 0x6f, 0x74, 0x00, 0x0a, 0x00, 0x00, 0x00, 0x76, 0x61, 0x6c, 0x75, 0x65, 0x2f, 0x75, 0x6e, 0x69, 0x74, 0x08, 0x00, 0x00, 0x00, 0x76, 0x6f, 0x63, 0x61, 0x74, 0x69, 0x76, 0x65, 0x00, 0x0a, 0x00, 0x00, 0x00, 0x76, 0x61, 0x6c, 0x75, 0x65, 0x2f, 0x75, 0x6e, 0x69, 0x74, 0x05, 0x00, 0x00, 0x00, 0x78, 0x63, 0x6f, 0x6d, 0x70, 0x00, 0x0a, 0x00, 0x00, 0x00, 0x76, 0x61, 0x6c, 0x75, 0x65, 0x2f, 0x75, 0x6e, 0x69, 0x74, 0x07, 0x00, 0x00, 0x00, 0x73, 0x75, 0x62, 0x74, 0x79, 0x70, 0x65, 0x05, 0x5b, 0x00, 0x00, 0x00, 0x74, 0x79, 0x70, 0x65, 0x2f, 0x4c, 0x61, 0x6e, 0x67, 0x75, 0x61, 0x67, 0x65, 0x50, 0x61, 0x72, 0x73, 0x65, 0x72, 0x53, 0x75, 0x62, 0x74, 0x79, 0x70, 0x65, 0x40, 0x33, 0x61, 0x35, 0x39, 0x61, 0x64, 0x35, 0x34, 0x63, 0x38, 0x65, 0x31, 0x39, 0x30, 0x30, 0x31, 0x35, 0x37, 0x35, 0x31, 0x34, 0x32, 0x65, 0x32, 0x31, 0x34, 0x35, 0x65, 0x39, 0x61, 0x62, 0x61, 0x32, 0x35, 0x36, 0x37, 0x32, 0x38, 0x63, 0x34, 0x39, 0x66, 0x33, 0x35, 0x36, 0x34, 0x34, 0x66, 0x31, 0x61, 0x39, 0x33, 0x38, 0x30, 0x37, 0x35, 0x62, 0x61, 0x39, 0x31, 0x63, 0x36, 0x34, 0x35, 0x00, 0x0a, 0x00, 0x00, 0x00, 0x76, 0x61, 0x6c, 0x75, 0x65, 0x2f, 0x74, 0x65, 0x78, 0x74, 0x09, 0x00, 0x00, 0x00, 0x72, 0x65, 0x6c, 0x61, 0x74, 0x69, 0x6f, 0x6e, 0x37, 0x02, 0x5c, 0x00, 0x00, 0x00, 0x74, 0x79, 0x70, 0x65, 0x2f, 0x4c, 0x61, 0x6e, 0x67, 0x75, 0x61, 0x67, 0x65, 0x50, 0x61, 0x72, 0x73, 0x65, 0x72, 0x52, 0x65, 0x6c, 0x61, 0x74, 0x69, 0x6f, 0x6e, 0x40, 0x63, 0x39, 0x64, 0x36, 0x34, 0x63, 0x35, 0x36, 0x64, 0x62, 0x32, 0x61, 0x61, 0x34, 0x30, 0x65, 0x35, 0x66, 0x66, 0x35, 0x36, 0x62, 0x63, 0x61, 0x64, 0x65, 0x33, 0x30, 0x66, 0x38, 0x38, 0x34, 0x37, 0x35, 0x33, 0x62, 0x65, 0x32, 0x33, 0x33, 0x36, 0x34, 0x65, 0x32, 0x34, 0x31, 0x33, 0x38, 0x64, 0x33, 0x65, 0x36, 0x36, 0x66, 0x62, 0x35, 0x66, 0x61, 0x32, 0x34, 0x38, 0x35, 0x66, 0x36, 0x02, 0x00, 0x00, 0x00, 0x04, 0x00, 0x00, 0x00, 0x62, 0x61, 0x73, 0x65, 0x03, 0x69, 0x00, 0x00, 0x00, 0x74, 0x79, 0x70, 0x65, 0x2f, 0x4c, 0x61, 0x6e, 0x67, 0x75, 0x61, 0x67, 0x65, 0x55, 0x6e, 0x69, 0x76, 0x65, 0x72, 0x73, 0x61, 0x6c, 0x44, 0x65, 0x70, 0x65, 0x6e, 0x64, 0x65, 0x6e, 0x63, 0x79, 0x52, 0x65, 0x6c, 0x61, 0x74, 0x69, 0x6f, 0x6e, 0x40, 0x37, 0x63, 0x65, 0x32, 0x37, 0x33, 0x30, 0x32, 0x64, 0x35, 0x62, 0x38, 0x32, 0x35, 0x32, 0x37, 0x37, 0x62, 0x62, 0x64, 0x37, 0x35, 0x34, 0x64, 0x30, 0x62, 0x63, 0x65, 0x38, 0x62, 0x62, 0x63, 0x39, 0x65, 0x37, 0x31, 0x66, 0x35, 0x64, 0x36, 0x34, 0x62, 0x63, 0x34, 0x66, 0x30, 0x61, 0x66, 0x31, 0x38, 0x34, 0x66, 0x63, 0x38, 0x36, 0x32, 0x64, 0x62, 0x64, 0x38, 0x63, 0x66, 0x32, 0x65, 0x25, 0x00, 0x00, 0x00, 0x03, 0x00, 0x00, 0x00, 0x61, 0x63, 0x6c, 0x00, 0x0a, 0x00, 0x00, 0x00, 0x76, 0x61, 0x6c, 0x75, 0x65, 0x2f, 0x75, 0x6e, 0x69, 0x74, 0x05, 0x00, 0x00, 0x00, 0x61, 0x64, 0x76, 0x63, 0x6c, 0x00, 0x0a, 0x00, 0x00, 0x00, 0x76, 0x61, 0x6c, 0x75, 0x65, 0x2f, 0x75, 0x6e, 0x69, 0x74, 0x06, 0x00, 0x00, 0x00, 0x61, 0x64, 0x76, 0x6d, 0x6f, 0x64, 0x00, 0x0a, 0x00, 0x00, 0x00, 0x76, 0x61, 0x6c, 0x75, 0x65, 0x2f, 0x75, 0x6e, 0x69, 0x74, 0x04, 0x00, 0x00, 0x00, 0x61, 0x6d, 0x6f, 0x64, 0x00, 0x0a, 0x00, 0x00, 0x00, 0x76, 0x61, 0x6c, 0x75, 0x65, 0x2f, 0x75, 0x6e, 0x69, 0x74, 0x05, 0x00, 0x00, 0x00, 0x61, 0x70, 0x70, 0x6f, 0x73, 0x00, 0x0a, 0x00, 0x00, 0x00, 0x76, 0x61, 0x6c, 0x75, 0x65, 0x2f, 0x75, 0x6e, 0x69, 0x74, 0x03, 0x00, 0x00, 0x00, 0x61, 0x75, 0x78, 0x00, 0x0a, 0x00, 0x00, 0x00, 0x76, 0x61, 0x6c, 0x75, 0x65, 0x2f, 0x75, 0x6e, 0x69, 0x74, 0x04, 0x00, 0x00, 0x00, 0x63, 0x61, 0x73, 0x65, 0x00, 0x0a, 0x00, 0x00, 0x00, 0x76, 0x61, 0x6c, 0x75, 0x65, 0x2f, 0x75, 0x6e, 0x69, 0x74, 0x02, 0x00, 0x00, 0x00, 0x63, 0x63, 0x00, 0x0a, 0x00, 0x00, 0x00, 0x76, 0x61, 0x6c, 0x75, 0x65, 0x2f, 0x75, 0x6e, 0x69, 0x74, 0x05, 0x00, 0x00, 0x00, 0x63, 0x63, 0x6f, 0x6d, 0x70, 0x00, 0x0a, 0x00, 0x00, 0x00, 0x76, 0x61, 0x6c, 0x75, 0x65, 0x2f, 0x75, 0x6e, 0x69, 0x74, 0x03, 0x00, 0x00, 0x00, 0x63, 0x6c, 0x66, 0x00, 0x0a, 0x00, 0x00, 0x00, 0x76, 0x61, 0x6c, 0x75, 0x65, 0x2f, 0x75, 0x6e, 0x69, 0x74, 0x08, 0x00, 0x00, 0x00, 0x63, 0x6f, 0x6d, 0x70, 0x6f, 0x75, 0x6e, 0x64, 0x00, 0x0a, 0x00, 0x00, 0x00, 0x76, 0x61, 0x6c, 0x75, 0x65, 0x2f, 0x75, 0x6e, 0x69, 0x74, 0x04, 0x00, 0x00, 0x00, 0x63, 0x6f, 0x6e, 0x6a, 0x00, 0x0a, 0x00, 0x00, 0x00, 0x76, 0x61, 0x6c, 0x75, 0x65, 0x2f, 0x75, 0x6e, 0x69, 0x74, 0x03, 0x00, 0x00, 0x00, 0x63, 0x6f, 0x70, 0x00, 0x0a, 0x00, 0x00, 0x00, 0x76, 0x61, 0x6c, 0x75, 0x65, 0x2f, 0x75, 0x6e, 0x69, 0x74, 0x05, 0x00, 0x00, 0x00, 0x63, 0x73, 0x75, 0x62, 0x6a, 0x00, 0x0a, 0x00, 0x00, 0x00, 0x76, 0x61, 0x6c, 0x75, 0x65, 0x2f, 0x75, 0x6e, 0x69, 0x74, 0x03, 0x00, 0x00, 0x00, 0x64, 0x65, 0x70, 0x00, 0x0a, 0x00, 0x00, 0x00, 0x76, 0x61, 0x6c, 0x75, 0x65, 0x2f, 0x75, 0x6e, 0x69, 0x74, 0x03, 0x00, 0x00, 0x00, 0x64, 0x65, 0x74, 0x00, 0x0a, 0x00, 0x00, 0x00, 0x76, 0x61, 0x6c, 0x75, 0x65, 0x2f, 0x75, 0x6e, 0x69, 0x74, 0x09, 0x00, 0x00, 0x00, 0x64, 0x69, 0x73, 0x63, 0x6f, 0x75, 0x72, 0x73, 0x65, 0x00, 0x0a, 0x00, 0x00, 0x00, 0x76, 0x61, 0x6c, 0x75, 0x65, 0x2f, 0x75, 0x6e, 0x69, 0x74, 0x0a, 0x00, 0x00, 0x00, 0x64, 0x69, 0x73, 0x6c, 0x6f, 0x63, 0x61, 0x74, 0x65, 0x64, 0x00, 0x0a, 0x00, 0x00, 0x00, 0x76, 0x61, 0x6c, 0x75, 0x65, 0x2f, 0x75, 0x6e, 0x69, 0x74, 0x04, 0x00, 0x00, 0x00, 0x65, 0x78, 0x70, 0x6c, 0x00, 0x0a, 0x00, 0x00, 0x00, 0x76, 0x61, 0x6c, 0x75, 0x65, 0x2f, 0x75, 0x6e, 0x69, 0x74, 0x05, 0x00, 0x00, 0x00, 0x66, 0x69, 0x78, 0x65, 0x64, 0x00, 0x0a, 0x00, 0x00, 0x00, 0x76, 0x61, 0x6c, 0x75, 0x65, 0x2f, 0x75, 0x6e, 0x69, 0x74, 0x04, 0x00, 0x00, 0x00, 0x66, 0x6c, 0x61, 0x74, 0x00, 0x0a, 0x00, 0x00, 0x00, 0x76, 0x61, 0x6c, 0x75, 0x65, 0x2f, 0x75, 0x6e, 0x69, 0x74, 0x08, 0x00, 0x00, 0x00, 0x67, 0x6f, 0x65, 0x73, 0x77, 0x69, 0x74, 0x68, 0x00, 0x0a, 0x00, 0x00, 0x00, 0x76, 0x61, 0x6c, 0x75, 0x65, 0x2f, 0x75, 0x6e, 0x69, 0x74, 0x04, 0x00, 0x00, 0x00, 0x69, 0x6f, 0x62, 0x6a, 0x00, 0x0a, 0x00, 0x00, 0x00, 0x76, 0x61, 0x6c, 0x75, 0x65, 0x2f, 0x75, 0x6e, 0x69, 0x74, 0x04, 0x00, 0x00, 0x00, 0x6c, 0x69, 0x73, 0x74, 0x00, 0x0a, 0x00, 0x00, 0x00, 0x76, 0x61, 0x6c, 0x75, 0x65, 0x2f, 0x75, 0x6e, 0x69, 0x74, 0x04, 0x00, 0x00, 0x00, 0x6d, 0x61, 0x72, 0x6b, 0x00, 0x0a, 0x00, 0x00, 0x00, 0x76, 0x61, 0x6c, 0x75, 0x65, 0x2f, 0x75, 0x6e, 0x69, 0x74, 0x04, 0x00, 0x00, 0x00, 0x6e, 0x6d, 0x6f, 0x64, 0x00, 0x0a, 0x00, 0x00, 0x00, 0x76, 0x61, 0x6c, 0x75, 0x65, 0x2f, 0x75, 0x6e, 0x69, 0x74, 0x05, 0x00, 0x00, 0x00, 0x6e, 0x73, 0x75, 0x62, 0x6a, 0x00, 0x0a, 0x00, 0x00, 0x00, 0x76, 0x61, 0x6c, 0x75, 0x65, 0x2f, 0x75, 0x6e, 0x69, 0x74, 0x06, 0x00, 0x00, 0x00, 0x6e, 0x75, 0x6d, 0x6d, 0x6f, 0x64, 0x00, 0x0a, 0x00, 0x00, 0x00, 0x76, 0x61, 0x6c, 0x75, 0x65, 0x2f, 0x75, 0x6e, 0x69, 0x74, 0x03, 0x00, 0x00, 0x00, 0x6f, 0x62, 0x6a, 0x00, 0x0a, 0x00, 0x00, 0x00, 0x76, 0x61, 0x6c, 0x75, 0x65, 0x2f, 0x75, 0x6e, 0x69, 0x74, 0x03, 0x00, 0x00, 0x00, 0x6f, 0x62, 0x6c, 0x00, 0x0a, 0x00, 0x00, 0x00, 0x76, 0x61, 0x6c, 0x75, 0x65, 0x2f, 0x75, 0x6e, 0x69, 0x74, 0x06, 0x00, 0x00, 0x00, 0x6f, 0x72, 0x70, 0x68, 0x61, 0x6e, 0x00, 0x0a, 0x00, 0x00, 0x00, 0x76, 0x61, 0x6c, 0x75, 0x65, 0x2f, 0x75, 0x6e, 0x69, 0x74, 0x09, 0x00, 0x00, 0x00, 0x70, 0x61, 0x72, 0x61, 0x74, 0x61, 0x78, 0x69, 0x73, 0x00, 0x0a, 0x00, 0x00, 0x00, 0x76, 0x61, 0x6c, 0x75, 0x65, 0x2f, 0x75, 0x6e, 0x69, 0x74, 0x05, 0x00, 0x00, 0x00, 0x70, 0x75, 0x6e, 0x63, 0x74, 0x00, 0x0a, 0x00, 0x00, 0x00, 0x76, 0x61, 0x6c, 0x75, 0x65, 0x2f, 0x75, 0x6e, 0x69, 0x74, 0x0a, 0x00, 0x00, 0x00, 0x72, 0x65, 0x70, 0x61, 0x72, 0x61, 0x6e, 0x64, 0x75, 0x6d, 0x00, 0x0a, 0x00, 0x00, 0x00, 0x76, 0x61, 0x6c, 0x75, 0x65, 0x2f, 0x75, 0x6e, 0x69, 0x74, 0x04, 0x00, 0x00, 0x00, 0x72, 0x6f, 0x6f, 0x74, 0x00, 0x0a, 0x00, 0x00, 0x00, 0x76, 0x61, 0x6c, 0x75, 0x65, 0x2f, 0x75, 0x6e, 0x69, 0x74, 0x08, 0x00, 0x00, 0x00, 0x76, 0x6f, 0x63, 0x61, 0x74, 0x69, 0x76, 0x65, 0x00, 0x0a, 0x00, 0x00, 0x00, 0x76, 0x61, 0x6c, 0x75, 0x65, 0x2f, 0x75, 0x6e, 0x69, 0x74, 0x05, 0x00, 0x00, 0x00, 0x78, 0x63, 0x6f, 0x6d, 0x70, 0x00, 0x0a, 0x00, 0x00, 0x00, 0x76, 0x61, 0x6c, 0x75, 0x65, 0x2f, 0x75, 0x6e, 0x69, 0x74, 0x07, 0x00, 0x00, 0x00, 0x73, 0x75, 0x62, 0x74, 0x79, 0x70, 0x65, 0x05, 0x5b, 0x00, 0x00, 0x00, 0x74, 0x79, 0x70, 0x65, 0x2f, 0x4c, 0x61, 0x6e, 0x67, 0x75, 0x61, 0x67, 0x65, 0x50, 0x61, 0x72, 0x73, 0x65, 0x72, 0x53, 0x75, 0x62, 0x74, 0x79, 0x70, 0x65, 0x40, 0x33, 0x61, 0x35, 0x39, 0x61, 0x64, 0x35, 0x34, 0x63, 0x38, 0x65, 0x31, 0x39, 0x30, 0x30, 0x31, 0x35, 0x37, 0x35, 0x31, 0x34, 0x32, 0x65, 0x32, 0x31, 0x34, 0x35, 0x65, 0x39, 0x61, 0x62, 0x61, 0x32, 0x35, 0x36, 0x37, 0x32, 0x38, 0x63, 0x34, 0x39, 0x66, 0x33, 0x35, 0x36, 0x34, 0x34, 0x66, 0x31, 0x61, 0x39, 0x33, 0x38, 0x30, 0x37, 0x35, 0x62, 0x61, 0x39, 0x31, 0x63, 0x36, 0x34, 0x35, 0x00, 0x0a, 0x00, 0x00, 0x00, 0x76, 0x61, 0x6c, 0x75, 0x65, 0x2f, 0x74, 0x65, 0x78, 0x74, 0x05, 0x00, 0x00, 0x00, 0x73, 0x74, 0x61, 0x63, 0x6b, 0x01, 0x09, 0x00, 0x00, 0x09, 0x00, 0x00, 0x00, 0x76, 0x61, 0x6c, 0x75, 0x65, 0x2f, 0x75, 0x36, 0x34, 0x0b, 0x00, 0x00, 0x00, 0x74, 0x6f, 0x6b, 0x65, 0x6e, 0x5f, 0x63, 0x6f, 0x75, 0x6e, 0x74, 0x00, 0x09, 0x00, 0x00, 0x00, 0x76, 0x61, 0x6c, 0x75, 0x65, 0x2f, 0x75, 0x36, 0x34, 0x06, 0x00, 0x00, 0x00, 0x75, 0x6e, 0x72, 0x65, 0x61, 0x64, 0x00, 0x09, 0x00, 0x00, 0x00, 0x76, 0x61, 0x6c, 0x75, 0x65, 0x2f, 0x75, 0x36, 0x34, 0x0a, 0x00, 0x00, 0x00, 0x63, 0x61, 0x6e, 0x64, 0x69, 0x64, 0x61, 0x74, 0x65, 0x32, 0x02, 0x68, 0x00, 0x00, 0x00, 0x74, 0x79, 0x70, 0x65, 0x2f, 0x4c, 0x61, 0x6e, 0x67, 0x75, 0x61, 0x67, 0x65, 0x50, 0x61, 0x72, 0x73, 0x65, 0x72, 0x57, 0x69, 0x6e, 0x64, 0x6f, 0x77, 0x38, 0x52, 0x61, 0x77, 0x48, 0x79, 0x70, 0x6f, 0x74, 0x68, 0x65, 0x73, 0x69, 0x73, 0x40, 0x35, 0x34, 0x35, 0x31, 0x34, 0x31, 0x35, 0x61, 0x37, 0x38, 0x31, 0x33, 0x66, 0x36, 0x35, 0x30, 0x39, 0x33, 0x64, 0x63, 0x37, 0x63, 0x66, 0x64, 0x39, 0x66, 0x33, 0x38, 0x33, 0x65, 0x63, 0x61, 0x33, 0x66, 0x37, 0x34, 0x65, 0x65, 0x31, 0x36, 0x64, 0x30, 0x63, 0x63, 0x66, 0x39, 0x31, 0x61, 0x38, 0x31, 0x32, 0x34, 0x66, 0x62, 0x37, 0x34, 0x62, 0x33, 0x30, 0x34, 0x39, 0x66, 0x34, 0x61, 0x06, 0x00, 0x00, 0x00, 0x06, 0x00, 0x00, 0x00, 0x61, 0x63, 0x74, 0x69, 0x76, 0x65, 0x00, 0x0a, 0x00, 0x00, 0x00, 0x76, 0x61, 0x6c, 0x75, 0x65, 0x2f, 0x62, 0x6f, 0x6f, 0x6c, 0x07, 0x00, 0x00, 0x00, 0x63, 0x68, 0x6f, 0x69, 0x63, 0x65, 0x73, 0x01, 0x08, 0x00, 0x00, 0x09, 0x00, 0x00, 0x00, 0x76, 0x61, 0x6c, 0x75, 0x65, 0x2f, 0x75, 0x36, 0x34, 0x08, 0x00, 0x00, 0x00, 0x69, 0x64, 0x65, 0x6e, 0x74, 0x69, 0x74, 0x79, 0x00, 0x09, 0x00, 0x00, 0x00, 0x76, 0x61, 0x6c, 0x75, 0x65, 0x2f, 0x75, 0x36, 0x34, 0x05, 0x00, 0x00, 0x00, 0x73, 0x63, 0x6f, 0x72, 0x65, 0x00, 0x09, 0x00, 0x00, 0x00, 0x76, 0x61, 0x6c, 0x75, 0x65, 0x2f, 0x69, 0x36, 0x34, 0x08, 0x00, 0x00, 0x00, 0x73, 0x65, 0x6c, 0x65, 0x63, 0x74, 0x65, 0x64, 0x00, 0x09, 0x00, 0x00, 0x00, 0x76, 0x61, 0x6c, 0x75, 0x65, 0x2f, 0x75, 0x36, 0x34, 0x05, 0x00, 0x00, 0x00, 0x73, 0x74, 0x61, 0x74, 0x65, 0x02, 0x63, 0x00, 0x00, 0x00, 0x74, 0x79, 0x70, 0x65, 0x2f, 0x4c, 0x61, 0x6e, 0x67, 0x75, 0x61, 0x67, 0x65, 0x50, 0x61, 0x72, 0x73, 0x65, 0x72, 0x57, 0x69, 0x6e, 0x64, 0x6f, 0x77, 0x38, 0x52, 0x61, 0x77, 0x53, 0x74, 0x61, 0x74, 0x65, 0x40, 0x32, 0x34, 0x62, 0x62, 0x30, 0x62, 0x33, 0x66, 0x66, 0x61, 0x66, 0x32, 0x66, 0x37, 0x30, 0x34, 0x33, 0x39, 0x30, 0x30, 0x65, 0x30, 0x36, 0x66, 0x36, 0x30, 0x66, 0x33, 0x65, 0x31, 0x33, 0x39, 0x31, 0x38, 0x34, 0x31, 0x31, 0x32, 0x63, 0x38, 0x32, 0x61, 0x30, 0x34, 0x65, 0x33, 0x30, 0x30, 0x33, 0x30, 0x65, 0x38, 0x61, 0x37, 0x31, 0x63, 0x39, 0x63, 0x35, 0x35, 0x61, 0x34, 0x34, 0x32, 0x0f, 0x00, 0x00, 0x00, 0x05, 0x00, 0x00, 0x00, 0x62, 0x61, 0x73, 0x69, 0x73, 0x02, 0x59, 0x00, 0x00, 0x00, 0x74, 0x79, 0x70, 0x65, 0x2f, 0x4c, 0x61, 0x6e, 0x67, 0x75, 0x61, 0x67, 0x65, 0x50, 0x61, 0x72, 0x73, 0x65, 0x72, 0x42, 0x61, 0x73, 0x69, 0x73, 0x40, 0x64, 0x63, 0x37, 0x35, 0x32, 0x63, 0x31, 0x37, 0x30, 0x34, 0x37, 0x64, 0x36, 0x31, 0x61, 0x66, 0x39, 0x32, 0x38, 0x31, 0x66, 0x63, 0x63, 0x62, 0x32, 0x63, 0x66, 0x64, 0x35, 0x36, 0x31, 0x62, 0x37, 0x62, 0x30, 0x66, 0x62, 0x31, 0x31, 0x36, 0x35, 0x37, 0x39, 0x65, 0x35, 0x33, 0x39, 0x36, 0x63, 0x35, 0x31, 0x38, 0x36, 0x30, 0x65, 0x61, 0x64, 0x36, 0x64, 0x62, 0x61, 0x37, 0x65, 0x34, 0x03, 0x00, 0x00, 0x00, 0x11, 0x00, 0x00, 0x00, 0x61, 0x6e, 0x61, 0x6c, 0x79, 0x73, 0x69, 0x73, 0x5f, 0x72, 0x65, 0x76, 0x69, 0x73, 0x69, 0x6f, 0x6e, 0x05, 0x60, 0x00, 0x00, 0x00, 0x74, 0x79, 0x70, 0x65, 0x2f, 0x4c, 0x61, 0x6e, 0x67, 0x75, 0x61, 0x67, 0x65, 0x41, 0x6e, 0x61, 0x6c, 0x79, 0x73, 0x69, 0x73, 0x52, 0x65, 0x76, 0x69, 0x73, 0x69, 0x6f, 0x6e, 0x49, 0x64, 0x40, 0x66, 0x33, 0x38, 0x64, 0x63, 0x38, 0x66, 0x66, 0x37, 0x63, 0x61, 0x37, 0x62, 0x37, 0x34, 0x65, 0x62, 0x37, 0x35, 0x32, 0x37, 0x62, 0x65, 0x37, 0x64, 0x37, 0x34, 0x38, 0x66, 0x37, 0x30, 0x37, 0x38, 0x62, 0x38, 0x34, 0x62, 0x38, 0x37, 0x61, 0x63, 0x62, 0x31, 0x64, 0x37, 0x33, 0x33, 0x32, 0x34, 0x39, 0x62, 0x34, 0x61, 0x32, 0x61, 0x66, 0x65, 0x37, 0x39, 0x66, 0x32, 0x39, 0x32, 0x36, 0x00, 0x0a, 0x00, 0x00, 0x00, 0x76, 0x61, 0x6c, 0x75, 0x65, 0x2f, 0x74, 0x65, 0x78, 0x74, 0x0f, 0x00, 0x00, 0x00, 0x73, 0x6f, 0x75, 0x72, 0x63, 0x65, 0x5f, 0x72, 0x65, 0x76, 0x69, 0x73, 0x69, 0x6f, 0x6e, 0x05, 0x5c, 0x00, 0x00, 0x00, 0x74, 0x79, 0x70, 0x65, 0x2f, 0x4c, 0x61, 0x6e, 0x67, 0x75, 0x61, 0x67, 0x65, 0x54, 0x65, 0x78, 0x74, 0x52, 0x65, 0x76, 0x69, 0x73, 0x69, 0x6f, 0x6e, 0x49, 0x64, 0x40, 0x31, 0x66, 0x65, 0x63, 0x32, 0x37, 0x35, 0x32, 0x62, 0x30, 0x34, 0x37, 0x66, 0x34, 0x37, 0x62, 0x32, 0x38, 0x38, 0x38, 0x38, 0x66, 0x34, 0x36, 0x65, 0x64, 0x37, 0x39, 0x33, 0x64, 0x38, 0x38, 0x33, 0x34, 0x61, 0x33, 0x34, 0x64, 0x36, 0x63, 0x61, 0x65, 0x63, 0x38, 0x37, 0x32, 0x32, 0x33, 0x66, 0x38, 0x66, 0x36, 0x66, 0x65, 0x37, 0x35, 0x63, 0x31, 0x66, 0x61, 0x66, 0x39, 0x33, 0x35, 0x00, 0x0a, 0x00, 0x00, 0x00, 0x76, 0x61, 0x6c, 0x75, 0x65, 0x2f, 0x74, 0x65, 0x78, 0x74, 0x04, 0x00, 0x00, 0x00, 0x74, 0x65, 0x78, 0x74, 0x05, 0x54, 0x00, 0x00, 0x00, 0x74, 0x79, 0x70, 0x65, 0x2f, 0x4c, 0x61, 0x6e, 0x67, 0x75, 0x61, 0x67, 0x65, 0x54, 0x65, 0x78, 0x74, 0x49, 0x64, 0x40, 0x35, 0x35, 0x65, 0x38, 0x35, 0x32, 0x36, 0x31, 0x38, 0x37, 0x37, 0x64, 0x37, 0x66, 0x32, 0x39, 0x31, 0x61, 0x33, 0x65, 0x37, 0x62, 0x36, 0x65, 0x32, 0x36, 0x65, 0x37, 0x65, 0x37, 0x65, 0x62, 0x34, 0x61, 0x66, 0x66, 0x66, 0x63, 0x63, 0x63, 0x66, 0x31, 0x66, 0x37, 0x61, 0x34, 0x38, 0x66, 0x32, 0x37, 0x66, 0x36, 0x35, 0x31, 0x34, 0x39, 0x63, 0x37, 0x35, 0x38, 0x38, 0x38, 0x64, 0x61, 0x00, 0x0a, 0x00, 0x00, 0x00, 0x76, 0x61, 0x6c, 0x75, 0x65, 0x2f, 0x74, 0x65, 0x78, 0x74, 0x09, 0x00, 0x00, 0x00, 0x63, 0x6f, 0x6d, 0x6d, 0x69, 0x74, 0x74, 0x65, 0x64, 0x00, 0x09, 0x00, 0x00, 0x00, 0x76, 0x61, 0x6c, 0x75, 0x65, 0x2f, 0x75, 0x36, 0x34, 0x05, 0x00, 0x00, 0x00, 0x64, 0x65, 0x70, 0x74, 0x68, 0x00, 0x09, 0x00, 0x00, 0x00, 0x76, 0x61, 0x6c, 0x75, 0x65, 0x2f, 0x75, 0x36, 0x34, 0x05, 0x00, 0x00, 0x00, 0x68, 0x65, 0x61, 0x64, 0x73, 0x01, 0x09, 0x00, 0x00, 0x09, 0x00, 0x00, 0x00, 0x76, 0x61, 0x6c, 0x75, 0x65, 0x2f, 0x75, 0x36, 0x34, 0x09, 0x00, 0x00, 0x00, 0x72, 0x65, 0x6c, 0x61, 0x74, 0x69, 0x6f, 0x6e, 0x30, 0x02, 0x5c, 0x00, 0x00, 0x00, 0x74, 0x79, 0x70, 0x65, 0x2f, 0x4c, 0x61, 0x6e, 0x67, 0x75, 0x61, 0x67, 0x65, 0x50, 0x61, 0x72, 0x73, 0x65, 0x72, 0x52, 0x65, 0x6c, 0x61, 0x74, 0x69, 0x6f, 0x6e, 0x40, 0x63, 0x39, 0x64, 0x36, 0x34, 0x63, 0x35, 0x36, 0x64, 0x62, 0x32, 0x61, 0x61, 0x34, 0x30, 0x65, 0x35, 0x66, 0x66, 0x35, 0x36, 0x62, 0x63, 0x61, 0x64, 0x65, 0x33, 0x30, 0x66, 0x38, 0x38, 0x34, 0x37, 0x35, 0x33, 0x62, 0x65, 0x32, 0x33, 0x33, 0x36, 0x34, 0x65, 0x32, 0x34, 0x31, 0x33, 0x38, 0x64, 0x33, 0x65, 0x36, 0x36, 0x66, 0x62, 0x35, 0x66, 0x61, 0x32, 0x34, 0x38, 0x35, 0x66, 0x36, 0x02, 0x00, 0x00, 0x00, 0x04, 0x00, 0x00, 0x00, 0x62, 0x61, 0x73, 0x65, 0x03, 0x69, 0x00, 0x00, 0x00, 0x74, 0x79, 0x70, 0x65, 0x2f, 0x4c, 0x61, 0x6e, 0x67, 0x75, 0x61, 0x67, 0x65, 0x55, 0x6e, 0x69, 0x76, 0x65, 0x72, 0x73, 0x61, 0x6c, 0x44, 0x65, 0x70, 0x65, 0x6e, 0x64, 0x65, 0x6e, 0x63, 0x79, 0x52, 0x65, 0x6c, 0x61, 0x74, 0x69, 0x6f, 0x6e, 0x40, 0x37, 0x63, 0x65, 0x32, 0x37, 0x33, 0x30, 0x32, 0x64, 0x35, 0x62, 0x38, 0x32, 0x35, 0x32, 0x37, 0x37, 0x62, 0x62, 0x64, 0x37, 0x35, 0x34, 0x64, 0x30, 0x62, 0x63, 0x65, 0x38, 0x62, 0x62, 0x63, 0x39, 0x65, 0x37, 0x31, 0x66, 0x35, 0x64, 0x36, 0x34, 0x62, 0x63, 0x34, 0x66, 0x30, 0x61, 0x66, 0x31, 0x38, 0x34, 0x66, 0x63, 0x38, 0x36, 0x32, 0x64, 0x62, 0x64, 0x38, 0x63, 0x66, 0x32, 0x65, 0x25, 0x00, 0x00, 0x00, 0x03, 0x00, 0x00, 0x00, 0x61, 0x63, 0x6c, 0x00, 0x0a, 0x00, 0x00, 0x00, 0x76, 0x61, 0x6c, 0x75, 0x65, 0x2f, 0x75, 0x6e, 0x69, 0x74, 0x05, 0x00, 0x00, 0x00, 0x61, 0x64, 0x76, 0x63, 0x6c, 0x00, 0x0a, 0x00, 0x00, 0x00, 0x76, 0x61, 0x6c, 0x75, 0x65, 0x2f, 0x75, 0x6e, 0x69, 0x74, 0x06, 0x00, 0x00, 0x00, 0x61, 0x64, 0x76, 0x6d, 0x6f, 0x64, 0x00, 0x0a, 0x00, 0x00, 0x00, 0x76, 0x61, 0x6c, 0x75, 0x65, 0x2f, 0x75, 0x6e, 0x69, 0x74, 0x04, 0x00, 0x00, 0x00, 0x61, 0x6d, 0x6f, 0x64, 0x00, 0x0a, 0x00, 0x00, 0x00, 0x76, 0x61, 0x6c, 0x75, 0x65, 0x2f, 0x75, 0x6e, 0x69, 0x74, 0x05, 0x00, 0x00, 0x00, 0x61, 0x70, 0x70, 0x6f, 0x73, 0x00, 0x0a, 0x00, 0x00, 0x00, 0x76, 0x61, 0x6c, 0x75, 0x65, 0x2f, 0x75, 0x6e, 0x69, 0x74, 0x03, 0x00, 0x00, 0x00, 0x61, 0x75, 0x78, 0x00, 0x0a, 0x00, 0x00, 0x00, 0x76, 0x61, 0x6c, 0x75, 0x65, 0x2f, 0x75, 0x6e, 0x69, 0x74, 0x04, 0x00, 0x00, 0x00, 0x63, 0x61, 0x73, 0x65, 0x00, 0x0a, 0x00, 0x00, 0x00, 0x76, 0x61, 0x6c, 0x75, 0x65, 0x2f, 0x75, 0x6e, 0x69, 0x74, 0x02, 0x00, 0x00, 0x00, 0x63, 0x63, 0x00, 0x0a, 0x00, 0x00, 0x00, 0x76, 0x61, 0x6c, 0x75, 0x65, 0x2f, 0x75, 0x6e, 0x69, 0x74, 0x05, 0x00, 0x00, 0x00, 0x63, 0x63, 0x6f, 0x6d, 0x70, 0x00, 0x0a, 0x00, 0x00, 0x00, 0x76, 0x61, 0x6c, 0x75, 0x65, 0x2f, 0x75, 0x6e, 0x69, 0x74, 0x03, 0x00, 0x00, 0x00, 0x63, 0x6c, 0x66, 0x00, 0x0a, 0x00, 0x00, 0x00, 0x76, 0x61, 0x6c, 0x75, 0x65, 0x2f, 0x75, 0x6e, 0x69, 0x74, 0x08, 0x00, 0x00, 0x00, 0x63, 0x6f, 0x6d, 0x70, 0x6f, 0x75, 0x6e, 0x64, 0x00, 0x0a, 0x00, 0x00, 0x00, 0x76, 0x61, 0x6c, 0x75, 0x65, 0x2f, 0x75, 0x6e, 0x69, 0x74, 0x04, 0x00, 0x00, 0x00, 0x63, 0x6f, 0x6e, 0x6a, 0x00, 0x0a, 0x00, 0x00, 0x00, 0x76, 0x61, 0x6c, 0x75, 0x65, 0x2f, 0x75, 0x6e, 0x69, 0x74, 0x03, 0x00, 0x00, 0x00, 0x63, 0x6f, 0x70, 0x00, 0x0a, 0x00, 0x00, 0x00, 0x76, 0x61, 0x6c, 0x75, 0x65, 0x2f, 0x75, 0x6e, 0x69, 0x74, 0x05, 0x00, 0x00, 0x00, 0x63, 0x73, 0x75, 0x62, 0x6a, 0x00, 0x0a, 0x00, 0x00, 0x00, 0x76, 0x61, 0x6c, 0x75, 0x65, 0x2f, 0x75, 0x6e, 0x69, 0x74, 0x03, 0x00, 0x00, 0x00, 0x64, 0x65, 0x70, 0x00, 0x0a, 0x00, 0x00, 0x00, 0x76, 0x61, 0x6c, 0x75, 0x65, 0x2f, 0x75, 0x6e, 0x69, 0x74, 0x03, 0x00, 0x00, 0x00, 0x64, 0x65, 0x74, 0x00, 0x0a, 0x00, 0x00, 0x00, 0x76, 0x61, 0x6c, 0x75, 0x65, 0x2f, 0x75, 0x6e, 0x69, 0x74, 0x09, 0x00, 0x00, 0x00, 0x64, 0x69, 0x73, 0x63, 0x6f, 0x75, 0x72, 0x73, 0x65, 0x00, 0x0a, 0x00, 0x00, 0x00, 0x76, 0x61, 0x6c, 0x75, 0x65, 0x2f, 0x75, 0x6e, 0x69, 0x74, 0x0a, 0x00, 0x00, 0x00, 0x64, 0x69, 0x73, 0x6c, 0x6f, 0x63, 0x61, 0x74, 0x65, 0x64, 0x00, 0x0a, 0x00, 0x00, 0x00, 0x76, 0x61, 0x6c, 0x75, 0x65, 0x2f, 0x75, 0x6e, 0x69, 0x74, 0x04, 0x00, 0x00, 0x00, 0x65, 0x78, 0x70, 0x6c, 0x00, 0x0a, 0x00, 0x00, 0x00, 0x76, 0x61, 0x6c, 0x75, 0x65, 0x2f, 0x75, 0x6e, 0x69, 0x74, 0x05, 0x00, 0x00, 0x00, 0x66, 0x69, 0x78, 0x65, 0x64, 0x00, 0x0a, 0x00, 0x00, 0x00, 0x76, 0x61, 0x6c, 0x75, 0x65, 0x2f, 0x75, 0x6e, 0x69, 0x74, 0x04, 0x00, 0x00, 0x00, 0x66, 0x6c, 0x61, 0x74, 0x00, 0x0a, 0x00, 0x00, 0x00, 0x76, 0x61, 0x6c, 0x75, 0x65, 0x2f, 0x75, 0x6e, 0x69, 0x74, 0x08, 0x00, 0x00, 0x00, 0x67, 0x6f, 0x65, 0x73, 0x77, 0x69, 0x74, 0x68, 0x00, 0x0a, 0x00, 0x00, 0x00, 0x76, 0x61, 0x6c, 0x75, 0x65, 0x2f, 0x75, 0x6e, 0x69, 0x74, 0x04, 0x00, 0x00, 0x00, 0x69, 0x6f, 0x62, 0x6a, 0x00, 0x0a, 0x00, 0x00, 0x00, 0x76, 0x61, 0x6c, 0x75, 0x65, 0x2f, 0x75, 0x6e, 0x69, 0x74, 0x04, 0x00, 0x00, 0x00, 0x6c, 0x69, 0x73, 0x74, 0x00, 0x0a, 0x00, 0x00, 0x00, 0x76, 0x61, 0x6c, 0x75, 0x65, 0x2f, 0x75, 0x6e, 0x69, 0x74, 0x04, 0x00, 0x00, 0x00, 0x6d, 0x61, 0x72, 0x6b, 0x00, 0x0a, 0x00, 0x00, 0x00, 0x76, 0x61, 0x6c, 0x75, 0x65, 0x2f, 0x75, 0x6e, 0x69, 0x74, 0x04, 0x00, 0x00, 0x00, 0x6e, 0x6d, 0x6f, 0x64, 0x00, 0x0a, 0x00, 0x00, 0x00, 0x76, 0x61, 0x6c, 0x75, 0x65, 0x2f, 0x75, 0x6e, 0x69, 0x74, 0x05, 0x00, 0x00, 0x00, 0x6e, 0x73, 0x75, 0x62, 0x6a, 0x00, 0x0a, 0x00, 0x00, 0x00, 0x76, 0x61, 0x6c, 0x75, 0x65, 0x2f, 0x75, 0x6e, 0x69, 0x74, 0x06, 0x00, 0x00, 0x00, 0x6e, 0x75, 0x6d, 0x6d, 0x6f, 0x64, 0x00, 0x0a, 0x00, 0x00, 0x00, 0x76, 0x61, 0x6c, 0x75, 0x65, 0x2f, 0x75, 0x6e, 0x69, 0x74, 0x03, 0x00, 0x00, 0x00, 0x6f, 0x62, 0x6a, 0x00, 0x0a, 0x00, 0x00, 0x00, 0x76, 0x61, 0x6c, 0x75, 0x65, 0x2f, 0x75, 0x6e, 0x69, 0x74, 0x03, 0x00, 0x00, 0x00, 0x6f, 0x62, 0x6c, 0x00, 0x0a, 0x00, 0x00, 0x00, 0x76, 0x61, 0x6c, 0x75, 0x65, 0x2f, 0x75, 0x6e, 0x69, 0x74, 0x06, 0x00, 0x00, 0x00, 0x6f, 0x72, 0x70, 0x68, 0x61, 0x6e, 0x00, 0x0a, 0x00, 0x00, 0x00, 0x76, 0x61, 0x6c, 0x75, 0x65, 0x2f, 0x75, 0x6e, 0x69, 0x74, 0x09, 0x00, 0x00, 0x00, 0x70, 0x61, 0x72, 0x61, 0x74, 0x61, 0x78, 0x69, 0x73, 0x00, 0x0a, 0x00, 0x00, 0x00, 0x76, 0x61, 0x6c, 0x75, 0x65, 0x2f, 0x75, 0x6e, 0x69, 0x74, 0x05, 0x00, 0x00, 0x00, 0x70, 0x75, 0x6e, 0x63, 0x74, 0x00, 0x0a, 0x00, 0x00, 0x00, 0x76, 0x61, 0x6c, 0x75, 0x65, 0x2f, 0x75, 0x6e, 0x69, 0x74, 0x0a, 0x00, 0x00, 0x00, 0x72, 0x65, 0x70, 0x61, 0x72, 0x61, 0x6e, 0x64, 0x75, 0x6d, 0x00, 0x0a, 0x00, 0x00, 0x00, 0x76, 0x61, 0x6c, 0x75, 0x65, 0x2f, 0x75, 0x6e, 0x69, 0x74, 0x04, 0x00, 0x00, 0x00, 0x72, 0x6f, 0x6f, 0x74, 0x00, 0x0a, 0x00, 0x00, 0x00, 0x76, 0x61, 0x6c, 0x75, 0x65, 0x2f, 0x75, 0x6e, 0x69, 0x74, 0x08, 0x00, 0x00, 0x00, 0x76, 0x6f, 0x63, 0x61, 0x74, 0x69, 0x76, 0x65, 0x00, 0x0a, 0x00, 0x00, 0x00, 0x76, 0x61, 0x6c, 0x75, 0x65, 0x2f, 0x75, 0x6e, 0x69, 0x74, 0x05, 0x00, 0x00, 0x00, 0x78, 0x63, 0x6f, 0x6d, 0x70, 0x00, 0x0a, 0x00, 0x00, 0x00, 0x76, 0x61, 0x6c, 0x75, 0x65, 0x2f, 0x75, 0x6e, 0x69, 0x74, 0x07, 0x00, 0x00, 0x00, 0x73, 0x75, 0x62, 0x74, 0x79, 0x70, 0x65, 0x05, 0x5b, 0x00, 0x00, 0x00, 0x74, 0x79, 0x70, 0x65, 0x2f, 0x4c, 0x61, 0x6e, 0x67, 0x75, 0x61, 0x67, 0x65, 0x50, 0x61, 0x72, 0x73, 0x65, 0x72, 0x53, 0x75, 0x62, 0x74, 0x79, 0x70, 0x65, 0x40, 0x33, 0x61, 0x35, 0x39, 0x61, 0x64, 0x35, 0x34, 0x63, 0x38, 0x65, 0x31, 0x39, 0x30, 0x30, 0x31, 0x35, 0x37, 0x35, 0x31, 0x34, 0x32, 0x65, 0x32, 0x31, 0x34, 0x35, 0x65, 0x39, 0x61, 0x62, 0x61, 0x32, 0x35, 0x36, 0x37, 0x32, 0x38, 0x63, 0x34, 0x39, 0x66, 0x33, 0x35, 0x36, 0x34, 0x34, 0x66, 0x31, 0x61, 0x39, 0x33, 0x38, 0x30, 0x37, 0x35, 0x62, 0x61, 0x39, 0x31, 0x63, 0x36, 0x34, 0x35, 0x00, 0x0a, 0x00, 0x00, 0x00, 0x76, 0x61, 0x6c, 0x75, 0x65, 0x2f, 0x74, 0x65, 0x78, 0x74, 0x09, 0x00, 0x00, 0x00, 0x72, 0x65, 0x6c, 0x61, 0x74, 0x69, 0x6f, 0x6e, 0x31, 0x02, 0x5c, 0x00, 0x00, 0x00, 0x74, 0x79, 0x70, 0x65, 0x2f, 0x4c, 0x61, 0x6e, 0x67, 0x75, 0x61, 0x67, 0x65, 0x50, 0x61, 0x72, 0x73, 0x65, 0x72, 0x52, 0x65, 0x6c, 0x61, 0x74, 0x69, 0x6f, 0x6e, 0x40, 0x63, 0x39, 0x64, 0x36, 0x34, 0x63, 0x35, 0x36, 0x64, 0x62, 0x32, 0x61, 0x61, 0x34, 0x30, 0x65, 0x35, 0x66, 0x66, 0x35, 0x36, 0x62, 0x63, 0x61, 0x64, 0x65, 0x33, 0x30, 0x66, 0x38, 0x38, 0x34, 0x37, 0x35, 0x33, 0x62, 0x65, 0x32, 0x33, 0x33, 0x36, 0x34, 0x65, 0x32, 0x34, 0x31, 0x33, 0x38, 0x64, 0x33, 0x65, 0x36, 0x36, 0x66, 0x62, 0x35, 0x66, 0x61, 0x32, 0x34, 0x38, 0x35, 0x66, 0x36, 0x02, 0x00, 0x00, 0x00, 0x04, 0x00, 0x00, 0x00, 0x62, 0x61, 0x73, 0x65, 0x03, 0x69, 0x00, 0x00, 0x00, 0x74, 0x79, 0x70, 0x65, 0x2f, 0x4c, 0x61, 0x6e, 0x67, 0x75, 0x61, 0x67, 0x65, 0x55, 0x6e, 0x69, 0x76, 0x65, 0x72, 0x73, 0x61, 0x6c, 0x44, 0x65, 0x70, 0x65, 0x6e, 0x64, 0x65, 0x6e, 0x63, 0x79, 0x52, 0x65, 0x6c, 0x61, 0x74, 0x69, 0x6f, 0x6e, 0x40, 0x37, 0x63, 0x65, 0x32, 0x37, 0x33, 0x30, 0x32, 0x64, 0x35, 0x62, 0x38, 0x32, 0x35, 0x32, 0x37, 0x37, 0x62, 0x62, 0x64, 0x37, 0x35, 0x34, 0x64, 0x30, 0x62, 0x63, 0x65, 0x38, 0x62, 0x62, 0x63, 0x39, 0x65, 0x37, 0x31, 0x66, 0x35, 0x64, 0x36, 0x34, 0x62, 0x63, 0x34, 0x66, 0x30, 0x61, 0x66, 0x31, 0x38, 0x34, 0x66, 0x63, 0x38, 0x36, 0x32, 0x64, 0x62, 0x64, 0x38, 0x63, 0x66, 0x32, 0x65, 0x25, 0x00, 0x00, 0x00, 0x03, 0x00, 0x00, 0x00, 0x61, 0x63, 0x6c, 0x00, 0x0a, 0x00, 0x00, 0x00, 0x76, 0x61, 0x6c, 0x75, 0x65, 0x2f, 0x75, 0x6e, 0x69, 0x74, 0x05, 0x00, 0x00, 0x00, 0x61, 0x64, 0x76, 0x63, 0x6c, 0x00, 0x0a, 0x00, 0x00, 0x00, 0x76, 0x61, 0x6c, 0x75, 0x65, 0x2f, 0x75, 0x6e, 0x69, 0x74, 0x06, 0x00, 0x00, 0x00, 0x61, 0x64, 0x76, 0x6d, 0x6f, 0x64, 0x00, 0x0a, 0x00, 0x00, 0x00, 0x76, 0x61, 0x6c, 0x75, 0x65, 0x2f, 0x75, 0x6e, 0x69, 0x74, 0x04, 0x00, 0x00, 0x00, 0x61, 0x6d, 0x6f, 0x64, 0x00, 0x0a, 0x00, 0x00, 0x00, 0x76, 0x61, 0x6c, 0x75, 0x65, 0x2f, 0x75, 0x6e, 0x69, 0x74, 0x05, 0x00, 0x00, 0x00, 0x61, 0x70, 0x70, 0x6f, 0x73, 0x00, 0x0a, 0x00, 0x00, 0x00, 0x76, 0x61, 0x6c, 0x75, 0x65, 0x2f, 0x75, 0x6e, 0x69, 0x74, 0x03, 0x00, 0x00, 0x00, 0x61, 0x75, 0x78, 0x00, 0x0a, 0x00, 0x00, 0x00, 0x76, 0x61, 0x6c, 0x75, 0x65, 0x2f, 0x75, 0x6e, 0x69, 0x74, 0x04, 0x00, 0x00, 0x00, 0x63, 0x61, 0x73, 0x65, 0x00, 0x0a, 0x00, 0x00, 0x00, 0x76, 0x61, 0x6c, 0x75, 0x65, 0x2f, 0x75, 0x6e, 0x69, 0x74, 0x02, 0x00, 0x00, 0x00, 0x63, 0x63, 0x00, 0x0a, 0x00, 0x00, 0x00, 0x76, 0x61, 0x6c, 0x75, 0x65, 0x2f, 0x75, 0x6e, 0x69, 0x74, 0x05, 0x00, 0x00, 0x00, 0x63, 0x63, 0x6f, 0x6d, 0x70, 0x00, 0x0a, 0x00, 0x00, 0x00, 0x76, 0x61, 0x6c, 0x75, 0x65, 0x2f, 0x75, 0x6e, 0x69, 0x74, 0x03, 0x00, 0x00, 0x00, 0x63, 0x6c, 0x66, 0x00, 0x0a, 0x00, 0x00, 0x00, 0x76, 0x61, 0x6c, 0x75, 0x65, 0x2f, 0x75, 0x6e, 0x69, 0x74, 0x08, 0x00, 0x00, 0x00, 0x63, 0x6f, 0x6d, 0x70, 0x6f, 0x75, 0x6e, 0x64, 0x00, 0x0a, 0x00, 0x00, 0x00, 0x76, 0x61, 0x6c, 0x75, 0x65, 0x2f, 0x75, 0x6e, 0x69, 0x74, 0x04, 0x00, 0x00, 0x00, 0x63, 0x6f, 0x6e, 0x6a, 0x00, 0x0a, 0x00, 0x00, 0x00, 0x76, 0x61, 0x6c, 0x75, 0x65, 0x2f, 0x75, 0x6e, 0x69, 0x74, 0x03, 0x00, 0x00, 0x00, 0x63, 0x6f, 0x70, 0x00, 0x0a, 0x00, 0x00, 0x00, 0x76, 0x61, 0x6c, 0x75, 0x65, 0x2f, 0x75, 0x6e, 0x69, 0x74, 0x05, 0x00, 0x00, 0x00, 0x63, 0x73, 0x75, 0x62, 0x6a, 0x00, 0x0a, 0x00, 0x00, 0x00, 0x76, 0x61, 0x6c, 0x75, 0x65, 0x2f, 0x75, 0x6e, 0x69, 0x74, 0x03, 0x00, 0x00, 0x00, 0x64, 0x65, 0x70, 0x00, 0x0a, 0x00, 0x00, 0x00, 0x76, 0x61, 0x6c, 0x75, 0x65, 0x2f, 0x75, 0x6e, 0x69, 0x74, 0x03, 0x00, 0x00, 0x00, 0x64, 0x65, 0x74, 0x00, 0x0a, 0x00, 0x00, 0x00, 0x76, 0x61, 0x6c, 0x75, 0x65, 0x2f, 0x75, 0x6e, 0x69, 0x74, 0x09, 0x00, 0x00, 0x00, 0x64, 0x69, 0x73, 0x63, 0x6f, 0x75, 0x72, 0x73, 0x65, 0x00, 0x0a, 0x00, 0x00, 0x00, 0x76, 0x61, 0x6c, 0x75, 0x65, 0x2f, 0x75, 0x6e, 0x69, 0x74, 0x0a, 0x00, 0x00, 0x00, 0x64, 0x69, 0x73, 0x6c, 0x6f, 0x63, 0x61, 0x74, 0x65, 0x64, 0x00, 0x0a, 0x00, 0x00, 0x00, 0x76, 0x61, 0x6c, 0x75, 0x65, 0x2f, 0x75, 0x6e, 0x69, 0x74, 0x04, 0x00, 0x00, 0x00, 0x65, 0x78, 0x70, 0x6c, 0x00, 0x0a, 0x00, 0x00, 0x00, 0x76, 0x61, 0x6c, 0x75, 0x65, 0x2f, 0x75, 0x6e, 0x69, 0x74, 0x05, 0x00, 0x00, 0x00, 0x66, 0x69, 0x78, 0x65, 0x64, 0x00, 0x0a, 0x00, 0x00, 0x00, 0x76, 0x61, 0x6c, 0x75, 0x65, 0x2f, 0x75, 0x6e, 0x69, 0x74, 0x04, 0x00, 0x00, 0x00, 0x66, 0x6c, 0x61, 0x74, 0x00, 0x0a, 0x00, 0x00, 0x00, 0x76, 0x61, 0x6c, 0x75, 0x65, 0x2f, 0x75, 0x6e, 0x69, 0x74, 0x08, 0x00, 0x00, 0x00, 0x67, 0x6f, 0x65, 0x73, 0x77, 0x69, 0x74, 0x68, 0x00, 0x0a, 0x00, 0x00, 0x00, 0x76, 0x61, 0x6c, 0x75, 0x65, 0x2f, 0x75, 0x6e, 0x69, 0x74, 0x04, 0x00, 0x00, 0x00, 0x69, 0x6f, 0x62, 0x6a, 0x00, 0x0a, 0x00, 0x00, 0x00, 0x76, 0x61, 0x6c, 0x75, 0x65, 0x2f, 0x75, 0x6e, 0x69, 0x74, 0x04, 0x00, 0x00, 0x00, 0x6c, 0x69, 0x73, 0x74, 0x00, 0x0a, 0x00, 0x00, 0x00, 0x76, 0x61, 0x6c, 0x75, 0x65, 0x2f, 0x75, 0x6e, 0x69, 0x74, 0x04, 0x00, 0x00, 0x00, 0x6d, 0x61, 0x72, 0x6b, 0x00, 0x0a, 0x00, 0x00, 0x00, 0x76, 0x61, 0x6c, 0x75, 0x65, 0x2f, 0x75, 0x6e, 0x69, 0x74, 0x04, 0x00, 0x00, 0x00, 0x6e, 0x6d, 0x6f, 0x64, 0x00, 0x0a, 0x00, 0x00, 0x00, 0x76, 0x61, 0x6c, 0x75, 0x65, 0x2f, 0x75, 0x6e, 0x69, 0x74, 0x05, 0x00, 0x00, 0x00, 0x6e, 0x73, 0x75, 0x62, 0x6a, 0x00, 0x0a, 0x00, 0x00, 0x00, 0x76, 0x61, 0x6c, 0x75, 0x65, 0x2f, 0x75, 0x6e, 0x69, 0x74, 0x06, 0x00, 0x00, 0x00, 0x6e, 0x75, 0x6d, 0x6d, 0x6f, 0x64, 0x00, 0x0a, 0x00, 0x00, 0x00, 0x76, 0x61, 0x6c, 0x75, 0x65, 0x2f, 0x75, 0x6e, 0x69, 0x74, 0x03, 0x00, 0x00, 0x00, 0x6f, 0x62, 0x6a, 0x00, 0x0a, 0x00, 0x00, 0x00, 0x76, 0x61, 0x6c, 0x75, 0x65, 0x2f, 0x75, 0x6e, 0x69, 0x74, 0x03, 0x00, 0x00, 0x00, 0x6f, 0x62, 0x6c, 0x00, 0x0a, 0x00, 0x00, 0x00, 0x76, 0x61, 0x6c, 0x75, 0x65, 0x2f, 0x75, 0x6e, 0x69, 0x74, 0x06, 0x00, 0x00, 0x00, 0x6f, 0x72, 0x70, 0x68, 0x61, 0x6e, 0x00, 0x0a, 0x00, 0x00, 0x00, 0x76, 0x61, 0x6c, 0x75, 0x65, 0x2f, 0x75, 0x6e, 0x69, 0x74, 0x09, 0x00, 0x00, 0x00, 0x70, 0x61, 0x72, 0x61, 0x74, 0x61, 0x78, 0x69, 0x73, 0x00, 0x0a, 0x00, 0x00, 0x00, 0x76, 0x61, 0x6c, 0x75, 0x65, 0x2f, 0x75, 0x6e, 0x69, 0x74, 0x05, 0x00, 0x00, 0x00, 0x70, 0x75, 0x6e, 0x63, 0x74, 0x00, 0x0a, 0x00, 0x00, 0x00, 0x76, 0x61, 0x6c, 0x75, 0x65, 0x2f, 0x75, 0x6e, 0x69, 0x74, 0x0a, 0x00, 0x00, 0x00, 0x72, 0x65, 0x70, 0x61, 0x72, 0x61, 0x6e, 0x64, 0x75, 0x6d, 0x00, 0x0a, 0x00, 0x00, 0x00, 0x76, 0x61, 0x6c, 0x75, 0x65, 0x2f, 0x75, 0x6e, 0x69, 0x74, 0x04, 0x00, 0x00, 0x00, 0x72, 0x6f, 0x6f, 0x74, 0x00, 0x0a, 0x00, 0x00, 0x00, 0x76, 0x61, 0x6c, 0x75, 0x65, 0x2f, 0x75, 0x6e, 0x69, 0x74, 0x08, 0x00, 0x00, 0x00, 0x76, 0x6f, 0x63, 0x61, 0x74, 0x69, 0x76, 0x65, 0x00, 0x0a, 0x00, 0x00, 0x00, 0x76, 0x61, 0x6c, 0x75, 0x65, 0x2f, 0x75, 0x6e, 0x69, 0x74, 0x05, 0x00, 0x00, 0x00, 0x78, 0x63, 0x6f, 0x6d, 0x70, 0x00, 0x0a, 0x00, 0x00, 0x00, 0x76, 0x61, 0x6c, 0x75, 0x65, 0x2f, 0x75, 0x6e, 0x69, 0x74, 0x07, 0x00, 0x00, 0x00, 0x73, 0x75, 0x62, 0x74, 0x79, 0x70, 0x65, 0x05, 0x5b, 0x00, 0x00, 0x00, 0x74, 0x79, 0x70, 0x65, 0x2f, 0x4c, 0x61, 0x6e, 0x67, 0x75, 0x61, 0x67, 0x65, 0x50, 0x61, 0x72, 0x73, 0x65, 0x72, 0x53, 0x75, 0x62, 0x74, 0x79, 0x70, 0x65, 0x40, 0x33, 0x61, 0x35, 0x39, 0x61, 0x64, 0x35, 0x34, 0x63, 0x38, 0x65, 0x31, 0x39, 0x30, 0x30, 0x31, 0x35, 0x37, 0x35, 0x31, 0x34, 0x32, 0x65, 0x32, 0x31, 0x34, 0x35, 0x65, 0x39, 0x61, 0x62, 0x61, 0x32, 0x35, 0x36, 0x37, 0x32, 0x38, 0x63, 0x34, 0x39, 0x66, 0x33, 0x35, 0x36, 0x34, 0x34, 0x66, 0x31, 0x61, 0x39, 0x33, 0x38, 0x30, 0x37, 0x35, 0x62, 0x61, 0x39, 0x31, 0x63, 0x36, 0x34, 0x35, 0x00, 0x0a, 0x00, 0x00, 0x00, 0x76, 0x61, 0x6c, 0x75, 0x65, 0x2f, 0x74, 0x65, 0x78, 0x74, 0x09, 0x00, 0x00, 0x00, 0x72, 0x65, 0x6c, 0x61, 0x74, 0x69, 0x6f, 0x6e, 0x32, 0x02, 0x5c, 0x00, 0x00, 0x00, 0x74, 0x79, 0x70, 0x65, 0x2f, 0x4c, 0x61, 0x6e, 0x67, 0x75, 0x61, 0x67, 0x65, 0x50, 0x61, 0x72, 0x73, 0x65, 0x72, 0x52, 0x65, 0x6c, 0x61, 0x74, 0x69, 0x6f, 0x6e, 0x40, 0x63, 0x39, 0x64, 0x36, 0x34, 0x63, 0x35, 0x36, 0x64, 0x62, 0x32, 0x61, 0x61, 0x34, 0x30, 0x65, 0x35, 0x66, 0x66, 0x35, 0x36, 0x62, 0x63, 0x61, 0x64, 0x65, 0x33, 0x30, 0x66, 0x38, 0x38, 0x34, 0x37, 0x35, 0x33, 0x62, 0x65, 0x32, 0x33, 0x33, 0x36, 0x34, 0x65, 0x32, 0x34, 0x31, 0x33, 0x38, 0x64, 0x33, 0x65, 0x36, 0x36, 0x66, 0x62, 0x35, 0x66, 0x61, 0x32, 0x34, 0x38, 0x35, 0x66, 0x36, 0x02, 0x00, 0x00, 0x00, 0x04, 0x00, 0x00, 0x00, 0x62, 0x61, 0x73, 0x65, 0x03, 0x69, 0x00, 0x00, 0x00, 0x74, 0x79, 0x70, 0x65, 0x2f, 0x4c, 0x61, 0x6e, 0x67, 0x75, 0x61, 0x67, 0x65, 0x55, 0x6e, 0x69, 0x76, 0x65, 0x72, 0x73, 0x61, 0x6c, 0x44, 0x65, 0x70, 0x65, 0x6e, 0x64, 0x65, 0x6e, 0x63, 0x79, 0x52, 0x65, 0x6c, 0x61, 0x74, 0x69, 0x6f, 0x6e, 0x40, 0x37, 0x63, 0x65, 0x32, 0x37, 0x33, 0x30, 0x32, 0x64, 0x35, 0x62, 0x38, 0x32, 0x35, 0x32, 0x37, 0x37, 0x62, 0x62, 0x64, 0x37, 0x35, 0x34, 0x64, 0x30, 0x62, 0x63, 0x65, 0x38, 0x62, 0x62, 0x63, 0x39, 0x65, 0x37, 0x31, 0x66, 0x35, 0x64, 0x36, 0x34, 0x62, 0x63, 0x34, 0x66, 0x30, 0x61, 0x66, 0x31, 0x38, 0x34, 0x66, 0x63, 0x38, 0x36, 0x32, 0x64, 0x62, 0x64, 0x38, 0x63, 0x66, 0x32, 0x65, 0x25, 0x00, 0x00, 0x00, 0x03, 0x00, 0x00, 0x00, 0x61, 0x63, 0x6c, 0x00, 0x0a, 0x00, 0x00, 0x00, 0x76, 0x61, 0x6c, 0x75, 0x65, 0x2f, 0x75, 0x6e, 0x69, 0x74, 0x05, 0x00, 0x00, 0x00, 0x61, 0x64, 0x76, 0x63, 0x6c, 0x00, 0x0a, 0x00, 0x00, 0x00, 0x76, 0x61, 0x6c, 0x75, 0x65, 0x2f, 0x75, 0x6e, 0x69, 0x74, 0x06, 0x00, 0x00, 0x00, 0x61, 0x64, 0x76, 0x6d, 0x6f, 0x64, 0x00, 0x0a, 0x00, 0x00, 0x00, 0x76, 0x61, 0x6c, 0x75, 0x65, 0x2f, 0x75, 0x6e, 0x69, 0x74, 0x04, 0x00, 0x00, 0x00, 0x61, 0x6d, 0x6f, 0x64, 0x00, 0x0a, 0x00, 0x00, 0x00, 0x76, 0x61, 0x6c, 0x75, 0x65, 0x2f, 0x75, 0x6e, 0x69, 0x74, 0x05, 0x00, 0x00, 0x00, 0x61, 0x70, 0x70, 0x6f, 0x73, 0x00, 0x0a, 0x00, 0x00, 0x00, 0x76, 0x61, 0x6c, 0x75, 0x65, 0x2f, 0x75, 0x6e, 0x69, 0x74, 0x03, 0x00, 0x00, 0x00, 0x61, 0x75, 0x78, 0x00, 0x0a, 0x00, 0x00, 0x00, 0x76, 0x61, 0x6c, 0x75, 0x65, 0x2f, 0x75, 0x6e, 0x69, 0x74, 0x04, 0x00, 0x00, 0x00, 0x63, 0x61, 0x73, 0x65, 0x00, 0x0a, 0x00, 0x00, 0x00, 0x76, 0x61, 0x6c, 0x75, 0x65, 0x2f, 0x75, 0x6e, 0x69, 0x74, 0x02, 0x00, 0x00, 0x00, 0x63, 0x63, 0x00, 0x0a, 0x00, 0x00, 0x00, 0x76, 0x61, 0x6c, 0x75, 0x65, 0x2f, 0x75, 0x6e, 0x69, 0x74, 0x05, 0x00, 0x00, 0x00, 0x63, 0x63, 0x6f, 0x6d, 0x70, 0x00, 0x0a, 0x00, 0x00, 0x00, 0x76, 0x61, 0x6c, 0x75, 0x65, 0x2f, 0x75, 0x6e, 0x69, 0x74, 0x03, 0x00, 0x00, 0x00, 0x63, 0x6c, 0x66, 0x00, 0x0a, 0x00, 0x00, 0x00, 0x76, 0x61, 0x6c, 0x75, 0x65, 0x2f, 0x75, 0x6e, 0x69, 0x74, 0x08, 0x00, 0x00, 0x00, 0x63, 0x6f, 0x6d, 0x70, 0x6f, 0x75, 0x6e, 0x64, 0x00, 0x0a, 0x00, 0x00, 0x00, 0x76, 0x61, 0x6c, 0x75, 0x65, 0x2f, 0x75, 0x6e, 0x69, 0x74, 0x04, 0x00, 0x00, 0x00, 0x63, 0x6f, 0x6e, 0x6a, 0x00, 0x0a, 0x00, 0x00, 0x00, 0x76, 0x61, 0x6c, 0x75, 0x65, 0x2f, 0x75, 0x6e, 0x69, 0x74, 0x03, 0x00, 0x00, 0x00, 0x63, 0x6f, 0x70, 0x00, 0x0a, 0x00, 0x00, 0x00, 0x76, 0x61, 0x6c, 0x75, 0x65, 0x2f, 0x75, 0x6e, 0x69, 0x74, 0x05, 0x00, 0x00, 0x00, 0x63, 0x73, 0x75, 0x62, 0x6a, 0x00, 0x0a, 0x00, 0x00, 0x00, 0x76, 0x61, 0x6c, 0x75, 0x65, 0x2f, 0x75, 0x6e, 0x69, 0x74, 0x03, 0x00, 0x00, 0x00, 0x64, 0x65, 0x70, 0x00, 0x0a, 0x00, 0x00, 0x00, 0x76, 0x61, 0x6c, 0x75, 0x65, 0x2f, 0x75, 0x6e, 0x69, 0x74, 0x03, 0x00, 0x00, 0x00, 0x64, 0x65, 0x74, 0x00, 0x0a, 0x00, 0x00, 0x00, 0x76, 0x61, 0x6c, 0x75, 0x65, 0x2f, 0x75, 0x6e, 0x69, 0x74, 0x09, 0x00, 0x00, 0x00, 0x64, 0x69, 0x73, 0x63, 0x6f, 0x75, 0x72, 0x73, 0x65, 0x00, 0x0a, 0x00, 0x00, 0x00, 0x76, 0x61, 0x6c, 0x75, 0x65, 0x2f, 0x75, 0x6e, 0x69, 0x74, 0x0a, 0x00, 0x00, 0x00, 0x64, 0x69, 0x73, 0x6c, 0x6f, 0x63, 0x61, 0x74, 0x65, 0x64, 0x00, 0x0a, 0x00, 0x00, 0x00, 0x76, 0x61, 0x6c, 0x75, 0x65, 0x2f, 0x75, 0x6e, 0x69, 0x74, 0x04, 0x00, 0x00, 0x00, 0x65, 0x78, 0x70, 0x6c, 0x00, 0x0a, 0x00, 0x00, 0x00, 0x76, 0x61, 0x6c, 0x75, 0x65, 0x2f, 0x75, 0x6e, 0x69, 0x74, 0x05, 0x00, 0x00, 0x00, 0x66, 0x69, 0x78, 0x65, 0x64, 0x00, 0x0a, 0x00, 0x00, 0x00, 0x76, 0x61, 0x6c, 0x75, 0x65, 0x2f, 0x75, 0x6e, 0x69, 0x74, 0x04, 0x00, 0x00, 0x00, 0x66, 0x6c, 0x61, 0x74, 0x00, 0x0a, 0x00, 0x00, 0x00, 0x76, 0x61, 0x6c, 0x75, 0x65, 0x2f, 0x75, 0x6e, 0x69, 0x74, 0x08, 0x00, 0x00, 0x00, 0x67, 0x6f, 0x65, 0x73, 0x77, 0x69, 0x74, 0x68, 0x00, 0x0a, 0x00, 0x00, 0x00, 0x76, 0x61, 0x6c, 0x75, 0x65, 0x2f, 0x75, 0x6e, 0x69, 0x74, 0x04, 0x00, 0x00, 0x00, 0x69, 0x6f, 0x62, 0x6a, 0x00, 0x0a, 0x00, 0x00, 0x00, 0x76, 0x61, 0x6c, 0x75, 0x65, 0x2f, 0x75, 0x6e, 0x69, 0x74, 0x04, 0x00, 0x00, 0x00, 0x6c, 0x69, 0x73, 0x74, 0x00, 0x0a, 0x00, 0x00, 0x00, 0x76, 0x61, 0x6c, 0x75, 0x65, 0x2f, 0x75, 0x6e, 0x69, 0x74, 0x04, 0x00, 0x00, 0x00, 0x6d, 0x61, 0x72, 0x6b, 0x00, 0x0a, 0x00, 0x00, 0x00, 0x76, 0x61, 0x6c, 0x75, 0x65, 0x2f, 0x75, 0x6e, 0x69, 0x74, 0x04, 0x00, 0x00, 0x00, 0x6e, 0x6d, 0x6f, 0x64, 0x00, 0x0a, 0x00, 0x00, 0x00, 0x76, 0x61, 0x6c, 0x75, 0x65, 0x2f, 0x75, 0x6e, 0x69, 0x74, 0x05, 0x00, 0x00, 0x00, 0x6e, 0x73, 0x75, 0x62, 0x6a, 0x00, 0x0a, 0x00, 0x00, 0x00, 0x76, 0x61, 0x6c, 0x75, 0x65, 0x2f, 0x75, 0x6e, 0x69, 0x74, 0x06, 0x00, 0x00, 0x00, 0x6e, 0x75, 0x6d, 0x6d, 0x6f, 0x64, 0x00, 0x0a, 0x00, 0x00, 0x00, 0x76, 0x61, 0x6c, 0x75, 0x65, 0x2f, 0x75, 0x6e, 0x69, 0x74, 0x03, 0x00, 0x00, 0x00, 0x6f, 0x62, 0x6a, 0x00, 0x0a, 0x00, 0x00, 0x00, 0x76, 0x61, 0x6c, 0x75, 0x65, 0x2f, 0x75, 0x6e, 0x69, 0x74, 0x03, 0x00, 0x00, 0x00, 0x6f, 0x62, 0x6c, 0x00, 0x0a, 0x00, 0x00, 0x00, 0x76, 0x61, 0x6c, 0x75, 0x65, 0x2f, 0x75, 0x6e, 0x69, 0x74, 0x06, 0x00, 0x00, 0x00, 0x6f, 0x72, 0x70, 0x68, 0x61, 0x6e, 0x00, 0x0a, 0x00, 0x00, 0x00, 0x76, 0x61, 0x6c, 0x75, 0x65, 0x2f, 0x75, 0x6e, 0x69, 0x74, 0x09, 0x00, 0x00, 0x00, 0x70, 0x61, 0x72, 0x61, 0x74, 0x61, 0x78, 0x69, 0x73, 0x00, 0x0a, 0x00, 0x00, 0x00, 0x76, 0x61, 0x6c, 0x75, 0x65, 0x2f, 0x75, 0x6e, 0x69, 0x74, 0x05, 0x00, 0x00, 0x00, 0x70, 0x75, 0x6e, 0x63, 0x74, 0x00, 0x0a, 0x00, 0x00, 0x00, 0x76, 0x61, 0x6c, 0x75, 0x65, 0x2f, 0x75, 0x6e, 0x69, 0x74, 0x0a, 0x00, 0x00, 0x00, 0x72, 0x65, 0x70, 0x61, 0x72, 0x61, 0x6e, 0x64, 0x75, 0x6d, 0x00, 0x0a, 0x00, 0x00, 0x00, 0x76, 0x61, 0x6c, 0x75, 0x65, 0x2f, 0x75, 0x6e, 0x69, 0x74, 0x04, 0x00, 0x00, 0x00, 0x72, 0x6f, 0x6f, 0x74, 0x00, 0x0a, 0x00, 0x00, 0x00, 0x76, 0x61, 0x6c, 0x75, 0x65, 0x2f, 0x75, 0x6e, 0x69, 0x74, 0x08, 0x00, 0x00, 0x00, 0x76, 0x6f, 0x63, 0x61, 0x74, 0x69, 0x76, 0x65, 0x00, 0x0a, 0x00, 0x00, 0x00, 0x76, 0x61, 0x6c, 0x75, 0x65, 0x2f, 0x75, 0x6e, 0x69, 0x74, 0x05, 0x00, 0x00, 0x00, 0x78, 0x63, 0x6f, 0x6d, 0x70, 0x00, 0x0a, 0x00, 0x00, 0x00, 0x76, 0x61, 0x6c, 0x75, 0x65, 0x2f, 0x75, 0x6e, 0x69, 0x74, 0x07, 0x00, 0x00, 0x00, 0x73, 0x75, 0x62, 0x74, 0x79, 0x70, 0x65, 0x05, 0x5b, 0x00, 0x00, 0x00, 0x74, 0x79, 0x70, 0x65, 0x2f, 0x4c, 0x61, 0x6e, 0x67, 0x75, 0x61, 0x67, 0x65, 0x50, 0x61, 0x72, 0x73, 0x65, 0x72, 0x53, 0x75, 0x62, 0x74, 0x79, 0x70, 0x65, 0x40, 0x33, 0x61, 0x35, 0x39, 0x61, 0x64, 0x35, 0x34, 0x63, 0x38, 0x65, 0x31, 0x39, 0x30, 0x30, 0x31, 0x35, 0x37, 0x35, 0x31, 0x34, 0x32, 0x65, 0x32, 0x31, 0x34, 0x35, 0x65, 0x39, 0x61, 0x62, 0x61, 0x32, 0x35, 0x36, 0x37, 0x32, 0x38, 0x63, 0x34, 0x39, 0x66, 0x33, 0x35, 0x36, 0x34, 0x34, 0x66, 0x31, 0x61, 0x39, 0x33, 0x38, 0x30, 0x37, 0x35, 0x62, 0x61, 0x39, 0x31, 0x63, 0x36, 0x34, 0x35, 0x00, 0x0a, 0x00, 0x00, 0x00, 0x76, 0x61, 0x6c, 0x75, 0x65, 0x2f, 0x74, 0x65, 0x78, 0x74, 0x09, 0x00, 0x00, 0x00, 0x72, 0x65, 0x6c, 0x61, 0x74, 0x69, 0x6f, 0x6e, 0x33, 0x02, 0x5c, 0x00, 0x00, 0x00, 0x74, 0x79, 0x70, 0x65, 0x2f, 0x4c, 0x61, 0x6e, 0x67, 0x75, 0x61, 0x67, 0x65, 0x50, 0x61, 0x72, 0x73, 0x65, 0x72, 0x52, 0x65, 0x6c, 0x61, 0x74, 0x69, 0x6f, 0x6e, 0x40, 0x63, 0x39, 0x64, 0x36, 0x34, 0x63, 0x35, 0x36, 0x64, 0x62, 0x32, 0x61, 0x61, 0x34, 0x30, 0x65, 0x35, 0x66, 0x66, 0x35, 0x36, 0x62, 0x63, 0x61, 0x64, 0x65, 0x33, 0x30, 0x66, 0x38, 0x38, 0x34, 0x37, 0x35, 0x33, 0x62, 0x65, 0x32, 0x33, 0x33, 0x36, 0x34, 0x65, 0x32, 0x34, 0x31, 0x33, 0x38, 0x64, 0x33, 0x65, 0x36, 0x36, 0x66, 0x62, 0x35, 0x66, 0x61, 0x32, 0x34, 0x38, 0x35, 0x66, 0x36, 0x02, 0x00, 0x00, 0x00, 0x04, 0x00, 0x00, 0x00, 0x62, 0x61, 0x73, 0x65, 0x03, 0x69, 0x00, 0x00, 0x00, 0x74, 0x79, 0x70, 0x65, 0x2f, 0x4c, 0x61, 0x6e, 0x67, 0x75, 0x61, 0x67, 0x65, 0x55, 0x6e, 0x69, 0x76, 0x65, 0x72, 0x73, 0x61, 0x6c, 0x44, 0x65, 0x70, 0x65, 0x6e, 0x64, 0x65, 0x6e, 0x63, 0x79, 0x52, 0x65, 0x6c, 0x61, 0x74, 0x69, 0x6f, 0x6e, 0x40, 0x37, 0x63, 0x65, 0x32, 0x37, 0x33, 0x30, 0x32, 0x64, 0x35, 0x62, 0x38, 0x32, 0x35, 0x32, 0x37, 0x37, 0x62, 0x62, 0x64, 0x37, 0x35, 0x34, 0x64, 0x30, 0x62, 0x63, 0x65, 0x38, 0x62, 0x62, 0x63, 0x39, 0x65, 0x37, 0x31, 0x66, 0x35, 0x64, 0x36, 0x34, 0x62, 0x63, 0x34, 0x66, 0x30, 0x61, 0x66, 0x31, 0x38, 0x34, 0x66, 0x63, 0x38, 0x36, 0x32, 0x64, 0x62, 0x64, 0x38, 0x63, 0x66, 0x32, 0x65, 0x25, 0x00, 0x00, 0x00, 0x03, 0x00, 0x00, 0x00, 0x61, 0x63, 0x6c, 0x00, 0x0a, 0x00, 0x00, 0x00, 0x76, 0x61, 0x6c, 0x75, 0x65, 0x2f, 0x75, 0x6e, 0x69, 0x74, 0x05, 0x00, 0x00, 0x00, 0x61, 0x64, 0x76, 0x63, 0x6c, 0x00, 0x0a, 0x00, 0x00, 0x00, 0x76, 0x61, 0x6c, 0x75, 0x65, 0x2f, 0x75, 0x6e, 0x69, 0x74, 0x06, 0x00, 0x00, 0x00, 0x61, 0x64, 0x76, 0x6d, 0x6f, 0x64, 0x00, 0x0a, 0x00, 0x00, 0x00, 0x76, 0x61, 0x6c, 0x75, 0x65, 0x2f, 0x75, 0x6e, 0x69, 0x74, 0x04, 0x00, 0x00, 0x00, 0x61, 0x6d, 0x6f, 0x64, 0x00, 0x0a, 0x00, 0x00, 0x00, 0x76, 0x61, 0x6c, 0x75, 0x65, 0x2f, 0x75, 0x6e, 0x69, 0x74, 0x05, 0x00, 0x00, 0x00, 0x61, 0x70, 0x70, 0x6f, 0x73, 0x00, 0x0a, 0x00, 0x00, 0x00, 0x76, 0x61, 0x6c, 0x75, 0x65, 0x2f, 0x75, 0x6e, 0x69, 0x74, 0x03, 0x00, 0x00, 0x00, 0x61, 0x75, 0x78, 0x00, 0x0a, 0x00, 0x00, 0x00, 0x76, 0x61, 0x6c, 0x75, 0x65, 0x2f, 0x75, 0x6e, 0x69, 0x74, 0x04, 0x00, 0x00, 0x00, 0x63, 0x61, 0x73, 0x65, 0x00, 0x0a, 0x00, 0x00, 0x00, 0x76, 0x61, 0x6c, 0x75, 0x65, 0x2f, 0x75, 0x6e, 0x69, 0x74, 0x02, 0x00, 0x00, 0x00, 0x63, 0x63, 0x00, 0x0a, 0x00, 0x00, 0x00, 0x76, 0x61, 0x6c, 0x75, 0x65, 0x2f, 0x75, 0x6e, 0x69, 0x74, 0x05, 0x00, 0x00, 0x00, 0x63, 0x63, 0x6f, 0x6d, 0x70, 0x00, 0x0a, 0x00, 0x00, 0x00, 0x76, 0x61, 0x6c, 0x75, 0x65, 0x2f, 0x75, 0x6e, 0x69, 0x74, 0x03, 0x00, 0x00, 0x00, 0x63, 0x6c, 0x66, 0x00, 0x0a, 0x00, 0x00, 0x00, 0x76, 0x61, 0x6c, 0x75, 0x65, 0x2f, 0x75, 0x6e, 0x69, 0x74, 0x08, 0x00, 0x00, 0x00, 0x63, 0x6f, 0x6d, 0x70, 0x6f, 0x75, 0x6e, 0x64, 0x00, 0x0a, 0x00, 0x00, 0x00, 0x76, 0x61, 0x6c, 0x75, 0x65, 0x2f, 0x75, 0x6e, 0x69, 0x74, 0x04, 0x00, 0x00, 0x00, 0x63, 0x6f, 0x6e, 0x6a, 0x00, 0x0a, 0x00, 0x00, 0x00, 0x76, 0x61, 0x6c, 0x75, 0x65, 0x2f, 0x75, 0x6e, 0x69, 0x74, 0x03, 0x00, 0x00, 0x00, 0x63, 0x6f, 0x70, 0x00, 0x0a, 0x00, 0x00, 0x00, 0x76, 0x61, 0x6c, 0x75, 0x65, 0x2f, 0x75, 0x6e, 0x69, 0x74, 0x05, 0x00, 0x00, 0x00, 0x63, 0x73, 0x75, 0x62, 0x6a, 0x00, 0x0a, 0x00, 0x00, 0x00, 0x76, 0x61, 0x6c, 0x75, 0x65, 0x2f, 0x75, 0x6e, 0x69, 0x74, 0x03, 0x00, 0x00, 0x00, 0x64, 0x65, 0x70, 0x00, 0x0a, 0x00, 0x00, 0x00, 0x76, 0x61, 0x6c, 0x75, 0x65, 0x2f, 0x75, 0x6e, 0x69, 0x74, 0x03, 0x00, 0x00, 0x00, 0x64, 0x65, 0x74, 0x00, 0x0a, 0x00, 0x00, 0x00, 0x76, 0x61, 0x6c, 0x75, 0x65, 0x2f, 0x75, 0x6e, 0x69, 0x74, 0x09, 0x00, 0x00, 0x00, 0x64, 0x69, 0x73, 0x63, 0x6f, 0x75, 0x72, 0x73, 0x65, 0x00, 0x0a, 0x00, 0x00, 0x00, 0x76, 0x61, 0x6c, 0x75, 0x65, 0x2f, 0x75, 0x6e, 0x69, 0x74, 0x0a, 0x00, 0x00, 0x00, 0x64, 0x69, 0x73, 0x6c, 0x6f, 0x63, 0x61, 0x74, 0x65, 0x64, 0x00, 0x0a, 0x00, 0x00, 0x00, 0x76, 0x61, 0x6c, 0x75, 0x65, 0x2f, 0x75, 0x6e, 0x69, 0x74, 0x04, 0x00, 0x00, 0x00, 0x65, 0x78, 0x70, 0x6c, 0x00, 0x0a, 0x00, 0x00, 0x00, 0x76, 0x61, 0x6c, 0x75, 0x65, 0x2f, 0x75, 0x6e, 0x69, 0x74, 0x05, 0x00, 0x00, 0x00, 0x66, 0x69, 0x78, 0x65, 0x64, 0x00, 0x0a, 0x00, 0x00, 0x00, 0x76, 0x61, 0x6c, 0x75, 0x65, 0x2f, 0x75, 0x6e, 0x69, 0x74, 0x04, 0x00, 0x00, 0x00, 0x66, 0x6c, 0x61, 0x74, 0x00, 0x0a, 0x00, 0x00, 0x00, 0x76, 0x61, 0x6c, 0x75, 0x65, 0x2f, 0x75, 0x6e, 0x69, 0x74, 0x08, 0x00, 0x00, 0x00, 0x67, 0x6f, 0x65, 0x73, 0x77, 0x69, 0x74, 0x68, 0x00, 0x0a, 0x00, 0x00, 0x00, 0x76, 0x61, 0x6c, 0x75, 0x65, 0x2f, 0x75, 0x6e, 0x69, 0x74, 0x04, 0x00, 0x00, 0x00, 0x69, 0x6f, 0x62, 0x6a, 0x00, 0x0a, 0x00, 0x00, 0x00, 0x76, 0x61, 0x6c, 0x75, 0x65, 0x2f, 0x75, 0x6e, 0x69, 0x74, 0x04, 0x00, 0x00, 0x00, 0x6c, 0x69, 0x73, 0x74, 0x00, 0x0a, 0x00, 0x00, 0x00, 0x76, 0x61, 0x6c, 0x75, 0x65, 0x2f, 0x75, 0x6e, 0x69, 0x74, 0x04, 0x00, 0x00, 0x00, 0x6d, 0x61, 0x72, 0x6b, 0x00, 0x0a, 0x00, 0x00, 0x00, 0x76, 0x61, 0x6c, 0x75, 0x65, 0x2f, 0x75, 0x6e, 0x69, 0x74, 0x04, 0x00, 0x00, 0x00, 0x6e, 0x6d, 0x6f, 0x64, 0x00, 0x0a, 0x00, 0x00, 0x00, 0x76, 0x61, 0x6c, 0x75, 0x65, 0x2f, 0x75, 0x6e, 0x69, 0x74, 0x05, 0x00, 0x00, 0x00, 0x6e, 0x73, 0x75, 0x62, 0x6a, 0x00, 0x0a, 0x00, 0x00, 0x00, 0x76, 0x61, 0x6c, 0x75, 0x65, 0x2f, 0x75, 0x6e, 0x69, 0x74, 0x06, 0x00, 0x00, 0x00, 0x6e, 0x75, 0x6d, 0x6d, 0x6f, 0x64, 0x00, 0x0a, 0x00, 0x00, 0x00, 0x76, 0x61, 0x6c, 0x75, 0x65, 0x2f, 0x75, 0x6e, 0x69, 0x74, 0x03, 0x00, 0x00, 0x00, 0x6f, 0x62, 0x6a, 0x00, 0x0a, 0x00, 0x00, 0x00, 0x76, 0x61, 0x6c, 0x75, 0x65, 0x2f, 0x75, 0x6e, 0x69, 0x74, 0x03, 0x00, 0x00, 0x00, 0x6f, 0x62, 0x6c, 0x00, 0x0a, 0x00, 0x00, 0x00, 0x76, 0x61, 0x6c, 0x75, 0x65, 0x2f, 0x75, 0x6e, 0x69, 0x74, 0x06, 0x00, 0x00, 0x00, 0x6f, 0x72, 0x70, 0x68, 0x61, 0x6e, 0x00, 0x0a, 0x00, 0x00, 0x00, 0x76, 0x61, 0x6c, 0x75, 0x65, 0x2f, 0x75, 0x6e, 0x69, 0x74, 0x09, 0x00, 0x00, 0x00, 0x70, 0x61, 0x72, 0x61, 0x74, 0x61, 0x78, 0x69, 0x73, 0x00, 0x0a, 0x00, 0x00, 0x00, 0x76, 0x61, 0x6c, 0x75, 0x65, 0x2f, 0x75, 0x6e, 0x69, 0x74, 0x05, 0x00, 0x00, 0x00, 0x70, 0x75, 0x6e, 0x63, 0x74, 0x00, 0x0a, 0x00, 0x00, 0x00, 0x76, 0x61, 0x6c, 0x75, 0x65, 0x2f, 0x75, 0x6e, 0x69, 0x74, 0x0a, 0x00, 0x00, 0x00, 0x72, 0x65, 0x70, 0x61, 0x72, 0x61, 0x6e, 0x64, 0x75, 0x6d, 0x00, 0x0a, 0x00, 0x00, 0x00, 0x76, 0x61, 0x6c, 0x75, 0x65, 0x2f, 0x75, 0x6e, 0x69, 0x74, 0x04, 0x00, 0x00, 0x00, 0x72, 0x6f, 0x6f, 0x74, 0x00, 0x0a, 0x00, 0x00, 0x00, 0x76, 0x61, 0x6c, 0x75, 0x65, 0x2f, 0x75, 0x6e, 0x69, 0x74, 0x08, 0x00, 0x00, 0x00, 0x76, 0x6f, 0x63, 0x61, 0x74, 0x69, 0x76, 0x65, 0x00, 0x0a, 0x00, 0x00, 0x00, 0x76, 0x61, 0x6c, 0x75, 0x65, 0x2f, 0x75, 0x6e, 0x69, 0x74, 0x05, 0x00, 0x00, 0x00, 0x78, 0x63, 0x6f, 0x6d, 0x70, 0x00, 0x0a, 0x00, 0x00, 0x00, 0x76, 0x61, 0x6c, 0x75, 0x65, 0x2f, 0x75, 0x6e, 0x69, 0x74, 0x07, 0x00, 0x00, 0x00, 0x73, 0x75, 0x62, 0x74, 0x79, 0x70, 0x65, 0x05, 0x5b, 0x00, 0x00, 0x00, 0x74, 0x79, 0x70, 0x65, 0x2f, 0x4c, 0x61, 0x6e, 0x67, 0x75, 0x61, 0x67, 0x65, 0x50, 0x61, 0x72, 0x73, 0x65, 0x72, 0x53, 0x75, 0x62, 0x74, 0x79, 0x70, 0x65, 0x40, 0x33, 0x61, 0x35, 0x39, 0x61, 0x64, 0x35, 0x34, 0x63, 0x38, 0x65, 0x31, 0x39, 0x30, 0x30, 0x31, 0x35, 0x37, 0x35, 0x31, 0x34, 0x32, 0x65, 0x32, 0x31, 0x34, 0x35, 0x65, 0x39, 0x61, 0x62, 0x61, 0x32, 0x35, 0x36, 0x37, 0x32, 0x38, 0x63, 0x34, 0x39, 0x66, 0x33, 0x35, 0x36, 0x34, 0x34, 0x66, 0x31, 0x61, 0x39, 0x33, 0x38, 0x30, 0x37, 0x35, 0x62, 0x61, 0x39, 0x31, 0x63, 0x36, 0x34, 0x35, 0x00, 0x0a, 0x00, 0x00, 0x00, 0x76, 0x61, 0x6c, 0x75, 0x65, 0x2f, 0x74, 0x65, 0x78, 0x74, 0x09, 0x00, 0x00, 0x00, 0x72, 0x65, 0x6c, 0x61, 0x74, 0x69, 0x6f, 0x6e, 0x34, 0x02, 0x5c, 0x00, 0x00, 0x00, 0x74, 0x79, 0x70, 0x65, 0x2f, 0x4c, 0x61, 0x6e, 0x67, 0x75, 0x61, 0x67, 0x65, 0x50, 0x61, 0x72, 0x73, 0x65, 0x72, 0x52, 0x65, 0x6c, 0x61, 0x74, 0x69, 0x6f, 0x6e, 0x40, 0x63, 0x39, 0x64, 0x36, 0x34, 0x63, 0x35, 0x36, 0x64, 0x62, 0x32, 0x61, 0x61, 0x34, 0x30, 0x65, 0x35, 0x66, 0x66, 0x35, 0x36, 0x62, 0x63, 0x61, 0x64, 0x65, 0x33, 0x30, 0x66, 0x38, 0x38, 0x34, 0x37, 0x35, 0x33, 0x62, 0x65, 0x32, 0x33, 0x33, 0x36, 0x34, 0x65, 0x32, 0x34, 0x31, 0x33, 0x38, 0x64, 0x33, 0x65, 0x36, 0x36, 0x66, 0x62, 0x35, 0x66, 0x61, 0x32, 0x34, 0x38, 0x35, 0x66, 0x36, 0x02, 0x00, 0x00, 0x00, 0x04, 0x00, 0x00, 0x00, 0x62, 0x61, 0x73, 0x65, 0x03, 0x69, 0x00, 0x00, 0x00, 0x74, 0x79, 0x70, 0x65, 0x2f, 0x4c, 0x61, 0x6e, 0x67, 0x75, 0x61, 0x67, 0x65, 0x55, 0x6e, 0x69, 0x76, 0x65, 0x72, 0x73, 0x61, 0x6c, 0x44, 0x65, 0x70, 0x65, 0x6e, 0x64, 0x65, 0x6e, 0x63, 0x79, 0x52, 0x65, 0x6c, 0x61, 0x74, 0x69, 0x6f, 0x6e, 0x40, 0x37, 0x63, 0x65, 0x32, 0x37, 0x33, 0x30, 0x32, 0x64, 0x35, 0x62, 0x38, 0x32, 0x35, 0x32, 0x37, 0x37, 0x62, 0x62, 0x64, 0x37, 0x35, 0x34, 0x64, 0x30, 0x62, 0x63, 0x65, 0x38, 0x62, 0x62, 0x63, 0x39, 0x65, 0x37, 0x31, 0x66, 0x35, 0x64, 0x36, 0x34, 0x62, 0x63, 0x34, 0x66, 0x30, 0x61, 0x66, 0x31, 0x38, 0x34, 0x66, 0x63, 0x38, 0x36, 0x32, 0x64, 0x62, 0x64, 0x38, 0x63, 0x66, 0x32, 0x65, 0x25, 0x00, 0x00, 0x00, 0x03, 0x00, 0x00, 0x00, 0x61, 0x63, 0x6c, 0x00, 0x0a, 0x00, 0x00, 0x00, 0x76, 0x61, 0x6c, 0x75, 0x65, 0x2f, 0x75, 0x6e, 0x69, 0x74, 0x05, 0x00, 0x00, 0x00, 0x61, 0x64, 0x76, 0x63, 0x6c, 0x00, 0x0a, 0x00, 0x00, 0x00, 0x76, 0x61, 0x6c, 0x75, 0x65, 0x2f, 0x75, 0x6e, 0x69, 0x74, 0x06, 0x00, 0x00, 0x00, 0x61, 0x64, 0x76, 0x6d, 0x6f, 0x64, 0x00, 0x0a, 0x00, 0x00, 0x00, 0x76, 0x61, 0x6c, 0x75, 0x65, 0x2f, 0x75, 0x6e, 0x69, 0x74, 0x04, 0x00, 0x00, 0x00, 0x61, 0x6d, 0x6f, 0x64, 0x00, 0x0a, 0x00, 0x00, 0x00, 0x76, 0x61, 0x6c, 0x75, 0x65, 0x2f, 0x75, 0x6e, 0x69, 0x74, 0x05, 0x00, 0x00, 0x00, 0x61, 0x70, 0x70, 0x6f, 0x73, 0x00, 0x0a, 0x00, 0x00, 0x00, 0x76, 0x61, 0x6c, 0x75, 0x65, 0x2f, 0x75, 0x6e, 0x69, 0x74, 0x03, 0x00, 0x00, 0x00, 0x61, 0x75, 0x78, 0x00, 0x0a, 0x00, 0x00, 0x00, 0x76, 0x61, 0x6c, 0x75, 0x65, 0x2f, 0x75, 0x6e, 0x69, 0x74, 0x04, 0x00, 0x00, 0x00, 0x63, 0x61, 0x73, 0x65, 0x00, 0x0a, 0x00, 0x00, 0x00, 0x76, 0x61, 0x6c, 0x75, 0x65, 0x2f, 0x75, 0x6e, 0x69, 0x74, 0x02, 0x00, 0x00, 0x00, 0x63, 0x63, 0x00, 0x0a, 0x00, 0x00, 0x00, 0x76, 0x61, 0x6c, 0x75, 0x65, 0x2f, 0x75, 0x6e, 0x69, 0x74, 0x05, 0x00, 0x00, 0x00, 0x63, 0x63, 0x6f, 0x6d, 0x70, 0x00, 0x0a, 0x00, 0x00, 0x00, 0x76, 0x61, 0x6c, 0x75, 0x65, 0x2f, 0x75, 0x6e, 0x69, 0x74, 0x03, 0x00, 0x00, 0x00, 0x63, 0x6c, 0x66, 0x00, 0x0a, 0x00, 0x00, 0x00, 0x76, 0x61, 0x6c, 0x75, 0x65, 0x2f, 0x75, 0x6e, 0x69, 0x74, 0x08, 0x00, 0x00, 0x00, 0x63, 0x6f, 0x6d, 0x70, 0x6f, 0x75, 0x6e, 0x64, 0x00, 0x0a, 0x00, 0x00, 0x00, 0x76, 0x61, 0x6c, 0x75, 0x65, 0x2f, 0x75, 0x6e, 0x69, 0x74, 0x04, 0x00, 0x00, 0x00, 0x63, 0x6f, 0x6e, 0x6a, 0x00, 0x0a, 0x00, 0x00, 0x00, 0x76, 0x61, 0x6c, 0x75, 0x65, 0x2f, 0x75, 0x6e, 0x69, 0x74, 0x03, 0x00, 0x00, 0x00, 0x63, 0x6f, 0x70, 0x00, 0x0a, 0x00, 0x00, 0x00, 0x76, 0x61, 0x6c, 0x75, 0x65, 0x2f, 0x75, 0x6e, 0x69, 0x74, 0x05, 0x00, 0x00, 0x00, 0x63, 0x73, 0x75, 0x62, 0x6a, 0x00, 0x0a, 0x00, 0x00, 0x00, 0x76, 0x61, 0x6c, 0x75, 0x65, 0x2f, 0x75, 0x6e, 0x69, 0x74, 0x03, 0x00, 0x00, 0x00, 0x64, 0x65, 0x70, 0x00, 0x0a, 0x00, 0x00, 0x00, 0x76, 0x61, 0x6c, 0x75, 0x65, 0x2f, 0x75, 0x6e, 0x69, 0x74, 0x03, 0x00, 0x00, 0x00, 0x64, 0x65, 0x74, 0x00, 0x0a, 0x00, 0x00, 0x00, 0x76, 0x61, 0x6c, 0x75, 0x65, 0x2f, 0x75, 0x6e, 0x69, 0x74, 0x09, 0x00, 0x00, 0x00, 0x64, 0x69, 0x73, 0x63, 0x6f, 0x75, 0x72, 0x73, 0x65, 0x00, 0x0a, 0x00, 0x00, 0x00, 0x76, 0x61, 0x6c, 0x75, 0x65, 0x2f, 0x75, 0x6e, 0x69, 0x74, 0x0a, 0x00, 0x00, 0x00, 0x64, 0x69, 0x73, 0x6c, 0x6f, 0x63, 0x61, 0x74, 0x65, 0x64, 0x00, 0x0a, 0x00, 0x00, 0x00, 0x76, 0x61, 0x6c, 0x75, 0x65, 0x2f, 0x75, 0x6e, 0x69, 0x74, 0x04, 0x00, 0x00, 0x00, 0x65, 0x78, 0x70, 0x6c, 0x00, 0x0a, 0x00, 0x00, 0x00, 0x76, 0x61, 0x6c, 0x75, 0x65, 0x2f, 0x75, 0x6e, 0x69, 0x74, 0x05, 0x00, 0x00, 0x00, 0x66, 0x69, 0x78, 0x65, 0x64, 0x00, 0x0a, 0x00, 0x00, 0x00, 0x76, 0x61, 0x6c, 0x75, 0x65, 0x2f, 0x75, 0x6e, 0x69, 0x74, 0x04, 0x00, 0x00, 0x00, 0x66, 0x6c, 0x61, 0x74, 0x00, 0x0a, 0x00, 0x00, 0x00, 0x76, 0x61, 0x6c, 0x75, 0x65, 0x2f, 0x75, 0x6e, 0x69, 0x74, 0x08, 0x00, 0x00, 0x00, 0x67, 0x6f, 0x65, 0x73, 0x77, 0x69, 0x74, 0x68, 0x00, 0x0a, 0x00, 0x00, 0x00, 0x76, 0x61, 0x6c, 0x75, 0x65, 0x2f, 0x75, 0x6e, 0x69, 0x74, 0x04, 0x00, 0x00, 0x00, 0x69, 0x6f, 0x62, 0x6a, 0x00, 0x0a, 0x00, 0x00, 0x00, 0x76, 0x61, 0x6c, 0x75, 0x65, 0x2f, 0x75, 0x6e, 0x69, 0x74, 0x04, 0x00, 0x00, 0x00, 0x6c, 0x69, 0x73, 0x74, 0x00, 0x0a, 0x00, 0x00, 0x00, 0x76, 0x61, 0x6c, 0x75, 0x65, 0x2f, 0x75, 0x6e, 0x69, 0x74, 0x04, 0x00, 0x00, 0x00, 0x6d, 0x61, 0x72, 0x6b, 0x00, 0x0a, 0x00, 0x00, 0x00, 0x76, 0x61, 0x6c, 0x75, 0x65, 0x2f, 0x75, 0x6e, 0x69, 0x74, 0x04, 0x00, 0x00, 0x00, 0x6e, 0x6d, 0x6f, 0x64, 0x00, 0x0a, 0x00, 0x00, 0x00, 0x76, 0x61, 0x6c, 0x75, 0x65, 0x2f, 0x75, 0x6e, 0x69, 0x74, 0x05, 0x00, 0x00, 0x00, 0x6e, 0x73, 0x75, 0x62, 0x6a, 0x00, 0x0a, 0x00, 0x00, 0x00, 0x76, 0x61, 0x6c, 0x75, 0x65, 0x2f, 0x75, 0x6e, 0x69, 0x74, 0x06, 0x00, 0x00, 0x00, 0x6e, 0x75, 0x6d, 0x6d, 0x6f, 0x64, 0x00, 0x0a, 0x00, 0x00, 0x00, 0x76, 0x61, 0x6c, 0x75, 0x65, 0x2f, 0x75, 0x6e, 0x69, 0x74, 0x03, 0x00, 0x00, 0x00, 0x6f, 0x62, 0x6a, 0x00, 0x0a, 0x00, 0x00, 0x00, 0x76, 0x61, 0x6c, 0x75, 0x65, 0x2f, 0x75, 0x6e, 0x69, 0x74, 0x03, 0x00, 0x00, 0x00, 0x6f, 0x62, 0x6c, 0x00, 0x0a, 0x00, 0x00, 0x00, 0x76, 0x61, 0x6c, 0x75, 0x65, 0x2f, 0x75, 0x6e, 0x69, 0x74, 0x06, 0x00, 0x00, 0x00, 0x6f, 0x72, 0x70, 0x68, 0x61, 0x6e, 0x00, 0x0a, 0x00, 0x00, 0x00, 0x76, 0x61, 0x6c, 0x75, 0x65, 0x2f, 0x75, 0x6e, 0x69, 0x74, 0x09, 0x00, 0x00, 0x00, 0x70, 0x61, 0x72, 0x61, 0x74, 0x61, 0x78, 0x69, 0x73, 0x00, 0x0a, 0x00, 0x00, 0x00, 0x76, 0x61, 0x6c, 0x75, 0x65, 0x2f, 0x75, 0x6e, 0x69, 0x74, 0x05, 0x00, 0x00, 0x00, 0x70, 0x75, 0x6e, 0x63, 0x74, 0x00, 0x0a, 0x00, 0x00, 0x00, 0x76, 0x61, 0x6c, 0x75, 0x65, 0x2f, 0x75, 0x6e, 0x69, 0x74, 0x0a, 0x00, 0x00, 0x00, 0x72, 0x65, 0x70, 0x61, 0x72, 0x61, 0x6e, 0x64, 0x75, 0x6d, 0x00, 0x0a, 0x00, 0x00, 0x00, 0x76, 0x61, 0x6c, 0x75, 0x65, 0x2f, 0x75, 0x6e, 0x69, 0x74, 0x04, 0x00, 0x00, 0x00, 0x72, 0x6f, 0x6f, 0x74, 0x00, 0x0a, 0x00, 0x00, 0x00, 0x76, 0x61, 0x6c, 0x75, 0x65, 0x2f, 0x75, 0x6e, 0x69, 0x74, 0x08, 0x00, 0x00, 0x00, 0x76, 0x6f, 0x63, 0x61, 0x74, 0x69, 0x76, 0x65, 0x00, 0x0a, 0x00, 0x00, 0x00, 0x76, 0x61, 0x6c, 0x75, 0x65, 0x2f, 0x75, 0x6e, 0x69, 0x74, 0x05, 0x00, 0x00, 0x00, 0x78, 0x63, 0x6f, 0x6d, 0x70, 0x00, 0x0a, 0x00, 0x00, 0x00, 0x76, 0x61, 0x6c, 0x75, 0x65, 0x2f, 0x75, 0x6e, 0x69, 0x74, 0x07, 0x00, 0x00, 0x00, 0x73, 0x75, 0x62, 0x74, 0x79, 0x70, 0x65, 0x05, 0x5b, 0x00, 0x00, 0x00, 0x74, 0x79, 0x70, 0x65, 0x2f, 0x4c, 0x61, 0x6e, 0x67, 0x75, 0x61, 0x67, 0x65, 0x50, 0x61, 0x72, 0x73, 0x65, 0x72, 0x53, 0x75, 0x62, 0x74, 0x79, 0x70, 0x65, 0x40, 0x33, 0x61, 0x35, 0x39, 0x61, 0x64, 0x35, 0x34, 0x63, 0x38, 0x65, 0x31, 0x39, 0x30, 0x30, 0x31, 0x35, 0x37, 0x35, 0x31, 0x34, 0x32, 0x65, 0x32, 0x31, 0x34, 0x35, 0x65, 0x39, 0x61, 0x62, 0x61, 0x32, 0x35, 0x36, 0x37, 0x32, 0x38, 0x63, 0x34, 0x39, 0x66, 0x33, 0x35, 0x36, 0x34, 0x34, 0x66, 0x31, 0x61, 0x39, 0x33, 0x38, 0x30, 0x37, 0x35, 0x62, 0x61, 0x39, 0x31, 0x63, 0x36, 0x34, 0x35, 0x00, 0x0a, 0x00, 0x00, 0x00, 0x76, 0x61, 0x6c, 0x75, 0x65, 0x2f, 0x74, 0x65, 0x78, 0x74, 0x09, 0x00, 0x00, 0x00, 0x72, 0x65, 0x6c, 0x61, 0x74, 0x69, 0x6f, 0x6e, 0x35, 0x02, 0x5c, 0x00, 0x00, 0x00, 0x74, 0x79, 0x70, 0x65, 0x2f, 0x4c, 0x61, 0x6e, 0x67, 0x75, 0x61, 0x67, 0x65, 0x50, 0x61, 0x72, 0x73, 0x65, 0x72, 0x52, 0x65, 0x6c, 0x61, 0x74, 0x69, 0x6f, 0x6e, 0x40, 0x63, 0x39, 0x64, 0x36, 0x34, 0x63, 0x35, 0x36, 0x64, 0x62, 0x32, 0x61, 0x61, 0x34, 0x30, 0x65, 0x35, 0x66, 0x66, 0x35, 0x36, 0x62, 0x63, 0x61, 0x64, 0x65, 0x33, 0x30, 0x66, 0x38, 0x38, 0x34, 0x37, 0x35, 0x33, 0x62, 0x65, 0x32, 0x33, 0x33, 0x36, 0x34, 0x65, 0x32, 0x34, 0x31, 0x33, 0x38, 0x64, 0x33, 0x65, 0x36, 0x36, 0x66, 0x62, 0x35, 0x66, 0x61, 0x32, 0x34, 0x38, 0x35, 0x66, 0x36, 0x02, 0x00, 0x00, 0x00, 0x04, 0x00, 0x00, 0x00, 0x62, 0x61, 0x73, 0x65, 0x03, 0x69, 0x00, 0x00, 0x00, 0x74, 0x79, 0x70, 0x65, 0x2f, 0x4c, 0x61, 0x6e, 0x67, 0x75, 0x61, 0x67, 0x65, 0x55, 0x6e, 0x69, 0x76, 0x65, 0x72, 0x73, 0x61, 0x6c, 0x44, 0x65, 0x70, 0x65, 0x6e, 0x64, 0x65, 0x6e, 0x63, 0x79, 0x52, 0x65, 0x6c, 0x61, 0x74, 0x69, 0x6f, 0x6e, 0x40, 0x37, 0x63, 0x65, 0x32, 0x37, 0x33, 0x30, 0x32, 0x64, 0x35, 0x62, 0x38, 0x32, 0x35, 0x32, 0x37, 0x37, 0x62, 0x62, 0x64, 0x37, 0x35, 0x34, 0x64, 0x30, 0x62, 0x63, 0x65, 0x38, 0x62, 0x62, 0x63, 0x39, 0x65, 0x37, 0x31, 0x66, 0x35, 0x64, 0x36, 0x34, 0x62, 0x63, 0x34, 0x66, 0x30, 0x61, 0x66, 0x31, 0x38, 0x34, 0x66, 0x63, 0x38, 0x36, 0x32, 0x64, 0x62, 0x64, 0x38, 0x63, 0x66, 0x32, 0x65, 0x25, 0x00, 0x00, 0x00, 0x03, 0x00, 0x00, 0x00, 0x61, 0x63, 0x6c, 0x00, 0x0a, 0x00, 0x00, 0x00, 0x76, 0x61, 0x6c, 0x75, 0x65, 0x2f, 0x75, 0x6e, 0x69, 0x74, 0x05, 0x00, 0x00, 0x00, 0x61, 0x64, 0x76, 0x63, 0x6c, 0x00, 0x0a, 0x00, 0x00, 0x00, 0x76, 0x61, 0x6c, 0x75, 0x65, 0x2f, 0x75, 0x6e, 0x69, 0x74, 0x06, 0x00, 0x00, 0x00, 0x61, 0x64, 0x76, 0x6d, 0x6f, 0x64, 0x00, 0x0a, 0x00, 0x00, 0x00, 0x76, 0x61, 0x6c, 0x75, 0x65, 0x2f, 0x75, 0x6e, 0x69, 0x74, 0x04, 0x00, 0x00, 0x00, 0x61, 0x6d, 0x6f, 0x64, 0x00, 0x0a, 0x00, 0x00, 0x00, 0x76, 0x61, 0x6c, 0x75, 0x65, 0x2f, 0x75, 0x6e, 0x69, 0x74, 0x05, 0x00, 0x00, 0x00, 0x61, 0x70, 0x70, 0x6f, 0x73, 0x00, 0x0a, 0x00, 0x00, 0x00, 0x76, 0x61, 0x6c, 0x75, 0x65, 0x2f, 0x75, 0x6e, 0x69, 0x74, 0x03, 0x00, 0x00, 0x00, 0x61, 0x75, 0x78, 0x00, 0x0a, 0x00, 0x00, 0x00, 0x76, 0x61, 0x6c, 0x75, 0x65, 0x2f, 0x75, 0x6e, 0x69, 0x74, 0x04, 0x00, 0x00, 0x00, 0x63, 0x61, 0x73, 0x65, 0x00, 0x0a, 0x00, 0x00, 0x00, 0x76, 0x61, 0x6c, 0x75, 0x65, 0x2f, 0x75, 0x6e, 0x69, 0x74, 0x02, 0x00, 0x00, 0x00, 0x63, 0x63, 0x00, 0x0a, 0x00, 0x00, 0x00, 0x76, 0x61, 0x6c, 0x75, 0x65, 0x2f, 0x75, 0x6e, 0x69, 0x74, 0x05, 0x00, 0x00, 0x00, 0x63, 0x63, 0x6f, 0x6d, 0x70, 0x00, 0x0a, 0x00, 0x00, 0x00, 0x76, 0x61, 0x6c, 0x75, 0x65, 0x2f, 0x75, 0x6e, 0x69, 0x74, 0x03, 0x00, 0x00, 0x00, 0x63, 0x6c, 0x66, 0x00, 0x0a, 0x00, 0x00, 0x00, 0x76, 0x61, 0x6c, 0x75, 0x65, 0x2f, 0x75, 0x6e, 0x69, 0x74, 0x08, 0x00, 0x00, 0x00, 0x63, 0x6f, 0x6d, 0x70, 0x6f, 0x75, 0x6e, 0x64, 0x00, 0x0a, 0x00, 0x00, 0x00, 0x76, 0x61, 0x6c, 0x75, 0x65, 0x2f, 0x75, 0x6e, 0x69, 0x74, 0x04, 0x00, 0x00, 0x00, 0x63, 0x6f, 0x6e, 0x6a, 0x00, 0x0a, 0x00, 0x00, 0x00, 0x76, 0x61, 0x6c, 0x75, 0x65, 0x2f, 0x75, 0x6e, 0x69, 0x74, 0x03, 0x00, 0x00, 0x00, 0x63, 0x6f, 0x70, 0x00, 0x0a, 0x00, 0x00, 0x00, 0x76, 0x61, 0x6c, 0x75, 0x65, 0x2f, 0x75, 0x6e, 0x69, 0x74, 0x05, 0x00, 0x00, 0x00, 0x63, 0x73, 0x75, 0x62, 0x6a, 0x00, 0x0a, 0x00, 0x00, 0x00, 0x76, 0x61, 0x6c, 0x75, 0x65, 0x2f, 0x75, 0x6e, 0x69, 0x74, 0x03, 0x00, 0x00, 0x00, 0x64, 0x65, 0x70, 0x00, 0x0a, 0x00, 0x00, 0x00, 0x76, 0x61, 0x6c, 0x75, 0x65, 0x2f, 0x75, 0x6e, 0x69, 0x74, 0x03, 0x00, 0x00, 0x00, 0x64, 0x65, 0x74, 0x00, 0x0a, 0x00, 0x00, 0x00, 0x76, 0x61, 0x6c, 0x75, 0x65, 0x2f, 0x75, 0x6e, 0x69, 0x74, 0x09, 0x00, 0x00, 0x00, 0x64, 0x69, 0x73, 0x63, 0x6f, 0x75, 0x72, 0x73, 0x65, 0x00, 0x0a, 0x00, 0x00, 0x00, 0x76, 0x61, 0x6c, 0x75, 0x65, 0x2f, 0x75, 0x6e, 0x69, 0x74, 0x0a, 0x00, 0x00, 0x00, 0x64, 0x69, 0x73, 0x6c, 0x6f, 0x63, 0x61, 0x74, 0x65, 0x64, 0x00, 0x0a, 0x00, 0x00, 0x00, 0x76, 0x61, 0x6c, 0x75, 0x65, 0x2f, 0x75, 0x6e, 0x69, 0x74, 0x04, 0x00, 0x00, 0x00, 0x65, 0x78, 0x70, 0x6c, 0x00, 0x0a, 0x00, 0x00, 0x00, 0x76, 0x61, 0x6c, 0x75, 0x65, 0x2f, 0x75, 0x6e, 0x69, 0x74, 0x05, 0x00, 0x00, 0x00, 0x66, 0x69, 0x78, 0x65, 0x64, 0x00, 0x0a, 0x00, 0x00, 0x00, 0x76, 0x61, 0x6c, 0x75, 0x65, 0x2f, 0x75, 0x6e, 0x69, 0x74, 0x04, 0x00, 0x00, 0x00, 0x66, 0x6c, 0x61, 0x74, 0x00, 0x0a, 0x00, 0x00, 0x00, 0x76, 0x61, 0x6c, 0x75, 0x65, 0x2f, 0x75, 0x6e, 0x69, 0x74, 0x08, 0x00, 0x00, 0x00, 0x67, 0x6f, 0x65, 0x73, 0x77, 0x69, 0x74, 0x68, 0x00, 0x0a, 0x00, 0x00, 0x00, 0x76, 0x61, 0x6c, 0x75, 0x65, 0x2f, 0x75, 0x6e, 0x69, 0x74, 0x04, 0x00, 0x00, 0x00, 0x69, 0x6f, 0x62, 0x6a, 0x00, 0x0a, 0x00, 0x00, 0x00, 0x76, 0x61, 0x6c, 0x75, 0x65, 0x2f, 0x75, 0x6e, 0x69, 0x74, 0x04, 0x00, 0x00, 0x00, 0x6c, 0x69, 0x73, 0x74, 0x00, 0x0a, 0x00, 0x00, 0x00, 0x76, 0x61, 0x6c, 0x75, 0x65, 0x2f, 0x75, 0x6e, 0x69, 0x74, 0x04, 0x00, 0x00, 0x00, 0x6d, 0x61, 0x72, 0x6b, 0x00, 0x0a, 0x00, 0x00, 0x00, 0x76, 0x61, 0x6c, 0x75, 0x65, 0x2f, 0x75, 0x6e, 0x69, 0x74, 0x04, 0x00, 0x00, 0x00, 0x6e, 0x6d, 0x6f, 0x64, 0x00, 0x0a, 0x00, 0x00, 0x00, 0x76, 0x61, 0x6c, 0x75, 0x65, 0x2f, 0x75, 0x6e, 0x69, 0x74, 0x05, 0x00, 0x00, 0x00, 0x6e, 0x73, 0x75, 0x62, 0x6a, 0x00, 0x0a, 0x00, 0x00, 0x00, 0x76, 0x61, 0x6c, 0x75, 0x65, 0x2f, 0x75, 0x6e, 0x69, 0x74, 0x06, 0x00, 0x00, 0x00, 0x6e, 0x75, 0x6d, 0x6d, 0x6f, 0x64, 0x00, 0x0a, 0x00, 0x00, 0x00, 0x76, 0x61, 0x6c, 0x75, 0x65, 0x2f, 0x75, 0x6e, 0x69, 0x74, 0x03, 0x00, 0x00, 0x00, 0x6f, 0x62, 0x6a, 0x00, 0x0a, 0x00, 0x00, 0x00, 0x76, 0x61, 0x6c, 0x75, 0x65, 0x2f, 0x75, 0x6e, 0x69, 0x74, 0x03, 0x00, 0x00, 0x00, 0x6f, 0x62, 0x6c, 0x00, 0x0a, 0x00, 0x00, 0x00, 0x76, 0x61, 0x6c, 0x75, 0x65, 0x2f, 0x75, 0x6e, 0x69, 0x74, 0x06, 0x00, 0x00, 0x00, 0x6f, 0x72, 0x70, 0x68, 0x61, 0x6e, 0x00, 0x0a, 0x00, 0x00, 0x00, 0x76, 0x61, 0x6c, 0x75, 0x65, 0x2f, 0x75, 0x6e, 0x69, 0x74, 0x09, 0x00, 0x00, 0x00, 0x70, 0x61, 0x72, 0x61, 0x74, 0x61, 0x78, 0x69, 0x73, 0x00, 0x0a, 0x00, 0x00, 0x00, 0x76, 0x61, 0x6c, 0x75, 0x65, 0x2f, 0x75, 0x6e, 0x69, 0x74, 0x05, 0x00, 0x00, 0x00, 0x70, 0x75, 0x6e, 0x63, 0x74, 0x00, 0x0a, 0x00, 0x00, 0x00, 0x76, 0x61, 0x6c, 0x75, 0x65, 0x2f, 0x75, 0x6e, 0x69, 0x74, 0x0a, 0x00, 0x00, 0x00, 0x72, 0x65, 0x70, 0x61, 0x72, 0x61, 0x6e, 0x64, 0x75, 0x6d, 0x00, 0x0a, 0x00, 0x00, 0x00, 0x76, 0x61, 0x6c, 0x75, 0x65, 0x2f, 0x75, 0x6e, 0x69, 0x74, 0x04, 0x00, 0x00, 0x00, 0x72, 0x6f, 0x6f, 0x74, 0x00, 0x0a, 0x00, 0x00, 0x00, 0x76, 0x61, 0x6c, 0x75, 0x65, 0x2f, 0x75, 0x6e, 0x69, 0x74, 0x08, 0x00, 0x00, 0x00, 0x76, 0x6f, 0x63, 0x61, 0x74, 0x69, 0x76, 0x65, 0x00, 0x0a, 0x00, 0x00, 0x00, 0x76, 0x61, 0x6c, 0x75, 0x65, 0x2f, 0x75, 0x6e, 0x69, 0x74, 0x05, 0x00, 0x00, 0x00, 0x78, 0x63, 0x6f, 0x6d, 0x70, 0x00, 0x0a, 0x00, 0x00, 0x00, 0x76, 0x61, 0x6c, 0x75, 0x65, 0x2f, 0x75, 0x6e, 0x69, 0x74, 0x07, 0x00, 0x00, 0x00, 0x73, 0x75, 0x62, 0x74, 0x79, 0x70, 0x65, 0x05, 0x5b, 0x00, 0x00, 0x00, 0x74, 0x79, 0x70, 0x65, 0x2f, 0x4c, 0x61, 0x6e, 0x67, 0x75, 0x61, 0x67, 0x65, 0x50, 0x61, 0x72, 0x73, 0x65, 0x72, 0x53, 0x75, 0x62, 0x74, 0x79, 0x70, 0x65, 0x40, 0x33, 0x61, 0x35, 0x39, 0x61, 0x64, 0x35, 0x34, 0x63, 0x38, 0x65, 0x31, 0x39, 0x30, 0x30, 0x31, 0x35, 0x37, 0x35, 0x31, 0x34, 0x32, 0x65, 0x32, 0x31, 0x34, 0x35, 0x65, 0x39, 0x61, 0x62, 0x61, 0x32, 0x35, 0x36, 0x37, 0x32, 0x38, 0x63, 0x34, 0x39, 0x66, 0x33, 0x35, 0x36, 0x34, 0x34, 0x66, 0x31, 0x61, 0x39, 0x33, 0x38, 0x30, 0x37, 0x35, 0x62, 0x61, 0x39, 0x31, 0x63, 0x36, 0x34, 0x35, 0x00, 0x0a, 0x00, 0x00, 0x00, 0x76, 0x61, 0x6c, 0x75, 0x65, 0x2f, 0x74, 0x65, 0x78, 0x74, 0x09, 0x00, 0x00, 0x00, 0x72, 0x65, 0x6c, 0x61, 0x74, 0x69, 0x6f, 0x6e, 0x36, 0x02, 0x5c, 0x00, 0x00, 0x00, 0x74, 0x79, 0x70, 0x65, 0x2f, 0x4c, 0x61, 0x6e, 0x67, 0x75, 0x61, 0x67, 0x65, 0x50, 0x61, 0x72, 0x73, 0x65, 0x72, 0x52, 0x65, 0x6c, 0x61, 0x74, 0x69, 0x6f, 0x6e, 0x40, 0x63, 0x39, 0x64, 0x36, 0x34, 0x63, 0x35, 0x36, 0x64, 0x62, 0x32, 0x61, 0x61, 0x34, 0x30, 0x65, 0x35, 0x66, 0x66, 0x35, 0x36, 0x62, 0x63, 0x61, 0x64, 0x65, 0x33, 0x30, 0x66, 0x38, 0x38, 0x34, 0x37, 0x35, 0x33, 0x62, 0x65, 0x32, 0x33, 0x33, 0x36, 0x34, 0x65, 0x32, 0x34, 0x31, 0x33, 0x38, 0x64, 0x33, 0x65, 0x36, 0x36, 0x66, 0x62, 0x35, 0x66, 0x61, 0x32, 0x34, 0x38, 0x35, 0x66, 0x36, 0x02, 0x00, 0x00, 0x00, 0x04, 0x00, 0x00, 0x00, 0x62, 0x61, 0x73, 0x65, 0x03, 0x69, 0x00, 0x00, 0x00, 0x74, 0x79, 0x70, 0x65, 0x2f, 0x4c, 0x61, 0x6e, 0x67, 0x75, 0x61, 0x67, 0x65, 0x55, 0x6e, 0x69, 0x76, 0x65, 0x72, 0x73, 0x61, 0x6c, 0x44, 0x65, 0x70, 0x65, 0x6e, 0x64, 0x65, 0x6e, 0x63, 0x79, 0x52, 0x65, 0x6c, 0x61, 0x74, 0x69, 0x6f, 0x6e, 0x40, 0x37, 0x63, 0x65, 0x32, 0x37, 0x33, 0x30, 0x32, 0x64, 0x35, 0x62, 0x38, 0x32, 0x35, 0x32, 0x37, 0x37, 0x62, 0x62, 0x64, 0x37, 0x35, 0x34, 0x64, 0x30, 0x62, 0x63, 0x65, 0x38, 0x62, 0x62, 0x63, 0x39, 0x65, 0x37, 0x31, 0x66, 0x35, 0x64, 0x36, 0x34, 0x62, 0x63, 0x34, 0x66, 0x30, 0x61, 0x66, 0x31, 0x38, 0x34, 0x66, 0x63, 0x38, 0x36, 0x32, 0x64, 0x62, 0x64, 0x38, 0x63, 0x66, 0x32, 0x65, 0x25, 0x00, 0x00, 0x00, 0x03, 0x00, 0x00, 0x00, 0x61, 0x63, 0x6c, 0x00, 0x0a, 0x00, 0x00, 0x00, 0x76, 0x61, 0x6c, 0x75, 0x65, 0x2f, 0x75, 0x6e, 0x69, 0x74, 0x05, 0x00, 0x00, 0x00, 0x61, 0x64, 0x76, 0x63, 0x6c, 0x00, 0x0a, 0x00, 0x00, 0x00, 0x76, 0x61, 0x6c, 0x75, 0x65, 0x2f, 0x75, 0x6e, 0x69, 0x74, 0x06, 0x00, 0x00, 0x00, 0x61, 0x64, 0x76, 0x6d, 0x6f, 0x64, 0x00, 0x0a, 0x00, 0x00, 0x00, 0x76, 0x61, 0x6c, 0x75, 0x65, 0x2f, 0x75, 0x6e, 0x69, 0x74, 0x04, 0x00, 0x00, 0x00, 0x61, 0x6d, 0x6f, 0x64, 0x00, 0x0a, 0x00, 0x00, 0x00, 0x76, 0x61, 0x6c, 0x75, 0x65, 0x2f, 0x75, 0x6e, 0x69, 0x74, 0x05, 0x00, 0x00, 0x00, 0x61, 0x70, 0x70, 0x6f, 0x73, 0x00, 0x0a, 0x00, 0x00, 0x00, 0x76, 0x61, 0x6c, 0x75, 0x65, 0x2f, 0x75, 0x6e, 0x69, 0x74, 0x03, 0x00, 0x00, 0x00, 0x61, 0x75, 0x78, 0x00, 0x0a, 0x00, 0x00, 0x00, 0x76, 0x61, 0x6c, 0x75, 0x65, 0x2f, 0x75, 0x6e, 0x69, 0x74, 0x04, 0x00, 0x00, 0x00, 0x63, 0x61, 0x73, 0x65, 0x00, 0x0a, 0x00, 0x00, 0x00, 0x76, 0x61, 0x6c, 0x75, 0x65, 0x2f, 0x75, 0x6e, 0x69, 0x74, 0x02, 0x00, 0x00, 0x00, 0x63, 0x63, 0x00, 0x0a, 0x00, 0x00, 0x00, 0x76, 0x61, 0x6c, 0x75, 0x65, 0x2f, 0x75, 0x6e, 0x69, 0x74, 0x05, 0x00, 0x00, 0x00, 0x63, 0x63, 0x6f, 0x6d, 0x70, 0x00, 0x0a, 0x00, 0x00, 0x00, 0x76, 0x61, 0x6c, 0x75, 0x65, 0x2f, 0x75, 0x6e, 0x69, 0x74, 0x03, 0x00, 0x00, 0x00, 0x63, 0x6c, 0x66, 0x00, 0x0a, 0x00, 0x00, 0x00, 0x76, 0x61, 0x6c, 0x75, 0x65, 0x2f, 0x75, 0x6e, 0x69, 0x74, 0x08, 0x00, 0x00, 0x00, 0x63, 0x6f, 0x6d, 0x70, 0x6f, 0x75, 0x6e, 0x64, 0x00, 0x0a, 0x00, 0x00, 0x00, 0x76, 0x61, 0x6c, 0x75, 0x65, 0x2f, 0x75, 0x6e, 0x69, 0x74, 0x04, 0x00, 0x00, 0x00, 0x63, 0x6f, 0x6e, 0x6a, 0x00, 0x0a, 0x00, 0x00, 0x00, 0x76, 0x61, 0x6c, 0x75, 0x65, 0x2f, 0x75, 0x6e, 0x69, 0x74, 0x03, 0x00, 0x00, 0x00, 0x63, 0x6f, 0x70, 0x00, 0x0a, 0x00, 0x00, 0x00, 0x76, 0x61, 0x6c, 0x75, 0x65, 0x2f, 0x75, 0x6e, 0x69, 0x74, 0x05, 0x00, 0x00, 0x00, 0x63, 0x73, 0x75, 0x62, 0x6a, 0x00, 0x0a, 0x00, 0x00, 0x00, 0x76, 0x61, 0x6c, 0x75, 0x65, 0x2f, 0x75, 0x6e, 0x69, 0x74, 0x03, 0x00, 0x00, 0x00, 0x64, 0x65, 0x70, 0x00, 0x0a, 0x00, 0x00, 0x00, 0x76, 0x61, 0x6c, 0x75, 0x65, 0x2f, 0x75, 0x6e, 0x69, 0x74, 0x03, 0x00, 0x00, 0x00, 0x64, 0x65, 0x74, 0x00, 0x0a, 0x00, 0x00, 0x00, 0x76, 0x61, 0x6c, 0x75, 0x65, 0x2f, 0x75, 0x6e, 0x69, 0x74, 0x09, 0x00, 0x00, 0x00, 0x64, 0x69, 0x73, 0x63, 0x6f, 0x75, 0x72, 0x73, 0x65, 0x00, 0x0a, 0x00, 0x00, 0x00, 0x76, 0x61, 0x6c, 0x75, 0x65, 0x2f, 0x75, 0x6e, 0x69, 0x74, 0x0a, 0x00, 0x00, 0x00, 0x64, 0x69, 0x73, 0x6c, 0x6f, 0x63, 0x61, 0x74, 0x65, 0x64, 0x00, 0x0a, 0x00, 0x00, 0x00, 0x76, 0x61, 0x6c, 0x75, 0x65, 0x2f, 0x75, 0x6e, 0x69, 0x74, 0x04, 0x00, 0x00, 0x00, 0x65, 0x78, 0x70, 0x6c, 0x00, 0x0a, 0x00, 0x00, 0x00, 0x76, 0x61, 0x6c, 0x75, 0x65, 0x2f, 0x75, 0x6e, 0x69, 0x74, 0x05, 0x00, 0x00, 0x00, 0x66, 0x69, 0x78, 0x65, 0x64, 0x00, 0x0a, 0x00, 0x00, 0x00, 0x76, 0x61, 0x6c, 0x75, 0x65, 0x2f, 0x75, 0x6e, 0x69, 0x74, 0x04, 0x00, 0x00, 0x00, 0x66, 0x6c, 0x61, 0x74, 0x00, 0x0a, 0x00, 0x00, 0x00, 0x76, 0x61, 0x6c, 0x75, 0x65, 0x2f, 0x75, 0x6e, 0x69, 0x74, 0x08, 0x00, 0x00, 0x00, 0x67, 0x6f, 0x65, 0x73, 0x77, 0x69, 0x74, 0x68, 0x00, 0x0a, 0x00, 0x00, 0x00, 0x76, 0x61, 0x6c, 0x75, 0x65, 0x2f, 0x75, 0x6e, 0x69, 0x74, 0x04, 0x00, 0x00, 0x00, 0x69, 0x6f, 0x62, 0x6a, 0x00, 0x0a, 0x00, 0x00, 0x00, 0x76, 0x61, 0x6c, 0x75, 0x65, 0x2f, 0x75, 0x6e, 0x69, 0x74, 0x04, 0x00, 0x00, 0x00, 0x6c, 0x69, 0x73, 0x74, 0x00, 0x0a, 0x00, 0x00, 0x00, 0x76, 0x61, 0x6c, 0x75, 0x65, 0x2f, 0x75, 0x6e, 0x69, 0x74, 0x04, 0x00, 0x00, 0x00, 0x6d, 0x61, 0x72, 0x6b, 0x00, 0x0a, 0x00, 0x00, 0x00, 0x76, 0x61, 0x6c, 0x75, 0x65, 0x2f, 0x75, 0x6e, 0x69, 0x74, 0x04, 0x00, 0x00, 0x00, 0x6e, 0x6d, 0x6f, 0x64, 0x00, 0x0a, 0x00, 0x00, 0x00, 0x76, 0x61, 0x6c, 0x75, 0x65, 0x2f, 0x75, 0x6e, 0x69, 0x74, 0x05, 0x00, 0x00, 0x00, 0x6e, 0x73, 0x75, 0x62, 0x6a, 0x00, 0x0a, 0x00, 0x00, 0x00, 0x76, 0x61, 0x6c, 0x75, 0x65, 0x2f, 0x75, 0x6e, 0x69, 0x74, 0x06, 0x00, 0x00, 0x00, 0x6e, 0x75, 0x6d, 0x6d, 0x6f, 0x64, 0x00, 0x0a, 0x00, 0x00, 0x00, 0x76, 0x61, 0x6c, 0x75, 0x65, 0x2f, 0x75, 0x6e, 0x69, 0x74, 0x03, 0x00, 0x00, 0x00, 0x6f, 0x62, 0x6a, 0x00, 0x0a, 0x00, 0x00, 0x00, 0x76, 0x61, 0x6c, 0x75, 0x65, 0x2f, 0x75, 0x6e, 0x69, 0x74, 0x03, 0x00, 0x00, 0x00, 0x6f, 0x62, 0x6c, 0x00, 0x0a, 0x00, 0x00, 0x00, 0x76, 0x61, 0x6c, 0x75, 0x65, 0x2f, 0x75, 0x6e, 0x69, 0x74, 0x06, 0x00, 0x00, 0x00, 0x6f, 0x72, 0x70, 0x68, 0x61, 0x6e, 0x00, 0x0a, 0x00, 0x00, 0x00, 0x76, 0x61, 0x6c, 0x75, 0x65, 0x2f, 0x75, 0x6e, 0x69, 0x74, 0x09, 0x00, 0x00, 0x00, 0x70, 0x61, 0x72, 0x61, 0x74, 0x61, 0x78, 0x69, 0x73, 0x00, 0x0a, 0x00, 0x00, 0x00, 0x76, 0x61, 0x6c, 0x75, 0x65, 0x2f, 0x75, 0x6e, 0x69, 0x74, 0x05, 0x00, 0x00, 0x00, 0x70, 0x75, 0x6e, 0x63, 0x74, 0x00, 0x0a, 0x00, 0x00, 0x00, 0x76, 0x61, 0x6c, 0x75, 0x65, 0x2f, 0x75, 0x6e, 0x69, 0x74, 0x0a, 0x00, 0x00, 0x00, 0x72, 0x65, 0x70, 0x61, 0x72, 0x61, 0x6e, 0x64, 0x75, 0x6d, 0x00, 0x0a, 0x00, 0x00, 0x00, 0x76, 0x61, 0x6c, 0x75, 0x65, 0x2f, 0x75, 0x6e, 0x69, 0x74, 0x04, 0x00, 0x00, 0x00, 0x72, 0x6f, 0x6f, 0x74, 0x00, 0x0a, 0x00, 0x00, 0x00, 0x76, 0x61, 0x6c, 0x75, 0x65, 0x2f, 0x75, 0x6e, 0x69, 0x74, 0x08, 0x00, 0x00, 0x00, 0x76, 0x6f, 0x63, 0x61, 0x74, 0x69, 0x76, 0x65, 0x00, 0x0a, 0x00, 0x00, 0x00, 0x76, 0x61, 0x6c, 0x75, 0x65, 0x2f, 0x75, 0x6e, 0x69, 0x74, 0x05, 0x00, 0x00, 0x00, 0x78, 0x63, 0x6f, 0x6d, 0x70, 0x00, 0x0a, 0x00, 0x00, 0x00, 0x76, 0x61, 0x6c, 0x75, 0x65, 0x2f, 0x75, 0x6e, 0x69, 0x74, 0x07, 0x00, 0x00, 0x00, 0x73, 0x75, 0x62, 0x74, 0x79, 0x70, 0x65, 0x05, 0x5b, 0x00, 0x00, 0x00, 0x74, 0x79, 0x70, 0x65, 0x2f, 0x4c, 0x61, 0x6e, 0x67, 0x75, 0x61, 0x67, 0x65, 0x50, 0x61, 0x72, 0x73, 0x65, 0x72, 0x53, 0x75, 0x62, 0x74, 0x79, 0x70, 0x65, 0x40, 0x33, 0x61, 0x35, 0x39, 0x61, 0x64, 0x35, 0x34, 0x63, 0x38, 0x65, 0x31, 0x39, 0x30, 0x30, 0x31, 0x35, 0x37, 0x35, 0x31, 0x34, 0x32, 0x65, 0x32, 0x31, 0x34, 0x35, 0x65, 0x39, 0x61, 0x62, 0x61, 0x32, 0x35, 0x36, 0x37, 0x32, 0x38, 0x63, 0x34, 0x39, 0x66, 0x33, 0x35, 0x36, 0x34, 0x34, 0x66, 0x31, 0x61, 0x39, 0x33, 0x38, 0x30, 0x37, 0x35, 0x62, 0x61, 0x39, 0x31, 0x63, 0x36, 0x34, 0x35, 0x00, 0x0a, 0x00, 0x00, 0x00, 0x76, 0x61, 0x6c, 0x75, 0x65, 0x2f, 0x74, 0x65, 0x78, 0x74, 0x09, 0x00, 0x00, 0x00, 0x72, 0x65, 0x6c, 0x61, 0x74, 0x69, 0x6f, 0x6e, 0x37, 0x02, 0x5c, 0x00, 0x00, 0x00, 0x74, 0x79, 0x70, 0x65, 0x2f, 0x4c, 0x61, 0x6e, 0x67, 0x75, 0x61, 0x67, 0x65, 0x50, 0x61, 0x72, 0x73, 0x65, 0x72, 0x52, 0x65, 0x6c, 0x61, 0x74, 0x69, 0x6f, 0x6e, 0x40, 0x63, 0x39, 0x64, 0x36, 0x34, 0x63, 0x35, 0x36, 0x64, 0x62, 0x32, 0x61, 0x61, 0x34, 0x30, 0x65, 0x35, 0x66, 0x66, 0x35, 0x36, 0x62, 0x63, 0x61, 0x64, 0x65, 0x33, 0x30, 0x66, 0x38, 0x38, 0x34, 0x37, 0x35, 0x33, 0x62, 0x65, 0x32, 0x33, 0x33, 0x36, 0x34, 0x65, 0x32, 0x34, 0x31, 0x33, 0x38, 0x64, 0x33, 0x65, 0x36, 0x36, 0x66, 0x62, 0x35, 0x66, 0x61, 0x32, 0x34, 0x38, 0x35, 0x66, 0x36, 0x02, 0x00, 0x00, 0x00, 0x04, 0x00, 0x00, 0x00, 0x62, 0x61, 0x73, 0x65, 0x03, 0x69, 0x00, 0x00, 0x00, 0x74, 0x79, 0x70, 0x65, 0x2f, 0x4c, 0x61, 0x6e, 0x67, 0x75, 0x61, 0x67, 0x65, 0x55, 0x6e, 0x69, 0x76, 0x65, 0x72, 0x73, 0x61, 0x6c, 0x44, 0x65, 0x70, 0x65, 0x6e, 0x64, 0x65, 0x6e, 0x63, 0x79, 0x52, 0x65, 0x6c, 0x61, 0x74, 0x69, 0x6f, 0x6e, 0x40, 0x37, 0x63, 0x65, 0x32, 0x37, 0x33, 0x30, 0x32, 0x64, 0x35, 0x62, 0x38, 0x32, 0x35, 0x32, 0x37, 0x37, 0x62, 0x62, 0x64, 0x37, 0x35, 0x34, 0x64, 0x30, 0x62, 0x63, 0x65, 0x38, 0x62, 0x62, 0x63, 0x39, 0x65, 0x37, 0x31, 0x66, 0x35, 0x64, 0x36, 0x34, 0x62, 0x63, 0x34, 0x66, 0x30, 0x61, 0x66, 0x31, 0x38, 0x34, 0x66, 0x63, 0x38, 0x36, 0x32, 0x64, 0x62, 0x64, 0x38, 0x63, 0x66, 0x32, 0x65, 0x25, 0x00, 0x00, 0x00, 0x03, 0x00, 0x00, 0x00, 0x61, 0x63, 0x6c, 0x00, 0x0a, 0x00, 0x00, 0x00, 0x76, 0x61, 0x6c, 0x75, 0x65, 0x2f, 0x75, 0x6e, 0x69, 0x74, 0x05, 0x00, 0x00, 0x00, 0x61, 0x64, 0x76, 0x63, 0x6c, 0x00, 0x0a, 0x00, 0x00, 0x00, 0x76, 0x61, 0x6c, 0x75, 0x65, 0x2f, 0x75, 0x6e, 0x69, 0x74, 0x06, 0x00, 0x00, 0x00, 0x61, 0x64, 0x76, 0x6d, 0x6f, 0x64, 0x00, 0x0a, 0x00, 0x00, 0x00, 0x76, 0x61, 0x6c, 0x75, 0x65, 0x2f, 0x75, 0x6e, 0x69, 0x74, 0x04, 0x00, 0x00, 0x00, 0x61, 0x6d, 0x6f, 0x64, 0x00, 0x0a, 0x00, 0x00, 0x00, 0x76, 0x61, 0x6c, 0x75, 0x65, 0x2f, 0x75, 0x6e, 0x69, 0x74, 0x05, 0x00, 0x00, 0x00, 0x61, 0x70, 0x70, 0x6f, 0x73, 0x00, 0x0a, 0x00, 0x00, 0x00, 0x76, 0x61, 0x6c, 0x75, 0x65, 0x2f, 0x75, 0x6e, 0x69, 0x74, 0x03, 0x00, 0x00, 0x00, 0x61, 0x75, 0x78, 0x00, 0x0a, 0x00, 0x00, 0x00, 0x76, 0x61, 0x6c, 0x75, 0x65, 0x2f, 0x75, 0x6e, 0x69, 0x74, 0x04, 0x00, 0x00, 0x00, 0x63, 0x61, 0x73, 0x65, 0x00, 0x0a, 0x00, 0x00, 0x00, 0x76, 0x61, 0x6c, 0x75, 0x65, 0x2f, 0x75, 0x6e, 0x69, 0x74, 0x02, 0x00, 0x00, 0x00, 0x63, 0x63, 0x00, 0x0a, 0x00, 0x00, 0x00, 0x76, 0x61, 0x6c, 0x75, 0x65, 0x2f, 0x75, 0x6e, 0x69, 0x74, 0x05, 0x00, 0x00, 0x00, 0x63, 0x63, 0x6f, 0x6d, 0x70, 0x00, 0x0a, 0x00, 0x00, 0x00, 0x76, 0x61, 0x6c, 0x75, 0x65, 0x2f, 0x75, 0x6e, 0x69, 0x74, 0x03, 0x00, 0x00, 0x00, 0x63, 0x6c, 0x66, 0x00, 0x0a, 0x00, 0x00, 0x00, 0x76, 0x61, 0x6c, 0x75, 0x65, 0x2f, 0x75, 0x6e, 0x69, 0x74, 0x08, 0x00, 0x00, 0x00, 0x63, 0x6f, 0x6d, 0x70, 0x6f, 0x75, 0x6e, 0x64, 0x00, 0x0a, 0x00, 0x00, 0x00, 0x76, 0x61, 0x6c, 0x75, 0x65, 0x2f, 0x75, 0x6e, 0x69, 0x74, 0x04, 0x00, 0x00, 0x00, 0x63, 0x6f, 0x6e, 0x6a, 0x00, 0x0a, 0x00, 0x00, 0x00, 0x76, 0x61, 0x6c, 0x75, 0x65, 0x2f, 0x75, 0x6e, 0x69, 0x74, 0x03, 0x00, 0x00, 0x00, 0x63, 0x6f, 0x70, 0x00, 0x0a, 0x00, 0x00, 0x00, 0x76, 0x61, 0x6c, 0x75, 0x65, 0x2f, 0x75, 0x6e, 0x69, 0x74, 0x05, 0x00, 0x00, 0x00, 0x63, 0x73, 0x75, 0x62, 0x6a, 0x00, 0x0a, 0x00, 0x00, 0x00, 0x76, 0x61, 0x6c, 0x75, 0x65, 0x2f, 0x75, 0x6e, 0x69, 0x74, 0x03, 0x00, 0x00, 0x00, 0x64, 0x65, 0x70, 0x00, 0x0a, 0x00, 0x00, 0x00, 0x76, 0x61, 0x6c, 0x75, 0x65, 0x2f, 0x75, 0x6e, 0x69, 0x74, 0x03, 0x00, 0x00, 0x00, 0x64, 0x65, 0x74, 0x00, 0x0a, 0x00, 0x00, 0x00, 0x76, 0x61, 0x6c, 0x75, 0x65, 0x2f, 0x75, 0x6e, 0x69, 0x74, 0x09, 0x00, 0x00, 0x00, 0x64, 0x69, 0x73, 0x63, 0x6f, 0x75, 0x72, 0x73, 0x65, 0x00, 0x0a, 0x00, 0x00, 0x00, 0x76, 0x61, 0x6c, 0x75, 0x65, 0x2f, 0x75, 0x6e, 0x69, 0x74, 0x0a, 0x00, 0x00, 0x00, 0x64, 0x69, 0x73, 0x6c, 0x6f, 0x63, 0x61, 0x74, 0x65, 0x64, 0x00, 0x0a, 0x00, 0x00, 0x00, 0x76, 0x61, 0x6c, 0x75, 0x65, 0x2f, 0x75, 0x6e, 0x69, 0x74, 0x04, 0x00, 0x00, 0x00, 0x65, 0x78, 0x70, 0x6c, 0x00, 0x0a, 0x00, 0x00, 0x00, 0x76, 0x61, 0x6c, 0x75, 0x65, 0x2f, 0x75, 0x6e, 0x69, 0x74, 0x05, 0x00, 0x00, 0x00, 0x66, 0x69, 0x78, 0x65, 0x64, 0x00, 0x0a, 0x00, 0x00, 0x00, 0x76, 0x61, 0x6c, 0x75, 0x65, 0x2f, 0x75, 0x6e, 0x69, 0x74, 0x04, 0x00, 0x00, 0x00, 0x66, 0x6c, 0x61, 0x74, 0x00, 0x0a, 0x00, 0x00, 0x00, 0x76, 0x61, 0x6c, 0x75, 0x65, 0x2f, 0x75, 0x6e, 0x69, 0x74, 0x08, 0x00, 0x00, 0x00, 0x67, 0x6f, 0x65, 0x73, 0x77, 0x69, 0x74, 0x68, 0x00, 0x0a, 0x00, 0x00, 0x00, 0x76, 0x61, 0x6c, 0x75, 0x65, 0x2f, 0x75, 0x6e, 0x69, 0x74, 0x04, 0x00, 0x00, 0x00, 0x69, 0x6f, 0x62, 0x6a, 0x00, 0x0a, 0x00, 0x00, 0x00, 0x76, 0x61, 0x6c, 0x75, 0x65, 0x2f, 0x75, 0x6e, 0x69, 0x74, 0x04, 0x00, 0x00, 0x00, 0x6c, 0x69, 0x73, 0x74, 0x00, 0x0a, 0x00, 0x00, 0x00, 0x76, 0x61, 0x6c, 0x75, 0x65, 0x2f, 0x75, 0x6e, 0x69, 0x74, 0x04, 0x00, 0x00, 0x00, 0x6d, 0x61, 0x72, 0x6b, 0x00, 0x0a, 0x00, 0x00, 0x00, 0x76, 0x61, 0x6c, 0x75, 0x65, 0x2f, 0x75, 0x6e, 0x69, 0x74, 0x04, 0x00, 0x00, 0x00, 0x6e, 0x6d, 0x6f, 0x64, 0x00, 0x0a, 0x00, 0x00, 0x00, 0x76, 0x61, 0x6c, 0x75, 0x65, 0x2f, 0x75, 0x6e, 0x69, 0x74, 0x05, 0x00, 0x00, 0x00, 0x6e, 0x73, 0x75, 0x62, 0x6a, 0x00, 0x0a, 0x00, 0x00, 0x00, 0x76, 0x61, 0x6c, 0x75, 0x65, 0x2f, 0x75, 0x6e, 0x69, 0x74, 0x06, 0x00, 0x00, 0x00, 0x6e, 0x75, 0x6d, 0x6d, 0x6f, 0x64, 0x00, 0x0a, 0x00, 0x00, 0x00, 0x76, 0x61, 0x6c, 0x75, 0x65, 0x2f, 0x75, 0x6e, 0x69, 0x74, 0x03, 0x00, 0x00, 0x00, 0x6f, 0x62, 0x6a, 0x00, 0x0a, 0x00, 0x00, 0x00, 0x76, 0x61, 0x6c, 0x75, 0x65, 0x2f, 0x75, 0x6e, 0x69, 0x74, 0x03, 0x00, 0x00, 0x00, 0x6f, 0x62, 0x6c, 0x00, 0x0a, 0x00, 0x00, 0x00, 0x76, 0x61, 0x6c, 0x75, 0x65, 0x2f, 0x75, 0x6e, 0x69, 0x74, 0x06, 0x00, 0x00, 0x00, 0x6f, 0x72, 0x70, 0x68, 0x61, 0x6e, 0x00, 0x0a, 0x00, 0x00, 0x00, 0x76, 0x61, 0x6c, 0x75, 0x65, 0x2f, 0x75, 0x6e, 0x69, 0x74, 0x09, 0x00, 0x00, 0x00, 0x70, 0x61, 0x72, 0x61, 0x74, 0x61, 0x78, 0x69, 0x73, 0x00, 0x0a, 0x00, 0x00, 0x00, 0x76, 0x61, 0x6c, 0x75, 0x65, 0x2f, 0x75, 0x6e, 0x69, 0x74, 0x05, 0x00, 0x00, 0x00, 0x70, 0x75, 0x6e, 0x63, 0x74, 0x00, 0x0a, 0x00, 0x00, 0x00, 0x76, 0x61, 0x6c, 0x75, 0x65, 0x2f, 0x75, 0x6e, 0x69, 0x74, 0x0a, 0x00, 0x00, 0x00, 0x72, 0x65, 0x70, 0x61, 0x72, 0x61, 0x6e, 0x64, 0x75, 0x6d, 0x00, 0x0a, 0x00, 0x00, 0x00, 0x76, 0x61, 0x6c, 0x75, 0x65, 0x2f, 0x75, 0x6e, 0x69, 0x74, 0x04, 0x00, 0x00, 0x00, 0x72, 0x6f, 0x6f, 0x74, 0x00, 0x0a, 0x00, 0x00, 0x00, 0x76, 0x61, 0x6c, 0x75, 0x65, 0x2f, 0x75, 0x6e, 0x69, 0x74, 0x08, 0x00, 0x00, 0x00, 0x76, 0x6f, 0x63, 0x61, 0x74, 0x69, 0x76, 0x65, 0x00, 0x0a, 0x00, 0x00, 0x00, 0x76, 0x61, 0x6c, 0x75, 0x65, 0x2f, 0x75, 0x6e, 0x69, 0x74, 0x05, 0x00, 0x00, 0x00, 0x78, 0x63, 0x6f, 0x6d, 0x70, 0x00, 0x0a, 0x00, 0x00, 0x00, 0x76, 0x61, 0x6c, 0x75, 0x65, 0x2f, 0x75, 0x6e, 0x69, 0x74, 0x07, 0x00, 0x00, 0x00, 0x73, 0x75, 0x62, 0x74, 0x79, 0x70, 0x65, 0x05, 0x5b, 0x00, 0x00, 0x00, 0x74, 0x79, 0x70, 0x65, 0x2f, 0x4c, 0x61, 0x6e, 0x67, 0x75, 0x61, 0x67, 0x65, 0x50, 0x61, 0x72, 0x73, 0x65, 0x72, 0x53, 0x75, 0x62, 0x74, 0x79, 0x70, 0x65, 0x40, 0x33, 0x61, 0x35, 0x39, 0x61, 0x64, 0x35, 0x34, 0x63, 0x38, 0x65, 0x31, 0x39, 0x30, 0x30, 0x31, 0x35, 0x37, 0x35, 0x31, 0x34, 0x32, 0x65, 0x32, 0x31, 0x34, 0x35, 0x65, 0x39, 0x61, 0x62, 0x61, 0x32, 0x35, 0x36, 0x37, 0x32, 0x38, 0x63, 0x34, 0x39, 0x66, 0x33, 0x35, 0x36, 0x34, 0x34, 0x66, 0x31, 0x61, 0x39, 0x33, 0x38, 0x30, 0x37, 0x35, 0x62, 0x61, 0x39, 0x31, 0x63, 0x36, 0x34, 0x35, 0x00, 0x0a, 0x00, 0x00, 0x00, 0x76, 0x61, 0x6c, 0x75, 0x65, 0x2f, 0x74, 0x65, 0x78, 0x74, 0x05, 0x00, 0x00, 0x00, 0x73, 0x74, 0x61, 0x63, 0x6b, 0x01, 0x09, 0x00, 0x00, 0x09, 0x00, 0x00, 0x00, 0x76, 0x61, 0x6c, 0x75, 0x65, 0x2f, 0x75, 0x36, 0x34, 0x0b, 0x00, 0x00, 0x00, 0x74, 0x6f, 0x6b, 0x65, 0x6e, 0x5f, 0x63, 0x6f, 0x75, 0x6e, 0x74, 0x00, 0x09, 0x00, 0x00, 0x00, 0x76, 0x61, 0x6c, 0x75, 0x65, 0x2f, 0x75, 0x36, 0x34, 0x06, 0x00, 0x00, 0x00, 0x75, 0x6e, 0x72, 0x65, 0x61, 0x64, 0x00, 0x09, 0x00, 0x00, 0x00, 0x76, 0x61, 0x6c, 0x75, 0x65, 0x2f, 0x75, 0x36, 0x34, 0x0a, 0x00, 0x00, 0x00, 0x63, 0x61, 0x6e, 0x64, 0x69, 0x64, 0x61, 0x74, 0x65, 0x33, 0x02, 0x68, 0x00, 0x00, 0x00, 0x74, 0x79, 0x70, 0x65, 0x2f, 0x4c, 0x61, 0x6e, 0x67, 0x75, 0x61, 0x67, 0x65, 0x50, 0x61, 0x72, 0x73, 0x65, 0x72, 0x57, 0x69, 0x6e, 0x64, 0x6f, 0x77, 0x38, 0x52, 0x61, 0x77, 0x48, 0x79, 0x70, 0x6f, 0x74, 0x68, 0x65, 0x73, 0x69, 0x73, 0x40, 0x35, 0x34, 0x35, 0x31, 0x34, 0x31, 0x35, 0x61, 0x37, 0x38, 0x31, 0x33, 0x66, 0x36, 0x35, 0x30, 0x39, 0x33, 0x64, 0x63, 0x37, 0x63, 0x66, 0x64, 0x39, 0x66, 0x33, 0x38, 0x33, 0x65, 0x63, 0x61, 0x33, 0x66, 0x37, 0x34, 0x65, 0x65, 0x31, 0x36, 0x64, 0x30, 0x63, 0x63, 0x66, 0x39, 0x31, 0x61, 0x38, 0x31, 0x32, 0x34, 0x66, 0x62, 0x37, 0x34, 0x62, 0x33, 0x30, 0x34, 0x39, 0x66, 0x34, 0x61, 0x06, 0x00, 0x00, 0x00, 0x06, 0x00, 0x00, 0x00, 0x61, 0x63, 0x74, 0x69, 0x76, 0x65, 0x00, 0x0a, 0x00, 0x00, 0x00, 0x76, 0x61, 0x6c, 0x75, 0x65, 0x2f, 0x62, 0x6f, 0x6f, 0x6c, 0x07, 0x00, 0x00, 0x00, 0x63, 0x68, 0x6f, 0x69, 0x63, 0x65, 0x73, 0x01, 0x08, 0x00, 0x00, 0x09, 0x00, 0x00, 0x00, 0x76, 0x61, 0x6c, 0x75, 0x65, 0x2f, 0x75, 0x36, 0x34, 0x08, 0x00, 0x00, 0x00, 0x69, 0x64, 0x65, 0x6e, 0x74, 0x69, 0x74, 0x79, 0x00, 0x09, 0x00, 0x00, 0x00, 0x76, 0x61, 0x6c, 0x75, 0x65, 0x2f, 0x75, 0x36, 0x34, 0x05, 0x00, 0x00, 0x00, 0x73, 0x63, 0x6f, 0x72, 0x65, 0x00, 0x09, 0x00, 0x00, 0x00, 0x76, 0x61, 0x6c, 0x75, 0x65, 0x2f, 0x69, 0x36, 0x34, 0x08, 0x00, 0x00, 0x00, 0x73, 0x65, 0x6c, 0x65, 0x63, 0x74, 0x65, 0x64, 0x00, 0x09, 0x00, 0x00, 0x00, 0x76, 0x61, 0x6c, 0x75, 0x65, 0x2f, 0x75, 0x36, 0x34, 0x05, 0x00, 0x00, 0x00, 0x73, 0x74, 0x61, 0x74, 0x65, 0x02, 0x63, 0x00, 0x00, 0x00, 0x74, 0x79, 0x70, 0x65, 0x2f, 0x4c, 0x61, 0x6e, 0x67, 0x75, 0x61, 0x67, 0x65, 0x50, 0x61, 0x72, 0x73, 0x65, 0x72, 0x57, 0x69, 0x6e, 0x64, 0x6f, 0x77, 0x38, 0x52, 0x61, 0x77, 0x53, 0x74, 0x61, 0x74, 0x65, 0x40, 0x32, 0x34, 0x62, 0x62, 0x30, 0x62, 0x33, 0x66, 0x66, 0x61, 0x66, 0x32, 0x66, 0x37, 0x30, 0x34, 0x33, 0x39, 0x30, 0x30, 0x65, 0x30, 0x36, 0x66, 0x36, 0x30, 0x66, 0x33, 0x65, 0x31, 0x33, 0x39, 0x31, 0x38, 0x34, 0x31, 0x31, 0x32, 0x63, 0x38, 0x32, 0x61, 0x30, 0x34, 0x65, 0x33, 0x30, 0x30, 0x33, 0x30, 0x65, 0x38, 0x61, 0x37, 0x31, 0x63, 0x39, 0x63, 0x35, 0x35, 0x61, 0x34, 0x34, 0x32, 0x0f, 0x00, 0x00, 0x00, 0x05, 0x00, 0x00, 0x00, 0x62, 0x61, 0x73, 0x69, 0x73, 0x02, 0x59, 0x00, 0x00, 0x00, 0x74, 0x79, 0x70, 0x65, 0x2f, 0x4c, 0x61, 0x6e, 0x67, 0x75, 0x61, 0x67, 0x65, 0x50, 0x61, 0x72, 0x73, 0x65, 0x72, 0x42, 0x61, 0x73, 0x69, 0x73, 0x40, 0x64, 0x63, 0x37, 0x35, 0x32, 0x63, 0x31, 0x37, 0x30, 0x34, 0x37, 0x64, 0x36, 0x31, 0x61, 0x66, 0x39, 0x32, 0x38, 0x31, 0x66, 0x63, 0x63, 0x62, 0x32, 0x63, 0x66, 0x64, 0x35, 0x36, 0x31, 0x62, 0x37, 0x62, 0x30, 0x66, 0x62, 0x31, 0x31, 0x36, 0x35, 0x37, 0x39, 0x65, 0x35, 0x33, 0x39, 0x36, 0x63, 0x35, 0x31, 0x38, 0x36, 0x30, 0x65, 0x61, 0x64, 0x36, 0x64, 0x62, 0x61, 0x37, 0x65, 0x34, 0x03, 0x00, 0x00, 0x00, 0x11, 0x00, 0x00, 0x00, 0x61, 0x6e, 0x61, 0x6c, 0x79, 0x73, 0x69, 0x73, 0x5f, 0x72, 0x65, 0x76, 0x69, 0x73, 0x69, 0x6f, 0x6e, 0x05, 0x60, 0x00, 0x00, 0x00, 0x74, 0x79, 0x70, 0x65, 0x2f, 0x4c, 0x61, 0x6e, 0x67, 0x75, 0x61, 0x67, 0x65, 0x41, 0x6e, 0x61, 0x6c, 0x79, 0x73, 0x69, 0x73, 0x52, 0x65, 0x76, 0x69, 0x73, 0x69, 0x6f, 0x6e, 0x49, 0x64, 0x40, 0x66, 0x33, 0x38, 0x64, 0x63, 0x38, 0x66, 0x66, 0x37, 0x63, 0x61, 0x37, 0x62, 0x37, 0x34, 0x65, 0x62, 0x37, 0x35, 0x32, 0x37, 0x62, 0x65, 0x37, 0x64, 0x37, 0x34, 0x38, 0x66, 0x37, 0x30, 0x37, 0x38, 0x62, 0x38, 0x34, 0x62, 0x38, 0x37, 0x61, 0x63, 0x62, 0x31, 0x64, 0x37, 0x33, 0x33, 0x32, 0x34, 0x39, 0x62, 0x34, 0x61, 0x32, 0x61, 0x66, 0x65, 0x37, 0x39, 0x66, 0x32, 0x39, 0x32, 0x36, 0x00, 0x0a, 0x00, 0x00, 0x00, 0x76, 0x61, 0x6c, 0x75, 0x65, 0x2f, 0x74, 0x65, 0x78, 0x74, 0x0f, 0x00, 0x00, 0x00, 0x73, 0x6f, 0x75, 0x72, 0x63, 0x65, 0x5f, 0x72, 0x65, 0x76, 0x69, 0x73, 0x69, 0x6f, 0x6e, 0x05, 0x5c, 0x00, 0x00, 0x00, 0x74, 0x79, 0x70, 0x65, 0x2f, 0x4c, 0x61, 0x6e, 0x67, 0x75, 0x61, 0x67, 0x65, 0x54, 0x65, 0x78, 0x74, 0x52, 0x65, 0x76, 0x69, 0x73, 0x69, 0x6f, 0x6e, 0x49, 0x64, 0x40, 0x31, 0x66, 0x65, 0x63, 0x32, 0x37, 0x35, 0x32, 0x62, 0x30, 0x34, 0x37, 0x66, 0x34, 0x37, 0x62, 0x32, 0x38, 0x38, 0x38, 0x38, 0x66, 0x34, 0x36, 0x65, 0x64, 0x37, 0x39, 0x33, 0x64, 0x38, 0x38, 0x33, 0x34, 0x61, 0x33, 0x34, 0x64, 0x36, 0x63, 0x61, 0x65, 0x63, 0x38, 0x37, 0x32, 0x32, 0x33, 0x66, 0x38, 0x66, 0x36, 0x66, 0x65, 0x37, 0x35, 0x63, 0x31, 0x66, 0x61, 0x66, 0x39, 0x33, 0x35, 0x00, 0x0a, 0x00, 0x00, 0x00, 0x76, 0x61, 0x6c, 0x75, 0x65, 0x2f, 0x74, 0x65, 0x78, 0x74, 0x04, 0x00, 0x00, 0x00, 0x74, 0x65, 0x78, 0x74, 0x05, 0x54, 0x00, 0x00, 0x00, 0x74, 0x79, 0x70, 0x65, 0x2f, 0x4c, 0x61, 0x6e, 0x67, 0x75, 0x61, 0x67, 0x65, 0x54, 0x65, 0x78, 0x74, 0x49, 0x64, 0x40, 0x35, 0x35, 0x65, 0x38, 0x35, 0x32, 0x36, 0x31, 0x38, 0x37, 0x37, 0x64, 0x37, 0x66, 0x32, 0x39, 0x31, 0x61, 0x33, 0x65, 0x37, 0x62, 0x36, 0x65, 0x32, 0x36, 0x65, 0x37, 0x65, 0x37, 0x65, 0x62, 0x34, 0x61, 0x66, 0x66, 0x66, 0x63, 0x63, 0x63, 0x66, 0x31, 0x66, 0x37, 0x61, 0x34, 0x38, 0x66, 0x32, 0x37, 0x66, 0x36, 0x35, 0x31, 0x34, 0x39, 0x63, 0x37, 0x35, 0x38, 0x38, 0x38, 0x64, 0x61, 0x00, 0x0a, 0x00, 0x00, 0x00, 0x76, 0x61, 0x6c, 0x75, 0x65, 0x2f, 0x74, 0x65, 0x78, 0x74, 0x09, 0x00, 0x00, 0x00, 0x63, 0x6f, 0x6d, 0x6d, 0x69, 0x74, 0x74, 0x65, 0x64, 0x00, 0x09, 0x00, 0x00, 0x00, 0x76, 0x61, 0x6c, 0x75, 0x65, 0x2f, 0x75, 0x36, 0x34, 0x05, 0x00, 0x00, 0x00, 0x64, 0x65, 0x70, 0x74, 0x68, 0x00, 0x09, 0x00, 0x00, 0x00, 0x76, 0x61, 0x6c, 0x75, 0x65, 0x2f, 0x75, 0x36, 0x34, 0x05, 0x00, 0x00, 0x00, 0x68, 0x65, 0x61, 0x64, 0x73, 0x01, 0x09, 0x00, 0x00, 0x09, 0x00, 0x00, 0x00, 0x76, 0x61, 0x6c, 0x75, 0x65, 0x2f, 0x75, 0x36, 0x34, 0x09, 0x00, 0x00, 0x00, 0x72, 0x65, 0x6c, 0x61, 0x74, 0x69, 0x6f, 0x6e, 0x30, 0x02, 0x5c, 0x00, 0x00, 0x00, 0x74, 0x79, 0x70, 0x65, 0x2f, 0x4c, 0x61, 0x6e, 0x67, 0x75, 0x61, 0x67, 0x65, 0x50, 0x61, 0x72, 0x73, 0x65, 0x72, 0x52, 0x65, 0x6c, 0x61, 0x74, 0x69, 0x6f, 0x6e, 0x40, 0x63, 0x39, 0x64, 0x36, 0x34, 0x63, 0x35, 0x36, 0x64, 0x62, 0x32, 0x61, 0x61, 0x34, 0x30, 0x65, 0x35, 0x66, 0x66, 0x35, 0x36, 0x62, 0x63, 0x61, 0x64, 0x65, 0x33, 0x30, 0x66, 0x38, 0x38, 0x34, 0x37, 0x35, 0x33, 0x62, 0x65, 0x32, 0x33, 0x33, 0x36, 0x34, 0x65, 0x32, 0x34, 0x31, 0x33, 0x38, 0x64, 0x33, 0x65, 0x36, 0x36, 0x66, 0x62, 0x35, 0x66, 0x61, 0x32, 0x34, 0x38, 0x35, 0x66, 0x36, 0x02, 0x00, 0x00, 0x00, 0x04, 0x00, 0x00, 0x00, 0x62, 0x61, 0x73, 0x65, 0x03, 0x69, 0x00, 0x00, 0x00, 0x74, 0x79, 0x70, 0x65, 0x2f, 0x4c, 0x61, 0x6e, 0x67, 0x75, 0x61, 0x67, 0x65, 0x55, 0x6e, 0x69, 0x76, 0x65, 0x72, 0x73, 0x61, 0x6c, 0x44, 0x65, 0x70, 0x65, 0x6e, 0x64, 0x65, 0x6e, 0x63, 0x79, 0x52, 0x65, 0x6c, 0x61, 0x74, 0x69, 0x6f, 0x6e, 0x40, 0x37, 0x63, 0x65, 0x32, 0x37, 0x33, 0x30, 0x32, 0x64, 0x35, 0x62, 0x38, 0x32, 0x35, 0x32, 0x37, 0x37, 0x62, 0x62, 0x64, 0x37, 0x35, 0x34, 0x64, 0x30, 0x62, 0x63, 0x65, 0x38, 0x62, 0x62, 0x63, 0x39, 0x65, 0x37, 0x31, 0x66, 0x35, 0x64, 0x36, 0x34, 0x62, 0x63, 0x34, 0x66, 0x30, 0x61, 0x66, 0x31, 0x38, 0x34, 0x66, 0x63, 0x38, 0x36, 0x32, 0x64, 0x62, 0x64, 0x38, 0x63, 0x66, 0x32, 0x65, 0x25, 0x00, 0x00, 0x00, 0x03, 0x00, 0x00, 0x00, 0x61, 0x63, 0x6c, 0x00, 0x0a, 0x00, 0x00, 0x00, 0x76, 0x61, 0x6c, 0x75, 0x65, 0x2f, 0x75, 0x6e, 0x69, 0x74, 0x05, 0x00, 0x00, 0x00, 0x61, 0x64, 0x76, 0x63, 0x6c, 0x00, 0x0a, 0x00, 0x00, 0x00, 0x76, 0x61, 0x6c, 0x75, 0x65, 0x2f, 0x75, 0x6e, 0x69, 0x74, 0x06, 0x00, 0x00, 0x00, 0x61, 0x64, 0x76, 0x6d, 0x6f, 0x64, 0x00, 0x0a, 0x00, 0x00, 0x00, 0x76, 0x61, 0x6c, 0x75, 0x65, 0x2f, 0x75, 0x6e, 0x69, 0x74, 0x04, 0x00, 0x00, 0x00, 0x61, 0x6d, 0x6f, 0x64, 0x00, 0x0a, 0x00, 0x00, 0x00, 0x76, 0x61, 0x6c, 0x75, 0x65, 0x2f, 0x75, 0x6e, 0x69, 0x74, 0x05, 0x00, 0x00, 0x00, 0x61, 0x70, 0x70, 0x6f, 0x73, 0x00, 0x0a, 0x00, 0x00, 0x00, 0x76, 0x61, 0x6c, 0x75, 0x65, 0x2f, 0x75, 0x6e, 0x69, 0x74, 0x03, 0x00, 0x00, 0x00, 0x61, 0x75, 0x78, 0x00, 0x0a, 0x00, 0x00, 0x00, 0x76, 0x61, 0x6c, 0x75, 0x65, 0x2f, 0x75, 0x6e, 0x69, 0x74, 0x04, 0x00, 0x00, 0x00, 0x63, 0x61, 0x73, 0x65, 0x00, 0x0a, 0x00, 0x00, 0x00, 0x76, 0x61, 0x6c, 0x75, 0x65, 0x2f, 0x75, 0x6e, 0x69, 0x74, 0x02, 0x00, 0x00, 0x00, 0x63, 0x63, 0x00, 0x0a, 0x00, 0x00, 0x00, 0x76, 0x61, 0x6c, 0x75, 0x65, 0x2f, 0x75, 0x6e, 0x69, 0x74, 0x05, 0x00, 0x00, 0x00, 0x63, 0x63, 0x6f, 0x6d, 0x70, 0x00, 0x0a, 0x00, 0x00, 0x00, 0x76, 0x61, 0x6c, 0x75, 0x65, 0x2f, 0x75, 0x6e, 0x69, 0x74, 0x03, 0x00, 0x00, 0x00, 0x63, 0x6c, 0x66, 0x00, 0x0a, 0x00, 0x00, 0x00, 0x76, 0x61, 0x6c, 0x75, 0x65, 0x2f, 0x75, 0x6e, 0x69, 0x74, 0x08, 0x00, 0x00, 0x00, 0x63, 0x6f, 0x6d, 0x70, 0x6f, 0x75, 0x6e, 0x64, 0x00, 0x0a, 0x00, 0x00, 0x00, 0x76, 0x61, 0x6c, 0x75, 0x65, 0x2f, 0x75, 0x6e, 0x69, 0x74, 0x04, 0x00, 0x00, 0x00, 0x63, 0x6f, 0x6e, 0x6a, 0x00, 0x0a, 0x00, 0x00, 0x00, 0x76, 0x61, 0x6c, 0x75, 0x65, 0x2f, 0x75, 0x6e, 0x69, 0x74, 0x03, 0x00, 0x00, 0x00, 0x63, 0x6f, 0x70, 0x00, 0x0a, 0x00, 0x00, 0x00, 0x76, 0x61, 0x6c, 0x75, 0x65, 0x2f, 0x75, 0x6e, 0x69, 0x74, 0x05, 0x00, 0x00, 0x00, 0x63, 0x73, 0x75, 0x62, 0x6a, 0x00, 0x0a, 0x00, 0x00, 0x00, 0x76, 0x61, 0x6c, 0x75, 0x65, 0x2f, 0x75, 0x6e, 0x69, 0x74, 0x03, 0x00, 0x00, 0x00, 0x64, 0x65, 0x70, 0x00, 0x0a, 0x00, 0x00, 0x00, 0x76, 0x61, 0x6c, 0x75, 0x65, 0x2f, 0x75, 0x6e, 0x69, 0x74, 0x03, 0x00, 0x00, 0x00, 0x64, 0x65, 0x74, 0x00, 0x0a, 0x00, 0x00, 0x00, 0x76, 0x61, 0x6c, 0x75, 0x65, 0x2f, 0x75, 0x6e, 0x69, 0x74, 0x09, 0x00, 0x00, 0x00, 0x64, 0x69, 0x73, 0x63, 0x6f, 0x75, 0x72, 0x73, 0x65, 0x00, 0x0a, 0x00, 0x00, 0x00, 0x76, 0x61, 0x6c, 0x75, 0x65, 0x2f, 0x75, 0x6e, 0x69, 0x74, 0x0a, 0x00, 0x00, 0x00, 0x64, 0x69, 0x73, 0x6c, 0x6f, 0x63, 0x61, 0x74, 0x65, 0x64, 0x00, 0x0a, 0x00, 0x00, 0x00, 0x76, 0x61, 0x6c, 0x75, 0x65, 0x2f, 0x75, 0x6e, 0x69, 0x74, 0x04, 0x00, 0x00, 0x00, 0x65, 0x78, 0x70, 0x6c, 0x00, 0x0a, 0x00, 0x00, 0x00, 0x76, 0x61, 0x6c, 0x75, 0x65, 0x2f, 0x75, 0x6e, 0x69, 0x74, 0x05, 0x00, 0x00, 0x00, 0x66, 0x69, 0x78, 0x65, 0x64, 0x00, 0x0a, 0x00, 0x00, 0x00, 0x76, 0x61, 0x6c, 0x75, 0x65, 0x2f, 0x75, 0x6e, 0x69, 0x74, 0x04, 0x00, 0x00, 0x00, 0x66, 0x6c, 0x61, 0x74, 0x00, 0x0a, 0x00, 0x00, 0x00, 0x76, 0x61, 0x6c, 0x75, 0x65, 0x2f, 0x75, 0x6e, 0x69, 0x74, 0x08, 0x00, 0x00, 0x00, 0x67, 0x6f, 0x65, 0x73, 0x77, 0x69, 0x74, 0x68, 0x00, 0x0a, 0x00, 0x00, 0x00, 0x76, 0x61, 0x6c, 0x75, 0x65, 0x2f, 0x75, 0x6e, 0x69, 0x74, 0x04, 0x00, 0x00, 0x00, 0x69, 0x6f, 0x62, 0x6a, 0x00, 0x0a, 0x00, 0x00, 0x00, 0x76, 0x61, 0x6c, 0x75, 0x65, 0x2f, 0x75, 0x6e, 0x69, 0x74, 0x04, 0x00, 0x00, 0x00, 0x6c, 0x69, 0x73, 0x74, 0x00, 0x0a, 0x00, 0x00, 0x00, 0x76, 0x61, 0x6c, 0x75, 0x65, 0x2f, 0x75, 0x6e, 0x69, 0x74, 0x04, 0x00, 0x00, 0x00, 0x6d, 0x61, 0x72, 0x6b, 0x00, 0x0a, 0x00, 0x00, 0x00, 0x76, 0x61, 0x6c, 0x75, 0x65, 0x2f, 0x75, 0x6e, 0x69, 0x74, 0x04, 0x00, 0x00, 0x00, 0x6e, 0x6d, 0x6f, 0x64, 0x00, 0x0a, 0x00, 0x00, 0x00, 0x76, 0x61, 0x6c, 0x75, 0x65, 0x2f, 0x75, 0x6e, 0x69, 0x74, 0x05, 0x00, 0x00, 0x00, 0x6e, 0x73, 0x75, 0x62, 0x6a, 0x00, 0x0a, 0x00, 0x00, 0x00, 0x76, 0x61, 0x6c, 0x75, 0x65, 0x2f, 0x75, 0x6e, 0x69, 0x74, 0x06, 0x00, 0x00, 0x00, 0x6e, 0x75, 0x6d, 0x6d, 0x6f, 0x64, 0x00, 0x0a, 0x00, 0x00, 0x00, 0x76, 0x61, 0x6c, 0x75, 0x65, 0x2f, 0x75, 0x6e, 0x69, 0x74, 0x03, 0x00, 0x00, 0x00, 0x6f, 0x62, 0x6a, 0x00, 0x0a, 0x00, 0x00, 0x00, 0x76, 0x61, 0x6c, 0x75, 0x65, 0x2f, 0x75, 0x6e, 0x69, 0x74, 0x03, 0x00, 0x00, 0x00, 0x6f, 0x62, 0x6c, 0x00, 0x0a, 0x00, 0x00, 0x00, 0x76, 0x61, 0x6c, 0x75, 0x65, 0x2f, 0x75, 0x6e, 0x69, 0x74, 0x06, 0x00, 0x00, 0x00, 0x6f, 0x72, 0x70, 0x68, 0x61, 0x6e, 0x00, 0x0a, 0x00, 0x00, 0x00, 0x76, 0x61, 0x6c, 0x75, 0x65, 0x2f, 0x75, 0x6e, 0x69, 0x74, 0x09, 0x00, 0x00, 0x00, 0x70, 0x61, 0x72, 0x61, 0x74, 0x61, 0x78, 0x69, 0x73, 0x00, 0x0a, 0x00, 0x00, 0x00, 0x76, 0x61, 0x6c, 0x75, 0x65, 0x2f, 0x75, 0x6e, 0x69, 0x74, 0x05, 0x00, 0x00, 0x00, 0x70, 0x75, 0x6e, 0x63, 0x74, 0x00, 0x0a, 0x00, 0x00, 0x00, 0x76, 0x61, 0x6c, 0x75, 0x65, 0x2f, 0x75, 0x6e, 0x69, 0x74, 0x0a, 0x00, 0x00, 0x00, 0x72, 0x65, 0x70, 0x61, 0x72, 0x61, 0x6e, 0x64, 0x75, 0x6d, 0x00, 0x0a, 0x00, 0x00, 0x00, 0x76, 0x61, 0x6c, 0x75, 0x65, 0x2f, 0x75, 0x6e, 0x69, 0x74, 0x04, 0x00, 0x00, 0x00, 0x72, 0x6f, 0x6f, 0x74, 0x00, 0x0a, 0x00, 0x00, 0x00, 0x76, 0x61, 0x6c, 0x75, 0x65, 0x2f, 0x75, 0x6e, 0x69, 0x74, 0x08, 0x00, 0x00, 0x00, 0x76, 0x6f, 0x63, 0x61, 0x74, 0x69, 0x76, 0x65, 0x00, 0x0a, 0x00, 0x00, 0x00, 0x76, 0x61, 0x6c, 0x75, 0x65, 0x2f, 0x75, 0x6e, 0x69, 0x74, 0x05, 0x00, 0x00, 0x00, 0x78, 0x63, 0x6f, 0x6d, 0x70, 0x00, 0x0a, 0x00, 0x00, 0x00, 0x76, 0x61, 0x6c, 0x75, 0x65, 0x2f, 0x75, 0x6e, 0x69, 0x74, 0x07, 0x00, 0x00, 0x00, 0x73, 0x75, 0x62, 0x74, 0x79, 0x70, 0x65, 0x05, 0x5b, 0x00, 0x00, 0x00, 0x74, 0x79, 0x70, 0x65, 0x2f, 0x4c, 0x61, 0x6e, 0x67, 0x75, 0x61, 0x67, 0x65, 0x50, 0x61, 0x72, 0x73, 0x65, 0x72, 0x53, 0x75, 0x62, 0x74, 0x79, 0x70, 0x65, 0x40, 0x33, 0x61, 0x35, 0x39, 0x61, 0x64, 0x35, 0x34, 0x63, 0x38, 0x65, 0x31, 0x39, 0x30, 0x30, 0x31, 0x35, 0x37, 0x35, 0x31, 0x34, 0x32, 0x65, 0x32, 0x31, 0x34, 0x35, 0x65, 0x39, 0x61, 0x62, 0x61, 0x32, 0x35, 0x36, 0x37, 0x32, 0x38, 0x63, 0x34, 0x39, 0x66, 0x33, 0x35, 0x36, 0x34, 0x34, 0x66, 0x31, 0x61, 0x39, 0x33, 0x38, 0x30, 0x37, 0x35, 0x62, 0x61, 0x39, 0x31, 0x63, 0x36, 0x34, 0x35, 0x00, 0x0a, 0x00, 0x00, 0x00, 0x76, 0x61, 0x6c, 0x75, 0x65, 0x2f, 0x74, 0x65, 0x78, 0x74, 0x09, 0x00, 0x00, 0x00, 0x72, 0x65, 0x6c, 0x61, 0x74, 0x69, 0x6f, 0x6e, 0x31, 0x02, 0x5c, 0x00, 0x00, 0x00, 0x74, 0x79, 0x70, 0x65, 0x2f, 0x4c, 0x61, 0x6e, 0x67, 0x75, 0x61, 0x67, 0x65, 0x50, 0x61, 0x72, 0x73, 0x65, 0x72, 0x52, 0x65, 0x6c, 0x61, 0x74, 0x69, 0x6f, 0x6e, 0x40, 0x63, 0x39, 0x64, 0x36, 0x34, 0x63, 0x35, 0x36, 0x64, 0x62, 0x32, 0x61, 0x61, 0x34, 0x30, 0x65, 0x35, 0x66, 0x66, 0x35, 0x36, 0x62, 0x63, 0x61, 0x64, 0x65, 0x33, 0x30, 0x66, 0x38, 0x38, 0x34, 0x37, 0x35, 0x33, 0x62, 0x65, 0x32, 0x33, 0x33, 0x36, 0x34, 0x65, 0x32, 0x34, 0x31, 0x33, 0x38, 0x64, 0x33, 0x65, 0x36, 0x36, 0x66, 0x62, 0x35, 0x66, 0x61, 0x32, 0x34, 0x38, 0x35, 0x66, 0x36, 0x02, 0x00, 0x00, 0x00, 0x04, 0x00, 0x00, 0x00, 0x62, 0x61, 0x73, 0x65, 0x03, 0x69, 0x00, 0x00, 0x00, 0x74, 0x79, 0x70, 0x65, 0x2f, 0x4c, 0x61, 0x6e, 0x67, 0x75, 0x61, 0x67, 0x65, 0x55, 0x6e, 0x69, 0x76, 0x65, 0x72, 0x73, 0x61, 0x6c, 0x44, 0x65, 0x70, 0x65, 0x6e, 0x64, 0x65, 0x6e, 0x63, 0x79, 0x52, 0x65, 0x6c, 0x61, 0x74, 0x69, 0x6f, 0x6e, 0x40, 0x37, 0x63, 0x65, 0x32, 0x37, 0x33, 0x30, 0x32, 0x64, 0x35, 0x62, 0x38, 0x32, 0x35, 0x32, 0x37, 0x37, 0x62, 0x62, 0x64, 0x37, 0x35, 0x34, 0x64, 0x30, 0x62, 0x63, 0x65, 0x38, 0x62, 0x62, 0x63, 0x39, 0x65, 0x37, 0x31, 0x66, 0x35, 0x64, 0x36, 0x34, 0x62, 0x63, 0x34, 0x66, 0x30, 0x61, 0x66, 0x31, 0x38, 0x34, 0x66, 0x63, 0x38, 0x36, 0x32, 0x64, 0x62, 0x64, 0x38, 0x63, 0x66, 0x32, 0x65, 0x25, 0x00, 0x00, 0x00, 0x03, 0x00, 0x00, 0x00, 0x61, 0x63, 0x6c, 0x00, 0x0a, 0x00, 0x00, 0x00, 0x76, 0x61, 0x6c, 0x75, 0x65, 0x2f, 0x75, 0x6e, 0x69, 0x74, 0x05, 0x00, 0x00, 0x00, 0x61, 0x64, 0x76, 0x63, 0x6c, 0x00, 0x0a, 0x00, 0x00, 0x00, 0x76, 0x61, 0x6c, 0x75, 0x65, 0x2f, 0x75, 0x6e, 0x69, 0x74, 0x06, 0x00, 0x00, 0x00, 0x61, 0x64, 0x76, 0x6d, 0x6f, 0x64, 0x00, 0x0a, 0x00, 0x00, 0x00, 0x76, 0x61, 0x6c, 0x75, 0x65, 0x2f, 0x75, 0x6e, 0x69, 0x74, 0x04, 0x00, 0x00, 0x00, 0x61, 0x6d, 0x6f, 0x64, 0x00, 0x0a, 0x00, 0x00, 0x00, 0x76, 0x61, 0x6c, 0x75, 0x65, 0x2f, 0x75, 0x6e, 0x69, 0x74, 0x05, 0x00, 0x00, 0x00, 0x61, 0x70, 0x70, 0x6f, 0x73, 0x00, 0x0a, 0x00, 0x00, 0x00, 0x76, 0x61, 0x6c, 0x75, 0x65, 0x2f, 0x75, 0x6e, 0x69, 0x74, 0x03, 0x00, 0x00, 0x00, 0x61, 0x75, 0x78, 0x00, 0x0a, 0x00, 0x00, 0x00, 0x76, 0x61, 0x6c, 0x75, 0x65, 0x2f, 0x75, 0x6e, 0x69, 0x74, 0x04, 0x00, 0x00, 0x00, 0x63, 0x61, 0x73, 0x65, 0x00, 0x0a, 0x00, 0x00, 0x00, 0x76, 0x61, 0x6c, 0x75, 0x65, 0x2f, 0x75, 0x6e, 0x69, 0x74, 0x02, 0x00, 0x00, 0x00, 0x63, 0x63, 0x00, 0x0a, 0x00, 0x00, 0x00, 0x76, 0x61, 0x6c, 0x75, 0x65, 0x2f, 0x75, 0x6e, 0x69, 0x74, 0x05, 0x00, 0x00, 0x00, 0x63, 0x63, 0x6f, 0x6d, 0x70, 0x00, 0x0a, 0x00, 0x00, 0x00, 0x76, 0x61, 0x6c, 0x75, 0x65, 0x2f, 0x75, 0x6e, 0x69, 0x74, 0x03, 0x00, 0x00, 0x00, 0x63, 0x6c, 0x66, 0x00, 0x0a, 0x00, 0x00, 0x00, 0x76, 0x61, 0x6c, 0x75, 0x65, 0x2f, 0x75, 0x6e, 0x69, 0x74, 0x08, 0x00, 0x00, 0x00, 0x63, 0x6f, 0x6d, 0x70, 0x6f, 0x75, 0x6e, 0x64, 0x00, 0x0a, 0x00, 0x00, 0x00, 0x76, 0x61, 0x6c, 0x75, 0x65, 0x2f, 0x75, 0x6e, 0x69, 0x74, 0x04, 0x00, 0x00, 0x00, 0x63, 0x6f, 0x6e, 0x6a, 0x00, 0x0a, 0x00, 0x00, 0x00, 0x76, 0x61, 0x6c, 0x75, 0x65, 0x2f, 0x75, 0x6e, 0x69, 0x74, 0x03, 0x00, 0x00, 0x00, 0x63, 0x6f, 0x70, 0x00, 0x0a, 0x00, 0x00, 0x00, 0x76, 0x61, 0x6c, 0x75, 0x65, 0x2f, 0x75, 0x6e, 0x69, 0x74, 0x05, 0x00, 0x00, 0x00, 0x63, 0x73, 0x75, 0x62, 0x6a, 0x00, 0x0a, 0x00, 0x00, 0x00, 0x76, 0x61, 0x6c, 0x75, 0x65, 0x2f, 0x75, 0x6e, 0x69, 0x74, 0x03, 0x00, 0x00, 0x00, 0x64, 0x65, 0x70, 0x00, 0x0a, 0x00, 0x00, 0x00, 0x76, 0x61, 0x6c, 0x75, 0x65, 0x2f, 0x75, 0x6e, 0x69, 0x74, 0x03, 0x00, 0x00, 0x00, 0x64, 0x65, 0x74, 0x00, 0x0a, 0x00, 0x00, 0x00, 0x76, 0x61, 0x6c, 0x75, 0x65, 0x2f, 0x75, 0x6e, 0x69, 0x74, 0x09, 0x00, 0x00, 0x00, 0x64, 0x69, 0x73, 0x63, 0x6f, 0x75, 0x72, 0x73, 0x65, 0x00, 0x0a, 0x00, 0x00, 0x00, 0x76, 0x61, 0x6c, 0x75, 0x65, 0x2f, 0x75, 0x6e, 0x69, 0x74, 0x0a, 0x00, 0x00, 0x00, 0x64, 0x69, 0x73, 0x6c, 0x6f, 0x63, 0x61, 0x74, 0x65, 0x64, 0x00, 0x0a, 0x00, 0x00, 0x00, 0x76, 0x61, 0x6c, 0x75, 0x65, 0x2f, 0x75, 0x6e, 0x69, 0x74, 0x04, 0x00, 0x00, 0x00, 0x65, 0x78, 0x70, 0x6c, 0x00, 0x0a, 0x00, 0x00, 0x00, 0x76, 0x61, 0x6c, 0x75, 0x65, 0x2f, 0x75, 0x6e, 0x69, 0x74, 0x05, 0x00, 0x00, 0x00, 0x66, 0x69, 0x78, 0x65, 0x64, 0x00, 0x0a, 0x00, 0x00, 0x00, 0x76, 0x61, 0x6c, 0x75, 0x65, 0x2f, 0x75, 0x6e, 0x69, 0x74, 0x04, 0x00, 0x00, 0x00, 0x66, 0x6c, 0x61, 0x74, 0x00, 0x0a, 0x00, 0x00, 0x00, 0x76, 0x61, 0x6c, 0x75, 0x65, 0x2f, 0x75, 0x6e, 0x69, 0x74, 0x08, 0x00, 0x00, 0x00, 0x67, 0x6f, 0x65, 0x73, 0x77, 0x69, 0x74, 0x68, 0x00, 0x0a, 0x00, 0x00, 0x00, 0x76, 0x61, 0x6c, 0x75, 0x65, 0x2f, 0x75, 0x6e, 0x69, 0x74, 0x04, 0x00, 0x00, 0x00, 0x69, 0x6f, 0x62, 0x6a, 0x00, 0x0a, 0x00, 0x00, 0x00, 0x76, 0x61, 0x6c, 0x75, 0x65, 0x2f, 0x75, 0x6e, 0x69, 0x74, 0x04, 0x00, 0x00, 0x00, 0x6c, 0x69, 0x73, 0x74, 0x00, 0x0a, 0x00, 0x00, 0x00, 0x76, 0x61, 0x6c, 0x75, 0x65, 0x2f, 0x75, 0x6e, 0x69, 0x74, 0x04, 0x00, 0x00, 0x00, 0x6d, 0x61, 0x72, 0x6b, 0x00, 0x0a, 0x00, 0x00, 0x00, 0x76, 0x61, 0x6c, 0x75, 0x65, 0x2f, 0x75, 0x6e, 0x69, 0x74, 0x04, 0x00, 0x00, 0x00, 0x6e, 0x6d, 0x6f, 0x64, 0x00, 0x0a, 0x00, 0x00, 0x00, 0x76, 0x61, 0x6c, 0x75, 0x65, 0x2f, 0x75, 0x6e, 0x69, 0x74, 0x05, 0x00, 0x00, 0x00, 0x6e, 0x73, 0x75, 0x62, 0x6a, 0x00, 0x0a, 0x00, 0x00, 0x00, 0x76, 0x61, 0x6c, 0x75, 0x65, 0x2f, 0x75, 0x6e, 0x69, 0x74, 0x06, 0x00, 0x00, 0x00, 0x6e, 0x75, 0x6d, 0x6d, 0x6f, 0x64, 0x00, 0x0a, 0x00, 0x00, 0x00, 0x76, 0x61, 0x6c, 0x75, 0x65, 0x2f, 0x75, 0x6e, 0x69, 0x74, 0x03, 0x00, 0x00, 0x00, 0x6f, 0x62, 0x6a, 0x00, 0x0a, 0x00, 0x00, 0x00, 0x76, 0x61, 0x6c, 0x75, 0x65, 0x2f, 0x75, 0x6e, 0x69, 0x74, 0x03, 0x00, 0x00, 0x00, 0x6f, 0x62, 0x6c, 0x00, 0x0a, 0x00, 0x00, 0x00, 0x76, 0x61, 0x6c, 0x75, 0x65, 0x2f, 0x75, 0x6e, 0x69, 0x74, 0x06, 0x00, 0x00, 0x00, 0x6f, 0x72, 0x70, 0x68, 0x61, 0x6e, 0x00, 0x0a, 0x00, 0x00, 0x00, 0x76, 0x61, 0x6c, 0x75, 0x65, 0x2f, 0x75, 0x6e, 0x69, 0x74, 0x09, 0x00, 0x00, 0x00, 0x70, 0x61, 0x72, 0x61, 0x74, 0x61, 0x78, 0x69, 0x73, 0x00, 0x0a, 0x00, 0x00, 0x00, 0x76, 0x61, 0x6c, 0x75, 0x65, 0x2f, 0x75, 0x6e, 0x69, 0x74, 0x05, 0x00, 0x00, 0x00, 0x70, 0x75, 0x6e, 0x63, 0x74, 0x00, 0x0a, 0x00, 0x00, 0x00, 0x76, 0x61, 0x6c, 0x75, 0x65, 0x2f, 0x75, 0x6e, 0x69, 0x74, 0x0a, 0x00, 0x00, 0x00, 0x72, 0x65, 0x70, 0x61, 0x72, 0x61, 0x6e, 0x64, 0x75, 0x6d, 0x00, 0x0a, 0x00, 0x00, 0x00, 0x76, 0x61, 0x6c, 0x75, 0x65, 0x2f, 0x75, 0x6e, 0x69, 0x74, 0x04, 0x00, 0x00, 0x00, 0x72, 0x6f, 0x6f, 0x74, 0x00, 0x0a, 0x00, 0x00, 0x00, 0x76, 0x61, 0x6c, 0x75, 0x65, 0x2f, 0x75, 0x6e, 0x69, 0x74, 0x08, 0x00, 0x00, 0x00, 0x76, 0x6f, 0x63, 0x61, 0x74, 0x69, 0x76, 0x65, 0x00, 0x0a, 0x00, 0x00, 0x00, 0x76, 0x61, 0x6c, 0x75, 0x65, 0x2f, 0x75, 0x6e, 0x69, 0x74, 0x05, 0x00, 0x00, 0x00, 0x78, 0x63, 0x6f, 0x6d, 0x70, 0x00, 0x0a, 0x00, 0x00, 0x00, 0x76, 0x61, 0x6c, 0x75, 0x65, 0x2f, 0x75, 0x6e, 0x69, 0x74, 0x07, 0x00, 0x00, 0x00, 0x73, 0x75, 0x62, 0x74, 0x79, 0x70, 0x65, 0x05, 0x5b, 0x00, 0x00, 0x00, 0x74, 0x79, 0x70, 0x65, 0x2f, 0x4c, 0x61, 0x6e, 0x67, 0x75, 0x61, 0x67, 0x65, 0x50, 0x61, 0x72, 0x73, 0x65, 0x72, 0x53, 0x75, 0x62, 0x74, 0x79, 0x70, 0x65, 0x40, 0x33, 0x61, 0x35, 0x39, 0x61, 0x64, 0x35, 0x34, 0x63, 0x38, 0x65, 0x31, 0x39, 0x30, 0x30, 0x31, 0x35, 0x37, 0x35, 0x31, 0x34, 0x32, 0x65, 0x32, 0x31, 0x34, 0x35, 0x65, 0x39, 0x61, 0x62, 0x61, 0x32, 0x35, 0x36, 0x37, 0x32, 0x38, 0x63, 0x34, 0x39, 0x66, 0x33, 0x35, 0x36, 0x34, 0x34, 0x66, 0x31, 0x61, 0x39, 0x33, 0x38, 0x30, 0x37, 0x35, 0x62, 0x61, 0x39, 0x31, 0x63, 0x36, 0x34, 0x35, 0x00, 0x0a, 0x00, 0x00, 0x00, 0x76, 0x61, 0x6c, 0x75, 0x65, 0x2f, 0x74, 0x65, 0x78, 0x74, 0x09, 0x00, 0x00, 0x00, 0x72, 0x65, 0x6c, 0x61, 0x74, 0x69, 0x6f, 0x6e, 0x32, 0x02, 0x5c, 0x00, 0x00, 0x00, 0x74, 0x79, 0x70, 0x65, 0x2f, 0x4c, 0x61, 0x6e, 0x67, 0x75, 0x61, 0x67, 0x65, 0x50, 0x61, 0x72, 0x73, 0x65, 0x72, 0x52, 0x65, 0x6c, 0x61, 0x74, 0x69, 0x6f, 0x6e, 0x40, 0x63, 0x39, 0x64, 0x36, 0x34, 0x63, 0x35, 0x36, 0x64, 0x62, 0x32, 0x61, 0x61, 0x34, 0x30, 0x65, 0x35, 0x66, 0x66, 0x35, 0x36, 0x62, 0x63, 0x61, 0x64, 0x65, 0x33, 0x30, 0x66, 0x38, 0x38, 0x34, 0x37, 0x35, 0x33, 0x62, 0x65, 0x32, 0x33, 0x33, 0x36, 0x34, 0x65, 0x32, 0x34, 0x31, 0x33, 0x38, 0x64, 0x33, 0x65, 0x36, 0x36, 0x66, 0x62, 0x35, 0x66, 0x61, 0x32, 0x34, 0x38, 0x35, 0x66, 0x36, 0x02, 0x00, 0x00, 0x00, 0x04, 0x00, 0x00, 0x00, 0x62, 0x61, 0x73, 0x65, 0x03, 0x69, 0x00, 0x00, 0x00, 0x74, 0x79, 0x70, 0x65, 0x2f, 0x4c, 0x61, 0x6e, 0x67, 0x75, 0x61, 0x67, 0x65, 0x55, 0x6e, 0x69, 0x76, 0x65, 0x72, 0x73, 0x61, 0x6c, 0x44, 0x65, 0x70, 0x65, 0x6e, 0x64, 0x65, 0x6e, 0x63, 0x79, 0x52, 0x65, 0x6c, 0x61, 0x74, 0x69, 0x6f, 0x6e, 0x40, 0x37, 0x63, 0x65, 0x32, 0x37, 0x33, 0x30, 0x32, 0x64, 0x35, 0x62, 0x38, 0x32, 0x35, 0x32, 0x37, 0x37, 0x62, 0x62, 0x64, 0x37, 0x35, 0x34, 0x64, 0x30, 0x62, 0x63, 0x65, 0x38, 0x62, 0x62, 0x63, 0x39, 0x65, 0x37, 0x31, 0x66, 0x35, 0x64, 0x36, 0x34, 0x62, 0x63, 0x34, 0x66, 0x30, 0x61, 0x66, 0x31, 0x38, 0x34, 0x66, 0x63, 0x38, 0x36, 0x32, 0x64, 0x62, 0x64, 0x38, 0x63, 0x66, 0x32, 0x65, 0x25, 0x00, 0x00, 0x00, 0x03, 0x00, 0x00, 0x00, 0x61, 0x63, 0x6c, 0x00, 0x0a, 0x00, 0x00, 0x00, 0x76, 0x61, 0x6c, 0x75, 0x65, 0x2f, 0x75, 0x6e, 0x69, 0x74, 0x05, 0x00, 0x00, 0x00, 0x61, 0x64, 0x76, 0x63, 0x6c, 0x00, 0x0a, 0x00, 0x00, 0x00, 0x76, 0x61, 0x6c, 0x75, 0x65, 0x2f, 0x75, 0x6e, 0x69, 0x74, 0x06, 0x00, 0x00, 0x00, 0x61, 0x64, 0x76, 0x6d, 0x6f, 0x64, 0x00, 0x0a, 0x00, 0x00, 0x00, 0x76, 0x61, 0x6c, 0x75, 0x65, 0x2f, 0x75, 0x6e, 0x69, 0x74, 0x04, 0x00, 0x00, 0x00, 0x61, 0x6d, 0x6f, 0x64, 0x00, 0x0a, 0x00, 0x00, 0x00, 0x76, 0x61, 0x6c, 0x75, 0x65, 0x2f, 0x75, 0x6e, 0x69, 0x74, 0x05, 0x00, 0x00, 0x00, 0x61, 0x70, 0x70, 0x6f, 0x73, 0x00, 0x0a, 0x00, 0x00, 0x00, 0x76, 0x61, 0x6c, 0x75, 0x65, 0x2f, 0x75, 0x6e, 0x69, 0x74, 0x03, 0x00, 0x00, 0x00, 0x61, 0x75, 0x78, 0x00, 0x0a, 0x00, 0x00, 0x00, 0x76, 0x61, 0x6c, 0x75, 0x65, 0x2f, 0x75, 0x6e, 0x69, 0x74, 0x04, 0x00, 0x00, 0x00, 0x63, 0x61, 0x73, 0x65, 0x00, 0x0a, 0x00, 0x00, 0x00, 0x76, 0x61, 0x6c, 0x75, 0x65, 0x2f, 0x75, 0x6e, 0x69, 0x74, 0x02, 0x00, 0x00, 0x00, 0x63, 0x63, 0x00, 0x0a, 0x00, 0x00, 0x00, 0x76, 0x61, 0x6c, 0x75, 0x65, 0x2f, 0x75, 0x6e, 0x69, 0x74, 0x05, 0x00, 0x00, 0x00, 0x63, 0x63, 0x6f, 0x6d, 0x70, 0x00, 0x0a, 0x00, 0x00, 0x00, 0x76, 0x61, 0x6c, 0x75, 0x65, 0x2f, 0x75, 0x6e, 0x69, 0x74, 0x03, 0x00, 0x00, 0x00, 0x63, 0x6c, 0x66, 0x00, 0x0a, 0x00, 0x00, 0x00, 0x76, 0x61, 0x6c, 0x75, 0x65, 0x2f, 0x75, 0x6e, 0x69, 0x74, 0x08, 0x00, 0x00, 0x00, 0x63, 0x6f, 0x6d, 0x70, 0x6f, 0x75, 0x6e, 0x64, 0x00, 0x0a, 0x00, 0x00, 0x00, 0x76, 0x61, 0x6c, 0x75, 0x65, 0x2f, 0x75, 0x6e, 0x69, 0x74, 0x04, 0x00, 0x00, 0x00, 0x63, 0x6f, 0x6e, 0x6a, 0x00, 0x0a, 0x00, 0x00, 0x00, 0x76, 0x61, 0x6c, 0x75, 0x65, 0x2f, 0x75, 0x6e, 0x69, 0x74, 0x03, 0x00, 0x00, 0x00, 0x63, 0x6f, 0x70, 0x00, 0x0a, 0x00, 0x00, 0x00, 0x76, 0x61, 0x6c, 0x75, 0x65, 0x2f, 0x75, 0x6e, 0x69, 0x74, 0x05, 0x00, 0x00, 0x00, 0x63, 0x73, 0x75, 0x62, 0x6a, 0x00, 0x0a, 0x00, 0x00, 0x00, 0x76, 0x61, 0x6c, 0x75, 0x65, 0x2f, 0x75, 0x6e, 0x69, 0x74, 0x03, 0x00, 0x00, 0x00, 0x64, 0x65, 0x70, 0x00, 0x0a, 0x00, 0x00, 0x00, 0x76, 0x61, 0x6c, 0x75, 0x65, 0x2f, 0x75, 0x6e, 0x69, 0x74, 0x03, 0x00, 0x00, 0x00, 0x64, 0x65, 0x74, 0x00, 0x0a, 0x00, 0x00, 0x00, 0x76, 0x61, 0x6c, 0x75, 0x65, 0x2f, 0x75, 0x6e, 0x69, 0x74, 0x09, 0x00, 0x00, 0x00, 0x64, 0x69, 0x73, 0x63, 0x6f, 0x75, 0x72, 0x73, 0x65, 0x00, 0x0a, 0x00, 0x00, 0x00, 0x76, 0x61, 0x6c, 0x75, 0x65, 0x2f, 0x75, 0x6e, 0x69, 0x74, 0x0a, 0x00, 0x00, 0x00, 0x64, 0x69, 0x73, 0x6c, 0x6f, 0x63, 0x61, 0x74, 0x65, 0x64, 0x00, 0x0a, 0x00, 0x00, 0x00, 0x76, 0x61, 0x6c, 0x75, 0x65, 0x2f, 0x75, 0x6e, 0x69, 0x74, 0x04, 0x00, 0x00, 0x00, 0x65, 0x78, 0x70, 0x6c, 0x00, 0x0a, 0x00, 0x00, 0x00, 0x76, 0x61, 0x6c, 0x75, 0x65, 0x2f, 0x75, 0x6e, 0x69, 0x74, 0x05, 0x00, 0x00, 0x00, 0x66, 0x69, 0x78, 0x65, 0x64, 0x00, 0x0a, 0x00, 0x00, 0x00, 0x76, 0x61, 0x6c, 0x75, 0x65, 0x2f, 0x75, 0x6e, 0x69, 0x74, 0x04, 0x00, 0x00, 0x00, 0x66, 0x6c, 0x61, 0x74, 0x00, 0x0a, 0x00, 0x00, 0x00, 0x76, 0x61, 0x6c, 0x75, 0x65, 0x2f, 0x75, 0x6e, 0x69, 0x74, 0x08, 0x00, 0x00, 0x00, 0x67, 0x6f, 0x65, 0x73, 0x77, 0x69, 0x74, 0x68, 0x00, 0x0a, 0x00, 0x00, 0x00, 0x76, 0x61, 0x6c, 0x75, 0x65, 0x2f, 0x75, 0x6e, 0x69, 0x74, 0x04, 0x00, 0x00, 0x00, 0x69, 0x6f, 0x62, 0x6a, 0x00, 0x0a, 0x00, 0x00, 0x00, 0x76, 0x61, 0x6c, 0x75, 0x65, 0x2f, 0x75, 0x6e, 0x69, 0x74, 0x04, 0x00, 0x00, 0x00, 0x6c, 0x69, 0x73, 0x74, 0x00, 0x0a, 0x00, 0x00, 0x00, 0x76, 0x61, 0x6c, 0x75, 0x65, 0x2f, 0x75, 0x6e, 0x69, 0x74, 0x04, 0x00, 0x00, 0x00, 0x6d, 0x61, 0x72, 0x6b, 0x00, 0x0a, 0x00, 0x00, 0x00, 0x76, 0x61, 0x6c, 0x75, 0x65, 0x2f, 0x75, 0x6e, 0x69, 0x74, 0x04, 0x00, 0x00, 0x00, 0x6e, 0x6d, 0x6f, 0x64, 0x00, 0x0a, 0x00, 0x00, 0x00, 0x76, 0x61, 0x6c, 0x75, 0x65, 0x2f, 0x75, 0x6e, 0x69, 0x74, 0x05, 0x00, 0x00, 0x00, 0x6e, 0x73, 0x75, 0x62, 0x6a, 0x00, 0x0a, 0x00, 0x00, 0x00, 0x76, 0x61, 0x6c, 0x75, 0x65, 0x2f, 0x75, 0x6e, 0x69, 0x74, 0x06, 0x00, 0x00, 0x00, 0x6e, 0x75, 0x6d, 0x6d, 0x6f, 0x64, 0x00, 0x0a, 0x00, 0x00, 0x00, 0x76, 0x61, 0x6c, 0x75, 0x65, 0x2f, 0x75, 0x6e, 0x69, 0x74, 0x03, 0x00, 0x00, 0x00, 0x6f, 0x62, 0x6a, 0x00, 0x0a, 0x00, 0x00, 0x00, 0x76, 0x61, 0x6c, 0x75, 0x65, 0x2f, 0x75, 0x6e, 0x69, 0x74, 0x03, 0x00, 0x00, 0x00, 0x6f, 0x62, 0x6c, 0x00, 0x0a, 0x00, 0x00, 0x00, 0x76, 0x61, 0x6c, 0x75, 0x65, 0x2f, 0x75, 0x6e, 0x69, 0x74, 0x06, 0x00, 0x00, 0x00, 0x6f, 0x72, 0x70, 0x68, 0x61, 0x6e, 0x00, 0x0a, 0x00, 0x00, 0x00, 0x76, 0x61, 0x6c, 0x75, 0x65, 0x2f, 0x75, 0x6e, 0x69, 0x74, 0x09, 0x00, 0x00, 0x00, 0x70, 0x61, 0x72, 0x61, 0x74, 0x61, 0x78, 0x69, 0x73, 0x00, 0x0a, 0x00, 0x00, 0x00, 0x76, 0x61, 0x6c, 0x75, 0x65, 0x2f, 0x75, 0x6e, 0x69, 0x74, 0x05, 0x00, 0x00, 0x00, 0x70, 0x75, 0x6e, 0x63, 0x74, 0x00, 0x0a, 0x00, 0x00, 0x00, 0x76, 0x61, 0x6c, 0x75, 0x65, 0x2f, 0x75, 0x6e, 0x69, 0x74, 0x0a, 0x00, 0x00, 0x00, 0x72, 0x65, 0x70, 0x61, 0x72, 0x61, 0x6e, 0x64, 0x75, 0x6d, 0x00, 0x0a, 0x00, 0x00, 0x00, 0x76, 0x61, 0x6c, 0x75, 0x65, 0x2f, 0x75, 0x6e, 0x69, 0x74, 0x04, 0x00, 0x00, 0x00, 0x72, 0x6f, 0x6f, 0x74, 0x00, 0x0a, 0x00, 0x00, 0x00, 0x76, 0x61, 0x6c, 0x75, 0x65, 0x2f, 0x75, 0x6e, 0x69, 0x74, 0x08, 0x00, 0x00, 0x00, 0x76, 0x6f, 0x63, 0x61, 0x74, 0x69, 0x76, 0x65, 0x00, 0x0a, 0x00, 0x00, 0x00, 0x76, 0x61, 0x6c, 0x75, 0x65, 0x2f, 0x75, 0x6e, 0x69, 0x74, 0x05, 0x00, 0x00, 0x00, 0x78, 0x63, 0x6f, 0x6d, 0x70, 0x00, 0x0a, 0x00, 0x00, 0x00, 0x76, 0x61, 0x6c, 0x75, 0x65, 0x2f, 0x75, 0x6e, 0x69, 0x74, 0x07, 0x00, 0x00, 0x00, 0x73, 0x75, 0x62, 0x74, 0x79, 0x70, 0x65, 0x05, 0x5b, 0x00, 0x00, 0x00, 0x74, 0x79, 0x70, 0x65, 0x2f, 0x4c, 0x61, 0x6e, 0x67, 0x75, 0x61, 0x67, 0x65, 0x50, 0x61, 0x72, 0x73, 0x65, 0x72, 0x53, 0x75, 0x62, 0x74, 0x79, 0x70, 0x65, 0x40, 0x33, 0x61, 0x35, 0x39, 0x61, 0x64, 0x35, 0x34, 0x63, 0x38, 0x65, 0x31, 0x39, 0x30, 0x30, 0x31, 0x35, 0x37, 0x35, 0x31, 0x34, 0x32, 0x65, 0x32, 0x31, 0x34, 0x35, 0x65, 0x39, 0x61, 0x62, 0x61, 0x32, 0x35, 0x36, 0x37, 0x32, 0x38, 0x63, 0x34, 0x39, 0x66, 0x33, 0x35, 0x36, 0x34, 0x34, 0x66, 0x31, 0x61, 0x39, 0x33, 0x38, 0x30, 0x37, 0x35, 0x62, 0x61, 0x39, 0x31, 0x63, 0x36, 0x34, 0x35, 0x00, 0x0a, 0x00, 0x00, 0x00, 0x76, 0x61, 0x6c, 0x75, 0x65, 0x2f, 0x74, 0x65, 0x78, 0x74, 0x09, 0x00, 0x00, 0x00, 0x72, 0x65, 0x6c, 0x61, 0x74, 0x69, 0x6f, 0x6e, 0x33, 0x02, 0x5c, 0x00, 0x00, 0x00, 0x74, 0x79, 0x70, 0x65, 0x2f, 0x4c, 0x61, 0x6e, 0x67, 0x75, 0x61, 0x67, 0x65, 0x50, 0x61, 0x72, 0x73, 0x65, 0x72, 0x52, 0x65, 0x6c, 0x61, 0x74, 0x69, 0x6f, 0x6e, 0x40, 0x63, 0x39, 0x64, 0x36, 0x34, 0x63, 0x35, 0x36, 0x64, 0x62, 0x32, 0x61, 0x61, 0x34, 0x30, 0x65, 0x35, 0x66, 0x66, 0x35, 0x36, 0x62, 0x63, 0x61, 0x64, 0x65, 0x33, 0x30, 0x66, 0x38, 0x38, 0x34, 0x37, 0x35, 0x33, 0x62, 0x65, 0x32, 0x33, 0x33, 0x36, 0x34, 0x65, 0x32, 0x34, 0x31, 0x33, 0x38, 0x64, 0x33, 0x65, 0x36, 0x36, 0x66, 0x62, 0x35, 0x66, 0x61, 0x32, 0x34, 0x38, 0x35, 0x66, 0x36, 0x02, 0x00, 0x00, 0x00, 0x04, 0x00, 0x00, 0x00, 0x62, 0x61, 0x73, 0x65, 0x03, 0x69, 0x00, 0x00, 0x00, 0x74, 0x79, 0x70, 0x65, 0x2f, 0x4c, 0x61, 0x6e, 0x67, 0x75, 0x61, 0x67, 0x65, 0x55, 0x6e, 0x69, 0x76, 0x65, 0x72, 0x73, 0x61, 0x6c, 0x44, 0x65, 0x70, 0x65, 0x6e, 0x64, 0x65, 0x6e, 0x63, 0x79, 0x52, 0x65, 0x6c, 0x61, 0x74, 0x69, 0x6f, 0x6e, 0x40, 0x37, 0x63, 0x65, 0x32, 0x37, 0x33, 0x30, 0x32, 0x64, 0x35, 0x62, 0x38, 0x32, 0x35, 0x32, 0x37, 0x37, 0x62, 0x62, 0x64, 0x37, 0x35, 0x34, 0x64, 0x30, 0x62, 0x63, 0x65, 0x38, 0x62, 0x62, 0x63, 0x39, 0x65, 0x37, 0x31, 0x66, 0x35, 0x64, 0x36, 0x34, 0x62, 0x63, 0x34, 0x66, 0x30, 0x61, 0x66, 0x31, 0x38, 0x34, 0x66, 0x63, 0x38, 0x36, 0x32, 0x64, 0x62, 0x64, 0x38, 0x63, 0x66, 0x32, 0x65, 0x25, 0x00, 0x00, 0x00, 0x03, 0x00, 0x00, 0x00, 0x61, 0x63, 0x6c, 0x00, 0x0a, 0x00, 0x00, 0x00, 0x76, 0x61, 0x6c, 0x75, 0x65, 0x2f, 0x75, 0x6e, 0x69, 0x74, 0x05, 0x00, 0x00, 0x00, 0x61, 0x64, 0x76, 0x63, 0x6c, 0x00, 0x0a, 0x00, 0x00, 0x00, 0x76, 0x61, 0x6c, 0x75, 0x65, 0x2f, 0x75, 0x6e, 0x69, 0x74, 0x06, 0x00, 0x00, 0x00, 0x61, 0x64, 0x76, 0x6d, 0x6f, 0x64, 0x00, 0x0a, 0x00, 0x00, 0x00, 0x76, 0x61, 0x6c, 0x75, 0x65, 0x2f, 0x75, 0x6e, 0x69, 0x74, 0x04, 0x00, 0x00, 0x00, 0x61, 0x6d, 0x6f, 0x64, 0x00, 0x0a, 0x00, 0x00, 0x00, 0x76, 0x61, 0x6c, 0x75, 0x65, 0x2f, 0x75, 0x6e, 0x69, 0x74, 0x05, 0x00, 0x00, 0x00, 0x61, 0x70, 0x70, 0x6f, 0x73, 0x00, 0x0a, 0x00, 0x00, 0x00, 0x76, 0x61, 0x6c, 0x75, 0x65, 0x2f, 0x75, 0x6e, 0x69, 0x74, 0x03, 0x00, 0x00, 0x00, 0x61, 0x75, 0x78, 0x00, 0x0a, 0x00, 0x00, 0x00, 0x76, 0x61, 0x6c, 0x75, 0x65, 0x2f, 0x75, 0x6e, 0x69, 0x74, 0x04, 0x00, 0x00, 0x00, 0x63, 0x61, 0x73, 0x65, 0x00, 0x0a, 0x00, 0x00, 0x00, 0x76, 0x61, 0x6c, 0x75, 0x65, 0x2f, 0x75, 0x6e, 0x69, 0x74, 0x02, 0x00, 0x00, 0x00, 0x63, 0x63, 0x00, 0x0a, 0x00, 0x00, 0x00, 0x76, 0x61, 0x6c, 0x75, 0x65, 0x2f, 0x75, 0x6e, 0x69, 0x74, 0x05, 0x00, 0x00, 0x00, 0x63, 0x63, 0x6f, 0x6d, 0x70, 0x00, 0x0a, 0x00, 0x00, 0x00, 0x76, 0x61, 0x6c, 0x75, 0x65, 0x2f, 0x75, 0x6e, 0x69, 0x74, 0x03, 0x00, 0x00, 0x00, 0x63, 0x6c, 0x66, 0x00, 0x0a, 0x00, 0x00, 0x00, 0x76, 0x61, 0x6c, 0x75, 0x65, 0x2f, 0x75, 0x6e, 0x69, 0x74, 0x08, 0x00, 0x00, 0x00, 0x63, 0x6f, 0x6d, 0x70, 0x6f, 0x75, 0x6e, 0x64, 0x00, 0x0a, 0x00, 0x00, 0x00, 0x76, 0x61, 0x6c, 0x75, 0x65, 0x2f, 0x75, 0x6e, 0x69, 0x74, 0x04, 0x00, 0x00, 0x00, 0x63, 0x6f, 0x6e, 0x6a, 0x00, 0x0a, 0x00, 0x00, 0x00, 0x76, 0x61, 0x6c, 0x75, 0x65, 0x2f, 0x75, 0x6e, 0x69, 0x74, 0x03, 0x00, 0x00, 0x00, 0x63, 0x6f, 0x70, 0x00, 0x0a, 0x00, 0x00, 0x00, 0x76, 0x61, 0x6c, 0x75, 0x65, 0x2f, 0x75, 0x6e, 0x69, 0x74, 0x05, 0x00, 0x00, 0x00, 0x63, 0x73, 0x75, 0x62, 0x6a, 0x00, 0x0a, 0x00, 0x00, 0x00, 0x76, 0x61, 0x6c, 0x75, 0x65, 0x2f, 0x75, 0x6e, 0x69, 0x74, 0x03, 0x00, 0x00, 0x00, 0x64, 0x65, 0x70, 0x00, 0x0a, 0x00, 0x00, 0x00, 0x76, 0x61, 0x6c, 0x75, 0x65, 0x2f, 0x75, 0x6e, 0x69, 0x74, 0x03, 0x00, 0x00, 0x00, 0x64, 0x65, 0x74, 0x00, 0x0a, 0x00, 0x00, 0x00, 0x76, 0x61, 0x6c, 0x75, 0x65, 0x2f, 0x75, 0x6e, 0x69, 0x74, 0x09, 0x00, 0x00, 0x00, 0x64, 0x69, 0x73, 0x63, 0x6f, 0x75, 0x72, 0x73, 0x65, 0x00, 0x0a, 0x00, 0x00, 0x00, 0x76, 0x61, 0x6c, 0x75, 0x65, 0x2f, 0x75, 0x6e, 0x69, 0x74, 0x0a, 0x00, 0x00, 0x00, 0x64, 0x69, 0x73, 0x6c, 0x6f, 0x63, 0x61, 0x74, 0x65, 0x64, 0x00, 0x0a, 0x00, 0x00, 0x00, 0x76, 0x61, 0x6c, 0x75, 0x65, 0x2f, 0x75, 0x6e, 0x69, 0x74, 0x04, 0x00, 0x00, 0x00, 0x65, 0x78, 0x70, 0x6c, 0x00, 0x0a, 0x00, 0x00, 0x00, 0x76, 0x61, 0x6c, 0x75, 0x65, 0x2f, 0x75, 0x6e, 0x69, 0x74, 0x05, 0x00, 0x00, 0x00, 0x66, 0x69, 0x78, 0x65, 0x64, 0x00, 0x0a, 0x00, 0x00, 0x00, 0x76, 0x61, 0x6c, 0x75, 0x65, 0x2f, 0x75, 0x6e, 0x69, 0x74, 0x04, 0x00, 0x00, 0x00, 0x66, 0x6c, 0x61, 0x74, 0x00, 0x0a, 0x00, 0x00, 0x00, 0x76, 0x61, 0x6c, 0x75, 0x65, 0x2f, 0x75, 0x6e, 0x69, 0x74, 0x08, 0x00, 0x00, 0x00, 0x67, 0x6f, 0x65, 0x73, 0x77, 0x69, 0x74, 0x68, 0x00, 0x0a, 0x00, 0x00, 0x00, 0x76, 0x61, 0x6c, 0x75, 0x65, 0x2f, 0x75, 0x6e, 0x69, 0x74, 0x04, 0x00, 0x00, 0x00, 0x69, 0x6f, 0x62, 0x6a, 0x00, 0x0a, 0x00, 0x00, 0x00, 0x76, 0x61, 0x6c, 0x75, 0x65, 0x2f, 0x75, 0x6e, 0x69, 0x74, 0x04, 0x00, 0x00, 0x00, 0x6c, 0x69, 0x73, 0x74, 0x00, 0x0a, 0x00, 0x00, 0x00, 0x76, 0x61, 0x6c, 0x75, 0x65, 0x2f, 0x75, 0x6e, 0x69, 0x74, 0x04, 0x00, 0x00, 0x00, 0x6d, 0x61, 0x72, 0x6b, 0x00, 0x0a, 0x00, 0x00, 0x00, 0x76, 0x61, 0x6c, 0x75, 0x65, 0x2f, 0x75, 0x6e, 0x69, 0x74, 0x04, 0x00, 0x00, 0x00, 0x6e, 0x6d, 0x6f, 0x64, 0x00, 0x0a, 0x00, 0x00, 0x00, 0x76, 0x61, 0x6c, 0x75, 0x65, 0x2f, 0x75, 0x6e, 0x69, 0x74, 0x05, 0x00, 0x00, 0x00, 0x6e, 0x73, 0x75, 0x62, 0x6a, 0x00, 0x0a, 0x00, 0x00, 0x00, 0x76, 0x61, 0x6c, 0x75, 0x65, 0x2f, 0x75, 0x6e, 0x69, 0x74, 0x06, 0x00, 0x00, 0x00, 0x6e, 0x75, 0x6d, 0x6d, 0x6f, 0x64, 0x00, 0x0a, 0x00, 0x00, 0x00, 0x76, 0x61, 0x6c, 0x75, 0x65, 0x2f, 0x75, 0x6e, 0x69, 0x74, 0x03, 0x00, 0x00, 0x00, 0x6f, 0x62, 0x6a, 0x00, 0x0a, 0x00, 0x00, 0x00, 0x76, 0x61, 0x6c, 0x75, 0x65, 0x2f, 0x75, 0x6e, 0x69, 0x74, 0x03, 0x00, 0x00, 0x00, 0x6f, 0x62, 0x6c, 0x00, 0x0a, 0x00, 0x00, 0x00, 0x76, 0x61, 0x6c, 0x75, 0x65, 0x2f, 0x75, 0x6e, 0x69, 0x74, 0x06, 0x00, 0x00, 0x00, 0x6f, 0x72, 0x70, 0x68, 0x61, 0x6e, 0x00, 0x0a, 0x00, 0x00, 0x00, 0x76, 0x61, 0x6c, 0x75, 0x65, 0x2f, 0x75, 0x6e, 0x69, 0x74, 0x09, 0x00, 0x00, 0x00, 0x70, 0x61, 0x72, 0x61, 0x74, 0x61, 0x78, 0x69, 0x73, 0x00, 0x0a, 0x00, 0x00, 0x00, 0x76, 0x61, 0x6c, 0x75, 0x65, 0x2f, 0x75, 0x6e, 0x69, 0x74, 0x05, 0x00, 0x00, 0x00, 0x70, 0x75, 0x6e, 0x63, 0x74, 0x00, 0x0a, 0x00, 0x00, 0x00, 0x76, 0x61, 0x6c, 0x75, 0x65, 0x2f, 0x75, 0x6e, 0x69, 0x74, 0x0a, 0x00, 0x00, 0x00, 0x72, 0x65, 0x70, 0x61, 0x72, 0x61, 0x6e, 0x64, 0x75, 0x6d, 0x00, 0x0a, 0x00, 0x00, 0x00, 0x76, 0x61, 0x6c, 0x75, 0x65, 0x2f, 0x75, 0x6e, 0x69, 0x74, 0x04, 0x00, 0x00, 0x00, 0x72, 0x6f, 0x6f, 0x74, 0x00, 0x0a, 0x00, 0x00, 0x00, 0x76, 0x61, 0x6c, 0x75, 0x65, 0x2f, 0x75, 0x6e, 0x69, 0x74, 0x08, 0x00, 0x00, 0x00, 0x76, 0x6f, 0x63, 0x61, 0x74, 0x69, 0x76, 0x65, 0x00, 0x0a, 0x00, 0x00, 0x00, 0x76, 0x61, 0x6c, 0x75, 0x65, 0x2f, 0x75, 0x6e, 0x69, 0x74, 0x05, 0x00, 0x00, 0x00, 0x78, 0x63, 0x6f, 0x6d, 0x70, 0x00, 0x0a, 0x00, 0x00, 0x00, 0x76, 0x61, 0x6c, 0x75, 0x65, 0x2f, 0x75, 0x6e, 0x69, 0x74, 0x07, 0x00, 0x00, 0x00, 0x73, 0x75, 0x62, 0x74, 0x79, 0x70, 0x65, 0x05, 0x5b, 0x00, 0x00, 0x00, 0x74, 0x79, 0x70, 0x65, 0x2f, 0x4c, 0x61, 0x6e, 0x67, 0x75, 0x61, 0x67, 0x65, 0x50, 0x61, 0x72, 0x73, 0x65, 0x72, 0x53, 0x75, 0x62, 0x74, 0x79, 0x70, 0x65, 0x40, 0x33, 0x61, 0x35, 0x39, 0x61, 0x64, 0x35, 0x34, 0x63, 0x38, 0x65, 0x31, 0x39, 0x30, 0x30, 0x31, 0x35, 0x37, 0x35, 0x31, 0x34, 0x32, 0x65, 0x32, 0x31, 0x34, 0x35, 0x65, 0x39, 0x61, 0x62, 0x61, 0x32, 0x35, 0x36, 0x37, 0x32, 0x38, 0x63, 0x34, 0x39, 0x66, 0x33, 0x35, 0x36, 0x34, 0x34, 0x66, 0x31, 0x61, 0x39, 0x33, 0x38, 0x30, 0x37, 0x35, 0x62, 0x61, 0x39, 0x31, 0x63, 0x36, 0x34, 0x35, 0x00, 0x0a, 0x00, 0x00, 0x00, 0x76, 0x61, 0x6c, 0x75, 0x65, 0x2f, 0x74, 0x65, 0x78, 0x74, 0x09, 0x00, 0x00, 0x00, 0x72, 0x65, 0x6c, 0x61, 0x74, 0x69, 0x6f, 0x6e, 0x34, 0x02, 0x5c, 0x00, 0x00, 0x00, 0x74, 0x79, 0x70, 0x65, 0x2f, 0x4c, 0x61, 0x6e, 0x67, 0x75, 0x61, 0x67, 0x65, 0x50, 0x61, 0x72, 0x73, 0x65, 0x72, 0x52, 0x65, 0x6c, 0x61, 0x74, 0x69, 0x6f, 0x6e, 0x40, 0x63, 0x39, 0x64, 0x36, 0x34, 0x63, 0x35, 0x36, 0x64, 0x62, 0x32, 0x61, 0x61, 0x34, 0x30, 0x65, 0x35, 0x66, 0x66, 0x35, 0x36, 0x62, 0x63, 0x61, 0x64, 0x65, 0x33, 0x30, 0x66, 0x38, 0x38, 0x34, 0x37, 0x35, 0x33, 0x62, 0x65, 0x32, 0x33, 0x33, 0x36, 0x34, 0x65, 0x32, 0x34, 0x31, 0x33, 0x38, 0x64, 0x33, 0x65, 0x36, 0x36, 0x66, 0x62, 0x35, 0x66, 0x61, 0x32, 0x34, 0x38, 0x35, 0x66, 0x36, 0x02, 0x00, 0x00, 0x00, 0x04, 0x00, 0x00, 0x00, 0x62, 0x61, 0x73, 0x65, 0x03, 0x69, 0x00, 0x00, 0x00, 0x74, 0x79, 0x70, 0x65, 0x2f, 0x4c, 0x61, 0x6e, 0x67, 0x75, 0x61, 0x67, 0x65, 0x55, 0x6e, 0x69, 0x76, 0x65, 0x72, 0x73, 0x61, 0x6c, 0x44, 0x65, 0x70, 0x65, 0x6e, 0x64, 0x65, 0x6e, 0x63, 0x79, 0x52, 0x65, 0x6c, 0x61, 0x74, 0x69, 0x6f, 0x6e, 0x40, 0x37, 0x63, 0x65, 0x32, 0x37, 0x33, 0x30, 0x32, 0x64, 0x35, 0x62, 0x38, 0x32, 0x35, 0x32, 0x37, 0x37, 0x62, 0x62, 0x64, 0x37, 0x35, 0x34, 0x64, 0x30, 0x62, 0x63, 0x65, 0x38, 0x62, 0x62, 0x63, 0x39, 0x65, 0x37, 0x31, 0x66, 0x35, 0x64, 0x36, 0x34, 0x62, 0x63, 0x34, 0x66, 0x30, 0x61, 0x66, 0x31, 0x38, 0x34, 0x66, 0x63, 0x38, 0x36, 0x32, 0x64, 0x62, 0x64, 0x38, 0x63, 0x66, 0x32, 0x65, 0x25, 0x00, 0x00, 0x00, 0x03, 0x00, 0x00, 0x00, 0x61, 0x63, 0x6c, 0x00, 0x0a, 0x00, 0x00, 0x00, 0x76, 0x61, 0x6c, 0x75, 0x65, 0x2f, 0x75, 0x6e, 0x69, 0x74, 0x05, 0x00, 0x00, 0x00, 0x61, 0x64, 0x76, 0x63, 0x6c, 0x00, 0x0a, 0x00, 0x00, 0x00, 0x76, 0x61, 0x6c, 0x75, 0x65, 0x2f, 0x75, 0x6e, 0x69, 0x74, 0x06, 0x00, 0x00, 0x00, 0x61, 0x64, 0x76, 0x6d, 0x6f, 0x64, 0x00, 0x0a, 0x00, 0x00, 0x00, 0x76, 0x61, 0x6c, 0x75, 0x65, 0x2f, 0x75, 0x6e, 0x69, 0x74, 0x04, 0x00, 0x00, 0x00, 0x61, 0x6d, 0x6f, 0x64, 0x00, 0x0a, 0x00, 0x00, 0x00, 0x76, 0x61, 0x6c, 0x75, 0x65, 0x2f, 0x75, 0x6e, 0x69, 0x74, 0x05, 0x00, 0x00, 0x00, 0x61, 0x70, 0x70, 0x6f, 0x73, 0x00, 0x0a, 0x00, 0x00, 0x00, 0x76, 0x61, 0x6c, 0x75, 0x65, 0x2f, 0x75, 0x6e, 0x69, 0x74, 0x03, 0x00, 0x00, 0x00, 0x61, 0x75, 0x78, 0x00, 0x0a, 0x00, 0x00, 0x00, 0x76, 0x61, 0x6c, 0x75, 0x65, 0x2f, 0x75, 0x6e, 0x69, 0x74, 0x04, 0x00, 0x00, 0x00, 0x63, 0x61, 0x73, 0x65, 0x00, 0x0a, 0x00, 0x00, 0x00, 0x76, 0x61, 0x6c, 0x75, 0x65, 0x2f, 0x75, 0x6e, 0x69, 0x74, 0x02, 0x00, 0x00, 0x00, 0x63, 0x63, 0x00, 0x0a, 0x00, 0x00, 0x00, 0x76, 0x61, 0x6c, 0x75, 0x65, 0x2f, 0x75, 0x6e, 0x69, 0x74, 0x05, 0x00, 0x00, 0x00, 0x63, 0x63, 0x6f, 0x6d, 0x70, 0x00, 0x0a, 0x00, 0x00, 0x00, 0x76, 0x61, 0x6c, 0x75, 0x65, 0x2f, 0x75, 0x6e, 0x69, 0x74, 0x03, 0x00, 0x00, 0x00, 0x63, 0x6c, 0x66, 0x00, 0x0a, 0x00, 0x00, 0x00, 0x76, 0x61, 0x6c, 0x75, 0x65, 0x2f, 0x75, 0x6e, 0x69, 0x74, 0x08, 0x00, 0x00, 0x00, 0x63, 0x6f, 0x6d, 0x70, 0x6f, 0x75, 0x6e, 0x64, 0x00, 0x0a, 0x00, 0x00, 0x00, 0x76, 0x61, 0x6c, 0x75, 0x65, 0x2f, 0x75, 0x6e, 0x69, 0x74, 0x04, 0x00, 0x00, 0x00, 0x63, 0x6f, 0x6e, 0x6a, 0x00, 0x0a, 0x00, 0x00, 0x00, 0x76, 0x61, 0x6c, 0x75, 0x65, 0x2f, 0x75, 0x6e, 0x69, 0x74, 0x03, 0x00, 0x00, 0x00, 0x63, 0x6f, 0x70, 0x00, 0x0a, 0x00, 0x00, 0x00, 0x76, 0x61, 0x6c, 0x75, 0x65, 0x2f, 0x75, 0x6e, 0x69, 0x74, 0x05, 0x00, 0x00, 0x00, 0x63, 0x73, 0x75, 0x62, 0x6a, 0x00, 0x0a, 0x00, 0x00, 0x00, 0x76, 0x61, 0x6c, 0x75, 0x65, 0x2f, 0x75, 0x6e, 0x69, 0x74, 0x03, 0x00, 0x00, 0x00, 0x64, 0x65, 0x70, 0x00, 0x0a, 0x00, 0x00, 0x00, 0x76, 0x61, 0x6c, 0x75, 0x65, 0x2f, 0x75, 0x6e, 0x69, 0x74, 0x03, 0x00, 0x00, 0x00, 0x64, 0x65, 0x74, 0x00, 0x0a, 0x00, 0x00, 0x00, 0x76, 0x61, 0x6c, 0x75, 0x65, 0x2f, 0x75, 0x6e, 0x69, 0x74, 0x09, 0x00, 0x00, 0x00, 0x64, 0x69, 0x73, 0x63, 0x6f, 0x75, 0x72, 0x73, 0x65, 0x00, 0x0a, 0x00, 0x00, 0x00, 0x76, 0x61, 0x6c, 0x75, 0x65, 0x2f, 0x75, 0x6e, 0x69, 0x74, 0x0a, 0x00, 0x00, 0x00, 0x64, 0x69, 0x73, 0x6c, 0x6f, 0x63, 0x61, 0x74, 0x65, 0x64, 0x00, 0x0a, 0x00, 0x00, 0x00, 0x76, 0x61, 0x6c, 0x75, 0x65, 0x2f, 0x75, 0x6e, 0x69, 0x74, 0x04, 0x00, 0x00, 0x00, 0x65, 0x78, 0x70, 0x6c, 0x00, 0x0a, 0x00, 0x00, 0x00, 0x76, 0x61, 0x6c, 0x75, 0x65, 0x2f, 0x75, 0x6e, 0x69, 0x74, 0x05, 0x00, 0x00, 0x00, 0x66, 0x69, 0x78, 0x65, 0x64, 0x00, 0x0a, 0x00, 0x00, 0x00, 0x76, 0x61, 0x6c, 0x75, 0x65, 0x2f, 0x75, 0x6e, 0x69, 0x74, 0x04, 0x00, 0x00, 0x00, 0x66, 0x6c, 0x61, 0x74, 0x00, 0x0a, 0x00, 0x00, 0x00, 0x76, 0x61, 0x6c, 0x75, 0x65, 0x2f, 0x75, 0x6e, 0x69, 0x74, 0x08, 0x00, 0x00, 0x00, 0x67, 0x6f, 0x65, 0x73, 0x77, 0x69, 0x74, 0x68, 0x00, 0x0a, 0x00, 0x00, 0x00, 0x76, 0x61, 0x6c, 0x75, 0x65, 0x2f, 0x75, 0x6e, 0x69, 0x74, 0x04, 0x00, 0x00, 0x00, 0x69, 0x6f, 0x62, 0x6a, 0x00, 0x0a, 0x00, 0x00, 0x00, 0x76, 0x61, 0x6c, 0x75, 0x65, 0x2f, 0x75, 0x6e, 0x69, 0x74, 0x04, 0x00, 0x00, 0x00, 0x6c, 0x69, 0x73, 0x74, 0x00, 0x0a, 0x00, 0x00, 0x00, 0x76, 0x61, 0x6c, 0x75, 0x65, 0x2f, 0x75, 0x6e, 0x69, 0x74, 0x04, 0x00, 0x00, 0x00, 0x6d, 0x61, 0x72, 0x6b, 0x00, 0x0a, 0x00, 0x00, 0x00, 0x76, 0x61, 0x6c, 0x75, 0x65, 0x2f, 0x75, 0x6e, 0x69, 0x74, 0x04, 0x00, 0x00, 0x00, 0x6e, 0x6d, 0x6f, 0x64, 0x00, 0x0a, 0x00, 0x00, 0x00, 0x76, 0x61, 0x6c, 0x75, 0x65, 0x2f, 0x75, 0x6e, 0x69, 0x74, 0x05, 0x00, 0x00, 0x00, 0x6e, 0x73, 0x75, 0x62, 0x6a, 0x00, 0x0a, 0x00, 0x00, 0x00, 0x76, 0x61, 0x6c, 0x75, 0x65, 0x2f, 0x75, 0x6e, 0x69, 0x74, 0x06, 0x00, 0x00, 0x00, 0x6e, 0x75, 0x6d, 0x6d, 0x6f, 0x64, 0x00, 0x0a, 0x00, 0x00, 0x00, 0x76, 0x61, 0x6c, 0x75, 0x65, 0x2f, 0x75, 0x6e, 0x69, 0x74, 0x03, 0x00, 0x00, 0x00, 0x6f, 0x62, 0x6a, 0x00, 0x0a, 0x00, 0x00, 0x00, 0x76, 0x61, 0x6c, 0x75, 0x65, 0x2f, 0x75, 0x6e, 0x69, 0x74, 0x03, 0x00, 0x00, 0x00, 0x6f, 0x62, 0x6c, 0x00, 0x0a, 0x00, 0x00, 0x00, 0x76, 0x61, 0x6c, 0x75, 0x65, 0x2f, 0x75, 0x6e, 0x69, 0x74, 0x06, 0x00, 0x00, 0x00, 0x6f, 0x72, 0x70, 0x68, 0x61, 0x6e, 0x00, 0x0a, 0x00, 0x00, 0x00, 0x76, 0x61, 0x6c, 0x75, 0x65, 0x2f, 0x75, 0x6e, 0x69, 0x74, 0x09, 0x00, 0x00, 0x00, 0x70, 0x61, 0x72, 0x61, 0x74, 0x61, 0x78, 0x69, 0x73, 0x00, 0x0a, 0x00, 0x00, 0x00, 0x76, 0x61, 0x6c, 0x75, 0x65, 0x2f, 0x75, 0x6e, 0x69, 0x74, 0x05, 0x00, 0x00, 0x00, 0x70, 0x75, 0x6e, 0x63, 0x74, 0x00, 0x0a, 0x00, 0x00, 0x00, 0x76, 0x61, 0x6c, 0x75, 0x65, 0x2f, 0x75, 0x6e, 0x69, 0x74, 0x0a, 0x00, 0x00, 0x00, 0x72, 0x65, 0x70, 0x61, 0x72, 0x61, 0x6e, 0x64, 0x75, 0x6d, 0x00, 0x0a, 0x00, 0x00, 0x00, 0x76, 0x61, 0x6c, 0x75, 0x65, 0x2f, 0x75, 0x6e, 0x69, 0x74, 0x04, 0x00, 0x00, 0x00, 0x72, 0x6f, 0x6f, 0x74, 0x00, 0x0a, 0x00, 0x00, 0x00, 0x76, 0x61, 0x6c, 0x75, 0x65, 0x2f, 0x75, 0x6e, 0x69, 0x74, 0x08, 0x00, 0x00, 0x00, 0x76, 0x6f, 0x63, 0x61, 0x74, 0x69, 0x76, 0x65, 0x00, 0x0a, 0x00, 0x00, 0x00, 0x76, 0x61, 0x6c, 0x75, 0x65, 0x2f, 0x75, 0x6e, 0x69, 0x74, 0x05, 0x00, 0x00, 0x00, 0x78, 0x63, 0x6f, 0x6d, 0x70, 0x00, 0x0a, 0x00, 0x00, 0x00, 0x76, 0x61, 0x6c, 0x75, 0x65, 0x2f, 0x75, 0x6e, 0x69, 0x74, 0x07, 0x00, 0x00, 0x00, 0x73, 0x75, 0x62, 0x74, 0x79, 0x70, 0x65, 0x05, 0x5b, 0x00, 0x00, 0x00, 0x74, 0x79, 0x70, 0x65, 0x2f, 0x4c, 0x61, 0x6e, 0x67, 0x75, 0x61, 0x67, 0x65, 0x50, 0x61, 0x72, 0x73, 0x65, 0x72, 0x53, 0x75, 0x62, 0x74, 0x79, 0x70, 0x65, 0x40, 0x33, 0x61, 0x35, 0x39, 0x61, 0x64, 0x35, 0x34, 0x63, 0x38, 0x65, 0x31, 0x39, 0x30, 0x30, 0x31, 0x35, 0x37, 0x35, 0x31, 0x34, 0x32, 0x65, 0x32, 0x31, 0x34, 0x35, 0x65, 0x39, 0x61, 0x62, 0x61, 0x32, 0x35, 0x36, 0x37, 0x32, 0x38, 0x63, 0x34, 0x39, 0x66, 0x33, 0x35, 0x36, 0x34, 0x34, 0x66, 0x31, 0x61, 0x39, 0x33, 0x38, 0x30, 0x37, 0x35, 0x62, 0x61, 0x39, 0x31, 0x63, 0x36, 0x34, 0x35, 0x00, 0x0a, 0x00, 0x00, 0x00, 0x76, 0x61, 0x6c, 0x75, 0x65, 0x2f, 0x74, 0x65, 0x78, 0x74, 0x09, 0x00, 0x00, 0x00, 0x72, 0x65, 0x6c, 0x61, 0x74, 0x69, 0x6f, 0x6e, 0x35, 0x02, 0x5c, 0x00, 0x00, 0x00, 0x74, 0x79, 0x70, 0x65, 0x2f, 0x4c, 0x61, 0x6e, 0x67, 0x75, 0x61, 0x67, 0x65, 0x50, 0x61, 0x72, 0x73, 0x65, 0x72, 0x52, 0x65, 0x6c, 0x61, 0x74, 0x69, 0x6f, 0x6e, 0x40, 0x63, 0x39, 0x64, 0x36, 0x34, 0x63, 0x35, 0x36, 0x64, 0x62, 0x32, 0x61, 0x61, 0x34, 0x30, 0x65, 0x35, 0x66, 0x66, 0x35, 0x36, 0x62, 0x63, 0x61, 0x64, 0x65, 0x33, 0x30, 0x66, 0x38, 0x38, 0x34, 0x37, 0x35, 0x33, 0x62, 0x65, 0x32, 0x33, 0x33, 0x36, 0x34, 0x65, 0x32, 0x34, 0x31, 0x33, 0x38, 0x64, 0x33, 0x65, 0x36, 0x36, 0x66, 0x62, 0x35, 0x66, 0x61, 0x32, 0x34, 0x38, 0x35, 0x66, 0x36, 0x02, 0x00, 0x00, 0x00, 0x04, 0x00, 0x00, 0x00, 0x62, 0x61, 0x73, 0x65, 0x03, 0x69, 0x00, 0x00, 0x00, 0x74, 0x79, 0x70, 0x65, 0x2f, 0x4c, 0x61, 0x6e, 0x67, 0x75, 0x61, 0x67, 0x65, 0x55, 0x6e, 0x69, 0x76, 0x65, 0x72, 0x73, 0x61, 0x6c, 0x44, 0x65, 0x70, 0x65, 0x6e, 0x64, 0x65, 0x6e, 0x63, 0x79, 0x52, 0x65, 0x6c, 0x61, 0x74, 0x69, 0x6f, 0x6e, 0x40, 0x37, 0x63, 0x65, 0x32, 0x37, 0x33, 0x30, 0x32, 0x64, 0x35, 0x62, 0x38, 0x32, 0x35, 0x32, 0x37, 0x37, 0x62, 0x62, 0x64, 0x37, 0x35, 0x34, 0x64, 0x30, 0x62, 0x63, 0x65, 0x38, 0x62, 0x62, 0x63, 0x39, 0x65, 0x37, 0x31, 0x66, 0x35, 0x64, 0x36, 0x34, 0x62, 0x63, 0x34, 0x66, 0x30, 0x61, 0x66, 0x31, 0x38, 0x34, 0x66, 0x63, 0x38, 0x36, 0x32, 0x64, 0x62, 0x64, 0x38, 0x63, 0x66, 0x32, 0x65, 0x25, 0x00, 0x00, 0x00, 0x03, 0x00, 0x00, 0x00, 0x61, 0x63, 0x6c, 0x00, 0x0a, 0x00, 0x00, 0x00, 0x76, 0x61, 0x6c, 0x75, 0x65, 0x2f, 0x75, 0x6e, 0x69, 0x74, 0x05, 0x00, 0x00, 0x00, 0x61, 0x64, 0x76, 0x63, 0x6c, 0x00, 0x0a, 0x00, 0x00, 0x00, 0x76, 0x61, 0x6c, 0x75, 0x65, 0x2f, 0x75, 0x6e, 0x69, 0x74, 0x06, 0x00, 0x00, 0x00, 0x61, 0x64, 0x76, 0x6d, 0x6f, 0x64, 0x00, 0x0a, 0x00, 0x00, 0x00, 0x76, 0x61, 0x6c, 0x75, 0x65, 0x2f, 0x75, 0x6e, 0x69, 0x74, 0x04, 0x00, 0x00, 0x00, 0x61, 0x6d, 0x6f, 0x64, 0x00, 0x0a, 0x00, 0x00, 0x00, 0x76, 0x61, 0x6c, 0x75, 0x65, 0x2f, 0x75, 0x6e, 0x69, 0x74, 0x05, 0x00, 0x00, 0x00, 0x61, 0x70, 0x70, 0x6f, 0x73, 0x00, 0x0a, 0x00, 0x00, 0x00, 0x76, 0x61, 0x6c, 0x75, 0x65, 0x2f, 0x75, 0x6e, 0x69, 0x74, 0x03, 0x00, 0x00, 0x00, 0x61, 0x75, 0x78, 0x00, 0x0a, 0x00, 0x00, 0x00, 0x76, 0x61, 0x6c, 0x75, 0x65, 0x2f, 0x75, 0x6e, 0x69, 0x74, 0x04, 0x00, 0x00, 0x00, 0x63, 0x61, 0x73, 0x65, 0x00, 0x0a, 0x00, 0x00, 0x00, 0x76, 0x61, 0x6c, 0x75, 0x65, 0x2f, 0x75, 0x6e, 0x69, 0x74, 0x02, 0x00, 0x00, 0x00, 0x63, 0x63, 0x00, 0x0a, 0x00, 0x00, 0x00, 0x76, 0x61, 0x6c, 0x75, 0x65, 0x2f, 0x75, 0x6e, 0x69, 0x74, 0x05, 0x00, 0x00, 0x00, 0x63, 0x63, 0x6f, 0x6d, 0x70, 0x00, 0x0a, 0x00, 0x00, 0x00, 0x76, 0x61, 0x6c, 0x75, 0x65, 0x2f, 0x75, 0x6e, 0x69, 0x74, 0x03, 0x00, 0x00, 0x00, 0x63, 0x6c, 0x66, 0x00, 0x0a, 0x00, 0x00, 0x00, 0x76, 0x61, 0x6c, 0x75, 0x65, 0x2f, 0x75, 0x6e, 0x69, 0x74, 0x08, 0x00, 0x00, 0x00, 0x63, 0x6f, 0x6d, 0x70, 0x6f, 0x75, 0x6e, 0x64, 0x00, 0x0a, 0x00, 0x00, 0x00, 0x76, 0x61, 0x6c, 0x75, 0x65, 0x2f, 0x75, 0x6e, 0x69, 0x74, 0x04, 0x00, 0x00, 0x00, 0x63, 0x6f, 0x6e, 0x6a, 0x00, 0x0a, 0x00, 0x00, 0x00, 0x76, 0x61, 0x6c, 0x75, 0x65, 0x2f, 0x75, 0x6e, 0x69, 0x74, 0x03, 0x00, 0x00, 0x00, 0x63, 0x6f, 0x70, 0x00, 0x0a, 0x00, 0x00, 0x00, 0x76, 0x61, 0x6c, 0x75, 0x65, 0x2f, 0x75, 0x6e, 0x69, 0x74, 0x05, 0x00, 0x00, 0x00, 0x63, 0x73, 0x75, 0x62, 0x6a, 0x00, 0x0a, 0x00, 0x00, 0x00, 0x76, 0x61, 0x6c, 0x75, 0x65, 0x2f, 0x75, 0x6e, 0x69, 0x74, 0x03, 0x00, 0x00, 0x00, 0x64, 0x65, 0x70, 0x00, 0x0a, 0x00, 0x00, 0x00, 0x76, 0x61, 0x6c, 0x75, 0x65, 0x2f, 0x75, 0x6e, 0x69, 0x74, 0x03, 0x00, 0x00, 0x00, 0x64, 0x65, 0x74, 0x00, 0x0a, 0x00, 0x00, 0x00, 0x76, 0x61, 0x6c, 0x75, 0x65, 0x2f, 0x75, 0x6e, 0x69, 0x74, 0x09, 0x00, 0x00, 0x00, 0x64, 0x69, 0x73, 0x63, 0x6f, 0x75, 0x72, 0x73, 0x65, 0x00, 0x0a, 0x00, 0x00, 0x00, 0x76, 0x61, 0x6c, 0x75, 0x65, 0x2f, 0x75, 0x6e, 0x69, 0x74, 0x0a, 0x00, 0x00, 0x00, 0x64, 0x69, 0x73, 0x6c, 0x6f, 0x63, 0x61, 0x74, 0x65, 0x64, 0x00, 0x0a, 0x00, 0x00, 0x00, 0x76, 0x61, 0x6c, 0x75, 0x65, 0x2f, 0x75, 0x6e, 0x69, 0x74, 0x04, 0x00, 0x00, 0x00, 0x65, 0x78, 0x70, 0x6c, 0x00, 0x0a, 0x00, 0x00, 0x00, 0x76, 0x61, 0x6c, 0x75, 0x65, 0x2f, 0x75, 0x6e, 0x69, 0x74, 0x05, 0x00, 0x00, 0x00, 0x66, 0x69, 0x78, 0x65, 0x64, 0x00, 0x0a, 0x00, 0x00, 0x00, 0x76, 0x61, 0x6c, 0x75, 0x65, 0x2f, 0x75, 0x6e, 0x69, 0x74, 0x04, 0x00, 0x00, 0x00, 0x66, 0x6c, 0x61, 0x74, 0x00, 0x0a, 0x00, 0x00, 0x00, 0x76, 0x61, 0x6c, 0x75, 0x65, 0x2f, 0x75, 0x6e, 0x69, 0x74, 0x08, 0x00, 0x00, 0x00, 0x67, 0x6f, 0x65, 0x73, 0x77, 0x69, 0x74, 0x68, 0x00, 0x0a, 0x00, 0x00, 0x00, 0x76, 0x61, 0x6c, 0x75, 0x65, 0x2f, 0x75, 0x6e, 0x69, 0x74, 0x04, 0x00, 0x00, 0x00, 0x69, 0x6f, 0x62, 0x6a, 0x00, 0x0a, 0x00, 0x00, 0x00, 0x76, 0x61, 0x6c, 0x75, 0x65, 0x2f, 0x75, 0x6e, 0x69, 0x74, 0x04, 0x00, 0x00, 0x00, 0x6c, 0x69, 0x73, 0x74, 0x00, 0x0a, 0x00, 0x00, 0x00, 0x76, 0x61, 0x6c, 0x75, 0x65, 0x2f, 0x75, 0x6e, 0x69, 0x74, 0x04, 0x00, 0x00, 0x00, 0x6d, 0x61, 0x72, 0x6b, 0x00, 0x0a, 0x00, 0x00, 0x00, 0x76, 0x61, 0x6c, 0x75, 0x65, 0x2f, 0x75, 0x6e, 0x69, 0x74, 0x04, 0x00, 0x00, 0x00, 0x6e, 0x6d, 0x6f, 0x64, 0x00, 0x0a, 0x00, 0x00, 0x00, 0x76, 0x61, 0x6c, 0x75, 0x65, 0x2f, 0x75, 0x6e, 0x69, 0x74, 0x05, 0x00, 0x00, 0x00, 0x6e, 0x73, 0x75, 0x62, 0x6a, 0x00, 0x0a, 0x00, 0x00, 0x00, 0x76, 0x61, 0x6c, 0x75, 0x65, 0x2f, 0x75, 0x6e, 0x69, 0x74, 0x06, 0x00, 0x00, 0x00, 0x6e, 0x75, 0x6d, 0x6d, 0x6f, 0x64, 0x00, 0x0a, 0x00, 0x00, 0x00, 0x76, 0x61, 0x6c, 0x75, 0x65, 0x2f, 0x75, 0x6e, 0x69, 0x74, 0x03, 0x00, 0x00, 0x00, 0x6f, 0x62, 0x6a, 0x00, 0x0a, 0x00, 0x00, 0x00, 0x76, 0x61, 0x6c, 0x75, 0x65, 0x2f, 0x75, 0x6e, 0x69, 0x74, 0x03, 0x00, 0x00, 0x00, 0x6f, 0x62, 0x6c, 0x00, 0x0a, 0x00, 0x00, 0x00, 0x76, 0x61, 0x6c, 0x75, 0x65, 0x2f, 0x75, 0x6e, 0x69, 0x74, 0x06, 0x00, 0x00, 0x00, 0x6f, 0x72, 0x70, 0x68, 0x61, 0x6e, 0x00, 0x0a, 0x00, 0x00, 0x00, 0x76, 0x61, 0x6c, 0x75, 0x65, 0x2f, 0x75, 0x6e, 0x69, 0x74, 0x09, 0x00, 0x00, 0x00, 0x70, 0x61, 0x72, 0x61, 0x74, 0x61, 0x78, 0x69, 0x73, 0x00, 0x0a, 0x00, 0x00, 0x00, 0x76, 0x61, 0x6c, 0x75, 0x65, 0x2f, 0x75, 0x6e, 0x69, 0x74, 0x05, 0x00, 0x00, 0x00, 0x70, 0x75, 0x6e, 0x63, 0x74, 0x00, 0x0a, 0x00, 0x00, 0x00, 0x76, 0x61, 0x6c, 0x75, 0x65, 0x2f, 0x75, 0x6e, 0x69, 0x74, 0x0a, 0x00, 0x00, 0x00, 0x72, 0x65, 0x70, 0x61, 0x72, 0x61, 0x6e, 0x64, 0x75, 0x6d, 0x00, 0x0a, 0x00, 0x00, 0x00, 0x76, 0x61, 0x6c, 0x75, 0x65, 0x2f, 0x75, 0x6e, 0x69, 0x74, 0x04, 0x00, 0x00, 0x00, 0x72, 0x6f, 0x6f, 0x74, 0x00, 0x0a, 0x00, 0x00, 0x00, 0x76, 0x61, 0x6c, 0x75, 0x65, 0x2f, 0x75, 0x6e, 0x69, 0x74, 0x08, 0x00, 0x00, 0x00, 0x76, 0x6f, 0x63, 0x61, 0x74, 0x69, 0x76, 0x65, 0x00, 0x0a, 0x00, 0x00, 0x00, 0x76, 0x61, 0x6c, 0x75, 0x65, 0x2f, 0x75, 0x6e, 0x69, 0x74, 0x05, 0x00, 0x00, 0x00, 0x78, 0x63, 0x6f, 0x6d, 0x70, 0x00, 0x0a, 0x00, 0x00, 0x00, 0x76, 0x61, 0x6c, 0x75, 0x65, 0x2f, 0x75, 0x6e, 0x69, 0x74, 0x07, 0x00, 0x00, 0x00, 0x73, 0x75, 0x62, 0x74, 0x79, 0x70, 0x65, 0x05, 0x5b, 0x00, 0x00, 0x00, 0x74, 0x79, 0x70, 0x65, 0x2f, 0x4c, 0x61, 0x6e, 0x67, 0x75, 0x61, 0x67, 0x65, 0x50, 0x61, 0x72, 0x73, 0x65, 0x72, 0x53, 0x75, 0x62, 0x74, 0x79, 0x70, 0x65, 0x40, 0x33, 0x61, 0x35, 0x39, 0x61, 0x64, 0x35, 0x34, 0x63, 0x38, 0x65, 0x31, 0x39, 0x30, 0x30, 0x31, 0x35, 0x37, 0x35, 0x31, 0x34, 0x32, 0x65, 0x32, 0x31, 0x34, 0x35, 0x65, 0x39, 0x61, 0x62, 0x61, 0x32, 0x35, 0x36, 0x37, 0x32, 0x38, 0x63, 0x34, 0x39, 0x66, 0x33, 0x35, 0x36, 0x34, 0x34, 0x66, 0x31, 0x61, 0x39, 0x33, 0x38, 0x30, 0x37, 0x35, 0x62, 0x61, 0x39, 0x31, 0x63, 0x36, 0x34, 0x35, 0x00, 0x0a, 0x00, 0x00, 0x00, 0x76, 0x61, 0x6c, 0x75, 0x65, 0x2f, 0x74, 0x65, 0x78, 0x74, 0x09, 0x00, 0x00, 0x00, 0x72, 0x65, 0x6c, 0x61, 0x74, 0x69, 0x6f, 0x6e, 0x36, 0x02, 0x5c, 0x00, 0x00, 0x00, 0x74, 0x79, 0x70, 0x65, 0x2f, 0x4c, 0x61, 0x6e, 0x67, 0x75, 0x61, 0x67, 0x65, 0x50, 0x61, 0x72, 0x73, 0x65, 0x72, 0x52, 0x65, 0x6c, 0x61, 0x74, 0x69, 0x6f, 0x6e, 0x40, 0x63, 0x39, 0x64, 0x36, 0x34, 0x63, 0x35, 0x36, 0x64, 0x62, 0x32, 0x61, 0x61, 0x34, 0x30, 0x65, 0x35, 0x66, 0x66, 0x35, 0x36, 0x62, 0x63, 0x61, 0x64, 0x65, 0x33, 0x30, 0x66, 0x38, 0x38, 0x34, 0x37, 0x35, 0x33, 0x62, 0x65, 0x32, 0x33, 0x33, 0x36, 0x34, 0x65, 0x32, 0x34, 0x31, 0x33, 0x38, 0x64, 0x33, 0x65, 0x36, 0x36, 0x66, 0x62, 0x35, 0x66, 0x61, 0x32, 0x34, 0x38, 0x35, 0x66, 0x36, 0x02, 0x00, 0x00, 0x00, 0x04, 0x00, 0x00, 0x00, 0x62, 0x61, 0x73, 0x65, 0x03, 0x69, 0x00, 0x00, 0x00, 0x74, 0x79, 0x70, 0x65, 0x2f, 0x4c, 0x61, 0x6e, 0x67, 0x75, 0x61, 0x67, 0x65, 0x55, 0x6e, 0x69, 0x76, 0x65, 0x72, 0x73, 0x61, 0x6c, 0x44, 0x65, 0x70, 0x65, 0x6e, 0x64, 0x65, 0x6e, 0x63, 0x79, 0x52, 0x65, 0x6c, 0x61, 0x74, 0x69, 0x6f, 0x6e, 0x40, 0x37, 0x63, 0x65, 0x32, 0x37, 0x33, 0x30, 0x32, 0x64, 0x35, 0x62, 0x38, 0x32, 0x35, 0x32, 0x37, 0x37, 0x62, 0x62, 0x64, 0x37, 0x35, 0x34, 0x64, 0x30, 0x62, 0x63, 0x65, 0x38, 0x62, 0x62, 0x63, 0x39, 0x65, 0x37, 0x31, 0x66, 0x35, 0x64, 0x36, 0x34, 0x62, 0x63, 0x34, 0x66, 0x30, 0x61, 0x66, 0x31, 0x38, 0x34, 0x66, 0x63, 0x38, 0x36, 0x32, 0x64, 0x62, 0x64, 0x38, 0x63, 0x66, 0x32, 0x65, 0x25, 0x00, 0x00, 0x00, 0x03, 0x00, 0x00, 0x00, 0x61, 0x63, 0x6c, 0x00, 0x0a, 0x00, 0x00, 0x00, 0x76, 0x61, 0x6c, 0x75, 0x65, 0x2f, 0x75, 0x6e, 0x69, 0x74, 0x05, 0x00, 0x00, 0x00, 0x61, 0x64, 0x76, 0x63, 0x6c, 0x00, 0x0a, 0x00, 0x00, 0x00, 0x76, 0x61, 0x6c, 0x75, 0x65, 0x2f, 0x75, 0x6e, 0x69, 0x74, 0x06, 0x00, 0x00, 0x00, 0x61, 0x64, 0x76, 0x6d, 0x6f, 0x64, 0x00, 0x0a, 0x00, 0x00, 0x00, 0x76, 0x61, 0x6c, 0x75, 0x65, 0x2f, 0x75, 0x6e, 0x69, 0x74, 0x04, 0x00, 0x00, 0x00, 0x61, 0x6d, 0x6f, 0x64, 0x00, 0x0a, 0x00, 0x00, 0x00, 0x76, 0x61, 0x6c, 0x75, 0x65, 0x2f, 0x75, 0x6e, 0x69, 0x74, 0x05, 0x00, 0x00, 0x00, 0x61, 0x70, 0x70, 0x6f, 0x73, 0x00, 0x0a, 0x00, 0x00, 0x00, 0x76, 0x61, 0x6c, 0x75, 0x65, 0x2f, 0x75, 0x6e, 0x69, 0x74, 0x03, 0x00, 0x00, 0x00, 0x61, 0x75, 0x78, 0x00, 0x0a, 0x00, 0x00, 0x00, 0x76, 0x61, 0x6c, 0x75, 0x65, 0x2f, 0x75, 0x6e, 0x69, 0x74, 0x04, 0x00, 0x00, 0x00, 0x63, 0x61, 0x73, 0x65, 0x00, 0x0a, 0x00, 0x00, 0x00, 0x76, 0x61, 0x6c, 0x75, 0x65, 0x2f, 0x75, 0x6e, 0x69, 0x74, 0x02, 0x00, 0x00, 0x00, 0x63, 0x63, 0x00, 0x0a, 0x00, 0x00, 0x00, 0x76, 0x61, 0x6c, 0x75, 0x65, 0x2f, 0x75, 0x6e, 0x69, 0x74, 0x05, 0x00, 0x00, 0x00, 0x63, 0x63, 0x6f, 0x6d, 0x70, 0x00, 0x0a, 0x00, 0x00, 0x00, 0x76, 0x61, 0x6c, 0x75, 0x65, 0x2f, 0x75, 0x6e, 0x69, 0x74, 0x03, 0x00, 0x00, 0x00, 0x63, 0x6c, 0x66, 0x00, 0x0a, 0x00, 0x00, 0x00, 0x76, 0x61, 0x6c, 0x75, 0x65, 0x2f, 0x75, 0x6e, 0x69, 0x74, 0x08, 0x00, 0x00, 0x00, 0x63, 0x6f, 0x6d, 0x70, 0x6f, 0x75, 0x6e, 0x64, 0x00, 0x0a, 0x00, 0x00, 0x00, 0x76, 0x61, 0x6c, 0x75, 0x65, 0x2f, 0x75, 0x6e, 0x69, 0x74, 0x04, 0x00, 0x00, 0x00, 0x63, 0x6f, 0x6e, 0x6a, 0x00, 0x0a, 0x00, 0x00, 0x00, 0x76, 0x61, 0x6c, 0x75, 0x65, 0x2f, 0x75, 0x6e, 0x69, 0x74, 0x03, 0x00, 0x00, 0x00, 0x63, 0x6f, 0x70, 0x00, 0x0a, 0x00, 0x00, 0x00, 0x76, 0x61, 0x6c, 0x75, 0x65, 0x2f, 0x75, 0x6e, 0x69, 0x74, 0x05, 0x00, 0x00, 0x00, 0x63, 0x73, 0x75, 0x62, 0x6a, 0x00, 0x0a, 0x00, 0x00, 0x00, 0x76, 0x61, 0x6c, 0x75, 0x65, 0x2f, 0x75, 0x6e, 0x69, 0x74, 0x03, 0x00, 0x00, 0x00, 0x64, 0x65, 0x70, 0x00, 0x0a, 0x00, 0x00, 0x00, 0x76, 0x61, 0x6c, 0x75, 0x65, 0x2f, 0x75, 0x6e, 0x69, 0x74, 0x03, 0x00, 0x00, 0x00, 0x64, 0x65, 0x74, 0x00, 0x0a, 0x00, 0x00, 0x00, 0x76, 0x61, 0x6c, 0x75, 0x65, 0x2f, 0x75, 0x6e, 0x69, 0x74, 0x09, 0x00, 0x00, 0x00, 0x64, 0x69, 0x73, 0x63, 0x6f, 0x75, 0x72, 0x73, 0x65, 0x00, 0x0a, 0x00, 0x00, 0x00, 0x76, 0x61, 0x6c, 0x75, 0x65, 0x2f, 0x75, 0x6e, 0x69, 0x74, 0x0a, 0x00, 0x00, 0x00, 0x64, 0x69, 0x73, 0x6c, 0x6f, 0x63, 0x61, 0x74, 0x65, 0x64, 0x00, 0x0a, 0x00, 0x00, 0x00, 0x76, 0x61, 0x6c, 0x75, 0x65, 0x2f, 0x75, 0x6e, 0x69, 0x74, 0x04, 0x00, 0x00, 0x00, 0x65, 0x78, 0x70, 0x6c, 0x00, 0x0a, 0x00, 0x00, 0x00, 0x76, 0x61, 0x6c, 0x75, 0x65, 0x2f, 0x75, 0x6e, 0x69, 0x74, 0x05, 0x00, 0x00, 0x00, 0x66, 0x69, 0x78, 0x65, 0x64, 0x00, 0x0a, 0x00, 0x00, 0x00, 0x76, 0x61, 0x6c, 0x75, 0x65, 0x2f, 0x75, 0x6e, 0x69, 0x74, 0x04, 0x00, 0x00, 0x00, 0x66, 0x6c, 0x61, 0x74, 0x00, 0x0a, 0x00, 0x00, 0x00, 0x76, 0x61, 0x6c, 0x75, 0x65, 0x2f, 0x75, 0x6e, 0x69, 0x74, 0x08, 0x00, 0x00, 0x00, 0x67, 0x6f, 0x65, 0x73, 0x77, 0x69, 0x74, 0x68, 0x00, 0x0a, 0x00, 0x00, 0x00, 0x76, 0x61, 0x6c, 0x75, 0x65, 0x2f, 0x75, 0x6e, 0x69, 0x74, 0x04, 0x00, 0x00, 0x00, 0x69, 0x6f, 0x62, 0x6a, 0x00, 0x0a, 0x00, 0x00, 0x00, 0x76, 0x61, 0x6c, 0x75, 0x65, 0x2f, 0x75, 0x6e, 0x69, 0x74, 0x04, 0x00, 0x00, 0x00, 0x6c, 0x69, 0x73, 0x74, 0x00, 0x0a, 0x00, 0x00, 0x00, 0x76, 0x61, 0x6c, 0x75, 0x65, 0x2f, 0x75, 0x6e, 0x69, 0x74, 0x04, 0x00, 0x00, 0x00, 0x6d, 0x61, 0x72, 0x6b, 0x00, 0x0a, 0x00, 0x00, 0x00, 0x76, 0x61, 0x6c, 0x75, 0x65, 0x2f, 0x75, 0x6e, 0x69, 0x74, 0x04, 0x00, 0x00, 0x00, 0x6e, 0x6d, 0x6f, 0x64, 0x00, 0x0a, 0x00, 0x00, 0x00, 0x76, 0x61, 0x6c, 0x75, 0x65, 0x2f, 0x75, 0x6e, 0x69, 0x74, 0x05, 0x00, 0x00, 0x00, 0x6e, 0x73, 0x75, 0x62, 0x6a, 0x00, 0x0a, 0x00, 0x00, 0x00, 0x76, 0x61, 0x6c, 0x75, 0x65, 0x2f, 0x75, 0x6e, 0x69, 0x74, 0x06, 0x00, 0x00, 0x00, 0x6e, 0x75, 0x6d, 0x6d, 0x6f, 0x64, 0x00, 0x0a, 0x00, 0x00, 0x00, 0x76, 0x61, 0x6c, 0x75, 0x65, 0x2f, 0x75, 0x6e, 0x69, 0x74, 0x03, 0x00, 0x00, 0x00, 0x6f, 0x62, 0x6a, 0x00, 0x0a, 0x00, 0x00, 0x00, 0x76, 0x61, 0x6c, 0x75, 0x65, 0x2f, 0x75, 0x6e, 0x69, 0x74, 0x03, 0x00, 0x00, 0x00, 0x6f, 0x62, 0x6c, 0x00, 0x0a, 0x00, 0x00, 0x00, 0x76, 0x61, 0x6c, 0x75, 0x65, 0x2f, 0x75, 0x6e, 0x69, 0x74, 0x06, 0x00, 0x00, 0x00, 0x6f, 0x72, 0x70, 0x68, 0x61, 0x6e, 0x00, 0x0a, 0x00, 0x00, 0x00, 0x76, 0x61, 0x6c, 0x75, 0x65, 0x2f, 0x75, 0x6e, 0x69, 0x74, 0x09, 0x00, 0x00, 0x00, 0x70, 0x61, 0x72, 0x61, 0x74, 0x61, 0x78, 0x69, 0x73, 0x00, 0x0a, 0x00, 0x00, 0x00, 0x76, 0x61, 0x6c, 0x75, 0x65, 0x2f, 0x75, 0x6e, 0x69, 0x74, 0x05, 0x00, 0x00, 0x00, 0x70, 0x75, 0x6e, 0x63, 0x74, 0x00, 0x0a, 0x00, 0x00, 0x00, 0x76, 0x61, 0x6c, 0x75, 0x65, 0x2f, 0x75, 0x6e, 0x69, 0x74, 0x0a, 0x00, 0x00, 0x00, 0x72, 0x65, 0x70, 0x61, 0x72, 0x61, 0x6e, 0x64, 0x75, 0x6d, 0x00, 0x0a, 0x00, 0x00, 0x00, 0x76, 0x61, 0x6c, 0x75, 0x65, 0x2f, 0x75, 0x6e, 0x69, 0x74, 0x04, 0x00, 0x00, 0x00, 0x72, 0x6f, 0x6f, 0x74, 0x00, 0x0a, 0x00, 0x00, 0x00, 0x76, 0x61, 0x6c, 0x75, 0x65, 0x2f, 0x75, 0x6e, 0x69, 0x74, 0x08, 0x00, 0x00, 0x00, 0x76, 0x6f, 0x63, 0x61, 0x74, 0x69, 0x76, 0x65, 0x00, 0x0a, 0x00, 0x00, 0x00, 0x76, 0x61, 0x6c, 0x75, 0x65, 0x2f, 0x75, 0x6e, 0x69, 0x74, 0x05, 0x00, 0x00, 0x00, 0x78, 0x63, 0x6f, 0x6d, 0x70, 0x00, 0x0a, 0x00, 0x00, 0x00, 0x76, 0x61, 0x6c, 0x75, 0x65, 0x2f, 0x75, 0x6e, 0x69, 0x74, 0x07, 0x00, 0x00, 0x00, 0x73, 0x75, 0x62, 0x74, 0x79, 0x70, 0x65, 0x05, 0x5b, 0x00, 0x00, 0x00, 0x74, 0x79, 0x70, 0x65, 0x2f, 0x4c, 0x61, 0x6e, 0x67, 0x75, 0x61, 0x67, 0x65, 0x50, 0x61, 0x72, 0x73, 0x65, 0x72, 0x53, 0x75, 0x62, 0x74, 0x79, 0x70, 0x65, 0x40, 0x33, 0x61, 0x35, 0x39, 0x61, 0x64, 0x35, 0x34, 0x63, 0x38, 0x65, 0x31, 0x39, 0x30, 0x30, 0x31, 0x35, 0x37, 0x35, 0x31, 0x34, 0x32, 0x65, 0x32, 0x31, 0x34, 0x35, 0x65, 0x39, 0x61, 0x62, 0x61, 0x32, 0x35, 0x36, 0x37, 0x32, 0x38, 0x63, 0x34, 0x39, 0x66, 0x33, 0x35, 0x36, 0x34, 0x34, 0x66, 0x31, 0x61, 0x39, 0x33, 0x38, 0x30, 0x37, 0x35, 0x62, 0x61, 0x39, 0x31, 0x63, 0x36, 0x34, 0x35, 0x00, 0x0a, 0x00, 0x00, 0x00, 0x76, 0x61, 0x6c, 0x75, 0x65, 0x2f, 0x74, 0x65, 0x78, 0x74, 0x09, 0x00, 0x00, 0x00, 0x72, 0x65, 0x6c, 0x61, 0x74, 0x69, 0x6f, 0x6e, 0x37, 0x02, 0x5c, 0x00, 0x00, 0x00, 0x74, 0x79, 0x70, 0x65, 0x2f, 0x4c, 0x61, 0x6e, 0x67, 0x75, 0x61, 0x67, 0x65, 0x50, 0x61, 0x72, 0x73, 0x65, 0x72, 0x52, 0x65, 0x6c, 0x61, 0x74, 0x69, 0x6f, 0x6e, 0x40, 0x63, 0x39, 0x64, 0x36, 0x34, 0x63, 0x35, 0x36, 0x64, 0x62, 0x32, 0x61, 0x61, 0x34, 0x30, 0x65, 0x35, 0x66, 0x66, 0x35, 0x36, 0x62, 0x63, 0x61, 0x64, 0x65, 0x33, 0x30, 0x66, 0x38, 0x38, 0x34, 0x37, 0x35, 0x33, 0x62, 0x65, 0x32, 0x33, 0x33, 0x36, 0x34, 0x65, 0x32, 0x34, 0x31, 0x33, 0x38, 0x64, 0x33, 0x65, 0x36, 0x36, 0x66, 0x62, 0x35, 0x66, 0x61, 0x32, 0x34, 0x38, 0x35, 0x66, 0x36, 0x02, 0x00, 0x00, 0x00, 0x04, 0x00, 0x00, 0x00, 0x62, 0x61, 0x73, 0x65, 0x03, 0x69, 0x00, 0x00, 0x00, 0x74, 0x79, 0x70, 0x65, 0x2f, 0x4c, 0x61, 0x6e, 0x67, 0x75, 0x61, 0x67, 0x65, 0x55, 0x6e, 0x69, 0x76, 0x65, 0x72, 0x73, 0x61, 0x6c, 0x44, 0x65, 0x70, 0x65, 0x6e, 0x64, 0x65, 0x6e, 0x63, 0x79, 0x52, 0x65, 0x6c, 0x61, 0x74, 0x69, 0x6f, 0x6e, 0x40, 0x37, 0x63, 0x65, 0x32, 0x37, 0x33, 0x30, 0x32, 0x64, 0x35, 0x62, 0x38, 0x32, 0x35, 0x32, 0x37, 0x37, 0x62, 0x62, 0x64, 0x37, 0x35, 0x34, 0x64, 0x30, 0x62, 0x63, 0x65, 0x38, 0x62, 0x62, 0x63, 0x39, 0x65, 0x37, 0x31, 0x66, 0x35, 0x64, 0x36, 0x34, 0x62, 0x63, 0x34, 0x66, 0x30, 0x61, 0x66, 0x31, 0x38, 0x34, 0x66, 0x63, 0x38, 0x36, 0x32, 0x64, 0x62, 0x64, 0x38, 0x63, 0x66, 0x32, 0x65, 0x25, 0x00, 0x00, 0x00, 0x03, 0x00, 0x00, 0x00, 0x61, 0x63, 0x6c, 0x00, 0x0a, 0x00, 0x00, 0x00, 0x76, 0x61, 0x6c, 0x75, 0x65, 0x2f, 0x75, 0x6e, 0x69, 0x74, 0x05, 0x00, 0x00, 0x00, 0x61, 0x64, 0x76, 0x63, 0x6c, 0x00, 0x0a, 0x00, 0x00, 0x00, 0x76, 0x61, 0x6c, 0x75, 0x65, 0x2f, 0x75, 0x6e, 0x69, 0x74, 0x06, 0x00, 0x00, 0x00, 0x61, 0x64, 0x76, 0x6d, 0x6f, 0x64, 0x00, 0x0a, 0x00, 0x00, 0x00, 0x76, 0x61, 0x6c, 0x75, 0x65, 0x2f, 0x75, 0x6e, 0x69, 0x74, 0x04, 0x00, 0x00, 0x00, 0x61, 0x6d, 0x6f, 0x64, 0x00, 0x0a, 0x00, 0x00, 0x00, 0x76, 0x61, 0x6c, 0x75, 0x65, 0x2f, 0x75, 0x6e, 0x69, 0x74, 0x05, 0x00, 0x00, 0x00, 0x61, 0x70, 0x70, 0x6f, 0x73, 0x00, 0x0a, 0x00, 0x00, 0x00, 0x76, 0x61, 0x6c, 0x75, 0x65, 0x2f, 0x75, 0x6e, 0x69, 0x74, 0x03, 0x00, 0x00, 0x00, 0x61, 0x75, 0x78, 0x00, 0x0a, 0x00, 0x00, 0x00, 0x76, 0x61, 0x6c, 0x75, 0x65, 0x2f, 0x75, 0x6e, 0x69, 0x74, 0x04, 0x00, 0x00, 0x00, 0x63, 0x61, 0x73, 0x65, 0x00, 0x0a, 0x00, 0x00, 0x00, 0x76, 0x61, 0x6c, 0x75, 0x65, 0x2f, 0x75, 0x6e, 0x69, 0x74, 0x02, 0x00, 0x00, 0x00, 0x63, 0x63, 0x00, 0x0a, 0x00, 0x00, 0x00, 0x76, 0x61, 0x6c, 0x75, 0x65, 0x2f, 0x75, 0x6e, 0x69, 0x74, 0x05, 0x00, 0x00, 0x00, 0x63, 0x63, 0x6f, 0x6d, 0x70, 0x00, 0x0a, 0x00, 0x00, 0x00, 0x76, 0x61, 0x6c, 0x75, 0x65, 0x2f, 0x75, 0x6e, 0x69, 0x74, 0x03, 0x00, 0x00, 0x00, 0x63, 0x6c, 0x66, 0x00, 0x0a, 0x00, 0x00, 0x00, 0x76, 0x61, 0x6c, 0x75, 0x65, 0x2f, 0x75, 0x6e, 0x69, 0x74, 0x08, 0x00, 0x00, 0x00, 0x63, 0x6f, 0x6d, 0x70, 0x6f, 0x75, 0x6e, 0x64, 0x00, 0x0a, 0x00, 0x00, 0x00, 0x76, 0x61, 0x6c, 0x75, 0x65, 0x2f, 0x75, 0x6e, 0x69, 0x74, 0x04, 0x00, 0x00, 0x00, 0x63, 0x6f, 0x6e, 0x6a, 0x00, 0x0a, 0x00, 0x00, 0x00, 0x76, 0x61, 0x6c, 0x75, 0x65, 0x2f, 0x75, 0x6e, 0x69, 0x74, 0x03, 0x00, 0x00, 0x00, 0x63, 0x6f, 0x70, 0x00, 0x0a, 0x00, 0x00, 0x00, 0x76, 0x61, 0x6c, 0x75, 0x65, 0x2f, 0x75, 0x6e, 0x69, 0x74, 0x05, 0x00, 0x00, 0x00, 0x63, 0x73, 0x75, 0x62, 0x6a, 0x00, 0x0a, 0x00, 0x00, 0x00, 0x76, 0x61, 0x6c, 0x75, 0x65, 0x2f, 0x75, 0x6e, 0x69, 0x74, 0x03, 0x00, 0x00, 0x00, 0x64, 0x65, 0x70, 0x00, 0x0a, 0x00, 0x00, 0x00, 0x76, 0x61, 0x6c, 0x75, 0x65, 0x2f, 0x75, 0x6e, 0x69, 0x74, 0x03, 0x00, 0x00, 0x00, 0x64, 0x65, 0x74, 0x00, 0x0a, 0x00, 0x00, 0x00, 0x76, 0x61, 0x6c, 0x75, 0x65, 0x2f, 0x75, 0x6e, 0x69, 0x74, 0x09, 0x00, 0x00, 0x00, 0x64, 0x69, 0x73, 0x63, 0x6f, 0x75, 0x72, 0x73, 0x65, 0x00, 0x0a, 0x00, 0x00, 0x00, 0x76, 0x61, 0x6c, 0x75, 0x65, 0x2f, 0x75, 0x6e, 0x69, 0x74, 0x0a, 0x00, 0x00, 0x00, 0x64, 0x69, 0x73, 0x6c, 0x6f, 0x63, 0x61, 0x74, 0x65, 0x64, 0x00, 0x0a, 0x00, 0x00, 0x00, 0x76, 0x61, 0x6c, 0x75, 0x65, 0x2f, 0x75, 0x6e, 0x69, 0x74, 0x04, 0x00, 0x00, 0x00, 0x65, 0x78, 0x70, 0x6c, 0x00, 0x0a, 0x00, 0x00, 0x00, 0x76, 0x61, 0x6c, 0x75, 0x65, 0x2f, 0x75, 0x6e, 0x69, 0x74, 0x05, 0x00, 0x00, 0x00, 0x66, 0x69, 0x78, 0x65, 0x64, 0x00, 0x0a, 0x00, 0x00, 0x00, 0x76, 0x61, 0x6c, 0x75, 0x65, 0x2f, 0x75, 0x6e, 0x69, 0x74, 0x04, 0x00, 0x00, 0x00, 0x66, 0x6c, 0x61, 0x74, 0x00, 0x0a, 0x00, 0x00, 0x00, 0x76, 0x61, 0x6c, 0x75, 0x65, 0x2f, 0x75, 0x6e, 0x69, 0x74, 0x08, 0x00, 0x00, 0x00, 0x67, 0x6f, 0x65, 0x73, 0x77, 0x69, 0x74, 0x68, 0x00, 0x0a, 0x00, 0x00, 0x00, 0x76, 0x61, 0x6c, 0x75, 0x65, 0x2f, 0x75, 0x6e, 0x69, 0x74, 0x04, 0x00, 0x00, 0x00, 0x69, 0x6f, 0x62, 0x6a, 0x00, 0x0a, 0x00, 0x00, 0x00, 0x76, 0x61, 0x6c, 0x75, 0x65, 0x2f, 0x75, 0x6e, 0x69, 0x74, 0x04, 0x00, 0x00, 0x00, 0x6c, 0x69, 0x73, 0x74, 0x00, 0x0a, 0x00, 0x00, 0x00, 0x76, 0x61, 0x6c, 0x75, 0x65, 0x2f, 0x75, 0x6e, 0x69, 0x74, 0x04, 0x00, 0x00, 0x00, 0x6d, 0x61, 0x72, 0x6b, 0x00, 0x0a, 0x00, 0x00, 0x00, 0x76, 0x61, 0x6c, 0x75, 0x65, 0x2f, 0x75, 0x6e, 0x69, 0x74, 0x04, 0x00, 0x00, 0x00, 0x6e, 0x6d, 0x6f, 0x64, 0x00, 0x0a, 0x00, 0x00, 0x00, 0x76, 0x61, 0x6c, 0x75, 0x65, 0x2f, 0x75, 0x6e, 0x69, 0x74, 0x05, 0x00, 0x00, 0x00, 0x6e, 0x73, 0x75, 0x62, 0x6a, 0x00, 0x0a, 0x00, 0x00, 0x00, 0x76, 0x61, 0x6c, 0x75, 0x65, 0x2f, 0x75, 0x6e, 0x69, 0x74, 0x06, 0x00, 0x00, 0x00, 0x6e, 0x75, 0x6d, 0x6d, 0x6f, 0x64, 0x00, 0x0a, 0x00, 0x00, 0x00, 0x76, 0x61, 0x6c, 0x75, 0x65, 0x2f, 0x75, 0x6e, 0x69, 0x74, 0x03, 0x00, 0x00, 0x00, 0x6f, 0x62, 0x6a, 0x00, 0x0a, 0x00, 0x00, 0x00, 0x76, 0x61, 0x6c, 0x75, 0x65, 0x2f, 0x75, 0x6e, 0x69, 0x74, 0x03, 0x00, 0x00, 0x00, 0x6f, 0x62, 0x6c, 0x00, 0x0a, 0x00, 0x00, 0x00, 0x76, 0x61, 0x6c, 0x75, 0x65, 0x2f, 0x75, 0x6e, 0x69, 0x74, 0x06, 0x00, 0x00, 0x00, 0x6f, 0x72, 0x70, 0x68, 0x61, 0x6e, 0x00, 0x0a, 0x00, 0x00, 0x00, 0x76, 0x61, 0x6c, 0x75, 0x65, 0x2f, 0x75, 0x6e, 0x69, 0x74, 0x09, 0x00, 0x00, 0x00, 0x70, 0x61, 0x72, 0x61, 0x74, 0x61, 0x78, 0x69, 0x73, 0x00, 0x0a, 0x00, 0x00, 0x00, 0x76, 0x61, 0x6c, 0x75, 0x65, 0x2f, 0x75, 0x6e, 0x69, 0x74, 0x05, 0x00, 0x00, 0x00, 0x70, 0x75, 0x6e, 0x63, 0x74, 0x00, 0x0a, 0x00, 0x00, 0x00, 0x76, 0x61, 0x6c, 0x75, 0x65, 0x2f, 0x75, 0x6e, 0x69, 0x74, 0x0a, 0x00, 0x00, 0x00, 0x72, 0x65, 0x70, 0x61, 0x72, 0x61, 0x6e, 0x64, 0x75, 0x6d, 0x00, 0x0a, 0x00, 0x00, 0x00, 0x76, 0x61, 0x6c, 0x75, 0x65, 0x2f, 0x75, 0x6e, 0x69, 0x74, 0x04, 0x00, 0x00, 0x00, 0x72, 0x6f, 0x6f, 0x74, 0x00, 0x0a, 0x00, 0x00, 0x00, 0x76, 0x61, 0x6c, 0x75, 0x65, 0x2f, 0x75, 0x6e, 0x69, 0x74, 0x08, 0x00, 0x00, 0x00, 0x76, 0x6f, 0x63, 0x61, 0x74, 0x69, 0x76, 0x65, 0x00, 0x0a, 0x00, 0x00, 0x00, 0x76, 0x61, 0x6c, 0x75, 0x65, 0x2f, 0x75, 0x6e, 0x69, 0x74, 0x05, 0x00, 0x00, 0x00, 0x78, 0x63, 0x6f, 0x6d, 0x70, 0x00, 0x0a, 0x00, 0x00, 0x00, 0x76, 0x61, 0x6c, 0x75, 0x65, 0x2f, 0x75, 0x6e, 0x69, 0x74, 0x07, 0x00, 0x00, 0x00, 0x73, 0x75, 0x62, 0x74, 0x79, 0x70, 0x65, 0x05, 0x5b, 0x00, 0x00, 0x00, 0x74, 0x79, 0x70, 0x65, 0x2f, 0x4c, 0x61, 0x6e, 0x67, 0x75, 0x61, 0x67, 0x65, 0x50, 0x61, 0x72, 0x73, 0x65, 0x72, 0x53, 0x75, 0x62, 0x74, 0x79, 0x70, 0x65, 0x40, 0x33, 0x61, 0x35, 0x39, 0x61, 0x64, 0x35, 0x34, 0x63, 0x38, 0x65, 0x31, 0x39, 0x30, 0x30, 0x31, 0x35, 0x37, 0x35, 0x31, 0x34, 0x32, 0x65, 0x32, 0x31, 0x34, 0x35, 0x65, 0x39, 0x61, 0x62, 0x61, 0x32, 0x35, 0x36, 0x37, 0x32, 0x38, 0x63, 0x34, 0x39, 0x66, 0x33, 0x35, 0x36, 0x34, 0x34, 0x66, 0x31, 0x61, 0x39, 0x33, 0x38, 0x30, 0x37, 0x35, 0x62, 0x61, 0x39, 0x31, 0x63, 0x36, 0x34, 0x35, 0x00, 0x0a, 0x00, 0x00, 0x00, 0x76, 0x61, 0x6c, 0x75, 0x65, 0x2f, 0x74, 0x65, 0x78, 0x74, 0x05, 0x00, 0x00, 0x00, 0x73, 0x74, 0x61, 0x63, 0x6b, 0x01, 0x09, 0x00, 0x00, 0x09, 0x00, 0x00, 0x00, 0x76, 0x61, 0x6c, 0x75, 0x65, 0x2f, 0x75, 0x36, 0x34, 0x0b, 0x00, 0x00, 0x00, 0x74, 0x6f, 0x6b, 0x65, 0x6e, 0x5f, 0x63, 0x6f, 0x75, 0x6e, 0x74, 0x00, 0x09, 0x00, 0x00, 0x00, 0x76, 0x61, 0x6c, 0x75, 0x65, 0x2f, 0x75, 0x36, 0x34, 0x06, 0x00, 0x00, 0x00, 0x75, 0x6e, 0x72, 0x65, 0x61, 0x64, 0x00, 0x09, 0x00, 0x00, 0x00, 0x76, 0x61, 0x6c, 0x75, 0x65, 0x2f, 0x75, 0x36, 0x34];
pub const LANGUAGEPARSERWINDOW8RAWBEAM_SEMANTIC_TYPE_IDENTITY: &str = "type/LanguageParserWindow8RawBeam@2930a75e81400c7f79ae5b19257c8cd5fccd58f6fad0c95fa005be90b4081343";
#[derive(Debug, Clone, PartialEq, Eq)]
pub struct LanguageParserWindow8RawBeam {
    candidate0: LanguageParserWindow8RawHypothesis,
    candidate1: LanguageParserWindow8RawHypothesis,
    candidate2: LanguageParserWindow8RawHypothesis,
    candidate3: LanguageParserWindow8RawHypothesis,
}

impl LanguageParserWindow8RawBeam {
    pub fn semantic_type() -> Result<StructuredInfoType, NativeBindingRefusal> {
        StructuredInfoType::from_canonical_bytes(LANGUAGEPARSERWINDOW8RAWBEAM_SEMANTIC_TYPE).map_err(NativeBindingRefusal::InvalidSemanticType)
    }
}

#[allow(non_upper_case_globals)]
static LanguageParserWindow8RawBeam_PREPARED_NATIVE_LAWS: &[&[u8]] = &[
];

impl LanguageParserWindow8RawBeam {
    fn value_contracts() -> Vec<conduit_plot::NativeTypeValueContract> {
        vec![
            conduit_plot::NativeTypeValueContract { representation_path: ".candidate0.state.basis.text".into(), contract: conduit_core::CheckedValueContract::new(conduit_core::kind_id("value/text"), 64, vec![conduit_core::ValueConstraint::CanonicalMembership { members: vec![vec![]], negated: true }]).expect("generated checked contract") },
            conduit_plot::NativeTypeValueContract { representation_path: ".candidate0.state.basis.source_revision".into(), contract: conduit_core::CheckedValueContract::new(conduit_core::kind_id("value/text"), 64, vec![conduit_core::ValueConstraint::CanonicalMembership { members: vec![vec![]], negated: true }]).expect("generated checked contract") },
            conduit_plot::NativeTypeValueContract { representation_path: ".candidate0.state.basis.analysis_revision".into(), contract: conduit_core::CheckedValueContract::new(conduit_core::kind_id("value/text"), 64, vec![conduit_core::ValueConstraint::CanonicalMembership { members: vec![vec![]], negated: true }]).expect("generated checked contract") },
            conduit_plot::NativeTypeValueContract { representation_path: ".candidate0.state.relation0.subtype".into(), contract: conduit_core::CheckedValueContract::new(conduit_core::kind_id("value/text"), 32, vec![]).expect("generated checked contract") },
            conduit_plot::NativeTypeValueContract { representation_path: ".candidate0.state.relation1.subtype".into(), contract: conduit_core::CheckedValueContract::new(conduit_core::kind_id("value/text"), 32, vec![]).expect("generated checked contract") },
            conduit_plot::NativeTypeValueContract { representation_path: ".candidate0.state.relation2.subtype".into(), contract: conduit_core::CheckedValueContract::new(conduit_core::kind_id("value/text"), 32, vec![]).expect("generated checked contract") },
            conduit_plot::NativeTypeValueContract { representation_path: ".candidate0.state.relation3.subtype".into(), contract: conduit_core::CheckedValueContract::new(conduit_core::kind_id("value/text"), 32, vec![]).expect("generated checked contract") },
            conduit_plot::NativeTypeValueContract { representation_path: ".candidate0.state.relation4.subtype".into(), contract: conduit_core::CheckedValueContract::new(conduit_core::kind_id("value/text"), 32, vec![]).expect("generated checked contract") },
            conduit_plot::NativeTypeValueContract { representation_path: ".candidate0.state.relation5.subtype".into(), contract: conduit_core::CheckedValueContract::new(conduit_core::kind_id("value/text"), 32, vec![]).expect("generated checked contract") },
            conduit_plot::NativeTypeValueContract { representation_path: ".candidate0.state.relation6.subtype".into(), contract: conduit_core::CheckedValueContract::new(conduit_core::kind_id("value/text"), 32, vec![]).expect("generated checked contract") },
            conduit_plot::NativeTypeValueContract { representation_path: ".candidate0.state.relation7.subtype".into(), contract: conduit_core::CheckedValueContract::new(conduit_core::kind_id("value/text"), 32, vec![]).expect("generated checked contract") },
            conduit_plot::NativeTypeValueContract { representation_path: ".candidate1.state.basis.text".into(), contract: conduit_core::CheckedValueContract::new(conduit_core::kind_id("value/text"), 64, vec![conduit_core::ValueConstraint::CanonicalMembership { members: vec![vec![]], negated: true }]).expect("generated checked contract") },
            conduit_plot::NativeTypeValueContract { representation_path: ".candidate1.state.basis.source_revision".into(), contract: conduit_core::CheckedValueContract::new(conduit_core::kind_id("value/text"), 64, vec![conduit_core::ValueConstraint::CanonicalMembership { members: vec![vec![]], negated: true }]).expect("generated checked contract") },
            conduit_plot::NativeTypeValueContract { representation_path: ".candidate1.state.basis.analysis_revision".into(), contract: conduit_core::CheckedValueContract::new(conduit_core::kind_id("value/text"), 64, vec![conduit_core::ValueConstraint::CanonicalMembership { members: vec![vec![]], negated: true }]).expect("generated checked contract") },
            conduit_plot::NativeTypeValueContract { representation_path: ".candidate1.state.relation0.subtype".into(), contract: conduit_core::CheckedValueContract::new(conduit_core::kind_id("value/text"), 32, vec![]).expect("generated checked contract") },
            conduit_plot::NativeTypeValueContract { representation_path: ".candidate1.state.relation1.subtype".into(), contract: conduit_core::CheckedValueContract::new(conduit_core::kind_id("value/text"), 32, vec![]).expect("generated checked contract") },
            conduit_plot::NativeTypeValueContract { representation_path: ".candidate1.state.relation2.subtype".into(), contract: conduit_core::CheckedValueContract::new(conduit_core::kind_id("value/text"), 32, vec![]).expect("generated checked contract") },
            conduit_plot::NativeTypeValueContract { representation_path: ".candidate1.state.relation3.subtype".into(), contract: conduit_core::CheckedValueContract::new(conduit_core::kind_id("value/text"), 32, vec![]).expect("generated checked contract") },
            conduit_plot::NativeTypeValueContract { representation_path: ".candidate1.state.relation4.subtype".into(), contract: conduit_core::CheckedValueContract::new(conduit_core::kind_id("value/text"), 32, vec![]).expect("generated checked contract") },
            conduit_plot::NativeTypeValueContract { representation_path: ".candidate1.state.relation5.subtype".into(), contract: conduit_core::CheckedValueContract::new(conduit_core::kind_id("value/text"), 32, vec![]).expect("generated checked contract") },
            conduit_plot::NativeTypeValueContract { representation_path: ".candidate1.state.relation6.subtype".into(), contract: conduit_core::CheckedValueContract::new(conduit_core::kind_id("value/text"), 32, vec![]).expect("generated checked contract") },
            conduit_plot::NativeTypeValueContract { representation_path: ".candidate1.state.relation7.subtype".into(), contract: conduit_core::CheckedValueContract::new(conduit_core::kind_id("value/text"), 32, vec![]).expect("generated checked contract") },
            conduit_plot::NativeTypeValueContract { representation_path: ".candidate2.state.basis.text".into(), contract: conduit_core::CheckedValueContract::new(conduit_core::kind_id("value/text"), 64, vec![conduit_core::ValueConstraint::CanonicalMembership { members: vec![vec![]], negated: true }]).expect("generated checked contract") },
            conduit_plot::NativeTypeValueContract { representation_path: ".candidate2.state.basis.source_revision".into(), contract: conduit_core::CheckedValueContract::new(conduit_core::kind_id("value/text"), 64, vec![conduit_core::ValueConstraint::CanonicalMembership { members: vec![vec![]], negated: true }]).expect("generated checked contract") },
            conduit_plot::NativeTypeValueContract { representation_path: ".candidate2.state.basis.analysis_revision".into(), contract: conduit_core::CheckedValueContract::new(conduit_core::kind_id("value/text"), 64, vec![conduit_core::ValueConstraint::CanonicalMembership { members: vec![vec![]], negated: true }]).expect("generated checked contract") },
            conduit_plot::NativeTypeValueContract { representation_path: ".candidate2.state.relation0.subtype".into(), contract: conduit_core::CheckedValueContract::new(conduit_core::kind_id("value/text"), 32, vec![]).expect("generated checked contract") },
            conduit_plot::NativeTypeValueContract { representation_path: ".candidate2.state.relation1.subtype".into(), contract: conduit_core::CheckedValueContract::new(conduit_core::kind_id("value/text"), 32, vec![]).expect("generated checked contract") },
            conduit_plot::NativeTypeValueContract { representation_path: ".candidate2.state.relation2.subtype".into(), contract: conduit_core::CheckedValueContract::new(conduit_core::kind_id("value/text"), 32, vec![]).expect("generated checked contract") },
            conduit_plot::NativeTypeValueContract { representation_path: ".candidate2.state.relation3.subtype".into(), contract: conduit_core::CheckedValueContract::new(conduit_core::kind_id("value/text"), 32, vec![]).expect("generated checked contract") },
            conduit_plot::NativeTypeValueContract { representation_path: ".candidate2.state.relation4.subtype".into(), contract: conduit_core::CheckedValueContract::new(conduit_core::kind_id("value/text"), 32, vec![]).expect("generated checked contract") },
            conduit_plot::NativeTypeValueContract { representation_path: ".candidate2.state.relation5.subtype".into(), contract: conduit_core::CheckedValueContract::new(conduit_core::kind_id("value/text"), 32, vec![]).expect("generated checked contract") },
            conduit_plot::NativeTypeValueContract { representation_path: ".candidate2.state.relation6.subtype".into(), contract: conduit_core::CheckedValueContract::new(conduit_core::kind_id("value/text"), 32, vec![]).expect("generated checked contract") },
            conduit_plot::NativeTypeValueContract { representation_path: ".candidate2.state.relation7.subtype".into(), contract: conduit_core::CheckedValueContract::new(conduit_core::kind_id("value/text"), 32, vec![]).expect("generated checked contract") },
            conduit_plot::NativeTypeValueContract { representation_path: ".candidate3.state.basis.text".into(), contract: conduit_core::CheckedValueContract::new(conduit_core::kind_id("value/text"), 64, vec![conduit_core::ValueConstraint::CanonicalMembership { members: vec![vec![]], negated: true }]).expect("generated checked contract") },
            conduit_plot::NativeTypeValueContract { representation_path: ".candidate3.state.basis.source_revision".into(), contract: conduit_core::CheckedValueContract::new(conduit_core::kind_id("value/text"), 64, vec![conduit_core::ValueConstraint::CanonicalMembership { members: vec![vec![]], negated: true }]).expect("generated checked contract") },
            conduit_plot::NativeTypeValueContract { representation_path: ".candidate3.state.basis.analysis_revision".into(), contract: conduit_core::CheckedValueContract::new(conduit_core::kind_id("value/text"), 64, vec![conduit_core::ValueConstraint::CanonicalMembership { members: vec![vec![]], negated: true }]).expect("generated checked contract") },
            conduit_plot::NativeTypeValueContract { representation_path: ".candidate3.state.relation0.subtype".into(), contract: conduit_core::CheckedValueContract::new(conduit_core::kind_id("value/text"), 32, vec![]).expect("generated checked contract") },
            conduit_plot::NativeTypeValueContract { representation_path: ".candidate3.state.relation1.subtype".into(), contract: conduit_core::CheckedValueContract::new(conduit_core::kind_id("value/text"), 32, vec![]).expect("generated checked contract") },
            conduit_plot::NativeTypeValueContract { representation_path: ".candidate3.state.relation2.subtype".into(), contract: conduit_core::CheckedValueContract::new(conduit_core::kind_id("value/text"), 32, vec![]).expect("generated checked contract") },
            conduit_plot::NativeTypeValueContract { representation_path: ".candidate3.state.relation3.subtype".into(), contract: conduit_core::CheckedValueContract::new(conduit_core::kind_id("value/text"), 32, vec![]).expect("generated checked contract") },
            conduit_plot::NativeTypeValueContract { representation_path: ".candidate3.state.relation4.subtype".into(), contract: conduit_core::CheckedValueContract::new(conduit_core::kind_id("value/text"), 32, vec![]).expect("generated checked contract") },
            conduit_plot::NativeTypeValueContract { representation_path: ".candidate3.state.relation5.subtype".into(), contract: conduit_core::CheckedValueContract::new(conduit_core::kind_id("value/text"), 32, vec![]).expect("generated checked contract") },
            conduit_plot::NativeTypeValueContract { representation_path: ".candidate3.state.relation6.subtype".into(), contract: conduit_core::CheckedValueContract::new(conduit_core::kind_id("value/text"), 32, vec![]).expect("generated checked contract") },
            conduit_plot::NativeTypeValueContract { representation_path: ".candidate3.state.relation7.subtype".into(), contract: conduit_core::CheckedValueContract::new(conduit_core::kind_id("value/text"), 32, vec![]).expect("generated checked contract") },
        ]
    }
    fn invariants() -> Result<Vec<conduit_plot::PortableExpressionProgram>, NativeBindingRefusal> {
        let mut laws = Vec::with_capacity(LanguageParserWindow8RawBeam_PREPARED_NATIVE_LAWS.len());
        for encoded in LanguageParserWindow8RawBeam_PREPARED_NATIVE_LAWS {
            laws.push(conduit_plot::PortableExpressionProgram::from_canonical_bytes(encoded).map_err(NativeBindingRefusal::InvalidInvariantProgram)?);
        }
        Ok(laws)
    }
}

impl LanguageParserWindow8RawBeam {
    pub fn new(candidate0: LanguageParserWindow8RawHypothesis, candidate1: LanguageParserWindow8RawHypothesis, candidate2: LanguageParserWindow8RawHypothesis, candidate3: LanguageParserWindow8RawHypothesis) -> Result<Self, NativeBindingRefusal> {
        let candidate = Self { candidate0, candidate1, candidate2, candidate3, };
        let structured = candidate.clone().into_structured()?;
        conduit_plot::rust_binding::validate_native_contracts(&structured, &Self::value_contracts())?;
        conduit_plot::rust_binding::validate_native_invariants(&structured, &Self::invariants()?)?;
        Ok(candidate)
    }
    pub fn candidate0(&self) -> &LanguageParserWindow8RawHypothesis { &self.candidate0 }
    pub fn candidate1(&self) -> &LanguageParserWindow8RawHypothesis { &self.candidate1 }
    pub fn candidate2(&self) -> &LanguageParserWindow8RawHypothesis { &self.candidate2 }
    pub fn candidate3(&self) -> &LanguageParserWindow8RawHypothesis { &self.candidate3 }
}

impl NativeRustBinding for LanguageParserWindow8RawBeam {
    fn semantic_type() -> Result<StructuredInfoType, NativeBindingRefusal> { Self::semantic_type() }
    fn into_structured(self) -> Result<StructuredInfoValue, NativeBindingRefusal> {
        let semantic = StructuredInfoType::from_canonical_bytes(LANGUAGEPARSERWINDOW8RAWBEAM_SEMANTIC_TYPE).map_err(NativeBindingRefusal::InvalidSemanticType)?;
        let mut fields = Vec::new();
        let field_type = conduit_plot::rust_binding::record_field_type(&semantic, "candidate0")?;
        let _ = &field_type;
        fields.push(StructuredFieldValue::new("candidate0", NativeRustBinding::into_structured(self.candidate0)?).map_err(NativeBindingRefusal::InvalidValue)?);
        let field_type = conduit_plot::rust_binding::record_field_type(&semantic, "candidate1")?;
        let _ = &field_type;
        fields.push(StructuredFieldValue::new("candidate1", NativeRustBinding::into_structured(self.candidate1)?).map_err(NativeBindingRefusal::InvalidValue)?);
        let field_type = conduit_plot::rust_binding::record_field_type(&semantic, "candidate2")?;
        let _ = &field_type;
        fields.push(StructuredFieldValue::new("candidate2", NativeRustBinding::into_structured(self.candidate2)?).map_err(NativeBindingRefusal::InvalidValue)?);
        let field_type = conduit_plot::rust_binding::record_field_type(&semantic, "candidate3")?;
        let _ = &field_type;
        fields.push(StructuredFieldValue::new("candidate3", NativeRustBinding::into_structured(self.candidate3)?).map_err(NativeBindingRefusal::InvalidValue)?);
        StructuredInfoValue::record(semantic, fields).map_err(NativeBindingRefusal::InvalidValue)
    }
    fn from_structured(value: StructuredInfoValue) -> Result<Self, NativeBindingRefusal> {
        if value.value_type() != &Self::semantic_type()? { return Err(NativeBindingRefusal::InvalidValue(conduit_core::StructuredInfoRefusal::WrongType)); }
        Self::new(
            LanguageParserWindow8RawHypothesis::from_structured(conduit_plot::rust_binding::record_field_value(&value, "candidate0")?)?,
            LanguageParserWindow8RawHypothesis::from_structured(conduit_plot::rust_binding::record_field_value(&value, "candidate1")?)?,
            LanguageParserWindow8RawHypothesis::from_structured(conduit_plot::rust_binding::record_field_value(&value, "candidate2")?)?,
            LanguageParserWindow8RawHypothesis::from_structured(conduit_plot::rust_binding::record_field_value(&value, "candidate3")?)?,
        )
    }
}

pub const LANGUAGEPARSERWINDOW8RAWHYPOTHESIS_SEMANTIC_TYPE: &[u8] = &[0x02, 0x68, 0x00, 0x00, 0x00, 0x74, 0x79, 0x70, 0x65, 0x2f, 0x4c, 0x61, 0x6e, 0x67, 0x75, 0x61, 0x67, 0x65, 0x50, 0x61, 0x72, 0x73, 0x65, 0x72, 0x57, 0x69, 0x6e, 0x64, 0x6f, 0x77, 0x38, 0x52, 0x61, 0x77, 0x48, 0x79, 0x70, 0x6f, 0x74, 0x68, 0x65, 0x73, 0x69, 0x73, 0x40, 0x35, 0x34, 0x35, 0x31, 0x34, 0x31, 0x35, 0x61, 0x37, 0x38, 0x31, 0x33, 0x66, 0x36, 0x35, 0x30, 0x39, 0x33, 0x64, 0x63, 0x37, 0x63, 0x66, 0x64, 0x39, 0x66, 0x33, 0x38, 0x33, 0x65, 0x63, 0x61, 0x33, 0x66, 0x37, 0x34, 0x65, 0x65, 0x31, 0x36, 0x64, 0x30, 0x63, 0x63, 0x66, 0x39, 0x31, 0x61, 0x38, 0x31, 0x32, 0x34, 0x66, 0x62, 0x37, 0x34, 0x62, 0x33, 0x30, 0x34, 0x39, 0x66, 0x34, 0x61, 0x06, 0x00, 0x00, 0x00, 0x06, 0x00, 0x00, 0x00, 0x61, 0x63, 0x74, 0x69, 0x76, 0x65, 0x00, 0x0a, 0x00, 0x00, 0x00, 0x76, 0x61, 0x6c, 0x75, 0x65, 0x2f, 0x62, 0x6f, 0x6f, 0x6c, 0x07, 0x00, 0x00, 0x00, 0x63, 0x68, 0x6f, 0x69, 0x63, 0x65, 0x73, 0x01, 0x08, 0x00, 0x00, 0x09, 0x00, 0x00, 0x00, 0x76, 0x61, 0x6c, 0x75, 0x65, 0x2f, 0x75, 0x36, 0x34, 0x08, 0x00, 0x00, 0x00, 0x69, 0x64, 0x65, 0x6e, 0x74, 0x69, 0x74, 0x79, 0x00, 0x09, 0x00, 0x00, 0x00, 0x76, 0x61, 0x6c, 0x75, 0x65, 0x2f, 0x75, 0x36, 0x34, 0x05, 0x00, 0x00, 0x00, 0x73, 0x63, 0x6f, 0x72, 0x65, 0x00, 0x09, 0x00, 0x00, 0x00, 0x76, 0x61, 0x6c, 0x75, 0x65, 0x2f, 0x69, 0x36, 0x34, 0x08, 0x00, 0x00, 0x00, 0x73, 0x65, 0x6c, 0x65, 0x63, 0x74, 0x65, 0x64, 0x00, 0x09, 0x00, 0x00, 0x00, 0x76, 0x61, 0x6c, 0x75, 0x65, 0x2f, 0x75, 0x36, 0x34, 0x05, 0x00, 0x00, 0x00, 0x73, 0x74, 0x61, 0x74, 0x65, 0x02, 0x63, 0x00, 0x00, 0x00, 0x74, 0x79, 0x70, 0x65, 0x2f, 0x4c, 0x61, 0x6e, 0x67, 0x75, 0x61, 0x67, 0x65, 0x50, 0x61, 0x72, 0x73, 0x65, 0x72, 0x57, 0x69, 0x6e, 0x64, 0x6f, 0x77, 0x38, 0x52, 0x61, 0x77, 0x53, 0x74, 0x61, 0x74, 0x65, 0x40, 0x32, 0x34, 0x62, 0x62, 0x30, 0x62, 0x33, 0x66, 0x66, 0x61, 0x66, 0x32, 0x66, 0x37, 0x30, 0x34, 0x33, 0x39, 0x30, 0x30, 0x65, 0x30, 0x36, 0x66, 0x36, 0x30, 0x66, 0x33, 0x65, 0x31, 0x33, 0x39, 0x31, 0x38, 0x34, 0x31, 0x31, 0x32, 0x63, 0x38, 0x32, 0x61, 0x30, 0x34, 0x65, 0x33, 0x30, 0x30, 0x33, 0x30, 0x65, 0x38, 0x61, 0x37, 0x31, 0x63, 0x39, 0x63, 0x35, 0x35, 0x61, 0x34, 0x34, 0x32, 0x0f, 0x00, 0x00, 0x00, 0x05, 0x00, 0x00, 0x00, 0x62, 0x61, 0x73, 0x69, 0x73, 0x02, 0x59, 0x00, 0x00, 0x00, 0x74, 0x79, 0x70, 0x65, 0x2f, 0x4c, 0x61, 0x6e, 0x67, 0x75, 0x61, 0x67, 0x65, 0x50, 0x61, 0x72, 0x73, 0x65, 0x72, 0x42, 0x61, 0x73, 0x69, 0x73, 0x40, 0x64, 0x63, 0x37, 0x35, 0x32, 0x63, 0x31, 0x37, 0x30, 0x34, 0x37, 0x64, 0x36, 0x31, 0x61, 0x66, 0x39, 0x32, 0x38, 0x31, 0x66, 0x63, 0x63, 0x62, 0x32, 0x63, 0x66, 0x64, 0x35, 0x36, 0x31, 0x62, 0x37, 0x62, 0x30, 0x66, 0x62, 0x31, 0x31, 0x36, 0x35, 0x37, 0x39, 0x65, 0x35, 0x33, 0x39, 0x36, 0x63, 0x35, 0x31, 0x38, 0x36, 0x30, 0x65, 0x61, 0x64, 0x36, 0x64, 0x62, 0x61, 0x37, 0x65, 0x34, 0x03, 0x00, 0x00, 0x00, 0x11, 0x00, 0x00, 0x00, 0x61, 0x6e, 0x61, 0x6c, 0x79, 0x73, 0x69, 0x73, 0x5f, 0x72, 0x65, 0x76, 0x69, 0x73, 0x69, 0x6f, 0x6e, 0x05, 0x60, 0x00, 0x00, 0x00, 0x74, 0x79, 0x70, 0x65, 0x2f, 0x4c, 0x61, 0x6e, 0x67, 0x75, 0x61, 0x67, 0x65, 0x41, 0x6e, 0x61, 0x6c, 0x79, 0x73, 0x69, 0x73, 0x52, 0x65, 0x76, 0x69, 0x73, 0x69, 0x6f, 0x6e, 0x49, 0x64, 0x40, 0x66, 0x33, 0x38, 0x64, 0x63, 0x38, 0x66, 0x66, 0x37, 0x63, 0x61, 0x37, 0x62, 0x37, 0x34, 0x65, 0x62, 0x37, 0x35, 0x32, 0x37, 0x62, 0x65, 0x37, 0x64, 0x37, 0x34, 0x38, 0x66, 0x37, 0x30, 0x37, 0x38, 0x62, 0x38, 0x34, 0x62, 0x38, 0x37, 0x61, 0x63, 0x62, 0x31, 0x64, 0x37, 0x33, 0x33, 0x32, 0x34, 0x39, 0x62, 0x34, 0x61, 0x32, 0x61, 0x66, 0x65, 0x37, 0x39, 0x66, 0x32, 0x39, 0x32, 0x36, 0x00, 0x0a, 0x00, 0x00, 0x00, 0x76, 0x61, 0x6c, 0x75, 0x65, 0x2f, 0x74, 0x65, 0x78, 0x74, 0x0f, 0x00, 0x00, 0x00, 0x73, 0x6f, 0x75, 0x72, 0x63, 0x65, 0x5f, 0x72, 0x65, 0x76, 0x69, 0x73, 0x69, 0x6f, 0x6e, 0x05, 0x5c, 0x00, 0x00, 0x00, 0x74, 0x79, 0x70, 0x65, 0x2f, 0x4c, 0x61, 0x6e, 0x67, 0x75, 0x61, 0x67, 0x65, 0x54, 0x65, 0x78, 0x74, 0x52, 0x65, 0x76, 0x69, 0x73, 0x69, 0x6f, 0x6e, 0x49, 0x64, 0x40, 0x31, 0x66, 0x65, 0x63, 0x32, 0x37, 0x35, 0x32, 0x62, 0x30, 0x34, 0x37, 0x66, 0x34, 0x37, 0x62, 0x32, 0x38, 0x38, 0x38, 0x38, 0x66, 0x34, 0x36, 0x65, 0x64, 0x37, 0x39, 0x33, 0x64, 0x38, 0x38, 0x33, 0x34, 0x61, 0x33, 0x34, 0x64, 0x36, 0x63, 0x61, 0x65, 0x63, 0x38, 0x37, 0x32, 0x32, 0x33, 0x66, 0x38, 0x66, 0x36, 0x66, 0x65, 0x37, 0x35, 0x63, 0x31, 0x66, 0x61, 0x66, 0x39, 0x33, 0x35, 0x00, 0x0a, 0x00, 0x00, 0x00, 0x76, 0x61, 0x6c, 0x75, 0x65, 0x2f, 0x74, 0x65, 0x78, 0x74, 0x04, 0x00, 0x00, 0x00, 0x74, 0x65, 0x78, 0x74, 0x05, 0x54, 0x00, 0x00, 0x00, 0x74, 0x79, 0x70, 0x65, 0x2f, 0x4c, 0x61, 0x6e, 0x67, 0x75, 0x61, 0x67, 0x65, 0x54, 0x65, 0x78, 0x74, 0x49, 0x64, 0x40, 0x35, 0x35, 0x65, 0x38, 0x35, 0x32, 0x36, 0x31, 0x38, 0x37, 0x37, 0x64, 0x37, 0x66, 0x32, 0x39, 0x31, 0x61, 0x33, 0x65, 0x37, 0x62, 0x36, 0x65, 0x32, 0x36, 0x65, 0x37, 0x65, 0x37, 0x65, 0x62, 0x34, 0x61, 0x66, 0x66, 0x66, 0x63, 0x63, 0x63, 0x66, 0x31, 0x66, 0x37, 0x61, 0x34, 0x38, 0x66, 0x32, 0x37, 0x66, 0x36, 0x35, 0x31, 0x34, 0x39, 0x63, 0x37, 0x35, 0x38, 0x38, 0x38, 0x64, 0x61, 0x00, 0x0a, 0x00, 0x00, 0x00, 0x76, 0x61, 0x6c, 0x75, 0x65, 0x2f, 0x74, 0x65, 0x78, 0x74, 0x09, 0x00, 0x00, 0x00, 0x63, 0x6f, 0x6d, 0x6d, 0x69, 0x74, 0x74, 0x65, 0x64, 0x00, 0x09, 0x00, 0x00, 0x00, 0x76, 0x61, 0x6c, 0x75, 0x65, 0x2f, 0x75, 0x36, 0x34, 0x05, 0x00, 0x00, 0x00, 0x64, 0x65, 0x70, 0x74, 0x68, 0x00, 0x09, 0x00, 0x00, 0x00, 0x76, 0x61, 0x6c, 0x75, 0x65, 0x2f, 0x75, 0x36, 0x34, 0x05, 0x00, 0x00, 0x00, 0x68, 0x65, 0x61, 0x64, 0x73, 0x01, 0x09, 0x00, 0x00, 0x09, 0x00, 0x00, 0x00, 0x76, 0x61, 0x6c, 0x75, 0x65, 0x2f, 0x75, 0x36, 0x34, 0x09, 0x00, 0x00, 0x00, 0x72, 0x65, 0x6c, 0x61, 0x74, 0x69, 0x6f, 0x6e, 0x30, 0x02, 0x5c, 0x00, 0x00, 0x00, 0x74, 0x79, 0x70, 0x65, 0x2f, 0x4c, 0x61, 0x6e, 0x67, 0x75, 0x61, 0x67, 0x65, 0x50, 0x61, 0x72, 0x73, 0x65, 0x72, 0x52, 0x65, 0x6c, 0x61, 0x74, 0x69, 0x6f, 0x6e, 0x40, 0x63, 0x39, 0x64, 0x36, 0x34, 0x63, 0x35, 0x36, 0x64, 0x62, 0x32, 0x61, 0x61, 0x34, 0x30, 0x65, 0x35, 0x66, 0x66, 0x35, 0x36, 0x62, 0x63, 0x61, 0x64, 0x65, 0x33, 0x30, 0x66, 0x38, 0x38, 0x34, 0x37, 0x35, 0x33, 0x62, 0x65, 0x32, 0x33, 0x33, 0x36, 0x34, 0x65, 0x32, 0x34, 0x31, 0x33, 0x38, 0x64, 0x33, 0x65, 0x36, 0x36, 0x66, 0x62, 0x35, 0x66, 0x61, 0x32, 0x34, 0x38, 0x35, 0x66, 0x36, 0x02, 0x00, 0x00, 0x00, 0x04, 0x00, 0x00, 0x00, 0x62, 0x61, 0x73, 0x65, 0x03, 0x69, 0x00, 0x00, 0x00, 0x74, 0x79, 0x70, 0x65, 0x2f, 0x4c, 0x61, 0x6e, 0x67, 0x75, 0x61, 0x67, 0x65, 0x55, 0x6e, 0x69, 0x76, 0x65, 0x72, 0x73, 0x61, 0x6c, 0x44, 0x65, 0x70, 0x65, 0x6e, 0x64, 0x65, 0x6e, 0x63, 0x79, 0x52, 0x65, 0x6c, 0x61, 0x74, 0x69, 0x6f, 0x6e, 0x40, 0x37, 0x63, 0x65, 0x32, 0x37, 0x33, 0x30, 0x32, 0x64, 0x35, 0x62, 0x38, 0x32, 0x35, 0x32, 0x37, 0x37, 0x62, 0x62, 0x64, 0x37, 0x35, 0x34, 0x64, 0x30, 0x62, 0x63, 0x65, 0x38, 0x62, 0x62, 0x63, 0x39, 0x65, 0x37, 0x31, 0x66, 0x35, 0x64, 0x36, 0x34, 0x62, 0x63, 0x34, 0x66, 0x30, 0x61, 0x66, 0x31, 0x38, 0x34, 0x66, 0x63, 0x38, 0x36, 0x32, 0x64, 0x62, 0x64, 0x38, 0x63, 0x66, 0x32, 0x65, 0x25, 0x00, 0x00, 0x00, 0x03, 0x00, 0x00, 0x00, 0x61, 0x63, 0x6c, 0x00, 0x0a, 0x00, 0x00, 0x00, 0x76, 0x61, 0x6c, 0x75, 0x65, 0x2f, 0x75, 0x6e, 0x69, 0x74, 0x05, 0x00, 0x00, 0x00, 0x61, 0x64, 0x76, 0x63, 0x6c, 0x00, 0x0a, 0x00, 0x00, 0x00, 0x76, 0x61, 0x6c, 0x75, 0x65, 0x2f, 0x75, 0x6e, 0x69, 0x74, 0x06, 0x00, 0x00, 0x00, 0x61, 0x64, 0x76, 0x6d, 0x6f, 0x64, 0x00, 0x0a, 0x00, 0x00, 0x00, 0x76, 0x61, 0x6c, 0x75, 0x65, 0x2f, 0x75, 0x6e, 0x69, 0x74, 0x04, 0x00, 0x00, 0x00, 0x61, 0x6d, 0x6f, 0x64, 0x00, 0x0a, 0x00, 0x00, 0x00, 0x76, 0x61, 0x6c, 0x75, 0x65, 0x2f, 0x75, 0x6e, 0x69, 0x74, 0x05, 0x00, 0x00, 0x00, 0x61, 0x70, 0x70, 0x6f, 0x73, 0x00, 0x0a, 0x00, 0x00, 0x00, 0x76, 0x61, 0x6c, 0x75, 0x65, 0x2f, 0x75, 0x6e, 0x69, 0x74, 0x03, 0x00, 0x00, 0x00, 0x61, 0x75, 0x78, 0x00, 0x0a, 0x00, 0x00, 0x00, 0x76, 0x61, 0x6c, 0x75, 0x65, 0x2f, 0x75, 0x6e, 0x69, 0x74, 0x04, 0x00, 0x00, 0x00, 0x63, 0x61, 0x73, 0x65, 0x00, 0x0a, 0x00, 0x00, 0x00, 0x76, 0x61, 0x6c, 0x75, 0x65, 0x2f, 0x75, 0x6e, 0x69, 0x74, 0x02, 0x00, 0x00, 0x00, 0x63, 0x63, 0x00, 0x0a, 0x00, 0x00, 0x00, 0x76, 0x61, 0x6c, 0x75, 0x65, 0x2f, 0x75, 0x6e, 0x69, 0x74, 0x05, 0x00, 0x00, 0x00, 0x63, 0x63, 0x6f, 0x6d, 0x70, 0x00, 0x0a, 0x00, 0x00, 0x00, 0x76, 0x61, 0x6c, 0x75, 0x65, 0x2f, 0x75, 0x6e, 0x69, 0x74, 0x03, 0x00, 0x00, 0x00, 0x63, 0x6c, 0x66, 0x00, 0x0a, 0x00, 0x00, 0x00, 0x76, 0x61, 0x6c, 0x75, 0x65, 0x2f, 0x75, 0x6e, 0x69, 0x74, 0x08, 0x00, 0x00, 0x00, 0x63, 0x6f, 0x6d, 0x70, 0x6f, 0x75, 0x6e, 0x64, 0x00, 0x0a, 0x00, 0x00, 0x00, 0x76, 0x61, 0x6c, 0x75, 0x65, 0x2f, 0x75, 0x6e, 0x69, 0x74, 0x04, 0x00, 0x00, 0x00, 0x63, 0x6f, 0x6e, 0x6a, 0x00, 0x0a, 0x00, 0x00, 0x00, 0x76, 0x61, 0x6c, 0x75, 0x65, 0x2f, 0x75, 0x6e, 0x69, 0x74, 0x03, 0x00, 0x00, 0x00, 0x63, 0x6f, 0x70, 0x00, 0x0a, 0x00, 0x00, 0x00, 0x76, 0x61, 0x6c, 0x75, 0x65, 0x2f, 0x75, 0x6e, 0x69, 0x74, 0x05, 0x00, 0x00, 0x00, 0x63, 0x73, 0x75, 0x62, 0x6a, 0x00, 0x0a, 0x00, 0x00, 0x00, 0x76, 0x61, 0x6c, 0x75, 0x65, 0x2f, 0x75, 0x6e, 0x69, 0x74, 0x03, 0x00, 0x00, 0x00, 0x64, 0x65, 0x70, 0x00, 0x0a, 0x00, 0x00, 0x00, 0x76, 0x61, 0x6c, 0x75, 0x65, 0x2f, 0x75, 0x6e, 0x69, 0x74, 0x03, 0x00, 0x00, 0x00, 0x64, 0x65, 0x74, 0x00, 0x0a, 0x00, 0x00, 0x00, 0x76, 0x61, 0x6c, 0x75, 0x65, 0x2f, 0x75, 0x6e, 0x69, 0x74, 0x09, 0x00, 0x00, 0x00, 0x64, 0x69, 0x73, 0x63, 0x6f, 0x75, 0x72, 0x73, 0x65, 0x00, 0x0a, 0x00, 0x00, 0x00, 0x76, 0x61, 0x6c, 0x75, 0x65, 0x2f, 0x75, 0x6e, 0x69, 0x74, 0x0a, 0x00, 0x00, 0x00, 0x64, 0x69, 0x73, 0x6c, 0x6f, 0x63, 0x61, 0x74, 0x65, 0x64, 0x00, 0x0a, 0x00, 0x00, 0x00, 0x76, 0x61, 0x6c, 0x75, 0x65, 0x2f, 0x75, 0x6e, 0x69, 0x74, 0x04, 0x00, 0x00, 0x00, 0x65, 0x78, 0x70, 0x6c, 0x00, 0x0a, 0x00, 0x00, 0x00, 0x76, 0x61, 0x6c, 0x75, 0x65, 0x2f, 0x75, 0x6e, 0x69, 0x74, 0x05, 0x00, 0x00, 0x00, 0x66, 0x69, 0x78, 0x65, 0x64, 0x00, 0x0a, 0x00, 0x00, 0x00, 0x76, 0x61, 0x6c, 0x75, 0x65, 0x2f, 0x75, 0x6e, 0x69, 0x74, 0x04, 0x00, 0x00, 0x00, 0x66, 0x6c, 0x61, 0x74, 0x00, 0x0a, 0x00, 0x00, 0x00, 0x76, 0x61, 0x6c, 0x75, 0x65, 0x2f, 0x75, 0x6e, 0x69, 0x74, 0x08, 0x00, 0x00, 0x00, 0x67, 0x6f, 0x65, 0x73, 0x77, 0x69, 0x74, 0x68, 0x00, 0x0a, 0x00, 0x00, 0x00, 0x76, 0x61, 0x6c, 0x75, 0x65, 0x2f, 0x75, 0x6e, 0x69, 0x74, 0x04, 0x00, 0x00, 0x00, 0x69, 0x6f, 0x62, 0x6a, 0x00, 0x0a, 0x00, 0x00, 0x00, 0x76, 0x61, 0x6c, 0x75, 0x65, 0x2f, 0x75, 0x6e, 0x69, 0x74, 0x04, 0x00, 0x00, 0x00, 0x6c, 0x69, 0x73, 0x74, 0x00, 0x0a, 0x00, 0x00, 0x00, 0x76, 0x61, 0x6c, 0x75, 0x65, 0x2f, 0x75, 0x6e, 0x69, 0x74, 0x04, 0x00, 0x00, 0x00, 0x6d, 0x61, 0x72, 0x6b, 0x00, 0x0a, 0x00, 0x00, 0x00, 0x76, 0x61, 0x6c, 0x75, 0x65, 0x2f, 0x75, 0x6e, 0x69, 0x74, 0x04, 0x00, 0x00, 0x00, 0x6e, 0x6d, 0x6f, 0x64, 0x00, 0x0a, 0x00, 0x00, 0x00, 0x76, 0x61, 0x6c, 0x75, 0x65, 0x2f, 0x75, 0x6e, 0x69, 0x74, 0x05, 0x00, 0x00, 0x00, 0x6e, 0x73, 0x75, 0x62, 0x6a, 0x00, 0x0a, 0x00, 0x00, 0x00, 0x76, 0x61, 0x6c, 0x75, 0x65, 0x2f, 0x75, 0x6e, 0x69, 0x74, 0x06, 0x00, 0x00, 0x00, 0x6e, 0x75, 0x6d, 0x6d, 0x6f, 0x64, 0x00, 0x0a, 0x00, 0x00, 0x00, 0x76, 0x61, 0x6c, 0x75, 0x65, 0x2f, 0x75, 0x6e, 0x69, 0x74, 0x03, 0x00, 0x00, 0x00, 0x6f, 0x62, 0x6a, 0x00, 0x0a, 0x00, 0x00, 0x00, 0x76, 0x61, 0x6c, 0x75, 0x65, 0x2f, 0x75, 0x6e, 0x69, 0x74, 0x03, 0x00, 0x00, 0x00, 0x6f, 0x62, 0x6c, 0x00, 0x0a, 0x00, 0x00, 0x00, 0x76, 0x61, 0x6c, 0x75, 0x65, 0x2f, 0x75, 0x6e, 0x69, 0x74, 0x06, 0x00, 0x00, 0x00, 0x6f, 0x72, 0x70, 0x68, 0x61, 0x6e, 0x00, 0x0a, 0x00, 0x00, 0x00, 0x76, 0x61, 0x6c, 0x75, 0x65, 0x2f, 0x75, 0x6e, 0x69, 0x74, 0x09, 0x00, 0x00, 0x00, 0x70, 0x61, 0x72, 0x61, 0x74, 0x61, 0x78, 0x69, 0x73, 0x00, 0x0a, 0x00, 0x00, 0x00, 0x76, 0x61, 0x6c, 0x75, 0x65, 0x2f, 0x75, 0x6e, 0x69, 0x74, 0x05, 0x00, 0x00, 0x00, 0x70, 0x75, 0x6e, 0x63, 0x74, 0x00, 0x0a, 0x00, 0x00, 0x00, 0x76, 0x61, 0x6c, 0x75, 0x65, 0x2f, 0x75, 0x6e, 0x69, 0x74, 0x0a, 0x00, 0x00, 0x00, 0x72, 0x65, 0x70, 0x61, 0x72, 0x61, 0x6e, 0x64, 0x75, 0x6d, 0x00, 0x0a, 0x00, 0x00, 0x00, 0x76, 0x61, 0x6c, 0x75, 0x65, 0x2f, 0x75, 0x6e, 0x69, 0x74, 0x04, 0x00, 0x00, 0x00, 0x72, 0x6f, 0x6f, 0x74, 0x00, 0x0a, 0x00, 0x00, 0x00, 0x76, 0x61, 0x6c, 0x75, 0x65, 0x2f, 0x75, 0x6e, 0x69, 0x74, 0x08, 0x00, 0x00, 0x00, 0x76, 0x6f, 0x63, 0x61, 0x74, 0x69, 0x76, 0x65, 0x00, 0x0a, 0x00, 0x00, 0x00, 0x76, 0x61, 0x6c, 0x75, 0x65, 0x2f, 0x75, 0x6e, 0x69, 0x74, 0x05, 0x00, 0x00, 0x00, 0x78, 0x63, 0x6f, 0x6d, 0x70, 0x00, 0x0a, 0x00, 0x00, 0x00, 0x76, 0x61, 0x6c, 0x75, 0x65, 0x2f, 0x75, 0x6e, 0x69, 0x74, 0x07, 0x00, 0x00, 0x00, 0x73, 0x75, 0x62, 0x74, 0x79, 0x70, 0x65, 0x05, 0x5b, 0x00, 0x00, 0x00, 0x74, 0x79, 0x70, 0x65, 0x2f, 0x4c, 0x61, 0x6e, 0x67, 0x75, 0x61, 0x67, 0x65, 0x50, 0x61, 0x72, 0x73, 0x65, 0x72, 0x53, 0x75, 0x62, 0x74, 0x79, 0x70, 0x65, 0x40, 0x33, 0x61, 0x35, 0x39, 0x61, 0x64, 0x35, 0x34, 0x63, 0x38, 0x65, 0x31, 0x39, 0x30, 0x30, 0x31, 0x35, 0x37, 0x35, 0x31, 0x34, 0x32, 0x65, 0x32, 0x31, 0x34, 0x35, 0x65, 0x39, 0x61, 0x62, 0x61, 0x32, 0x35, 0x36, 0x37, 0x32, 0x38, 0x63, 0x34, 0x39, 0x66, 0x33, 0x35, 0x36, 0x34, 0x34, 0x66, 0x31, 0x61, 0x39, 0x33, 0x38, 0x30, 0x37, 0x35, 0x62, 0x61, 0x39, 0x31, 0x63, 0x36, 0x34, 0x35, 0x00, 0x0a, 0x00, 0x00, 0x00, 0x76, 0x61, 0x6c, 0x75, 0x65, 0x2f, 0x74, 0x65, 0x78, 0x74, 0x09, 0x00, 0x00, 0x00, 0x72, 0x65, 0x6c, 0x61, 0x74, 0x69, 0x6f, 0x6e, 0x31, 0x02, 0x5c, 0x00, 0x00, 0x00, 0x74, 0x79, 0x70, 0x65, 0x2f, 0x4c, 0x61, 0x6e, 0x67, 0x75, 0x61, 0x67, 0x65, 0x50, 0x61, 0x72, 0x73, 0x65, 0x72, 0x52, 0x65, 0x6c, 0x61, 0x74, 0x69, 0x6f, 0x6e, 0x40, 0x63, 0x39, 0x64, 0x36, 0x34, 0x63, 0x35, 0x36, 0x64, 0x62, 0x32, 0x61, 0x61, 0x34, 0x30, 0x65, 0x35, 0x66, 0x66, 0x35, 0x36, 0x62, 0x63, 0x61, 0x64, 0x65, 0x33, 0x30, 0x66, 0x38, 0x38, 0x34, 0x37, 0x35, 0x33, 0x62, 0x65, 0x32, 0x33, 0x33, 0x36, 0x34, 0x65, 0x32, 0x34, 0x31, 0x33, 0x38, 0x64, 0x33, 0x65, 0x36, 0x36, 0x66, 0x62, 0x35, 0x66, 0x61, 0x32, 0x34, 0x38, 0x35, 0x66, 0x36, 0x02, 0x00, 0x00, 0x00, 0x04, 0x00, 0x00, 0x00, 0x62, 0x61, 0x73, 0x65, 0x03, 0x69, 0x00, 0x00, 0x00, 0x74, 0x79, 0x70, 0x65, 0x2f, 0x4c, 0x61, 0x6e, 0x67, 0x75, 0x61, 0x67, 0x65, 0x55, 0x6e, 0x69, 0x76, 0x65, 0x72, 0x73, 0x61, 0x6c, 0x44, 0x65, 0x70, 0x65, 0x6e, 0x64, 0x65, 0x6e, 0x63, 0x79, 0x52, 0x65, 0x6c, 0x61, 0x74, 0x69, 0x6f, 0x6e, 0x40, 0x37, 0x63, 0x65, 0x32, 0x37, 0x33, 0x30, 0x32, 0x64, 0x35, 0x62, 0x38, 0x32, 0x35, 0x32, 0x37, 0x37, 0x62, 0x62, 0x64, 0x37, 0x35, 0x34, 0x64, 0x30, 0x62, 0x63, 0x65, 0x38, 0x62, 0x62, 0x63, 0x39, 0x65, 0x37, 0x31, 0x66, 0x35, 0x64, 0x36, 0x34, 0x62, 0x63, 0x34, 0x66, 0x30, 0x61, 0x66, 0x31, 0x38, 0x34, 0x66, 0x63, 0x38, 0x36, 0x32, 0x64, 0x62, 0x64, 0x38, 0x63, 0x66, 0x32, 0x65, 0x25, 0x00, 0x00, 0x00, 0x03, 0x00, 0x00, 0x00, 0x61, 0x63, 0x6c, 0x00, 0x0a, 0x00, 0x00, 0x00, 0x76, 0x61, 0x6c, 0x75, 0x65, 0x2f, 0x75, 0x6e, 0x69, 0x74, 0x05, 0x00, 0x00, 0x00, 0x61, 0x64, 0x76, 0x63, 0x6c, 0x00, 0x0a, 0x00, 0x00, 0x00, 0x76, 0x61, 0x6c, 0x75, 0x65, 0x2f, 0x75, 0x6e, 0x69, 0x74, 0x06, 0x00, 0x00, 0x00, 0x61, 0x64, 0x76, 0x6d, 0x6f, 0x64, 0x00, 0x0a, 0x00, 0x00, 0x00, 0x76, 0x61, 0x6c, 0x75, 0x65, 0x2f, 0x75, 0x6e, 0x69, 0x74, 0x04, 0x00, 0x00, 0x00, 0x61, 0x6d, 0x6f, 0x64, 0x00, 0x0a, 0x00, 0x00, 0x00, 0x76, 0x61, 0x6c, 0x75, 0x65, 0x2f, 0x75, 0x6e, 0x69, 0x74, 0x05, 0x00, 0x00, 0x00, 0x61, 0x70, 0x70, 0x6f, 0x73, 0x00, 0x0a, 0x00, 0x00, 0x00, 0x76, 0x61, 0x6c, 0x75, 0x65, 0x2f, 0x75, 0x6e, 0x69, 0x74, 0x03, 0x00, 0x00, 0x00, 0x61, 0x75, 0x78, 0x00, 0x0a, 0x00, 0x00, 0x00, 0x76, 0x61, 0x6c, 0x75, 0x65, 0x2f, 0x75, 0x6e, 0x69, 0x74, 0x04, 0x00, 0x00, 0x00, 0x63, 0x61, 0x73, 0x65, 0x00, 0x0a, 0x00, 0x00, 0x00, 0x76, 0x61, 0x6c, 0x75, 0x65, 0x2f, 0x75, 0x6e, 0x69, 0x74, 0x02, 0x00, 0x00, 0x00, 0x63, 0x63, 0x00, 0x0a, 0x00, 0x00, 0x00, 0x76, 0x61, 0x6c, 0x75, 0x65, 0x2f, 0x75, 0x6e, 0x69, 0x74, 0x05, 0x00, 0x00, 0x00, 0x63, 0x63, 0x6f, 0x6d, 0x70, 0x00, 0x0a, 0x00, 0x00, 0x00, 0x76, 0x61, 0x6c, 0x75, 0x65, 0x2f, 0x75, 0x6e, 0x69, 0x74, 0x03, 0x00, 0x00, 0x00, 0x63, 0x6c, 0x66, 0x00, 0x0a, 0x00, 0x00, 0x00, 0x76, 0x61, 0x6c, 0x75, 0x65, 0x2f, 0x75, 0x6e, 0x69, 0x74, 0x08, 0x00, 0x00, 0x00, 0x63, 0x6f, 0x6d, 0x70, 0x6f, 0x75, 0x6e, 0x64, 0x00, 0x0a, 0x00, 0x00, 0x00, 0x76, 0x61, 0x6c, 0x75, 0x65, 0x2f, 0x75, 0x6e, 0x69, 0x74, 0x04, 0x00, 0x00, 0x00, 0x63, 0x6f, 0x6e, 0x6a, 0x00, 0x0a, 0x00, 0x00, 0x00, 0x76, 0x61, 0x6c, 0x75, 0x65, 0x2f, 0x75, 0x6e, 0x69, 0x74, 0x03, 0x00, 0x00, 0x00, 0x63, 0x6f, 0x70, 0x00, 0x0a, 0x00, 0x00, 0x00, 0x76, 0x61, 0x6c, 0x75, 0x65, 0x2f, 0x75, 0x6e, 0x69, 0x74, 0x05, 0x00, 0x00, 0x00, 0x63, 0x73, 0x75, 0x62, 0x6a, 0x00, 0x0a, 0x00, 0x00, 0x00, 0x76, 0x61, 0x6c, 0x75, 0x65, 0x2f, 0x75, 0x6e, 0x69, 0x74, 0x03, 0x00, 0x00, 0x00, 0x64, 0x65, 0x70, 0x00, 0x0a, 0x00, 0x00, 0x00, 0x76, 0x61, 0x6c, 0x75, 0x65, 0x2f, 0x75, 0x6e, 0x69, 0x74, 0x03, 0x00, 0x00, 0x00, 0x64, 0x65, 0x74, 0x00, 0x0a, 0x00, 0x00, 0x00, 0x76, 0x61, 0x6c, 0x75, 0x65, 0x2f, 0x75, 0x6e, 0x69, 0x74, 0x09, 0x00, 0x00, 0x00, 0x64, 0x69, 0x73, 0x63, 0x6f, 0x75, 0x72, 0x73, 0x65, 0x00, 0x0a, 0x00, 0x00, 0x00, 0x76, 0x61, 0x6c, 0x75, 0x65, 0x2f, 0x75, 0x6e, 0x69, 0x74, 0x0a, 0x00, 0x00, 0x00, 0x64, 0x69, 0x73, 0x6c, 0x6f, 0x63, 0x61, 0x74, 0x65, 0x64, 0x00, 0x0a, 0x00, 0x00, 0x00, 0x76, 0x61, 0x6c, 0x75, 0x65, 0x2f, 0x75, 0x6e, 0x69, 0x74, 0x04, 0x00, 0x00, 0x00, 0x65, 0x78, 0x70, 0x6c, 0x00, 0x0a, 0x00, 0x00, 0x00, 0x76, 0x61, 0x6c, 0x75, 0x65, 0x2f, 0x75, 0x6e, 0x69, 0x74, 0x05, 0x00, 0x00, 0x00, 0x66, 0x69, 0x78, 0x65, 0x64, 0x00, 0x0a, 0x00, 0x00, 0x00, 0x76, 0x61, 0x6c, 0x75, 0x65, 0x2f, 0x75, 0x6e, 0x69, 0x74, 0x04, 0x00, 0x00, 0x00, 0x66, 0x6c, 0x61, 0x74, 0x00, 0x0a, 0x00, 0x00, 0x00, 0x76, 0x61, 0x6c, 0x75, 0x65, 0x2f, 0x75, 0x6e, 0x69, 0x74, 0x08, 0x00, 0x00, 0x00, 0x67, 0x6f, 0x65, 0x73, 0x77, 0x69, 0x74, 0x68, 0x00, 0x0a, 0x00, 0x00, 0x00, 0x76, 0x61, 0x6c, 0x75, 0x65, 0x2f, 0x75, 0x6e, 0x69, 0x74, 0x04, 0x00, 0x00, 0x00, 0x69, 0x6f, 0x62, 0x6a, 0x00, 0x0a, 0x00, 0x00, 0x00, 0x76, 0x61, 0x6c, 0x75, 0x65, 0x2f, 0x75, 0x6e, 0x69, 0x74, 0x04, 0x00, 0x00, 0x00, 0x6c, 0x69, 0x73, 0x74, 0x00, 0x0a, 0x00, 0x00, 0x00, 0x76, 0x61, 0x6c, 0x75, 0x65, 0x2f, 0x75, 0x6e, 0x69, 0x74, 0x04, 0x00, 0x00, 0x00, 0x6d, 0x61, 0x72, 0x6b, 0x00, 0x0a, 0x00, 0x00, 0x00, 0x76, 0x61, 0x6c, 0x75, 0x65, 0x2f, 0x75, 0x6e, 0x69, 0x74, 0x04, 0x00, 0x00, 0x00, 0x6e, 0x6d, 0x6f, 0x64, 0x00, 0x0a, 0x00, 0x00, 0x00, 0x76, 0x61, 0x6c, 0x75, 0x65, 0x2f, 0x75, 0x6e, 0x69, 0x74, 0x05, 0x00, 0x00, 0x00, 0x6e, 0x73, 0x75, 0x62, 0x6a, 0x00, 0x0a, 0x00, 0x00, 0x00, 0x76, 0x61, 0x6c, 0x75, 0x65, 0x2f, 0x75, 0x6e, 0x69, 0x74, 0x06, 0x00, 0x00, 0x00, 0x6e, 0x75, 0x6d, 0x6d, 0x6f, 0x64, 0x00, 0x0a, 0x00, 0x00, 0x00, 0x76, 0x61, 0x6c, 0x75, 0x65, 0x2f, 0x75, 0x6e, 0x69, 0x74, 0x03, 0x00, 0x00, 0x00, 0x6f, 0x62, 0x6a, 0x00, 0x0a, 0x00, 0x00, 0x00, 0x76, 0x61, 0x6c, 0x75, 0x65, 0x2f, 0x75, 0x6e, 0x69, 0x74, 0x03, 0x00, 0x00, 0x00, 0x6f, 0x62, 0x6c, 0x00, 0x0a, 0x00, 0x00, 0x00, 0x76, 0x61, 0x6c, 0x75, 0x65, 0x2f, 0x75, 0x6e, 0x69, 0x74, 0x06, 0x00, 0x00, 0x00, 0x6f, 0x72, 0x70, 0x68, 0x61, 0x6e, 0x00, 0x0a, 0x00, 0x00, 0x00, 0x76, 0x61, 0x6c, 0x75, 0x65, 0x2f, 0x75, 0x6e, 0x69, 0x74, 0x09, 0x00, 0x00, 0x00, 0x70, 0x61, 0x72, 0x61, 0x74, 0x61, 0x78, 0x69, 0x73, 0x00, 0x0a, 0x00, 0x00, 0x00, 0x76, 0x61, 0x6c, 0x75, 0x65, 0x2f, 0x75, 0x6e, 0x69, 0x74, 0x05, 0x00, 0x00, 0x00, 0x70, 0x75, 0x6e, 0x63, 0x74, 0x00, 0x0a, 0x00, 0x00, 0x00, 0x76, 0x61, 0x6c, 0x75, 0x65, 0x2f, 0x75, 0x6e, 0x69, 0x74, 0x0a, 0x00, 0x00, 0x00, 0x72, 0x65, 0x70, 0x61, 0x72, 0x61, 0x6e, 0x64, 0x75, 0x6d, 0x00, 0x0a, 0x00, 0x00, 0x00, 0x76, 0x61, 0x6c, 0x75, 0x65, 0x2f, 0x75, 0x6e, 0x69, 0x74, 0x04, 0x00, 0x00, 0x00, 0x72, 0x6f, 0x6f, 0x74, 0x00, 0x0a, 0x00, 0x00, 0x00, 0x76, 0x61, 0x6c, 0x75, 0x65, 0x2f, 0x75, 0x6e, 0x69, 0x74, 0x08, 0x00, 0x00, 0x00, 0x76, 0x6f, 0x63, 0x61, 0x74, 0x69, 0x76, 0x65, 0x00, 0x0a, 0x00, 0x00, 0x00, 0x76, 0x61, 0x6c, 0x75, 0x65, 0x2f, 0x75, 0x6e, 0x69, 0x74, 0x05, 0x00, 0x00, 0x00, 0x78, 0x63, 0x6f, 0x6d, 0x70, 0x00, 0x0a, 0x00, 0x00, 0x00, 0x76, 0x61, 0x6c, 0x75, 0x65, 0x2f, 0x75, 0x6e, 0x69, 0x74, 0x07, 0x00, 0x00, 0x00, 0x73, 0x75, 0x62, 0x74, 0x79, 0x70, 0x65, 0x05, 0x5b, 0x00, 0x00, 0x00, 0x74, 0x79, 0x70, 0x65, 0x2f, 0x4c, 0x61, 0x6e, 0x67, 0x75, 0x61, 0x67, 0x65, 0x50, 0x61, 0x72, 0x73, 0x65, 0x72, 0x53, 0x75, 0x62, 0x74, 0x79, 0x70, 0x65, 0x40, 0x33, 0x61, 0x35, 0x39, 0x61, 0x64, 0x35, 0x34, 0x63, 0x38, 0x65, 0x31, 0x39, 0x30, 0x30, 0x31, 0x35, 0x37, 0x35, 0x31, 0x34, 0x32, 0x65, 0x32, 0x31, 0x34, 0x35, 0x65, 0x39, 0x61, 0x62, 0x61, 0x32, 0x35, 0x36, 0x37, 0x32, 0x38, 0x63, 0x34, 0x39, 0x66, 0x33, 0x35, 0x36, 0x34, 0x34, 0x66, 0x31, 0x61, 0x39, 0x33, 0x38, 0x30, 0x37, 0x35, 0x62, 0x61, 0x39, 0x31, 0x63, 0x36, 0x34, 0x35, 0x00, 0x0a, 0x00, 0x00, 0x00, 0x76, 0x61, 0x6c, 0x75, 0x65, 0x2f, 0x74, 0x65, 0x78, 0x74, 0x09, 0x00, 0x00, 0x00, 0x72, 0x65, 0x6c, 0x61, 0x74, 0x69, 0x6f, 0x6e, 0x32, 0x02, 0x5c, 0x00, 0x00, 0x00, 0x74, 0x79, 0x70, 0x65, 0x2f, 0x4c, 0x61, 0x6e, 0x67, 0x75, 0x61, 0x67, 0x65, 0x50, 0x61, 0x72, 0x73, 0x65, 0x72, 0x52, 0x65, 0x6c, 0x61, 0x74, 0x69, 0x6f, 0x6e, 0x40, 0x63, 0x39, 0x64, 0x36, 0x34, 0x63, 0x35, 0x36, 0x64, 0x62, 0x32, 0x61, 0x61, 0x34, 0x30, 0x65, 0x35, 0x66, 0x66, 0x35, 0x36, 0x62, 0x63, 0x61, 0x64, 0x65, 0x33, 0x30, 0x66, 0x38, 0x38, 0x34, 0x37, 0x35, 0x33, 0x62, 0x65, 0x32, 0x33, 0x33, 0x36, 0x34, 0x65, 0x32, 0x34, 0x31, 0x33, 0x38, 0x64, 0x33, 0x65, 0x36, 0x36, 0x66, 0x62, 0x35, 0x66, 0x61, 0x32, 0x34, 0x38, 0x35, 0x66, 0x36, 0x02, 0x00, 0x00, 0x00, 0x04, 0x00, 0x00, 0x00, 0x62, 0x61, 0x73, 0x65, 0x03, 0x69, 0x00, 0x00, 0x00, 0x74, 0x79, 0x70, 0x65, 0x2f, 0x4c, 0x61, 0x6e, 0x67, 0x75, 0x61, 0x67, 0x65, 0x55, 0x6e, 0x69, 0x76, 0x65, 0x72, 0x73, 0x61, 0x6c, 0x44, 0x65, 0x70, 0x65, 0x6e, 0x64, 0x65, 0x6e, 0x63, 0x79, 0x52, 0x65, 0x6c, 0x61, 0x74, 0x69, 0x6f, 0x6e, 0x40, 0x37, 0x63, 0x65, 0x32, 0x37, 0x33, 0x30, 0x32, 0x64, 0x35, 0x62, 0x38, 0x32, 0x35, 0x32, 0x37, 0x37, 0x62, 0x62, 0x64, 0x37, 0x35, 0x34, 0x64, 0x30, 0x62, 0x63, 0x65, 0x38, 0x62, 0x62, 0x63, 0x39, 0x65, 0x37, 0x31, 0x66, 0x35, 0x64, 0x36, 0x34, 0x62, 0x63, 0x34, 0x66, 0x30, 0x61, 0x66, 0x31, 0x38, 0x34, 0x66, 0x63, 0x38, 0x36, 0x32, 0x64, 0x62, 0x64, 0x38, 0x63, 0x66, 0x32, 0x65, 0x25, 0x00, 0x00, 0x00, 0x03, 0x00, 0x00, 0x00, 0x61, 0x63, 0x6c, 0x00, 0x0a, 0x00, 0x00, 0x00, 0x76, 0x61, 0x6c, 0x75, 0x65, 0x2f, 0x75, 0x6e, 0x69, 0x74, 0x05, 0x00, 0x00, 0x00, 0x61, 0x64, 0x76, 0x63, 0x6c, 0x00, 0x0a, 0x00, 0x00, 0x00, 0x76, 0x61, 0x6c, 0x75, 0x65, 0x2f, 0x75, 0x6e, 0x69, 0x74, 0x06, 0x00, 0x00, 0x00, 0x61, 0x64, 0x76, 0x6d, 0x6f, 0x64, 0x00, 0x0a, 0x00, 0x00, 0x00, 0x76, 0x61, 0x6c, 0x75, 0x65, 0x2f, 0x75, 0x6e, 0x69, 0x74, 0x04, 0x00, 0x00, 0x00, 0x61, 0x6d, 0x6f, 0x64, 0x00, 0x0a, 0x00, 0x00, 0x00, 0x76, 0x61, 0x6c, 0x75, 0x65, 0x2f, 0x75, 0x6e, 0x69, 0x74, 0x05, 0x00, 0x00, 0x00, 0x61, 0x70, 0x70, 0x6f, 0x73, 0x00, 0x0a, 0x00, 0x00, 0x00, 0x76, 0x61, 0x6c, 0x75, 0x65, 0x2f, 0x75, 0x6e, 0x69, 0x74, 0x03, 0x00, 0x00, 0x00, 0x61, 0x75, 0x78, 0x00, 0x0a, 0x00, 0x00, 0x00, 0x76, 0x61, 0x6c, 0x75, 0x65, 0x2f, 0x75, 0x6e, 0x69, 0x74, 0x04, 0x00, 0x00, 0x00, 0x63, 0x61, 0x73, 0x65, 0x00, 0x0a, 0x00, 0x00, 0x00, 0x76, 0x61, 0x6c, 0x75, 0x65, 0x2f, 0x75, 0x6e, 0x69, 0x74, 0x02, 0x00, 0x00, 0x00, 0x63, 0x63, 0x00, 0x0a, 0x00, 0x00, 0x00, 0x76, 0x61, 0x6c, 0x75, 0x65, 0x2f, 0x75, 0x6e, 0x69, 0x74, 0x05, 0x00, 0x00, 0x00, 0x63, 0x63, 0x6f, 0x6d, 0x70, 0x00, 0x0a, 0x00, 0x00, 0x00, 0x76, 0x61, 0x6c, 0x75, 0x65, 0x2f, 0x75, 0x6e, 0x69, 0x74, 0x03, 0x00, 0x00, 0x00, 0x63, 0x6c, 0x66, 0x00, 0x0a, 0x00, 0x00, 0x00, 0x76, 0x61, 0x6c, 0x75, 0x65, 0x2f, 0x75, 0x6e, 0x69, 0x74, 0x08, 0x00, 0x00, 0x00, 0x63, 0x6f, 0x6d, 0x70, 0x6f, 0x75, 0x6e, 0x64, 0x00, 0x0a, 0x00, 0x00, 0x00, 0x76, 0x61, 0x6c, 0x75, 0x65, 0x2f, 0x75, 0x6e, 0x69, 0x74, 0x04, 0x00, 0x00, 0x00, 0x63, 0x6f, 0x6e, 0x6a, 0x00, 0x0a, 0x00, 0x00, 0x00, 0x76, 0x61, 0x6c, 0x75, 0x65, 0x2f, 0x75, 0x6e, 0x69, 0x74, 0x03, 0x00, 0x00, 0x00, 0x63, 0x6f, 0x70, 0x00, 0x0a, 0x00, 0x00, 0x00, 0x76, 0x61, 0x6c, 0x75, 0x65, 0x2f, 0x75, 0x6e, 0x69, 0x74, 0x05, 0x00, 0x00, 0x00, 0x63, 0x73, 0x75, 0x62, 0x6a, 0x00, 0x0a, 0x00, 0x00, 0x00, 0x76, 0x61, 0x6c, 0x75, 0x65, 0x2f, 0x75, 0x6e, 0x69, 0x74, 0x03, 0x00, 0x00, 0x00, 0x64, 0x65, 0x70, 0x00, 0x0a, 0x00, 0x00, 0x00, 0x76, 0x61, 0x6c, 0x75, 0x65, 0x2f, 0x75, 0x6e, 0x69, 0x74, 0x03, 0x00, 0x00, 0x00, 0x64, 0x65, 0x74, 0x00, 0x0a, 0x00, 0x00, 0x00, 0x76, 0x61, 0x6c, 0x75, 0x65, 0x2f, 0x75, 0x6e, 0x69, 0x74, 0x09, 0x00, 0x00, 0x00, 0x64, 0x69, 0x73, 0x63, 0x6f, 0x75, 0x72, 0x73, 0x65, 0x00, 0x0a, 0x00, 0x00, 0x00, 0x76, 0x61, 0x6c, 0x75, 0x65, 0x2f, 0x75, 0x6e, 0x69, 0x74, 0x0a, 0x00, 0x00, 0x00, 0x64, 0x69, 0x73, 0x6c, 0x6f, 0x63, 0x61, 0x74, 0x65, 0x64, 0x00, 0x0a, 0x00, 0x00, 0x00, 0x76, 0x61, 0x6c, 0x75, 0x65, 0x2f, 0x75, 0x6e, 0x69, 0x74, 0x04, 0x00, 0x00, 0x00, 0x65, 0x78, 0x70, 0x6c, 0x00, 0x0a, 0x00, 0x00, 0x00, 0x76, 0x61, 0x6c, 0x75, 0x65, 0x2f, 0x75, 0x6e, 0x69, 0x74, 0x05, 0x00, 0x00, 0x00, 0x66, 0x69, 0x78, 0x65, 0x64, 0x00, 0x0a, 0x00, 0x00, 0x00, 0x76, 0x61, 0x6c, 0x75, 0x65, 0x2f, 0x75, 0x6e, 0x69, 0x74, 0x04, 0x00, 0x00, 0x00, 0x66, 0x6c, 0x61, 0x74, 0x00, 0x0a, 0x00, 0x00, 0x00, 0x76, 0x61, 0x6c, 0x75, 0x65, 0x2f, 0x75, 0x6e, 0x69, 0x74, 0x08, 0x00, 0x00, 0x00, 0x67, 0x6f, 0x65, 0x73, 0x77, 0x69, 0x74, 0x68, 0x00, 0x0a, 0x00, 0x00, 0x00, 0x76, 0x61, 0x6c, 0x75, 0x65, 0x2f, 0x75, 0x6e, 0x69, 0x74, 0x04, 0x00, 0x00, 0x00, 0x69, 0x6f, 0x62, 0x6a, 0x00, 0x0a, 0x00, 0x00, 0x00, 0x76, 0x61, 0x6c, 0x75, 0x65, 0x2f, 0x75, 0x6e, 0x69, 0x74, 0x04, 0x00, 0x00, 0x00, 0x6c, 0x69, 0x73, 0x74, 0x00, 0x0a, 0x00, 0x00, 0x00, 0x76, 0x61, 0x6c, 0x75, 0x65, 0x2f, 0x75, 0x6e, 0x69, 0x74, 0x04, 0x00, 0x00, 0x00, 0x6d, 0x61, 0x72, 0x6b, 0x00, 0x0a, 0x00, 0x00, 0x00, 0x76, 0x61, 0x6c, 0x75, 0x65, 0x2f, 0x75, 0x6e, 0x69, 0x74, 0x04, 0x00, 0x00, 0x00, 0x6e, 0x6d, 0x6f, 0x64, 0x00, 0x0a, 0x00, 0x00, 0x00, 0x76, 0x61, 0x6c, 0x75, 0x65, 0x2f, 0x75, 0x6e, 0x69, 0x74, 0x05, 0x00, 0x00, 0x00, 0x6e, 0x73, 0x75, 0x62, 0x6a, 0x00, 0x0a, 0x00, 0x00, 0x00, 0x76, 0x61, 0x6c, 0x75, 0x65, 0x2f, 0x75, 0x6e, 0x69, 0x74, 0x06, 0x00, 0x00, 0x00, 0x6e, 0x75, 0x6d, 0x6d, 0x6f, 0x64, 0x00, 0x0a, 0x00, 0x00, 0x00, 0x76, 0x61, 0x6c, 0x75, 0x65, 0x2f, 0x75, 0x6e, 0x69, 0x74, 0x03, 0x00, 0x00, 0x00, 0x6f, 0x62, 0x6a, 0x00, 0x0a, 0x00, 0x00, 0x00, 0x76, 0x61, 0x6c, 0x75, 0x65, 0x2f, 0x75, 0x6e, 0x69, 0x74, 0x03, 0x00, 0x00, 0x00, 0x6f, 0x62, 0x6c, 0x00, 0x0a, 0x00, 0x00, 0x00, 0x76, 0x61, 0x6c, 0x75, 0x65, 0x2f, 0x75, 0x6e, 0x69, 0x74, 0x06, 0x00, 0x00, 0x00, 0x6f, 0x72, 0x70, 0x68, 0x61, 0x6e, 0x00, 0x0a, 0x00, 0x00, 0x00, 0x76, 0x61, 0x6c, 0x75, 0x65, 0x2f, 0x75, 0x6e, 0x69, 0x74, 0x09, 0x00, 0x00, 0x00, 0x70, 0x61, 0x72, 0x61, 0x74, 0x61, 0x78, 0x69, 0x73, 0x00, 0x0a, 0x00, 0x00, 0x00, 0x76, 0x61, 0x6c, 0x75, 0x65, 0x2f, 0x75, 0x6e, 0x69, 0x74, 0x05, 0x00, 0x00, 0x00, 0x70, 0x75, 0x6e, 0x63, 0x74, 0x00, 0x0a, 0x00, 0x00, 0x00, 0x76, 0x61, 0x6c, 0x75, 0x65, 0x2f, 0x75, 0x6e, 0x69, 0x74, 0x0a, 0x00, 0x00, 0x00, 0x72, 0x65, 0x70, 0x61, 0x72, 0x61, 0x6e, 0x64, 0x75, 0x6d, 0x00, 0x0a, 0x00, 0x00, 0x00, 0x76, 0x61, 0x6c, 0x75, 0x65, 0x2f, 0x75, 0x6e, 0x69, 0x74, 0x04, 0x00, 0x00, 0x00, 0x72, 0x6f, 0x6f, 0x74, 0x00, 0x0a, 0x00, 0x00, 0x00, 0x76, 0x61, 0x6c, 0x75, 0x65, 0x2f, 0x75, 0x6e, 0x69, 0x74, 0x08, 0x00, 0x00, 0x00, 0x76, 0x6f, 0x63, 0x61, 0x74, 0x69, 0x76, 0x65, 0x00, 0x0a, 0x00, 0x00, 0x00, 0x76, 0x61, 0x6c, 0x75, 0x65, 0x2f, 0x75, 0x6e, 0x69, 0x74, 0x05, 0x00, 0x00, 0x00, 0x78, 0x63, 0x6f, 0x6d, 0x70, 0x00, 0x0a, 0x00, 0x00, 0x00, 0x76, 0x61, 0x6c, 0x75, 0x65, 0x2f, 0x75, 0x6e, 0x69, 0x74, 0x07, 0x00, 0x00, 0x00, 0x73, 0x75, 0x62, 0x74, 0x79, 0x70, 0x65, 0x05, 0x5b, 0x00, 0x00, 0x00, 0x74, 0x79, 0x70, 0x65, 0x2f, 0x4c, 0x61, 0x6e, 0x67, 0x75, 0x61, 0x67, 0x65, 0x50, 0x61, 0x72, 0x73, 0x65, 0x72, 0x53, 0x75, 0x62, 0x74, 0x79, 0x70, 0x65, 0x40, 0x33, 0x61, 0x35, 0x39, 0x61, 0x64, 0x35, 0x34, 0x63, 0x38, 0x65, 0x31, 0x39, 0x30, 0x30, 0x31, 0x35, 0x37, 0x35, 0x31, 0x34, 0x32, 0x65, 0x32, 0x31, 0x34, 0x35, 0x65, 0x39, 0x61, 0x62, 0x61, 0x32, 0x35, 0x36, 0x37, 0x32, 0x38, 0x63, 0x34, 0x39, 0x66, 0x33, 0x35, 0x36, 0x34, 0x34, 0x66, 0x31, 0x61, 0x39, 0x33, 0x38, 0x30, 0x37, 0x35, 0x62, 0x61, 0x39, 0x31, 0x63, 0x36, 0x34, 0x35, 0x00, 0x0a, 0x00, 0x00, 0x00, 0x76, 0x61, 0x6c, 0x75, 0x65, 0x2f, 0x74, 0x65, 0x78, 0x74, 0x09, 0x00, 0x00, 0x00, 0x72, 0x65, 0x6c, 0x61, 0x74, 0x69, 0x6f, 0x6e, 0x33, 0x02, 0x5c, 0x00, 0x00, 0x00, 0x74, 0x79, 0x70, 0x65, 0x2f, 0x4c, 0x61, 0x6e, 0x67, 0x75, 0x61, 0x67, 0x65, 0x50, 0x61, 0x72, 0x73, 0x65, 0x72, 0x52, 0x65, 0x6c, 0x61, 0x74, 0x69, 0x6f, 0x6e, 0x40, 0x63, 0x39, 0x64, 0x36, 0x34, 0x63, 0x35, 0x36, 0x64, 0x62, 0x32, 0x61, 0x61, 0x34, 0x30, 0x65, 0x35, 0x66, 0x66, 0x35, 0x36, 0x62, 0x63, 0x61, 0x64, 0x65, 0x33, 0x30, 0x66, 0x38, 0x38, 0x34, 0x37, 0x35, 0x33, 0x62, 0x65, 0x32, 0x33, 0x33, 0x36, 0x34, 0x65, 0x32, 0x34, 0x31, 0x33, 0x38, 0x64, 0x33, 0x65, 0x36, 0x36, 0x66, 0x62, 0x35, 0x66, 0x61, 0x32, 0x34, 0x38, 0x35, 0x66, 0x36, 0x02, 0x00, 0x00, 0x00, 0x04, 0x00, 0x00, 0x00, 0x62, 0x61, 0x73, 0x65, 0x03, 0x69, 0x00, 0x00, 0x00, 0x74, 0x79, 0x70, 0x65, 0x2f, 0x4c, 0x61, 0x6e, 0x67, 0x75, 0x61, 0x67, 0x65, 0x55, 0x6e, 0x69, 0x76, 0x65, 0x72, 0x73, 0x61, 0x6c, 0x44, 0x65, 0x70, 0x65, 0x6e, 0x64, 0x65, 0x6e, 0x63, 0x79, 0x52, 0x65, 0x6c, 0x61, 0x74, 0x69, 0x6f, 0x6e, 0x40, 0x37, 0x63, 0x65, 0x32, 0x37, 0x33, 0x30, 0x32, 0x64, 0x35, 0x62, 0x38, 0x32, 0x35, 0x32, 0x37, 0x37, 0x62, 0x62, 0x64, 0x37, 0x35, 0x34, 0x64, 0x30, 0x62, 0x63, 0x65, 0x38, 0x62, 0x62, 0x63, 0x39, 0x65, 0x37, 0x31, 0x66, 0x35, 0x64, 0x36, 0x34, 0x62, 0x63, 0x34, 0x66, 0x30, 0x61, 0x66, 0x31, 0x38, 0x34, 0x66, 0x63, 0x38, 0x36, 0x32, 0x64, 0x62, 0x64, 0x38, 0x63, 0x66, 0x32, 0x65, 0x25, 0x00, 0x00, 0x00, 0x03, 0x00, 0x00, 0x00, 0x61, 0x63, 0x6c, 0x00, 0x0a, 0x00, 0x00, 0x00, 0x76, 0x61, 0x6c, 0x75, 0x65, 0x2f, 0x75, 0x6e, 0x69, 0x74, 0x05, 0x00, 0x00, 0x00, 0x61, 0x64, 0x76, 0x63, 0x6c, 0x00, 0x0a, 0x00, 0x00, 0x00, 0x76, 0x61, 0x6c, 0x75, 0x65, 0x2f, 0x75, 0x6e, 0x69, 0x74, 0x06, 0x00, 0x00, 0x00, 0x61, 0x64, 0x76, 0x6d, 0x6f, 0x64, 0x00, 0x0a, 0x00, 0x00, 0x00, 0x76, 0x61, 0x6c, 0x75, 0x65, 0x2f, 0x75, 0x6e, 0x69, 0x74, 0x04, 0x00, 0x00, 0x00, 0x61, 0x6d, 0x6f, 0x64, 0x00, 0x0a, 0x00, 0x00, 0x00, 0x76, 0x61, 0x6c, 0x75, 0x65, 0x2f, 0x75, 0x6e, 0x69, 0x74, 0x05, 0x00, 0x00, 0x00, 0x61, 0x70, 0x70, 0x6f, 0x73, 0x00, 0x0a, 0x00, 0x00, 0x00, 0x76, 0x61, 0x6c, 0x75, 0x65, 0x2f, 0x75, 0x6e, 0x69, 0x74, 0x03, 0x00, 0x00, 0x00, 0x61, 0x75, 0x78, 0x00, 0x0a, 0x00, 0x00, 0x00, 0x76, 0x61, 0x6c, 0x75, 0x65, 0x2f, 0x75, 0x6e, 0x69, 0x74, 0x04, 0x00, 0x00, 0x00, 0x63, 0x61, 0x73, 0x65, 0x00, 0x0a, 0x00, 0x00, 0x00, 0x76, 0x61, 0x6c, 0x75, 0x65, 0x2f, 0x75, 0x6e, 0x69, 0x74, 0x02, 0x00, 0x00, 0x00, 0x63, 0x63, 0x00, 0x0a, 0x00, 0x00, 0x00, 0x76, 0x61, 0x6c, 0x75, 0x65, 0x2f, 0x75, 0x6e, 0x69, 0x74, 0x05, 0x00, 0x00, 0x00, 0x63, 0x63, 0x6f, 0x6d, 0x70, 0x00, 0x0a, 0x00, 0x00, 0x00, 0x76, 0x61, 0x6c, 0x75, 0x65, 0x2f, 0x75, 0x6e, 0x69, 0x74, 0x03, 0x00, 0x00, 0x00, 0x63, 0x6c, 0x66, 0x00, 0x0a, 0x00, 0x00, 0x00, 0x76, 0x61, 0x6c, 0x75, 0x65, 0x2f, 0x75, 0x6e, 0x69, 0x74, 0x08, 0x00, 0x00, 0x00, 0x63, 0x6f, 0x6d, 0x70, 0x6f, 0x75, 0x6e, 0x64, 0x00, 0x0a, 0x00, 0x00, 0x00, 0x76, 0x61, 0x6c, 0x75, 0x65, 0x2f, 0x75, 0x6e, 0x69, 0x74, 0x04, 0x00, 0x00, 0x00, 0x63, 0x6f, 0x6e, 0x6a, 0x00, 0x0a, 0x00, 0x00, 0x00, 0x76, 0x61, 0x6c, 0x75, 0x65, 0x2f, 0x75, 0x6e, 0x69, 0x74, 0x03, 0x00, 0x00, 0x00, 0x63, 0x6f, 0x70, 0x00, 0x0a, 0x00, 0x00, 0x00, 0x76, 0x61, 0x6c, 0x75, 0x65, 0x2f, 0x75, 0x6e, 0x69, 0x74, 0x05, 0x00, 0x00, 0x00, 0x63, 0x73, 0x75, 0x62, 0x6a, 0x00, 0x0a, 0x00, 0x00, 0x00, 0x76, 0x61, 0x6c, 0x75, 0x65, 0x2f, 0x75, 0x6e, 0x69, 0x74, 0x03, 0x00, 0x00, 0x00, 0x64, 0x65, 0x70, 0x00, 0x0a, 0x00, 0x00, 0x00, 0x76, 0x61, 0x6c, 0x75, 0x65, 0x2f, 0x75, 0x6e, 0x69, 0x74, 0x03, 0x00, 0x00, 0x00, 0x64, 0x65, 0x74, 0x00, 0x0a, 0x00, 0x00, 0x00, 0x76, 0x61, 0x6c, 0x75, 0x65, 0x2f, 0x75, 0x6e, 0x69, 0x74, 0x09, 0x00, 0x00, 0x00, 0x64, 0x69, 0x73, 0x63, 0x6f, 0x75, 0x72, 0x73, 0x65, 0x00, 0x0a, 0x00, 0x00, 0x00, 0x76, 0x61, 0x6c, 0x75, 0x65, 0x2f, 0x75, 0x6e, 0x69, 0x74, 0x0a, 0x00, 0x00, 0x00, 0x64, 0x69, 0x73, 0x6c, 0x6f, 0x63, 0x61, 0x74, 0x65, 0x64, 0x00, 0x0a, 0x00, 0x00, 0x00, 0x76, 0x61, 0x6c, 0x75, 0x65, 0x2f, 0x75, 0x6e, 0x69, 0x74, 0x04, 0x00, 0x00, 0x00, 0x65, 0x78, 0x70, 0x6c, 0x00, 0x0a, 0x00, 0x00, 0x00, 0x76, 0x61, 0x6c, 0x75, 0x65, 0x2f, 0x75, 0x6e, 0x69, 0x74, 0x05, 0x00, 0x00, 0x00, 0x66, 0x69, 0x78, 0x65, 0x64, 0x00, 0x0a, 0x00, 0x00, 0x00, 0x76, 0x61, 0x6c, 0x75, 0x65, 0x2f, 0x75, 0x6e, 0x69, 0x74, 0x04, 0x00, 0x00, 0x00, 0x66, 0x6c, 0x61, 0x74, 0x00, 0x0a, 0x00, 0x00, 0x00, 0x76, 0x61, 0x6c, 0x75, 0x65, 0x2f, 0x75, 0x6e, 0x69, 0x74, 0x08, 0x00, 0x00, 0x00, 0x67, 0x6f, 0x65, 0x73, 0x77, 0x69, 0x74, 0x68, 0x00, 0x0a, 0x00, 0x00, 0x00, 0x76, 0x61, 0x6c, 0x75, 0x65, 0x2f, 0x75, 0x6e, 0x69, 0x74, 0x04, 0x00, 0x00, 0x00, 0x69, 0x6f, 0x62, 0x6a, 0x00, 0x0a, 0x00, 0x00, 0x00, 0x76, 0x61, 0x6c, 0x75, 0x65, 0x2f, 0x75, 0x6e, 0x69, 0x74, 0x04, 0x00, 0x00, 0x00, 0x6c, 0x69, 0x73, 0x74, 0x00, 0x0a, 0x00, 0x00, 0x00, 0x76, 0x61, 0x6c, 0x75, 0x65, 0x2f, 0x75, 0x6e, 0x69, 0x74, 0x04, 0x00, 0x00, 0x00, 0x6d, 0x61, 0x72, 0x6b, 0x00, 0x0a, 0x00, 0x00, 0x00, 0x76, 0x61, 0x6c, 0x75, 0x65, 0x2f, 0x75, 0x6e, 0x69, 0x74, 0x04, 0x00, 0x00, 0x00, 0x6e, 0x6d, 0x6f, 0x64, 0x00, 0x0a, 0x00, 0x00, 0x00, 0x76, 0x61, 0x6c, 0x75, 0x65, 0x2f, 0x75, 0x6e, 0x69, 0x74, 0x05, 0x00, 0x00, 0x00, 0x6e, 0x73, 0x75, 0x62, 0x6a, 0x00, 0x0a, 0x00, 0x00, 0x00, 0x76, 0x61, 0x6c, 0x75, 0x65, 0x2f, 0x75, 0x6e, 0x69, 0x74, 0x06, 0x00, 0x00, 0x00, 0x6e, 0x75, 0x6d, 0x6d, 0x6f, 0x64, 0x00, 0x0a, 0x00, 0x00, 0x00, 0x76, 0x61, 0x6c, 0x75, 0x65, 0x2f, 0x75, 0x6e, 0x69, 0x74, 0x03, 0x00, 0x00, 0x00, 0x6f, 0x62, 0x6a, 0x00, 0x0a, 0x00, 0x00, 0x00, 0x76, 0x61, 0x6c, 0x75, 0x65, 0x2f, 0x75, 0x6e, 0x69, 0x74, 0x03, 0x00, 0x00, 0x00, 0x6f, 0x62, 0x6c, 0x00, 0x0a, 0x00, 0x00, 0x00, 0x76, 0x61, 0x6c, 0x75, 0x65, 0x2f, 0x75, 0x6e, 0x69, 0x74, 0x06, 0x00, 0x00, 0x00, 0x6f, 0x72, 0x70, 0x68, 0x61, 0x6e, 0x00, 0x0a, 0x00, 0x00, 0x00, 0x76, 0x61, 0x6c, 0x75, 0x65, 0x2f, 0x75, 0x6e, 0x69, 0x74, 0x09, 0x00, 0x00, 0x00, 0x70, 0x61, 0x72, 0x61, 0x74, 0x61, 0x78, 0x69, 0x73, 0x00, 0x0a, 0x00, 0x00, 0x00, 0x76, 0x61, 0x6c, 0x75, 0x65, 0x2f, 0x75, 0x6e, 0x69, 0x74, 0x05, 0x00, 0x00, 0x00, 0x70, 0x75, 0x6e, 0x63, 0x74, 0x00, 0x0a, 0x00, 0x00, 0x00, 0x76, 0x61, 0x6c, 0x75, 0x65, 0x2f, 0x75, 0x6e, 0x69, 0x74, 0x0a, 0x00, 0x00, 0x00, 0x72, 0x65, 0x70, 0x61, 0x72, 0x61, 0x6e, 0x64, 0x75, 0x6d, 0x00, 0x0a, 0x00, 0x00, 0x00, 0x76, 0x61, 0x6c, 0x75, 0x65, 0x2f, 0x75, 0x6e, 0x69, 0x74, 0x04, 0x00, 0x00, 0x00, 0x72, 0x6f, 0x6f, 0x74, 0x00, 0x0a, 0x00, 0x00, 0x00, 0x76, 0x61, 0x6c, 0x75, 0x65, 0x2f, 0x75, 0x6e, 0x69, 0x74, 0x08, 0x00, 0x00, 0x00, 0x76, 0x6f, 0x63, 0x61, 0x74, 0x69, 0x76, 0x65, 0x00, 0x0a, 0x00, 0x00, 0x00, 0x76, 0x61, 0x6c, 0x75, 0x65, 0x2f, 0x75, 0x6e, 0x69, 0x74, 0x05, 0x00, 0x00, 0x00, 0x78, 0x63, 0x6f, 0x6d, 0x70, 0x00, 0x0a, 0x00, 0x00, 0x00, 0x76, 0x61, 0x6c, 0x75, 0x65, 0x2f, 0x75, 0x6e, 0x69, 0x74, 0x07, 0x00, 0x00, 0x00, 0x73, 0x75, 0x62, 0x74, 0x79, 0x70, 0x65, 0x05, 0x5b, 0x00, 0x00, 0x00, 0x74, 0x79, 0x70, 0x65, 0x2f, 0x4c, 0x61, 0x6e, 0x67, 0x75, 0x61, 0x67, 0x65, 0x50, 0x61, 0x72, 0x73, 0x65, 0x72, 0x53, 0x75, 0x62, 0x74, 0x79, 0x70, 0x65, 0x40, 0x33, 0x61, 0x35, 0x39, 0x61, 0x64, 0x35, 0x34, 0x63, 0x38, 0x65, 0x31, 0x39, 0x30, 0x30, 0x31, 0x35, 0x37, 0x35, 0x31, 0x34, 0x32, 0x65, 0x32, 0x31, 0x34, 0x35, 0x65, 0x39, 0x61, 0x62, 0x61, 0x32, 0x35, 0x36, 0x37, 0x32, 0x38, 0x63, 0x34, 0x39, 0x66, 0x33, 0x35, 0x36, 0x34, 0x34, 0x66, 0x31, 0x61, 0x39, 0x33, 0x38, 0x30, 0x37, 0x35, 0x62, 0x61, 0x39, 0x31, 0x63, 0x36, 0x34, 0x35, 0x00, 0x0a, 0x00, 0x00, 0x00, 0x76, 0x61, 0x6c, 0x75, 0x65, 0x2f, 0x74, 0x65, 0x78, 0x74, 0x09, 0x00, 0x00, 0x00, 0x72, 0x65, 0x6c, 0x61, 0x74, 0x69, 0x6f, 0x6e, 0x34, 0x02, 0x5c, 0x00, 0x00, 0x00, 0x74, 0x79, 0x70, 0x65, 0x2f, 0x4c, 0x61, 0x6e, 0x67, 0x75, 0x61, 0x67, 0x65, 0x50, 0x61, 0x72, 0x73, 0x65, 0x72, 0x52, 0x65, 0x6c, 0x61, 0x74, 0x69, 0x6f, 0x6e, 0x40, 0x63, 0x39, 0x64, 0x36, 0x34, 0x63, 0x35, 0x36, 0x64, 0x62, 0x32, 0x61, 0x61, 0x34, 0x30, 0x65, 0x35, 0x66, 0x66, 0x35, 0x36, 0x62, 0x63, 0x61, 0x64, 0x65, 0x33, 0x30, 0x66, 0x38, 0x38, 0x34, 0x37, 0x35, 0x33, 0x62, 0x65, 0x32, 0x33, 0x33, 0x36, 0x34, 0x65, 0x32, 0x34, 0x31, 0x33, 0x38, 0x64, 0x33, 0x65, 0x36, 0x36, 0x66, 0x62, 0x35, 0x66, 0x61, 0x32, 0x34, 0x38, 0x35, 0x66, 0x36, 0x02, 0x00, 0x00, 0x00, 0x04, 0x00, 0x00, 0x00, 0x62, 0x61, 0x73, 0x65, 0x03, 0x69, 0x00, 0x00, 0x00, 0x74, 0x79, 0x70, 0x65, 0x2f, 0x4c, 0x61, 0x6e, 0x67, 0x75, 0x61, 0x67, 0x65, 0x55, 0x6e, 0x69, 0x76, 0x65, 0x72, 0x73, 0x61, 0x6c, 0x44, 0x65, 0x70, 0x65, 0x6e, 0x64, 0x65, 0x6e, 0x63, 0x79, 0x52, 0x65, 0x6c, 0x61, 0x74, 0x69, 0x6f, 0x6e, 0x40, 0x37, 0x63, 0x65, 0x32, 0x37, 0x33, 0x30, 0x32, 0x64, 0x35, 0x62, 0x38, 0x32, 0x35, 0x32, 0x37, 0x37, 0x62, 0x62, 0x64, 0x37, 0x35, 0x34, 0x64, 0x30, 0x62, 0x63, 0x65, 0x38, 0x62, 0x62, 0x63, 0x39, 0x65, 0x37, 0x31, 0x66, 0x35, 0x64, 0x36, 0x34, 0x62, 0x63, 0x34, 0x66, 0x30, 0x61, 0x66, 0x31, 0x38, 0x34, 0x66, 0x63, 0x38, 0x36, 0x32, 0x64, 0x62, 0x64, 0x38, 0x63, 0x66, 0x32, 0x65, 0x25, 0x00, 0x00, 0x00, 0x03, 0x00, 0x00, 0x00, 0x61, 0x63, 0x6c, 0x00, 0x0a, 0x00, 0x00, 0x00, 0x76, 0x61, 0x6c, 0x75, 0x65, 0x2f, 0x75, 0x6e, 0x69, 0x74, 0x05, 0x00, 0x00, 0x00, 0x61, 0x64, 0x76, 0x63, 0x6c, 0x00, 0x0a, 0x00, 0x00, 0x00, 0x76, 0x61, 0x6c, 0x75, 0x65, 0x2f, 0x75, 0x6e, 0x69, 0x74, 0x06, 0x00, 0x00, 0x00, 0x61, 0x64, 0x76, 0x6d, 0x6f, 0x64, 0x00, 0x0a, 0x00, 0x00, 0x00, 0x76, 0x61, 0x6c, 0x75, 0x65, 0x2f, 0x75, 0x6e, 0x69, 0x74, 0x04, 0x00, 0x00, 0x00, 0x61, 0x6d, 0x6f, 0x64, 0x00, 0x0a, 0x00, 0x00, 0x00, 0x76, 0x61, 0x6c, 0x75, 0x65, 0x2f, 0x75, 0x6e, 0x69, 0x74, 0x05, 0x00, 0x00, 0x00, 0x61, 0x70, 0x70, 0x6f, 0x73, 0x00, 0x0a, 0x00, 0x00, 0x00, 0x76, 0x61, 0x6c, 0x75, 0x65, 0x2f, 0x75, 0x6e, 0x69, 0x74, 0x03, 0x00, 0x00, 0x00, 0x61, 0x75, 0x78, 0x00, 0x0a, 0x00, 0x00, 0x00, 0x76, 0x61, 0x6c, 0x75, 0x65, 0x2f, 0x75, 0x6e, 0x69, 0x74, 0x04, 0x00, 0x00, 0x00, 0x63, 0x61, 0x73, 0x65, 0x00, 0x0a, 0x00, 0x00, 0x00, 0x76, 0x61, 0x6c, 0x75, 0x65, 0x2f, 0x75, 0x6e, 0x69, 0x74, 0x02, 0x00, 0x00, 0x00, 0x63, 0x63, 0x00, 0x0a, 0x00, 0x00, 0x00, 0x76, 0x61, 0x6c, 0x75, 0x65, 0x2f, 0x75, 0x6e, 0x69, 0x74, 0x05, 0x00, 0x00, 0x00, 0x63, 0x63, 0x6f, 0x6d, 0x70, 0x00, 0x0a, 0x00, 0x00, 0x00, 0x76, 0x61, 0x6c, 0x75, 0x65, 0x2f, 0x75, 0x6e, 0x69, 0x74, 0x03, 0x00, 0x00, 0x00, 0x63, 0x6c, 0x66, 0x00, 0x0a, 0x00, 0x00, 0x00, 0x76, 0x61, 0x6c, 0x75, 0x65, 0x2f, 0x75, 0x6e, 0x69, 0x74, 0x08, 0x00, 0x00, 0x00, 0x63, 0x6f, 0x6d, 0x70, 0x6f, 0x75, 0x6e, 0x64, 0x00, 0x0a, 0x00, 0x00, 0x00, 0x76, 0x61, 0x6c, 0x75, 0x65, 0x2f, 0x75, 0x6e, 0x69, 0x74, 0x04, 0x00, 0x00, 0x00, 0x63, 0x6f, 0x6e, 0x6a, 0x00, 0x0a, 0x00, 0x00, 0x00, 0x76, 0x61, 0x6c, 0x75, 0x65, 0x2f, 0x75, 0x6e, 0x69, 0x74, 0x03, 0x00, 0x00, 0x00, 0x63, 0x6f, 0x70, 0x00, 0x0a, 0x00, 0x00, 0x00, 0x76, 0x61, 0x6c, 0x75, 0x65, 0x2f, 0x75, 0x6e, 0x69, 0x74, 0x05, 0x00, 0x00, 0x00, 0x63, 0x73, 0x75, 0x62, 0x6a, 0x00, 0x0a, 0x00, 0x00, 0x00, 0x76, 0x61, 0x6c, 0x75, 0x65, 0x2f, 0x75, 0x6e, 0x69, 0x74, 0x03, 0x00, 0x00, 0x00, 0x64, 0x65, 0x70, 0x00, 0x0a, 0x00, 0x00, 0x00, 0x76, 0x61, 0x6c, 0x75, 0x65, 0x2f, 0x75, 0x6e, 0x69, 0x74, 0x03, 0x00, 0x00, 0x00, 0x64, 0x65, 0x74, 0x00, 0x0a, 0x00, 0x00, 0x00, 0x76, 0x61, 0x6c, 0x75, 0x65, 0x2f, 0x75, 0x6e, 0x69, 0x74, 0x09, 0x00, 0x00, 0x00, 0x64, 0x69, 0x73, 0x63, 0x6f, 0x75, 0x72, 0x73, 0x65, 0x00, 0x0a, 0x00, 0x00, 0x00, 0x76, 0x61, 0x6c, 0x75, 0x65, 0x2f, 0x75, 0x6e, 0x69, 0x74, 0x0a, 0x00, 0x00, 0x00, 0x64, 0x69, 0x73, 0x6c, 0x6f, 0x63, 0x61, 0x74, 0x65, 0x64, 0x00, 0x0a, 0x00, 0x00, 0x00, 0x76, 0x61, 0x6c, 0x75, 0x65, 0x2f, 0x75, 0x6e, 0x69, 0x74, 0x04, 0x00, 0x00, 0x00, 0x65, 0x78, 0x70, 0x6c, 0x00, 0x0a, 0x00, 0x00, 0x00, 0x76, 0x61, 0x6c, 0x75, 0x65, 0x2f, 0x75, 0x6e, 0x69, 0x74, 0x05, 0x00, 0x00, 0x00, 0x66, 0x69, 0x78, 0x65, 0x64, 0x00, 0x0a, 0x00, 0x00, 0x00, 0x76, 0x61, 0x6c, 0x75, 0x65, 0x2f, 0x75, 0x6e, 0x69, 0x74, 0x04, 0x00, 0x00, 0x00, 0x66, 0x6c, 0x61, 0x74, 0x00, 0x0a, 0x00, 0x00, 0x00, 0x76, 0x61, 0x6c, 0x75, 0x65, 0x2f, 0x75, 0x6e, 0x69, 0x74, 0x08, 0x00, 0x00, 0x00, 0x67, 0x6f, 0x65, 0x73, 0x77, 0x69, 0x74, 0x68, 0x00, 0x0a, 0x00, 0x00, 0x00, 0x76, 0x61, 0x6c, 0x75, 0x65, 0x2f, 0x75, 0x6e, 0x69, 0x74, 0x04, 0x00, 0x00, 0x00, 0x69, 0x6f, 0x62, 0x6a, 0x00, 0x0a, 0x00, 0x00, 0x00, 0x76, 0x61, 0x6c, 0x75, 0x65, 0x2f, 0x75, 0x6e, 0x69, 0x74, 0x04, 0x00, 0x00, 0x00, 0x6c, 0x69, 0x73, 0x74, 0x00, 0x0a, 0x00, 0x00, 0x00, 0x76, 0x61, 0x6c, 0x75, 0x65, 0x2f, 0x75, 0x6e, 0x69, 0x74, 0x04, 0x00, 0x00, 0x00, 0x6d, 0x61, 0x72, 0x6b, 0x00, 0x0a, 0x00, 0x00, 0x00, 0x76, 0x61, 0x6c, 0x75, 0x65, 0x2f, 0x75, 0x6e, 0x69, 0x74, 0x04, 0x00, 0x00, 0x00, 0x6e, 0x6d, 0x6f, 0x64, 0x00, 0x0a, 0x00, 0x00, 0x00, 0x76, 0x61, 0x6c, 0x75, 0x65, 0x2f, 0x75, 0x6e, 0x69, 0x74, 0x05, 0x00, 0x00, 0x00, 0x6e, 0x73, 0x75, 0x62, 0x6a, 0x00, 0x0a, 0x00, 0x00, 0x00, 0x76, 0x61, 0x6c, 0x75, 0x65, 0x2f, 0x75, 0x6e, 0x69, 0x74, 0x06, 0x00, 0x00, 0x00, 0x6e, 0x75, 0x6d, 0x6d, 0x6f, 0x64, 0x00, 0x0a, 0x00, 0x00, 0x00, 0x76, 0x61, 0x6c, 0x75, 0x65, 0x2f, 0x75, 0x6e, 0x69, 0x74, 0x03, 0x00, 0x00, 0x00, 0x6f, 0x62, 0x6a, 0x00, 0x0a, 0x00, 0x00, 0x00, 0x76, 0x61, 0x6c, 0x75, 0x65, 0x2f, 0x75, 0x6e, 0x69, 0x74, 0x03, 0x00, 0x00, 0x00, 0x6f, 0x62, 0x6c, 0x00, 0x0a, 0x00, 0x00, 0x00, 0x76, 0x61, 0x6c, 0x75, 0x65, 0x2f, 0x75, 0x6e, 0x69, 0x74, 0x06, 0x00, 0x00, 0x00, 0x6f, 0x72, 0x70, 0x68, 0x61, 0x6e, 0x00, 0x0a, 0x00, 0x00, 0x00, 0x76, 0x61, 0x6c, 0x75, 0x65, 0x2f, 0x75, 0x6e, 0x69, 0x74, 0x09, 0x00, 0x00, 0x00, 0x70, 0x61, 0x72, 0x61, 0x74, 0x61, 0x78, 0x69, 0x73, 0x00, 0x0a, 0x00, 0x00, 0x00, 0x76, 0x61, 0x6c, 0x75, 0x65, 0x2f, 0x75, 0x6e, 0x69, 0x74, 0x05, 0x00, 0x00, 0x00, 0x70, 0x75, 0x6e, 0x63, 0x74, 0x00, 0x0a, 0x00, 0x00, 0x00, 0x76, 0x61, 0x6c, 0x75, 0x65, 0x2f, 0x75, 0x6e, 0x69, 0x74, 0x0a, 0x00, 0x00, 0x00, 0x72, 0x65, 0x70, 0x61, 0x72, 0x61, 0x6e, 0x64, 0x75, 0x6d, 0x00, 0x0a, 0x00, 0x00, 0x00, 0x76, 0x61, 0x6c, 0x75, 0x65, 0x2f, 0x75, 0x6e, 0x69, 0x74, 0x04, 0x00, 0x00, 0x00, 0x72, 0x6f, 0x6f, 0x74, 0x00, 0x0a, 0x00, 0x00, 0x00, 0x76, 0x61, 0x6c, 0x75, 0x65, 0x2f, 0x75, 0x6e, 0x69, 0x74, 0x08, 0x00, 0x00, 0x00, 0x76, 0x6f, 0x63, 0x61, 0x74, 0x69, 0x76, 0x65, 0x00, 0x0a, 0x00, 0x00, 0x00, 0x76, 0x61, 0x6c, 0x75, 0x65, 0x2f, 0x75, 0x6e, 0x69, 0x74, 0x05, 0x00, 0x00, 0x00, 0x78, 0x63, 0x6f, 0x6d, 0x70, 0x00, 0x0a, 0x00, 0x00, 0x00, 0x76, 0x61, 0x6c, 0x75, 0x65, 0x2f, 0x75, 0x6e, 0x69, 0x74, 0x07, 0x00, 0x00, 0x00, 0x73, 0x75, 0x62, 0x74, 0x79, 0x70, 0x65, 0x05, 0x5b, 0x00, 0x00, 0x00, 0x74, 0x79, 0x70, 0x65, 0x2f, 0x4c, 0x61, 0x6e, 0x67, 0x75, 0x61, 0x67, 0x65, 0x50, 0x61, 0x72, 0x73, 0x65, 0x72, 0x53, 0x75, 0x62, 0x74, 0x79, 0x70, 0x65, 0x40, 0x33, 0x61, 0x35, 0x39, 0x61, 0x64, 0x35, 0x34, 0x63, 0x38, 0x65, 0x31, 0x39, 0x30, 0x30, 0x31, 0x35, 0x37, 0x35, 0x31, 0x34, 0x32, 0x65, 0x32, 0x31, 0x34, 0x35, 0x65, 0x39, 0x61, 0x62, 0x61, 0x32, 0x35, 0x36, 0x37, 0x32, 0x38, 0x63, 0x34, 0x39, 0x66, 0x33, 0x35, 0x36, 0x34, 0x34, 0x66, 0x31, 0x61, 0x39, 0x33, 0x38, 0x30, 0x37, 0x35, 0x62, 0x61, 0x39, 0x31, 0x63, 0x36, 0x34, 0x35, 0x00, 0x0a, 0x00, 0x00, 0x00, 0x76, 0x61, 0x6c, 0x75, 0x65, 0x2f, 0x74, 0x65, 0x78, 0x74, 0x09, 0x00, 0x00, 0x00, 0x72, 0x65, 0x6c, 0x61, 0x74, 0x69, 0x6f, 0x6e, 0x35, 0x02, 0x5c, 0x00, 0x00, 0x00, 0x74, 0x79, 0x70, 0x65, 0x2f, 0x4c, 0x61, 0x6e, 0x67, 0x75, 0x61, 0x67, 0x65, 0x50, 0x61, 0x72, 0x73, 0x65, 0x72, 0x52, 0x65, 0x6c, 0x61, 0x74, 0x69, 0x6f, 0x6e, 0x40, 0x63, 0x39, 0x64, 0x36, 0x34, 0x63, 0x35, 0x36, 0x64, 0x62, 0x32, 0x61, 0x61, 0x34, 0x30, 0x65, 0x35, 0x66, 0x66, 0x35, 0x36, 0x62, 0x63, 0x61, 0x64, 0x65, 0x33, 0x30, 0x66, 0x38, 0x38, 0x34, 0x37, 0x35, 0x33, 0x62, 0x65, 0x32, 0x33, 0x33, 0x36, 0x34, 0x65, 0x32, 0x34, 0x31, 0x33, 0x38, 0x64, 0x33, 0x65, 0x36, 0x36, 0x66, 0x62, 0x35, 0x66, 0x61, 0x32, 0x34, 0x38, 0x35, 0x66, 0x36, 0x02, 0x00, 0x00, 0x00, 0x04, 0x00, 0x00, 0x00, 0x62, 0x61, 0x73, 0x65, 0x03, 0x69, 0x00, 0x00, 0x00, 0x74, 0x79, 0x70, 0x65, 0x2f, 0x4c, 0x61, 0x6e, 0x67, 0x75, 0x61, 0x67, 0x65, 0x55, 0x6e, 0x69, 0x76, 0x65, 0x72, 0x73, 0x61, 0x6c, 0x44, 0x65, 0x70, 0x65, 0x6e, 0x64, 0x65, 0x6e, 0x63, 0x79, 0x52, 0x65, 0x6c, 0x61, 0x74, 0x69, 0x6f, 0x6e, 0x40, 0x37, 0x63, 0x65, 0x32, 0x37, 0x33, 0x30, 0x32, 0x64, 0x35, 0x62, 0x38, 0x32, 0x35, 0x32, 0x37, 0x37, 0x62, 0x62, 0x64, 0x37, 0x35, 0x34, 0x64, 0x30, 0x62, 0x63, 0x65, 0x38, 0x62, 0x62, 0x63, 0x39, 0x65, 0x37, 0x31, 0x66, 0x35, 0x64, 0x36, 0x34, 0x62, 0x63, 0x34, 0x66, 0x30, 0x61, 0x66, 0x31, 0x38, 0x34, 0x66, 0x63, 0x38, 0x36, 0x32, 0x64, 0x62, 0x64, 0x38, 0x63, 0x66, 0x32, 0x65, 0x25, 0x00, 0x00, 0x00, 0x03, 0x00, 0x00, 0x00, 0x61, 0x63, 0x6c, 0x00, 0x0a, 0x00, 0x00, 0x00, 0x76, 0x61, 0x6c, 0x75, 0x65, 0x2f, 0x75, 0x6e, 0x69, 0x74, 0x05, 0x00, 0x00, 0x00, 0x61, 0x64, 0x76, 0x63, 0x6c, 0x00, 0x0a, 0x00, 0x00, 0x00, 0x76, 0x61, 0x6c, 0x75, 0x65, 0x2f, 0x75, 0x6e, 0x69, 0x74, 0x06, 0x00, 0x00, 0x00, 0x61, 0x64, 0x76, 0x6d, 0x6f, 0x64, 0x00, 0x0a, 0x00, 0x00, 0x00, 0x76, 0x61, 0x6c, 0x75, 0x65, 0x2f, 0x75, 0x6e, 0x69, 0x74, 0x04, 0x00, 0x00, 0x00, 0x61, 0x6d, 0x6f, 0x64, 0x00, 0x0a, 0x00, 0x00, 0x00, 0x76, 0x61, 0x6c, 0x75, 0x65, 0x2f, 0x75, 0x6e, 0x69, 0x74, 0x05, 0x00, 0x00, 0x00, 0x61, 0x70, 0x70, 0x6f, 0x73, 0x00, 0x0a, 0x00, 0x00, 0x00, 0x76, 0x61, 0x6c, 0x75, 0x65, 0x2f, 0x75, 0x6e, 0x69, 0x74, 0x03, 0x00, 0x00, 0x00, 0x61, 0x75, 0x78, 0x00, 0x0a, 0x00, 0x00, 0x00, 0x76, 0x61, 0x6c, 0x75, 0x65, 0x2f, 0x75, 0x6e, 0x69, 0x74, 0x04, 0x00, 0x00, 0x00, 0x63, 0x61, 0x73, 0x65, 0x00, 0x0a, 0x00, 0x00, 0x00, 0x76, 0x61, 0x6c, 0x75, 0x65, 0x2f, 0x75, 0x6e, 0x69, 0x74, 0x02, 0x00, 0x00, 0x00, 0x63, 0x63, 0x00, 0x0a, 0x00, 0x00, 0x00, 0x76, 0x61, 0x6c, 0x75, 0x65, 0x2f, 0x75, 0x6e, 0x69, 0x74, 0x05, 0x00, 0x00, 0x00, 0x63, 0x63, 0x6f, 0x6d, 0x70, 0x00, 0x0a, 0x00, 0x00, 0x00, 0x76, 0x61, 0x6c, 0x75, 0x65, 0x2f, 0x75, 0x6e, 0x69, 0x74, 0x03, 0x00, 0x00, 0x00, 0x63, 0x6c, 0x66, 0x00, 0x0a, 0x00, 0x00, 0x00, 0x76, 0x61, 0x6c, 0x75, 0x65, 0x2f, 0x75, 0x6e, 0x69, 0x74, 0x08, 0x00, 0x00, 0x00, 0x63, 0x6f, 0x6d, 0x70, 0x6f, 0x75, 0x6e, 0x64, 0x00, 0x0a, 0x00, 0x00, 0x00, 0x76, 0x61, 0x6c, 0x75, 0x65, 0x2f, 0x75, 0x6e, 0x69, 0x74, 0x04, 0x00, 0x00, 0x00, 0x63, 0x6f, 0x6e, 0x6a, 0x00, 0x0a, 0x00, 0x00, 0x00, 0x76, 0x61, 0x6c, 0x75, 0x65, 0x2f, 0x75, 0x6e, 0x69, 0x74, 0x03, 0x00, 0x00, 0x00, 0x63, 0x6f, 0x70, 0x00, 0x0a, 0x00, 0x00, 0x00, 0x76, 0x61, 0x6c, 0x75, 0x65, 0x2f, 0x75, 0x6e, 0x69, 0x74, 0x05, 0x00, 0x00, 0x00, 0x63, 0x73, 0x75, 0x62, 0x6a, 0x00, 0x0a, 0x00, 0x00, 0x00, 0x76, 0x61, 0x6c, 0x75, 0x65, 0x2f, 0x75, 0x6e, 0x69, 0x74, 0x03, 0x00, 0x00, 0x00, 0x64, 0x65, 0x70, 0x00, 0x0a, 0x00, 0x00, 0x00, 0x76, 0x61, 0x6c, 0x75, 0x65, 0x2f, 0x75, 0x6e, 0x69, 0x74, 0x03, 0x00, 0x00, 0x00, 0x64, 0x65, 0x74, 0x00, 0x0a, 0x00, 0x00, 0x00, 0x76, 0x61, 0x6c, 0x75, 0x65, 0x2f, 0x75, 0x6e, 0x69, 0x74, 0x09, 0x00, 0x00, 0x00, 0x64, 0x69, 0x73, 0x63, 0x6f, 0x75, 0x72, 0x73, 0x65, 0x00, 0x0a, 0x00, 0x00, 0x00, 0x76, 0x61, 0x6c, 0x75, 0x65, 0x2f, 0x75, 0x6e, 0x69, 0x74, 0x0a, 0x00, 0x00, 0x00, 0x64, 0x69, 0x73, 0x6c, 0x6f, 0x63, 0x61, 0x74, 0x65, 0x64, 0x00, 0x0a, 0x00, 0x00, 0x00, 0x76, 0x61, 0x6c, 0x75, 0x65, 0x2f, 0x75, 0x6e, 0x69, 0x74, 0x04, 0x00, 0x00, 0x00, 0x65, 0x78, 0x70, 0x6c, 0x00, 0x0a, 0x00, 0x00, 0x00, 0x76, 0x61, 0x6c, 0x75, 0x65, 0x2f, 0x75, 0x6e, 0x69, 0x74, 0x05, 0x00, 0x00, 0x00, 0x66, 0x69, 0x78, 0x65, 0x64, 0x00, 0x0a, 0x00, 0x00, 0x00, 0x76, 0x61, 0x6c, 0x75, 0x65, 0x2f, 0x75, 0x6e, 0x69, 0x74, 0x04, 0x00, 0x00, 0x00, 0x66, 0x6c, 0x61, 0x74, 0x00, 0x0a, 0x00, 0x00, 0x00, 0x76, 0x61, 0x6c, 0x75, 0x65, 0x2f, 0x75, 0x6e, 0x69, 0x74, 0x08, 0x00, 0x00, 0x00, 0x67, 0x6f, 0x65, 0x73, 0x77, 0x69, 0x74, 0x68, 0x00, 0x0a, 0x00, 0x00, 0x00, 0x76, 0x61, 0x6c, 0x75, 0x65, 0x2f, 0x75, 0x6e, 0x69, 0x74, 0x04, 0x00, 0x00, 0x00, 0x69, 0x6f, 0x62, 0x6a, 0x00, 0x0a, 0x00, 0x00, 0x00, 0x76, 0x61, 0x6c, 0x75, 0x65, 0x2f, 0x75, 0x6e, 0x69, 0x74, 0x04, 0x00, 0x00, 0x00, 0x6c, 0x69, 0x73, 0x74, 0x00, 0x0a, 0x00, 0x00, 0x00, 0x76, 0x61, 0x6c, 0x75, 0x65, 0x2f, 0x75, 0x6e, 0x69, 0x74, 0x04, 0x00, 0x00, 0x00, 0x6d, 0x61, 0x72, 0x6b, 0x00, 0x0a, 0x00, 0x00, 0x00, 0x76, 0x61, 0x6c, 0x75, 0x65, 0x2f, 0x75, 0x6e, 0x69, 0x74, 0x04, 0x00, 0x00, 0x00, 0x6e, 0x6d, 0x6f, 0x64, 0x00, 0x0a, 0x00, 0x00, 0x00, 0x76, 0x61, 0x6c, 0x75, 0x65, 0x2f, 0x75, 0x6e, 0x69, 0x74, 0x05, 0x00, 0x00, 0x00, 0x6e, 0x73, 0x75, 0x62, 0x6a, 0x00, 0x0a, 0x00, 0x00, 0x00, 0x76, 0x61, 0x6c, 0x75, 0x65, 0x2f, 0x75, 0x6e, 0x69, 0x74, 0x06, 0x00, 0x00, 0x00, 0x6e, 0x75, 0x6d, 0x6d, 0x6f, 0x64, 0x00, 0x0a, 0x00, 0x00, 0x00, 0x76, 0x61, 0x6c, 0x75, 0x65, 0x2f, 0x75, 0x6e, 0x69, 0x74, 0x03, 0x00, 0x00, 0x00, 0x6f, 0x62, 0x6a, 0x00, 0x0a, 0x00, 0x00, 0x00, 0x76, 0x61, 0x6c, 0x75, 0x65, 0x2f, 0x75, 0x6e, 0x69, 0x74, 0x03, 0x00, 0x00, 0x00, 0x6f, 0x62, 0x6c, 0x00, 0x0a, 0x00, 0x00, 0x00, 0x76, 0x61, 0x6c, 0x75, 0x65, 0x2f, 0x75, 0x6e, 0x69, 0x74, 0x06, 0x00, 0x00, 0x00, 0x6f, 0x72, 0x70, 0x68, 0x61, 0x6e, 0x00, 0x0a, 0x00, 0x00, 0x00, 0x76, 0x61, 0x6c, 0x75, 0x65, 0x2f, 0x75, 0x6e, 0x69, 0x74, 0x09, 0x00, 0x00, 0x00, 0x70, 0x61, 0x72, 0x61, 0x74, 0x61, 0x78, 0x69, 0x73, 0x00, 0x0a, 0x00, 0x00, 0x00, 0x76, 0x61, 0x6c, 0x75, 0x65, 0x2f, 0x75, 0x6e, 0x69, 0x74, 0x05, 0x00, 0x00, 0x00, 0x70, 0x75, 0x6e, 0x63, 0x74, 0x00, 0x0a, 0x00, 0x00, 0x00, 0x76, 0x61, 0x6c, 0x75, 0x65, 0x2f, 0x75, 0x6e, 0x69, 0x74, 0x0a, 0x00, 0x00, 0x00, 0x72, 0x65, 0x70, 0x61, 0x72, 0x61, 0x6e, 0x64, 0x75, 0x6d, 0x00, 0x0a, 0x00, 0x00, 0x00, 0x76, 0x61, 0x6c, 0x75, 0x65, 0x2f, 0x75, 0x6e, 0x69, 0x74, 0x04, 0x00, 0x00, 0x00, 0x72, 0x6f, 0x6f, 0x74, 0x00, 0x0a, 0x00, 0x00, 0x00, 0x76, 0x61, 0x6c, 0x75, 0x65, 0x2f, 0x75, 0x6e, 0x69, 0x74, 0x08, 0x00, 0x00, 0x00, 0x76, 0x6f, 0x63, 0x61, 0x74, 0x69, 0x76, 0x65, 0x00, 0x0a, 0x00, 0x00, 0x00, 0x76, 0x61, 0x6c, 0x75, 0x65, 0x2f, 0x75, 0x6e, 0x69, 0x74, 0x05, 0x00, 0x00, 0x00, 0x78, 0x63, 0x6f, 0x6d, 0x70, 0x00, 0x0a, 0x00, 0x00, 0x00, 0x76, 0x61, 0x6c, 0x75, 0x65, 0x2f, 0x75, 0x6e, 0x69, 0x74, 0x07, 0x00, 0x00, 0x00, 0x73, 0x75, 0x62, 0x74, 0x79, 0x70, 0x65, 0x05, 0x5b, 0x00, 0x00, 0x00, 0x74, 0x79, 0x70, 0x65, 0x2f, 0x4c, 0x61, 0x6e, 0x67, 0x75, 0x61, 0x67, 0x65, 0x50, 0x61, 0x72, 0x73, 0x65, 0x72, 0x53, 0x75, 0x62, 0x74, 0x79, 0x70, 0x65, 0x40, 0x33, 0x61, 0x35, 0x39, 0x61, 0x64, 0x35, 0x34, 0x63, 0x38, 0x65, 0x31, 0x39, 0x30, 0x30, 0x31, 0x35, 0x37, 0x35, 0x31, 0x34, 0x32, 0x65, 0x32, 0x31, 0x34, 0x35, 0x65, 0x39, 0x61, 0x62, 0x61, 0x32, 0x35, 0x36, 0x37, 0x32, 0x38, 0x63, 0x34, 0x39, 0x66, 0x33, 0x35, 0x36, 0x34, 0x34, 0x66, 0x31, 0x61, 0x39, 0x33, 0x38, 0x30, 0x37, 0x35, 0x62, 0x61, 0x39, 0x31, 0x63, 0x36, 0x34, 0x35, 0x00, 0x0a, 0x00, 0x00, 0x00, 0x76, 0x61, 0x6c, 0x75, 0x65, 0x2f, 0x74, 0x65, 0x78, 0x74, 0x09, 0x00, 0x00, 0x00, 0x72, 0x65, 0x6c, 0x61, 0x74, 0x69, 0x6f, 0x6e, 0x36, 0x02, 0x5c, 0x00, 0x00, 0x00, 0x74, 0x79, 0x70, 0x65, 0x2f, 0x4c, 0x61, 0x6e, 0x67, 0x75, 0x61, 0x67, 0x65, 0x50, 0x61, 0x72, 0x73, 0x65, 0x72, 0x52, 0x65, 0x6c, 0x61, 0x74, 0x69, 0x6f, 0x6e, 0x40, 0x63, 0x39, 0x64, 0x36, 0x34, 0x63, 0x35, 0x36, 0x64, 0x62, 0x32, 0x61, 0x61, 0x34, 0x30, 0x65, 0x35, 0x66, 0x66, 0x35, 0x36, 0x62, 0x63, 0x61, 0x64, 0x65, 0x33, 0x30, 0x66, 0x38, 0x38, 0x34, 0x37, 0x35, 0x33, 0x62, 0x65, 0x32, 0x33, 0x33, 0x36, 0x34, 0x65, 0x32, 0x34, 0x31, 0x33, 0x38, 0x64, 0x33, 0x65, 0x36, 0x36, 0x66, 0x62, 0x35, 0x66, 0x61, 0x32, 0x34, 0x38, 0x35, 0x66, 0x36, 0x02, 0x00, 0x00, 0x00, 0x04, 0x00, 0x00, 0x00, 0x62, 0x61, 0x73, 0x65, 0x03, 0x69, 0x00, 0x00, 0x00, 0x74, 0x79, 0x70, 0x65, 0x2f, 0x4c, 0x61, 0x6e, 0x67, 0x75, 0x61, 0x67, 0x65, 0x55, 0x6e, 0x69, 0x76, 0x65, 0x72, 0x73, 0x61, 0x6c, 0x44, 0x65, 0x70, 0x65, 0x6e, 0x64, 0x65, 0x6e, 0x63, 0x79, 0x52, 0x65, 0x6c, 0x61, 0x74, 0x69, 0x6f, 0x6e, 0x40, 0x37, 0x63, 0x65, 0x32, 0x37, 0x33, 0x30, 0x32, 0x64, 0x35, 0x62, 0x38, 0x32, 0x35, 0x32, 0x37, 0x37, 0x62, 0x62, 0x64, 0x37, 0x35, 0x34, 0x64, 0x30, 0x62, 0x63, 0x65, 0x38, 0x62, 0x62, 0x63, 0x39, 0x65, 0x37, 0x31, 0x66, 0x35, 0x64, 0x36, 0x34, 0x62, 0x63, 0x34, 0x66, 0x30, 0x61, 0x66, 0x31, 0x38, 0x34, 0x66, 0x63, 0x38, 0x36, 0x32, 0x64, 0x62, 0x64, 0x38, 0x63, 0x66, 0x32, 0x65, 0x25, 0x00, 0x00, 0x00, 0x03, 0x00, 0x00, 0x00, 0x61, 0x63, 0x6c, 0x00, 0x0a, 0x00, 0x00, 0x00, 0x76, 0x61, 0x6c, 0x75, 0x65, 0x2f, 0x75, 0x6e, 0x69, 0x74, 0x05, 0x00, 0x00, 0x00, 0x61, 0x64, 0x76, 0x63, 0x6c, 0x00, 0x0a, 0x00, 0x00, 0x00, 0x76, 0x61, 0x6c, 0x75, 0x65, 0x2f, 0x75, 0x6e, 0x69, 0x74, 0x06, 0x00, 0x00, 0x00, 0x61, 0x64, 0x76, 0x6d, 0x6f, 0x64, 0x00, 0x0a, 0x00, 0x00, 0x00, 0x76, 0x61, 0x6c, 0x75, 0x65, 0x2f, 0x75, 0x6e, 0x69, 0x74, 0x04, 0x00, 0x00, 0x00, 0x61, 0x6d, 0x6f, 0x64, 0x00, 0x0a, 0x00, 0x00, 0x00, 0x76, 0x61, 0x6c, 0x75, 0x65, 0x2f, 0x75, 0x6e, 0x69, 0x74, 0x05, 0x00, 0x00, 0x00, 0x61, 0x70, 0x70, 0x6f, 0x73, 0x00, 0x0a, 0x00, 0x00, 0x00, 0x76, 0x61, 0x6c, 0x75, 0x65, 0x2f, 0x75, 0x6e, 0x69, 0x74, 0x03, 0x00, 0x00, 0x00, 0x61, 0x75, 0x78, 0x00, 0x0a, 0x00, 0x00, 0x00, 0x76, 0x61, 0x6c, 0x75, 0x65, 0x2f, 0x75, 0x6e, 0x69, 0x74, 0x04, 0x00, 0x00, 0x00, 0x63, 0x61, 0x73, 0x65, 0x00, 0x0a, 0x00, 0x00, 0x00, 0x76, 0x61, 0x6c, 0x75, 0x65, 0x2f, 0x75, 0x6e, 0x69, 0x74, 0x02, 0x00, 0x00, 0x00, 0x63, 0x63, 0x00, 0x0a, 0x00, 0x00, 0x00, 0x76, 0x61, 0x6c, 0x75, 0x65, 0x2f, 0x75, 0x6e, 0x69, 0x74, 0x05, 0x00, 0x00, 0x00, 0x63, 0x63, 0x6f, 0x6d, 0x70, 0x00, 0x0a, 0x00, 0x00, 0x00, 0x76, 0x61, 0x6c, 0x75, 0x65, 0x2f, 0x75, 0x6e, 0x69, 0x74, 0x03, 0x00, 0x00, 0x00, 0x63, 0x6c, 0x66, 0x00, 0x0a, 0x00, 0x00, 0x00, 0x76, 0x61, 0x6c, 0x75, 0x65, 0x2f, 0x75, 0x6e, 0x69, 0x74, 0x08, 0x00, 0x00, 0x00, 0x63, 0x6f, 0x6d, 0x70, 0x6f, 0x75, 0x6e, 0x64, 0x00, 0x0a, 0x00, 0x00, 0x00, 0x76, 0x61, 0x6c, 0x75, 0x65, 0x2f, 0x75, 0x6e, 0x69, 0x74, 0x04, 0x00, 0x00, 0x00, 0x63, 0x6f, 0x6e, 0x6a, 0x00, 0x0a, 0x00, 0x00, 0x00, 0x76, 0x61, 0x6c, 0x75, 0x65, 0x2f, 0x75, 0x6e, 0x69, 0x74, 0x03, 0x00, 0x00, 0x00, 0x63, 0x6f, 0x70, 0x00, 0x0a, 0x00, 0x00, 0x00, 0x76, 0x61, 0x6c, 0x75, 0x65, 0x2f, 0x75, 0x6e, 0x69, 0x74, 0x05, 0x00, 0x00, 0x00, 0x63, 0x73, 0x75, 0x62, 0x6a, 0x00, 0x0a, 0x00, 0x00, 0x00, 0x76, 0x61, 0x6c, 0x75, 0x65, 0x2f, 0x75, 0x6e, 0x69, 0x74, 0x03, 0x00, 0x00, 0x00, 0x64, 0x65, 0x70, 0x00, 0x0a, 0x00, 0x00, 0x00, 0x76, 0x61, 0x6c, 0x75, 0x65, 0x2f, 0x75, 0x6e, 0x69, 0x74, 0x03, 0x00, 0x00, 0x00, 0x64, 0x65, 0x74, 0x00, 0x0a, 0x00, 0x00, 0x00, 0x76, 0x61, 0x6c, 0x75, 0x65, 0x2f, 0x75, 0x6e, 0x69, 0x74, 0x09, 0x00, 0x00, 0x00, 0x64, 0x69, 0x73, 0x63, 0x6f, 0x75, 0x72, 0x73, 0x65, 0x00, 0x0a, 0x00, 0x00, 0x00, 0x76, 0x61, 0x6c, 0x75, 0x65, 0x2f, 0x75, 0x6e, 0x69, 0x74, 0x0a, 0x00, 0x00, 0x00, 0x64, 0x69, 0x73, 0x6c, 0x6f, 0x63, 0x61, 0x74, 0x65, 0x64, 0x00, 0x0a, 0x00, 0x00, 0x00, 0x76, 0x61, 0x6c, 0x75, 0x65, 0x2f, 0x75, 0x6e, 0x69, 0x74, 0x04, 0x00, 0x00, 0x00, 0x65, 0x78, 0x70, 0x6c, 0x00, 0x0a, 0x00, 0x00, 0x00, 0x76, 0x61, 0x6c, 0x75, 0x65, 0x2f, 0x75, 0x6e, 0x69, 0x74, 0x05, 0x00, 0x00, 0x00, 0x66, 0x69, 0x78, 0x65, 0x64, 0x00, 0x0a, 0x00, 0x00, 0x00, 0x76, 0x61, 0x6c, 0x75, 0x65, 0x2f, 0x75, 0x6e, 0x69, 0x74, 0x04, 0x00, 0x00, 0x00, 0x66, 0x6c, 0x61, 0x74, 0x00, 0x0a, 0x00, 0x00, 0x00, 0x76, 0x61, 0x6c, 0x75, 0x65, 0x2f, 0x75, 0x6e, 0x69, 0x74, 0x08, 0x00, 0x00, 0x00, 0x67, 0x6f, 0x65, 0x73, 0x77, 0x69, 0x74, 0x68, 0x00, 0x0a, 0x00, 0x00, 0x00, 0x76, 0x61, 0x6c, 0x75, 0x65, 0x2f, 0x75, 0x6e, 0x69, 0x74, 0x04, 0x00, 0x00, 0x00, 0x69, 0x6f, 0x62, 0x6a, 0x00, 0x0a, 0x00, 0x00, 0x00, 0x76, 0x61, 0x6c, 0x75, 0x65, 0x2f, 0x75, 0x6e, 0x69, 0x74, 0x04, 0x00, 0x00, 0x00, 0x6c, 0x69, 0x73, 0x74, 0x00, 0x0a, 0x00, 0x00, 0x00, 0x76, 0x61, 0x6c, 0x75, 0x65, 0x2f, 0x75, 0x6e, 0x69, 0x74, 0x04, 0x00, 0x00, 0x00, 0x6d, 0x61, 0x72, 0x6b, 0x00, 0x0a, 0x00, 0x00, 0x00, 0x76, 0x61, 0x6c, 0x75, 0x65, 0x2f, 0x75, 0x6e, 0x69, 0x74, 0x04, 0x00, 0x00, 0x00, 0x6e, 0x6d, 0x6f, 0x64, 0x00, 0x0a, 0x00, 0x00, 0x00, 0x76, 0x61, 0x6c, 0x75, 0x65, 0x2f, 0x75, 0x6e, 0x69, 0x74, 0x05, 0x00, 0x00, 0x00, 0x6e, 0x73, 0x75, 0x62, 0x6a, 0x00, 0x0a, 0x00, 0x00, 0x00, 0x76, 0x61, 0x6c, 0x75, 0x65, 0x2f, 0x75, 0x6e, 0x69, 0x74, 0x06, 0x00, 0x00, 0x00, 0x6e, 0x75, 0x6d, 0x6d, 0x6f, 0x64, 0x00, 0x0a, 0x00, 0x00, 0x00, 0x76, 0x61, 0x6c, 0x75, 0x65, 0x2f, 0x75, 0x6e, 0x69, 0x74, 0x03, 0x00, 0x00, 0x00, 0x6f, 0x62, 0x6a, 0x00, 0x0a, 0x00, 0x00, 0x00, 0x76, 0x61, 0x6c, 0x75, 0x65, 0x2f, 0x75, 0x6e, 0x69, 0x74, 0x03, 0x00, 0x00, 0x00, 0x6f, 0x62, 0x6c, 0x00, 0x0a, 0x00, 0x00, 0x00, 0x76, 0x61, 0x6c, 0x75, 0x65, 0x2f, 0x75, 0x6e, 0x69, 0x74, 0x06, 0x00, 0x00, 0x00, 0x6f, 0x72, 0x70, 0x68, 0x61, 0x6e, 0x00, 0x0a, 0x00, 0x00, 0x00, 0x76, 0x61, 0x6c, 0x75, 0x65, 0x2f, 0x75, 0x6e, 0x69, 0x74, 0x09, 0x00, 0x00, 0x00, 0x70, 0x61, 0x72, 0x61, 0x74, 0x61, 0x78, 0x69, 0x73, 0x00, 0x0a, 0x00, 0x00, 0x00, 0x76, 0x61, 0x6c, 0x75, 0x65, 0x2f, 0x75, 0x6e, 0x69, 0x74, 0x05, 0x00, 0x00, 0x00, 0x70, 0x75, 0x6e, 0x63, 0x74, 0x00, 0x0a, 0x00, 0x00, 0x00, 0x76, 0x61, 0x6c, 0x75, 0x65, 0x2f, 0x75, 0x6e, 0x69, 0x74, 0x0a, 0x00, 0x00, 0x00, 0x72, 0x65, 0x70, 0x61, 0x72, 0x61, 0x6e, 0x64, 0x75, 0x6d, 0x00, 0x0a, 0x00, 0x00, 0x00, 0x76, 0x61, 0x6c, 0x75, 0x65, 0x2f, 0x75, 0x6e, 0x69, 0x74, 0x04, 0x00, 0x00, 0x00, 0x72, 0x6f, 0x6f, 0x74, 0x00, 0x0a, 0x00, 0x00, 0x00, 0x76, 0x61, 0x6c, 0x75, 0x65, 0x2f, 0x75, 0x6e, 0x69, 0x74, 0x08, 0x00, 0x00, 0x00, 0x76, 0x6f, 0x63, 0x61, 0x74, 0x69, 0x76, 0x65, 0x00, 0x0a, 0x00, 0x00, 0x00, 0x76, 0x61, 0x6c, 0x75, 0x65, 0x2f, 0x75, 0x6e, 0x69, 0x74, 0x05, 0x00, 0x00, 0x00, 0x78, 0x63, 0x6f, 0x6d, 0x70, 0x00, 0x0a, 0x00, 0x00, 0x00, 0x76, 0x61, 0x6c, 0x75, 0x65, 0x2f, 0x75, 0x6e, 0x69, 0x74, 0x07, 0x00, 0x00, 0x00, 0x73, 0x75, 0x62, 0x74, 0x79, 0x70, 0x65, 0x05, 0x5b, 0x00, 0x00, 0x00, 0x74, 0x79, 0x70, 0x65, 0x2f, 0x4c, 0x61, 0x6e, 0x67, 0x75, 0x61, 0x67, 0x65, 0x50, 0x61, 0x72, 0x73, 0x65, 0x72, 0x53, 0x75, 0x62, 0x74, 0x79, 0x70, 0x65, 0x40, 0x33, 0x61, 0x35, 0x39, 0x61, 0x64, 0x35, 0x34, 0x63, 0x38, 0x65, 0x31, 0x39, 0x30, 0x30, 0x31, 0x35, 0x37, 0x35, 0x31, 0x34, 0x32, 0x65, 0x32, 0x31, 0x34, 0x35, 0x65, 0x39, 0x61, 0x62, 0x61, 0x32, 0x35, 0x36, 0x37, 0x32, 0x38, 0x63, 0x34, 0x39, 0x66, 0x33, 0x35, 0x36, 0x34, 0x34, 0x66, 0x31, 0x61, 0x39, 0x33, 0x38, 0x30, 0x37, 0x35, 0x62, 0x61, 0x39, 0x31, 0x63, 0x36, 0x34, 0x35, 0x00, 0x0a, 0x00, 0x00, 0x00, 0x76, 0x61, 0x6c, 0x75, 0x65, 0x2f, 0x74, 0x65, 0x78, 0x74, 0x09, 0x00, 0x00, 0x00, 0x72, 0x65, 0x6c, 0x61, 0x74, 0x69, 0x6f, 0x6e, 0x37, 0x02, 0x5c, 0x00, 0x00, 0x00, 0x74, 0x79, 0x70, 0x65, 0x2f, 0x4c, 0x61, 0x6e, 0x67, 0x75, 0x61, 0x67, 0x65, 0x50, 0x61, 0x72, 0x73, 0x65, 0x72, 0x52, 0x65, 0x6c, 0x61, 0x74, 0x69, 0x6f, 0x6e, 0x40, 0x63, 0x39, 0x64, 0x36, 0x34, 0x63, 0x35, 0x36, 0x64, 0x62, 0x32, 0x61, 0x61, 0x34, 0x30, 0x65, 0x35, 0x66, 0x66, 0x35, 0x36, 0x62, 0x63, 0x61, 0x64, 0x65, 0x33, 0x30, 0x66, 0x38, 0x38, 0x34, 0x37, 0x35, 0x33, 0x62, 0x65, 0x32, 0x33, 0x33, 0x36, 0x34, 0x65, 0x32, 0x34, 0x31, 0x33, 0x38, 0x64, 0x33, 0x65, 0x36, 0x36, 0x66, 0x62, 0x35, 0x66, 0x61, 0x32, 0x34, 0x38, 0x35, 0x66, 0x36, 0x02, 0x00, 0x00, 0x00, 0x04, 0x00, 0x00, 0x00, 0x62, 0x61, 0x73, 0x65, 0x03, 0x69, 0x00, 0x00, 0x00, 0x74, 0x79, 0x70, 0x65, 0x2f, 0x4c, 0x61, 0x6e, 0x67, 0x75, 0x61, 0x67, 0x65, 0x55, 0x6e, 0x69, 0x76, 0x65, 0x72, 0x73, 0x61, 0x6c, 0x44, 0x65, 0x70, 0x65, 0x6e, 0x64, 0x65, 0x6e, 0x63, 0x79, 0x52, 0x65, 0x6c, 0x61, 0x74, 0x69, 0x6f, 0x6e, 0x40, 0x37, 0x63, 0x65, 0x32, 0x37, 0x33, 0x30, 0x32, 0x64, 0x35, 0x62, 0x38, 0x32, 0x35, 0x32, 0x37, 0x37, 0x62, 0x62, 0x64, 0x37, 0x35, 0x34, 0x64, 0x30, 0x62, 0x63, 0x65, 0x38, 0x62, 0x62, 0x63, 0x39, 0x65, 0x37, 0x31, 0x66, 0x35, 0x64, 0x36, 0x34, 0x62, 0x63, 0x34, 0x66, 0x30, 0x61, 0x66, 0x31, 0x38, 0x34, 0x66, 0x63, 0x38, 0x36, 0x32, 0x64, 0x62, 0x64, 0x38, 0x63, 0x66, 0x32, 0x65, 0x25, 0x00, 0x00, 0x00, 0x03, 0x00, 0x00, 0x00, 0x61, 0x63, 0x6c, 0x00, 0x0a, 0x00, 0x00, 0x00, 0x76, 0x61, 0x6c, 0x75, 0x65, 0x2f, 0x75, 0x6e, 0x69, 0x74, 0x05, 0x00, 0x00, 0x00, 0x61, 0x64, 0x76, 0x63, 0x6c, 0x00, 0x0a, 0x00, 0x00, 0x00, 0x76, 0x61, 0x6c, 0x75, 0x65, 0x2f, 0x75, 0x6e, 0x69, 0x74, 0x06, 0x00, 0x00, 0x00, 0x61, 0x64, 0x76, 0x6d, 0x6f, 0x64, 0x00, 0x0a, 0x00, 0x00, 0x00, 0x76, 0x61, 0x6c, 0x75, 0x65, 0x2f, 0x75, 0x6e, 0x69, 0x74, 0x04, 0x00, 0x00, 0x00, 0x61, 0x6d, 0x6f, 0x64, 0x00, 0x0a, 0x00, 0x00, 0x00, 0x76, 0x61, 0x6c, 0x75, 0x65, 0x2f, 0x75, 0x6e, 0x69, 0x74, 0x05, 0x00, 0x00, 0x00, 0x61, 0x70, 0x70, 0x6f, 0x73, 0x00, 0x0a, 0x00, 0x00, 0x00, 0x76, 0x61, 0x6c, 0x75, 0x65, 0x2f, 0x75, 0x6e, 0x69, 0x74, 0x03, 0x00, 0x00, 0x00, 0x61, 0x75, 0x78, 0x00, 0x0a, 0x00, 0x00, 0x00, 0x76, 0x61, 0x6c, 0x75, 0x65, 0x2f, 0x75, 0x6e, 0x69, 0x74, 0x04, 0x00, 0x00, 0x00, 0x63, 0x61, 0x73, 0x65, 0x00, 0x0a, 0x00, 0x00, 0x00, 0x76, 0x61, 0x6c, 0x75, 0x65, 0x2f, 0x75, 0x6e, 0x69, 0x74, 0x02, 0x00, 0x00, 0x00, 0x63, 0x63, 0x00, 0x0a, 0x00, 0x00, 0x00, 0x76, 0x61, 0x6c, 0x75, 0x65, 0x2f, 0x75, 0x6e, 0x69, 0x74, 0x05, 0x00, 0x00, 0x00, 0x63, 0x63, 0x6f, 0x6d, 0x70, 0x00, 0x0a, 0x00, 0x00, 0x00, 0x76, 0x61, 0x6c, 0x75, 0x65, 0x2f, 0x75, 0x6e, 0x69, 0x74, 0x03, 0x00, 0x00, 0x00, 0x63, 0x6c, 0x66, 0x00, 0x0a, 0x00, 0x00, 0x00, 0x76, 0x61, 0x6c, 0x75, 0x65, 0x2f, 0x75, 0x6e, 0x69, 0x74, 0x08, 0x00, 0x00, 0x00, 0x63, 0x6f, 0x6d, 0x70, 0x6f, 0x75, 0x6e, 0x64, 0x00, 0x0a, 0x00, 0x00, 0x00, 0x76, 0x61, 0x6c, 0x75, 0x65, 0x2f, 0x75, 0x6e, 0x69, 0x74, 0x04, 0x00, 0x00, 0x00, 0x63, 0x6f, 0x6e, 0x6a, 0x00, 0x0a, 0x00, 0x00, 0x00, 0x76, 0x61, 0x6c, 0x75, 0x65, 0x2f, 0x75, 0x6e, 0x69, 0x74, 0x03, 0x00, 0x00, 0x00, 0x63, 0x6f, 0x70, 0x00, 0x0a, 0x00, 0x00, 0x00, 0x76, 0x61, 0x6c, 0x75, 0x65, 0x2f, 0x75, 0x6e, 0x69, 0x74, 0x05, 0x00, 0x00, 0x00, 0x63, 0x73, 0x75, 0x62, 0x6a, 0x00, 0x0a, 0x00, 0x00, 0x00, 0x76, 0x61, 0x6c, 0x75, 0x65, 0x2f, 0x75, 0x6e, 0x69, 0x74, 0x03, 0x00, 0x00, 0x00, 0x64, 0x65, 0x70, 0x00, 0x0a, 0x00, 0x00, 0x00, 0x76, 0x61, 0x6c, 0x75, 0x65, 0x2f, 0x75, 0x6e, 0x69, 0x74, 0x03, 0x00, 0x00, 0x00, 0x64, 0x65, 0x74, 0x00, 0x0a, 0x00, 0x00, 0x00, 0x76, 0x61, 0x6c, 0x75, 0x65, 0x2f, 0x75, 0x6e, 0x69, 0x74, 0x09, 0x00, 0x00, 0x00, 0x64, 0x69, 0x73, 0x63, 0x6f, 0x75, 0x72, 0x73, 0x65, 0x00, 0x0a, 0x00, 0x00, 0x00, 0x76, 0x61, 0x6c, 0x75, 0x65, 0x2f, 0x75, 0x6e, 0x69, 0x74, 0x0a, 0x00, 0x00, 0x00, 0x64, 0x69, 0x73, 0x6c, 0x6f, 0x63, 0x61, 0x74, 0x65, 0x64, 0x00, 0x0a, 0x00, 0x00, 0x00, 0x76, 0x61, 0x6c, 0x75, 0x65, 0x2f, 0x75, 0x6e, 0x69, 0x74, 0x04, 0x00, 0x00, 0x00, 0x65, 0x78, 0x70, 0x6c, 0x00, 0x0a, 0x00, 0x00, 0x00, 0x76, 0x61, 0x6c, 0x75, 0x65, 0x2f, 0x75, 0x6e, 0x69, 0x74, 0x05, 0x00, 0x00, 0x00, 0x66, 0x69, 0x78, 0x65, 0x64, 0x00, 0x0a, 0x00, 0x00, 0x00, 0x76, 0x61, 0x6c, 0x75, 0x65, 0x2f, 0x75, 0x6e, 0x69, 0x74, 0x04, 0x00, 0x00, 0x00, 0x66, 0x6c, 0x61, 0x74, 0x00, 0x0a, 0x00, 0x00, 0x00, 0x76, 0x61, 0x6c, 0x75, 0x65, 0x2f, 0x75, 0x6e, 0x69, 0x74, 0x08, 0x00, 0x00, 0x00, 0x67, 0x6f, 0x65, 0x73, 0x77, 0x69, 0x74, 0x68, 0x00, 0x0a, 0x00, 0x00, 0x00, 0x76, 0x61, 0x6c, 0x75, 0x65, 0x2f, 0x75, 0x6e, 0x69, 0x74, 0x04, 0x00, 0x00, 0x00, 0x69, 0x6f, 0x62, 0x6a, 0x00, 0x0a, 0x00, 0x00, 0x00, 0x76, 0x61, 0x6c, 0x75, 0x65, 0x2f, 0x75, 0x6e, 0x69, 0x74, 0x04, 0x00, 0x00, 0x00, 0x6c, 0x69, 0x73, 0x74, 0x00, 0x0a, 0x00, 0x00, 0x00, 0x76, 0x61, 0x6c, 0x75, 0x65, 0x2f, 0x75, 0x6e, 0x69, 0x74, 0x04, 0x00, 0x00, 0x00, 0x6d, 0x61, 0x72, 0x6b, 0x00, 0x0a, 0x00, 0x00, 0x00, 0x76, 0x61, 0x6c, 0x75, 0x65, 0x2f, 0x75, 0x6e, 0x69, 0x74, 0x04, 0x00, 0x00, 0x00, 0x6e, 0x6d, 0x6f, 0x64, 0x00, 0x0a, 0x00, 0x00, 0x00, 0x76, 0x61, 0x6c, 0x75, 0x65, 0x2f, 0x75, 0x6e, 0x69, 0x74, 0x05, 0x00, 0x00, 0x00, 0x6e, 0x73, 0x75, 0x62, 0x6a, 0x00, 0x0a, 0x00, 0x00, 0x00, 0x76, 0x61, 0x6c, 0x75, 0x65, 0x2f, 0x75, 0x6e, 0x69, 0x74, 0x06, 0x00, 0x00, 0x00, 0x6e, 0x75, 0x6d, 0x6d, 0x6f, 0x64, 0x00, 0x0a, 0x00, 0x00, 0x00, 0x76, 0x61, 0x6c, 0x75, 0x65, 0x2f, 0x75, 0x6e, 0x69, 0x74, 0x03, 0x00, 0x00, 0x00, 0x6f, 0x62, 0x6a, 0x00, 0x0a, 0x00, 0x00, 0x00, 0x76, 0x61, 0x6c, 0x75, 0x65, 0x2f, 0x75, 0x6e, 0x69, 0x74, 0x03, 0x00, 0x00, 0x00, 0x6f, 0x62, 0x6c, 0x00, 0x0a, 0x00, 0x00, 0x00, 0x76, 0x61, 0x6c, 0x75, 0x65, 0x2f, 0x75, 0x6e, 0x69, 0x74, 0x06, 0x00, 0x00, 0x00, 0x6f, 0x72, 0x70, 0x68, 0x61, 0x6e, 0x00, 0x0a, 0x00, 0x00, 0x00, 0x76, 0x61, 0x6c, 0x75, 0x65, 0x2f, 0x75, 0x6e, 0x69, 0x74, 0x09, 0x00, 0x00, 0x00, 0x70, 0x61, 0x72, 0x61, 0x74, 0x61, 0x78, 0x69, 0x73, 0x00, 0x0a, 0x00, 0x00, 0x00, 0x76, 0x61, 0x6c, 0x75, 0x65, 0x2f, 0x75, 0x6e, 0x69, 0x74, 0x05, 0x00, 0x00, 0x00, 0x70, 0x75, 0x6e, 0x63, 0x74, 0x00, 0x0a, 0x00, 0x00, 0x00, 0x76, 0x61, 0x6c, 0x75, 0x65, 0x2f, 0x75, 0x6e, 0x69, 0x74, 0x0a, 0x00, 0x00, 0x00, 0x72, 0x65, 0x70, 0x61, 0x72, 0x61, 0x6e, 0x64, 0x75, 0x6d, 0x00, 0x0a, 0x00, 0x00, 0x00, 0x76, 0x61, 0x6c, 0x75, 0x65, 0x2f, 0x75, 0x6e, 0x69, 0x74, 0x04, 0x00, 0x00, 0x00, 0x72, 0x6f, 0x6f, 0x74, 0x00, 0x0a, 0x00, 0x00, 0x00, 0x76, 0x61, 0x6c, 0x75, 0x65, 0x2f, 0x75, 0x6e, 0x69, 0x74, 0x08, 0x00, 0x00, 0x00, 0x76, 0x6f, 0x63, 0x61, 0x74, 0x69, 0x76, 0x65, 0x00, 0x0a, 0x00, 0x00, 0x00, 0x76, 0x61, 0x6c, 0x75, 0x65, 0x2f, 0x75, 0x6e, 0x69, 0x74, 0x05, 0x00, 0x00, 0x00, 0x78, 0x63, 0x6f, 0x6d, 0x70, 0x00, 0x0a, 0x00, 0x00, 0x00, 0x76, 0x61, 0x6c, 0x75, 0x65, 0x2f, 0x75, 0x6e, 0x69, 0x74, 0x07, 0x00, 0x00, 0x00, 0x73, 0x75, 0x62, 0x74, 0x79, 0x70, 0x65, 0x05, 0x5b, 0x00, 0x00, 0x00, 0x74, 0x79, 0x70, 0x65, 0x2f, 0x4c, 0x61, 0x6e, 0x67, 0x75, 0x61, 0x67, 0x65, 0x50, 0x61, 0x72, 0x73, 0x65, 0x72, 0x53, 0x75, 0x62, 0x74, 0x79, 0x70, 0x65, 0x40, 0x33, 0x61, 0x35, 0x39, 0x61, 0x64, 0x35, 0x34, 0x63, 0x38, 0x65, 0x31, 0x39, 0x30, 0x30, 0x31, 0x35, 0x37, 0x35, 0x31, 0x34, 0x32, 0x65, 0x32, 0x31, 0x34, 0x35, 0x65, 0x39, 0x61, 0x62, 0x61, 0x32, 0x35, 0x36, 0x37, 0x32, 0x38, 0x63, 0x34, 0x39, 0x66, 0x33, 0x35, 0x36, 0x34, 0x34, 0x66, 0x31, 0x61, 0x39, 0x33, 0x38, 0x30, 0x37, 0x35, 0x62, 0x61, 0x39, 0x31, 0x63, 0x36, 0x34, 0x35, 0x00, 0x0a, 0x00, 0x00, 0x00, 0x76, 0x61, 0x6c, 0x75, 0x65, 0x2f, 0x74, 0x65, 0x78, 0x74, 0x05, 0x00, 0x00, 0x00, 0x73, 0x74, 0x61, 0x63, 0x6b, 0x01, 0x09, 0x00, 0x00, 0x09, 0x00, 0x00, 0x00, 0x76, 0x61, 0x6c, 0x75, 0x65, 0x2f, 0x75, 0x36, 0x34, 0x0b, 0x00, 0x00, 0x00, 0x74, 0x6f, 0x6b, 0x65, 0x6e, 0x5f, 0x63, 0x6f, 0x75, 0x6e, 0x74, 0x00, 0x09, 0x00, 0x00, 0x00, 0x76, 0x61, 0x6c, 0x75, 0x65, 0x2f, 0x75, 0x36, 0x34, 0x06, 0x00, 0x00, 0x00, 0x75, 0x6e, 0x72, 0x65, 0x61, 0x64, 0x00, 0x09, 0x00, 0x00, 0x00, 0x76, 0x61, 0x6c, 0x75, 0x65, 0x2f, 0x75, 0x36, 0x34];
pub const LANGUAGEPARSERWINDOW8RAWHYPOTHESIS_SEMANTIC_TYPE_IDENTITY: &str = "type/LanguageParserWindow8RawHypothesis@5451415a7813f65093dc7cfd9f383eca3f74ee16d0ccf91a8124fb74b3049f4a";
#[derive(Debug, Clone, PartialEq, Eq)]
pub struct LanguageParserWindow8RawHypothesis {
    active: bool,
    choices: [u64; 8],
    identity: u64,
    score: i64,
    selected: u64,
    state: LanguageParserWindow8RawState,
}

impl LanguageParserWindow8RawHypothesis {
    pub fn semantic_type() -> Result<StructuredInfoType, NativeBindingRefusal> {
        StructuredInfoType::from_canonical_bytes(LANGUAGEPARSERWINDOW8RAWHYPOTHESIS_SEMANTIC_TYPE).map_err(NativeBindingRefusal::InvalidSemanticType)
    }
}

#[allow(non_upper_case_globals)]
static LanguageParserWindow8RawHypothesis_PREPARED_NATIVE_LAWS: &[&[u8]] = &[
];

impl LanguageParserWindow8RawHypothesis {
    fn value_contracts() -> Vec<conduit_plot::NativeTypeValueContract> {
        vec![
            conduit_plot::NativeTypeValueContract { representation_path: ".state.basis.text".into(), contract: conduit_core::CheckedValueContract::new(conduit_core::kind_id("value/text"), 64, vec![conduit_core::ValueConstraint::CanonicalMembership { members: vec![vec![]], negated: true }]).expect("generated checked contract") },
            conduit_plot::NativeTypeValueContract { representation_path: ".state.basis.source_revision".into(), contract: conduit_core::CheckedValueContract::new(conduit_core::kind_id("value/text"), 64, vec![conduit_core::ValueConstraint::CanonicalMembership { members: vec![vec![]], negated: true }]).expect("generated checked contract") },
            conduit_plot::NativeTypeValueContract { representation_path: ".state.basis.analysis_revision".into(), contract: conduit_core::CheckedValueContract::new(conduit_core::kind_id("value/text"), 64, vec![conduit_core::ValueConstraint::CanonicalMembership { members: vec![vec![]], negated: true }]).expect("generated checked contract") },
            conduit_plot::NativeTypeValueContract { representation_path: ".state.relation0.subtype".into(), contract: conduit_core::CheckedValueContract::new(conduit_core::kind_id("value/text"), 32, vec![]).expect("generated checked contract") },
            conduit_plot::NativeTypeValueContract { representation_path: ".state.relation1.subtype".into(), contract: conduit_core::CheckedValueContract::new(conduit_core::kind_id("value/text"), 32, vec![]).expect("generated checked contract") },
            conduit_plot::NativeTypeValueContract { representation_path: ".state.relation2.subtype".into(), contract: conduit_core::CheckedValueContract::new(conduit_core::kind_id("value/text"), 32, vec![]).expect("generated checked contract") },
            conduit_plot::NativeTypeValueContract { representation_path: ".state.relation3.subtype".into(), contract: conduit_core::CheckedValueContract::new(conduit_core::kind_id("value/text"), 32, vec![]).expect("generated checked contract") },
            conduit_plot::NativeTypeValueContract { representation_path: ".state.relation4.subtype".into(), contract: conduit_core::CheckedValueContract::new(conduit_core::kind_id("value/text"), 32, vec![]).expect("generated checked contract") },
            conduit_plot::NativeTypeValueContract { representation_path: ".state.relation5.subtype".into(), contract: conduit_core::CheckedValueContract::new(conduit_core::kind_id("value/text"), 32, vec![]).expect("generated checked contract") },
            conduit_plot::NativeTypeValueContract { representation_path: ".state.relation6.subtype".into(), contract: conduit_core::CheckedValueContract::new(conduit_core::kind_id("value/text"), 32, vec![]).expect("generated checked contract") },
            conduit_plot::NativeTypeValueContract { representation_path: ".state.relation7.subtype".into(), contract: conduit_core::CheckedValueContract::new(conduit_core::kind_id("value/text"), 32, vec![]).expect("generated checked contract") },
        ]
    }
    fn invariants() -> Result<Vec<conduit_plot::PortableExpressionProgram>, NativeBindingRefusal> {
        let mut laws = Vec::with_capacity(LanguageParserWindow8RawHypothesis_PREPARED_NATIVE_LAWS.len());
        for encoded in LanguageParserWindow8RawHypothesis_PREPARED_NATIVE_LAWS {
            laws.push(conduit_plot::PortableExpressionProgram::from_canonical_bytes(encoded).map_err(NativeBindingRefusal::InvalidInvariantProgram)?);
        }
        Ok(laws)
    }
}

impl LanguageParserWindow8RawHypothesis {
    pub fn new(active: bool, choices: [u64; 8], identity: u64, score: i64, selected: u64, state: LanguageParserWindow8RawState) -> Result<Self, NativeBindingRefusal> {
        let candidate = Self { active, choices, identity, score, selected, state, };
        let structured = candidate.clone().into_structured()?;
        conduit_plot::rust_binding::validate_native_contracts(&structured, &Self::value_contracts())?;
        conduit_plot::rust_binding::validate_native_invariants(&structured, &Self::invariants()?)?;
        Ok(candidate)
    }
    pub fn active(&self) -> &bool { &self.active }
    pub fn choices(&self) -> &[u64; 8] { &self.choices }
    pub fn identity(&self) -> &u64 { &self.identity }
    pub fn score(&self) -> &i64 { &self.score }
    pub fn selected(&self) -> &u64 { &self.selected }
    pub fn state(&self) -> &LanguageParserWindow8RawState { &self.state }
}

impl NativeRustBinding for LanguageParserWindow8RawHypothesis {
    fn semantic_type() -> Result<StructuredInfoType, NativeBindingRefusal> { Self::semantic_type() }
    fn into_structured(self) -> Result<StructuredInfoValue, NativeBindingRefusal> {
        let semantic = StructuredInfoType::from_canonical_bytes(LANGUAGEPARSERWINDOW8RAWHYPOTHESIS_SEMANTIC_TYPE).map_err(NativeBindingRefusal::InvalidSemanticType)?;
        let mut fields = Vec::new();
        let field_type = conduit_plot::rust_binding::record_field_type(&semantic, "active")?;
        let _ = &field_type;
        fields.push(StructuredFieldValue::new("active", conduit_plot::rust_binding::primitive_into_structured(field_type, &self.active)?).map_err(NativeBindingRefusal::InvalidValue)?);
        let field_type = conduit_plot::rust_binding::record_field_type(&semantic, "choices")?;
        let _ = &field_type;
        fields.push(StructuredFieldValue::new("choices", { let collection_type = field_type; let element_type = conduit_plot::rust_binding::collection_element_type(&collection_type)?; let _ = &element_type; let mut values = Vec::new(); for item in self.choices { values.push(conduit_plot::rust_binding::primitive_into_structured(element_type.clone(), &item)?); } StructuredInfoValue::collection(collection_type, values).map_err(NativeBindingRefusal::InvalidValue)? }).map_err(NativeBindingRefusal::InvalidValue)?);
        let field_type = conduit_plot::rust_binding::record_field_type(&semantic, "identity")?;
        let _ = &field_type;
        fields.push(StructuredFieldValue::new("identity", conduit_plot::rust_binding::primitive_into_structured(field_type, &self.identity)?).map_err(NativeBindingRefusal::InvalidValue)?);
        let field_type = conduit_plot::rust_binding::record_field_type(&semantic, "score")?;
        let _ = &field_type;
        fields.push(StructuredFieldValue::new("score", conduit_plot::rust_binding::primitive_into_structured(field_type, &self.score)?).map_err(NativeBindingRefusal::InvalidValue)?);
        let field_type = conduit_plot::rust_binding::record_field_type(&semantic, "selected")?;
        let _ = &field_type;
        fields.push(StructuredFieldValue::new("selected", conduit_plot::rust_binding::primitive_into_structured(field_type, &self.selected)?).map_err(NativeBindingRefusal::InvalidValue)?);
        let field_type = conduit_plot::rust_binding::record_field_type(&semantic, "state")?;
        let _ = &field_type;
        fields.push(StructuredFieldValue::new("state", NativeRustBinding::into_structured(self.state)?).map_err(NativeBindingRefusal::InvalidValue)?);
        StructuredInfoValue::record(semantic, fields).map_err(NativeBindingRefusal::InvalidValue)
    }
    fn from_structured(value: StructuredInfoValue) -> Result<Self, NativeBindingRefusal> {
        if value.value_type() != &Self::semantic_type()? { return Err(NativeBindingRefusal::InvalidValue(conduit_core::StructuredInfoRefusal::WrongType)); }
        Self::new(
            conduit_plot::rust_binding::primitive_from_structured::<bool>(&conduit_plot::rust_binding::record_field_value(&value, "active")?)?,
            { let collection_value = conduit_plot::rust_binding::record_field_value(&value, "choices")?; let StructuredInfoValueShape::Collection(items) = collection_value.shape() else { return Err(NativeBindingRefusal::InvalidValue(conduit_core::StructuredInfoRefusal::WrongType)); }; let mut decoded_values = Vec::new(); for item in items { decoded_values.push(conduit_plot::rust_binding::primitive_from_structured::<u64>(&item.clone())?); } let result: [u64; 8] = decoded_values.try_into().map_err(|_| NativeBindingRefusal::InvalidValue(conduit_core::StructuredInfoRefusal::WrongCollectionLength))?; result },
            conduit_plot::rust_binding::primitive_from_structured::<u64>(&conduit_plot::rust_binding::record_field_value(&value, "identity")?)?,
            conduit_plot::rust_binding::primitive_from_structured::<i64>(&conduit_plot::rust_binding::record_field_value(&value, "score")?)?,
            conduit_plot::rust_binding::primitive_from_structured::<u64>(&conduit_plot::rust_binding::record_field_value(&value, "selected")?)?,
            LanguageParserWindow8RawState::from_structured(conduit_plot::rust_binding::record_field_value(&value, "state")?)?,
        )
    }
}

pub const LANGUAGEPARSERWINDOW8RAWSTATE_SEMANTIC_TYPE: &[u8] = &[0x02, 0x63, 0x00, 0x00, 0x00, 0x74, 0x79, 0x70, 0x65, 0x2f, 0x4c, 0x61, 0x6e, 0x67, 0x75, 0x61, 0x67, 0x65, 0x50, 0x61, 0x72, 0x73, 0x65, 0x72, 0x57, 0x69, 0x6e, 0x64, 0x6f, 0x77, 0x38, 0x52, 0x61, 0x77, 0x53, 0x74, 0x61, 0x74, 0x65, 0x40, 0x32, 0x34, 0x62, 0x62, 0x30, 0x62, 0x33, 0x66, 0x66, 0x61, 0x66, 0x32, 0x66, 0x37, 0x30, 0x34, 0x33, 0x39, 0x30, 0x30, 0x65, 0x30, 0x36, 0x66, 0x36, 0x30, 0x66, 0x33, 0x65, 0x31, 0x33, 0x39, 0x31, 0x38, 0x34, 0x31, 0x31, 0x32, 0x63, 0x38, 0x32, 0x61, 0x30, 0x34, 0x65, 0x33, 0x30, 0x30, 0x33, 0x30, 0x65, 0x38, 0x61, 0x37, 0x31, 0x63, 0x39, 0x63, 0x35, 0x35, 0x61, 0x34, 0x34, 0x32, 0x0f, 0x00, 0x00, 0x00, 0x05, 0x00, 0x00, 0x00, 0x62, 0x61, 0x73, 0x69, 0x73, 0x02, 0x59, 0x00, 0x00, 0x00, 0x74, 0x79, 0x70, 0x65, 0x2f, 0x4c, 0x61, 0x6e, 0x67, 0x75, 0x61, 0x67, 0x65, 0x50, 0x61, 0x72, 0x73, 0x65, 0x72, 0x42, 0x61, 0x73, 0x69, 0x73, 0x40, 0x64, 0x63, 0x37, 0x35, 0x32, 0x63, 0x31, 0x37, 0x30, 0x34, 0x37, 0x64, 0x36, 0x31, 0x61, 0x66, 0x39, 0x32, 0x38, 0x31, 0x66, 0x63, 0x63, 0x62, 0x32, 0x63, 0x66, 0x64, 0x35, 0x36, 0x31, 0x62, 0x37, 0x62, 0x30, 0x66, 0x62, 0x31, 0x31, 0x36, 0x35, 0x37, 0x39, 0x65, 0x35, 0x33, 0x39, 0x36, 0x63, 0x35, 0x31, 0x38, 0x36, 0x30, 0x65, 0x61, 0x64, 0x36, 0x64, 0x62, 0x61, 0x37, 0x65, 0x34, 0x03, 0x00, 0x00, 0x00, 0x11, 0x00, 0x00, 0x00, 0x61, 0x6e, 0x61, 0x6c, 0x79, 0x73, 0x69, 0x73, 0x5f, 0x72, 0x65, 0x76, 0x69, 0x73, 0x69, 0x6f, 0x6e, 0x05, 0x60, 0x00, 0x00, 0x00, 0x74, 0x79, 0x70, 0x65, 0x2f, 0x4c, 0x61, 0x6e, 0x67, 0x75, 0x61, 0x67, 0x65, 0x41, 0x6e, 0x61, 0x6c, 0x79, 0x73, 0x69, 0x73, 0x52, 0x65, 0x76, 0x69, 0x73, 0x69, 0x6f, 0x6e, 0x49, 0x64, 0x40, 0x66, 0x33, 0x38, 0x64, 0x63, 0x38, 0x66, 0x66, 0x37, 0x63, 0x61, 0x37, 0x62, 0x37, 0x34, 0x65, 0x62, 0x37, 0x35, 0x32, 0x37, 0x62, 0x65, 0x37, 0x64, 0x37, 0x34, 0x38, 0x66, 0x37, 0x30, 0x37, 0x38, 0x62, 0x38, 0x34, 0x62, 0x38, 0x37, 0x61, 0x63, 0x62, 0x31, 0x64, 0x37, 0x33, 0x33, 0x32, 0x34, 0x39, 0x62, 0x34, 0x61, 0x32, 0x61, 0x66, 0x65, 0x37, 0x39, 0x66, 0x32, 0x39, 0x32, 0x36, 0x00, 0x0a, 0x00, 0x00, 0x00, 0x76, 0x61, 0x6c, 0x75, 0x65, 0x2f, 0x74, 0x65, 0x78, 0x74, 0x0f, 0x00, 0x00, 0x00, 0x73, 0x6f, 0x75, 0x72, 0x63, 0x65, 0x5f, 0x72, 0x65, 0x76, 0x69, 0x73, 0x69, 0x6f, 0x6e, 0x05, 0x5c, 0x00, 0x00, 0x00, 0x74, 0x79, 0x70, 0x65, 0x2f, 0x4c, 0x61, 0x6e, 0x67, 0x75, 0x61, 0x67, 0x65, 0x54, 0x65, 0x78, 0x74, 0x52, 0x65, 0x76, 0x69, 0x73, 0x69, 0x6f, 0x6e, 0x49, 0x64, 0x40, 0x31, 0x66, 0x65, 0x63, 0x32, 0x37, 0x35, 0x32, 0x62, 0x30, 0x34, 0x37, 0x66, 0x34, 0x37, 0x62, 0x32, 0x38, 0x38, 0x38, 0x38, 0x66, 0x34, 0x36, 0x65, 0x64, 0x37, 0x39, 0x33, 0x64, 0x38, 0x38, 0x33, 0x34, 0x61, 0x33, 0x34, 0x64, 0x36, 0x63, 0x61, 0x65, 0x63, 0x38, 0x37, 0x32, 0x32, 0x33, 0x66, 0x38, 0x66, 0x36, 0x66, 0x65, 0x37, 0x35, 0x63, 0x31, 0x66, 0x61, 0x66, 0x39, 0x33, 0x35, 0x00, 0x0a, 0x00, 0x00, 0x00, 0x76, 0x61, 0x6c, 0x75, 0x65, 0x2f, 0x74, 0x65, 0x78, 0x74, 0x04, 0x00, 0x00, 0x00, 0x74, 0x65, 0x78, 0x74, 0x05, 0x54, 0x00, 0x00, 0x00, 0x74, 0x79, 0x70, 0x65, 0x2f, 0x4c, 0x61, 0x6e, 0x67, 0x75, 0x61, 0x67, 0x65, 0x54, 0x65, 0x78, 0x74, 0x49, 0x64, 0x40, 0x35, 0x35, 0x65, 0x38, 0x35, 0x32, 0x36, 0x31, 0x38, 0x37, 0x37, 0x64, 0x37, 0x66, 0x32, 0x39, 0x31, 0x61, 0x33, 0x65, 0x37, 0x62, 0x36, 0x65, 0x32, 0x36, 0x65, 0x37, 0x65, 0x37, 0x65, 0x62, 0x34, 0x61, 0x66, 0x66, 0x66, 0x63, 0x63, 0x63, 0x66, 0x31, 0x66, 0x37, 0x61, 0x34, 0x38, 0x66, 0x32, 0x37, 0x66, 0x36, 0x35, 0x31, 0x34, 0x39, 0x63, 0x37, 0x35, 0x38, 0x38, 0x38, 0x64, 0x61, 0x00, 0x0a, 0x00, 0x00, 0x00, 0x76, 0x61, 0x6c, 0x75, 0x65, 0x2f, 0x74, 0x65, 0x78, 0x74, 0x09, 0x00, 0x00, 0x00, 0x63, 0x6f, 0x6d, 0x6d, 0x69, 0x74, 0x74, 0x65, 0x64, 0x00, 0x09, 0x00, 0x00, 0x00, 0x76, 0x61, 0x6c, 0x75, 0x65, 0x2f, 0x75, 0x36, 0x34, 0x05, 0x00, 0x00, 0x00, 0x64, 0x65, 0x70, 0x74, 0x68, 0x00, 0x09, 0x00, 0x00, 0x00, 0x76, 0x61, 0x6c, 0x75, 0x65, 0x2f, 0x75, 0x36, 0x34, 0x05, 0x00, 0x00, 0x00, 0x68, 0x65, 0x61, 0x64, 0x73, 0x01, 0x09, 0x00, 0x00, 0x09, 0x00, 0x00, 0x00, 0x76, 0x61, 0x6c, 0x75, 0x65, 0x2f, 0x75, 0x36, 0x34, 0x09, 0x00, 0x00, 0x00, 0x72, 0x65, 0x6c, 0x61, 0x74, 0x69, 0x6f, 0x6e, 0x30, 0x02, 0x5c, 0x00, 0x00, 0x00, 0x74, 0x79, 0x70, 0x65, 0x2f, 0x4c, 0x61, 0x6e, 0x67, 0x75, 0x61, 0x67, 0x65, 0x50, 0x61, 0x72, 0x73, 0x65, 0x72, 0x52, 0x65, 0x6c, 0x61, 0x74, 0x69, 0x6f, 0x6e, 0x40, 0x63, 0x39, 0x64, 0x36, 0x34, 0x63, 0x35, 0x36, 0x64, 0x62, 0x32, 0x61, 0x61, 0x34, 0x30, 0x65, 0x35, 0x66, 0x66, 0x35, 0x36, 0x62, 0x63, 0x61, 0x64, 0x65, 0x33, 0x30, 0x66, 0x38, 0x38, 0x34, 0x37, 0x35, 0x33, 0x62, 0x65, 0x32, 0x33, 0x33, 0x36, 0x34, 0x65, 0x32, 0x34, 0x31, 0x33, 0x38, 0x64, 0x33, 0x65, 0x36, 0x36, 0x66, 0x62, 0x35, 0x66, 0x61, 0x32, 0x34, 0x38, 0x35, 0x66, 0x36, 0x02, 0x00, 0x00, 0x00, 0x04, 0x00, 0x00, 0x00, 0x62, 0x61, 0x73, 0x65, 0x03, 0x69, 0x00, 0x00, 0x00, 0x74, 0x79, 0x70, 0x65, 0x2f, 0x4c, 0x61, 0x6e, 0x67, 0x75, 0x61, 0x67, 0x65, 0x55, 0x6e, 0x69, 0x76, 0x65, 0x72, 0x73, 0x61, 0x6c, 0x44, 0x65, 0x70, 0x65, 0x6e, 0x64, 0x65, 0x6e, 0x63, 0x79, 0x52, 0x65, 0x6c, 0x61, 0x74, 0x69, 0x6f, 0x6e, 0x40, 0x37, 0x63, 0x65, 0x32, 0x37, 0x33, 0x30, 0x32, 0x64, 0x35, 0x62, 0x38, 0x32, 0x35, 0x32, 0x37, 0x37, 0x62, 0x62, 0x64, 0x37, 0x35, 0x34, 0x64, 0x30, 0x62, 0x63, 0x65, 0x38, 0x62, 0x62, 0x63, 0x39, 0x65, 0x37, 0x31, 0x66, 0x35, 0x64, 0x36, 0x34, 0x62, 0x63, 0x34, 0x66, 0x30, 0x61, 0x66, 0x31, 0x38, 0x34, 0x66, 0x63, 0x38, 0x36, 0x32, 0x64, 0x62, 0x64, 0x38, 0x63, 0x66, 0x32, 0x65, 0x25, 0x00, 0x00, 0x00, 0x03, 0x00, 0x00, 0x00, 0x61, 0x63, 0x6c, 0x00, 0x0a, 0x00, 0x00, 0x00, 0x76, 0x61, 0x6c, 0x75, 0x65, 0x2f, 0x75, 0x6e, 0x69, 0x74, 0x05, 0x00, 0x00, 0x00, 0x61, 0x64, 0x76, 0x63, 0x6c, 0x00, 0x0a, 0x00, 0x00, 0x00, 0x76, 0x61, 0x6c, 0x75, 0x65, 0x2f, 0x75, 0x6e, 0x69, 0x74, 0x06, 0x00, 0x00, 0x00, 0x61, 0x64, 0x76, 0x6d, 0x6f, 0x64, 0x00, 0x0a, 0x00, 0x00, 0x00, 0x76, 0x61, 0x6c, 0x75, 0x65, 0x2f, 0x75, 0x6e, 0x69, 0x74, 0x04, 0x00, 0x00, 0x00, 0x61, 0x6d, 0x6f, 0x64, 0x00, 0x0a, 0x00, 0x00, 0x00, 0x76, 0x61, 0x6c, 0x75, 0x65, 0x2f, 0x75, 0x6e, 0x69, 0x74, 0x05, 0x00, 0x00, 0x00, 0x61, 0x70, 0x70, 0x6f, 0x73, 0x00, 0x0a, 0x00, 0x00, 0x00, 0x76, 0x61, 0x6c, 0x75, 0x65, 0x2f, 0x75, 0x6e, 0x69, 0x74, 0x03, 0x00, 0x00, 0x00, 0x61, 0x75, 0x78, 0x00, 0x0a, 0x00, 0x00, 0x00, 0x76, 0x61, 0x6c, 0x75, 0x65, 0x2f, 0x75, 0x6e, 0x69, 0x74, 0x04, 0x00, 0x00, 0x00, 0x63, 0x61, 0x73, 0x65, 0x00, 0x0a, 0x00, 0x00, 0x00, 0x76, 0x61, 0x6c, 0x75, 0x65, 0x2f, 0x75, 0x6e, 0x69, 0x74, 0x02, 0x00, 0x00, 0x00, 0x63, 0x63, 0x00, 0x0a, 0x00, 0x00, 0x00, 0x76, 0x61, 0x6c, 0x75, 0x65, 0x2f, 0x75, 0x6e, 0x69, 0x74, 0x05, 0x00, 0x00, 0x00, 0x63, 0x63, 0x6f, 0x6d, 0x70, 0x00, 0x0a, 0x00, 0x00, 0x00, 0x76, 0x61, 0x6c, 0x75, 0x65, 0x2f, 0x75, 0x6e, 0x69, 0x74, 0x03, 0x00, 0x00, 0x00, 0x63, 0x6c, 0x66, 0x00, 0x0a, 0x00, 0x00, 0x00, 0x76, 0x61, 0x6c, 0x75, 0x65, 0x2f, 0x75, 0x6e, 0x69, 0x74, 0x08, 0x00, 0x00, 0x00, 0x63, 0x6f, 0x6d, 0x70, 0x6f, 0x75, 0x6e, 0x64, 0x00, 0x0a, 0x00, 0x00, 0x00, 0x76, 0x61, 0x6c, 0x75, 0x65, 0x2f, 0x75, 0x6e, 0x69, 0x74, 0x04, 0x00, 0x00, 0x00, 0x63, 0x6f, 0x6e, 0x6a, 0x00, 0x0a, 0x00, 0x00, 0x00, 0x76, 0x61, 0x6c, 0x75, 0x65, 0x2f, 0x75, 0x6e, 0x69, 0x74, 0x03, 0x00, 0x00, 0x00, 0x63, 0x6f, 0x70, 0x00, 0x0a, 0x00, 0x00, 0x00, 0x76, 0x61, 0x6c, 0x75, 0x65, 0x2f, 0x75, 0x6e, 0x69, 0x74, 0x05, 0x00, 0x00, 0x00, 0x63, 0x73, 0x75, 0x62, 0x6a, 0x00, 0x0a, 0x00, 0x00, 0x00, 0x76, 0x61, 0x6c, 0x75, 0x65, 0x2f, 0x75, 0x6e, 0x69, 0x74, 0x03, 0x00, 0x00, 0x00, 0x64, 0x65, 0x70, 0x00, 0x0a, 0x00, 0x00, 0x00, 0x76, 0x61, 0x6c, 0x75, 0x65, 0x2f, 0x75, 0x6e, 0x69, 0x74, 0x03, 0x00, 0x00, 0x00, 0x64, 0x65, 0x74, 0x00, 0x0a, 0x00, 0x00, 0x00, 0x76, 0x61, 0x6c, 0x75, 0x65, 0x2f, 0x75, 0x6e, 0x69, 0x74, 0x09, 0x00, 0x00, 0x00, 0x64, 0x69, 0x73, 0x63, 0x6f, 0x75, 0x72, 0x73, 0x65, 0x00, 0x0a, 0x00, 0x00, 0x00, 0x76, 0x61, 0x6c, 0x75, 0x65, 0x2f, 0x75, 0x6e, 0x69, 0x74, 0x0a, 0x00, 0x00, 0x00, 0x64, 0x69, 0x73, 0x6c, 0x6f, 0x63, 0x61, 0x74, 0x65, 0x64, 0x00, 0x0a, 0x00, 0x00, 0x00, 0x76, 0x61, 0x6c, 0x75, 0x65, 0x2f, 0x75, 0x6e, 0x69, 0x74, 0x04, 0x00, 0x00, 0x00, 0x65, 0x78, 0x70, 0x6c, 0x00, 0x0a, 0x00, 0x00, 0x00, 0x76, 0x61, 0x6c, 0x75, 0x65, 0x2f, 0x75, 0x6e, 0x69, 0x74, 0x05, 0x00, 0x00, 0x00, 0x66, 0x69, 0x78, 0x65, 0x64, 0x00, 0x0a, 0x00, 0x00, 0x00, 0x76, 0x61, 0x6c, 0x75, 0x65, 0x2f, 0x75, 0x6e, 0x69, 0x74, 0x04, 0x00, 0x00, 0x00, 0x66, 0x6c, 0x61, 0x74, 0x00, 0x0a, 0x00, 0x00, 0x00, 0x76, 0x61, 0x6c, 0x75, 0x65, 0x2f, 0x75, 0x6e, 0x69, 0x74, 0x08, 0x00, 0x00, 0x00, 0x67, 0x6f, 0x65, 0x73, 0x77, 0x69, 0x74, 0x68, 0x00, 0x0a, 0x00, 0x00, 0x00, 0x76, 0x61, 0x6c, 0x75, 0x65, 0x2f, 0x75, 0x6e, 0x69, 0x74, 0x04, 0x00, 0x00, 0x00, 0x69, 0x6f, 0x62, 0x6a, 0x00, 0x0a, 0x00, 0x00, 0x00, 0x76, 0x61, 0x6c, 0x75, 0x65, 0x2f, 0x75, 0x6e, 0x69, 0x74, 0x04, 0x00, 0x00, 0x00, 0x6c, 0x69, 0x73, 0x74, 0x00, 0x0a, 0x00, 0x00, 0x00, 0x76, 0x61, 0x6c, 0x75, 0x65, 0x2f, 0x75, 0x6e, 0x69, 0x74, 0x04, 0x00, 0x00, 0x00, 0x6d, 0x61, 0x72, 0x6b, 0x00, 0x0a, 0x00, 0x00, 0x00, 0x76, 0x61, 0x6c, 0x75, 0x65, 0x2f, 0x75, 0x6e, 0x69, 0x74, 0x04, 0x00, 0x00, 0x00, 0x6e, 0x6d, 0x6f, 0x64, 0x00, 0x0a, 0x00, 0x00, 0x00, 0x76, 0x61, 0x6c, 0x75, 0x65, 0x2f, 0x75, 0x6e, 0x69, 0x74, 0x05, 0x00, 0x00, 0x00, 0x6e, 0x73, 0x75, 0x62, 0x6a, 0x00, 0x0a, 0x00, 0x00, 0x00, 0x76, 0x61, 0x6c, 0x75, 0x65, 0x2f, 0x75, 0x6e, 0x69, 0x74, 0x06, 0x00, 0x00, 0x00, 0x6e, 0x75, 0x6d, 0x6d, 0x6f, 0x64, 0x00, 0x0a, 0x00, 0x00, 0x00, 0x76, 0x61, 0x6c, 0x75, 0x65, 0x2f, 0x75, 0x6e, 0x69, 0x74, 0x03, 0x00, 0x00, 0x00, 0x6f, 0x62, 0x6a, 0x00, 0x0a, 0x00, 0x00, 0x00, 0x76, 0x61, 0x6c, 0x75, 0x65, 0x2f, 0x75, 0x6e, 0x69, 0x74, 0x03, 0x00, 0x00, 0x00, 0x6f, 0x62, 0x6c, 0x00, 0x0a, 0x00, 0x00, 0x00, 0x76, 0x61, 0x6c, 0x75, 0x65, 0x2f, 0x75, 0x6e, 0x69, 0x74, 0x06, 0x00, 0x00, 0x00, 0x6f, 0x72, 0x70, 0x68, 0x61, 0x6e, 0x00, 0x0a, 0x00, 0x00, 0x00, 0x76, 0x61, 0x6c, 0x75, 0x65, 0x2f, 0x75, 0x6e, 0x69, 0x74, 0x09, 0x00, 0x00, 0x00, 0x70, 0x61, 0x72, 0x61, 0x74, 0x61, 0x78, 0x69, 0x73, 0x00, 0x0a, 0x00, 0x00, 0x00, 0x76, 0x61, 0x6c, 0x75, 0x65, 0x2f, 0x75, 0x6e, 0x69, 0x74, 0x05, 0x00, 0x00, 0x00, 0x70, 0x75, 0x6e, 0x63, 0x74, 0x00, 0x0a, 0x00, 0x00, 0x00, 0x76, 0x61, 0x6c, 0x75, 0x65, 0x2f, 0x75, 0x6e, 0x69, 0x74, 0x0a, 0x00, 0x00, 0x00, 0x72, 0x65, 0x70, 0x61, 0x72, 0x61, 0x6e, 0x64, 0x75, 0x6d, 0x00, 0x0a, 0x00, 0x00, 0x00, 0x76, 0x61, 0x6c, 0x75, 0x65, 0x2f, 0x75, 0x6e, 0x69, 0x74, 0x04, 0x00, 0x00, 0x00, 0x72, 0x6f, 0x6f, 0x74, 0x00, 0x0a, 0x00, 0x00, 0x00, 0x76, 0x61, 0x6c, 0x75, 0x65, 0x2f, 0x75, 0x6e, 0x69, 0x74, 0x08, 0x00, 0x00, 0x00, 0x76, 0x6f, 0x63, 0x61, 0x74, 0x69, 0x76, 0x65, 0x00, 0x0a, 0x00, 0x00, 0x00, 0x76, 0x61, 0x6c, 0x75, 0x65, 0x2f, 0x75, 0x6e, 0x69, 0x74, 0x05, 0x00, 0x00, 0x00, 0x78, 0x63, 0x6f, 0x6d, 0x70, 0x00, 0x0a, 0x00, 0x00, 0x00, 0x76, 0x61, 0x6c, 0x75, 0x65, 0x2f, 0x75, 0x6e, 0x69, 0x74, 0x07, 0x00, 0x00, 0x00, 0x73, 0x75, 0x62, 0x74, 0x79, 0x70, 0x65, 0x05, 0x5b, 0x00, 0x00, 0x00, 0x74, 0x79, 0x70, 0x65, 0x2f, 0x4c, 0x61, 0x6e, 0x67, 0x75, 0x61, 0x67, 0x65, 0x50, 0x61, 0x72, 0x73, 0x65, 0x72, 0x53, 0x75, 0x62, 0x74, 0x79, 0x70, 0x65, 0x40, 0x33, 0x61, 0x35, 0x39, 0x61, 0x64, 0x35, 0x34, 0x63, 0x38, 0x65, 0x31, 0x39, 0x30, 0x30, 0x31, 0x35, 0x37, 0x35, 0x31, 0x34, 0x32, 0x65, 0x32, 0x31, 0x34, 0x35, 0x65, 0x39, 0x61, 0x62, 0x61, 0x32, 0x35, 0x36, 0x37, 0x32, 0x38, 0x63, 0x34, 0x39, 0x66, 0x33, 0x35, 0x36, 0x34, 0x34, 0x66, 0x31, 0x61, 0x39, 0x33, 0x38, 0x30, 0x37, 0x35, 0x62, 0x61, 0x39, 0x31, 0x63, 0x36, 0x34, 0x35, 0x00, 0x0a, 0x00, 0x00, 0x00, 0x76, 0x61, 0x6c, 0x75, 0x65, 0x2f, 0x74, 0x65, 0x78, 0x74, 0x09, 0x00, 0x00, 0x00, 0x72, 0x65, 0x6c, 0x61, 0x74, 0x69, 0x6f, 0x6e, 0x31, 0x02, 0x5c, 0x00, 0x00, 0x00, 0x74, 0x79, 0x70, 0x65, 0x2f, 0x4c, 0x61, 0x6e, 0x67, 0x75, 0x61, 0x67, 0x65, 0x50, 0x61, 0x72, 0x73, 0x65, 0x72, 0x52, 0x65, 0x6c, 0x61, 0x74, 0x69, 0x6f, 0x6e, 0x40, 0x63, 0x39, 0x64, 0x36, 0x34, 0x63, 0x35, 0x36, 0x64, 0x62, 0x32, 0x61, 0x61, 0x34, 0x30, 0x65, 0x35, 0x66, 0x66, 0x35, 0x36, 0x62, 0x63, 0x61, 0x64, 0x65, 0x33, 0x30, 0x66, 0x38, 0x38, 0x34, 0x37, 0x35, 0x33, 0x62, 0x65, 0x32, 0x33, 0x33, 0x36, 0x34, 0x65, 0x32, 0x34, 0x31, 0x33, 0x38, 0x64, 0x33, 0x65, 0x36, 0x36, 0x66, 0x62, 0x35, 0x66, 0x61, 0x32, 0x34, 0x38, 0x35, 0x66, 0x36, 0x02, 0x00, 0x00, 0x00, 0x04, 0x00, 0x00, 0x00, 0x62, 0x61, 0x73, 0x65, 0x03, 0x69, 0x00, 0x00, 0x00, 0x74, 0x79, 0x70, 0x65, 0x2f, 0x4c, 0x61, 0x6e, 0x67, 0x75, 0x61, 0x67, 0x65, 0x55, 0x6e, 0x69, 0x76, 0x65, 0x72, 0x73, 0x61, 0x6c, 0x44, 0x65, 0x70, 0x65, 0x6e, 0x64, 0x65, 0x6e, 0x63, 0x79, 0x52, 0x65, 0x6c, 0x61, 0x74, 0x69, 0x6f, 0x6e, 0x40, 0x37, 0x63, 0x65, 0x32, 0x37, 0x33, 0x30, 0x32, 0x64, 0x35, 0x62, 0x38, 0x32, 0x35, 0x32, 0x37, 0x37, 0x62, 0x62, 0x64, 0x37, 0x35, 0x34, 0x64, 0x30, 0x62, 0x63, 0x65, 0x38, 0x62, 0x62, 0x63, 0x39, 0x65, 0x37, 0x31, 0x66, 0x35, 0x64, 0x36, 0x34, 0x62, 0x63, 0x34, 0x66, 0x30, 0x61, 0x66, 0x31, 0x38, 0x34, 0x66, 0x63, 0x38, 0x36, 0x32, 0x64, 0x62, 0x64, 0x38, 0x63, 0x66, 0x32, 0x65, 0x25, 0x00, 0x00, 0x00, 0x03, 0x00, 0x00, 0x00, 0x61, 0x63, 0x6c, 0x00, 0x0a, 0x00, 0x00, 0x00, 0x76, 0x61, 0x6c, 0x75, 0x65, 0x2f, 0x75, 0x6e, 0x69, 0x74, 0x05, 0x00, 0x00, 0x00, 0x61, 0x64, 0x76, 0x63, 0x6c, 0x00, 0x0a, 0x00, 0x00, 0x00, 0x76, 0x61, 0x6c, 0x75, 0x65, 0x2f, 0x75, 0x6e, 0x69, 0x74, 0x06, 0x00, 0x00, 0x00, 0x61, 0x64, 0x76, 0x6d, 0x6f, 0x64, 0x00, 0x0a, 0x00, 0x00, 0x00, 0x76, 0x61, 0x6c, 0x75, 0x65, 0x2f, 0x75, 0x6e, 0x69, 0x74, 0x04, 0x00, 0x00, 0x00, 0x61, 0x6d, 0x6f, 0x64, 0x00, 0x0a, 0x00, 0x00, 0x00, 0x76, 0x61, 0x6c, 0x75, 0x65, 0x2f, 0x75, 0x6e, 0x69, 0x74, 0x05, 0x00, 0x00, 0x00, 0x61, 0x70, 0x70, 0x6f, 0x73, 0x00, 0x0a, 0x00, 0x00, 0x00, 0x76, 0x61, 0x6c, 0x75, 0x65, 0x2f, 0x75, 0x6e, 0x69, 0x74, 0x03, 0x00, 0x00, 0x00, 0x61, 0x75, 0x78, 0x00, 0x0a, 0x00, 0x00, 0x00, 0x76, 0x61, 0x6c, 0x75, 0x65, 0x2f, 0x75, 0x6e, 0x69, 0x74, 0x04, 0x00, 0x00, 0x00, 0x63, 0x61, 0x73, 0x65, 0x00, 0x0a, 0x00, 0x00, 0x00, 0x76, 0x61, 0x6c, 0x75, 0x65, 0x2f, 0x75, 0x6e, 0x69, 0x74, 0x02, 0x00, 0x00, 0x00, 0x63, 0x63, 0x00, 0x0a, 0x00, 0x00, 0x00, 0x76, 0x61, 0x6c, 0x75, 0x65, 0x2f, 0x75, 0x6e, 0x69, 0x74, 0x05, 0x00, 0x00, 0x00, 0x63, 0x63, 0x6f, 0x6d, 0x70, 0x00, 0x0a, 0x00, 0x00, 0x00, 0x76, 0x61, 0x6c, 0x75, 0x65, 0x2f, 0x75, 0x6e, 0x69, 0x74, 0x03, 0x00, 0x00, 0x00, 0x63, 0x6c, 0x66, 0x00, 0x0a, 0x00, 0x00, 0x00, 0x76, 0x61, 0x6c, 0x75, 0x65, 0x2f, 0x75, 0x6e, 0x69, 0x74, 0x08, 0x00, 0x00, 0x00, 0x63, 0x6f, 0x6d, 0x70, 0x6f, 0x75, 0x6e, 0x64, 0x00, 0x0a, 0x00, 0x00, 0x00, 0x76, 0x61, 0x6c, 0x75, 0x65, 0x2f, 0x75, 0x6e, 0x69, 0x74, 0x04, 0x00, 0x00, 0x00, 0x63, 0x6f, 0x6e, 0x6a, 0x00, 0x0a, 0x00, 0x00, 0x00, 0x76, 0x61, 0x6c, 0x75, 0x65, 0x2f, 0x75, 0x6e, 0x69, 0x74, 0x03, 0x00, 0x00, 0x00, 0x63, 0x6f, 0x70, 0x00, 0x0a, 0x00, 0x00, 0x00, 0x76, 0x61, 0x6c, 0x75, 0x65, 0x2f, 0x75, 0x6e, 0x69, 0x74, 0x05, 0x00, 0x00, 0x00, 0x63, 0x73, 0x75, 0x62, 0x6a, 0x00, 0x0a, 0x00, 0x00, 0x00, 0x76, 0x61, 0x6c, 0x75, 0x65, 0x2f, 0x75, 0x6e, 0x69, 0x74, 0x03, 0x00, 0x00, 0x00, 0x64, 0x65, 0x70, 0x00, 0x0a, 0x00, 0x00, 0x00, 0x76, 0x61, 0x6c, 0x75, 0x65, 0x2f, 0x75, 0x6e, 0x69, 0x74, 0x03, 0x00, 0x00, 0x00, 0x64, 0x65, 0x74, 0x00, 0x0a, 0x00, 0x00, 0x00, 0x76, 0x61, 0x6c, 0x75, 0x65, 0x2f, 0x75, 0x6e, 0x69, 0x74, 0x09, 0x00, 0x00, 0x00, 0x64, 0x69, 0x73, 0x63, 0x6f, 0x75, 0x72, 0x73, 0x65, 0x00, 0x0a, 0x00, 0x00, 0x00, 0x76, 0x61, 0x6c, 0x75, 0x65, 0x2f, 0x75, 0x6e, 0x69, 0x74, 0x0a, 0x00, 0x00, 0x00, 0x64, 0x69, 0x73, 0x6c, 0x6f, 0x63, 0x61, 0x74, 0x65, 0x64, 0x00, 0x0a, 0x00, 0x00, 0x00, 0x76, 0x61, 0x6c, 0x75, 0x65, 0x2f, 0x75, 0x6e, 0x69, 0x74, 0x04, 0x00, 0x00, 0x00, 0x65, 0x78, 0x70, 0x6c, 0x00, 0x0a, 0x00, 0x00, 0x00, 0x76, 0x61, 0x6c, 0x75, 0x65, 0x2f, 0x75, 0x6e, 0x69, 0x74, 0x05, 0x00, 0x00, 0x00, 0x66, 0x69, 0x78, 0x65, 0x64, 0x00, 0x0a, 0x00, 0x00, 0x00, 0x76, 0x61, 0x6c, 0x75, 0x65, 0x2f, 0x75, 0x6e, 0x69, 0x74, 0x04, 0x00, 0x00, 0x00, 0x66, 0x6c, 0x61, 0x74, 0x00, 0x0a, 0x00, 0x00, 0x00, 0x76, 0x61, 0x6c, 0x75, 0x65, 0x2f, 0x75, 0x6e, 0x69, 0x74, 0x08, 0x00, 0x00, 0x00, 0x67, 0x6f, 0x65, 0x73, 0x77, 0x69, 0x74, 0x68, 0x00, 0x0a, 0x00, 0x00, 0x00, 0x76, 0x61, 0x6c, 0x75, 0x65, 0x2f, 0x75, 0x6e, 0x69, 0x74, 0x04, 0x00, 0x00, 0x00, 0x69, 0x6f, 0x62, 0x6a, 0x00, 0x0a, 0x00, 0x00, 0x00, 0x76, 0x61, 0x6c, 0x75, 0x65, 0x2f, 0x75, 0x6e, 0x69, 0x74, 0x04, 0x00, 0x00, 0x00, 0x6c, 0x69, 0x73, 0x74, 0x00, 0x0a, 0x00, 0x00, 0x00, 0x76, 0x61, 0x6c, 0x75, 0x65, 0x2f, 0x75, 0x6e, 0x69, 0x74, 0x04, 0x00, 0x00, 0x00, 0x6d, 0x61, 0x72, 0x6b, 0x00, 0x0a, 0x00, 0x00, 0x00, 0x76, 0x61, 0x6c, 0x75, 0x65, 0x2f, 0x75, 0x6e, 0x69, 0x74, 0x04, 0x00, 0x00, 0x00, 0x6e, 0x6d, 0x6f, 0x64, 0x00, 0x0a, 0x00, 0x00, 0x00, 0x76, 0x61, 0x6c, 0x75, 0x65, 0x2f, 0x75, 0x6e, 0x69, 0x74, 0x05, 0x00, 0x00, 0x00, 0x6e, 0x73, 0x75, 0x62, 0x6a, 0x00, 0x0a, 0x00, 0x00, 0x00, 0x76, 0x61, 0x6c, 0x75, 0x65, 0x2f, 0x75, 0x6e, 0x69, 0x74, 0x06, 0x00, 0x00, 0x00, 0x6e, 0x75, 0x6d, 0x6d, 0x6f, 0x64, 0x00, 0x0a, 0x00, 0x00, 0x00, 0x76, 0x61, 0x6c, 0x75, 0x65, 0x2f, 0x75, 0x6e, 0x69, 0x74, 0x03, 0x00, 0x00, 0x00, 0x6f, 0x62, 0x6a, 0x00, 0x0a, 0x00, 0x00, 0x00, 0x76, 0x61, 0x6c, 0x75, 0x65, 0x2f, 0x75, 0x6e, 0x69, 0x74, 0x03, 0x00, 0x00, 0x00, 0x6f, 0x62, 0x6c, 0x00, 0x0a, 0x00, 0x00, 0x00, 0x76, 0x61, 0x6c, 0x75, 0x65, 0x2f, 0x75, 0x6e, 0x69, 0x74, 0x06, 0x00, 0x00, 0x00, 0x6f, 0x72, 0x70, 0x68, 0x61, 0x6e, 0x00, 0x0a, 0x00, 0x00, 0x00, 0x76, 0x61, 0x6c, 0x75, 0x65, 0x2f, 0x75, 0x6e, 0x69, 0x74, 0x09, 0x00, 0x00, 0x00, 0x70, 0x61, 0x72, 0x61, 0x74, 0x61, 0x78, 0x69, 0x73, 0x00, 0x0a, 0x00, 0x00, 0x00, 0x76, 0x61, 0x6c, 0x75, 0x65, 0x2f, 0x75, 0x6e, 0x69, 0x74, 0x05, 0x00, 0x00, 0x00, 0x70, 0x75, 0x6e, 0x63, 0x74, 0x00, 0x0a, 0x00, 0x00, 0x00, 0x76, 0x61, 0x6c, 0x75, 0x65, 0x2f, 0x75, 0x6e, 0x69, 0x74, 0x0a, 0x00, 0x00, 0x00, 0x72, 0x65, 0x70, 0x61, 0x72, 0x61, 0x6e, 0x64, 0x75, 0x6d, 0x00, 0x0a, 0x00, 0x00, 0x00, 0x76, 0x61, 0x6c, 0x75, 0x65, 0x2f, 0x75, 0x6e, 0x69, 0x74, 0x04, 0x00, 0x00, 0x00, 0x72, 0x6f, 0x6f, 0x74, 0x00, 0x0a, 0x00, 0x00, 0x00, 0x76, 0x61, 0x6c, 0x75, 0x65, 0x2f, 0x75, 0x6e, 0x69, 0x74, 0x08, 0x00, 0x00, 0x00, 0x76, 0x6f, 0x63, 0x61, 0x74, 0x69, 0x76, 0x65, 0x00, 0x0a, 0x00, 0x00, 0x00, 0x76, 0x61, 0x6c, 0x75, 0x65, 0x2f, 0x75, 0x6e, 0x69, 0x74, 0x05, 0x00, 0x00, 0x00, 0x78, 0x63, 0x6f, 0x6d, 0x70, 0x00, 0x0a, 0x00, 0x00, 0x00, 0x76, 0x61, 0x6c, 0x75, 0x65, 0x2f, 0x75, 0x6e, 0x69, 0x74, 0x07, 0x00, 0x00, 0x00, 0x73, 0x75, 0x62, 0x74, 0x79, 0x70, 0x65, 0x05, 0x5b, 0x00, 0x00, 0x00, 0x74, 0x79, 0x70, 0x65, 0x2f, 0x4c, 0x61, 0x6e, 0x67, 0x75, 0x61, 0x67, 0x65, 0x50, 0x61, 0x72, 0x73, 0x65, 0x72, 0x53, 0x75, 0x62, 0x74, 0x79, 0x70, 0x65, 0x40, 0x33, 0x61, 0x35, 0x39, 0x61, 0x64, 0x35, 0x34, 0x63, 0x38, 0x65, 0x31, 0x39, 0x30, 0x30, 0x31, 0x35, 0x37, 0x35, 0x31, 0x34, 0x32, 0x65, 0x32, 0x31, 0x34, 0x35, 0x65, 0x39, 0x61, 0x62, 0x61, 0x32, 0x35, 0x36, 0x37, 0x32, 0x38, 0x63, 0x34, 0x39, 0x66, 0x33, 0x35, 0x36, 0x34, 0x34, 0x66, 0x31, 0x61, 0x39, 0x33, 0x38, 0x30, 0x37, 0x35, 0x62, 0x61, 0x39, 0x31, 0x63, 0x36, 0x34, 0x35, 0x00, 0x0a, 0x00, 0x00, 0x00, 0x76, 0x61, 0x6c, 0x75, 0x65, 0x2f, 0x74, 0x65, 0x78, 0x74, 0x09, 0x00, 0x00, 0x00, 0x72, 0x65, 0x6c, 0x61, 0x74, 0x69, 0x6f, 0x6e, 0x32, 0x02, 0x5c, 0x00, 0x00, 0x00, 0x74, 0x79, 0x70, 0x65, 0x2f, 0x4c, 0x61, 0x6e, 0x67, 0x75, 0x61, 0x67, 0x65, 0x50, 0x61, 0x72, 0x73, 0x65, 0x72, 0x52, 0x65, 0x6c, 0x61, 0x74, 0x69, 0x6f, 0x6e, 0x40, 0x63, 0x39, 0x64, 0x36, 0x34, 0x63, 0x35, 0x36, 0x64, 0x62, 0x32, 0x61, 0x61, 0x34, 0x30, 0x65, 0x35, 0x66, 0x66, 0x35, 0x36, 0x62, 0x63, 0x61, 0x64, 0x65, 0x33, 0x30, 0x66, 0x38, 0x38, 0x34, 0x37, 0x35, 0x33, 0x62, 0x65, 0x32, 0x33, 0x33, 0x36, 0x34, 0x65, 0x32, 0x34, 0x31, 0x33, 0x38, 0x64, 0x33, 0x65, 0x36, 0x36, 0x66, 0x62, 0x35, 0x66, 0x61, 0x32, 0x34, 0x38, 0x35, 0x66, 0x36, 0x02, 0x00, 0x00, 0x00, 0x04, 0x00, 0x00, 0x00, 0x62, 0x61, 0x73, 0x65, 0x03, 0x69, 0x00, 0x00, 0x00, 0x74, 0x79, 0x70, 0x65, 0x2f, 0x4c, 0x61, 0x6e, 0x67, 0x75, 0x61, 0x67, 0x65, 0x55, 0x6e, 0x69, 0x76, 0x65, 0x72, 0x73, 0x61, 0x6c, 0x44, 0x65, 0x70, 0x65, 0x6e, 0x64, 0x65, 0x6e, 0x63, 0x79, 0x52, 0x65, 0x6c, 0x61, 0x74, 0x69, 0x6f, 0x6e, 0x40, 0x37, 0x63, 0x65, 0x32, 0x37, 0x33, 0x30, 0x32, 0x64, 0x35, 0x62, 0x38, 0x32, 0x35, 0x32, 0x37, 0x37, 0x62, 0x62, 0x64, 0x37, 0x35, 0x34, 0x64, 0x30, 0x62, 0x63, 0x65, 0x38, 0x62, 0x62, 0x63, 0x39, 0x65, 0x37, 0x31, 0x66, 0x35, 0x64, 0x36, 0x34, 0x62, 0x63, 0x34, 0x66, 0x30, 0x61, 0x66, 0x31, 0x38, 0x34, 0x66, 0x63, 0x38, 0x36, 0x32, 0x64, 0x62, 0x64, 0x38, 0x63, 0x66, 0x32, 0x65, 0x25, 0x00, 0x00, 0x00, 0x03, 0x00, 0x00, 0x00, 0x61, 0x63, 0x6c, 0x00, 0x0a, 0x00, 0x00, 0x00, 0x76, 0x61, 0x6c, 0x75, 0x65, 0x2f, 0x75, 0x6e, 0x69, 0x74, 0x05, 0x00, 0x00, 0x00, 0x61, 0x64, 0x76, 0x63, 0x6c, 0x00, 0x0a, 0x00, 0x00, 0x00, 0x76, 0x61, 0x6c, 0x75, 0x65, 0x2f, 0x75, 0x6e, 0x69, 0x74, 0x06, 0x00, 0x00, 0x00, 0x61, 0x64, 0x76, 0x6d, 0x6f, 0x64, 0x00, 0x0a, 0x00, 0x00, 0x00, 0x76, 0x61, 0x6c, 0x75, 0x65, 0x2f, 0x75, 0x6e, 0x69, 0x74, 0x04, 0x00, 0x00, 0x00, 0x61, 0x6d, 0x6f, 0x64, 0x00, 0x0a, 0x00, 0x00, 0x00, 0x76, 0x61, 0x6c, 0x75, 0x65, 0x2f, 0x75, 0x6e, 0x69, 0x74, 0x05, 0x00, 0x00, 0x00, 0x61, 0x70, 0x70, 0x6f, 0x73, 0x00, 0x0a, 0x00, 0x00, 0x00, 0x76, 0x61, 0x6c, 0x75, 0x65, 0x2f, 0x75, 0x6e, 0x69, 0x74, 0x03, 0x00, 0x00, 0x00, 0x61, 0x75, 0x78, 0x00, 0x0a, 0x00, 0x00, 0x00, 0x76, 0x61, 0x6c, 0x75, 0x65, 0x2f, 0x75, 0x6e, 0x69, 0x74, 0x04, 0x00, 0x00, 0x00, 0x63, 0x61, 0x73, 0x65, 0x00, 0x0a, 0x00, 0x00, 0x00, 0x76, 0x61, 0x6c, 0x75, 0x65, 0x2f, 0x75, 0x6e, 0x69, 0x74, 0x02, 0x00, 0x00, 0x00, 0x63, 0x63, 0x00, 0x0a, 0x00, 0x00, 0x00, 0x76, 0x61, 0x6c, 0x75, 0x65, 0x2f, 0x75, 0x6e, 0x69, 0x74, 0x05, 0x00, 0x00, 0x00, 0x63, 0x63, 0x6f, 0x6d, 0x70, 0x00, 0x0a, 0x00, 0x00, 0x00, 0x76, 0x61, 0x6c, 0x75, 0x65, 0x2f, 0x75, 0x6e, 0x69, 0x74, 0x03, 0x00, 0x00, 0x00, 0x63, 0x6c, 0x66, 0x00, 0x0a, 0x00, 0x00, 0x00, 0x76, 0x61, 0x6c, 0x75, 0x65, 0x2f, 0x75, 0x6e, 0x69, 0x74, 0x08, 0x00, 0x00, 0x00, 0x63, 0x6f, 0x6d, 0x70, 0x6f, 0x75, 0x6e, 0x64, 0x00, 0x0a, 0x00, 0x00, 0x00, 0x76, 0x61, 0x6c, 0x75, 0x65, 0x2f, 0x75, 0x6e, 0x69, 0x74, 0x04, 0x00, 0x00, 0x00, 0x63, 0x6f, 0x6e, 0x6a, 0x00, 0x0a, 0x00, 0x00, 0x00, 0x76, 0x61, 0x6c, 0x75, 0x65, 0x2f, 0x75, 0x6e, 0x69, 0x74, 0x03, 0x00, 0x00, 0x00, 0x63, 0x6f, 0x70, 0x00, 0x0a, 0x00, 0x00, 0x00, 0x76, 0x61, 0x6c, 0x75, 0x65, 0x2f, 0x75, 0x6e, 0x69, 0x74, 0x05, 0x00, 0x00, 0x00, 0x63, 0x73, 0x75, 0x62, 0x6a, 0x00, 0x0a, 0x00, 0x00, 0x00, 0x76, 0x61, 0x6c, 0x75, 0x65, 0x2f, 0x75, 0x6e, 0x69, 0x74, 0x03, 0x00, 0x00, 0x00, 0x64, 0x65, 0x70, 0x00, 0x0a, 0x00, 0x00, 0x00, 0x76, 0x61, 0x6c, 0x75, 0x65, 0x2f, 0x75, 0x6e, 0x69, 0x74, 0x03, 0x00, 0x00, 0x00, 0x64, 0x65, 0x74, 0x00, 0x0a, 0x00, 0x00, 0x00, 0x76, 0x61, 0x6c, 0x75, 0x65, 0x2f, 0x75, 0x6e, 0x69, 0x74, 0x09, 0x00, 0x00, 0x00, 0x64, 0x69, 0x73, 0x63, 0x6f, 0x75, 0x72, 0x73, 0x65, 0x00, 0x0a, 0x00, 0x00, 0x00, 0x76, 0x61, 0x6c, 0x75, 0x65, 0x2f, 0x75, 0x6e, 0x69, 0x74, 0x0a, 0x00, 0x00, 0x00, 0x64, 0x69, 0x73, 0x6c, 0x6f, 0x63, 0x61, 0x74, 0x65, 0x64, 0x00, 0x0a, 0x00, 0x00, 0x00, 0x76, 0x61, 0x6c, 0x75, 0x65, 0x2f, 0x75, 0x6e, 0x69, 0x74, 0x04, 0x00, 0x00, 0x00, 0x65, 0x78, 0x70, 0x6c, 0x00, 0x0a, 0x00, 0x00, 0x00, 0x76, 0x61, 0x6c, 0x75, 0x65, 0x2f, 0x75, 0x6e, 0x69, 0x74, 0x05, 0x00, 0x00, 0x00, 0x66, 0x69, 0x78, 0x65, 0x64, 0x00, 0x0a, 0x00, 0x00, 0x00, 0x76, 0x61, 0x6c, 0x75, 0x65, 0x2f, 0x75, 0x6e, 0x69, 0x74, 0x04, 0x00, 0x00, 0x00, 0x66, 0x6c, 0x61, 0x74, 0x00, 0x0a, 0x00, 0x00, 0x00, 0x76, 0x61, 0x6c, 0x75, 0x65, 0x2f, 0x75, 0x6e, 0x69, 0x74, 0x08, 0x00, 0x00, 0x00, 0x67, 0x6f, 0x65, 0x73, 0x77, 0x69, 0x74, 0x68, 0x00, 0x0a, 0x00, 0x00, 0x00, 0x76, 0x61, 0x6c, 0x75, 0x65, 0x2f, 0x75, 0x6e, 0x69, 0x74, 0x04, 0x00, 0x00, 0x00, 0x69, 0x6f, 0x62, 0x6a, 0x00, 0x0a, 0x00, 0x00, 0x00, 0x76, 0x61, 0x6c, 0x75, 0x65, 0x2f, 0x75, 0x6e, 0x69, 0x74, 0x04, 0x00, 0x00, 0x00, 0x6c, 0x69, 0x73, 0x74, 0x00, 0x0a, 0x00, 0x00, 0x00, 0x76, 0x61, 0x6c, 0x75, 0x65, 0x2f, 0x75, 0x6e, 0x69, 0x74, 0x04, 0x00, 0x00, 0x00, 0x6d, 0x61, 0x72, 0x6b, 0x00, 0x0a, 0x00, 0x00, 0x00, 0x76, 0x61, 0x6c, 0x75, 0x65, 0x2f, 0x75, 0x6e, 0x69, 0x74, 0x04, 0x00, 0x00, 0x00, 0x6e, 0x6d, 0x6f, 0x64, 0x00, 0x0a, 0x00, 0x00, 0x00, 0x76, 0x61, 0x6c, 0x75, 0x65, 0x2f, 0x75, 0x6e, 0x69, 0x74, 0x05, 0x00, 0x00, 0x00, 0x6e, 0x73, 0x75, 0x62, 0x6a, 0x00, 0x0a, 0x00, 0x00, 0x00, 0x76, 0x61, 0x6c, 0x75, 0x65, 0x2f, 0x75, 0x6e, 0x69, 0x74, 0x06, 0x00, 0x00, 0x00, 0x6e, 0x75, 0x6d, 0x6d, 0x6f, 0x64, 0x00, 0x0a, 0x00, 0x00, 0x00, 0x76, 0x61, 0x6c, 0x75, 0x65, 0x2f, 0x75, 0x6e, 0x69, 0x74, 0x03, 0x00, 0x00, 0x00, 0x6f, 0x62, 0x6a, 0x00, 0x0a, 0x00, 0x00, 0x00, 0x76, 0x61, 0x6c, 0x75, 0x65, 0x2f, 0x75, 0x6e, 0x69, 0x74, 0x03, 0x00, 0x00, 0x00, 0x6f, 0x62, 0x6c, 0x00, 0x0a, 0x00, 0x00, 0x00, 0x76, 0x61, 0x6c, 0x75, 0x65, 0x2f, 0x75, 0x6e, 0x69, 0x74, 0x06, 0x00, 0x00, 0x00, 0x6f, 0x72, 0x70, 0x68, 0x61, 0x6e, 0x00, 0x0a, 0x00, 0x00, 0x00, 0x76, 0x61, 0x6c, 0x75, 0x65, 0x2f, 0x75, 0x6e, 0x69, 0x74, 0x09, 0x00, 0x00, 0x00, 0x70, 0x61, 0x72, 0x61, 0x74, 0x61, 0x78, 0x69, 0x73, 0x00, 0x0a, 0x00, 0x00, 0x00, 0x76, 0x61, 0x6c, 0x75, 0x65, 0x2f, 0x75, 0x6e, 0x69, 0x74, 0x05, 0x00, 0x00, 0x00, 0x70, 0x75, 0x6e, 0x63, 0x74, 0x00, 0x0a, 0x00, 0x00, 0x00, 0x76, 0x61, 0x6c, 0x75, 0x65, 0x2f, 0x75, 0x6e, 0x69, 0x74, 0x0a, 0x00, 0x00, 0x00, 0x72, 0x65, 0x70, 0x61, 0x72, 0x61, 0x6e, 0x64, 0x75, 0x6d, 0x00, 0x0a, 0x00, 0x00, 0x00, 0x76, 0x61, 0x6c, 0x75, 0x65, 0x2f, 0x75, 0x6e, 0x69, 0x74, 0x04, 0x00, 0x00, 0x00, 0x72, 0x6f, 0x6f, 0x74, 0x00, 0x0a, 0x00, 0x00, 0x00, 0x76, 0x61, 0x6c, 0x75, 0x65, 0x2f, 0x75, 0x6e, 0x69, 0x74, 0x08, 0x00, 0x00, 0x00, 0x76, 0x6f, 0x63, 0x61, 0x74, 0x69, 0x76, 0x65, 0x00, 0x0a, 0x00, 0x00, 0x00, 0x76, 0x61, 0x6c, 0x75, 0x65, 0x2f, 0x75, 0x6e, 0x69, 0x74, 0x05, 0x00, 0x00, 0x00, 0x78, 0x63, 0x6f, 0x6d, 0x70, 0x00, 0x0a, 0x00, 0x00, 0x00, 0x76, 0x61, 0x6c, 0x75, 0x65, 0x2f, 0x75, 0x6e, 0x69, 0x74, 0x07, 0x00, 0x00, 0x00, 0x73, 0x75, 0x62, 0x74, 0x79, 0x70, 0x65, 0x05, 0x5b, 0x00, 0x00, 0x00, 0x74, 0x79, 0x70, 0x65, 0x2f, 0x4c, 0x61, 0x6e, 0x67, 0x75, 0x61, 0x67, 0x65, 0x50, 0x61, 0x72, 0x73, 0x65, 0x72, 0x53, 0x75, 0x62, 0x74, 0x79, 0x70, 0x65, 0x40, 0x33, 0x61, 0x35, 0x39, 0x61, 0x64, 0x35, 0x34, 0x63, 0x38, 0x65, 0x31, 0x39, 0x30, 0x30, 0x31, 0x35, 0x37, 0x35, 0x31, 0x34, 0x32, 0x65, 0x32, 0x31, 0x34, 0x35, 0x65, 0x39, 0x61, 0x62, 0x61, 0x32, 0x35, 0x36, 0x37, 0x32, 0x38, 0x63, 0x34, 0x39, 0x66, 0x33, 0x35, 0x36, 0x34, 0x34, 0x66, 0x31, 0x61, 0x39, 0x33, 0x38, 0x30, 0x37, 0x35, 0x62, 0x61, 0x39, 0x31, 0x63, 0x36, 0x34, 0x35, 0x00, 0x0a, 0x00, 0x00, 0x00, 0x76, 0x61, 0x6c, 0x75, 0x65, 0x2f, 0x74, 0x65, 0x78, 0x74, 0x09, 0x00, 0x00, 0x00, 0x72, 0x65, 0x6c, 0x61, 0x74, 0x69, 0x6f, 0x6e, 0x33, 0x02, 0x5c, 0x00, 0x00, 0x00, 0x74, 0x79, 0x70, 0x65, 0x2f, 0x4c, 0x61, 0x6e, 0x67, 0x75, 0x61, 0x67, 0x65, 0x50, 0x61, 0x72, 0x73, 0x65, 0x72, 0x52, 0x65, 0x6c, 0x61, 0x74, 0x69, 0x6f, 0x6e, 0x40, 0x63, 0x39, 0x64, 0x36, 0x34, 0x63, 0x35, 0x36, 0x64, 0x62, 0x32, 0x61, 0x61, 0x34, 0x30, 0x65, 0x35, 0x66, 0x66, 0x35, 0x36, 0x62, 0x63, 0x61, 0x64, 0x65, 0x33, 0x30, 0x66, 0x38, 0x38, 0x34, 0x37, 0x35, 0x33, 0x62, 0x65, 0x32, 0x33, 0x33, 0x36, 0x34, 0x65, 0x32, 0x34, 0x31, 0x33, 0x38, 0x64, 0x33, 0x65, 0x36, 0x36, 0x66, 0x62, 0x35, 0x66, 0x61, 0x32, 0x34, 0x38, 0x35, 0x66, 0x36, 0x02, 0x00, 0x00, 0x00, 0x04, 0x00, 0x00, 0x00, 0x62, 0x61, 0x73, 0x65, 0x03, 0x69, 0x00, 0x00, 0x00, 0x74, 0x79, 0x70, 0x65, 0x2f, 0x4c, 0x61, 0x6e, 0x67, 0x75, 0x61, 0x67, 0x65, 0x55, 0x6e, 0x69, 0x76, 0x65, 0x72, 0x73, 0x61, 0x6c, 0x44, 0x65, 0x70, 0x65, 0x6e, 0x64, 0x65, 0x6e, 0x63, 0x79, 0x52, 0x65, 0x6c, 0x61, 0x74, 0x69, 0x6f, 0x6e, 0x40, 0x37, 0x63, 0x65, 0x32, 0x37, 0x33, 0x30, 0x32, 0x64, 0x35, 0x62, 0x38, 0x32, 0x35, 0x32, 0x37, 0x37, 0x62, 0x62, 0x64, 0x37, 0x35, 0x34, 0x64, 0x30, 0x62, 0x63, 0x65, 0x38, 0x62, 0x62, 0x63, 0x39, 0x65, 0x37, 0x31, 0x66, 0x35, 0x64, 0x36, 0x34, 0x62, 0x63, 0x34, 0x66, 0x30, 0x61, 0x66, 0x31, 0x38, 0x34, 0x66, 0x63, 0x38, 0x36, 0x32, 0x64, 0x62, 0x64, 0x38, 0x63, 0x66, 0x32, 0x65, 0x25, 0x00, 0x00, 0x00, 0x03, 0x00, 0x00, 0x00, 0x61, 0x63, 0x6c, 0x00, 0x0a, 0x00, 0x00, 0x00, 0x76, 0x61, 0x6c, 0x75, 0x65, 0x2f, 0x75, 0x6e, 0x69, 0x74, 0x05, 0x00, 0x00, 0x00, 0x61, 0x64, 0x76, 0x63, 0x6c, 0x00, 0x0a, 0x00, 0x00, 0x00, 0x76, 0x61, 0x6c, 0x75, 0x65, 0x2f, 0x75, 0x6e, 0x69, 0x74, 0x06, 0x00, 0x00, 0x00, 0x61, 0x64, 0x76, 0x6d, 0x6f, 0x64, 0x00, 0x0a, 0x00, 0x00, 0x00, 0x76, 0x61, 0x6c, 0x75, 0x65, 0x2f, 0x75, 0x6e, 0x69, 0x74, 0x04, 0x00, 0x00, 0x00, 0x61, 0x6d, 0x6f, 0x64, 0x00, 0x0a, 0x00, 0x00, 0x00, 0x76, 0x61, 0x6c, 0x75, 0x65, 0x2f, 0x75, 0x6e, 0x69, 0x74, 0x05, 0x00, 0x00, 0x00, 0x61, 0x70, 0x70, 0x6f, 0x73, 0x00, 0x0a, 0x00, 0x00, 0x00, 0x76, 0x61, 0x6c, 0x75, 0x65, 0x2f, 0x75, 0x6e, 0x69, 0x74, 0x03, 0x00, 0x00, 0x00, 0x61, 0x75, 0x78, 0x00, 0x0a, 0x00, 0x00, 0x00, 0x76, 0x61, 0x6c, 0x75, 0x65, 0x2f, 0x75, 0x6e, 0x69, 0x74, 0x04, 0x00, 0x00, 0x00, 0x63, 0x61, 0x73, 0x65, 0x00, 0x0a, 0x00, 0x00, 0x00, 0x76, 0x61, 0x6c, 0x75, 0x65, 0x2f, 0x75, 0x6e, 0x69, 0x74, 0x02, 0x00, 0x00, 0x00, 0x63, 0x63, 0x00, 0x0a, 0x00, 0x00, 0x00, 0x76, 0x61, 0x6c, 0x75, 0x65, 0x2f, 0x75, 0x6e, 0x69, 0x74, 0x05, 0x00, 0x00, 0x00, 0x63, 0x63, 0x6f, 0x6d, 0x70, 0x00, 0x0a, 0x00, 0x00, 0x00, 0x76, 0x61, 0x6c, 0x75, 0x65, 0x2f, 0x75, 0x6e, 0x69, 0x74, 0x03, 0x00, 0x00, 0x00, 0x63, 0x6c, 0x66, 0x00, 0x0a, 0x00, 0x00, 0x00, 0x76, 0x61, 0x6c, 0x75, 0x65, 0x2f, 0x75, 0x6e, 0x69, 0x74, 0x08, 0x00, 0x00, 0x00, 0x63, 0x6f, 0x6d, 0x70, 0x6f, 0x75, 0x6e, 0x64, 0x00, 0x0a, 0x00, 0x00, 0x00, 0x76, 0x61, 0x6c, 0x75, 0x65, 0x2f, 0x75, 0x6e, 0x69, 0x74, 0x04, 0x00, 0x00, 0x00, 0x63, 0x6f, 0x6e, 0x6a, 0x00, 0x0a, 0x00, 0x00, 0x00, 0x76, 0x61, 0x6c, 0x75, 0x65, 0x2f, 0x75, 0x6e, 0x69, 0x74, 0x03, 0x00, 0x00, 0x00, 0x63, 0x6f, 0x70, 0x00, 0x0a, 0x00, 0x00, 0x00, 0x76, 0x61, 0x6c, 0x75, 0x65, 0x2f, 0x75, 0x6e, 0x69, 0x74, 0x05, 0x00, 0x00, 0x00, 0x63, 0x73, 0x75, 0x62, 0x6a, 0x00, 0x0a, 0x00, 0x00, 0x00, 0x76, 0x61, 0x6c, 0x75, 0x65, 0x2f, 0x75, 0x6e, 0x69, 0x74, 0x03, 0x00, 0x00, 0x00, 0x64, 0x65, 0x70, 0x00, 0x0a, 0x00, 0x00, 0x00, 0x76, 0x61, 0x6c, 0x75, 0x65, 0x2f, 0x75, 0x6e, 0x69, 0x74, 0x03, 0x00, 0x00, 0x00, 0x64, 0x65, 0x74, 0x00, 0x0a, 0x00, 0x00, 0x00, 0x76, 0x61, 0x6c, 0x75, 0x65, 0x2f, 0x75, 0x6e, 0x69, 0x74, 0x09, 0x00, 0x00, 0x00, 0x64, 0x69, 0x73, 0x63, 0x6f, 0x75, 0x72, 0x73, 0x65, 0x00, 0x0a, 0x00, 0x00, 0x00, 0x76, 0x61, 0x6c, 0x75, 0x65, 0x2f, 0x75, 0x6e, 0x69, 0x74, 0x0a, 0x00, 0x00, 0x00, 0x64, 0x69, 0x73, 0x6c, 0x6f, 0x63, 0x61, 0x74, 0x65, 0x64, 0x00, 0x0a, 0x00, 0x00, 0x00, 0x76, 0x61, 0x6c, 0x75, 0x65, 0x2f, 0x75, 0x6e, 0x69, 0x74, 0x04, 0x00, 0x00, 0x00, 0x65, 0x78, 0x70, 0x6c, 0x00, 0x0a, 0x00, 0x00, 0x00, 0x76, 0x61, 0x6c, 0x75, 0x65, 0x2f, 0x75, 0x6e, 0x69, 0x74, 0x05, 0x00, 0x00, 0x00, 0x66, 0x69, 0x78, 0x65, 0x64, 0x00, 0x0a, 0x00, 0x00, 0x00, 0x76, 0x61, 0x6c, 0x75, 0x65, 0x2f, 0x75, 0x6e, 0x69, 0x74, 0x04, 0x00, 0x00, 0x00, 0x66, 0x6c, 0x61, 0x74, 0x00, 0x0a, 0x00, 0x00, 0x00, 0x76, 0x61, 0x6c, 0x75, 0x65, 0x2f, 0x75, 0x6e, 0x69, 0x74, 0x08, 0x00, 0x00, 0x00, 0x67, 0x6f, 0x65, 0x73, 0x77, 0x69, 0x74, 0x68, 0x00, 0x0a, 0x00, 0x00, 0x00, 0x76, 0x61, 0x6c, 0x75, 0x65, 0x2f, 0x75, 0x6e, 0x69, 0x74, 0x04, 0x00, 0x00, 0x00, 0x69, 0x6f, 0x62, 0x6a, 0x00, 0x0a, 0x00, 0x00, 0x00, 0x76, 0x61, 0x6c, 0x75, 0x65, 0x2f, 0x75, 0x6e, 0x69, 0x74, 0x04, 0x00, 0x00, 0x00, 0x6c, 0x69, 0x73, 0x74, 0x00, 0x0a, 0x00, 0x00, 0x00, 0x76, 0x61, 0x6c, 0x75, 0x65, 0x2f, 0x75, 0x6e, 0x69, 0x74, 0x04, 0x00, 0x00, 0x00, 0x6d, 0x61, 0x72, 0x6b, 0x00, 0x0a, 0x00, 0x00, 0x00, 0x76, 0x61, 0x6c, 0x75, 0x65, 0x2f, 0x75, 0x6e, 0x69, 0x74, 0x04, 0x00, 0x00, 0x00, 0x6e, 0x6d, 0x6f, 0x64, 0x00, 0x0a, 0x00, 0x00, 0x00, 0x76, 0x61, 0x6c, 0x75, 0x65, 0x2f, 0x75, 0x6e, 0x69, 0x74, 0x05, 0x00, 0x00, 0x00, 0x6e, 0x73, 0x75, 0x62, 0x6a, 0x00, 0x0a, 0x00, 0x00, 0x00, 0x76, 0x61, 0x6c, 0x75, 0x65, 0x2f, 0x75, 0x6e, 0x69, 0x74, 0x06, 0x00, 0x00, 0x00, 0x6e, 0x75, 0x6d, 0x6d, 0x6f, 0x64, 0x00, 0x0a, 0x00, 0x00, 0x00, 0x76, 0x61, 0x6c, 0x75, 0x65, 0x2f, 0x75, 0x6e, 0x69, 0x74, 0x03, 0x00, 0x00, 0x00, 0x6f, 0x62, 0x6a, 0x00, 0x0a, 0x00, 0x00, 0x00, 0x76, 0x61, 0x6c, 0x75, 0x65, 0x2f, 0x75, 0x6e, 0x69, 0x74, 0x03, 0x00, 0x00, 0x00, 0x6f, 0x62, 0x6c, 0x00, 0x0a, 0x00, 0x00, 0x00, 0x76, 0x61, 0x6c, 0x75, 0x65, 0x2f, 0x75, 0x6e, 0x69, 0x74, 0x06, 0x00, 0x00, 0x00, 0x6f, 0x72, 0x70, 0x68, 0x61, 0x6e, 0x00, 0x0a, 0x00, 0x00, 0x00, 0x76, 0x61, 0x6c, 0x75, 0x65, 0x2f, 0x75, 0x6e, 0x69, 0x74, 0x09, 0x00, 0x00, 0x00, 0x70, 0x61, 0x72, 0x61, 0x74, 0x61, 0x78, 0x69, 0x73, 0x00, 0x0a, 0x00, 0x00, 0x00, 0x76, 0x61, 0x6c, 0x75, 0x65, 0x2f, 0x75, 0x6e, 0x69, 0x74, 0x05, 0x00, 0x00, 0x00, 0x70, 0x75, 0x6e, 0x63, 0x74, 0x00, 0x0a, 0x00, 0x00, 0x00, 0x76, 0x61, 0x6c, 0x75, 0x65, 0x2f, 0x75, 0x6e, 0x69, 0x74, 0x0a, 0x00, 0x00, 0x00, 0x72, 0x65, 0x70, 0x61, 0x72, 0x61, 0x6e, 0x64, 0x75, 0x6d, 0x00, 0x0a, 0x00, 0x00, 0x00, 0x76, 0x61, 0x6c, 0x75, 0x65, 0x2f, 0x75, 0x6e, 0x69, 0x74, 0x04, 0x00, 0x00, 0x00, 0x72, 0x6f, 0x6f, 0x74, 0x00, 0x0a, 0x00, 0x00, 0x00, 0x76, 0x61, 0x6c, 0x75, 0x65, 0x2f, 0x75, 0x6e, 0x69, 0x74, 0x08, 0x00, 0x00, 0x00, 0x76, 0x6f, 0x63, 0x61, 0x74, 0x69, 0x76, 0x65, 0x00, 0x0a, 0x00, 0x00, 0x00, 0x76, 0x61, 0x6c, 0x75, 0x65, 0x2f, 0x75, 0x6e, 0x69, 0x74, 0x05, 0x00, 0x00, 0x00, 0x78, 0x63, 0x6f, 0x6d, 0x70, 0x00, 0x0a, 0x00, 0x00, 0x00, 0x76, 0x61, 0x6c, 0x75, 0x65, 0x2f, 0x75, 0x6e, 0x69, 0x74, 0x07, 0x00, 0x00, 0x00, 0x73, 0x75, 0x62, 0x74, 0x79, 0x70, 0x65, 0x05, 0x5b, 0x00, 0x00, 0x00, 0x74, 0x79, 0x70, 0x65, 0x2f, 0x4c, 0x61, 0x6e, 0x67, 0x75, 0x61, 0x67, 0x65, 0x50, 0x61, 0x72, 0x73, 0x65, 0x72, 0x53, 0x75, 0x62, 0x74, 0x79, 0x70, 0x65, 0x40, 0x33, 0x61, 0x35, 0x39, 0x61, 0x64, 0x35, 0x34, 0x63, 0x38, 0x65, 0x31, 0x39, 0x30, 0x30, 0x31, 0x35, 0x37, 0x35, 0x31, 0x34, 0x32, 0x65, 0x32, 0x31, 0x34, 0x35, 0x65, 0x39, 0x61, 0x62, 0x61, 0x32, 0x35, 0x36, 0x37, 0x32, 0x38, 0x63, 0x34, 0x39, 0x66, 0x33, 0x35, 0x36, 0x34, 0x34, 0x66, 0x31, 0x61, 0x39, 0x33, 0x38, 0x30, 0x37, 0x35, 0x62, 0x61, 0x39, 0x31, 0x63, 0x36, 0x34, 0x35, 0x00, 0x0a, 0x00, 0x00, 0x00, 0x76, 0x61, 0x6c, 0x75, 0x65, 0x2f, 0x74, 0x65, 0x78, 0x74, 0x09, 0x00, 0x00, 0x00, 0x72, 0x65, 0x6c, 0x61, 0x74, 0x69, 0x6f, 0x6e, 0x34, 0x02, 0x5c, 0x00, 0x00, 0x00, 0x74, 0x79, 0x70, 0x65, 0x2f, 0x4c, 0x61, 0x6e, 0x67, 0x75, 0x61, 0x67, 0x65, 0x50, 0x61, 0x72, 0x73, 0x65, 0x72, 0x52, 0x65, 0x6c, 0x61, 0x74, 0x69, 0x6f, 0x6e, 0x40, 0x63, 0x39, 0x64, 0x36, 0x34, 0x63, 0x35, 0x36, 0x64, 0x62, 0x32, 0x61, 0x61, 0x34, 0x30, 0x65, 0x35, 0x66, 0x66, 0x35, 0x36, 0x62, 0x63, 0x61, 0x64, 0x65, 0x33, 0x30, 0x66, 0x38, 0x38, 0x34, 0x37, 0x35, 0x33, 0x62, 0x65, 0x32, 0x33, 0x33, 0x36, 0x34, 0x65, 0x32, 0x34, 0x31, 0x33, 0x38, 0x64, 0x33, 0x65, 0x36, 0x36, 0x66, 0x62, 0x35, 0x66, 0x61, 0x32, 0x34, 0x38, 0x35, 0x66, 0x36, 0x02, 0x00, 0x00, 0x00, 0x04, 0x00, 0x00, 0x00, 0x62, 0x61, 0x73, 0x65, 0x03, 0x69, 0x00, 0x00, 0x00, 0x74, 0x79, 0x70, 0x65, 0x2f, 0x4c, 0x61, 0x6e, 0x67, 0x75, 0x61, 0x67, 0x65, 0x55, 0x6e, 0x69, 0x76, 0x65, 0x72, 0x73, 0x61, 0x6c, 0x44, 0x65, 0x70, 0x65, 0x6e, 0x64, 0x65, 0x6e, 0x63, 0x79, 0x52, 0x65, 0x6c, 0x61, 0x74, 0x69, 0x6f, 0x6e, 0x40, 0x37, 0x63, 0x65, 0x32, 0x37, 0x33, 0x30, 0x32, 0x64, 0x35, 0x62, 0x38, 0x32, 0x35, 0x32, 0x37, 0x37, 0x62, 0x62, 0x64, 0x37, 0x35, 0x34, 0x64, 0x30, 0x62, 0x63, 0x65, 0x38, 0x62, 0x62, 0x63, 0x39, 0x65, 0x37, 0x31, 0x66, 0x35, 0x64, 0x36, 0x34, 0x62, 0x63, 0x34, 0x66, 0x30, 0x61, 0x66, 0x31, 0x38, 0x34, 0x66, 0x63, 0x38, 0x36, 0x32, 0x64, 0x62, 0x64, 0x38, 0x63, 0x66, 0x32, 0x65, 0x25, 0x00, 0x00, 0x00, 0x03, 0x00, 0x00, 0x00, 0x61, 0x63, 0x6c, 0x00, 0x0a, 0x00, 0x00, 0x00, 0x76, 0x61, 0x6c, 0x75, 0x65, 0x2f, 0x75, 0x6e, 0x69, 0x74, 0x05, 0x00, 0x00, 0x00, 0x61, 0x64, 0x76, 0x63, 0x6c, 0x00, 0x0a, 0x00, 0x00, 0x00, 0x76, 0x61, 0x6c, 0x75, 0x65, 0x2f, 0x75, 0x6e, 0x69, 0x74, 0x06, 0x00, 0x00, 0x00, 0x61, 0x64, 0x76, 0x6d, 0x6f, 0x64, 0x00, 0x0a, 0x00, 0x00, 0x00, 0x76, 0x61, 0x6c, 0x75, 0x65, 0x2f, 0x75, 0x6e, 0x69, 0x74, 0x04, 0x00, 0x00, 0x00, 0x61, 0x6d, 0x6f, 0x64, 0x00, 0x0a, 0x00, 0x00, 0x00, 0x76, 0x61, 0x6c, 0x75, 0x65, 0x2f, 0x75, 0x6e, 0x69, 0x74, 0x05, 0x00, 0x00, 0x00, 0x61, 0x70, 0x70, 0x6f, 0x73, 0x00, 0x0a, 0x00, 0x00, 0x00, 0x76, 0x61, 0x6c, 0x75, 0x65, 0x2f, 0x75, 0x6e, 0x69, 0x74, 0x03, 0x00, 0x00, 0x00, 0x61, 0x75, 0x78, 0x00, 0x0a, 0x00, 0x00, 0x00, 0x76, 0x61, 0x6c, 0x75, 0x65, 0x2f, 0x75, 0x6e, 0x69, 0x74, 0x04, 0x00, 0x00, 0x00, 0x63, 0x61, 0x73, 0x65, 0x00, 0x0a, 0x00, 0x00, 0x00, 0x76, 0x61, 0x6c, 0x75, 0x65, 0x2f, 0x75, 0x6e, 0x69, 0x74, 0x02, 0x00, 0x00, 0x00, 0x63, 0x63, 0x00, 0x0a, 0x00, 0x00, 0x00, 0x76, 0x61, 0x6c, 0x75, 0x65, 0x2f, 0x75, 0x6e, 0x69, 0x74, 0x05, 0x00, 0x00, 0x00, 0x63, 0x63, 0x6f, 0x6d, 0x70, 0x00, 0x0a, 0x00, 0x00, 0x00, 0x76, 0x61, 0x6c, 0x75, 0x65, 0x2f, 0x75, 0x6e, 0x69, 0x74, 0x03, 0x00, 0x00, 0x00, 0x63, 0x6c, 0x66, 0x00, 0x0a, 0x00, 0x00, 0x00, 0x76, 0x61, 0x6c, 0x75, 0x65, 0x2f, 0x75, 0x6e, 0x69, 0x74, 0x08, 0x00, 0x00, 0x00, 0x63, 0x6f, 0x6d, 0x70, 0x6f, 0x75, 0x6e, 0x64, 0x00, 0x0a, 0x00, 0x00, 0x00, 0x76, 0x61, 0x6c, 0x75, 0x65, 0x2f, 0x75, 0x6e, 0x69, 0x74, 0x04, 0x00, 0x00, 0x00, 0x63, 0x6f, 0x6e, 0x6a, 0x00, 0x0a, 0x00, 0x00, 0x00, 0x76, 0x61, 0x6c, 0x75, 0x65, 0x2f, 0x75, 0x6e, 0x69, 0x74, 0x03, 0x00, 0x00, 0x00, 0x63, 0x6f, 0x70, 0x00, 0x0a, 0x00, 0x00, 0x00, 0x76, 0x61, 0x6c, 0x75, 0x65, 0x2f, 0x75, 0x6e, 0x69, 0x74, 0x05, 0x00, 0x00, 0x00, 0x63, 0x73, 0x75, 0x62, 0x6a, 0x00, 0x0a, 0x00, 0x00, 0x00, 0x76, 0x61, 0x6c, 0x75, 0x65, 0x2f, 0x75, 0x6e, 0x69, 0x74, 0x03, 0x00, 0x00, 0x00, 0x64, 0x65, 0x70, 0x00, 0x0a, 0x00, 0x00, 0x00, 0x76, 0x61, 0x6c, 0x75, 0x65, 0x2f, 0x75, 0x6e, 0x69, 0x74, 0x03, 0x00, 0x00, 0x00, 0x64, 0x65, 0x74, 0x00, 0x0a, 0x00, 0x00, 0x00, 0x76, 0x61, 0x6c, 0x75, 0x65, 0x2f, 0x75, 0x6e, 0x69, 0x74, 0x09, 0x00, 0x00, 0x00, 0x64, 0x69, 0x73, 0x63, 0x6f, 0x75, 0x72, 0x73, 0x65, 0x00, 0x0a, 0x00, 0x00, 0x00, 0x76, 0x61, 0x6c, 0x75, 0x65, 0x2f, 0x75, 0x6e, 0x69, 0x74, 0x0a, 0x00, 0x00, 0x00, 0x64, 0x69, 0x73, 0x6c, 0x6f, 0x63, 0x61, 0x74, 0x65, 0x64, 0x00, 0x0a, 0x00, 0x00, 0x00, 0x76, 0x61, 0x6c, 0x75, 0x65, 0x2f, 0x75, 0x6e, 0x69, 0x74, 0x04, 0x00, 0x00, 0x00, 0x65, 0x78, 0x70, 0x6c, 0x00, 0x0a, 0x00, 0x00, 0x00, 0x76, 0x61, 0x6c, 0x75, 0x65, 0x2f, 0x75, 0x6e, 0x69, 0x74, 0x05, 0x00, 0x00, 0x00, 0x66, 0x69, 0x78, 0x65, 0x64, 0x00, 0x0a, 0x00, 0x00, 0x00, 0x76, 0x61, 0x6c, 0x75, 0x65, 0x2f, 0x75, 0x6e, 0x69, 0x74, 0x04, 0x00, 0x00, 0x00, 0x66, 0x6c, 0x61, 0x74, 0x00, 0x0a, 0x00, 0x00, 0x00, 0x76, 0x61, 0x6c, 0x75, 0x65, 0x2f, 0x75, 0x6e, 0x69, 0x74, 0x08, 0x00, 0x00, 0x00, 0x67, 0x6f, 0x65, 0x73, 0x77, 0x69, 0x74, 0x68, 0x00, 0x0a, 0x00, 0x00, 0x00, 0x76, 0x61, 0x6c, 0x75, 0x65, 0x2f, 0x75, 0x6e, 0x69, 0x74, 0x04, 0x00, 0x00, 0x00, 0x69, 0x6f, 0x62, 0x6a, 0x00, 0x0a, 0x00, 0x00, 0x00, 0x76, 0x61, 0x6c, 0x75, 0x65, 0x2f, 0x75, 0x6e, 0x69, 0x74, 0x04, 0x00, 0x00, 0x00, 0x6c, 0x69, 0x73, 0x74, 0x00, 0x0a, 0x00, 0x00, 0x00, 0x76, 0x61, 0x6c, 0x75, 0x65, 0x2f, 0x75, 0x6e, 0x69, 0x74, 0x04, 0x00, 0x00, 0x00, 0x6d, 0x61, 0x72, 0x6b, 0x00, 0x0a, 0x00, 0x00, 0x00, 0x76, 0x61, 0x6c, 0x75, 0x65, 0x2f, 0x75, 0x6e, 0x69, 0x74, 0x04, 0x00, 0x00, 0x00, 0x6e, 0x6d, 0x6f, 0x64, 0x00, 0x0a, 0x00, 0x00, 0x00, 0x76, 0x61, 0x6c, 0x75, 0x65, 0x2f, 0x75, 0x6e, 0x69, 0x74, 0x05, 0x00, 0x00, 0x00, 0x6e, 0x73, 0x75, 0x62, 0x6a, 0x00, 0x0a, 0x00, 0x00, 0x00, 0x76, 0x61, 0x6c, 0x75, 0x65, 0x2f, 0x75, 0x6e, 0x69, 0x74, 0x06, 0x00, 0x00, 0x00, 0x6e, 0x75, 0x6d, 0x6d, 0x6f, 0x64, 0x00, 0x0a, 0x00, 0x00, 0x00, 0x76, 0x61, 0x6c, 0x75, 0x65, 0x2f, 0x75, 0x6e, 0x69, 0x74, 0x03, 0x00, 0x00, 0x00, 0x6f, 0x62, 0x6a, 0x00, 0x0a, 0x00, 0x00, 0x00, 0x76, 0x61, 0x6c, 0x75, 0x65, 0x2f, 0x75, 0x6e, 0x69, 0x74, 0x03, 0x00, 0x00, 0x00, 0x6f, 0x62, 0x6c, 0x00, 0x0a, 0x00, 0x00, 0x00, 0x76, 0x61, 0x6c, 0x75, 0x65, 0x2f, 0x75, 0x6e, 0x69, 0x74, 0x06, 0x00, 0x00, 0x00, 0x6f, 0x72, 0x70, 0x68, 0x61, 0x6e, 0x00, 0x0a, 0x00, 0x00, 0x00, 0x76, 0x61, 0x6c, 0x75, 0x65, 0x2f, 0x75, 0x6e, 0x69, 0x74, 0x09, 0x00, 0x00, 0x00, 0x70, 0x61, 0x72, 0x61, 0x74, 0x61, 0x78, 0x69, 0x73, 0x00, 0x0a, 0x00, 0x00, 0x00, 0x76, 0x61, 0x6c, 0x75, 0x65, 0x2f, 0x75, 0x6e, 0x69, 0x74, 0x05, 0x00, 0x00, 0x00, 0x70, 0x75, 0x6e, 0x63, 0x74, 0x00, 0x0a, 0x00, 0x00, 0x00, 0x76, 0x61, 0x6c, 0x75, 0x65, 0x2f, 0x75, 0x6e, 0x69, 0x74, 0x0a, 0x00, 0x00, 0x00, 0x72, 0x65, 0x70, 0x61, 0x72, 0x61, 0x6e, 0x64, 0x75, 0x6d, 0x00, 0x0a, 0x00, 0x00, 0x00, 0x76, 0x61, 0x6c, 0x75, 0x65, 0x2f, 0x75, 0x6e, 0x69, 0x74, 0x04, 0x00, 0x00, 0x00, 0x72, 0x6f, 0x6f, 0x74, 0x00, 0x0a, 0x00, 0x00, 0x00, 0x76, 0x61, 0x6c, 0x75, 0x65, 0x2f, 0x75, 0x6e, 0x69, 0x74, 0x08, 0x00, 0x00, 0x00, 0x76, 0x6f, 0x63, 0x61, 0x74, 0x69, 0x76, 0x65, 0x00, 0x0a, 0x00, 0x00, 0x00, 0x76, 0x61, 0x6c, 0x75, 0x65, 0x2f, 0x75, 0x6e, 0x69, 0x74, 0x05, 0x00, 0x00, 0x00, 0x78, 0x63, 0x6f, 0x6d, 0x70, 0x00, 0x0a, 0x00, 0x00, 0x00, 0x76, 0x61, 0x6c, 0x75, 0x65, 0x2f, 0x75, 0x6e, 0x69, 0x74, 0x07, 0x00, 0x00, 0x00, 0x73, 0x75, 0x62, 0x74, 0x79, 0x70, 0x65, 0x05, 0x5b, 0x00, 0x00, 0x00, 0x74, 0x79, 0x70, 0x65, 0x2f, 0x4c, 0x61, 0x6e, 0x67, 0x75, 0x61, 0x67, 0x65, 0x50, 0x61, 0x72, 0x73, 0x65, 0x72, 0x53, 0x75, 0x62, 0x74, 0x79, 0x70, 0x65, 0x40, 0x33, 0x61, 0x35, 0x39, 0x61, 0x64, 0x35, 0x34, 0x63, 0x38, 0x65, 0x31, 0x39, 0x30, 0x30, 0x31, 0x35, 0x37, 0x35, 0x31, 0x34, 0x32, 0x65, 0x32, 0x31, 0x34, 0x35, 0x65, 0x39, 0x61, 0x62, 0x61, 0x32, 0x35, 0x36, 0x37, 0x32, 0x38, 0x63, 0x34, 0x39, 0x66, 0x33, 0x35, 0x36, 0x34, 0x34, 0x66, 0x31, 0x61, 0x39, 0x33, 0x38, 0x30, 0x37, 0x35, 0x62, 0x61, 0x39, 0x31, 0x63, 0x36, 0x34, 0x35, 0x00, 0x0a, 0x00, 0x00, 0x00, 0x76, 0x61, 0x6c, 0x75, 0x65, 0x2f, 0x74, 0x65, 0x78, 0x74, 0x09, 0x00, 0x00, 0x00, 0x72, 0x65, 0x6c, 0x61, 0x74, 0x69, 0x6f, 0x6e, 0x35, 0x02, 0x5c, 0x00, 0x00, 0x00, 0x74, 0x79, 0x70, 0x65, 0x2f, 0x4c, 0x61, 0x6e, 0x67, 0x75, 0x61, 0x67, 0x65, 0x50, 0x61, 0x72, 0x73, 0x65, 0x72, 0x52, 0x65, 0x6c, 0x61, 0x74, 0x69, 0x6f, 0x6e, 0x40, 0x63, 0x39, 0x64, 0x36, 0x34, 0x63, 0x35, 0x36, 0x64, 0x62, 0x32, 0x61, 0x61, 0x34, 0x30, 0x65, 0x35, 0x66, 0x66, 0x35, 0x36, 0x62, 0x63, 0x61, 0x64, 0x65, 0x33, 0x30, 0x66, 0x38, 0x38, 0x34, 0x37, 0x35, 0x33, 0x62, 0x65, 0x32, 0x33, 0x33, 0x36, 0x34, 0x65, 0x32, 0x34, 0x31, 0x33, 0x38, 0x64, 0x33, 0x65, 0x36, 0x36, 0x66, 0x62, 0x35, 0x66, 0x61, 0x32, 0x34, 0x38, 0x35, 0x66, 0x36, 0x02, 0x00, 0x00, 0x00, 0x04, 0x00, 0x00, 0x00, 0x62, 0x61, 0x73, 0x65, 0x03, 0x69, 0x00, 0x00, 0x00, 0x74, 0x79, 0x70, 0x65, 0x2f, 0x4c, 0x61, 0x6e, 0x67, 0x75, 0x61, 0x67, 0x65, 0x55, 0x6e, 0x69, 0x76, 0x65, 0x72, 0x73, 0x61, 0x6c, 0x44, 0x65, 0x70, 0x65, 0x6e, 0x64, 0x65, 0x6e, 0x63, 0x79, 0x52, 0x65, 0x6c, 0x61, 0x74, 0x69, 0x6f, 0x6e, 0x40, 0x37, 0x63, 0x65, 0x32, 0x37, 0x33, 0x30, 0x32, 0x64, 0x35, 0x62, 0x38, 0x32, 0x35, 0x32, 0x37, 0x37, 0x62, 0x62, 0x64, 0x37, 0x35, 0x34, 0x64, 0x30, 0x62, 0x63, 0x65, 0x38, 0x62, 0x62, 0x63, 0x39, 0x65, 0x37, 0x31, 0x66, 0x35, 0x64, 0x36, 0x34, 0x62, 0x63, 0x34, 0x66, 0x30, 0x61, 0x66, 0x31, 0x38, 0x34, 0x66, 0x63, 0x38, 0x36, 0x32, 0x64, 0x62, 0x64, 0x38, 0x63, 0x66, 0x32, 0x65, 0x25, 0x00, 0x00, 0x00, 0x03, 0x00, 0x00, 0x00, 0x61, 0x63, 0x6c, 0x00, 0x0a, 0x00, 0x00, 0x00, 0x76, 0x61, 0x6c, 0x75, 0x65, 0x2f, 0x75, 0x6e, 0x69, 0x74, 0x05, 0x00, 0x00, 0x00, 0x61, 0x64, 0x76, 0x63, 0x6c, 0x00, 0x0a, 0x00, 0x00, 0x00, 0x76, 0x61, 0x6c, 0x75, 0x65, 0x2f, 0x75, 0x6e, 0x69, 0x74, 0x06, 0x00, 0x00, 0x00, 0x61, 0x64, 0x76, 0x6d, 0x6f, 0x64, 0x00, 0x0a, 0x00, 0x00, 0x00, 0x76, 0x61, 0x6c, 0x75, 0x65, 0x2f, 0x75, 0x6e, 0x69, 0x74, 0x04, 0x00, 0x00, 0x00, 0x61, 0x6d, 0x6f, 0x64, 0x00, 0x0a, 0x00, 0x00, 0x00, 0x76, 0x61, 0x6c, 0x75, 0x65, 0x2f, 0x75, 0x6e, 0x69, 0x74, 0x05, 0x00, 0x00, 0x00, 0x61, 0x70, 0x70, 0x6f, 0x73, 0x00, 0x0a, 0x00, 0x00, 0x00, 0x76, 0x61, 0x6c, 0x75, 0x65, 0x2f, 0x75, 0x6e, 0x69, 0x74, 0x03, 0x00, 0x00, 0x00, 0x61, 0x75, 0x78, 0x00, 0x0a, 0x00, 0x00, 0x00, 0x76, 0x61, 0x6c, 0x75, 0x65, 0x2f, 0x75, 0x6e, 0x69, 0x74, 0x04, 0x00, 0x00, 0x00, 0x63, 0x61, 0x73, 0x65, 0x00, 0x0a, 0x00, 0x00, 0x00, 0x76, 0x61, 0x6c, 0x75, 0x65, 0x2f, 0x75, 0x6e, 0x69, 0x74, 0x02, 0x00, 0x00, 0x00, 0x63, 0x63, 0x00, 0x0a, 0x00, 0x00, 0x00, 0x76, 0x61, 0x6c, 0x75, 0x65, 0x2f, 0x75, 0x6e, 0x69, 0x74, 0x05, 0x00, 0x00, 0x00, 0x63, 0x63, 0x6f, 0x6d, 0x70, 0x00, 0x0a, 0x00, 0x00, 0x00, 0x76, 0x61, 0x6c, 0x75, 0x65, 0x2f, 0x75, 0x6e, 0x69, 0x74, 0x03, 0x00, 0x00, 0x00, 0x63, 0x6c, 0x66, 0x00, 0x0a, 0x00, 0x00, 0x00, 0x76, 0x61, 0x6c, 0x75, 0x65, 0x2f, 0x75, 0x6e, 0x69, 0x74, 0x08, 0x00, 0x00, 0x00, 0x63, 0x6f, 0x6d, 0x70, 0x6f, 0x75, 0x6e, 0x64, 0x00, 0x0a, 0x00, 0x00, 0x00, 0x76, 0x61, 0x6c, 0x75, 0x65, 0x2f, 0x75, 0x6e, 0x69, 0x74, 0x04, 0x00, 0x00, 0x00, 0x63, 0x6f, 0x6e, 0x6a, 0x00, 0x0a, 0x00, 0x00, 0x00, 0x76, 0x61, 0x6c, 0x75, 0x65, 0x2f, 0x75, 0x6e, 0x69, 0x74, 0x03, 0x00, 0x00, 0x00, 0x63, 0x6f, 0x70, 0x00, 0x0a, 0x00, 0x00, 0x00, 0x76, 0x61, 0x6c, 0x75, 0x65, 0x2f, 0x75, 0x6e, 0x69, 0x74, 0x05, 0x00, 0x00, 0x00, 0x63, 0x73, 0x75, 0x62, 0x6a, 0x00, 0x0a, 0x00, 0x00, 0x00, 0x76, 0x61, 0x6c, 0x75, 0x65, 0x2f, 0x75, 0x6e, 0x69, 0x74, 0x03, 0x00, 0x00, 0x00, 0x64, 0x65, 0x70, 0x00, 0x0a, 0x00, 0x00, 0x00, 0x76, 0x61, 0x6c, 0x75, 0x65, 0x2f, 0x75, 0x6e, 0x69, 0x74, 0x03, 0x00, 0x00, 0x00, 0x64, 0x65, 0x74, 0x00, 0x0a, 0x00, 0x00, 0x00, 0x76, 0x61, 0x6c, 0x75, 0x65, 0x2f, 0x75, 0x6e, 0x69, 0x74, 0x09, 0x00, 0x00, 0x00, 0x64, 0x69, 0x73, 0x63, 0x6f, 0x75, 0x72, 0x73, 0x65, 0x00, 0x0a, 0x00, 0x00, 0x00, 0x76, 0x61, 0x6c, 0x75, 0x65, 0x2f, 0x75, 0x6e, 0x69, 0x74, 0x0a, 0x00, 0x00, 0x00, 0x64, 0x69, 0x73, 0x6c, 0x6f, 0x63, 0x61, 0x74, 0x65, 0x64, 0x00, 0x0a, 0x00, 0x00, 0x00, 0x76, 0x61, 0x6c, 0x75, 0x65, 0x2f, 0x75, 0x6e, 0x69, 0x74, 0x04, 0x00, 0x00, 0x00, 0x65, 0x78, 0x70, 0x6c, 0x00, 0x0a, 0x00, 0x00, 0x00, 0x76, 0x61, 0x6c, 0x75, 0x65, 0x2f, 0x75, 0x6e, 0x69, 0x74, 0x05, 0x00, 0x00, 0x00, 0x66, 0x69, 0x78, 0x65, 0x64, 0x00, 0x0a, 0x00, 0x00, 0x00, 0x76, 0x61, 0x6c, 0x75, 0x65, 0x2f, 0x75, 0x6e, 0x69, 0x74, 0x04, 0x00, 0x00, 0x00, 0x66, 0x6c, 0x61, 0x74, 0x00, 0x0a, 0x00, 0x00, 0x00, 0x76, 0x61, 0x6c, 0x75, 0x65, 0x2f, 0x75, 0x6e, 0x69, 0x74, 0x08, 0x00, 0x00, 0x00, 0x67, 0x6f, 0x65, 0x73, 0x77, 0x69, 0x74, 0x68, 0x00, 0x0a, 0x00, 0x00, 0x00, 0x76, 0x61, 0x6c, 0x75, 0x65, 0x2f, 0x75, 0x6e, 0x69, 0x74, 0x04, 0x00, 0x00, 0x00, 0x69, 0x6f, 0x62, 0x6a, 0x00, 0x0a, 0x00, 0x00, 0x00, 0x76, 0x61, 0x6c, 0x75, 0x65, 0x2f, 0x75, 0x6e, 0x69, 0x74, 0x04, 0x00, 0x00, 0x00, 0x6c, 0x69, 0x73, 0x74, 0x00, 0x0a, 0x00, 0x00, 0x00, 0x76, 0x61, 0x6c, 0x75, 0x65, 0x2f, 0x75, 0x6e, 0x69, 0x74, 0x04, 0x00, 0x00, 0x00, 0x6d, 0x61, 0x72, 0x6b, 0x00, 0x0a, 0x00, 0x00, 0x00, 0x76, 0x61, 0x6c, 0x75, 0x65, 0x2f, 0x75, 0x6e, 0x69, 0x74, 0x04, 0x00, 0x00, 0x00, 0x6e, 0x6d, 0x6f, 0x64, 0x00, 0x0a, 0x00, 0x00, 0x00, 0x76, 0x61, 0x6c, 0x75, 0x65, 0x2f, 0x75, 0x6e, 0x69, 0x74, 0x05, 0x00, 0x00, 0x00, 0x6e, 0x73, 0x75, 0x62, 0x6a, 0x00, 0x0a, 0x00, 0x00, 0x00, 0x76, 0x61, 0x6c, 0x75, 0x65, 0x2f, 0x75, 0x6e, 0x69, 0x74, 0x06, 0x00, 0x00, 0x00, 0x6e, 0x75, 0x6d, 0x6d, 0x6f, 0x64, 0x00, 0x0a, 0x00, 0x00, 0x00, 0x76, 0x61, 0x6c, 0x75, 0x65, 0x2f, 0x75, 0x6e, 0x69, 0x74, 0x03, 0x00, 0x00, 0x00, 0x6f, 0x62, 0x6a, 0x00, 0x0a, 0x00, 0x00, 0x00, 0x76, 0x61, 0x6c, 0x75, 0x65, 0x2f, 0x75, 0x6e, 0x69, 0x74, 0x03, 0x00, 0x00, 0x00, 0x6f, 0x62, 0x6c, 0x00, 0x0a, 0x00, 0x00, 0x00, 0x76, 0x61, 0x6c, 0x75, 0x65, 0x2f, 0x75, 0x6e, 0x69, 0x74, 0x06, 0x00, 0x00, 0x00, 0x6f, 0x72, 0x70, 0x68, 0x61, 0x6e, 0x00, 0x0a, 0x00, 0x00, 0x00, 0x76, 0x61, 0x6c, 0x75, 0x65, 0x2f, 0x75, 0x6e, 0x69, 0x74, 0x09, 0x00, 0x00, 0x00, 0x70, 0x61, 0x72, 0x61, 0x74, 0x61, 0x78, 0x69, 0x73, 0x00, 0x0a, 0x00, 0x00, 0x00, 0x76, 0x61, 0x6c, 0x75, 0x65, 0x2f, 0x75, 0x6e, 0x69, 0x74, 0x05, 0x00, 0x00, 0x00, 0x70, 0x75, 0x6e, 0x63, 0x74, 0x00, 0x0a, 0x00, 0x00, 0x00, 0x76, 0x61, 0x6c, 0x75, 0x65, 0x2f, 0x75, 0x6e, 0x69, 0x74, 0x0a, 0x00, 0x00, 0x00, 0x72, 0x65, 0x70, 0x61, 0x72, 0x61, 0x6e, 0x64, 0x75, 0x6d, 0x00, 0x0a, 0x00, 0x00, 0x00, 0x76, 0x61, 0x6c, 0x75, 0x65, 0x2f, 0x75, 0x6e, 0x69, 0x74, 0x04, 0x00, 0x00, 0x00, 0x72, 0x6f, 0x6f, 0x74, 0x00, 0x0a, 0x00, 0x00, 0x00, 0x76, 0x61, 0x6c, 0x75, 0x65, 0x2f, 0x75, 0x6e, 0x69, 0x74, 0x08, 0x00, 0x00, 0x00, 0x76, 0x6f, 0x63, 0x61, 0x74, 0x69, 0x76, 0x65, 0x00, 0x0a, 0x00, 0x00, 0x00, 0x76, 0x61, 0x6c, 0x75, 0x65, 0x2f, 0x75, 0x6e, 0x69, 0x74, 0x05, 0x00, 0x00, 0x00, 0x78, 0x63, 0x6f, 0x6d, 0x70, 0x00, 0x0a, 0x00, 0x00, 0x00, 0x76, 0x61, 0x6c, 0x75, 0x65, 0x2f, 0x75, 0x6e, 0x69, 0x74, 0x07, 0x00, 0x00, 0x00, 0x73, 0x75, 0x62, 0x74, 0x79, 0x70, 0x65, 0x05, 0x5b, 0x00, 0x00, 0x00, 0x74, 0x79, 0x70, 0x65, 0x2f, 0x4c, 0x61, 0x6e, 0x67, 0x75, 0x61, 0x67, 0x65, 0x50, 0x61, 0x72, 0x73, 0x65, 0x72, 0x53, 0x75, 0x62, 0x74, 0x79, 0x70, 0x65, 0x40, 0x33, 0x61, 0x35, 0x39, 0x61, 0x64, 0x35, 0x34, 0x63, 0x38, 0x65, 0x31, 0x39, 0x30, 0x30, 0x31, 0x35, 0x37, 0x35, 0x31, 0x34, 0x32, 0x65, 0x32, 0x31, 0x34, 0x35, 0x65, 0x39, 0x61, 0x62, 0x61, 0x32, 0x35, 0x36, 0x37, 0x32, 0x38, 0x63, 0x34, 0x39, 0x66, 0x33, 0x35, 0x36, 0x34, 0x34, 0x66, 0x31, 0x61, 0x39, 0x33, 0x38, 0x30, 0x37, 0x35, 0x62, 0x61, 0x39, 0x31, 0x63, 0x36, 0x34, 0x35, 0x00, 0x0a, 0x00, 0x00, 0x00, 0x76, 0x61, 0x6c, 0x75, 0x65, 0x2f, 0x74, 0x65, 0x78, 0x74, 0x09, 0x00, 0x00, 0x00, 0x72, 0x65, 0x6c, 0x61, 0x74, 0x69, 0x6f, 0x6e, 0x36, 0x02, 0x5c, 0x00, 0x00, 0x00, 0x74, 0x79, 0x70, 0x65, 0x2f, 0x4c, 0x61, 0x6e, 0x67, 0x75, 0x61, 0x67, 0x65, 0x50, 0x61, 0x72, 0x73, 0x65, 0x72, 0x52, 0x65, 0x6c, 0x61, 0x74, 0x69, 0x6f, 0x6e, 0x40, 0x63, 0x39, 0x64, 0x36, 0x34, 0x63, 0x35, 0x36, 0x64, 0x62, 0x32, 0x61, 0x61, 0x34, 0x30, 0x65, 0x35, 0x66, 0x66, 0x35, 0x36, 0x62, 0x63, 0x61, 0x64, 0x65, 0x33, 0x30, 0x66, 0x38, 0x38, 0x34, 0x37, 0x35, 0x33, 0x62, 0x65, 0x32, 0x33, 0x33, 0x36, 0x34, 0x65, 0x32, 0x34, 0x31, 0x33, 0x38, 0x64, 0x33, 0x65, 0x36, 0x36, 0x66, 0x62, 0x35, 0x66, 0x61, 0x32, 0x34, 0x38, 0x35, 0x66, 0x36, 0x02, 0x00, 0x00, 0x00, 0x04, 0x00, 0x00, 0x00, 0x62, 0x61, 0x73, 0x65, 0x03, 0x69, 0x00, 0x00, 0x00, 0x74, 0x79, 0x70, 0x65, 0x2f, 0x4c, 0x61, 0x6e, 0x67, 0x75, 0x61, 0x67, 0x65, 0x55, 0x6e, 0x69, 0x76, 0x65, 0x72, 0x73, 0x61, 0x6c, 0x44, 0x65, 0x70, 0x65, 0x6e, 0x64, 0x65, 0x6e, 0x63, 0x79, 0x52, 0x65, 0x6c, 0x61, 0x74, 0x69, 0x6f, 0x6e, 0x40, 0x37, 0x63, 0x65, 0x32, 0x37, 0x33, 0x30, 0x32, 0x64, 0x35, 0x62, 0x38, 0x32, 0x35, 0x32, 0x37, 0x37, 0x62, 0x62, 0x64, 0x37, 0x35, 0x34, 0x64, 0x30, 0x62, 0x63, 0x65, 0x38, 0x62, 0x62, 0x63, 0x39, 0x65, 0x37, 0x31, 0x66, 0x35, 0x64, 0x36, 0x34, 0x62, 0x63, 0x34, 0x66, 0x30, 0x61, 0x66, 0x31, 0x38, 0x34, 0x66, 0x63, 0x38, 0x36, 0x32, 0x64, 0x62, 0x64, 0x38, 0x63, 0x66, 0x32, 0x65, 0x25, 0x00, 0x00, 0x00, 0x03, 0x00, 0x00, 0x00, 0x61, 0x63, 0x6c, 0x00, 0x0a, 0x00, 0x00, 0x00, 0x76, 0x61, 0x6c, 0x75, 0x65, 0x2f, 0x75, 0x6e, 0x69, 0x74, 0x05, 0x00, 0x00, 0x00, 0x61, 0x64, 0x76, 0x63, 0x6c, 0x00, 0x0a, 0x00, 0x00, 0x00, 0x76, 0x61, 0x6c, 0x75, 0x65, 0x2f, 0x75, 0x6e, 0x69, 0x74, 0x06, 0x00, 0x00, 0x00, 0x61, 0x64, 0x76, 0x6d, 0x6f, 0x64, 0x00, 0x0a, 0x00, 0x00, 0x00, 0x76, 0x61, 0x6c, 0x75, 0x65, 0x2f, 0x75, 0x6e, 0x69, 0x74, 0x04, 0x00, 0x00, 0x00, 0x61, 0x6d, 0x6f, 0x64, 0x00, 0x0a, 0x00, 0x00, 0x00, 0x76, 0x61, 0x6c, 0x75, 0x65, 0x2f, 0x75, 0x6e, 0x69, 0x74, 0x05, 0x00, 0x00, 0x00, 0x61, 0x70, 0x70, 0x6f, 0x73, 0x00, 0x0a, 0x00, 0x00, 0x00, 0x76, 0x61, 0x6c, 0x75, 0x65, 0x2f, 0x75, 0x6e, 0x69, 0x74, 0x03, 0x00, 0x00, 0x00, 0x61, 0x75, 0x78, 0x00, 0x0a, 0x00, 0x00, 0x00, 0x76, 0x61, 0x6c, 0x75, 0x65, 0x2f, 0x75, 0x6e, 0x69, 0x74, 0x04, 0x00, 0x00, 0x00, 0x63, 0x61, 0x73, 0x65, 0x00, 0x0a, 0x00, 0x00, 0x00, 0x76, 0x61, 0x6c, 0x75, 0x65, 0x2f, 0x75, 0x6e, 0x69, 0x74, 0x02, 0x00, 0x00, 0x00, 0x63, 0x63, 0x00, 0x0a, 0x00, 0x00, 0x00, 0x76, 0x61, 0x6c, 0x75, 0x65, 0x2f, 0x75, 0x6e, 0x69, 0x74, 0x05, 0x00, 0x00, 0x00, 0x63, 0x63, 0x6f, 0x6d, 0x70, 0x00, 0x0a, 0x00, 0x00, 0x00, 0x76, 0x61, 0x6c, 0x75, 0x65, 0x2f, 0x75, 0x6e, 0x69, 0x74, 0x03, 0x00, 0x00, 0x00, 0x63, 0x6c, 0x66, 0x00, 0x0a, 0x00, 0x00, 0x00, 0x76, 0x61, 0x6c, 0x75, 0x65, 0x2f, 0x75, 0x6e, 0x69, 0x74, 0x08, 0x00, 0x00, 0x00, 0x63, 0x6f, 0x6d, 0x70, 0x6f, 0x75, 0x6e, 0x64, 0x00, 0x0a, 0x00, 0x00, 0x00, 0x76, 0x61, 0x6c, 0x75, 0x65, 0x2f, 0x75, 0x6e, 0x69, 0x74, 0x04, 0x00, 0x00, 0x00, 0x63, 0x6f, 0x6e, 0x6a, 0x00, 0x0a, 0x00, 0x00, 0x00, 0x76, 0x61, 0x6c, 0x75, 0x65, 0x2f, 0x75, 0x6e, 0x69, 0x74, 0x03, 0x00, 0x00, 0x00, 0x63, 0x6f, 0x70, 0x00, 0x0a, 0x00, 0x00, 0x00, 0x76, 0x61, 0x6c, 0x75, 0x65, 0x2f, 0x75, 0x6e, 0x69, 0x74, 0x05, 0x00, 0x00, 0x00, 0x63, 0x73, 0x75, 0x62, 0x6a, 0x00, 0x0a, 0x00, 0x00, 0x00, 0x76, 0x61, 0x6c, 0x75, 0x65, 0x2f, 0x75, 0x6e, 0x69, 0x74, 0x03, 0x00, 0x00, 0x00, 0x64, 0x65, 0x70, 0x00, 0x0a, 0x00, 0x00, 0x00, 0x76, 0x61, 0x6c, 0x75, 0x65, 0x2f, 0x75, 0x6e, 0x69, 0x74, 0x03, 0x00, 0x00, 0x00, 0x64, 0x65, 0x74, 0x00, 0x0a, 0x00, 0x00, 0x00, 0x76, 0x61, 0x6c, 0x75, 0x65, 0x2f, 0x75, 0x6e, 0x69, 0x74, 0x09, 0x00, 0x00, 0x00, 0x64, 0x69, 0x73, 0x63, 0x6f, 0x75, 0x72, 0x73, 0x65, 0x00, 0x0a, 0x00, 0x00, 0x00, 0x76, 0x61, 0x6c, 0x75, 0x65, 0x2f, 0x75, 0x6e, 0x69, 0x74, 0x0a, 0x00, 0x00, 0x00, 0x64, 0x69, 0x73, 0x6c, 0x6f, 0x63, 0x61, 0x74, 0x65, 0x64, 0x00, 0x0a, 0x00, 0x00, 0x00, 0x76, 0x61, 0x6c, 0x75, 0x65, 0x2f, 0x75, 0x6e, 0x69, 0x74, 0x04, 0x00, 0x00, 0x00, 0x65, 0x78, 0x70, 0x6c, 0x00, 0x0a, 0x00, 0x00, 0x00, 0x76, 0x61, 0x6c, 0x75, 0x65, 0x2f, 0x75, 0x6e, 0x69, 0x74, 0x05, 0x00, 0x00, 0x00, 0x66, 0x69, 0x78, 0x65, 0x64, 0x00, 0x0a, 0x00, 0x00, 0x00, 0x76, 0x61, 0x6c, 0x75, 0x65, 0x2f, 0x75, 0x6e, 0x69, 0x74, 0x04, 0x00, 0x00, 0x00, 0x66, 0x6c, 0x61, 0x74, 0x00, 0x0a, 0x00, 0x00, 0x00, 0x76, 0x61, 0x6c, 0x75, 0x65, 0x2f, 0x75, 0x6e, 0x69, 0x74, 0x08, 0x00, 0x00, 0x00, 0x67, 0x6f, 0x65, 0x73, 0x77, 0x69, 0x74, 0x68, 0x00, 0x0a, 0x00, 0x00, 0x00, 0x76, 0x61, 0x6c, 0x75, 0x65, 0x2f, 0x75, 0x6e, 0x69, 0x74, 0x04, 0x00, 0x00, 0x00, 0x69, 0x6f, 0x62, 0x6a, 0x00, 0x0a, 0x00, 0x00, 0x00, 0x76, 0x61, 0x6c, 0x75, 0x65, 0x2f, 0x75, 0x6e, 0x69, 0x74, 0x04, 0x00, 0x00, 0x00, 0x6c, 0x69, 0x73, 0x74, 0x00, 0x0a, 0x00, 0x00, 0x00, 0x76, 0x61, 0x6c, 0x75, 0x65, 0x2f, 0x75, 0x6e, 0x69, 0x74, 0x04, 0x00, 0x00, 0x00, 0x6d, 0x61, 0x72, 0x6b, 0x00, 0x0a, 0x00, 0x00, 0x00, 0x76, 0x61, 0x6c, 0x75, 0x65, 0x2f, 0x75, 0x6e, 0x69, 0x74, 0x04, 0x00, 0x00, 0x00, 0x6e, 0x6d, 0x6f, 0x64, 0x00, 0x0a, 0x00, 0x00, 0x00, 0x76, 0x61, 0x6c, 0x75, 0x65, 0x2f, 0x75, 0x6e, 0x69, 0x74, 0x05, 0x00, 0x00, 0x00, 0x6e, 0x73, 0x75, 0x62, 0x6a, 0x00, 0x0a, 0x00, 0x00, 0x00, 0x76, 0x61, 0x6c, 0x75, 0x65, 0x2f, 0x75, 0x6e, 0x69, 0x74, 0x06, 0x00, 0x00, 0x00, 0x6e, 0x75, 0x6d, 0x6d, 0x6f, 0x64, 0x00, 0x0a, 0x00, 0x00, 0x00, 0x76, 0x61, 0x6c, 0x75, 0x65, 0x2f, 0x75, 0x6e, 0x69, 0x74, 0x03, 0x00, 0x00, 0x00, 0x6f, 0x62, 0x6a, 0x00, 0x0a, 0x00, 0x00, 0x00, 0x76, 0x61, 0x6c, 0x75, 0x65, 0x2f, 0x75, 0x6e, 0x69, 0x74, 0x03, 0x00, 0x00, 0x00, 0x6f, 0x62, 0x6c, 0x00, 0x0a, 0x00, 0x00, 0x00, 0x76, 0x61, 0x6c, 0x75, 0x65, 0x2f, 0x75, 0x6e, 0x69, 0x74, 0x06, 0x00, 0x00, 0x00, 0x6f, 0x72, 0x70, 0x68, 0x61, 0x6e, 0x00, 0x0a, 0x00, 0x00, 0x00, 0x76, 0x61, 0x6c, 0x75, 0x65, 0x2f, 0x75, 0x6e, 0x69, 0x74, 0x09, 0x00, 0x00, 0x00, 0x70, 0x61, 0x72, 0x61, 0x74, 0x61, 0x78, 0x69, 0x73, 0x00, 0x0a, 0x00, 0x00, 0x00, 0x76, 0x61, 0x6c, 0x75, 0x65, 0x2f, 0x75, 0x6e, 0x69, 0x74, 0x05, 0x00, 0x00, 0x00, 0x70, 0x75, 0x6e, 0x63, 0x74, 0x00, 0x0a, 0x00, 0x00, 0x00, 0x76, 0x61, 0x6c, 0x75, 0x65, 0x2f, 0x75, 0x6e, 0x69, 0x74, 0x0a, 0x00, 0x00, 0x00, 0x72, 0x65, 0x70, 0x61, 0x72, 0x61, 0x6e, 0x64, 0x75, 0x6d, 0x00, 0x0a, 0x00, 0x00, 0x00, 0x76, 0x61, 0x6c, 0x75, 0x65, 0x2f, 0x75, 0x6e, 0x69, 0x74, 0x04, 0x00, 0x00, 0x00, 0x72, 0x6f, 0x6f, 0x74, 0x00, 0x0a, 0x00, 0x00, 0x00, 0x76, 0x61, 0x6c, 0x75, 0x65, 0x2f, 0x75, 0x6e, 0x69, 0x74, 0x08, 0x00, 0x00, 0x00, 0x76, 0x6f, 0x63, 0x61, 0x74, 0x69, 0x76, 0x65, 0x00, 0x0a, 0x00, 0x00, 0x00, 0x76, 0x61, 0x6c, 0x75, 0x65, 0x2f, 0x75, 0x6e, 0x69, 0x74, 0x05, 0x00, 0x00, 0x00, 0x78, 0x63, 0x6f, 0x6d, 0x70, 0x00, 0x0a, 0x00, 0x00, 0x00, 0x76, 0x61, 0x6c, 0x75, 0x65, 0x2f, 0x75, 0x6e, 0x69, 0x74, 0x07, 0x00, 0x00, 0x00, 0x73, 0x75, 0x62, 0x74, 0x79, 0x70, 0x65, 0x05, 0x5b, 0x00, 0x00, 0x00, 0x74, 0x79, 0x70, 0x65, 0x2f, 0x4c, 0x61, 0x6e, 0x67, 0x75, 0x61, 0x67, 0x65, 0x50, 0x61, 0x72, 0x73, 0x65, 0x72, 0x53, 0x75, 0x62, 0x74, 0x79, 0x70, 0x65, 0x40, 0x33, 0x61, 0x35, 0x39, 0x61, 0x64, 0x35, 0x34, 0x63, 0x38, 0x65, 0x31, 0x39, 0x30, 0x30, 0x31, 0x35, 0x37, 0x35, 0x31, 0x34, 0x32, 0x65, 0x32, 0x31, 0x34, 0x35, 0x65, 0x39, 0x61, 0x62, 0x61, 0x32, 0x35, 0x36, 0x37, 0x32, 0x38, 0x63, 0x34, 0x39, 0x66, 0x33, 0x35, 0x36, 0x34, 0x34, 0x66, 0x31, 0x61, 0x39, 0x33, 0x38, 0x30, 0x37, 0x35, 0x62, 0x61, 0x39, 0x31, 0x63, 0x36, 0x34, 0x35, 0x00, 0x0a, 0x00, 0x00, 0x00, 0x76, 0x61, 0x6c, 0x75, 0x65, 0x2f, 0x74, 0x65, 0x78, 0x74, 0x09, 0x00, 0x00, 0x00, 0x72, 0x65, 0x6c, 0x61, 0x74, 0x69, 0x6f, 0x6e, 0x37, 0x02, 0x5c, 0x00, 0x00, 0x00, 0x74, 0x79, 0x70, 0x65, 0x2f, 0x4c, 0x61, 0x6e, 0x67, 0x75, 0x61, 0x67, 0x65, 0x50, 0x61, 0x72, 0x73, 0x65, 0x72, 0x52, 0x65, 0x6c, 0x61, 0x74, 0x69, 0x6f, 0x6e, 0x40, 0x63, 0x39, 0x64, 0x36, 0x34, 0x63, 0x35, 0x36, 0x64, 0x62, 0x32, 0x61, 0x61, 0x34, 0x30, 0x65, 0x35, 0x66, 0x66, 0x35, 0x36, 0x62, 0x63, 0x61, 0x64, 0x65, 0x33, 0x30, 0x66, 0x38, 0x38, 0x34, 0x37, 0x35, 0x33, 0x62, 0x65, 0x32, 0x33, 0x33, 0x36, 0x34, 0x65, 0x32, 0x34, 0x31, 0x33, 0x38, 0x64, 0x33, 0x65, 0x36, 0x36, 0x66, 0x62, 0x35, 0x66, 0x61, 0x32, 0x34, 0x38, 0x35, 0x66, 0x36, 0x02, 0x00, 0x00, 0x00, 0x04, 0x00, 0x00, 0x00, 0x62, 0x61, 0x73, 0x65, 0x03, 0x69, 0x00, 0x00, 0x00, 0x74, 0x79, 0x70, 0x65, 0x2f, 0x4c, 0x61, 0x6e, 0x67, 0x75, 0x61, 0x67, 0x65, 0x55, 0x6e, 0x69, 0x76, 0x65, 0x72, 0x73, 0x61, 0x6c, 0x44, 0x65, 0x70, 0x65, 0x6e, 0x64, 0x65, 0x6e, 0x63, 0x79, 0x52, 0x65, 0x6c, 0x61, 0x74, 0x69, 0x6f, 0x6e, 0x40, 0x37, 0x63, 0x65, 0x32, 0x37, 0x33, 0x30, 0x32, 0x64, 0x35, 0x62, 0x38, 0x32, 0x35, 0x32, 0x37, 0x37, 0x62, 0x62, 0x64, 0x37, 0x35, 0x34, 0x64, 0x30, 0x62, 0x63, 0x65, 0x38, 0x62, 0x62, 0x63, 0x39, 0x65, 0x37, 0x31, 0x66, 0x35, 0x64, 0x36, 0x34, 0x62, 0x63, 0x34, 0x66, 0x30, 0x61, 0x66, 0x31, 0x38, 0x34, 0x66, 0x63, 0x38, 0x36, 0x32, 0x64, 0x62, 0x64, 0x38, 0x63, 0x66, 0x32, 0x65, 0x25, 0x00, 0x00, 0x00, 0x03, 0x00, 0x00, 0x00, 0x61, 0x63, 0x6c, 0x00, 0x0a, 0x00, 0x00, 0x00, 0x76, 0x61, 0x6c, 0x75, 0x65, 0x2f, 0x75, 0x6e, 0x69, 0x74, 0x05, 0x00, 0x00, 0x00, 0x61, 0x64, 0x76, 0x63, 0x6c, 0x00, 0x0a, 0x00, 0x00, 0x00, 0x76, 0x61, 0x6c, 0x75, 0x65, 0x2f, 0x75, 0x6e, 0x69, 0x74, 0x06, 0x00, 0x00, 0x00, 0x61, 0x64, 0x76, 0x6d, 0x6f, 0x64, 0x00, 0x0a, 0x00, 0x00, 0x00, 0x76, 0x61, 0x6c, 0x75, 0x65, 0x2f, 0x75, 0x6e, 0x69, 0x74, 0x04, 0x00, 0x00, 0x00, 0x61, 0x6d, 0x6f, 0x64, 0x00, 0x0a, 0x00, 0x00, 0x00, 0x76, 0x61, 0x6c, 0x75, 0x65, 0x2f, 0x75, 0x6e, 0x69, 0x74, 0x05, 0x00, 0x00, 0x00, 0x61, 0x70, 0x70, 0x6f, 0x73, 0x00, 0x0a, 0x00, 0x00, 0x00, 0x76, 0x61, 0x6c, 0x75, 0x65, 0x2f, 0x75, 0x6e, 0x69, 0x74, 0x03, 0x00, 0x00, 0x00, 0x61, 0x75, 0x78, 0x00, 0x0a, 0x00, 0x00, 0x00, 0x76, 0x61, 0x6c, 0x75, 0x65, 0x2f, 0x75, 0x6e, 0x69, 0x74, 0x04, 0x00, 0x00, 0x00, 0x63, 0x61, 0x73, 0x65, 0x00, 0x0a, 0x00, 0x00, 0x00, 0x76, 0x61, 0x6c, 0x75, 0x65, 0x2f, 0x75, 0x6e, 0x69, 0x74, 0x02, 0x00, 0x00, 0x00, 0x63, 0x63, 0x00, 0x0a, 0x00, 0x00, 0x00, 0x76, 0x61, 0x6c, 0x75, 0x65, 0x2f, 0x75, 0x6e, 0x69, 0x74, 0x05, 0x00, 0x00, 0x00, 0x63, 0x63, 0x6f, 0x6d, 0x70, 0x00, 0x0a, 0x00, 0x00, 0x00, 0x76, 0x61, 0x6c, 0x75, 0x65, 0x2f, 0x75, 0x6e, 0x69, 0x74, 0x03, 0x00, 0x00, 0x00, 0x63, 0x6c, 0x66, 0x00, 0x0a, 0x00, 0x00, 0x00, 0x76, 0x61, 0x6c, 0x75, 0x65, 0x2f, 0x75, 0x6e, 0x69, 0x74, 0x08, 0x00, 0x00, 0x00, 0x63, 0x6f, 0x6d, 0x70, 0x6f, 0x75, 0x6e, 0x64, 0x00, 0x0a, 0x00, 0x00, 0x00, 0x76, 0x61, 0x6c, 0x75, 0x65, 0x2f, 0x75, 0x6e, 0x69, 0x74, 0x04, 0x00, 0x00, 0x00, 0x63, 0x6f, 0x6e, 0x6a, 0x00, 0x0a, 0x00, 0x00, 0x00, 0x76, 0x61, 0x6c, 0x75, 0x65, 0x2f, 0x75, 0x6e, 0x69, 0x74, 0x03, 0x00, 0x00, 0x00, 0x63, 0x6f, 0x70, 0x00, 0x0a, 0x00, 0x00, 0x00, 0x76, 0x61, 0x6c, 0x75, 0x65, 0x2f, 0x75, 0x6e, 0x69, 0x74, 0x05, 0x00, 0x00, 0x00, 0x63, 0x73, 0x75, 0x62, 0x6a, 0x00, 0x0a, 0x00, 0x00, 0x00, 0x76, 0x61, 0x6c, 0x75, 0x65, 0x2f, 0x75, 0x6e, 0x69, 0x74, 0x03, 0x00, 0x00, 0x00, 0x64, 0x65, 0x70, 0x00, 0x0a, 0x00, 0x00, 0x00, 0x76, 0x61, 0x6c, 0x75, 0x65, 0x2f, 0x75, 0x6e, 0x69, 0x74, 0x03, 0x00, 0x00, 0x00, 0x64, 0x65, 0x74, 0x00, 0x0a, 0x00, 0x00, 0x00, 0x76, 0x61, 0x6c, 0x75, 0x65, 0x2f, 0x75, 0x6e, 0x69, 0x74, 0x09, 0x00, 0x00, 0x00, 0x64, 0x69, 0x73, 0x63, 0x6f, 0x75, 0x72, 0x73, 0x65, 0x00, 0x0a, 0x00, 0x00, 0x00, 0x76, 0x61, 0x6c, 0x75, 0x65, 0x2f, 0x75, 0x6e, 0x69, 0x74, 0x0a, 0x00, 0x00, 0x00, 0x64, 0x69, 0x73, 0x6c, 0x6f, 0x63, 0x61, 0x74, 0x65, 0x64, 0x00, 0x0a, 0x00, 0x00, 0x00, 0x76, 0x61, 0x6c, 0x75, 0x65, 0x2f, 0x75, 0x6e, 0x69, 0x74, 0x04, 0x00, 0x00, 0x00, 0x65, 0x78, 0x70, 0x6c, 0x00, 0x0a, 0x00, 0x00, 0x00, 0x76, 0x61, 0x6c, 0x75, 0x65, 0x2f, 0x75, 0x6e, 0x69, 0x74, 0x05, 0x00, 0x00, 0x00, 0x66, 0x69, 0x78, 0x65, 0x64, 0x00, 0x0a, 0x00, 0x00, 0x00, 0x76, 0x61, 0x6c, 0x75, 0x65, 0x2f, 0x75, 0x6e, 0x69, 0x74, 0x04, 0x00, 0x00, 0x00, 0x66, 0x6c, 0x61, 0x74, 0x00, 0x0a, 0x00, 0x00, 0x00, 0x76, 0x61, 0x6c, 0x75, 0x65, 0x2f, 0x75, 0x6e, 0x69, 0x74, 0x08, 0x00, 0x00, 0x00, 0x67, 0x6f, 0x65, 0x73, 0x77, 0x69, 0x74, 0x68, 0x00, 0x0a, 0x00, 0x00, 0x00, 0x76, 0x61, 0x6c, 0x75, 0x65, 0x2f, 0x75, 0x6e, 0x69, 0x74, 0x04, 0x00, 0x00, 0x00, 0x69, 0x6f, 0x62, 0x6a, 0x00, 0x0a, 0x00, 0x00, 0x00, 0x76, 0x61, 0x6c, 0x75, 0x65, 0x2f, 0x75, 0x6e, 0x69, 0x74, 0x04, 0x00, 0x00, 0x00, 0x6c, 0x69, 0x73, 0x74, 0x00, 0x0a, 0x00, 0x00, 0x00, 0x76, 0x61, 0x6c, 0x75, 0x65, 0x2f, 0x75, 0x6e, 0x69, 0x74, 0x04, 0x00, 0x00, 0x00, 0x6d, 0x61, 0x72, 0x6b, 0x00, 0x0a, 0x00, 0x00, 0x00, 0x76, 0x61, 0x6c, 0x75, 0x65, 0x2f, 0x75, 0x6e, 0x69, 0x74, 0x04, 0x00, 0x00, 0x00, 0x6e, 0x6d, 0x6f, 0x64, 0x00, 0x0a, 0x00, 0x00, 0x00, 0x76, 0x61, 0x6c, 0x75, 0x65, 0x2f, 0x75, 0x6e, 0x69, 0x74, 0x05, 0x00, 0x00, 0x00, 0x6e, 0x73, 0x75, 0x62, 0x6a, 0x00, 0x0a, 0x00, 0x00, 0x00, 0x76, 0x61, 0x6c, 0x75, 0x65, 0x2f, 0x75, 0x6e, 0x69, 0x74, 0x06, 0x00, 0x00, 0x00, 0x6e, 0x75, 0x6d, 0x6d, 0x6f, 0x64, 0x00, 0x0a, 0x00, 0x00, 0x00, 0x76, 0x61, 0x6c, 0x75, 0x65, 0x2f, 0x75, 0x6e, 0x69, 0x74, 0x03, 0x00, 0x00, 0x00, 0x6f, 0x62, 0x6a, 0x00, 0x0a, 0x00, 0x00, 0x00, 0x76, 0x61, 0x6c, 0x75, 0x65, 0x2f, 0x75, 0x6e, 0x69, 0x74, 0x03, 0x00, 0x00, 0x00, 0x6f, 0x62, 0x6c, 0x00, 0x0a, 0x00, 0x00, 0x00, 0x76, 0x61, 0x6c, 0x75, 0x65, 0x2f, 0x75, 0x6e, 0x69, 0x74, 0x06, 0x00, 0x00, 0x00, 0x6f, 0x72, 0x70, 0x68, 0x61, 0x6e, 0x00, 0x0a, 0x00, 0x00, 0x00, 0x76, 0x61, 0x6c, 0x75, 0x65, 0x2f, 0x75, 0x6e, 0x69, 0x74, 0x09, 0x00, 0x00, 0x00, 0x70, 0x61, 0x72, 0x61, 0x74, 0x61, 0x78, 0x69, 0x73, 0x00, 0x0a, 0x00, 0x00, 0x00, 0x76, 0x61, 0x6c, 0x75, 0x65, 0x2f, 0x75, 0x6e, 0x69, 0x74, 0x05, 0x00, 0x00, 0x00, 0x70, 0x75, 0x6e, 0x63, 0x74, 0x00, 0x0a, 0x00, 0x00, 0x00, 0x76, 0x61, 0x6c, 0x75, 0x65, 0x2f, 0x75, 0x6e, 0x69, 0x74, 0x0a, 0x00, 0x00, 0x00, 0x72, 0x65, 0x70, 0x61, 0x72, 0x61, 0x6e, 0x64, 0x75, 0x6d, 0x00, 0x0a, 0x00, 0x00, 0x00, 0x76, 0x61, 0x6c, 0x75, 0x65, 0x2f, 0x75, 0x6e, 0x69, 0x74, 0x04, 0x00, 0x00, 0x00, 0x72, 0x6f, 0x6f, 0x74, 0x00, 0x0a, 0x00, 0x00, 0x00, 0x76, 0x61, 0x6c, 0x75, 0x65, 0x2f, 0x75, 0x6e, 0x69, 0x74, 0x08, 0x00, 0x00, 0x00, 0x76, 0x6f, 0x63, 0x61, 0x74, 0x69, 0x76, 0x65, 0x00, 0x0a, 0x00, 0x00, 0x00, 0x76, 0x61, 0x6c, 0x75, 0x65, 0x2f, 0x75, 0x6e, 0x69, 0x74, 0x05, 0x00, 0x00, 0x00, 0x78, 0x63, 0x6f, 0x6d, 0x70, 0x00, 0x0a, 0x00, 0x00, 0x00, 0x76, 0x61, 0x6c, 0x75, 0x65, 0x2f, 0x75, 0x6e, 0x69, 0x74, 0x07, 0x00, 0x00, 0x00, 0x73, 0x75, 0x62, 0x74, 0x79, 0x70, 0x65, 0x05, 0x5b, 0x00, 0x00, 0x00, 0x74, 0x79, 0x70, 0x65, 0x2f, 0x4c, 0x61, 0x6e, 0x67, 0x75, 0x61, 0x67, 0x65, 0x50, 0x61, 0x72, 0x73, 0x65, 0x72, 0x53, 0x75, 0x62, 0x74, 0x79, 0x70, 0x65, 0x40, 0x33, 0x61, 0x35, 0x39, 0x61, 0x64, 0x35, 0x34, 0x63, 0x38, 0x65, 0x31, 0x39, 0x30, 0x30, 0x31, 0x35, 0x37, 0x35, 0x31, 0x34, 0x32, 0x65, 0x32, 0x31, 0x34, 0x35, 0x65, 0x39, 0x61, 0x62, 0x61, 0x32, 0x35, 0x36, 0x37, 0x32, 0x38, 0x63, 0x34, 0x39, 0x66, 0x33, 0x35, 0x36, 0x34, 0x34, 0x66, 0x31, 0x61, 0x39, 0x33, 0x38, 0x30, 0x37, 0x35, 0x62, 0x61, 0x39, 0x31, 0x63, 0x36, 0x34, 0x35, 0x00, 0x0a, 0x00, 0x00, 0x00, 0x76, 0x61, 0x6c, 0x75, 0x65, 0x2f, 0x74, 0x65, 0x78, 0x74, 0x05, 0x00, 0x00, 0x00, 0x73, 0x74, 0x61, 0x63, 0x6b, 0x01, 0x09, 0x00, 0x00, 0x09, 0x00, 0x00, 0x00, 0x76, 0x61, 0x6c, 0x75, 0x65, 0x2f, 0x75, 0x36, 0x34, 0x0b, 0x00, 0x00, 0x00, 0x74, 0x6f, 0x6b, 0x65, 0x6e, 0x5f, 0x63, 0x6f, 0x75, 0x6e, 0x74, 0x00, 0x09, 0x00, 0x00, 0x00, 0x76, 0x61, 0x6c, 0x75, 0x65, 0x2f, 0x75, 0x36, 0x34, 0x06, 0x00, 0x00, 0x00, 0x75, 0x6e, 0x72, 0x65, 0x61, 0x64, 0x00, 0x09, 0x00, 0x00, 0x00, 0x76, 0x61, 0x6c, 0x75, 0x65, 0x2f, 0x75, 0x36, 0x34];
pub const LANGUAGEPARSERWINDOW8RAWSTATE_SEMANTIC_TYPE_IDENTITY: &str = "type/LanguageParserWindow8RawState@24bb0b3ffaf2f7043900e06f60f3e139184112c82a04e30030e8a71c9c55a442";
#[derive(Debug, Clone, PartialEq, Eq)]
pub struct LanguageParserWindow8RawState {
    basis: LanguageParserBasis,
    committed: u64,
    depth: u64,
    heads: [u64; 9],
    relation0: LanguageParserRelation,
    relation1: LanguageParserRelation,
    relation2: LanguageParserRelation,
    relation3: LanguageParserRelation,
    relation4: LanguageParserRelation,
    relation5: LanguageParserRelation,
    relation6: LanguageParserRelation,
    relation7: LanguageParserRelation,
    stack: [u64; 9],
    token_count: u64,
    unread: u64,
}

impl LanguageParserWindow8RawState {
    pub fn semantic_type() -> Result<StructuredInfoType, NativeBindingRefusal> {
        StructuredInfoType::from_canonical_bytes(LANGUAGEPARSERWINDOW8RAWSTATE_SEMANTIC_TYPE).map_err(NativeBindingRefusal::InvalidSemanticType)
    }
}

#[allow(non_upper_case_globals)]
static LanguageParserWindow8RawState_PREPARED_NATIVE_LAWS: &[&[u8]] = &[
];

impl LanguageParserWindow8RawState {
    fn value_contracts() -> Vec<conduit_plot::NativeTypeValueContract> {
        vec![
            conduit_plot::NativeTypeValueContract { representation_path: ".basis.text".into(), contract: conduit_core::CheckedValueContract::new(conduit_core::kind_id("value/text"), 64, vec![conduit_core::ValueConstraint::CanonicalMembership { members: vec![vec![]], negated: true }]).expect("generated checked contract") },
            conduit_plot::NativeTypeValueContract { representation_path: ".basis.source_revision".into(), contract: conduit_core::CheckedValueContract::new(conduit_core::kind_id("value/text"), 64, vec![conduit_core::ValueConstraint::CanonicalMembership { members: vec![vec![]], negated: true }]).expect("generated checked contract") },
            conduit_plot::NativeTypeValueContract { representation_path: ".basis.analysis_revision".into(), contract: conduit_core::CheckedValueContract::new(conduit_core::kind_id("value/text"), 64, vec![conduit_core::ValueConstraint::CanonicalMembership { members: vec![vec![]], negated: true }]).expect("generated checked contract") },
            conduit_plot::NativeTypeValueContract { representation_path: ".relation0.subtype".into(), contract: conduit_core::CheckedValueContract::new(conduit_core::kind_id("value/text"), 32, vec![]).expect("generated checked contract") },
            conduit_plot::NativeTypeValueContract { representation_path: ".relation1.subtype".into(), contract: conduit_core::CheckedValueContract::new(conduit_core::kind_id("value/text"), 32, vec![]).expect("generated checked contract") },
            conduit_plot::NativeTypeValueContract { representation_path: ".relation2.subtype".into(), contract: conduit_core::CheckedValueContract::new(conduit_core::kind_id("value/text"), 32, vec![]).expect("generated checked contract") },
            conduit_plot::NativeTypeValueContract { representation_path: ".relation3.subtype".into(), contract: conduit_core::CheckedValueContract::new(conduit_core::kind_id("value/text"), 32, vec![]).expect("generated checked contract") },
            conduit_plot::NativeTypeValueContract { representation_path: ".relation4.subtype".into(), contract: conduit_core::CheckedValueContract::new(conduit_core::kind_id("value/text"), 32, vec![]).expect("generated checked contract") },
            conduit_plot::NativeTypeValueContract { representation_path: ".relation5.subtype".into(), contract: conduit_core::CheckedValueContract::new(conduit_core::kind_id("value/text"), 32, vec![]).expect("generated checked contract") },
            conduit_plot::NativeTypeValueContract { representation_path: ".relation6.subtype".into(), contract: conduit_core::CheckedValueContract::new(conduit_core::kind_id("value/text"), 32, vec![]).expect("generated checked contract") },
            conduit_plot::NativeTypeValueContract { representation_path: ".relation7.subtype".into(), contract: conduit_core::CheckedValueContract::new(conduit_core::kind_id("value/text"), 32, vec![]).expect("generated checked contract") },
        ]
    }
    fn invariants() -> Result<Vec<conduit_plot::PortableExpressionProgram>, NativeBindingRefusal> {
        let mut laws = Vec::with_capacity(LanguageParserWindow8RawState_PREPARED_NATIVE_LAWS.len());
        for encoded in LanguageParserWindow8RawState_PREPARED_NATIVE_LAWS {
            laws.push(conduit_plot::PortableExpressionProgram::from_canonical_bytes(encoded).map_err(NativeBindingRefusal::InvalidInvariantProgram)?);
        }
        Ok(laws)
    }
}

impl LanguageParserWindow8RawState {
    #[allow(clippy::too_many_arguments)]
    pub fn new(basis: LanguageParserBasis, committed: u64, depth: u64, heads: [u64; 9], relation0: LanguageParserRelation, relation1: LanguageParserRelation, relation2: LanguageParserRelation, relation3: LanguageParserRelation, relation4: LanguageParserRelation, relation5: LanguageParserRelation, relation6: LanguageParserRelation, relation7: LanguageParserRelation, stack: [u64; 9], token_count: u64, unread: u64) -> Result<Self, NativeBindingRefusal> {
        let candidate = Self { basis, committed, depth, heads, relation0, relation1, relation2, relation3, relation4, relation5, relation6, relation7, stack, token_count, unread, };
        let structured = candidate.clone().into_structured()?;
        conduit_plot::rust_binding::validate_native_contracts(&structured, &Self::value_contracts())?;
        conduit_plot::rust_binding::validate_native_invariants(&structured, &Self::invariants()?)?;
        Ok(candidate)
    }
    pub fn basis(&self) -> &LanguageParserBasis { &self.basis }
    pub fn committed(&self) -> &u64 { &self.committed }
    pub fn depth(&self) -> &u64 { &self.depth }
    pub fn heads(&self) -> &[u64; 9] { &self.heads }
    pub fn relation0(&self) -> &LanguageParserRelation { &self.relation0 }
    pub fn relation1(&self) -> &LanguageParserRelation { &self.relation1 }
    pub fn relation2(&self) -> &LanguageParserRelation { &self.relation2 }
    pub fn relation3(&self) -> &LanguageParserRelation { &self.relation3 }
    pub fn relation4(&self) -> &LanguageParserRelation { &self.relation4 }
    pub fn relation5(&self) -> &LanguageParserRelation { &self.relation5 }
    pub fn relation6(&self) -> &LanguageParserRelation { &self.relation6 }
    pub fn relation7(&self) -> &LanguageParserRelation { &self.relation7 }
    pub fn stack(&self) -> &[u64; 9] { &self.stack }
    pub fn token_count(&self) -> &u64 { &self.token_count }
    pub fn unread(&self) -> &u64 { &self.unread }
}

impl NativeRustBinding for LanguageParserWindow8RawState {
    fn semantic_type() -> Result<StructuredInfoType, NativeBindingRefusal> { Self::semantic_type() }
    fn into_structured(self) -> Result<StructuredInfoValue, NativeBindingRefusal> {
        let semantic = StructuredInfoType::from_canonical_bytes(LANGUAGEPARSERWINDOW8RAWSTATE_SEMANTIC_TYPE).map_err(NativeBindingRefusal::InvalidSemanticType)?;
        let mut fields = Vec::new();
        let field_type = conduit_plot::rust_binding::record_field_type(&semantic, "basis")?;
        let _ = &field_type;
        fields.push(StructuredFieldValue::new("basis", NativeRustBinding::into_structured(self.basis)?).map_err(NativeBindingRefusal::InvalidValue)?);
        let field_type = conduit_plot::rust_binding::record_field_type(&semantic, "committed")?;
        let _ = &field_type;
        fields.push(StructuredFieldValue::new("committed", conduit_plot::rust_binding::primitive_into_structured(field_type, &self.committed)?).map_err(NativeBindingRefusal::InvalidValue)?);
        let field_type = conduit_plot::rust_binding::record_field_type(&semantic, "depth")?;
        let _ = &field_type;
        fields.push(StructuredFieldValue::new("depth", conduit_plot::rust_binding::primitive_into_structured(field_type, &self.depth)?).map_err(NativeBindingRefusal::InvalidValue)?);
        let field_type = conduit_plot::rust_binding::record_field_type(&semantic, "heads")?;
        let _ = &field_type;
        fields.push(StructuredFieldValue::new("heads", { let collection_type = field_type; let element_type = conduit_plot::rust_binding::collection_element_type(&collection_type)?; let _ = &element_type; let mut values = Vec::new(); for item in self.heads { values.push(conduit_plot::rust_binding::primitive_into_structured(element_type.clone(), &item)?); } StructuredInfoValue::collection(collection_type, values).map_err(NativeBindingRefusal::InvalidValue)? }).map_err(NativeBindingRefusal::InvalidValue)?);
        let field_type = conduit_plot::rust_binding::record_field_type(&semantic, "relation0")?;
        let _ = &field_type;
        fields.push(StructuredFieldValue::new("relation0", NativeRustBinding::into_structured(self.relation0)?).map_err(NativeBindingRefusal::InvalidValue)?);
        let field_type = conduit_plot::rust_binding::record_field_type(&semantic, "relation1")?;
        let _ = &field_type;
        fields.push(StructuredFieldValue::new("relation1", NativeRustBinding::into_structured(self.relation1)?).map_err(NativeBindingRefusal::InvalidValue)?);
        let field_type = conduit_plot::rust_binding::record_field_type(&semantic, "relation2")?;
        let _ = &field_type;
        fields.push(StructuredFieldValue::new("relation2", NativeRustBinding::into_structured(self.relation2)?).map_err(NativeBindingRefusal::InvalidValue)?);
        let field_type = conduit_plot::rust_binding::record_field_type(&semantic, "relation3")?;
        let _ = &field_type;
        fields.push(StructuredFieldValue::new("relation3", NativeRustBinding::into_structured(self.relation3)?).map_err(NativeBindingRefusal::InvalidValue)?);
        let field_type = conduit_plot::rust_binding::record_field_type(&semantic, "relation4")?;
        let _ = &field_type;
        fields.push(StructuredFieldValue::new("relation4", NativeRustBinding::into_structured(self.relation4)?).map_err(NativeBindingRefusal::InvalidValue)?);
        let field_type = conduit_plot::rust_binding::record_field_type(&semantic, "relation5")?;
        let _ = &field_type;
        fields.push(StructuredFieldValue::new("relation5", NativeRustBinding::into_structured(self.relation5)?).map_err(NativeBindingRefusal::InvalidValue)?);
        let field_type = conduit_plot::rust_binding::record_field_type(&semantic, "relation6")?;
        let _ = &field_type;
        fields.push(StructuredFieldValue::new("relation6", NativeRustBinding::into_structured(self.relation6)?).map_err(NativeBindingRefusal::InvalidValue)?);
        let field_type = conduit_plot::rust_binding::record_field_type(&semantic, "relation7")?;
        let _ = &field_type;
        fields.push(StructuredFieldValue::new("relation7", NativeRustBinding::into_structured(self.relation7)?).map_err(NativeBindingRefusal::InvalidValue)?);
        let field_type = conduit_plot::rust_binding::record_field_type(&semantic, "stack")?;
        let _ = &field_type;
        fields.push(StructuredFieldValue::new("stack", { let collection_type = field_type; let element_type = conduit_plot::rust_binding::collection_element_type(&collection_type)?; let _ = &element_type; let mut values = Vec::new(); for item in self.stack { values.push(conduit_plot::rust_binding::primitive_into_structured(element_type.clone(), &item)?); } StructuredInfoValue::collection(collection_type, values).map_err(NativeBindingRefusal::InvalidValue)? }).map_err(NativeBindingRefusal::InvalidValue)?);
        let field_type = conduit_plot::rust_binding::record_field_type(&semantic, "token_count")?;
        let _ = &field_type;
        fields.push(StructuredFieldValue::new("token_count", conduit_plot::rust_binding::primitive_into_structured(field_type, &self.token_count)?).map_err(NativeBindingRefusal::InvalidValue)?);
        let field_type = conduit_plot::rust_binding::record_field_type(&semantic, "unread")?;
        let _ = &field_type;
        fields.push(StructuredFieldValue::new("unread", conduit_plot::rust_binding::primitive_into_structured(field_type, &self.unread)?).map_err(NativeBindingRefusal::InvalidValue)?);
        StructuredInfoValue::record(semantic, fields).map_err(NativeBindingRefusal::InvalidValue)
    }
    fn from_structured(value: StructuredInfoValue) -> Result<Self, NativeBindingRefusal> {
        if value.value_type() != &Self::semantic_type()? { return Err(NativeBindingRefusal::InvalidValue(conduit_core::StructuredInfoRefusal::WrongType)); }
        Self::new(
            LanguageParserBasis::from_structured(conduit_plot::rust_binding::record_field_value(&value, "basis")?)?,
            conduit_plot::rust_binding::primitive_from_structured::<u64>(&conduit_plot::rust_binding::record_field_value(&value, "committed")?)?,
            conduit_plot::rust_binding::primitive_from_structured::<u64>(&conduit_plot::rust_binding::record_field_value(&value, "depth")?)?,
            { let collection_value = conduit_plot::rust_binding::record_field_value(&value, "heads")?; let StructuredInfoValueShape::Collection(items) = collection_value.shape() else { return Err(NativeBindingRefusal::InvalidValue(conduit_core::StructuredInfoRefusal::WrongType)); }; let mut decoded_values = Vec::new(); for item in items { decoded_values.push(conduit_plot::rust_binding::primitive_from_structured::<u64>(&item.clone())?); } let result: [u64; 9] = decoded_values.try_into().map_err(|_| NativeBindingRefusal::InvalidValue(conduit_core::StructuredInfoRefusal::WrongCollectionLength))?; result },
            LanguageParserRelation::from_structured(conduit_plot::rust_binding::record_field_value(&value, "relation0")?)?,
            LanguageParserRelation::from_structured(conduit_plot::rust_binding::record_field_value(&value, "relation1")?)?,
            LanguageParserRelation::from_structured(conduit_plot::rust_binding::record_field_value(&value, "relation2")?)?,
            LanguageParserRelation::from_structured(conduit_plot::rust_binding::record_field_value(&value, "relation3")?)?,
            LanguageParserRelation::from_structured(conduit_plot::rust_binding::record_field_value(&value, "relation4")?)?,
            LanguageParserRelation::from_structured(conduit_plot::rust_binding::record_field_value(&value, "relation5")?)?,
            LanguageParserRelation::from_structured(conduit_plot::rust_binding::record_field_value(&value, "relation6")?)?,
            LanguageParserRelation::from_structured(conduit_plot::rust_binding::record_field_value(&value, "relation7")?)?,
            { let collection_value = conduit_plot::rust_binding::record_field_value(&value, "stack")?; let StructuredInfoValueShape::Collection(items) = collection_value.shape() else { return Err(NativeBindingRefusal::InvalidValue(conduit_core::StructuredInfoRefusal::WrongType)); }; let mut decoded_values = Vec::new(); for item in items { decoded_values.push(conduit_plot::rust_binding::primitive_from_structured::<u64>(&item.clone())?); } let result: [u64; 9] = decoded_values.try_into().map_err(|_| NativeBindingRefusal::InvalidValue(conduit_core::StructuredInfoRefusal::WrongCollectionLength))?; result },
            conduit_plot::rust_binding::primitive_from_structured::<u64>(&conduit_plot::rust_binding::record_field_value(&value, "token_count")?)?,
            conduit_plot::rust_binding::primitive_from_structured::<u64>(&conduit_plot::rust_binding::record_field_value(&value, "unread")?)?,
        )
    }
}

pub const LANGUAGETEXTID_SEMANTIC_TYPE: &[u8] = &[0x05, 0x54, 0x00, 0x00, 0x00, 0x74, 0x79, 0x70, 0x65, 0x2f, 0x4c, 0x61, 0x6e, 0x67, 0x75, 0x61, 0x67, 0x65, 0x54, 0x65, 0x78, 0x74, 0x49, 0x64, 0x40, 0x35, 0x35, 0x65, 0x38, 0x35, 0x32, 0x36, 0x31, 0x38, 0x37, 0x37, 0x64, 0x37, 0x66, 0x32, 0x39, 0x31, 0x61, 0x33, 0x65, 0x37, 0x62, 0x36, 0x65, 0x32, 0x36, 0x65, 0x37, 0x65, 0x37, 0x65, 0x62, 0x34, 0x61, 0x66, 0x66, 0x66, 0x63, 0x63, 0x63, 0x66, 0x31, 0x66, 0x37, 0x61, 0x34, 0x38, 0x66, 0x32, 0x37, 0x66, 0x36, 0x35, 0x31, 0x34, 0x39, 0x63, 0x37, 0x35, 0x38, 0x38, 0x38, 0x64, 0x61, 0x00, 0x0a, 0x00, 0x00, 0x00, 0x76, 0x61, 0x6c, 0x75, 0x65, 0x2f, 0x74, 0x65, 0x78, 0x74];
pub const LANGUAGETEXTID_SEMANTIC_TYPE_IDENTITY: &str = "type/LanguageTextId@55e85261877d7f291a3e7b6e26e7e7eb4afffcccf1f7a48f27f65149c75888da";
#[derive(Debug, Clone, PartialEq, Eq)]
pub struct LanguageTextId(String);
impl LanguageTextId {
    pub const fn get(&self) -> &String { &self.0 }
}

impl LanguageTextId {
    pub fn semantic_type() -> Result<StructuredInfoType, NativeBindingRefusal> {
        StructuredInfoType::from_canonical_bytes(LANGUAGETEXTID_SEMANTIC_TYPE).map_err(NativeBindingRefusal::InvalidSemanticType)
    }
}

#[allow(non_upper_case_globals)]
static LanguageTextId_PREPARED_NATIVE_LAWS: &[&[u8]] = &[
];

impl LanguageTextId {
    pub const MAXIMUM_BYTES: usize = 64;
    fn value_contracts() -> Vec<conduit_plot::NativeTypeValueContract> {
        vec![
            conduit_plot::NativeTypeValueContract { representation_path: "".into(), contract: conduit_core::CheckedValueContract::new(conduit_core::kind_id("value/text"), 64, vec![conduit_core::ValueConstraint::CanonicalMembership { members: vec![vec![]], negated: true }]).expect("generated checked contract") },
        ]
    }
    fn invariants() -> Result<Vec<conduit_plot::PortableExpressionProgram>, NativeBindingRefusal> {
        let mut laws = Vec::with_capacity(LanguageTextId_PREPARED_NATIVE_LAWS.len());
        for encoded in LanguageTextId_PREPARED_NATIVE_LAWS {
            laws.push(conduit_plot::PortableExpressionProgram::from_canonical_bytes(encoded).map_err(NativeBindingRefusal::InvalidInvariantProgram)?);
        }
        Ok(laws)
    }
}

impl LanguageTextId {
    pub fn new(value: String) -> Result<Self, NativeBindingRefusal> {
        let candidate = Self(value);
        let structured = candidate.clone().into_structured()?;
        conduit_plot::rust_binding::validate_native_contracts(&structured, &Self::value_contracts())?;
        Ok(candidate)
    }
}

impl NativeRustBinding for LanguageTextId {
    fn semantic_type() -> Result<StructuredInfoType, NativeBindingRefusal> { Self::semantic_type() }
    fn into_structured(self) -> Result<StructuredInfoValue, NativeBindingRefusal> {
        let semantic = StructuredInfoType::from_canonical_bytes(LANGUAGETEXTID_SEMANTIC_TYPE).map_err(NativeBindingRefusal::InvalidSemanticType)?;
        let representation = conduit_plot::rust_binding::nominal_representation_type(&semantic)?;
        let value = conduit_plot::rust_binding::primitive_into_structured(representation.clone(), &self.0)?;
        StructuredInfoValue::nominal(semantic, value).map_err(NativeBindingRefusal::InvalidValue)
    }
    fn from_structured(value: StructuredInfoValue) -> Result<Self, NativeBindingRefusal> {
        if value.value_type() != &Self::semantic_type()? { return Err(NativeBindingRefusal::InvalidValue(conduit_core::StructuredInfoRefusal::WrongType)); }
        let representation = conduit_plot::rust_binding::nominal_representation_type(&Self::semantic_type()?)?;
        let _ = &representation;
        Self::new(conduit_plot::rust_binding::primitive_from_structured::<String>(&value)?)
    }
}

pub const LANGUAGETEXTREVISIONID_SEMANTIC_TYPE: &[u8] = &[0x05, 0x5c, 0x00, 0x00, 0x00, 0x74, 0x79, 0x70, 0x65, 0x2f, 0x4c, 0x61, 0x6e, 0x67, 0x75, 0x61, 0x67, 0x65, 0x54, 0x65, 0x78, 0x74, 0x52, 0x65, 0x76, 0x69, 0x73, 0x69, 0x6f, 0x6e, 0x49, 0x64, 0x40, 0x31, 0x66, 0x65, 0x63, 0x32, 0x37, 0x35, 0x32, 0x62, 0x30, 0x34, 0x37, 0x66, 0x34, 0x37, 0x62, 0x32, 0x38, 0x38, 0x38, 0x38, 0x66, 0x34, 0x36, 0x65, 0x64, 0x37, 0x39, 0x33, 0x64, 0x38, 0x38, 0x33, 0x34, 0x61, 0x33, 0x34, 0x64, 0x36, 0x63, 0x61, 0x65, 0x63, 0x38, 0x37, 0x32, 0x32, 0x33, 0x66, 0x38, 0x66, 0x36, 0x66, 0x65, 0x37, 0x35, 0x63, 0x31, 0x66, 0x61, 0x66, 0x39, 0x33, 0x35, 0x00, 0x0a, 0x00, 0x00, 0x00, 0x76, 0x61, 0x6c, 0x75, 0x65, 0x2f, 0x74, 0x65, 0x78, 0x74];
pub const LANGUAGETEXTREVISIONID_SEMANTIC_TYPE_IDENTITY: &str = "type/LanguageTextRevisionId@1fec2752b047f47b28888f46ed793d8834a34d6caec87223f8f6fe75c1faf935";
#[derive(Debug, Clone, PartialEq, Eq)]
pub struct LanguageTextRevisionId(String);
impl LanguageTextRevisionId {
    pub const fn get(&self) -> &String { &self.0 }
}

impl LanguageTextRevisionId {
    pub fn semantic_type() -> Result<StructuredInfoType, NativeBindingRefusal> {
        StructuredInfoType::from_canonical_bytes(LANGUAGETEXTREVISIONID_SEMANTIC_TYPE).map_err(NativeBindingRefusal::InvalidSemanticType)
    }
}

#[allow(non_upper_case_globals)]
static LanguageTextRevisionId_PREPARED_NATIVE_LAWS: &[&[u8]] = &[
];

impl LanguageTextRevisionId {
    pub const MAXIMUM_BYTES: usize = 64;
    fn value_contracts() -> Vec<conduit_plot::NativeTypeValueContract> {
        vec![
            conduit_plot::NativeTypeValueContract { representation_path: "".into(), contract: conduit_core::CheckedValueContract::new(conduit_core::kind_id("value/text"), 64, vec![conduit_core::ValueConstraint::CanonicalMembership { members: vec![vec![]], negated: true }]).expect("generated checked contract") },
        ]
    }
    fn invariants() -> Result<Vec<conduit_plot::PortableExpressionProgram>, NativeBindingRefusal> {
        let mut laws = Vec::with_capacity(LanguageTextRevisionId_PREPARED_NATIVE_LAWS.len());
        for encoded in LanguageTextRevisionId_PREPARED_NATIVE_LAWS {
            laws.push(conduit_plot::PortableExpressionProgram::from_canonical_bytes(encoded).map_err(NativeBindingRefusal::InvalidInvariantProgram)?);
        }
        Ok(laws)
    }
}

impl LanguageTextRevisionId {
    pub fn new(value: String) -> Result<Self, NativeBindingRefusal> {
        let candidate = Self(value);
        let structured = candidate.clone().into_structured()?;
        conduit_plot::rust_binding::validate_native_contracts(&structured, &Self::value_contracts())?;
        Ok(candidate)
    }
}

impl NativeRustBinding for LanguageTextRevisionId {
    fn semantic_type() -> Result<StructuredInfoType, NativeBindingRefusal> { Self::semantic_type() }
    fn into_structured(self) -> Result<StructuredInfoValue, NativeBindingRefusal> {
        let semantic = StructuredInfoType::from_canonical_bytes(LANGUAGETEXTREVISIONID_SEMANTIC_TYPE).map_err(NativeBindingRefusal::InvalidSemanticType)?;
        let representation = conduit_plot::rust_binding::nominal_representation_type(&semantic)?;
        let value = conduit_plot::rust_binding::primitive_into_structured(representation.clone(), &self.0)?;
        StructuredInfoValue::nominal(semantic, value).map_err(NativeBindingRefusal::InvalidValue)
    }
    fn from_structured(value: StructuredInfoValue) -> Result<Self, NativeBindingRefusal> {
        if value.value_type() != &Self::semantic_type()? { return Err(NativeBindingRefusal::InvalidValue(conduit_core::StructuredInfoRefusal::WrongType)); }
        let representation = conduit_plot::rust_binding::nominal_representation_type(&Self::semantic_type()?)?;
        let _ = &representation;
        Self::new(conduit_plot::rust_binding::primitive_from_structured::<String>(&value)?)
    }
}

pub const LANGUAGEUNIVERSALDEPENDENCYRELATION_SEMANTIC_TYPE: &[u8] = &[0x03, 0x69, 0x00, 0x00, 0x00, 0x74, 0x79, 0x70, 0x65, 0x2f, 0x4c, 0x61, 0x6e, 0x67, 0x75, 0x61, 0x67, 0x65, 0x55, 0x6e, 0x69, 0x76, 0x65, 0x72, 0x73, 0x61, 0x6c, 0x44, 0x65, 0x70, 0x65, 0x6e, 0x64, 0x65, 0x6e, 0x63, 0x79, 0x52, 0x65, 0x6c, 0x61, 0x74, 0x69, 0x6f, 0x6e, 0x40, 0x37, 0x63, 0x65, 0x32, 0x37, 0x33, 0x30, 0x32, 0x64, 0x35, 0x62, 0x38, 0x32, 0x35, 0x32, 0x37, 0x37, 0x62, 0x62, 0x64, 0x37, 0x35, 0x34, 0x64, 0x30, 0x62, 0x63, 0x65, 0x38, 0x62, 0x62, 0x63, 0x39, 0x65, 0x37, 0x31, 0x66, 0x35, 0x64, 0x36, 0x34, 0x62, 0x63, 0x34, 0x66, 0x30, 0x61, 0x66, 0x31, 0x38, 0x34, 0x66, 0x63, 0x38, 0x36, 0x32, 0x64, 0x62, 0x64, 0x38, 0x63, 0x66, 0x32, 0x65, 0x25, 0x00, 0x00, 0x00, 0x03, 0x00, 0x00, 0x00, 0x61, 0x63, 0x6c, 0x00, 0x0a, 0x00, 0x00, 0x00, 0x76, 0x61, 0x6c, 0x75, 0x65, 0x2f, 0x75, 0x6e, 0x69, 0x74, 0x05, 0x00, 0x00, 0x00, 0x61, 0x64, 0x76, 0x63, 0x6c, 0x00, 0x0a, 0x00, 0x00, 0x00, 0x76, 0x61, 0x6c, 0x75, 0x65, 0x2f, 0x75, 0x6e, 0x69, 0x74, 0x06, 0x00, 0x00, 0x00, 0x61, 0x64, 0x76, 0x6d, 0x6f, 0x64, 0x00, 0x0a, 0x00, 0x00, 0x00, 0x76, 0x61, 0x6c, 0x75, 0x65, 0x2f, 0x75, 0x6e, 0x69, 0x74, 0x04, 0x00, 0x00, 0x00, 0x61, 0x6d, 0x6f, 0x64, 0x00, 0x0a, 0x00, 0x00, 0x00, 0x76, 0x61, 0x6c, 0x75, 0x65, 0x2f, 0x75, 0x6e, 0x69, 0x74, 0x05, 0x00, 0x00, 0x00, 0x61, 0x70, 0x70, 0x6f, 0x73, 0x00, 0x0a, 0x00, 0x00, 0x00, 0x76, 0x61, 0x6c, 0x75, 0x65, 0x2f, 0x75, 0x6e, 0x69, 0x74, 0x03, 0x00, 0x00, 0x00, 0x61, 0x75, 0x78, 0x00, 0x0a, 0x00, 0x00, 0x00, 0x76, 0x61, 0x6c, 0x75, 0x65, 0x2f, 0x75, 0x6e, 0x69, 0x74, 0x04, 0x00, 0x00, 0x00, 0x63, 0x61, 0x73, 0x65, 0x00, 0x0a, 0x00, 0x00, 0x00, 0x76, 0x61, 0x6c, 0x75, 0x65, 0x2f, 0x75, 0x6e, 0x69, 0x74, 0x02, 0x00, 0x00, 0x00, 0x63, 0x63, 0x00, 0x0a, 0x00, 0x00, 0x00, 0x76, 0x61, 0x6c, 0x75, 0x65, 0x2f, 0x75, 0x6e, 0x69, 0x74, 0x05, 0x00, 0x00, 0x00, 0x63, 0x63, 0x6f, 0x6d, 0x70, 0x00, 0x0a, 0x00, 0x00, 0x00, 0x76, 0x61, 0x6c, 0x75, 0x65, 0x2f, 0x75, 0x6e, 0x69, 0x74, 0x03, 0x00, 0x00, 0x00, 0x63, 0x6c, 0x66, 0x00, 0x0a, 0x00, 0x00, 0x00, 0x76, 0x61, 0x6c, 0x75, 0x65, 0x2f, 0x75, 0x6e, 0x69, 0x74, 0x08, 0x00, 0x00, 0x00, 0x63, 0x6f, 0x6d, 0x70, 0x6f, 0x75, 0x6e, 0x64, 0x00, 0x0a, 0x00, 0x00, 0x00, 0x76, 0x61, 0x6c, 0x75, 0x65, 0x2f, 0x75, 0x6e, 0x69, 0x74, 0x04, 0x00, 0x00, 0x00, 0x63, 0x6f, 0x6e, 0x6a, 0x00, 0x0a, 0x00, 0x00, 0x00, 0x76, 0x61, 0x6c, 0x75, 0x65, 0x2f, 0x75, 0x6e, 0x69, 0x74, 0x03, 0x00, 0x00, 0x00, 0x63, 0x6f, 0x70, 0x00, 0x0a, 0x00, 0x00, 0x00, 0x76, 0x61, 0x6c, 0x75, 0x65, 0x2f, 0x75, 0x6e, 0x69, 0x74, 0x05, 0x00, 0x00, 0x00, 0x63, 0x73, 0x75, 0x62, 0x6a, 0x00, 0x0a, 0x00, 0x00, 0x00, 0x76, 0x61, 0x6c, 0x75, 0x65, 0x2f, 0x75, 0x6e, 0x69, 0x74, 0x03, 0x00, 0x00, 0x00, 0x64, 0x65, 0x70, 0x00, 0x0a, 0x00, 0x00, 0x00, 0x76, 0x61, 0x6c, 0x75, 0x65, 0x2f, 0x75, 0x6e, 0x69, 0x74, 0x03, 0x00, 0x00, 0x00, 0x64, 0x65, 0x74, 0x00, 0x0a, 0x00, 0x00, 0x00, 0x76, 0x61, 0x6c, 0x75, 0x65, 0x2f, 0x75, 0x6e, 0x69, 0x74, 0x09, 0x00, 0x00, 0x00, 0x64, 0x69, 0x73, 0x63, 0x6f, 0x75, 0x72, 0x73, 0x65, 0x00, 0x0a, 0x00, 0x00, 0x00, 0x76, 0x61, 0x6c, 0x75, 0x65, 0x2f, 0x75, 0x6e, 0x69, 0x74, 0x0a, 0x00, 0x00, 0x00, 0x64, 0x69, 0x73, 0x6c, 0x6f, 0x63, 0x61, 0x74, 0x65, 0x64, 0x00, 0x0a, 0x00, 0x00, 0x00, 0x76, 0x61, 0x6c, 0x75, 0x65, 0x2f, 0x75, 0x6e, 0x69, 0x74, 0x04, 0x00, 0x00, 0x00, 0x65, 0x78, 0x70, 0x6c, 0x00, 0x0a, 0x00, 0x00, 0x00, 0x76, 0x61, 0x6c, 0x75, 0x65, 0x2f, 0x75, 0x6e, 0x69, 0x74, 0x05, 0x00, 0x00, 0x00, 0x66, 0x69, 0x78, 0x65, 0x64, 0x00, 0x0a, 0x00, 0x00, 0x00, 0x76, 0x61, 0x6c, 0x75, 0x65, 0x2f, 0x75, 0x6e, 0x69, 0x74, 0x04, 0x00, 0x00, 0x00, 0x66, 0x6c, 0x61, 0x74, 0x00, 0x0a, 0x00, 0x00, 0x00, 0x76, 0x61, 0x6c, 0x75, 0x65, 0x2f, 0x75, 0x6e, 0x69, 0x74, 0x08, 0x00, 0x00, 0x00, 0x67, 0x6f, 0x65, 0x73, 0x77, 0x69, 0x74, 0x68, 0x00, 0x0a, 0x00, 0x00, 0x00, 0x76, 0x61, 0x6c, 0x75, 0x65, 0x2f, 0x75, 0x6e, 0x69, 0x74, 0x04, 0x00, 0x00, 0x00, 0x69, 0x6f, 0x62, 0x6a, 0x00, 0x0a, 0x00, 0x00, 0x00, 0x76, 0x61, 0x6c, 0x75, 0x65, 0x2f, 0x75, 0x6e, 0x69, 0x74, 0x04, 0x00, 0x00, 0x00, 0x6c, 0x69, 0x73, 0x74, 0x00, 0x0a, 0x00, 0x00, 0x00, 0x76, 0x61, 0x6c, 0x75, 0x65, 0x2f, 0x75, 0x6e, 0x69, 0x74, 0x04, 0x00, 0x00, 0x00, 0x6d, 0x61, 0x72, 0x6b, 0x00, 0x0a, 0x00, 0x00, 0x00, 0x76, 0x61, 0x6c, 0x75, 0x65, 0x2f, 0x75, 0x6e, 0x69, 0x74, 0x04, 0x00, 0x00, 0x00, 0x6e, 0x6d, 0x6f, 0x64, 0x00, 0x0a, 0x00, 0x00, 0x00, 0x76, 0x61, 0x6c, 0x75, 0x65, 0x2f, 0x75, 0x6e, 0x69, 0x74, 0x05, 0x00, 0x00, 0x00, 0x6e, 0x73, 0x75, 0x62, 0x6a, 0x00, 0x0a, 0x00, 0x00, 0x00, 0x76, 0x61, 0x6c, 0x75, 0x65, 0x2f, 0x75, 0x6e, 0x69, 0x74, 0x06, 0x00, 0x00, 0x00, 0x6e, 0x75, 0x6d, 0x6d, 0x6f, 0x64, 0x00, 0x0a, 0x00, 0x00, 0x00, 0x76, 0x61, 0x6c, 0x75, 0x65, 0x2f, 0x75, 0x6e, 0x69, 0x74, 0x03, 0x00, 0x00, 0x00, 0x6f, 0x62, 0x6a, 0x00, 0x0a, 0x00, 0x00, 0x00, 0x76, 0x61, 0x6c, 0x75, 0x65, 0x2f, 0x75, 0x6e, 0x69, 0x74, 0x03, 0x00, 0x00, 0x00, 0x6f, 0x62, 0x6c, 0x00, 0x0a, 0x00, 0x00, 0x00, 0x76, 0x61, 0x6c, 0x75, 0x65, 0x2f, 0x75, 0x6e, 0x69, 0x74, 0x06, 0x00, 0x00, 0x00, 0x6f, 0x72, 0x70, 0x68, 0x61, 0x6e, 0x00, 0x0a, 0x00, 0x00, 0x00, 0x76, 0x61, 0x6c, 0x75, 0x65, 0x2f, 0x75, 0x6e, 0x69, 0x74, 0x09, 0x00, 0x00, 0x00, 0x70, 0x61, 0x72, 0x61, 0x74, 0x61, 0x78, 0x69, 0x73, 0x00, 0x0a, 0x00, 0x00, 0x00, 0x76, 0x61, 0x6c, 0x75, 0x65, 0x2f, 0x75, 0x6e, 0x69, 0x74, 0x05, 0x00, 0x00, 0x00, 0x70, 0x75, 0x6e, 0x63, 0x74, 0x00, 0x0a, 0x00, 0x00, 0x00, 0x76, 0x61, 0x6c, 0x75, 0x65, 0x2f, 0x75, 0x6e, 0x69, 0x74, 0x0a, 0x00, 0x00, 0x00, 0x72, 0x65, 0x70, 0x61, 0x72, 0x61, 0x6e, 0x64, 0x75, 0x6d, 0x00, 0x0a, 0x00, 0x00, 0x00, 0x76, 0x61, 0x6c, 0x75, 0x65, 0x2f, 0x75, 0x6e, 0x69, 0x74, 0x04, 0x00, 0x00, 0x00, 0x72, 0x6f, 0x6f, 0x74, 0x00, 0x0a, 0x00, 0x00, 0x00, 0x76, 0x61, 0x6c, 0x75, 0x65, 0x2f, 0x75, 0x6e, 0x69, 0x74, 0x08, 0x00, 0x00, 0x00, 0x76, 0x6f, 0x63, 0x61, 0x74, 0x69, 0x76, 0x65, 0x00, 0x0a, 0x00, 0x00, 0x00, 0x76, 0x61, 0x6c, 0x75, 0x65, 0x2f, 0x75, 0x6e, 0x69, 0x74, 0x05, 0x00, 0x00, 0x00, 0x78, 0x63, 0x6f, 0x6d, 0x70, 0x00, 0x0a, 0x00, 0x00, 0x00, 0x76, 0x61, 0x6c, 0x75, 0x65, 0x2f, 0x75, 0x6e, 0x69, 0x74];
pub const LANGUAGEUNIVERSALDEPENDENCYRELATION_SEMANTIC_TYPE_IDENTITY: &str = "type/LanguageUniversalDependencyRelation@7ce27302d5b825277bbd754d0bce8bbc9e71f5d64bc4f0af184fc862dbd8cf2e";
#[derive(Debug, Clone, Copy, PartialEq, Eq, PartialOrd, Ord, Hash)]
pub enum LanguageUniversalDependencyRelation {
    Acl,
    Advcl,
    Advmod,
    Amod,
    Appos,
    Aux,
    Case,
    Cc,
    Ccomp,
    Clf,
    Compound,
    Conj,
    Cop,
    Csubj,
    Dep,
    Det,
    Discourse,
    Dislocated,
    Expl,
    Fixed,
    Flat,
    Goeswith,
    Iobj,
    List,
    Mark,
    Nmod,
    Nsubj,
    Nummod,
    Obj,
    Obl,
    Orphan,
    Parataxis,
    Punct,
    Reparandum,
    Root,
    Vocative,
    Xcomp,
}

impl LanguageUniversalDependencyRelation {
    pub fn semantic_type() -> Result<StructuredInfoType, NativeBindingRefusal> {
        StructuredInfoType::from_canonical_bytes(LANGUAGEUNIVERSALDEPENDENCYRELATION_SEMANTIC_TYPE).map_err(NativeBindingRefusal::InvalidSemanticType)
    }
}

#[allow(non_upper_case_globals)]
static LanguageUniversalDependencyRelation_PREPARED_NATIVE_LAWS: &[&[u8]] = &[
];

impl LanguageUniversalDependencyRelation {
    fn value_contracts() -> Vec<conduit_plot::NativeTypeValueContract> {
        vec![
        ]
    }
    fn invariants() -> Result<Vec<conduit_plot::PortableExpressionProgram>, NativeBindingRefusal> {
        let mut laws = Vec::with_capacity(LanguageUniversalDependencyRelation_PREPARED_NATIVE_LAWS.len());
        for encoded in LanguageUniversalDependencyRelation_PREPARED_NATIVE_LAWS {
            laws.push(conduit_plot::PortableExpressionProgram::from_canonical_bytes(encoded).map_err(NativeBindingRefusal::InvalidInvariantProgram)?);
        }
        Ok(laws)
    }
}

impl LanguageUniversalDependencyRelation {
    pub fn acl() -> Self { Self::Acl }
    pub fn advcl() -> Self { Self::Advcl }
    pub fn advmod() -> Self { Self::Advmod }
    pub fn amod() -> Self { Self::Amod }
    pub fn appos() -> Self { Self::Appos }
    pub fn aux() -> Self { Self::Aux }
    pub fn case() -> Self { Self::Case }
    pub fn cc() -> Self { Self::Cc }
    pub fn ccomp() -> Self { Self::Ccomp }
    pub fn clf() -> Self { Self::Clf }
    pub fn compound() -> Self { Self::Compound }
    pub fn conj() -> Self { Self::Conj }
    pub fn cop() -> Self { Self::Cop }
    pub fn csubj() -> Self { Self::Csubj }
    pub fn dep() -> Self { Self::Dep }
    pub fn det() -> Self { Self::Det }
    pub fn discourse() -> Self { Self::Discourse }
    pub fn dislocated() -> Self { Self::Dislocated }
    pub fn expl() -> Self { Self::Expl }
    pub fn fixed() -> Self { Self::Fixed }
    pub fn flat() -> Self { Self::Flat }
    pub fn goeswith() -> Self { Self::Goeswith }
    pub fn iobj() -> Self { Self::Iobj }
    pub fn list() -> Self { Self::List }
    pub fn mark() -> Self { Self::Mark }
    pub fn nmod() -> Self { Self::Nmod }
    pub fn nsubj() -> Self { Self::Nsubj }
    pub fn nummod() -> Self { Self::Nummod }
    pub fn obj() -> Self { Self::Obj }
    pub fn obl() -> Self { Self::Obl }
    pub fn orphan() -> Self { Self::Orphan }
    pub fn parataxis() -> Self { Self::Parataxis }
    pub fn punct() -> Self { Self::Punct }
    pub fn reparandum() -> Self { Self::Reparandum }
    pub fn root() -> Self { Self::Root }
    pub fn vocative() -> Self { Self::Vocative }
    pub fn xcomp() -> Self { Self::Xcomp }
}

impl NativeRustBinding for LanguageUniversalDependencyRelation {
    fn semantic_type() -> Result<StructuredInfoType, NativeBindingRefusal> { Self::semantic_type() }
    fn into_structured(self) -> Result<StructuredInfoValue, NativeBindingRefusal> {
        let semantic = StructuredInfoType::from_canonical_bytes(LANGUAGEUNIVERSALDEPENDENCYRELATION_SEMANTIC_TYPE).map_err(NativeBindingRefusal::InvalidSemanticType)?;
        match self {
            Self::Acl => {
                let payload_type = conduit_plot::rust_binding::variant_payload_type(&semantic, "acl")?;
                let payload = conduit_plot::rust_binding::primitive_into_structured(payload_type, &())?;
                StructuredInfoValue::variant(semantic, "acl", payload).map_err(NativeBindingRefusal::InvalidValue)
            }
            Self::Advcl => {
                let payload_type = conduit_plot::rust_binding::variant_payload_type(&semantic, "advcl")?;
                let payload = conduit_plot::rust_binding::primitive_into_structured(payload_type, &())?;
                StructuredInfoValue::variant(semantic, "advcl", payload).map_err(NativeBindingRefusal::InvalidValue)
            }
            Self::Advmod => {
                let payload_type = conduit_plot::rust_binding::variant_payload_type(&semantic, "advmod")?;
                let payload = conduit_plot::rust_binding::primitive_into_structured(payload_type, &())?;
                StructuredInfoValue::variant(semantic, "advmod", payload).map_err(NativeBindingRefusal::InvalidValue)
            }
            Self::Amod => {
                let payload_type = conduit_plot::rust_binding::variant_payload_type(&semantic, "amod")?;
                let payload = conduit_plot::rust_binding::primitive_into_structured(payload_type, &())?;
                StructuredInfoValue::variant(semantic, "amod", payload).map_err(NativeBindingRefusal::InvalidValue)
            }
            Self::Appos => {
                let payload_type = conduit_plot::rust_binding::variant_payload_type(&semantic, "appos")?;
                let payload = conduit_plot::rust_binding::primitive_into_structured(payload_type, &())?;
                StructuredInfoValue::variant(semantic, "appos", payload).map_err(NativeBindingRefusal::InvalidValue)
            }
            Self::Aux => {
                let payload_type = conduit_plot::rust_binding::variant_payload_type(&semantic, "aux")?;
                let payload = conduit_plot::rust_binding::primitive_into_structured(payload_type, &())?;
                StructuredInfoValue::variant(semantic, "aux", payload).map_err(NativeBindingRefusal::InvalidValue)
            }
            Self::Case => {
                let payload_type = conduit_plot::rust_binding::variant_payload_type(&semantic, "case")?;
                let payload = conduit_plot::rust_binding::primitive_into_structured(payload_type, &())?;
                StructuredInfoValue::variant(semantic, "case", payload).map_err(NativeBindingRefusal::InvalidValue)
            }
            Self::Cc => {
                let payload_type = conduit_plot::rust_binding::variant_payload_type(&semantic, "cc")?;
                let payload = conduit_plot::rust_binding::primitive_into_structured(payload_type, &())?;
                StructuredInfoValue::variant(semantic, "cc", payload).map_err(NativeBindingRefusal::InvalidValue)
            }
            Self::Ccomp => {
                let payload_type = conduit_plot::rust_binding::variant_payload_type(&semantic, "ccomp")?;
                let payload = conduit_plot::rust_binding::primitive_into_structured(payload_type, &())?;
                StructuredInfoValue::variant(semantic, "ccomp", payload).map_err(NativeBindingRefusal::InvalidValue)
            }
            Self::Clf => {
                let payload_type = conduit_plot::rust_binding::variant_payload_type(&semantic, "clf")?;
                let payload = conduit_plot::rust_binding::primitive_into_structured(payload_type, &())?;
                StructuredInfoValue::variant(semantic, "clf", payload).map_err(NativeBindingRefusal::InvalidValue)
            }
            Self::Compound => {
                let payload_type = conduit_plot::rust_binding::variant_payload_type(&semantic, "compound")?;
                let payload = conduit_plot::rust_binding::primitive_into_structured(payload_type, &())?;
                StructuredInfoValue::variant(semantic, "compound", payload).map_err(NativeBindingRefusal::InvalidValue)
            }
            Self::Conj => {
                let payload_type = conduit_plot::rust_binding::variant_payload_type(&semantic, "conj")?;
                let payload = conduit_plot::rust_binding::primitive_into_structured(payload_type, &())?;
                StructuredInfoValue::variant(semantic, "conj", payload).map_err(NativeBindingRefusal::InvalidValue)
            }
            Self::Cop => {
                let payload_type = conduit_plot::rust_binding::variant_payload_type(&semantic, "cop")?;
                let payload = conduit_plot::rust_binding::primitive_into_structured(payload_type, &())?;
                StructuredInfoValue::variant(semantic, "cop", payload).map_err(NativeBindingRefusal::InvalidValue)
            }
            Self::Csubj => {
                let payload_type = conduit_plot::rust_binding::variant_payload_type(&semantic, "csubj")?;
                let payload = conduit_plot::rust_binding::primitive_into_structured(payload_type, &())?;
                StructuredInfoValue::variant(semantic, "csubj", payload).map_err(NativeBindingRefusal::InvalidValue)
            }
            Self::Dep => {
                let payload_type = conduit_plot::rust_binding::variant_payload_type(&semantic, "dep")?;
                let payload = conduit_plot::rust_binding::primitive_into_structured(payload_type, &())?;
                StructuredInfoValue::variant(semantic, "dep", payload).map_err(NativeBindingRefusal::InvalidValue)
            }
            Self::Det => {
                let payload_type = conduit_plot::rust_binding::variant_payload_type(&semantic, "det")?;
                let payload = conduit_plot::rust_binding::primitive_into_structured(payload_type, &())?;
                StructuredInfoValue::variant(semantic, "det", payload).map_err(NativeBindingRefusal::InvalidValue)
            }
            Self::Discourse => {
                let payload_type = conduit_plot::rust_binding::variant_payload_type(&semantic, "discourse")?;
                let payload = conduit_plot::rust_binding::primitive_into_structured(payload_type, &())?;
                StructuredInfoValue::variant(semantic, "discourse", payload).map_err(NativeBindingRefusal::InvalidValue)
            }
            Self::Dislocated => {
                let payload_type = conduit_plot::rust_binding::variant_payload_type(&semantic, "dislocated")?;
                let payload = conduit_plot::rust_binding::primitive_into_structured(payload_type, &())?;
                StructuredInfoValue::variant(semantic, "dislocated", payload).map_err(NativeBindingRefusal::InvalidValue)
            }
            Self::Expl => {
                let payload_type = conduit_plot::rust_binding::variant_payload_type(&semantic, "expl")?;
                let payload = conduit_plot::rust_binding::primitive_into_structured(payload_type, &())?;
                StructuredInfoValue::variant(semantic, "expl", payload).map_err(NativeBindingRefusal::InvalidValue)
            }
            Self::Fixed => {
                let payload_type = conduit_plot::rust_binding::variant_payload_type(&semantic, "fixed")?;
                let payload = conduit_plot::rust_binding::primitive_into_structured(payload_type, &())?;
                StructuredInfoValue::variant(semantic, "fixed", payload).map_err(NativeBindingRefusal::InvalidValue)
            }
            Self::Flat => {
                let payload_type = conduit_plot::rust_binding::variant_payload_type(&semantic, "flat")?;
                let payload = conduit_plot::rust_binding::primitive_into_structured(payload_type, &())?;
                StructuredInfoValue::variant(semantic, "flat", payload).map_err(NativeBindingRefusal::InvalidValue)
            }
            Self::Goeswith => {
                let payload_type = conduit_plot::rust_binding::variant_payload_type(&semantic, "goeswith")?;
                let payload = conduit_plot::rust_binding::primitive_into_structured(payload_type, &())?;
                StructuredInfoValue::variant(semantic, "goeswith", payload).map_err(NativeBindingRefusal::InvalidValue)
            }
            Self::Iobj => {
                let payload_type = conduit_plot::rust_binding::variant_payload_type(&semantic, "iobj")?;
                let payload = conduit_plot::rust_binding::primitive_into_structured(payload_type, &())?;
                StructuredInfoValue::variant(semantic, "iobj", payload).map_err(NativeBindingRefusal::InvalidValue)
            }
            Self::List => {
                let payload_type = conduit_plot::rust_binding::variant_payload_type(&semantic, "list")?;
                let payload = conduit_plot::rust_binding::primitive_into_structured(payload_type, &())?;
                StructuredInfoValue::variant(semantic, "list", payload).map_err(NativeBindingRefusal::InvalidValue)
            }
            Self::Mark => {
                let payload_type = conduit_plot::rust_binding::variant_payload_type(&semantic, "mark")?;
                let payload = conduit_plot::rust_binding::primitive_into_structured(payload_type, &())?;
                StructuredInfoValue::variant(semantic, "mark", payload).map_err(NativeBindingRefusal::InvalidValue)
            }
            Self::Nmod => {
                let payload_type = conduit_plot::rust_binding::variant_payload_type(&semantic, "nmod")?;
                let payload = conduit_plot::rust_binding::primitive_into_structured(payload_type, &())?;
                StructuredInfoValue::variant(semantic, "nmod", payload).map_err(NativeBindingRefusal::InvalidValue)
            }
            Self::Nsubj => {
                let payload_type = conduit_plot::rust_binding::variant_payload_type(&semantic, "nsubj")?;
                let payload = conduit_plot::rust_binding::primitive_into_structured(payload_type, &())?;
                StructuredInfoValue::variant(semantic, "nsubj", payload).map_err(NativeBindingRefusal::InvalidValue)
            }
            Self::Nummod => {
                let payload_type = conduit_plot::rust_binding::variant_payload_type(&semantic, "nummod")?;
                let payload = conduit_plot::rust_binding::primitive_into_structured(payload_type, &())?;
                StructuredInfoValue::variant(semantic, "nummod", payload).map_err(NativeBindingRefusal::InvalidValue)
            }
            Self::Obj => {
                let payload_type = conduit_plot::rust_binding::variant_payload_type(&semantic, "obj")?;
                let payload = conduit_plot::rust_binding::primitive_into_structured(payload_type, &())?;
                StructuredInfoValue::variant(semantic, "obj", payload).map_err(NativeBindingRefusal::InvalidValue)
            }
            Self::Obl => {
                let payload_type = conduit_plot::rust_binding::variant_payload_type(&semantic, "obl")?;
                let payload = conduit_plot::rust_binding::primitive_into_structured(payload_type, &())?;
                StructuredInfoValue::variant(semantic, "obl", payload).map_err(NativeBindingRefusal::InvalidValue)
            }
            Self::Orphan => {
                let payload_type = conduit_plot::rust_binding::variant_payload_type(&semantic, "orphan")?;
                let payload = conduit_plot::rust_binding::primitive_into_structured(payload_type, &())?;
                StructuredInfoValue::variant(semantic, "orphan", payload).map_err(NativeBindingRefusal::InvalidValue)
            }
            Self::Parataxis => {
                let payload_type = conduit_plot::rust_binding::variant_payload_type(&semantic, "parataxis")?;
                let payload = conduit_plot::rust_binding::primitive_into_structured(payload_type, &())?;
                StructuredInfoValue::variant(semantic, "parataxis", payload).map_err(NativeBindingRefusal::InvalidValue)
            }
            Self::Punct => {
                let payload_type = conduit_plot::rust_binding::variant_payload_type(&semantic, "punct")?;
                let payload = conduit_plot::rust_binding::primitive_into_structured(payload_type, &())?;
                StructuredInfoValue::variant(semantic, "punct", payload).map_err(NativeBindingRefusal::InvalidValue)
            }
            Self::Reparandum => {
                let payload_type = conduit_plot::rust_binding::variant_payload_type(&semantic, "reparandum")?;
                let payload = conduit_plot::rust_binding::primitive_into_structured(payload_type, &())?;
                StructuredInfoValue::variant(semantic, "reparandum", payload).map_err(NativeBindingRefusal::InvalidValue)
            }
            Self::Root => {
                let payload_type = conduit_plot::rust_binding::variant_payload_type(&semantic, "root")?;
                let payload = conduit_plot::rust_binding::primitive_into_structured(payload_type, &())?;
                StructuredInfoValue::variant(semantic, "root", payload).map_err(NativeBindingRefusal::InvalidValue)
            }
            Self::Vocative => {
                let payload_type = conduit_plot::rust_binding::variant_payload_type(&semantic, "vocative")?;
                let payload = conduit_plot::rust_binding::primitive_into_structured(payload_type, &())?;
                StructuredInfoValue::variant(semantic, "vocative", payload).map_err(NativeBindingRefusal::InvalidValue)
            }
            Self::Xcomp => {
                let payload_type = conduit_plot::rust_binding::variant_payload_type(&semantic, "xcomp")?;
                let payload = conduit_plot::rust_binding::primitive_into_structured(payload_type, &())?;
                StructuredInfoValue::variant(semantic, "xcomp", payload).map_err(NativeBindingRefusal::InvalidValue)
            }
        }
    }
    fn from_structured(value: StructuredInfoValue) -> Result<Self, NativeBindingRefusal> {
        if value.value_type() != &Self::semantic_type()? { return Err(NativeBindingRefusal::InvalidValue(conduit_core::StructuredInfoRefusal::WrongType)); }
        let StructuredInfoValueShape::Variant { tag, payload: _payload } = value.shape() else { return Err(NativeBindingRefusal::InvalidValue(conduit_core::StructuredInfoRefusal::WrongType)); };
        let candidate = match tag {
            "acl" => Ok(Self::Acl),
            "advcl" => Ok(Self::Advcl),
            "advmod" => Ok(Self::Advmod),
            "amod" => Ok(Self::Amod),
            "appos" => Ok(Self::Appos),
            "aux" => Ok(Self::Aux),
            "case" => Ok(Self::Case),
            "cc" => Ok(Self::Cc),
            "ccomp" => Ok(Self::Ccomp),
            "clf" => Ok(Self::Clf),
            "compound" => Ok(Self::Compound),
            "conj" => Ok(Self::Conj),
            "cop" => Ok(Self::Cop),
            "csubj" => Ok(Self::Csubj),
            "dep" => Ok(Self::Dep),
            "det" => Ok(Self::Det),
            "discourse" => Ok(Self::Discourse),
            "dislocated" => Ok(Self::Dislocated),
            "expl" => Ok(Self::Expl),
            "fixed" => Ok(Self::Fixed),
            "flat" => Ok(Self::Flat),
            "goeswith" => Ok(Self::Goeswith),
            "iobj" => Ok(Self::Iobj),
            "list" => Ok(Self::List),
            "mark" => Ok(Self::Mark),
            "nmod" => Ok(Self::Nmod),
            "nsubj" => Ok(Self::Nsubj),
            "nummod" => Ok(Self::Nummod),
            "obj" => Ok(Self::Obj),
            "obl" => Ok(Self::Obl),
            "orphan" => Ok(Self::Orphan),
            "parataxis" => Ok(Self::Parataxis),
            "punct" => Ok(Self::Punct),
            "reparandum" => Ok(Self::Reparandum),
            "root" => Ok(Self::Root),
            "vocative" => Ok(Self::Vocative),
            "xcomp" => Ok(Self::Xcomp),
            _ => Err(NativeBindingRefusal::InvalidValue(conduit_core::StructuredInfoRefusal::UnknownVariantTag)),
        }?;
        conduit_plot::rust_binding::validate_native_contracts(&value, &Self::value_contracts())?;
        Ok(candidate)
    }
}

#[allow(non_upper_case_globals)]
pub static LanguageAnalysisRevisionId_PREPARED_NATIVE_DESCRIPTOR: conduit_plot::rust_binding::NativeFamilyTypeDescriptor = conduit_plot::rust_binding::NativeFamilyTypeDescriptor {
    type_bytes: LANGUAGEANALYSISREVISIONID_SEMANTIC_TYPE,
    laws: LanguageAnalysisRevisionId_PREPARED_NATIVE_LAWS,
    contracts: &[
        conduit_plot::rust_binding::NativeFamilyContractDescriptor { representation_path: "", value_kind: "value/text", maximum_bytes: 64, constraints: &[
            conduit_plot::rust_binding::NativeFamilyConstraintDescriptor::CanonicalMembership { members: &[&[]], negated: true },
        ] },
    ],
    children: &[],
    external_edges: &[],
    conversion_profile: conduit_plot::rust_binding::NativeFamilyConversionProfile::Nominal,
    maximum_inline_bytes: core::mem::size_of::<LanguageAnalysisRevisionId>(),
};
impl conduit_plot::rust_binding::PreparedNativeRustBinding for LanguageAnalysisRevisionId {
    const PREPARED_DESCRIPTOR: &'static conduit_plot::rust_binding::NativeFamilyTypeDescriptor = &LanguageAnalysisRevisionId_PREPARED_NATIVE_DESCRIPTOR;
    fn from_borrowed_prepared(value: conduit_core::ValidatedCanonicalStructuredValue<'_>, family: &mut conduit_plot::rust_binding::PreparedNativeFamily) -> Result<Self, NativeBindingRefusal> {
        family.check_type(Self::PREPARED_DESCRIPTOR, value)?;
        let decoded = { let leaf = value.nominal_representation().map_err(NativeBindingRefusal::InvalidValue)?; let (_, bytes) = leaf.primitive().map_err(NativeBindingRefusal::InvalidValue)?; <String as conduit_plot::rust_binding::NativePrimitive>::decode_primitive(bytes).ok_or(NativeBindingRefusal::InvalidValue(conduit_core::StructuredInfoRefusal::WrongType))? };
        family.validate(Self::PREPARED_DESCRIPTOR, value)?;
        Ok(Self(decoded))
    }
    fn from_borrowed_prepared_with_children(value: conduit_core::ValidatedCanonicalStructuredValue<'_>, family: &mut conduit_plot::rust_binding::PreparedNativeFamily, scope: &conduit_plot::rust_binding::NativeChildAdmissionScope<'_>) -> Result<Self, NativeBindingRefusal> {
        family.check_type(Self::PREPARED_DESCRIPTOR, value)?;
        let __conduit_node_scope = scope.for_node(family, Self::PREPARED_DESCRIPTOR, value)?;
        let __conduit_child_scope = __conduit_node_scope.child_scope()?;
        let decoded = { let leaf = value.nominal_representation().map_err(NativeBindingRefusal::InvalidValue)?; let (_, bytes) = leaf.primitive().map_err(NativeBindingRefusal::InvalidValue)?; <String as conduit_plot::rust_binding::NativePrimitive>::decode_primitive(bytes).ok_or(NativeBindingRefusal::InvalidValue(conduit_core::StructuredInfoRefusal::WrongType))? };
        if __conduit_node_scope.requires_validation() { family.validate(Self::PREPARED_DESCRIPTOR, value)?; }
        Ok(Self(decoded))
    }

}

#[allow(non_upper_case_globals)]
pub static LanguageParserBasis_PREPARED_NATIVE_DESCRIPTOR: conduit_plot::rust_binding::NativeFamilyTypeDescriptor = conduit_plot::rust_binding::NativeFamilyTypeDescriptor {
    type_bytes: LANGUAGEPARSERBASIS_SEMANTIC_TYPE,
    laws: LanguageParserBasis_PREPARED_NATIVE_LAWS,
    contracts: &[
        conduit_plot::rust_binding::NativeFamilyContractDescriptor { representation_path: ".text", value_kind: "value/text", maximum_bytes: 64, constraints: &[
            conduit_plot::rust_binding::NativeFamilyConstraintDescriptor::CanonicalMembership { members: &[&[]], negated: true },
        ] },
        conduit_plot::rust_binding::NativeFamilyContractDescriptor { representation_path: ".source_revision", value_kind: "value/text", maximum_bytes: 64, constraints: &[
            conduit_plot::rust_binding::NativeFamilyConstraintDescriptor::CanonicalMembership { members: &[&[]], negated: true },
        ] },
        conduit_plot::rust_binding::NativeFamilyContractDescriptor { representation_path: ".analysis_revision", value_kind: "value/text", maximum_bytes: 64, constraints: &[
            conduit_plot::rust_binding::NativeFamilyConstraintDescriptor::CanonicalMembership { members: &[&[]], negated: true },
        ] },
    ],
    children: &[&LanguageAnalysisRevisionId_PREPARED_NATIVE_DESCRIPTOR, &LanguageTextRevisionId_PREPARED_NATIVE_DESCRIPTOR, &LanguageTextId_PREPARED_NATIVE_DESCRIPTOR],
    external_edges: &[],
    conversion_profile: conduit_plot::rust_binding::NativeFamilyConversionProfile::Record,
    maximum_inline_bytes: core::mem::size_of::<LanguageParserBasis>(),
};
impl conduit_plot::rust_binding::PreparedNativeRustBinding for LanguageParserBasis {
    const PREPARED_DESCRIPTOR: &'static conduit_plot::rust_binding::NativeFamilyTypeDescriptor = &LanguageParserBasis_PREPARED_NATIVE_DESCRIPTOR;
    fn from_borrowed_prepared(value: conduit_core::ValidatedCanonicalStructuredValue<'_>, family: &mut conduit_plot::rust_binding::PreparedNativeFamily) -> Result<Self, NativeBindingRefusal> {
        family.check_type(Self::PREPARED_DESCRIPTOR, value)?;
        let __conduit_prepared_field_0 = <LanguageAnalysisRevisionId as conduit_plot::rust_binding::PreparedNativeRustBinding>::from_borrowed_prepared(value.record_field("analysis_revision").map_err(NativeBindingRefusal::InvalidValue)?.ok_or(NativeBindingRefusal::InvalidValue(conduit_core::StructuredInfoRefusal::WrongType))?, family)?;
        let __conduit_prepared_field_1 = <LanguageTextRevisionId as conduit_plot::rust_binding::PreparedNativeRustBinding>::from_borrowed_prepared(value.record_field("source_revision").map_err(NativeBindingRefusal::InvalidValue)?.ok_or(NativeBindingRefusal::InvalidValue(conduit_core::StructuredInfoRefusal::WrongType))?, family)?;
        let __conduit_prepared_field_2 = <LanguageTextId as conduit_plot::rust_binding::PreparedNativeRustBinding>::from_borrowed_prepared(value.record_field("text").map_err(NativeBindingRefusal::InvalidValue)?.ok_or(NativeBindingRefusal::InvalidValue(conduit_core::StructuredInfoRefusal::WrongType))?, family)?;
        family.validate(Self::PREPARED_DESCRIPTOR, value)?;
        Ok(Self { analysis_revision: __conduit_prepared_field_0, source_revision: __conduit_prepared_field_1, text: __conduit_prepared_field_2 })
    }
    fn from_borrowed_prepared_with_children(value: conduit_core::ValidatedCanonicalStructuredValue<'_>, family: &mut conduit_plot::rust_binding::PreparedNativeFamily, scope: &conduit_plot::rust_binding::NativeChildAdmissionScope<'_>) -> Result<Self, NativeBindingRefusal> {
        family.check_type(Self::PREPARED_DESCRIPTOR, value)?;
        let __conduit_node_scope = scope.for_node(family, Self::PREPARED_DESCRIPTOR, value)?;
        let __conduit_child_scope = __conduit_node_scope.child_scope()?;
        let __conduit_prepared_field_0 = <LanguageAnalysisRevisionId as conduit_plot::rust_binding::PreparedNativeRustBinding>::from_borrowed_prepared_with_children(value.record_field("analysis_revision").map_err(NativeBindingRefusal::InvalidValue)?.ok_or(NativeBindingRefusal::InvalidValue(conduit_core::StructuredInfoRefusal::WrongType))?, family, &__conduit_child_scope)?;
        let __conduit_prepared_field_1 = <LanguageTextRevisionId as conduit_plot::rust_binding::PreparedNativeRustBinding>::from_borrowed_prepared_with_children(value.record_field("source_revision").map_err(NativeBindingRefusal::InvalidValue)?.ok_or(NativeBindingRefusal::InvalidValue(conduit_core::StructuredInfoRefusal::WrongType))?, family, &__conduit_child_scope)?;
        let __conduit_prepared_field_2 = <LanguageTextId as conduit_plot::rust_binding::PreparedNativeRustBinding>::from_borrowed_prepared_with_children(value.record_field("text").map_err(NativeBindingRefusal::InvalidValue)?.ok_or(NativeBindingRefusal::InvalidValue(conduit_core::StructuredInfoRefusal::WrongType))?, family, &__conduit_child_scope)?;
        if __conduit_node_scope.requires_validation() { family.validate(Self::PREPARED_DESCRIPTOR, value)?; }
        Ok(Self { analysis_revision: __conduit_prepared_field_0, source_revision: __conduit_prepared_field_1, text: __conduit_prepared_field_2 })
    }

}

#[allow(non_upper_case_globals)]
pub static LanguageParserRelation_PREPARED_NATIVE_DESCRIPTOR: conduit_plot::rust_binding::NativeFamilyTypeDescriptor = conduit_plot::rust_binding::NativeFamilyTypeDescriptor {
    type_bytes: LANGUAGEPARSERRELATION_SEMANTIC_TYPE,
    laws: LanguageParserRelation_PREPARED_NATIVE_LAWS,
    contracts: &[
        conduit_plot::rust_binding::NativeFamilyContractDescriptor { representation_path: ".subtype", value_kind: "value/text", maximum_bytes: 32, constraints: &[
        ] },
    ],
    children: &[&LanguageUniversalDependencyRelation_PREPARED_NATIVE_DESCRIPTOR, &LanguageParserSubtype_PREPARED_NATIVE_DESCRIPTOR],
    external_edges: &[],
    conversion_profile: conduit_plot::rust_binding::NativeFamilyConversionProfile::Record,
    maximum_inline_bytes: core::mem::size_of::<LanguageParserRelation>(),
};
impl conduit_plot::rust_binding::PreparedNativeRustBinding for LanguageParserRelation {
    const PREPARED_DESCRIPTOR: &'static conduit_plot::rust_binding::NativeFamilyTypeDescriptor = &LanguageParserRelation_PREPARED_NATIVE_DESCRIPTOR;
    fn from_borrowed_prepared(value: conduit_core::ValidatedCanonicalStructuredValue<'_>, family: &mut conduit_plot::rust_binding::PreparedNativeFamily) -> Result<Self, NativeBindingRefusal> {
        family.check_type(Self::PREPARED_DESCRIPTOR, value)?;
        let __conduit_prepared_field_0 = <LanguageUniversalDependencyRelation as conduit_plot::rust_binding::PreparedNativeRustBinding>::from_borrowed_prepared(value.record_field("base").map_err(NativeBindingRefusal::InvalidValue)?.ok_or(NativeBindingRefusal::InvalidValue(conduit_core::StructuredInfoRefusal::WrongType))?, family)?;
        let __conduit_prepared_field_1 = <LanguageParserSubtype as conduit_plot::rust_binding::PreparedNativeRustBinding>::from_borrowed_prepared(value.record_field("subtype").map_err(NativeBindingRefusal::InvalidValue)?.ok_or(NativeBindingRefusal::InvalidValue(conduit_core::StructuredInfoRefusal::WrongType))?, family)?;
        family.validate(Self::PREPARED_DESCRIPTOR, value)?;
        Ok(Self { base: __conduit_prepared_field_0, subtype: __conduit_prepared_field_1 })
    }
    fn from_borrowed_prepared_with_children(value: conduit_core::ValidatedCanonicalStructuredValue<'_>, family: &mut conduit_plot::rust_binding::PreparedNativeFamily, scope: &conduit_plot::rust_binding::NativeChildAdmissionScope<'_>) -> Result<Self, NativeBindingRefusal> {
        family.check_type(Self::PREPARED_DESCRIPTOR, value)?;
        let __conduit_node_scope = scope.for_node(family, Self::PREPARED_DESCRIPTOR, value)?;
        let __conduit_child_scope = __conduit_node_scope.child_scope()?;
        let __conduit_prepared_field_0 = <LanguageUniversalDependencyRelation as conduit_plot::rust_binding::PreparedNativeRustBinding>::from_borrowed_prepared_with_children(value.record_field("base").map_err(NativeBindingRefusal::InvalidValue)?.ok_or(NativeBindingRefusal::InvalidValue(conduit_core::StructuredInfoRefusal::WrongType))?, family, &__conduit_child_scope)?;
        let __conduit_prepared_field_1 = <LanguageParserSubtype as conduit_plot::rust_binding::PreparedNativeRustBinding>::from_borrowed_prepared_with_children(value.record_field("subtype").map_err(NativeBindingRefusal::InvalidValue)?.ok_or(NativeBindingRefusal::InvalidValue(conduit_core::StructuredInfoRefusal::WrongType))?, family, &__conduit_child_scope)?;
        if __conduit_node_scope.requires_validation() { family.validate(Self::PREPARED_DESCRIPTOR, value)?; }
        Ok(Self { base: __conduit_prepared_field_0, subtype: __conduit_prepared_field_1 })
    }

}

#[allow(non_upper_case_globals)]
pub static LanguageParserSubtype_PREPARED_NATIVE_DESCRIPTOR: conduit_plot::rust_binding::NativeFamilyTypeDescriptor = conduit_plot::rust_binding::NativeFamilyTypeDescriptor {
    type_bytes: LANGUAGEPARSERSUBTYPE_SEMANTIC_TYPE,
    laws: LanguageParserSubtype_PREPARED_NATIVE_LAWS,
    contracts: &[
        conduit_plot::rust_binding::NativeFamilyContractDescriptor { representation_path: "", value_kind: "value/text", maximum_bytes: 32, constraints: &[
        ] },
    ],
    children: &[],
    external_edges: &[],
    conversion_profile: conduit_plot::rust_binding::NativeFamilyConversionProfile::Nominal,
    maximum_inline_bytes: core::mem::size_of::<LanguageParserSubtype>(),
};
impl conduit_plot::rust_binding::PreparedNativeRustBinding for LanguageParserSubtype {
    const PREPARED_DESCRIPTOR: &'static conduit_plot::rust_binding::NativeFamilyTypeDescriptor = &LanguageParserSubtype_PREPARED_NATIVE_DESCRIPTOR;
    fn from_borrowed_prepared(value: conduit_core::ValidatedCanonicalStructuredValue<'_>, family: &mut conduit_plot::rust_binding::PreparedNativeFamily) -> Result<Self, NativeBindingRefusal> {
        family.check_type(Self::PREPARED_DESCRIPTOR, value)?;
        let decoded = { let leaf = value.nominal_representation().map_err(NativeBindingRefusal::InvalidValue)?; let (_, bytes) = leaf.primitive().map_err(NativeBindingRefusal::InvalidValue)?; <String as conduit_plot::rust_binding::NativePrimitive>::decode_primitive(bytes).ok_or(NativeBindingRefusal::InvalidValue(conduit_core::StructuredInfoRefusal::WrongType))? };
        family.validate(Self::PREPARED_DESCRIPTOR, value)?;
        Ok(Self(decoded))
    }
    fn from_borrowed_prepared_with_children(value: conduit_core::ValidatedCanonicalStructuredValue<'_>, family: &mut conduit_plot::rust_binding::PreparedNativeFamily, scope: &conduit_plot::rust_binding::NativeChildAdmissionScope<'_>) -> Result<Self, NativeBindingRefusal> {
        family.check_type(Self::PREPARED_DESCRIPTOR, value)?;
        let __conduit_node_scope = scope.for_node(family, Self::PREPARED_DESCRIPTOR, value)?;
        let __conduit_child_scope = __conduit_node_scope.child_scope()?;
        let decoded = { let leaf = value.nominal_representation().map_err(NativeBindingRefusal::InvalidValue)?; let (_, bytes) = leaf.primitive().map_err(NativeBindingRefusal::InvalidValue)?; <String as conduit_plot::rust_binding::NativePrimitive>::decode_primitive(bytes).ok_or(NativeBindingRefusal::InvalidValue(conduit_core::StructuredInfoRefusal::WrongType))? };
        if __conduit_node_scope.requires_validation() { family.validate(Self::PREPARED_DESCRIPTOR, value)?; }
        Ok(Self(decoded))
    }

}

#[allow(non_upper_case_globals)]
pub static LanguageParserWindow8RawBeam_PREPARED_NATIVE_DESCRIPTOR: conduit_plot::rust_binding::NativeFamilyTypeDescriptor = conduit_plot::rust_binding::NativeFamilyTypeDescriptor {
    type_bytes: LANGUAGEPARSERWINDOW8RAWBEAM_SEMANTIC_TYPE,
    laws: LanguageParserWindow8RawBeam_PREPARED_NATIVE_LAWS,
    contracts: &[
        conduit_plot::rust_binding::NativeFamilyContractDescriptor { representation_path: ".candidate0.state.basis.text", value_kind: "value/text", maximum_bytes: 64, constraints: &[
            conduit_plot::rust_binding::NativeFamilyConstraintDescriptor::CanonicalMembership { members: &[&[]], negated: true },
        ] },
        conduit_plot::rust_binding::NativeFamilyContractDescriptor { representation_path: ".candidate0.state.basis.source_revision", value_kind: "value/text", maximum_bytes: 64, constraints: &[
            conduit_plot::rust_binding::NativeFamilyConstraintDescriptor::CanonicalMembership { members: &[&[]], negated: true },
        ] },
        conduit_plot::rust_binding::NativeFamilyContractDescriptor { representation_path: ".candidate0.state.basis.analysis_revision", value_kind: "value/text", maximum_bytes: 64, constraints: &[
            conduit_plot::rust_binding::NativeFamilyConstraintDescriptor::CanonicalMembership { members: &[&[]], negated: true },
        ] },
        conduit_plot::rust_binding::NativeFamilyContractDescriptor { representation_path: ".candidate0.state.relation0.subtype", value_kind: "value/text", maximum_bytes: 32, constraints: &[
        ] },
        conduit_plot::rust_binding::NativeFamilyContractDescriptor { representation_path: ".candidate0.state.relation1.subtype", value_kind: "value/text", maximum_bytes: 32, constraints: &[
        ] },
        conduit_plot::rust_binding::NativeFamilyContractDescriptor { representation_path: ".candidate0.state.relation2.subtype", value_kind: "value/text", maximum_bytes: 32, constraints: &[
        ] },
        conduit_plot::rust_binding::NativeFamilyContractDescriptor { representation_path: ".candidate0.state.relation3.subtype", value_kind: "value/text", maximum_bytes: 32, constraints: &[
        ] },
        conduit_plot::rust_binding::NativeFamilyContractDescriptor { representation_path: ".candidate0.state.relation4.subtype", value_kind: "value/text", maximum_bytes: 32, constraints: &[
        ] },
        conduit_plot::rust_binding::NativeFamilyContractDescriptor { representation_path: ".candidate0.state.relation5.subtype", value_kind: "value/text", maximum_bytes: 32, constraints: &[
        ] },
        conduit_plot::rust_binding::NativeFamilyContractDescriptor { representation_path: ".candidate0.state.relation6.subtype", value_kind: "value/text", maximum_bytes: 32, constraints: &[
        ] },
        conduit_plot::rust_binding::NativeFamilyContractDescriptor { representation_path: ".candidate0.state.relation7.subtype", value_kind: "value/text", maximum_bytes: 32, constraints: &[
        ] },
        conduit_plot::rust_binding::NativeFamilyContractDescriptor { representation_path: ".candidate1.state.basis.text", value_kind: "value/text", maximum_bytes: 64, constraints: &[
            conduit_plot::rust_binding::NativeFamilyConstraintDescriptor::CanonicalMembership { members: &[&[]], negated: true },
        ] },
        conduit_plot::rust_binding::NativeFamilyContractDescriptor { representation_path: ".candidate1.state.basis.source_revision", value_kind: "value/text", maximum_bytes: 64, constraints: &[
            conduit_plot::rust_binding::NativeFamilyConstraintDescriptor::CanonicalMembership { members: &[&[]], negated: true },
        ] },
        conduit_plot::rust_binding::NativeFamilyContractDescriptor { representation_path: ".candidate1.state.basis.analysis_revision", value_kind: "value/text", maximum_bytes: 64, constraints: &[
            conduit_plot::rust_binding::NativeFamilyConstraintDescriptor::CanonicalMembership { members: &[&[]], negated: true },
        ] },
        conduit_plot::rust_binding::NativeFamilyContractDescriptor { representation_path: ".candidate1.state.relation0.subtype", value_kind: "value/text", maximum_bytes: 32, constraints: &[
        ] },
        conduit_plot::rust_binding::NativeFamilyContractDescriptor { representation_path: ".candidate1.state.relation1.subtype", value_kind: "value/text", maximum_bytes: 32, constraints: &[
        ] },
        conduit_plot::rust_binding::NativeFamilyContractDescriptor { representation_path: ".candidate1.state.relation2.subtype", value_kind: "value/text", maximum_bytes: 32, constraints: &[
        ] },
        conduit_plot::rust_binding::NativeFamilyContractDescriptor { representation_path: ".candidate1.state.relation3.subtype", value_kind: "value/text", maximum_bytes: 32, constraints: &[
        ] },
        conduit_plot::rust_binding::NativeFamilyContractDescriptor { representation_path: ".candidate1.state.relation4.subtype", value_kind: "value/text", maximum_bytes: 32, constraints: &[
        ] },
        conduit_plot::rust_binding::NativeFamilyContractDescriptor { representation_path: ".candidate1.state.relation5.subtype", value_kind: "value/text", maximum_bytes: 32, constraints: &[
        ] },
        conduit_plot::rust_binding::NativeFamilyContractDescriptor { representation_path: ".candidate1.state.relation6.subtype", value_kind: "value/text", maximum_bytes: 32, constraints: &[
        ] },
        conduit_plot::rust_binding::NativeFamilyContractDescriptor { representation_path: ".candidate1.state.relation7.subtype", value_kind: "value/text", maximum_bytes: 32, constraints: &[
        ] },
        conduit_plot::rust_binding::NativeFamilyContractDescriptor { representation_path: ".candidate2.state.basis.text", value_kind: "value/text", maximum_bytes: 64, constraints: &[
            conduit_plot::rust_binding::NativeFamilyConstraintDescriptor::CanonicalMembership { members: &[&[]], negated: true },
        ] },
        conduit_plot::rust_binding::NativeFamilyContractDescriptor { representation_path: ".candidate2.state.basis.source_revision", value_kind: "value/text", maximum_bytes: 64, constraints: &[
            conduit_plot::rust_binding::NativeFamilyConstraintDescriptor::CanonicalMembership { members: &[&[]], negated: true },
        ] },
        conduit_plot::rust_binding::NativeFamilyContractDescriptor { representation_path: ".candidate2.state.basis.analysis_revision", value_kind: "value/text", maximum_bytes: 64, constraints: &[
            conduit_plot::rust_binding::NativeFamilyConstraintDescriptor::CanonicalMembership { members: &[&[]], negated: true },
        ] },
        conduit_plot::rust_binding::NativeFamilyContractDescriptor { representation_path: ".candidate2.state.relation0.subtype", value_kind: "value/text", maximum_bytes: 32, constraints: &[
        ] },
        conduit_plot::rust_binding::NativeFamilyContractDescriptor { representation_path: ".candidate2.state.relation1.subtype", value_kind: "value/text", maximum_bytes: 32, constraints: &[
        ] },
        conduit_plot::rust_binding::NativeFamilyContractDescriptor { representation_path: ".candidate2.state.relation2.subtype", value_kind: "value/text", maximum_bytes: 32, constraints: &[
        ] },
        conduit_plot::rust_binding::NativeFamilyContractDescriptor { representation_path: ".candidate2.state.relation3.subtype", value_kind: "value/text", maximum_bytes: 32, constraints: &[
        ] },
        conduit_plot::rust_binding::NativeFamilyContractDescriptor { representation_path: ".candidate2.state.relation4.subtype", value_kind: "value/text", maximum_bytes: 32, constraints: &[
        ] },
        conduit_plot::rust_binding::NativeFamilyContractDescriptor { representation_path: ".candidate2.state.relation5.subtype", value_kind: "value/text", maximum_bytes: 32, constraints: &[
        ] },
        conduit_plot::rust_binding::NativeFamilyContractDescriptor { representation_path: ".candidate2.state.relation6.subtype", value_kind: "value/text", maximum_bytes: 32, constraints: &[
        ] },
        conduit_plot::rust_binding::NativeFamilyContractDescriptor { representation_path: ".candidate2.state.relation7.subtype", value_kind: "value/text", maximum_bytes: 32, constraints: &[
        ] },
        conduit_plot::rust_binding::NativeFamilyContractDescriptor { representation_path: ".candidate3.state.basis.text", value_kind: "value/text", maximum_bytes: 64, constraints: &[
            conduit_plot::rust_binding::NativeFamilyConstraintDescriptor::CanonicalMembership { members: &[&[]], negated: true },
        ] },
        conduit_plot::rust_binding::NativeFamilyContractDescriptor { representation_path: ".candidate3.state.basis.source_revision", value_kind: "value/text", maximum_bytes: 64, constraints: &[
            conduit_plot::rust_binding::NativeFamilyConstraintDescriptor::CanonicalMembership { members: &[&[]], negated: true },
        ] },
        conduit_plot::rust_binding::NativeFamilyContractDescriptor { representation_path: ".candidate3.state.basis.analysis_revision", value_kind: "value/text", maximum_bytes: 64, constraints: &[
            conduit_plot::rust_binding::NativeFamilyConstraintDescriptor::CanonicalMembership { members: &[&[]], negated: true },
        ] },
        conduit_plot::rust_binding::NativeFamilyContractDescriptor { representation_path: ".candidate3.state.relation0.subtype", value_kind: "value/text", maximum_bytes: 32, constraints: &[
        ] },
        conduit_plot::rust_binding::NativeFamilyContractDescriptor { representation_path: ".candidate3.state.relation1.subtype", value_kind: "value/text", maximum_bytes: 32, constraints: &[
        ] },
        conduit_plot::rust_binding::NativeFamilyContractDescriptor { representation_path: ".candidate3.state.relation2.subtype", value_kind: "value/text", maximum_bytes: 32, constraints: &[
        ] },
        conduit_plot::rust_binding::NativeFamilyContractDescriptor { representation_path: ".candidate3.state.relation3.subtype", value_kind: "value/text", maximum_bytes: 32, constraints: &[
        ] },
        conduit_plot::rust_binding::NativeFamilyContractDescriptor { representation_path: ".candidate3.state.relation4.subtype", value_kind: "value/text", maximum_bytes: 32, constraints: &[
        ] },
        conduit_plot::rust_binding::NativeFamilyContractDescriptor { representation_path: ".candidate3.state.relation5.subtype", value_kind: "value/text", maximum_bytes: 32, constraints: &[
        ] },
        conduit_plot::rust_binding::NativeFamilyContractDescriptor { representation_path: ".candidate3.state.relation6.subtype", value_kind: "value/text", maximum_bytes: 32, constraints: &[
        ] },
        conduit_plot::rust_binding::NativeFamilyContractDescriptor { representation_path: ".candidate3.state.relation7.subtype", value_kind: "value/text", maximum_bytes: 32, constraints: &[
        ] },
    ],
    children: &[&LanguageParserWindow8RawHypothesis_PREPARED_NATIVE_DESCRIPTOR],
    external_edges: &[],
    conversion_profile: conduit_plot::rust_binding::NativeFamilyConversionProfile::Record,
    maximum_inline_bytes: {
        let mut largest = core::mem::size_of::<LanguageParserWindow8RawBeam>();
        if core::mem::size_of::<u64>() > largest { largest = core::mem::size_of::<u64>(); }
        if core::mem::size_of::<u64>() > largest { largest = core::mem::size_of::<u64>(); }
        if core::mem::size_of::<u64>() > largest { largest = core::mem::size_of::<u64>(); }
        if core::mem::size_of::<u64>() > largest { largest = core::mem::size_of::<u64>(); }
        if core::mem::size_of::<u64>() > largest { largest = core::mem::size_of::<u64>(); }
        if core::mem::size_of::<u64>() > largest { largest = core::mem::size_of::<u64>(); }
        if core::mem::size_of::<u64>() > largest { largest = core::mem::size_of::<u64>(); }
        if core::mem::size_of::<u64>() > largest { largest = core::mem::size_of::<u64>(); }
        if core::mem::size_of::<u64>() > largest { largest = core::mem::size_of::<u64>(); }
        if core::mem::size_of::<u64>() > largest { largest = core::mem::size_of::<u64>(); }
        if core::mem::size_of::<u64>() > largest { largest = core::mem::size_of::<u64>(); }
        if core::mem::size_of::<u64>() > largest { largest = core::mem::size_of::<u64>(); }
        largest
    },
};
impl conduit_plot::rust_binding::PreparedNativeRustBinding for LanguageParserWindow8RawBeam {
    const PREPARED_DESCRIPTOR: &'static conduit_plot::rust_binding::NativeFamilyTypeDescriptor = &LanguageParserWindow8RawBeam_PREPARED_NATIVE_DESCRIPTOR;
    fn from_borrowed_prepared(value: conduit_core::ValidatedCanonicalStructuredValue<'_>, family: &mut conduit_plot::rust_binding::PreparedNativeFamily) -> Result<Self, NativeBindingRefusal> {
        family.check_type(Self::PREPARED_DESCRIPTOR, value)?;
        let __conduit_prepared_field_0 = <LanguageParserWindow8RawHypothesis as conduit_plot::rust_binding::PreparedNativeRustBinding>::from_borrowed_prepared(value.record_field("candidate0").map_err(NativeBindingRefusal::InvalidValue)?.ok_or(NativeBindingRefusal::InvalidValue(conduit_core::StructuredInfoRefusal::WrongType))?, family)?;
        let __conduit_prepared_field_1 = <LanguageParserWindow8RawHypothesis as conduit_plot::rust_binding::PreparedNativeRustBinding>::from_borrowed_prepared(value.record_field("candidate1").map_err(NativeBindingRefusal::InvalidValue)?.ok_or(NativeBindingRefusal::InvalidValue(conduit_core::StructuredInfoRefusal::WrongType))?, family)?;
        let __conduit_prepared_field_2 = <LanguageParserWindow8RawHypothesis as conduit_plot::rust_binding::PreparedNativeRustBinding>::from_borrowed_prepared(value.record_field("candidate2").map_err(NativeBindingRefusal::InvalidValue)?.ok_or(NativeBindingRefusal::InvalidValue(conduit_core::StructuredInfoRefusal::WrongType))?, family)?;
        let __conduit_prepared_field_3 = <LanguageParserWindow8RawHypothesis as conduit_plot::rust_binding::PreparedNativeRustBinding>::from_borrowed_prepared(value.record_field("candidate3").map_err(NativeBindingRefusal::InvalidValue)?.ok_or(NativeBindingRefusal::InvalidValue(conduit_core::StructuredInfoRefusal::WrongType))?, family)?;
        family.validate(Self::PREPARED_DESCRIPTOR, value)?;
        Ok(Self { candidate0: __conduit_prepared_field_0, candidate1: __conduit_prepared_field_1, candidate2: __conduit_prepared_field_2, candidate3: __conduit_prepared_field_3 })
    }
    fn from_borrowed_prepared_with_children(value: conduit_core::ValidatedCanonicalStructuredValue<'_>, family: &mut conduit_plot::rust_binding::PreparedNativeFamily, scope: &conduit_plot::rust_binding::NativeChildAdmissionScope<'_>) -> Result<Self, NativeBindingRefusal> {
        family.check_type(Self::PREPARED_DESCRIPTOR, value)?;
        let __conduit_node_scope = scope.for_node(family, Self::PREPARED_DESCRIPTOR, value)?;
        let __conduit_child_scope = __conduit_node_scope.child_scope()?;
        let __conduit_prepared_field_0 = <LanguageParserWindow8RawHypothesis as conduit_plot::rust_binding::PreparedNativeRustBinding>::from_borrowed_prepared_with_children(value.record_field("candidate0").map_err(NativeBindingRefusal::InvalidValue)?.ok_or(NativeBindingRefusal::InvalidValue(conduit_core::StructuredInfoRefusal::WrongType))?, family, &__conduit_child_scope)?;
        let __conduit_prepared_field_1 = <LanguageParserWindow8RawHypothesis as conduit_plot::rust_binding::PreparedNativeRustBinding>::from_borrowed_prepared_with_children(value.record_field("candidate1").map_err(NativeBindingRefusal::InvalidValue)?.ok_or(NativeBindingRefusal::InvalidValue(conduit_core::StructuredInfoRefusal::WrongType))?, family, &__conduit_child_scope)?;
        let __conduit_prepared_field_2 = <LanguageParserWindow8RawHypothesis as conduit_plot::rust_binding::PreparedNativeRustBinding>::from_borrowed_prepared_with_children(value.record_field("candidate2").map_err(NativeBindingRefusal::InvalidValue)?.ok_or(NativeBindingRefusal::InvalidValue(conduit_core::StructuredInfoRefusal::WrongType))?, family, &__conduit_child_scope)?;
        let __conduit_prepared_field_3 = <LanguageParserWindow8RawHypothesis as conduit_plot::rust_binding::PreparedNativeRustBinding>::from_borrowed_prepared_with_children(value.record_field("candidate3").map_err(NativeBindingRefusal::InvalidValue)?.ok_or(NativeBindingRefusal::InvalidValue(conduit_core::StructuredInfoRefusal::WrongType))?, family, &__conduit_child_scope)?;
        if __conduit_node_scope.requires_validation() { family.validate(Self::PREPARED_DESCRIPTOR, value)?; }
        Ok(Self { candidate0: __conduit_prepared_field_0, candidate1: __conduit_prepared_field_1, candidate2: __conduit_prepared_field_2, candidate3: __conduit_prepared_field_3 })
    }

}

#[allow(non_upper_case_globals)]
pub static LanguageParserWindow8RawHypothesis_PREPARED_NATIVE_DESCRIPTOR: conduit_plot::rust_binding::NativeFamilyTypeDescriptor = conduit_plot::rust_binding::NativeFamilyTypeDescriptor {
    type_bytes: LANGUAGEPARSERWINDOW8RAWHYPOTHESIS_SEMANTIC_TYPE,
    laws: LanguageParserWindow8RawHypothesis_PREPARED_NATIVE_LAWS,
    contracts: &[
        conduit_plot::rust_binding::NativeFamilyContractDescriptor { representation_path: ".state.basis.text", value_kind: "value/text", maximum_bytes: 64, constraints: &[
            conduit_plot::rust_binding::NativeFamilyConstraintDescriptor::CanonicalMembership { members: &[&[]], negated: true },
        ] },
        conduit_plot::rust_binding::NativeFamilyContractDescriptor { representation_path: ".state.basis.source_revision", value_kind: "value/text", maximum_bytes: 64, constraints: &[
            conduit_plot::rust_binding::NativeFamilyConstraintDescriptor::CanonicalMembership { members: &[&[]], negated: true },
        ] },
        conduit_plot::rust_binding::NativeFamilyContractDescriptor { representation_path: ".state.basis.analysis_revision", value_kind: "value/text", maximum_bytes: 64, constraints: &[
            conduit_plot::rust_binding::NativeFamilyConstraintDescriptor::CanonicalMembership { members: &[&[]], negated: true },
        ] },
        conduit_plot::rust_binding::NativeFamilyContractDescriptor { representation_path: ".state.relation0.subtype", value_kind: "value/text", maximum_bytes: 32, constraints: &[
        ] },
        conduit_plot::rust_binding::NativeFamilyContractDescriptor { representation_path: ".state.relation1.subtype", value_kind: "value/text", maximum_bytes: 32, constraints: &[
        ] },
        conduit_plot::rust_binding::NativeFamilyContractDescriptor { representation_path: ".state.relation2.subtype", value_kind: "value/text", maximum_bytes: 32, constraints: &[
        ] },
        conduit_plot::rust_binding::NativeFamilyContractDescriptor { representation_path: ".state.relation3.subtype", value_kind: "value/text", maximum_bytes: 32, constraints: &[
        ] },
        conduit_plot::rust_binding::NativeFamilyContractDescriptor { representation_path: ".state.relation4.subtype", value_kind: "value/text", maximum_bytes: 32, constraints: &[
        ] },
        conduit_plot::rust_binding::NativeFamilyContractDescriptor { representation_path: ".state.relation5.subtype", value_kind: "value/text", maximum_bytes: 32, constraints: &[
        ] },
        conduit_plot::rust_binding::NativeFamilyContractDescriptor { representation_path: ".state.relation6.subtype", value_kind: "value/text", maximum_bytes: 32, constraints: &[
        ] },
        conduit_plot::rust_binding::NativeFamilyContractDescriptor { representation_path: ".state.relation7.subtype", value_kind: "value/text", maximum_bytes: 32, constraints: &[
        ] },
    ],
    children: &[&LanguageParserWindow8RawState_PREPARED_NATIVE_DESCRIPTOR],
    external_edges: &[],
    conversion_profile: conduit_plot::rust_binding::NativeFamilyConversionProfile::Record,
    maximum_inline_bytes: {
        let mut largest = core::mem::size_of::<LanguageParserWindow8RawHypothesis>();
        if core::mem::size_of::<u64>() > largest { largest = core::mem::size_of::<u64>(); }
        if core::mem::size_of::<u64>() > largest { largest = core::mem::size_of::<u64>(); }
        if core::mem::size_of::<u64>() > largest { largest = core::mem::size_of::<u64>(); }
        largest
    },
};
impl conduit_plot::rust_binding::PreparedNativeRustBinding for LanguageParserWindow8RawHypothesis {
    const PREPARED_DESCRIPTOR: &'static conduit_plot::rust_binding::NativeFamilyTypeDescriptor = &LanguageParserWindow8RawHypothesis_PREPARED_NATIVE_DESCRIPTOR;
    fn from_borrowed_prepared(value: conduit_core::ValidatedCanonicalStructuredValue<'_>, family: &mut conduit_plot::rust_binding::PreparedNativeFamily) -> Result<Self, NativeBindingRefusal> {
        family.check_type(Self::PREPARED_DESCRIPTOR, value)?;
        let __conduit_prepared_field_0 = { let leaf = value.record_field("active").map_err(NativeBindingRefusal::InvalidValue)?.ok_or(NativeBindingRefusal::InvalidValue(conduit_core::StructuredInfoRefusal::WrongType))?; let (_, bytes) = leaf.primitive().map_err(NativeBindingRefusal::InvalidValue)?; <bool as conduit_plot::rust_binding::NativePrimitive>::decode_primitive(bytes).ok_or(NativeBindingRefusal::InvalidValue(conduit_core::StructuredInfoRefusal::WrongType))? };
        let __conduit_prepared_field_1 = { let collection = value.record_field("choices").map_err(NativeBindingRefusal::InvalidValue)?.ok_or(NativeBindingRefusal::InvalidValue(conduit_core::StructuredInfoRefusal::WrongType))?; let mut result = Vec::with_capacity(8); for item in collection.collection_elements().map_err(NativeBindingRefusal::InvalidValue)? { let item = item.map_err(NativeBindingRefusal::InvalidValue)?; result.push({ let leaf = item; let (_, bytes) = leaf.primitive().map_err(NativeBindingRefusal::InvalidValue)?; <u64 as conduit_plot::rust_binding::NativePrimitive>::decode_primitive(bytes).ok_or(NativeBindingRefusal::InvalidValue(conduit_core::StructuredInfoRefusal::WrongType))? }); } let result: [u64; 8] = result.try_into().map_err(|_| NativeBindingRefusal::InvalidValue(conduit_core::StructuredInfoRefusal::WrongCollectionLength))?; result };
        let __conduit_prepared_field_2 = { let leaf = value.record_field("identity").map_err(NativeBindingRefusal::InvalidValue)?.ok_or(NativeBindingRefusal::InvalidValue(conduit_core::StructuredInfoRefusal::WrongType))?; let (_, bytes) = leaf.primitive().map_err(NativeBindingRefusal::InvalidValue)?; <u64 as conduit_plot::rust_binding::NativePrimitive>::decode_primitive(bytes).ok_or(NativeBindingRefusal::InvalidValue(conduit_core::StructuredInfoRefusal::WrongType))? };
        let __conduit_prepared_field_3 = { let leaf = value.record_field("score").map_err(NativeBindingRefusal::InvalidValue)?.ok_or(NativeBindingRefusal::InvalidValue(conduit_core::StructuredInfoRefusal::WrongType))?; let (_, bytes) = leaf.primitive().map_err(NativeBindingRefusal::InvalidValue)?; <i64 as conduit_plot::rust_binding::NativePrimitive>::decode_primitive(bytes).ok_or(NativeBindingRefusal::InvalidValue(conduit_core::StructuredInfoRefusal::WrongType))? };
        let __conduit_prepared_field_4 = { let leaf = value.record_field("selected").map_err(NativeBindingRefusal::InvalidValue)?.ok_or(NativeBindingRefusal::InvalidValue(conduit_core::StructuredInfoRefusal::WrongType))?; let (_, bytes) = leaf.primitive().map_err(NativeBindingRefusal::InvalidValue)?; <u64 as conduit_plot::rust_binding::NativePrimitive>::decode_primitive(bytes).ok_or(NativeBindingRefusal::InvalidValue(conduit_core::StructuredInfoRefusal::WrongType))? };
        let __conduit_prepared_field_5 = <LanguageParserWindow8RawState as conduit_plot::rust_binding::PreparedNativeRustBinding>::from_borrowed_prepared(value.record_field("state").map_err(NativeBindingRefusal::InvalidValue)?.ok_or(NativeBindingRefusal::InvalidValue(conduit_core::StructuredInfoRefusal::WrongType))?, family)?;
        family.validate(Self::PREPARED_DESCRIPTOR, value)?;
        Ok(Self { active: __conduit_prepared_field_0, choices: __conduit_prepared_field_1, identity: __conduit_prepared_field_2, score: __conduit_prepared_field_3, selected: __conduit_prepared_field_4, state: __conduit_prepared_field_5 })
    }
    fn from_borrowed_prepared_with_children(value: conduit_core::ValidatedCanonicalStructuredValue<'_>, family: &mut conduit_plot::rust_binding::PreparedNativeFamily, scope: &conduit_plot::rust_binding::NativeChildAdmissionScope<'_>) -> Result<Self, NativeBindingRefusal> {
        family.check_type(Self::PREPARED_DESCRIPTOR, value)?;
        let __conduit_node_scope = scope.for_node(family, Self::PREPARED_DESCRIPTOR, value)?;
        let __conduit_child_scope = __conduit_node_scope.child_scope()?;
        let __conduit_prepared_field_0 = { let leaf = value.record_field("active").map_err(NativeBindingRefusal::InvalidValue)?.ok_or(NativeBindingRefusal::InvalidValue(conduit_core::StructuredInfoRefusal::WrongType))?; let (_, bytes) = leaf.primitive().map_err(NativeBindingRefusal::InvalidValue)?; <bool as conduit_plot::rust_binding::NativePrimitive>::decode_primitive(bytes).ok_or(NativeBindingRefusal::InvalidValue(conduit_core::StructuredInfoRefusal::WrongType))? };
        let __conduit_prepared_field_1 = { let collection = value.record_field("choices").map_err(NativeBindingRefusal::InvalidValue)?.ok_or(NativeBindingRefusal::InvalidValue(conduit_core::StructuredInfoRefusal::WrongType))?; let mut result = Vec::with_capacity(8); for item in collection.collection_elements().map_err(NativeBindingRefusal::InvalidValue)? { let item = item.map_err(NativeBindingRefusal::InvalidValue)?; result.push({ let leaf = item; let (_, bytes) = leaf.primitive().map_err(NativeBindingRefusal::InvalidValue)?; <u64 as conduit_plot::rust_binding::NativePrimitive>::decode_primitive(bytes).ok_or(NativeBindingRefusal::InvalidValue(conduit_core::StructuredInfoRefusal::WrongType))? }); } let result: [u64; 8] = result.try_into().map_err(|_| NativeBindingRefusal::InvalidValue(conduit_core::StructuredInfoRefusal::WrongCollectionLength))?; result };
        let __conduit_prepared_field_2 = { let leaf = value.record_field("identity").map_err(NativeBindingRefusal::InvalidValue)?.ok_or(NativeBindingRefusal::InvalidValue(conduit_core::StructuredInfoRefusal::WrongType))?; let (_, bytes) = leaf.primitive().map_err(NativeBindingRefusal::InvalidValue)?; <u64 as conduit_plot::rust_binding::NativePrimitive>::decode_primitive(bytes).ok_or(NativeBindingRefusal::InvalidValue(conduit_core::StructuredInfoRefusal::WrongType))? };
        let __conduit_prepared_field_3 = { let leaf = value.record_field("score").map_err(NativeBindingRefusal::InvalidValue)?.ok_or(NativeBindingRefusal::InvalidValue(conduit_core::StructuredInfoRefusal::WrongType))?; let (_, bytes) = leaf.primitive().map_err(NativeBindingRefusal::InvalidValue)?; <i64 as conduit_plot::rust_binding::NativePrimitive>::decode_primitive(bytes).ok_or(NativeBindingRefusal::InvalidValue(conduit_core::StructuredInfoRefusal::WrongType))? };
        let __conduit_prepared_field_4 = { let leaf = value.record_field("selected").map_err(NativeBindingRefusal::InvalidValue)?.ok_or(NativeBindingRefusal::InvalidValue(conduit_core::StructuredInfoRefusal::WrongType))?; let (_, bytes) = leaf.primitive().map_err(NativeBindingRefusal::InvalidValue)?; <u64 as conduit_plot::rust_binding::NativePrimitive>::decode_primitive(bytes).ok_or(NativeBindingRefusal::InvalidValue(conduit_core::StructuredInfoRefusal::WrongType))? };
        let __conduit_prepared_field_5 = <LanguageParserWindow8RawState as conduit_plot::rust_binding::PreparedNativeRustBinding>::from_borrowed_prepared_with_children(value.record_field("state").map_err(NativeBindingRefusal::InvalidValue)?.ok_or(NativeBindingRefusal::InvalidValue(conduit_core::StructuredInfoRefusal::WrongType))?, family, &__conduit_child_scope)?;
        if __conduit_node_scope.requires_validation() { family.validate(Self::PREPARED_DESCRIPTOR, value)?; }
        Ok(Self { active: __conduit_prepared_field_0, choices: __conduit_prepared_field_1, identity: __conduit_prepared_field_2, score: __conduit_prepared_field_3, selected: __conduit_prepared_field_4, state: __conduit_prepared_field_5 })
    }

}

#[allow(non_upper_case_globals)]
pub static LanguageParserWindow8RawState_PREPARED_NATIVE_DESCRIPTOR: conduit_plot::rust_binding::NativeFamilyTypeDescriptor = conduit_plot::rust_binding::NativeFamilyTypeDescriptor {
    type_bytes: LANGUAGEPARSERWINDOW8RAWSTATE_SEMANTIC_TYPE,
    laws: LanguageParserWindow8RawState_PREPARED_NATIVE_LAWS,
    contracts: &[
        conduit_plot::rust_binding::NativeFamilyContractDescriptor { representation_path: ".basis.text", value_kind: "value/text", maximum_bytes: 64, constraints: &[
            conduit_plot::rust_binding::NativeFamilyConstraintDescriptor::CanonicalMembership { members: &[&[]], negated: true },
        ] },
        conduit_plot::rust_binding::NativeFamilyContractDescriptor { representation_path: ".basis.source_revision", value_kind: "value/text", maximum_bytes: 64, constraints: &[
            conduit_plot::rust_binding::NativeFamilyConstraintDescriptor::CanonicalMembership { members: &[&[]], negated: true },
        ] },
        conduit_plot::rust_binding::NativeFamilyContractDescriptor { representation_path: ".basis.analysis_revision", value_kind: "value/text", maximum_bytes: 64, constraints: &[
            conduit_plot::rust_binding::NativeFamilyConstraintDescriptor::CanonicalMembership { members: &[&[]], negated: true },
        ] },
        conduit_plot::rust_binding::NativeFamilyContractDescriptor { representation_path: ".relation0.subtype", value_kind: "value/text", maximum_bytes: 32, constraints: &[
        ] },
        conduit_plot::rust_binding::NativeFamilyContractDescriptor { representation_path: ".relation1.subtype", value_kind: "value/text", maximum_bytes: 32, constraints: &[
        ] },
        conduit_plot::rust_binding::NativeFamilyContractDescriptor { representation_path: ".relation2.subtype", value_kind: "value/text", maximum_bytes: 32, constraints: &[
        ] },
        conduit_plot::rust_binding::NativeFamilyContractDescriptor { representation_path: ".relation3.subtype", value_kind: "value/text", maximum_bytes: 32, constraints: &[
        ] },
        conduit_plot::rust_binding::NativeFamilyContractDescriptor { representation_path: ".relation4.subtype", value_kind: "value/text", maximum_bytes: 32, constraints: &[
        ] },
        conduit_plot::rust_binding::NativeFamilyContractDescriptor { representation_path: ".relation5.subtype", value_kind: "value/text", maximum_bytes: 32, constraints: &[
        ] },
        conduit_plot::rust_binding::NativeFamilyContractDescriptor { representation_path: ".relation6.subtype", value_kind: "value/text", maximum_bytes: 32, constraints: &[
        ] },
        conduit_plot::rust_binding::NativeFamilyContractDescriptor { representation_path: ".relation7.subtype", value_kind: "value/text", maximum_bytes: 32, constraints: &[
        ] },
    ],
    children: &[&LanguageParserBasis_PREPARED_NATIVE_DESCRIPTOR, &LanguageParserRelation_PREPARED_NATIVE_DESCRIPTOR],
    external_edges: &[],
    conversion_profile: conduit_plot::rust_binding::NativeFamilyConversionProfile::Record,
    maximum_inline_bytes: {
        let mut largest = core::mem::size_of::<LanguageParserWindow8RawState>();
        if core::mem::size_of::<u64>() > largest { largest = core::mem::size_of::<u64>(); }
        if core::mem::size_of::<u64>() > largest { largest = core::mem::size_of::<u64>(); }
        largest
    },
};
impl conduit_plot::rust_binding::PreparedNativeRustBinding for LanguageParserWindow8RawState {
    const PREPARED_DESCRIPTOR: &'static conduit_plot::rust_binding::NativeFamilyTypeDescriptor = &LanguageParserWindow8RawState_PREPARED_NATIVE_DESCRIPTOR;
    fn from_borrowed_prepared(value: conduit_core::ValidatedCanonicalStructuredValue<'_>, family: &mut conduit_plot::rust_binding::PreparedNativeFamily) -> Result<Self, NativeBindingRefusal> {
        family.check_type(Self::PREPARED_DESCRIPTOR, value)?;
        let __conduit_prepared_field_0 = <LanguageParserBasis as conduit_plot::rust_binding::PreparedNativeRustBinding>::from_borrowed_prepared(value.record_field("basis").map_err(NativeBindingRefusal::InvalidValue)?.ok_or(NativeBindingRefusal::InvalidValue(conduit_core::StructuredInfoRefusal::WrongType))?, family)?;
        let __conduit_prepared_field_1 = { let leaf = value.record_field("committed").map_err(NativeBindingRefusal::InvalidValue)?.ok_or(NativeBindingRefusal::InvalidValue(conduit_core::StructuredInfoRefusal::WrongType))?; let (_, bytes) = leaf.primitive().map_err(NativeBindingRefusal::InvalidValue)?; <u64 as conduit_plot::rust_binding::NativePrimitive>::decode_primitive(bytes).ok_or(NativeBindingRefusal::InvalidValue(conduit_core::StructuredInfoRefusal::WrongType))? };
        let __conduit_prepared_field_2 = { let leaf = value.record_field("depth").map_err(NativeBindingRefusal::InvalidValue)?.ok_or(NativeBindingRefusal::InvalidValue(conduit_core::StructuredInfoRefusal::WrongType))?; let (_, bytes) = leaf.primitive().map_err(NativeBindingRefusal::InvalidValue)?; <u64 as conduit_plot::rust_binding::NativePrimitive>::decode_primitive(bytes).ok_or(NativeBindingRefusal::InvalidValue(conduit_core::StructuredInfoRefusal::WrongType))? };
        let __conduit_prepared_field_3 = { let collection = value.record_field("heads").map_err(NativeBindingRefusal::InvalidValue)?.ok_or(NativeBindingRefusal::InvalidValue(conduit_core::StructuredInfoRefusal::WrongType))?; let mut result = Vec::with_capacity(9); for item in collection.collection_elements().map_err(NativeBindingRefusal::InvalidValue)? { let item = item.map_err(NativeBindingRefusal::InvalidValue)?; result.push({ let leaf = item; let (_, bytes) = leaf.primitive().map_err(NativeBindingRefusal::InvalidValue)?; <u64 as conduit_plot::rust_binding::NativePrimitive>::decode_primitive(bytes).ok_or(NativeBindingRefusal::InvalidValue(conduit_core::StructuredInfoRefusal::WrongType))? }); } let result: [u64; 9] = result.try_into().map_err(|_| NativeBindingRefusal::InvalidValue(conduit_core::StructuredInfoRefusal::WrongCollectionLength))?; result };
        let __conduit_prepared_field_4 = <LanguageParserRelation as conduit_plot::rust_binding::PreparedNativeRustBinding>::from_borrowed_prepared(value.record_field("relation0").map_err(NativeBindingRefusal::InvalidValue)?.ok_or(NativeBindingRefusal::InvalidValue(conduit_core::StructuredInfoRefusal::WrongType))?, family)?;
        let __conduit_prepared_field_5 = <LanguageParserRelation as conduit_plot::rust_binding::PreparedNativeRustBinding>::from_borrowed_prepared(value.record_field("relation1").map_err(NativeBindingRefusal::InvalidValue)?.ok_or(NativeBindingRefusal::InvalidValue(conduit_core::StructuredInfoRefusal::WrongType))?, family)?;
        let __conduit_prepared_field_6 = <LanguageParserRelation as conduit_plot::rust_binding::PreparedNativeRustBinding>::from_borrowed_prepared(value.record_field("relation2").map_err(NativeBindingRefusal::InvalidValue)?.ok_or(NativeBindingRefusal::InvalidValue(conduit_core::StructuredInfoRefusal::WrongType))?, family)?;
        let __conduit_prepared_field_7 = <LanguageParserRelation as conduit_plot::rust_binding::PreparedNativeRustBinding>::from_borrowed_prepared(value.record_field("relation3").map_err(NativeBindingRefusal::InvalidValue)?.ok_or(NativeBindingRefusal::InvalidValue(conduit_core::StructuredInfoRefusal::WrongType))?, family)?;
        let __conduit_prepared_field_8 = <LanguageParserRelation as conduit_plot::rust_binding::PreparedNativeRustBinding>::from_borrowed_prepared(value.record_field("relation4").map_err(NativeBindingRefusal::InvalidValue)?.ok_or(NativeBindingRefusal::InvalidValue(conduit_core::StructuredInfoRefusal::WrongType))?, family)?;
        let __conduit_prepared_field_9 = <LanguageParserRelation as conduit_plot::rust_binding::PreparedNativeRustBinding>::from_borrowed_prepared(value.record_field("relation5").map_err(NativeBindingRefusal::InvalidValue)?.ok_or(NativeBindingRefusal::InvalidValue(conduit_core::StructuredInfoRefusal::WrongType))?, family)?;
        let __conduit_prepared_field_10 = <LanguageParserRelation as conduit_plot::rust_binding::PreparedNativeRustBinding>::from_borrowed_prepared(value.record_field("relation6").map_err(NativeBindingRefusal::InvalidValue)?.ok_or(NativeBindingRefusal::InvalidValue(conduit_core::StructuredInfoRefusal::WrongType))?, family)?;
        let __conduit_prepared_field_11 = <LanguageParserRelation as conduit_plot::rust_binding::PreparedNativeRustBinding>::from_borrowed_prepared(value.record_field("relation7").map_err(NativeBindingRefusal::InvalidValue)?.ok_or(NativeBindingRefusal::InvalidValue(conduit_core::StructuredInfoRefusal::WrongType))?, family)?;
        let __conduit_prepared_field_12 = { let collection = value.record_field("stack").map_err(NativeBindingRefusal::InvalidValue)?.ok_or(NativeBindingRefusal::InvalidValue(conduit_core::StructuredInfoRefusal::WrongType))?; let mut result = Vec::with_capacity(9); for item in collection.collection_elements().map_err(NativeBindingRefusal::InvalidValue)? { let item = item.map_err(NativeBindingRefusal::InvalidValue)?; result.push({ let leaf = item; let (_, bytes) = leaf.primitive().map_err(NativeBindingRefusal::InvalidValue)?; <u64 as conduit_plot::rust_binding::NativePrimitive>::decode_primitive(bytes).ok_or(NativeBindingRefusal::InvalidValue(conduit_core::StructuredInfoRefusal::WrongType))? }); } let result: [u64; 9] = result.try_into().map_err(|_| NativeBindingRefusal::InvalidValue(conduit_core::StructuredInfoRefusal::WrongCollectionLength))?; result };
        let __conduit_prepared_field_13 = { let leaf = value.record_field("token_count").map_err(NativeBindingRefusal::InvalidValue)?.ok_or(NativeBindingRefusal::InvalidValue(conduit_core::StructuredInfoRefusal::WrongType))?; let (_, bytes) = leaf.primitive().map_err(NativeBindingRefusal::InvalidValue)?; <u64 as conduit_plot::rust_binding::NativePrimitive>::decode_primitive(bytes).ok_or(NativeBindingRefusal::InvalidValue(conduit_core::StructuredInfoRefusal::WrongType))? };
        let __conduit_prepared_field_14 = { let leaf = value.record_field("unread").map_err(NativeBindingRefusal::InvalidValue)?.ok_or(NativeBindingRefusal::InvalidValue(conduit_core::StructuredInfoRefusal::WrongType))?; let (_, bytes) = leaf.primitive().map_err(NativeBindingRefusal::InvalidValue)?; <u64 as conduit_plot::rust_binding::NativePrimitive>::decode_primitive(bytes).ok_or(NativeBindingRefusal::InvalidValue(conduit_core::StructuredInfoRefusal::WrongType))? };
        family.validate(Self::PREPARED_DESCRIPTOR, value)?;
        Ok(Self { basis: __conduit_prepared_field_0, committed: __conduit_prepared_field_1, depth: __conduit_prepared_field_2, heads: __conduit_prepared_field_3, relation0: __conduit_prepared_field_4, relation1: __conduit_prepared_field_5, relation2: __conduit_prepared_field_6, relation3: __conduit_prepared_field_7, relation4: __conduit_prepared_field_8, relation5: __conduit_prepared_field_9, relation6: __conduit_prepared_field_10, relation7: __conduit_prepared_field_11, stack: __conduit_prepared_field_12, token_count: __conduit_prepared_field_13, unread: __conduit_prepared_field_14 })
    }
    fn from_borrowed_prepared_with_children(value: conduit_core::ValidatedCanonicalStructuredValue<'_>, family: &mut conduit_plot::rust_binding::PreparedNativeFamily, scope: &conduit_plot::rust_binding::NativeChildAdmissionScope<'_>) -> Result<Self, NativeBindingRefusal> {
        family.check_type(Self::PREPARED_DESCRIPTOR, value)?;
        let __conduit_node_scope = scope.for_node(family, Self::PREPARED_DESCRIPTOR, value)?;
        let __conduit_child_scope = __conduit_node_scope.child_scope()?;
        let __conduit_prepared_field_0 = <LanguageParserBasis as conduit_plot::rust_binding::PreparedNativeRustBinding>::from_borrowed_prepared_with_children(value.record_field("basis").map_err(NativeBindingRefusal::InvalidValue)?.ok_or(NativeBindingRefusal::InvalidValue(conduit_core::StructuredInfoRefusal::WrongType))?, family, &__conduit_child_scope)?;
        let __conduit_prepared_field_1 = { let leaf = value.record_field("committed").map_err(NativeBindingRefusal::InvalidValue)?.ok_or(NativeBindingRefusal::InvalidValue(conduit_core::StructuredInfoRefusal::WrongType))?; let (_, bytes) = leaf.primitive().map_err(NativeBindingRefusal::InvalidValue)?; <u64 as conduit_plot::rust_binding::NativePrimitive>::decode_primitive(bytes).ok_or(NativeBindingRefusal::InvalidValue(conduit_core::StructuredInfoRefusal::WrongType))? };
        let __conduit_prepared_field_2 = { let leaf = value.record_field("depth").map_err(NativeBindingRefusal::InvalidValue)?.ok_or(NativeBindingRefusal::InvalidValue(conduit_core::StructuredInfoRefusal::WrongType))?; let (_, bytes) = leaf.primitive().map_err(NativeBindingRefusal::InvalidValue)?; <u64 as conduit_plot::rust_binding::NativePrimitive>::decode_primitive(bytes).ok_or(NativeBindingRefusal::InvalidValue(conduit_core::StructuredInfoRefusal::WrongType))? };
        let __conduit_prepared_field_3 = { let collection = value.record_field("heads").map_err(NativeBindingRefusal::InvalidValue)?.ok_or(NativeBindingRefusal::InvalidValue(conduit_core::StructuredInfoRefusal::WrongType))?; let mut result = Vec::with_capacity(9); for item in collection.collection_elements().map_err(NativeBindingRefusal::InvalidValue)? { let item = item.map_err(NativeBindingRefusal::InvalidValue)?; result.push({ let leaf = item; let (_, bytes) = leaf.primitive().map_err(NativeBindingRefusal::InvalidValue)?; <u64 as conduit_plot::rust_binding::NativePrimitive>::decode_primitive(bytes).ok_or(NativeBindingRefusal::InvalidValue(conduit_core::StructuredInfoRefusal::WrongType))? }); } let result: [u64; 9] = result.try_into().map_err(|_| NativeBindingRefusal::InvalidValue(conduit_core::StructuredInfoRefusal::WrongCollectionLength))?; result };
        let __conduit_prepared_field_4 = <LanguageParserRelation as conduit_plot::rust_binding::PreparedNativeRustBinding>::from_borrowed_prepared_with_children(value.record_field("relation0").map_err(NativeBindingRefusal::InvalidValue)?.ok_or(NativeBindingRefusal::InvalidValue(conduit_core::StructuredInfoRefusal::WrongType))?, family, &__conduit_child_scope)?;
        let __conduit_prepared_field_5 = <LanguageParserRelation as conduit_plot::rust_binding::PreparedNativeRustBinding>::from_borrowed_prepared_with_children(value.record_field("relation1").map_err(NativeBindingRefusal::InvalidValue)?.ok_or(NativeBindingRefusal::InvalidValue(conduit_core::StructuredInfoRefusal::WrongType))?, family, &__conduit_child_scope)?;
        let __conduit_prepared_field_6 = <LanguageParserRelation as conduit_plot::rust_binding::PreparedNativeRustBinding>::from_borrowed_prepared_with_children(value.record_field("relation2").map_err(NativeBindingRefusal::InvalidValue)?.ok_or(NativeBindingRefusal::InvalidValue(conduit_core::StructuredInfoRefusal::WrongType))?, family, &__conduit_child_scope)?;
        let __conduit_prepared_field_7 = <LanguageParserRelation as conduit_plot::rust_binding::PreparedNativeRustBinding>::from_borrowed_prepared_with_children(value.record_field("relation3").map_err(NativeBindingRefusal::InvalidValue)?.ok_or(NativeBindingRefusal::InvalidValue(conduit_core::StructuredInfoRefusal::WrongType))?, family, &__conduit_child_scope)?;
        let __conduit_prepared_field_8 = <LanguageParserRelation as conduit_plot::rust_binding::PreparedNativeRustBinding>::from_borrowed_prepared_with_children(value.record_field("relation4").map_err(NativeBindingRefusal::InvalidValue)?.ok_or(NativeBindingRefusal::InvalidValue(conduit_core::StructuredInfoRefusal::WrongType))?, family, &__conduit_child_scope)?;
        let __conduit_prepared_field_9 = <LanguageParserRelation as conduit_plot::rust_binding::PreparedNativeRustBinding>::from_borrowed_prepared_with_children(value.record_field("relation5").map_err(NativeBindingRefusal::InvalidValue)?.ok_or(NativeBindingRefusal::InvalidValue(conduit_core::StructuredInfoRefusal::WrongType))?, family, &__conduit_child_scope)?;
        let __conduit_prepared_field_10 = <LanguageParserRelation as conduit_plot::rust_binding::PreparedNativeRustBinding>::from_borrowed_prepared_with_children(value.record_field("relation6").map_err(NativeBindingRefusal::InvalidValue)?.ok_or(NativeBindingRefusal::InvalidValue(conduit_core::StructuredInfoRefusal::WrongType))?, family, &__conduit_child_scope)?;
        let __conduit_prepared_field_11 = <LanguageParserRelation as conduit_plot::rust_binding::PreparedNativeRustBinding>::from_borrowed_prepared_with_children(value.record_field("relation7").map_err(NativeBindingRefusal::InvalidValue)?.ok_or(NativeBindingRefusal::InvalidValue(conduit_core::StructuredInfoRefusal::WrongType))?, family, &__conduit_child_scope)?;
        let __conduit_prepared_field_12 = { let collection = value.record_field("stack").map_err(NativeBindingRefusal::InvalidValue)?.ok_or(NativeBindingRefusal::InvalidValue(conduit_core::StructuredInfoRefusal::WrongType))?; let mut result = Vec::with_capacity(9); for item in collection.collection_elements().map_err(NativeBindingRefusal::InvalidValue)? { let item = item.map_err(NativeBindingRefusal::InvalidValue)?; result.push({ let leaf = item; let (_, bytes) = leaf.primitive().map_err(NativeBindingRefusal::InvalidValue)?; <u64 as conduit_plot::rust_binding::NativePrimitive>::decode_primitive(bytes).ok_or(NativeBindingRefusal::InvalidValue(conduit_core::StructuredInfoRefusal::WrongType))? }); } let result: [u64; 9] = result.try_into().map_err(|_| NativeBindingRefusal::InvalidValue(conduit_core::StructuredInfoRefusal::WrongCollectionLength))?; result };
        let __conduit_prepared_field_13 = { let leaf = value.record_field("token_count").map_err(NativeBindingRefusal::InvalidValue)?.ok_or(NativeBindingRefusal::InvalidValue(conduit_core::StructuredInfoRefusal::WrongType))?; let (_, bytes) = leaf.primitive().map_err(NativeBindingRefusal::InvalidValue)?; <u64 as conduit_plot::rust_binding::NativePrimitive>::decode_primitive(bytes).ok_or(NativeBindingRefusal::InvalidValue(conduit_core::StructuredInfoRefusal::WrongType))? };
        let __conduit_prepared_field_14 = { let leaf = value.record_field("unread").map_err(NativeBindingRefusal::InvalidValue)?.ok_or(NativeBindingRefusal::InvalidValue(conduit_core::StructuredInfoRefusal::WrongType))?; let (_, bytes) = leaf.primitive().map_err(NativeBindingRefusal::InvalidValue)?; <u64 as conduit_plot::rust_binding::NativePrimitive>::decode_primitive(bytes).ok_or(NativeBindingRefusal::InvalidValue(conduit_core::StructuredInfoRefusal::WrongType))? };
        if __conduit_node_scope.requires_validation() { family.validate(Self::PREPARED_DESCRIPTOR, value)?; }
        Ok(Self { basis: __conduit_prepared_field_0, committed: __conduit_prepared_field_1, depth: __conduit_prepared_field_2, heads: __conduit_prepared_field_3, relation0: __conduit_prepared_field_4, relation1: __conduit_prepared_field_5, relation2: __conduit_prepared_field_6, relation3: __conduit_prepared_field_7, relation4: __conduit_prepared_field_8, relation5: __conduit_prepared_field_9, relation6: __conduit_prepared_field_10, relation7: __conduit_prepared_field_11, stack: __conduit_prepared_field_12, token_count: __conduit_prepared_field_13, unread: __conduit_prepared_field_14 })
    }

}

#[allow(non_upper_case_globals)]
pub static LanguageTextId_PREPARED_NATIVE_DESCRIPTOR: conduit_plot::rust_binding::NativeFamilyTypeDescriptor = conduit_plot::rust_binding::NativeFamilyTypeDescriptor {
    type_bytes: LANGUAGETEXTID_SEMANTIC_TYPE,
    laws: LanguageTextId_PREPARED_NATIVE_LAWS,
    contracts: &[
        conduit_plot::rust_binding::NativeFamilyContractDescriptor { representation_path: "", value_kind: "value/text", maximum_bytes: 64, constraints: &[
            conduit_plot::rust_binding::NativeFamilyConstraintDescriptor::CanonicalMembership { members: &[&[]], negated: true },
        ] },
    ],
    children: &[],
    external_edges: &[],
    conversion_profile: conduit_plot::rust_binding::NativeFamilyConversionProfile::Nominal,
    maximum_inline_bytes: core::mem::size_of::<LanguageTextId>(),
};
impl conduit_plot::rust_binding::PreparedNativeRustBinding for LanguageTextId {
    const PREPARED_DESCRIPTOR: &'static conduit_plot::rust_binding::NativeFamilyTypeDescriptor = &LanguageTextId_PREPARED_NATIVE_DESCRIPTOR;
    fn from_borrowed_prepared(value: conduit_core::ValidatedCanonicalStructuredValue<'_>, family: &mut conduit_plot::rust_binding::PreparedNativeFamily) -> Result<Self, NativeBindingRefusal> {
        family.check_type(Self::PREPARED_DESCRIPTOR, value)?;
        let decoded = { let leaf = value.nominal_representation().map_err(NativeBindingRefusal::InvalidValue)?; let (_, bytes) = leaf.primitive().map_err(NativeBindingRefusal::InvalidValue)?; <String as conduit_plot::rust_binding::NativePrimitive>::decode_primitive(bytes).ok_or(NativeBindingRefusal::InvalidValue(conduit_core::StructuredInfoRefusal::WrongType))? };
        family.validate(Self::PREPARED_DESCRIPTOR, value)?;
        Ok(Self(decoded))
    }
    fn from_borrowed_prepared_with_children(value: conduit_core::ValidatedCanonicalStructuredValue<'_>, family: &mut conduit_plot::rust_binding::PreparedNativeFamily, scope: &conduit_plot::rust_binding::NativeChildAdmissionScope<'_>) -> Result<Self, NativeBindingRefusal> {
        family.check_type(Self::PREPARED_DESCRIPTOR, value)?;
        let __conduit_node_scope = scope.for_node(family, Self::PREPARED_DESCRIPTOR, value)?;
        let __conduit_child_scope = __conduit_node_scope.child_scope()?;
        let decoded = { let leaf = value.nominal_representation().map_err(NativeBindingRefusal::InvalidValue)?; let (_, bytes) = leaf.primitive().map_err(NativeBindingRefusal::InvalidValue)?; <String as conduit_plot::rust_binding::NativePrimitive>::decode_primitive(bytes).ok_or(NativeBindingRefusal::InvalidValue(conduit_core::StructuredInfoRefusal::WrongType))? };
        if __conduit_node_scope.requires_validation() { family.validate(Self::PREPARED_DESCRIPTOR, value)?; }
        Ok(Self(decoded))
    }

}

#[allow(non_upper_case_globals)]
pub static LanguageTextRevisionId_PREPARED_NATIVE_DESCRIPTOR: conduit_plot::rust_binding::NativeFamilyTypeDescriptor = conduit_plot::rust_binding::NativeFamilyTypeDescriptor {
    type_bytes: LANGUAGETEXTREVISIONID_SEMANTIC_TYPE,
    laws: LanguageTextRevisionId_PREPARED_NATIVE_LAWS,
    contracts: &[
        conduit_plot::rust_binding::NativeFamilyContractDescriptor { representation_path: "", value_kind: "value/text", maximum_bytes: 64, constraints: &[
            conduit_plot::rust_binding::NativeFamilyConstraintDescriptor::CanonicalMembership { members: &[&[]], negated: true },
        ] },
    ],
    children: &[],
    external_edges: &[],
    conversion_profile: conduit_plot::rust_binding::NativeFamilyConversionProfile::Nominal,
    maximum_inline_bytes: core::mem::size_of::<LanguageTextRevisionId>(),
};
impl conduit_plot::rust_binding::PreparedNativeRustBinding for LanguageTextRevisionId {
    const PREPARED_DESCRIPTOR: &'static conduit_plot::rust_binding::NativeFamilyTypeDescriptor = &LanguageTextRevisionId_PREPARED_NATIVE_DESCRIPTOR;
    fn from_borrowed_prepared(value: conduit_core::ValidatedCanonicalStructuredValue<'_>, family: &mut conduit_plot::rust_binding::PreparedNativeFamily) -> Result<Self, NativeBindingRefusal> {
        family.check_type(Self::PREPARED_DESCRIPTOR, value)?;
        let decoded = { let leaf = value.nominal_representation().map_err(NativeBindingRefusal::InvalidValue)?; let (_, bytes) = leaf.primitive().map_err(NativeBindingRefusal::InvalidValue)?; <String as conduit_plot::rust_binding::NativePrimitive>::decode_primitive(bytes).ok_or(NativeBindingRefusal::InvalidValue(conduit_core::StructuredInfoRefusal::WrongType))? };
        family.validate(Self::PREPARED_DESCRIPTOR, value)?;
        Ok(Self(decoded))
    }
    fn from_borrowed_prepared_with_children(value: conduit_core::ValidatedCanonicalStructuredValue<'_>, family: &mut conduit_plot::rust_binding::PreparedNativeFamily, scope: &conduit_plot::rust_binding::NativeChildAdmissionScope<'_>) -> Result<Self, NativeBindingRefusal> {
        family.check_type(Self::PREPARED_DESCRIPTOR, value)?;
        let __conduit_node_scope = scope.for_node(family, Self::PREPARED_DESCRIPTOR, value)?;
        let __conduit_child_scope = __conduit_node_scope.child_scope()?;
        let decoded = { let leaf = value.nominal_representation().map_err(NativeBindingRefusal::InvalidValue)?; let (_, bytes) = leaf.primitive().map_err(NativeBindingRefusal::InvalidValue)?; <String as conduit_plot::rust_binding::NativePrimitive>::decode_primitive(bytes).ok_or(NativeBindingRefusal::InvalidValue(conduit_core::StructuredInfoRefusal::WrongType))? };
        if __conduit_node_scope.requires_validation() { family.validate(Self::PREPARED_DESCRIPTOR, value)?; }
        Ok(Self(decoded))
    }

}

#[allow(non_upper_case_globals)]
pub static LanguageUniversalDependencyRelation_PREPARED_NATIVE_DESCRIPTOR: conduit_plot::rust_binding::NativeFamilyTypeDescriptor = conduit_plot::rust_binding::NativeFamilyTypeDescriptor {
    type_bytes: LANGUAGEUNIVERSALDEPENDENCYRELATION_SEMANTIC_TYPE,
    laws: LanguageUniversalDependencyRelation_PREPARED_NATIVE_LAWS,
    contracts: &[
    ],
    children: &[],
    external_edges: &[],
    conversion_profile: conduit_plot::rust_binding::NativeFamilyConversionProfile::Variant,
    maximum_inline_bytes: core::mem::size_of::<LanguageUniversalDependencyRelation>(),
};
impl conduit_plot::rust_binding::PreparedNativeRustBinding for LanguageUniversalDependencyRelation {
    const PREPARED_DESCRIPTOR: &'static conduit_plot::rust_binding::NativeFamilyTypeDescriptor = &LanguageUniversalDependencyRelation_PREPARED_NATIVE_DESCRIPTOR;
    fn from_borrowed_prepared(value: conduit_core::ValidatedCanonicalStructuredValue<'_>, family: &mut conduit_plot::rust_binding::PreparedNativeFamily) -> Result<Self, NativeBindingRefusal> {
        family.check_type(Self::PREPARED_DESCRIPTOR, value)?;
        let candidate = match value.variant_tag().map_err(NativeBindingRefusal::InvalidValue)? {
            "acl" => { let payload = value.variant_payload("acl").map_err(NativeBindingRefusal::InvalidValue)?.ok_or(NativeBindingRefusal::InvalidValue(conduit_core::StructuredInfoRefusal::WrongType))?; let _ = payload; Ok(Self::Acl) },
            "advcl" => { let payload = value.variant_payload("advcl").map_err(NativeBindingRefusal::InvalidValue)?.ok_or(NativeBindingRefusal::InvalidValue(conduit_core::StructuredInfoRefusal::WrongType))?; let _ = payload; Ok(Self::Advcl) },
            "advmod" => { let payload = value.variant_payload("advmod").map_err(NativeBindingRefusal::InvalidValue)?.ok_or(NativeBindingRefusal::InvalidValue(conduit_core::StructuredInfoRefusal::WrongType))?; let _ = payload; Ok(Self::Advmod) },
            "amod" => { let payload = value.variant_payload("amod").map_err(NativeBindingRefusal::InvalidValue)?.ok_or(NativeBindingRefusal::InvalidValue(conduit_core::StructuredInfoRefusal::WrongType))?; let _ = payload; Ok(Self::Amod) },
            "appos" => { let payload = value.variant_payload("appos").map_err(NativeBindingRefusal::InvalidValue)?.ok_or(NativeBindingRefusal::InvalidValue(conduit_core::StructuredInfoRefusal::WrongType))?; let _ = payload; Ok(Self::Appos) },
            "aux" => { let payload = value.variant_payload("aux").map_err(NativeBindingRefusal::InvalidValue)?.ok_or(NativeBindingRefusal::InvalidValue(conduit_core::StructuredInfoRefusal::WrongType))?; let _ = payload; Ok(Self::Aux) },
            "case" => { let payload = value.variant_payload("case").map_err(NativeBindingRefusal::InvalidValue)?.ok_or(NativeBindingRefusal::InvalidValue(conduit_core::StructuredInfoRefusal::WrongType))?; let _ = payload; Ok(Self::Case) },
            "cc" => { let payload = value.variant_payload("cc").map_err(NativeBindingRefusal::InvalidValue)?.ok_or(NativeBindingRefusal::InvalidValue(conduit_core::StructuredInfoRefusal::WrongType))?; let _ = payload; Ok(Self::Cc) },
            "ccomp" => { let payload = value.variant_payload("ccomp").map_err(NativeBindingRefusal::InvalidValue)?.ok_or(NativeBindingRefusal::InvalidValue(conduit_core::StructuredInfoRefusal::WrongType))?; let _ = payload; Ok(Self::Ccomp) },
            "clf" => { let payload = value.variant_payload("clf").map_err(NativeBindingRefusal::InvalidValue)?.ok_or(NativeBindingRefusal::InvalidValue(conduit_core::StructuredInfoRefusal::WrongType))?; let _ = payload; Ok(Self::Clf) },
            "compound" => { let payload = value.variant_payload("compound").map_err(NativeBindingRefusal::InvalidValue)?.ok_or(NativeBindingRefusal::InvalidValue(conduit_core::StructuredInfoRefusal::WrongType))?; let _ = payload; Ok(Self::Compound) },
            "conj" => { let payload = value.variant_payload("conj").map_err(NativeBindingRefusal::InvalidValue)?.ok_or(NativeBindingRefusal::InvalidValue(conduit_core::StructuredInfoRefusal::WrongType))?; let _ = payload; Ok(Self::Conj) },
            "cop" => { let payload = value.variant_payload("cop").map_err(NativeBindingRefusal::InvalidValue)?.ok_or(NativeBindingRefusal::InvalidValue(conduit_core::StructuredInfoRefusal::WrongType))?; let _ = payload; Ok(Self::Cop) },
            "csubj" => { let payload = value.variant_payload("csubj").map_err(NativeBindingRefusal::InvalidValue)?.ok_or(NativeBindingRefusal::InvalidValue(conduit_core::StructuredInfoRefusal::WrongType))?; let _ = payload; Ok(Self::Csubj) },
            "dep" => { let payload = value.variant_payload("dep").map_err(NativeBindingRefusal::InvalidValue)?.ok_or(NativeBindingRefusal::InvalidValue(conduit_core::StructuredInfoRefusal::WrongType))?; let _ = payload; Ok(Self::Dep) },
            "det" => { let payload = value.variant_payload("det").map_err(NativeBindingRefusal::InvalidValue)?.ok_or(NativeBindingRefusal::InvalidValue(conduit_core::StructuredInfoRefusal::WrongType))?; let _ = payload; Ok(Self::Det) },
            "discourse" => { let payload = value.variant_payload("discourse").map_err(NativeBindingRefusal::InvalidValue)?.ok_or(NativeBindingRefusal::InvalidValue(conduit_core::StructuredInfoRefusal::WrongType))?; let _ = payload; Ok(Self::Discourse) },
            "dislocated" => { let payload = value.variant_payload("dislocated").map_err(NativeBindingRefusal::InvalidValue)?.ok_or(NativeBindingRefusal::InvalidValue(conduit_core::StructuredInfoRefusal::WrongType))?; let _ = payload; Ok(Self::Dislocated) },
            "expl" => { let payload = value.variant_payload("expl").map_err(NativeBindingRefusal::InvalidValue)?.ok_or(NativeBindingRefusal::InvalidValue(conduit_core::StructuredInfoRefusal::WrongType))?; let _ = payload; Ok(Self::Expl) },
            "fixed" => { let payload = value.variant_payload("fixed").map_err(NativeBindingRefusal::InvalidValue)?.ok_or(NativeBindingRefusal::InvalidValue(conduit_core::StructuredInfoRefusal::WrongType))?; let _ = payload; Ok(Self::Fixed) },
            "flat" => { let payload = value.variant_payload("flat").map_err(NativeBindingRefusal::InvalidValue)?.ok_or(NativeBindingRefusal::InvalidValue(conduit_core::StructuredInfoRefusal::WrongType))?; let _ = payload; Ok(Self::Flat) },
            "goeswith" => { let payload = value.variant_payload("goeswith").map_err(NativeBindingRefusal::InvalidValue)?.ok_or(NativeBindingRefusal::InvalidValue(conduit_core::StructuredInfoRefusal::WrongType))?; let _ = payload; Ok(Self::Goeswith) },
            "iobj" => { let payload = value.variant_payload("iobj").map_err(NativeBindingRefusal::InvalidValue)?.ok_or(NativeBindingRefusal::InvalidValue(conduit_core::StructuredInfoRefusal::WrongType))?; let _ = payload; Ok(Self::Iobj) },
            "list" => { let payload = value.variant_payload("list").map_err(NativeBindingRefusal::InvalidValue)?.ok_or(NativeBindingRefusal::InvalidValue(conduit_core::StructuredInfoRefusal::WrongType))?; let _ = payload; Ok(Self::List) },
            "mark" => { let payload = value.variant_payload("mark").map_err(NativeBindingRefusal::InvalidValue)?.ok_or(NativeBindingRefusal::InvalidValue(conduit_core::StructuredInfoRefusal::WrongType))?; let _ = payload; Ok(Self::Mark) },
            "nmod" => { let payload = value.variant_payload("nmod").map_err(NativeBindingRefusal::InvalidValue)?.ok_or(NativeBindingRefusal::InvalidValue(conduit_core::StructuredInfoRefusal::WrongType))?; let _ = payload; Ok(Self::Nmod) },
            "nsubj" => { let payload = value.variant_payload("nsubj").map_err(NativeBindingRefusal::InvalidValue)?.ok_or(NativeBindingRefusal::InvalidValue(conduit_core::StructuredInfoRefusal::WrongType))?; let _ = payload; Ok(Self::Nsubj) },
            "nummod" => { let payload = value.variant_payload("nummod").map_err(NativeBindingRefusal::InvalidValue)?.ok_or(NativeBindingRefusal::InvalidValue(conduit_core::StructuredInfoRefusal::WrongType))?; let _ = payload; Ok(Self::Nummod) },
            "obj" => { let payload = value.variant_payload("obj").map_err(NativeBindingRefusal::InvalidValue)?.ok_or(NativeBindingRefusal::InvalidValue(conduit_core::StructuredInfoRefusal::WrongType))?; let _ = payload; Ok(Self::Obj) },
            "obl" => { let payload = value.variant_payload("obl").map_err(NativeBindingRefusal::InvalidValue)?.ok_or(NativeBindingRefusal::InvalidValue(conduit_core::StructuredInfoRefusal::WrongType))?; let _ = payload; Ok(Self::Obl) },
            "orphan" => { let payload = value.variant_payload("orphan").map_err(NativeBindingRefusal::InvalidValue)?.ok_or(NativeBindingRefusal::InvalidValue(conduit_core::StructuredInfoRefusal::WrongType))?; let _ = payload; Ok(Self::Orphan) },
            "parataxis" => { let payload = value.variant_payload("parataxis").map_err(NativeBindingRefusal::InvalidValue)?.ok_or(NativeBindingRefusal::InvalidValue(conduit_core::StructuredInfoRefusal::WrongType))?; let _ = payload; Ok(Self::Parataxis) },
            "punct" => { let payload = value.variant_payload("punct").map_err(NativeBindingRefusal::InvalidValue)?.ok_or(NativeBindingRefusal::InvalidValue(conduit_core::StructuredInfoRefusal::WrongType))?; let _ = payload; Ok(Self::Punct) },
            "reparandum" => { let payload = value.variant_payload("reparandum").map_err(NativeBindingRefusal::InvalidValue)?.ok_or(NativeBindingRefusal::InvalidValue(conduit_core::StructuredInfoRefusal::WrongType))?; let _ = payload; Ok(Self::Reparandum) },
            "root" => { let payload = value.variant_payload("root").map_err(NativeBindingRefusal::InvalidValue)?.ok_or(NativeBindingRefusal::InvalidValue(conduit_core::StructuredInfoRefusal::WrongType))?; let _ = payload; Ok(Self::Root) },
            "vocative" => { let payload = value.variant_payload("vocative").map_err(NativeBindingRefusal::InvalidValue)?.ok_or(NativeBindingRefusal::InvalidValue(conduit_core::StructuredInfoRefusal::WrongType))?; let _ = payload; Ok(Self::Vocative) },
            "xcomp" => { let payload = value.variant_payload("xcomp").map_err(NativeBindingRefusal::InvalidValue)?.ok_or(NativeBindingRefusal::InvalidValue(conduit_core::StructuredInfoRefusal::WrongType))?; let _ = payload; Ok(Self::Xcomp) },
            _ => Err(NativeBindingRefusal::InvalidValue(conduit_core::StructuredInfoRefusal::WrongType)),
        }?;
        family.validate(Self::PREPARED_DESCRIPTOR, value)?;
        Ok(candidate)
    }
    fn from_borrowed_prepared_with_children(value: conduit_core::ValidatedCanonicalStructuredValue<'_>, family: &mut conduit_plot::rust_binding::PreparedNativeFamily, scope: &conduit_plot::rust_binding::NativeChildAdmissionScope<'_>) -> Result<Self, NativeBindingRefusal> {
        family.check_type(Self::PREPARED_DESCRIPTOR, value)?;
        let __conduit_node_scope = scope.for_node(family, Self::PREPARED_DESCRIPTOR, value)?;
        let __conduit_child_scope = __conduit_node_scope.child_scope()?;
        let candidate = match value.variant_tag().map_err(NativeBindingRefusal::InvalidValue)? {
            "acl" => { let payload = value.variant_payload("acl").map_err(NativeBindingRefusal::InvalidValue)?.ok_or(NativeBindingRefusal::InvalidValue(conduit_core::StructuredInfoRefusal::WrongType))?; let _ = payload; Ok(Self::Acl) },
            "advcl" => { let payload = value.variant_payload("advcl").map_err(NativeBindingRefusal::InvalidValue)?.ok_or(NativeBindingRefusal::InvalidValue(conduit_core::StructuredInfoRefusal::WrongType))?; let _ = payload; Ok(Self::Advcl) },
            "advmod" => { let payload = value.variant_payload("advmod").map_err(NativeBindingRefusal::InvalidValue)?.ok_or(NativeBindingRefusal::InvalidValue(conduit_core::StructuredInfoRefusal::WrongType))?; let _ = payload; Ok(Self::Advmod) },
            "amod" => { let payload = value.variant_payload("amod").map_err(NativeBindingRefusal::InvalidValue)?.ok_or(NativeBindingRefusal::InvalidValue(conduit_core::StructuredInfoRefusal::WrongType))?; let _ = payload; Ok(Self::Amod) },
            "appos" => { let payload = value.variant_payload("appos").map_err(NativeBindingRefusal::InvalidValue)?.ok_or(NativeBindingRefusal::InvalidValue(conduit_core::StructuredInfoRefusal::WrongType))?; let _ = payload; Ok(Self::Appos) },
            "aux" => { let payload = value.variant_payload("aux").map_err(NativeBindingRefusal::InvalidValue)?.ok_or(NativeBindingRefusal::InvalidValue(conduit_core::StructuredInfoRefusal::WrongType))?; let _ = payload; Ok(Self::Aux) },
            "case" => { let payload = value.variant_payload("case").map_err(NativeBindingRefusal::InvalidValue)?.ok_or(NativeBindingRefusal::InvalidValue(conduit_core::StructuredInfoRefusal::WrongType))?; let _ = payload; Ok(Self::Case) },
            "cc" => { let payload = value.variant_payload("cc").map_err(NativeBindingRefusal::InvalidValue)?.ok_or(NativeBindingRefusal::InvalidValue(conduit_core::StructuredInfoRefusal::WrongType))?; let _ = payload; Ok(Self::Cc) },
            "ccomp" => { let payload = value.variant_payload("ccomp").map_err(NativeBindingRefusal::InvalidValue)?.ok_or(NativeBindingRefusal::InvalidValue(conduit_core::StructuredInfoRefusal::WrongType))?; let _ = payload; Ok(Self::Ccomp) },
            "clf" => { let payload = value.variant_payload("clf").map_err(NativeBindingRefusal::InvalidValue)?.ok_or(NativeBindingRefusal::InvalidValue(conduit_core::StructuredInfoRefusal::WrongType))?; let _ = payload; Ok(Self::Clf) },
            "compound" => { let payload = value.variant_payload("compound").map_err(NativeBindingRefusal::InvalidValue)?.ok_or(NativeBindingRefusal::InvalidValue(conduit_core::StructuredInfoRefusal::WrongType))?; let _ = payload; Ok(Self::Compound) },
            "conj" => { let payload = value.variant_payload("conj").map_err(NativeBindingRefusal::InvalidValue)?.ok_or(NativeBindingRefusal::InvalidValue(conduit_core::StructuredInfoRefusal::WrongType))?; let _ = payload; Ok(Self::Conj) },
            "cop" => { let payload = value.variant_payload("cop").map_err(NativeBindingRefusal::InvalidValue)?.ok_or(NativeBindingRefusal::InvalidValue(conduit_core::StructuredInfoRefusal::WrongType))?; let _ = payload; Ok(Self::Cop) },
            "csubj" => { let payload = value.variant_payload("csubj").map_err(NativeBindingRefusal::InvalidValue)?.ok_or(NativeBindingRefusal::InvalidValue(conduit_core::StructuredInfoRefusal::WrongType))?; let _ = payload; Ok(Self::Csubj) },
            "dep" => { let payload = value.variant_payload("dep").map_err(NativeBindingRefusal::InvalidValue)?.ok_or(NativeBindingRefusal::InvalidValue(conduit_core::StructuredInfoRefusal::WrongType))?; let _ = payload; Ok(Self::Dep) },
            "det" => { let payload = value.variant_payload("det").map_err(NativeBindingRefusal::InvalidValue)?.ok_or(NativeBindingRefusal::InvalidValue(conduit_core::StructuredInfoRefusal::WrongType))?; let _ = payload; Ok(Self::Det) },
            "discourse" => { let payload = value.variant_payload("discourse").map_err(NativeBindingRefusal::InvalidValue)?.ok_or(NativeBindingRefusal::InvalidValue(conduit_core::StructuredInfoRefusal::WrongType))?; let _ = payload; Ok(Self::Discourse) },
            "dislocated" => { let payload = value.variant_payload("dislocated").map_err(NativeBindingRefusal::InvalidValue)?.ok_or(NativeBindingRefusal::InvalidValue(conduit_core::StructuredInfoRefusal::WrongType))?; let _ = payload; Ok(Self::Dislocated) },
            "expl" => { let payload = value.variant_payload("expl").map_err(NativeBindingRefusal::InvalidValue)?.ok_or(NativeBindingRefusal::InvalidValue(conduit_core::StructuredInfoRefusal::WrongType))?; let _ = payload; Ok(Self::Expl) },
            "fixed" => { let payload = value.variant_payload("fixed").map_err(NativeBindingRefusal::InvalidValue)?.ok_or(NativeBindingRefusal::InvalidValue(conduit_core::StructuredInfoRefusal::WrongType))?; let _ = payload; Ok(Self::Fixed) },
            "flat" => { let payload = value.variant_payload("flat").map_err(NativeBindingRefusal::InvalidValue)?.ok_or(NativeBindingRefusal::InvalidValue(conduit_core::StructuredInfoRefusal::WrongType))?; let _ = payload; Ok(Self::Flat) },
            "goeswith" => { let payload = value.variant_payload("goeswith").map_err(NativeBindingRefusal::InvalidValue)?.ok_or(NativeBindingRefusal::InvalidValue(conduit_core::StructuredInfoRefusal::WrongType))?; let _ = payload; Ok(Self::Goeswith) },
            "iobj" => { let payload = value.variant_payload("iobj").map_err(NativeBindingRefusal::InvalidValue)?.ok_or(NativeBindingRefusal::InvalidValue(conduit_core::StructuredInfoRefusal::WrongType))?; let _ = payload; Ok(Self::Iobj) },
            "list" => { let payload = value.variant_payload("list").map_err(NativeBindingRefusal::InvalidValue)?.ok_or(NativeBindingRefusal::InvalidValue(conduit_core::StructuredInfoRefusal::WrongType))?; let _ = payload; Ok(Self::List) },
            "mark" => { let payload = value.variant_payload("mark").map_err(NativeBindingRefusal::InvalidValue)?.ok_or(NativeBindingRefusal::InvalidValue(conduit_core::StructuredInfoRefusal::WrongType))?; let _ = payload; Ok(Self::Mark) },
            "nmod" => { let payload = value.variant_payload("nmod").map_err(NativeBindingRefusal::InvalidValue)?.ok_or(NativeBindingRefusal::InvalidValue(conduit_core::StructuredInfoRefusal::WrongType))?; let _ = payload; Ok(Self::Nmod) },
            "nsubj" => { let payload = value.variant_payload("nsubj").map_err(NativeBindingRefusal::InvalidValue)?.ok_or(NativeBindingRefusal::InvalidValue(conduit_core::StructuredInfoRefusal::WrongType))?; let _ = payload; Ok(Self::Nsubj) },
            "nummod" => { let payload = value.variant_payload("nummod").map_err(NativeBindingRefusal::InvalidValue)?.ok_or(NativeBindingRefusal::InvalidValue(conduit_core::StructuredInfoRefusal::WrongType))?; let _ = payload; Ok(Self::Nummod) },
            "obj" => { let payload = value.variant_payload("obj").map_err(NativeBindingRefusal::InvalidValue)?.ok_or(NativeBindingRefusal::InvalidValue(conduit_core::StructuredInfoRefusal::WrongType))?; let _ = payload; Ok(Self::Obj) },
            "obl" => { let payload = value.variant_payload("obl").map_err(NativeBindingRefusal::InvalidValue)?.ok_or(NativeBindingRefusal::InvalidValue(conduit_core::StructuredInfoRefusal::WrongType))?; let _ = payload; Ok(Self::Obl) },
            "orphan" => { let payload = value.variant_payload("orphan").map_err(NativeBindingRefusal::InvalidValue)?.ok_or(NativeBindingRefusal::InvalidValue(conduit_core::StructuredInfoRefusal::WrongType))?; let _ = payload; Ok(Self::Orphan) },
            "parataxis" => { let payload = value.variant_payload("parataxis").map_err(NativeBindingRefusal::InvalidValue)?.ok_or(NativeBindingRefusal::InvalidValue(conduit_core::StructuredInfoRefusal::WrongType))?; let _ = payload; Ok(Self::Parataxis) },
            "punct" => { let payload = value.variant_payload("punct").map_err(NativeBindingRefusal::InvalidValue)?.ok_or(NativeBindingRefusal::InvalidValue(conduit_core::StructuredInfoRefusal::WrongType))?; let _ = payload; Ok(Self::Punct) },
            "reparandum" => { let payload = value.variant_payload("reparandum").map_err(NativeBindingRefusal::InvalidValue)?.ok_or(NativeBindingRefusal::InvalidValue(conduit_core::StructuredInfoRefusal::WrongType))?; let _ = payload; Ok(Self::Reparandum) },
            "root" => { let payload = value.variant_payload("root").map_err(NativeBindingRefusal::InvalidValue)?.ok_or(NativeBindingRefusal::InvalidValue(conduit_core::StructuredInfoRefusal::WrongType))?; let _ = payload; Ok(Self::Root) },
            "vocative" => { let payload = value.variant_payload("vocative").map_err(NativeBindingRefusal::InvalidValue)?.ok_or(NativeBindingRefusal::InvalidValue(conduit_core::StructuredInfoRefusal::WrongType))?; let _ = payload; Ok(Self::Vocative) },
            "xcomp" => { let payload = value.variant_payload("xcomp").map_err(NativeBindingRefusal::InvalidValue)?.ok_or(NativeBindingRefusal::InvalidValue(conduit_core::StructuredInfoRefusal::WrongType))?; let _ = payload; Ok(Self::Xcomp) },
            _ => Err(NativeBindingRefusal::InvalidValue(conduit_core::StructuredInfoRefusal::WrongType)),
        }?;
        if __conduit_node_scope.requires_validation() { family.validate(Self::PREPARED_DESCRIPTOR, value)?; }
        Ok(candidate)
    }

}

pub static PREPARED_NATIVE_FAMILY_ROOTS: &[&conduit_plot::rust_binding::NativeFamilyTypeDescriptor] = &[&LanguageParserWindow8RawBeam_PREPARED_NATIVE_DESCRIPTOR];
use conduit_plot::rust_binding::{PreparedNativeFamily,PreparedNativeFamilyLimits,PreparedNativeRustBinding,NativeChildAdmissionScope,AdmittedNativeChild};
use std::{rc::Rc,time::Instant};
fn main(){
 let limits=PreparedNativeFamilyLimits{maximum_types:64,maximum_laws_per_type:256,maximum_input_bytes:262144,maximum_retained_bytes:256*1024*1024,maximum_preparation_peak_bytes:512*1024*1024,maximum_conversion_requested_bytes:1024*1024*1024};
 let start=Instant::now();let mut family=PreparedNativeFamily::prepare_with_child_admission(PREPARED_NATIVE_FAMILY_ROOTS,limits).unwrap();println!("prepare_nanos={} receipt={:?}",start.elapsed().as_nanos(),family.storage_receipt());
 let mut plain=0u128;let mut scoped=0u128;let mut reference=0u128;let mut cap_prep=0u128;let mut cap_storage=0usize;
 for epoch in 0..10 {
  let bytes=std::fs::read(format!("work/native-child-rank/epoch-{epoch}.bin")).unwrap();
  let view=conduit_core::validate_canonical_structured_value(&bytes).unwrap();let mut caps=Vec::with_capacity(4);
  let start=Instant::now();
  for field in ["candidate0","candidate1","candidate2","candidate3"]{
   let child=view.record_field(field).unwrap().unwrap();let mut frame=Vec::with_capacity(child.type_bytes().len()+child.value_node().len());frame.extend_from_slice(child.type_bytes());frame.extend_from_slice(child.value_node());
   let (_,cap)=family.decode_admitted::<LanguageParserWindow8RawHypothesis>(Rc::from(frame),usize::MAX).unwrap();cap_storage+=cap.storage_receipt().combined_bytes_bound;caps.push(cap);
  }cap_prep+=start.elapsed().as_nanos();let refs:Vec<&AdmittedNativeChild>=caps.iter().collect();
  let start=Instant::now();let expected=LanguageParserWindow8RawBeam::decode(&bytes).unwrap();reference+=start.elapsed().as_nanos();
  for _ in 0..20 {
   let start=Instant::now();let actual=family.decode::<LanguageParserWindow8RawBeam>(&bytes).unwrap();plain+=start.elapsed().as_nanos();assert_eq!(actual,expected);
   let start=Instant::now();let actual=family.decode_with_admitted_children::<LanguageParserWindow8RawBeam>(&bytes,&refs,NativeChildAdmissionScope::maximum_scope_state_bytes()).unwrap();scoped+=start.elapsed().as_nanos();assert_eq!(actual,expected);
  }
 }
 println!("PASS all10 retained actual epoch beam values; repeats=20 reference_once_nanos={reference} prepared_nanos={plain} child_scoped_nanos={scoped} capability_fresh_admission_nanos={cap_prep} cumulative_cap_combined_bound={cap_storage} scope_logical_bytes={}",NativeChildAdmissionScope::maximum_scope_state_bytes());
}
