2026-10-08T01:21:51.4544326Z Current runner version: '2.337.0'
2026-10-08T01:21:51.4570139Z ##[group]Runner Image Provisioner
2026-10-08T01:21:51.4571014Z Hosted Compute Agent
2026-10-08T01:21:51.4571592Z Version: 20260901.588
2026-10-08T01:21:51.4572227Z Commit: f88ec8081b781fac6c440065ac7ff9e710ce3d0b
2026-10-08T01:21:51.4572976Z Build Date: 2026-09-01T19:56:44Z
2026-10-08T01:21:51.4574248Z Worker ID: {43721f3c-4e22-4021-8f30-07851b9b8fe4}
2026-10-08T01:21:51.4575091Z Azure Region: centralus
2026-10-08T01:21:51.4575855Z ##[endgroup]
2026-10-08T01:21:51.4577607Z ##[group]Operating System
2026-10-08T01:21:51.4578290Z Ubuntu
2026-10-08T01:21:51.4578781Z 24.04.5
2026-10-08T01:21:51.4579307Z LTS
2026-10-08T01:21:51.4579826Z ##[endgroup]
2026-10-08T01:21:51.4580356Z ##[group]Runner Image
2026-10-08T01:21:51.4580953Z Image: ubuntu-24.04
2026-10-08T01:21:51.4581515Z Version: 20260927.320.1
2026-10-08T01:21:51.4582801Z Included Software: https://github.com/actions/runner-images/blob/ubuntu24/20260927.320/images/ubuntu/Ubuntu2404-Readme.md
2026-10-08T01:21:51.4584573Z Image Release: https://github.com/actions/runner-images/releases/tag/ubuntu24%2F20260927.320
2026-10-08T01:21:51.4585508Z ##[endgroup]
2026-10-08T01:21:51.4586570Z ##[group]GITHUB_TOKEN Permissions
2026-10-08T01:21:51.4589336Z Contents: read
2026-10-08T01:21:51.4590014Z Metadata: read
2026-10-08T01:21:51.4590834Z ##[endgroup]
2026-10-08T01:21:51.4593334Z Secret source: Actions
2026-10-08T01:21:51.4594425Z Cache mode: write
2026-10-08T01:21:51.4595391Z Prepare workflow directory
2026-10-08T01:21:51.5308675Z Prepare all required actions
2026-10-08T01:21:51.5377317Z Getting action download info
2026-10-08T01:21:51.7911000Z Download action repository 'actions/checkout@v7.0.1' (SHA:3d3c42e5aac5ba805825da76410c181273ba90b1)
2026-10-08T01:21:51.8988722Z Download action repository 'dtolnay/rust-toolchain@1.98.1' (SHA:c6590455eca8e79d081430ebfe2074192ae90290)
2026-10-08T01:21:52.1043884Z Download action repository 'actions/setup-node@v7.0.0' (SHA:820762786026740c76f36085b0efc47a31fe5020)
2026-10-08T01:21:52.2220506Z Download action repository 'actions/upload-artifact@v7.0.1' (SHA:043fb46d1a93c77aae656e7c1c64a875d1fc6a0a)
2026-10-08T01:21:52.5799249Z Uses: dancxjo/conduit/.github/workflows/ci.yml@refs/pull/5194/merge (f4d7a2f5fd0c9bc10758a90d320d910be9005f46)
2026-10-08T01:21:52.5805001Z ##[group] Inputs
2026-10-08T01:21:52.5806225Z   sha: 6a8575127f69ad2ddaca6c37ce0e0a720c07a772
2026-10-08T01:21:52.5807853Z   exhaustive: false
2026-10-08T01:21:52.5809127Z   base: 5be5340248af5e82a4b5d54410f4ef745afdfa7c
2026-10-08T01:21:52.5810416Z ##[endgroup]
2026-10-08T01:21:52.5811535Z Complete job name: proof / candidate/quick
2026-10-08T01:21:52.6591503Z ##[group]Run actions/checkout@v7.0.1
2026-10-08T01:21:52.6592934Z with:
2026-10-08T01:21:52.6594154Z   ref: 6a8575127f69ad2ddaca6c37ce0e0a720c07a772
2026-10-08T01:21:52.6595468Z   fetch-depth: 0
2026-10-08T01:21:52.6596455Z   persist-credentials: false
2026-10-08T01:21:52.6597548Z   repository: dancxjo/conduit
2026-10-08T01:21:52.6606270Z   token: ***
2026-10-08T01:21:52.6607294Z   ssh-strict: true
2026-10-08T01:21:52.6608293Z   ssh-user: git
2026-10-08T01:21:52.6609245Z   clean: true
2026-10-08T01:21:52.6610219Z   sparse-checkout-cone-mode: true
2026-10-08T01:21:52.6611362Z   fetch-tags: false
2026-10-08T01:21:52.6612328Z   show-progress: true
2026-10-08T01:21:52.6613422Z   lfs: false
2026-10-08T01:21:52.6614437Z   submodules: false
2026-10-08T01:21:52.6615402Z   set-safe-directory: true
2026-10-08T01:21:52.6616522Z   allow-unsafe-pr-checkout: false
2026-10-08T01:21:52.6617856Z env:
2026-10-08T01:21:52.6618780Z   CARGO_TERM_COLOR: always
2026-10-08T01:21:52.6619958Z   CARGO_INCREMENTAL: 0
2026-10-08T01:21:52.6620975Z   CARGO_PROFILE_DEV_DEBUG: 0
2026-10-08T01:21:52.6622078Z   CARGO_PROFILE_TEST_DEBUG: 0
2026-10-08T01:21:52.6623282Z   RUSTUP_TOOLCHAIN: 1.98.1
2026-10-08T01:21:52.6624642Z   CONDUIT_CHECKOUT_SHA: 6a8575127f69ad2ddaca6c37ce0e0a720c07a772
2026-10-08T01:21:52.6626007Z ##[endgroup]
2026-10-08T01:21:52.7631854Z Syncing repository: dancxjo/conduit
2026-10-08T01:21:52.7635372Z ##[group]Getting Git version info
2026-10-08T01:21:52.7636728Z Working directory is '/home/runner/work/conduit/conduit'
2026-10-08T01:21:52.7638792Z [command]/usr/bin/git version
2026-10-08T01:21:52.7679124Z git version 2.55.0
2026-10-08T01:21:52.7698360Z ##[endgroup]
2026-10-08T01:21:52.7707690Z Temporarily overriding HOME='/home/runner/work/_temp/b461f664-b771-49f0-8195-caeff815ff49' before making global git config changes
2026-10-08T01:21:52.7711537Z Adding repository directory to the temporary git global config as a safe directory
2026-10-08T01:21:52.7714874Z [command]/usr/bin/git config --global --add safe.directory /home/runner/work/conduit/conduit
2026-10-08T01:21:52.7756548Z Deleting the contents of '/home/runner/work/conduit/conduit'
2026-10-08T01:21:52.7760176Z ##[group]Determining repository object format
2026-10-08T01:21:52.7762892Z ##[endgroup]
2026-10-08T01:21:52.7765383Z ##[group]Initializing the repository
2026-10-08T01:21:52.7767411Z [command]/usr/bin/git init /home/runner/work/conduit/conduit
2026-10-08T01:21:52.7856877Z hint: Using 'master' as the name for the initial branch. This default branch name
2026-10-08T01:21:52.7859861Z hint: will change to "main" in Git 3.0. To configure the initial branch name
2026-10-08T01:21:52.7862620Z hint: to use in all of your new repositories, which will suppress this warning,
2026-10-08T01:21:52.7865261Z hint: call:
2026-10-08T01:21:52.7866478Z hint:
2026-10-08T01:21:52.7868170Z hint: 	git config --global init.defaultBranch <name>
2026-10-08T01:21:52.7869981Z hint:
2026-10-08T01:21:52.7871606Z hint: Names commonly chosen instead of 'master' are 'main', 'trunk' and
2026-10-08T01:21:52.7874738Z hint: 'development'. The just-created branch can be renamed via this command:
2026-10-08T01:21:52.7876476Z hint:
2026-10-08T01:21:52.7877420Z hint: 	git branch -m <name>
2026-10-08T01:21:52.7878430Z hint:
2026-10-08T01:21:52.7880039Z hint: Disable this message with "git config set advice.defaultBranchName false"
2026-10-08T01:21:52.7882492Z Initialized empty Git repository in /home/runner/work/conduit/conduit/.git/
2026-10-08T01:21:52.7885989Z [command]/usr/bin/git remote add origin https://github.com/dancxjo/conduit
2026-10-08T01:21:52.7918473Z ##[endgroup]
2026-10-08T01:21:52.7920915Z ##[group]Disabling automatic garbage collection
2026-10-08T01:21:52.7922896Z [command]/usr/bin/git config --local gc.auto 0
2026-10-08T01:21:52.7951438Z ##[endgroup]
2026-10-08T01:21:52.7954241Z ##[group]Setting up auth
2026-10-08T01:21:52.7955752Z Removing SSH command configuration
2026-10-08T01:21:52.7958412Z [command]/usr/bin/git config --local --name-only --get-regexp core\.sshCommand
2026-10-08T01:21:52.7985288Z [command]/usr/bin/git submodule foreach --recursive sh -c "git config --local --name-only --get-regexp 'core\.sshCommand' && git config --local --unset-all 'core.sshCommand' || :"
2026-10-08T01:21:52.8454295Z Removing HTTP extra header
2026-10-08T01:21:52.8459883Z [command]/usr/bin/git config --local --name-only --get-regexp http\.https\:\/\/github\.com\/\.extraheader
2026-10-08T01:21:52.8496867Z [command]/usr/bin/git submodule foreach --recursive sh -c "git config --local --name-only --get-regexp 'http\.https\:\/\/github\.com\/\.extraheader' && git config --local --unset-all 'http.https://github.com/.extraheader' || :"
2026-10-08T01:21:52.8668490Z Removing includeIf entries pointing to credentials config files
2026-10-08T01:21:52.8673590Z [command]/usr/bin/git config --local --name-only --get-regexp ^includeIf\.gitdir:
2026-10-08T01:21:52.8701195Z [command]/usr/bin/git submodule foreach --recursive git config --local --show-origin --name-only --get-regexp remote.origin.url
2026-10-08T01:21:52.8882561Z [command]/usr/bin/git config --file /home/runner/work/_temp/git-credentials-c9414887-3639-4c64-8955-9ec37596939b.config http.https://github.com/.extraheader AUTHORIZATION: basic ***
2026-10-08T01:21:52.8914847Z [command]/usr/bin/git config --local includeIf.gitdir:/home/runner/work/conduit/conduit/.git.path /home/runner/work/_temp/git-credentials-c9414887-3639-4c64-8955-9ec37596939b.config
2026-10-08T01:21:52.8942770Z [command]/usr/bin/git config --local includeIf.gitdir:/home/runner/work/conduit/conduit/.git/worktrees/*.path /home/runner/work/_temp/git-credentials-c9414887-3639-4c64-8955-9ec37596939b.config
2026-10-08T01:21:52.8974388Z [command]/usr/bin/git config --local includeIf.gitdir:/github/workspace/.git.path /github/runner_temp/git-credentials-c9414887-3639-4c64-8955-9ec37596939b.config
2026-10-08T01:21:52.9004383Z [command]/usr/bin/git config --local includeIf.gitdir:/github/workspace/.git/worktrees/*.path /github/runner_temp/git-credentials-c9414887-3639-4c64-8955-9ec37596939b.config
2026-10-08T01:21:52.9073714Z ##[endgroup]
2026-10-08T01:21:52.9075971Z ##[group]Fetching the repository
2026-10-08T01:21:52.9078535Z [command]/usr/bin/git -c protocol.version=2 fetch --no-tags --prune --no-recurse-submodules origin +refs/heads/*:refs/remotes/origin/* +refs/tags/*:refs/tags/*
2026-10-08T01:22:05.3022383Z From https://github.com/dancxjo/conduit
2026-10-08T01:22:05.3024018Z  * [new branch]          archive/branch-cleanup-20261006/4807-face-human-labels -> origin/archive/branch-cleanup-20261006/4807-face-human-labels
2026-10-08T01:22:05.3025453Z  * [new branch]          archive/branch-cleanup-20261006/4922-presentation-seal -> origin/archive/branch-cleanup-20261006/4922-presentation-seal
2026-10-08T01:22:05.3026977Z  * [new branch]          archive/branch-cleanup-20261006/native-face-scene -> origin/archive/branch-cleanup-20261006/native-face-scene
2026-10-08T01:22:05.3028351Z  * [new branch]          archive/cleanup-20261002/codex/3938-conduitese-routing -> origin/archive/cleanup-20261002/codex/3938-conduitese-routing
2026-10-08T01:22:05.3029919Z  * [new branch]          archive/cleanup-20261002/codex/4001-body-evidence-journey -> origin/archive/cleanup-20261002/codex/4001-body-evidence-journey
2026-10-08T01:22:05.3031698Z  * [new branch]          archive/cleanup-20261002/codex/4001-observatory-causal-projection -> origin/archive/cleanup-20261002/codex/4001-observatory-causal-projection
2026-10-08T01:22:05.3033698Z  * [new branch]          archive/cleanup-20261002/codex/4001-observatory-vertical -> origin/archive/cleanup-20261002/codex/4001-observatory-vertical
2026-10-08T01:22:05.3035366Z  * [new branch]          archive/cleanup-20261002/codex/4001-source-spans -> origin/archive/cleanup-20261002/codex/4001-source-spans
2026-10-08T01:22:05.3036955Z  * [new branch]          archive/cleanup-20261002/codex/4001-terminal-causal-correlation -> origin/archive/cleanup-20261002/codex/4001-terminal-causal-correlation
2026-10-08T01:22:05.3039053Z  * [new branch]          archive/cleanup-20261002/codex/4001-visible-causal-face -> origin/archive/cleanup-20261002/codex/4001-visible-causal-face
2026-10-08T01:22:05.3040751Z  * [new branch]          archive/cleanup-20261002/codex/4055-package-graph -> origin/archive/cleanup-20261002/codex/4055-package-graph
2026-10-08T01:22:05.3042210Z  * [new branch]          archive/cleanup-20261002/codex/4061-browser-debounce -> origin/archive/cleanup-20261002/codex/4061-browser-debounce
2026-10-08T01:22:05.3044151Z  * [new branch]          archive/cleanup-20261002/codex/4061-browser-window -> origin/archive/cleanup-20261002/codex/4061-browser-window
2026-10-08T01:22:05.3045697Z  * [new branch]          archive/cleanup-20261002/codex/4061-browser-window-install -> origin/archive/cleanup-20261002/codex/4061-browser-window-install
2026-10-08T01:22:05.3047299Z  * [new branch]          archive/cleanup-20261002/codex/4061-deadline -> origin/archive/cleanup-20261002/codex/4061-deadline
2026-10-08T01:22:05.3048785Z  * [new branch]          archive/cleanup-20261002/codex/4061-sample-specialization -> origin/archive/cleanup-20261002/codex/4061-sample-specialization
2026-10-08T01:22:05.3050377Z  * [new branch]          archive/cleanup-20261002/codex/4061-shared-debounce -> origin/archive/cleanup-20261002/codex/4061-shared-debounce
2026-10-08T01:22:05.3051840Z  * [new branch]          archive/cleanup-20261002/codex/4061-standalone-lock-repair -> origin/archive/cleanup-20261002/codex/4061-standalone-lock-repair
2026-10-08T01:22:05.3053839Z  * [new branch]          archive/cleanup-20261002/codex/4064-current-sample -> origin/archive/cleanup-20261002/codex/4064-current-sample
2026-10-08T01:22:05.3054775Z  * [new branch]          archive/cleanup-20261002/codex/4064-flow-zip -> origin/archive/cleanup-20261002/codex/4064-flow-zip
2026-10-08T01:22:05.3055687Z  * [new branch]          archive/cleanup-20261002/codex/4064-flow-zip-current -> origin/archive/cleanup-20261002/codex/4064-flow-zip-current
2026-10-08T01:22:05.3056717Z  * [new branch]          archive/cleanup-20261002/codex/4064-join-diagnostic -> origin/archive/cleanup-20261002/codex/4064-join-diagnostic
2026-10-08T01:22:05.3057632Z  * [new branch]          archive/cleanup-20261002/codex/4064-keyed-join -> origin/archive/cleanup-20261002/codex/4064-keyed-join
2026-10-08T01:22:05.3059196Z  * [new branch]          archive/cleanup-20261002/codex/4072-derived-transformation-eligibility -> origin/archive/cleanup-20261002/codex/4072-derived-transformation-eligibility
2026-10-08T01:22:05.3060994Z  * [new branch]          archive/cleanup-20261002/codex/4072-retained-retry-evidence -> origin/archive/cleanup-20261002/codex/4072-retained-retry-evidence
2026-10-08T01:22:05.3062730Z  * [new branch]          archive/cleanup-20261002/codex/4080-local-integration -> origin/archive/cleanup-20261002/codex/4080-local-integration
2026-10-08T01:22:05.3064521Z  * [new branch]          archive/cleanup-20261002/codex/4090-field-station-patchbay -> origin/archive/cleanup-20261002/codex/4090-field-station-patchbay
2026-10-08T01:22:05.3066156Z  * [new branch]          archive/cleanup-20261002/codex/4090-sdk-recovery -> origin/archive/cleanup-20261002/codex/4090-sdk-recovery
2026-10-08T01:22:05.3068157Z  * [new branch]          archive/cleanup-20261002/codex/4091-canonical-integration -> origin/archive/cleanup-20261002/codex/4091-canonical-integration
2026-10-08T01:22:05.3069381Z  * [new branch]          archive/cleanup-20261002/codex/4092-canonical-recursive-provider -> origin/archive/cleanup-20261002/codex/4092-canonical-recursive-provider
2026-10-08T01:22:05.3070542Z  * [new branch]          archive/cleanup-20261002/codex/4092-delete-generate-text -> origin/archive/cleanup-20261002/codex/4092-delete-generate-text
2026-10-08T01:22:05.3071658Z  * [new branch]          archive/cleanup-20261002/codex/4092-delete-generate-text-semantics -> origin/archive/cleanup-20261002/codex/4092-delete-generate-text-semantics
2026-10-08T01:22:05.3072877Z  * [new branch]          archive/cleanup-20261002/codex/4092-live-canonical -> origin/archive/cleanup-20261002/codex/4092-live-canonical
2026-10-08T01:22:05.3074147Z  * [new branch]          archive/cleanup-20261002/codex/4093-acceptance-gap -> origin/archive/cleanup-20261002/codex/4093-acceptance-gap
2026-10-08T01:22:05.3075184Z  * [new branch]          archive/cleanup-20261002/codex/4093-construction-truth -> origin/archive/cleanup-20261002/codex/4093-construction-truth
2026-10-08T01:22:05.3076236Z  * [new branch]          archive/cleanup-20261002/codex/4093-delete-piper-documentary -> origin/archive/cleanup-20261002/codex/4093-delete-piper-documentary
2026-10-08T01:22:05.3077343Z  * [new branch]          archive/cleanup-20261002/codex/4093-face-mask-show-track -> origin/archive/cleanup-20261002/codex/4093-face-mask-show-track
2026-10-08T01:22:05.3078365Z  * [new branch]          archive/cleanup-20261002/codex/4093-hosted-live-mask -> origin/archive/cleanup-20261002/codex/4093-hosted-live-mask
2026-10-08T01:22:05.3079480Z  * [new branch]          archive/cleanup-20261002/codex/4093-remove-recording-overlay -> origin/archive/cleanup-20261002/codex/4093-remove-recording-overlay
2026-10-08T01:22:05.3080934Z  * [new branch]          archive/cleanup-20261002/codex/4093-single-action-contract -> origin/archive/cleanup-20261002/codex/4093-single-action-contract
2026-10-08T01:22:05.3081927Z  * [new branch]          archive/cleanup-20261002/codex/4095-field-station -> origin/archive/cleanup-20261002/codex/4095-field-station
2026-10-08T01:22:05.3083740Z  * [new branch]          archive/cleanup-20261002/codex/4096-field-station-tick -> origin/archive/cleanup-20261002/codex/4096-field-station-tick
2026-10-08T01:22:05.3084806Z  * [new branch]          archive/cleanup-20261002/codex/4098-semantic-tone-pcm -> origin/archive/cleanup-20261002/codex/4098-semantic-tone-pcm
2026-10-08T01:22:05.3085815Z  * [new branch]          archive/cleanup-20261002/codex/4102-spoken-zero-body -> origin/archive/cleanup-20261002/codex/4102-spoken-zero-body
2026-10-08T01:22:05.3086890Z  * [new branch]          archive/cleanup-20261002/codex/4109-cancellation-admission -> origin/archive/cleanup-20261002/codex/4109-cancellation-admission
2026-10-08T01:22:05.3087931Z  * [new branch]          archive/cleanup-20261002/codex/4109-canonical-highlight -> origin/archive/cleanup-20261002/codex/4109-canonical-highlight
2026-10-08T01:22:05.3088959Z  * [new branch]          archive/cleanup-20261002/codex/4109-initialized-keep -> origin/archive/cleanup-20261002/codex/4109-initialized-keep
2026-10-08T01:22:05.3089999Z  * [new branch]          archive/cleanup-20261002/codex/4109-nested-abnormal-boundary -> origin/archive/cleanup-20261002/codex/4109-nested-abnormal-boundary
2026-10-08T01:22:05.3091083Z  * [new branch]          archive/cleanup-20261002/codex/4109-offer-semantic-contract -> origin/archive/cleanup-20261002/codex/4109-offer-semantic-contract
2026-10-08T01:22:05.3092187Z  * [new branch]          archive/cleanup-20261002/codex/4109-optional-keep-lowering -> origin/archive/cleanup-20261002/codex/4109-optional-keep-lowering
2026-10-08T01:22:05.3093586Z  * [new branch]          archive/cleanup-20261002/codex/4109-optional-quantity-keep -> origin/archive/cleanup-20261002/codex/4109-optional-quantity-keep
2026-10-08T01:22:05.3094724Z  * [new branch]          archive/cleanup-20261002/codex/4109-parser-front-extraction -> origin/archive/cleanup-20261002/codex/4109-parser-front-extraction
2026-10-08T01:22:05.3095802Z  * [new branch]          archive/cleanup-20261002/codex/4109-resource-valued-ports -> origin/archive/cleanup-20261002/codex/4109-resource-valued-ports
2026-10-08T01:22:05.3096856Z  * [new branch]          archive/cleanup-20261002/codex/4109-sequence-cardinality -> origin/archive/cleanup-20261002/codex/4109-sequence-cardinality
2026-10-08T01:22:05.3098120Z  * [new branch]          archive/cleanup-20261002/codex/4109-source-conformance -> origin/archive/cleanup-20261002/codex/4109-source-conformance
2026-10-08T01:22:05.3099650Z  * [new branch]          archive/cleanup-20261002/codex/4109-source-package-lock -> origin/archive/cleanup-20261002/codex/4109-source-package-lock
2026-10-08T01:22:05.3101435Z  * [new branch]          archive/cleanup-20261002/codex/4109-terminal-control-highlighting -> origin/archive/cleanup-20261002/codex/4109-terminal-control-highlighting
2026-10-08T01:22:05.3103201Z  * [new branch]          archive/cleanup-20261002/codex/4109-typed-abnormal-terminal -> origin/archive/cleanup-20261002/codex/4109-typed-abnormal-terminal
2026-10-08T01:22:05.3104512Z  * [new branch]          archive/cleanup-20261002/codex/4115-4167-acceptance-gaps -> origin/archive/cleanup-20261002/codex/4115-4167-acceptance-gaps
2026-10-08T01:22:05.3105474Z  * [new branch]          archive/cleanup-20261002/codex/4115-authored-wardrobe -> origin/archive/cleanup-20261002/codex/4115-authored-wardrobe
2026-10-08T01:22:05.3106996Z  * [new branch]          archive/cleanup-20261002/codex/4115-browser-mask -> origin/archive/cleanup-20261002/codex/4115-browser-mask
2026-10-08T01:22:05.3108019Z  * [new branch]          archive/cleanup-20261002/codex/4115-browser-mask-runtime -> origin/archive/cleanup-20261002/codex/4115-browser-mask-runtime
2026-10-08T01:22:05.3109088Z  * [new branch]          archive/cleanup-20261002/codex/4115-delete-pete-interaction-scaffold -> origin/archive/cleanup-20261002/codex/4115-delete-pete-interaction-scaffold
2026-10-08T01:22:05.3110174Z  * [new branch]          archive/cleanup-20261002/codex/4115-delete-pete-presenter -> origin/archive/cleanup-20261002/codex/4115-delete-pete-presenter
2026-10-08T01:22:05.3111292Z  * [new branch]          archive/cleanup-20261002/codex/4115-face-fore -> origin/archive/cleanup-20261002/codex/4115-face-fore
2026-10-08T01:22:05.3112524Z  * [new branch]          archive/cleanup-20261002/codex/4115-mask-context -> origin/archive/cleanup-20261002/codex/4115-mask-context
2026-10-08T01:22:05.3113642Z  * [new branch]          archive/cleanup-20261002/codex/4115-mask-topology -> origin/archive/cleanup-20261002/codex/4115-mask-topology
2026-10-08T01:22:05.3114660Z  * [new branch]          archive/cleanup-20261002/codex/4115-native-mask-evidence -> origin/archive/cleanup-20261002/codex/4115-native-mask-evidence
2026-10-08T01:22:05.3115669Z  * [new branch]          archive/cleanup-20261002/codex/4115-native-mask-runtime -> origin/archive/cleanup-20261002/codex/4115-native-mask-runtime
2026-10-08T01:22:05.3116659Z  * [new branch]          archive/cleanup-20261002/codex/4115-spoken-generative -> origin/archive/cleanup-20261002/codex/4115-spoken-generative
2026-10-08T01:22:05.3117645Z  * [new branch]          archive/cleanup-20261002/codex/4116-current-snapshot -> origin/archive/cleanup-20261002/codex/4116-current-snapshot
2026-10-08T01:22:05.3118574Z  * [new branch]          archive/cleanup-20261002/codex/4116-durable-body-state -> origin/archive/cleanup-20261002/codex/4116-durable-body-state
2026-10-08T01:22:05.3119552Z  * [new branch]          archive/cleanup-20261002/codex/4116-durable-text-state -> origin/archive/cleanup-20261002/codex/4116-durable-text-state
2026-10-08T01:22:05.3120594Z  * [new branch]          archive/cleanup-20261002/codex/4116-exact-data-generation-contract -> origin/archive/cleanup-20261002/codex/4116-exact-data-generation-contract
2026-10-08T01:22:05.3121673Z  * [new branch]          archive/cleanup-20261002/codex/4116-keep-retention-admission -> origin/archive/cleanup-20261002/codex/4116-keep-retention-admission
2026-10-08T01:22:05.3122695Z  * [new branch]          archive/cleanup-20261002/codex/4116-patchbay-retained-state -> origin/archive/cleanup-20261002/codex/4116-patchbay-retained-state
2026-10-08T01:22:05.3123862Z  * [new branch]          archive/cleanup-20261002/codex/4130-delete-policy-theater -> origin/archive/cleanup-20261002/codex/4130-delete-policy-theater
2026-10-08T01:22:05.3124839Z  * [new branch]          archive/cleanup-20261002/codex/4130-face-grounding -> origin/archive/cleanup-20261002/codex/4130-face-grounding
2026-10-08T01:22:05.3125757Z  * [new branch]          archive/cleanup-20261002/codex/4134-presentation-core -> origin/archive/cleanup-20261002/codex/4134-presentation-core
2026-10-08T01:22:05.3126883Z  * [new branch]          archive/cleanup-20261002/codex/4135-presentation-contributions -> origin/archive/cleanup-20261002/codex/4135-presentation-contributions
2026-10-08T01:22:05.3127861Z  * [new branch]          archive/cleanup-20261002/codex/4136-patchbay-form -> origin/archive/cleanup-20261002/codex/4136-patchbay-form
2026-10-08T01:22:05.3128907Z  * [new branch]          archive/cleanup-20261002/codex/4162-decouple-avr-browser-admission -> origin/archive/cleanup-20261002/codex/4162-decouple-avr-browser-admission
2026-10-08T01:22:05.3130045Z  * [new branch]          archive/cleanup-20261002/codex/4164-delete-dead-product-proof-ci -> origin/archive/cleanup-20261002/codex/4164-delete-dead-product-proof-ci
2026-10-08T01:22:05.3131080Z  * [new branch]          archive/cleanup-20261002/codex/4167-aural-input-contracts -> origin/archive/cleanup-20261002/codex/4167-aural-input-contracts
2026-10-08T01:22:05.3132046Z  * [new branch]          archive/cleanup-20261002/codex/4167-aural-properties -> origin/archive/cleanup-20261002/codex/4167-aural-properties
2026-10-08T01:22:05.3133065Z  * [new branch]          archive/cleanup-20261002/codex/4167-deterministic-aural -> origin/archive/cleanup-20261002/codex/4167-deterministic-aural
2026-10-08T01:22:05.3134100Z  * [new branch]          archive/cleanup-20261002/codex/4167-domain-conformance -> origin/archive/cleanup-20261002/codex/4167-domain-conformance
2026-10-08T01:22:05.3135160Z  * [new branch]          archive/cleanup-20261002/codex/4167-honest-mask-conformance -> origin/archive/cleanup-20261002/codex/4167-honest-mask-conformance
2026-10-08T01:22:05.3136171Z  * [new branch]          archive/cleanup-20261002/codex/4167-ordinary-browser-mask -> origin/archive/cleanup-20261002/codex/4167-ordinary-browser-mask
2026-10-08T01:22:05.3137106Z  * [new branch]          archive/cleanup-20261002/codex/4167-pattern-face -> origin/archive/cleanup-20261002/codex/4167-pattern-face
2026-10-08T01:22:05.3138009Z  * [new branch]          archive/cleanup-20261002/codex/4167-pressure-specimen -> origin/archive/cleanup-20261002/codex/4167-pressure-specimen
2026-10-08T01:22:05.3139089Z  * [new branch]          archive/cleanup-20261002/codex/4167-production-face-participation -> origin/archive/cleanup-20261002/codex/4167-production-face-participation
2026-10-08T01:22:05.3140243Z  * [new branch]          archive/cleanup-20261002/codex/4167-production-patchbay-matrix -> origin/archive/cleanup-20261002/codex/4167-production-patchbay-matrix
2026-10-08T01:22:05.3141292Z  * [new branch]          archive/cleanup-20261002/codex/4167-range-membership -> origin/archive/cleanup-20261002/codex/4167-range-membership
2026-10-08T01:22:05.3142296Z  * [new branch]          archive/cleanup-20261002/codex/4167-real-mask-evidence -> origin/archive/cleanup-20261002/codex/4167-real-mask-evidence
2026-10-08T01:22:05.3143527Z  * [new branch]          archive/cleanup-20261002/codex/4167-specimen-audit -> origin/archive/cleanup-20261002/codex/4167-specimen-audit
2026-10-08T01:22:05.3144610Z  * [new branch]          archive/cleanup-20261002/codex/4173-delete-fourth-product -> origin/archive/cleanup-20261002/codex/4173-delete-fourth-product
2026-10-08T01:22:05.3145669Z  * [new branch]          archive/cleanup-20261002/codex/4174-generative-interaction -> origin/archive/cleanup-20261002/codex/4174-generative-interaction
2026-10-08T01:22:05.3146718Z  * [new branch]          archive/cleanup-20261002/codex/4176-generated-validation -> origin/archive/cleanup-20261002/codex/4176-generated-validation
2026-10-08T01:22:05.3147868Z  * [new branch]          archive/cleanup-20261002/codex/4180-delete-synthetic-human-interaction -> origin/archive/cleanup-20261002/codex/4180-delete-synthetic-human-interaction
2026-10-08T01:22:05.3149172Z  * [new branch]          archive/cleanup-20261002/codex/4182-repair-generative-interaction -> origin/archive/cleanup-20261002/codex/4182-repair-generative-interaction
2026-10-08T01:22:05.3150919Z  * [new branch]          archive/cleanup-20261002/codex/4185-fore-value-bounds -> origin/archive/cleanup-20261002/codex/4185-fore-value-bounds
2026-10-08T01:22:05.3151950Z  * [new branch]          archive/cleanup-20261002/codex/4188-exact-semantic-contract -> origin/archive/cleanup-20261002/codex/4188-exact-semantic-contract
2026-10-08T01:22:05.3152930Z  * [new branch]          archive/cleanup-20261002/codex/4190-causal-dag -> origin/archive/cleanup-20261002/codex/4190-causal-dag
2026-10-08T01:22:05.3154290Z  * [new branch]          archive/cleanup-20261002/codex/4192-semantic-composition-names -> origin/archive/cleanup-20261002/codex/4192-semantic-composition-names
2026-10-08T01:22:05.3155689Z  * [new branch]          archive/cleanup-20261002/codex/4195-remove-pages-rescue -> origin/archive/cleanup-20261002/codex/4195-remove-pages-rescue
2026-10-08T01:22:05.3156644Z  * [new branch]          archive/cleanup-20261002/codex/4197-flow-first -> origin/archive/cleanup-20261002/codex/4197-flow-first
2026-10-08T01:22:05.3157502Z  * [new branch]          archive/cleanup-20261002/codex/4198-inward-face -> origin/archive/cleanup-20261002/codex/4198-inward-face
2026-10-08T01:22:05.3158459Z  * [new branch]          archive/cleanup-20261002/codex/4199-authored-pattern-refinement -> origin/archive/cleanup-20261002/codex/4199-authored-pattern-refinement
2026-10-08T01:22:05.3159775Z  * [new branch]          archive/cleanup-20261002/codex/4199-portable-lookahead -> origin/archive/cleanup-20261002/codex/4199-portable-lookahead
2026-10-08T01:22:05.3160895Z  * [new branch]          archive/cleanup-20261002/codex/4199-refinement-families -> origin/archive/cleanup-20261002/codex/4199-refinement-families
2026-10-08T01:22:05.3161937Z  * [new branch]          archive/cleanup-20261002/codex/4223-remove-final-piper-remnants -> origin/archive/cleanup-20261002/codex/4223-remove-final-piper-remnants
2026-10-08T01:22:05.3163196Z  * [new branch]          archive/cleanup-20261002/codex/4231-body-execution-protocol -> origin/archive/cleanup-20261002/codex/4231-body-execution-protocol
2026-10-08T01:22:05.3164460Z  * [new branch]          archive/cleanup-20261002/codex/4231-body-lifecycle-session-rebuild -> origin/archive/cleanup-20261002/codex/4231-body-lifecycle-session-rebuild
2026-10-08T01:22:05.3165475Z  * [new branch]          archive/cleanup-20261002/codex/4231-browser-membership -> origin/archive/cleanup-20261002/codex/4231-browser-membership
2026-10-08T01:22:05.3166609Z  * [new branch]          archive/cleanup-20261002/codex/4231-browser-vendor-assets -> origin/archive/cleanup-20261002/codex/4231-browser-vendor-assets
2026-10-08T01:22:05.3167947Z  * [new branch]          archive/cleanup-20261002/codex/4231-browser-workbench-assets -> origin/archive/cleanup-20261002/codex/4231-browser-workbench-assets
2026-10-08T01:22:05.3169486Z  * [new branch]          archive/cleanup-20261002/codex/4231-delete-browser-tour-refresh -> origin/archive/cleanup-20261002/codex/4231-delete-browser-tour-refresh
2026-10-08T01:22:05.3170595Z  * [new branch]          archive/cleanup-20261002/codex/4231-delete-dead-browser-carrier-builds -> origin/archive/cleanup-20261002/codex/4231-delete-dead-browser-carrier-builds
2026-10-08T01:22:05.3171973Z  * [new branch]          archive/cleanup-20261002/codex/4231-delete-dead-creche-facade -> origin/archive/cleanup-20261002/codex/4231-delete-dead-creche-facade
2026-10-08T01:22:05.3173125Z  * [new branch]          archive/cleanup-20261002/codex/4231-delete-disabled-browser-ci -> origin/archive/cleanup-20261002/codex/4231-delete-disabled-browser-ci
2026-10-08T01:22:05.3174317Z  * [new branch]          archive/cleanup-20261002/codex/4231-delete-disabled-browser-ci-stage2 -> origin/archive/cleanup-20261002/codex/4231-delete-disabled-browser-ci-stage2
2026-10-08T01:22:05.3175540Z  * [new branch]          archive/cleanup-20261002/codex/4231-delete-disabled-browser-ci-stage2-archive -> origin/archive/cleanup-20261002/codex/4231-delete-disabled-browser-ci-stage2-archive
2026-10-08T01:22:05.3176714Z  * [new branch]          archive/cleanup-20261002/codex/4231-delete-front-controls-facade -> origin/archive/cleanup-20261002/codex/4231-delete-front-controls-facade
2026-10-08T01:22:05.3177954Z  * [new branch]          archive/cleanup-20261002/codex/4231-delete-home-application-speech -> origin/archive/cleanup-20261002/codex/4231-delete-home-application-speech
2026-10-08T01:22:05.3178988Z  * [new branch]          archive/cleanup-20261002/codex/4231-delete-home-evidence -> origin/archive/cleanup-20261002/codex/4231-delete-home-evidence
2026-10-08T01:22:05.3180012Z  * [new branch]          archive/cleanup-20261002/codex/4231-delete-html-coordinator -> origin/archive/cleanup-20261002/codex/4231-delete-html-coordinator
2026-10-08T01:22:05.3181064Z  * [new branch]          archive/cleanup-20261002/codex/4231-delete-patchbay-graph-facade -> origin/archive/cleanup-20261002/codex/4231-delete-patchbay-graph-facade
2026-10-08T01:22:05.3182381Z  * [new branch]          archive/cleanup-20261002/codex/4231-delete-patchbay-seed-alias -> origin/archive/cleanup-20261002/codex/4231-delete-patchbay-seed-alias
2026-10-08T01:22:05.3184053Z  * [new branch]          archive/cleanup-20261002/codex/4231-delete-tour-route-aliases -> origin/archive/cleanup-20261002/codex/4231-delete-tour-route-aliases
2026-10-08T01:22:05.3185300Z  * [new branch]          archive/cleanup-20261002/codex/4231-delete-unused-candidate-adapter -> origin/archive/cleanup-20261002/codex/4231-delete-unused-candidate-adapter
2026-10-08T01:22:05.3186459Z  * [new branch]          archive/cleanup-20261002/codex/4231-delete-workspace-model-pool-v2 -> origin/archive/cleanup-20261002/codex/4231-delete-workspace-model-pool-v2
2026-10-08T01:22:05.3187810Z  * [new branch]          archive/cleanup-20261002/codex/4231-deterministic-microphone-test -> origin/archive/cleanup-20261002/codex/4231-deterministic-microphone-test
2026-10-08T01:22:05.3189148Z  * [new branch]          archive/cleanup-20261002/codex/4231-drop-retired-carrier -> origin/archive/cleanup-20261002/codex/4231-drop-retired-carrier
2026-10-08T01:22:05.3190183Z  * [new branch]          archive/cleanup-20261002/codex/4231-extract-current-host-offers -> origin/archive/cleanup-20261002/codex/4231-extract-current-host-offers
2026-10-08T01:22:05.3191186Z  * [new branch]          archive/cleanup-20261002/codex/4231-extract-maker-workbench -> origin/archive/cleanup-20261002/codex/4231-extract-maker-workbench
2026-10-08T01:22:05.3192378Z  * [new branch]          archive/cleanup-20261002/codex/4231-forms-impact-ownership -> origin/archive/cleanup-20261002/codex/4231-forms-impact-ownership
2026-10-08T01:22:05.3193720Z  * [new branch]          archive/cleanup-20261002/codex/4231-gate-schema-transition -> origin/archive/cleanup-20261002/codex/4231-gate-schema-transition
2026-10-08T01:22:05.3194779Z  * [new branch]          archive/cleanup-20261002/codex/4231-harvest-tour-journey-refresh -> origin/archive/cleanup-20261002/codex/4231-harvest-tour-journey-refresh
2026-10-08T01:22:05.3195809Z  * [new branch]          archive/cleanup-20261002/codex/4231-home-truthful-journey -> origin/archive/cleanup-20261002/codex/4231-home-truthful-journey
2026-10-08T01:22:05.3196712Z  * [new branch]          archive/cleanup-20261002/codex/4231-html-sdk -> origin/archive/cleanup-20261002/codex/4231-html-sdk
2026-10-08T01:22:05.3197666Z  * [new branch]          archive/cleanup-20261002/codex/4231-move-shared-face-toolkit -> origin/archive/cleanup-20261002/codex/4231-move-shared-face-toolkit
2026-10-08T01:22:05.3199232Z  * [new branch]          archive/cleanup-20261002/codex/4231-narrow-pages-carrier-ownership -> origin/archive/cleanup-20261002/codex/4231-narrow-pages-carrier-ownership
2026-10-08T01:22:05.3200566Z  * [new branch]          archive/cleanup-20261002/codex/4231-native-direct-patchbay-graph -> origin/archive/cleanup-20261002/codex/4231-native-direct-patchbay-graph
2026-10-08T01:22:05.3201661Z  * [new branch]          archive/cleanup-20261002/codex/4231-native-patchbay-ci-ownership -> origin/archive/cleanup-20261002/codex/4231-native-patchbay-ci-ownership
2026-10-08T01:22:05.3202722Z  * [new branch]          archive/cleanup-20261002/codex/4231-neutral-lucide -> origin/archive/cleanup-20261002/codex/4231-neutral-lucide
2026-10-08T01:22:05.3203807Z  * [new branch]          archive/cleanup-20261002/codex/4231-neutral-unifont -> origin/archive/cleanup-20261002/codex/4231-neutral-unifont
2026-10-08T01:22:05.3204729Z  * [new branch]          archive/cleanup-20261002/codex/4231-next-cleanup -> origin/archive/cleanup-20261002/codex/4231-next-cleanup
2026-10-08T01:22:05.3205584Z  * [new branch]          archive/cleanup-20261002/codex/4231-next-deletion -> origin/archive/cleanup-20261002/codex/4231-next-deletion
2026-10-08T01:22:05.3206565Z  * [new branch]          archive/cleanup-20261002/codex/4231-pages-current-surfaces -> origin/archive/cleanup-20261002/codex/4231-pages-current-surfaces
2026-10-08T01:22:05.3207616Z  * [new branch]          archive/cleanup-20261002/codex/4231-patchbay-application-move -> origin/archive/cleanup-20261002/codex/4231-patchbay-application-move
2026-10-08T01:22:05.3208661Z  * [new branch]          archive/cleanup-20261002/codex/4231-patchbay-doc-boundary -> origin/archive/cleanup-20261002/codex/4231-patchbay-doc-boundary
2026-10-08T01:22:05.3209749Z  * [new branch]          archive/cleanup-20261002/codex/4231-patchbay-graph-move -> origin/archive/cleanup-20261002/codex/4231-patchbay-graph-move
2026-10-08T01:22:05.3210715Z  * [new branch]          archive/cleanup-20261002/codex/4231-pete-canonical-truth -> origin/archive/cleanup-20261002/codex/4231-pete-canonical-truth
2026-10-08T01:22:05.3211725Z  * [new branch]          archive/cleanup-20261002/codex/4231-pete-inspection -> origin/archive/cleanup-20261002/codex/4231-pete-inspection
2026-10-08T01:22:05.3212709Z  * [new branch]          archive/cleanup-20261002/codex/4231-require-local-integration-gate -> origin/archive/cleanup-20261002/codex/4231-require-local-integration-gate
2026-10-08T01:22:05.3213838Z  * [new branch]          archive/cleanup-20261002/codex/4231-resident-patchbay-form -> origin/archive/cleanup-20261002/codex/4231-resident-patchbay-form
2026-10-08T01:22:05.3214992Z  * [new branch]          archive/cleanup-20261002/codex/4231-retire-browser-application-docs -> origin/archive/cleanup-20261002/codex/4231-retire-browser-application-docs
2026-10-08T01:22:05.3216017Z  * [new branch]          archive/cleanup-20261002/codex/4231-retire-native-tour -> origin/archive/cleanup-20261002/codex/4231-retire-native-tour
2026-10-08T01:22:05.3217048Z  * [new branch]          archive/cleanup-20261002/codex/4231-retire-workspace-model-rebuild -> origin/archive/cleanup-20261002/codex/4231-retire-workspace-model-rebuild
2026-10-08T01:22:05.3218102Z  * [new branch]          archive/cleanup-20261002/codex/4231-sdk-body-participation -> origin/archive/cleanup-20261002/codex/4231-sdk-body-participation
2026-10-08T01:22:05.3219111Z  * [new branch]          archive/cleanup-20261002/codex/4231-sdk-external-body-execution -> origin/archive/cleanup-20261002/codex/4231-sdk-external-body-execution
2026-10-08T01:22:05.3220260Z  * [new branch]          archive/cleanup-20261002/codex/4231-semantic-workspace-readiness -> origin/archive/cleanup-20261002/codex/4231-semantic-workspace-readiness
2026-10-08T01:22:05.3221282Z  * [new branch]          archive/cleanup-20261002/codex/4231-std-patchbay-adapter -> origin/archive/cleanup-20261002/codex/4231-std-patchbay-adapter
2026-10-08T01:22:05.3222308Z  * [new branch]          archive/cleanup-20261002/codex/4231-tour-form-ownership-rebuild -> origin/archive/cleanup-20261002/codex/4231-tour-form-ownership-rebuild
2026-10-08T01:22:05.3223467Z  * [new branch]          archive/cleanup-20261002/codex/4231-tutorial-form-ownership-rebuild -> origin/archive/cleanup-20261002/codex/4231-tutorial-form-ownership-rebuild
2026-10-08T01:22:05.3224529Z  * [new branch]          archive/cleanup-20261002/codex/4231-webrtc-assets -> origin/archive/cleanup-20261002/codex/4231-webrtc-assets
2026-10-08T01:22:05.3225596Z  * [new branch]          archive/cleanup-20261002/codex/4231-workbench-host-contract -> origin/archive/cleanup-20261002/codex/4231-workbench-host-contract
2026-10-08T01:22:05.3226696Z  * [new branch]          archive/cleanup-20261002/codex/4335-fixed-arity-glyphs -> origin/archive/cleanup-20261002/codex/4335-fixed-arity-glyphs
2026-10-08T01:22:05.3227700Z  * [new branch]          archive/cleanup-20261002/codex/4341-host-install-plan -> origin/archive/cleanup-20261002/codex/4341-host-install-plan
2026-10-08T01:22:05.3228660Z  * [new branch]          archive/cleanup-20261002/codex/4381-rust-bindings -> origin/archive/cleanup-20261002/codex/4381-rust-bindings
2026-10-08T01:22:05.3229624Z  * [new branch]          archive/cleanup-20261002/codex/4382-audio-tone-terminal -> origin/archive/cleanup-20261002/codex/4382-audio-tone-terminal
2026-10-08T01:22:05.3230692Z  * [new branch]          archive/cleanup-20261002/codex/4382-consolidated-followup -> origin/archive/cleanup-20261002/codex/4382-consolidated-followup
2026-10-08T01:22:05.3231663Z  * [new branch]          archive/cleanup-20261002/codex/4382-finance-types -> origin/archive/cleanup-20261002/codex/4382-finance-types
2026-10-08T01:22:05.3232598Z  * [new branch]          archive/cleanup-20261002/codex/4382-language-offset -> origin/archive/cleanup-20261002/codex/4382-language-offset
2026-10-08T01:22:05.3233749Z  * [new branch]          archive/cleanup-20261002/codex/4382-portable-variants-2 -> origin/archive/cleanup-20261002/codex/4382-portable-variants-2
2026-10-08T01:22:05.3234722Z  * [new branch]          archive/cleanup-20261002/codex/4383-sugar-inspection -> origin/archive/cleanup-20261002/codex/4383-sugar-inspection
2026-10-08T01:22:05.3235819Z  * [new branch]          archive/cleanup-20261002/codex/4399-bounded-activation -> origin/archive/cleanup-20261002/codex/4399-bounded-activation
2026-10-08T01:22:05.3236824Z  * [new branch]          archive/cleanup-20261002/codex/4399-exact-terminal-contract -> origin/archive/cleanup-20261002/codex/4399-exact-terminal-contract
2026-10-08T01:22:05.3237816Z  * [new branch]          archive/cleanup-20261002/codex/4484-quiescence-mark -> origin/archive/cleanup-20261002/codex/4484-quiescence-mark
2026-10-08T01:22:05.3238759Z  * [new branch]          archive/cleanup-20261002/codex/4639-proof-arithmetic -> origin/archive/cleanup-20261002/codex/4639-proof-arithmetic
2026-10-08T01:22:05.3239755Z  * [new branch]          archive/cleanup-20261002/codex/accidental-4103-preservation -> origin/archive/cleanup-20261002/codex/accidental-4103-preservation
2026-10-08T01:22:05.3240918Z  * [new branch]          archive/cleanup-20261002/codex/archive-4115-parallel-mask-graph -> origin/archive/cleanup-20261002/codex/archive-4115-parallel-mask-graph
2026-10-08T01:22:05.3241976Z  * [new branch]          archive/cleanup-20261002/codex/b-relay-integration -> origin/archive/cleanup-20261002/codex/b-relay-integration
2026-10-08T01:22:05.3243532Z  * [new branch]          archive/cleanup-20261002/codex/ci-browser-artifact-shards -> origin/archive/cleanup-20261002/codex/ci-browser-artifact-shards
2026-10-08T01:22:05.3244592Z  * [new branch]          archive/cleanup-20261002/codex/ci-browser-runtime-upload -> origin/archive/cleanup-20261002/codex/ci-browser-runtime-upload
2026-10-08T01:22:05.3245580Z  * [new branch]          archive/cleanup-20261002/codex/ci-pages-prefix-cleanup -> origin/archive/cleanup-20261002/codex/ci-pages-prefix-cleanup
2026-10-08T01:22:05.3246567Z  * [new branch]          archive/cleanup-20261002/codex/ci-relay-terminal-race -> origin/archive/cleanup-20261002/codex/ci-relay-terminal-race
2026-10-08T01:22:05.3247564Z  * [new branch]          archive/cleanup-20261002/codex/ci-test-only-face-impact -> origin/archive/cleanup-20261002/codex/ci-test-only-face-impact
2026-10-08T01:22:05.3248611Z  * [new branch]          archive/cleanup-20261002/codex/delete-application-view-face-seam -> origin/archive/cleanup-20261002/codex/delete-application-view-face-seam
2026-10-08T01:22:05.3249663Z  * [new branch]          archive/cleanup-20261002/codex/dev-feature-warning-cleanup -> origin/archive/cleanup-20261002/codex/dev-feature-warning-cleanup
2026-10-08T01:22:05.3250743Z  * [new branch]          archive/cleanup-20261002/codex/disable-release-liveness-issues -> origin/archive/cleanup-20261002/codex/disable-release-liveness-issues
2026-10-08T01:22:05.3251850Z  * [new branch]          archive/cleanup-20261002/codex/finite-lifetime-integrated -> origin/archive/cleanup-20261002/codex/finite-lifetime-integrated
2026-10-08T01:22:05.3252760Z  * [new branch]          archive/cleanup-20261002/codex/form-diagram -> origin/archive/cleanup-20261002/codex/form-diagram
2026-10-08T01:22:05.3253714Z  * [new branch]          archive/cleanup-20261002/codex/form-diagram-details -> origin/archive/cleanup-20261002/codex/form-diagram-details
2026-10-08T01:22:05.3254690Z  * [new branch]          archive/cleanup-20261002/codex/form-diagram-orthogonal -> origin/archive/cleanup-20261002/codex/form-diagram-orthogonal
2026-10-08T01:22:05.3255659Z  * [new branch]          archive/cleanup-20261002/codex/form-diagram-port-hierarchy -> origin/archive/cleanup-20261002/codex/form-diagram-port-hierarchy
2026-10-08T01:22:05.3256631Z  * [new branch]          archive/cleanup-20261002/codex/native-planned-line -> origin/archive/cleanup-20261002/codex/native-planned-line
2026-10-08T01:22:05.3257576Z  * [new branch]          archive/cleanup-20261002/codex/owner-browser-participants -> origin/archive/cleanup-20261002/codex/owner-browser-participants
2026-10-08T01:22:05.3258629Z  * [new branch]          archive/cleanup-20261002/codex/release-finalizer-journey-policy -> origin/archive/cleanup-20261002/codex/release-finalizer-journey-policy
2026-10-08T01:22:05.3259875Z  * [new branch]          archive/cleanup-20261002/codex/remove-obsolete-biography-compaction -> origin/archive/cleanup-20261002/codex/remove-obsolete-biography-compaction
2026-10-08T01:22:05.3261051Z  * [new branch]          archive/cleanup-20261002/codex/repair-esp32-locks-minimal -> origin/archive/cleanup-20261002/codex/repair-esp32-locks-minimal
2026-10-08T01:22:05.3262122Z  * [new branch]          archive/cleanup-20261002/codex/repair-esp32-standalone-locks -> origin/archive/cleanup-20261002/codex/repair-esp32-standalone-locks
2026-10-08T01:22:05.3263186Z  * [new branch]          archive/cleanup-20261002/codex/retire-book-compat -> origin/archive/cleanup-20261002/codex/retire-book-compat
2026-10-08T01:22:05.3264146Z  * [new branch]          archive/cleanup-20261002/codex/simplify-browser-check -> origin/archive/cleanup-20261002/codex/simplify-browser-check
2026-10-08T01:22:05.3265146Z  * [new branch]          archive/cleanup-20261002/codex/three-bodies-contract-repair -> origin/archive/cleanup-20261002/codex/three-bodies-contract-repair
2026-10-08T01:22:05.3266164Z  * [new branch]          archive/cleanup-20261002/codex/three-bodies-mask-integration -> origin/archive/cleanup-20261002/codex/three-bodies-mask-integration
2026-10-08T01:22:05.3267384Z  * [new branch]          archive/cleanup-20261002/codex/three-bodies-mask-integration-pre-restack-20260927 -> origin/archive/cleanup-20261002/codex/three-bodies-mask-integration-pre-restack-20260927
2026-10-08T01:22:05.3268655Z  * [new branch]          archive/cleanup-20261002/codex/three-bodies-mask-integration-restacked -> origin/archive/cleanup-20261002/codex/three-bodies-mask-integration-restacked
2026-10-08T01:22:05.3269771Z  * [new branch]          archive/cleanup-20261002/codex/three-bodies-mask-journey -> origin/archive/cleanup-20261002/codex/three-bodies-mask-journey
2026-10-08T01:22:05.3270733Z  * [new branch]          archive/cleanup-20261002/codex/user-operated-relay -> origin/archive/cleanup-20261002/codex/user-operated-relay
2026-10-08T01:22:05.3271663Z  * [new branch]          archive/cleanup-20261002/wip/conduit-4055-package-graph -> origin/archive/cleanup-20261002/wip/conduit-4055-package-graph
2026-10-08T01:22:05.3272663Z  * [new branch]          archive/cleanup-20261002/wip/conduit-4231-tour-form-ownership -> origin/archive/cleanup-20261002/wip/conduit-4231-tour-form-ownership
2026-10-08T01:22:05.3273754Z  * [new branch]          archive/cleanup-20261002/wip/conduit-ci-wiring -> origin/archive/cleanup-20261002/wip/conduit-ci-wiring
2026-10-08T01:22:05.3274756Z  * [new branch]          archive/recovery-20261006/conduit-5131-std-observation -> origin/archive/recovery-20261006/conduit-5131-std-observation
2026-10-08T01:22:05.3275766Z  * [new branch]          archive/recovery-20261006/conduit-5132-browser-monotonic -> origin/archive/recovery-20261006/conduit-5132-browser-monotonic
2026-10-08T01:22:05.3276710Z  * [new branch]          archive/recovery-20261006/conduit-5132-civil-bridge -> origin/archive/recovery-20261006/conduit-5132-civil-bridge
2026-10-08T01:22:05.3277677Z  * [new branch]          archive/recovery-20261006/conduit-5132-conduitos-monotonic -> origin/archive/recovery-20261006/conduit-5132-conduitos-monotonic
2026-10-08T01:22:05.3278641Z  * [new branch]          archive/recovery-20261006/conduit-5132-plan-quality -> origin/archive/recovery-20261006/conduit-5132-plan-quality
2026-10-08T01:22:05.3279676Z  * [new branch]          archive/recovery-20261006/heads/conduit-4807-audio-gate-eae9af1b0d7d -> origin/archive/recovery-20261006/heads/conduit-4807-audio-gate-eae9af1b0d7d
2026-10-08T01:22:05.3280866Z  * [new branch]          archive/recovery-20261006/heads/conduit-4807-host-loss-recovery-f4eb5585f345 -> origin/archive/recovery-20261006/heads/conduit-4807-host-loss-recovery-f4eb5585f345
2026-10-08T01:22:05.3282090Z  * [new branch]          archive/recovery-20261006/heads/conduit-4807-journey-page-b4a67fddab85 -> origin/archive/recovery-20261006/heads/conduit-4807-journey-page-b4a67fddab85
2026-10-08T01:22:05.3283509Z  * [new branch]          archive/recovery-20261006/heads/conduit-4807-same-play-linux-590bbe0a3000 -> origin/archive/recovery-20261006/heads/conduit-4807-same-play-linux-590bbe0a3000
2026-10-08T01:22:05.3284780Z  * [new branch]          archive/recovery-20261006/heads/conduit-4807-spoken-model-budget-5d9341a7844a -> origin/archive/recovery-20261006/heads/conduit-4807-spoken-model-budget-5d9341a7844a
2026-10-08T01:22:05.3286075Z  * [new branch]          archive/recovery-20261006/heads/conduit-browser-interaction-line-b381fad014ff -> origin/archive/recovery-20261006/heads/conduit-browser-interaction-line-b381fad014ff
2026-10-08T01:22:05.3287437Z  * [new branch]          archive/recovery-20261006/heads/conduit-browser-proof-entrance-repair-642de6a88cbd -> origin/archive/recovery-20261006/heads/conduit-browser-proof-entrance-repair-642de6a88cbd
2026-10-08T01:22:05.3288820Z  * [new branch]          archive/recovery-20261006/heads/conduit-current-view-spoken-navigation-6a105d558eb3 -> origin/archive/recovery-20261006/heads/conduit-current-view-spoken-navigation-6a105d558eb3
2026-10-08T01:22:05.3290138Z  * [new branch]          archive/recovery-20261006/heads/conduit-face-plain-language-740cd0fa5a33 -> origin/archive/recovery-20261006/heads/conduit-face-plain-language-740cd0fa5a33
2026-10-08T01:22:05.3291327Z  * [new branch]          archive/recovery-20261006/heads/conduit-journey-publication-60b8af5d843d -> origin/archive/recovery-20261006/heads/conduit-journey-publication-60b8af5d843d
2026-10-08T01:22:05.3292593Z  * [new branch]          archive/recovery-20261006/heads/conduit-mechanical-spoken-face-7f4231508bc4 -> origin/archive/recovery-20261006/heads/conduit-mechanical-spoken-face-7f4231508bc4
2026-10-08T01:22:05.3293970Z  * [new branch]          archive/recovery-20261006/heads/conduit-model-route-restoration-6f5b4819e2d8 -> origin/archive/recovery-20261006/heads/conduit-model-route-restoration-6f5b4819e2d8
2026-10-08T01:22:05.3295279Z  * [new branch]          archive/recovery-20261006/heads/conduit-native-face-graphical-richness-670f598f4eeb -> origin/archive/recovery-20261006/heads/conduit-native-face-graphical-richness-670f598f4eeb
2026-10-08T01:22:05.3296654Z  * [new branch]          archive/recovery-20261006/heads/conduit-native-face-mask-integration-5df58d0415ed -> origin/archive/recovery-20261006/heads/conduit-native-face-mask-integration-5df58d0415ed
2026-10-08T01:22:05.3297924Z  * [new branch]          archive/recovery-20261006/heads/conduit-native-face-snapshot-61a52673d1dc -> origin/archive/recovery-20261006/heads/conduit-native-face-snapshot-61a52673d1dc
2026-10-08T01:22:05.3299278Z  * [new branch]          archive/recovery-20261006/heads/conduit-native-face-tui-richness-727913ceb04a -> origin/archive/recovery-20261006/heads/conduit-native-face-tui-richness-727913ceb04a
2026-10-08T01:22:05.3300499Z  * [new branch]          archive/recovery-20261006/heads/conduit-native-planned-line-b94754cdda55 -> origin/archive/recovery-20261006/heads/conduit-native-planned-line-b94754cdda55
2026-10-08T01:22:05.3301735Z  * [new branch]          archive/recovery-20261006/heads/conduit-native-postbirth-face-mask-4e52baacabb1 -> origin/archive/recovery-20261006/heads/conduit-native-postbirth-face-mask-4e52baacabb1
2026-10-08T01:22:05.3303090Z  * [new branch]          archive/recovery-20261006/heads/conduit-owner-wardrobe-routes-771bc7cd9326 -> origin/archive/recovery-20261006/heads/conduit-owner-wardrobe-routes-771bc7cd9326
2026-10-08T01:22:05.3304392Z  * [new branch]          archive/recovery-20261006/heads/conduit-proof-combined-owner-face-0adf69a52307 -> origin/archive/recovery-20261006/heads/conduit-proof-combined-owner-face-0adf69a52307
2026-10-08T01:22:05.3305717Z  * [new branch]          archive/recovery-20261006/heads/conduit-proof-three-host-owner-face-30e45f6aeb65 -> origin/archive/recovery-20261006/heads/conduit-proof-three-host-owner-face-30e45f6aeb65
2026-10-08T01:22:05.3306997Z  * [new branch]          archive/recovery-20261006/heads/conduit-provisional-owner-route-da74fde0bad5 -> origin/archive/recovery-20261006/heads/conduit-provisional-owner-route-da74fde0bad5
2026-10-08T01:22:05.3308399Z  * [new branch]          archive/recovery-20261006/heads/conduit-provisional-owner-route-member-53c7fc4a19a3 -> origin/archive/recovery-20261006/heads/conduit-provisional-owner-route-member-53c7fc4a19a3
2026-10-08T01:22:05.3309735Z  * [new branch]          archive/recovery-20261006/heads/conduit-provisional-owner-route-tls-6bb71662e4fe -> origin/archive/recovery-20261006/heads/conduit-provisional-owner-route-tls-6bb71662e4fe
2026-10-08T01:22:05.3310997Z  * [new branch]          archive/recovery-20261006/heads/conduit-qemu-audio-capture-05fe631d3394 -> origin/archive/recovery-20261006/heads/conduit-qemu-audio-capture-05fe631d3394
2026-10-08T01:22:05.3312243Z  * [new branch]          archive/recovery-20261006/heads/conduit-readable-terminal-capture-3c2865efc3a3 -> origin/archive/recovery-20261006/heads/conduit-readable-terminal-capture-3c2865efc3a3
2026-10-08T01:22:05.3313555Z  * [new branch]          archive/recovery-20261006/heads/conduit-real-owner-provision-51fd34ab3bd5 -> origin/archive/recovery-20261006/heads/conduit-real-owner-provision-51fd34ab3bd5
2026-10-08T01:22:05.3314787Z  * [new branch]          archive/recovery-20261006/heads/conduit-screen-free-lull-bc7afc639bf1 -> origin/archive/recovery-20261006/heads/conduit-screen-free-lull-bc7afc639bf1
2026-10-08T01:22:05.3316070Z  * [new branch]          archive/recovery-20261006/heads/conduit-selected-speech-browser-proof-20aa799b8819 -> origin/archive/recovery-20261006/heads/conduit-selected-speech-browser-proof-20aa799b8819
2026-10-08T01:22:05.3317411Z  * [new branch]          archive/recovery-20261006/heads/conduit-sequential-external-fore-speech-2301190eff99 -> origin/archive/recovery-20261006/heads/conduit-sequential-external-fore-speech-2301190eff99
2026-10-08T01:22:05.3318780Z  * [new branch]          archive/recovery-20261006/heads/conduit-spoken-face-stream-execution-9727d65c25a3 -> origin/archive/recovery-20261006/heads/conduit-spoken-face-stream-execution-9727d65c25a3
2026-10-08T01:22:05.3320074Z  * [new branch]          archive/recovery-20261006/heads/conduit-terminal-mask-execution-79b95ad06bad -> origin/archive/recovery-20261006/heads/conduit-terminal-mask-execution-79b95ad06bad
2026-10-08T01:22:05.3321281Z  * [new branch]          archive/recovery-20261006/heads/conduit-three-host-llm-f7bac1d0cba4 -> origin/archive/recovery-20261006/heads/conduit-three-host-llm-f7bac1d0cba4
2026-10-08T01:22:05.3322374Z  * [new branch]          archive/recovery-20261006/wip/conduit-4055-package-graph -> origin/archive/recovery-20261006/wip/conduit-4055-package-graph
2026-10-08T01:22:05.3323708Z  * [new branch]          archive/recovery-20261006/wip/conduit-4231-tour-form-ownership -> origin/archive/recovery-20261006/wip/conduit-4231-tour-form-ownership
2026-10-08T01:22:05.3324721Z  * [new branch]          archive/recovery-20261006/wip/conduit-ci-wiring -> origin/archive/recovery-20261006/wip/conduit-ci-wiring
2026-10-08T01:22:05.3325687Z  * [new branch]          archive/recovery-20261006/wip/conduit-native-owner-wardrobe -> origin/archive/recovery-20261006/wip/conduit-native-owner-wardrobe
2026-10-08T01:22:05.3326698Z  * [new branch]          archive/recovery-20261006/wip/conduit-owner-speech-service -> origin/archive/recovery-20261006/wip/conduit-owner-speech-service
2026-10-08T01:22:05.3327640Z  * [new branch]          backup/2026-10-06-4831-ordinary-hid-input -> origin/backup/2026-10-06-4831-ordinary-hid-input
2026-10-08T01:22:05.3328361Z  * [new branch]          backup/2026-10-06-dirty-1-conduit -> origin/backup/2026-10-06-dirty-1-conduit
2026-10-08T01:22:05.3329072Z  * [new branch]          backup/2026-10-06-dirty-2-c302 -> origin/backup/2026-10-06-dirty-2-c302
2026-10-08T01:22:05.3329851Z  * [new branch]          backup/2026-10-06-dirty-4-conduit-4231-complete -> origin/backup/2026-10-06-dirty-4-conduit-4231-complete
2026-10-08T01:22:05.3330664Z  * [new branch]          backup/2026-10-06-usb-device-decode-wip -> origin/backup/2026-10-06-usb-device-decode-wip
2026-10-08T01:22:05.3331415Z  * [new branch]          backup/4103-pre-rebuild     -> origin/backup/4103-pre-rebuild
2026-10-08T01:22:05.3332068Z  * [new branch]          codex/4231-tour-form-ownership -> origin/codex/4231-tour-form-ownership
2026-10-08T01:22:05.3332771Z  * [new branch]          codex/4807-birth-same-play-audio -> origin/codex/4807-birth-same-play-audio
2026-10-08T01:22:05.3333714Z  * [new branch]          codex/4807-browser-timer-package -> origin/codex/4807-browser-timer-package
2026-10-08T01:22:05.3334371Z  * [new branch]          codex/4807-complete-carrier -> origin/codex/4807-complete-carrier
2026-10-08T01:22:05.3335017Z  * [new branch]          codex/4807-live-walkthrough -> origin/codex/4807-live-walkthrough
2026-10-08T01:22:05.3335676Z  * [new branch]          codex/4807-model-route-lifecycle -> origin/codex/4807-model-route-lifecycle
2026-10-08T01:22:05.3336431Z  * [new branch]          codex/4807-partial-site-acceptance -> origin/codex/4807-partial-site-acceptance
2026-10-08T01:22:05.3337142Z  * [new branch]          codex/4807-producer-receipts -> origin/codex/4807-producer-receipts
2026-10-08T01:22:05.3337815Z  * [new branch]          codex/4807-readable-retained-page -> origin/codex/4807-readable-retained-page
2026-10-08T01:22:05.3338491Z  * [new branch]          codex/4807-renderer-contract -> origin/codex/4807-renderer-contract
2026-10-08T01:22:05.3339229Z  * [new branch]          codex/4807-retained-development-publication -> origin/codex/4807-retained-development-publication
2026-10-08T01:22:05.3340033Z  * [new branch]          codex/4807-retained-site-navigation -> origin/codex/4807-retained-site-navigation
2026-10-08T01:22:05.3340933Z  * [new branch]          codex/4807-screen-free-owner-wardrobe -> origin/codex/4807-screen-free-owner-wardrobe
2026-10-08T01:22:05.3341745Z  * [new branch]          codex/4807-screen-free-proof-continuation -> origin/codex/4807-screen-free-proof-continuation
2026-10-08T01:22:05.3342579Z  * [new branch]          codex/4807-screen-free-wardrobe-continuation -> origin/codex/4807-screen-free-wardrobe-continuation
2026-10-08T01:22:05.3343445Z  * [new branch]          codex/4807-spoken-play-sequence -> origin/codex/4807-spoken-play-sequence
2026-10-08T01:22:05.3344141Z  * [new branch]          codex/4807-terminal-owner-replan -> origin/codex/4807-terminal-owner-replan
2026-10-08T01:22:05.3344806Z  * [new branch]          codex/4898-feature-stream   -> origin/codex/4898-feature-stream
2026-10-08T01:22:05.3345404Z  * [new branch]          codex/4898-fixed-neural     -> origin/codex/4898-fixed-neural
2026-10-08T01:22:05.3346160Z  * [new branch]          codex/4898-numeric-conditioning -> origin/codex/4898-numeric-conditioning
2026-10-08T01:22:05.3346776Z  * [new branch]          codex/4898-topology         -> origin/codex/4898-topology
2026-10-08T01:22:05.3347390Z  * [new branch]          codex/4907-discourse        -> origin/codex/4907-discourse
2026-10-08T01:22:05.3347956Z  * [new branch]          codex/4907-incremental      -> origin/codex/4907-incremental
2026-10-08T01:22:05.3348500Z  * [new branch]          codex/4907-joint            -> origin/codex/4907-joint
2026-10-08T01:22:05.3349128Z  * [new branch]          codex/4907-learned-integration -> origin/codex/4907-learned-integration
2026-10-08T01:22:05.3349764Z  * [new branch]          codex/4907-lexical          -> origin/codex/4907-lexical
2026-10-08T01:22:05.3350385Z  * [new branch]          codex/4907-native-admission -> origin/codex/4907-native-admission
2026-10-08T01:22:05.3351024Z  * [new branch]          codex/4907-native-evaluation -> origin/codex/4907-native-evaluation
2026-10-08T01:22:05.3351634Z  * [new branch]          codex/4907-parser           -> origin/codex/4907-parser
2026-10-08T01:22:05.3352267Z  * [new branch]          codex/4907-pitch-trajectory -> origin/codex/4907-pitch-trajectory
2026-10-08T01:22:05.3352886Z  * [new branch]          codex/4907-playback         -> origin/codex/4907-playback
2026-10-08T01:22:05.3353619Z  * [new branch]          codex/4907-playback-proof   -> origin/codex/4907-playback-proof
2026-10-08T01:22:05.3354653Z  * [new branch]          codex/4907-pronunciation    -> origin/codex/4907-pronunciation
2026-10-08T01:22:05.3355214Z  * [new branch]          codex/4907-prosody          -> origin/codex/4907-prosody
2026-10-08T01:22:05.3355798Z  * [new branch]          codex/4907-scorer           -> origin/codex/4907-scorer
2026-10-08T01:22:05.3356380Z  * [new branch]          codex/4907-speech-coverage  -> origin/codex/4907-speech-coverage
2026-10-08T01:22:05.3356983Z  * [new branch]          codex/4907-window8          -> origin/codex/4907-window8
2026-10-08T01:22:05.3357664Z  * [new branch]          codex/5113-ordinary-protection-domains -> origin/codex/5113-ordinary-protection-domains
2026-10-08T01:22:05.3358409Z  * [new branch]          codex/5201-browser-snapshot-host -> origin/codex/5201-browser-snapshot-host
2026-10-08T01:22:05.3359212Z  * [new branch]          codex/5201-todo-face-bindings-experiment -> origin/codex/5201-todo-face-bindings-experiment
2026-10-08T01:22:05.3359931Z  * [new branch]          codex/5201-todo-journey     -> origin/codex/5201-todo-journey
2026-10-08T01:22:05.3360523Z  * [new branch]          codex/5201-todo-kernel      -> origin/codex/5201-todo-kernel
2026-10-08T01:22:05.3361179Z  * [new branch]          conduit-visual-evidence-history -> origin/conduit-visual-evidence-history
2026-10-08T01:22:05.3361968Z  * [new branch]          copilot/check-distance-frequency-form -> origin/copilot/check-distance-frequency-form
2026-10-08T01:22:05.3362805Z  * [new branch]          copilot/make-frequency-drive-bounded-pcm -> origin/copilot/make-frequency-drive-bounded-pcm
2026-10-08T01:22:05.3363972Z  * [new branch]          copilot/turn-off-release-liveness-issue-creation -> origin/copilot/turn-off-release-liveness-issue-creation
2026-10-08T01:22:05.3364694Z  * [new branch]          dev                         -> origin/dev
2026-10-08T01:22:05.3365233Z  * [new branch]          gh-pages                    -> origin/gh-pages
2026-10-08T01:22:05.3365745Z  * [new branch]          main                        -> origin/main
2026-10-08T01:22:05.3366464Z  * [new branch]          release/01b016fc7c5c0b3acb5f81078edcf2d9a75c158c -> origin/release/01b016fc7c5c0b3acb5f81078edcf2d9a75c158c
2026-10-08T01:22:05.3367345Z  * [new branch]          release/027c4f423223e98ca051693221165d998cebde8f -> origin/release/027c4f423223e98ca051693221165d998cebde8f
2026-10-08T01:22:05.3368215Z  * [new branch]          release/0e33ad13100b21424fff64086ba687f62fa1eb06 -> origin/release/0e33ad13100b21424fff64086ba687f62fa1eb06
2026-10-08T01:22:05.3369133Z  * [new branch]          release/0eebcc254044a05e6c3427a4844e627dd6c63b07 -> origin/release/0eebcc254044a05e6c3427a4844e627dd6c63b07
2026-10-08T01:22:05.3369981Z  * [new branch]          release/0fea630c0327fe5b14f3d06c83b45c380836a73e -> origin/release/0fea630c0327fe5b14f3d06c83b45c380836a73e
2026-10-08T01:22:05.3370837Z  * [new branch]          release/11cc70175696782b1c22bc0174fc304c6d0d00a8 -> origin/release/11cc70175696782b1c22bc0174fc304c6d0d00a8
2026-10-08T01:22:05.3371712Z  * [new branch]          release/16eb6053e2888ad28015b437e9a37b8cb6be349d -> origin/release/16eb6053e2888ad28015b437e9a37b8cb6be349d
2026-10-08T01:22:05.3372549Z  * [new branch]          release/1876ecccacef607dec6b529a1d0d7bc89bd25a4f -> origin/release/1876ecccacef607dec6b529a1d0d7bc89bd25a4f
2026-10-08T01:22:05.3373639Z  * [new branch]          release/18bd07bb6c1bf460082fffa408d731b4ea57d73f -> origin/release/18bd07bb6c1bf460082fffa408d731b4ea57d73f
2026-10-08T01:22:05.3374511Z  * [new branch]          release/1afb89711f6c618ab50cb1092dc825fa0f2d8c58 -> origin/release/1afb89711f6c618ab50cb1092dc825fa0f2d8c58
2026-10-08T01:22:05.3375378Z  * [new branch]          release/1b4d7bb3b8ff6b972f7477632c8649b4c160a294 -> origin/release/1b4d7bb3b8ff6b972f7477632c8649b4c160a294
2026-10-08T01:22:05.3376250Z  * [new branch]          release/1ec25b49a70a46125c2e7d79f941cbade5ca7b66 -> origin/release/1ec25b49a70a46125c2e7d79f941cbade5ca7b66
2026-10-08T01:22:05.3377088Z  * [new branch]          release/21f21bab09157ce98dde41888d6584032487adda -> origin/release/21f21bab09157ce98dde41888d6584032487adda
2026-10-08T01:22:05.3378069Z  * [new branch]          release/2685a777ecfa52f6607eab35cc7ca6add9df2229 -> origin/release/2685a777ecfa52f6607eab35cc7ca6add9df2229
2026-10-08T01:22:05.3378934Z  * [new branch]          release/2aacaa6bde9ec1aa3e56abb49999df6dec8a78db -> origin/release/2aacaa6bde9ec1aa3e56abb49999df6dec8a78db
2026-10-08T01:22:05.3379839Z  * [new branch]          release/2e39f2eed5131a6b306f84862d371f70225cb3d4 -> origin/release/2e39f2eed5131a6b306f84862d371f70225cb3d4
2026-10-08T01:22:05.3380691Z  * [new branch]          release/2e7d1b4cd1767dab1b5dd78aa2c101c6aa35924d -> origin/release/2e7d1b4cd1767dab1b5dd78aa2c101c6aa35924d
2026-10-08T01:22:05.3381515Z  * [new branch]          release/332b37e2af034f891153a05b577852c8fd5e7882 -> origin/release/332b37e2af034f891153a05b577852c8fd5e7882
2026-10-08T01:22:05.3382368Z  * [new branch]          release/35a6603a39a6e8b812f5ad49166cf8925f97564f -> origin/release/35a6603a39a6e8b812f5ad49166cf8925f97564f
2026-10-08T01:22:05.3383314Z  * [new branch]          release/36d330035fbc01e05225e9559424f5f14fd0c83a -> origin/release/36d330035fbc01e05225e9559424f5f14fd0c83a
2026-10-08T01:22:05.3384208Z  * [new branch]          release/3907fec0c6256eb1dfb1fee045056c044b33decf -> origin/release/3907fec0c6256eb1dfb1fee045056c044b33decf
2026-10-08T01:22:05.3385521Z  * [new branch]          release/391774a5d5bd753c3bb06c575e3a820ec388bf68 -> origin/release/391774a5d5bd753c3bb06c575e3a820ec388bf68
2026-10-08T01:22:05.3386362Z  * [new branch]          release/3be4914d5fca80e81a4ddddccdd0877db87d4931 -> origin/release/3be4914d5fca80e81a4ddddccdd0877db87d4931
2026-10-08T01:22:05.3387243Z  * [new branch]          release/3d01a7591ef1a42d5f9749999e1028bfde90afd3 -> origin/release/3d01a7591ef1a42d5f9749999e1028bfde90afd3
2026-10-08T01:22:05.3388119Z  * [new branch]          release/3d780e728d1cd5fe57c2dc71569dd8e77fefb57e -> origin/release/3d780e728d1cd5fe57c2dc71569dd8e77fefb57e
2026-10-08T01:22:05.3389021Z  * [new branch]          release/3e0c4967bc8e1c5f1d5eee77e68ec0d1f448595f -> origin/release/3e0c4967bc8e1c5f1d5eee77e68ec0d1f448595f
2026-10-08T01:22:05.3389873Z  * [new branch]          release/408410e23ee2225595f1b6ef3b017868a0fffd6f -> origin/release/408410e23ee2225595f1b6ef3b017868a0fffd6f
2026-10-08T01:22:05.3390697Z  * [new branch]          release/40b553c2f12ab0cfa205b3774509ee9ce639db6d -> origin/release/40b553c2f12ab0cfa205b3774509ee9ce639db6d
2026-10-08T01:22:05.3391643Z  * [new branch]          release/433bcf390e00ee3f4be396106d8d290d0207699f -> origin/release/433bcf390e00ee3f4be396106d8d290d0207699f
2026-10-08T01:22:05.3392491Z  * [new branch]          release/46ab9c2f68bb17c7194ff78b24ee65ba94917d75 -> origin/release/46ab9c2f68bb17c7194ff78b24ee65ba94917d75
2026-10-08T01:22:05.3393480Z  * [new branch]          release/47cae77611c671d4b44460125f3728f99cf73bb6 -> origin/release/47cae77611c671d4b44460125f3728f99cf73bb6
2026-10-08T01:22:05.3394314Z  * [new branch]          release/4881699e4d922e7106678f2eefbade44ec543a1b -> origin/release/4881699e4d922e7106678f2eefbade44ec543a1b
2026-10-08T01:22:05.3395159Z  * [new branch]          release/49f0eb5c4771b285ce2d17161c7dcd05edfb9a40 -> origin/release/49f0eb5c4771b285ce2d17161c7dcd05edfb9a40
2026-10-08T01:22:05.3396026Z  * [new branch]          release/52370b257b6188f2f6aba42cd8065489203ef78f -> origin/release/52370b257b6188f2f6aba42cd8065489203ef78f
2026-10-08T01:22:05.3396860Z  * [new branch]          release/56326c9df80f2b424055b0f2a12323d19248c44f -> origin/release/56326c9df80f2b424055b0f2a12323d19248c44f
2026-10-08T01:22:05.3397776Z  * [new branch]          release/575ebf2b909db91d11451420aa830a4e7235d4ac -> origin/release/575ebf2b909db91d11451420aa830a4e7235d4ac
2026-10-08T01:22:05.3398627Z  * [new branch]          release/5b57fa034dffc60cc5fccc99fb3a0bdd92ca831b -> origin/release/5b57fa034dffc60cc5fccc99fb3a0bdd92ca831b
2026-10-08T01:22:05.3399466Z  * [new branch]          release/5be5340248af5e82a4b5d54410f4ef745afdfa7c -> origin/release/5be5340248af5e82a4b5d54410f4ef745afdfa7c
2026-10-08T01:22:05.3400395Z  * [new branch]          release/5ce79086e3ee0ced0fc4b99df150e64890104971 -> origin/release/5ce79086e3ee0ced0fc4b99df150e64890104971
2026-10-08T01:22:05.3401256Z  * [new branch]          release/6183b3c233a80594a50735725cf78d7df650c40c -> origin/release/6183b3c233a80594a50735725cf78d7df650c40c
2026-10-08T01:22:05.3402096Z  * [new branch]          release/61f8a40a173eb785d0bace51b2c90bcf5c1074a1 -> origin/release/61f8a40a173eb785d0bace51b2c90bcf5c1074a1
2026-10-08T01:22:05.3403131Z  * [new branch]          release/6289b3df16bb9b6d42fb83b2e4c5a72ee03d3ee5 -> origin/release/6289b3df16bb9b6d42fb83b2e4c5a72ee03d3ee5
2026-10-08T01:22:05.3404159Z  * [new branch]          release/62fbfacbbf35fd4aca39c2100c889246352ba819 -> origin/release/62fbfacbbf35fd4aca39c2100c889246352ba819
2026-10-08T01:22:05.3405054Z  * [new branch]          release/6a301334e5ac81c6d40ecc17beedbc1081bf0a84 -> origin/release/6a301334e5ac81c6d40ecc17beedbc1081bf0a84
2026-10-08T01:22:05.3405923Z  * [new branch]          release/6b678a36c965250a1db13d45b293a547d0a78b00 -> origin/release/6b678a36c965250a1db13d45b293a547d0a78b00
2026-10-08T01:22:05.3406769Z  * [new branch]          release/6cc58a14764208543fad460bce5f6bf2a207d82d -> origin/release/6cc58a14764208543fad460bce5f6bf2a207d82d
2026-10-08T01:22:05.3407629Z  * [new branch]          release/6efc44762c0c8c9779b51bbe86dc382dd1aeced7 -> origin/release/6efc44762c0c8c9779b51bbe86dc382dd1aeced7
2026-10-08T01:22:05.3408502Z  * [new branch]          release/7014e10ccb2c6fe3559b8ffe533a5917b76bc862 -> origin/release/7014e10ccb2c6fe3559b8ffe533a5917b76bc862
2026-10-08T01:22:05.3409374Z  * [new branch]          release/7283954d16316a912e6af790e871b61008ff4a29 -> origin/release/7283954d16316a912e6af790e871b61008ff4a29
2026-10-08T01:22:05.3410233Z  * [new branch]          release/739718c80a7ca8894ab9e36d4c82fcd4c19e583c -> origin/release/739718c80a7ca8894ab9e36d4c82fcd4c19e583c
2026-10-08T01:22:05.3411122Z  * [new branch]          release/7529270b3e51606f3485840b4a74053c5bea07b8 -> origin/release/7529270b3e51606f3485840b4a74053c5bea07b8
2026-10-08T01:22:05.3411975Z  * [new branch]          release/770a4a62474e78da3c2a0ccddd3b2fa3591f8197 -> origin/release/770a4a62474e78da3c2a0ccddd3b2fa3591f8197
2026-10-08T01:22:05.3412842Z  * [new branch]          release/78d8e98b5d8b38562a0c2f6ec055b0cc84d8d90d -> origin/release/78d8e98b5d8b38562a0c2f6ec055b0cc84d8d90d
2026-10-08T01:22:05.3413972Z  * [new branch]          release/7991e50b4c8756ad2be2c0f238c6b220e325c6ee -> origin/release/7991e50b4c8756ad2be2c0f238c6b220e325c6ee
2026-10-08T01:22:05.3414925Z  * [new branch]          release/7acbc416d21386ea60c6618978994ba83dac8136 -> origin/release/7acbc416d21386ea60c6618978994ba83dac8136
2026-10-08T01:22:05.3415771Z  * [new branch]          release/7b03d378423fbdcc493fa901b1a72130379acc4d -> origin/release/7b03d378423fbdcc493fa901b1a72130379acc4d
2026-10-08T01:22:05.3416628Z  * [new branch]          release/7d85e8394ad575bdbe268a2944232b3c72c37b08 -> origin/release/7d85e8394ad575bdbe268a2944232b3c72c37b08
2026-10-08T01:22:05.3417485Z  * [new branch]          release/81a135cba4490794085bbcfd0b09b51db1db2134 -> origin/release/81a135cba4490794085bbcfd0b09b51db1db2134
2026-10-08T01:22:05.3418403Z  * [new branch]          release/84904771e67ccbd6bf87b80ccdf31a4eacf0fb0e -> origin/release/84904771e67ccbd6bf87b80ccdf31a4eacf0fb0e
2026-10-08T01:22:05.3419262Z  * [new branch]          release/864964ce59531d3fda3b9ae676dad14d25dcca0a -> origin/release/864964ce59531d3fda3b9ae676dad14d25dcca0a
2026-10-08T01:22:05.3420109Z  * [new branch]          release/87e368092bd4cc72240cb1229a84d30a360a7f90 -> origin/release/87e368092bd4cc72240cb1229a84d30a360a7f90
2026-10-08T01:22:05.3420957Z  * [new branch]          release/8818b446aa6faf01dfe901cb20126ee4256edc97 -> origin/release/8818b446aa6faf01dfe901cb20126ee4256edc97
2026-10-08T01:22:05.3421810Z  * [new branch]          release/8ac24a8eea83cae06158b85208d90979a89493e8 -> origin/release/8ac24a8eea83cae06158b85208d90979a89493e8
2026-10-08T01:22:05.3422813Z  * [new branch]          release/8b216ee721a3fe492fd0d02fb4a3fa4b606519c1 -> origin/release/8b216ee721a3fe492fd0d02fb4a3fa4b606519c1
2026-10-08T01:22:05.3423760Z  * [new branch]          release/99d3dd46a2fe01d7d117184921c9aff7da33f7d7 -> origin/release/99d3dd46a2fe01d7d117184921c9aff7da33f7d7
2026-10-08T01:22:05.3424622Z  * [new branch]          release/9bf8f89bd937e2a3e13c128a10dfa1b63f51d893 -> origin/release/9bf8f89bd937e2a3e13c128a10dfa1b63f51d893
2026-10-08T01:22:05.3425486Z  * [new branch]          release/a06600168677a5d91ab293cc04b0d0ebce382344 -> origin/release/a06600168677a5d91ab293cc04b0d0ebce382344
2026-10-08T01:22:05.3426329Z  * [new branch]          release/a12eb786d4ced5b57dfa550bec0581fec9c5c2d7 -> origin/release/a12eb786d4ced5b57dfa550bec0581fec9c5c2d7
2026-10-08T01:22:05.3427248Z  * [new branch]          release/a3b6edf83b4c5354b7c2091e6109188b2eb872ab -> origin/release/a3b6edf83b4c5354b7c2091e6109188b2eb872ab
2026-10-08T01:22:05.3428119Z  * [new branch]          release/a6cbe9eec12feeeddfc2e88cce7d7a4a592b5fbe -> origin/release/a6cbe9eec12feeeddfc2e88cce7d7a4a592b5fbe
2026-10-08T01:22:05.3428991Z  * [new branch]          release/a95efd41d209df01ada6e1b6eb0ad3a31694d61f -> origin/release/a95efd41d209df01ada6e1b6eb0ad3a31694d61f
2026-10-08T01:22:05.3429850Z  * [new branch]          release/aa0207c094edc5c3d999a84b4bd94ffe84244ea0 -> origin/release/aa0207c094edc5c3d999a84b4bd94ffe84244ea0
2026-10-08T01:22:05.3430725Z  * [new branch]          release/ad9df47da8e98e3d3f206df1a9bdbeae29e7655d -> origin/release/ad9df47da8e98e3d3f206df1a9bdbeae29e7655d
2026-10-08T01:22:05.3431625Z  * [new branch]          release/adc05effe82356458007207c4fdb989243741b18 -> origin/release/adc05effe82356458007207c4fdb989243741b18
2026-10-08T01:22:05.3432513Z  * [new branch]          release/ade28c3ac6f3f694b29513c2abb32f77bdd36575 -> origin/release/ade28c3ac6f3f694b29513c2abb32f77bdd36575
2026-10-08T01:22:05.3433448Z  * [new branch]          release/ae8b29c1cf932618566452ff43d0185af05e3569 -> origin/release/ae8b29c1cf932618566452ff43d0185af05e3569
2026-10-08T01:22:05.3434329Z  * [new branch]          release/afd39cf25c43f2b21be9ec65776b7c5a99d888c7 -> origin/release/afd39cf25c43f2b21be9ec65776b7c5a99d888c7
2026-10-08T01:22:05.3435205Z  * [new branch]          release/b0486c6c03d1dc06a819b0badf83c28249258a81 -> origin/release/b0486c6c03d1dc06a819b0badf83c28249258a81
2026-10-08T01:22:05.3436063Z  * [new branch]          release/b0ffd1310b07601ea4d960fd2a5b7fdbe86d2cd4 -> origin/release/b0ffd1310b07601ea4d960fd2a5b7fdbe86d2cd4
2026-10-08T01:22:05.3436973Z  * [new branch]          release/b4583786bbe1639ea1467f504543febffa7003a9 -> origin/release/b4583786bbe1639ea1467f504543febffa7003a9
2026-10-08T01:22:05.3437858Z  * [new branch]          release/b8979d81802c06a204dac1cce6d4c3adee14f7a7 -> origin/release/b8979d81802c06a204dac1cce6d4c3adee14f7a7
2026-10-08T01:22:05.3438724Z  * [new branch]          release/b8bbd828afd1456faf7bd7c519e09d50f6406f51 -> origin/release/b8bbd828afd1456faf7bd7c519e09d50f6406f51
2026-10-08T01:22:05.3439610Z  * [new branch]          release/ba5ab1438e6c5f55bee71043e0ae2d5c552bfbe9 -> origin/release/ba5ab1438e6c5f55bee71043e0ae2d5c552bfbe9
2026-10-08T01:22:05.3440480Z  * [new branch]          release/bac20dafac992040846f1dd7e5cc53be615f1784 -> origin/release/bac20dafac992040846f1dd7e5cc53be615f1784
2026-10-08T01:22:05.3441335Z  * [new branch]          release/bacb1971de3756ecbe7144639fb5de16b9fd60e5 -> origin/release/bacb1971de3756ecbe7144639fb5de16b9fd60e5
2026-10-08T01:22:05.3442232Z  * [new branch]          release/bbdfe6c4ce74985a875994a69de7c933db561686 -> origin/release/bbdfe6c4ce74985a875994a69de7c933db561686
2026-10-08T01:22:05.3443189Z  * [new branch]          release/bc302dbe73d11032875e6f153776d360e5289303 -> origin/release/bc302dbe73d11032875e6f153776d360e5289303
2026-10-08T01:22:05.3444222Z  * [new branch]          release/bfbd3f46a3be7aed6c3bbe870ed7af184679b9d8 -> origin/release/bfbd3f46a3be7aed6c3bbe870ed7af184679b9d8
2026-10-08T01:22:05.3445179Z  * [new branch]          release/c256418f3e375a1d261a80fff6cf05cdb2bd7ad1 -> origin/release/c256418f3e375a1d261a80fff6cf05cdb2bd7ad1
2026-10-08T01:22:05.3446031Z  * [new branch]          release/c3b298831ee42b6bd636b08d5cafe6032bb6a54b -> origin/release/c3b298831ee42b6bd636b08d5cafe6032bb6a54b
2026-10-08T01:22:05.3446871Z  * [new branch]          release/c5af0cc2150500a03535cad6ce69e6b42fa59a81 -> origin/release/c5af0cc2150500a03535cad6ce69e6b42fa59a81
2026-10-08T01:22:05.3447802Z  * [new branch]          release/c618372861a64aaac9c6f1ee31e7a31c77dbc4f3 -> origin/release/c618372861a64aaac9c6f1ee31e7a31c77dbc4f3
2026-10-08T01:22:05.3448669Z  * [new branch]          release/c8e97dd8ba7748bc9848da531aeccfbd7fc234ee -> origin/release/c8e97dd8ba7748bc9848da531aeccfbd7fc234ee
2026-10-08T01:22:05.3449549Z  * [new branch]          release/ca076749aa14b1e3a5d964d9dba32115f018ca2f -> origin/release/ca076749aa14b1e3a5d964d9dba32115f018ca2f
2026-10-08T01:22:05.3450396Z  * [new branch]          release/ca778e0e9d3f0304bb29cfa96b8622fdcb7df823 -> origin/release/ca778e0e9d3f0304bb29cfa96b8622fdcb7df823
2026-10-08T01:22:05.3451228Z  * [new branch]          release/ce3619665f4cd7683e625c5b63e657ee9101be65 -> origin/release/ce3619665f4cd7683e625c5b63e657ee9101be65
2026-10-08T01:22:05.3452192Z  * [new branch]          release/d083598e5fe74c69ebb7759693d9cb6a359409af -> origin/release/d083598e5fe74c69ebb7759693d9cb6a359409af
2026-10-08T01:22:05.3453246Z  * [new branch]          release/d509ccd9a0b69c11e23329a009200d4130f39434 -> origin/release/d509ccd9a0b69c11e23329a009200d4130f39434
2026-10-08T01:22:05.3454220Z  * [new branch]          release/d66c1eaf35afcdea06860385954f13142a725ec9 -> origin/release/d66c1eaf35afcdea06860385954f13142a725ec9
2026-10-08T01:22:05.3455702Z  * [new branch]          release/db6365499ff3424d9502f9380eb09eacf6cc357c -> origin/release/db6365499ff3424d9502f9380eb09eacf6cc357c
2026-10-08T01:22:05.3456580Z  * [new branch]          release/dca5553bca9bf40611ee70f6c495b468234b8f2e -> origin/release/dca5553bca9bf40611ee70f6c495b468234b8f2e
2026-10-08T01:22:05.3457560Z  * [new branch]          release/dce9fe6a1e35bab4fe174cf1a93d0e593824b43e -> origin/release/dce9fe6a1e35bab4fe174cf1a93d0e593824b43e
2026-10-08T01:22:05.3458498Z  * [new branch]          release/de93fa716c88cdb8e181d2b46f9222f5d6112ca3 -> origin/release/de93fa716c88cdb8e181d2b46f9222f5d6112ca3
2026-10-08T01:22:05.3459397Z  * [new branch]          release/e52b3d96c6e04335106ad3e389fcb2504eaca8e1 -> origin/release/e52b3d96c6e04335106ad3e389fcb2504eaca8e1
2026-10-08T01:22:05.3460345Z  * [new branch]          release/e678ab559e9ff0aa8452175d45ac3ac02d1819d4 -> origin/release/e678ab559e9ff0aa8452175d45ac3ac02d1819d4
2026-10-08T01:22:05.3461204Z  * [new branch]          release/eb928febf145ac21562dbc1692abf02af2bc2dc6 -> origin/release/eb928febf145ac21562dbc1692abf02af2bc2dc6
2026-10-08T01:22:05.3462196Z  * [new branch]          release/ed28a4d18e55736a06c44032162e107c0d955bf1 -> origin/release/ed28a4d18e55736a06c44032162e107c0d955bf1
2026-10-08T01:22:05.3463239Z  * [new branch]          release/f2362d62dcc4e63de0bddac86c3467dc4c78f365 -> origin/release/f2362d62dcc4e63de0bddac86c3467dc4c78f365
2026-10-08T01:22:05.3464168Z  * [new branch]          release/f243cd2601899e3ff76086cccf63ff5aecef6c66 -> origin/release/f243cd2601899e3ff76086cccf63ff5aecef6c66
2026-10-08T01:22:05.3465047Z  * [new branch]          release/f281d74a32aca69863f2fcf70d6c857d105540c7 -> origin/release/f281d74a32aca69863f2fcf70d6c857d105540c7
2026-10-08T01:22:05.3465896Z  * [new branch]          release/f562fa371ff703d3b0e8f325aafb4e4a284794a4 -> origin/release/f562fa371ff703d3b0e8f325aafb4e4a284794a4
2026-10-08T01:22:05.3466858Z  * [new branch]          release/f967dead4f207c8fc856f2c3a9fb2cd4cb2fde73 -> origin/release/f967dead4f207c8fc856f2c3a9fb2cd4cb2fde73
2026-10-08T01:22:05.3467740Z  * [new branch]          release/fadea97b3560d40363148778b21dd15fc1fc19ff -> origin/release/fadea97b3560d40363148778b21dd15fc1fc19ff
2026-10-08T01:22:05.3468687Z  * [new branch]          release/fdc9be1cd6dc2c2b918ef92bb52b5ee87c80e9cf -> origin/release/fdc9be1cd6dc2c2b918ef92bb52b5ee87c80e9cf
2026-10-08T01:22:05.3469635Z  * [new branch]          release/fdd0852745a0b1d9ac39f5a7766f3378039561e2 -> origin/release/fdd0852745a0b1d9ac39f5a7766f3378039561e2
2026-10-08T01:22:05.3470532Z  * [new branch]          release/ffe6802225f68923f998a32c3b6342f9730cf946 -> origin/release/ffe6802225f68923f998a32c3b6342f9730cf946
2026-10-08T01:22:05.3471466Z  * [new tag]             journey-evidence/36e0071f040196340c2a5458b096ff012d30e127 -> journey-evidence/36e0071f040196340c2a5458b096ff012d30e127
2026-10-08T01:22:05.3472413Z  * [new tag]             journey-evidence/53659025933f2bbec9dea3c53aaa4aa716a83227 -> journey-evidence/53659025933f2bbec9dea3c53aaa4aa716a83227
2026-10-08T01:22:05.3473290Z  * [new tag]             pre-reboot-2026-08-04       -> pre-reboot-2026-08-04
2026-10-08T01:22:05.3473836Z  * [new tag]             reboot-0                    -> reboot-0
2026-10-08T01:22:05.3474403Z  * [new tag]             reboot-prototype-2026-08-04 -> reboot-prototype-2026-08-04
2026-10-08T01:22:05.3475101Z  * [new tag]             reboot-prototype-copy-risk-2026-08-04 -> reboot-prototype-copy-risk-2026-08-04
2026-10-08T01:22:05.3475992Z  * [new tag]             recovery/20261006/local/codex-3709-learned-lifecycle-3e095d570aeb -> recovery/20261006/local/codex-3709-learned-lifecycle-3e095d570aeb
2026-10-08T01:22:05.3477008Z  * [new tag]             recovery/20261006/local/codex-3938-matched-routing-bec30bfec43d -> recovery/20261006/local/codex-3938-matched-routing-bec30bfec43d
2026-10-08T01:22:05.3478076Z  * [new tag]             recovery/20261006/local/codex-4055-canonical-spelling-5f8969950f5d -> recovery/20261006/local/codex-4055-canonical-spelling-5f8969950f5d
2026-10-08T01:22:05.3479108Z  * [new tag]             recovery/20261006/local/codex-4055-package-imports-d969a15e35f9 -> recovery/20261006/local/codex-4055-package-imports-d969a15e35f9
2026-10-08T01:22:05.3480176Z  * [new tag]             recovery/20261006/local/codex-4059-named-type-parameters-e16d044e6ab5 -> recovery/20261006/local/codex-4059-named-type-parameters-e16d044e6ab5
2026-10-08T01:22:05.3481238Z  * [new tag]             recovery/20261006/local/codex-4064-per-input-terminal-e42d44ffe61d -> recovery/20261006/local/codex-4064-per-input-terminal-e42d44ffe61d
2026-10-08T01:22:05.3482362Z  * [new tag]             recovery/20261006/local/codex-4081-journey-release-separation-ff49a8ea298b -> recovery/20261006/local/codex-4081-journey-release-separation-ff49a8ea298b
2026-10-08T01:22:05.3483805Z  * [new tag]             recovery/20261006/local/codex-4109-abnormal-composition-9e04f0b5fff8 -> recovery/20261006/local/codex-4109-abnormal-composition-9e04f0b5fff8
2026-10-08T01:22:05.3484836Z  * [new tag]             recovery/20261006/local/codex-4109-language-canon-4a2f8e93b258 -> recovery/20261006/local/codex-4109-language-canon-4a2f8e93b258
2026-10-08T01:22:05.3485980Z  * [new tag]             recovery/20261006/local/codex-4109-runtime-terminal-transduction-897e7b97dd1c -> recovery/20261006/local/codex-4109-runtime-terminal-transduction-897e7b97dd1c
2026-10-08T01:22:05.3487129Z  * [new tag]             recovery/20261006/local/codex-4115-mask-fore-execution-8e4402e6c56e -> recovery/20261006/local/codex-4115-mask-fore-execution-8e4402e6c56e
2026-10-08T01:22:05.3488121Z  * [new tag]             recovery/20261006/local/codex-4115-mask-forms-fd398708a6bf -> recovery/20261006/local/codex-4115-mask-forms-fd398708a6bf
2026-10-08T01:22:05.3489135Z  * [new tag]             recovery/20261006/local/codex-4115-three-bodies-0dd121f8f68d -> recovery/20261006/local/codex-4115-three-bodies-0dd121f8f68d
2026-10-08T01:22:05.3490128Z  * [new tag]             recovery/20261006/local/codex-4199-negated-refinements-5f8969950f5d -> recovery/20261006/local/codex-4199-negated-refinements-5f8969950f5d
2026-10-08T01:22:05.3491239Z  * [new tag]             recovery/20261006/local/codex-4199-value-constraints-5082b0bfdcdb -> recovery/20261006/local/codex-4199-value-constraints-5082b0bfdcdb
2026-10-08T01:22:05.3492296Z  * [new tag]             recovery/20261006/local/codex-4223-remove-piper-a41e5cf90cd6 -> recovery/20261006/local/codex-4223-remove-piper-a41e5cf90cd6
2026-10-08T01:22:05.3493511Z  * [new tag]             recovery/20261006/local/codex-4231-html-browser-face-sdk-670f1e273942 -> recovery/20261006/local/codex-4231-html-browser-face-sdk-670f1e273942
2026-10-08T01:22:05.3494633Z  * [new tag]             recovery/20261006/local/codex-4335-glyph-prelude-f9ab157190d1 -> recovery/20261006/local/codex-4335-glyph-prelude-f9ab157190d1
2026-10-08T01:22:05.3495680Z  * [new tag]             recovery/20261006/local/codex-4340-hostile-join-refusals-999e4f6d9f1e -> recovery/20261006/local/codex-4340-hostile-join-refusals-999e4f6d9f1e
2026-10-08T01:22:05.3496770Z  * [new tag]             recovery/20261006/local/codex-4340-portable-invitation-d05ce370d2cb -> recovery/20261006/local/codex-4340-portable-invitation-d05ce370d2cb
2026-10-08T01:22:05.3497774Z  * [new tag]             recovery/20261006/local/codex-next-board-slice-709aa621e33a -> recovery/20261006/local/codex-next-board-slice-709aa621e33a
2026-10-08T01:22:05.3498833Z  * [new tag]             recovery/20261006/local/codex-rename-fabricate-to-make-97268783f0c5 -> recovery/20261006/local/codex-rename-fabricate-to-make-97268783f0c5
2026-10-08T01:22:05.3499904Z  * [new tag]             recovery/20261006/local/codex-repair-3709-host-shard-2547113a182e -> recovery/20261006/local/codex-repair-3709-host-shard-2547113a182e
2026-10-08T01:22:05.3500949Z  * [new tag]             recovery/20261006/retired-local/codex-4376-native-types-c5d1e50ce8ff -> recovery/20261006/retired-local/codex-4376-native-types-c5d1e50ce8ff
2026-10-08T01:22:05.3502100Z  * [new tag]             recovery/20261006/retired-local/codex-4382-consolidated-migrations-054ac5419d7f -> recovery/20261006/retired-local/codex-4382-consolidated-migrations-054ac5419d7f
2026-10-08T01:22:05.3503344Z  * [new tag]             recovery/20261006/retired-local/codex-4382-domain-variants-36288c75d9e8 -> recovery/20261006/retired-local/codex-4382-domain-variants-36288c75d9e8
2026-10-08T01:22:05.3504565Z  * [new tag]             recovery/20261006/retired-local/codex-4382-finance-comparison-d9c3957e9dc5 -> recovery/20261006/retired-local/codex-4382-finance-comparison-d9c3957e9dc5
2026-10-08T01:22:05.3505717Z  * [new tag]             recovery/20261006/retired-local/codex-4382-unit-variant-traits-aaff8e2da5fe -> recovery/20261006/retired-local/codex-4382-unit-variant-traits-aaff8e2da5fe
2026-10-08T01:22:05.3506981Z  * [new tag]             recovery/20261006/retired-local/codex-b-3718-presentation-contracts-d2888b56f8c4 -> recovery/20261006/retired-local/codex-b-3718-presentation-contracts-d2888b56f8c4
2026-10-08T01:22:05.3508223Z  * [new tag]             recovery/20261006/retired-local/codex-ci-one-body-evidence-scope-9a14c1d1e828 -> recovery/20261006/retired-local/codex-ci-one-body-evidence-scope-9a14c1d1e828
2026-10-08T01:22:05.3509340Z  * [new tag]             recovery/20261006/retired/codex-3529-flagship-journey-08df5b8b5f95 -> recovery/20261006/retired/codex-3529-flagship-journey-08df5b8b5f95
2026-10-08T01:22:05.3510420Z  * [new tag]             recovery/20261006/retired/codex-3666-bounded-cbor-5f9d1f144ee8 -> recovery/20261006/retired/codex-3666-bounded-cbor-5f9d1f144ee8
2026-10-08T01:22:05.3511436Z  * [new tag]             recovery/20261006/retired/codex-3686-emergency-machine-c770fade6735 -> recovery/20261006/retired/codex-3686-emergency-machine-c770fade6735
2026-10-08T01:22:05.3512673Z  * [new tag]             recovery/20261006/retired/codex-3746-retire-standalone-creche-proof-3bfd17115e94 -> recovery/20261006/retired/codex-3746-retire-standalone-creche-proof-3bfd17115e94
2026-10-08T01:22:05.3513960Z  * [new tag]             recovery/20261006/retired/codex-3864-presentation-step-1d28e91754ea -> recovery/20261006/retired/codex-3864-presentation-step-1d28e91754ea
2026-10-08T01:22:05.3515027Z  * [new tag]             recovery/20261006/retired/codex-4115-4117-finish-2a90dea6327b -> recovery/20261006/retired/codex-4115-4117-finish-2a90dea6327b
2026-10-08T01:22:05.3516223Z  * [new tag]             recovery/20261006/retired/codex-4115-native-mask-runtime-4a92e6c313f9 -> recovery/20261006/retired/codex-4115-native-mask-runtime-4a92e6c313f9
2026-10-08T01:22:05.3517327Z  * [new tag]             recovery/20261006/retired/codex-4115-spoken-generative-f0aa487a16d3 -> recovery/20261006/retired/codex-4115-spoken-generative-f0aa487a16d3
2026-10-08T01:22:05.3518531Z  * [new tag]             recovery/20261006/retired/codex-4117-conduitos-resource-vertical-f5b854e7512a -> recovery/20261006/retired/codex-4117-conduitos-resource-vertical-f5b854e7512a
2026-10-08T01:22:05.3519749Z  * [new tag]             recovery/20261006/retired/codex-4117-host-source-admission-3e1d333540b4 -> recovery/20261006/retired/codex-4117-host-source-admission-3e1d333540b4
2026-10-08T01:22:05.3520919Z  * [new tag]             recovery/20261006/retired/codex-4117-runtime-possession-6687634e5f79 -> recovery/20261006/retired/codex-4117-runtime-possession-6687634e5f79
2026-10-08T01:22:05.3522049Z  * [new tag]             recovery/20261006/retired/codex-4134-semantic-names-200b51188ff9 -> recovery/20261006/retired/codex-4134-semantic-names-200b51188ff9
2026-10-08T01:22:05.3523225Z  * [new tag]             recovery/20261006/retired/codex-4231-body-lifecycle-session-df254c589d71 -> recovery/20261006/retired/codex-4231-body-lifecycle-session-df254c589d71
2026-10-08T01:22:05.3524431Z  * [new tag]             recovery/20261006/retired/codex-4231-browser-admission-matrix-f461b346125d -> recovery/20261006/retired/codex-4231-browser-admission-matrix-f461b346125d
2026-10-08T01:22:05.3525626Z  * [new tag]             recovery/20261006/retired/codex-4231-delete-browser-home-eab1f13a25cb -> recovery/20261006/retired/codex-4231-delete-browser-home-eab1f13a25cb
2026-10-08T01:22:05.3526763Z  * [new tag]             recovery/20261006/retired/codex-4231-delete-browser-tour-bfe6e05ebccc -> recovery/20261006/retired/codex-4231-delete-browser-tour-bfe6e05ebccc
2026-10-08T01:22:05.3528019Z  * [new tag]             recovery/20261006/retired/codex-4231-delete-patchbay-execution-ui-bd6596caf7a4 -> recovery/20261006/retired/codex-4231-delete-patchbay-execution-ui-bd6596caf7a4
2026-10-08T01:22:05.3529272Z  * [new tag]             recovery/20261006/retired/codex-4231-delete-workspace-model-pool-22d5ff9c59a5 -> recovery/20261006/retired/codex-4231-delete-workspace-model-pool-22d5ff9c59a5
2026-10-08T01:22:05.3530479Z  * [new tag]             recovery/20261006/retired/codex-4231-form-library-ownership-29912643aa3b -> recovery/20261006/retired/codex-4231-form-library-ownership-29912643aa3b
2026-10-08T01:22:05.3531735Z  * [new tag]             recovery/20261006/retired/codex-4231-harvest-tour-journey-b5c4f828fc0c -> recovery/20261006/retired/codex-4231-harvest-tour-journey-b5c4f828fc0c
2026-10-08T01:22:05.3532867Z  * [new tag]             recovery/20261006/retired/codex-4231-home-form-ownership-b11a14b3b2cb -> recovery/20261006/retired/codex-4231-home-form-ownership-b11a14b3b2cb
2026-10-08T01:22:05.3534168Z  * [new tag]             recovery/20261006/retired/codex-4231-html-direct-patchbay-graph-d83082bbbc2f -> recovery/20261006/retired/codex-4231-html-direct-patchbay-graph-d83082bbbc2f
2026-10-08T01:22:05.3535389Z  * [new tag]             recovery/20261006/retired/codex-4231-tutorial-form-ownership-ea26cde49bec -> recovery/20261006/retired/codex-4231-tutorial-form-ownership-ea26cde49bec
2026-10-08T01:22:05.3536568Z  * [new tag]             recovery/20261006/retired/codex-4335-explicit-glyph-aliases-f6aa21e2fa90 -> recovery/20261006/retired/codex-4335-explicit-glyph-aliases-f6aa21e2fa90
2026-10-08T01:22:05.3537738Z  * [new tag]             recovery/20261006/retired/codex-4375-ai-float-vocabulary-b3eb6d3e95ed -> recovery/20261006/retired/codex-4375-ai-float-vocabulary-b3eb6d3e95ed
2026-10-08T01:22:05.3538872Z  * [new tag]             recovery/20261006/retired/codex-4375-education-assessment-85a07d291ec2 -> recovery/20261006/retired/codex-4375-education-assessment-85a07d291ec2
2026-10-08T01:22:05.3540020Z  * [new tag]             recovery/20261006/retired/codex-4375-house-request-family-766e73102e2c -> recovery/20261006/retired/codex-4375-house-request-family-766e73102e2c
2026-10-08T01:22:05.3541195Z  * [new tag]             recovery/20261006/retired/codex-4375-native-data-adjacent-8f87b6bfbf85 -> recovery/20261006/retired/codex-4375-native-data-adjacent-8f87b6bfbf85
2026-10-08T01:22:05.3542301Z  * [new tag]             recovery/20261006/retired/codex-4375-native-data-family-8190165f83f5 -> recovery/20261006/retired/codex-4375-native-data-family-8190165f83f5
2026-10-08T01:22:05.3543535Z  * [new tag]             recovery/20261006/retired/codex-4375-native-time-family-84d9014d1691 -> recovery/20261006/retired/codex-4375-native-time-family-84d9014d1691
2026-10-08T01:22:05.3544672Z  * [new tag]             recovery/20261006/retired/codex-4375-native-visual-family-7433c94c8918 -> recovery/20261006/retired/codex-4375-native-visual-family-7433c94c8918
2026-10-08T01:22:05.3545793Z  * [new tag]             recovery/20261006/retired/codex-4375-native-web-family-bc9e6354256a -> recovery/20261006/retired/codex-4375-native-web-family-bc9e6354256a
2026-10-08T01:22:05.3546884Z  * [new tag]             recovery/20261006/retired/codex-4375-native-wire-family-7a3e414e0c99 -> recovery/20261006/retired/codex-4375-native-wire-family-7a3e414e0c99
2026-10-08T01:22:05.3548010Z  * [new tag]             recovery/20261006/retired/codex-4375-next-portable-family-2fe9fd68b2a3 -> recovery/20261006/retired/codex-4375-next-portable-family-2fe9fd68b2a3
2026-10-08T01:22:05.3549215Z  * [new tag]             recovery/20261006/retired/codex-4375-presentation-vocabulary-1a44741acfa5 -> recovery/20261006/retired/codex-4375-presentation-vocabulary-1a44741acfa5
2026-10-08T01:22:05.3550402Z  * [new tag]             recovery/20261006/retired/codex-4375-signal-garden-family-84dbca2dcb0d -> recovery/20261006/retired/codex-4375-signal-garden-family-84dbca2dcb0d
2026-10-08T01:22:05.3551600Z  * [new tag]             recovery/20261006/retired/codex-4376-presentation-consumers-1687e6263967 -> recovery/20261006/retired/codex-4376-presentation-consumers-1687e6263967
2026-10-08T01:22:05.3552759Z  * [new tag]             recovery/20261006/retired/codex-4378-flow-activation-targets-8cf5f11ceb1e -> recovery/20261006/retired/codex-4378-flow-activation-targets-8cf5f11ceb1e
2026-10-08T01:22:05.3553935Z  * [new tag]             recovery/20261006/retired/codex-4378-flow-bounded-total-1be1c267b1ec -> recovery/20261006/retired/codex-4378-flow-bounded-total-1be1c267b1ec
2026-10-08T01:22:05.3555120Z  * [new tag]             recovery/20261006/retired/codex-4378-flow-collect-back-ba3819275ea7 -> recovery/20261006/retired/codex-4378-flow-collect-back-ba3819275ea7
2026-10-08T01:22:05.3556176Z  * [new tag]             recovery/20261006/retired/codex-4378-flow-collect-browser-5a7d7e0dff12 -> recovery/20261006/retired/codex-4378-flow-collect-browser-5a7d7e0dff12
2026-10-08T01:22:05.3557309Z  * [new tag]             recovery/20261006/retired/codex-4378-flow-collect-contract-3bada0a85402 -> recovery/20261006/retired/codex-4378-flow-collect-contract-3bada0a85402
2026-10-08T01:22:05.3558379Z  * [new tag]             recovery/20261006/retired/codex-4378-flow-collect-offer-aeea5b750b46 -> recovery/20261006/retired/codex-4378-flow-collect-offer-aeea5b750b46
2026-10-08T01:22:05.3559432Z  * [new tag]             recovery/20261006/retired/codex-4378-flow-each-kind-96945474de7e -> recovery/20261006/retired/codex-4378-flow-each-kind-96945474de7e
2026-10-08T01:22:05.3560485Z  * [new tag]             recovery/20261006/retired/codex-4378-flow-each-source-13b49e32a675 -> recovery/20261006/retired/codex-4378-flow-each-source-13b49e32a675
2026-10-08T01:22:05.3561445Z  * [new tag]             recovery/20261006/retired/codex-4378-flow-fold-35f41fb6b9c5 -> recovery/20261006/retired/codex-4378-flow-fold-35f41fb6b9c5
2026-10-08T01:22:05.3562528Z  * [new tag]             recovery/20261006/retired/codex-4378-flow-fold-execution-21f1237576f4 -> recovery/20261006/retired/codex-4378-flow-fold-execution-21f1237576f4
2026-10-08T01:22:05.3563700Z  * [new tag]             recovery/20261006/retired/codex-4378-flow-scan-024a3b792ae0 -> recovery/20261006/retired/codex-4378-flow-scan-024a3b792ae0
2026-10-08T01:22:05.3564663Z  * [new tag]             recovery/20261006/retired/codex-4378-flow-select-fe555964f4d2 -> recovery/20261006/retired/codex-4378-flow-select-fe555964f4d2
2026-10-08T01:22:05.3565725Z  * [new tag]             recovery/20261006/retired/codex-4378-flow-select-runtime-75797dee5d4d -> recovery/20261006/retired/codex-4378-flow-select-runtime-75797dee5d4d
2026-10-08T01:22:05.3566898Z  * [new tag]             recovery/20261006/retired/codex-4382-ai-model-signature-representation-f732525f1975 -> recovery/20261006/retired/codex-4382-ai-model-signature-representation-f732525f1975
2026-10-08T01:22:05.3568125Z  * [new tag]             recovery/20261006/retired/codex-4382-alife-lenia-chunk-kind-760fe1e9ddc4 -> recovery/20261006/retired/codex-4382-alife-lenia-chunk-kind-760fe1e9ddc4
2026-10-08T01:22:05.3569314Z  * [new tag]             recovery/20261006/retired/codex-4382-alife-lenia-chunk-native-dev-96dfa23dc35b -> recovery/20261006/retired/codex-4382-alife-lenia-chunk-native-dev-96dfa23dc35b
2026-10-08T01:22:05.3570433Z  * [new tag]             recovery/20261006/retired/codex-4382-chat-state-types-200ceb680751 -> recovery/20261006/retired/codex-4382-chat-state-types-200ceb680751
2026-10-08T01:22:05.3571514Z  * [new tag]             recovery/20261006/retired/codex-4382-data-policy-types-671da17f9c3b -> recovery/20261006/retired/codex-4382-data-policy-types-671da17f9c3b
2026-10-08T01:22:05.3572589Z  * [new tag]             recovery/20261006/retired/codex-4382-human-chord-native-dev-edd12f0a17bd -> recovery/20261006/retired/codex-4382-human-chord-native-dev-edd12f0a17bd
2026-10-08T01:22:05.3573986Z  * [new tag]             recovery/20261006/retired/codex-4382-human-chord-vocabulary-f855f80fed51 -> recovery/20261006/retired/codex-4382-human-chord-vocabulary-f855f80fed51
2026-10-08T01:22:05.3575180Z  * [new tag]             recovery/20261006/retired/codex-4382-native-experience-vocabulary-ea512b4c417b -> recovery/20261006/retired/codex-4382-native-experience-vocabulary-ea512b4c417b
2026-10-08T01:22:05.3576500Z  * [new tag]             recovery/20261006/retired/codex-4382-native-garden-refusal-b6d94afa13c6 -> recovery/20261006/retired/codex-4382-native-garden-refusal-b6d94afa13c6
2026-10-08T01:22:05.3577647Z  * [new tag]             recovery/20261006/retired/codex-4382-native-math-scalar-refusal-8f73a2cce593 -> recovery/20261006/retired/codex-4382-native-math-scalar-refusal-8f73a2cce593
2026-10-08T01:22:05.3578843Z  * [new tag]             recovery/20261006/retired/codex-4382-native-musical-control-453647c0c581 -> recovery/20261006/retired/codex-4382-native-musical-control-453647c0c581
2026-10-08T01:22:05.3580110Z  * [new tag]             recovery/20261006/retired/codex-4382-native-normalized-quantity-refusal-a5d839172932 -> recovery/20261006/retired/codex-4382-native-normalized-quantity-refusal-a5d839172932
2026-10-08T01:22:05.3581383Z  * [new tag]             recovery/20261006/retired/codex-4382-native-presentation-vocabulary-a8526e83acb6 -> recovery/20261006/retired/codex-4382-native-presentation-vocabulary-a8526e83acb6
2026-10-08T01:22:05.3582708Z  * [new tag]             recovery/20261006/retired/codex-4382-native-quantity-mapping-vocabulary-7a2210e4eaa4 -> recovery/20261006/retired/codex-4382-native-quantity-mapping-vocabulary-7a2210e4eaa4
2026-10-08T01:22:05.3584159Z  * [new tag]             recovery/20261006/retired/codex-4382-native-robotics-simulation-availability-b121f1334762 -> recovery/20261006/retired/codex-4382-native-robotics-simulation-availability-b121f1334762
2026-10-08T01:22:05.3585423Z  * [new tag]             recovery/20261006/retired/codex-4382-native-scalar-comparison-a1b75daba372 -> recovery/20261006/retired/codex-4382-native-scalar-comparison-a1b75daba372
2026-10-08T01:22:05.3586665Z  * [new tag]             recovery/20261006/retired/codex-4382-native-schedule-vocabulary-44599535beea -> recovery/20261006/retired/codex-4382-native-schedule-vocabulary-44599535beea
2026-10-08T01:22:05.3587933Z  * [new tag]             recovery/20261006/retired/codex-4382-native-sequence-refusals-274bde626a0e -> recovery/20261006/retired/codex-4382-native-sequence-refusals-274bde626a0e
2026-10-08T01:22:05.3589070Z  * [new tag]             recovery/20261006/retired/codex-4382-native-signal-records-ac392b0fdd43 -> recovery/20261006/retired/codex-4382-native-signal-records-ac392b0fdd43
2026-10-08T01:22:05.3590287Z  * [new tag]             recovery/20261006/retired/codex-4382-native-template-collection-refusal-69d609ef7c31 -> recovery/20261006/retired/codex-4382-native-template-collection-refusal-69d609ef7c31
2026-10-08T01:22:05.3591551Z  * [new tag]             recovery/20261006/retired/codex-4382-native-workflow-timing-outcome-53d4ac61ae37 -> recovery/20261006/retired/codex-4382-native-workflow-timing-outcome-53d4ac61ae37
2026-10-08T01:22:05.3592766Z  * [new tag]             recovery/20261006/retired/codex-4382-network-unit-types-ae00c4eaccc1 -> recovery/20261006/retired/codex-4382-network-unit-types-ae00c4eaccc1
2026-10-08T01:22:05.3594072Z  * [new tag]             recovery/20261006/retired/codex-4382-presentation-graphics-native-dev-1fa03c3e413d -> recovery/20261006/retired/codex-4382-presentation-graphics-native-dev-1fa03c3e413d
2026-10-08T01:22:05.3595371Z  * [new tag]             recovery/20261006/retired/codex-4382-presentation-graphics-vocabulary-c5c25199c8ba -> recovery/20261006/retired/codex-4382-presentation-graphics-vocabulary-c5c25199c8ba
2026-10-08T01:22:05.3596545Z  * [new tag]             recovery/20261006/retired/codex-4382-robotics-variants-8201ea547a32 -> recovery/20261006/retired/codex-4382-robotics-variants-8201ea547a32
2026-10-08T01:22:05.3597532Z  * [new tag]             recovery/20261006/retired/codex-4382-text-phase-5a401f149ba0 -> recovery/20261006/retired/codex-4382-text-phase-5a401f149ba0
2026-10-08T01:22:05.3598589Z  * [new tag]             recovery/20261006/retired/codex-4382-web-http-variants-4d9a82f68fef -> recovery/20261006/retired/codex-4382-web-http-variants-4d9a82f68fef
2026-10-08T01:22:05.3599747Z  * [new tag]             recovery/20261006/retired/codex-4428-audio-tone-representation-154ff52ba339 -> recovery/20261006/retired/codex-4428-audio-tone-representation-154ff52ba339
2026-10-08T01:22:05.3600878Z  * [new tag]             recovery/20261006/retired/codex-4484-quiescence-language-c8b30d4b85df -> recovery/20261006/retired/codex-4484-quiescence-language-c8b30d4b85df
2026-10-08T01:22:05.3602031Z  * [new tag]             recovery/20261006/retired/codex-4519-host-release-dispatch-6ca539289d5f -> recovery/20261006/retired/codex-4519-host-release-dispatch-6ca539289d5f
2026-10-08T01:22:05.3603183Z  * [new tag]             recovery/20261006/retired/codex-4674-typed-case-tests-ef4b89891248 -> recovery/20261006/retired/codex-4674-typed-case-tests-ef4b89891248
2026-10-08T01:22:05.3604284Z  * [new tag]             recovery/20261006/retired/codex-4807-browser-wardrobe-ui-1fc74ce4224a -> recovery/20261006/retired/codex-4807-browser-wardrobe-ui-1fc74ce4224a
2026-10-08T01:22:05.3605410Z  * [new tag]             recovery/20261006/retired/codex-4807-explicit-route-switch-d0ed24896715 -> recovery/20261006/retired/codex-4807-explicit-route-switch-d0ed24896715
2026-10-08T01:22:05.3606583Z  * [new tag]             recovery/20261006/retired/codex-4807-native-compositor-diagnostic-e3bc3e4fe6ec -> recovery/20261006/retired/codex-4807-native-compositor-diagnostic-e3bc3e4fe6ec
2026-10-08T01:22:05.3607774Z  * [new tag]             recovery/20261006/retired/codex-4807-native-face-domain-reset-4b561c3f1c91 -> recovery/20261006/retired/codex-4807-native-face-domain-reset-4b561c3f1c91
2026-10-08T01:22:05.3608891Z  * [new tag]             recovery/20261006/retired/codex-4807-native-face-reseal-d275e9f019fd -> recovery/20261006/retired/codex-4807-native-face-reseal-d275e9f019fd
2026-10-08T01:22:05.3610087Z  * [new tag]             recovery/20261006/retired/codex-4807-native-owner-retirement-ece0c8b6838f -> recovery/20261006/retired/codex-4807-native-owner-retirement-ece0c8b6838f
2026-10-08T01:22:05.3611425Z  * [new tag]             recovery/20261006/retired/codex-4807-native-refreshed-route-diagnostic-bac4cdc4fb0b -> recovery/20261006/retired/codex-4807-native-refreshed-route-diagnostic-bac4cdc4fb0b
2026-10-08T01:22:05.3612715Z  * [new tag]             recovery/20261006/retired/codex-4807-native-selected-wardrobe-49448047a739 -> recovery/20261006/retired/codex-4807-native-selected-wardrobe-49448047a739
2026-10-08T01:22:05.3614072Z  * [new tag]             recovery/20261006/retired/codex-4807-native-standby-selection-e50f5a7f4c40 -> recovery/20261006/retired/codex-4807-native-standby-selection-e50f5a7f4c40
2026-10-08T01:22:05.3615338Z  * [new tag]             recovery/20261006/retired/codex-4807-owner-action-proof-correlation-54422b8ad0fd -> recovery/20261006/retired/codex-4807-owner-action-proof-correlation-54422b8ad0fd
2026-10-08T01:22:05.3616618Z  * [new tag]             recovery/20261006/retired/codex-4807-owner-direct-live-1fb8c8ba0b44 -> recovery/20261006/retired/codex-4807-owner-direct-live-1fb8c8ba0b44
2026-10-08T01:22:05.3617729Z  * [new tag]             recovery/20261006/retired/codex-4807-owner-direct-plot-08bd2a419d99 -> recovery/20261006/retired/codex-4807-owner-direct-plot-08bd2a419d99
2026-10-08T01:22:05.3618937Z  * [new tag]             recovery/20261006/retired/codex-4807-owner-direct-show-contract-c601e5952a99 -> recovery/20261006/retired/codex-4807-owner-direct-show-contract-c601e5952a99
2026-10-08T01:22:05.3620128Z  * [new tag]             recovery/20261006/retired/codex-4807-owner-llm-live-4b28801a2baf -> recovery/20261006/retired/codex-4807-owner-llm-live-4b28801a2baf
2026-10-08T01:22:05.3621183Z  * [new tag]             recovery/20261006/retired/codex-4807-owner-model-boot-f62fd8386bf4 -> recovery/20261006/retired/codex-4807-owner-model-boot-f62fd8386bf4
2026-10-08T01:22:05.3622389Z  * [new tag]             recovery/20261006/retired/codex-4807-owner-speech-wardrobe-cd69c75dc47c -> recovery/20261006/retired/codex-4807-owner-speech-wardrobe-cd69c75dc47c
2026-10-08T01:22:05.3623639Z  * [new tag]             recovery/20261006/retired/codex-4807-owner-spoken-mask-20dec6ae5b05 -> recovery/20261006/retired/codex-4807-owner-spoken-mask-20dec6ae5b05
2026-10-08T01:22:05.3624812Z  * [new tag]             recovery/20261006/retired/codex-4807-per-play-spoken-artifacts-c5ab08730828 -> recovery/20261006/retired/codex-4807-per-play-spoken-artifacts-c5ab08730828
2026-10-08T01:22:05.3626501Z  * [new tag]             recovery/20261006/retired/codex-4807-workload-route-reseal-b99b323934e4 -> recovery/20261006/retired/codex-4807-workload-route-reseal-b99b323934e4
2026-10-08T01:22:05.3627682Z  * [new tag]             recovery/20261006/retired/codex-4831-control-ring-5057cc0f2a7f -> recovery/20261006/retired/codex-4831-control-ring-5057cc0f2a7f
2026-10-08T01:22:05.3628809Z  * [new tag]             recovery/20261006/retired/codex-4831-controller-event-retention-e4a598d72bee -> recovery/20261006/retired/codex-4831-controller-event-retention-e4a598d72bee
2026-10-08T01:22:05.3629955Z  * [new tag]             recovery/20261006/retired/codex-4831-hid-boot-control-7b9347ed35d3 -> recovery/20261006/retired/codex-4831-hid-boot-control-7b9347ed35d3
2026-10-08T01:22:05.3631033Z  * [new tag]             recovery/20261006/retired/codex-4831-hid-native-current-66cccd9c7bf6 -> recovery/20261006/retired/codex-4831-hid-native-current-66cccd9c7bf6
2026-10-08T01:22:05.3632152Z  * [new tag]             recovery/20261006/retired/codex-4831-hid-source-admission-686a9dbdb789 -> recovery/20261006/retired/codex-4831-hid-source-admission-686a9dbdb789
2026-10-08T01:22:05.3633449Z  * [new tag]             recovery/20261006/retired/codex-4831-mouse-capture-integration-ccb7c84eb46a -> recovery/20261006/retired/codex-4831-mouse-capture-integration-ccb7c84eb46a
2026-10-08T01:22:05.3634612Z  * [new tag]             recovery/20261006/retired/codex-4831-mouse-native-capture-b9f9f75bd5e4 -> recovery/20261006/retired/codex-4831-mouse-native-capture-b9f9f75bd5e4
2026-10-08T01:22:05.3635720Z  * [new tag]             recovery/20261006/retired/codex-4831-native-placement-issuer-eed212819e75 -> recovery/20261006/retired/codex-4831-native-placement-issuer-eed212819e75
2026-10-08T01:22:05.3636924Z  * [new tag]             recovery/20261006/retired/codex-4831-ordinary-hid-input-d07fb3b110a1 -> recovery/20261006/retired/codex-4831-ordinary-hid-input-d07fb3b110a1
2026-10-08T01:22:05.3638043Z  * [new tag]             recovery/20261006/retired/codex-4831-ordinary-hid-installation-859d8ea64fc9 -> recovery/20261006/retired/codex-4831-ordinary-hid-installation-859d8ea64fc9
2026-10-08T01:22:05.3639239Z  * [new tag]             recovery/20261006/retired/codex-4831-ordinary-hid-ordered-input-a14f78e112c5 -> recovery/20261006/retired/codex-4831-ordinary-hid-ordered-input-a14f78e112c5
2026-10-08T01:22:05.3640364Z  * [new tag]             recovery/20261006/retired/codex-4831-ordinary-hid-window-6d966537261a -> recovery/20261006/retired/codex-4831-ordinary-hid-window-6d966537261a
2026-10-08T01:22:05.3641423Z  * [new tag]             recovery/20261006/retired/codex-4831-xhci-command-events-e6091d920222 -> recovery/20261006/retired/codex-4831-xhci-command-events-e6091d920222
2026-10-08T01:22:05.3642525Z  * [new tag]             recovery/20261006/retired/codex-4922-owner-body-wardrobe-1d157f5471a8 -> recovery/20261006/retired/codex-4922-owner-body-wardrobe-1d157f5471a8
2026-10-08T01:22:05.3643644Z  * [new tag]             recovery/20261006/retired/codex-4952-projection-loss-c8be94ab0161 -> recovery/20261006/retired/codex-4952-projection-loss-c8be94ab0161
2026-10-08T01:22:05.3644709Z  * [new tag]             recovery/20261006/retired/codex-4957-hosted-current-12504f677477 -> recovery/20261006/retired/codex-4957-hosted-current-12504f677477
2026-10-08T01:22:05.3645701Z  * [new tag]             recovery/20261006/retired/codex-4957-hosted-final-c79dd2e7fee4 -> recovery/20261006/retired/codex-4957-hosted-final-c79dd2e7fee4
2026-10-08T01:22:05.3646669Z  * [new tag]             recovery/20261006/retired/codex-4957-hosted-locks-7bf67e012062 -> recovery/20261006/retired/codex-4957-hosted-locks-7bf67e012062
2026-10-08T01:22:05.3647720Z  * [new tag]             recovery/20261006/retired/codex-4957-hosted-publication-7bf67e012062 -> recovery/20261006/retired/codex-4957-hosted-publication-7bf67e012062
2026-10-08T01:22:05.3648738Z  * [new tag]             recovery/20261006/retired/codex-4957-hosted-speech-569c6d31c518 -> recovery/20261006/retired/codex-4957-hosted-speech-569c6d31c518
2026-10-08T01:22:05.3649829Z  * [new tag]             recovery/20261006/retired/codex-4957-source-material-current-9f04cdfee772 -> recovery/20261006/retired/codex-4957-source-material-current-9f04cdfee772
2026-10-08T01:22:05.3650994Z  * [new tag]             recovery/20261006/retired/codex-4957-source-publication-78c66755184a -> recovery/20261006/retired/codex-4957-source-publication-78c66755184a
2026-10-08T01:22:05.3652026Z  * [new tag]             recovery/20261006/retired/codex-4957-source-spine-45ad91632f37 -> recovery/20261006/retired/codex-4957-source-spine-45ad91632f37
2026-10-08T01:22:05.3653214Z  * [new tag]             recovery/20261006/retired/codex-4957-source-text-2ba92fdb2d33 -> recovery/20261006/retired/codex-4957-source-text-2ba92fdb2d33
2026-10-08T01:22:05.3654249Z  * [new tag]             recovery/20261006/retired/codex-4984-apt-diagnostic-16c24fe7757e -> recovery/20261006/retired/codex-4984-apt-diagnostic-16c24fe7757e
2026-10-08T01:22:05.3655364Z  * [new tag]             recovery/20261006/retired/codex-4984-apt-diagnostic-auth-a251439459bc -> recovery/20261006/retired/codex-4984-apt-diagnostic-auth-a251439459bc
2026-10-08T01:22:05.3656502Z  * [new tag]             recovery/20261006/retired/codex-4984-apt-diagnostic-fixed-174fad16f017 -> recovery/20261006/retired/codex-4984-apt-diagnostic-fixed-174fad16f017
2026-10-08T01:22:05.3657630Z  * [new tag]             recovery/20261006/retired/codex-all-open-integration-9da3e0760dd6 -> recovery/20261006/retired/codex-all-open-integration-9da3e0760dd6
2026-10-08T01:22:05.3658805Z  * [new tag]             recovery/20261006/retired/codex-b-3712-canonical-primitive-info-db9061b4ed7c -> recovery/20261006/retired/codex-b-3712-canonical-primitive-info-db9061b4ed7c
2026-10-08T01:22:05.3660159Z  * [new tag]             recovery/20261006/retired/codex-b-3716-semantic-substitutability-3fbf582c8f8d -> recovery/20261006/retired/codex-b-3716-semantic-substitutability-3fbf582c8f8d
2026-10-08T01:22:05.3661269Z  * [new tag]             recovery/20261006/retired/codex-b-3718-ai-offers-8b8227b6b649 -> recovery/20261006/retired/codex-b-3718-ai-offers-8b8227b6b649
2026-10-08T01:22:05.3662368Z  * [new tag]             recovery/20261006/retired/codex-b-3718-alife-contracts-63213a0a61b3 -> recovery/20261006/retired/codex-b-3718-alife-contracts-63213a0a61b3
2026-10-08T01:22:05.3663619Z  * [new tag]             recovery/20261006/retired/codex-b-3718-body-chat-contracts-614044d69ebf -> recovery/20261006/retired/codex-b-3718-body-chat-contracts-614044d69ebf
2026-10-08T01:22:05.3664798Z  * [new tag]             recovery/20261006/retired/codex-b-3718-browser-button-attempt-ed62ae9f7d49 -> recovery/20261006/retired/codex-b-3718-browser-button-attempt-ed62ae9f7d49
2026-10-08T01:22:05.3665973Z  * [new tag]             recovery/20261006/retired/codex-b-3718-browser-garden-bf4f8826aad7 -> recovery/20261006/retired/codex-b-3718-browser-garden-bf4f8826aad7
2026-10-08T01:22:05.3667035Z  * [new tag]             recovery/20261006/retired/codex-b-3718-browser-history-e41ed8e24581 -> recovery/20261006/retired/codex-b-3718-browser-history-e41ed8e24581
2026-10-08T01:22:05.3668190Z  * [new tag]             recovery/20261006/retired/codex-b-3718-browser-human-media-29a603fe25b2 -> recovery/20261006/retired/codex-b-3718-browser-human-media-29a603fe25b2
2026-10-08T01:22:05.3669339Z  * [new tag]             recovery/20261006/retired/codex-b-3718-browser-input-offers-de667515a133 -> recovery/20261006/retired/codex-b-3718-browser-input-offers-de667515a133
2026-10-08T01:22:05.3670510Z  * [new tag]             recovery/20261006/retired/codex-b-3718-browser-linguistics-f1dfa3090023 -> recovery/20261006/retired/codex-b-3718-browser-linguistics-f1dfa3090023
2026-10-08T01:22:05.3671706Z  * [new tag]             recovery/20261006/retired/codex-b-3718-browser-measurement-plot-53f39c41b70a -> recovery/20261006/retired/codex-b-3718-browser-measurement-plot-53f39c41b70a
2026-10-08T01:22:05.3672955Z  * [new tag]             recovery/20261006/retired/codex-b-3718-browser-measurement-presentation-0454d9b7241f -> recovery/20261006/retired/codex-b-3718-browser-measurement-presentation-0454d9b7241f
2026-10-08T01:22:05.3674408Z  * [new tag]             recovery/20261006/retired/codex-b-3718-browser-measurement-state-371ebffedf3f -> recovery/20261006/retired/codex-b-3718-browser-measurement-state-371ebffedf3f
2026-10-08T01:22:05.3675616Z  * [new tag]             recovery/20261006/retired/codex-b-3718-browser-measurement-summary-ad0ec9d41be4 -> recovery/20261006/retired/codex-b-3718-browser-measurement-summary-ad0ec9d41be4
2026-10-08T01:22:05.3676787Z  * [new tag]             recovery/20261006/retired/codex-b-3718-browser-morse-1ed3fecefd65 -> recovery/20261006/retired/codex-b-3718-browser-morse-1ed3fecefd65
2026-10-08T01:22:05.3677889Z  * [new tag]             recovery/20261006/retired/codex-b-3718-browser-offer-migration-1731d45645d0 -> recovery/20261006/retired/codex-b-3718-browser-offer-migration-1731d45645d0
2026-10-08T01:22:05.3679042Z  * [new tag]             recovery/20261006/retired/codex-b-3718-browser-pointer-offer-02bd350c4328 -> recovery/20261006/retired/codex-b-3718-browser-pointer-offer-02bd350c4328
2026-10-08T01:22:05.3680247Z  * [new tag]             recovery/20261006/retired/codex-b-3718-browser-pointer-selectors-77f9933b718d -> recovery/20261006/retired/codex-b-3718-browser-pointer-selectors-77f9933b718d
2026-10-08T01:22:05.3681390Z  * [new tag]             recovery/20261006/retired/codex-b-3718-browser-presenters-00d2600da051 -> recovery/20261006/retired/codex-b-3718-browser-presenters-00d2600da051
2026-10-08T01:22:05.3682563Z  * [new tag]             recovery/20261006/retired/codex-b-3718-browser-quantity-offer-0dcc90a11990 -> recovery/20261006/retired/codex-b-3718-browser-quantity-offer-0dcc90a11990
2026-10-08T01:22:05.3683803Z  * [new tag]             recovery/20261006/retired/codex-b-3718-browser-replay-594bb2a19a48 -> recovery/20261006/retired/codex-b-3718-browser-replay-594bb2a19a48
2026-10-08T01:22:05.3684863Z  * [new tag]             recovery/20261006/retired/codex-b-3718-browser-rhythm-5e94fe2085b2 -> recovery/20261006/retired/codex-b-3718-browser-rhythm-5e94fe2085b2
2026-10-08T01:22:05.3686000Z  * [new tag]             recovery/20261006/retired/codex-b-3718-browser-specimen-capture-c07b43d42a30 -> recovery/20261006/retired/codex-b-3718-browser-specimen-capture-c07b43d42a30
2026-10-08T01:22:05.3687204Z  * [new tag]             recovery/20261006/retired/codex-b-3718-browser-structured-text-fe99bbdce03d -> recovery/20261006/retired/codex-b-3718-browser-structured-text-fe99bbdce03d
2026-10-08T01:22:05.3688471Z  * [new tag]             recovery/20261006/retired/codex-b-3718-browser-time-every-offer-186dda1ce23f -> recovery/20261006/retired/codex-b-3718-browser-time-every-offer-186dda1ce23f
2026-10-08T01:22:05.3689785Z  * [new tag]             recovery/20261006/retired/codex-b-3718-button-indicator-contracts-59bdd2be9d1f -> recovery/20261006/retired/codex-b-3718-button-indicator-contracts-59bdd2be9d1f
2026-10-08T01:22:05.3690973Z  * [new tag]             recovery/20261006/retired/codex-b-3718-calendar-contracts-8a450eaa8579 -> recovery/20261006/retired/codex-b-3718-calendar-contracts-8a450eaa8579
2026-10-08T01:22:05.3692066Z  * [new tag]             recovery/20261006/retired/codex-b-3718-calendar-offers-d52ff0d48a75 -> recovery/20261006/retired/codex-b-3718-calendar-offers-d52ff0d48a75
2026-10-08T01:22:05.3693191Z  * [new tag]             recovery/20261006/retired/codex-b-3718-chat-offers-38c50692de57 -> recovery/20261006/retired/codex-b-3718-chat-offers-38c50692de57
2026-10-08T01:22:05.3694319Z  * [new tag]             recovery/20261006/retired/codex-b-3718-conduitos-functional-7c5e1edc19b3 -> recovery/20261006/retired/codex-b-3718-conduitos-functional-7c5e1edc19b3
2026-10-08T01:22:05.3695403Z  * [new tag]             recovery/20261006/retired/codex-b-3718-conduitos-http-257dce4f27be -> recovery/20261006/retired/codex-b-3718-conduitos-http-257dce4f27be
2026-10-08T01:22:05.3696588Z  * [new tag]             recovery/20261006/retired/codex-b-3718-conversation-commit-contracts-74aad34e2d74 -> recovery/20261006/retired/codex-b-3718-conversation-commit-contracts-74aad34e2d74
2026-10-08T01:22:05.3697875Z  * [new tag]             recovery/20261006/retired/codex-b-3718-copy-result-presentation-84861c718fd2 -> recovery/20261006/retired/codex-b-3718-copy-result-presentation-84861c718fd2
2026-10-08T01:22:05.3698974Z  * [new tag]             recovery/20261006/retired/codex-b-3718-data-offers-989a5b17c447 -> recovery/20261006/retired/codex-b-3718-data-offers-989a5b17c447
2026-10-08T01:22:05.3700101Z  * [new tag]             recovery/20261006/retired/codex-b-3718-domain-specimen-contracts-89d1396451bd -> recovery/20261006/retired/codex-b-3718-domain-specimen-contracts-89d1396451bd
2026-10-08T01:22:05.3701288Z  * [new tag]             recovery/20261006/retired/codex-b-3718-flow-state-contracts-70d410c87b28 -> recovery/20261006/retired/codex-b-3718-flow-state-contracts-70d410c87b28
2026-10-08T01:22:05.3702446Z  * [new tag]             recovery/20261006/retired/codex-b-3718-generalized-input-contracts-8ace73def64f -> recovery/20261006/retired/codex-b-3718-generalized-input-contracts-8ace73def64f
2026-10-08T01:22:05.3703691Z  * [new tag]             recovery/20261006/retired/codex-b-3718-geometry-offers-d7154dbea0e3 -> recovery/20261006/retired/codex-b-3718-geometry-offers-d7154dbea0e3
2026-10-08T01:22:05.3704804Z  * [new tag]             recovery/20261006/retired/codex-b-3718-house-prompt-contract-1a8a6f8d479e -> recovery/20261006/retired/codex-b-3718-house-prompt-contract-1a8a6f8d479e
2026-10-08T01:22:05.3705885Z  * [new tag]             recovery/20261006/retired/codex-b-3718-http-offers-3b353552d933 -> recovery/20261006/retired/codex-b-3718-http-offers-3b353552d933
2026-10-08T01:22:05.3707042Z  * [new tag]             recovery/20261006/retired/codex-b-3718-image-text-contracts-1e40a22c3cb9 -> recovery/20261006/retired/codex-b-3718-image-text-contracts-1e40a22c3cb9
2026-10-08T01:22:05.3708153Z  * [new tag]             recovery/20261006/retired/codex-b-3718-isolated-http-offer-5f9f62b561c5 -> recovery/20261006/retired/codex-b-3718-isolated-http-offer-5f9f62b561c5
2026-10-08T01:22:05.3709227Z  * [new tag]             recovery/20261006/retired/codex-b-3718-json-contracts-6b3a50fd444a -> recovery/20261006/retired/codex-b-3718-json-contracts-6b3a50fd444a
2026-10-08T01:22:05.3710302Z  * [new tag]             recovery/20261006/retired/codex-b-3718-keyboard-contract-cff651cedc0a -> recovery/20261006/retired/codex-b-3718-keyboard-contract-cff651cedc0a
2026-10-08T01:22:05.3711417Z  * [new tag]             recovery/20261006/retired/codex-b-3718-linguistics-offers-1638b112cb5d -> recovery/20261006/retired/codex-b-3718-linguistics-offers-1638b112cb5d
2026-10-08T01:22:05.3712556Z  * [new tag]             recovery/20261006/retired/codex-b-3718-local-vision-contracts-349c04200fe7 -> recovery/20261006/retired/codex-b-3718-local-vision-contracts-349c04200fe7
2026-10-08T01:22:05.3713815Z  * [new tag]             recovery/20261006/retired/codex-b-3718-messaging-offers-8d9332856bc5 -> recovery/20261006/retired/codex-b-3718-messaging-offers-8d9332856bc5
2026-10-08T01:22:05.3715077Z  * [new tag]             recovery/20261006/retired/codex-b-3718-microphone-contract-a0b6d075a163 -> recovery/20261006/retired/codex-b-3718-microphone-contract-a0b6d075a163
2026-10-08T01:22:05.3716223Z  * [new tag]             recovery/20261006/retired/codex-b-3718-model-text-contracts-e9ec0761b2f4 -> recovery/20261006/retired/codex-b-3718-model-text-contracts-e9ec0761b2f4
2026-10-08T01:22:05.3717432Z  * [new tag]             recovery/20261006/retired/codex-b-3718-morse-composition-contract-3d767dd1a58c -> recovery/20261006/retired/codex-b-3718-morse-composition-contract-3d767dd1a58c
2026-10-08T01:22:05.3718654Z  * [new tag]             recovery/20261006/retired/codex-b-3718-navigation-contracts-a0ed3856d15d -> recovery/20261006/retired/codex-b-3718-navigation-contracts-a0ed3856d15d
2026-10-08T01:22:05.3719790Z  * [new tag]             recovery/20261006/retired/codex-b-3718-network-offers-f1bf1bb629fa -> recovery/20261006/retired/codex-b-3718-network-offers-f1bf1bb629fa
2026-10-08T01:22:05.3721042Z  * [new tag]             recovery/20261006/retired/codex-b-3718-normalized-pattern-contract-fc9720f7fb41 -> recovery/20261006/retired/codex-b-3718-normalized-pattern-contract-fc9720f7fb41
2026-10-08T01:22:05.3722315Z  * [new tag]             recovery/20261006/retired/codex-b-3718-offer-construction-be68c441b713 -> recovery/20261006/retired/codex-b-3718-offer-construction-be68c441b713
2026-10-08T01:22:05.3723529Z  * [new tag]             recovery/20261006/retired/codex-b-3718-offer-drift-guard-b4594e1ec129 -> recovery/20261006/retired/codex-b-3718-offer-drift-guard-b4594e1ec129
2026-10-08T01:22:05.3724722Z  * [new tag]             recovery/20261006/retired/codex-b-3718-pattern-comparison-contract-6b29a669e02c -> recovery/20261006/retired/codex-b-3718-pattern-comparison-contract-6b29a669e02c
2026-10-08T01:22:05.3725856Z  * [new tag]             recovery/20261006/retired/codex-b-3718-pete-robotics-59e8d3cf5f9b -> recovery/20261006/retired/codex-b-3718-pete-robotics-59e8d3cf5f9b
2026-10-08T01:22:05.3727005Z  * [new tag]             recovery/20261006/retired/codex-b-3718-presentation-identities-8764d94766e6 -> recovery/20261006/retired/codex-b-3718-presentation-identities-8764d94766e6
2026-10-08T01:22:05.3728122Z  * [new tag]             recovery/20261006/retired/codex-b-3718-presentation-offers-6acbc51d2e36 -> recovery/20261006/retired/codex-b-3718-presentation-offers-6acbc51d2e36
2026-10-08T01:22:05.3729340Z  * [new tag]             recovery/20261006/retired/codex-b-3718-pulse-observation-contract-4052550ceb4b -> recovery/20261006/retired/codex-b-3718-pulse-observation-contract-4052550ceb4b
2026-10-08T01:22:05.3730595Z  * [new tag]             recovery/20261006/retired/codex-b-3718-quantity-contracts-d5e178c96d04 -> recovery/20261006/retired/codex-b-3718-quantity-contracts-d5e178c96d04
2026-10-08T01:22:05.3731764Z  * [new tag]             recovery/20261006/retired/codex-b-3718-reaction-diffusion-offer-f0585bd1a5e5 -> recovery/20261006/retired/codex-b-3718-reaction-diffusion-offer-f0585bd1a5e5
2026-10-08T01:22:05.3732937Z  * [new tag]             recovery/20261006/retired/codex-b-3718-reboot-offer-b85cabe24098 -> recovery/20261006/retired/codex-b-3718-reboot-offer-b85cabe24098
2026-10-08T01:22:05.3734240Z  * [new tag]             recovery/20261006/retired/codex-b-3718-record-contracts-5aed63561292 -> recovery/20261006/retired/codex-b-3718-record-contracts-5aed63561292
2026-10-08T01:22:05.3735486Z  * [new tag]             recovery/20261006/retired/codex-b-3718-record-transcript-contract-69e3e2407597 -> recovery/20261006/retired/codex-b-3718-record-transcript-contract-69e3e2407597
2026-10-08T01:22:05.3736713Z  * [new tag]             recovery/20261006/retired/codex-b-3718-recorded-speech-offer-135951421f1e -> recovery/20261006/retired/codex-b-3718-recorded-speech-offer-135951421f1e
2026-10-08T01:22:05.3737912Z  * [new tag]             recovery/20261006/retired/codex-b-3718-robotics-contracts-cbeeccfea9d8 -> recovery/20261006/retired/codex-b-3718-robotics-contracts-cbeeccfea9d8
2026-10-08T01:22:05.3739026Z  * [new tag]             recovery/20261006/retired/codex-b-3718-signal-contracts-d2888b56f8c4 -> recovery/20261006/retired/codex-b-3718-signal-contracts-d2888b56f8c4
2026-10-08T01:22:05.3740191Z  * [new tag]             recovery/20261006/retired/codex-b-3718-speech-adapter-contracts-038cf6d12512 -> recovery/20261006/retired/codex-b-3718-speech-adapter-contracts-038cf6d12512
2026-10-08T01:22:05.3741381Z  * [new tag]             recovery/20261006/retired/codex-b-3718-speech-commit-e6fb26ab4438 -> recovery/20261006/retired/codex-b-3718-speech-commit-e6fb26ab4438
2026-10-08T01:22:05.3742565Z  * [new tag]             recovery/20261006/retired/codex-b-3718-speech-recognition-contracts-484a15e3dfef -> recovery/20261006/retired/codex-b-3718-speech-recognition-contracts-484a15e3dfef
2026-10-08T01:22:05.3743973Z  * [new tag]             recovery/20261006/retired/codex-b-3718-state-input-contracts-53b46daf1ab7 -> recovery/20261006/retired/codex-b-3718-state-input-contracts-53b46daf1ab7
2026-10-08T01:22:05.3745202Z  * [new tag]             recovery/20261006/retired/codex-b-3718-std-contract-migration-2-e35afad9a726 -> recovery/20261006/retired/codex-b-3718-std-contract-migration-2-e35afad9a726
2026-10-08T01:22:05.3746491Z  * [new tag]             recovery/20261006/retired/codex-b-3718-std-offer-migration-5cadbd9ed289 -> recovery/20261006/retired/codex-b-3718-std-offer-migration-5cadbd9ed289
2026-10-08T01:22:05.3747760Z  * [new tag]             recovery/20261006/retired/codex-b-3718-structured-music-contracts-1386ec11615d -> recovery/20261006/retired/codex-b-3718-structured-music-contracts-1386ec11615d
2026-10-08T01:22:05.3749024Z  * [new tag]             recovery/20261006/retired/codex-b-3718-structured-selector-contract-a87f9e647461 -> recovery/20261006/retired/codex-b-3718-structured-selector-contract-a87f9e647461
2026-10-08T01:22:05.3750265Z  * [new tag]             recovery/20261006/retired/codex-b-3718-structured-values-aa73ef9fa4ab -> recovery/20261006/retired/codex-b-3718-structured-values-aa73ef9fa4ab
2026-10-08T01:22:05.3751444Z  * [new tag]             recovery/20261006/retired/codex-b-3718-template-storage-contract-d97724a4daa2 -> recovery/20261006/retired/codex-b-3718-template-storage-contract-d97724a4daa2
2026-10-08T01:22:05.3752615Z  * [new tag]             recovery/20261006/retired/codex-b-3718-text-contracts-830b5f2c4ebd -> recovery/20261006/retired/codex-b-3718-text-contracts-830b5f2c4ebd
2026-10-08T01:22:05.3753791Z  * [new tag]             recovery/20261006/retired/codex-b-3718-text-lab-offer-0e5608d4c0dc -> recovery/20261006/retired/codex-b-3718-text-lab-offer-0e5608d4c0dc
2026-10-08T01:22:05.3754889Z  * [new tag]             recovery/20261006/retired/codex-b-3718-text-state-contract-fb55b2a2ee96 -> recovery/20261006/retired/codex-b-3718-text-state-contract-fb55b2a2ee96
2026-10-08T01:22:05.3756165Z  * [new tag]             recovery/20261006/retired/codex-b-3718-timed-button-contract-37f31c3313df -> recovery/20261006/retired/codex-b-3718-timed-button-contract-37f31c3313df
2026-10-08T01:22:05.3757304Z  * [new tag]             recovery/20261006/retired/codex-b-3718-timing-contracts-49814708f16b -> recovery/20261006/retired/codex-b-3718-timing-contracts-49814708f16b
2026-10-08T01:22:05.3758346Z  * [new tag]             recovery/20261006/retired/codex-b-3718-tongues-offers-3b7724119679 -> recovery/20261006/retired/codex-b-3718-tongues-offers-3b7724119679
2026-10-08T01:22:05.3759480Z  * [new tag]             recovery/20261006/retired/codex-b-3718-typed-record-contracts-ceba1efe5aa8 -> recovery/20261006/retired/codex-b-3718-typed-record-contracts-ceba1efe5aa8
2026-10-08T01:22:05.3760623Z  * [new tag]             recovery/20261006/retired/codex-b-3718-workflow-contracts-3a20d1f5ab9e -> recovery/20261006/retired/codex-b-3718-workflow-contracts-3a20d1f5ab9e
2026-10-08T01:22:05.3761833Z  * [new tag]             recovery/20261006/retired/codex-b-3724-canonical-startup-contract-84ab9ec2fc5e -> recovery/20261006/retired/codex-b-3724-canonical-startup-contract-84ab9ec2fc5e
2026-10-08T01:22:05.3763153Z  * [new tag]             recovery/20261006/retired/codex-b-3725-domain-ownership-e297581cb795 -> recovery/20261006/retired/codex-b-3725-domain-ownership-e297581cb795
2026-10-08T01:22:05.3764317Z  * [new tag]             recovery/20261006/retired/codex-b-3746-creche-retirement-55a09b86ddd2 -> recovery/20261006/retired/codex-b-3746-creche-retirement-55a09b86ddd2
2026-10-08T01:22:05.3765487Z  * [new tag]             recovery/20261006/retired/codex-b-conduitos-protected-relay-e7ae99d19d67 -> recovery/20261006/retired/codex-b-conduitos-protected-relay-e7ae99d19d67
2026-10-08T01:22:05.3766691Z  * [new tag]             recovery/20261006/retired/codex-backlog-aspiration-refresh-4013b6e540ca -> recovery/20261006/retired/codex-backlog-aspiration-refresh-4013b6e540ca
2026-10-08T01:22:05.3767865Z  * [new tag]             recovery/20261006/retired/codex-backlog-inflection-refresh-6af3dd05246b -> recovery/20261006/retired/codex-backlog-inflection-refresh-6af3dd05246b
2026-10-08T01:22:05.3769055Z  * [new tag]             recovery/20261006/retired/codex-backlog-native-ud-refresh-a6191f27a788 -> recovery/20261006/retired/codex-backlog-native-ud-refresh-a6191f27a788
2026-10-08T01:22:05.3770185Z  * [new tag]             recovery/20261006/retired/codex-backlog-omnibus-2956ba470f6a -> recovery/20261006/retired/codex-backlog-omnibus-2956ba470f6a
2026-10-08T01:22:05.3771342Z  * [new tag]             recovery/20261006/retired/codex-backlog-owner-wardrobe-repair-da3fb59f012d -> recovery/20261006/retired/codex-backlog-owner-wardrobe-repair-da3fb59f012d
2026-10-08T01:22:05.3772554Z  * [new tag]             recovery/20261006/retired/codex-backlog-protocol-refresh-22b7e019e851 -> recovery/20261006/retired/codex-backlog-protocol-refresh-22b7e019e851
2026-10-08T01:22:05.3773869Z  * [new tag]             recovery/20261006/retired/codex-board-integrated-after-3651-6af3772dd93d -> recovery/20261006/retired/codex-board-integrated-after-3651-6af3772dd93d
2026-10-08T01:22:05.3775014Z  * [new tag]             recovery/20261006/retired/codex-global-default-choice-28c22cbd7395 -> recovery/20261006/retired/codex-global-default-choice-28c22cbd7395
2026-10-08T01:22:05.3776091Z  * [new tag]             recovery/20261006/retired/codex-global-default-intent-6f53c0588567 -> recovery/20261006/retired/codex-global-default-intent-6f53c0588567
2026-10-08T01:22:05.3777198Z  * [new tag]             recovery/20261006/retired/codex-global-default-voice-b4b367c00382 -> recovery/20261006/retired/codex-global-default-voice-b4b367c00382
2026-10-08T01:22:05.3778373Z  * [new tag]             recovery/20261006/retired/codex-global-intent-realization-956d095b81f4 -> recovery/20261006/retired/codex-global-intent-realization-956d095b81f4
2026-10-08T01:22:05.3779620Z  * [new tag]             recovery/20261006/retired/codex-global-phoneme-admission-389d8678b728 -> recovery/20261006/retired/codex-global-phoneme-admission-389d8678b728
2026-10-08T01:22:05.3780771Z  * [new tag]             recovery/20261006/retired/codex-global-rule-voice-realization-94eebd3065ca -> recovery/20261006/retired/codex-global-rule-voice-realization-94eebd3065ca
2026-10-08T01:22:05.3781941Z  * [new tag]             recovery/20261006/retired/codex-native-feature-aspiration-9e8d952e16d9 -> recovery/20261006/retired/codex-native-feature-aspiration-9e8d952e16d9
2026-10-08T01:22:05.3783276Z  * [new tag]             recovery/20261006/retired/codex-native-language-lock-repair-f6ece6772f7f -> recovery/20261006/retired/codex-native-language-lock-repair-f6ece6772f7f
2026-10-08T01:22:05.3784560Z  * [new tag]             recovery/20261006/retired/codex-native-regular-inflection-current-dev-10891c979b31 -> recovery/20261006/retired/codex-native-regular-inflection-current-dev-10891c979b31
2026-10-08T01:22:05.3785797Z  * [new tag]             recovery/20261006/retired/codex-native-rule-output-d9c8ca477bc0 -> recovery/20261006/retired/codex-native-rule-output-d9c8ca477bc0
2026-10-08T01:22:05.3786936Z  * [new tag]             recovery/20261006/retired/codex-native-speech-explicit-duration-5d45fd4ded3f -> recovery/20261006/retired/codex-native-speech-explicit-duration-5d45fd4ded3f
2026-10-08T01:22:05.3788127Z  * [new tag]             recovery/20261006/retired/codex-native-speech-rich-profile-c3d738cce79a -> recovery/20261006/retired/codex-native-speech-rich-profile-c3d738cce79a
2026-10-08T01:22:05.3789334Z  * [new tag]             recovery/20261006/retired/codex-native-ud-arc-admission-a9b11f0a79ec -> recovery/20261006/retired/codex-native-ud-arc-admission-a9b11f0a79ec
2026-10-08T01:22:05.3790453Z  * [new tag]             recovery/20261006/retired/codex-native-ud-relations-adf4d25ba103 -> recovery/20261006/retired/codex-native-ud-relations-adf4d25ba103
2026-10-08T01:22:05.3791593Z  * [new tag]             recovery/20261006/retired/codex-release-3920-browser-relay-036c7de07765 -> recovery/20261006/retired/codex-release-3920-browser-relay-036c7de07765
2026-10-08T01:22:05.3792740Z  * [new tag]             recovery/20261006/retired/codex-repair-3730-linguistics-7a0570f67031 -> recovery/20261006/retired/codex-repair-3730-linguistics-7a0570f67031
2026-10-08T01:22:05.3793960Z  * [new tag]             recovery/20261006/retired/codex-repair-3731-domain-ownership-cb9789dea2e9 -> recovery/20261006/retired/codex-repair-3731-domain-ownership-cb9789dea2e9
2026-10-08T01:22:05.3795262Z  * [new tag]             recovery/20261006/retired/codex-service-browser-window-a443ec7f7d18 -> recovery/20261006/retired/codex-service-browser-window-a443ec7f7d18
2026-10-08T01:22:05.3796317Z  * [new tag]             recovery/20261006/retired/codex-slash-justfile-c349287d05cd -> recovery/20261006/retired/codex-slash-justfile-c349287d05cd
2026-10-08T01:22:05.3797356Z  * [new tag]             recovery/20261006/retired/codex-source-terminal-state-793481612322 -> recovery/20261006/retired/codex-source-terminal-state-793481612322
2026-10-08T01:22:05.3798431Z  * [new tag]             recovery/20261006/retired/codex-sourced-global-intent-90dc21fb6628 -> recovery/20261006/retired/codex-sourced-global-intent-90dc21fb6628
2026-10-08T01:22:05.3799597Z  * [new tag]             recovery/20261006/retired/codex-speech-intent-foundation-repair-fb9ba023a195 -> recovery/20261006/retired/codex-speech-intent-foundation-repair-fb9ba023a195
2026-10-08T01:22:05.3800851Z  * [new tag]             recovery/20261006/retired/codex-three-bodies-mask-journey-5169b46a604c -> recovery/20261006/retired/codex-three-bodies-mask-journey-5169b46a604c
2026-10-08T01:22:05.3801980Z  * [new tag]             recovery/20261006/retired/codex-total-omnibus-current-c208ae9fd71b -> recovery/20261006/retired/codex-total-omnibus-current-c208ae9fd71b
2026-10-08T01:22:05.3803099Z  * [new tag]             recovery/20261006/retired/codex-xtask-check-scopes-54d7d057ed28 -> recovery/20261006/retired/codex-xtask-check-scopes-54d7d057ed28
2026-10-08T01:22:05.3804385Z  * [new tag]             recovery/20261006/retired/codex-xtask-intent-audio-midi-d57bf240860d -> recovery/20261006/retired/codex-xtask-intent-audio-midi-d57bf240860d
2026-10-08T01:22:05.3805413Z  * [new tag]             recovery/20261006/retired/codex-xtask-intent-pete-596357b7ab3f -> recovery/20261006/retired/codex-xtask-intent-pete-596357b7ab3f
2026-10-08T01:22:05.3806555Z  * [new tag]             recovery/20261006/retired/codex-xtask-prove-coordination-db485cb05371 -> recovery/20261006/retired/codex-xtask-prove-coordination-db485cb05371
2026-10-08T01:22:05.3807600Z  * [new tag]             recovery/20261006/retired/codex-xtask-retire-demo-c22eaed9ea28 -> recovery/20261006/retired/codex-xtask-retire-demo-c22eaed9ea28
2026-10-08T01:22:05.3808539Z  * [new tag]             release-001845eba63d4fb6f3472de9fc33089d2a1f7d6e -> release-001845eba63d4fb6f3472de9fc33089d2a1f7d6e
2026-10-08T01:22:05.3809384Z  * [new tag]             release-01b016fc7c5c0b3acb5f81078edcf2d9a75c158c -> release-01b016fc7c5c0b3acb5f81078edcf2d9a75c158c
2026-10-08T01:22:05.3810202Z  * [new tag]             release-027c4f423223e98ca051693221165d998cebde8f -> release-027c4f423223e98ca051693221165d998cebde8f
2026-10-08T01:22:05.3811107Z  * [new tag]             release-0eebcc254044a05e6c3427a4844e627dd6c63b07 -> release-0eebcc254044a05e6c3427a4844e627dd6c63b07
2026-10-08T01:22:05.3811933Z  * [new tag]             release-0fea630c0327fe5b14f3d06c83b45c380836a73e -> release-0fea630c0327fe5b14f3d06c83b45c380836a73e
2026-10-08T01:22:05.3812766Z  * [new tag]             release-11cc70175696782b1c22bc0174fc304c6d0d00a8 -> release-11cc70175696782b1c22bc0174fc304c6d0d00a8
2026-10-08T01:22:05.3813848Z  * [new tag]             release-16eb6053e2888ad28015b437e9a37b8cb6be349d -> release-16eb6053e2888ad28015b437e9a37b8cb6be349d
2026-10-08T01:22:05.3814694Z  * [new tag]             release-1876ecccacef607dec6b529a1d0d7bc89bd25a4f -> release-1876ecccacef607dec6b529a1d0d7bc89bd25a4f
2026-10-08T01:22:05.3815605Z  * [new tag]             release-18bd07bb6c1bf460082fffa408d731b4ea57d73f -> release-18bd07bb6c1bf460082fffa408d731b4ea57d73f
2026-10-08T01:22:05.3816482Z  * [new tag]             release-1afb89711f6c618ab50cb1092dc825fa0f2d8c58 -> release-1afb89711f6c618ab50cb1092dc825fa0f2d8c58
2026-10-08T01:22:05.3817333Z  * [new tag]             release-1b4d7bb3b8ff6b972f7477632c8649b4c160a294 -> release-1b4d7bb3b8ff6b972f7477632c8649b4c160a294
2026-10-08T01:22:05.3818237Z  * [new tag]             release-1ec25b49a70a46125c2e7d79f941cbade5ca7b66 -> release-1ec25b49a70a46125c2e7d79f941cbade5ca7b66
2026-10-08T01:22:05.3819064Z  * [new tag]             release-21f21bab09157ce98dde41888d6584032487adda -> release-21f21bab09157ce98dde41888d6584032487adda
2026-10-08T01:22:05.3819948Z  * [new tag]             release-2685a777ecfa52f6607eab35cc7ca6add9df2229 -> release-2685a777ecfa52f6607eab35cc7ca6add9df2229
2026-10-08T01:22:05.3820833Z  * [new tag]             release-2aacaa6bde9ec1aa3e56abb49999df6dec8a78db -> release-2aacaa6bde9ec1aa3e56abb49999df6dec8a78db
2026-10-08T01:22:05.3821687Z  * [new tag]             release-2e39f2eed5131a6b306f84862d371f70225cb3d4 -> release-2e39f2eed5131a6b306f84862d371f70225cb3d4
2026-10-08T01:22:05.3822523Z  * [new tag]             release-2e7d1b4cd1767dab1b5dd78aa2c101c6aa35924d -> release-2e7d1b4cd1767dab1b5dd78aa2c101c6aa35924d
2026-10-08T01:22:05.3823420Z  * [new tag]             release-31000d584550860f7324826ca5a7ebed0719bdfc -> release-31000d584550860f7324826ca5a7ebed0719bdfc
2026-10-08T01:22:05.3824301Z  * [new tag]             release-332b37e2af034f891153a05b577852c8fd5e7882 -> release-332b37e2af034f891153a05b577852c8fd5e7882
2026-10-08T01:22:05.3825118Z  * [new tag]             release-35a6603a39a6e8b812f5ad49166cf8925f97564f -> release-35a6603a39a6e8b812f5ad49166cf8925f97564f
2026-10-08T01:22:05.3825977Z  * [new tag]             release-36d330035fbc01e05225e9559424f5f14fd0c83a -> release-36d330035fbc01e05225e9559424f5f14fd0c83a
2026-10-08T01:22:05.3826871Z  * [new tag]             release-3907fec0c6256eb1dfb1fee045056c044b33decf -> release-3907fec0c6256eb1dfb1fee045056c044b33decf
2026-10-08T01:22:05.3827717Z  * [new tag]             release-391774a5d5bd753c3bb06c575e3a820ec388bf68 -> release-391774a5d5bd753c3bb06c575e3a820ec388bf68
2026-10-08T01:22:05.3828584Z  * [new tag]             release-3be4914d5fca80e81a4ddddccdd0877db87d4931 -> release-3be4914d5fca80e81a4ddddccdd0877db87d4931
2026-10-08T01:22:05.3829423Z  * [new tag]             release-3d780e728d1cd5fe57c2dc71569dd8e77fefb57e -> release-3d780e728d1cd5fe57c2dc71569dd8e77fefb57e
2026-10-08T01:22:05.3830311Z  * [new tag]             release-3e0c4967bc8e1c5f1d5eee77e68ec0d1f448595f -> release-3e0c4967bc8e1c5f1d5eee77e68ec0d1f448595f
2026-10-08T01:22:05.3831132Z  * [new tag]             release-408410e23ee2225595f1b6ef3b017868a0fffd6f -> release-408410e23ee2225595f1b6ef3b017868a0fffd6f
2026-10-08T01:22:05.3831958Z  * [new tag]             release-40b553c2f12ab0cfa205b3774509ee9ce639db6d -> release-40b553c2f12ab0cfa205b3774509ee9ce639db6d
2026-10-08T01:22:05.3832828Z  * [new tag]             release-433bcf390e00ee3f4be396106d8d290d0207699f -> release-433bcf390e00ee3f4be396106d8d290d0207699f
2026-10-08T01:22:05.3833758Z  * [new tag]             release-46ab9c2f68bb17c7194ff78b24ee65ba94917d75 -> release-46ab9c2f68bb17c7194ff78b24ee65ba94917d75
2026-10-08T01:22:05.3834585Z  * [new tag]             release-47cae77611c671d4b44460125f3728f99cf73bb6 -> release-47cae77611c671d4b44460125f3728f99cf73bb6
2026-10-08T01:22:05.3835458Z  * [new tag]             release-4881699e4d922e7106678f2eefbade44ec543a1b -> release-4881699e4d922e7106678f2eefbade44ec543a1b
2026-10-08T01:22:05.3836298Z  * [new tag]             release-49f0eb5c4771b285ce2d17161c7dcd05edfb9a40 -> release-49f0eb5c4771b285ce2d17161c7dcd05edfb9a40
2026-10-08T01:22:05.3837149Z  * [new tag]             release-52370b257b6188f2f6aba42cd8065489203ef78f -> release-52370b257b6188f2f6aba42cd8065489203ef78f
2026-10-08T01:22:05.3837963Z  * [new tag]             release-56326c9df80f2b424055b0f2a12323d19248c44f -> release-56326c9df80f2b424055b0f2a12323d19248c44f
2026-10-08T01:22:05.3838792Z  * [new tag]             release-575ebf2b909db91d11451420aa830a4e7235d4ac -> release-575ebf2b909db91d11451420aa830a4e7235d4ac
2026-10-08T01:22:05.3839634Z  * [new tag]             release-5b57fa034dffc60cc5fccc99fb3a0bdd92ca831b -> release-5b57fa034dffc60cc5fccc99fb3a0bdd92ca831b
2026-10-08T01:22:05.3840542Z  * [new tag]             release-5be5340248af5e82a4b5d54410f4ef745afdfa7c -> release-5be5340248af5e82a4b5d54410f4ef745afdfa7c
2026-10-08T01:22:05.3841506Z  * [new tag]             release-5ce79086e3ee0ced0fc4b99df150e64890104971 -> release-5ce79086e3ee0ced0fc4b99df150e64890104971
2026-10-08T01:22:05.3842383Z  * [new tag]             release-6183b3c233a80594a50735725cf78d7df650c40c -> release-6183b3c233a80594a50735725cf78d7df650c40c
2026-10-08T01:22:05.3843446Z  * [new tag]             release-61f8a40a173eb785d0bace51b2c90bcf5c1074a1 -> release-61f8a40a173eb785d0bace51b2c90bcf5c1074a1
2026-10-08T01:22:05.3844393Z  * [new tag]             release-6289b3df16bb9b6d42fb83b2e4c5a72ee03d3ee5 -> release-6289b3df16bb9b6d42fb83b2e4c5a72ee03d3ee5
2026-10-08T01:22:05.3845262Z  * [new tag]             release-62fbfacbbf35fd4aca39c2100c889246352ba819 -> release-62fbfacbbf35fd4aca39c2100c889246352ba819
2026-10-08T01:22:05.3846119Z  * [new tag]             release-63e90c0390d7cda3e34176944811e797e4c9c613 -> release-63e90c0390d7cda3e34176944811e797e4c9c613
2026-10-08T01:22:05.3846952Z  * [new tag]             release-6a301334e5ac81c6d40ecc17beedbc1081bf0a84 -> release-6a301334e5ac81c6d40ecc17beedbc1081bf0a84
2026-10-08T01:22:05.3847769Z  * [new tag]             release-6b678a36c965250a1db13d45b293a547d0a78b00 -> release-6b678a36c965250a1db13d45b293a547d0a78b00
2026-10-08T01:22:05.3848627Z  * [new tag]             release-6cc58a14764208543fad460bce5f6bf2a207d82d -> release-6cc58a14764208543fad460bce5f6bf2a207d82d
2026-10-08T01:22:05.3849447Z  * [new tag]             release-6efc44762c0c8c9779b51bbe86dc382dd1aeced7 -> release-6efc44762c0c8c9779b51bbe86dc382dd1aeced7
2026-10-08T01:22:05.3850384Z  * [new tag]             release-7014e10ccb2c6fe3559b8ffe533a5917b76bc862 -> release-7014e10ccb2c6fe3559b8ffe533a5917b76bc862
2026-10-08T01:22:05.3851196Z  * [new tag]             release-7283954d16316a912e6af790e871b61008ff4a29 -> release-7283954d16316a912e6af790e871b61008ff4a29
2026-10-08T01:22:05.3852022Z  * [new tag]             release-739718c80a7ca8894ab9e36d4c82fcd4c19e583c -> release-739718c80a7ca8894ab9e36d4c82fcd4c19e583c
2026-10-08T01:22:05.3852867Z  * [new tag]             release-7529270b3e51606f3485840b4a74053c5bea07b8 -> release-7529270b3e51606f3485840b4a74053c5bea07b8
2026-10-08T01:22:05.3853799Z  * [new tag]             release-770a4a62474e78da3c2a0ccddd3b2fa3591f8197 -> release-770a4a62474e78da3c2a0ccddd3b2fa3591f8197
2026-10-08T01:22:05.3854650Z  * [new tag]             release-78d8e98b5d8b38562a0c2f6ec055b0cc84d8d90d -> release-78d8e98b5d8b38562a0c2f6ec055b0cc84d8d90d
2026-10-08T01:22:05.3855535Z  * [new tag]             release-7991e50b4c8756ad2be2c0f238c6b220e325c6ee -> release-7991e50b4c8756ad2be2c0f238c6b220e325c6ee
2026-10-08T01:22:05.3856399Z  * [new tag]             release-7acbc416d21386ea60c6618978994ba83dac8136 -> release-7acbc416d21386ea60c6618978994ba83dac8136
2026-10-08T01:22:05.3857302Z  * [new tag]             release-7b03d378423fbdcc493fa901b1a72130379acc4d -> release-7b03d378423fbdcc493fa901b1a72130379acc4d
2026-10-08T01:22:05.3858152Z  * [new tag]             release-81a135cba4490794085bbcfd0b09b51db1db2134 -> release-81a135cba4490794085bbcfd0b09b51db1db2134
2026-10-08T01:22:05.3859024Z  * [new tag]             release-84411a1e1369c226bc849e93c3ab63d9cb0605fa -> release-84411a1e1369c226bc849e93c3ab63d9cb0605fa
2026-10-08T01:22:05.3859905Z  * [new tag]             release-84904771e67ccbd6bf87b80ccdf31a4eacf0fb0e -> release-84904771e67ccbd6bf87b80ccdf31a4eacf0fb0e
2026-10-08T01:22:05.3860783Z  * [new tag]             release-864964ce59531d3fda3b9ae676dad14d25dcca0a -> release-864964ce59531d3fda3b9ae676dad14d25dcca0a
2026-10-08T01:22:05.3861670Z  * [new tag]             release-87e368092bd4cc72240cb1229a84d30a360a7f90 -> release-87e368092bd4cc72240cb1229a84d30a360a7f90
2026-10-08T01:22:05.3862568Z  * [new tag]             release-8818b446aa6faf01dfe901cb20126ee4256edc97 -> release-8818b446aa6faf01dfe901cb20126ee4256edc97
2026-10-08T01:22:05.3863519Z  * [new tag]             release-8ac24a8eea83cae06158b85208d90979a89493e8 -> release-8ac24a8eea83cae06158b85208d90979a89493e8
2026-10-08T01:22:05.3864445Z  * [new tag]             release-8b216ee721a3fe492fd0d02fb4a3fa4b606519c1 -> release-8b216ee721a3fe492fd0d02fb4a3fa4b606519c1
2026-10-08T01:22:05.3865366Z  * [new tag]             release-90a17e38b31d09c6ec1e0eb17dd1cb9f62f87ff9 -> release-90a17e38b31d09c6ec1e0eb17dd1cb9f62f87ff9
2026-10-08T01:22:05.3866238Z  * [new tag]             release-99d3dd46a2fe01d7d117184921c9aff7da33f7d7 -> release-99d3dd46a2fe01d7d117184921c9aff7da33f7d7
2026-10-08T01:22:05.3867096Z  * [new tag]             release-9bf8f89bd937e2a3e13c128a10dfa1b63f51d893 -> release-9bf8f89bd937e2a3e13c128a10dfa1b63f51d893
2026-10-08T01:22:05.3867962Z  * [new tag]             release-a06600168677a5d91ab293cc04b0d0ebce382344 -> release-a06600168677a5d91ab293cc04b0d0ebce382344
2026-10-08T01:22:05.3868819Z  * [new tag]             release-a12eb786d4ced5b57dfa550bec0581fec9c5c2d7 -> release-a12eb786d4ced5b57dfa550bec0581fec9c5c2d7
2026-10-08T01:22:05.3869686Z  * [new tag]             release-a3b6edf83b4c5354b7c2091e6109188b2eb872ab -> release-a3b6edf83b4c5354b7c2091e6109188b2eb872ab
2026-10-08T01:22:05.3870625Z  * [new tag]             release-a6cbe9eec12feeeddfc2e88cce7d7a4a592b5fbe -> release-a6cbe9eec12feeeddfc2e88cce7d7a4a592b5fbe
2026-10-08T01:22:05.3871504Z  * [new tag]             release-a95efd41d209df01ada6e1b6eb0ad3a31694d61f -> release-a95efd41d209df01ada6e1b6eb0ad3a31694d61f
2026-10-08T01:22:05.3872401Z  * [new tag]             release-aa0207c094edc5c3d999a84b4bd94ffe84244ea0 -> release-aa0207c094edc5c3d999a84b4bd94ffe84244ea0
2026-10-08T01:22:05.3873417Z  * [new tag]             release-ad9df47da8e98e3d3f206df1a9bdbeae29e7655d -> release-ad9df47da8e98e3d3f206df1a9bdbeae29e7655d
2026-10-08T01:22:05.3874295Z  * [new tag]             release-adc05effe82356458007207c4fdb989243741b18 -> release-adc05effe82356458007207c4fdb989243741b18
2026-10-08T01:22:05.3875187Z  * [new tag]             release-ade28c3ac6f3f694b29513c2abb32f77bdd36575 -> release-ade28c3ac6f3f694b29513c2abb32f77bdd36575
2026-10-08T01:22:05.3876028Z  * [new tag]             release-ae8b29c1cf932618566452ff43d0185af05e3569 -> release-ae8b29c1cf932618566452ff43d0185af05e3569
2026-10-08T01:22:05.3876864Z  * [new tag]             release-afd39cf25c43f2b21be9ec65776b7c5a99d888c7 -> release-afd39cf25c43f2b21be9ec65776b7c5a99d888c7
2026-10-08T01:22:05.3877716Z  * [new tag]             release-b0486c6c03d1dc06a819b0badf83c28249258a81 -> release-b0486c6c03d1dc06a819b0badf83c28249258a81
2026-10-08T01:22:05.3878534Z  * [new tag]             release-b0ffd1310b07601ea4d960fd2a5b7fdbe86d2cd4 -> release-b0ffd1310b07601ea4d960fd2a5b7fdbe86d2cd4
2026-10-08T01:22:05.3879410Z  * [new tag]             release-b8979d81802c06a204dac1cce6d4c3adee14f7a7 -> release-b8979d81802c06a204dac1cce6d4c3adee14f7a7
2026-10-08T01:22:05.3880272Z  * [new tag]             release-b8bbd828afd1456faf7bd7c519e09d50f6406f51 -> release-b8bbd828afd1456faf7bd7c519e09d50f6406f51
2026-10-08T01:22:05.3881136Z  * [new tag]             release-ba5ab1438e6c5f55bee71043e0ae2d5c552bfbe9 -> release-ba5ab1438e6c5f55bee71043e0ae2d5c552bfbe9
2026-10-08T01:22:05.3882006Z  * [new tag]             release-bacb1971de3756ecbe7144639fb5de16b9fd60e5 -> release-bacb1971de3756ecbe7144639fb5de16b9fd60e5
2026-10-08T01:22:05.3882830Z  * [new tag]             release-bbdfe6c4ce74985a875994a69de7c933db561686 -> release-bbdfe6c4ce74985a875994a69de7c933db561686
2026-10-08T01:22:05.3883920Z  * [new tag]             release-bc302dbe73d11032875e6f153776d360e5289303 -> release-bc302dbe73d11032875e6f153776d360e5289303
2026-10-08T01:22:05.3884777Z  * [new tag]             release-bfbd3f46a3be7aed6c3bbe870ed7af184679b9d8 -> release-bfbd3f46a3be7aed6c3bbe870ed7af184679b9d8
2026-10-08T01:22:05.3885667Z  * [new tag]             release-c256418f3e375a1d261a80fff6cf05cdb2bd7ad1 -> release-c256418f3e375a1d261a80fff6cf05cdb2bd7ad1
2026-10-08T01:22:05.3886522Z  * [new tag]             release-c5af0cc2150500a03535cad6ce69e6b42fa59a81 -> release-c5af0cc2150500a03535cad6ce69e6b42fa59a81
2026-10-08T01:22:05.3887356Z  * [new tag]             release-c618372861a64aaac9c6f1ee31e7a31c77dbc4f3 -> release-c618372861a64aaac9c6f1ee31e7a31c77dbc4f3
2026-10-08T01:22:05.3888338Z  * [new tag]             release-c8e97dd8ba7748bc9848da531aeccfbd7fc234ee -> release-c8e97dd8ba7748bc9848da531aeccfbd7fc234ee
2026-10-08T01:22:05.3889225Z  * [new tag]             release-ca076749aa14b1e3a5d964d9dba32115f018ca2f -> release-ca076749aa14b1e3a5d964d9dba32115f018ca2f
2026-10-08T01:22:05.3890146Z  * [new tag]             release-ca778e0e9d3f0304bb29cfa96b8622fdcb7df823 -> release-ca778e0e9d3f0304bb29cfa96b8622fdcb7df823
2026-10-08T01:22:05.3891045Z  * [new tag]             release-cc2aae47b8e66bc47be5d980569d57a142f3cae5 -> release-cc2aae47b8e66bc47be5d980569d57a142f3cae5
2026-10-08T01:22:05.3891880Z  * [new tag]             release-ce3619665f4cd7683e625c5b63e657ee9101be65 -> release-ce3619665f4cd7683e625c5b63e657ee9101be65
2026-10-08T01:22:05.3892753Z  * [new tag]             release-d083598e5fe74c69ebb7759693d9cb6a359409af -> release-d083598e5fe74c69ebb7759693d9cb6a359409af
2026-10-08T01:22:05.3893831Z  * [new tag]             release-d509ccd9a0b69c11e23329a009200d4130f39434 -> release-d509ccd9a0b69c11e23329a009200d4130f39434
2026-10-08T01:22:05.3894682Z  * [new tag]             release-db6365499ff3424d9502f9380eb09eacf6cc357c -> release-db6365499ff3424d9502f9380eb09eacf6cc357c
2026-10-08T01:22:05.3895612Z  * [new tag]             release-dca5553bca9bf40611ee70f6c495b468234b8f2e -> release-dca5553bca9bf40611ee70f6c495b468234b8f2e
2026-10-08T01:22:05.3896465Z  * [new tag]             release-dce9fe6a1e35bab4fe174cf1a93d0e593824b43e -> release-dce9fe6a1e35bab4fe174cf1a93d0e593824b43e
2026-10-08T01:22:05.3897428Z  * [new tag]             release-de93fa716c88cdb8e181d2b46f9222f5d6112ca3 -> release-de93fa716c88cdb8e181d2b46f9222f5d6112ca3
2026-10-08T01:22:05.3898290Z  * [new tag]             release-df17cde50cf5f8549ea6d0d0d432de75175a93ac -> release-df17cde50cf5f8549ea6d0d0d432de75175a93ac
2026-10-08T01:22:05.3899181Z  * [new tag]             release-e52b3d96c6e04335106ad3e389fcb2504eaca8e1 -> release-e52b3d96c6e04335106ad3e389fcb2504eaca8e1
2026-10-08T01:22:05.3900087Z  * [new tag]             release-e678ab559e9ff0aa8452175d45ac3ac02d1819d4 -> release-e678ab559e9ff0aa8452175d45ac3ac02d1819d4
2026-10-08T01:22:05.3900929Z  * [new tag]             release-eb928febf145ac21562dbc1692abf02af2bc2dc6 -> release-eb928febf145ac21562dbc1692abf02af2bc2dc6
2026-10-08T01:22:05.3901817Z  * [new tag]             release-ed28a4d18e55736a06c44032162e107c0d955bf1 -> release-ed28a4d18e55736a06c44032162e107c0d955bf1
2026-10-08T01:22:05.3902689Z  * [new tag]             release-f2362d62dcc4e63de0bddac86c3467dc4c78f365 -> release-f2362d62dcc4e63de0bddac86c3467dc4c78f365
2026-10-08T01:22:05.3903719Z  * [new tag]             release-f243cd2601899e3ff76086cccf63ff5aecef6c66 -> release-f243cd2601899e3ff76086cccf63ff5aecef6c66
2026-10-08T01:22:05.3904604Z  * [new tag]             release-f281d74a32aca69863f2fcf70d6c857d105540c7 -> release-f281d74a32aca69863f2fcf70d6c857d105540c7
2026-10-08T01:22:05.3905486Z  * [new tag]             release-f562fa371ff703d3b0e8f325aafb4e4a284794a4 -> release-f562fa371ff703d3b0e8f325aafb4e4a284794a4
2026-10-08T01:22:05.3906409Z  * [new tag]             release-f967dead4f207c8fc856f2c3a9fb2cd4cb2fde73 -> release-f967dead4f207c8fc856f2c3a9fb2cd4cb2fde73
2026-10-08T01:22:05.3907288Z  * [new tag]             release-fadea97b3560d40363148778b21dd15fc1fc19ff -> release-fadea97b3560d40363148778b21dd15fc1fc19ff
2026-10-08T01:22:05.3908198Z  * [new tag]             release-fbb01d9d047ab5a8438d12ea027517ebba2b0145 -> release-fbb01d9d047ab5a8438d12ea027517ebba2b0145
2026-10-08T01:22:05.3909103Z  * [new tag]             release-fdc9be1cd6dc2c2b918ef92bb52b5ee87c80e9cf -> release-fdc9be1cd6dc2c2b918ef92bb52b5ee87c80e9cf
2026-10-08T01:22:05.3910000Z  * [new tag]             release-fdd0852745a0b1d9ac39f5a7766f3378039561e2 -> release-fdd0852745a0b1d9ac39f5a7766f3378039561e2
2026-10-08T01:22:05.3910916Z  * [new tag]             release-ffe6802225f68923f998a32c3b6342f9730cf946 -> release-ffe6802225f68923f998a32c3b6342f9730cf946
2026-10-08T01:22:05.3912911Z [command]/usr/bin/git rev-parse --verify --quiet 6a8575127f69ad2ddaca6c37ce0e0a720c07a772^{object}
2026-10-08T01:22:05.3913911Z 6a8575127f69ad2ddaca6c37ce0e0a720c07a772
2026-10-08T01:22:05.3915105Z ##[endgroup]
2026-10-08T01:22:05.3915827Z ##[group]Determining the checkout info
2026-10-08T01:22:05.3916417Z ##[endgroup]
2026-10-08T01:22:05.3916780Z [command]/usr/bin/git sparse-checkout disable
2026-10-08T01:22:05.3917813Z [command]/usr/bin/git config --local --unset-all extensions.worktreeConfig
2026-10-08T01:22:05.3918970Z ##[group]Checking out the ref
2026-10-08T01:22:05.3919514Z [command]/usr/bin/git checkout --progress --force 6a8575127f69ad2ddaca6c37ce0e0a720c07a772
2026-10-08T01:22:05.8703523Z Note: switching to '6a8575127f69ad2ddaca6c37ce0e0a720c07a772'.
2026-10-08T01:22:05.8704203Z 
2026-10-08T01:22:05.8704624Z You are in 'detached HEAD' state. You can look around, make experimental
2026-10-08T01:22:05.8705502Z changes and commit them, and you can discard any commits you make in this
2026-10-08T01:22:05.8706249Z state without impacting any branches by switching back to a branch.
2026-10-08T01:22:05.8706702Z 
2026-10-08T01:22:05.8706998Z If you want to create a new branch to retain commits you create, you may
2026-10-08T01:22:05.8707705Z do so (now or later) by using -c with the switch command. Example:
2026-10-08T01:22:05.8708141Z 
2026-10-08T01:22:05.8708341Z   git switch -c <new-branch-name>
2026-10-08T01:22:05.8708713Z 
2026-10-08T01:22:05.8709126Z Or undo this operation with:
2026-10-08T01:22:05.8709387Z 
2026-10-08T01:22:05.8709583Z   git switch -
2026-10-08T01:22:05.8709795Z 
2026-10-08T01:22:05.8710173Z Turn off this advice by setting config variable advice.detachedHead to false
2026-10-08T01:22:05.8710672Z 
2026-10-08T01:22:05.8711058Z HEAD is now at 6a8575127 Prepare the reviewed LoongArch diagnostic emulator through xtask
2026-10-08T01:22:05.8736082Z ##[endgroup]
2026-10-08T01:22:05.8776026Z [command]/usr/bin/git log -1 --format=%H
2026-10-08T01:22:05.8797890Z 6a8575127f69ad2ddaca6c37ce0e0a720c07a772
2026-10-08T01:22:05.8806278Z ##[group]Removing auth
2026-10-08T01:22:05.8807029Z Removing SSH command configuration
2026-10-08T01:22:05.8811897Z [command]/usr/bin/git config --local --name-only --get-regexp core\.sshCommand
2026-10-08T01:22:05.8836512Z [command]/usr/bin/git submodule foreach --recursive sh -c "git config --local --name-only --get-regexp 'core\.sshCommand' && git config --local --unset-all 'core.sshCommand' || :"
2026-10-08T01:22:05.9018464Z Removing HTTP extra header
2026-10-08T01:22:05.9021531Z [command]/usr/bin/git config --local --name-only --get-regexp http\.https\:\/\/github\.com\/\.extraheader
2026-10-08T01:22:05.9046995Z [command]/usr/bin/git submodule foreach --recursive sh -c "git config --local --name-only --get-regexp 'http\.https\:\/\/github\.com\/\.extraheader' && git config --local --unset-all 'http.https://github.com/.extraheader' || :"
2026-10-08T01:22:05.9228142Z Removing includeIf entries pointing to credentials config files
2026-10-08T01:22:05.9230607Z [command]/usr/bin/git config --local --name-only --get-regexp ^includeIf\.gitdir:
2026-10-08T01:22:05.9253700Z includeif.gitdir:/home/runner/work/conduit/conduit/.git.path
2026-10-08T01:22:05.9254615Z includeif.gitdir:/home/runner/work/conduit/conduit/.git/worktrees/*.path
2026-10-08T01:22:05.9255202Z includeif.gitdir:/github/workspace/.git.path
2026-10-08T01:22:05.9255913Z includeif.gitdir:/github/workspace/.git/worktrees/*.path
2026-10-08T01:22:05.9261245Z [command]/usr/bin/git config --local --get-all includeif.gitdir:/home/runner/work/conduit/conduit/.git.path
2026-10-08T01:22:05.9279983Z /home/runner/work/_temp/git-credentials-c9414887-3639-4c64-8955-9ec37596939b.config
2026-10-08T01:22:05.9287968Z [command]/usr/bin/git config --local --unset includeif.gitdir:/home/runner/work/conduit/conduit/.git.path \/home\/runner\/work\/_temp\/git\-credentials\-c9414887\-3639\-4c64\-8955\-9ec37596939b\.config
2026-10-08T01:22:05.9323968Z [command]/usr/bin/git config --local --get-all includeif.gitdir:/home/runner/work/conduit/conduit/.git/worktrees/*.path
2026-10-08T01:22:05.9341718Z /home/runner/work/_temp/git-credentials-c9414887-3639-4c64-8955-9ec37596939b.config
2026-10-08T01:22:05.9348608Z [command]/usr/bin/git config --local --unset includeif.gitdir:/home/runner/work/conduit/conduit/.git/worktrees/*.path \/home\/runner\/work\/_temp\/git\-credentials\-c9414887\-3639\-4c64\-8955\-9ec37596939b\.config
2026-10-08T01:22:05.9383428Z [command]/usr/bin/git config --local --get-all includeif.gitdir:/github/workspace/.git.path
2026-10-08T01:22:05.9402094Z /github/runner_temp/git-credentials-c9414887-3639-4c64-8955-9ec37596939b.config
2026-10-08T01:22:05.9408212Z [command]/usr/bin/git config --local --unset includeif.gitdir:/github/workspace/.git.path \/github\/runner_temp\/git\-credentials\-c9414887\-3639\-4c64\-8955\-9ec37596939b\.config
2026-10-08T01:22:05.9444150Z [command]/usr/bin/git config --local --get-all includeif.gitdir:/github/workspace/.git/worktrees/*.path
2026-10-08T01:22:05.9458874Z /github/runner_temp/git-credentials-c9414887-3639-4c64-8955-9ec37596939b.config
2026-10-08T01:22:05.9465079Z [command]/usr/bin/git config --local --unset includeif.gitdir:/github/workspace/.git/worktrees/*.path \/github\/runner_temp\/git\-credentials\-c9414887\-3639\-4c64\-8955\-9ec37596939b\.config
2026-10-08T01:22:05.9495325Z [command]/usr/bin/git submodule foreach --recursive git config --local --show-origin --name-only --get-regexp remote.origin.url
2026-10-08T01:22:05.9684340Z Removing credentials config '/home/runner/work/_temp/git-credentials-c9414887-3639-4c64-8955-9ec37596939b.config'
2026-10-08T01:22:05.9685820Z ##[endgroup]
2026-10-08T01:22:05.9979406Z ##[group]Run dtolnay/rust-toolchain@1.98.1
2026-10-08T01:22:05.9979789Z with:
2026-10-08T01:22:05.9980088Z   components: rustfmt,clippy
2026-10-08T01:22:05.9980419Z env:
2026-10-08T01:22:05.9980727Z   CARGO_TERM_COLOR: always
2026-10-08T01:22:05.9981059Z   CARGO_INCREMENTAL: 0
2026-10-08T01:22:05.9981364Z   CARGO_PROFILE_DEV_DEBUG: 0
2026-10-08T01:22:05.9981665Z   CARGO_PROFILE_TEST_DEBUG: 0
2026-10-08T01:22:05.9982019Z   RUSTUP_TOOLCHAIN: 1.98.1
2026-10-08T01:22:05.9982471Z   CONDUIT_CHECKOUT_SHA: 6a8575127f69ad2ddaca6c37ce0e0a720c07a772
2026-10-08T01:22:05.9982896Z ##[endgroup]
2026-10-08T01:22:06.0051398Z ##[start-action display=Parse toolchain version;id=__dtolnay_rust-toolchain.parse]
2026-10-08T01:22:06.0115451Z ##[group]Run if [[ -z $toolchain ]]; then
2026-10-08T01:22:06.0115994Z [36;1mif [[ -z $toolchain ]]; then[0m
2026-10-08T01:22:06.0116603Z [36;1m  # GitHub does not enforce `required: true` inputs itself. https://github.com/actions/runner/issues/1070[0m
2026-10-08T01:22:06.0117339Z [36;1m  echo "'toolchain' is a required input" >&2[0m
2026-10-08T01:22:06.0117698Z [36;1m  exit 1[0m
2026-10-08T01:22:06.0118118Z [36;1melif [[ $toolchain =~ ^stable' '[0-9]+' '(year|month|week|day)s?' 'ago$ ]]; then[0m
2026-10-08T01:22:06.0118582Z [36;1m  if [[ Linux == macOS ]]; then[0m
2026-10-08T01:22:06.0119138Z [36;1m    echo "toolchain=1.$((($(date -v-$(sed 's/stable \([0-9]*\) \(.\).*/\1\2/' <<< $toolchain) +%s)/60/60/24-16569)/7/6))" >> $GITHUB_OUTPUT[0m
2026-10-08T01:22:06.0119743Z [36;1m  else[0m
2026-10-08T01:22:06.0120227Z [36;1m    echo "toolchain=1.$((($(date --date "${toolchain#stable }" +%s)/60/60/24-16569)/7/6))" >> $GITHUB_OUTPUT[0m
2026-10-08T01:22:06.0120720Z [36;1m  fi[0m
2026-10-08T01:22:06.0121085Z [36;1melif [[ $toolchain =~ ^stable' 'minus' '[0-9]+' 'releases?$ ]]; then[0m
2026-10-08T01:22:06.0121627Z [36;1m  echo "toolchain=1.$((($(date +%s)/60/60/24-16569)/7/6-${toolchain//[^0-9]/}))" >> $GITHUB_OUTPUT[0m
2026-10-08T01:22:06.0122183Z [36;1melif [[ $toolchain =~ ^1\.[0-9]+$ ]]; then[0m
2026-10-08T01:22:06.0122731Z [36;1m  echo "toolchain=1.$((i=${toolchain#1.}, c=($(date +%s)/60/60/24-16569)/7/6, i+9*i*(10*i<=c)+90*i*(100*i<=c)))" >> $GITHUB_OUTPUT[0m
2026-10-08T01:22:06.0123427Z [36;1melse[0m
2026-10-08T01:22:06.0123753Z [36;1m  echo "toolchain=$toolchain" >> $GITHUB_OUTPUT[0m
2026-10-08T01:22:06.0124099Z [36;1mfi[0m
2026-10-08T01:22:06.0313559Z shell: /usr/bin/bash --noprofile --norc -e -o pipefail {0}
2026-10-08T01:22:06.0314036Z env:
2026-10-08T01:22:06.0314321Z   CARGO_TERM_COLOR: always
2026-10-08T01:22:06.0314652Z   CARGO_INCREMENTAL: 0
2026-10-08T01:22:06.0314960Z   CARGO_PROFILE_DEV_DEBUG: 0
2026-10-08T01:22:06.0315313Z   CARGO_PROFILE_TEST_DEBUG: 0
2026-10-08T01:22:06.0315661Z   RUSTUP_TOOLCHAIN: 1.98.1
2026-10-08T01:22:06.0316034Z   CONDUIT_CHECKOUT_SHA: 6a8575127f69ad2ddaca6c37ce0e0a720c07a772
2026-10-08T01:22:06.0316471Z   toolchain: 1.98.1
2026-10-08T01:22:06.0316753Z ##[endgroup]
2026-10-08T01:22:06.0432466Z ##[end-action id=__dtolnay_rust-toolchain.parse;outcome=success;conclusion=success;duration_ms=37]
2026-10-08T01:22:06.0444796Z ##[start-action display=Construct rustup command line;id=__dtolnay_rust-toolchain.flags]
2026-10-08T01:22:06.0485136Z ##[group]Run echo "targets=$(for t in ${targets//,/ }; do echo -n ' --target' $t; done)" >> $GITHUB_OUTPUT
2026-10-08T01:22:06.0485828Z [36;1mecho "targets=$(for t in ${targets//,/ }; do echo -n ' --target' $t; done)" >> $GITHUB_OUTPUT[0m
2026-10-08T01:22:06.0486471Z [36;1mecho "components=$(for c in ${components//,/ }; do echo -n ' --component' $c; done)" >> $GITHUB_OUTPUT[0m
2026-10-08T01:22:06.0486997Z [36;1mecho "downgrade=" >> $GITHUB_OUTPUT[0m
2026-10-08T01:22:06.0525106Z shell: /usr/bin/bash --noprofile --norc -e -o pipefail {0}
2026-10-08T01:22:06.0525581Z env:
2026-10-08T01:22:06.0525938Z   CARGO_TERM_COLOR: always
2026-10-08T01:22:06.0526379Z   CARGO_INCREMENTAL: 0
2026-10-08T01:22:06.0526738Z   CARGO_PROFILE_DEV_DEBUG: 0
2026-10-08T01:22:06.0527226Z   CARGO_PROFILE_TEST_DEBUG: 0
2026-10-08T01:22:06.0527571Z   RUSTUP_TOOLCHAIN: 1.98.1
2026-10-08T01:22:06.0527984Z   CONDUIT_CHECKOUT_SHA: 6a8575127f69ad2ddaca6c37ce0e0a720c07a772
2026-10-08T01:22:06.0528399Z   targets: 
2026-10-08T01:22:06.0528734Z   components: rustfmt,clippy
2026-10-08T01:22:06.0529090Z ##[endgroup]
2026-10-08T01:22:06.0605149Z ##[end-action id=__dtolnay_rust-toolchain.flags;outcome=success;conclusion=success;duration_ms=15]
2026-10-08T01:22:06.0607800Z ##[start-action display=Set $CARGO_HOME;id=__dtolnay_rust-toolchain.__run]
2026-10-08T01:22:06.0637145Z ##[group]Run echo CARGO_HOME=${CARGO_HOME:-"$HOME/.cargo"} >> $GITHUB_ENV
2026-10-08T01:22:06.0637666Z [36;1mecho CARGO_HOME=${CARGO_HOME:-"$HOME/.cargo"} >> $GITHUB_ENV[0m
2026-10-08T01:22:06.0671447Z shell: /usr/bin/bash --noprofile --norc -e -o pipefail {0}
2026-10-08T01:22:06.0671871Z env:
2026-10-08T01:22:06.0672246Z   CARGO_TERM_COLOR: always
2026-10-08T01:22:06.0672606Z   CARGO_INCREMENTAL: 0
2026-10-08T01:22:06.0672971Z   CARGO_PROFILE_DEV_DEBUG: 0
2026-10-08T01:22:06.0673456Z   CARGO_PROFILE_TEST_DEBUG: 0
2026-10-08T01:22:06.0673791Z   RUSTUP_TOOLCHAIN: 1.98.1
2026-10-08T01:22:06.0674207Z   CONDUIT_CHECKOUT_SHA: 6a8575127f69ad2ddaca6c37ce0e0a720c07a772
2026-10-08T01:22:06.0674641Z ##[endgroup]
2026-10-08T01:22:06.0739325Z ##[end-action id=__dtolnay_rust-toolchain.__run;outcome=success;conclusion=success;duration_ms=13]
2026-10-08T01:22:06.0741941Z ##[start-action display=Install rustup if needed;id=__dtolnay_rust-toolchain.__run_2]
2026-10-08T01:22:06.0777900Z ##[group]Run if ! command -v rustup &>/dev/null; then
2026-10-08T01:22:06.0778404Z [36;1mif ! command -v rustup &>/dev/null; then[0m
2026-10-08T01:22:06.0779155Z [36;1m  curl --proto '=https' --tlsv1.2 --retry 10 --retry-connrefused --location --silent --show-error --fail https://sh.rustup.rs | sh -s -- --default-toolchain none -y[0m
2026-10-08T01:22:06.0779910Z [36;1m  echo "$CARGO_HOME/bin" >> $GITHUB_PATH[0m
2026-10-08T01:22:06.0780251Z [36;1mfi[0m
2026-10-08T01:22:06.0810679Z shell: /usr/bin/bash --noprofile --norc -e -o pipefail {0}
2026-10-08T01:22:06.0811081Z env:
2026-10-08T01:22:06.0811453Z   CARGO_TERM_COLOR: always
2026-10-08T01:22:06.0811768Z   CARGO_INCREMENTAL: 0
2026-10-08T01:22:06.0812072Z   CARGO_PROFILE_DEV_DEBUG: 0
2026-10-08T01:22:06.0812445Z   CARGO_PROFILE_TEST_DEBUG: 0
2026-10-08T01:22:06.0812794Z   RUSTUP_TOOLCHAIN: 1.98.1
2026-10-08T01:22:06.0813404Z   CONDUIT_CHECKOUT_SHA: 6a8575127f69ad2ddaca6c37ce0e0a720c07a772
2026-10-08T01:22:06.0813947Z   CARGO_HOME: /home/runner/.cargo
2026-10-08T01:22:06.0814248Z ##[endgroup]
2026-10-08T01:22:06.0870848Z ##[end-action id=__dtolnay_rust-toolchain.__run_2;outcome=success;conclusion=success;duration_ms=12]
2026-10-08T01:22:06.0874216Z ##[start-action display=Install rustup if needed on windows;id=__dtolnay_rust-toolchain.__run_3]
2026-10-08T01:22:06.0881455Z ##[end-action id=__dtolnay_rust-toolchain.__run_3;outcome=skipped;conclusion=skipped;duration_ms=0]
2026-10-08T01:22:06.0892648Z ##[start-action display=rustup toolchain install 1.98.1;id=__dtolnay_rust-toolchain.__run_4]
2026-10-08T01:22:06.0940501Z ##[group]Run log=$(mktemp)
2026-10-08T01:22:06.0940888Z [36;1mlog=$(mktemp)[0m
2026-10-08T01:22:06.0941214Z [36;1mtrap 'rm -f "$log"' EXIT[0m
2026-10-08T01:22:06.0941554Z [36;1mfor attempt in 1 2 3 4 5; do[0m
2026-10-08T01:22:06.0942257Z [36;1m  if rustup toolchain install 1.98.1 --component rustfmt --component clippy --profile minimal --no-self-update --force-non-host 2>&1 | tee "$log"; then[0m
2026-10-08T01:22:06.0942911Z [36;1m    break[0m
2026-10-08T01:22:06.0943403Z [36;1m  else[0m
2026-10-08T01:22:06.0943728Z [36;1m    status=$?[0m
2026-10-08T01:22:06.0944052Z [36;1m  fi[0m
2026-10-08T01:22:06.0944456Z [36;1m  if [[ $attempt == 5 ]] || ! grep -Fq 'checksum failed for ' "$log" \[0m
2026-10-08T01:22:06.0945042Z [36;1m      || ! grep -Fq 'this is likely due to an ongoing update of the official release server' "$log"; then[0m
2026-10-08T01:22:06.0945616Z [36;1m    exit "$status"[0m
2026-10-08T01:22:06.0946063Z [36;1m  fi[0m
2026-10-08T01:22:06.0946476Z [36;1m  echo "Retrying rustup toolchain install in 30 seconds (retry $attempt of 4)" >&2[0m
2026-10-08T01:22:06.0946965Z [36;1m  sleep 30[0m
2026-10-08T01:22:06.0947259Z [36;1mdone[0m
2026-10-08T01:22:06.0978566Z shell: /usr/bin/bash --noprofile --norc -e -o pipefail {0}
2026-10-08T01:22:06.0979001Z env:
2026-10-08T01:22:06.0979431Z   CARGO_TERM_COLOR: always
2026-10-08T01:22:06.0979791Z   CARGO_INCREMENTAL: 0
2026-10-08T01:22:06.0980113Z   CARGO_PROFILE_DEV_DEBUG: 0
2026-10-08T01:22:06.0980513Z   CARGO_PROFILE_TEST_DEBUG: 0
2026-10-08T01:22:06.0980891Z   RUSTUP_TOOLCHAIN: 1.98.1
2026-10-08T01:22:06.0981306Z   CONDUIT_CHECKOUT_SHA: 6a8575127f69ad2ddaca6c37ce0e0a720c07a772
2026-10-08T01:22:06.0981726Z   CARGO_HOME: /home/runner/.cargo
2026-10-08T01:22:06.0982055Z   RUSTUP_PERMIT_COPY_RENAME: 1
2026-10-08T01:22:06.0982388Z ##[endgroup]
2026-10-08T01:22:06.2085810Z info: syncing channel updates for 1.98.1-x86_64-unknown-linux-gnu
2026-10-08T01:22:06.6526335Z info: latest update on 2026-09-03 for version 1.98.1 (48a229cea 2026-09-01)
2026-10-08T01:22:06.6527016Z info: downloading 5 components
2026-10-08T01:22:17.1710574Z 
2026-10-08T01:22:17.1786095Z   1.98.1-x86_64-unknown-linux-gnu installed - rustc 1.98.1 (48a229cea 2026-09-01)
2026-10-08T01:22:17.1786584Z 
2026-10-08T01:22:17.1835699Z ##[end-action id=__dtolnay_rust-toolchain.__run_4;outcome=success;conclusion=success;duration_ms=11094]
2026-10-08T01:22:17.1841625Z ##[start-action display=rustup default 1.98.1;id=__dtolnay_rust-toolchain.__run_5]
2026-10-08T01:22:17.1868811Z ##[group]Run rustup default 1.98.1 --force-non-host
2026-10-08T01:22:17.1869267Z [36;1mrustup default 1.98.1 --force-non-host[0m
2026-10-08T01:22:17.1909942Z shell: /usr/bin/bash --noprofile --norc -e -o pipefail {0}
2026-10-08T01:22:17.1910468Z env:
2026-10-08T01:22:17.1910784Z   CARGO_TERM_COLOR: always
2026-10-08T01:22:17.1911121Z   CARGO_INCREMENTAL: 0
2026-10-08T01:22:17.1911444Z   CARGO_PROFILE_DEV_DEBUG: 0
2026-10-08T01:22:17.1911799Z   CARGO_PROFILE_TEST_DEBUG: 0
2026-10-08T01:22:17.1912154Z   RUSTUP_TOOLCHAIN: 1.98.1
2026-10-08T01:22:17.1912554Z   CONDUIT_CHECKOUT_SHA: 6a8575127f69ad2ddaca6c37ce0e0a720c07a772
2026-10-08T01:22:17.1912968Z   CARGO_HOME: /home/runner/.cargo
2026-10-08T01:22:17.1913485Z ##[endgroup]
2026-10-08T01:22:17.2014603Z info: using existing install for 1.98.1-x86_64-unknown-linux-gnu
2026-10-08T01:22:17.2137122Z info: default toolchain set to 1.98.1-x86_64-unknown-linux-gnu
2026-10-08T01:22:17.2137566Z 
2026-10-08T01:22:17.2206340Z info: note that the toolchain '1.98.1-x86_64-unknown-linux-gnu' is currently in use (overridden by environment variable RUSTUP_TOOLCHAIN)
2026-10-08T01:22:17.2207266Z   1.98.1-x86_64-unknown-linux-gnu unchanged - rustc 1.98.1 (48a229cea 2026-09-01)
2026-10-08T01:22:17.2207876Z 
2026-10-08T01:22:17.2219837Z ##[end-action id=__dtolnay_rust-toolchain.__run_5;outcome=success;conclusion=success;duration_ms=37]
2026-10-08T01:22:17.2222787Z ##[start-action display=Create cachekey;id=__dtolnay_rust-toolchain.rustc-version]
2026-10-08T01:22:17.2249544Z ##[group]Run DATE=$(rustc +1.98.1 --version --verbose | sed -ne 's/^commit-date: \(20[0-9][0-9]\)-\([01][0-9]\)-\([0-3][0-9]\)$/\1\2\3/p')
2026-10-08T01:22:17.2250440Z [36;1mDATE=$(rustc +1.98.1 --version --verbose | sed -ne 's/^commit-date: \(20[0-9][0-9]\)-\([01][0-9]\)-\([0-3][0-9]\)$/\1\2\3/p')[0m
2026-10-08T01:22:17.2251108Z [36;1mHASH=$(rustc +1.98.1 --version --verbose | sed -ne 's/^commit-hash: //p')[0m
2026-10-08T01:22:17.2251642Z [36;1mecho "cachekey=$(echo $DATE$HASH | head -c12)" >> $GITHUB_OUTPUT[0m
2026-10-08T01:22:17.2289605Z shell: /usr/bin/bash --noprofile --norc -e -o pipefail {0}
2026-10-08T01:22:17.2290100Z env:
2026-10-08T01:22:17.2290477Z   CARGO_TERM_COLOR: always
2026-10-08T01:22:17.2290842Z   CARGO_INCREMENTAL: 0
2026-10-08T01:22:17.2291175Z   CARGO_PROFILE_DEV_DEBUG: 0
2026-10-08T01:22:17.2291796Z   CARGO_PROFILE_TEST_DEBUG: 0
2026-10-08T01:22:17.2292167Z   RUSTUP_TOOLCHAIN: 1.98.1
2026-10-08T01:22:17.2292762Z   CONDUIT_CHECKOUT_SHA: 6a8575127f69ad2ddaca6c37ce0e0a720c07a772
2026-10-08T01:22:17.2293510Z   CARGO_HOME: /home/runner/.cargo
2026-10-08T01:22:17.2293849Z ##[endgroup]
2026-10-08T01:22:17.2595420Z ##[end-action id=__dtolnay_rust-toolchain.rustc-version;outcome=success;conclusion=success;duration_ms=37]
2026-10-08T01:22:17.2598447Z ##[start-action display=Disable incremental compilation;id=__dtolnay_rust-toolchain.__run_6]
2026-10-08T01:22:17.2623916Z ##[group]Run if [ -z "${CARGO_INCREMENTAL+set}" ]; then
2026-10-08T01:22:17.2624418Z [36;1mif [ -z "${CARGO_INCREMENTAL+set}" ]; then[0m
2026-10-08T01:22:17.2624823Z [36;1m  echo CARGO_INCREMENTAL=0 >> $GITHUB_ENV[0m
2026-10-08T01:22:17.2625192Z [36;1mfi[0m
2026-10-08T01:22:17.2660047Z shell: /usr/bin/bash --noprofile --norc -e -o pipefail {0}
2026-10-08T01:22:17.2660519Z env:
2026-10-08T01:22:17.2660824Z   CARGO_TERM_COLOR: always
2026-10-08T01:22:17.2661246Z   CARGO_INCREMENTAL: 0
2026-10-08T01:22:17.2661582Z   CARGO_PROFILE_DEV_DEBUG: 0
2026-10-08T01:22:17.2661924Z   CARGO_PROFILE_TEST_DEBUG: 0
2026-10-08T01:22:17.2662260Z   RUSTUP_TOOLCHAIN: 1.98.1
2026-10-08T01:22:17.2662649Z   CONDUIT_CHECKOUT_SHA: 6a8575127f69ad2ddaca6c37ce0e0a720c07a772
2026-10-08T01:22:17.2663257Z   CARGO_HOME: /home/runner/.cargo
2026-10-08T01:22:17.2663623Z ##[endgroup]
2026-10-08T01:22:17.2854204Z ##[end-action id=__dtolnay_rust-toolchain.__run_6;outcome=success;conclusion=success;duration_ms=25]
2026-10-08T01:22:17.2856361Z ##[start-action display=Enable colors in Cargo output;id=__dtolnay_rust-toolchain.__run_7]
2026-10-08T01:22:17.2879665Z ##[group]Run if [ -z "${CARGO_TERM_COLOR+set}" ]; then
2026-10-08T01:22:17.2880006Z [36;1mif [ -z "${CARGO_TERM_COLOR+set}" ]; then[0m
2026-10-08T01:22:17.2880308Z [36;1m  echo CARGO_TERM_COLOR=always >> $GITHUB_ENV[0m
2026-10-08T01:22:17.2880566Z [36;1mfi[0m
2026-10-08T01:22:17.2913718Z shell: /usr/bin/bash --noprofile --norc -e -o pipefail {0}
2026-10-08T01:22:17.2914036Z env:
2026-10-08T01:22:17.2914223Z   CARGO_TERM_COLOR: always
2026-10-08T01:22:17.2914448Z   CARGO_INCREMENTAL: 0
2026-10-08T01:22:17.2914653Z   CARGO_PROFILE_DEV_DEBUG: 0
2026-10-08T01:22:17.2914885Z   CARGO_PROFILE_TEST_DEBUG: 0
2026-10-08T01:22:17.2915102Z   RUSTUP_TOOLCHAIN: 1.98.1
2026-10-08T01:22:17.2915386Z   CONDUIT_CHECKOUT_SHA: 6a8575127f69ad2ddaca6c37ce0e0a720c07a772
2026-10-08T01:22:17.2915708Z   CARGO_HOME: /home/runner/.cargo
2026-10-08T01:22:17.2915933Z ##[endgroup]
2026-10-08T01:22:17.2970777Z ##[end-action id=__dtolnay_rust-toolchain.__run_7;outcome=success;conclusion=success;duration_ms=11]
2026-10-08T01:22:17.2972774Z ##[start-action display=Enable Cargo sparse registry;id=__dtolnay_rust-toolchain.__run_8]
2026-10-08T01:22:17.2993810Z ##[group]Run # implemented in 1.66, stabilized in 1.68, made default in 1.70
2026-10-08T01:22:17.2994279Z [36;1m# implemented in 1.66, stabilized in 1.68, made default in 1.70[0m
2026-10-08T01:22:17.2994905Z [36;1mif [ -z "${CARGO_REGISTRIES_CRATES_IO_PROTOCOL+set}" -o -f "/home/runner/work/_temp"/.implicit_cargo_registries_crates_io_protocol ]; then[0m
2026-10-08T01:22:17.2995527Z [36;1m  if rustc +1.98.1 --version --verbose | grep -q '^release: 1\.6[89]\.'; then[0m
2026-10-08T01:22:17.2996005Z [36;1m    touch "/home/runner/work/_temp"/.implicit_cargo_registries_crates_io_protocol || true[0m
2026-10-08T01:22:17.2996473Z [36;1m    echo CARGO_REGISTRIES_CRATES_IO_PROTOCOL=sparse >> $GITHUB_ENV[0m
2026-10-08T01:22:17.2996892Z [36;1m  elif rustc +1.98.1 --version --verbose | grep -q '^release: 1\.6[67]\.'; then[0m
2026-10-08T01:22:17.2997364Z [36;1m    touch "/home/runner/work/_temp"/.implicit_cargo_registries_crates_io_protocol || true[0m
2026-10-08T01:22:17.2997806Z [36;1m    echo CARGO_REGISTRIES_CRATES_IO_PROTOCOL=git >> $GITHUB_ENV[0m
2026-10-08T01:22:17.2998110Z [36;1m  fi[0m
2026-10-08T01:22:17.2998292Z [36;1mfi[0m
2026-10-08T01:22:17.3028526Z shell: /usr/bin/bash --noprofile --norc -e -o pipefail {0}
2026-10-08T01:22:17.3029061Z env:
2026-10-08T01:22:17.3029291Z   CARGO_TERM_COLOR: always
2026-10-08T01:22:17.3029665Z   CARGO_INCREMENTAL: 0
2026-10-08T01:22:17.3029921Z   CARGO_PROFILE_DEV_DEBUG: 0
2026-10-08T01:22:17.3030197Z   CARGO_PROFILE_TEST_DEBUG: 0
2026-10-08T01:22:17.3030456Z   RUSTUP_TOOLCHAIN: 1.98.1
2026-10-08T01:22:17.3030801Z   CONDUIT_CHECKOUT_SHA: 6a8575127f69ad2ddaca6c37ce0e0a720c07a772
2026-10-08T01:22:17.3031187Z   CARGO_HOME: /home/runner/.cargo
2026-10-08T01:22:17.3031456Z ##[endgroup]
2026-10-08T01:22:17.3304840Z ##[end-action id=__dtolnay_rust-toolchain.__run_8;outcome=success;conclusion=success;duration_ms=33]
2026-10-08T01:22:17.3307187Z ##[start-action display=Work around spurious network errors in curl 8.0;id=__dtolnay_rust-toolchain.__run_9]
2026-10-08T01:22:17.3824608Z ##[group]Run # https://rust-lang.zulipchat.com/#narrow/stream/246057-t-cargo/topic/timeout.20investigation
2026-10-08T01:22:17.3825627Z [36;1m# https://rust-lang.zulipchat.com/#narrow/stream/246057-t-cargo/topic/timeout.20investigation[0m
2026-10-08T01:22:17.3826458Z [36;1mif rustc +1.98.1 --version --verbose | grep -q '^release: 1\.7[01]\.'; then[0m
2026-10-08T01:22:17.3827030Z [36;1m  echo CARGO_HTTP_MULTIPLEXING=false >> $GITHUB_ENV[0m
2026-10-08T01:22:17.3827324Z [36;1mfi[0m
2026-10-08T01:22:17.3863279Z shell: /usr/bin/bash --noprofile --norc -e -o pipefail {0}
2026-10-08T01:22:17.3863618Z env:
2026-10-08T01:22:17.3863821Z   CARGO_TERM_COLOR: always
2026-10-08T01:22:17.3864045Z   CARGO_INCREMENTAL: 0
2026-10-08T01:22:17.3864265Z   CARGO_PROFILE_DEV_DEBUG: 0
2026-10-08T01:22:17.3864497Z   CARGO_PROFILE_TEST_DEBUG: 0
2026-10-08T01:22:17.3864727Z   RUSTUP_TOOLCHAIN: 1.98.1
2026-10-08T01:22:17.3865018Z   CONDUIT_CHECKOUT_SHA: 6a8575127f69ad2ddaca6c37ce0e0a720c07a772
2026-10-08T01:22:17.3865344Z   CARGO_HOME: /home/runner/.cargo
2026-10-08T01:22:17.3865572Z ##[endgroup]
2026-10-08T01:22:17.4367843Z ##[end-action id=__dtolnay_rust-toolchain.__run_9;outcome=success;conclusion=success;duration_ms=105]
2026-10-08T01:22:17.4371945Z ##[start-action display=rustc +1.98.1 --version --verbose;id=__dtolnay_rust-toolchain.__run_10]
2026-10-08T01:22:17.4738449Z ##[group]Run rustc +1.98.1 --version --verbose
2026-10-08T01:22:17.4738793Z [36;1mrustc +1.98.1 --version --verbose[0m
2026-10-08T01:22:17.4775746Z shell: /usr/bin/bash --noprofile --norc -e -o pipefail {0}
2026-10-08T01:22:17.4776077Z env:
2026-10-08T01:22:17.4776279Z   CARGO_TERM_COLOR: always
2026-10-08T01:22:17.4776508Z   CARGO_INCREMENTAL: 0
2026-10-08T01:22:17.4776724Z   CARGO_PROFILE_DEV_DEBUG: 0
2026-10-08T01:22:17.4776953Z   CARGO_PROFILE_TEST_DEBUG: 0
2026-10-08T01:22:17.4777181Z   RUSTUP_TOOLCHAIN: 1.98.1
2026-10-08T01:22:17.4777471Z   CONDUIT_CHECKOUT_SHA: 6a8575127f69ad2ddaca6c37ce0e0a720c07a772
2026-10-08T01:22:17.4777798Z   CARGO_HOME: /home/runner/.cargo
2026-10-08T01:22:17.4778027Z ##[endgroup]
2026-10-08T01:22:17.5581140Z rustc 1.98.1 (48a229cea 2026-09-01)
2026-10-08T01:22:17.5581837Z binary: rustc
2026-10-08T01:22:17.5582594Z commit-hash: 48a229ceaefd4985c50990b14116b6d856af0985
2026-10-08T01:22:17.5583559Z commit-date: 2026-09-01
2026-10-08T01:22:17.5584078Z host: x86_64-unknown-linux-gnu
2026-10-08T01:22:17.5584594Z release: 1.98.1
2026-10-08T01:22:17.5585116Z LLVM version: 22.1.8
2026-10-08T01:22:17.5598120Z ##[end-action id=__dtolnay_rust-toolchain.__run_10;outcome=success;conclusion=success;duration_ms=122]
2026-10-08T01:22:17.7103908Z ##[group]Run actions/setup-node@v7.0.0
2026-10-08T01:22:17.7104205Z with:
2026-10-08T01:22:17.7104415Z   node-version: 22
2026-10-08T01:22:17.7104635Z   check-latest: false
2026-10-08T01:22:17.7107212Z   token: ***
2026-10-08T01:22:17.7107450Z   package-manager-cache: true
2026-10-08T01:22:17.7107697Z env:
2026-10-08T01:22:17.7107901Z   CARGO_TERM_COLOR: always
2026-10-08T01:22:17.7108142Z   CARGO_INCREMENTAL: 0
2026-10-08T01:22:17.7108376Z   CARGO_PROFILE_DEV_DEBUG: 0
2026-10-08T01:22:17.7108626Z   CARGO_PROFILE_TEST_DEBUG: 0
2026-10-08T01:22:17.7108872Z   RUSTUP_TOOLCHAIN: 1.98.1
2026-10-08T01:22:17.7109291Z   CONDUIT_CHECKOUT_SHA: 6a8575127f69ad2ddaca6c37ce0e0a720c07a772
2026-10-08T01:22:17.7109628Z   CARGO_HOME: /home/runner/.cargo
2026-10-08T01:22:17.7109867Z ##[endgroup]
2026-10-08T01:22:17.9120899Z Found in cache @ /opt/hostedtoolcache/node/22.23.3/x64
2026-10-08T01:22:17.9122527Z ##[group]Environment details
2026-10-08T01:22:18.5492724Z node: v22.23.3
2026-10-08T01:22:18.5493442Z npm: 10.9.9
2026-10-08T01:22:18.5493709Z yarn: 1.22.22
2026-10-08T01:22:18.5494470Z ##[endgroup]
2026-10-08T01:22:18.5599185Z ##[group]Run cargo xtask ci pipeline setup-ci
2026-10-08T01:22:18.5599550Z [36;1mcargo xtask ci pipeline setup-ci[0m
2026-10-08T01:22:18.5646351Z shell: /usr/bin/bash -e {0}
2026-10-08T01:22:18.5646623Z env:
2026-10-08T01:22:18.5646833Z   CARGO_TERM_COLOR: always
2026-10-08T01:22:18.5647068Z   CARGO_INCREMENTAL: 0
2026-10-08T01:22:18.5647291Z   CARGO_PROFILE_DEV_DEBUG: 0
2026-10-08T01:22:18.5647521Z   CARGO_PROFILE_TEST_DEBUG: 0
2026-10-08T01:22:18.5647752Z   RUSTUP_TOOLCHAIN: 1.98.1
2026-10-08T01:22:18.5648072Z   CONDUIT_CHECKOUT_SHA: 6a8575127f69ad2ddaca6c37ce0e0a720c07a772
2026-10-08T01:22:18.5648406Z   CARGO_HOME: /home/runner/.cargo
2026-10-08T01:22:18.5648650Z ##[endgroup]
2026-10-08T01:22:18.6328380Z [1m[92m    Updating[0m crates.io index
2026-10-08T01:22:18.6329648Z [1m[92m    Updating[0m git repository `https://github.com/dancxjo/tongues.git`
2026-10-08T01:22:25.4247987Z [1m[92m Downloading[0m crates ...
2026-10-08T01:22:25.5023828Z [1m[92m  Downloaded[0m digest v0.10.7
2026-10-08T01:22:25.5042171Z [1m[92m  Downloaded[0m block-buffer v0.10.4
2026-10-08T01:22:25.5091375Z [1m[92m  Downloaded[0m cpufeatures v0.2.17
2026-10-08T01:22:25.5103101Z [1m[92m  Downloaded[0m crypto-common v0.1.7
2026-10-08T01:22:25.5119283Z [1m[92m  Downloaded[0m cfg-if v1.0.5
2026-10-08T01:22:25.5128958Z [1m[92m  Downloaded[0m serde_spanned v0.6.9
2026-10-08T01:22:25.5162355Z [1m[92m  Downloaded[0m generic-array v0.14.7
2026-10-08T01:22:25.5221423Z [1m[92m  Downloaded[0m itoa v1.0.18
2026-10-08T01:22:25.5239383Z [1m[92m  Downloaded[0m equivalent v1.0.2
2026-10-08T01:22:25.5256407Z [1m[92m  Downloaded[0m toml_datetime v0.6.11
2026-10-08T01:22:25.5272742Z [1m[92m  Downloaded[0m toml_write v0.1.2
2026-10-08T01:22:25.5289961Z [1m[92m  Downloaded[0m sha2 v0.10.9
2026-10-08T01:22:25.5351781Z [1m[92m  Downloaded[0m version_check v0.9.5
2026-10-08T01:22:25.5399931Z [1m[92m  Downloaded[0m quote v1.0.47
2026-10-08T01:22:25.5498317Z [1m[92m  Downloaded[0m toml v0.8.23
2026-10-08T01:22:25.5533938Z [1m[92m  Downloaded[0m zmij v1.0.23
2026-10-08T01:22:25.5621092Z [1m[92m  Downloaded[0m unicode-ident v1.0.26
2026-10-08T01:22:25.5705970Z [1m[92m  Downloaded[0m serde_core v1.0.229
2026-10-08T01:22:25.5725615Z [1m[92m  Downloaded[0m serde_derive v1.0.229
2026-10-08T01:22:25.5744835Z [1m[92m  Downloaded[0m proc-macro2 v1.0.107
2026-10-08T01:22:25.5764086Z [1m[92m  Downloaded[0m toml_edit v0.22.27
2026-10-08T01:22:25.5793710Z [1m[92m  Downloaded[0m serde v1.0.229
2026-10-08T01:22:25.5816524Z [1m[92m  Downloaded[0m memchr v2.8.3
2026-10-08T01:22:25.5851453Z [1m[92m  Downloaded[0m serde_json v1.0.151
2026-10-08T01:22:25.5905249Z [1m[92m  Downloaded[0m indexmap v2.14.2
2026-10-08T01:22:25.5932246Z [1m[92m  Downloaded[0m typenum v1.20.1
2026-10-08T01:22:25.5955758Z [1m[92m  Downloaded[0m hashbrown v0.17.1
2026-10-08T01:22:25.5991294Z [1m[92m  Downloaded[0m winnow v0.7.15
2026-10-08T01:22:25.6048781Z [1m[92m  Downloaded[0m syn v3.0.6
2026-10-08T01:22:25.6347274Z [1m[92m   Compiling[0m proc-macro2 v1.0.107
2026-10-08T01:22:25.6347941Z [1m[92m   Compiling[0m quote v1.0.47
2026-10-08T01:22:25.6364272Z [1m[92m   Compiling[0m unicode-ident v1.0.26
2026-10-08T01:22:25.6379050Z [1m[92m   Compiling[0m serde_core v1.0.229
2026-10-08T01:22:25.7059142Z [1m[92m   Compiling[0m version_check v0.9.5
2026-10-08T01:22:25.8736606Z [1m[92m   Compiling[0m generic-array v0.14.7
2026-10-08T01:22:25.9030335Z [1m[92m   Compiling[0m serde v1.0.229
2026-10-08T01:22:25.9590065Z [1m[92m   Compiling[0m typenum v1.20.1
2026-10-08T01:22:26.0694722Z [1m[92m   Compiling[0m hashbrown v0.17.1
2026-10-08T01:22:26.5751085Z [1m[92m   Compiling[0m zmij v1.0.23
2026-10-08T01:22:26.6837948Z [1m[92m   Compiling[0m syn v3.0.6
2026-10-08T01:22:26.6984720Z [1m[92m   Compiling[0m equivalent v1.0.2
2026-10-08T01:22:26.7254943Z [1m[92m   Compiling[0m indexmap v2.14.2
2026-10-08T01:22:27.0274900Z [1m[92m   Compiling[0m block-buffer v0.10.4
2026-10-08T01:22:27.1045914Z [1m[92m   Compiling[0m crypto-common v0.1.7
2026-10-08T01:22:27.1824902Z [1m[92m   Compiling[0m winnow v0.7.15
2026-10-08T01:22:27.3264818Z [1m[92m   Compiling[0m toml_write v0.1.2
2026-10-08T01:22:27.4469236Z [1m[92m   Compiling[0m serde_json v1.0.151
2026-10-08T01:22:27.7615183Z [1m[92m   Compiling[0m digest v0.10.7
2026-10-08T01:22:27.8802918Z [1m[92m   Compiling[0m cpufeatures v0.2.17
2026-10-08T01:22:27.8915252Z [1m[92m   Compiling[0m itoa v1.0.18
2026-10-08T01:22:27.9128526Z [1m[92m   Compiling[0m cfg-if v1.0.5
2026-10-08T01:22:27.9405003Z [1m[92m   Compiling[0m memchr v2.8.3
2026-10-08T01:22:28.0014914Z [1m[92m   Compiling[0m sha2 v0.10.9
2026-10-08T01:22:28.6812287Z [1m[92m   Compiling[0m serde_derive v1.0.229
2026-10-08T01:22:30.3536507Z [1m[92m   Compiling[0m toml_datetime v0.6.11
2026-10-08T01:22:30.3545136Z [1m[92m   Compiling[0m serde_spanned v0.6.9
2026-10-08T01:22:30.4638583Z [1m[92m   Compiling[0m toml_edit v0.22.27
2026-10-08T01:22:31.5711866Z [1m[92m   Compiling[0m toml v0.8.23
2026-10-08T01:22:32.0195516Z [1m[92m   Compiling[0m conduit-xtask-dispatch v0.1.0 (/home/runner/work/conduit/conduit/tools/xtask-dispatch)
2026-10-08T01:22:32.5967519Z [1m[92m    Finished[0m `dev` profile [unoptimized] target(s) in 14.01s
2026-10-08T01:22:32.6492159Z [1m[92m     Running[0m `target/debug/conduit-xtask-dispatch ci pipeline setup-ci`
2026-10-08T01:22:33.0142619Z > tar -xOf /home/runner/.cache/conduit-ci/actionlint/1.7.7/actionlint_1.7.7_linux_amd64.tar.gz actionlint
2026-10-08T01:22:33.0618066Z > /home/runner/.cache/conduit-ci/actionlint/1.7.7/actionlint -version
2026-10-08T01:22:33.1259443Z Acquisition preflight: success in 369 ms; report target/acquisition/preflight.json
2026-10-08T01:22:33.1427435Z ##[group]Run cargo xtask ci pipeline scan "$BASE" "$SHA"
2026-10-08T01:22:33.1427812Z [36;1mcargo xtask ci pipeline scan "$BASE" "$SHA"[0m
2026-10-08T01:22:33.1467588Z shell: /usr/bin/bash -e {0}
2026-10-08T01:22:33.1467855Z env:
2026-10-08T01:22:33.1468055Z   CARGO_TERM_COLOR: always
2026-10-08T01:22:33.1468286Z   CARGO_INCREMENTAL: 0
2026-10-08T01:22:33.1468510Z   CARGO_PROFILE_DEV_DEBUG: 0
2026-10-08T01:22:33.1468737Z   CARGO_PROFILE_TEST_DEBUG: 0
2026-10-08T01:22:33.1468977Z   RUSTUP_TOOLCHAIN: 1.98.1
2026-10-08T01:22:33.1469271Z   CONDUIT_CHECKOUT_SHA: 6a8575127f69ad2ddaca6c37ce0e0a720c07a772
2026-10-08T01:22:33.1470079Z   CARGO_HOME: /home/runner/.cargo
2026-10-08T01:22:33.1470353Z   BASE: 5be5340248af5e82a4b5d54410f4ef745afdfa7c
2026-10-08T01:22:33.1470667Z   SHA: 6a8575127f69ad2ddaca6c37ce0e0a720c07a772
2026-10-08T01:22:33.1470936Z ##[endgroup]
2026-10-08T01:22:33.2756905Z [1m[92m    Finished[0m `dev` profile [unoptimized] target(s) in 0.11s
2026-10-08T01:22:33.2786026Z [1m[92m     Running[0m `target/debug/conduit-xtask-dispatch ci pipeline scan 5be5340248af5e82a4b5d54410f4ef745afdfa7c 6a8575127f69ad2ddaca6c37ce0e0a720c07a772`
2026-10-08T01:22:33.3265181Z docs-only=false
2026-10-08T01:22:33.3267537Z unit-matrix={"shard":["foundation","hosts-std","hosts-browser","hosts-conduitos","hosts-workbench","products","lint"]}
2026-10-08T01:22:33.3268356Z conduitos-proof=true
2026-10-08T01:22:33.3274778Z matrix={"include":[{"id":"browser","family":"browser","runner":"ubuntu-24.04","proofClass":"browser"},{"id":"hosted-linux","family":"hosted","runner":"ubuntu-24.04","proofClass":"executable"},{"id":"hosted-windows","family":"hosted","runner":"windows-2025","proofClass":"executable"},{"id":"hosted-macos","family":"hosted","runner":"macos-15","proofClass":"executable"},{"id":"conduitos-x86_64","family":"conduitos","runner":"ubuntu-24.04","proofClass":"emulator"},{"id":"conduitos-aarch64","family":"conduitos","runner":"ubuntu-24.04","proofClass":"emulator"},{"id":"conduitos-ia32","family":"conduitos","runner":"ubuntu-24.04","proofClass":"emulator"},{"id":"conduitos-riscv64","family":"conduitos","runner":"ubuntu-24.04","proofClass":"emulator"},{"id":"conduitos-loongarch64","family":"conduitos","runner":"ubuntu-26.04","proofClass":"emulator"},{"id":"esp32-c3","family":"esp32","runner":"ubuntu-24.04","proofClass":"build"},{"id":"esp32-s3","family":"esp32","runner":"ubuntu-24.04","proofClass":"build"},{"id":"esp32-wroom","family":"esp32","runner":"ubuntu-24.04","proofClass":"build"},{"id":"avr","family":"avr","runner":"ubuntu-24.04","proofClass":"build"},{"id":"raspberry-pi","family":"raspberry-pi","runner":"ubuntu-24.04","proofClass":"build"},{"id":"orange-pi","family":"orange-pi","runner":"ubuntu-24.04","proofClass":"build"},{"id":"rp2040","family":"rp2040","runner":"ubuntu-24.04","proofClass":"build"}]}
2026-10-08T01:22:33.3280580Z sha=6a8575127f69ad2ddaca6c37ce0e0a720c07a772
2026-10-08T01:22:33.3335205Z ##[group]Run cargo xtask ci pipeline preflight "${BASE/all/$SHA}"
2026-10-08T01:22:33.3335672Z [36;1mcargo xtask ci pipeline preflight "${BASE/all/$SHA}"[0m
2026-10-08T01:22:33.3375879Z shell: /usr/bin/bash -e {0}
2026-10-08T01:22:33.3376150Z env:
2026-10-08T01:22:33.3376359Z   CARGO_TERM_COLOR: always
2026-10-08T01:22:33.3376593Z   CARGO_INCREMENTAL: 0
2026-10-08T01:22:33.3376815Z   CARGO_PROFILE_DEV_DEBUG: 0
2026-10-08T01:22:33.3377048Z   CARGO_PROFILE_TEST_DEBUG: 0
2026-10-08T01:22:33.3377286Z   RUSTUP_TOOLCHAIN: 1.98.1
2026-10-08T01:22:33.3377585Z   CONDUIT_CHECKOUT_SHA: 6a8575127f69ad2ddaca6c37ce0e0a720c07a772
2026-10-08T01:22:33.3377920Z   CARGO_HOME: /home/runner/.cargo
2026-10-08T01:22:33.3378186Z   BASE: 5be5340248af5e82a4b5d54410f4ef745afdfa7c
2026-10-08T01:22:33.3378492Z   SHA: 6a8575127f69ad2ddaca6c37ce0e0a720c07a772
2026-10-08T01:22:33.3378778Z ##[endgroup]
2026-10-08T01:22:33.4686366Z [1m[92m    Finished[0m `dev` profile [unoptimized] target(s) in 0.11s
2026-10-08T01:22:33.4715035Z [1m[92m     Running[0m `target/debug/conduit-xtask-dispatch ci pipeline preflight 5be5340248af5e82a4b5d54410f4ef745afdfa7c`
2026-10-08T01:22:33.5387039Z targets/conduitos/proof/tools/loongarch64/qemu-misc-drdtl.patch:25: trailing whitespace.
2026-10-08T01:22:33.5387755Z + 
2026-10-08T01:22:33.5388412Z targets/conduitos/proof/tools/loongarch64/qemu-misc-drdtl.patch:49: trailing whitespace.
2026-10-08T01:22:33.5389041Z + 
2026-10-08T01:22:33.5389557Z targets/conduitos/proof/tools/loongarch64/qemu-nonfault-badi.patch:13: trailing whitespace.
2026-10-08T01:22:33.5389972Z + 
2026-10-08T01:22:33.5390386Z targets/conduitos/proof/tools/loongarch64/qemu-nonfault-badi.patch:30: trailing whitespace.
2026-10-08T01:22:33.5390772Z + 
2026-10-08T01:22:33.5397702Z FAILED: pipeline/preflight: git diff --check 5be5340248af5e82a4b5d54410f4ef745afdfa7c HEAD failed: 2
2026-10-08T01:22:33.5435284Z xtask error: pipeline failed: exit status: 1
2026-10-08T01:22:33.5451393Z ##[error]Process completed with exit code 1.
2026-10-08T01:22:33.5518366Z ##[group]Run actions/upload-artifact@v7.0.1
2026-10-08T01:22:33.5518672Z with:
2026-10-08T01:22:33.5518902Z   name: acquisition-preflight
2026-10-08T01:22:33.5519177Z   path: target/acquisition/preflight.json
2026-10-08T01:22:33.5519460Z   if-no-files-found: warn
2026-10-08T01:22:33.5519702Z   retention-days: 14
2026-10-08T01:22:33.5519919Z   compression-level: 6
2026-10-08T01:22:33.5520137Z   overwrite: false
2026-10-08T01:22:33.5520354Z   include-hidden-files: false
2026-10-08T01:22:33.5520593Z   archive: true
2026-10-08T01:22:33.5520789Z env:
2026-10-08T01:22:33.5520985Z   CARGO_TERM_COLOR: always
2026-10-08T01:22:33.5521215Z   CARGO_INCREMENTAL: 0
2026-10-08T01:22:33.5521445Z   CARGO_PROFILE_DEV_DEBUG: 0
2026-10-08T01:22:33.5521682Z   CARGO_PROFILE_TEST_DEBUG: 0
2026-10-08T01:22:33.5521918Z   RUSTUP_TOOLCHAIN: 1.98.1
2026-10-08T01:22:33.5522331Z   CONDUIT_CHECKOUT_SHA: 6a8575127f69ad2ddaca6c37ce0e0a720c07a772
2026-10-08T01:22:33.5522673Z   CARGO_HOME: /home/runner/.cargo
2026-10-08T01:22:33.5522965Z ##[endgroup]
2026-10-08T01:22:33.6898519Z With the provided path, there will be 1 file uploaded
2026-10-08T01:22:33.6902909Z Artifact name is valid!
2026-10-08T01:22:33.6903631Z Root directory input is valid!
2026-10-08T01:22:33.9447762Z Uploading artifact: acquisition-preflight.zip
2026-10-08T01:22:33.9486727Z Beginning upload of artifact content to blob storage
2026-10-08T01:22:34.1274801Z Uploaded bytes 960
2026-10-08T01:22:34.1688734Z Finished uploading artifact content to blob storage!
2026-10-08T01:22:34.1689893Z SHA256 digest of uploaded artifact is c6360ee15c73b9c2c917c3a34eaf7ea71ea5064dd2bfc1a962cf880a8bc6fee5
2026-10-08T01:22:34.1690502Z Finalizing artifact upload
2026-10-08T01:22:34.4956809Z Artifact acquisition-preflight successfully finalized. Artifact ID 11522143793
2026-10-08T01:22:34.4957974Z Artifact acquisition-preflight has been successfully uploaded! Final size is 960 bytes. Artifact ID is 11522143793
2026-10-08T01:22:34.4960300Z Artifact download URL: https://github.com/dancxjo/conduit/actions/runs/37712543338/artifacts/11522143793
2026-10-08T01:22:34.5113537Z Post job cleanup.
2026-10-08T01:22:34.5872264Z [command]/usr/bin/git version
2026-10-08T01:22:34.5905034Z git version 2.55.0
2026-10-08T01:22:34.5933299Z Temporarily overriding HOME='/home/runner/work/_temp/632a7122-2688-47cd-a0d9-196f5e74a95f' before making global git config changes
2026-10-08T01:22:34.5934081Z Adding repository directory to the temporary git global config as a safe directory
2026-10-08T01:22:34.5938907Z [command]/usr/bin/git config --global --add safe.directory /home/runner/work/conduit/conduit
2026-10-08T01:22:34.5965046Z Removing SSH command configuration
2026-10-08T01:22:34.5971960Z [command]/usr/bin/git config --local --name-only --get-regexp core\.sshCommand
2026-10-08T01:22:34.6000693Z [command]/usr/bin/git submodule foreach --recursive sh -c "git config --local --name-only --get-regexp 'core\.sshCommand' && git config --local --unset-all 'core.sshCommand' || :"
2026-10-08T01:22:34.6195603Z Removing HTTP extra header
2026-10-08T01:22:34.6201092Z [command]/usr/bin/git config --local --name-only --get-regexp http\.https\:\/\/github\.com\/\.extraheader
2026-10-08T01:22:34.6228445Z [command]/usr/bin/git submodule foreach --recursive sh -c "git config --local --name-only --get-regexp 'http\.https\:\/\/github\.com\/\.extraheader' && git config --local --unset-all 'http.https://github.com/.extraheader' || :"
2026-10-08T01:22:34.6406736Z Removing includeIf entries pointing to credentials config files
2026-10-08T01:22:34.6412410Z [command]/usr/bin/git config --local --name-only --get-regexp ^includeIf\.gitdir:
2026-10-08T01:22:34.6438573Z [command]/usr/bin/git submodule foreach --recursive git config --local --show-origin --name-only --get-regexp remote.origin.url
2026-10-08T01:22:34.6735141Z Evaluate and set job outputs
2026-10-08T01:22:34.6744136Z Set output 'matrix'
2026-10-08T01:22:34.6745950Z Set output 'unit-matrix'
2026-10-08T01:22:34.6746646Z Set output 'conduitos-proof'
2026-10-08T01:22:34.6747010Z Set output 'docs-only'
2026-10-08T01:22:34.6747587Z Cleaning up orphan processes
